stake_address,total_output_rows,current_utxos,current_ada,first_received_time,last_received_time,last_outgoing_time,stake_key_registered,pool_delegation_certs,current_pool_bech32,latest_pool_cert_time,latest_pool_active_epoch,drep_delegation_certs,current_drep,latest_drep_cert_time,rewards_earned_ada,last_reward_spendable_epoch,withdrawal_count,rewards_withdrawn_ada,last_withdrawal_time,rewards_unclaimed_ada,behavior_class,root_combo,dormant_years,never_spent,principal_static,keys_alive_recent_cert,recently_active,rewards_never_withdrawn,institutional_passivity,batch_operated,currently_holding,custody_pattern,fe_control_consistency
stake1u9eacqarqgnjvqkr6wk9843mpr49jx8zeuzg4k4tpt9p08grvhlmc,4944,1492,213852164.891786,2024-10-14 02:20:56,2026-07-03 12:11:16,2026-07-03 02:01:00,f,0,,,,0,,,0.000000,,0,0.000000,,0.000000,,,0.00,False,False,False,True,False,False,False,True,ACTIVE_MANAGED,LOW
stake1u9s7k7smn9g9jd76z2gyt07q9zyqamly2m2vazxe08gqc0g5q8tak,1146,579,52073018.876732,2023-08-31 05:33:53,2026-07-03 02:01:00,2026-06-30 03:01:10,t,1,pool10d6mmw3mn9ku3r7uqqye672dz3sv76lh5kvh5rdpr9l5ug5yknr,2023-09-04 22:24:16,436,2,drep_always_abstain,2025-02-04 01:55:54,2761977.550970,641,132,2746300.333056,2026-06-30 03:01:10,15677.217914,,,0.01,False,False,True,True,False,False,False,True,ACTIVE_MANAGED,MEDIUM
stake1uyv7u4rpvcv5vpv03ugf6rr8ydt3qyjy682xfkzs4snyqss7zayjf,54,35,35000002.396360,2022-01-27 15:40:33,2025-04-07 13:11:16,2025-03-19 00:10:21,t,1,pool1njjr0zn7uvydjy8067nprgwlyxqnznp9wgllfnag24nycgkda25,2022-03-21 17:30:06,329,1,drep_always_abstain,2025-02-09 18:54:09,4080476.399307,641,307,4070788.346241,2026-06-29 00:24:05,9688.053066,,,1.29,False,False,True,False,False,False,False,True,MIXED,MEDIUM
stake1u84u9k7yjnujla4stf25q23r0tcxyj0stmzadwam4k98g3s0euwyc,12,10,35000000.000000,2022-01-27 15:40:53,2023-10-03 12:01:02,2022-10-04 22:30:38,t,1,pool1vcwsfldh4gkzga4mc6p86y0vytkqfm9e2dy44hs00v34yeqnfaf,2022-03-21 17:07:58,329,1,drep_always_abstain,2025-02-09 19:57:02,4116260.637472,641,307,4106151.495446,2026-06-29 00:41:55,10109.142026,,,3.74,False,True,True,False,False,False,False,True,CERT_ACTIVE_PRINCIPAL_STATIC,MEDIUM
stake1u88zeazj5xy8uamz47rqswpjvn9zmsyg78ahklfmku2k35g2qlaaj,71,45,35000000.000000,2022-01-28 17:24:46,2025-12-17 12:00:49,2025-12-16 12:01:16,t,1,pool16e43yxx4djcvnsunwgrm8tnph0ljrt3p9tnezu3qvtcwzh4zwwa,2022-03-21 18:50:07,329,1,drep_always_abstain,2025-02-10 02:00:16,3912362.793218,641,308,3902103.269917,2026-06-29 00:34:13,10259.523301,,,0.55,False,False,True,False,False,False,False,True,MIXED,MEDIUM
stake1u8yr90g09a2znm4ylaspctgyteuslnrfn6flnntxkka2ysgy2750z,124,72,35000000.000000,2022-01-28 17:07:20,2026-07-01 20:01:40,2026-07-01 12:01:06,t,1,pool1xed948ze4guhrkt9zxjmecjvgkvgf8gd8skkzgtacz6gsyk9m5c,2022-03-21 17:58:39,329,1,drep_always_abstain,2025-02-10 03:27:40,4042218.540674,641,307,4034815.805565,2026-06-29 00:01:03,7402.735109,,,0.01,False,False,True,True,False,False,False,True,ACTIVE_MANAGED,MEDIUM
stake1u90k27vvycsnksgwrslmqryqyweh79r3zcp5hh2t92n65mgkqezp5,25,11,35000000.000000,2022-01-28 17:08:45,2026-03-30 20:00:50,2026-03-29 20:01:07,t,1,pool18gsrasdghtjsnzlf20pht85l4epwag74w9pfx5qvdvcpxw68sl6,2022-03-21 18:41:57,329,1,drep_always_abstain,2025-02-09 21:40:23,3925098.165856,641,307,3914286.200464,2026-06-29 00:33:19,10811.965392,,,0.26,False,False,True,True,False,False,False,True,ACTIVE_MANAGED,MEDIUM
stake1u970ch6knl4j2wl4whfkrfdv5uj9u2uwemtnzdfhhzvv7ag7tcnr4,21,15,35000000.000000,2022-01-28 17:07:45,2025-11-20 12:00:37,2025-11-19 20:01:09,t,1,pool17arsgklktp9sayk5kzaakwvl3jwyczp07guux2yd0upgqh04qjl,2022-03-21 18:14:02,329,1,drep_always_abstain,2025-02-09 20:21:40,4067886.144911,641,308,4055628.775492,2026-06-29 00:25:03,12257.369419,,,0.62,False,False,True,False,False,False,False,True,MIXED,MEDIUM
stake1u9j7tecyajslj3lk9pmnrd9456fpfdsnqufpd6vmnwqzg2qkzjl27,39,19,35000000.000000,2022-01-28 17:23:12,2023-11-06 20:01:20,2023-09-18 16:50:28,t,1,pool17arsgklktp9sayk5kzaakwvl3jwyczp07guux2yd0upgqh04qjl,2022-03-21 18:06:42,329,1,drep_always_abstain,2025-02-09 21:59:32,3920226.699745,641,308,3907969.330326,2026-06-29 00:22:35,12257.369419,,,2.79,False,True,True,False,False,False,False,True,CERT_ACTIVE_PRINCIPAL_STATIC,MEDIUM
stake1u9ku4ja8eeens3hxmq26f53v6ujlymz6apyyfhm9g5rpvvqtur40t,18,14,35000000.000000,2022-01-31 11:32:55,2023-10-02 12:01:05,2023-01-24 21:50:39,t,1,pool1fl20ddkpvnstlx63fal6e3ku46r76nk2s4mqtk5jnyxn2vt7hg6,2022-03-21 19:35:47,329,1,drep_always_abstain,2025-02-09 21:23:05,4116793.910721,641,307,4106751.236582,2026-06-29 00:13:14,10042.674139,,,3.44,False,True,True,False,False,False,False,True,CERT_ACTIVE_PRINCIPAL_STATIC,MEDIUM
stake1u9q6nedpj7kt7pm9sxgtu4sq37jgxk0lyfvs4wvdvz0tm2czk759g,33,26,35000000.000000,2022-01-27 15:40:31,2025-02-16 12:10:11,2025-02-15 12:10:10,t,1,pool1vcwsfldh4gkzga4mc6p86y0vytkqfm9e2dy44hs00v34yeqnfaf,2022-03-21 17:07:35,329,1,drep_always_abstain,2025-02-09 19:20:34,4119518.018733,641,307,4109408.876707,2026-06-29 00:26:06,10109.142026,,,1.38,False,False,True,False,False,False,False,True,MIXED,MEDIUM
stake1u9xs3xep7gyjxpxrfv0el7xm2gctntk88ax789zcrlwue3c2xzevu,82,57,35000000.000000,2022-01-27 15:40:59,2023-10-16 12:01:02,2023-06-13 00:40:53,t,1,pool1sdare7xfd6tmak8ghek7kwgpgj6xzu0reppmw4t46rmcs0h6vr2,2022-03-21 17:43:08,329,1,drep_always_abstain,2025-02-09 20:52:12,3955199.599560,641,307,3946086.701120,2026-06-29 00:29:06,9112.898440,,,3.06,False,True,True,False,False,False,False,True,CERT_ACTIVE_PRINCIPAL_STATIC,MEDIUM
stake1ux47d7aa3l8vk2pf0v6jlj39t00y7lagf68pewgw2cxkcasfmqr5h,23,10,35000000.000000,2022-01-31 11:38:37,2023-09-28 08:43:44,2023-09-25 16:13:30,t,1,pool1j276s043qh2knv3ukmap6sra6sk7p5khuetzwx9h43wqydzsx8c,2022-03-21 19:12:37,329,1,drep_always_abstain,2025-02-10 03:23:20,3914661.797155,641,307,3902174.898319,2026-06-29 01:09:40,12486.898836,,,2.77,False,True,True,False,False,False,False,True,CERT_ACTIVE_PRINCIPAL_STATIC,MEDIUM
stake1uxasl8h59m07npqm2fvf7jnfh4etfpufxnpr3d7wzx2nuzqfvwhyv,35,12,35000000.000000,2022-01-28 17:08:39,2023-09-27 21:18:08,2023-09-20 14:10:56,t,1,pool1fqas6yd8n3fdpz8e869qjvyensdmzletqjexcut8mxasu2sk72r,2022-03-21 18:15:15,329,1,drep_always_abstain,2025-02-09 21:16:32,3963492.562475,641,309,3953236.992281,2026-06-29 00:02:08,10255.570194,,,2.78,False,True,True,False,False,False,False,True,CERT_ACTIVE_PRINCIPAL_STATIC,MEDIUM
stake1uyclu4dwn93kvnn786x35efaj5nnfa05dd6w92fjgn6nwxcdg7hpg,32,16,35000000.000000,2022-01-31 11:41:47,2023-09-28 08:43:50,2023-09-14 15:30:28,t,1,pool1xucruwwxsym3u9v0m4ex3az5d4vpz9xu877vsl9udpt0q237e9m,2022-03-21 19:49:44,329,1,drep_always_abstain,2025-02-09 20:52:57,3946515.449134,641,307,3937684.118862,2026-06-29 01:04:05,8831.330272,,,2.80,False,True,True,False,False,False,False,True,CERT_ACTIVE_PRINCIPAL_STATIC,MEDIUM
stake1uylhqtxx5ng4tawhcs9n7jgls0mm3q7ely5r565mdz2upqqw8f05q,11,8,35000000.000000,2022-01-28 17:07:45,2023-10-04 12:01:33,2023-03-20 18:10:13,t,1,pool1fqas6yd8n3fdpz8e869qjvyensdmzletqjexcut8mxasu2sk72r,2022-03-21 18:15:15,329,1,drep_always_abstain,2025-02-09 21:53:57,4071526.470097,641,307,4061270.899903,2026-06-29 00:38:36,10255.570194,,,3.29,False,True,True,False,False,False,False,True,CERT_ACTIVE_PRINCIPAL_STATIC,MEDIUM
stake1u8rv5agjv68qfv79qkh75erj9399j9235pqzadl5jtknxhqzqwsgu,21304,13473,26992201.506296,2025-08-12 09:29:20,2026-07-03 14:54:24,2026-07-01 21:38:31,f,0,,,,0,,,0.000000,,0,0.000000,,0.000000,coordinated_like,emurgo+iog,0.00,False,False,False,True,False,False,False,True,ACTIVE_MANAGED,LOW
stake1u8u2fpz48zdhlcewcz8f637zt84hc5896v8unfxe60vl37cvec0me,64,19,19579992.503596,2023-02-24 07:34:18,2026-06-26 08:33:09,2026-04-15 06:58:27,f,0,,,,0,,,0.000000,,0,0.000000,,0.000000,,,0.22,False,False,False,True,False,False,False,True,ACTIVE_MANAGED,LOW
stake1u9znmqtlg2uezpk35ack436jpvgmjwq4ywyd7s2g8ys2h2cwhn0tt,5,2,14163156.640266,2025-09-02 17:48:54,2025-09-02 18:40:54,2025-09-02 18:40:54,t,1,pool1uthdnav2zc2hxpg2hyeyy545lnxtl8lqdcdqxjm0j8t5srmyvzj,2025-09-02 18:40:54,582,1,drep_always_abstain,2025-09-02 18:40:54,230793.187598,641,0,0.000000,,230793.187598,,,0.83,False,False,True,False,True,True,False,True,MIXED,MEDIUM
stake1uyu2rg8sul0wkuzmlxhfp03jnkdy7f6kqk4khdjn2xz6czglgfa0n,34,13,14062357.641613,2020-08-16 06:01:08,2024-03-30 05:38:35,2024-03-30 05:38:35,f,0,,,,0,,,0.000000,,0,0.000000,,0.000000,,,2.26,False,True,False,False,False,False,False,True,DORMANT_2Y_PLUS,LOW
stake1uykwh9nr9chunw8uxxz2gcwth9v4r520a4gs9h6fjn8h84g6geqg3,60,22,13636389.738626,2020-08-12 04:44:51,2025-05-16 03:55:16,2025-03-03 00:32:24,t,6,pool153sc4fct34a680nyfj4084w8dpax6c0zt0js8zqvg3sj7wtk486,2025-01-19 03:54:44,536,0,,,2631764.387830,641,3,1389783.986471,2022-12-27 09:25:38,1241980.401359,,,1.33,False,False,True,False,False,False,False,True,MIXED,MEDIUM
stake1u8pa4kvumn4429t96wunfhynfxxg5hlphnlcclk6v0sew4sl6007x,87,26,10764190.620410,2021-02-03 15:19:51,2026-06-16 08:54:30,2026-06-16 08:54:30,t,4,pool1ue4ngerz28nkpstsr5p53qvl5ulq3jtmllj4my0d0n28yyrn4l4,2021-02-16 15:30:24,250,2,drep1djhscd8wt6zxmfnedk4nm7zu79z4fvzswaffkmznwnac76chsvu,2025-01-23 17:49:40,1563550.024490,641,49,1550197.249244,2026-06-16 08:54:30,13352.775246,,,0.05,False,False,True,True,False,False,False,True,ACTIVE_MANAGED,MEDIUM
stake1u8kc7tgt8utvt6483qm0rjnfd6fv9qa0e8wnzutz7fpeqacxx5qk6,2,2,10000000.000000,2025-11-13 13:34:57,2025-11-13 13:57:43,,f,0,,,,0,,,0.000000,,0,0.000000,,0.000000,,,0.64,True,True,False,False,False,False,False,True,NEVER_SPENT_COLD,LOW
stake1uxczv25mlga4mfeydgke9vxl2j05ea679e34czl2kf4ahpsf5lps6,90,4,6145972.863496,2023-08-04 13:20:01,2026-06-08 18:46:10,2026-06-06 06:42:29,f,0,,,,0,,,0.000000,,0,0.000000,,0.000000,,,0.07,False,False,False,True,False,False,False,True,ACTIVE_MANAGED,LOW
stake1u98ukwzaxqk95amymc0mh6qnpej5v2yq85x2dfwak8avhkcxrse3k,10,4,5212842.473623,2020-09-15 14:23:53,2021-05-28 07:55:21,2021-05-23 13:46:58,t,1,pool1mqy259k253xryf4hvdq0n72n2uvadcgp34r0fxwpqzm0z5n0qp6,2021-01-17 11:25:19,244,0,,,993904.733657,641,1,123235.249054,2021-05-23 12:21:47,870669.484603,,,5.11,False,True,False,False,False,False,False,True,DORMANT_2Y_PLUS,LOW
stake1u8swxy6ryxk8l9v3s7j0et8gv9lym3r8y79sqk56w6d0tcgul3ltm,16,14,3486181.697599,2021-01-07 00:08:58,2021-03-07 19:54:35,2021-03-07 19:54:35,t,1,pool1fqwnqk3phwa2s5thgym8dw34pv0z67m526uqprnjh93cvzxymef,2021-01-07 00:53:33,242,0,,,661880.773998,641,1,17992.466810,2021-03-07 19:54:35,643888.307188,,,5.32,False,True,False,False,False,False,False,True,DORMANT_2Y_PLUS,LOW
stake1u8dy94mce0jmy9v3q7zagz4xy38hyfql2zdy4f8xu5gwrfglswc0j,26,15,2299512.039003,2025-05-08 17:04:33,2026-05-29 11:11:00,2026-02-02 09:39:48,t,2,pool1lu2luhmkyayq9njh848kfknn6evwzmn3gzsxar7z3sttg7grxcm,2025-08-14 07:31:08,578,1,drep_always_abstain,2025-07-29 10:14:05,41331.880558,641,4,21268.625262,2026-02-02 09:26:29,20063.255296,,,0.41,False,False,True,True,False,False,False,True,ACTIVE_MANAGED,MEDIUM
stake1u8w3cuykhga4syrxhdhpx73ev37gxqsdec26xqz43eyvacsa05r7u,8,8,2001903.260694,2021-03-18 14:14:18,2021-09-26 16:46:05,,f,0,,,,0,,,0.000000,,0,0.000000,,0.000000,,,5.29,True,True,False,False,False,False,False,True,NEVER_SPENT_COLD,LOW
stake1u8fq2f83t9npzqh6ujqycy0l23gwryu77d08re8thqkp24s8nx20u,5,3,2000005.062961,2021-03-17 10:40:04,2021-03-28 05:03:14,2021-03-17 11:11:10,t,1,pool1grgycym8cf0xmgjjr7gx7udmkpu93hqaygysy5myx6ghx8dvl5r,2021-03-17 11:11:10,256,0,,,369009.285326,641,0,0.000000,,369009.285326,,,5.30,False,True,False,False,True,True,False,True,DORMANT_2Y_PLUS,MEDIUM
stake1uy43hz64tjh60dw3gz8j6xdd5959u62etjlanp599y7f66qvt6hrh,24,12,1737771.209752,2020-12-27 02:08:53,2025-09-10 16:32:20,2025-09-10 16:32:20,t,2,pool1wyfau3rlkckr3clr4mkyxn9vdlrkup0fj7uyyflfccmms24gm3a,2021-11-18 09:22:27,305,1,drep_always_abstain,2025-09-10 16:31:39,441611.709451,641,5,419459.683499,2025-09-10 16:32:20,22152.025952,,,0.81,False,False,True,False,False,False,False,True,MIXED,MEDIUM
stake1uxycx5f9czkftu3tut497egyxec057jn0au5z8gr3yu3lssd05nc3,130,76,1668140.306304,2020-08-12 03:44:51,2026-01-30 23:06:44,2026-01-30 23:06:44,t,11,pool189lsf6c2upyhmrzddyvyfjxxkqnte9pw8aqx7f4cuf85sjxlm02,2021-11-27 15:39:44,307,1,drep_always_abstain,2024-12-23 19:04:26,301496.619977,641,11,286115.659110,2026-01-30 23:06:44,15380.960867,,,0.42,False,False,True,True,False,False,False,True,ACTIVE_MANAGED,MEDIUM
stake1u8dhjv99hqdx0um4r35nm385tg87x0wzl9jjz933yy2ct9snkruet,16,13,1665662.127320,2021-02-02 20:47:21,2021-06-07 20:29:28,2021-02-24 22:09:57,t,2,pool1xxhs2zw5xa4g54d5p62j46nlqzwp8jklqvuv2agjlapwjx9qkg9,2021-02-24 22:09:57,252,0,,,301575.342475,641,0,0.000000,,301575.342475,coordinated_like,emurgo+iog,5.35,False,True,False,False,True,True,False,True,DORMANT_2Y_PLUS,MEDIUM
stake1u9h6qx9aeds82xzepcxgn9vyaagd3rk4048cwt66tsp88uqynnq0s,10,10,1598868.465519,2021-04-20 12:54:21,2021-11-24 16:39:23,,f,0,,,,0,,,0.000000,,0,0.000000,,0.000000,,,5.20,True,True,False,False,False,False,False,True,NEVER_SPENT_COLD,LOW
stake1ux659upvzs054ggd72rjx8t0grryp3m6emw7p2l83037yuqap277w,10,8,1562431.865928,2021-01-28 17:51:29,2024-02-19 10:05:59,2023-08-29 07:22:45,t,2,pool1wt0pf4u2xktp0f7apveu242w6nkm4ltk3m8g039lvuhwq4zdtf3,2023-08-29 07:22:45,435,0,,,200324.598649,641,0,0.000000,,200324.598649,,,2.85,False,True,False,False,True,True,False,True,DORMANT_2Y_PLUS,MEDIUM
stake1u8g93v4jcf88pjs0fs0slgpjfhmr65uyhv22e78qyjllg3sxg2ahw,74,65,1439608.598062,2021-02-10 01:43:57,2026-05-16 18:15:39,2026-05-16 18:15:39,t,3,pool1ft4xjlz9uw0r0ewcgtkgeakqrfc5azxmxwsm5pt94dv67mw4rgd,2025-03-06 03:35:33,546,0,,,122111.382415,641,0,0.000000,,122111.382415,coordinated_like,emurgo+iog,0.13,False,False,True,True,True,True,False,True,ACTIVE_MANAGED,MEDIUM
stake1u9wqhpkfxrl0jsetvymw3e9n42u0me5ff8wtsg06fjx2klsakrppx,22,3,1430195.879757,2021-02-21 22:10:36,2026-06-30 01:04:57,2026-06-29 23:20:39,t,7,pool16f95up5u5lyqne5mnxmlhe0rgdgmya27mph288r6gw0ukegjffa,2026-06-29 23:20:39,642,1,drep1ydvwp8x9j8u4flwjqwxf8jdjwp9p4zf2x4rk7vv7fgzk6j2k7c6,2025-08-23 09:24:48,11006.640155,641,3,10981.194522,2026-06-29 22:55:15,25.445633,,,0.01,False,False,True,True,False,False,False,True,ACTIVE_MANAGED,MEDIUM
stake1u9vw2y3rj9qlju36lr7ec8m0ttekur4a5cednujvx0jnwcs9q7fq9,8,7,1420304.561281,2025-10-10 08:29:47,2026-04-12 13:51:07,2025-10-10 08:37:46,t,1,pool1lurfk0k0wwx54hlg8a7zp3jtstu57u59aeq7aketl55hknmmtu0,2025-10-10 08:37:46,589,0,,,15546.643662,627,0,0.000000,,15546.643662,,,0.73,False,False,True,False,True,True,False,True,MIXED,MEDIUM
stake1uym6w3eukf8hm620y547puhhrkp5w2rxkfu9kkeaneet78c08xlgq,53,17,1384824.764440,2021-04-25 12:38:03,2026-05-27 09:17:34,2026-01-25 22:52:09,t,16,pool1xytvsd9qnvqxpthh9p8k85e823trvn3npxeur8kr9zhkqz5uls9,2026-01-25 22:52:09,611,5,drep1qe2l8gw8v7ydswfp9twytxcc3wzwdq8npt55f3vnlgv2u8sx3nt,2025-12-25 23:02:19,198536.454211,641,15,163293.822157,2025-05-25 14:43:00,35242.632054,,,0.43,False,False,True,True,False,False,False,True,ACTIVE_MANAGED,MEDIUM
stake1uxkkr57uvxuym2j074xsl4pe8nl4u47flk9s7un6lz38tlglvgum2,15,2,1256982.369033,2020-12-10 04:15:57,2021-02-19 15:12:00,2021-02-19 15:12:00,f,0,,,,0,,,0.000000,,0,0.000000,,0.000000,,,5.37,False,True,False,False,False,False,False,True,DORMANT_2Y_PLUS,LOW
stake1u947aep3mzsm5grrjevukzu94ksptue8ktrz0tkmmpeaanqzjltvq,31,30,1230616.797476,2021-05-18 08:59:43,2021-09-06 18:45:50,2021-08-12 05:54:00,f,0,,,,0,,,0.000000,,0,0.000000,,0.000000,coordinated_like,emurgo+iog,4.89,False,True,False,False,False,False,False,True,DORMANT_2Y_PLUS,LOW
stake1u9mx5erw5n7u82vtmcz97xh4u7z30q7wutmrsnza4x6ds9scmffwk,9,5,1099563.665784,2021-02-07 08:29:06,2021-02-13 01:46:31,2021-02-08 19:38:11,t,1,pool15r7xg0vrrv2yu8wj3866eap8ftkuxvdk5rjz2lh4xajjq5v3p5d,2021-02-07 12:49:18,248,0,,,199723.582752,641,0,0.000000,,199723.582752,,,5.40,False,True,False,False,True,True,False,True,DORMANT_2Y_PLUS,MEDIUM
stake1uyjstlfjjc0ws4p7fuzf30udstp5f2d5wcftc87ux5vfe0s84hlg9,12,9,1080451.842120,2021-01-13 04:13:36,2025-08-16 23:13:06,2025-08-16 23:13:06,t,23,pool1q0jmr57udknpq8k5qtgt5vgdjq9pzrzevf68966wxn8zgz7qy3w,2025-11-26 02:08:47,599,1,drep1ju2udpph53uuaut4sy6ss46rs9595yeaqnxjsvsms5htkyup4cn,2025-08-16 23:13:06,0.000000,,0,0.000000,,0.000000,,,0.88,False,False,True,False,False,False,False,True,MIXED,MEDIUM
stake1u836uvu00dmqvk0kc66qrl0rrukpkd9pj3fucffv5pgekxgq8lpge,43,27,1057232.856595,2021-02-25 16:42:30,2025-05-09 16:27:59,2025-05-09 16:27:59,t,5,pool1p9sjhjx0v3k76wvgdqu7jcks2ra48wqlhc6g0mkewd25k3zcymy,2022-03-11 15:18:02,327,1,drep_always_abstain,2025-05-09 16:06:38,153297.913171,641,1,125287.588444,2025-05-09 16:10:09,28010.324727,probable_retained_like,emurgo+iog,1.15,False,False,True,False,False,False,False,True,MIXED,MEDIUM
stake1uyezz2wzt4rl5wug8ju8zshvfzkw2lksw8jfp0wpueq2nccnnkwxh,52,3,992927.674517,2021-06-09 13:45:09,2022-02-19 10:18:39,2022-02-19 10:18:39,t,3,pool12wpfng6cu7dz38yduaul3ngfm44xhv5xmech68m5fwe4wu77udd,2022-02-19 10:18:39,323,0,,,158752.408175,641,1,9153.464942,2021-08-29 08:34:54,149598.943233,,,4.37,False,True,False,False,False,False,False,True,DORMANT_2Y_PLUS,LOW
stake1u874qynqd8nvmav7ykl9uqrqcm9sm3durz92v24yf796hwqv53dpg,34,10,983237.486455,2021-03-08 10:37:37,2026-01-06 15:15:08,2026-01-06 15:15:08,t,2,pool1ctzja2cdwyeqnvehmrlclc5wrn9w9acwklk3acn73jrx56d66vs,2022-05-01 10:47:34,338,1,drep_always_abstain,2024-12-07 11:39:57,122568.818889,641,21,112181.492948,2026-01-06 15:10:41,10387.325941,high_confidence_retained_like,emurgo+iog,0.49,False,False,True,True,False,False,False,True,ACTIVE_MANAGED,MEDIUM
stake1u9pdj8fgwdev4hqefds6qdcxwqjn0q0dvltx8mhwcnqqdncxsf7kk,87,41,959991.547428,2020-09-01 14:39:29,2025-11-25 15:33:17,2025-03-07 21:24:52,t,12,pool1a4qtpgce7cu6wzc79fx7qrc3938hkl2gf8c2h5jugvm2gnu86l7,2025-03-07 21:24:52,546,1,drep18c6dw0e6z9lx65f22zrzgl0z49j48k39ttxqk4q6h953utzepy5,2024-11-18 22:46:20,158487.624179,641,8,132796.623127,2025-03-07 20:23:52,25691.001052,coordinated_like,iog,1.32,False,False,True,False,False,False,False,True,MIXED,MEDIUM
stake1u8fqp8r2gymcsd6pywwl0udmq36pudtky2l4kjpvjf3ls7gtnjmae,26,15,822988.281813,2021-02-21 22:02:07,2025-09-01 10:30:00,2025-09-01 10:30:00,t,8,pool16f95up5u5lyqne5mnxmlhe0rgdgmya27mph288r6gw0ukegjffa,2025-09-01 10:30:00,581,1,drep1ydvwp8x9j8u4flwjqwxf8jdjwp9p4zf2x4rk7vv7fgzk6j2k7c6,2025-09-01 10:28:51,105255.111517,641,2,90066.510455,2025-09-01 10:30:00,15188.601062,,,0.84,False,False,True,False,False,False,False,True,MIXED,MEDIUM
stake1u84sthpt2xecrkrcfl9rc9xg7p2s9zhet2z8d6zd7dxcpvcrd6cy3,9,8,755066.742391,2021-02-21 23:54:11,2025-10-18 09:47:42,2021-02-22 16:34:48,t,1,pool16agnvfan65ypnswgg6rml52lqtcqe5guxltexkn82sqgj2crqtx,2021-02-22 16:34:48,251,0,,,123537.144350,641,0,0.000000,,123537.144350,,,5.36,False,True,False,False,True,True,False,True,DORMANT_2Y_PLUS,MEDIUM
stake1uy0687ynd438c4092y9l0yn2qm273w4jvdnvlvet37jk0tqpxksgs,40,28,748666.197757,2021-01-11 02:12:33,2025-04-07 17:12:49,2024-12-03 10:12:38,t,2,pool10tqeu6d03p6rnalqlvdshmpsljxaq2c0ww6draq6xm8lgyl2a3p,2024-01-16 19:03:12,463,0,,,125462.472080,641,2,97463.210695,2024-12-03 10:12:38,27999.261385,coordinated_like,emurgo+iog,1.58,False,False,False,False,False,False,False,True,MIXED,LOW
stake1uyy9vnhkytz089mxjyk0vpsmnkkxvltu2vjn537u47al84spd3mpj,17,12,729652.360875,2021-01-10 11:04:52,2026-03-31 11:16:15,2026-03-31 11:16:15,t,2,pool1rvng7n968748udkc5rxy4h9zp9hms4s3jsfwuues76ft28uc056,2022-01-26 10:24:09,319,1,drep_always_abstain,2026-03-31 11:15:23,123709.952915,641,1,119714.877124,2026-03-31 11:16:15,3995.075791,coordinated_like,emurgo+iog,0.26,False,False,True,True,False,False,False,True,ACTIVE_MANAGED,MEDIUM
stake1uyz8zzqlutelas9cwd6u3fae0j6cjslh00ulnkrtgvd40egurm9kc,1,1,706198.094000,2021-04-03 20:45:52,2021-04-03 20:45:52,,f,0,,,,0,,,0.000000,,0,0.000000,,0.000000,,,5.25,True,True,False,False,False,False,False,True,NEVER_SPENT_COLD,LOW
stake1uxmwlru8xqd8c0gkgafplrdvatrg94g5eflpr0w9t57rergq0qtxk,50,48,673660.897339,2021-01-24 19:41:45,2026-03-11 02:03:18,2026-03-11 02:03:18,t,1,pool1g0nq3m3fnvd245k4favcvutn09vce0yshg535f68d2xa54vy0cc,2021-01-24 20:06:45,245,0,,,111139.028093,641,0,0.000000,,111139.028093,coordinated_like,emurgo+iog,0.31,False,False,False,True,True,True,False,True,ACTIVE_MANAGED,MEDIUM
stake1uy2szszadzdl2fef932zh4xhnrlvy95k59yn6unn99sp3gs27zv9c,40,34,657196.474214,2020-10-22 15:00:05,2025-04-07 13:11:16,2025-03-04 14:25:39,t,4,pool1rmpv0h0pecysach8tj06vxx9wku2pdm74mk9cunx759v58q0hu2,2025-03-04 14:25:39,545,1,drep_always_abstain,2025-03-04 14:25:39,128434.169086,641,1,29850.940256,2021-11-15 07:13:01,98583.228830,high_confidence_retained_like,emurgo+iog,1.33,False,False,True,False,False,False,False,True,MIXED,MEDIUM
stake1uy2s8vvzwnqhl0lnhxzahpxuu0ac5gaamheeacey6mdz2wqh9vv2a,5,2,600800.089521,2021-03-17 13:50:59,2022-01-05 13:59:53,2022-01-05 13:59:53,t,2,pool14fjmlppz76667ws3jl5luejf2wgztuhpsftulvh3ucc65anqgve,2022-01-05 13:59:53,314,0,,,107891.462056,641,0,0.000000,,107891.462056,,,4.49,False,True,False,False,True,True,False,True,DORMANT_2Y_PLUS,MEDIUM
stake1uxm2q8zmw2yjrv46k09qv0mtxzr5rn5zmjh542t4kynm27c9hzvhs,1,1,599995.458197,2026-02-21 14:17:40,2026-02-21 14:17:40,,f,0,,,,0,,,0.000000,,0,0.000000,,0.000000,,,0.36,True,True,False,False,False,False,False,True,NEVER_SPENT_COLD,LOW
stake1uxt98p0mrmyn6pzyc3jqz7v2mxqk6vspgmvydyeu7a7f7es36mf2w,8,6,598889.419982,2021-02-17 08:42:27,2026-04-04 02:47:49,2021-03-07 06:31:18,t,1,pool173mzegwuu0pjcrt60ekelzj5haqr8r5e4e0n45qh9jdz7xm5kh8,2021-02-18 02:41:31,250,0,,,109841.301296,641,0,0.000000,,109841.301296,,,5.32,False,True,False,False,True,True,False,True,DORMANT_2Y_PLUS,MEDIUM
stake1u9u8su0s6mx6mfcn057ckdnwgkpj85x7mmeznvvhm0nznzckgjsak,40,38,543428.733325,2021-02-16 16:36:05,2025-10-18 09:47:42,2021-03-03 18:24:36,t,1,pool16agnvfan65ypnswgg6rml52lqtcqe5guxltexkn82sqgj2crqtx,2021-02-19 10:36:48,250,0,,,104142.690706,641,0,0.000000,,104142.690706,coordinated_like,emurgo+iog,5.33,False,True,False,False,True,True,False,True,DORMANT_2Y_PLUS,MEDIUM
stake1u9gvdp8ksc9nr9yh2xk5gdvx03h0pvjmas83el0k363amwg57yj37,81,12,538446.391139,2020-07-31 00:03:51,2026-03-31 23:04:49,2026-03-31 23:04:49,t,2,pool1vev8z03vh7jwx3mfrgzrt9fltt97nupaxv8ffj4r5r8mgwts5ze,2022-03-31 01:47:01,331,1,drep127pc58jyky40fvess0c4tjxkrnkf8ta3sfltvm4ptypqc5fgav3,2024-10-21 02:09:40,72569.829258,641,18,71194.360138,2026-03-31 23:04:49,1375.469120,,,0.26,False,False,True,True,False,False,False,True,ACTIVE_MANAGED,MEDIUM
stake1uxpcp0dvyq6dn7r0yx5cvtrpwe0f0n6fqvkm6pge922lu4qest3gs,31,9,529771.834778,2021-03-29 00:07:42,2025-03-18 03:31:00,2025-03-18 03:31:00,t,6,pool12t3zmafwjqms7cuun86uwc8se4na07r3e5xswe86u37djr5f0lx,2022-03-23 02:27:13,330,1,drep_always_abstain,2025-01-23 23:22:11,146487.152084,641,4,129804.573774,2025-03-18 03:31:00,16682.578310,probable_retained_like,emurgo+iog,1.29,False,False,True,False,False,False,False,True,MIXED,MEDIUM
stake1u9yzvplxaazej7acg7mhcwd7zfy24chn8vk7h577p33jj3s0f4ec3,13,3,512736.452664,2021-04-03 15:34:33,2021-09-01 15:56:28,2021-09-01 15:56:28,t,1,pool10quq4wlghwrvmhdzc7geq22pyhzegccwj56ax2g8hx0cjfahufs,2021-09-01 15:56:28,289,0,,,78639.342607,641,0,0.000000,,78639.342607,,,4.83,False,True,False,False,True,True,False,True,DORMANT_2Y_PLUS,MEDIUM
stake1uy5h56akwjczn585y0a4wuk4hq9jmag8s8w8hlgwxpyx3zqacwhew,43,36,500312.874857,2020-08-08 15:49:11,2026-05-08 13:25:16,2025-08-01 22:51:27,t,6,pool14cq4fchmmqjygwjw4zexmqqd6a7caxptjnvseyu6wanjuppv4vk,2025-08-01 22:51:27,575,1,drep_always_abstain,2025-08-01 22:51:27,106423.078775,641,0,0.000000,,106423.078775,coordinated_like,emurgo+iog,0.92,False,False,True,False,True,True,False,True,MIXED,MEDIUM
stake1uymqfs7t69h0nc0zm5gft4lu8guw7t0wx2tlfj6yuhxrytgnegnkq,1,1,500081.805744,2026-02-21 13:00:47,2026-02-21 13:00:47,,f,0,,,,0,,,0.000000,,0,0.000000,,0.000000,,,0.36,True,True,False,False,False,False,False,True,NEVER_SPENT_COLD,LOW
stake1uyccyq3munx0m7t50daejjtlda6nld3mjmct7s5pmtf98lsyu3r6t,57,32,463998.601150,2020-09-03 06:33:40,2024-07-01 16:52:22,2024-07-01 16:52:22,t,5,pool1f2wfjqkf2wx6jq93pdck6hgmy9zgw32lmvrq9zejl7scqxjqfze,2024-07-01 16:52:22,496,0,,,79037.659987,641,3,58399.517102,2024-07-01 16:52:22,20638.142885,coordinated_like,emurgo+iog,2.00,False,True,False,False,False,False,False,True,DORMANT_2Y_PLUS,LOW
stake1uyvmmdlgz6kx83w0mctlwt2a4rm9exvajsldaw38ewnf3dssrd2n2,27,15,415404.412725,2021-01-08 01:01:56,2026-02-03 00:54:17,2025-03-03 04:35:54,t,5,pool1w8ham64lthvzzxzn5hknq4yrj8xt2nark409s2xmntlwvt4ag3r,2023-12-26 03:14:26,458,1,drep1qz8frp3eq58v3dcguhv0753yt9gf3g50plrxw8rxu2f2krf2p5d,2025-03-03 04:30:12,70562.223731,641,4,57442.007688,2025-03-03 04:32:30,13120.216043,probable_retained_like,emurgo+iog,1.33,False,False,True,False,False,False,False,True,MIXED,MEDIUM
stake1u8wcsxcgkpnwyd49wdht2d9794lh66u67gre3zqaqlgesfgjaq7tg,42,33,313923.008774,2020-07-30 19:08:31,2026-04-11 13:15:04,2026-04-11 13:15:04,t,2,pool1vev8z03vh7jwx3mfrgzrt9fltt97nupaxv8ffj4r5r8mgwts5ze,2026-04-11 13:03:42,626,1,drep16tsw66jtrver8ur3y3zzq2fl0m4swl4lwk88fvu8d4z4ydukrj0,2025-01-25 08:33:43,34766.676478,641,6,33147.561004,2026-04-11 13:15:04,1619.115474,high_confidence_retained_like,emurgo+iog,0.23,False,False,True,True,False,False,False,True,ACTIVE_MANAGED,MEDIUM
stake1ux9yqeznl8hec9q3uw3h4v89hzf3v47a84z4lk0wx3m43nggufe2k,122,72,310071.599884,2021-10-06 22:29:35,2026-04-26 01:15:21,2026-04-26 01:15:21,t,4,pool1ekcsyzwexl7p2kwxxh34hy28l6772vrmff7jwmuxsa6u6fzty9z,2023-05-30 13:33:09,416,1,drep_always_abstain,2025-02-01 10:01:59,24001.426362,641,14,21364.244567,2026-02-14 04:03:31,2637.181795,coordinated_like,emurgo+iog,0.19,False,False,True,True,False,False,False,True,ACTIVE_MANAGED,MEDIUM
stake1u87fqfa0nngv7ksensfpvwa4fy6ymjt2fd7uhpxthn6sayctt3sa5,133,94,309513.820822,2020-09-25 19:59:29,2026-02-22 15:46:56,2026-02-22 15:46:56,t,12,pool1qqqqpanw9zc0rzh0yp247nzf2s35uvnsm7aaesfl2nnejaev0uc,2023-02-09 19:14:37,394,1,drep1qe2l8gw8v7ydswfp9twytxcc3wzwdq8npt55f3vnlgv2u8sx3nt,2025-09-28 17:17:52,42896.495668,641,17,40391.641863,2025-12-14 20:28:38,2504.853805,high_confidence_retained_like,emurgo+iog,0.36,False,False,True,True,False,False,False,True,ACTIVE_MANAGED,MEDIUM
stake1ux3at5465zzaqrucjgtlta4tam64yc3ualz4dns8kjzep3ckh8dqf,94,36,302876.262856,2021-02-03 01:26:31,2026-06-23 21:12:21,2026-06-23 21:12:21,t,10,pool1jq7r3evstu2c040vlry8tgvpwf0mfvft86cxecwjpwcuvvqfu2r,2024-01-05 15:13:36,460,3,drep16tsw66jtrver8ur3y3zzq2fl0m4swl4lwk88fvu8d4z4ydukrj0,2026-06-23 21:12:21,30791.812925,641,16,30557.679648,2026-06-23 21:00:50,234.133277,high_confidence_retained_like,emurgo+iog,0.03,False,False,True,True,False,False,False,True,ACTIVE_MANAGED,MEDIUM
stake1uymf949vkq5ats53824a307nmlrc9u82503edsupr77rsugwqj6vx,25,17,278251.210043,2021-02-07 04:39:57,2022-02-24 16:46:18,2021-12-10 05:01:46,t,8,pool15wj590e6gsmpmttrxjd0emck09a0h9tazd2ww77q6duyvg8lyum,2021-12-10 05:01:46,309,0,,,41230.489316,581,0,0.000000,,41230.489316,coordinated_like,emurgo+iog,4.56,False,True,False,False,True,True,False,True,DORMANT_2Y_PLUS,MEDIUM
stake1uxd9ty9dh8p2rh6lh7gkgsyascuz52thlzhuqh6haawj0uqstkmpu,10,7,272947.468341,2025-10-31 11:55:14,2025-11-10 22:13:38,2025-11-10 22:13:38,t,3,pool1hnp560z9e5acwux8tjguxq36j9r255zuf02u7z2d46dvcf5zhns,2025-11-10 22:13:38,596,1,drep_always_abstain,2025-11-01 08:38:33,3805.823495,641,0,0.000000,,3805.823495,probable_retained_like,emurgo+iog,0.64,False,False,True,False,True,True,False,True,MIXED,MEDIUM
stake1uykmfwajuxgdh0fgzfn7kh0qqvjmzgacg3jkruytfn7rnvqn9g4jl,9,8,267861.388775,2021-04-05 19:12:01,2023-04-05 18:03:29,2021-04-05 20:04:14,t,1,pool10wcmpvjmmv7ph7cz2263f52yckvnnwu5kdppwqgu74s2qhe7l7m,2021-04-05 20:04:14,259,0,,,32564.696410,637,0,0.000000,,32564.696410,coordinated_like,emurgo+iog,5.24,False,True,False,False,True,True,False,True,DORMANT_2Y_PLUS,MEDIUM
stake1u98n3vn5jtzlqtq8rt4jfehveyzwmttf89x30wgs26yk4sc7frwcc,15,14,260778.006122,2021-02-12 13:26:31,2022-07-16 02:36:06,2021-02-14 01:49:29,t,1,pool1m4enp55hp80tf6xl7k6f6593wnyu3pr83xfvef9x3ktdw9m0em5,2021-02-14 01:49:29,249,0,,,45001.197879,641,0,0.000000,,45001.197879,coordinated_like,emurgo+iog,5.38,False,True,False,False,True,True,False,True,DORMANT_2Y_PLUS,MEDIUM
stake1u9jv5dfh22g23s3w69n9rjagwrn6yvr0cftsvtpj7rppjucup69a4,85,54,248912.414735,2021-02-10 07:42:29,2026-03-31 17:29:10,2026-03-31 17:29:10,t,4,pool1ahazpr2yz5gljk2m4q8g7wnmq7m2sr9unhdfmr5arhqrjnntwdz,2022-02-15 11:23:38,323,1,drep1kyppjlhz4lawh4g0ewx2d8a5l20t4yclfnppnuvdkmt7vccg836,2024-11-16 00:47:48,26683.651483,641,5,24803.327895,2026-01-04 06:06:59,1880.323588,high_confidence_retained_like,emurgo+iog,0.26,False,False,True,True,False,False,False,True,ACTIVE_MANAGED,MEDIUM
stake1ux8ykzfh9qrfumzqjmsgxx3h4un77w59v4p5c8jsyzh6zqqa4prmn,115,43,229000.257700,2020-08-04 21:33:11,2025-10-28 05:15:00,2025-10-28 05:15:00,t,15,pool13hxlxd6qa68fmfhrvvmasa0mjg30tj9p5v2lmgmgsmrp2rgzkfp,2025-04-25 16:17:36,556,1,drep_always_abstain,2024-12-13 17:51:20,50324.398003,641,18,46793.627029,2025-10-28 05:15:00,3530.770974,probable_retained_like,emurgo+iog,0.68,False,False,True,False,False,False,False,True,MIXED,MEDIUM
stake1ux787gxmnktj4pjk45qq233hej8h6ullnlgllhd9dtjuqzg75w7xh,405,389,218993.436714,2020-07-30 03:11:11,2026-07-03 00:32:14,2026-06-23 14:34:19,t,1,pool1rvng7n968748udkc5rxy4h9zp9hms4s3jsfwuues76ft28uc056,2020-07-30 03:26:31,210,2,drep1xzmkqkcv3k2fm50uhz9n2a6nd0qgjj23ztpwmppktc0gvwgfd8j,2026-06-23 14:34:19,35638.903882,641,1,35476.432496,2026-06-23 14:34:19,162.471386,probable_retained_like,emurgo+iog,0.03,False,False,True,True,False,False,False,True,ACTIVE_MANAGED,MEDIUM
stake1uyeh6jg579pwj0mcx7yarp6ey2897yn8fvsjcwymskx7vgcu8zzk2,15,8,201644.081069,2021-01-04 18:47:59,2025-05-05 10:58:56,2025-05-05 10:58:56,t,1,pool104avq7309gjm0fxms69yqusxy8zf888k4mamngg5vnc6vculpzq,2021-07-08 10:39:32,278,1,drep_always_abstain,2025-05-05 10:56:53,34233.886398,641,1,28895.776619,2025-05-05 10:58:56,5338.109779,high_confidence_retained_like,emurgo+iog,1.16,False,False,True,False,False,False,False,True,MIXED,MEDIUM
stake1uygxg7r0dpu0crv46nvfwuawapdhzxy0venkjlus5uydz2qq453lc,59,44,193839.155524,2021-02-15 04:14:00,2026-02-05 19:34:51,2026-01-04 19:08:40,t,9,pool1lhz4gsk5ezdl5s4mv2kxgrkhzzhad6me2v0xmwuyt845vensdlc,2026-01-04 19:08:40,606,1,drep16tsw66jtrver8ur3y3zzq2fl0m4swl4lwk88fvu8d4z4ydukrj0,2025-01-27 19:26:27,16207.119846,641,1,1413.263812,2021-11-15 02:46:38,14793.856034,coordinated_like,iog,0.49,False,False,True,True,False,False,False,True,ACTIVE_MANAGED,MEDIUM
stake1uy83d47xat399pkl3taqv2vlf6pepfwmlh7c2dy0ul0mwdg4lmnjv,24,16,192847.200996,2021-01-08 07:47:19,2025-09-29 02:29:59,2025-09-29 02:29:59,t,1,pool16fyda57p3c8gp5r6gmcq5tvqsp6mnzwvkxswgznkuh8wztrp6vv,2021-01-17 21:52:28,244,1,drep1qe2l8gw8v7ydswfp9twytxcc3wzwdq8npt55f3vnlgv2u8sx3nt,2025-09-29 02:29:59,27715.093118,641,0,0.000000,,27715.093118,high_confidence_retained_like,emurgo+iog,0.76,False,False,True,False,True,True,False,True,MIXED,MEDIUM
stake1u9xqzwn9a8whg5vfjwfv6vwufp0pd4vurlmyhj3vj880mngkpz97q,30,18,180045.815626,2020-09-09 18:08:44,2024-12-22 11:15:10,2024-12-22 11:15:10,t,10,pool1qqqqqdk4zhsjuxxd8jyvwncf5eucfskz0xjjj64fdmlgj735lr9,2024-02-22 06:56:25,470,1,drep1km69g7ksf8t5g0h9d9tkrcd2tezxelx0wtr76rv2mrkl5nzd6v3,2024-12-22 11:15:10,36291.859695,641,1,11690.171969,2022-03-08 17:32:48,24601.687726,probable_retained_like,emurgo+iog,1.53,False,False,True,False,False,False,False,True,MIXED,MEDIUM
stake1uy6m26a49wtau83x95ne3qa8g3st5uql3gqhp3x0ka03h5q9mmyav,47,25,164062.362571,2021-05-21 02:15:49,2024-12-12 22:26:33,2024-12-12 22:26:33,t,1,pool1ezh8sewqgzy7267yvy0jssz8q7amce37x3dhmfl22j8lwz6wjrd,2021-05-21 02:57:57,269,1,drep13d6sxkyz6st9h65qqrzd8ukpywhr8swe9f6357qntgjqye0gttd,2024-12-12 22:26:33,15070.737272,641,3,13123.432669,2024-12-12 22:20:06,1947.304603,probable_retained_like,emurgo+iog,1.55,False,False,True,False,False,False,False,True,MIXED,MEDIUM
stake1u95v0m28hx52jj8z48txw20twtlcu6msc65m2506u6vl5ggf5az80,32,28,162302.531039,2021-03-14 13:12:34,2026-04-18 02:23:44,2022-03-14 11:32:59,t,1,pool1s6se64qce5rjjjhh6ufcdnc54p8qg78mlhjm38lymx99sqysvzx,2021-04-04 12:12:38,259,0,,,24506.632371,641,1,3190.170169,2022-03-14 11:06:36,21316.462202,coordinated_like,emurgo+iog,4.30,False,True,False,False,False,False,False,True,DORMANT_2Y_PLUS,LOW
stake1uy08tqdxl0xrjkqx4y8820k2qaxzcfhe8mxg4k0v2x0mrkszwe3tj,28,19,153465.354316,2020-08-04 21:52:11,2026-02-03 00:57:27,2025-06-25 03:39:09,t,3,pool1z7n2ruhmxmv77f6cqhd3wsy6774h2wuay77agxuf2y9mj8q55vw,2022-08-05 00:29:38,357,1,drep_always_abstain,2025-06-25 03:39:09,29574.426552,641,0,0.000000,,29574.426552,coordinated_like,emurgo+iog,1.02,False,False,True,False,True,True,False,True,MIXED,MEDIUM
stake1uyjyg3ls887lnvel08wnh5reuhznxcyf9g7jzqcjwq0xpvqyqn0q4,23,15,151129.942321,2020-09-05 23:24:40,2025-10-17 18:15:59,2025-10-17 18:15:59,f,3,pool15zrkyr0f80hxlt4scv72tej8l8zwrcphmrega9wutqchjekceal,2021-03-08 01:12:47,254,1,drep1qe2l8gw8v7ydswfp9twytxcc3wzwdq8npt55f3vnlgv2u8sx3nt,2025-10-17 18:14:56,24089.471876,589,2,24089.471876,2025-10-17 18:15:59,0.000000,coordinated_like,iog,0.71,False,False,True,False,False,False,False,True,MIXED,MEDIUM
stake1u9pngs4ez5pgmlha02723ywrpwgdq20s0vxls9vsqftc45gydvnq6,21,17,145983.126772,2021-01-06 01:48:36,2024-11-11 03:51:59,2024-11-11 03:51:59,t,1,pool104avq7309gjm0fxms69yqusxy8zf888k4mamngg5vnc6vculpzq,2021-04-25 21:02:20,263,1,drep13d6sxkyz6st9h65qqrzd8ukpywhr8swe9f6357qntgjqye0gttd,2024-11-11 03:51:59,22057.412552,641,2,16414.660176,2024-11-11 03:50:33,5642.752376,coordinated_like,iog,1.64,False,False,True,False,False,False,False,True,MIXED,MEDIUM
stake1uy3kwmlf8egrqer3c92er0vnfcj89w0clsrl5fcsfnnxjycapkq9t,72,54,139551.727943,2020-07-30 17:57:51,2024-11-18 13:13:35,2024-11-12 14:49:55,t,13,pool1qqqqpanw9zc0rzh0yp247nzf2s35uvnsm7aaesfl2nnejaev0uc,2024-11-12 14:49:55,523,1,drep_always_abstain,2024-11-12 14:49:55,29442.300141,641,2,7731.181848,2021-11-02 01:33:17,21711.118293,coordinated_like,emurgo+iog,1.64,False,False,True,False,False,False,False,True,MIXED,MEDIUM
stake1uxla58cgl09dqtfh7p6ukt6rn4zfw5asw8drwt364tx8saqzgycmu,54,39,134465.120885,2020-08-30 02:39:56,2025-09-01 01:55:45,2025-09-01 01:55:45,t,8,pool19w5khsnmu27au0kprw0kjm8jr7knneysj7lfkqvnu66hyz0jxsx,2025-05-05 00:41:17,558,1,drep_always_abstain,2025-05-05 00:41:17,25610.635894,641,3,23105.603475,2025-09-01 01:55:45,2505.032419,coordinated_like,emurgo+iog,0.84,False,False,True,False,False,False,False,True,MIXED,MEDIUM
stake1u88w0humd5tgd8pjhzdp4nys7hyqsgqkghmnntdj9y20wls3avd7q,34,22,133478.535224,2020-11-14 21:12:06,2024-11-10 01:29:13,2024-11-10 01:29:13,t,2,pool14cq4fchmmqjygwjw4zexmqqd6a7caxptjnvseyu6wanjuppv4vk,2024-11-10 01:29:13,522,1,drep_always_no_confidence,2024-11-10 01:06:27,16636.788591,641,3,11342.187089,2024-11-10 01:07:41,5294.601502,coordinated_like,emurgo+iog,1.64,False,False,True,False,False,False,False,True,MIXED,MEDIUM
stake1u9lc0rlx4mmjga0g0smz5enl63vyvy8qaqxsmweheh0apgcvwdget,27,20,130371.985319,2020-11-19 13:47:16,2026-06-19 08:36:34,2026-02-02 06:38:26,t,2,pool1p5ja48uqc7pjnuqvwu7cgmspvx938qpnf4zqm0x2k0ngkh4lkjx,2020-12-01 21:42:21,234,1,drep120m237kstm7pzywv5nwtjm8gj8dl55j9nupwlkapz77mgv7zu7l,2024-11-05 07:31:23,16868.437862,641,1,1018.651576,2021-11-12 09:25:04,15849.786286,coordinated_like,iog,0.41,False,False,True,True,False,False,False,True,ACTIVE_MANAGED,MEDIUM
stake1uyujnjukvlxt9882akl73tf5squwc8nevvld4qucf5k25yg2x268c,7,7,129700.000000,2023-06-09 22:37:59,2023-06-09 23:39:33,,f,0,,,,0,,,0.000000,,0,0.000000,,0.000000,coordinated_like,emurgo+iog,3.07,True,True,False,False,False,False,False,True,NEVER_SPENT_COLD,LOW
stake1u9e9vpz0twtzfsmhsutxv94g7vfavgtl0pa43ce3ulf8exgzwjf7z,74,33,123894.472810,2020-07-31 15:46:51,2025-08-11 04:38:50,2025-08-11 04:38:50,t,8,pool1zn9hjcmfddhcp2aj9xxuvz7z40rasyatkgavr8ryyz72qdfwtrj,2022-08-13 19:30:18,358,0,,,24059.317366,641,8,14930.419430,2023-08-18 05:37:34,9128.897936,coordinated_like,emurgo+iog,0.89,False,False,False,False,False,False,False,True,MIXED,LOW
stake1uxhplzzlnmsx804q0n5vak5q90es5pq5l96zlecg2kupfyc6yss0l,45,33,123212.511024,2020-12-30 10:38:34,2025-11-25 15:21:53,2025-10-04 01:58:46,t,4,pool17ahr5ygy48vpdfnatqn2z4wfu2te4quapk2yx3k50ce6kd7feg0,2022-02-16 13:49:24,323,1,drep1kyppjlhz4lawh4g0ewx2d8a5l20t4yclfnppnuvdkmt7vccg836,2024-09-17 13:10:27,18899.466044,641,1,16791.386623,2025-10-04 01:58:46,2108.079421,coordinated_like,iog,0.75,False,False,True,False,False,False,False,True,MIXED,MEDIUM
stake1u94ygeexhgv5z7cxufcn2gmlkprd2lcn5dsejqdskahz5rcjan0y7,36,30,118553.294657,2021-02-20 01:37:57,2024-05-16 10:39:15,2021-10-27 13:59:05,t,2,pool1eqa7kxx4xg35cu4rqj4exkvzhenscgh8wxez0gl7hsagygp79kr,2021-10-27 13:59:05,300,0,,,16322.747348,641,0,0.000000,,16322.747348,coordinated_like,emurgo+iog,4.68,False,True,False,False,True,True,False,True,DORMANT_2Y_PLUS,MEDIUM
stake1u9jycydcpcg4e7yn8hucm0gdpxshzeq2cv6meyketxx89scpjrjec,22,9,118182.183126,2021-03-04 11:24:51,2023-08-19 07:33:57,2023-02-15 11:55:01,t,1,pool1urgvu6zk422j4xwtxa45lzpd6dm25msfthpkezr042secrtuwzc,2021-04-27 10:04:13,264,0,,,21759.722892,641,1,11080.831700,2023-02-15 11:27:25,10678.891192,coordinated_like,emurgo+iog,3.38,False,True,False,False,False,False,False,True,DORMANT_2Y_PLUS,LOW
stake1uxnzaeeya8cxmlla8sl3tvug3lqs6jm69ks93w4ucfs329cjjewrs,14,10,109694.566774,2021-01-01 20:32:32,2025-08-28 14:15:40,2025-08-28 14:15:40,t,4,pool1jt7d6ak3m8gnjyxtuxfswe258xzwda80ndl0a57vv5m2zv8h6at,2025-08-28 14:15:40,581,1,drep_always_abstain,2025-08-28 14:15:40,21434.998913,641,0,0.000000,,21434.998913,coordinated_like,emurgo+iog,0.85,False,False,True,False,True,True,False,True,MIXED,MEDIUM
stake1u8slzngfycju6ag4csxhkl2lwngwjmc2vuqljmttdyzcrvqx5h85w,9,7,109592.651002,2021-02-22 23:37:05,2022-01-19 00:26:00,2022-01-19 00:26:00,t,2,pool1jk25l2pejpdzq8vdjlxrr05th49v9tgd78fqrtxvuw3rumpfc6t,2022-01-19 00:26:00,317,0,,,19742.760830,641,0,0.000000,,19742.760830,coordinated_like,emurgo+iog,4.45,False,True,False,False,True,True,False,True,DORMANT_2Y_PLUS,MEDIUM
stake1u8h9v56uywtp9a25guzuxant0t2vpqd4rgrpemft9z4k7nqlyw3ck,32,25,108232.193069,2021-02-10 09:52:28,2026-01-05 11:04:01,2026-01-05 11:04:01,t,2,pool1prc9hna2mgamtspchrygc66s9n4tlkvh39e3t9zccef4kzc3ns2,2025-06-26 18:10:40,568,1,drep13d6sxkyz6st9h65qqrzd8ukpywhr8swe9f6357qntgjqye0gttd,2025-06-05 19:37:05,14340.548738,641,4,13138.487017,2026-01-05 11:04:01,1202.061721,coordinated_like,iog,0.49,False,False,True,True,False,False,False,True,ACTIVE_MANAGED,MEDIUM
stake1u8766hx7gmh9x9hp720fc8v0vr557afj3ahtcjhylujmr4cel4nqe,27,20,106893.101366,2020-07-30 02:35:11,2024-12-12 21:45:55,2024-12-12 21:45:55,t,3,pool1hht4pctn70tqdsd0zwuxv8d8cz6l5scjzaquty7vamyzy78eqvc,2021-02-16 05:53:47,250,1,drep16tsw66jtrver8ur3y3zzq2fl0m4swl4lwk88fvu8d4z4ydukrj0,2024-12-12 21:34:36,20870.750662,641,2,16895.037493,2024-12-12 21:45:55,3975.713169,probable_retained_like,emurgo+iog,1.55,False,False,True,False,False,False,False,True,MIXED,MEDIUM
stake1uxqh5crx23f7s0m7tr0axqn3z6n4rrzsw7k935zlm6h20acgalhce,35,28,106574.792929,2021-02-09 06:27:35,2025-10-11 05:19:05,2025-09-11 04:14:25,t,1,pool1jj2hvts3ryffy5txm7w0am3zt7s7sehdf8rrwfesjmr7shv0mgl,2021-02-09 11:40:18,248,1,drep1xgzlpyy3pvywm5wvhkvyz9cpga5wylme6wdu6l9vn5g6cp38jdj,2025-03-02 14:27:28,14868.460213,641,0,0.000000,,14868.460213,coordinated_like,iog,0.81,False,False,True,False,True,True,False,True,MIXED,MEDIUM
stake1uxy07wlnn6fz4fvmwhpc76svh4epdvyphxgtrcm0pguatjgksucsh,30,19,106434.874397,2021-02-16 12:05:38,2025-12-23 09:00:16,2025-04-01 16:13:41,t,1,pool1u7mqtde27swkarngjsn5mmw3sy20zavlafgqkmg8qv2n2nwga0l,2021-02-16 12:20:12,250,1,drep1qe2l8gw8v7ydswfp9twytxcc3wzwdq8npt55f3vnlgv2u8sx3nt,2025-04-01 16:11:51,10263.864370,641,6,7949.028731,2025-04-01 16:13:41,2314.835639,coordinated_like,iog,1.25,False,False,True,False,False,False,False,True,MIXED,MEDIUM
stake1u9jekdlzl8au2pyn68hzver8xhm0cv8pgnv39w4tv3d85zgh944g2,25,19,105089.948178,2020-08-06 13:17:51,2026-02-03 00:57:27,2025-03-20 16:23:17,t,2,pool1z7n2ruhmxmv77f6cqhd3wsy6774h2wuay77agxuf2y9mj8q55vw,2020-09-02 17:40:59,216,1,drep_always_abstain,2025-03-20 16:22:14,23071.240944,641,1,19785.550540,2025-03-20 16:23:17,3285.690404,coordinated_like,emurgo+iog,1.29,False,False,True,False,False,False,False,True,MIXED,MEDIUM
stake1uyc84g727t7rz3my565av4egkxqf47r7r8k8havlqc3wfng2fjs3q,56,38,104031.941558,2021-03-03 03:25:24,2025-05-22 09:41:36,2025-05-22 09:41:36,t,3,pool1zwqrrwpr5zx7c3f4ukpu4r4fz5c2hkwx9vwqka5068urgqvpjzr,2025-05-22 09:41:36,561,1,drep_always_abstain,2025-01-04 10:24:39,6450.932704,641,6,5031.775864,2025-05-22 09:37:50,1419.156840,probable_retained_like,emurgo+iog,1.11,False,False,True,False,False,False,False,True,MIXED,MEDIUM
stake1uxg0wuyl7wp8nc9szdydty2909gs24ch94cm45p7utmwewqwmndhy,77,44,103534.310302,2021-02-05 19:46:11,2025-08-13 20:58:55,2025-08-13 20:58:55,t,6,pool1swe9nsv8lzugakjkfv04dn38scmq48wzynmn0lxasupuzmqcgjm,2022-03-02 06:59:28,326,1,drep1kyppjlhz4lawh4g0ewx2d8a5l20t4yclfnppnuvdkmt7vccg836,2025-08-13 20:58:55,14908.654076,641,6,8395.214818,2024-01-13 14:27:43,6513.439258,coordinated_like,iog,0.89,False,False,True,False,False,False,False,True,MIXED,MEDIUM
stake1uyu0mhwces38yp6jvvnxx3zcsm460fhcjap5rp6zvufd7pcrvzhtc,7,6,102466.469746,2021-03-13 00:48:21,2025-07-12 03:32:50,2021-09-25 19:28:32,t,1,pool1jt7d6ak3m8gnjyxtuxfswe258xzwda80ndl0a57vv5m2zv8h6at,2021-09-25 19:28:32,294,0,,,15179.816099,641,0,0.000000,,15179.816099,coordinated_like,emurgo+iog,4.77,False,True,False,False,True,True,False,True,DORMANT_2Y_PLUS,MEDIUM
stake1u9030v4ndyygmswpuuz22r6ewuzv56fvzx6wvh6zzkvaktg90x98z,10,8,102203.150588,2021-03-02 16:15:03,2021-09-07 11:08:22,2021-09-07 11:08:22,f,0,,,,0,,,0.000000,,0,0.000000,,0.000000,coordinated_like,emurgo+iog,4.82,False,True,False,False,False,False,False,True,DORMANT_2Y_PLUS,LOW
stake1uy5ag95jztrjxe4tk0jx6s9ey477kvjdvw7m3m2dt388pcstdctey,122,102,101701.131851,2021-02-15 08:36:37,2026-05-24 15:55:57,2026-05-24 15:55:57,t,4,pool17rjst78s67lvellg8s586rf076jxa3wnsdz730f4xk2zwuhrtej,2022-08-13 09:55:13,358,2,drep1kyppjlhz4lawh4g0ewx2d8a5l20t4yclfnppnuvdkmt7vccg836,2026-05-24 15:55:57,10736.136929,641,2,2879.171376,2022-08-13 09:29:09,7856.965553,probable_retained_like,emurgo+iog,0.11,False,False,True,True,False,False,False,True,ACTIVE_MANAGED,MEDIUM
stake1u9a23thjwm6nnxkr6rztdzjff2h5nyqu43yepsxdv89w74s4g2t9n,81,50,100176.391013,2020-07-29 22:34:31,2025-09-24 13:30:09,2025-09-24 13:30:09,t,7,pool1ekcsyzwexl7p2kwxxh34hy28l6772vrmff7jwmuxsa6u6fzty9z,2024-11-12 03:33:56,523,1,drep_always_abstain,2024-11-12 03:33:56,15657.396766,641,6,13834.154463,2025-09-24 13:30:09,1823.242303,coordinated_like,emurgo+iog,0.77,False,False,True,False,False,False,False,True,MIXED,MEDIUM
stake1u9e2h578uqz0skjtg3r5tc3uzqt85zae7aspnv4wzhylzvsdwrwyj,12,9,100113.375078,2021-02-23 19:21:31,2021-03-17 20:45:52,2021-03-17 20:45:52,t,1,pool16hs0jxw7h6pwg3ru7rcq3yvg4csj7lhmcpj68kqem2sh5nt8mwk,2021-02-27 15:44:22,252,0,,,18348.576318,641,1,46.855373,2021-03-17 20:45:52,18301.720945,coordinated_like,emurgo+iog,5.29,False,True,False,False,False,False,False,True,DORMANT_2Y_PLUS,LOW
stake1uyrzqnf8w5daetfh2ut3jjq9g0negwkkkzvty3wk5nrm3qqjw3ehx,7,6,99997.824863,2021-02-26 14:29:53,2021-03-19 13:50:29,2021-03-11 13:02:06,t,1,pool1w7c2j0px43jmudhf48ezp7dy8j7904c9l3wc7809lhh2z026hch,2021-03-11 13:02:06,254,0,,,18917.480926,641,0,0.000000,,18917.480926,coordinated_like,emurgo+iog,5.31,False,True,False,False,True,True,False,True,DORMANT_2Y_PLUS,MEDIUM
stake1uxgglyg9q6z8n2xdxw7h7902mchd6rvzfjfzp4qqgj90k0cxh3t9f,32,21,99459.125808,2021-01-30 19:00:44,2025-10-27 16:19:00,2025-10-27 16:19:00,t,4,pool1ld9hkah2dkzh73pvh9tf6xr0x28us34msv3zcv2sase5vhvq962,2021-09-12 15:20:44,291,1,drep1qe2l8gw8v7ydswfp9twytxcc3wzwdq8npt55f3vnlgv2u8sx3nt,2025-10-27 16:15:43,9659.407798,641,2,8234.620106,2025-10-27 16:19:00,1424.787692,coordinated_like,iog,0.68,False,False,True,False,False,False,False,True,MIXED,MEDIUM
stake1uxtq2lw6vl9wxla8hjkg8r8sfuxu24v9mnz3v46jtwusyvcpez35c,11,9,94655.497513,2021-03-05 09:05:19,2026-03-14 22:35:53,2026-03-14 22:35:53,t,1,pool1nwt6mxqus3tpzrshky5h5kykz9rjpxmacrvw0z6yak9uk5p5045,2021-03-07 21:33:38,254,0,,,16638.796009,641,0,0.000000,,16638.796009,coordinated_like,emurgo+iog,0.30,False,False,False,True,True,True,False,True,ACTIVE_MANAGED,MEDIUM
stake1uxuk4zzqajhwkl05mee3scvfsxue2wlupdu0ftm3zwq35pqqqe0xj,8,6,92850.895803,2021-02-02 11:48:27,2026-04-18 02:23:44,2021-11-24 08:41:39,t,1,pool1s6se64qce5rjjjhh6ufcdnc54p8qg78mlhjm38lymx99sqysvzx,2021-02-25 18:45:10,252,0,,,16039.860319,641,1,2617.333142,2021-11-24 08:41:39,13422.527177,coordinated_like,emurgo+iog,4.61,False,True,False,False,False,False,False,True,DORMANT_2Y_PLUS,LOW
stake1u865873yertl5g5rupqj5aer8wdmlktrzjrfh0vxzu4utrch3lvgz,24,17,91671.420576,2020-10-26 08:32:08,2026-03-28 21:27:19,2026-03-23 21:42:59,t,3,pool1ekcsyzwexl7p2kwxxh34hy28l6772vrmff7jwmuxsa6u6fzty9z,2023-04-01 05:15:55,405,1,drep1qe2l8gw8v7ydswfp9twytxcc3wzwdq8npt55f3vnlgv2u8sx3nt,2026-03-23 21:42:59,17580.726872,641,0,0.000000,,17580.726872,coordinated_like,iog,0.28,False,False,True,True,True,True,False,True,ACTIVE_MANAGED,MEDIUM
stake1uxksp60gge8d0sg5j40tpsuuplhj9gwe7nc42ccxxh36wxqqrzzmn,88,43,90087.744416,2020-10-05 15:00:33,2025-11-21 23:54:22,2025-09-28 11:29:22,t,3,pool17kew7rtakc7g6qzydntann5umw08xq3ll2j7spk7en4kvff69fa,2022-01-16 22:50:03,317,1,drep13d6sxkyz6st9h65qqrzd8ukpywhr8swe9f6357qntgjqye0gttd,2025-09-28 11:28:37,9838.635723,641,2,8434.540445,2025-09-28 11:29:22,1404.095278,high_confidence_retained_like,emurgo+iog,0.76,False,False,True,False,False,False,False,True,MIXED,MEDIUM
stake1u8qd999js0jcvyaupp6pzwyeedw6wdlcwaxsmppaymjzvps2m8dfd,12,11,86701.366206,2020-11-24 15:21:49,2021-07-23 18:14:26,2020-11-24 15:28:52,t,1,pool19ht066hngsjfnv3mfsc8u9fgzl4w5qcrmh8l6zppwph6s2t7jn4,2020-11-24 15:28:52,233,0,,,14229.475179,641,0,0.000000,,14229.475179,coordinated_like,emurgo+iog,5.60,False,True,False,False,True,True,False,True,DORMANT_2Y_PLUS,MEDIUM
stake1uxqg2ja2xd8er38ma30962wm8np4hddj59xdft58dez8l5gft76hh,8,6,85793.654364,2021-03-03 05:18:10,2021-03-16 01:10:23,2021-03-03 06:16:11,t,1,pool1pp7tn2w6ken4rpfcjwcdup3g4m5gcdhc9lgvrm3mnxz5stmrhq2,2021-03-03 06:16:11,253,0,,,14689.395347,641,0,0.000000,,14689.395347,coordinated_like,emurgo+iog,5.33,False,True,False,False,True,True,False,True,DORMANT_2Y_PLUS,MEDIUM
stake1uyfluasczzye6qqctut6pctzy6kfx09u9jergqym6j0tc8smxrqmr,39,23,84221.980632,2021-02-26 14:18:11,2026-03-12 04:18:40,2026-03-12 04:18:40,t,7,pool1gtphgrdj8sluxm9e7ca2spcwcq2p0dxj9zf5v0yv3gsagzq704n,2025-04-14 13:27:06,553,1,drep_always_abstain,2025-04-14 12:46:35,14704.338940,641,5,14101.514765,2026-03-12 04:13:27,602.824175,probable_retained_like,emurgo+iog,0.31,False,False,True,True,False,False,False,True,ACTIVE_MANAGED,MEDIUM
stake1u9ykxjqtxcaqkrkkmuvsug8674lyg6yftazt6qap7zg2dcq9fz6f0,23,14,84128.612689,2021-01-08 17:46:19,2026-05-27 07:04:05,2026-05-01 12:47:23,t,4,pool1yj9xduuwzvdkcwm2mc9x893zq684x7pyah4ja8zmzplgvxz6wgk,2026-05-01 12:47:23,630,2,drep_always_abstain,2026-05-01 12:47:23,13662.381058,641,4,11966.955895,2025-05-15 10:09:10,1695.425163,probable_retained_like,emurgo+iog,0.17,False,False,True,True,False,False,False,True,ACTIVE_MANAGED,MEDIUM
stake1uyl0vt2wehepxq2ee4jf7agaplxj9aczwh4pws83gl64pqqa29mtn,12,11,82504.155092,2021-03-06 08:49:18,2024-05-28 14:14:17,2022-03-07 05:48:28,t,1,pool1efxh54fk0dj5uu2e4eu08klxl5ys3saphv3kec33kw3xv8738sc,2022-03-07 05:48:28,327,0,,,7849.150926,640,0,0.000000,,7849.150926,coordinated_like,emurgo+iog,4.32,False,True,False,False,True,True,False,True,DORMANT_2Y_PLUS,MEDIUM
stake1uxyxrs57g9gar6wsadae8zhtqfjv5rl8zm5qlkhanv93fcsfsg3hy,17,7,80037.645360,2021-08-20 05:57:38,2026-02-27 10:40:50,2026-02-27 10:40:50,t,1,pool1xxhs2zw5xa4g54d5p62j46nlqzwp8jklqvuv2agjlapwjx9qkg9,2021-08-21 03:57:22,287,1,drep_always_abstain,2026-02-27 10:40:50,16402.506854,641,5,13139.577773,2024-11-23 02:13:14,3262.929081,coordinated_like,emurgo+iog,0.35,False,False,True,True,False,False,False,True,ACTIVE_MANAGED,MEDIUM
stake1u8eraktrnu7kymwnuwcakeeugt93v4n5ms0w0enr9ltq9esewqyce,12,9,79146.298346,2021-03-01 03:54:20,2026-01-14 07:03:57,2026-01-14 07:03:57,t,1,pool1aqg6fvhcaulvss2ruvpx6ur9vj7pejvdcxv6xp0qlwuwx94evf0,2021-03-04 01:23:01,253,1,drep1h95f0wrxasn0fwfajwe8jtjfdw5nd880d073wh2llvxk54rvnus,2026-01-11 07:24:56,12384.851332,641,1,11598.729531,2026-01-14 07:03:57,786.121801,high_confidence_retained_like,emurgo+iog,0.47,False,False,True,True,False,False,False,True,ACTIVE_MANAGED,MEDIUM
stake1uy9zunxu8d3wy3had6j080ejju7j8h4gzkdmkd6mg0p960s40yuh8,41,27,78645.238289,2021-01-26 23:02:18,2025-04-21 15:24:24,2025-04-21 15:24:24,t,7,pool104v7kzpq86r0wnfsz8r7jeld2raap92qq84trjcqk62zyh9akqt,2024-03-06 16:41:15,473,1,drep1ydvwp8x9j8u4flwjqwxf8jdjwp9p4zf2x4rk7vv7fgzk6j2k7c6,2025-04-21 15:24:24,12628.146348,641,2,8807.902266,2024-03-06 16:41:15,3820.244082,probable_retained_like,emurgo+iog,1.20,False,False,True,False,False,False,False,True,MIXED,MEDIUM
stake1uy2vwk56qcxq6w8gzuj5xyd0nv0n5fv2g3altupc54tyqpqadcvtv,93,54,78259.956296,2021-02-03 18:11:29,2025-04-10 16:54:07,2025-04-10 16:54:07,t,14,pool1r0sxz0hygfc0266lhdclve6j3cwcwlth6dya6uey65yxjnwm7qc,2025-04-10 16:54:07,553,1,drep_always_abstain,2025-01-23 21:25:34,9886.034426,641,16,7647.463708,2025-04-10 16:54:07,2238.570718,high_confidence_retained_like,emurgo+iog,1.23,False,False,True,False,False,False,False,True,MIXED,MEDIUM
stake1uyl8hv4qcmn5ynv5rx3x2022t7rkzn2hvr0zejn3kjfy2nq5ggwnq,194,156,76242.151713,2021-02-19 04:13:06,2026-04-18 01:41:40,2026-04-18 01:41:40,t,1,pool1fv9f8phzn7hp623ypw6ctf73a98hd7nrh8wm7glpcuhf64856g2,2021-02-19 04:30:26,250,1,drep1ksd86wmjajshc6yvjyaur963827qnhfmtjfy0gjpl92eg3l9cl6,2024-11-08 22:01:43,6087.478140,639,16,5852.888677,2026-04-18 01:35:21,234.589463,probable_retained_like,emurgo+iog,0.21,False,False,True,True,False,False,False,True,ACTIVE_MANAGED,MEDIUM
stake1uxya22a7ves5mngpppschutz85dtrrzm582fgjxlvr4zfvqlgl5wt,16,12,74727.668956,2021-02-26 17:18:34,2026-04-18 02:20:43,2025-01-19 11:06:18,t,1,pool14zdcvdec8qmqzsat5wg3a2h9f0u5yzrgjew534z8u3gs5durnjz,2021-03-24 13:13:39,257,1,drep_always_no_confidence,2025-01-19 11:03:43,11420.715159,641,2,8986.951074,2025-01-19 11:06:18,2433.764085,high_confidence_retained_like,emurgo+iog,1.45,False,False,True,False,False,False,False,True,MIXED,MEDIUM
stake1uyvwjrtk74jagmydpwr7xhmkpdtx8t8r8q9s70gecjp2z9crjjwlh,70,40,73382.941722,2021-01-10 17:31:43,2025-08-14 07:42:36,2025-04-23 11:32:01,t,14,pool14hsxa2zfwzvy9ncdjwnx0xkcltjmdydeayxfju7suuuewv0dnke,2025-04-23 11:30:20,555,1,drep_always_abstain,2025-04-23 11:30:20,6996.240928,641,10,5953.023523,2025-04-23 11:32:01,1043.217405,high_confidence_retained_like,emurgo+iog,1.19,False,False,True,False,False,False,False,True,MIXED,MEDIUM
stake1u8rzm9tulpjw9umc52wscm982cj0djet0twqqeanam39ykqujujuu,41,30,72702.077342,2021-02-21 06:28:40,2025-10-20 01:06:41,2025-10-20 01:06:41,t,5,pool1l6aeyn35nkqkn9lqqlwqnpraakdzuukjrqprcrj3sctk6hhe32k,2024-06-20 18:47:17,494,2,drep1h95f0wrxasn0fwfajwe8jtjfdw5nd880d073wh2llvxk54rvnus,2025-10-20 01:06:41,11249.963707,641,4,8570.861272,2024-12-12 01:09:07,2679.102435,high_confidence_retained_like,emurgo+iog,0.70,False,False,True,False,False,False,False,True,MIXED,MEDIUM
stake1u8f5tqaegz98pawd3j05hnqn6nw952nll4jkagu3gvaxg5gh8mjj2,56,45,72113.992793,2021-03-03 16:29:31,2024-12-14 10:39:45,2024-12-14 10:39:45,t,3,pool16kus5xvdysgmtjp0hhlwt72tsm0yn2zcn0a8wg9emc6c75lxvmc,2022-11-06 18:47:55,375,1,drep13d6sxkyz6st9h65qqrzd8ukpywhr8swe9f6357qntgjqye0gttd,2024-11-08 15:25:12,9425.972413,641,1,6516.221296,2024-11-08 15:28:23,2909.751117,coordinated_like,iog,1.55,False,False,True,False,False,False,False,True,MIXED,MEDIUM
stake1uy8y2ql3zep20yw6f8yghq7wcgzjk8v80h7rvl4hx3zwjaqqyj2kc,88,65,71595.466421,2021-01-26 20:41:46,2025-10-11 02:19:17,2025-06-23 20:40:59,t,1,pool1hntu7agmt8u5j9c20ejen7dvq0jfkvkpnul3mrdd8tppqvwfvt2,2021-01-27 00:39:21,246,1,drep13d6sxkyz6st9h65qqrzd8ukpywhr8swe9f6357qntgjqye0gttd,2025-06-23 20:39:27,7168.047225,641,12,5600.643564,2025-06-23 20:40:59,1567.403661,coordinated_like,iog,1.03,False,False,True,False,False,False,False,True,MIXED,MEDIUM
stake1u9qf8cuj9lfr9dhhk0x9g9wv6delm5sg6enqx65j7k7cnhgsu9d28,52,43,71042.456379,2020-09-10 19:20:18,2026-01-05 16:29:13,2026-01-05 16:29:13,t,4,pool1prc9hna2mgamtspchrygc66s9n4tlkvh39e3t9zccef4kzc3ns2,2026-01-05 16:29:13,607,1,drep1jnmmkfwpta0yuwjchw0gu6csh75vy62088egy9n67d0zc7sn83m,2025-08-13 22:16:42,9262.068281,641,2,8460.445211,2026-01-05 16:29:13,801.623070,coordinated_like,iog,0.49,False,False,True,True,False,False,False,True,ACTIVE_MANAGED,MEDIUM
stake1u9fzdck85x4j77dzwm22z7lk2fm9rfvt4v2fvjqulf4jqsqdxh234,9,5,70537.773564,2021-03-10 12:36:34,2025-06-01 19:53:56,2025-06-01 19:53:56,t,2,pool1cunvnkjkzh2lna593sjmkylcr3r5rmxdpr8r9u6pfuer72p24x4,2025-06-01 19:53:56,563,0,,,1658.033747,641,0,0.000000,,1658.033747,coordinated_like,emurgo+iog,1.09,False,False,True,False,True,True,False,True,MIXED,MEDIUM
stake1uy9rd266xvlzm7lnngjh3qcx3wcaxmv86tavc97zluw48esf7spfc,9,8,70111.825567,2021-02-05 02:57:50,2025-03-08 13:26:21,2021-02-26 00:59:40,t,1,pool1pnzwgsgzd6t4788sfr7dxjyusepyq9xaxnpyfcngewqf29t9ayd,2021-02-26 00:59:40,252,0,,,11336.661786,641,0,0.000000,,11336.661786,coordinated_like,emurgo+iog,5.35,False,True,False,False,True,True,False,True,DORMANT_2Y_PLUS,MEDIUM
stake1uy3j3hqsq637x40lgd280e6qzm4gsp09xyqfaedt3d7kwwq7ykwv0,81,54,69692.829293,2021-03-01 20:19:08,2025-02-26 20:17:42,2024-09-26 01:32:30,t,5,pool1xjhzgchsl2ccvc5pj3aqytv9hh0jnaz63wtfnw4th07tjypm46x,2024-09-26 01:32:30,513,1,drep_always_abstain,2024-09-26 01:32:30,7172.023684,641,9,4071.716257,2024-09-21 22:51:33,3100.307427,probable_retained_like,emurgo+iog,1.77,False,False,True,False,False,False,False,True,MIXED,MEDIUM
stake1u9gtpf2dlrfcs2sj9jx7238yse6pc2p2em7d3eydu755qgsxlj2n5,64,52,69026.237694,2021-01-26 09:06:43,2026-06-07 05:24:46,2026-02-07 05:53:53,t,3,pool1zmfpd5r5vfwjmwm4cgy53exe58h7plnecny3t4948yw7zumzp4c,2025-08-09 05:50:08,577,1,drep1qe2l8gw8v7ydswfp9twytxcc3wzwdq8npt55f3vnlgv2u8sx3nt,2025-08-09 05:49:01,2649.854061,641,2,1335.516528,2024-10-20 11:50:03,1314.337533,coordinated_like,iog,0.40,False,False,True,True,False,False,False,True,ACTIVE_MANAGED,MEDIUM
stake1uxwy2c0n3q0twk53sgz3p3j6naz473tp565ztn55ahckswge2vmkr,66,50,68309.339282,2020-09-01 17:52:45,2025-03-05 13:28:36,2025-03-05 13:28:36,t,4,pool14cq4fchmmqjygwjw4zexmqqd6a7caxptjnvseyu6wanjuppv4vk,2024-11-23 01:50:50,525,1,drep1nm3mpnnvtxvlmqt7lpnskm0clhtm7ngg4pm7qklv42j5qcvhhnw,2024-10-11 11:32:58,6409.879062,641,5,4211.226853,2025-03-05 13:28:36,2198.652209,probable_retained_like,emurgo+iog,1.33,False,False,True,False,False,False,False,True,MIXED,MEDIUM
stake1u9xd6kljs4x6j36ggql6m8nyejzekfhrxe3s0y8zlcnaemq8t24se,21,9,66738.254004,2021-02-16 01:07:58,2021-04-13 20:18:30,2021-03-03 02:03:41,t,2,pool1rct5guwnp6nk9f4ldn5tr3s42j0nm5rxeayv56lxua5ck47ex39,2021-02-16 06:50:23,250,0,,,12381.570915,641,0,0.000000,,12381.570915,coordinated_like,emurgo+iog,5.33,False,True,False,False,True,True,False,True,DORMANT_2Y_PLUS,MEDIUM
stake1u9u5wpxrm8chw230jm4nhzukcc73hca8erdqqyturrjshlsc0huvk,10,10,66490.821677,2021-03-06 20:30:04,2024-07-12 15:01:57,,f,0,,,,0,,,0.000000,,0,0.000000,,0.000000,coordinated_like,emurgo+iog,5.32,True,True,False,False,False,False,False,True,NEVER_SPENT_COLD,LOW
stake1uyjk9qlj3q2scwlhpunxdp2dw92ycgr9cv09y5c7y8tkn3shcvfms,25,11,64360.150845,2021-01-11 08:04:08,2025-09-25 12:05:19,2025-07-19 10:29:59,t,1,pool1smy2r8jdvgna5ykhe8rrch7h4qalyfafyzyh0rmanmq0jxptww7,2021-01-11 08:09:20,243,1,drep1jnmmkfwpta0yuwjchw0gu6csh75vy62088egy9n67d0zc7sn83m,2024-12-14 10:52:46,12043.281291,641,0,0.000000,,12043.281291,coordinated_like,iog,0.96,False,False,True,False,True,True,False,True,MIXED,MEDIUM
stake1uxm28d4sc5lz5y3pt8epcg447r38pdm02e4lrl5wqvynukcverxjv,60,19,62011.309937,2020-07-31 08:52:51,2025-09-12 07:57:06,2025-09-12 07:57:06,t,6,pool1qqqqpanw9zc0rzh0yp247nzf2s35uvnsm7aaesfl2nnejaev0uc,2022-03-06 18:34:27,326,1,drep13d6sxkyz6st9h65qqrzd8ukpywhr8swe9f6357qntgjqye0gttd,2025-09-12 07:57:06,13177.440131,641,12,5090.760594,2022-05-08 08:16:48,8086.679537,probable_retained_like,emurgo+iog,0.81,False,False,True,False,False,False,False,True,MIXED,MEDIUM
stake1u9vy52spewmew74hcehs2mjk4u9dhv9z9yxgwvnqhp588uqueq3dp,66,47,60704.085235,2020-07-31 15:44:51,2026-04-20 17:50:05,2026-04-20 17:50:05,t,7,pool1vquhv3kh6xkklckaenl8alyuhfsld57ef5573aqauueyqacx4ak,2022-11-27 06:35:05,380,1,drep1qe2l8gw8v7ydswfp9twytxcc3wzwdq8npt55f3vnlgv2u8sx3nt,2025-04-13 06:49:19,8842.076639,641,3,7175.634997,2025-04-13 07:09:03,1666.441642,coordinated_like,iog,0.20,False,False,True,True,False,False,False,True,ACTIVE_MANAGED,MEDIUM
stake1uyaagyhvk62rt2w3vlfrrpytj9m8ausp4d58nks3a8gxqkqurkt92,18,15,59726.105533,2021-03-14 09:59:30,2026-02-02 03:15:13,2022-02-09 17:52:47,t,3,pool1tdsrw0n33gmy0mzh7cgtn9p0jy5xwjxaa2s26gn2ewf8kg4nrzx,2022-02-09 17:52:47,321,0,,,7869.926130,641,0,0.000000,,7869.926130,coordinated_like,emurgo+iog,4.39,False,True,False,False,True,True,False,True,DORMANT_2Y_PLUS,MEDIUM
stake1u8r3rn8lqzrcnusmw946zryktg78rckn67pt5dgxvy4qx6gagudr5,14,12,58912.232037,2021-01-10 05:49:15,2026-02-02 03:15:13,2023-04-05 02:32:34,t,2,pool1tdsrw0n33gmy0mzh7cgtn9p0jy5xwjxaa2s26gn2ewf8kg4nrzx,2023-04-05 02:32:34,405,0,,,11222.715915,641,0,0.000000,,11222.715915,coordinated_like,emurgo+iog,3.25,False,True,False,False,True,True,False,True,DORMANT_2Y_PLUS,MEDIUM
stake1u9gwxpdlaqr7lywdmm9vuhjwdeq7ql8h8qumu6ev4ut2vnqthleqt,32,29,58894.300080,2021-01-26 00:09:43,2022-11-19 17:34:43,2021-07-19 09:30:31,t,2,pool1myvgx4ef424e6nw2strqq7dxcepav52plyyhxrk0avaw7y098l2,2021-03-27 16:53:14,258,0,,,9861.926319,641,1,733.729222,2021-07-19 09:30:31,9128.197097,coordinated_like,emurgo+iog,4.96,False,True,False,False,False,False,False,True,DORMANT_2Y_PLUS,LOW
stake1u8aklfydyauc3nszrf74guwze4fvtatwxf8j89tdyns27wgxfz4zj,25,22,57692.603471,2020-08-02 21:39:31,2026-06-23 01:02:33,2026-06-23 01:02:33,t,1,pool173mzegwuu0pjcrt60ekelzj5haqr8r5e4e0n45qh9jdz7xm5kh8,2020-08-18 23:47:21,214,1,drep1km69g7ksf8t5g0h9d9tkrcd2tezxelx0wtr76rv2mrkl5nzd6v3,2025-04-02 00:30:37,11578.024250,641,0,0.000000,,11578.024250,probable_retained_like,cf+iog,0.03,False,False,True,True,True,True,False,True,ACTIVE_MANAGED,MEDIUM
stake1uy407n6mnc7783x9h5uv8q7q7q8jxkyu3unsrsfs4zx9tugmn4uln,28,6,56218.099922,2021-02-22 18:02:46,2026-04-04 12:29:58,2025-09-19 19:22:28,t,2,pool12z39rkzfylvn9wfe8j6x9ucq6g2l4mw4azj70y0gd8ejczznyj3,2022-02-11 22:03:38,322,1,drep_always_abstain,2024-12-20 14:40:29,19303.818358,641,4,18226.054853,2025-09-19 18:34:53,1077.763505,high_confidence_retained_like,emurgo+iog,0.79,False,False,True,False,False,False,False,True,MIXED,MEDIUM
stake1uyegev3ge7jury2tv05ek3la2arq27vp89nzkj0kw3glxws426ccf,30,24,56122.039202,2021-07-10 10:42:00,2026-02-04 19:48:05,2025-10-04 22:44:22,t,3,pool1jq7r3evstu2c040vlry8tgvpwf0mfvft86cxecwjpwcuvvqfu2r,2022-01-31 11:41:47,320,1,drep_always_abstain,2025-10-04 22:44:22,8270.865591,641,1,2431.510452,2022-10-12 14:19:21,5839.355139,coordinated_like,emurgo+iog,0.74,False,False,True,False,False,False,False,True,MIXED,MEDIUM
stake1u9e86h4dwa0p2ggdlxp3sud95rj7uuff8fgldqjvh29d2asq5ycqz,36,22,55397.862786,2021-01-19 22:23:19,2025-06-15 22:21:20,2025-06-15 22:21:20,t,3,pool1853ffwhtuka742fq4av7s3ssdpvzhdkpw53th3es36zkwrllj9g,2022-05-01 00:44:07,338,2,drep1qe2l8gw8v7ydswfp9twytxcc3wzwdq8npt55f3vnlgv2u8sx3nt,2025-06-15 22:21:20,8910.696454,641,3,6132.964117,2024-05-05 21:19:05,2777.732337,coordinated_like,iog,1.05,False,False,True,False,False,False,False,True,MIXED,MEDIUM
stake1u89peuqths3xc58p4anme67k6cn60sutm7vjph4xnzyzzxshk3rv9,73,41,54742.255484,2021-02-23 04:43:32,2026-05-19 11:36:08,2026-05-19 11:36:08,t,15,pool1a23gmvalpdams9d42t7fur8vmknzjv7wd3nsvuvrc7dv66lnau0,2023-04-23 07:41:12,409,0,,,8881.765029,641,0,0.000000,,8881.765029,coordinated_like,emurgo+iog,0.12,False,False,False,True,True,True,False,True,ACTIVE_MANAGED,MEDIUM
stake1u8sef9kv9gqr8vtmrz859zlxec3lq6hmtasxsaldkx8h2dq3q8mfn,62,23,54687.442844,2020-10-25 20:57:07,2024-11-12 12:35:15,2024-11-12 12:35:15,t,10,pool19pyfv4xnln8x4l7auw0n0skk3hd97shun707hrw5d4s553ys74x,2024-11-12 12:35:15,523,1,drep13d6sxkyz6st9h65qqrzd8ukpywhr8swe9f6357qntgjqye0gttd,2024-10-19 12:50:23,6534.587754,641,6,4367.266270,2024-11-12 12:35:15,2167.321484,high_confidence_retained_like,emurgo+iog,1.64,False,False,True,False,False,False,False,True,MIXED,MEDIUM
stake1ux2cra4t8tdny7ewrkclsy8greckdqk7rqzltlcdvhttpucncjeaf,70,65,53772.464022,2020-08-03 16:34:11,2026-06-05 02:00:50,2021-11-15 23:17:10,t,2,pool1u7mqtde27swkarngjsn5mmw3sy20zavlafgqkmg8qv2n2nwga0l,2020-12-23 21:54:21,239,0,,,9303.132276,641,0,0.000000,,9303.132276,coordinated_like,emurgo+iog,4.63,False,True,False,False,True,True,False,True,DORMANT_2Y_PLUS,MEDIUM
stake1u8xl5ysfalhpg7rnxe8hg7fj7rsn9a4drp9w3aazlvjdjcgchmldg,4,3,53585.439391,2021-03-03 23:41:21,2021-03-05 01:20:29,2021-03-05 01:06:04,t,1,pool1ctzja2cdwyeqnvehmrlclc5wrn9w9acwklk3acn73jrx56d66vs,2021-03-05 01:06:04,253,0,,,10306.162122,641,0,0.000000,,10306.162122,coordinated_like,emurgo+iog,5.33,False,True,False,False,True,True,False,True,DORMANT_2Y_PLUS,MEDIUM
stake1u8fccxl3h5zxpeny6gwj7h6dp6ccgpwss8m2zekjwrqtfasqgkh5t,26,12,53502.538990,2020-09-03 17:06:33,2025-01-10 11:05:37,2025-01-10 11:05:37,t,6,pool1xkwnlr34tjrnkz6u4c0p36cju3xuls4dyynsdkf6cv22ksuhz6q,2025-01-10 11:05:37,535,1,drep_always_abstain,2025-01-10 11:05:37,9893.690510,641,3,7872.861986,2024-11-27 09:42:08,2020.828524,coordinated_like,emurgo+iog,1.48,False,False,True,False,False,False,False,True,MIXED,MEDIUM
stake1u8mgxykea8wyvvcl4r3sp0ltk3a87qr6c8c62rras60u2aqc4774l,44,15,53262.244916,2020-12-24 02:53:18,2024-12-07 18:18:02,2024-11-16 10:49:17,t,8,pool1crts5gmqr34gsrn6wvrhfs9yqp0ynu8t2t4r350xp80s6pc56ue,2022-03-21 10:55:29,329,0,,,9227.699243,641,3,7327.338954,2024-11-16 10:49:17,1900.360289,coordinated_like,emurgo+iog,1.63,False,False,False,False,False,False,False,True,MIXED,LOW
stake1u8ee9cfzahl25p22ywppsy2hanu267zuyswlp9y295padfczpy8zr,26,21,53162.346348,2021-04-03 18:33:27,2025-04-10 17:49:57,2025-04-10 17:49:57,t,3,pool1l6aeyn35nkqkn9lqqlwqnpraakdzuukjrqprcrj3sctk6hhe32k,2024-01-31 19:38:25,466,1,drep_always_no_confidence,2025-02-02 15:58:11,5418.077998,641,2,3905.845438,2025-04-10 17:49:57,1512.232560,coordinated_like,emurgo+iog,1.23,False,False,True,False,False,False,False,True,MIXED,MEDIUM
stake1uy00nxvcarqjym8edaptl22jcmu7gpau2gtyd2awtad7kkq8dnt3c,10,8,51900.660323,2021-02-05 16:32:03,2021-03-19 17:42:37,2021-02-23 04:19:26,t,2,pool1g6g2d09le8hd6nv9jhyavewdnw8tu0ndst4lqysd00ru24cav0a,2021-02-23 04:19:26,251,0,,,9505.237438,641,0,0.000000,,9505.237438,coordinated_like,emurgo+iog,5.36,False,True,False,False,True,True,False,True,DORMANT_2Y_PLUS,MEDIUM
stake1u9xgdudpnyjndhx2ky2k8jg072s0pccqrm0lwja83afqarqnyuwr9,34,24,51268.725687,2021-01-13 11:48:48,2025-03-12 14:15:40,2025-03-12 14:15:40,f,5,pool1s6se64qce5rjjjhh6ufcdnc54p8qg78mlhjm38lymx99sqysvzx,2023-12-13 11:38:39,456,1,drep1m8mnpykcjfyax5mcs42whu3dt347u8aq43x45ucs6dv3ztw0lez,2025-03-12 14:13:08,3852.217635,545,4,3857.912623,2025-03-12 14:15:40,-5.694988,probable_retained_like,emurgo+iog,1.31,False,False,True,False,False,False,False,True,MIXED,MEDIUM
stake1u8u6kxszy73m5ad9e8jzyhpttvkq88pwzxdz2jq706nm6ygcw9rdd,76,72,51057.231520,2020-09-05 09:00:15,2024-12-21 22:23:22,2023-11-17 23:22:54,t,1,pool1jeu74g86ys4fekhykqcww99kdsq3nlym8a6kfw8s8ff3vskad70,2020-09-05 09:10:09,217,0,,,6886.081891,641,3,3863.316725,2023-11-17 23:22:54,3022.765166,coordinated_like,emurgo+iog,2.62,False,True,False,False,False,False,False,True,DORMANT_2Y_PLUS,LOW
stake1u9zkmemptx08uj8s7r8h629f5hthan7msf8wy4mkrd20zxgs6xpr7,5,4,51029.875789,2023-07-25 12:29:24,2023-10-27 09:12:38,2023-10-26 15:57:00,t,1,pool1nwt6mxqus3tpzrshky5h5kykz9rjpxmacrvw0z6yak9uk5p5045,2023-10-26 15:57:00,446,0,,,3350.191002,641,0,0.000000,,3350.191002,coordinated_like,emurgo+iog,2.69,False,True,False,False,True,True,False,True,DORMANT_2Y_PLUS,MEDIUM
stake1u9wk8282fuqn04023xuer0dxa9x594ts579nz36sagkeynqxxtt2e,32,22,50292.450302,2020-08-26 17:24:15,2025-12-02 12:33:57,2022-09-20 17:59:36,t,3,pool1qqqqdktl6pq46td0mwut0qn30g7nlue0sete9wxl0hwsq37wrw8,2021-01-29 08:34:49,246,0,,,9708.458927,641,0,0.000000,,9708.458927,coordinated_like,emurgo+iog,3.78,False,True,False,False,True,True,False,True,DORMANT_2Y_PLUS,MEDIUM
stake1u9yf4vdee7xcc6c4jjmgwxq7yp3jxuthu0r68crqs7fll4q4lejnj,16,9,50152.282299,2020-12-15 04:18:23,2024-02-17 19:27:18,2023-10-27 09:12:38,t,3,pool1nwt6mxqus3tpzrshky5h5kykz9rjpxmacrvw0z6yak9uk5p5045,2021-02-20 11:54:51,251,0,,,15856.920860,641,0,0.000000,,15856.920860,coordinated_like,emurgo+iog,2.68,False,True,False,False,True,True,False,True,DORMANT_2Y_PLUS,MEDIUM
stake1u8tcdp4xejtswx2tvvxyr8ahhrdy9x9cjfvl38fw5wk7h6q70m05r,104,31,49900.097450,2020-07-30 21:40:51,2026-04-02 15:35:17,2026-04-02 15:35:17,t,2,pool18vej0s9gska8c847aj95g9v24duuxg2g63d5cuqngnxew643jw9,2022-02-04 14:01:16,320,1,drep_always_abstain,2025-01-14 22:54:31,10524.581195,641,43,10240.784905,2026-03-31 23:09:09,283.796290,probable_retained_like,cf+iog,0.25,False,False,True,True,False,False,False,True,ACTIVE_MANAGED,MEDIUM
stake1u9m0mlt5z7nm0jzx3h2va0ppa36fl4wppnah0nnad6a6t6cran537,17,14,49667.460461,2021-01-31 17:44:51,2026-04-26 20:17:28,2026-04-26 20:17:28,t,1,pool1nhd907krga9dh69kf0jg4tl0764rravepy337gptvsknxyyx94k,2021-01-31 18:30:41,247,1,drep1xa90kae89lneyj6ktjrl3mwyvvkq7pxegtjw5rpy50kvclrsl4f,2025-01-01 04:04:14,7736.358705,641,0,0.000000,,7736.358705,high_confidence_retained_like,emurgo+iog,0.19,False,False,True,True,True,True,False,True,ACTIVE_MANAGED,MEDIUM
stake1u8h7m9y8kgmvqaphhl09sjgx9mhuqsnx2dx3j03hjgmzhqslzqjve,8,7,49603.400266,2021-02-11 14:17:52,2022-03-24 20:55:52,2022-03-24 20:55:52,t,1,pool1rvng7n968748udkc5rxy4h9zp9hms4s3jsfwuues76ft28uc056,2022-03-24 20:55:52,330,0,,,6580.178721,641,0,0.000000,,6580.178721,coordinated_like,emurgo+iog,4.28,False,True,False,False,True,True,False,True,DORMANT_2Y_PLUS,MEDIUM
stake1uyjyxsaq923t4xu28ewywl2huqwlemr8zqr5vywdq3n46lgpsfcxs,49,33,47754.635415,2021-01-31 21:42:07,2024-02-18 13:55:18,2021-04-11 18:07:56,t,3,pool16kus5xvdysgmtjp0hhlwt72tsm0yn2zcn0a8wg9emc6c75lxvmc,2021-02-15 20:59:44,250,0,,,9113.129757,641,2,274.497737,2021-04-11 18:07:56,8838.632020,coordinated_like,emurgo+iog,5.23,False,True,False,False,False,False,False,True,DORMANT_2Y_PLUS,LOW
stake1uysgzldcp9amp84apr55nfsyh92v2xc9ps0z47wxmv26l6s33dhh9,74,66,47753.381373,2020-12-28 18:33:40,2024-02-03 10:39:25,2021-11-18 18:45:27,t,5,pool1vx9tzlkgafernd9vpjpxkenutx2gncj4yn88fpq69823qlwcqrt,2021-11-18 18:45:27,305,0,,,8095.884120,641,1,887.218825,2021-09-06 19:41:34,7208.665295,coordinated_like,emurgo+iog,4.62,False,True,False,False,False,False,False,True,DORMANT_2Y_PLUS,LOW
stake1u84esyg9ea75ftga00rnm8qq6cv8fsydlvfs87msek6ngfcep852d,22,16,47512.222843,2021-02-10 12:44:48,2026-06-12 15:53:31,2025-10-04 02:31:52,t,2,pool1mh4ng2ldxk4sqfppzu6r4knxrk6e87e9c4wgrred84uy7xauzlh,2021-11-20 09:45:49,305,1,drep_always_no_confidence,2025-10-04 02:31:52,6073.093408,641,2,3604.077685,2023-12-21 07:12:04,2469.015723,probable_retained_like,emurgo+iog,0.75,False,False,True,False,False,False,False,True,MIXED,MEDIUM
stake1uyzmkvndfchhzwe3n85hdjt993zg9gfvhkn3d28u5nz5aqc7w57vd,23,20,47417.633574,2021-01-26 00:09:43,2023-01-15 10:28:21,2021-07-18 23:31:20,t,2,pool1myvgx4ef424e6nw2strqq7dxcepav52plyyhxrk0avaw7y098l2,2021-03-25 20:42:41,257,0,,,8018.249115,641,1,641.440617,2021-07-18 23:31:20,7376.808498,coordinated_like,emurgo+iog,4.96,False,True,False,False,False,False,False,True,DORMANT_2Y_PLUS,LOW
stake1u8t0neypdvufka7ph4235vvjum8e8dyk5nflussateengsqlv52ld,49,20,46467.421349,2021-02-19 21:42:23,2026-04-18 02:23:44,2025-09-04 21:16:17,t,15,pool1s6se64qce5rjjjhh6ufcdnc54p8qg78mlhjm38lymx99sqysvzx,2025-09-04 21:16:17,582,1,drep13d6sxkyz6st9h65qqrzd8ukpywhr8swe9f6357qntgjqye0gttd,2025-01-28 13:04:34,6905.308469,641,3,6106.481103,2025-09-04 21:16:17,798.827366,high_confidence_retained_like,emurgo+iog,0.83,False,False,True,False,False,False,False,True,MIXED,MEDIUM
stake1uxr08cmar8ell9cm3nul82s3p6aslzkes2gh6j673tthqdscd047u,10,8,46354.978554,2020-11-12 00:35:08,2024-02-17 05:49:05,2021-03-16 21:47:39,t,1,pool18vej0s9gska8c847aj95g9v24duuxg2g63d5cuqngnxew643jw9,2021-03-16 21:47:39,256,0,,,8795.742465,641,0,0.000000,,8795.742465,coordinated_like,emurgo+iog,5.30,False,True,False,False,True,True,False,True,DORMANT_2Y_PLUS,MEDIUM
stake1u9yhfmr0yrngwwq8u60p6da9g3eja73gum7ewat8asewlhgalvzjp,45,34,45156.197181,2021-02-15 19:48:26,2025-09-02 00:29:07,2025-03-30 14:33:04,t,2,pool1jt7d6ak3m8gnjyxtuxfswe258xzwda80ndl0a57vv5m2zv8h6at,2022-01-23 19:45:47,318,1,drep1h95f0wrxasn0fwfajwe8jtjfdw5nd880d073wh2llvxk54rvnus,2025-03-30 14:33:04,7083.038781,641,0,0.000000,,7083.038781,coordinated_like,iog,1.26,False,False,True,False,True,True,False,True,MIXED,MEDIUM
stake1uyxzdz44qz6putxqdrmkntvvw0kr0xhw77kepk8lega6klckahugc,23,13,45034.145702,2020-12-18 10:29:55,2025-01-06 08:26:57,2021-11-19 22:35:18,t,4,pool14zdcvdec8qmqzsat5wg3a2h9f0u5yzrgjew534z8u3gs5durnjz,2021-11-19 22:35:18,305,0,,,8196.774847,641,0,0.000000,,8196.774847,coordinated_like,emurgo+iog,4.62,False,True,False,False,True,True,False,True,DORMANT_2Y_PLUS,MEDIUM
stake1uxs5eqekxlw5vlgc6ql42cucva0qqhemg6vvaxrxxw3my0qkut2nc,83,69,44969.746675,2021-02-25 18:01:29,2025-11-05 14:09:03,2025-11-05 14:09:03,t,4,pool1wt0pf4u2xktp0f7apveu242w6nkm4ltk3m8g039lvuhwq4zdtf3,2022-11-19 10:29:25,378,1,drep_always_abstain,2025-11-05 14:09:03,4331.081925,641,7,1786.313225,2024-04-17 19:13:34,2544.768700,probable_retained_like,emurgo+iog,0.66,False,False,True,False,False,False,False,True,MIXED,MEDIUM
stake1u9ftsdkwyspzt3v8fhnsc0v6yzz804lgsp7dwtqyfewvgygwt0cna,37,27,44012.178817,2020-08-24 20:30:14,2026-03-29 11:27:46,2026-03-29 11:27:46,t,1,pool1qnrqc7zpwye2r9wtkayh2dryvfqs7unp99f2039duljrsaffq5c,2020-08-25 14:52:47,215,1,drep_always_abstain,2025-08-31 20:12:13,7400.644530,641,2,7134.110256,2026-03-29 11:27:46,266.534274,probable_retained_like,emurgo+iog,0.26,False,False,True,True,False,False,False,True,ACTIVE_MANAGED,MEDIUM
stake1u8fmzu8mgscxezcw7ucwmzhduq5hk4xezc47x8m574p76hqr0q9t8,30,21,43955.698590,2021-02-25 22:37:42,2023-11-13 20:22:55,2022-01-22 07:57:10,t,6,pool1xtrwqwu6jn896szjwsyxxjczl6hc9sq4lh5ax68f7dt3gc0y9rx,2022-01-22 07:57:10,318,0,,,3949.720238,641,0,0.000000,,3949.720238,coordinated_like,emurgo+iog,4.44,False,True,False,False,True,True,False,True,DORMANT_2Y_PLUS,MEDIUM
stake1u9lzrepyfkfhrfdgknuczff3qcrm9lrp0hdn6sq3dztdu5q3t355w,15,8,43049.598848,2021-02-22 05:18:41,2025-12-09 07:46:16,2025-11-30 18:41:36,t,3,pool1sysgx87cwxnqy0pqn8g97gdhd0dmre9rw3jvpn2k7apuwa7cgkn,2025-11-30 18:39:15,599,1,drep1ectemlv45xsnvenfgkhwsxncfvxev4qllj7x5w6vlfc7kmd9zcs,2025-11-30 18:39:15,3336.250795,641,2,2789.624107,2025-11-30 18:41:36,546.626688,probable_retained_like,emurgo+iog,0.59,False,False,True,False,False,False,False,True,MIXED,MEDIUM
stake1ux4qh3x3umxfpu948gu2h06s0pn7l43g5uqk595ugyv9kyq0mygkh,51,16,42174.674003,2020-10-13 01:44:53,2026-05-21 17:20:00,2026-05-21 17:20:00,t,3,pool1psk0c2p7pwactw00nkzjexdw0msn7g8nddc06eyvds6yswr3tjg,2021-11-29 15:22:19,307,1,drep_always_abstain,2025-05-08 23:53:23,6872.792735,641,22,6733.427538,2026-04-28 14:37:44,139.365197,probable_retained_like,emurgo+iog,0.12,False,False,True,True,False,False,False,True,ACTIVE_MANAGED,MEDIUM
stake1uygygv90xxsf2hase7qh4cvfn3u9p8py5xyc3mu0zjlhczg7xk28f,107,101,41722.911499,2020-07-30 22:49:11,2025-05-02 20:47:31,2025-05-02 20:47:31,t,3,pool16agnvfan65ypnswgg6rml52lqtcqe5guxltexkn82sqgj2crqtx,2025-05-02 20:47:31,557,1,drep_always_abstain,2025-05-02 20:47:31,7429.827504,641,1,5772.454915,2024-11-20 21:00:13,1657.372589,probable_retained_like,emurgo+iog,1.17,False,False,True,False,False,False,False,True,MIXED,MEDIUM
stake1ux8jvje00rdtt0u6jmz5u2v2t5yk2ywhq8n0zy8n4j7g6sqs9c28x,54,36,41562.405012,2021-01-10 17:18:02,2024-07-01 12:32:32,2024-07-01 12:32:32,t,1,pool14enw2643rn9nn6yzv60jyz3hj4kxs0jvap87lkgsqykh508jxm6,2021-01-21 12:42:43,245,0,,,2824.949590,641,17,1990.353852,2024-07-01 12:32:32,834.595738,coordinated_like,emurgo+iog,2.00,False,True,False,False,False,False,False,True,DORMANT_2Y_PLUS,LOW
stake1ux6cqt00y46da3fd90wmul3yvzlmm5yvl22edg7f9cdk3fcdhkewg,12,11,40777.155893,2021-03-16 19:22:29,2022-03-02 14:19:24,2021-03-17 04:00:52,t,1,pool1lhz4gsk5ezdl5s4mv2kxgrkhzzhad6me2v0xmwuyt845vensdlc,2021-03-17 04:00:52,256,0,,,7523.881501,641,0,0.000000,,7523.881501,coordinated_like,emurgo+iog,5.30,False,True,False,False,True,True,False,True,DORMANT_2Y_PLUS,MEDIUM
stake1uyytqu455c57p3j9220k77uywl2whfjzyz7fykqeafgl32q4ha3fd,21,19,39332.031348,2021-02-06 12:28:57,2026-04-18 02:23:44,2021-02-23 16:34:40,t,1,pool1s6se64qce5rjjjhh6ufcdnc54p8qg78mlhjm38lymx99sqysvzx,2021-02-23 16:34:40,251,0,,,7077.516660,641,0,0.000000,,7077.516660,coordinated_like,emurgo+iog,5.36,False,True,False,False,True,True,False,True,DORMANT_2Y_PLUS,MEDIUM
stake1uypskd04qg3l72rhactq6a7kqf4tnt893xg3gpym6shnjacncuwfs,48,15,38427.216475,2020-09-26 20:34:14,2025-12-25 10:41:49,2025-12-25 10:41:49,t,1,pool1fqwnqk3phwa2s5thgym8dw34pv0z67m526uqprnjh93cvzxymef,2021-05-24 14:11:29,269,1,drep_always_abstain,2025-07-16 18:37:24,6150.185216,641,10,5722.072022,2025-12-25 10:41:49,428.113194,probable_retained_like,emurgo+iog,0.52,False,False,True,False,False,False,False,True,MIXED,MEDIUM
stake1uyxfath0m86wyxa6npq5hxwndh9tq9qlm3ny3cu4x035fpgecfyg4,2,2,38407.924064,2021-03-01 05:00:05,2021-03-01 05:20:51,,f,0,,,,0,,,0.000000,,0,0.000000,,0.000000,coordinated_like,emurgo+iog,5.34,True,True,False,False,False,False,False,True,NEVER_SPENT_COLD,LOW
stake1uxp30025fph3xajqs9stvsetttcrl4sfw7yhyrrugdyc7kq87x89s,26,18,37910.448823,2021-05-12 01:15:11,2026-04-04 02:35:19,2025-09-04 15:57:28,t,2,pool1vx9tzlkgafernd9vpjpxkenutx2gncj4yn88fpq69823qlwcqrt,2021-06-01 17:41:07,271,1,drep_always_abstain,2025-09-04 15:53:31,4906.824961,641,5,4192.787374,2025-09-04 15:57:28,714.037587,coordinated_like,emurgo+iog,0.83,False,False,True,False,False,False,False,True,MIXED,MEDIUM
stake1uxjnwe5gslc7m7z4gv0jnxczgvck2aec6zcjegefjst2kvg3c6fg6,37,23,37623.340546,2020-08-15 11:32:59,2025-10-12 07:42:50,2025-10-12 07:42:50,t,2,pool1k633phcvz2hjhj45evwwau4w576jpq83acg5h84w23jauqu56cw,2024-03-11 14:31:30,474,1,drep13d6sxkyz6st9h65qqrzd8ukpywhr8swe9f6357qntgjqye0gttd,2025-08-19 06:23:09,4466.310900,641,3,3855.682638,2025-10-12 07:42:50,610.628262,coordinated_like,iog,0.72,False,False,True,False,False,False,False,True,MIXED,MEDIUM
stake1ux8uz7rwc42yhy050mky02eg0ppp344f59w0aupnlqdde6srm772w,38,21,36943.682415,2021-02-12 02:49:51,2026-06-23 06:08:22,2026-06-23 06:08:22,t,1,pool1s6se64qce5rjjjhh6ufcdnc54p8qg78mlhjm38lymx99sqysvzx,2021-02-12 06:00:13,249,1,drep127pc58jyky40fvess0c4tjxkrnkf8ta3sfltvm4ptypqc5fgav3,2025-05-07 08:51:15,5850.286686,641,4,5368.873727,2025-11-25 03:10:47,481.412959,coordinated_like,iog,0.03,False,False,True,True,False,False,False,True,ACTIVE_MANAGED,MEDIUM
stake1uyd935h844nzypqu72umheqa5wrzx0axr9fgmvpzk39y6pgvgrzqz,66,38,36775.488615,2020-11-30 05:04:01,2025-03-17 09:55:35,2025-03-17 09:55:35,t,1,pool1gqvrgg7zycvf65ydkjeph72t0yx0f5ykzd9f477zh4f3smwk997,2020-11-30 10:47:14,234,0,,,6048.217567,638,0,0.000000,,6048.217567,coordinated_like,emurgo+iog,1.30,False,False,False,False,True,True,False,True,MIXED,MEDIUM
stake1u9hhtlzntkjy0u47uhpng8wkdcec4ecefeskl60ctugj9csu0nwuv,40,34,35988.569194,2021-03-03 03:30:57,2026-06-27 09:12:50,2022-01-18 03:38:03,t,5,pool1mvl09pgsejrudghjhq79qurugrvqy3pceznp7f9vz63n7ku7jqx,2022-01-18 03:38:03,317,0,,,1477.842812,641,0,0.000000,,1477.842812,coordinated_like,emurgo+iog,4.46,False,True,False,False,True,True,False,True,DORMANT_2Y_PLUS,MEDIUM
stake1u8m6g73auj59th7p3d4sx96tax4v9rs2vdtk0vppxsrupmcaslhyc,10,7,35965.224463,2021-01-11 21:03:58,2026-01-31 18:06:48,2026-01-31 18:06:48,t,3,pool1xs34q2z06a46nk7hl48d27dj5gzc6hh9trugw2ehs9ajsevqffx,2026-01-31 18:06:48,612,1,drep_always_abstain,2026-01-31 18:06:48,5613.946783,641,0,0.000000,,5613.946783,high_confidence_retained_like,emurgo+iog,0.42,False,False,True,True,True,True,False,True,ACTIVE_MANAGED,MEDIUM
stake1u98c69m9m5z42cgu8k37vkvypx90y7yrcn8qmugwqzypsvgwvyhmr,48,30,34940.461610,2021-02-23 02:11:00,2025-06-05 18:05:48,2025-06-05 18:05:48,t,8,pool16kus5xvdysgmtjp0hhlwt72tsm0yn2zcn0a8wg9emc6c75lxvmc,2025-06-05 18:05:48,564,1,drep_always_abstain,2025-06-05 18:05:48,6497.099799,641,1,49.021332,2021-03-27 00:38:00,6448.078467,high_confidence_retained_like,emurgo+iog,1.08,False,False,True,False,False,False,False,True,MIXED,MEDIUM
stake1uy7dw8almfz7da3wm9hdv8tkq64lj7gr3dqgl3qagnmtplg85x57j,196,102,34779.648125,2020-09-01 01:11:22,2026-06-06 21:11:05,2026-06-06 21:11:05,f,5,pool1hntu7agmt8u5j9c20ejen7dvq0jfkvkpnul3mrdd8tppqvwfvt2,2023-11-06 20:47:40,448,1,drep16tsw66jtrver8ur3y3zzq2fl0m4swl4lwk88fvu8d4z4ydukrj0,2024-10-25 20:47:37,5464.704695,638,14,5432.974961,2026-06-06 21:07:55,31.729734,coordinated_like,iog,0.07,False,False,True,True,False,False,False,True,ACTIVE_MANAGED,MEDIUM
stake1uyt3x2mml0rqlfy7mrla3q8j4nqx00h092chza76h5qfdfgeszuza,29,22,33828.997630,2021-03-06 14:41:11,2023-08-24 14:03:55,2022-04-21 00:16:35,t,3,pool1pshqcksxywy68lt04lw6uf35f4yssekh5dx2mxqmyrukke2z5y3,2022-04-21 00:16:35,336,0,,,4593.416119,641,1,634.002213,2022-04-21 00:01:18,3959.413906,coordinated_like,emurgo+iog,4.20,False,True,False,False,False,False,False,True,DORMANT_2Y_PLUS,LOW
stake1u9ln44hlqdu4f52dr3u85luzhm59lftgz3le4e8z5y3ggrq0ljhds,19,13,33779.397581,2021-12-06 21:26:01,2025-09-01 15:35:23,2025-09-01 15:35:23,t,3,pool17ahr5ygy48vpdfnatqn2z4wfu2te4quapk2yx3k50ce6kd7feg0,2022-02-15 15:30:21,323,1,drep_always_abstain,2025-09-01 15:31:49,4049.030812,641,1,3397.182443,2025-09-01 15:35:23,651.848369,probable_retained_like,emurgo+iog,0.83,False,False,True,False,False,False,False,True,MIXED,MEDIUM
stake1uxgslarceqp8f6x2t03z4c3lj2yz6zk8a67cn49g5s428kscdwdwy,37,36,33608.813040,2020-08-06 23:09:11,2026-04-18 02:23:44,2021-02-23 04:09:00,t,1,pool1s6se64qce5rjjjhh6ufcdnc54p8qg78mlhjm38lymx99sqysvzx,2021-02-23 04:09:00,251,0,,,6169.620245,641,0,0.000000,,6169.620245,coordinated_like,emurgo+iog,5.36,False,True,False,False,True,True,False,True,DORMANT_2Y_PLUS,MEDIUM
stake1u8dqm23nke7lsg38wrfjq0mjdnztsuaa6fvy58gxxq43h4szsf3jm,11,10,33592.214857,2021-02-20 13:53:36,2023-03-28 09:15:32,2021-02-26 10:36:13,t,1,pool1pnzwgsgzd6t4788sfr7dxjyusepyq9xaxnpyfcngewqf29t9ayd,2021-02-26 10:36:13,252,0,,,4728.461644,641,0,0.000000,,4728.461644,coordinated_like,emurgo+iog,5.35,False,True,False,False,True,True,False,True,DORMANT_2Y_PLUS,MEDIUM
stake1uyfju8ttn5qd8qm36erxpsurgr0gtwyet48vavwtlkj3dag9409uq,83,48,32978.884380,2021-02-18 03:51:59,2026-02-18 03:01:14,2026-02-18 03:01:14,t,1,pool19r8kcmqpajlm6h5q0lv8jye0q7evdur39wfsgs4z98fcqpz9lct,2021-02-26 08:05:56,252,1,drep16tsw66jtrver8ur3y3zzq2fl0m4swl4lwk88fvu8d4z4ydukrj0,2026-01-14 01:00:42,4946.169408,641,6,4696.591981,2026-02-18 03:01:14,249.577427,high_confidence_retained_like,emurgo+iog,0.37,False,False,True,True,False,False,False,True,ACTIVE_MANAGED,MEDIUM
stake1ux2r6t4lly09pdn5y8ah4etp8a5m2ypkwkqs85kl0py2pwqy260ff,34,24,32556.378934,2021-02-01 09:48:57,2024-12-28 08:34:28,2024-12-28 08:34:28,t,4,pool1gqgyta9sku3crjzfl9kj7kxsgfkt98y98yeu09kx22zscrezuj7,2023-07-14 01:39:57,425,1,drep_always_abstain,2024-12-28 08:34:28,5485.487531,641,1,2823.098443,2023-07-14 01:35:28,2662.389088,high_confidence_retained_like,emurgo+iog,1.51,False,False,True,False,False,False,False,True,MIXED,MEDIUM
stake1ux3z2u2d69787hzrwemrsejp3sre80238qhaympry6xadasmfx048,24,17,32300.063316,2021-01-12 00:01:56,2025-12-26 11:13:46,2025-12-26 11:13:46,t,1,pool1zc7vxe3ymyej76h8wu8gm79chtt7w9c3adkza4uhrjvagr9w4zp,2021-01-15 21:20:43,243,1,drep1qe2l8gw8v7ydswfp9twytxcc3wzwdq8npt55f3vnlgv2u8sx3nt,2025-12-26 11:13:46,6035.517315,641,0,0.000000,,6035.517315,coordinated_like,iog,0.52,False,False,True,False,True,True,False,True,MIXED,MEDIUM
stake1u8q24da3h028nfh6sar99c5lzkxwnsf744dynahc33dty5qfwegrs,5,4,32274.490474,2021-03-01 14:38:34,2021-03-14 06:39:28,2021-03-01 14:48:11,t,1,pool1ng3vqzrhn3z45yjdscv3q37n26g2pj3vp99rfkgv6225y8lqg8j,2021-03-01 14:48:11,252,0,,,5869.136966,641,0,0.000000,,5869.136966,coordinated_like,emurgo+iog,5.34,False,True,False,False,True,True,False,True,DORMANT_2Y_PLUS,MEDIUM
stake1uyahnkw5y5anhu8mepgqpwr9x7ldkz28s9343smgyhsf3yc9uvu5f,88,79,31938.536467,2021-03-10 19:28:08,2026-06-23 11:02:56,2025-05-30 13:40:39,t,1,pool1s6se64qce5rjjjhh6ufcdnc54p8qg78mlhjm38lymx99sqysvzx,2021-03-13 15:47:28,255,1,drep1qe2l8gw8v7ydswfp9twytxcc3wzwdq8npt55f3vnlgv2u8sx3nt,2025-05-30 13:40:39,2304.994600,641,3,14.110893,2021-05-13 05:45:52,2290.883707,coordinated_like,iog,1.09,False,False,True,False,False,False,False,True,MIXED,MEDIUM
stake1u802e082mqukuwyxa3ashpdv2grn9z3vruvm6zvrj5suvxscz74te,61,56,31883.941792,2020-10-29 02:02:17,2024-03-30 14:03:02,2022-12-04 17:38:50,t,3,pool12t3zmafwjqms7cuun86uwc8se4na07r3e5xswe86u37djr5f0lx,2022-04-04 03:06:47,332,0,,,4654.496484,641,1,1298.901964,2022-12-04 17:38:50,3355.594520,coordinated_like,emurgo+iog,3.58,False,True,False,False,False,False,False,True,DORMANT_2Y_PLUS,LOW
stake1uyfaa59d43kh83wpv0fr2zyhysvz8x9emcju7tsy55whatqjm4l0d,25,23,31860.922647,2021-02-02 02:06:31,2024-02-15 03:59:17,2022-01-21 00:19:08,t,2,pool1uyvyxt9k9g038h567x8halej4x87j7m4r4zyz9lhv4dcv83husk,2022-01-21 00:19:08,318,0,,,5564.693172,641,0,0.000000,,5564.693172,coordinated_like,emurgo+iog,4.45,False,True,False,False,True,True,False,True,DORMANT_2Y_PLUS,MEDIUM
stake1uy7qunwx5pvtd0s7kwue9fq0pgnlve9svk6e9pmru0xy7cs53v7zp,14,10,31699.968720,2021-02-16 21:03:44,2022-01-18 15:59:19,2022-01-18 15:59:19,t,4,pool1qqqqrwzy7njvjq9wph7usj5gghm3py9c97688ek8pgc7uem9cfz,2022-01-18 15:59:19,317,0,,,5435.769895,641,0,0.000000,,5435.769895,coordinated_like,emurgo+iog,4.45,False,True,False,False,True,True,False,True,DORMANT_2Y_PLUS,MEDIUM
stake1u9ypxud3lgk8f0t9j0dtmf0xuafg3vhd56guhpts64e4rggnm8yrg,28,26,31539.187403,2021-02-08 10:52:03,2023-08-14 18:04:42,2023-03-19 14:13:55,t,2,pool1zz7x8ergn02chznayj9fjds2gk5q6prmpdr49faspd65kzqsrjs,2023-03-19 14:13:55,402,0,,,4631.758580,641,0,0.000000,,4631.758580,coordinated_like,emurgo+iog,3.29,False,True,False,False,True,True,False,True,DORMANT_2Y_PLUS,MEDIUM
stake1u939zx0jksgurfwzdl8mvlm6ck5ncf7rcvqx6qxuacn5crgcazzy6,22,10,31199.279126,2021-05-11 16:33:53,2025-03-12 21:59:24,2025-03-12 21:59:24,t,1,pool1429egqgv60r3nxlp6cvs08qcffv7duddjvyjd0pt6wzhj7akda8,2021-05-11 18:04:05,267,1,drep_always_abstain,2025-02-08 06:42:52,4067.902783,641,6,3288.030677,2025-02-13 21:20:57,779.872106,coordinated_like,emurgo+iog,1.31,False,False,True,False,False,False,False,True,MIXED,MEDIUM
stake1u85lucl3gdskcgqvdvk65esq72fd7l6xj6kud2xj38p045ce709r9,20,18,31018.251300,2020-11-15 06:58:02,2025-08-27 21:42:32,2024-03-17 01:30:51,t,1,pool1fs2m5rmlx66crcwwrrsf2pcxjhvk7kzdurcqusd3v5gm65cufnj,2020-11-15 07:06:12,231,0,,,5909.554026,641,1,4117.564147,2024-03-17 01:30:51,1791.989879,coordinated_like,emurgo+iog,2.30,False,True,False,False,False,False,False,True,DORMANT_2Y_PLUS,LOW
stake1u90el6x372nxmkcnepm8w0eywvd0gnghef6mnng8fzfvg2cd6qfl9,51,42,30559.012600,2021-01-10 20:18:23,2024-01-29 05:13:32,2022-02-09 22:40:12,t,5,pool1uyvyxt9k9g038h567x8halej4x87j7m4r4zyz9lhv4dcv83husk,2021-12-07 08:10:20,309,0,,,4199.055444,641,0,0.000000,,4199.055444,coordinated_like,emurgo+iog,4.39,False,True,False,False,True,True,False,True,DORMANT_2Y_PLUS,MEDIUM
stake1uy8t5myh535cg604xy7fsc99cwk22wtslpam7r3ny3h34sgre5zak,32,21,30463.545234,2020-07-31 06:34:11,2025-08-10 07:29:57,2025-08-10 07:29:57,t,3,pool1u6kpt8hgqcm596kukj97ghefmxn8ks2cgwg8qqe0gtgscnufk5p,2022-01-16 22:28:23,317,1,drep1qe2l8gw8v7ydswfp9twytxcc3wzwdq8npt55f3vnlgv2u8sx3nt,2025-08-10 07:29:57,6366.489622,641,1,2155.790414,2022-03-08 19:49:53,4210.699208,high_confidence_retained_like,emurgo+iog,0.90,False,False,True,False,False,False,False,True,MIXED,MEDIUM
stake1u8hkutz4e76hvq4h75ha784ene3t5juhxq7m8ehsgv2scycnujup3,12,8,30442.442936,2021-02-05 01:16:07,2024-02-18 18:29:28,2021-09-03 19:24:27,t,1,pool10akpqvczl93ep4rc59c0aqyn3dm0env2ydysuwmdm670wl24pd8,2021-02-06 17:33:28,248,0,,,4159.210480,502,1,819.940615,2021-09-03 19:24:27,3339.269865,coordinated_like,emurgo+iog,4.83,False,True,False,False,False,False,False,True,DORMANT_2Y_PLUS,LOW
stake1u9vzselm8uqe5p27wkj7h88za0nclq3nzyagvy0pzqzjglcdtecq2,82,60,30230.033230,2021-02-28 15:41:08,2024-05-02 09:32:00,2023-11-01 15:20:11,t,1,pool10eltx2wej46e62ulmwzm35xfu0azu47yvpjper7gwhncqe74vg6,2021-03-01 14:13:02,252,0,,,4131.426935,641,1,390.241971,2021-12-20 12:17:47,3741.184964,coordinated_like,emurgo+iog,2.67,False,True,False,False,False,False,False,True,DORMANT_2Y_PLUS,LOW
stake1uylgd48782pt97mfqn0aq58nmtj9rt23j5nflkq6rng8aaqk7kad7,6,4,30072.266287,2021-03-03 12:00:34,2025-07-10 14:40:12,2025-07-10 14:40:12,t,2,pool1zk6uxgptztrxxamzd0ugrtu84xg8mjymd2xcdvxqazpruqt9r3x,2025-07-10 14:40:12,571,1,drep_always_abstain,2025-07-10 14:40:12,3891.603600,641,0,0.000000,,3891.603600,coordinated_like,emurgo+iog,0.98,False,False,True,False,True,True,False,True,MIXED,MEDIUM
stake1u8rqdmx35v2gcz85vuutp54kj46lej7cwccq4c6u0pyeljq4nuuyh,2,2,30000.000000,2021-03-18 15:01:35,2021-03-18 15:44:15,,f,0,,,,0,,,0.000000,,0,0.000000,,0.000000,coordinated_like,emurgo+iog,5.29,True,True,False,False,False,False,False,True,NEVER_SPENT_COLD,LOW
stake1u8n9we2p3yjnprlqdjw0e7m54mmkxrpyeyzz93hkmdktc2qd09mmf,36,25,29918.508230,2021-03-03 16:27:16,2025-10-03 23:20:59,2025-10-03 23:20:59,t,3,pool1u6kpt8hgqcm596kukj97ghefmxn8ks2cgwg8qqe0gtgscnufk5p,2023-04-12 23:50:54,407,1,drep_always_abstain,2024-11-16 04:03:18,4158.916866,641,4,3655.206694,2025-10-03 23:20:59,503.710172,probable_retained_like,emurgo+iog,0.75,False,False,True,False,False,False,False,True,MIXED,MEDIUM
stake1uytc75dnrmk7rxtcaumn0nqgrng208q0axxfg28zufxw8wqazfu9g,31,10,29795.166563,2020-08-05 12:43:31,2026-05-25 17:23:55,2026-05-25 17:23:55,t,17,pool16ajaae2n5lsyr4f9k9uz5y8tpf0996tw640dzu7chwp2wdrnz6a,2026-05-25 17:23:55,635,1,drep_always_abstain,2026-05-25 17:23:55,6954.216976,641,1,494.995175,2020-10-08 07:09:51,6459.221801,coordinated_like,emurgo+iog,0.11,False,False,True,True,False,False,False,True,ACTIVE_MANAGED,MEDIUM
stake1u829myu80qltm9h907eq5skt5v4rwkhfxyzf9dsuaxwe8lse2hxpv,2,2,29759.862779,2021-05-26 05:05:56,2021-05-26 05:24:23,,f,0,,,,0,,,0.000000,,0,0.000000,,0.000000,coordinated_like,emurgo+iog,5.10,True,True,False,False,False,False,False,True,NEVER_SPENT_COLD,LOW
stake1uxpyv58msddmmhgrws9ff2ndr9k5v3s70emd2gdc3j572rqd8prxj,18,9,29579.927600,2021-03-08 13:33:03,2025-12-01 20:09:19,2025-12-01 20:09:19,t,3,pool1k2qhlrrweu8fecd4hx4hn22lv00nrd3rjdxj6durax7m78q7ynu,2022-10-13 10:43:20,371,1,drep_always_abstain,2025-03-02 19:39:50,3043.599881,641,4,3016.667632,2025-12-01 20:09:19,26.932249,high_confidence_retained_like,emurgo+iog,0.59,False,False,True,False,False,False,False,True,MIXED,MEDIUM
stake1u8cac58x3l5l8qxk6lj8f0r67krctn5qxp3f80lfpdn6tvss56q5j,52,19,29536.061718,2020-08-11 19:41:31,2025-10-27 22:10:49,2025-10-27 22:10:49,t,4,pool1cn0dqtplwf67fds40hgkf0u5rm4q4azev5qutmgkw5hdyvue2ue,2022-01-16 18:26:22,317,1,drep1ydvwp8x9j8u4flwjqwxf8jdjwp9p4zf2x4rk7vv7fgzk6j2k7c6,2025-04-12 02:49:10,10508.821895,641,1,1141.982978,2021-05-09 20:00:47,9366.838917,high_confidence_retained_like,emurgo+iog,0.68,False,False,True,False,False,False,False,True,MIXED,MEDIUM
stake1u94qxpzd4y4fces56ws0jdz7kfehm5aj3ulv0hvua9s4x3cz4sv02,24,23,29406.035582,2021-03-15 08:22:53,2021-06-24 21:15:44,2021-04-14 20:32:15,t,1,pool1a4qtpgce7cu6wzc79fx7qrc3938hkl2gf8c2h5jugvm2gnu86l7,2021-04-14 20:32:15,261,0,,,5160.069833,641,0,0.000000,,5160.069833,coordinated_like,emurgo+iog,5.22,False,True,False,False,True,True,False,True,DORMANT_2Y_PLUS,MEDIUM
stake1uyl7a8fcz5a4kptrvv8vzg0sksw0lyxaw4eqpgtjy4czhucjlgsya,25,21,28955.615547,2020-07-30 12:26:11,2026-03-22 21:51:51,2026-01-01 15:26:36,t,3,pool1zz7x8ergn02chznayj9fjds2gk5q6prmpdr49faspd65kzqsrjs,2021-07-07 14:57:49,278,1,drep_always_abstain,2026-01-01 15:26:36,1678.034910,641,0,0.000000,,1678.034910,coordinated_like,emurgo+iog,0.50,False,False,True,False,True,True,False,True,MIXED,MEDIUM
stake1u9d4kgdx5ed20tseyxtdwqfakensmczzp9k47epktcleatscqkg7f,9,8,28668.818626,2020-09-24 04:55:17,2021-03-27 11:31:55,2020-09-24 05:52:37,t,1,pool1pnzwgsgzd6t4788sfr7dxjyusepyq9xaxnpyfcngewqf29t9ayd,2020-09-24 05:52:37,221,0,,,5094.368474,641,0,0.000000,,5094.368474,coordinated_like,emurgo+iog,5.77,False,True,False,False,True,True,False,True,DORMANT_2Y_PLUS,MEDIUM
stake1u8gj005vzknmvwr5z9ar8wg5k88k93jx8qsljtujukrdzfswy40wj,45,23,28539.752663,2020-08-31 12:56:31,2025-12-06 05:25:07,2025-12-06 05:25:07,t,3,pool1uhy50u9y76nd6z2xmzt3mta0yc7g3gdssef8lheyyg7zzymgzm8,2021-03-29 11:25:51,258,1,drep_always_abstain,2025-07-13 08:11:48,10078.008878,641,8,9704.654812,2025-12-06 05:25:07,373.354066,probable_retained_like,emurgo+iog,0.57,False,False,True,False,False,False,False,True,MIXED,MEDIUM
stake1uykc46hydhp0r9p4sftdfp98fn76ffpx9nud2udgspxu4xgfwyyt2,56,33,28409.597208,2020-07-30 02:29:31,2026-04-15 12:21:26,2026-04-15 12:21:26,t,5,pool10tqeu6d03p6rnalqlvdshmpsljxaq2c0ww6draq6xm8lgyl2a3p,2025-07-13 22:35:54,572,1,drep16tsw66jtrver8ur3y3zzq2fl0m4swl4lwk88fvu8d4z4ydukrj0,2024-12-14 15:41:27,5380.422209,641,1,3523.012614,2023-08-08 22:12:14,1857.409595,probable_retained_like,emurgo+iog,0.22,False,False,True,True,False,False,False,True,ACTIVE_MANAGED,MEDIUM
stake1uxyfva2400ehsel2pcfjsjjjyd8ldtm45rs32pqa398qjzqgrv8c6,13,12,27818.699612,2021-02-03 16:53:21,2021-12-30 16:48:55,2021-02-04 22:33:04,t,1,pool1668w66pcrdjmavz0c7vym7s4d3xm7578jy0fqzhk55677t4etud,2021-02-04 22:33:04,248,0,,,3355.861097,599,0,0.000000,,3355.861097,coordinated_like,emurgo+iog,5.41,False,True,False,False,True,True,False,True,DORMANT_2Y_PLUS,MEDIUM
stake1u8754wkymu34ncymudcchvrj9wtl82wlxfltrd8zppp8ulsh4arn2,14,9,27759.195546,2021-02-21 01:58:06,2025-12-02 12:35:37,2021-08-14 00:44:36,t,5,pool1qqqqdktl6pq46td0mwut0qn30g7nlue0sete9wxl0hwsq37wrw8,2021-08-14 00:44:36,286,0,,,4610.750699,641,0,0.000000,,4610.750699,coordinated_like,emurgo+iog,4.89,False,True,False,False,True,True,False,True,DORMANT_2Y_PLUS,MEDIUM
stake1u887dz0qghx6lat8sx8qlemlsz50tu3usgy7jr9c406lw8gj93mxz,16,11,27748.120543,2021-02-26 08:14:42,2026-04-04 12:29:58,2026-01-09 17:07:09,t,2,pool12z39rkzfylvn9wfe8j6x9ucq6g2l4mw4azj70y0gd8ejczznyj3,2021-07-19 23:32:25,281,1,drep_always_abstain,2026-01-09 17:05:40,4383.962541,641,2,4080.094511,2026-01-09 17:07:09,303.868030,high_confidence_retained_like,emurgo+iog,0.48,False,False,True,True,False,False,False,True,ACTIVE_MANAGED,MEDIUM
stake1u9k59qrk6yqu55hshk4cv8u95a03xqwwn48ckxcen3a3z2cv2hfw7,62,33,27242.221411,2020-09-01 16:55:01,2026-06-14 04:33:52,2026-06-23 07:32:16,t,1,pool1pnzwgsgzd6t4788sfr7dxjyusepyq9xaxnpyfcngewqf29t9ayd,2020-09-01 17:18:42,216,1,drep1qe2l8gw8v7ydswfp9twytxcc3wzwdq8npt55f3vnlgv2u8sx3nt,2025-11-04 21:12:54,5073.820944,641,1,4693.125841,2025-11-04 21:17:34,380.695103,coordinated_like,iog,0.03,False,False,True,True,False,False,False,True,ACTIVE_MANAGED,MEDIUM
stake1u8csxr8upzuw9nzva2wevwdpzu9vc0a2xnnvu7jscpkttnslsxh9f,9,6,26959.641369,2021-03-08 16:02:26,2024-02-17 06:06:02,2021-06-08 17:05:42,t,1,pool1xytvsd9qnvqxpthh9p8k85e823trvn3npxeur8kr9zhkqz5uls9,2021-03-08 16:36:13,254,0,,,5171.676704,641,0,0.000000,,5171.676704,coordinated_like,emurgo+iog,5.07,False,True,False,False,True,True,False,True,DORMANT_2Y_PLUS,MEDIUM
stake1uyru64wfst0rnqnyaaft8ue93rp66g9gds4fmtngaefvrts86hmcj,31,19,26766.261243,2021-02-16 13:30:32,2025-10-01 20:56:12,2025-10-01 20:56:12,t,6,pool166dkk9kx5y6ug9tnvh0dnvxhwt2yca3g5pd5jaqa8t39cgyqqlr,2022-07-04 20:37:25,350,1,drep13d6sxkyz6st9h65qqrzd8ukpywhr8swe9f6357qntgjqye0gttd,2024-10-10 20:53:27,3975.345338,641,2,3532.559988,2025-10-01 20:54:37,442.785350,coordinated_like,iog,0.75,False,False,True,False,False,False,False,True,MIXED,MEDIUM
stake1u8vfg5nrtqntldytgf2lc3w65454yxymcl5p3y2p8hlsm5q25h9ew,84,68,26672.387305,2021-02-07 00:17:22,2025-12-18 19:39:07,2025-04-12 16:36:05,t,4,pool1pp7tn2w6ken4rpfcjwcdup3g4m5gcdhc9lgvrm3mnxz5stmrhq2,2024-05-20 19:52:21,488,1,drep_always_abstain,2025-01-06 04:54:21,2152.559934,641,3,1414.879116,2025-04-12 16:36:05,737.680818,coordinated_like,emurgo+iog,1.22,False,False,True,False,False,False,False,True,MIXED,MEDIUM
stake1uxr2hddcjx6eymwesfpkgn9p9jwqqmfruduh59q9v6xkvvgcjgvf6,19,6,26659.298268,2021-01-15 15:09:01,2024-05-16 10:41:01,2021-09-13 19:29:14,t,3,pool1eqa7kxx4xg35cu4rqj4exkvzhenscgh8wxez0gl7hsagygp79kr,2021-06-25 13:05:34,276,0,,,4675.827322,641,1,84.756711,2021-05-11 19:20:26,4591.070611,coordinated_like,emurgo+iog,4.80,False,True,False,False,False,False,False,True,DORMANT_2Y_PLUS,LOW
stake1u8l92j8hnmg9gmm3f98er89xaayl7enfrggh3c00aprxcpg472y6l,48,43,26466.865584,2021-02-15 00:33:06,2024-07-07 16:33:37,2021-10-05 23:24:31,t,1,pool1xjhzgchsl2ccvc5pj3aqytv9hh0jnaz63wtfnw4th07tjypm46x,2021-02-15 02:27:42,250,0,,,3669.269232,641,0,0.000000,,3669.269232,coordinated_like,emurgo+iog,4.74,False,True,False,False,True,True,False,True,DORMANT_2Y_PLUS,MEDIUM
stake1uymjt88teas5483evazrl7yk5g2cg9r3gqt6k8gnd3ux5eckhmdqa,2,2,26447.900000,2021-03-04 10:31:32,2021-03-04 10:41:40,,f,0,,,,0,,,0.000000,,0,0.000000,,0.000000,coordinated_like,emurgo+iog,5.33,True,True,False,False,False,False,False,True,NEVER_SPENT_COLD,LOW
stake1uxxllwmfqaznve5udvn5dxwmuvfwsrhte7wer6teurr0w3c0yefs7,2,2,26438.000000,2021-03-04 12:23:10,2021-03-04 12:50:38,,f,0,,,,0,,,0.000000,,0,0.000000,,0.000000,coordinated_like,emurgo+iog,5.33,True,True,False,False,False,False,False,True,NEVER_SPENT_COLD,LOW
stake1uxx8a324k58a23gvyzz9602ec7n9q9pdrp3szl5k5c9esrgajn89v,39,23,26395.289989,2021-01-29 06:18:11,2024-11-23 16:21:16,2024-11-23 16:21:16,t,5,pool1xjhzgchsl2ccvc5pj3aqytv9hh0jnaz63wtfnw4th07tjypm46x,2021-08-20 13:01:42,287,0,,,4817.721037,641,6,3749.590709,2024-11-23 16:01:32,1068.130328,coordinated_like,emurgo+iog,1.61,False,False,False,False,False,False,False,True,MIXED,LOW
stake1uxudyl5deptzl8glx8la2ddkajhdcgc0jerf8xmq75fyqqsuncq33,16,10,26167.748808,2021-02-20 16:48:36,2022-01-26 16:41:42,2022-01-02 13:23:54,t,1,pool1aqg6fvhcaulvss2ruvpx6ur9vj7pejvdcxv6xp0qlwuwx94evf0,2021-02-20 16:55:43,251,0,,,4403.834321,641,1,748.517572,2022-01-02 13:23:54,3655.316749,coordinated_like,emurgo+iog,4.50,False,True,False,False,False,False,False,True,DORMANT_2Y_PLUS,LOW
stake1uywtf6m4j78tgx96ma4gmn83vx3ax2d8q9954q7rw3zgnusc9s8sm,6,5,26131.808319,2020-10-23 05:35:50,2025-08-31 02:01:36,2025-08-31 02:01:36,t,1,pool16hs0jxw7h6pwg3ru7rcq3yvg4csj7lhmcpj68kqem2sh5nt8mwk,2025-08-31 02:01:36,581,1,drep_always_abstain,2025-08-31 02:01:36,468.889693,641,0,0.000000,,468.889693,coordinated_like,emurgo+iog,0.84,False,False,True,False,True,False,False,True,MIXED,MEDIUM
stake1u9s9h8q84d8t3hc5hky66w90678yludk2njdmj8600yq3ps0ngw5y,48,24,25820.561893,2021-02-11 09:46:07,2026-06-14 11:15:29,2026-06-14 11:15:29,t,2,pool1m4enp55hp80tf6xl7k6f6593wnyu3pr83xfvef9x3ktdw9m0em5,2021-12-07 07:57:15,309,1,drep13d6sxkyz6st9h65qqrzd8ukpywhr8swe9f6357qntgjqye0gttd,2025-07-29 21:19:27,3333.127380,641,8,3355.066424,2026-06-14 11:15:29,-21.939044,coordinated_like,iog,0.05,False,False,True,True,False,False,False,True,ACTIVE_MANAGED,MEDIUM
stake1ux7qt67y9e5e034qrlkva508jwhzym6vyqh83f95c75f0nqlge6d5,392,96,25003.533133,2021-01-28 18:05:20,2024-02-20 02:06:00,2023-06-01 03:17:18,t,1,pool1l5kwfudnqrhw3k4lwzcppu36nun9puvvr7xnanuz8a2zx4jaek5,2021-01-29 01:07:15,246,0,,,3354.157288,640,13,1881.580438,2023-05-25 19:22:27,1472.576850,coordinated_like,emurgo+iog,3.09,False,True,False,False,False,False,False,True,DORMANT_2Y_PLUS,LOW
stake1uyzugn2ux85xv43vhvp483slruxmq3kw88hjcc7s2fhwllsp6fu8k,20,17,24978.784772,2021-02-07 12:41:00,2025-02-05 16:02:45,2025-02-05 16:02:45,t,1,pool1jk25l2pejpdzq8vdjlxrr05th49v9tgd78fqrtxvuw3rumpfc6t,2021-02-09 10:28:55,248,1,drep1kyppjlhz4lawh4g0ewx2d8a5l20t4yclfnppnuvdkmt7vccg836,2025-02-05 16:02:45,4259.272151,641,0,0.000000,,4259.272151,coordinated_like,iog,1.40,False,False,True,False,True,True,False,True,MIXED,MEDIUM
stake1uyv9v86dxj306rdlfeche7nkytyc3ag4fqxuqt0494mshjskatndf,26,15,24954.823505,2021-03-07 19:24:50,2024-12-06 13:33:28,2024-12-06 13:33:28,f,3,pool1u6kpt8hgqcm596kukj97ghefmxn8ks2cgwg8qqe0gtgscnufk5p,2021-11-18 11:22:33,305,1,drep_always_abstain,2024-12-06 11:24:13,3304.429629,526,2,3304.429629,2024-12-06 11:25:46,0.000000,probable_retained_like,emurgo+iog,1.57,False,False,True,False,False,False,False,True,MIXED,MEDIUM
stake1uxregjlpgavqnmfwejvrv6j0zarthlpphrugj8vy5sdlq9cs8u3nu,18,15,24691.635199,2021-03-10 23:16:22,2024-05-02 10:04:49,2021-12-05 21:11:33,t,2,pool1uyvyxt9k9g038h567x8halej4x87j7m4r4zyz9lhv4dcv83husk,2021-12-05 21:11:33,308,0,,,3885.105519,641,0,0.000000,,3885.105519,coordinated_like,emurgo+iog,4.57,False,True,False,False,True,True,False,True,DORMANT_2Y_PLUS,MEDIUM
stake1uyd6mcjseha28jl5ju974460vyw8rxh5pnel4cjeypssq2q04kjnq,37,34,24210.421291,2021-03-12 04:35:01,2024-04-21 03:28:10,2024-04-21 03:28:10,t,3,pool149d5lzg7m6susau4f4yfdztgkty34qrcdpvd3ygsetmljgxxf8g,2024-04-21 03:28:10,482,0,,,3629.533421,641,0,0.000000,,3629.533421,coordinated_like,emurgo+iog,2.20,False,True,False,False,True,True,False,True,DORMANT_2Y_PLUS,MEDIUM
stake1u9q40u2f4gq9fm6p2h4k76jedc8th6kta9knwlajpu0w7vstv9el0,31,25,24071.569055,2020-09-28 03:42:59,2024-02-15 03:59:51,2021-03-06 04:20:53,t,2,pool1uyvyxt9k9g038h567x8halej4x87j7m4r4zyz9lhv4dcv83husk,2020-12-06 23:01:56,236,0,,,4666.647813,641,0,0.000000,,4666.647813,coordinated_like,emurgo+iog,5.33,False,True,False,False,True,True,False,True,DORMANT_2Y_PLUS,MEDIUM
stake1u8e3z6u34hx53xdz8t859dkcng5qkfuhggj95mdnq0gug9s9m6c38,11,9,23870.150282,2021-03-04 13:28:09,2024-12-07 17:21:45,2024-12-07 16:37:49,t,1,pool19w5khsnmu27au0kprw0kjm8jr7knneysj7lfkqvnu66hyz0jxsx,2021-03-04 17:12:04,253,0,,,3898.220257,641,1,3011.498790,2024-12-07 16:37:49,886.721467,coordinated_like,emurgo+iog,1.57,False,False,False,False,False,False,False,True,MIXED,LOW
stake1uxrm5uxuv5gm4sxtc3zgswhde8yz05clwe4nv7gugtu62zq788v8l,9,5,23796.358697,2021-03-17 15:16:37,2021-08-31 19:01:59,2021-08-31 19:01:59,t,3,pool1qqqyv9pn9typyqwcxqk5ewpxy5p27g5j2ms58hpp2c2kuzs5z77,2021-08-31 19:01:59,289,0,,,4281.273571,641,1,388.752376,2021-08-30 19:47:56,3892.521195,coordinated_like,emurgo+iog,4.84,False,True,False,False,False,False,False,True,DORMANT_2Y_PLUS,LOW
stake1u9vmek02u402l8vzq5lrn8yvk53pzk8jl299p4ax2umw6zq70ra5j,19,11,23574.810527,2021-02-08 22:16:50,2025-10-07 03:01:27,2025-08-30 06:49:14,t,3,pool16ajaae2n5lsyr4f9k9uz5y8tpf0996tw640dzu7chwp2wdrnz6a,2025-08-15 19:31:22,578,1,drep_always_abstain,2025-08-15 19:31:22,3723.119040,641,1,3262.741844,2025-08-30 02:26:15,460.377196,probable_retained_like,emurgo+iog,0.84,False,False,True,False,False,False,False,True,MIXED,MEDIUM
stake1ux66jq2p4eqd3q63grkws0j4glvde43fkp2g7cggr3xsc9ck0eh4n,36,19,23502.719645,2021-02-17 22:54:20,2025-12-11 18:33:52,2025-12-11 18:33:52,t,4,pool1pp7tn2w6ken4rpfcjwcdup3g4m5gcdhc9lgvrm3mnxz5stmrhq2,2024-12-02 12:01:15,527,1,drep_always_abstain,2024-12-02 12:01:15,1808.143493,641,2,1530.019059,2025-12-11 18:33:52,278.124434,probable_retained_like,emurgo+iog,0.56,False,False,True,False,False,False,False,True,MIXED,MEDIUM
stake1uyazlyegcufdu7eldyadazvynz7j6sjfhgqftp52780vngcqwrxqs,58,17,23451.174803,2021-02-28 20:04:22,2026-04-18 02:20:43,2024-11-23 19:52:48,t,1,pool14zdcvdec8qmqzsat5wg3a2h9f0u5yzrgjew534z8u3gs5durnjz,2021-02-28 20:39:30,252,0,,,4414.397053,641,6,1663.564533,2022-11-18 18:07:03,2750.832520,coordinated_like,emurgo+iog,1.61,False,False,False,False,False,False,False,True,MIXED,LOW
stake1u9z98lg72qu5pmc6yra7szu724s25wsq00vjyx9k346ptyq6vndxe,24,14,23251.099664,2021-03-04 23:46:25,2026-01-12 06:28:37,2026-01-12 06:28:37,t,7,pool15cy4p3axu0m6sfrmxsp46z5cevx3ruksfwjl48730cgx24j4ydz,2026-01-12 06:28:37,608,1,drep_always_abstain,2024-11-13 02:20:10,3130.508343,641,0,0.000000,,3130.508343,probable_retained_like,emurgo+iog,0.47,False,False,True,True,True,True,False,True,ACTIVE_MANAGED,MEDIUM
stake1u8q00jmz9wnupjzmeq3clu7anqnd6w8dsrc4z59cje5a7lc9cz0l4,17,16,23140.809425,2021-02-07 15:31:48,2026-02-03 00:44:03,2021-02-11 00:29:51,t,1,pool1gclysx2h7fndj0jdajlmwvqr8q9tzu3rurjknacu0ff954fsg9a,2021-02-11 00:29:51,249,0,,,4408.772353,641,0,0.000000,,4408.772353,coordinated_like,emurgo+iog,5.39,False,True,False,False,True,True,False,True,DORMANT_2Y_PLUS,MEDIUM
stake1u95qdcqcu288m52hazh2j2rmqyvqcekghy00rh37rx5h5fgd7xask,12,11,23031.809675,2021-03-03 21:22:36,2022-04-12 07:43:57,2021-03-10 20:18:11,f,0,,,,0,,,0.000000,,0,0.000000,,0.000000,coordinated_like,emurgo+iog,5.31,False,True,False,False,False,False,False,True,DORMANT_2Y_PLUS,LOW
stake1u9wxtusrd4ptg4sjz8j5fudek0z0wa8n46arxawr4h6ycns4fa7he,23,10,23007.187750,2021-01-22 20:25:29,2026-05-27 07:04:05,2026-04-15 08:33:47,t,5,pool1yj9xduuwzvdkcwm2mc9x893zq684x7pyah4ja8zmzplgvxz6wgk,2026-04-15 08:33:47,627,1,drep_always_abstain,2025-07-24 11:19:20,3352.042230,641,3,3281.603185,2026-04-15 08:33:47,70.439045,probable_retained_like,emurgo+iog,0.22,False,False,True,True,False,False,False,True,ACTIVE_MANAGED,MEDIUM
stake1u9zhy5y8w82z3pse36ks8pncz46alfn9ng5yarrvj7dhslgkh6qqw,15,4,22750.461693,2020-11-27 16:50:41,2026-06-26 13:38:54,2026-06-26 13:38:54,t,4,pool1cunvnkjkzh2lna593sjmkylcr3r5rmxdpr8r9u6pfuer72p24x4,2026-06-26 13:38:54,641,1,drep_always_abstain,2026-04-03 22:14:47,3674.043290,641,3,3668.725818,2026-06-26 13:31:08,5.317472,coordinated_like,emurgo+iog,0.02,False,False,True,True,False,False,False,True,ACTIVE_MANAGED,MEDIUM
stake1u8x7akyze3hya20tqlft7tvfc82p7dx2enugrrl26y5uz9gpeszve,50,23,22722.079531,2021-01-12 08:26:32,2025-12-10 17:45:54,2025-12-10 17:45:54,t,20,pool1vtpn0drn5t39frknedmqq2jkhsfstwketsnvdm7cjzz674s30v2,2023-03-27 02:46:44,404,1,drep127pc58jyky40fvess0c4tjxkrnkf8ta3sfltvm4ptypqc5fgav3,2025-12-10 17:45:54,4241.475361,641,0,0.000000,,4241.475361,coordinated_like,iog,0.56,False,False,True,False,True,True,False,True,MIXED,MEDIUM
stake1u8ljcnhme2xqdt2pfypn2ey4wm82az2nhd9zpxgex9a8yks80zwua,43,32,22310.764337,2021-02-14 01:28:25,2025-01-01 21:04:44,2023-12-14 21:05:36,t,5,pool1jhzf2mm6zdlhl6w89uhgx8nq8p6ykcc86qq58vjy0ejyxrrksfj,2023-12-14 21:05:36,456,0,,,1618.055638,641,1,226.264174,2022-02-25 03:49:35,1391.791464,coordinated_like,emurgo+iog,2.55,False,True,False,False,False,False,False,True,DORMANT_2Y_PLUS,LOW
stake1uxlq886fc0qmcvtywefl857slqunh2tr57zr97qk7dpvcrs7994wx,19,14,22001.734735,2021-01-20 20:23:44,2021-05-07 00:21:41,2021-05-07 00:21:41,t,1,pool1pp7tn2w6ken4rpfcjwcdup3g4m5gcdhc9lgvrm3mnxz5stmrhq2,2021-01-21 02:19:37,245,0,,,3851.785427,641,2,242.527684,2021-05-07 00:21:41,3609.257743,coordinated_like,emurgo+iog,5.16,False,True,False,False,False,False,False,True,DORMANT_2Y_PLUS,LOW
stake1uym7d8xwhjw7t4u5ufwlqpqj57mw773yny702tlctg7a9rs3gdyjq,71,54,21628.120301,2021-01-10 05:50:36,2026-06-06 06:14:38,2026-05-10 12:55:32,t,3,pool1a23gmvalpdams9d42t7fur8vmknzjv7wd3nsvuvrc7dv66lnau0,2022-12-02 03:27:47,381,1,drep_always_abstain,2024-11-20 01:19:56,2660.221829,641,3,1908.441903,2024-11-20 01:21:57,751.779926,high_confidence_retained_like,emurgo+iog,0.15,False,False,True,True,False,False,False,True,ACTIVE_MANAGED,MEDIUM
stake1uyp94nv0aqnu6ztys4kvs80ng3n3k8m233xesh6j3jav2qqd72wg2,107,3,21454.574543,2020-12-15 22:29:14,2026-06-30 17:51:47,2025-10-05 15:17:24,t,3,pool1wt0pf4u2xktp0f7apveu242w6nkm4ltk3m8g039lvuhwq4zdtf3,2022-03-16 11:26:50,328,1,drep_always_abstain,2025-07-30 08:24:29,22570.315871,641,17,22546.448943,2025-10-05 15:04:45,23.866928,coordinated_like,emurgo+iog,0.74,False,False,True,False,False,False,False,True,MIXED,MEDIUM
stake1u8ssfes9kr7f3ymx23f2nkw8d0rnunxvcn62g5n9x8p9zesrpuc4k,21,14,21389.526238,2021-02-13 13:51:31,2026-03-18 11:05:28,2021-02-19 14:53:44,t,2,pool1uj4u73qgtprqre78q75fq2vkcrpfrcdreqcqkvn6u0m2k6nk2yp,2021-02-19 14:53:44,250,0,,,1660.815480,641,0,0.000000,,1660.815480,coordinated_like,emurgo+iog,5.37,False,True,False,False,True,True,False,True,DORMANT_2Y_PLUS,MEDIUM
stake1u89l98xwlpmgj0ttxf3477ttqwah8p9dh7hkq0ne2jnjhtsk4k76d,27,19,21329.701229,2021-02-05 12:13:01,2026-05-22 10:24:41,2026-05-22 10:24:41,t,2,pool1m0drnjxsvnlesq0rwmur2rh6lenuql57jfzd6cf6aegj2cv7ugy,2025-08-09 10:23:00,577,1,drep1qe2l8gw8v7ydswfp9twytxcc3wzwdq8npt55f3vnlgv2u8sx3nt,2025-08-09 09:02:11,2888.899246,641,1,2443.859202,2025-08-09 09:04:23,445.040044,coordinated_like,iog,0.12,False,False,True,True,False,False,False,True,ACTIVE_MANAGED,MEDIUM
stake1uxdmldtrgeg8w4er2chgsj9e0s5mmckau5j9k09n53wg2qqxaqkxx,9,9,21083.306000,2021-03-06 11:33:39,2021-03-17 05:55:09,,f,0,,,,0,,,0.000000,,0,0.000000,,0.000000,coordinated_like,emurgo+iog,5.33,True,True,False,False,False,False,False,True,NEVER_SPENT_COLD,LOW
stake1uy62k8xq688yydjl4np4j7ml4czn87v446pwk8kwllr08ag33qjq5,53,46,21063.374704,2021-01-13 17:41:56,2026-05-21 12:26:49,2026-05-21 12:26:49,t,1,pool1s6se64qce5rjjjhh6ufcdnc54p8qg78mlhjm38lymx99sqysvzx,2021-01-13 18:10:35,243,0,,,3200.615516,641,1,463.501469,2021-09-13 17:13:38,2737.114047,coordinated_like,emurgo+iog,0.12,False,False,False,True,False,False,False,True,ACTIVE_MANAGED,LOW
stake1u9c0xlq94ayeumy3c5n8cjyy9kc3cn35vpm308ph2afknxguez5kc,20,18,20902.473411,2021-03-08 16:14:51,2026-02-24 15:57:28,2026-02-24 15:57:28,t,2,pool1n2yp66zk6m33sg8k20hsvmk9tw7xeeswzdcfxhnx9hm9jkxv5k4,2026-02-24 15:57:28,617,1,drep1qe2l8gw8v7ydswfp9twytxcc3wzwdq8npt55f3vnlgv2u8sx3nt,2026-02-24 15:57:28,2302.975139,641,0,0.000000,,2302.975139,coordinated_like,iog,0.35,False,False,True,True,True,True,False,True,ACTIVE_MANAGED,MEDIUM
stake1u870f0w0grxjfv3ltaegdskk40l74lyv383z84vmh6pemeqmwp9g0,33,14,20898.426704,2020-11-16 17:28:53,2025-12-03 02:47:56,2021-08-24 20:11:05,t,3,pool1ljlmfg7p37ysmea9ra5xqwccue203dpj40w6zlzn5r2cvjrf6tw,2021-02-09 21:59:51,249,0,,,3743.553748,600,6,774.332203,2021-08-24 20:11:05,2969.221545,coordinated_like,emurgo+iog,4.86,False,True,False,False,False,False,False,True,DORMANT_2Y_PLUS,LOW
stake1uxx57d7sewpxptsv4cchwh80r7974n64dqn7zuq5ls4au5c7zvdgt,66,30,20804.290918,2020-12-03 02:18:49,2026-03-27 01:18:57,2026-03-27 01:18:57,t,2,pool19asxjgd6ah9ddzauwede4wpt9vsp6s4ax5nz297wt47evc9sn7z,2020-12-26 23:50:26,240,1,drep_always_abstain,2024-12-07 19:46:31,3901.596369,641,6,3482.579174,2025-08-08 14:30:07,419.017195,probable_retained_like,emurgo+iog,0.27,False,False,True,True,False,False,False,True,ACTIVE_MANAGED,MEDIUM
stake1uxttvjfmwukg0ae2cd9hyc5l9r2rdgu5xzjsvnyedp5jsysxystmw,23,16,20742.378817,2021-02-08 12:20:03,2026-04-21 16:08:43,2026-03-20 11:31:59,t,1,pool1ksrg8a964464las0ymw88slrwxkychjz9lh09lqltu5m7nw3pq0,2021-02-15 10:42:01,250,0,,,3699.549365,641,1,892.874099,2022-03-01 08:16:47,2806.675266,coordinated_like,emurgo+iog,0.29,False,False,False,True,False,False,False,True,ACTIVE_MANAGED,LOW
stake1uyxswvgkk6ghmqct8e9wv2vsr4dpkufcn648fpuwta0pvvsm9szpg,9,8,20691.590475,2021-03-01 12:56:06,2021-06-21 09:54:11,2021-03-02 10:56:31,t,1,pool1l0pmgdsymmdntuyan4snj88q8nm9axemwefu5ymkuq2s6gr90cn,2021-03-02 10:56:31,253,0,,,2823.530697,641,0,0.000000,,2823.530697,coordinated_like,emurgo+iog,5.34,False,True,False,False,True,True,False,True,DORMANT_2Y_PLUS,MEDIUM
stake1u84x0d5qaca057k94w0tfvtfc2al3d9hfa26x7mac090u6svt9cy3,24,17,20585.130219,2021-02-21 20:11:53,2025-08-08 07:25:31,2025-08-08 07:25:31,t,1,pool1c3ecg6h4m73a2mftmdm9mz3gxklxmnzuwzl9e38lzd4y26qcm8a,2021-02-21 21:20:39,251,1,drep1qe2l8gw8v7ydswfp9twytxcc3wzwdq8npt55f3vnlgv2u8sx3nt,2025-08-08 07:24:30,2708.881353,641,4,2295.131970,2025-08-08 07:25:31,413.749383,coordinated_like,iog,0.90,False,False,True,False,False,False,False,True,MIXED,MEDIUM
stake1u82c5gq82sjx3vpk58ntgtcevxzuahcmn5sjg42mk2en2egth634x,7,7,20382.535821,2021-03-12 22:31:26,2022-12-16 19:04:48,,t,1,pool16hs0jxw7h6pwg3ru7rcq3yvg4csj7lhmcpj68kqem2sh5nt8mwk,2021-03-12 22:31:26,255,0,,,3576.671572,641,0,0.000000,,3576.671572,coordinated_like,emurgo+iog,5.31,True,True,False,False,True,True,False,True,NEVER_SPENT_COLD,MEDIUM
stake1u9xvngtwnmwge0l2yctnhqfgqs40m3lfc85n46rkpr0k08c7hpl8q,16,14,20234.945270,2021-04-02 06:26:51,2024-11-20 10:26:47,2021-10-09 20:32:28,t,2,pool17ahr5ygy48vpdfnatqn2z4wfu2te4quapk2yx3k50ce6kd7feg0,2021-10-09 20:32:28,297,0,,,3464.779810,641,0,0.000000,,3464.779810,coordinated_like,emurgo+iog,4.73,False,True,False,False,True,True,False,True,DORMANT_2Y_PLUS,MEDIUM
stake1u95ls220eez9qqwwk9as0wjfhq9lxed5k2w3nqw40yefxds6sq6nc,17,4,20090.508812,2021-01-17 01:24:20,2025-09-01 08:53:43,2025-09-01 08:53:43,t,3,pool19asxjgd6ah9ddzauwede4wpt9vsp6s4ax5nz297wt47evc9sn7z,2021-12-23 05:06:23,312,1,drep_always_abstain,2025-09-01 08:52:35,1752.568061,641,2,1376.394077,2025-09-01 08:53:43,376.173984,coordinated_like,emurgo+iog,0.84,False,False,True,False,False,False,False,True,MIXED,MEDIUM
stake1u8g4q4q3dnh0khftt58g408h86nka23crlf0sgcwcm6mtysy57und,67,22,20004.003257,2021-02-11 01:28:38,2025-11-01 07:13:10,2025-11-01 07:13:10,t,13,pool1lhvpgr8lhsf6h03v9zqxm74pa63rdxx4yuvkqfw4tv9fua8t37a,2025-11-01 07:13:10,594,2,drep1qe2l8gw8v7ydswfp9twytxcc3wzwdq8npt55f3vnlgv2u8sx3nt,2025-04-25 07:25:58,2919.417213,641,16,2429.125272,2024-12-01 22:22:54,490.291941,coordinated_like,iog,0.67,False,False,True,False,False,False,False,True,MIXED,MEDIUM
stake1u9h72rmwd4vjwurkvcww6pcgc7n7ygk08zdy9334syrcs6s50kj26,8,6,19662.314523,2021-05-08 17:59:52,2021-05-14 16:02:39,2021-05-14 16:02:39,f,0,,,,0,,,0.000000,,0,0.000000,,0.000000,coordinated_like,emurgo+iog,5.14,False,True,False,False,False,False,False,True,DORMANT_2Y_PLUS,LOW
stake1uyg5x8xv4s378t7nf84sk0m37wjd26d8lw5xzla77ddwd7cej2jtx,22,10,19547.037784,2021-02-09 22:54:51,2024-10-20 17:07:11,2024-10-20 17:07:11,t,5,pool18qddv82sx8p22uxzdrf0qx9lkewxadlr9ef45kpcf7dzz3n56qv,2024-10-20 17:05:48,518,1,drep_always_abstain,2024-10-20 17:07:11,2375.253756,641,1,1533.374640,2024-10-10 20:30:33,841.879116,high_confidence_retained_like,emurgo+iog,1.70,False,False,True,False,False,False,False,True,MIXED,MEDIUM
stake1u9kwkgu5lntuhcyhnewev5356adu3zs62tll9x4p4mgww7crlpp3a,8,8,19496.319800,2021-03-10 01:53:07,2026-05-03 02:06:30,,f,0,,,,0,,,0.000000,,0,0.000000,,0.000000,coordinated_like,emurgo+iog,5.32,True,True,False,False,False,False,False,True,NEVER_SPENT_COLD,LOW
stake1ux2k90gtyr8ma2n48gpargdwlssw6lgcqkt9drnljvlqduqtvuqs2,9,8,19285.262442,2021-03-04 18:48:00,2022-11-12 02:16:07,2021-03-04 19:36:31,t,1,pool1djg8jsygtculv3q2qdrxtnpxfq003pdxcvlw2pvfupq7jm5xpgp,2021-03-04 19:36:31,253,0,,,2980.705301,641,0,0.000000,,2980.705301,coordinated_like,emurgo+iog,5.33,False,True,False,False,True,True,False,True,DORMANT_2Y_PLUS,MEDIUM
stake1uy9v2grgd086amzgmfu0yxtnr2gv924sc4fzn3eqvmythpq6p39tk,33,27,19235.919509,2021-02-21 20:47:38,2024-04-01 04:31:30,2021-06-07 02:45:07,t,2,pool1xytvsd9qnvqxpthh9p8k85e823trvn3npxeur8kr9zhkqz5uls9,2021-03-31 15:49:07,258,0,,,2883.781826,641,0,0.000000,,2883.781826,coordinated_like,emurgo+iog,5.07,False,True,False,False,True,True,False,True,DORMANT_2Y_PLUS,MEDIUM
stake1uy04ezst2lzl7jsxh4d5dud2r83q9vyl6g67v4uv07tjx9qg03sd5,13,11,19232.816227,2021-03-14 22:48:19,2022-05-18 03:03:34,2021-05-10 14:28:12,t,2,pool1fm57fshvdlrgs5pnpk78tnxha0me28equyy96vj0xm85gy5chv0,2021-05-10 14:28:12,266,0,,,3368.264171,641,0,0.000000,,3368.264171,coordinated_like,emurgo+iog,5.15,False,True,False,False,True,True,False,True,DORMANT_2Y_PLUS,MEDIUM
stake1uyvjyjae37g4m5au42340ayk7x8rhvdxausyatz574n9nvg9tzvwh,194,130,19131.076250,2021-02-10 21:11:31,2026-06-07 02:18:43,2026-06-03 07:18:37,t,2,pool1s6se64qce5rjjjhh6ufcdnc54p8qg78mlhjm38lymx99sqysvzx,2021-02-11 06:41:05,249,1,drep16tsw66jtrver8ur3y3zzq2fl0m4swl4lwk88fvu8d4z4ydukrj0,2025-04-04 04:42:00,1647.989506,641,8,971.372964,2024-11-25 15:42:47,676.616542,coordinated_like,iog,0.08,False,False,True,True,False,False,False,True,ACTIVE_MANAGED,MEDIUM
stake1u8t940fn6qzkgfxfke7gklx4rmqqp74dyj33ae3fhrqhm8s5s8sez,77,15,19003.330945,2020-07-30 16:31:11,2025-10-01 03:25:30,2025-10-01 03:25:30,t,2,pool1wyfau3rlkckr3clr4mkyxn9vdlrkup0fj7uyyflfccmms24gm3a,2020-12-17 07:32:16,238,1,drep_always_abstain,2024-12-17 14:55:44,4395.834238,641,22,4080.471700,2025-09-30 04:19:35,315.362538,coordinated_like,emurgo+iog,0.75,False,False,True,False,False,False,False,True,MIXED,MEDIUM
stake1u9s7mc80umqlvgnjr5nf0au93zd2nzk6pznqvazcsv55esqqewj4c,8,7,18969.004607,2021-03-08 12:31:12,2021-08-23 06:31:34,2021-08-23 06:31:34,t,1,pool15zrkyr0f80hxlt4scv72tej8l8zwrcphmrega9wutqchjekceal,2021-08-23 06:31:34,287,0,,,3076.605925,641,0,0.000000,,3076.605925,coordinated_like,emurgo+iog,4.86,False,True,False,False,True,True,False,True,DORMANT_2Y_PLUS,MEDIUM
stake1u8cktut6mxrc4ftqgcdehap6gqfnptq40kx5csmmf5hpcpqrac5yd,24,22,18852.713256,2020-10-26 09:58:33,2021-04-23 11:15:34,2021-02-19 16:34:46,t,1,pool136wr0g23dw9daekuyqtgk366vywms6meespgpm3hdguxqczaaug,2020-10-26 11:05:50,227,0,,,3260.649954,641,0,0.000000,,3260.649954,coordinated_like,emurgo+iog,5.37,False,True,False,False,True,True,False,True,DORMANT_2Y_PLUS,MEDIUM
stake1uxns2q5peewzvjsmg4xrmgmw23q9ancuxp6ndjemu72cp2cvt8aja,67,49,18767.065889,2021-02-02 08:32:02,2025-10-29 16:16:51,2024-11-16 01:14:12,t,3,pool16ajaae2n5lsyr4f9k9uz5y8tpf0996tw640dzu7chwp2wdrnz6a,2021-09-23 23:22:06,294,0,,,1857.924877,641,0,0.000000,,1857.924877,coordinated_like,emurgo+iog,1.63,False,False,False,False,True,True,False,True,MIXED,MEDIUM
stake1uy9r8f2k5hca29ekeqagv448wxuwcupe42s2s4l7yegmdqq00lhau,9,6,18312.930228,2021-02-15 04:21:08,2026-01-17 03:44:36,2026-01-17 03:44:36,t,3,pool1n0uxgs5qfk5n9xl7qvq9jt8zuu02cntrsjnjayjlqtejyffnemj,2026-01-17 03:44:36,609,1,drep1ectemlv45xsnvenfgkhwsxncfvxev4qllj7x5w6vlfc7kmd9zcs,2026-01-17 03:44:36,2888.949684,641,0,0.000000,,2888.949684,high_confidence_retained_like,emurgo+iog,0.46,False,False,True,True,True,True,False,True,ACTIVE_MANAGED,MEDIUM
stake1u92ufhnlyhcyky359l6f6jz38gvluk2es80aruv40lefd7quvnshz,11,9,18242.462942,2021-04-14 23:14:56,2023-06-18 01:42:48,2021-07-04 12:59:41,t,1,pool1sjwdmeme5zs042jzwmdvxshhv27kepxke0mr02f2yzacsyd4wtu,2021-04-14 23:29:48,261,0,,,2800.933024,641,1,11.715198,2021-07-04 12:59:41,2789.217826,coordinated_like,emurgo+iog,5.00,False,True,False,False,False,False,False,True,DORMANT_2Y_PLUS,LOW
stake1u9m0akxeacz5efukj2t9775u6czm2re9hrnmg29fk8heqwgftedj5,34,28,18240.724591,2021-02-17 13:04:35,2026-02-02 03:34:28,2022-12-19 16:35:06,t,2,pool1ufp38a9zwlvvrzcyxaxdrvav50nd7az5lyuzh4t0h3qp2gqamsx,2022-12-19 16:35:06,384,0,,,2385.942753,641,1,106.717743,2021-05-18 17:40:37,2279.225010,coordinated_like,emurgo+iog,3.54,False,True,False,False,False,False,False,True,DORMANT_2Y_PLUS,LOW
stake1uyw77h0f9dxevpuq4fsgu853hs204truvs6egukszg6adsq02t29v,18,17,18224.087113,2021-02-21 21:10:41,2021-10-22 03:54:20,2021-02-21 22:57:36,t,1,pool1r0dcmvzsldk06yagudxaajqjuzhvwlzcnaclcwtvm8v4qmsn7l0,2021-02-21 22:57:36,251,0,,,2061.034427,496,0,0.000000,,2061.034427,coordinated_like,emurgo+iog,5.36,False,True,False,False,True,True,False,True,DORMANT_2Y_PLUS,MEDIUM
stake1ux9fpxfvq7mvpyr8kftccfdjmmaytzj999a764w7l6ys5ps8vs26y,44,18,18183.546763,2020-07-30 06:43:11,2024-12-02 20:10:26,2024-12-02 20:10:26,t,6,pool1w7c2j0px43jmudhf48ezp7dy8j7904c9l3wc7809lhh2z026hch,2022-04-14 13:57:50,334,1,drep_always_abstain,2024-12-02 19:54:20,3312.573874,641,6,2615.355418,2024-12-02 20:04:20,697.218456,probable_retained_like,emurgo+iog,1.58,False,False,True,False,False,False,False,True,MIXED,MEDIUM
stake1uxkcjndql0kzdc3skyf25j66rkpcmum6mlktfaryq4hnfaccn6y02,10,3,18112.077377,2021-01-30 14:41:46,2024-12-14 02:15:43,2024-12-14 02:15:43,t,4,pool18rhzlrv83a7ygj7cp5uv8dx07qkn5drhe8nh6f3qvhv66xcyj2m,2022-01-01 01:31:04,314,1,drep1jnmmkfwpta0yuwjchw0gu6csh75vy62088egy9n67d0zc7sn83m,2024-12-14 02:15:43,3415.355919,641,0,0.000000,,3415.355919,coordinated_like,iog,1.55,False,False,True,False,True,True,False,True,MIXED,MEDIUM
stake1uy5qr4u0spvclaat9vvese7j2sz2ejlxq7x4g362cnz3jqq6fmrfx,12,11,18100.350128,2021-03-03 02:26:18,2021-05-21 18:50:07,2021-03-04 02:07:09,t,1,pool1jqw9cv37w0eewvdr36w2kacd2w9wh5uwm2y3vmc0fmdfc0ax26l,2021-03-04 02:07:09,253,0,,,2105.618124,641,0,0.000000,,2105.618124,coordinated_like,emurgo+iog,5.33,False,True,False,False,True,True,False,True,DORMANT_2Y_PLUS,MEDIUM
stake1ux93pp82v0g73hfyzepa5jctxs0j3slagpdlh03kmxa60scz4508y,25,22,18067.086860,2021-01-09 14:36:14,2024-08-05 19:30:52,2021-05-08 21:51:37,t,1,pool108zdflss3ayqlm5c7vr6mtqj2uwl99vk28ur8dv4zswdzt6yauc,2021-01-09 15:07:54,242,0,,,1975.125852,641,2,43.925833,2021-05-08 21:51:37,1931.200019,coordinated_like,emurgo+iog,5.15,False,True,False,False,False,False,False,True,DORMANT_2Y_PLUS,LOW
stake1uyu70k5szuczq0293hk5gf8jejea49ew3kkn9xxds4ec7kq89w8n3,32,25,18016.682461,2020-10-03 22:00:45,2024-02-26 19:33:09,2022-12-14 18:55:15,t,5,pool15f9qklmaajysmwx9n3rkgc5s2g3rfffz4x8spnedtzdgq43tpe2,2021-01-15 14:37:41,243,0,,,2964.756277,641,0,0.000000,,2964.756277,coordinated_like,emurgo+iog,3.55,False,True,False,False,True,True,False,True,DORMANT_2Y_PLUS,MEDIUM
stake1u92wcqgg5v8j9u3cht6ul3nelzhl233htu6gn5ly6ca0mdchxl6tu,32,21,17551.366006,2021-01-12 16:47:08,2026-06-06 05:21:04,2026-06-06 05:21:04,t,2,pool1grgycym8cf0xmgjjr7gx7udmkpu93hqaygysy5myx6ghx8dvl5r,2021-12-20 19:29:47,311,0,,,2844.153177,641,2,1657.775356,2023-11-05 19:54:14,1186.377821,coordinated_like,emurgo+iog,0.08,False,False,False,True,False,False,False,True,ACTIVE_MANAGED,LOW
stake1u8tgx7tnfddtm3jyckuc86s8400whrnnc4uhfdrz7x9zd8cjqtych,17,12,17242.606177,2021-01-07 08:02:08,2022-03-24 10:22:30,2022-03-24 10:22:30,t,2,pool195gdnmj6smzuakm4etxsxw3fgh8asqc4awtcskpyfnkpcvh2v8t,2022-03-24 10:22:30,330,0,,,3058.596496,641,2,735.705635,2022-03-24 10:10:53,2322.890861,coordinated_like,emurgo+iog,4.28,False,True,False,False,False,False,False,True,DORMANT_2Y_PLUS,LOW
stake1u93t33m7haq2ylhh6fycjrygsz9zq9ysr4nrkhpfhvaw7hc7gl36k,44,30,17137.237073,2020-11-10 10:26:06,2024-02-16 04:12:04,2021-11-17 01:53:30,t,5,pool12t3zmafwjqms7cuun86uwc8se4na07r3e5xswe86u37djr5f0lx,2021-11-17 01:53:30,305,0,,,3131.485738,641,4,519.644487,2021-11-12 12:16:21,2611.841251,coordinated_like,emurgo+iog,4.63,False,True,False,False,False,False,False,True,DORMANT_2Y_PLUS,LOW
stake1u9zkja7drswpzw3uv0gz4td4hzj0h6czgyaal9ujwrqutagr5fp88,14,12,17110.855657,2021-03-04 19:57:43,2026-04-18 02:24:23,2021-04-04 19:37:54,t,2,pool1s6se64qce5rjjjhh6ufcdnc54p8qg78mlhjm38lymx99sqysvzx,2021-04-04 19:37:54,259,0,,,2266.028534,641,0,0.000000,,2266.028534,coordinated_like,emurgo+iog,5.25,False,True,False,False,True,True,False,True,DORMANT_2Y_PLUS,MEDIUM
stake1uy9fj64mdde0qjdk0cjnqpglyywrnckek8u8jcsly5sk7acvwevmh,11,9,17019.426771,2020-11-05 23:14:51,2021-03-20 00:24:48,2021-01-08 18:53:48,t,2,pool1lqpymyzg9glc88r7urptuv0d8t2tu9ty7xtshvxmgpu0j4lp8p3,2021-01-08 18:53:48,242,0,,,3100.493508,641,0,0.000000,,3100.493508,coordinated_like,emurgo+iog,5.48,False,True,False,False,True,True,False,True,DORMANT_2Y_PLUS,MEDIUM
stake1u98w7s4qr0mpz6cdfmv49pkak5evpr747j5qt20g5yzh7kgzsxgrf,7,6,17004.479710,2021-02-09 09:23:46,2024-02-17 05:49:37,2021-06-02 10:09:56,t,1,pool18vej0s9gska8c847aj95g9v24duuxg2g63d5cuqngnxew643jw9,2021-06-02 10:09:56,271,0,,,3034.815462,641,0,0.000000,,3034.815462,coordinated_like,emurgo+iog,5.08,False,True,False,False,True,True,False,True,DORMANT_2Y_PLUS,MEDIUM
stake1uxvwxf2g3mltreheuudqrwfv9x36yr9qsecxydmtj6rhffqrtszcx,36,27,17000.060284,2021-02-12 03:20:50,2026-04-09 15:21:58,2026-04-09 15:21:58,t,3,pool1t8gjk7jzvujfv9s8q992e6s7tp8na0q3j62g7s4ppzfmccus4jk,2022-01-06 04:57:59,315,0,,,1471.642860,641,0,0.000000,,1471.642860,coordinated_like,emurgo+iog,0.23,False,False,False,True,True,True,False,True,ACTIVE_MANAGED,MEDIUM
stake1u8z4rtgshm79gq2mq0gf3fs8358pgzmjgmqpsu99vlqp9es8m4hm7,6,6,16995.000000,2021-02-03 13:48:09,2021-03-18 04:39:45,,f,0,,,,0,,,0.000000,,0,0.000000,,0.000000,coordinated_like,emurgo+iog,5.41,True,True,False,False,False,False,False,True,NEVER_SPENT_COLD,LOW
stake1u9rxfw7wmtzpx7nnqgz7ew4k4acmd8halaz49c53xwmae8ssmvats,13,12,16966.208864,2021-02-09 18:34:08,2021-03-17 11:15:57,2021-02-09 18:44:32,t,1,pool1l5kwfudnqrhw3k4lwzcppu36nun9puvvr7xnanuz8a2zx4jaek5,2021-02-09 18:44:32,248,0,,,2487.843557,640,0,0.000000,,2487.843557,coordinated_like,emurgo+iog,5.39,False,True,False,False,True,True,False,True,DORMANT_2Y_PLUS,MEDIUM
stake1u8j8x39e34qnhnv7euyg5cec3n83fp46srw4mumr7gxealc8nrucv,12,8,16920.755832,2021-02-11 08:31:31,2025-01-25 14:50:27,2025-01-25 14:50:27,t,3,pool1xkwnlr34tjrnkz6u4c0p36cju3xuls4dyynsdkf6cv22ksuhz6q,2025-01-25 14:50:27,538,1,drep_always_abstain,2025-01-25 14:46:45,2709.321542,641,0,0.000000,,2709.321542,probable_retained_like,emurgo+iog,1.43,False,False,True,False,True,True,False,True,MIXED,MEDIUM
stake1uyh9y0wm3j0uflkp07svy6kj5vqyx50htv7vfekxmngmkzc0m37cq,22,16,16762.683135,2021-03-11 07:37:30,2025-07-12 03:42:03,2025-05-18 19:53:53,t,1,pool1kmsr376syqkluhxvv8k2axugqw7unjmlkwhfxjxtj7cw7qcn0jn,2021-03-11 08:58:18,254,1,drep1qe2l8gw8v7ydswfp9twytxcc3wzwdq8npt55f3vnlgv2u8sx3nt,2025-05-18 19:53:53,1789.851355,641,0,0.000000,,1789.851355,coordinated_like,iog,1.12,False,False,True,False,True,True,False,True,MIXED,MEDIUM
stake1ux5hu3v6zyfmmj246wfdfr2padm3024fksaeugjlketymwq5296ql,5,5,16754.602903,2021-03-02 23:50:15,2021-06-05 02:17:43,,f,0,,,,0,,,0.000000,,0,0.000000,,0.000000,coordinated_like,emurgo+iog,5.34,True,True,False,False,False,False,False,True,NEVER_SPENT_COLD,LOW
stake1u86rfdnzcsje5azhuvy5s286x7hfk5h2t8tu9h0ndengtfgejrhgr,70,19,16651.389413,2020-09-27 15:53:20,2022-01-13 01:21:55,2021-11-12 15:18:47,t,1,pool1dj4l8qma9zzqqzhsawdkvxrs7qyqyv70kn56ywdqqazscvcqvva,2020-09-27 16:34:44,221,0,,,1299.367724,612,0,0.000000,,1299.367724,coordinated_like,emurgo+iog,4.64,False,True,False,False,True,True,False,True,DORMANT_2Y_PLUS,MEDIUM
stake1ux200k4mlmffv7htm2cmdlkxtk0m8ghn372cd7este3wu0s3ggr2t,34,21,16448.328196,2021-01-05 19:31:44,2025-09-13 15:58:19,2025-09-13 15:58:19,t,4,pool12t3zmafwjqms7cuun86uwc8se4na07r3e5xswe86u37djr5f0lx,2021-11-18 19:34:43,305,1,drep1qe2l8gw8v7ydswfp9twytxcc3wzwdq8npt55f3vnlgv2u8sx3nt,2025-08-05 22:15:36,3862.057252,641,1,3545.374233,2025-09-13 15:58:19,316.683019,high_confidence_retained_like,emurgo+iog,0.80,False,False,True,False,False,False,False,True,MIXED,MEDIUM
stake1uyjwxv2qjscu89s79qmerukmj0d42zz7hwd75jw9fcfwnpsclxsgw,13,9,16217.379927,2021-02-20 19:49:51,2024-12-08 13:23:09,2024-12-08 13:23:09,t,4,pool1xkwnlr34tjrnkz6u4c0p36cju3xuls4dyynsdkf6cv22ksuhz6q,2024-12-08 13:23:09,528,1,drep_always_abstain,2024-12-08 13:23:09,2795.607885,641,0,0.000000,,2795.607885,high_confidence_retained_like,emurgo+iog,1.57,False,False,True,False,True,True,False,True,MIXED,MEDIUM
stake1uyhfjfy0t4982gc88mnhczv5puffwydg3n0wcswsn89lnkqrt0lrw,15,7,16142.296947,2021-02-27 18:34:32,2023-04-09 14:15:00,2023-04-09 14:15:00,t,1,pool1jdhjfcu34lq88rypdtslzwyf27uh0h3apcr9mjd68zhc69r29fy,2021-02-28 14:39:59,252,0,,,2963.116276,641,0,0.000000,,2963.116276,coordinated_like,emurgo+iog,3.23,False,True,False,False,True,True,False,True,DORMANT_2Y_PLUS,MEDIUM
stake1u8vwllaqruehyqx8wcejkxqxejhrejzeq5qpyr5zqrjrslcwz6md7,5,3,16120.514123,2021-03-15 15:51:16,2024-12-07 19:10:54,2024-12-07 19:10:54,t,2,pool14cq4fchmmqjygwjw4zexmqqd6a7caxptjnvseyu6wanjuppv4vk,2024-12-07 19:10:54,528,1,drep_always_abstain,2024-12-07 19:10:54,2716.619535,641,0,0.000000,,2716.619535,coordinated_like,emurgo+iog,1.57,False,False,True,False,True,True,False,True,MIXED,MEDIUM
stake1u9rh8zff6fc3rfwrfye2mw0xnedvvugjac6m3nsx2q9gjug07u93v,4,4,15751.255821,2021-03-12 16:51:38,2021-03-12 17:39:55,,f,0,,,,0,,,0.000000,,0,0.000000,,0.000000,coordinated_like,emurgo+iog,5.31,True,True,False,False,False,False,False,True,NEVER_SPENT_COLD,LOW
stake1u862nsv4h6m2y352qytrtd4m9xhz3tuuyqyqqx4vnxcw3vgv6hnh3,12,10,15679.996188,2021-03-07 07:34:10,2025-01-05 00:34:40,2025-01-05 00:34:40,t,1,pool1ddg6t2h9kj6lqlec4ncjs945lzj43m3ggrgdhf5sgzhtygpkznz,2021-03-07 07:56:55,254,1,drep_always_abstain,2025-01-05 00:34:40,2917.028333,641,0,0.000000,,2917.028333,probable_retained_like,emurgo+iog,1.49,False,False,True,False,True,True,False,True,MIXED,MEDIUM
stake1uyqu9qfawmwlr8spnncnjgtl7mfw3ene55unp2lyxnum25gjxvz9m,10,8,15433.757497,2021-02-26 00:16:48,2026-04-04 12:31:32,2021-02-26 23:16:16,t,1,pool12z39rkzfylvn9wfe8j6x9ucq6g2l4mw4azj70y0gd8ejczznyj3,2021-02-26 00:57:47,252,0,,,3001.113985,641,0,0.000000,,3001.113985,coordinated_like,emurgo+iog,5.35,False,True,False,False,True,True,False,True,DORMANT_2Y_PLUS,MEDIUM
stake1uysca0nxk0kp5393fwt4qgrk3k5276eqv4e43xmldnlf3zsu9k5pw,81,37,15378.492090,2021-11-09 16:30:56,2026-04-23 13:27:18,2026-04-23 13:27:18,t,3,pool1qqqqx69ztfvd83rtafs3mk4lwanehrglmp2vwkjpaguecs2t4c2,2022-03-31 15:42:28,331,1,drep1kyppjlhz4lawh4g0ewx2d8a5l20t4yclfnppnuvdkmt7vccg836,2026-04-23 13:26:04,1325.114177,639,20,1304.804642,2026-04-23 13:27:18,20.309535,probable_retained_like,emurgo+iog,0.19,False,False,True,True,False,False,False,True,ACTIVE_MANAGED,MEDIUM
stake1uxpmxyj2vwuh02zpm9zufr87lwl98uxzlz9s8dxj9j2xdacrjx4jw,14,13,15074.100979,2021-02-04 02:46:48,2023-04-06 20:43:01,2021-05-16 00:22:16,t,1,pool1s6x6kltycpxq82hyqhlqllqj3q5l2m8w499gvtu4xrfv29c0q2q,2021-05-16 00:22:16,268,0,,,1639.847335,641,0,0.000000,,1639.847335,coordinated_like,emurgo+iog,5.13,False,True,False,False,True,True,False,True,DORMANT_2Y_PLUS,MEDIUM
stake1u8whljn70palgh7l3n78kyjkypxegf5vtppdu8g0aqlrk3sy0kfav,127,64,15013.742635,2021-02-19 12:50:15,2024-12-08 10:43:34,2024-12-08 10:43:34,t,2,pool17h6slydr6rd9vquqa38p5cf9xqnpc24w6a99rhllcjzljgugx6x,2022-02-22 09:12:42,324,1,drep_always_abstain,2024-11-29 16:33:52,1391.332678,639,4,1254.552116,2024-11-29 16:33:52,136.780562,high_confidence_retained_like,emurgo+iog,1.57,False,False,True,False,False,False,False,True,MIXED,MEDIUM
stake1u9dhxhrn6y756w9tt84ce59sdx73zw4hqsp2r3zgf9qn84gpl0eu0,21,11,15000.916458,2021-01-22 15:03:24,2026-06-29 14:01:28,2026-06-29 14:01:28,t,1,pool1lurfk0k0wwx54hlg8a7zp3jtstu57u59aeq7aketl55hknmmtu0,2021-02-21 16:24:41,251,1,drep_always_abstain,2026-06-29 14:01:07,4218.162012,627,2,4218.162012,2026-06-29 14:01:28,0.000000,high_confidence_retained_like,emurgo+iog,0.01,False,False,True,True,False,False,False,True,ACTIVE_MANAGED,MEDIUM
stake1u95gwzd5nj83ttujc4clyk6jdjd4zjy9g2v9c67ea8dljgsxqwfv3,37,23,14825.032466,2020-07-30 07:02:51,2025-02-19 05:10:30,2025-02-19 05:10:30,t,6,pool108zdflss3ayqlm5c7vr6mtqj2uwl99vk28ur8dv4zswdzt6yauc,2025-02-19 05:10:30,543,1,drep_always_abstain,2025-02-19 05:10:30,2863.483714,641,1,815.400744,2022-01-20 22:28:29,2048.082970,coordinated_like,emurgo+iog,1.37,False,False,True,False,False,False,False,True,MIXED,MEDIUM
stake1uxrv64eey5v9k0ch03ly5ax73ls67q5ssdc8qdmuznyy8jgmtexzp,48,45,14568.146491,2020-09-01 16:30:54,2025-08-15 15:53:05,2020-11-28 14:07:15,t,2,pool1aqg6fvhcaulvss2ruvpx6ur9vj7pejvdcxv6xp0qlwuwx94evf0,2020-09-02 01:41:20,216,0,,,2616.144285,641,0,0.000000,,2616.144285,coordinated_like,emurgo+iog,5.59,False,True,False,False,True,True,False,True,DORMANT_2Y_PLUS,MEDIUM
stake1uxwary7v2zt5u5vyxq5rp8xywvqavspnewjy3cutqqnqmnqdnqqqf,21,9,14502.948798,2021-01-14 23:05:28,2025-12-31 15:17:29,2025-12-31 15:17:29,t,1,pool12vs4c3cm0tr49c7alrevfs0xa5g3s4al4fn46h33e69uusat04v,2021-12-07 05:24:59,309,1,drep_always_abstain,2024-12-30 21:48:55,1730.730864,641,10,1572.734039,2025-12-31 15:17:29,157.996825,coordinated_like,emurgo+iog,0.50,False,False,True,False,False,False,False,True,MIXED,MEDIUM
stake1u8scyn0fnmw5xmg9lzl6lnzuyy2c039qvep4v7uzhw92jjcwm7n7d,15,7,14234.658727,2021-03-05 20:38:34,2025-12-02 12:37:59,2025-09-05 03:47:29,t,3,pool1qqqqdktl6pq46td0mwut0qn30g7nlue0sete9wxl0hwsq37wrw8,2021-09-28 19:52:58,295,1,drep1qe2l8gw8v7ydswfp9twytxcc3wzwdq8npt55f3vnlgv2u8sx3nt,2025-09-05 03:43:20,2322.470021,641,1,2047.567783,2025-09-05 03:47:29,274.902238,high_confidence_retained_like,emurgo+iog,0.83,False,False,True,False,False,False,False,True,MIXED,MEDIUM
stake1ux5c99f9esgc3drx0k8486k36na04c9agz7rw5azwhwj9dc4expft,5,4,13714.291103,2021-02-04 20:32:42,2021-03-05 14:52:28,2021-02-04 20:41:04,t,1,pool1ksazs9mzcuyr3mfrvw48dc5wkgsjceztakymmv7jpxle7l2nfs0,2021-02-04 20:41:04,247,0,,,1715.005890,528,0,0.000000,,1715.005890,coordinated_like,emurgo+iog,5.41,False,True,False,False,True,True,False,True,DORMANT_2Y_PLUS,MEDIUM
stake1u87hfvrp68qpd8xyt9lwr8eq3eev6ag3wkrhzqdulj99gqsq66k9c,44,26,13702.656000,2021-04-18 04:52:09,2025-03-29 18:21:49,2025-03-29 18:21:38,t,14,pool1kmsr376syqkluhxvv8k2axugqw7unjmlkwhfxjxtj7cw7qcn0jn,2025-01-20 16:43:27,537,1,drep1qe2l8gw8v7ydswfp9twytxcc3wzwdq8npt55f3vnlgv2u8sx3nt,2025-03-26 15:36:22,1556.002819,641,0,0.000000,,1556.002819,high_confidence_retained_like,emurgo+iog,1.26,False,False,True,False,True,True,False,True,MIXED,MEDIUM
stake1u90kqzxx8ldyf7hu6wwkl5rrqay9jfp3t57lm9ajcpx550gdg84gg,48,37,13687.963018,2021-02-13 13:34:51,2024-03-23 15:41:03,2024-03-23 15:41:03,t,5,pool1yvf4nxph69ztm0tgj73ummxq45kfjhecyad26e3xc2002xgzalg,2024-03-23 15:41:03,476,0,,,1957.878523,641,6,1181.521778,2024-03-23 15:12:53,776.356745,coordinated_like,emurgo+iog,2.28,False,True,False,False,False,False,False,True,DORMANT_2Y_PLUS,LOW
stake1u9c0rlgth73dgrwfefsfzam89kg4pd5g0g7z67e4gqgelnqwpxkze,29,19,13449.220091,2021-02-18 22:30:16,2024-11-20 18:29:26,2024-11-20 18:29:26,t,3,pool1xkwnlr34tjrnkz6u4c0p36cju3xuls4dyynsdkf6cv22ksuhz6q,2024-11-20 18:29:26,524,1,drep_always_abstain,2024-11-20 18:29:26,2265.573567,641,2,73.873537,2021-05-15 18:03:08,2191.700030,coordinated_like,emurgo+iog,1.61,False,False,True,False,False,False,False,True,MIXED,MEDIUM
stake1uxp4vn33cjz2yneqd3u6e29lujnta9vpzmq4vtvk0edxpuq3resqq,50,18,13377.735941,2021-01-09 04:46:19,2026-04-27 01:55:46,2026-04-27 01:55:46,t,8,pool1kx0jm9ycs3t99tnwafw6w72jkdlzhj5ltxe2nrzkd9x2u5x343h,2026-01-04 00:44:27,606,1,drep1qe2l8gw8v7ydswfp9twytxcc3wzwdq8npt55f3vnlgv2u8sx3nt,2026-01-04 00:44:27,2062.699403,641,0,0.000000,,2062.699403,coordinated_like,iog,0.18,False,False,True,True,True,True,False,True,ACTIVE_MANAGED,MEDIUM
stake1u82cjlhqnlrq80ytrx7hydtzmkqlj646hvds3qj9ayutkus8fvw38,18,15,13325.291295,2021-02-24 01:02:57,2024-11-06 17:11:27,2024-11-06 17:11:27,t,1,pool15yyxtkhz64p7a8cnax9l7u82s9t9hdhyxsa3tdm977qhgpnsuhq,2021-06-18 14:00:40,274,0,,,2031.147667,641,0,0.000000,,2031.147667,coordinated_like,emurgo+iog,1.65,False,False,False,False,True,True,False,True,MIXED,MEDIUM
stake1u85j0drkt8qh5cq88n3hfu0vchqascu6ung49fhdcpver3sgh2h7p,21,15,13302.445779,2020-07-30 12:48:51,2025-08-30 20:21:17,2025-08-24 14:24:33,t,1,pool1pshqcksxywy68lt04lw6uf35f4yssekh5dx2mxqmyrukke2z5y3,2020-08-30 04:53:06,216,1,drep13d6sxkyz6st9h65qqrzd8ukpywhr8swe9f6357qntgjqye0gttd,2025-08-24 14:23:07,1710.132808,641,4,1450.423181,2025-08-24 14:24:33,259.709627,high_confidence_retained_like,emurgo+iog,0.86,False,False,True,False,False,False,False,True,MIXED,MEDIUM
stake1u9vdux3dxe8kdnsa6kt5lyvcj43dkpxj3r3ah27nuvmp4fgljsd0s,34,28,13161.333934,2021-02-26 16:39:27,2024-12-14 22:08:30,2024-12-14 22:08:30,t,1,pool1l5kwfudnqrhw3k4lwzcppu36nun9puvvr7xnanuz8a2zx4jaek5,2021-02-26 16:45:48,252,1,drep_always_abstain,2024-11-16 14:49:44,1398.925659,640,4,1105.915108,2024-12-14 22:08:30,293.010551,probable_retained_like,emurgo+iog,1.55,False,False,True,False,False,False,False,True,MIXED,MEDIUM
stake1u97hunzcun0ltgarrhwvr4x5zmgs7k7d0fdje3ffjycqnssp7qvnc,25,20,13124.591852,2021-02-12 02:51:57,2024-01-10 05:38:16,2021-08-14 15:24:08,t,1,pool1pemnlylem2e94xguhd3fytj90848kpv4agvr6rthx2tp58z79ek,2021-02-12 17:31:48,249,0,,,1410.193900,641,0,0.000000,,1410.193900,coordinated_like,emurgo+iog,4.88,False,True,False,False,True,True,False,True,DORMANT_2Y_PLUS,MEDIUM
stake1ux44fhhzwcu4s0snwnyyp7yjdjgrlm27gkhagft53q778mcyezddx,36,22,12906.716418,2021-03-06 09:08:49,2024-04-07 17:14:26,2022-12-24 19:58:20,t,4,pool138m7hevnvp664cmtralju857t5k7e4frpnaevtgpuykggr50kne,2022-12-24 19:58:20,385,0,,,1699.788227,641,0,0.000000,,1699.788227,coordinated_like,emurgo+iog,3.52,False,True,False,False,True,True,False,True,DORMANT_2Y_PLUS,MEDIUM
stake1uyg3edu8sfmd7am8wz4ly76gxztw8338mpaatewj969a3ygar3gp2,37,28,12898.380685,2021-02-16 13:09:39,2024-05-16 10:41:43,2023-12-08 11:36:14,t,5,pool1eqa7kxx4xg35cu4rqj4exkvzhenscgh8wxez0gl7hsagygp79kr,2022-02-07 11:57:52,321,0,,,1912.353233,641,1,1020.325192,2023-12-08 11:36:14,892.028041,coordinated_like,emurgo+iog,2.57,False,True,False,False,False,False,False,True,DORMANT_2Y_PLUS,LOW
stake1uxmzzpn2chms6p48psvhnvnm0arx7h3tgs69mzdz5n2de9caa82c5,7,6,12846.774068,2021-02-16 23:24:28,2021-03-05 13:12:04,2021-02-23 13:24:54,t,1,pool1dj4l8qma9zzqqzhsawdkvxrs7qyqyv70kn56ywdqqazscvcqvva,2021-02-23 13:24:54,251,0,,,1055.691227,612,0,0.000000,,1055.691227,coordinated_like,emurgo+iog,5.36,False,True,False,False,True,True,False,True,DORMANT_2Y_PLUS,MEDIUM
stake1u8rgv6j6qlkk35g725knwwhgtehaydlfj7c2xa2nxy6culgg40jup,42,32,12589.540040,2021-02-17 20:55:59,2026-05-20 22:06:53,2026-05-20 22:06:53,t,6,pool1vxvdypctdecvc2j7xu9y8h2fdxvkpjy2pp8luwg2h6dx5jlv0nk,2026-05-20 22:06:53,634,1,drep1qe2l8gw8v7ydswfp9twytxcc3wzwdq8npt55f3vnlgv2u8sx3nt,2026-05-20 22:06:53,1872.711284,641,0,0.000000,,1872.711284,high_confidence_retained_like,emurgo+iog,0.12,False,False,True,True,True,True,False,True,ACTIVE_MANAGED,MEDIUM
stake1ux94hznzd8aje6xgndpglp8ry7zkhg8727t60mcq65d06dqaj4h4m,6,4,12531.000982,2021-05-16 17:50:24,2021-05-18 04:46:04,2021-05-18 04:46:04,t,2,pool1urgvu6zk422j4xwtxa45lzpd6dm25msfthpkezr042secrtuwzc,2021-05-18 04:46:04,268,0,,,2144.803952,641,0,0.000000,,2144.803952,coordinated_like,emurgo+iog,5.13,False,True,False,False,True,True,False,True,DORMANT_2Y_PLUS,MEDIUM
stake1uy805wgvkfz3ktwpz8ws68r4mtxffk9s0fr3tvqynjsv49s7fc550,14,9,12486.568079,2021-02-06 04:10:36,2022-11-22 13:51:53,2022-11-22 13:51:53,t,1,pool1zmfpd5r5vfwjmwm4cgy53exe58h7plnecny3t4948yw7zumzp4c,2021-02-06 06:38:28,248,0,,,2100.898927,641,1,863.462754,2022-11-22 13:51:53,1237.436173,coordinated_like,emurgo+iog,3.61,False,True,False,False,False,False,False,True,DORMANT_2Y_PLUS,LOW
stake1uy9g8cp8pzpdcgw9swzf0zgvrk03gk5z7j0ds0zwdd4z02c3mwjx3,16,11,12485.337055,2021-02-26 06:12:59,2024-11-13 16:19:39,2024-09-23 06:16:40,t,3,pool1l6aeyn35nkqkn9lqqlwqnpraakdzuukjrqprcrj3sctk6hhe32k,2024-09-23 06:16:40,513,0,,,1858.558588,641,1,1338.160349,2024-08-29 13:11:16,520.398239,coordinated_like,emurgo+iog,1.78,False,False,True,False,False,False,False,True,MIXED,MEDIUM
stake1u9q6gmgz3tz6cvlcd7ttjdsz2aee2ankgqep0ywmsjg685gxdtfcs,23,13,12391.435048,2021-01-13 09:55:16,2026-02-03 00:44:03,2024-12-06 18:05:14,t,7,pool1gclysx2h7fndj0jdajlmwvqr8q9tzu3rurjknacu0ff954fsg9a,2022-04-26 09:41:48,337,1,drep1km69g7ksf8t5g0h9d9tkrcd2tezxelx0wtr76rv2mrkl5nzd6v3,2024-12-06 17:56:31,1712.871054,641,1,1243.139885,2024-12-06 18:05:14,469.731169,coordinated_like,iog,1.57,False,False,True,False,False,False,False,True,MIXED,MEDIUM
stake1uye0c8ft8hvp74wc3fkwhp34t9kdw2cwkdzv5k9rnc3hsaggkga6m,49,48,12302.226934,2021-01-09 00:27:59,2026-02-06 00:20:08,2021-08-07 02:59:34,t,1,pool1vquhv3kh6xkklckaenl8alyuhfsld57ef5573aqauueyqacx4ak,2021-08-07 02:59:34,284,0,,,1538.922771,641,0,0.000000,,1538.922771,coordinated_like,emurgo+iog,4.90,False,True,False,False,True,True,False,True,DORMANT_2Y_PLUS,MEDIUM
stake1uykghxwveedyf8r5wes4p5229pnpzg29qfyz35r2j537eugkghcup,21,16,12242.479925,2021-01-04 05:14:00,2024-12-07 16:42:59,2024-12-07 16:42:59,t,3,pool1lfvzgsrghmugvpym868mh29288ez0nncz680mamzjygu2jpuwcd,2024-12-07 16:42:59,528,1,drep_always_abstain,2024-12-07 16:42:59,2341.679561,641,1,24.416403,2021-02-13 13:13:11,2317.263158,coordinated_like,emurgo+iog,1.57,False,False,True,False,False,False,False,True,MIXED,MEDIUM
stake1uxu833jmsmt85w6uamjg75z9klaqvv2p3f37xhrvcwt2ctg0j40k6,25,16,12205.961918,2021-01-19 20:49:50,2024-02-06 01:55:14,2022-06-14 18:54:49,t,7,pool1xytvsd9qnvqxpthh9p8k85e823trvn3npxeur8kr9zhkqz5uls9,2022-06-14 18:54:49,346,0,,,2079.643359,641,1,380.600785,2022-03-02 18:47:22,1699.042574,coordinated_like,emurgo+iog,4.05,False,True,False,False,False,False,False,True,DORMANT_2Y_PLUS,LOW
stake1u8fxacmhj339v63f9x56akhx34d2953j6lw7f8ule28n2yqg0ctfg,14,13,12148.791720,2022-06-12 01:44:39,2026-04-18 02:24:49,2022-06-12 01:48:49,t,1,pool1s6se64qce5rjjjhh6ufcdnc54p8qg78mlhjm38lymx99sqysvzx,2022-06-12 01:48:49,346,0,,,811.065708,641,0,0.000000,,811.065708,coordinated_like,emurgo+iog,4.06,False,True,False,False,True,False,False,True,DORMANT_2Y_PLUS,LOW
stake1u9xr5hvsft6wccma5rlndwm9qwq930fdvkwfhrn2sdy6qyguttur6,2,2,12076.809100,2021-03-03 10:12:36,2021-03-03 17:52:27,,f,0,,,,0,,,0.000000,,0,0.000000,,0.000000,coordinated_like,emurgo+iog,5.33,True,True,False,False,False,False,False,True,NEVER_SPENT_COLD,LOW
stake1u9macsjy9qeqhva655se4p8ggeadyktajaxwsm7rmc6rkksqu96yc,3,3,12000.363077,2021-03-05 01:25:38,2021-03-05 01:46:45,,f,0,,,,0,,,0.000000,,0,0.000000,,0.000000,coordinated_like,emurgo+iog,5.33,True,True,False,False,False,False,False,True,NEVER_SPENT_COLD,LOW
stake1u8c34gj28t45d3ygevsg8xxlwkx7dp842ytz5hnds7qkevc65q6x4,18,9,11954.780654,2021-02-07 12:41:00,2021-11-03 10:44:23,2021-02-23 05:32:21,f,0,,,,0,,,0.000000,,0,0.000000,,0.000000,coordinated_like,emurgo+iog,5.36,False,True,False,False,False,False,False,True,DORMANT_2Y_PLUS,LOW
stake1uxff88k822jph4c7xrfv40ctdnhk827ml3m329gz6aty20cgydcqs,497,127,11785.890516,2021-01-12 07:06:56,2024-12-07 18:21:51,2024-11-28 07:15:30,t,1,pool1pnzwgsgzd6t4788sfr7dxjyusepyq9xaxnpyfcngewqf29t9ayd,2021-01-12 08:00:39,243,1,drep13d6sxkyz6st9h65qqrzd8ukpywhr8swe9f6357qntgjqye0gttd,2024-11-28 07:15:30,1811.102410,641,1,1413.168191,2024-11-28 07:15:30,397.934219,high_confidence_retained_like,emurgo+iog,1.59,False,False,True,False,False,False,False,True,MIXED,MEDIUM
stake1u90jpgjy0xdq7smyxnh656vsvu0du5swhl23muukmzawdgg8dde8a,19,16,11780.762888,2021-02-13 06:47:54,2025-10-18 09:56:57,2021-05-06 11:23:06,t,1,pool16agnvfan65ypnswgg6rml52lqtcqe5guxltexkn82sqgj2crqtx,2021-02-13 07:11:00,249,0,,,1844.998898,641,1,62.286939,2021-05-06 11:23:06,1782.711959,coordinated_like,emurgo+iog,5.16,False,True,False,False,False,False,False,True,DORMANT_2Y_PLUS,LOW
stake1u8zrjq3kqx0sx2xnwskyvus9xymg35j3xp7rtf9xrlwlmhsqcrkus,6,5,11755.187864,2021-02-25 23:25:19,2021-04-29 17:56:17,2021-02-25 23:27:11,t,1,pool1ng3vqzrhn3z45yjdscv3q37n26g2pj3vp99rfkgv6225y8lqg8j,2021-02-25 23:27:11,252,0,,,2074.555375,641,0,0.000000,,2074.555375,coordinated_like,emurgo+iog,5.35,False,True,False,False,True,True,False,True,DORMANT_2Y_PLUS,MEDIUM
stake1uxh2xsf9u8pf0h52gfs6wt8znwpuh6mlttvkcv4a7735p3qyl5jzk,31,28,11694.264743,2021-03-11 03:29:54,2025-03-14 01:56:32,2025-03-14 01:56:32,t,3,pool1xs34q2z06a46nk7hl48d27dj5gzc6hh9trugw2ehs9ajsevqffx,2025-03-14 01:56:32,547,1,drep_always_abstain,2025-03-14 01:56:32,2087.933657,641,0,0.000000,,2087.933657,high_confidence_retained_like,emurgo+iog,1.30,False,False,True,False,True,True,False,True,MIXED,MEDIUM
stake1u8u2g7cu9wudvsd9kcuga3ajluststvn0p0spnw6wpeeuqc0yawsm,6,5,11597.816010,2021-02-15 22:45:16,2021-03-07 22:40:05,2021-03-07 22:40:05,t,1,pool1uhy50u9y76nd6z2xmzt3mta0yc7g3gdssef8lheyyg7zzymgzm8,2021-03-07 22:40:05,254,0,,,2139.731941,641,0,0.000000,,2139.731941,coordinated_like,emurgo+iog,5.32,False,True,False,False,True,True,False,True,DORMANT_2Y_PLUS,MEDIUM
stake1u84wq9z0nj2nmwfu5u64ff3rgkaa7k09t48ahsrl23tgy9g737j3x,20,13,11596.417365,2021-03-01 03:52:37,2024-08-23 19:54:45,2021-11-04 20:31:02,t,1,pool1qa6lqyu67ghpa0evxfu9nzqkj3h82qpfku82ec79zdwru4pd25m,2021-03-01 11:47:13,252,0,,,1417.321137,641,1,167.723106,2021-11-04 20:18:10,1249.598031,coordinated_like,emurgo+iog,4.66,False,True,False,False,False,False,False,True,DORMANT_2Y_PLUS,LOW
stake1uxgsxujhgzzmkrldtdvneqtpcq9hhhdjne0fcha9n5e4xsq0pnvg3,10,7,11468.078720,2020-08-01 19:11:51,2026-02-14 14:09:19,2026-02-14 14:09:19,t,3,pool1k0ucs0fau2vhr3p7qh7mnpfgrllwwda7petxjz2gzzaxkyp8f88,2026-02-14 14:09:19,615,1,drep_always_abstain,2026-02-14 14:09:19,2153.931261,641,0,0.000000,,2153.931261,high_confidence_retained_like,emurgo+iog,0.38,False,False,True,True,True,True,False,True,ACTIVE_MANAGED,MEDIUM
stake1u80ucpxt4hatm7qy6d2l3kmgjh5ep09th6cn9yd3nxatdxca8mpz6,23,18,11441.004735,2020-12-04 21:33:37,2025-12-03 01:57:31,2025-12-03 01:57:31,t,2,pool1jz5ljsnj4fzmk84j0wcw9ldy866dn07nzqg2ktyuyjvfvr3jgtq,2021-09-20 18:08:08,293,1,drep1jnmmkfwpta0yuwjchw0gu6csh75vy62088egy9n67d0zc7sn83m,2025-12-02 22:50:49,1741.294133,641,1,1600.504438,2025-12-02 22:53:03,140.789695,coordinated_like,iog,0.58,False,False,True,False,False,False,False,True,MIXED,MEDIUM
stake1uxtwevan2rsurpnutthxkr6sd6465ftrfy3t4j23q4csc0g4ff8me,13,12,11236.661582,2021-05-29 01:54:28,2021-05-31 01:33:12,2021-05-29 03:18:44,t,1,pool19asxjgd6ah9ddzauwede4wpt9vsp6s4ax5nz297wt47evc9sn7z,2021-05-29 03:18:44,270,0,,,1935.984833,641,0,0.000000,,1935.984833,coordinated_like,emurgo+iog,5.10,False,True,False,False,True,True,False,True,DORMANT_2Y_PLUS,MEDIUM
stake1u8765whz3c3thgpfavagpw6j79d3ldurq9my6ch0fl43ruqe2z6fz,14,9,11226.421618,2021-01-10 17:32:10,2024-02-16 04:12:46,2022-01-16 15:34:44,t,2,pool12t3zmafwjqms7cuun86uwc8se4na07r3e5xswe86u37djr5f0lx,2022-01-16 15:34:44,317,0,,,2034.462529,641,1,389.334178,2021-12-29 23:15:58,1645.128351,coordinated_like,emurgo+iog,4.46,False,True,False,False,False,False,False,True,DORMANT_2Y_PLUS,LOW
stake1u9mhgvl9wmx6p2eh72pd93rayyqg6c3f5zqwgn77mwwgjgcum9s6c,23,9,11184.822641,2021-03-03 07:33:12,2024-01-20 05:13:54,2022-03-28 09:52:25,t,9,pool1jk25l2pejpdzq8vdjlxrr05th49v9tgd78fqrtxvuw3rumpfc6t,2022-03-28 09:52:25,331,0,,,1864.521865,641,0,0.000000,,1864.521865,coordinated_like,emurgo+iog,4.27,False,True,False,False,True,True,False,True,DORMANT_2Y_PLUS,MEDIUM
stake1uyf6pnk5ucxyrm2hahw7x8fff93kls29rfjsgem3g5n33qqvlvtxv,58,55,11079.910677,2021-02-09 23:47:14,2021-12-20 19:03:12,2021-02-10 12:39:22,t,3,pool1l5kwfudnqrhw3k4lwzcppu36nun9puvvr7xnanuz8a2zx4jaek5,2021-02-10 12:39:22,249,0,,,1493.736939,640,0,0.000000,,1493.736939,coordinated_like,emurgo+iog,5.39,False,True,False,False,True,True,False,True,DORMANT_2Y_PLUS,MEDIUM
stake1u9p4j073yudg9ydzvhqrsghq3qvpp06aw3kpmfh7gl3vh9c0vzrgv,6,6,10976.866034,2021-03-24 13:43:34,2021-04-01 02:41:24,,f,0,,,,0,,,0.000000,,0,0.000000,,0.000000,coordinated_like,emurgo+iog,5.28,True,True,False,False,False,False,False,True,NEVER_SPENT_COLD,LOW
stake1uxj59x2ymp8zl444rvyxc8wgcs43hekupnjud6u0l9f26rqu82nv3,11,11,10960.383311,2021-02-27 16:52:24,2021-03-15 12:42:49,,f,0,,,,0,,,0.000000,,0,0.000000,,0.000000,coordinated_like,emurgo+iog,5.34,True,True,False,False,False,False,False,True,NEVER_SPENT_COLD,LOW
stake1ux79wg7nnyvue282w3nxe8rgz6a4nkmy5h7zhjdn8rsuljgaghshd,4,3,10945.083891,2021-02-22 01:47:46,2021-03-04 00:54:53,2021-03-03 20:27:33,f,0,,,,0,,,0.000000,,0,0.000000,,0.000000,coordinated_like,emurgo+iog,5.33,False,True,False,False,False,False,False,True,DORMANT_2Y_PLUS,LOW
stake1uy9k0y7tn0q2047glkmuw444wp0q5slr82j5652vztruk2qczeg4d,12,12,10845.846414,2021-02-11 15:06:48,2021-03-05 10:57:27,,f,0,,,,0,,,0.000000,,0,0.000000,,0.000000,coordinated_like,emurgo+iog,5.39,True,True,False,False,False,False,False,True,NEVER_SPENT_COLD,LOW
stake1u8q65knvayj4ypw8mysk7nm3kjsg0rlrxz0chgce0ugv42s0q86yc,25,22,10715.755902,2021-05-18 08:59:43,2026-01-09 04:27:51,2023-12-29 19:46:47,t,1,pool1jq7r3evstu2c040vlry8tgvpwf0mfvft86cxecwjpwcuvvqfu2r,2023-11-28 17:20:10,453,0,,,395.533267,641,1,3.365933,2023-12-29 19:46:47,392.167334,coordinated_like,emurgo+iog,2.51,False,True,False,False,False,False,False,True,DORMANT_2Y_PLUS,LOW
stake1u8u2gmuqv98qlcndd2w6hl975d796cmdn4pj7c5s9yrh6eqleafgy,13,10,10657.482549,2020-08-24 07:15:47,2024-11-22 20:11:30,2024-11-22 20:11:30,t,1,pool1ecvcst7k9eul4ggnljh0jw2s5nc2tyfmyzsx3xg3kmmz6ptgfwj,2020-08-24 07:18:21,215,0,,,2054.546374,641,1,1422.029912,2024-03-06 23:00:34,632.516462,coordinated_like,emurgo+iog,1.61,False,False,False,False,False,False,False,True,MIXED,LOW
stake1u9rwma0m0tez6jallnvyraax66c9azuq3a44wf5zv5ljwlqvmhyg2,6,6,10650.817770,2021-03-10 12:26:12,2021-04-22 23:07:54,,f,0,,,,0,,,0.000000,,0,0.000000,,0.000000,coordinated_like,emurgo+iog,5.31,True,True,False,False,False,False,False,True,NEVER_SPENT_COLD,LOW
stake1u9cexrvsrz7lw7q9w0593tkjaj755zptp83dcmdd4u2vq6qjzhl4c,10,9,10638.718133,2021-03-20 19:03:50,2021-08-11 14:15:56,2021-03-26 20:25:38,t,1,pool1nudasuv0lljpe0tswcverqvlh0v4226vgnpsuxn0e9nkvnvcvne,2021-03-26 20:25:38,257,0,,,1823.644558,641,0,0.000000,,1823.644558,coordinated_like,emurgo+iog,5.27,False,True,False,False,True,True,False,True,DORMANT_2Y_PLUS,MEDIUM
stake1uxssved4ac0zn3gcpm4rry8k7fu2n0tpvxj3s6fxjvg9qdqclz7lg,19,15,10574.425141,2020-12-06 20:15:22,2025-12-02 12:37:59,2024-10-30 11:53:19,t,1,pool1qqqqdktl6pq46td0mwut0qn30g7nlue0sete9wxl0hwsq37wrw8,2020-12-06 20:18:00,235,1,drep1hsy55c300sxskmq0vssqgp8uahwhcdnxxevzysmd7gzmcgzgzsu,2024-10-30 11:53:19,2130.818044,641,0,0.000000,,2130.818044,coordinated_like,iog,1.67,False,False,True,False,True,True,False,True,MIXED,MEDIUM
stake1u9rc5wzu9jy7k8r8vpfhmmpc7em0hv4mzesf7nsj4y8mfyc8myuxu,8,7,10535.316533,2021-01-05 19:45:03,2026-02-03 00:38:25,2021-01-07 13:14:38,t,1,pool1ddgcpgjcyawxw95se9x8qnc8gxgwjr4fqrk4vk6v9x47s0ggpjp,2021-01-07 13:14:38,242,0,,,1817.762729,641,0,0.000000,,1817.762729,coordinated_like,emurgo+iog,5.48,False,True,False,False,True,True,False,True,DORMANT_2Y_PLUS,MEDIUM
stake1u9s8xu49dwzpn6mdm54awv9hty3gsdwyzxp6nad3fnpjupclhfvh3,21,14,10530.874523,2021-02-24 06:10:06,2026-02-03 00:37:26,2025-08-13 12:49:37,t,4,pool17qvfg2g843gw6lurru282kkex6vp3pyj6zwj99j4u6k7zvmva5a,2021-04-14 16:21:14,261,1,drep1qe2l8gw8v7ydswfp9twytxcc3wzwdq8npt55f3vnlgv2u8sx3nt,2025-08-13 12:49:37,1849.504600,641,0,0.000000,,1849.504600,coordinated_like,iog,0.89,False,False,True,False,True,True,False,True,MIXED,MEDIUM
stake1uy90mgp6smms23dtefh965edpsp57jfeslmr5x9agjszuzsapsstc,14,12,10513.432304,2021-02-06 13:22:47,2023-11-22 06:58:46,2021-11-08 20:11:07,f,0,,,,0,,,0.000000,,0,0.000000,,0.000000,coordinated_like,emurgo+iog,4.65,False,True,False,False,False,False,False,True,DORMANT_2Y_PLUS,LOW
stake1uyumcm8k8s8em48s8huq4nxwwfrtafsdvjw7f2xy6hqdefqa9vunl,54,24,10455.393790,2021-01-07 03:38:53,2026-05-03 02:14:29,2026-05-03 02:14:29,t,3,pool1xytvsd9qnvqxpthh9p8k85e823trvn3npxeur8kr9zhkqz5uls9,2021-04-10 20:49:20,260,1,drep1qe2l8gw8v7ydswfp9twytxcc3wzwdq8npt55f3vnlgv2u8sx3nt,2025-08-08 03:51:08,2009.615855,641,1,402.086516,2021-11-09 20:17:29,1607.529339,coordinated_like,iog,0.17,False,False,True,True,False,False,False,True,ACTIVE_MANAGED,MEDIUM
stake1u9xhkdh5dycg0qannkfskqyl3wq6rtxnw7frmgr09exnudqpwul00,3,2,10393.355973,2021-02-25 06:54:30,2021-04-16 01:29:13,2021-04-16 01:29:13,t,1,pool104avq7309gjm0fxms69yqusxy8zf888k4mamngg5vnc6vculpzq,2021-04-16 01:29:13,262,0,,,1837.382344,641,0,0.000000,,1837.382344,coordinated_like,emurgo+iog,5.21,False,True,False,False,True,True,False,True,DORMANT_2Y_PLUS,MEDIUM
stake1uxqlef2qjawc0vja0tq6sdquxtgqry6asmv279tl5hcsxsgzh3av0,7,5,10363.438626,2021-02-25 19:34:19,2025-08-14 17:40:04,2025-08-14 17:40:04,t,1,pool1qqqqqdk4zhsjuxxd8jyvwncf5eucfskz0xjjj64fdmlgj735lr9,2021-11-30 18:39:07,307,1,drep_always_abstain,2025-08-14 17:40:04,1551.062071,641,0,0.000000,,1551.062071,probable_retained_like,emurgo+iog,0.88,False,False,True,False,True,True,False,True,MIXED,MEDIUM
stake1u8pquywfe690d3drr4htkq3wkkerw89gw7wr79g8n0a8jqqp4turx,15,13,10298.535608,2021-02-15 23:57:04,2026-02-03 00:56:20,2021-02-17 22:12:59,t,1,pool1w8ham64lthvzzxzn5hknq4yrj8xt2nark409s2xmntlwvt4ag3r,2021-02-16 01:05:35,250,0,,,1932.402932,641,0,0.000000,,1932.402932,coordinated_like,emurgo+iog,5.37,False,True,False,False,True,True,False,True,DORMANT_2Y_PLUS,MEDIUM
stake1uyzqv6uwnamjx6m4mvmypdrdtryw0pwcdpeyxrfx47e6c2ghx6j4x,2,2,10298.000000,2021-03-04 16:31:04,2021-04-07 12:40:50,,f,0,,,,0,,,0.000000,,0,0.000000,,0.000000,coordinated_like,emurgo+iog,5.33,True,True,False,False,False,False,False,True,NEVER_SPENT_COLD,LOW
stake1uyhq7mxhg4eae3unhk3mwghgzuw4x6nr30nlw3gtkzdfl8gulmtrl,34,27,10297.609395,2021-02-28 22:09:33,2024-03-07 02:34:49,2024-03-07 02:34:49,t,4,pool1jjry6f6q0swaq457ft9eclaxaskvrxnpj0v3w8edsyfryml3vj6,2023-11-03 05:12:45,448,0,,,1659.413776,641,1,1081.213456,2024-03-07 02:34:49,578.200320,coordinated_like,emurgo+iog,2.32,False,True,False,False,False,False,False,True,DORMANT_2Y_PLUS,LOW
stake1uxx6exj068uwurj4urfw64f645yytwggenc90lchl4p7ptg6ap67y,68,62,10188.903243,2021-03-01 17:14:27,2026-05-28 07:53:52,2024-11-21 19:42:17,t,2,pool173mzegwuu0pjcrt60ekelzj5haqr8r5e4e0n45qh9jdz7xm5kh8,2021-04-07 16:35:25,260,1,drep_always_abstain,2024-11-21 19:40:11,1079.054024,641,3,683.668640,2024-11-21 19:42:17,395.385384,high_confidence_retained_like,emurgo+iog,1.61,False,False,True,False,False,False,False,True,MIXED,MEDIUM
stake1u9q9z0j6qn86udcymlzjj8cpqnflquk39mmsd35nqmc767s0jzhnv,9,8,10186.924863,2021-03-03 02:15:40,2021-03-17 20:21:41,2021-03-03 02:58:03,t,1,pool1lurfk0k0wwx54hlg8a7zp3jtstu57u59aeq7aketl55hknmmtu0,2021-03-03 02:58:03,253,0,,,1813.548227,627,0,0.000000,,1813.548227,coordinated_like,emurgo+iog,5.33,False,True,False,False,True,True,False,True,DORMANT_2Y_PLUS,MEDIUM
stake1u80tusjmxsyga6uwpssrqly94y4vcg4032ewesyfwkxncmste3qke,12,8,10156.613931,2021-03-07 07:44:50,2021-11-30 16:57:22,2021-11-30 16:57:22,f,0,,,,0,,,0.000000,,0,0.000000,,0.000000,coordinated_like,emurgo+iog,4.59,False,True,False,False,False,False,False,True,DORMANT_2Y_PLUS,LOW
stake1u8nfmxzkd7lfmcvvfvm3g6ys7vna5ugzcq4qtlxsmjtz26qkzf4j9,13,12,10146.520889,2021-01-26 01:18:57,2026-04-26 12:38:16,2021-01-26 01:59:28,t,1,pool1s6se64qce5rjjjhh6ufcdnc54p8qg78mlhjm38lymx99sqysvzx,2021-01-26 01:59:28,246,0,,,1877.237487,641,0,0.000000,,1877.237487,coordinated_like,emurgo+iog,5.43,False,True,False,False,True,True,False,True,DORMANT_2Y_PLUS,MEDIUM
stake1uyj6rzxle56lvm7wdkhw2h40h8few47nx7nlmzr66p97ufch0fr7a,18,13,10124.778009,2021-02-02 21:27:37,2025-07-16 11:16:34,2025-07-16 11:16:34,t,4,pool1xytvsd9qnvqxpthh9p8k85e823trvn3npxeur8kr9zhkqz5uls9,2025-07-16 11:16:34,572,0,,,1834.247749,641,0,0.000000,,1834.247749,coordinated_like,emurgo+iog,0.96,False,False,True,False,True,True,False,True,MIXED,MEDIUM
stake1uxn3tdg0j6grr9a8rasq0dlz5gjtfwpwfwefl9x974d648ctmduke,12,10,10089.237691,2021-02-26 09:39:41,2025-12-03 08:43:33,2024-11-26 08:42:21,t,1,pool16hs0jxw7h6pwg3ru7rcq3yvg4csj7lhmcpj68kqem2sh5nt8mwk,2021-05-18 20:17:24,268,0,,,845.702872,641,1,529.685013,2024-11-26 08:42:21,316.017859,coordinated_like,emurgo+iog,1.60,False,False,False,False,False,False,False,True,MIXED,LOW
stake1u973eghp9x6wxdfjr5gsek3vga2r9zfk0wplmc9gyx7tltcn9ytze,11,11,10089.123740,2021-03-02 14:27:37,2021-04-29 08:12:53,,f,0,,,,0,,,0.000000,,0,0.000000,,0.000000,coordinated_like,emurgo+iog,5.34,True,True,False,False,False,False,False,True,NEVER_SPENT_COLD,LOW
stake1u8w8nthctxcmc9cyjxhwlcusm4tsxxmh5z69n7l3vuzfwrs69vq33,16,7,10050.972917,2021-01-05 23:07:31,2025-11-03 11:46:18,2025-11-03 11:46:18,t,1,pool1qnrqc7zpwye2r9wtkayh2dryvfqs7unp99f2039duljrsaffq5c,2021-07-16 15:11:44,280,1,drep_always_abstain,2025-10-17 23:35:49,6809.336033,641,2,6634.475026,2025-11-03 11:40:30,174.861007,probable_retained_like,emurgo+iog,0.66,False,False,True,False,False,False,False,True,MIXED,MEDIUM
stake1u9tqh6r5d3z7chwhvpl2rz25gj9j3zrhmszp346mcmtcwxc59j4st,3,2,10007.824863,2021-03-06 14:09:40,2021-03-06 18:24:51,2021-03-06 18:24:51,t,1,pool1lurfk0k0wwx54hlg8a7zp3jtstu57u59aeq7aketl55hknmmtu0,2021-03-06 18:24:51,253,0,,,1792.374117,627,0,0.000000,,1792.374117,coordinated_like,emurgo+iog,5.32,False,True,False,False,True,True,False,True,DORMANT_2Y_PLUS,MEDIUM
stake1uy5jeqagm4wagd4d2lak3v96f0p6qrtqwmuegfdzyuqmskq0kck56,20,8,10007.066878,2020-08-03 21:08:11,2025-01-02 10:50:34,2025-01-02 10:50:34,t,3,pool1qqqqqdk4zhsjuxxd8jyvwncf5eucfskz0xjjj64fdmlgj735lr9,2022-01-18 21:24:42,317,1,drep_always_abstain,2025-01-02 10:49:49,2097.712615,641,6,1732.938466,2025-01-02 10:50:34,364.774149,coordinated_like,emurgo+iog,1.50,False,False,True,False,False,False,False,True,MIXED,MEDIUM
stake1uynkdwclkqnhep8z4m7k4ms4tpvc3fkfq09k662p98zdzcc7q986w,25,20,10000.831043,2021-02-24 19:01:15,2025-05-13 19:35:45,2025-05-13 19:35:45,t,1,pool1dy7tz7eyf2qal2jcns4qwm4xqn34gc4rj9dz34kfs6zuju477k7,2021-02-24 19:31:55,251,1,drep1alkaplr0l7lt9fva4zrduvke22m8tsntw380p2ery9w7gpf74km,2025-05-13 19:35:45,1273.880658,640,2,1029.093011,2024-12-09 19:11:29,244.787647,high_confidence_retained_like,emurgo+iog,1.14,False,False,True,False,False,False,False,True,MIXED,MEDIUM
stake1u9vse82hscgv4e6jxsmgp85d3dqru30c3xlckrkj9xtxm2cv8xfm7,85,29,9999.997536,2021-01-29 22:22:17,2025-09-13 09:56:27,2025-09-13 09:56:27,t,1,pool1qqqqqdk4zhsjuxxd8jyvwncf5eucfskz0xjjj64fdmlgj735lr9,2021-02-22 19:27:19,251,1,drep_always_abstain,2024-12-28 21:29:18,1787.500547,641,20,1605.958894,2025-09-13 09:26:19,181.541653,high_confidence_retained_like,emurgo+iog,0.80,False,False,True,False,False,False,False,True,MIXED,MEDIUM
stake1uxyehjr3y32zfrcjvm3n7wklxxdexmkuvwny4zks0lj33vsauzthx,16,7,9999.894238,2021-02-16 16:47:41,2026-06-07 18:22:52,2026-06-07 18:22:52,t,3,pool1qqqqdktl6pq46td0mwut0qn30g7nlue0sete9wxl0hwsq37wrw8,2021-07-01 00:16:29,277,0,,,1827.287925,641,0,0.000000,,1827.287925,coordinated_like,emurgo+iog,0.07,False,False,False,True,True,True,False,True,ACTIVE_MANAGED,MEDIUM
stake1u9d73ccpkx02xr6cjuepr7x4sdcphpgtnvfndr85m45ja3gsud2rw,19,10,9999.679246,2021-01-25 06:31:45,2021-08-14 10:14:05,2021-08-14 10:14:05,t,2,pool1sjwdmeme5zs042jzwmdvxshhv27kepxke0mr02f2yzacsyd4wtu,2021-06-17 10:46:19,274,0,,,2163.092972,641,1,279.174429,2021-05-15 03:18:46,1883.918543,coordinated_like,emurgo+iog,4.88,False,True,False,False,False,False,False,True,DORMANT_2Y_PLUS,LOW
stake1uyzruxeza0zf722uzxk0hqcu83wxa9ra5rrtkktzxg5y05qs6hh5e,17,11,9890.354620,2021-02-15 22:20:28,2024-03-25 09:24:03,2024-03-25 09:24:03,t,4,pool1qzlwlyu92fsx94qu6u5nw3sy334f5yat3dv3jgx0grrsv0kp422,2022-01-20 09:17:09,317,0,,,1504.234989,641,2,1021.118801,2024-03-25 09:24:03,483.116188,coordinated_like,emurgo+iog,2.27,False,True,False,False,False,False,False,True,DORMANT_2Y_PLUS,LOW
stake1ux3kq4tlw2754q46r0qx7qd0ndut7wqze3tpw8gqmvzh3dgj78p63,29,23,9885.129372,2021-02-10 09:18:11,2025-10-20 09:11:13,2025-10-20 09:11:13,t,1,pool1rj6apcqxcvavaxp22f75zs9upphena7ntsnut2efvq98g4404up,2021-02-12 12:17:02,249,1,drep_always_abstain,2025-03-19 11:16:38,1906.364890,628,1,1900.007528,2025-10-20 09:11:13,6.357362,high_confidence_retained_like,emurgo+iog,0.70,False,False,True,False,False,False,False,True,MIXED,MEDIUM
stake1u8q7hggsgugjsl70p765nznfrplc2fccls6c0g2wt4950agt26kd0,3,3,9862.176500,2021-03-17 21:40:36,2021-03-17 22:14:13,,f,0,,,,0,,,0.000000,,0,0.000000,,0.000000,coordinated_like,emurgo+iog,5.29,True,True,False,False,False,False,False,True,NEVER_SPENT_COLD,LOW
stake1uxmw282pyzs49py97pegm8c8rm77nwk2xvy3edc7nv29saq4dz634,19,8,9855.310325,2021-02-16 04:54:31,2025-10-09 12:23:59,2025-10-09 12:23:59,t,9,pool1esd3cqme3zzvvdnsx3p6ywudn6p86mqyz7fpvqpegxv2qzmtes0,2025-10-09 12:23:59,589,1,drep1npqc9m60dg9a27e852jn8wse9h3l975qsgwgh22mmh2eqzrlsfc,2024-11-23 01:33:27,1695.687018,641,0,0.000000,,1695.687018,probable_retained_like,emurgo+iog,0.73,False,False,True,False,True,True,False,True,MIXED,MEDIUM
stake1uy5tylpg8vhwljy9huculz90wdk6g6tcuygf562th5lx62csjfpqm,486,230,9765.724043,2020-12-24 10:28:33,2026-06-29 20:22:35,2026-06-07 06:34:14,t,11,pool1e2tl2w0x4puw0f7c04mznq4qz6kxjkwhvuvusgf2fgu7q4d6ghv,2023-09-30 20:25:55,441,1,drep_always_abstain,2026-02-09 17:38:39,898.471725,640,1,354.979498,2023-08-11 15:17:01,543.492227,coordinated_like,emurgo+iog,0.07,False,False,True,True,False,False,False,True,ACTIVE_MANAGED,MEDIUM
stake1uyevcv8d7s7zr89ghvcckvnckrunmymvj0856dr00045f2q064nt8,10,7,9674.109073,2021-01-04 21:01:31,2023-04-08 16:10:56,2023-04-08 16:10:56,t,2,pool1jjry6f6q0swaq457ft9eclaxaskvrxnpj0v3w8edsyfryml3vj6,2021-12-14 21:02:25,310,0,,,1683.100355,641,0,0.000000,,1683.100355,coordinated_like,emurgo+iog,3.24,False,True,False,False,True,True,False,True,DORMANT_2Y_PLUS,MEDIUM
stake1u8k7v8qmessqsg7p37g7a0swngfkfax0fx7c2zletpsulqq83cvh8,110,51,9624.670004,2020-12-07 17:25:29,2026-06-12 14:32:14,2026-06-12 14:32:14,t,6,pool1mh4ng2ldxk4sqfppzu6r4knxrk6e87e9c4wgrred84uy7xauzlh,2025-01-21 14:45:44,537,1,drep_always_abstain,2025-01-20 18:02:26,1607.707758,641,0,0.000000,,1607.707758,high_confidence_retained_like,emurgo+iog,0.06,False,False,True,True,True,True,False,True,ACTIVE_MANAGED,MEDIUM
stake1uyk9htrgvrkmgrmcl5aycdn2w5gfdfwys7gd8xgnh6se9hsnryjw6,124,117,9604.791672,2021-06-21 03:41:49,2026-01-24 02:38:05,2024-12-05 22:13:52,t,1,pool108zdflss3ayqlm5c7vr6mtqj2uwl99vk28ur8dv4zswdzt6yauc,2021-06-21 03:56:11,275,1,drep_always_abstain,2024-12-05 22:10:15,968.222653,641,0,0.000000,,968.222653,coordinated_like,emurgo+iog,1.57,False,False,True,False,True,False,False,True,MIXED,MEDIUM
stake1u965psv4kfkupmx40x5f6875uxxe3qneqm3akj23stnx26s0ugnee,43,29,9352.537823,2021-02-28 07:35:35,2024-04-11 12:17:34,2024-04-11 12:17:34,t,5,pool14enw2643rn9nn6yzv60jyz3hj4kxs0jvap87lkgsqykh508jxm6,2024-01-26 18:54:45,465,0,,,605.216313,641,6,382.306823,2024-04-11 12:17:34,222.909490,coordinated_like,emurgo+iog,2.23,False,True,False,False,False,False,False,True,DORMANT_2Y_PLUS,LOW
stake1uy4ly9fpxeaue8ftvk09uc5gz68xw0fkpcpcc7r7gee4p4s7e6y07,14,12,9281.229115,2021-02-24 05:04:51,2025-05-10 16:02:37,2024-12-02 20:07:50,t,1,pool1vc8jp7uagxgh8trzx7r260ndcydz89ges8sws05cyv7jj8q8gqs,2021-02-24 05:17:21,251,1,drep13d6sxkyz6st9h65qqrzd8ukpywhr8swe9f6357qntgjqye0gttd,2024-12-02 20:07:50,886.280402,641,1,550.320879,2024-12-02 20:07:50,335.959523,high_confidence_retained_like,emurgo+iog,1.58,False,False,True,False,False,False,False,True,MIXED,MEDIUM
stake1u9gx5d9qmye70vtxqz73sextwd0l2uqg3mjt7s0xzk2vrxcv93fhs,18,14,9228.032481,2021-03-10 23:15:29,2021-04-22 06:55:03,2021-04-22 06:55:03,t,4,pool1qa6lqyu67ghpa0evxfu9nzqkj3h82qpfku82ec79zdwru4pd25m,2021-04-22 06:55:03,263,0,,,1713.094947,641,0,0.000000,,1713.094947,coordinated_like,emurgo+iog,5.20,False,True,False,False,True,True,False,True,DORMANT_2Y_PLUS,MEDIUM
stake1u9vdmkcp0kjwxcw5ah9zu8urp6z3292xfzq8lzhlrkxm77s9cqt6r,11,7,9215.491563,2021-01-20 16:04:30,2021-08-10 14:31:16,2021-03-28 06:34:07,t,2,pool1jz5ljsnj4fzmk84j0wcw9ldy866dn07nzqg2ktyuyjvfvr3jgtq,2021-03-28 06:34:07,258,0,,,1650.399894,641,1,1.889336,2021-02-12 14:58:49,1648.510558,coordinated_like,emurgo+iog,5.27,False,True,False,False,False,False,False,True,DORMANT_2Y_PLUS,LOW
stake1uxttxwh697kuzkamhvrgv6xyx2yqtr43hj8n852wpe2vvzg7h3yje,16,12,9077.964767,2021-01-07 00:15:05,2025-08-14 00:21:11,2025-08-14 00:21:11,t,1,pool1vquhv3kh6xkklckaenl8alyuhfsld57ef5573aqauueyqacx4ak,2021-06-06 23:33:58,272,1,drep1qe2l8gw8v7ydswfp9twytxcc3wzwdq8npt55f3vnlgv2u8sx3nt,2025-08-14 00:21:11,1548.224857,641,0,0.000000,,1548.224857,high_confidence_retained_like,emurgo+iog,0.89,False,False,True,False,True,True,False,True,MIXED,MEDIUM
stake1uxnklpjg6hm448e5gfnefwj2lkdhag7mnjvdzdr4tjmd8hc2lf0rs,32,30,9066.994805,2021-02-15 22:42:35,2023-06-01 03:09:37,2021-02-16 19:37:30,t,1,pool1pnzwgsgzd6t4788sfr7dxjyusepyq9xaxnpyfcngewqf29t9ayd,2021-02-16 19:37:30,250,0,,,1387.915923,641,0,0.000000,,1387.915923,coordinated_like,emurgo+iog,5.37,False,True,False,False,True,True,False,True,DORMANT_2Y_PLUS,MEDIUM
stake1uypay83f7u6gllrmv7e0p0sshkfnztyfzxpney6dq38pduczup2yy,20,15,8909.084464,2020-12-29 18:23:36,2021-08-27 19:40:39,2021-08-14 01:32:51,t,5,pool15zrkyr0f80hxlt4scv72tej8l8zwrcphmrega9wutqchjekceal,2021-08-14 01:32:51,286,0,,,1688.033149,641,0,0.000000,,1688.033149,coordinated_like,emurgo+iog,4.89,False,True,False,False,True,True,False,True,DORMANT_2Y_PLUS,MEDIUM
stake1u8h5w2sadq2tfjzn56allmjejh956gq59yhukd8me3hdgtqadw8ym,9,8,8905.895479,2021-01-20 10:48:45,2021-09-05 20:11:33,2021-01-21 15:21:59,t,1,pool1dy7tz7eyf2qal2jcns4qwm4xqn34gc4rj9dz34kfs6zuju477k7,2021-01-21 15:21:59,245,0,,,1293.591863,640,0,0.000000,,1293.591863,coordinated_like,emurgo+iog,5.45,False,True,False,False,True,True,False,True,DORMANT_2Y_PLUS,MEDIUM
stake1u80q5madejk2cd0sppl95mkdmpfc8rdluy4qmhj6lx7zraqqg8pqa,20,16,8873.366066,2020-11-22 16:23:47,2024-02-16 04:35:39,2021-11-22 23:01:34,t,4,pool1lfvzgsrghmugvpym868mh29288ez0nncz680mamzjygu2jpuwcd,2021-11-22 23:01:34,306,0,,,1805.086961,641,0,0.000000,,1805.086961,coordinated_like,emurgo+iog,4.61,False,True,False,False,True,True,False,True,DORMANT_2Y_PLUS,MEDIUM
stake1u8xal3lucl3z348kdk62uayymrawydhk2udjcazp33vznmc8v9kez,70,29,8857.610183,2021-02-03 12:43:39,2026-03-29 16:07:07,2026-03-29 16:07:07,t,5,pool1tpr44v3pxth9j0ff246dvsryxpanxwx52f024ws3ecvn72sgv55,2025-08-17 20:14:13,578,1,drep1qe2l8gw8v7ydswfp9twytxcc3wzwdq8npt55f3vnlgv2u8sx3nt,2025-08-06 20:01:58,5304.201139,641,2,4785.845020,2025-08-06 20:06:00,518.356119,high_confidence_retained_like,emurgo+iog,0.26,False,False,True,True,False,False,False,True,ACTIVE_MANAGED,MEDIUM
stake1uxpp6emhpsw57k3ql84fx8pz4krc7w52g2xtr6gak7wlr3cpecz5t,7,5,8793.173814,2021-03-08 20:00:26,2021-04-03 13:35:06,2021-04-03 13:35:06,t,2,pool1qqqqqdk4zhsjuxxd8jyvwncf5eucfskz0xjjj64fdmlgj735lr9,2021-04-03 13:35:06,259,0,,,1651.931826,641,0,0.000000,,1651.931826,coordinated_like,emurgo+iog,5.25,False,True,False,False,True,True,False,True,DORMANT_2Y_PLUS,MEDIUM
stake1uye6h0a9wp8ph2cmyc9wz8rlsu8vqaz4ktntnudndlc98wqwcrnwl,61,35,8788.540502,2021-02-25 03:34:12,2025-07-01 19:23:16,2025-05-01 20:17:34,t,6,pool1qku2yhky7sv4dfjfv42uyvauhehuqevk25aw952d7ulzqzx3jcu,2025-01-20 00:19:46,537,1,drep_always_abstain,2025-01-20 00:19:46,853.506182,641,4,608.796699,2025-05-01 20:17:34,244.709483,high_confidence_retained_like,emurgo+iog,1.17,False,False,True,False,False,False,False,True,MIXED,MEDIUM
stake1uyt8gy42waxx7030tseaunfdcca5ndznkjm0m9hss9yjpfcpmru09,63,37,8708.436953,2021-02-17 06:46:39,2025-04-26 00:12:56,2025-04-26 00:12:56,t,11,pool18ufrgfgmslekdxnk9v9345qvhrr7vfgzkvneqtwm7unnwaht6ww,2024-07-29 01:54:54,502,1,drep13d6sxkyz6st9h65qqrzd8ukpywhr8swe9f6357qntgjqye0gttd,2025-01-29 23:10:29,1054.097531,641,2,807.029186,2025-04-26 00:12:56,247.068345,coordinated_like,iog,1.19,False,False,True,False,False,False,False,True,MIXED,MEDIUM
stake1u96tcaaawtc65vkv4g2tytj0d66mqakrn45ulyzcdtx4sngwexvqx,27,19,8660.196447,2021-02-22 12:44:11,2025-05-14 21:25:01,2025-05-14 21:25:01,t,3,pool1mg37s4w4uzsmw27nsnz2mwfll8sdawngvy3n657t7nd0yjcd77e,2024-10-30 11:00:47,520,1,drep1qe2l8gw8v7ydswfp9twytxcc3wzwdq8npt55f3vnlgv2u8sx3nt,2025-05-14 21:23:51,1181.101329,637,4,1008.891405,2025-05-14 21:25:01,172.209924,coordinated_like,iog,1.14,False,False,True,False,False,False,False,True,MIXED,MEDIUM
stake1u9hj47kdlf4rzjtfacmjx8rssqcvd64u7c5f5yaulzng28c3eg3up,39,23,8612.740195,2021-02-19 11:57:48,2025-08-29 01:59:00,2025-08-29 01:59:00,t,2,pool1q2fh3cl6rx0wv5gry4qx5l4h65qpjf7x99xmq66nqj2fj5g6u9z,2025-02-21 03:46:05,543,1,drep_always_abstain,2024-12-05 03:31:31,721.747346,641,10,596.267993,2025-08-29 01:59:00,125.479353,probable_retained_like,emurgo+iog,0.84,False,False,True,False,False,False,False,True,MIXED,MEDIUM
stake1u8etjvqnlgtq4mfp9xqpy783cqgws5gpazey4yzsqatwnmcdda4zq,5,4,8562.494981,2021-03-03 19:59:00,2021-04-15 23:36:41,2021-04-15 23:36:41,t,1,pool1a4qtpgce7cu6wzc79fx7qrc3938hkl2gf8c2h5jugvm2gnu86l7,2021-04-15 23:36:41,262,0,,,1516.910489,641,0,0.000000,,1516.910489,coordinated_like,emurgo+iog,5.21,False,True,False,False,True,True,False,True,DORMANT_2Y_PLUS,MEDIUM
stake1u8axn6gj2w8edht38pjd385kqjwnrm7xum4v8t8au0smj7gjtds7f,8,6,8551.352311,2021-03-09 16:51:26,2021-04-05 16:30:47,2021-03-18 05:41:21,f,0,,,,0,,,0.000000,,0,0.000000,,0.000000,coordinated_like,emurgo+iog,5.29,False,True,False,False,False,False,False,True,DORMANT_2Y_PLUS,LOW
stake1u8lrws5tcjyna6z2pfstytem7vcn3ugphj0rz74dxx6sr7g27sr05,13,7,8535.186084,2021-02-20 15:10:50,2023-01-09 00:00:00,2023-01-09 00:00:00,t,2,pool13annzt9hjfc822f0ejvxjf7fsmxd6cc28whpk5kagec6ggfmm7u,2021-03-09 18:42:15,254,0,,,1079.865554,641,3,545.556689,2023-01-09 00:00:00,534.308865,coordinated_like,emurgo+iog,3.48,False,True,False,False,False,False,False,True,DORMANT_2Y_PLUS,LOW
stake1u9vjnz508gzdcfekxptgnx467uxw7j08snzrlvmxkear08c82zgta,11,10,8479.067897,2021-03-09 15:47:08,2025-03-22 13:31:18,2023-04-27 00:40:25,f,0,,,,0,,,0.000000,,0,0.000000,,0.000000,coordinated_like,emurgo+iog,3.19,False,True,False,False,False,False,False,True,DORMANT_2Y_PLUS,LOW
stake1u8dz6vumvd994rp8mtzmdem3r57dxtzm0yvne7x0588tywghw0pqt,5,5,8459.694000,2021-03-04 20:36:02,2021-03-15 19:16:38,,f,0,,,,0,,,0.000000,,0,0.000000,,0.000000,coordinated_like,emurgo+iog,5.33,True,True,False,False,False,False,False,True,NEVER_SPENT_COLD,LOW
stake1uxydehlsa36v2d556tvcae5gcpphr3lq244t6xea4ac6g7cdx78mg,3,3,8372.184484,2021-02-24 10:08:58,2021-02-26 17:20:10,,f,0,,,,0,,,0.000000,,0,0.000000,,0.000000,coordinated_like,emurgo+iog,5.35,True,True,False,False,False,False,False,True,NEVER_SPENT_COLD,LOW
stake1u9kxz3kmkt2fzepkp58pytr8ptzza3xs62vwr3jmcuzxkwcg5r0wq,37,15,8341.725785,2021-01-19 08:25:55,2025-11-12 06:45:40,2025-11-12 06:45:40,t,16,pool15s7w4spg5ee7n7rprhs0dq78plw2mhjkpu5v97uvl27gz2way7z,2024-09-11 17:26:57,510,1,drep1qe2l8gw8v7ydswfp9twytxcc3wzwdq8npt55f3vnlgv2u8sx3nt,2025-11-12 06:40:59,1373.607028,641,1,1250.822113,2025-11-12 06:45:40,122.784915,coordinated_like,iog,0.64,False,False,True,False,False,False,False,True,MIXED,MEDIUM
stake1u9c0aycr2u3ecs7r8nw3034eek6fuer5zkf4vzdp3wjx78qsthnpr,16,13,8275.872937,2021-04-08 14:21:49,2025-09-14 17:32:51,2025-09-14 17:32:51,t,2,pool13mas2wthxs28zftxskcsd8t87jk2w9ntc0u5uflt45sh7lcvs8h,2024-11-10 21:54:59,523,1,drep1qe2l8gw8v7ydswfp9twytxcc3wzwdq8npt55f3vnlgv2u8sx3nt,2025-09-14 17:32:51,515.367743,641,0,0.000000,,515.367743,high_confidence_retained_like,emurgo+iog,0.80,False,False,True,False,True,False,False,True,MIXED,MEDIUM
stake1u85g7zawghgdr86etxgzasdcy2c0p5avvg98pxcfz68qvwgx3wggf,11,6,8182.202317,2021-02-09 20:49:11,2022-01-12 15:09:38,2021-05-15 06:21:20,t,1,pool1uq8l234306m76unyz8kuwnkvmtvazaks6vuvyx3a3khngavvcw0,2021-02-10 07:17:52,249,0,,,1336.122114,640,0,0.000000,,1336.122114,coordinated_like,emurgo+iog,5.13,False,True,False,False,True,True,False,True,DORMANT_2Y_PLUS,MEDIUM
stake1u94laqw85q5hgtrws3m3kw6hkgk48qr0yee7l2tz3d4m27gzp8zs7,8,7,8171.411106,2021-03-07 10:44:51,2022-11-16 22:56:44,2021-03-07 11:20:23,t,1,pool16hs0jxw7h6pwg3ru7rcq3yvg4csj7lhmcpj68kqem2sh5nt8mwk,2021-03-07 11:20:23,254,0,,,1410.225573,641,0,0.000000,,1410.225573,coordinated_like,emurgo+iog,5.32,False,True,False,False,True,True,False,True,DORMANT_2Y_PLUS,MEDIUM
stake1uyrwntxkfnqzxv65ufnmrlwwthcdxj0w0vyvyc4mhxuwg3g2r64ar,8,8,8011.927627,2021-01-17 14:20:23,2024-05-04 17:59:08,,f,0,,,,0,,,0.000000,,0,0.000000,,0.000000,coordinated_like,emurgo+iog,5.46,True,True,False,False,False,False,False,True,NEVER_SPENT_COLD,LOW
stake1uy0mam8fnrpv7xzp85m3j90wfq0v6x29w0a9cfaa7qu4kegmttf35,3,3,7854.585829,2021-02-25 23:43:13,2021-03-05 20:00:51,,f,0,,,,0,,,0.000000,,0,0.000000,,0.000000,coordinated_like,emurgo+iog,5.35,True,True,False,False,False,False,False,True,NEVER_SPENT_COLD,LOW
stake1u95vgkzdaqlmc596c64swgz8mslc97njdt4cmcaqd03ychg56kjl9,29,21,7733.664584,2021-02-08 10:59:57,2025-04-21 00:54:18,2025-04-21 00:54:18,t,1,pool1swe9nsv8lzugakjkfv04dn38scmq48wzynmn0lxasupuzmqcgjm,2021-02-08 11:24:47,248,1,drep13d6sxkyz6st9h65qqrzd8ukpywhr8swe9f6357qntgjqye0gttd,2025-04-21 00:54:18,1069.660837,641,2,775.786058,2024-11-22 22:37:25,293.874779,probable_retained_like,emurgo+iog,1.20,False,False,True,False,False,False,False,True,MIXED,MEDIUM
stake1u8p6dfwvgw23cgkwc9v9s0ttj9xt7f8zaxzdtn96vzyfdzqvjjufu,13,7,7681.105190,2021-03-01 05:31:02,2026-04-21 16:08:43,2021-03-19 00:50:22,t,6,pool1ksrg8a964464las0ymw88slrwxkychjz9lh09lqltu5m7nw3pq0,2021-03-19 00:50:22,256,0,,,1412.581352,641,0,0.000000,,1412.581352,coordinated_like,emurgo+iog,5.29,False,True,False,False,True,True,False,True,DORMANT_2Y_PLUS,MEDIUM
stake1u9ntewgn3re9ak9k6tazt56l50cm5d23gf8jj879c879e7sgc72gf,58,7,7632.677894,2020-10-06 16:05:49,2024-01-27 08:28:37,2022-10-04 14:33:45,t,1,pool1l5kwfudnqrhw3k4lwzcppu36nun9puvvr7xnanuz8a2zx4jaek5,2020-10-06 19:01:46,223,0,,,2303.586108,640,6,1340.668428,2022-01-25 14:12:23,962.917680,coordinated_like,emurgo+iog,3.75,False,True,False,False,False,False,False,True,DORMANT_2Y_PLUS,LOW
stake1u8vz26r7lwxgfv3luqz7xvxptnpzh93lgdqt47l7jr2ygdc9rekez,9,8,7622.697461,2021-03-06 15:22:34,2022-02-08 12:38:46,2021-03-06 16:14:13,t,1,pool128r8qqgl9zgy3ff4759a2qslyauu5takaec3nxx4a6mvj3ys8da,2021-03-06 16:14:13,253,0,,,820.221830,638,0,0.000000,,820.221830,coordinated_like,emurgo+iog,5.32,False,True,False,False,True,False,False,True,DORMANT_2Y_PLUS,LOW
stake1u9ym6mj98sjeqxsjpnyhff2xhzyawfumt64xjw0ghvn6uusekhsw5,2,2,7615.257930,2021-03-04 03:34:40,2021-03-04 03:45:40,,f,0,,,,0,,,0.000000,,0,0.000000,,0.000000,coordinated_like,emurgo+iog,5.33,True,True,False,False,False,False,False,True,NEVER_SPENT_COLD,LOW
stake1u9u82tzk2he62l77p8nn7jxxa8z60h46m7wytlvvkcjjm6sp926qr,10,6,7500.938708,2025-08-21 17:42:30,2026-05-25 05:56:44,2026-01-15 11:24:59,t,1,pool173mzegwuu0pjcrt60ekelzj5haqr8r5e4e0n45qh9jdz7xm5kh8,2025-08-21 18:33:39,579,1,drep1duf9wj2007jp8zd2k2khq69ppykwq68zsp8vksselwaj5nvnr3n,2025-08-21 18:39:13,137.981224,641,1,2.204907,2025-09-06 22:59:30,135.776317,coordinated_like,iog,0.46,False,False,True,True,False,False,False,True,ACTIVE_MANAGED,MEDIUM
stake1u9qys5653xg0ytzrjmcysx88g2ymrzd7m6tnlaumft3w9xqh663df,14,5,7499.629773,2021-01-07 13:38:36,2025-11-20 13:00:38,2025-11-20 13:00:38,t,2,pool1zz7x8ergn02chznayj9fjds2gk5q6prmpdr49faspd65kzqsrjs,2025-11-20 13:00:38,597,1,drep_always_abstain,2025-11-20 13:00:38,1218.056745,641,2,441.561822,2022-10-09 14:48:18,776.494923,probable_retained_like,emurgo+iog,0.62,False,False,True,False,False,False,False,True,MIXED,MEDIUM
stake1uykt4l9ph5w6x752q06dz9v6uz8duqhjmzyhrdlvp0q920sxpn9m0,12,12,7349.459951,2021-01-18 16:23:33,2022-10-26 07:10:41,,f,0,,,,0,,,0.000000,,0,0.000000,,0.000000,coordinated_like,emurgo+iog,5.45,True,True,False,False,False,False,False,True,NEVER_SPENT_COLD,LOW
stake1uxm3fckydaynksq5rpqvy5w30xcagzjh6fvcjqeqdn7h4aghl5lly,22,21,7337.904748,2021-01-17 03:42:37,2021-12-04 06:48:54,2021-01-17 03:57:46,t,1,pool154sjkrwdu80wp6mnjvkwk55aj53l4v37z4zwulfak74vcxg60x0,2021-01-17 03:57:46,244,0,,,532.393419,635,0,0.000000,,532.393419,coordinated_like,emurgo+iog,5.46,False,True,False,False,True,False,False,True,DORMANT_2Y_PLUS,LOW
stake1u9r7umt7qvr7egqymzrr32c4nnsmdsz8qlqrlcd8txrgh4s0s4pl3,21,17,7315.116185,2021-02-24 22:29:16,2024-02-01 05:20:19,2022-01-08 03:43:23,t,1,pool1fxmancs3dmc9l0s7u7zrj8334m9nvzam5t5hnuuf4c7cjr6867m,2021-02-26 22:11:41,252,0,,,1280.365754,641,0,0.000000,,1280.365754,coordinated_like,emurgo+iog,4.48,False,True,False,False,True,True,False,True,DORMANT_2Y_PLUS,MEDIUM
stake1ux4sdn9qfpmqgc0vpm2vz23mzyv3plsxf4xzwty0u6r300q2e9rr8,8,6,7304.883942,2021-02-18 02:33:29,2021-09-10 17:34:44,2021-02-18 03:19:18,t,1,pool1u7mqtde27swkarngjsn5mmw3sy20zavlafgqkmg8qv2n2nwga0l,2021-02-18 03:19:18,250,0,,,1242.969112,641,0,0.000000,,1242.969112,coordinated_like,emurgo+iog,5.37,False,True,False,False,True,True,False,True,DORMANT_2Y_PLUS,MEDIUM
stake1uyh82pzn7kwvuvyh82ch6cmgp0v3ajrmnh7meywt4ctr2vcelz925,8,8,7263.930940,2021-02-15 04:16:37,2021-07-19 18:46:38,,f,0,,,,0,,,0.000000,,0,0.000000,,0.000000,coordinated_like,emurgo+iog,5.38,True,True,False,False,False,False,False,True,NEVER_SPENT_COLD,LOW
stake1uyf59247vkfa8lahwze07pkqhsrxa4ly9u94402rg0chnvc92qlqk,17,16,7253.752664,2021-02-15 02:11:28,2022-09-06 02:45:44,2021-02-20 16:03:49,t,1,pool1qqqqrwzy7njvjq9wph7usj5gghm3py9c97688ek8pgc7uem9cfz,2021-02-20 16:03:49,251,0,,,1132.034147,641,0,0.000000,,1132.034147,coordinated_like,emurgo+iog,5.36,False,True,False,False,True,True,False,True,DORMANT_2Y_PLUS,MEDIUM
stake1uyap4qqmzdxz3qh5aheneq3zvdneutksajrg6unjg9w9n7gu7ersf,8,6,7252.702798,2021-03-27 03:45:10,2024-03-21 15:40:18,2022-01-24 20:47:27,t,2,pool1vev8z03vh7jwx3mfrgzrt9fltt97nupaxv8ffj4r5r8mgwts5ze,2022-01-24 20:47:27,318,0,,,1101.526283,641,0,0.000000,,1101.526283,coordinated_like,emurgo+iog,4.44,False,True,False,False,True,True,False,True,DORMANT_2Y_PLUS,MEDIUM
stake1u9s84xxsv5sej2azwzylrczl0zesx0wjt70s9ft3cxen02q3anv3a,23,15,7204.301999,2021-02-04 04:40:09,2026-01-03 03:17:49,2026-01-03 03:17:49,t,2,pool1vquhv3kh6xkklckaenl8alyuhfsld57ef5573aqauueyqacx4ak,2021-06-13 10:52:51,273,1,drep1jnmmkfwpta0yuwjchw0gu6csh75vy62088egy9n67d0zc7sn83m,2026-01-03 03:10:46,911.519846,641,2,852.388789,2026-01-03 03:17:49,59.131057,coordinated_like,iog,0.50,False,False,True,False,False,False,False,True,MIXED,MEDIUM
stake1uxrzrqerrq6xj49kwapggl2hc7p88cde074aj2u4x9mekcgv8cpm9,18,12,7154.481198,2021-01-26 16:21:31,2022-08-20 07:28:15,2021-10-03 11:57:57,t,6,pool1m62sl6rauje9cknrkhwl39tc4hujudkd7gp478dpz7tagmjr8wm,2021-10-03 11:57:57,296,0,,,1276.577931,641,0,0.000000,,1276.577931,coordinated_like,emurgo+iog,4.75,False,True,False,False,True,True,False,True,DORMANT_2Y_PLUS,MEDIUM
stake1u9hnwacvqrgqcf3d3ttmqfdkscmm5xzws364s3pyyzqggcg7v4r2q,17,12,7108.503597,2021-02-12 13:48:11,2024-03-06 00:40:46,2022-03-02 03:02:50,t,1,pool1u0mc9ywfxl529atxyajuz3pgqnwgnk6w7lejjmjg22ucvn7z9vh,2021-05-29 05:38:05,270,0,,,1152.412171,641,0,0.000000,,1152.412171,coordinated_like,emurgo+iog,4.34,False,True,False,False,True,True,False,True,DORMANT_2Y_PLUS,MEDIUM
stake1uy4re5z5z6d29vmmajdnwf8eye00hjkdgq7x553n6ep5pfqdxzeq3,16,14,7050.702911,2021-02-14 05:08:11,2021-11-23 20:29:46,2021-02-15 22:24:28,t,1,pool1s6se64qce5rjjjhh6ufcdnc54p8qg78mlhjm38lymx99sqysvzx,2021-02-15 22:24:28,250,0,,,1276.351691,641,0,0.000000,,1276.351691,coordinated_like,emurgo+iog,5.38,False,True,False,False,True,True,False,True,DORMANT_2Y_PLUS,MEDIUM
stake1u9zsel4k67dprzj8sa27qqm425ssw7hy563r9sdwfjw0t4sk84qpr,3,3,7024.055599,2021-03-07 19:24:50,2021-03-07 19:55:50,,f,0,,,,0,,,0.000000,,0,0.000000,,0.000000,coordinated_like,emurgo+iog,5.32,True,True,False,False,False,False,False,True,NEVER_SPENT_COLD,LOW
stake1u97zga0hhcfrq8gqg5cz8whh8uh6640xg3kjt6qlhk7p59gnhs95n,3,3,7013.162700,2021-03-03 21:28:42,2021-03-04 01:26:28,,f,0,,,,0,,,0.000000,,0,0.000000,,0.000000,coordinated_like,emurgo+iog,5.33,True,True,False,False,False,False,False,True,NEVER_SPENT_COLD,LOW
stake1uyhh46erv8k5vapkrmlxdxn677vwymf6w2582dqdpttamqq97dd62,9,7,6993.299496,2021-02-20 14:22:19,2024-12-03 17:56:35,2024-12-03 17:56:35,t,1,pool1ezh8sewqgzy7267yvy0jssz8q7amce37x3dhmfl22j8lwz6wjrd,2021-02-20 15:29:06,251,1,drep_always_abstain,2024-12-03 17:56:35,908.716476,641,0,0.000000,,908.716476,probable_retained_like,emurgo+iog,1.58,False,False,True,False,True,False,False,True,MIXED,MEDIUM
stake1uxy5njmerszec4cfqcjck3wxlxz74tv0jxfqq08kd04l93g22ntjj,32,14,6956.712835,2021-01-05 14:10:40,2026-01-19 20:32:12,2026-01-19 20:32:12,t,2,pool1u0mc9ywfxl529atxyajuz3pgqnwgnk6w7lejjmjg22ucvn7z9vh,2022-01-13 17:40:50,316,1,drep_always_abstain,2024-11-18 10:58:55,1347.818758,641,7,1291.783234,2026-01-19 20:31:15,56.035524,probable_retained_like,emurgo+iog,0.45,False,False,True,True,False,False,False,True,ACTIVE_MANAGED,MEDIUM
stake1u9m8k0ekepq5kf3z7234ywsvn5r09cpdy9ya2slr2y6h4csec0n44,33,26,6893.534276,2021-02-28 05:10:29,2024-02-28 03:03:20,2021-04-04 05:42:15,t,7,pool1429egqgv60r3nxlp6cvs08qcffv7duddjvyjd0pt6wzhj7akda8,2021-04-04 05:42:15,259,0,,,912.442286,641,0,0.000000,,912.442286,coordinated_like,emurgo+iog,5.25,False,True,False,False,True,False,False,True,DORMANT_2Y_PLUS,LOW
stake1uynytaqpardk685m58u403f32hdf9lu5uqfhtugg9h3h0psc73dse,5,4,6837.231777,2021-02-12 17:35:53,2021-04-29 18:23:28,2021-02-12 17:49:17,t,1,pool1s6se64qce5rjjjhh6ufcdnc54p8qg78mlhjm38lymx99sqysvzx,2021-02-12 17:49:17,249,0,,,1240.831978,641,0,0.000000,,1240.831978,coordinated_like,emurgo+iog,5.39,False,True,False,False,True,True,False,True,DORMANT_2Y_PLUS,MEDIUM
stake1u8ajh35xnp88c2gdwzn5a8tulhejlwgntxpulghjdmjn3sgjgn9ss,11,8,6806.425180,2021-02-10 15:06:27,2026-01-22 21:08:16,2026-01-22 21:08:16,t,3,pool1prc9hna2mgamtspchrygc66s9n4tlkvh39e3t9zccef4kzc3ns2,2026-01-22 21:08:16,610,1,drep_always_abstain,2026-01-22 21:08:16,1119.065815,641,0,0.000000,,1119.065815,probable_retained_like,emurgo+iog,0.44,False,False,True,True,True,True,False,True,ACTIVE_MANAGED,MEDIUM
stake1uyf5xevl3ytykn38qphtlkygem4zpsghy4gfwjssv3qfwdc3sj282,7,6,6753.360145,2021-01-19 20:38:52,2021-05-20 14:52:46,2021-01-19 20:48:11,t,1,pool1mmrdxw97yt9q22yaece43h7em2fhsgumrww7za9jdwt9xraehp4,2021-01-19 20:48:11,244,0,,,365.333595,387,0,0.000000,,365.333595,coordinated_like,emurgo+iog,5.45,False,True,False,False,True,False,False,True,DORMANT_2Y_PLUS,LOW
stake1u9fu288j7qk4wetmv75me747zj6efysafyx2ynkshxzh6xcw2u59h,10,7,6750.280930,2020-08-23 03:42:21,2021-04-15 15:43:19,2021-04-15 15:43:19,t,1,pool1qqqqzyqf8mlm70883zht60n4q6uqxg4a8x266sewv8ad2grkztl,2021-02-21 22:58:50,251,0,,,1156.559055,641,2,32.083314,2021-04-15 15:43:19,1124.475741,coordinated_like,emurgo+iog,5.22,False,True,False,False,False,False,False,True,DORMANT_2Y_PLUS,LOW
stake1uyxnwv2nu2rx6shuwwclgu9jwejuxkdqerdz55qp2scdcrqkvyf7s,33,29,6736.615846,2021-02-18 14:58:33,2024-11-13 21:47:09,2024-11-13 21:47:09,f,1,pool1s6se64qce5rjjjhh6ufcdnc54p8qg78mlhjm38lymx99sqysvzx,2021-02-23 12:35:49,251,1,drep_always_abstain,2024-11-13 21:40:49,782.598710,521,1,782.598710,2024-11-13 21:45:38,0.000000,high_confidence_retained_like,emurgo+iog,1.63,False,False,True,False,False,False,False,True,MIXED,MEDIUM
stake1uyqpqvvpxrnrsznu4nsd7q0pmfk5muszqk49hmcrap0dn5qemru6h,9,7,6590.543274,2021-01-14 16:18:10,2026-02-03 00:47:35,2021-03-18 13:58:28,t,1,pool1s3z5qsg75dar26ykyzcz2u8wc2swgq7pyp7f9sdh5n06qh3jhq2,2021-03-03 02:04:58,253,0,,,1059.855375,641,0,0.000000,,1059.855375,coordinated_like,emurgo+iog,5.29,False,True,False,False,True,True,False,True,DORMANT_2Y_PLUS,MEDIUM
stake1uydcuar2mgwqkfvhac5f770djxpphm694ugh9ze8aktzwscpvrcpz,13,8,6519.673864,2021-02-16 23:12:45,2025-09-07 02:59:04,2025-09-07 02:59:04,t,2,pool173mzegwuu0pjcrt60ekelzj5haqr8r5e4e0n45qh9jdz7xm5kh8,2024-12-03 02:30:02,527,1,drep_always_abstain,2024-12-03 02:22:42,986.257162,641,1,868.271301,2025-09-07 02:59:04,117.985861,coordinated_like,emurgo+iog,0.82,False,False,True,False,False,False,False,True,MIXED,MEDIUM
stake1u9nf0xvsl0rgx07vgargykuyemle5tl7m2a8p7kzaxhdpxs5cv0jp,18,15,6390.600477,2021-01-27 02:47:06,2025-10-07 00:32:34,2025-10-07 00:32:34,t,1,pool1xdgzul0qespnz56zzrckwf4hcryyql9ypc4tya2dlu9a22h43ag,2021-01-27 14:26:20,246,1,drep_always_abstain,2025-10-07 00:32:34,1019.335251,631,0,0.000000,,1019.335251,probable_retained_like,emurgo+iog,0.74,False,False,True,False,True,True,False,True,MIXED,MEDIUM
stake1uy800tc8z4jfvdjfwzsdzkzzg4uze3qanlfrj0ulc4lqpzgka9su8,14,12,6382.231418,2021-02-15 20:31:18,2021-07-17 12:39:16,2021-02-15 20:51:53,t,1,pool157e2zadjusu6esf9mmx37nf63ep2gazdeln5mh04ylpcvz59g5c,2021-02-15 20:51:53,250,0,,,748.700594,641,0,0.000000,,748.700594,coordinated_like,emurgo+iog,5.38,False,True,False,False,True,False,False,True,DORMANT_2Y_PLUS,LOW
stake1uy9pspph7azhshljp34gnux8yaqlvpnshgh28ddmpshl4xqcmj7q0,8,8,6374.930001,2021-01-24 00:50:13,2021-09-21 04:31:13,,f,0,,,,0,,,0.000000,,0,0.000000,,0.000000,coordinated_like,emurgo+iog,5.44,True,True,False,False,False,False,False,True,NEVER_SPENT_COLD,LOW
stake1u9qws69pwj4527mescac99ccjc4k7j0yvcm7cxtlqqrxtxqr6dsz7,20,15,6351.730036,2021-01-01 17:42:28,2024-12-28 12:38:13,2021-01-08 18:05:33,t,1,pool1qqvukkkfr3ux4qylfkrky23f6trl2l6xjluv36z90ax7gfa8yxt,2021-01-08 18:05:33,242,0,,,810.246977,641,0,0.000000,,810.246977,coordinated_like,emurgo+iog,5.48,False,True,False,False,True,False,False,True,DORMANT_2Y_PLUS,LOW
stake1uylf9s9my8rffcej0rdwpckuv0h2sfqaukk4ss7dr4zsvcqjar8sm,6,4,6279.907930,2021-02-13 05:43:11,2022-02-13 01:26:04,2022-02-13 01:26:04,t,2,pool1nwt6mxqus3tpzrshky5h5kykz9rjpxmacrvw0z6yak9uk5p5045,2022-02-13 01:26:04,322,0,,,1077.283498,641,0,0.000000,,1077.283498,coordinated_like,emurgo+iog,4.38,False,True,False,False,True,True,False,True,DORMANT_2Y_PLUS,MEDIUM
stake1uxv2mvtgm8meqml7c23axv8qvsxjy4pv0eflrgg2tzvt48g6a43n4,25,18,6274.975745,2021-02-23 21:26:21,2023-06-10 05:59:28,2021-05-24 21:33:25,t,3,pool1xlphlhnjvfeh40vcqf9fdewztsj6kyxq6604kaccpv00umjfu0d,2021-05-24 21:33:25,269,0,,,766.150663,641,0,0.000000,,766.150663,coordinated_like,emurgo+iog,5.11,False,True,False,False,True,False,False,True,DORMANT_2Y_PLUS,LOW
stake1u9khgfz43hz52p5pp84p57689hvl3v306ddrlwy2hgzrphg6sawfl,15,13,6274.012402,2021-02-07 20:39:06,2021-11-16 06:20:32,2021-04-17 20:52:55,t,1,pool1ppznyu6qrvlw9uuqa3tslryjd40nh56jyvmaqw6kdf4kzq3y8kh,2021-02-07 22:08:47,248,0,,,1170.247874,641,1,32.495793,2021-04-17 20:52:55,1137.752081,coordinated_like,emurgo+iog,5.21,False,True,False,False,False,False,False,True,DORMANT_2Y_PLUS,LOW
stake1u8vsynny4xcpwdhja28c9vp63cr2rhgs0xkxtguayvttehgutwfu6,19,14,6247.028328,2021-03-01 05:10:35,2026-02-03 00:45:00,2021-05-04 02:54:22,t,1,pool1gclysx2h7fndj0jdajlmwvqr8q9tzu3rurjknacu0ff954fsg9a,2021-03-13 04:50:11,255,0,,,935.649004,641,2,12.924027,2021-05-04 02:54:22,922.724977,coordinated_like,emurgo+iog,5.16,False,True,False,False,False,False,False,True,DORMANT_2Y_PLUS,LOW
stake1u9e3ewpp56hppa26ga5zaa6z3rsjwe0yp4cukc96af45m5sk2d398,11,8,6224.385433,2021-02-23 16:32:01,2024-08-06 13:45:44,2024-08-06 13:45:44,t,3,pool1xs34q2z06a46nk7hl48d27dj5gzc6hh9trugw2ehs9ajsevqffx,2024-08-06 13:45:44,503,0,,,839.505942,641,0,0.000000,,839.505942,coordinated_like,emurgo+iog,1.91,False,False,True,False,True,False,False,True,MIXED,MEDIUM
stake1u9axay37y5whtqt6p6j8wfunlw6vrdzz7g8ens6twpjuhrczxnxqt,203,35,6195.623063,2021-01-24 20:53:11,2025-01-17 20:28:10,2025-01-17 20:28:10,t,4,pool1s6se64qce5rjjjhh6ufcdnc54p8qg78mlhjm38lymx99sqysvzx,2024-12-28 12:19:07,532,0,,,686.204753,641,2,374.728408,2023-12-22 19:55:43,311.476345,coordinated_like,emurgo+iog,1.46,False,False,True,False,False,False,False,True,MIXED,MEDIUM
stake1u872juu60u4zztvajsaf3mjaxv6hxyhuhn9uq7cv7lnpkyg42axl0,21,10,6116.897101,2021-03-07 01:24:09,2025-07-31 18:42:57,2025-07-31 18:42:57,t,3,pool15yyxtkhz64p7a8cnax9l7u82s9t9hdhyxsa3tdm977qhgpnsuhq,2022-04-22 23:07:42,336,1,drep1qe2l8gw8v7ydswfp9twytxcc3wzwdq8npt55f3vnlgv2u8sx3nt,2025-07-31 18:40:45,987.624028,641,5,859.443672,2025-07-31 18:42:57,128.180356,coordinated_like,iog,0.92,False,False,True,False,False,False,False,True,MIXED,MEDIUM
stake1uxufz3j929cerrepmky2t4cflvcpe0zl207f6l5vf89psssnl3ehj,12,11,6085.346342,2021-04-15 22:41:45,2021-04-16 01:39:49,2021-04-16 01:39:49,t,1,pool1lurfk0k0wwx54hlg8a7zp3jtstu57u59aeq7aketl55hknmmtu0,2021-04-16 01:39:49,262,0,,,1043.972179,627,0,0.000000,,1043.972179,coordinated_like,emurgo+iog,5.21,False,True,False,False,True,True,False,True,DORMANT_2Y_PLUS,MEDIUM
stake1uy2ephwnhut8qd7w8ew334zdg4k2chhe6hgrweerm935mecr2skxn,26,13,6035.434757,2021-02-20 07:31:16,2025-05-22 20:14:22,2025-05-22 20:14:22,t,2,pool17ahr5ygy48vpdfnatqn2z4wfu2te4quapk2yx3k50ce6kd7feg0,2022-08-09 22:58:35,358,1,drep_always_abstain,2024-12-03 22:33:31,980.445895,641,10,821.021613,2025-05-22 20:14:22,159.424282,coordinated_like,emurgo+iog,1.11,False,False,True,False,False,False,False,True,MIXED,MEDIUM
stake1u9jvatdl633p7a8udjfph59qcqu7ach9dsgk8mqy7kds7jczphcdh,76,51,6013.101941,2021-02-12 19:06:31,2025-01-15 18:32:08,2025-01-15 18:32:08,t,3,pool17ynruzy9lvq0x55ks22vtf4lrrdrw2ucydh4tfzhg9kkyeaw8nf,2022-02-17 07:20:27,323,0,,,748.899174,639,3,660.208217,2025-01-15 18:28:33,88.690957,coordinated_like,emurgo+iog,1.46,False,False,False,False,False,False,False,True,MIXED,LOW
stake1uymc5jtjwf8yjq2lf9mr6yhjacg4nu3lwls332kxkkzdhagws2uu3,4,4,6000.329201,2021-02-20 16:12:47,2021-03-21 09:50:27,,f,0,,,,0,,,0.000000,,0,0.000000,,0.000000,coordinated_like,emurgo+iog,5.36,True,True,False,False,False,False,False,True,NEVER_SPENT_COLD,LOW
stake1uxvsqpclde9jhyy3txln0kkz7d289khk7ln0cjjqxx9t4lgtk9z4c,16,12,5996.842406,2021-02-11 16:45:25,2025-12-03 02:52:49,2021-11-15 08:12:08,t,2,pool1ljlmfg7p37ysmea9ra5xqwccue203dpj40w6zlzn5r2cvjrf6tw,2021-08-23 08:02:47,287,0,,,1006.944656,600,0,0.000000,,1006.944656,coordinated_like,emurgo+iog,4.63,False,True,False,False,True,True,False,True,DORMANT_2Y_PLUS,MEDIUM
stake1u86kkzhgldecr3vdqtj7dg6vxzqf56wn0r0p5q8j5wz7essv48m5k,6,5,5948.510679,2021-02-01 04:56:54,2021-02-15 07:50:17,2021-02-01 05:03:07,t,1,pool1zgxvcqf0dvh0ze56ev2ayjvuex3zdd3hgxzdrcezkx497mv3l7s,2021-02-01 05:03:07,247,0,,,1106.982009,641,0,0.000000,,1106.982009,coordinated_like,emurgo+iog,5.42,False,True,False,False,True,True,False,True,DORMANT_2Y_PLUS,MEDIUM
stake1u8yzum0qvrp47egk83sncdfncglj5t758gz4vw6z2kj6t7q8r0msn,6,5,5928.799606,2021-02-17 04:56:24,2021-02-25 16:54:44,2021-02-17 05:00:44,t,1,pool1uj4u73qgtprqre78q75fq2vkcrpfrcdreqcqkvn6u0m2k6nk2yp,2021-02-17 05:00:44,250,0,,,1046.360685,641,0,0.000000,,1046.360685,coordinated_like,emurgo+iog,5.37,False,True,False,False,True,True,False,True,DORMANT_2Y_PLUS,MEDIUM
stake1uxjfx6zmw64cfyj89lm453ys3glj80gn4ltqu90um47kywqhph009,11,10,5840.889942,2021-02-07 20:39:06,2021-06-07 15:33:53,2021-02-07 22:08:23,t,1,pool1ppznyu6qrvlw9uuqa3tslryjd40nh56jyvmaqw6kdf4kzq3y8kh,2021-02-07 22:08:23,248,0,,,1092.014849,641,0,0.000000,,1092.014849,coordinated_like,emurgo+iog,5.40,False,True,False,False,True,True,False,True,DORMANT_2Y_PLUS,MEDIUM
stake1u97f7zrrg35gqx6wnug3783nfksuvkr9rv0zuktdyxpzyfcf3lk7j,12,6,5783.224754,2021-03-17 06:36:56,2026-05-21 11:23:16,2026-05-21 11:23:16,t,1,pool104avq7309gjm0fxms69yqusxy8zf888k4mamngg5vnc6vculpzq,2021-04-14 09:57:14,261,1,drep_always_abstain,2026-05-21 11:23:16,944.450588,641,4,384.253595,2023-01-24 16:07:18,560.196993,coordinated_like,emurgo+iog,0.12,False,False,True,True,False,False,False,True,ACTIVE_MANAGED,MEDIUM
stake1u9fus6t8a77wfwgvmdatlkk6s87eqp0wd8hkq7v33snz3zqut5ldf,18,12,5759.492326,2021-02-03 23:49:24,2025-08-14 06:29:09,2025-08-14 06:29:09,t,2,pool1gtphgrdj8sluxm9e7ca2spcwcq2p0dxj9zf5v0yv3gsagzq704n,2024-09-26 06:16:59,513,1,drep_always_abstain,2024-09-26 06:16:59,935.675994,641,3,814.803179,2025-08-14 06:29:09,120.872815,coordinated_like,emurgo+iog,0.89,False,False,True,False,False,False,False,True,MIXED,MEDIUM
stake1uyl3k6dyxzkrqhpdme4zrpt4k82ndphtlsdvvl56vuh948chmvxcd,42,34,5734.951232,2021-02-08 05:58:13,2024-02-03 06:29:52,2022-05-12 17:42:35,t,6,pool1cyq3v3v43hu7spwlfxdm6vq9djpsjjueerhlu5qr2rvd57vqk84,2022-05-12 17:42:35,340,0,,,1043.039816,641,0,0.000000,,1043.039816,coordinated_like,emurgo+iog,4.14,False,True,False,False,True,True,False,True,DORMANT_2Y_PLUS,MEDIUM
stake1uywwnm3xrnth273ntwqaw8a8hae4r6t79mht86azxa2kh0s6psp06,38,32,5680.168456,2021-03-28 20:12:45,2025-09-16 21:55:32,2025-09-16 21:55:32,t,1,pool1s6se64qce5rjjjhh6ufcdnc54p8qg78mlhjm38lymx99sqysvzx,2021-03-28 21:01:26,258,1,drep_always_abstain,2025-09-16 21:55:32,957.695285,641,0,0.000000,,957.695285,high_confidence_retained_like,emurgo+iog,0.79,False,False,True,False,True,False,False,True,MIXED,MEDIUM
stake1uxtfrt7g72g862gfc6wr6d8mmlgyyynnj90peygtje4nx7cp2cvue,29,23,5627.135911,2021-02-23 23:45:15,2025-01-27 05:40:39,2025-01-27 05:40:39,t,4,pool17s3mr9c4ejjfq20dz0ls9ggskc770kt267s9xmw93payzdswwgg,2024-11-15 19:34:39,523,2,drep13d6sxkyz6st9h65qqrzd8ukpywhr8swe9f6357qntgjqye0gttd,2025-01-27 05:40:39,907.770459,641,2,721.632632,2025-01-27 05:40:39,186.137827,coordinated_like,iog,1.43,False,False,True,False,False,False,False,True,MIXED,MEDIUM
stake1u82gx0l9jgcn95qy6kk9gfzxu3dssq54vjrztdw7wrms37c37x35r,34,23,5613.772725,2021-02-01 05:25:56,2026-06-08 20:09:18,2026-06-08 20:09:18,t,3,pool15j6hdfel6c6zcr8gu39qgp5xkrs264yn9hm8ynhaydjtxvmznxq,2021-02-07 20:40:20,248,1,drep_always_abstain,2025-06-27 21:00:06,702.395794,641,1,508.130178,2024-11-12 22:58:35,194.265616,probable_retained_like,emurgo+iog,0.07,False,False,True,True,False,False,False,True,ACTIVE_MANAGED,MEDIUM
stake1ux78p4wml6rclzl0xjwfmj5hfmvp5nlc7vl34jv8tjzhk2qpe5j7a,17,7,5609.387921,2021-02-24 13:32:25,2024-12-01 11:36:50,2024-11-24 19:44:57,f,1,pool1nudasuv0lljpe0tswcverqvlh0v4226vgnpsuxn0e9nkvnvcvne,2021-02-25 10:56:39,252,0,,,0.000000,,0,0.000000,,0.000000,coordinated_like,emurgo+iog,1.60,False,False,False,False,False,False,False,True,MIXED,LOW
stake1uxelkmp20m0au85kcqdht45fn2gdzlhss6gjkcwfhqy2excrzwgy5,33,26,5594.797432,2021-01-16 21:25:57,2026-02-07 12:25:19,2026-02-07 12:25:19,t,1,pool1jt7d6ak3m8gnjyxtuxfswe258xzwda80ndl0a57vv5m2zv8h6at,2021-01-16 22:40:09,244,1,drep1h95f0wrxasn0fwfajwe8jtjfdw5nd880d073wh2llvxk54rvnus,2025-02-01 16:04:40,832.469252,641,2,785.913998,2026-02-07 12:25:19,46.555254,high_confidence_retained_like,emurgo+iog,0.40,False,False,True,True,False,False,False,True,ACTIVE_MANAGED,MEDIUM
stake1uxud8gjn5kx78m0rr9fq7ynjly68q8atjtr9dxscck098jgz2h0fp,9,8,5558.100285,2021-03-04 14:16:49,2021-05-21 17:56:52,2021-03-18 18:52:20,t,1,pool1zj4h7kc6v53q9r8x3fwzfuayf2frwme8u5k86gu0uzeeuvqxgul,2021-03-18 18:52:20,256,0,,,898.844031,641,0,0.000000,,898.844031,coordinated_like,emurgo+iog,5.29,False,True,False,False,True,False,False,True,DORMANT_2Y_PLUS,LOW
stake1u9kx53epjgntextzvra0f99j3yeye57e5wu2x8ns6549vess05gk4,6,5,5533.737924,2021-03-04 17:09:06,2021-03-25 20:05:39,2021-03-04 18:31:57,t,1,pool17xextu09ghdfcmsq83whq0a45geg83jxe4qt94sevu087tzdzkl,2021-03-04 18:31:57,253,0,,,1047.582341,641,0,0.000000,,1047.582341,coordinated_like,emurgo+iog,5.33,False,True,False,False,True,True,False,True,DORMANT_2Y_PLUS,MEDIUM
stake1u9c56xl0jv8jt4fnwxccz5nv4nxthv6qpyw8wlp8r6cyyjqmqhqwp,16,13,5527.023624,2021-04-01 10:18:02,2025-04-17 14:06:55,2025-04-17 14:06:55,t,1,pool173mzegwuu0pjcrt60ekelzj5haqr8r5e4e0n45qh9jdz7xm5kh8,2021-04-01 13:57:58,259,1,drep1qe2l8gw8v7ydswfp9twytxcc3wzwdq8npt55f3vnlgv2u8sx3nt,2025-04-17 14:06:55,752.465292,641,0,0.000000,,752.465292,coordinated_like,iog,1.21,False,False,True,False,True,False,False,True,MIXED,MEDIUM
stake1uy8438u667mj9mte5vrhn2g2e3flj5q64k8nxceluf8e8lcszs0ux,141,96,5440.735466,2021-01-26 20:38:35,2026-06-24 18:07:23,2025-08-17 12:00:34,t,21,pool1lp9wmr8dkcceta5we999nvlfh9um06cd6sggtt5523eawf7mtg4,2024-11-24 03:49:37,525,3,drep127pc58jyky40fvess0c4tjxkrnkf8ta3sfltvm4ptypqc5fgav3,2025-01-26 09:43:37,794.499413,641,19,695.093707,2025-08-17 11:56:34,99.405706,coordinated_like,iog,0.88,False,False,True,False,False,False,False,True,MIXED,MEDIUM
stake1uyav3frdj3qzmzcxa0z6tnddxuhrwwekevfgjzsu4tz46ccy9cryq,7,7,5425.600000,2021-02-05 18:02:42,2021-03-28 19:50:28,,f,0,,,,0,,,0.000000,,0,0.000000,,0.000000,coordinated_like,emurgo+iog,5.40,True,True,False,False,False,False,False,True,NEVER_SPENT_COLD,LOW
stake1uxjyeky5nwlsfver7fytsnz2z5s9m8g4v7465v0a8yjq9nqs0jz7r,12,12,5422.620839,2021-04-01 13:04:23,2026-03-17 17:07:07,,f,0,,,,0,,,0.000000,,0,0.000000,,0.000000,coordinated_like,emurgo+iog,5.25,True,True,False,False,False,False,False,True,NEVER_SPENT_COLD,LOW
stake1u8q88ya90zw3q68hv7qj03eczkjurwethfvynntn2thpk4sxxdvhv,18,16,5370.300896,2021-01-11 23:19:12,2022-07-28 11:24:37,2021-03-09 18:49:39,t,1,pool1l5kwfudnqrhw3k4lwzcppu36nun9puvvr7xnanuz8a2zx4jaek5,2021-01-11 23:22:47,243,0,,,744.423178,640,0,0.000000,,744.423178,coordinated_like,emurgo+iog,5.32,False,True,False,False,True,False,False,True,DORMANT_2Y_PLUS,LOW
stake1uyw08ztgjp63zkwh507zksv3frdh37gtl2udzygdeucdurcp2dpty,17,16,5355.425260,2021-02-20 12:02:32,2024-03-03 14:04:46,2021-03-14 12:08:43,t,1,pool1qfxukshs4fkcrflzdnxa2fdza5lfvew3y6echg8ckaa4q8m5hyf,2021-03-14 12:08:43,255,0,,,969.522541,641,0,0.000000,,969.522541,coordinated_like,emurgo+iog,5.30,False,True,False,False,True,False,False,True,DORMANT_2Y_PLUS,LOW
stake1u820usz5j4dhsft3audwdhwqkz6030zjraax3sd3ks6f7sgkkvjwp,5,4,5340.473743,2021-02-28 07:29:17,2021-03-05 00:05:57,2021-02-28 10:48:27,t,1,pool1mqy259k253xryf4hvdq0n72n2uvadcgp34r0fxwpqzm0z5n0qp6,2021-02-28 10:48:27,252,0,,,940.504074,641,0,0.000000,,940.504074,coordinated_like,emurgo+iog,5.34,False,True,False,False,True,False,False,True,DORMANT_2Y_PLUS,LOW
stake1u84teh2cwsqv4vpeujjwgqu46esgq7vyrcaphnn8u0e09agapjvvz,13,11,5318.978095,2021-02-13 15:49:40,2022-01-16 14:12:24,2022-01-16 14:12:24,t,2,pool1u0mc9ywfxl529atxyajuz3pgqnwgnk6w7lejjmjg22ucvn7z9vh,2022-01-16 14:12:24,317,0,,,913.068276,641,0,0.000000,,913.068276,coordinated_like,emurgo+iog,4.46,False,True,False,False,True,False,False,True,DORMANT_2Y_PLUS,LOW
stake1uxc5xc2l5ja23vj80jlnl3c86l83nrtqnyfgspq6s9r9g9gmtql9h,27,12,5282.060927,2021-02-10 09:20:29,2026-05-13 02:02:17,2026-05-13 02:02:17,t,2,pool1vev8z03vh7jwx3mfrgzrt9fltt97nupaxv8ffj4r5r8mgwts5ze,2024-11-26 00:29:27,526,1,drep_always_abstain,2024-11-26 00:29:27,840.115451,641,4,308.206803,2022-08-13 08:45:37,531.908648,coordinated_like,emurgo+iog,0.14,False,False,True,True,False,False,False,True,ACTIVE_MANAGED,MEDIUM
stake1uyj8rgcr7kl4c4fl9l95c6vvrl0eggxmjqdnnsejlzp05xqlcswej,8,5,5238.689081,2021-04-12 23:20:48,2025-08-08 21:22:19,2025-08-08 21:22:19,t,1,pool17ahr5ygy48vpdfnatqn2z4wfu2te4quapk2yx3k50ce6kd7feg0,2021-04-16 00:29:08,262,1,drep_always_abstain,2025-08-08 21:22:19,974.021507,641,0,0.000000,,974.021507,coordinated_like,emurgo+iog,0.90,False,False,True,False,True,False,False,True,MIXED,MEDIUM
stake1u8x8n73w68w07d8uuzgalh64u5zjuxph22a4usjxfd8mq2chmxfp8,17,15,5219.916797,2021-02-28 05:38:34,2021-12-05 19:46:33,2021-03-03 04:46:43,t,1,pool1ng3vqzrhn3z45yjdscv3q37n26g2pj3vp99rfkgv6225y8lqg8j,2021-03-03 04:46:43,253,0,,,921.229096,641,0,0.000000,,921.229096,coordinated_like,emurgo+iog,5.33,False,True,False,False,True,False,False,True,DORMANT_2Y_PLUS,LOW
stake1u9nkrym6luh6uu8z9u60vdgmuqjwqsl9x00wjpg2v8mkddg4c0y8v,20,14,5205.447480,2021-02-20 06:56:56,2024-12-06 22:00:15,2024-12-06 22:00:15,t,3,pool14zdcvdec8qmqzsat5wg3a2h9f0u5yzrgjew534z8u3gs5durnjz,2021-11-16 04:16:30,304,1,drep_always_abstain,2024-12-06 22:00:15,691.981429,641,1,507.603273,2024-12-06 22:00:15,184.378156,high_confidence_retained_like,emurgo+iog,1.57,False,False,True,False,False,False,False,True,MIXED,MEDIUM
stake1u9dp5m845l9n4hgtmpuxj6wsqhys3mpqx2juklmmjd5nkcq4hj2mp,98,39,5187.387918,2021-02-16 14:45:19,2025-03-17 20:05:57,2025-03-17 20:05:57,t,14,pool1lurfk0k0wwx54hlg8a7zp3jtstu57u59aeq7aketl55hknmmtu0,2025-03-17 20:05:57,548,1,drep13d6sxkyz6st9h65qqrzd8ukpywhr8swe9f6357qntgjqye0gttd,2024-11-11 08:30:20,711.631418,627,6,575.247077,2025-03-17 20:05:57,136.384341,coordinated_like,iog,1.29,False,False,True,False,False,False,False,True,MIXED,MEDIUM
stake1uxqukkwsplpq3halaqdfy0xwz969ngnseetgxkudsnlh0pg6htvmt,11,8,5138.685366,2021-05-07 21:04:14,2025-07-15 18:45:14,2025-07-15 18:45:14,t,1,pool18vej0s9gska8c847aj95g9v24duuxg2g63d5cuqngnxew643jw9,2021-05-07 22:20:36,266,1,drep1qe2l8gw8v7ydswfp9twytxcc3wzwdq8npt55f3vnlgv2u8sx3nt,2025-07-15 18:42:31,807.890338,641,1,691.468003,2025-07-15 18:45:14,116.422335,high_confidence_retained_like,emurgo+iog,0.97,False,False,True,False,False,False,False,True,MIXED,MEDIUM
stake1u97pfns70r0avcdc4znxf42sh22eae6nuk0znydf6glnpdsl9zxem,8,8,5135.431453,2021-03-05 22:03:08,2021-03-22 22:02:30,,f,0,,,,0,,,0.000000,,0,0.000000,,0.000000,coordinated_like,emurgo+iog,5.33,True,True,False,False,False,False,False,True,NEVER_SPENT_COLD,LOW
stake1u85chqrv2tt5lr6rtf5xp44sv97gp9fulzdzyyve6yd3htgt5rlt9,17,10,5007.519501,2021-02-24 10:48:36,2025-04-02 20:27:52,2025-03-20 16:51:46,f,2,pool14u30jkg45xwd27kmznz43hxy596lvrrpj0wz8w9a9k97kmt4p2d,2023-09-02 21:04:04,435,0,,,415.775057,515,3,415.775057,2024-11-13 13:20:57,0.000000,coordinated_like,emurgo+iog,1.29,False,False,False,False,False,False,False,True,MIXED,LOW
stake1u90hejl5wg8d068f7xg6yttxe5fjxpszunk4zc9qe292kxqa25h26,10,8,4991.652807,2021-02-23 23:42:47,2021-03-15 06:55:18,2021-03-15 06:55:18,t,2,pool1uq8l234306m76unyz8kuwnkvmtvazaks6vuvyx3a3khngavvcw0,2021-03-15 06:55:18,255,0,,,838.091933,640,0,0.000000,,838.091933,coordinated_like,emurgo+iog,5.30,False,True,False,False,True,False,False,True,DORMANT_2Y_PLUS,LOW
stake1uxpyem267g0wnzc92cxhmf29d264c950prd726juz69rwvg6fds4g,19,12,4942.292297,2021-02-16 22:44:07,2025-05-20 22:08:19,2025-05-20 22:08:19,t,2,pool14zdcvdec8qmqzsat5wg3a2h9f0u5yzrgjew534z8u3gs5durnjz,2024-11-30 16:39:13,526,1,drep1qe2l8gw8v7ydswfp9twytxcc3wzwdq8npt55f3vnlgv2u8sx3nt,2025-05-20 22:06:50,901.781822,641,0,0.000000,,901.781822,probable_retained_like,emurgo+iog,1.12,False,False,True,False,True,False,False,True,MIXED,MEDIUM
stake1u8pvqvaenhxjsp6v36t4tdqecpc3e6l872uyhtnhnv3eqks6muvdr,14,11,4872.278902,2021-02-24 21:28:32,2024-02-06 02:20:32,2022-03-03 03:29:38,t,2,pool1qfxukshs4fkcrflzdnxa2fdza5lfvew3y6echg8ckaa4q8m5hyf,2021-02-24 21:44:00,251,0,,,860.885376,641,0,0.000000,,860.885376,coordinated_like,emurgo+iog,4.34,False,True,False,False,True,False,False,True,DORMANT_2Y_PLUS,LOW
stake1uy47mn5u8rsuwzuqmca5xrlddrfxagewxhde00sxyd8m4xc68x5ka,14,11,4867.607443,2021-02-08 19:10:20,2025-11-10 11:01:52,2025-11-10 11:01:52,t,1,pool1s6se64qce5rjjjhh6ufcdnc54p8qg78mlhjm38lymx99sqysvzx,2021-02-09 12:19:59,248,1,drep_always_abstain,2025-11-10 11:01:52,882.545539,641,0,0.000000,,882.545539,high_confidence_retained_like,emurgo+iog,0.64,False,False,True,False,True,False,False,True,MIXED,MEDIUM
stake1u82u3634s0rpq3d56f5elch7ctnjs74nq6jaepwjska4emg6c5n2f,18,16,4844.606893,2021-03-06 15:02:04,2023-07-01 14:46:17,2021-11-12 09:28:42,t,1,pool14zdcvdec8qmqzsat5wg3a2h9f0u5yzrgjew534z8u3gs5durnjz,2021-03-06 15:31:16,253,0,,,626.782206,641,0,0.000000,,626.782206,coordinated_like,emurgo+iog,4.64,False,True,False,False,True,False,False,True,DORMANT_2Y_PLUS,LOW
stake1u82z626znyg45pdtegggltzcvyl7drgvghktmsvhe5he2jq5alrdy,21,16,4833.423220,2021-01-21 17:55:33,2021-08-17 15:14:52,2021-08-17 15:14:52,t,3,pool1r0sxz0hygfc0266lhdclve6j3cwcwlth6dya6uey65yxjnwm7qc,2021-08-17 15:14:52,286,0,,,627.449526,641,0,0.000000,,627.449526,coordinated_like,emurgo+iog,4.88,False,True,False,False,True,False,False,True,DORMANT_2Y_PLUS,LOW
stake1u97x6pdkkx3rz48qankf8vfq66cuamlmka6gurpucwq8a3cputyzn,16,9,4769.717630,2020-12-01 13:44:51,2025-07-11 09:24:40,2025-07-11 09:24:40,t,4,pool1yc6f3cqsc7jfh07hcns64v5cp8720mve870pgxf2wkr3u8l7tse,2024-08-24 17:24:33,507,1,drep1qe2l8gw8v7ydswfp9twytxcc3wzwdq8npt55f3vnlgv2u8sx3nt,2025-07-11 09:24:40,928.044480,641,0,0.000000,,928.044480,coordinated_like,iog,0.98,False,False,True,False,True,False,False,True,MIXED,MEDIUM
stake1u8ccwha4gs2r4l0x9sy254xrqafwvlvgcgr9x40u3av3g0c03fgfw,18,15,4690.569415,2021-02-10 02:58:08,2024-02-01 05:50:06,2022-03-06 02:39:23,t,2,pool1lqpymyzg9glc88r7urptuv0d8t2tu9ty7xtshvxmgpu0j4lp8p3,2021-04-16 12:57:22,262,0,,,766.968668,641,0,0.000000,,766.968668,coordinated_like,emurgo+iog,4.33,False,True,False,False,True,False,False,True,DORMANT_2Y_PLUS,LOW
stake1u99sqe4pt6hrdfawclag7a7yugjt98h6z9tvvpvrza4g2lck2ay4t,2,2,4646.000000,2021-02-26 07:47:12,2021-02-26 10:00:59,,f,0,,,,0,,,0.000000,,0,0.000000,,0.000000,coordinated_like,emurgo+iog,5.35,True,True,False,False,False,False,False,True,NEVER_SPENT_COLD,LOW
stake1uyjm8jnm40lk8e0fu96dtsjs0frhrzp38h0wegpfumejknc5znc9g,49,48,4616.526627,2021-03-12 16:15:10,2021-12-28 21:15:26,2021-03-15 19:23:55,t,1,pool1qa6lqyu67ghpa0evxfu9nzqkj3h82qpfku82ec79zdwru4pd25m,2021-03-15 19:23:55,255,0,,,722.419620,641,0,0.000000,,722.419620,coordinated_like,emurgo+iog,5.30,False,True,False,False,True,False,False,True,DORMANT_2Y_PLUS,LOW
stake1uygxf339urhmwlmanaw0fj6j4cp65ny8h5tth66urc8zhwcfq59y7,3,3,4613.100000,2021-03-07 14:16:46,2021-04-12 09:14:55,,f,0,,,,0,,,0.000000,,0,0.000000,,0.000000,coordinated_like,emurgo+iog,5.32,True,True,False,False,False,False,False,True,NEVER_SPENT_COLD,LOW
stake1u88z2nrwdn5rkl4rrxeh2qjnlxf0nd3nzy0s39knpgsd95sv2cc4m,2,2,4574.007584,2021-02-16 20:41:05,2021-02-26 06:50:33,,f,0,,,,0,,,0.000000,,0,0.000000,,0.000000,coordinated_like,emurgo+iog,5.37,True,True,False,False,False,False,False,True,NEVER_SPENT_COLD,LOW
stake1uxlhy58nt92h4perxvsvshcyvpx220xaafzc540fkgpfg0s6c0505,22,12,4500.559575,2021-03-18 02:26:27,2025-09-30 23:18:01,2025-09-30 23:18:01,t,4,pool1gqgyta9sku3crjzfl9kj7kxsgfkt98y98yeu09kx22zscrezuj7,2023-04-15 06:11:19,407,1,drep127pc58jyky40fvess0c4tjxkrnkf8ta3sfltvm4ptypqc5fgav3,2024-11-10 13:36:29,561.843519,641,5,483.855505,2025-09-30 23:18:01,77.988014,high_confidence_retained_like,emurgo+iog,0.75,False,False,True,False,False,False,False,True,MIXED,MEDIUM
stake1uyg9y4s7nua48pekrhdqhse79gsthm4wgz07ugena9zww5qvfxzu9,22,17,4488.651180,2020-08-01 09:48:11,2024-10-14 17:15:13,2024-10-14 17:15:13,t,2,pool1aqg6fvhcaulvss2ruvpx6ur9vj7pejvdcxv6xp0qlwuwx94evf0,2021-08-13 16:21:26,285,1,drep_always_abstain,2024-10-14 17:15:13,932.641124,641,0,0.000000,,932.641124,coordinated_like,emurgo+iog,1.72,False,False,True,False,True,False,False,True,MIXED,MEDIUM
stake1u93nycq57vpythfk4katx33vpxw25ecgg8pxu6u8hhlqt8cpckp4k,22,17,4450.247987,2021-02-15 20:17:52,2025-06-28 08:06:52,2025-06-28 08:05:45,t,2,pool1ekcsyzwexl7p2kwxxh34hy28l6772vrmff7jwmuxsa6u6fzty9z,2021-03-31 23:24:44,259,1,drep1m8mnpykcjfyax5mcs42whu3dt347u8aq43x45ucs6dv3ztw0lez,2025-06-28 08:03:54,727.522216,641,2,619.879297,2025-06-28 08:05:45,107.642919,probable_retained_like,emurgo+iog,1.01,False,False,True,False,False,False,False,True,MIXED,MEDIUM
stake1uym7uzhnzkqgn9lmrrdqkfu39kdkwtvdvnnu5h09fp7pjvc5e5z6t,8,7,4404.695808,2021-02-24 14:34:48,2021-04-26 07:50:59,2021-02-24 15:29:34,t,1,pool1s6se64qce5rjjjhh6ufcdnc54p8qg78mlhjm38lymx99sqysvzx,2021-02-24 15:29:34,251,0,,,806.572181,641,0,0.000000,,806.572181,coordinated_like,emurgo+iog,5.35,False,True,False,False,True,False,False,True,DORMANT_2Y_PLUS,LOW
stake1u80mjvckc77j4fjj7qphgstf4gwnd9sfsr0sn5x6efk6pscu37yhw,8,6,4373.295417,2021-02-11 09:22:49,2022-02-24 02:46:46,2021-02-26 12:53:24,f,0,,,,0,,,0.000000,,0,0.000000,,0.000000,coordinated_like,emurgo+iog,5.35,False,True,False,False,False,False,False,True,DORMANT_2Y_PLUS,LOW
stake1u9vus8tscya5zls0c79p25yn3ve2vpjnhndknaqwn8xytxsjxhwna,68,42,4362.463783,2021-02-26 15:46:16,2026-02-14 14:56:28,2026-02-14 14:56:28,t,4,pool1lskcfz80qg2kr2p6776kl9emjn8ulkqsqse7um7skz4y2lwa0cu,2022-03-16 20:48:46,328,1,drep13d6sxkyz6st9h65qqrzd8ukpywhr8swe9f6357qntgjqye0gttd,2026-02-14 14:55:13,617.279375,641,3,584.455479,2026-02-14 14:56:28,32.823896,coordinated_like,iog,0.38,False,False,True,True,False,False,False,True,ACTIVE_MANAGED,MEDIUM
stake1uxqdndfwa57n8gja368ukp8meuf5325yhvdk6jzvqq39glqd8qvrk,19,7,4360.644556,2020-11-12 07:44:51,2024-11-18 18:33:35,2024-11-18 18:33:35,t,2,pool1ksazs9mzcuyr3mfrvw48dc5wkgsjceztakymmv7jpxle7l2nfs0,2020-11-12 08:47:53,231,1,drep_always_abstain,2024-11-18 18:31:33,524.247989,528,6,522.987369,2024-11-18 18:33:35,1.260620,probable_retained_like,emurgo+iog,1.62,False,False,True,False,False,False,False,True,MIXED,MEDIUM
stake1uxjlc8mpfqgyphykvcw6sr5pjk3h8cewvdch3w9me5hqnxgjfev46,5,5,4355.575427,2021-03-01 10:28:23,2021-03-01 19:48:01,,f,0,,,,0,,,0.000000,,0,0.000000,,0.000000,coordinated_like,emurgo+iog,5.34,True,True,False,False,False,False,False,True,NEVER_SPENT_COLD,LOW
stake1uxq05g0jaj4fde57uua3q4j62u2508z75qgdq9qz0kmxnace0p4yz,3,3,4304.826561,2021-03-15 05:17:39,2021-04-20 02:16:42,,f,0,,,,0,,,0.000000,,0,0.000000,,0.000000,coordinated_like,emurgo+iog,5.30,True,True,False,False,False,False,False,True,NEVER_SPENT_COLD,LOW
stake1uxhmvtsw08emvxru0kprvxfskjgjgtkcn90709qjus3vnysjkunee,22,18,4276.090283,2021-02-09 16:17:04,2023-12-08 14:32:29,2023-12-08 14:32:29,t,1,pool1druxd2syfrvqvepxh60fz0qhralcesruphh5atujuh0jktjy0ma,2021-02-18 15:52:15,250,0,,,565.354776,641,0,0.000000,,565.354776,coordinated_like,emurgo+iog,2.57,False,True,False,False,True,False,False,True,DORMANT_2Y_PLUS,LOW
stake1u8yl5tdusxr4mzxx3e3swng9cng8j246jvx9elkt9943q8cvjxgct,13,10,4258.929726,2021-02-27 10:41:59,2024-12-07 18:27:44,2024-11-16 11:12:48,t,1,pool1ukeqarukv9gxwy9pt8jkr4qvad2yf87758g3xzemmvmtk8lrynp,2021-02-27 10:46:17,252,1,drep_always_abstain,2024-11-15 19:33:36,471.031734,641,1,305.737505,2024-11-16 11:12:48,165.294229,high_confidence_retained_like,emurgo+iog,1.63,False,False,True,False,False,False,False,True,MIXED,MEDIUM
stake1uxre4kcvsrcwddsmd8rmzy0ecuelmhnw5g4u75vh4er7upcxfdzqa,11,3,4252.522127,2021-02-20 16:39:05,2023-02-12 21:51:10,2023-02-12 21:51:10,t,1,pool1vx9tzlkgafernd9vpjpxkenutx2gncj4yn88fpq69823qlwcqrt,2021-02-20 17:03:11,251,0,,,734.832316,641,7,321.040295,2023-02-12 21:51:10,413.792021,coordinated_like,emurgo+iog,3.39,False,True,False,False,False,False,False,True,DORMANT_2Y_PLUS,LOW
stake1u9cunxg8fhs30yjupz086rz0upqv65dzurg79ez3m588cws07xg4c,21,17,4174.953465,2021-02-18 16:28:15,2026-06-27 09:15:26,2026-06-27 09:15:26,t,1,pool147en6w8f9cplnn5x7qt4ese7fpacmmcwuffrtu0yqxpaz4agppr,2021-02-19 10:37:30,250,1,drep_always_abstain,2026-06-27 09:12:50,392.343621,641,2,390.509839,2026-06-27 09:15:26,1.833782,coordinated_like,emurgo+iog,0.02,False,False,True,True,False,False,False,True,ACTIVE_MANAGED,MEDIUM
stake1u9zh3hqfcj6tvy38f6wj92064pxnms0dtyg8utt48mnpnaqpxgmxp,8,7,4165.341443,2021-03-08 19:03:19,2021-05-23 12:11:08,2021-03-08 19:54:06,t,1,pool14zdcvdec8qmqzsat5wg3a2h9f0u5yzrgjew534z8u3gs5durnjz,2021-03-08 19:54:06,254,0,,,724.068476,641,0,0.000000,,724.068476,coordinated_like,emurgo+iog,5.32,False,True,False,False,True,False,False,True,DORMANT_2Y_PLUS,LOW
stake1u9hfs2uexrtflp9qkwa3fhjludlxtn4a907sp8ykk9grwrgzx0h2y,9,8,4148.075213,2021-02-21 14:11:16,2021-10-10 16:12:25,2021-05-28 07:29:06,t,1,pool108zdflss3ayqlm5c7vr6mtqj2uwl99vk28ur8dv4zswdzt6yauc,2021-05-28 07:29:06,270,0,,,704.141847,641,0,0.000000,,704.141847,coordinated_like,emurgo+iog,5.10,False,True,False,False,True,False,False,True,DORMANT_2Y_PLUS,LOW
stake1u946dnrddrxst7vnn2zjzu9m2uppax5xz7spvqnx68qkuvg4r868k,8,8,4126.485226,2021-03-04 11:35:23,2021-04-17 13:15:53,,f,0,,,,0,,,0.000000,,0,0.000000,,0.000000,coordinated_like,emurgo+iog,5.33,True,True,False,False,False,False,False,True,NEVER_SPENT_COLD,LOW
stake1u9f78pxwcngwsjdry6qlqn785nhhalp4e59yqk8g9rkggsq0xphvz,17,14,4115.462814,2021-03-15 06:23:38,2022-02-09 11:32:27,2021-03-16 20:56:09,t,3,pool1s6se64qce5rjjjhh6ufcdnc54p8qg78mlhjm38lymx99sqysvzx,2021-03-16 20:56:09,255,0,,,657.481639,641,0,0.000000,,657.481639,coordinated_like,emurgo+iog,5.30,False,True,False,False,True,False,False,True,DORMANT_2Y_PLUS,LOW
stake1uxeud6mmf3g6wkdt8h005pfpyewc7n2xxc8ck79rdv3wa9sp9wadt,9,8,4041.751569,2021-03-04 21:24:18,2021-08-22 21:12:36,2021-03-04 21:30:24,t,1,pool1aqg6fvhcaulvss2ruvpx6ur9vj7pejvdcxv6xp0qlwuwx94evf0,2021-03-04 21:30:24,253,0,,,681.529323,641,0,0.000000,,681.529323,coordinated_like,emurgo+iog,5.33,False,True,False,False,True,False,False,True,DORMANT_2Y_PLUS,LOW
stake1u8vn7ze0yncswcd9cuzlcz0a3k6m0xhlhx6xes4anj4tdvcx8rru9,12,10,4041.732431,2021-03-02 03:10:42,2023-12-26 21:00:42,2023-12-26 21:00:42,t,2,pool1tpy5yawzpetcverves0h6xdycxgrstehfvrkygydt9jcqxwpw3j,2023-12-26 21:00:42,458,0,,,526.841710,641,0,0.000000,,526.841710,coordinated_like,emurgo+iog,2.52,False,True,False,False,True,False,False,True,DORMANT_2Y_PLUS,LOW
stake1u8j6q6n488s9626yzyy6hpamwsmd9ap5d8tuns256r62juqxlffa7,12,5,4000.365096,2020-08-21 11:54:01,2025-12-02 13:01:42,2025-06-17 09:22:04,t,1,pool1qqqqdktl6pq46td0mwut0qn30g7nlue0sete9wxl0hwsq37wrw8,2020-08-21 12:00:41,214,1,drep1hsy55c300sxskmq0vssqgp8uahwhcdnxxevzysmd7gzmcgzgzsu,2025-06-17 09:22:04,872.794549,641,2,94.784994,2021-02-26 22:44:18,778.009555,probable_retained_like,emurgo+iog,1.04,False,False,True,False,False,False,False,True,MIXED,MEDIUM
stake1u90ugu5k79f6w8k77vrmt5gu9jemxjqmyyyavr6njrymhtqmftkjz,9,6,3998.825699,2021-02-25 18:55:03,2021-05-19 07:37:15,2021-05-19 07:37:15,t,1,pool1zn9hjcmfddhcp2aj9xxuvz7z40rasyatkgavr8ryyz72qdfwtrj,2021-05-19 07:37:15,268,0,,,682.323286,641,0,0.000000,,682.323286,coordinated_like,emurgo+iog,5.12,False,True,False,False,True,False,False,True,DORMANT_2Y_PLUS,LOW
stake1uxk96atpnmeefldklfl465j79vk7y4ckq0emp9cmg62362gleqnkf,4,3,3955.725743,2021-03-07 17:01:07,2021-03-16 22:20:27,2021-03-07 17:18:08,t,1,pool1nhd907krga9dh69kf0jg4tl0764rravepy337gptvsknxyyx94k,2021-03-07 17:18:08,254,0,,,603.241778,641,0,0.000000,,603.241778,coordinated_like,emurgo+iog,5.32,False,True,False,False,True,False,False,True,DORMANT_2Y_PLUS,LOW
stake1u99jyuzrsj82uxqvpth2dn00926sn7r225jygmxsg20aufc8g99le,18,13,3933.134484,2021-02-24 20:25:37,2024-12-03 04:41:30,2024-12-03 04:41:30,t,4,pool1ahazpr2yz5gljk2m4q8g7wnmq7m2sr9unhdfmr5arhqrjnntwdz,2024-11-25 06:29:59,525,0,,,637.216592,641,0,0.000000,,637.216592,coordinated_like,emurgo+iog,1.58,False,False,True,False,True,False,False,True,MIXED,MEDIUM
stake1u8yn0wvvpkwc0q7ydvwj0w2t85wjc9w3a37uqg5zdn99gycfdte4t,22,6,3898.674912,2021-01-31 07:44:07,2024-12-03 01:50:27,2024-12-03 01:50:27,t,7,pool1ddg6t2h9kj6lqlec4ncjs945lzj43m3ggrgdhf5sgzhtygpkznz,2022-12-13 12:17:39,383,1,drep_always_abstain,2024-12-03 01:49:13,661.735509,641,3,510.467548,2024-12-03 01:50:27,151.267961,high_confidence_retained_like,emurgo+iog,1.58,False,False,True,False,False,False,False,True,MIXED,MEDIUM
stake1u9yeqlzvwxw6vuj3vkzt6kvxlx7k39tzkv66zt66067mchc7zjpek,16,9,3870.194939,2021-02-26 17:15:08,2021-07-28 12:47:52,2021-05-06 13:45:19,t,1,pool1qa6lqyu67ghpa0evxfu9nzqkj3h82qpfku82ec79zdwru4pd25m,2021-03-03 20:10:57,253,0,,,673.008361,641,6,3.249357,2021-05-06 13:45:19,669.759004,coordinated_like,emurgo+iog,5.16,False,True,False,False,False,False,False,True,DORMANT_2Y_PLUS,LOW
stake1u8wnp8q52ngfdlj5q6d2v65c88q0uv7jrz8ahy0qucxxwwg2y27na,89,48,3793.012611,2021-02-03 21:48:03,2024-02-15 14:27:04,2022-11-11 15:56:17,t,1,pool1qzlwlyu92fsx94qu6u5nw3sy334f5yat3dv3jgx0grrsv0kp422,2021-02-03 22:00:12,247,0,,,538.389098,641,0,0.000000,,538.389098,coordinated_like,emurgo+iog,3.64,False,True,False,False,True,False,False,True,DORMANT_2Y_PLUS,LOW
stake1u8zgu3e9nghkw56rz2uxmdadrjcag5vnedz7gjkkn8l7jhcwz20ls,10,8,3777.860630,2021-02-22 20:32:03,2021-05-20 09:55:04,2021-02-22 21:01:50,t,2,pool1vquhv3kh6xkklckaenl8alyuhfsld57ef5573aqauueyqacx4ak,2021-02-22 21:01:50,251,0,,,694.628978,641,0,0.000000,,694.628978,coordinated_like,emurgo+iog,5.36,False,True,False,False,True,False,False,True,DORMANT_2Y_PLUS,LOW
stake1ux93ja3thm96u56eajcup8en05dp8w5wzmwksdxumd8gjpqcf5vvx,8,4,3762.227284,2021-02-18 13:39:10,2021-08-20 05:19:32,2021-08-20 05:19:32,t,4,pool142xwjhpcvtp7tahpmn8tlnek7smefp9wn66z67j8vjpmjxqdg56,2021-08-20 05:19:32,287,0,,,702.456162,641,0,0.000000,,702.456162,coordinated_like,emurgo+iog,4.87,False,True,False,False,True,False,False,True,DORMANT_2Y_PLUS,LOW
stake1u9t09695te4259mpp3cqp2ltrxud4nuhrr69hsuyrjwn28qdcy0u7,4,3,3690.714863,2021-02-26 09:31:01,2021-04-06 15:04:22,2021-02-26 09:34:32,t,1,pool1lvsa8e0dw6z8g2fkw7prnfa7627wuy5jjexaadck6w5sxw5xkvm,2021-02-26 09:34:32,252,0,,,696.597658,641,0,0.000000,,696.597658,coordinated_like,emurgo+iog,5.35,False,True,False,False,True,False,False,True,DORMANT_2Y_PLUS,LOW
stake1uyn6u2s794culutd83ccc30ky8fz5qszzlegnyt05nljumsjejhas,15,7,3665.318187,2021-02-16 21:41:29,2025-01-02 12:06:31,2025-01-02 12:06:31,t,1,pool1urgvu6zk422j4xwtxa45lzpd6dm25msfthpkezr042secrtuwzc,2021-11-23 23:52:03,306,1,drep_always_abstain,2025-01-02 12:06:31,475.354909,641,5,348.697328,2025-01-02 12:06:31,126.657581,probable_retained_like,emurgo+iog,1.50,False,False,True,False,False,False,False,True,MIXED,MEDIUM
stake1ux396ew8rvxyt9malcv0j9gfc4rdczs0lnew04k6ew6vd2c2u859d,16,15,3592.315568,2021-02-18 06:15:56,2021-04-25 04:58:53,2021-02-18 06:23:44,t,1,pool19ht066hngsjfnv3mfsc8u9fgzl4w5qcrmh8l6zppwph6s2t7jn4,2021-02-18 06:23:44,250,0,,,579.323513,641,0,0.000000,,579.323513,coordinated_like,emurgo+iog,5.37,False,True,False,False,True,False,False,True,DORMANT_2Y_PLUS,LOW
stake1uy9ka3u6sxae27c0u37cn470tyhd54z7zfke9pyas4kfgfs0zse35,10,7,3579.709591,2021-01-24 11:13:05,2024-11-19 18:19:53,2024-11-19 18:19:53,t,3,pool14cq4fchmmqjygwjw4zexmqqd6a7caxptjnvseyu6wanjuppv4vk,2024-11-19 18:19:53,524,1,drep_always_abstain,2024-11-19 18:19:53,616.687407,641,0,0.000000,,616.687407,probable_retained_like,emurgo+iog,1.62,False,False,True,False,True,False,False,True,MIXED,MEDIUM
stake1uxu5826eapuxgtc65l8u6nyshvurwupmcju0lvhmf4wxfhq9f94tx,6,5,3556.238867,2021-02-17 09:04:06,2021-03-16 18:20:33,2021-02-17 09:10:09,t,1,pool1lskcfz80qg2kr2p6776kl9emjn8ulkqsqse7um7skz4y2lwa0cu,2021-02-17 09:10:09,250,0,,,696.414980,641,0,0.000000,,696.414980,coordinated_like,emurgo+iog,5.37,False,True,False,False,True,False,False,True,DORMANT_2Y_PLUS,LOW
stake1u898vdmj09syd9yj6avfkncj8gze8xlvh5a63lv20gdwgfsk2apq2,17,12,3538.975094,2021-02-13 05:22:22,2021-09-29 09:17:25,2021-09-28 23:18:45,t,1,pool1lqucyxuvjktfmpf7fd28j54cfgamyrxed344vnwlm9wqkwjeqwk,2021-02-13 12:51:24,249,0,,,603.271495,641,0,0.000000,,603.271495,coordinated_like,emurgo+iog,4.76,False,True,False,False,True,False,False,True,DORMANT_2Y_PLUS,LOW
stake1u84v03qkpy4045emgvxlydpkj2mv36mfyp5882sch9qrwdcftjxkp,7,7,3530.928424,2021-02-19 01:22:37,2022-07-01 19:26:50,,f,0,,,,0,,,0.000000,,0,0.000000,,0.000000,coordinated_like,emurgo+iog,5.37,True,True,False,False,False,False,False,True,NEVER_SPENT_COLD,LOW
stake1u9rzvxnkff8fwahxafu5aud5rcqpfje9k9dxkde4yqmem6qycjmug,53,38,3527.528755,2021-01-11 12:10:28,2024-10-21 10:41:53,2024-10-21 10:41:53,t,3,pool1pnzwgsgzd6t4788sfr7dxjyusepyq9xaxnpyfcngewqf29t9ayd,2021-01-25 12:53:34,245,0,,,602.138006,641,0,0.000000,,602.138006,coordinated_like,emurgo+iog,1.70,False,False,False,False,True,False,False,True,MIXED,LOW
stake1uylww9cg4vnuqs5xjvlxtvlwzlqge8hjmklyujlpd34w96c58sfxm,21,10,3524.249766,2021-02-17 13:18:59,2024-03-07 02:01:46,2024-03-07 02:00:49,t,7,pool1cspe7naf0mtntwyysqxk6czah3jlh6v4cja8pdfju932yxsehnm,2023-02-16 02:14:01,396,0,,,578.847282,641,0,0.000000,,578.847282,coordinated_like,emurgo+iog,2.32,False,True,False,False,True,False,False,True,DORMANT_2Y_PLUS,LOW
stake1uxa20zlgsvq2sdcnzplqfz7r0xfrtxxjn0jytqz4ded8n7sp605x0,2,2,3517.302415,2021-05-04 16:53:13,2021-05-04 17:50:56,,f,0,,,,0,,,0.000000,,0,0.000000,,0.000000,coordinated_like,emurgo+iog,5.16,True,True,False,False,False,False,False,True,NEVER_SPENT_COLD,LOW
stake1uxvernmak0fsdg4s3z0swaal635d7vc09xjzzucjdsnre7gllw95f,5,4,3504.702808,2021-03-06 15:13:11,2021-03-12 08:34:09,2021-03-06 15:28:03,t,1,pool16hs0jxw7h6pwg3ru7rcq3yvg4csj7lhmcpj68kqem2sh5nt8mwk,2021-03-06 15:28:03,253,0,,,637.189526,641,0,0.000000,,637.189526,coordinated_like,emurgo+iog,5.33,False,True,False,False,True,False,False,True,DORMANT_2Y_PLUS,LOW
stake1uxv2thvtk22nr8vkc80m5ady73xpfxmt547na48tjxf2eqgpf2em7,5,5,3497.484251,2021-02-20 12:15:21,2021-05-25 14:21:36,,f,0,,,,0,,,0.000000,,0,0.000000,,0.000000,coordinated_like,emurgo+iog,5.36,True,True,False,False,False,False,False,True,NEVER_SPENT_COLD,LOW
stake1ux8uc0gflwuyx38tfqwzrzrpr50nka670n84lr9644yfx4cp4rtem,3,3,3469.451292,2021-02-25 22:38:20,2021-03-04 22:24:20,,f,0,,,,0,,,0.000000,,0,0.000000,,0.000000,coordinated_like,emurgo+iog,5.35,True,True,False,False,False,False,False,True,NEVER_SPENT_COLD,LOW
stake1uypda62yl3fe3235gxa7qn9nwkdlrwv55raa3m7n8a6cylqsg8pn9,8,4,3459.793543,2021-01-06 23:45:16,2026-06-23 21:12:12,2026-06-23 21:12:12,t,2,pool1psk0c2p7pwactw00nkzjexdw0msn7g8nddc06eyvds6yswr3tjg,2022-01-14 10:52:48,316,1,drep_always_abstain,2026-06-23 21:12:12,615.805103,641,1,149.705795,2021-12-17 11:27:18,466.099308,coordinated_like,emurgo+iog,0.03,False,False,True,True,False,False,False,True,ACTIVE_MANAGED,MEDIUM
stake1uxzy5h9s7vu6swdlnpsq66vj8q20yj4jrryqwt4lx43etzcsydyry,6,6,3458.142907,2021-03-10 17:28:11,2024-11-30 15:25:40,,f,0,,,,0,,,0.000000,,0,0.000000,,0.000000,coordinated_like,emurgo+iog,5.31,True,True,False,False,False,False,False,True,NEVER_SPENT_COLD,LOW
stake1uxtfp9s8v47vcq3ue9hdasmgpvy05hnsgrr09pzvu04js9ceyc8sy,9,8,3449.825567,2021-02-22 15:00:13,2022-05-25 11:27:03,2021-02-22 15:08:31,t,1,pool189lsf6c2upyhmrzddyvyfjxxkqnte9pw8aqx7f4cuf85sjxlm02,2021-02-22 15:08:31,251,0,,,639.425114,641,0,0.000000,,639.425114,coordinated_like,emurgo+iog,5.36,False,True,False,False,True,False,False,True,DORMANT_2Y_PLUS,LOW
stake1ux83005pn2vmye2qxacyjzr8mgr8ljs493uwfnu27qskqqqejkasa,18,10,3445.859262,2021-02-21 19:04:27,2026-03-21 09:39:59,2026-03-21 08:45:05,t,1,pool19f6guwy97mmnxg9dz65rxyj8hq07qxud886hamyu4fgfz7dj9gl,2021-02-24 19:57:54,251,1,drep1qe2l8gw8v7ydswfp9twytxcc3wzwdq8npt55f3vnlgv2u8sx3nt,2026-03-19 12:47:11,356.899164,641,1,335.580826,2026-03-19 13:01:52,21.318338,high_confidence_retained_like,emurgo+iog,0.29,False,False,True,True,False,False,False,True,ACTIVE_MANAGED,MEDIUM
stake1uxxqa3tp8rxscp3u6s8vtys6fuhfl7vrqkrvnte9lwya8fg2eferm,23,16,3439.685833,2021-02-18 22:47:44,2022-03-26 14:58:24,2022-03-26 14:58:24,t,3,pool1aqg6fvhcaulvss2ruvpx6ur9vj7pejvdcxv6xp0qlwuwx94evf0,2022-02-16 08:00:26,323,0,,,585.299517,641,2,133.086946,2022-03-26 14:51:20,452.212571,coordinated_like,emurgo+iog,4.27,False,True,False,False,False,False,False,True,DORMANT_2Y_PLUS,LOW
stake1u9ed5zr3adjlvkegqyjm2fsyrr9aqxy94dtvqvvy0sgsx9q2dnrwp,2,2,3418.576000,2021-03-10 17:18:11,2021-03-26 10:27:04,,f,0,,,,0,,,0.000000,,0,0.000000,,0.000000,coordinated_like,emurgo+iog,5.31,True,True,False,False,False,False,False,True,NEVER_SPENT_COLD,LOW
stake1u80344yyve9ga8qvkrpjmmw49cj6vjz5l8aknt5l5xauajgvtgtmw,13,8,3409.763700,2021-02-11 11:11:27,2022-11-18 12:05:22,2022-11-18 12:05:22,t,3,pool14zdcvdec8qmqzsat5wg3a2h9f0u5yzrgjew534z8u3gs5durnjz,2021-03-01 23:38:21,253,0,,,609.756413,641,0,0.000000,,609.756413,coordinated_like,emurgo+iog,3.62,False,True,False,False,True,False,False,True,DORMANT_2Y_PLUS,LOW
stake1uytaftcp45d4qt56yuc98mzd4j3807vctl6yw3qkdlkn5kqtyech4,41,28,3405.401847,2020-10-14 23:30:28,2024-11-23 19:40:08,2024-11-23 19:40:08,t,6,pool19r8kcmqpajlm6h5q0lv8jye0q7evdur39wfsgs4z98fcqpz9lct,2020-12-03 03:33:26,235,0,,,672.215948,641,1,90.344929,2021-05-10 01:41:49,581.871019,coordinated_like,emurgo+iog,1.61,False,False,False,False,False,False,False,True,MIXED,LOW
stake1uxen7t28ynmsx6ul6nvm6ts6rkd73d3qvehvnyw70v4x0sqfnnhce,17,12,3336.885636,2021-02-11 19:00:54,2024-09-08 13:27:03,2024-09-08 13:27:03,t,5,pool1gtphgrdj8sluxm9e7ca2spcwcq2p0dxj9zf5v0yv3gsagzq704n,2024-09-08 13:27:03,510,1,drep_always_abstain,2024-09-08 13:27:03,622.755094,641,0,0.000000,,622.755094,high_confidence_retained_like,emurgo+iog,1.82,False,False,True,False,True,False,False,True,MIXED,MEDIUM
stake1u8zh3kwcj0zl5x9x85l0teyd579ghzh9547jx2t6xd5vhncwng6fy,8,7,3330.761689,2021-01-08 17:26:18,2021-03-01 07:51:31,2021-01-08 20:43:11,t,1,pool1ty7lh3nvtwxlcpqg2x30fkr3j9ys6nprztr9m4zp3aajxyjk2vz,2021-01-08 20:43:11,242,0,,,611.416221,641,0,0.000000,,611.416221,coordinated_like,emurgo+iog,5.48,False,True,False,False,True,False,False,True,DORMANT_2Y_PLUS,LOW
stake1u94dufmu068ppc2clr6emem2j92fj39esz8ypey9kszfavgqe99l9,32,14,3330.068696,2021-03-03 09:00:05,2026-04-22 07:26:06,2026-04-22 07:19:04,t,4,pool1pf6yhzdr9vpct5rc3dtwersl4lyuglp80l4jc67kf2qj29xjg2u,2022-05-11 12:43:19,340,1,drep1qe2l8gw8v7ydswfp9twytxcc3wzwdq8npt55f3vnlgv2u8sx3nt,2025-05-27 02:35:46,263.955347,636,2,267.851154,2026-04-22 07:19:04,-3.895807,coordinated_like,iog,0.20,False,False,True,True,False,False,False,True,ACTIVE_MANAGED,MEDIUM
stake1u8n49qnjmyghdq7sk5wxktp2nr7haz8c3fu8gu0l7vk98xswwxmhl,7,7,3215.082977,2021-02-26 03:05:49,2021-04-16 17:47:02,,f,0,,,,0,,,0.000000,,0,0.000000,,0.000000,coordinated_like,emurgo+iog,5.35,True,True,False,False,False,False,False,True,NEVER_SPENT_COLD,LOW
stake1ux40jx2pncymjdunvg369tz2feh5dw8ncghwgdrws2e6veqakww7w,10,10,3162.000000,2021-05-17 12:47:43,2022-01-25 01:07:47,,f,0,,,,0,,,0.000000,,0,0.000000,,0.000000,coordinated_like,emurgo+iog,5.13,True,True,False,False,False,False,False,True,NEVER_SPENT_COLD,LOW
stake1u9ufzrdgacv399tqle8wuef4lqxu0ujyydj35chgnrptyqctunej6,25,18,3160.892399,2021-02-28 03:47:59,2024-11-23 00:05:31,2024-11-23 00:05:31,f,1,pool1s6se64qce5rjjjhh6ufcdnc54p8qg78mlhjm38lymx99sqysvzx,2021-02-28 04:07:13,252,1,drep_always_abstain,2024-11-08 18:27:54,385.653361,523,1,385.653361,2024-11-22 23:23:00,0.000000,probable_retained_like,emurgo+iog,1.61,False,False,True,False,False,False,False,True,MIXED,MEDIUM
stake1uyzycqcgtq4qzj79xxpswc4xz5pvfkeaucsf2dpvghfcwvs4z4r3r,9,8,3157.640480,2021-02-16 12:52:59,2022-05-15 11:18:12,2021-02-16 13:09:19,t,1,pool1ukeqarukv9gxwy9pt8jkr4qvad2yf87758g3xzemmvmtk8lrynp,2021-02-16 13:09:19,250,0,,,583.011444,641,0,0.000000,,583.011444,coordinated_like,emurgo+iog,5.37,False,True,False,False,True,False,False,True,DORMANT_2Y_PLUS,LOW
stake1uyeua0rukm94ge0z22xkamldmn07cft2qlzkgc56khw6j5gx46jp6,8,5,3156.681056,2021-03-07 18:06:53,2021-04-07 10:22:00,2021-04-07 10:22:00,f,1,pool106p2jjwuwagq2as7cdzx4y6cyc2pdj7a3h3vv5cvkvnskegff3w,2021-03-07 18:43:28,254,0,,,6.905539,258,1,6.905539,2021-04-07 10:20:56,0.000000,coordinated_like,emurgo+iog,5.24,False,True,False,False,False,False,False,True,DORMANT_2Y_PLUS,LOW
stake1ux4juuzlaa8pacghlhvtke7uye7v8mzdrx69nvckufycc2gwy288a,11,7,3153.661818,2021-03-03 22:18:38,2026-02-02 17:07:00,2026-02-02 17:07:00,t,1,pool1jeu74g86ys4fekhykqcww99kdsq3nlym8a6kfw8s8ff3vskad70,2021-04-27 08:41:46,264,1,drep_always_abstain,2026-02-02 17:02:23,467.669035,641,2,441.376939,2026-02-02 17:07:00,26.292096,probable_retained_like,emurgo+iog,0.41,False,False,True,True,False,False,False,True,ACTIVE_MANAGED,MEDIUM
stake1u9wfyh00ka7zfqf0x3qgek6zux34duzyx9pkx8j58jd27es5v65ds,17,13,3121.143246,2021-02-22 17:08:07,2024-11-15 22:30:57,2024-11-15 22:30:57,t,1,pool1uq8l234306m76unyz8kuwnkvmtvazaks6vuvyx3a3khngavvcw0,2021-02-22 17:27:18,251,1,drep1km69g7ksf8t5g0h9d9tkrcd2tezxelx0wtr76rv2mrkl5nzd6v3,2024-11-15 22:28:24,271.982230,640,2,177.506592,2024-11-15 22:30:57,94.475638,coordinated_like,iog,1.63,False,False,True,False,False,False,False,True,MIXED,MEDIUM
stake1uxtxahv6a38czyyk9arzkdhvkqmmx2gl674n9tjrvqttgyqs4vs0e,12,9,3092.471641,2021-03-03 04:49:14,2021-04-13 20:21:17,2021-03-03 20:47:04,f,0,,,,0,,,0.000000,,0,0.000000,,0.000000,coordinated_like,emurgo+iog,5.33,False,True,False,False,False,False,False,True,DORMANT_2Y_PLUS,LOW
stake1uxht9aq35sw0y7pvktnhstx00wptz56jg4sqm6l5gjgn62ctvhnj9,8,5,3086.270251,2021-02-03 16:42:49,2024-03-25 17:37:03,2024-03-25 17:37:03,t,3,pool1vev8z03vh7jwx3mfrgzrt9fltt97nupaxv8ffj4r5r8mgwts5ze,2024-03-25 17:37:03,476,0,,,504.884730,641,0,0.000000,,504.884730,coordinated_like,emurgo+iog,2.27,False,True,False,False,True,False,False,True,DORMANT_2Y_PLUS,LOW
stake1uxd38tw0jv3ltu24rg7q2ml742gmr80kpys3493p3k442yqrep6fc,20,17,3079.595825,2021-02-26 16:14:51,2021-12-04 15:48:48,2021-09-29 14:30:38,t,1,pool1pnzwgsgzd6t4788sfr7dxjyusepyq9xaxnpyfcngewqf29t9ayd,2021-02-26 16:35:49,252,0,,,495.369863,641,0,0.000000,,495.369863,coordinated_like,emurgo+iog,4.76,False,True,False,False,True,False,False,True,DORMANT_2Y_PLUS,LOW
stake1u8v7q9gxgj3eu7zlyjsm0ah036lzktfsqqk48q6kggy9ywgyhu294,15,11,3059.942205,2021-02-26 20:04:10,2023-08-13 05:04:59,2021-05-20 05:34:19,t,4,pool1wz27a9pvd2jat98s375lxaaj7qxy405km4vzp83wn5vtwp59kvh,2021-05-20 05:34:19,268,0,,,376.085009,641,0,0.000000,,376.085009,coordinated_like,emurgo+iog,5.12,False,True,False,False,True,False,False,True,DORMANT_2Y_PLUS,LOW
stake1u9k8x48klvcus4k8ssu6a77hruhfh5752ajmg33vdm4mrzs5rlnjw,28,19,3053.434186,2021-02-13 16:49:35,2025-08-14 14:01:39,2025-08-14 14:01:39,t,1,pool19w5khsnmu27au0kprw0kjm8jr7knneysj7lfkqvnu66hyz0jxsx,2021-02-14 17:08:11,249,1,drep13d6sxkyz6st9h65qqrzd8ukpywhr8swe9f6357qntgjqye0gttd,2025-08-14 07:21:28,777.555636,641,1,716.891963,2025-08-14 14:01:39,60.663673,high_confidence_retained_like,emurgo+iog,0.88,False,False,True,False,False,False,False,True,MIXED,MEDIUM
stake1u8w0agjgh6anjxm5vn0jg85ly659t4demey87ndspzzmwpc9gq079,18,16,3050.946388,2021-02-01 06:16:03,2023-11-19 00:32:35,2021-02-02 22:29:23,t,1,pool1zgxvcqf0dvh0ze56ev2ayjvuex3zdd3hgxzdrcezkx497mv3l7s,2021-02-02 22:29:23,247,0,,,400.211134,641,0,0.000000,,400.211134,coordinated_like,emurgo+iog,5.41,False,True,False,False,True,False,False,True,DORMANT_2Y_PLUS,LOW
stake1uyjn2d2gj25aqvwxpre3t7snu20fkrvpc2p6w578cexfzpg9zdp99,12,10,3047.340470,2021-02-25 20:25:29,2024-05-28 13:42:44,2021-03-03 18:39:07,t,2,pool1jeu74g86ys4fekhykqcww99kdsq3nlym8a6kfw8s8ff3vskad70,2021-03-03 18:39:07,253,0,,,534.531249,641,0,0.000000,,534.531249,coordinated_like,emurgo+iog,5.33,False,True,False,False,True,False,False,True,DORMANT_2Y_PLUS,LOW
stake1uyyetmzu38e0wpxsaqvd98fdm99pr70xn3sx53smw0pymps7e0qq6,16,4,3035.053904,2021-01-28 07:44:34,2025-08-14 21:21:27,2025-08-14 21:21:27,t,1,pool1f2wfjqkf2wx6jq93pdck6hgmy9zgw32lmvrq9zejl7scqxjqfze,2025-06-14 01:21:01,566,1,drep_always_abstain,2025-08-14 21:21:27,59.354515,641,0,0.000000,,59.354515,probable_retained_like,emurgo+iog,0.88,False,False,True,False,True,False,False,True,MIXED,MEDIUM
stake1u956jaxg5sad0440akdy8e32xu2cg4f4j6uku2vas5sk42sze0hnt,3,3,3030.369788,2021-04-01 05:32:49,2021-06-27 03:20:46,,f,0,,,,0,,,0.000000,,0,0.000000,,0.000000,coordinated_like,emurgo+iog,5.26,True,True,False,False,False,False,False,True,NEVER_SPENT_COLD,LOW
stake1u8h3gpcyhzhg9kfnv5dasesclufpplx4zqtq0s8tnr5yczg8tzcze,12,3,3028.727375,2021-04-04 13:07:50,2025-03-25 19:39:07,2025-03-25 19:39:07,t,1,pool1ywpt43nttzjd7883wafg255mh0hmjypwe65ercw6p2sxg5lt7ez,2021-04-10 15:24:49,260,1,drep_always_abstain,2025-03-25 19:38:03,455.905047,641,1,370.872075,2025-03-25 19:39:07,85.032972,coordinated_like,emurgo+iog,1.27,False,False,True,False,False,False,False,True,MIXED,MEDIUM
stake1uy56hv0pzts5t5llxshwh234n87p8d9klhkw0swmjf3rvfcnuwc73,11,10,3025.859352,2021-02-20 20:08:07,2022-04-23 12:40:11,2021-08-29 11:46:33,t,1,pool15mv5w2vvfv2kplkrt40ylylyvdudv5axq5nyw6ln3v0gkd2auew,2021-08-29 11:46:33,289,0,,,181.054428,629,0,0.000000,,181.054428,coordinated_like,emurgo+iog,4.84,False,True,False,False,True,False,False,True,DORMANT_2Y_PLUS,LOW
stake1u9nyzlljcljsualrmh6uqxtxwl6sdcxl6303ewehjer7f6s7ka6wv,62,35,3014.849947,2021-02-15 22:20:28,2025-09-29 04:05:30,2025-09-29 04:05:30,t,2,pool1sjwdmeme5zs042jzwmdvxshhv27kepxke0mr02f2yzacsyd4wtu,2021-03-29 21:57:05,258,0,,,427.558497,641,0,0.000000,,427.558497,coordinated_like,emurgo+iog,0.76,False,False,False,False,True,False,False,True,MIXED,LOW
stake1ux2x777ggp30ghdtkn8whtxl5fk0y6l5wzy7mj52c6fj8eswuxppz,9,7,3003.356931,2020-12-26 23:33:06,2025-09-21 20:52:38,2025-09-21 20:52:38,t,1,pool1lhz4gsk5ezdl5s4mv2kxgrkhzzhad6me2v0xmwuyt845vensdlc,2020-12-26 23:40:28,240,1,drep1mkmnzmtlflcadyyy7g6ju3sn9ppcrut5wn73x00mfwmw642g5qy,2025-09-21 20:52:38,597.461191,641,0,0.000000,,597.461191,probable_retained_like,emurgo+iog,0.78,False,False,True,False,True,False,False,True,MIXED,MEDIUM
stake1ux7e0xxcl95ry5jwv6996u4kj6tlwekng4lhkag7lv755ms5j5j30,28,8,3001.453566,2021-02-10 21:18:52,2026-02-03 00:59:06,2024-04-24 16:52:00,t,3,pool1z7n2ruhmxmv77f6cqhd3wsy6774h2wuay77agxuf2y9mj8q55vw,2022-03-26 10:05:44,330,0,,,822.152552,641,2,627.485985,2024-03-05 07:21:29,194.666567,coordinated_like,emurgo+iog,2.19,False,True,False,False,False,False,False,True,DORMANT_2Y_PLUS,LOW
stake1ux3hv20m8245pacq6mt8tusp8dx0jjq2phlp9zhlv3whjrgd75xlf,9,6,2998.578565,2021-03-08 06:11:31,2024-11-12 12:54:17,2024-11-12 12:54:17,t,2,pool1gpz25s2aasmqnh9tg8a2rxmyxuvmj5s779htxk295e9ajnzjflc,2021-03-10 12:29:04,254,0,,,392.772683,640,0,0.000000,,392.772683,coordinated_like,emurgo+iog,1.64,False,False,False,False,True,False,False,True,MIXED,LOW
stake1uxdra9a96x2kl8wuuwy3sgc96hjhpuszxmll7snanmufqjsr83nt3,7,4,2978.480221,2021-03-03 16:55:52,2021-03-13 18:58:41,2021-03-13 18:58:41,t,3,pool173mzegwuu0pjcrt60ekelzj5haqr8r5e4e0n45qh9jdz7xm5kh8,2021-03-13 18:58:41,255,0,,,554.042699,641,0,0.000000,,554.042699,coordinated_like,emurgo+iog,5.31,False,True,False,False,True,False,False,True,DORMANT_2Y_PLUS,LOW
stake1uy54rtefukw4qtn6yzhdjzvv0u3zp0yav6954ysuhf3puvgdzy2dd,8,5,2968.180036,2021-03-15 04:45:40,2025-05-19 04:12:59,2025-05-19 04:12:59,t,2,pool16jefdagcsgzyek9jytzfezx5ajvfkytjgghaps64hzz6uzkpc0e,2025-05-19 04:12:59,560,1,drep1qe2l8gw8v7ydswfp9twytxcc3wzwdq8npt55f3vnlgv2u8sx3nt,2025-05-19 03:30:29,491.642718,641,0,0.000000,,491.642718,coordinated_like,iog,1.12,False,False,True,False,True,False,False,True,MIXED,MEDIUM
stake1u8ncmvamuj0xksdsx4admcagkfr74y3vur795rt66jmrkxsw3lk8r,6,3,2965.632700,2021-03-14 18:54:31,2022-03-31 18:36:26,2022-03-31 18:36:26,f,0,,,,0,,,0.000000,,0,0.000000,,0.000000,coordinated_like,emurgo+iog,4.26,False,True,False,False,False,False,False,True,DORMANT_2Y_PLUS,LOW
stake1ux6qesrd0njcfdrje24wls30u43npx7qwzklhe34u2ufz3ckuparz,24,16,2954.249842,2021-03-09 17:26:24,2026-04-18 19:44:55,2026-04-18 19:44:55,t,3,pool17rjst78s67lvellg8s586rf076jxa3wnsdz730f4xk2zwuhrtej,2025-05-25 14:00:48,562,1,drep1qe2l8gw8v7ydswfp9twytxcc3wzwdq8npt55f3vnlgv2u8sx3nt,2026-02-06 20:13:02,397.133920,641,0,0.000000,,397.133920,high_confidence_retained_like,emurgo+iog,0.21,False,False,True,True,True,False,False,True,ACTIVE_MANAGED,MEDIUM
stake1u9l8mzpee06z50d62y29qf567vpkgncxp8uknma6t777zccneyuxe,16,12,2952.170833,2021-02-10 07:38:34,2024-11-12 04:46:17,2024-11-12 04:46:17,t,1,pool1pnzwgsgzd6t4788sfr7dxjyusepyq9xaxnpyfcngewqf29t9ayd,2021-02-10 08:16:23,249,1,drep_always_abstain,2024-11-12 04:44:45,426.140228,641,2,323.415473,2024-11-12 04:46:17,102.724755,high_confidence_retained_like,emurgo+iog,1.64,False,False,True,False,False,False,False,True,MIXED,MEDIUM
stake1u9c053pdya4dkn4rwa5ydzaysudhaan59jzx7qvu4tsrr7ca9pajj,14,5,2930.433799,2021-02-11 06:47:35,2023-12-04 14:18:15,2023-12-04 14:18:15,t,7,pool14enw2643rn9nn6yzv60jyz3hj4kxs0jvap87lkgsqykh508jxm6,2023-07-01 03:22:12,423,0,,,306.143384,641,2,208.667403,2023-12-04 14:18:15,97.475981,coordinated_like,emurgo+iog,2.58,False,True,False,False,False,False,False,True,DORMANT_2Y_PLUS,LOW
stake1u8er5v0eay43maqf6d2z3z8hh2nyzzlmu8j5uvp570mrsuggz2edy,5,4,2922.984863,2021-03-04 18:24:17,2021-04-03 11:49:32,2021-04-03 11:49:32,t,1,pool1fh4sh2telea0tfdy39h0drx6uq566yt9gf24edpz7335sclx39z,2021-04-03 11:49:32,259,0,,,506.958546,641,0,0.000000,,506.958546,coordinated_like,emurgo+iog,5.25,False,True,False,False,True,False,False,True,DORMANT_2Y_PLUS,LOW
stake1uykczp8mhv9v36ax944xd5vea02lq3ff7cc68jctj7uxpzsce70md,22,14,2913.953327,2021-03-14 16:39:02,2026-03-10 12:21:30,2026-03-10 12:21:30,t,3,pool13846y7q7tng3endxhet9qdcz5w0fjs09ytcye4dm5g54wmyqeqr,2022-09-11 09:51:51,364,1,drep1qe2l8gw8v7ydswfp9twytxcc3wzwdq8npt55f3vnlgv2u8sx3nt,2026-03-10 12:17:16,379.438890,641,2,358.953815,2026-03-10 12:21:30,20.485075,coordinated_like,iog,0.32,False,False,True,True,False,False,False,True,ACTIVE_MANAGED,MEDIUM
stake1u9kagtxzmh3mdgwewq5cetjqk3djx86q8xugxfu8ytw0ecgqkvwjp,10,6,2913.000528,2021-01-22 03:20:34,2022-02-26 06:43:28,2022-02-26 06:43:28,t,3,pool1jj2hvts3ryffy5txm7w0am3zt7s7sehdf8rrwfesjmr7shv0mgl,2022-02-26 06:43:28,325,0,,,493.430216,641,0,0.000000,,493.430216,coordinated_like,emurgo+iog,4.35,False,True,False,False,True,False,False,True,DORMANT_2Y_PLUS,LOW
stake1u8zswycjuc6uspgrtsk2jqk09h2wk8zmhtrrr7vrt5nq77sqxy8ee,7,6,2907.999543,2021-03-19 20:36:15,2021-05-21 19:44:35,2021-04-19 20:31:23,t,1,pool147en6w8f9cplnn5x7qt4ese7fpacmmcwuffrtu0yqxpaz4agppr,2021-04-19 20:31:23,262,0,,,496.667975,641,0,0.000000,,496.667975,coordinated_like,emurgo+iog,5.20,False,True,False,False,True,False,False,True,DORMANT_2Y_PLUS,LOW
stake1u8uhs075mg7w4zkph6lhu6wq5ahjkv477rq9vuua7kcsmrsmwx4ly,6,4,2900.305512,2021-03-06 11:33:39,2025-12-14 15:59:22,2025-12-14 15:46:04,t,2,pool1sysgx87cwxnqy0pqn8g97gdhd0dmre9rw3jvpn2k7apuwa7cgkn,2025-12-14 15:46:04,602,1,drep1ectemlv45xsnvenfgkhwsxncfvxev4qllj7x5w6vlfc7kmd9zcs,2025-12-14 15:46:04,359.526165,641,0,0.000000,,359.526165,high_confidence_retained_like,emurgo+iog,0.55,False,False,True,False,True,False,False,True,MIXED,MEDIUM
stake1u9u8rquk7y5wqvqh3q00ths9s9c8dlhrceqhxty6dkmws4sdqapgu,5,5,2891.060000,2021-03-03 06:02:36,2021-06-16 12:03:42,,f,0,,,,0,,,0.000000,,0,0.000000,,0.000000,coordinated_like,emurgo+iog,5.33,True,True,False,False,False,False,False,True,NEVER_SPENT_COLD,LOW
stake1u9cez0guj9262m9msdnr2lxp22sewmnsv48h3edetau4f2gl47qhn,16,12,2887.680761,2021-02-23 01:08:26,2024-04-04 18:46:47,2022-05-13 16:22:45,t,3,pool14zdcvdec8qmqzsat5wg3a2h9f0u5yzrgjew534z8u3gs5durnjz,2021-03-21 20:13:51,256,0,,,358.404828,641,1,80.377048,2022-05-13 16:22:45,278.027780,coordinated_like,emurgo+iog,4.14,False,True,False,False,False,False,False,True,DORMANT_2Y_PLUS,LOW
stake1ux8jmf0vngpeaau3654p3g7km873hxz5nglfhzkefuvlknqr2schj,30,25,2881.532544,2021-02-14 17:29:37,2026-03-08 13:45:42,2024-04-07 16:36:07,t,4,pool1cn0dqtplwf67fds40hgkf0u5rm4q4azev5qutmgkw5hdyvue2ue,2021-12-25 23:44:33,312,0,,,269.988760,641,1,148.751289,2024-04-07 16:36:07,121.237471,coordinated_like,emurgo+iog,2.24,False,True,False,False,False,False,False,True,DORMANT_2Y_PLUS,LOW
stake1u9l40exlhjru3nkw3zkqmzfxtzzst4s9m48gmrlxzmq455sta0h2z,13,8,2838.195022,2021-02-10 14:52:32,2021-05-19 22:48:15,2021-03-12 06:21:15,t,3,pool173mzegwuu0pjcrt60ekelzj5haqr8r5e4e0n45qh9jdz7xm5kh8,2021-03-12 06:21:15,255,0,,,511.928200,641,0,0.000000,,511.928200,coordinated_like,emurgo+iog,5.31,False,True,False,False,True,False,False,True,DORMANT_2Y_PLUS,LOW
stake1u9ydlu8crvj796qmhh5dlavguzhvg4drp6u2ds5pkv5vq4cckdfjr,9,8,2834.664210,2021-02-17 01:34:03,2024-05-28 13:46:59,2021-02-17 23:30:08,t,1,pool1jeu74g86ys4fekhykqcww99kdsq3nlym8a6kfw8s8ff3vskad70,2021-02-17 23:30:08,250,0,,,505.227758,641,0,0.000000,,505.227758,coordinated_like,emurgo+iog,5.37,False,True,False,False,True,False,False,True,DORMANT_2Y_PLUS,LOW
stake1u90g0q7txw0h6c9umcaywh6pu4kk57u47msdvpradxwpfss9ke5rz,13,11,2831.803644,2021-01-01 21:54:51,2024-12-06 02:37:29,2024-12-06 02:37:29,t,2,pool1tdvqgy6mq7lx7d345e276xmgmhh3s4zj8dzu6xzq5m7rx4tzkg2,2024-12-06 02:37:29,528,1,drep_always_abstain,2024-12-06 02:37:29,427.155309,641,0,0.000000,,427.155309,coordinated_like,emurgo+iog,1.57,False,False,True,False,True,False,False,True,MIXED,MEDIUM
stake1uys2atqvl4d7wrk9706rvhkecg2nety87a2t3l4sufknzvcfduwxe,25,12,2765.507764,2021-01-26 08:20:44,2024-11-10 20:23:09,2024-11-10 20:23:09,t,3,pool1djg8jsygtculv3q2qdrxtnpxfq003pdxcvlw2pvfupq7jm5xpgp,2021-09-19 05:54:30,293,1,drep_always_abstain,2024-11-10 20:23:09,364.715905,641,0,0.000000,,364.715905,probable_retained_like,emurgo+iog,1.64,False,False,True,False,True,False,False,True,MIXED,MEDIUM
stake1u9yepdje4q0u8lzz8p5wgcff7h0nhj0clakhwwl5dsp957s47rl2t,7,3,2731.766556,2021-03-01 09:18:02,2021-03-17 00:46:05,2021-03-17 00:46:05,t,4,pool1pnzwgsgzd6t4788sfr7dxjyusepyq9xaxnpyfcngewqf29t9ayd,2021-03-17 00:46:05,256,0,,,455.037095,641,0,0.000000,,455.037095,coordinated_like,emurgo+iog,5.30,False,True,False,False,True,False,False,True,DORMANT_2Y_PLUS,LOW
stake1u8ms8yla03qryazgu8fd8jufm9fasd8k33cp65vf5j9xk3qu2z2rt,7,6,2714.831914,2021-02-07 12:13:02,2021-05-18 05:49:45,2021-02-12 07:18:57,t,1,pool1fyp482ntshhm9zfz4nv7pmsaeakscf5mnuzcxuvtqf6t56fc7l0,2021-02-12 07:18:57,249,0,,,469.077236,641,0,0.000000,,469.077236,coordinated_like,emurgo+iog,5.39,False,True,False,False,True,False,False,True,DORMANT_2Y_PLUS,LOW
stake1uys0uxzypn5ztcs7njfpnalxzpa0xmjl2n3wt0duucjnv9g0qr5pl,8,7,2705.463233,2021-02-24 08:41:31,2021-09-28 23:46:17,2021-02-24 19:49:00,t,1,pool14wk2m2af7y4gk5uzlsmsunn7d9ppldvcxxa5an9r5ywek8330fg,2021-02-24 19:49:00,251,0,,,470.393013,641,0,0.000000,,470.393013,coordinated_like,emurgo+iog,5.35,False,True,False,False,True,False,False,True,DORMANT_2Y_PLUS,LOW
stake1ux6lsepqqcss2sj768xzucq27wmczkplxt4pz50q6nf8h2qm4qch9,6,4,2661.150386,2021-01-07 13:29:43,2022-08-02 19:02:05,2022-08-02 19:02:05,t,1,pool1q80jjs53w0fx836n8g38gtdwr8ck5zre3da90peuxn84sj3cu0r,2021-01-10 20:13:00,242,0,,,440.354248,641,0,0.000000,,440.354248,coordinated_like,emurgo+iog,3.92,False,True,False,False,True,False,False,True,DORMANT_2Y_PLUS,LOW
stake1uyz8ts0yyhh89tvmw47p8ynuec7q98wym46mlcum3r8k06scjr66q,8,6,2646.189384,2021-03-08 21:20:36,2021-05-27 20:28:00,2021-05-27 20:28:00,t,1,pool106p2jjwuwagq2as7cdzx4y6cyc2pdj7a3h3vv5cvkvnskegff3w,2021-03-08 21:25:43,254,0,,,468.468194,641,0,0.000000,,468.468194,coordinated_like,emurgo+iog,5.10,False,True,False,False,True,False,False,True,DORMANT_2Y_PLUS,LOW
stake1uyndhs07j4zds2r9ewlkeml97ctewhupe2vvqv69m92se9qrhrgxl,32,23,2625.955196,2021-03-06 09:34:35,2025-05-19 20:10:31,2025-05-19 20:10:31,t,3,pool1xlphlhnjvfeh40vcqf9fdewztsj6kyxq6604kaccpv00umjfu0d,2022-08-04 18:37:26,357,1,drep1qe2l8gw8v7ydswfp9twytxcc3wzwdq8npt55f3vnlgv2u8sx3nt,2025-05-19 20:09:01,307.808626,641,5,240.862577,2025-05-19 20:10:31,66.946049,coordinated_like,iog,1.12,False,False,True,False,False,False,False,True,MIXED,MEDIUM
stake1ux6qr7zvfszeh8wd4n3fgrpvee6dzw2440eveqghamy9vtc98xhha,12,11,2613.621535,2021-02-10 01:25:42,2021-11-10 16:51:28,2021-02-16 16:16:17,t,1,pool1u7mqtde27swkarngjsn5mmw3sy20zavlafgqkmg8qv2n2nwga0l,2021-02-16 16:16:17,250,0,,,444.354033,641,0,0.000000,,444.354033,coordinated_like,emurgo+iog,5.37,False,True,False,False,True,False,False,True,DORMANT_2Y_PLUS,LOW
stake1u95k05tmj3vd2jh5sh7nftzyh25ztmanhf2lq9ys4lcwr9cc225ga,29,16,2558.185005,2021-03-03 18:41:44,2024-02-12 15:22:56,2023-03-13 20:17:23,t,13,pool1nudasuv0lljpe0tswcverqvlh0v4226vgnpsuxn0e9nkvnvcvne,2023-03-13 20:17:23,401,0,,,277.989883,641,0,0.000000,,277.989883,coordinated_like,emurgo+iog,3.31,False,True,False,False,True,False,False,True,DORMANT_2Y_PLUS,LOW
stake1uy8hsmluzrmsldg8cem6g7m38plafsfjz34n3y6vztpdpeqtpy9jm,15,13,2493.120758,2021-03-09 22:47:19,2025-08-11 12:10:39,2025-03-22 00:57:49,t,1,pool1zc7vxe3ymyej76h8wu8gm79chtt7w9c3adkza4uhrjvagr9w4zp,2021-03-09 23:16:44,254,1,drep1qe2l8gw8v7ydswfp9twytxcc3wzwdq8npt55f3vnlgv2u8sx3nt,2025-03-22 00:57:49,222.267835,641,0,0.000000,,222.267835,coordinated_like,iog,1.28,False,False,True,False,True,False,False,True,MIXED,MEDIUM
stake1ux6dt9w8j7ljewn4vs82k3updpypae474vcrfgsm4h7r3ps0ghwap,2,2,2490.884119,2021-03-03 04:48:44,2021-03-03 05:14:47,,f,0,,,,0,,,0.000000,,0,0.000000,,0.000000,coordinated_like,emurgo+iog,5.33,True,True,False,False,False,False,False,True,NEVER_SPENT_COLD,LOW
stake1u99w9twya2dfevk4rpner8hgk9xl5ezjrtendchv3nlc9rc29fms9,14,12,2474.983193,2021-02-14 01:35:37,2023-06-02 07:45:32,2021-02-19 22:55:41,t,1,pool17ahr5ygy48vpdfnatqn2z4wfu2te4quapk2yx3k50ce6kd7feg0,2021-02-19 22:55:41,251,0,,,340.493640,641,0,0.000000,,340.493640,coordinated_like,emurgo+iog,5.37,False,True,False,False,True,False,False,True,DORMANT_2Y_PLUS,LOW
stake1u96p5p0uahpts03732t2lk62jxr5jmfdj62x3dtw8v3jy7cu78ymv,3,3,2465.830000,2021-02-24 09:22:38,2021-03-03 03:44:36,,f,0,,,,0,,,0.000000,,0,0.000000,,0.000000,coordinated_like,emurgo+iog,5.35,True,True,False,False,False,False,False,True,NEVER_SPENT_COLD,LOW
stake1uxx64cnpautlxv3c52zg2z2dtrm7jzmwtsmyl8u40dlzctcfecgwr,9,8,2435.054019,2021-01-25 18:30:48,2024-02-15 03:51:37,2021-01-27 16:58:01,t,1,pool17kew7rtakc7g6qzydntann5umw08xq3ll2j7spk7en4kvff69fa,2021-01-27 16:58:01,246,0,,,367.210728,641,0,0.000000,,367.210728,coordinated_like,emurgo+iog,5.43,False,True,False,False,True,False,False,True,DORMANT_2Y_PLUS,LOW
stake1u8zkvy9u8ms7v4xt423pdw9f7m4wmy2vuc3cpzca5cyll0svlzs2n,7,6,2422.967693,2021-03-09 12:10:10,2021-05-19 17:11:21,2021-03-09 12:38:11,t,1,pool1zj4h7kc6v53q9r8x3fwzfuayf2frwme8u5k86gu0uzeeuvqxgul,2021-03-09 12:38:11,254,0,,,386.902523,641,0,0.000000,,386.902523,coordinated_like,emurgo+iog,5.32,False,True,False,False,True,False,False,True,DORMANT_2Y_PLUS,LOW
stake1uym7s429zxsx64kfsvw49puz50r742czrum30katg0rjp7szk3v74,29,21,2367.656565,2021-01-07 10:56:06,2025-03-02 20:24:50,2025-01-30 09:37:37,t,1,pool17ynruzy9lvq0x55ks22vtf4lrrdrw2ucydh4tfzhg9kkyeaw8nf,2021-01-27 10:45:21,246,1,drep16tsw66jtrver8ur3y3zzq2fl0m4swl4lwk88fvu8d4z4ydukrj0,2025-01-30 09:36:17,131.933664,639,3,98.994469,2025-01-30 09:37:37,32.939195,high_confidence_retained_like,emurgo+iog,1.42,False,False,True,False,False,False,False,True,MIXED,MEDIUM
stake1u9p2cpwfe65mn6xt9nz9p8k4h36nxwr5mf04zfl65q5mw8gucv8gg,8,6,2360.551222,2021-03-02 13:43:28,2021-04-06 08:27:57,2021-04-06 08:27:57,t,2,pool15wj590e6gsmpmttrxjd0emck09a0h9tazd2ww77q6duyvg8lyum,2021-04-06 08:27:57,260,0,,,356.240534,581,0,0.000000,,356.240534,coordinated_like,emurgo+iog,5.24,False,True,False,False,True,False,False,True,DORMANT_2Y_PLUS,LOW
stake1u9px3jx903sftqnnqwjdj82pzaumuyguf3adsmxw3xtf8tcq3ulhh,5,5,2351.535206,2020-12-19 11:27:58,2021-03-04 06:30:24,,f,0,,,,0,,,0.000000,,0,0.000000,,0.000000,coordinated_like,emurgo+iog,5.54,True,True,False,False,False,False,False,True,NEVER_SPENT_COLD,LOW
stake1u8ehj2uen4mp828tvxh5kwx4gqzh9j64wjv0kt5twf8yc4c3qq239,14,11,2320.584026,2021-02-26 08:52:15,2022-11-13 18:05:00,2021-03-31 22:16:03,t,1,pool15ccmgcc4k9t8auxw9v4dfjmrl2kqnuevawn8z6n7xv09utw9hh3,2021-02-26 09:02:44,252,0,,,351.795233,641,1,2.232802,2021-03-31 22:16:03,349.562431,coordinated_like,emurgo+iog,5.26,False,True,False,False,False,False,False,True,DORMANT_2Y_PLUS,LOW
stake1u8878u5enucyxk57s56k80dt3s5v75s2hjjkdk59wnauaqgzr82n0,6,5,2315.902667,2021-02-18 23:11:08,2021-08-04 00:30:38,2021-02-18 23:47:45,t,1,pool1wf7wk3802jxtkmek6uprm77cgqx53t4qep9kwkl078w3yw0ff69,2021-02-18 23:47:45,250,0,,,410.956054,641,0,0.000000,,410.956054,coordinated_like,emurgo+iog,5.37,False,True,False,False,True,False,False,True,DORMANT_2Y_PLUS,LOW
stake1u85wyt3uzrqvde3lhvq9une25lpjcmaerccrfaxe4vsfdrshy94y7,19,12,2311.668030,2021-03-23 14:56:11,2025-10-28 20:12:48,2025-10-28 20:12:48,t,4,pool1lfvzgsrghmugvpym868mh29288ez0nncz680mamzjygu2jpuwcd,2023-09-18 20:12:20,439,1,drep_always_abstain,2025-10-28 20:12:48,386.849752,641,1,240.472979,2024-02-18 23:02:05,146.376773,probable_retained_like,emurgo+iog,0.68,False,False,True,False,False,False,False,True,MIXED,MEDIUM
stake1u8qtasgwsgq95hzg8w9dljxe4g4gstxjtrhrgkejuqcscks2mxwkq,22,12,2300.028636,2021-01-06 09:34:56,2024-12-12 09:24:31,2024-12-12 09:24:31,t,2,pool166dkk9kx5y6ug9tnvh0dnvxhwt2yca3g5pd5jaqa8t39cgyqqlr,2021-05-04 14:36:19,265,0,,,630.321992,641,3,541.484156,2024-12-11 13:02:03,88.837836,coordinated_like,emurgo+iog,1.56,False,False,False,False,False,False,False,True,MIXED,LOW
stake1uyzufz46ulut4fa4fvppjmtwxt4dl6w8gh4dxeq4gsp683sd5eerm,7,6,2298.674253,2021-03-18 22:31:08,2026-02-03 00:53:06,2021-03-18 22:43:39,t,1,pool1s3z5qsg75dar26ykyzcz2u8wc2swgq7pyp7f9sdh5n06qh3jhq2,2021-03-18 22:43:39,256,0,,,383.249167,641,0,0.000000,,383.249167,coordinated_like,emurgo+iog,5.29,False,True,False,False,True,False,False,True,DORMANT_2Y_PLUS,LOW
stake1u9fdwppzzk3f5nj9su5xuz2fwkaq4rekw0rwjx9p7d88vrq2qjwcs,9,3,2289.245050,2021-02-15 09:51:41,2024-12-05 11:10:36,2024-12-05 11:10:36,t,5,pool1nudasuv0lljpe0tswcverqvlh0v4226vgnpsuxn0e9nkvnvcvne,2024-12-05 08:05:47,527,1,drep_always_abstain,2024-12-05 11:10:36,367.954471,641,0,0.000000,,367.954471,coordinated_like,emurgo+iog,1.57,False,False,True,False,True,False,False,True,MIXED,MEDIUM
stake1uynp0zs3e9ucpkee06038786pdsmk7txm3wsd37a8pt09rgf2yzdh,12,7,2280.985079,2021-03-19 22:36:52,2024-11-21 19:36:33,2024-11-21 19:36:33,t,2,pool1kprt6l4quz03dhqx8jw22spdjvp5dkshdnn567vlexqkj35hd8a,2024-11-20 21:49:09,525,1,drep_always_abstain,2024-11-20 21:47:38,363.228453,641,2,281.937551,2024-11-21 19:36:33,81.290902,coordinated_like,emurgo+iog,1.61,False,False,True,False,False,False,False,True,MIXED,MEDIUM
stake1ux4ln9ju3wch0dgfyma98pjymw5vl4x6kpn0kfy7en2729stc4t30,6,4,2280.066875,2021-01-22 14:20:11,2021-03-12 19:01:26,2021-02-06 10:20:18,t,2,pool1s2rj8t2a5tfv0rpsfak77g03h96uv3rqxp62t6jm3dh45g2e2pj,2021-02-06 10:20:18,248,0,,,259.938877,641,0,0.000000,,259.938877,coordinated_like,emurgo+iog,5.40,False,True,False,False,True,False,False,True,DORMANT_2Y_PLUS,LOW
stake1u9780axtftdp6jn6f5224mjxhfdqra07fdk32xytl6xnd5q4uvqmt,10,7,2277.039007,2021-05-09 18:36:07,2024-12-15 20:38:05,2024-12-15 20:38:05,t,1,pool1tdsrw0n33gmy0mzh7cgtn9p0jy5xwjxaa2s26gn2ewf8kg4nrzx,2022-04-23 16:38:51,336,1,drep_always_abstain,2024-12-15 20:38:05,270.410035,641,2,184.353738,2024-12-15 20:38:05,86.056297,coordinated_like,emurgo+iog,1.55,False,False,True,False,False,False,False,True,MIXED,MEDIUM
stake1uyyywqsaa9yyjlu0ynvk2wkvfc8q4zlkan6cncp4yzs96vsfsapxn,7,5,2257.609535,2021-02-24 15:29:51,2021-04-12 09:59:25,2021-03-05 10:16:50,t,2,pool1mqy259k253xryf4hvdq0n72n2uvadcgp34r0fxwpqzm0z5n0qp6,2021-03-05 10:16:50,253,0,,,396.918631,641,0,0.000000,,396.918631,coordinated_like,emurgo+iog,5.33,False,True,False,False,True,False,False,True,DORMANT_2Y_PLUS,LOW
stake1uxejlk848khhh4a8d3pnaxlrvpyenm52rhqjr46p5seegrg0z04z3,13,11,2232.021725,2021-02-25 01:00:28,2021-09-15 10:58:28,2021-03-04 23:37:28,t,2,pool1qvhss6kxmtl27nr4ugvypayhvt4a4vzll8p9csdg2v8q7d22llu,2021-03-04 23:37:28,253,0,,,395.787662,641,0,0.000000,,395.787662,coordinated_like,emurgo+iog,5.33,False,True,False,False,True,False,False,True,DORMANT_2Y_PLUS,LOW
stake1u99ef6sr9puaccm58eparzfksf8cp4hnqrxaxqcryj08juqz6yxem,19,13,2229.693910,2021-02-28 09:32:18,2022-01-29 09:22:33,2022-01-29 09:18:08,t,2,pool1fuzqy5r9x98826zv6wp40tr27uplemmstkd57cuw8jh5v5m90vn,2021-03-19 16:16:51,256,0,,,353.483637,641,4,51.121582,2022-01-29 09:18:08,302.362055,coordinated_like,emurgo+iog,4.43,False,True,False,False,False,False,False,True,DORMANT_2Y_PLUS,LOW
stake1u88p8je5watlxjgqeqcsnsfcslts5pkn42dsjta6alxpcpqv77rwf,12,8,2223.409060,2021-03-10 23:00:45,2024-11-23 18:33:44,2024-11-23 18:33:44,t,1,pool16fyda57p3c8gp5r6gmcq5tvqsp6mnzwvkxswgznkuh8wztrp6vv,2021-05-20 21:36:47,268,1,drep_always_abstain,2024-11-23 18:31:18,280.756245,641,2,196.346423,2024-11-23 18:33:44,84.409822,probable_retained_like,emurgo+iog,1.61,False,False,True,False,False,False,False,True,MIXED,MEDIUM
stake1u8689rtanaus0najp75j7nl0yuc3hyqedyz35uwy4n6a06sd7hp6q,26,18,2214.012625,2021-02-24 09:41:30,2025-07-21 10:56:44,2025-07-21 10:56:44,t,5,pool1s6se64qce5rjjjhh6ufcdnc54p8qg78mlhjm38lymx99sqysvzx,2022-04-25 15:11:59,336,1,drep1qe2l8gw8v7ydswfp9twytxcc3wzwdq8npt55f3vnlgv2u8sx3nt,2025-07-21 10:56:44,341.675249,641,1,27.277881,2021-12-07 07:33:13,314.397368,coordinated_like,iog,0.95,False,False,True,False,False,False,False,True,MIXED,MEDIUM
stake1u9mfc9k69zxmsdhch7ccaetju6wtavvqved0qu4tk3qvw6sn3g7ju,4,3,2211.324863,2021-02-28 22:25:29,2021-07-30 04:47:22,2021-03-01 04:03:49,t,1,pool1nwt6mxqus3tpzrshky5h5kykz9rjpxmacrvw0z6yak9uk5p5045,2021-03-01 04:03:49,252,0,,,392.739722,641,0,0.000000,,392.739722,coordinated_like,emurgo+iog,5.34,False,True,False,False,True,False,False,True,DORMANT_2Y_PLUS,LOW
stake1u8083s09l9pqruc7jv9rpg8zgad7f3gcl503ewq5tqpkp7c7qf5fu,22,9,2205.399067,2021-03-02 22:44:51,2024-02-16 23:47:34,2024-02-16 23:47:34,t,3,pool147en6w8f9cplnn5x7qt4ese7fpacmmcwuffrtu0yqxpaz4agppr,2021-03-18 19:03:20,256,0,,,352.322515,641,8,224.040040,2024-02-16 23:47:34,128.282475,coordinated_like,emurgo+iog,2.38,False,True,False,False,False,False,False,True,DORMANT_2Y_PLUS,LOW
stake1ux28hnqq0uawcurv8ceju4f3wwwx0mq4er8d3rpthxd8c9gx8x8mt,22,21,2199.225465,2021-02-21 20:50:39,2022-03-10 11:17:51,2021-02-24 21:12:25,t,1,pool1ukeqarukv9gxwy9pt8jkr4qvad2yf87758g3xzemmvmtk8lrynp,2021-02-24 21:12:25,251,0,,,400.096768,641,0,0.000000,,400.096768,coordinated_like,emurgo+iog,5.35,False,True,False,False,True,False,False,True,DORMANT_2Y_PLUS,LOW
stake1uxpslgnqhdh8gd6wdw749nj5qqql5kfqpa3rwexdd2frkdg8fjp7t,11,7,2186.122998,2021-01-09 17:05:27,2021-05-19 11:05:04,2021-04-20 19:21:33,t,1,pool1m62sl6rauje9cknrkhwl39tc4hujudkd7gp478dpz7tagmjr8wm,2021-01-11 11:17:57,243,0,,,403.609256,641,1,8.569780,2021-04-20 19:21:33,395.039476,coordinated_like,emurgo+iog,5.20,False,True,False,False,False,False,False,True,DORMANT_2Y_PLUS,LOW
stake1u8vf5l5n7vqjac5hqr6efkxahwqlalyslrcjs4pdkxtmw4ggdrchg,24,14,2184.791740,2021-02-18 20:04:06,2025-02-19 23:30:20,2025-02-19 23:30:20,t,1,pool17ahr5ygy48vpdfnatqn2z4wfu2te4quapk2yx3k50ce6kd7feg0,2022-03-03 20:15:22,326,0,,,368.365667,641,3,279.400073,2024-11-28 14:21:41,88.965594,coordinated_like,emurgo+iog,1.37,False,False,False,False,False,False,False,True,MIXED,LOW
stake1ux6wd0hwcguaqfa2z5xenpxs774mhzy6cy0jczk56h2j6eqfn70kc,14,11,2147.663360,2021-02-23 14:38:50,2023-12-21 10:12:44,2023-12-21 10:12:44,t,2,pool1z5uqdk7dzdxaae5633fqfcu2eqzy3a3rgtuvy087fdld7yws0xt,2023-12-21 10:12:44,457,0,,,354.642262,641,1,207.988217,2023-12-21 10:11:02,146.654045,coordinated_like,emurgo+iog,2.53,False,True,False,False,False,False,False,True,DORMANT_2Y_PLUS,LOW
stake1uxxqes8jelfhdcnwtll3dvjuyf0cquag992ncvsq9sglpfgv9znc2,3,3,2138.586181,2021-03-03 23:15:00,2021-05-14 19:51:54,,f,0,,,,0,,,0.000000,,0,0.000000,,0.000000,coordinated_like,emurgo+iog,5.33,True,True,False,False,False,False,False,True,NEVER_SPENT_COLD,LOW
stake1uxwxq8qnk5zl7pmutp7w8dctsel4kec6vt6tkzqg5084tug68t6ul,4,3,2121.755589,2021-02-13 11:34:49,2021-03-25 19:17:51,2021-03-25 19:17:51,t,1,pool1aqg6fvhcaulvss2ruvpx6ur9vj7pejvdcxv6xp0qlwuwx94evf0,2021-03-25 19:17:51,257,0,,,383.023528,641,0,0.000000,,383.023528,coordinated_like,emurgo+iog,5.27,False,True,False,False,True,False,False,True,DORMANT_2Y_PLUS,LOW
stake1u9juergzna9685apts4qcryk7sx7f7vymy3uktyfccpv8mqfy99gf,6,5,2111.325743,2021-02-05 17:16:03,2021-07-26 18:49:36,2021-03-08 07:34:24,t,1,pool19k4azhj8tye5wwy5pfj7q6m938m8fg5nglds5dkhtfwnvcg3s0k,2021-03-08 07:34:24,254,0,,,206.218803,632,0,0.000000,,206.218803,coordinated_like,emurgo+iog,5.32,False,True,False,False,True,False,False,True,DORMANT_2Y_PLUS,LOW
stake1u8lz8ywjj37dcg2jsgnwce90y04q92z654ccnea3vdl0m2svwqgtu,5,3,2062.372822,2021-03-01 07:12:51,2024-02-17 06:12:58,2021-04-01 07:57:38,t,2,pool1xytvsd9qnvqxpthh9p8k85e823trvn3npxeur8kr9zhkqz5uls9,2021-04-01 07:57:38,259,0,,,399.049277,641,0,0.000000,,399.049277,coordinated_like,emurgo+iog,5.25,False,True,False,False,True,False,False,True,DORMANT_2Y_PLUS,LOW
stake1uxt8h75el6fafjsrq4q29lzmghfu296f62gsa93lcktmzvsl8s608,6,5,2057.798243,2021-02-23 10:21:10,2021-03-25 10:18:07,2021-02-23 11:21:15,t,1,pool1xgwvxpas3r8nvg9z0f5cdcyr56whynkl9dpa0ukpq4ztjfspk9r,2021-02-23 11:21:15,251,0,,,108.482769,389,0,0.000000,,108.482769,coordinated_like,emurgo+iog,5.36,False,True,False,False,True,False,False,True,DORMANT_2Y_PLUS,LOW
stake1u8csq7wwpxugk2ydfx3th52jzgay0xu6p4ve7shrcejhx5qhx2pax,83,8,2046.079179,2020-08-31 22:59:35,2026-02-06 21:57:11,2026-02-06 21:57:11,t,1,pool1pnzwgsgzd6t4788sfr7dxjyusepyq9xaxnpyfcngewqf29t9ayd,2020-08-31 23:07:28,216,1,drep_always_abstain,2025-01-11 09:14:30,5087.626995,641,20,5072.093083,2026-02-06 21:57:11,15.533912,coordinated_like,emurgo+iog,0.40,False,False,True,True,False,False,False,True,ACTIVE_MANAGED,MEDIUM
stake1ux0g3unug6a55wcsqq3jyfwye0rm2922suex9yug5h40r3gfmhfnf,57,57,2042.360496,2021-03-04 13:55:42,2022-09-18 21:31:56,,f,0,,,,0,,,0.000000,,0,0.000000,,0.000000,coordinated_like,emurgo+iog,5.33,True,True,False,False,False,False,False,True,NEVER_SPENT_COLD,LOW
stake1uxkfx9lq048vzskv5n3ekeg2aa3whl8c32v04fzv0p7qtqq6zer9v,15,13,2037.878405,2021-02-07 17:03:05,2024-02-19 10:14:13,2021-02-21 21:52:21,t,2,pool1wt0pf4u2xktp0f7apveu242w6nkm4ltk3m8g039lvuhwq4zdtf3,2021-02-21 21:52:21,251,0,,,373.996335,641,0,0.000000,,373.996335,coordinated_like,emurgo+iog,5.36,False,True,False,False,True,False,False,True,DORMANT_2Y_PLUS,LOW
stake1uxt6dns8vysgw38y3qyfvfuv7cdcy8phh8gr3c8fw8c7j6g6lp57j,6,5,2036.142100,2021-03-03 00:39:54,2021-04-23 02:42:43,2021-03-04 00:09:25,t,1,pool1fs2m5rmlx66crcwwrrsf2pcxjhvk7kzdurcqusd3v5gm65cufnj,2021-03-04 00:09:25,253,0,,,343.378970,641,0,0.000000,,343.378970,coordinated_like,emurgo+iog,5.33,False,True,False,False,True,False,False,True,DORMANT_2Y_PLUS,LOW
stake1uymqnpljcjqdz54vvz99mf2lj7ncx72m6fw6xzh399z3s8qcvmpnk,15,11,2035.765868,2021-02-11 19:11:30,2025-02-09 15:37:32,2025-02-09 15:37:32,t,3,pool1zn9hjcmfddhcp2aj9xxuvz7z40rasyatkgavr8ryyz72qdfwtrj,2024-01-24 13:41:00,464,1,drep13d6sxkyz6st9h65qqrzd8ukpywhr8swe9f6357qntgjqye0gttd,2025-02-09 15:37:32,378.061596,641,0,0.000000,,378.061596,high_confidence_retained_like,emurgo+iog,1.39,False,False,True,False,True,False,False,True,MIXED,MEDIUM
stake1u8k4yn75urm7tehygn435xyf56wzmmmwxr7yuup0w977jlswhrf9h,17,12,2011.607522,2021-02-21 22:44:12,2024-02-16 04:33:40,2022-01-19 22:27:06,t,4,pool1k633phcvz2hjhj45evwwau4w576jpq83acg5h84w23jauqu56cw,2022-01-19 22:27:06,317,0,,,360.751404,641,0,0.000000,,360.751404,coordinated_like,emurgo+iog,4.45,False,True,False,False,True,False,False,True,DORMANT_2Y_PLUS,LOW
stake1u95n5wkfk274n2ggfze2698d3tm8jzk73397mnd6ehmq4sg5rtdsd,7,6,2004.489976,2021-03-12 09:36:25,2024-05-28 13:39:36,2021-03-26 21:37:59,t,1,pool1jeu74g86ys4fekhykqcww99kdsq3nlym8a6kfw8s8ff3vskad70,2021-03-26 21:37:59,257,0,,,356.758396,641,0,0.000000,,356.758396,coordinated_like,emurgo+iog,5.27,False,True,False,False,True,False,False,True,DORMANT_2Y_PLUS,LOW
stake1uypyp9dc94a3gnf825xhs9kaumxpxa2fh7qaq8usapqrf0q33hsdg,10,9,2003.304763,2021-03-01 07:50:34,2021-05-10 21:18:10,2021-03-02 07:40:02,t,1,pool1s6se64qce5rjjjhh6ufcdnc54p8qg78mlhjm38lymx99sqysvzx,2021-03-02 07:40:02,253,0,,,356.303621,641,0,0.000000,,356.303621,coordinated_like,emurgo+iog,5.34,False,True,False,False,True,False,False,True,DORMANT_2Y_PLUS,LOW
stake1u9lkmyy8n8spzyaemv7v65agnmvtqr79udgkusmhpjq60tqz9xl46,27,12,2000.442484,2021-03-03 17:48:42,2026-06-17 12:22:38,2026-06-17 12:22:38,t,1,pool1ukeqarukv9gxwy9pt8jkr4qvad2yf87758g3xzemmvmtk8lrynp,2021-03-12 15:54:30,255,0,,,347.172786,641,4,179.254575,2023-06-13 13:38:08,167.918211,coordinated_like,emurgo+iog,0.04,False,False,False,True,False,False,False,True,ACTIVE_MANAGED,LOW
stake1uxs6y0zg48f3fz7twvhsevjhfcmgw3en4dvdjhxe8e7hswcrtumju,16,11,2000.245150,2021-03-03 22:41:57,2024-11-08 19:28:15,2024-11-08 19:28:15,t,1,pool1s6se64qce5rjjjhh6ufcdnc54p8qg78mlhjm38lymx99sqysvzx,2021-03-03 23:06:08,253,0,,,342.843959,641,0,0.000000,,342.843959,coordinated_like,emurgo+iog,1.65,False,False,False,False,True,False,False,True,MIXED,LOW
stake1u9d255ayhtdg6g99gr4327xcdet0upmtea6t5fr9mcfexssw3ge6g,10,4,2000.021712,2021-03-04 13:55:42,2024-03-06 21:33:23,2024-03-06 21:33:23,t,3,pool1f2wfjqkf2wx6jq93pdck6hgmy9zgw32lmvrq9zejl7scqxjqfze,2024-03-06 21:03:24,473,0,,,128.240747,641,1,18.898428,2024-03-06 20:30:47,109.342319,coordinated_like,emurgo+iog,2.32,False,True,False,False,False,False,False,True,DORMANT_2Y_PLUS,LOW
stake1uymatfhk3z5eqfk585vvaknwa26wz3cpqrvaaasrtlcllescr7yw6,4,4,2000.000000,2021-03-06 21:38:12,2022-11-12 19:31:27,,f,0,,,,0,,,0.000000,,0,0.000000,,0.000000,coordinated_like,emurgo+iog,5.32,True,True,False,False,False,False,False,True,NEVER_SPENT_COLD,LOW
stake1u98v307v2x2z0jj8c4mpzt2acnyle4lyj37ln7qxxehuupsrfwyzf,12,9,1999.973878,2021-03-01 09:04:59,2024-11-23 07:40:50,2024-11-23 07:40:50,t,1,pool1zmfpd5r5vfwjmwm4cgy53exe58h7plnecny3t4948yw7zumzp4c,2021-03-01 09:13:55,252,1,drep_always_abstain,2024-11-20 15:04:56,342.477524,641,0,0.000000,,342.477524,probable_retained_like,emurgo+iog,1.61,False,False,True,False,True,False,False,True,MIXED,MEDIUM
stake1u8jwkw0j5p3akljeu4rfukc2wek3tx0fklv6slg9x2h4lhsex7e2x,3,3,1999.510309,2021-03-08 17:25:43,2022-11-13 18:56:16,,f,0,,,,0,,,0.000000,,0,0.000000,,0.000000,coordinated_like,emurgo+iog,5.32,True,True,False,False,False,False,False,True,NEVER_SPENT_COLD,LOW
stake1ux0ffey4s2jhrknpjulqq5hsaxfm9kg6qt0yfvgskhq336se74jx5,2,2,1996.000000,2021-03-02 07:41:05,2021-03-03 20:55:55,,f,0,,,,0,,,0.000000,,0,0.000000,,0.000000,coordinated_like,emurgo+iog,5.34,True,True,False,False,False,False,False,True,NEVER_SPENT_COLD,LOW
stake1u96nndvvp2kx7085l3f3r2jtsmyd9pn8zh00ptf3nq9qkncddz7mh,2,2,1986.000000,2021-03-03 17:58:13,2021-03-03 18:22:13,,f,0,,,,0,,,0.000000,,0,0.000000,,0.000000,coordinated_like,emurgo+iog,5.33,True,True,False,False,False,False,False,True,NEVER_SPENT_COLD,LOW
stake1u86vwk9qzk38xqqp0q5jjfttr3h0mljmwetqtk4f3xpn6tcrq373f,3,3,1975.453503,2021-02-26 09:39:41,2021-10-26 05:31:12,,f,0,,,,0,,,0.000000,,0,0.000000,,0.000000,coordinated_like,emurgo+iog,5.35,True,True,False,False,False,False,False,True,NEVER_SPENT_COLD,LOW
stake1u8mj7q8ppwk4hjrhrvvfxx6syxnsrnf78jjhuq8ya8hshcsh2whml,58,35,1971.372076,2021-01-09 07:11:18,2025-05-06 03:36:06,2025-05-06 03:36:06,t,1,pool1uk2f28awascuhrhuwrp7x6y87x8ch33vwx8jtmrysp7l5ngq78j,2021-01-10 06:04:13,242,1,drep_always_abstain,2025-05-06 03:36:06,1367.762201,641,0,0.000000,,1367.762201,coordinated_like,emurgo+iog,1.16,False,False,True,False,True,True,False,True,MIXED,MEDIUM
stake1uxk254gyn96jg5lhw60leeht248nsyrne9xpvfk08k37nmsg9l68m,17,10,1928.675773,2021-05-07 16:47:12,2024-01-31 15:07:56,2023-12-08 19:57:51,t,6,pool1qs6h0y7czzt605kptmrv6cr85kxd6tajr2hs0etvxphv7tr7nqu,2023-12-08 19:57:51,455,0,,,218.150306,515,1,5.816949,2021-06-15 15:51:15,212.333357,coordinated_like,emurgo+iog,2.57,False,True,False,False,False,False,False,True,DORMANT_2Y_PLUS,LOW
stake1uyqf8h9wja5s48g7n7lgzkra3qdflmexypvvzxhxrzk6lcq4jmheq,24,22,1902.907290,2021-01-15 14:32:18,2025-10-21 22:22:19,2021-03-05 02:44:02,t,2,pool1m83drqwlugdt9jn7jkz8hx3pne53acfkd539d9cj8yr92dr4k9y,2021-03-05 02:44:02,253,0,,,249.534259,640,0,0.000000,,249.534259,coordinated_like,emurgo+iog,5.33,False,True,False,False,True,False,False,True,DORMANT_2Y_PLUS,LOW
stake1uyxfagu80wemnktex2yykp543xygk3rknr69he02fpwapdqm9wa8y,8,5,1898.542833,2021-02-21 03:34:17,2021-05-07 06:49:58,2021-05-07 06:49:58,t,3,pool14zdcvdec8qmqzsat5wg3a2h9f0u5yzrgjew534z8u3gs5durnjz,2021-05-07 06:49:58,266,0,,,337.204118,641,0,0.000000,,337.204118,coordinated_like,emurgo+iog,5.16,False,True,False,False,True,False,False,True,DORMANT_2Y_PLUS,LOW
stake1u9lzpwlfxtlncvua249e9l7fldar50gl83ksf2l267d05tczswx0u,18,15,1892.663873,2021-02-20 04:03:51,2024-04-16 05:30:11,2024-04-16 05:30:11,t,3,pool1ddg6t2h9kj6lqlec4ncjs945lzj43m3ggrgdhf5sgzhtygpkznz,2024-04-16 05:30:11,481,0,,,249.237773,641,0,0.000000,,249.237773,coordinated_like,emurgo+iog,2.21,False,True,False,False,True,False,False,True,DORMANT_2Y_PLUS,LOW
stake1u84hvgltf5hl69scp0npn4rdj783nnsm7vt77mrhlgwengqlsv8mu,15,13,1867.461541,2021-01-18 13:53:44,2021-08-27 23:06:20,2021-07-22 17:43:12,t,2,pool17pv7m8h5dxsyt55upay8n8ake2cgcz4mcr737um2tl8d2wthzqr,2021-07-22 17:43:12,281,0,,,277.230573,641,0,0.000000,,277.230573,coordinated_like,emurgo+iog,4.95,False,True,False,False,True,False,False,True,DORMANT_2Y_PLUS,LOW
stake1uxj6jg9tp46pnlp83nndacchjevlt77957psa0w3alz65actadehk,11,9,1825.966944,2020-12-28 00:00:53,2025-04-30 16:44:20,2025-04-30 16:44:20,t,2,pool19asxjgd6ah9ddzauwede4wpt9vsp6s4ax5nz297wt47evc9sn7z,2025-04-30 16:44:20,557,1,drep_always_abstain,2025-04-30 16:44:20,260.030228,641,0,0.000000,,260.030228,coordinated_like,emurgo+iog,1.17,False,False,True,False,True,False,False,True,MIXED,MEDIUM
stake1u9m5vn64hjtef2lq6gktn08lr37gn8d24yg6q866chgyw8gf2t7pm,23,16,1818.373076,2021-02-11 16:06:31,2023-05-18 13:24:30,2023-05-18 13:24:30,t,3,pool189lsf6c2upyhmrzddyvyfjxxkqnte9pw8aqx7f4cuf85sjxlm02,2023-05-18 13:24:30,414,0,,,250.240452,641,2,89.951659,2023-05-18 13:21:35,160.288793,coordinated_like,emurgo+iog,3.13,False,True,False,False,False,False,False,True,DORMANT_2Y_PLUS,LOW
stake1uxcndqa6y3ueugkn7amnsjhdcq982npnpxj65k3c5j5dlegdmfkjk,33,10,1812.300776,2021-02-12 07:01:20,2025-08-08 02:03:46,2025-07-21 04:00:00,t,1,pool12z39rkzfylvn9wfe8j6x9ucq6g2l4mw4azj70y0gd8ejczznyj3,2021-02-15 20:12:59,250,1,drep1qe2l8gw8v7ydswfp9twytxcc3wzwdq8npt55f3vnlgv2u8sx3nt,2025-07-21 04:00:00,343.353447,641,0,0.000000,,343.353447,coordinated_like,iog,0.95,False,False,True,False,True,False,False,True,MIXED,MEDIUM
stake1u823acx39x9x3dxdzj85rr0yqyykfgjp4vyfe2nrkugq98gsqzclk,3,3,1787.788832,2021-01-31 20:39:50,2021-02-26 20:23:08,,f,0,,,,0,,,0.000000,,0,0.000000,,0.000000,coordinated_like,emurgo+iog,5.42,True,True,False,False,False,False,False,True,NEVER_SPENT_COLD,LOW
stake1uytj69jth8trm7mzv5jrdam6zpfp79y790ue8qz46j4cufqnt9h4w,19,18,1769.287867,2021-02-08 08:54:02,2021-05-11 02:18:22,2021-02-08 12:55:01,t,1,pool18rhzlrv83a7ygj7cp5uv8dx07qkn5drhe8nh6f3qvhv66xcyj2m,2021-02-08 12:55:01,248,0,,,325.164698,641,0,0.000000,,325.164698,coordinated_like,emurgo+iog,5.40,False,True,False,False,True,False,False,True,DORMANT_2Y_PLUS,LOW
stake1uy358uj8u6kqge6yfejqhv6j3avhu2zew78h3jkwx3gkuzsef347g,7,4,1752.329791,2021-01-05 02:31:43,2021-11-03 06:11:43,2021-11-03 06:11:43,t,1,pool1m83drqwlugdt9jn7jkz8hx3pne53acfkd539d9cj8yr92dr4k9y,2021-02-09 02:43:26,248,0,,,247.560732,640,1,58.844906,2021-11-03 06:11:43,188.715826,coordinated_like,emurgo+iog,4.66,False,True,False,False,False,False,False,True,DORMANT_2Y_PLUS,LOW
stake1uy5mltrplu674ycdh967hy6den878z0qctvfwhu5mcpca4qtpdlqr,9,8,1751.098399,2021-02-24 10:38:30,2021-08-25 09:50:07,2021-03-06 09:05:14,t,1,pool1qqenhz258k5k9nyjull6gkzg7s4f3ae8v7qxwpegeef9v0nsy3e,2021-03-06 09:05:14,253,0,,,285.613913,641,0,0.000000,,285.613913,coordinated_like,emurgo+iog,5.33,False,True,False,False,True,False,False,True,DORMANT_2Y_PLUS,LOW
stake1u9k6zkef242dpcj4fa8qt8hkem8d8uu4jp8hus6h4n36s4s7eu8un,8,8,1737.618752,2021-02-24 21:39:08,2022-06-18 09:56:15,,f,0,,,,0,,,0.000000,,0,0.000000,,0.000000,coordinated_like,emurgo+iog,5.35,True,True,False,False,False,False,False,True,NEVER_SPENT_COLD,LOW
stake1u9v4pcefj0ftw5hdumtptzqde2nwgx4cufpyda7qh6xf84s08l727,7,6,1706.407060,2021-02-25 00:52:50,2024-05-21 18:57:50,2021-02-25 01:22:00,t,1,pool1qqmvjqwzcg3p0x89a9hd6lgwvqq8wy2w6mcx0csaxq4x6xz7qyn,2021-02-25 01:22:00,252,0,,,100.341974,428,0,0.000000,,100.341974,coordinated_like,emurgo+iog,5.35,False,True,False,False,True,False,False,True,DORMANT_2Y_PLUS,LOW
stake1uxu4gevgmkzsn54exfgg0q46znpsxw57p3az353l636dtrsn2gzek,3,3,1701.000000,2021-03-01 04:07:42,2021-03-01 05:00:05,,f,0,,,,0,,,0.000000,,0,0.000000,,0.000000,coordinated_like,emurgo+iog,5.34,True,True,False,False,False,False,False,True,NEVER_SPENT_COLD,LOW
stake1uy0gef2qza2n67g4frlmfe753auhck964hfe4cqvjlz4nks85kapf,33,18,1693.494663,2021-02-11 13:49:51,2025-12-11 15:31:58,2025-12-11 15:31:58,t,3,pool17ynruzy9lvq0x55ks22vtf4lrrdrw2ucydh4tfzhg9kkyeaw8nf,2021-02-20 17:00:56,251,2,drep1qe2l8gw8v7ydswfp9twytxcc3wzwdq8npt55f3vnlgv2u8sx3nt,2025-03-29 11:42:43,176.064952,639,9,166.172502,2025-12-11 15:31:58,9.892450,high_confidence_retained_like,emurgo+iog,0.56,False,False,True,False,False,False,False,True,MIXED,MEDIUM
stake1uyz72n09avrgca96pzcfunp86pkwvermpy4682lg90harwshh2u20,16,7,1690.908610,2021-01-20 15:18:32,2024-05-31 10:32:44,2024-05-31 10:32:44,t,1,pool1hcg8sa642l0xeygkzvpgn3sfj5s2yeuzpws7a0gypyy7grrjcje,2021-01-20 15:22:35,244,0,,,97.202127,413,8,97.202127,2024-05-31 10:32:44,0.000000,coordinated_like,emurgo+iog,2.09,False,True,False,False,False,False,False,True,DORMANT_2Y_PLUS,LOW
stake1uyjnuersl3ygvj9kppqdyq2txz5wgguww0gwgx7u3rn65rgy6axvz,6,4,1659.472020,2021-02-22 14:44:51,2024-11-20 03:32:36,2021-02-22 14:59:26,t,2,pool1qfxukshs4fkcrflzdnxa2fdza5lfvew3y6echg8ckaa4q8m5hyf,2021-02-22 14:59:26,251,0,,,313.926034,641,0,0.000000,,313.926034,coordinated_like,emurgo+iog,5.36,False,True,False,False,True,False,False,True,DORMANT_2Y_PLUS,LOW
stake1u9hp4tnke0w6hsc22s7arqgnzu430m6denc7lucwkgg3gpcpcpzpv,6,5,1646.967739,2021-02-22 20:56:58,2021-11-02 19:31:58,2021-02-22 21:12:21,t,1,pool1y53awxsm6cmksp8qht8qfq5f5c69t6mrgrdcresk5y0ecv2yj93,2021-02-22 21:12:21,251,0,,,261.317364,641,0,0.000000,,261.317364,coordinated_like,emurgo+iog,5.36,False,True,False,False,True,False,False,True,DORMANT_2Y_PLUS,LOW
stake1uyr8zcuf4fsz7ska4xs0633zpfc6a8qzrepwehh794yl5eskc2s60,29,22,1646.050178,2021-02-19 12:54:21,2024-02-19 06:21:12,2022-11-15 21:02:52,t,3,pool1rpjjz68kmmetyxztmrstrwgz8lxf6v0d7vqgw98r5x8rc50jrdf,2022-01-31 19:21:27,320,0,,,215.706212,641,1,75.241943,2022-11-15 21:02:52,140.464269,coordinated_like,emurgo+iog,3.63,False,True,False,False,False,False,False,True,DORMANT_2Y_PLUS,LOW
stake1u860p6dlk0x8kjdugwuzczexl6n0dksrxnurcun5f6ugxjsgnzr5c,6,5,1639.112931,2021-03-05 04:51:57,2025-10-11 14:32:16,2021-03-05 05:58:44,t,1,pool1pnzwgsgzd6t4788sfr7dxjyusepyq9xaxnpyfcngewqf29t9ayd,2021-03-05 05:58:44,253,0,,,256.947515,641,0,0.000000,,256.947515,coordinated_like,emurgo+iog,5.33,False,True,False,False,True,False,False,True,DORMANT_2Y_PLUS,LOW
stake1u80ra9z9p5ly7lfqv4yus47wx6g3v7sfc975q7nap78fuggxtv93t,12,10,1638.656184,2021-03-06 19:27:36,2021-05-24 20:10:27,2021-03-30 22:16:22,t,2,pool1pnzwgsgzd6t4788sfr7dxjyusepyq9xaxnpyfcngewqf29t9ayd,2021-03-30 22:16:22,258,0,,,268.378465,641,0,0.000000,,268.378465,coordinated_like,emurgo+iog,5.26,False,True,False,False,True,False,False,True,DORMANT_2Y_PLUS,LOW
stake1uy7aauk55rugrn9ef5keq4spdzd9ter009l8sggphv7ggmcxup9hf,15,10,1632.659028,2021-02-18 20:21:45,2021-09-01 06:42:05,2021-09-01 06:42:05,t,1,pool1x0qm7xsyh2za3ltprxsgael544je4hg8tc3q3v5gv232z8jt4wp,2021-02-18 20:46:33,250,0,,,287.619951,641,2,32.999184,2021-09-01 06:42:05,254.620767,coordinated_like,emurgo+iog,4.84,False,True,False,False,False,False,False,True,DORMANT_2Y_PLUS,LOW
stake1uxs3jgzl9qts43n9dfep45pkms26rua2g8l2d5yp2v4vakctczw7w,7,7,1630.912580,2021-05-06 20:51:16,2023-03-30 08:45:31,,f,0,,,,0,,,0.000000,,0,0.000000,,0.000000,coordinated_like,emurgo+iog,5.16,True,True,False,False,False,False,False,True,NEVER_SPENT_COLD,LOW
stake1uxpua7yktvx64028gyrp6h3fye4c2kvzax4mjtcld0l4q7g0r34l3,44,28,1615.592707,2021-03-23 02:36:36,2025-10-09 11:32:14,2025-10-09 11:32:14,t,1,pool1ekcsyzwexl7p2kwxxh34hy28l6772vrmff7jwmuxsa6u6fzty9z,2021-03-23 03:07:08,257,1,drep13d6sxkyz6st9h65qqrzd8ukpywhr8swe9f6357qntgjqye0gttd,2025-04-11 22:43:31,266.957943,641,5,239.416511,2025-10-09 11:32:14,27.541432,coordinated_like,iog,0.73,False,False,True,False,False,False,False,True,MIXED,MEDIUM
stake1uykuq0q2dhwr87t436jmvdngs5qgf5t4p2zuc2zcljmesxcjr9ktn,6,5,1611.096031,2021-02-20 14:24:51,2021-09-23 02:28:47,2021-09-23 02:28:47,f,0,,,,0,,,0.000000,,0,0.000000,,0.000000,coordinated_like,emurgo+iog,4.78,False,True,False,False,False,False,False,True,DORMANT_2Y_PLUS,LOW
stake1u9snu3jt5a2yh342z5gr5370w8xcd8vk6mklj52et6rqvrgg7frcg,6,6,1603.451501,2021-02-07 02:07:59,2021-05-17 06:11:00,,f,0,,,,0,,,0.000000,,0,0.000000,,0.000000,coordinated_like,emurgo+iog,5.40,True,True,False,False,False,False,False,True,NEVER_SPENT_COLD,LOW
stake1u9cl0hfgmnc7ysj7papmjcvhd4unjd5yzgh66l82cu6aw5qfp3qx6,21,21,1599.985454,2021-03-16 14:17:42,2022-06-18 18:30:16,,f,0,,,,0,,,0.000000,,0,0.000000,,0.000000,coordinated_like,emurgo+iog,5.30,True,True,False,False,False,False,False,True,NEVER_SPENT_COLD,LOW
stake1u90w6aa4q5mv2j2z7uqc5wxdu5pa9pvrcmfuj9e0kj4as4qxa4wj8,11,6,1594.265427,2021-03-17 20:32:36,2025-11-05 14:19:19,2025-11-05 14:19:19,t,1,pool1s6se64qce5rjjjhh6ufcdnc54p8qg78mlhjm38lymx99sqysvzx,2021-03-17 21:14:10,256,1,drep_always_abstain,2025-11-05 14:19:19,298.081879,641,1,55.899693,2021-10-09 19:16:33,242.182186,probable_retained_like,emurgo+iog,0.66,False,False,True,False,False,False,False,True,MIXED,MEDIUM
stake1u9ja9d9m50whf3wa7qyf4lex8emhz6ss2gq6p05dsatm2sghdl7uw,12,8,1593.412756,2021-02-05 00:22:38,2025-08-20 01:25:18,2022-05-05 15:13:32,t,3,pool12vs4c3cm0tr49c7alrevfs0xa5g3s4al4fn46h33e69uusat04v,2022-01-25 04:47:07,318,0,,,283.801722,641,1,86.190360,2022-05-05 15:13:32,197.611362,coordinated_like,emurgo+iog,4.16,False,True,False,False,False,False,False,True,DORMANT_2Y_PLUS,LOW
stake1uyfewf6np7fe5wyujr7phd045pz5mlvyeg8qjyv492xc3xcawx7yv,4,3,1559.900446,2021-02-28 07:33:33,2021-03-03 17:04:51,2021-02-28 14:46:39,t,1,pool1k0xa8wlsntmjhtw2shj3tspqd4kjyquw9tuyx5s7zz5jsyw4y2p,2021-02-28 14:46:39,252,0,,,255.990918,641,0,0.000000,,255.990918,coordinated_like,emurgo+iog,5.34,False,True,False,False,True,False,False,True,DORMANT_2Y_PLUS,LOW
stake1uyvsfnevkew9tn584jm4dhpf8shkf0zlkhwvc5fydf9m6lcxnw8rt,27,22,1552.483395,2021-03-01 16:37:42,2022-05-11 21:21:31,2022-03-08 09:24:19,t,4,pool1qvhss6kxmtl27nr4ugvypayhvt4a4vzll8p9csdg2v8q7d22llu,2022-03-08 09:24:19,327,0,,,258.389455,641,0,0.000000,,258.389455,coordinated_like,emurgo+iog,4.32,False,True,False,False,True,False,False,True,DORMANT_2Y_PLUS,LOW
stake1ux2auykmya0ywcj74xsekqrs9zxe7350jhn9sagwz73zjpcu6wrn7,18,10,1546.221164,2021-02-28 07:11:20,2024-11-28 04:24:04,2024-11-28 04:24:04,t,6,pool1smy2r8jdvgna5ykhe8rrch7h4qalyfafyzyh0rmanmq0jxptww7,2022-05-14 00:26:01,340,1,drep1jnmmkfwpta0yuwjchw0gu6csh75vy62088egy9n67d0zc7sn83m,2024-11-28 04:24:04,274.541999,641,0,0.000000,,274.541999,probable_retained_like,emurgo+iog,1.59,False,False,True,False,True,False,False,True,MIXED,MEDIUM
stake1uytpt3jcz84ahmc9eqk8ezu90utmsr64ayy2lelpur8cfuqcendrr,20,17,1541.244480,2021-02-07 15:05:52,2025-02-19 18:20:39,2025-02-19 18:20:39,t,3,pool1nudasuv0lljpe0tswcverqvlh0v4226vgnpsuxn0e9nkvnvcvne,2025-02-19 18:20:39,543,0,,,259.175983,641,0,0.000000,,259.175983,coordinated_like,emurgo+iog,1.37,False,False,True,False,True,False,False,True,MIXED,MEDIUM
stake1ux47tunfa7ducqt0dp7y5rhzxkmvd30547dj3rhnqe3tpqqkhypjm,17,15,1534.520859,2021-03-08 15:27:09,2025-02-03 19:39:42,2025-02-03 19:39:42,t,1,pool1rpjjz68kmmetyxztmrstrwgz8lxf6v0d7vqgw98r5x8rc50jrdf,2021-03-08 16:00:03,254,0,,,239.981724,641,0,0.000000,,239.981724,coordinated_like,emurgo+iog,1.41,False,False,False,False,True,False,False,True,MIXED,LOW
stake1u9h0r49vfnrvkxy9m5w8j5jx6xgdzqf4w95l9gtjms2qxgc2y2d9n,16,7,1524.397904,2021-02-28 15:34:12,2024-10-21 09:18:25,2024-10-21 09:18:25,t,4,pool1jmx55w5ydjkn4xd58gmr9xgt5t46ngs48aek779t92e7zcqfw97,2022-12-13 22:08:43,383,0,,,260.019355,640,1,123.029659,2022-12-13 22:10:28,136.989696,coordinated_like,emurgo+iog,1.70,False,False,False,False,False,False,False,True,MIXED,LOW
stake1uydmcdma98sxmapv8n029ry0w8q8e8z5npxgrc3n2tplj6qjj026x,9,5,1510.447410,2021-03-12 01:49:07,2021-05-14 14:46:51,2021-05-14 14:46:51,t,4,pool1qvhss6kxmtl27nr4ugvypayhvt4a4vzll8p9csdg2v8q7d22llu,2021-05-14 14:46:51,267,0,,,276.279502,641,0,0.000000,,276.279502,coordinated_like,emurgo+iog,5.14,False,True,False,False,True,False,False,True,DORMANT_2Y_PLUS,LOW
stake1uy2ll07ue9303qq2l0dwspm7uwdpdxqmmq853x4hzn9t22sy9f03c,7,4,1508.480221,2021-03-04 11:19:17,2023-01-01 18:44:09,2023-01-01 18:44:09,t,3,pool1jz5ljsnj4fzmk84j0wcw9ldy866dn07nzqg2ktyuyjvfvr3jgtq,2023-01-01 18:44:09,387,0,,,234.950682,641,0,0.000000,,234.950682,coordinated_like,emurgo+iog,3.50,False,True,False,False,True,False,False,True,DORMANT_2Y_PLUS,LOW
stake1u9ddxwry3r4et2usz2ytz3qtz35crr6ethj5s0hxqfgpukgelzhfx,4,3,1508.005863,2021-03-04 17:58:23,2021-03-06 10:15:57,2021-03-04 18:20:34,t,1,pool19w5khsnmu27au0kprw0kjm8jr7knneysj7lfkqvnu66hyz0jxsx,2021-03-04 18:20:34,253,0,,,283.085554,641,0,0.000000,,283.085554,coordinated_like,emurgo+iog,5.33,False,True,False,False,True,False,False,True,DORMANT_2Y_PLUS,LOW
stake1uxajcrly2gmkkce3wea84y3g2k4zseuthcduzkg5dpdmpucuwnf9z,15,11,1502.197395,2021-02-22 17:50:16,2022-02-11 22:34:30,2022-02-11 22:34:30,t,2,pool1zmfpd5r5vfwjmwm4cgy53exe58h7plnecny3t4948yw7zumzp4c,2021-02-22 18:27:45,251,0,,,230.838661,641,0,0.000000,,230.838661,coordinated_like,emurgo+iog,4.39,False,True,False,False,True,False,False,True,DORMANT_2Y_PLUS,LOW
stake1uyyqqqr95yvxc8pt6vq946g27kkrzg4udcemg9mjphrpgdqmugqar,23,13,1500.045677,2021-01-07 06:00:43,2024-11-16 12:39:08,2024-11-16 12:39:08,t,4,pool1sr953s548fudyhmfm082xp0mensv2gxzt4qpe466ykw0z3jjzvv,2022-03-31 18:07:22,331,1,drep15jspgw8ea9pw3w0fwyqam2lw58ulw7z6qhr8qyuah7j0yj962w7,2024-11-12 04:05:36,273.909466,640,2,228.800764,2024-11-12 04:10:24,45.108702,probable_retained_like,emurgo+iog,1.63,False,False,True,False,False,False,False,True,MIXED,MEDIUM
stake1uxlv60rdskztztl26md2fd92waj678aacwk7t37fkwk0fxgchv0dx,14,6,1499.193337,2021-02-21 04:50:10,2021-03-27 10:09:22,2021-03-27 10:09:22,t,7,pool1grgycym8cf0xmgjjr7gx7udmkpu93hqaygysy5myx6ghx8dvl5r,2021-03-27 10:09:22,258,0,,,281.910315,641,1,0.438041,2021-03-12 18:27:48,281.472274,coordinated_like,emurgo+iog,5.27,False,True,False,False,False,False,False,True,DORMANT_2Y_PLUS,LOW
stake1uymm798q74p254hl8frn5ym86p5auvltsmz50x5ad5u2t8gnak2v9,2,2,1498.498000,2021-03-18 04:08:31,2021-03-18 04:18:28,,f,0,,,,0,,,0.000000,,0,0.000000,,0.000000,coordinated_like,emurgo+iog,5.29,True,True,False,False,False,False,False,True,NEVER_SPENT_COLD,LOW
stake1uxzk5kld4zu8xph23rz6p8nhdnsrzn70y9rmdhmul5wrnlccx6kvs,6,6,1490.764010,2021-03-05 15:25:03,2021-05-18 14:17:46,,f,0,,,,0,,,0.000000,,0,0.000000,,0.000000,coordinated_like,emurgo+iog,5.33,True,True,False,False,False,False,False,True,NEVER_SPENT_COLD,LOW
stake1uyyh7anxnrvj6edpp8vljweeyzlh8ck2rfv3u9a67ftsl7gc20aq3,9,6,1485.296369,2021-03-09 10:20:54,2024-11-29 13:55:03,2024-11-29 13:55:03,f,0,,,,0,,,0.000000,,0,0.000000,,0.000000,coordinated_like,emurgo+iog,1.59,False,False,False,False,False,False,False,True,MIXED,LOW
stake1uxrw2m4zzxgx82zvnz628zt00jqmw3pruhd2msc2h3ycpkqklvsrq,156,156,1472.509680,2021-03-10 02:54:02,2021-03-11 06:04:51,,f,0,,,,0,,,0.000000,,0,0.000000,,0.000000,coordinated_like,emurgo+iog,5.32,True,True,False,False,False,False,False,True,NEVER_SPENT_COLD,LOW
stake1u9r83x0f74q32j27zz5ryrv6x46snu7rl43vwwclj4tswvs5wlnkn,9,6,1470.542657,2021-02-10 12:15:08,2021-11-22 11:32:38,2021-11-22 11:24:43,t,2,pool1g0nq3m3fnvd245k4favcvutn09vce0yshg535f68d2xa54vy0cc,2021-02-12 13:32:55,249,0,,,270.050188,641,0,0.000000,,270.050188,coordinated_like,emurgo+iog,4.61,False,True,False,False,True,False,False,True,DORMANT_2Y_PLUS,LOW
stake1uxl0s879eqf7ap5fd87tk7t54vzlhsz0fs0y7qlml4cvfygpz4qwm,6,5,1456.323363,2021-02-16 18:30:02,2022-03-01 21:30:11,2021-02-20 00:24:08,t,1,pool12t3zmafwjqms7cuun86uwc8se4na07r3e5xswe86u37djr5f0lx,2021-02-20 00:24:08,251,0,,,265.619574,641,0,0.000000,,265.619574,coordinated_like,emurgo+iog,5.37,False,True,False,False,True,False,False,True,DORMANT_2Y_PLUS,LOW
stake1u89a30t6jc89zmr3evqhjvnuddwj65wdvy3nj3f7wrkup3c7wqyhw,32,21,1432.660337,2021-02-21 14:47:11,2024-12-05 11:59:33,2024-12-05 11:59:33,t,8,pool1lfvzgsrghmugvpym868mh29288ez0nncz680mamzjygu2jpuwcd,2021-11-20 00:23:38,305,1,drep_always_abstain,2024-11-12 11:03:57,227.992339,641,2,171.674301,2024-12-05 11:59:33,56.318038,probable_retained_like,emurgo+iog,1.57,False,False,True,False,False,False,False,True,MIXED,MEDIUM
stake1u84keng3a793g4u77wfr2g2fshj83j3rqekpqp2en3w6a7sd0hrj0,11,10,1412.916489,2021-03-08 19:29:07,2021-11-08 01:38:29,2021-03-08 19:34:13,t,1,pool173mzegwuu0pjcrt60ekelzj5haqr8r5e4e0n45qh9jdz7xm5kh8,2021-03-08 19:34:13,254,0,,,237.793951,641,0,0.000000,,237.793951,coordinated_like,emurgo+iog,5.32,False,True,False,False,True,False,False,True,DORMANT_2Y_PLUS,LOW
stake1uxrec89k3kdlzf3camtzp9d8dlg5m3g47jp6j3u8f6rnsrs5ewpp3,11,10,1411.670558,2021-02-24 16:05:16,2024-02-01 19:57:48,2021-11-12 14:54:36,f,0,,,,0,,,0.000000,,0,0.000000,,0.000000,coordinated_like,emurgo+iog,4.64,False,True,False,False,False,False,False,True,DORMANT_2Y_PLUS,LOW
stake1uywf6e297jnfluv8rad9365c9393vnhfflu3xhq34xe7ztg2zl8vq,6,5,1408.969310,2021-02-22 00:14:01,2022-09-25 01:49:35,2021-02-22 01:46:42,t,1,pool1uq8l234306m76unyz8kuwnkvmtvazaks6vuvyx3a3khngavvcw0,2021-02-22 01:46:42,251,0,,,224.378357,640,0,0.000000,,224.378357,coordinated_like,emurgo+iog,5.36,False,True,False,False,True,False,False,True,DORMANT_2Y_PLUS,LOW
stake1uyp6w0dfefnn4wxzxe4a4607hhqmdl4096s236k7vy97qpcuxndsv,7,7,1397.652609,2021-02-01 02:21:31,2021-02-21 09:48:50,,f,0,,,,0,,,0.000000,,0,0.000000,,0.000000,coordinated_like,emurgo+iog,5.42,True,True,False,False,False,False,False,True,NEVER_SPENT_COLD,LOW
stake1u9u8xhz3k8d8n5teqcr9y39a7nleumyjmtp5rkyyus5q2zsn276q2,102,60,1395.525233,2021-11-30 20:54:26,2024-12-10 07:43:33,2024-12-10 07:43:33,t,7,pool1prc9hna2mgamtspchrygc66s9n4tlkvh39e3t9zccef4kzc3ns2,2024-12-04 04:49:30,527,1,drep_always_abstain,2024-12-04 04:49:30,212.662865,641,18,154.912263,2024-12-10 07:43:33,57.750602,probable_retained_like,emurgo+iog,1.56,False,False,True,False,False,False,False,True,MIXED,MEDIUM
stake1ux62nslgfhdjg3kd7neh2xgvas5ajmflpnehjgt9ld9qaecysqs0r,11,10,1367.880543,2021-02-11 16:36:31,2021-09-12 08:31:57,2021-03-13 19:59:08,t,1,pool1y44fkeps7ftnnf495a7grfrwtt7hxcntaenyzu4x4vah5cud0mt,2021-03-13 19:59:08,255,0,,,29.914450,333,0,0.000000,,29.914450,coordinated_like,emurgo+iog,5.31,False,True,False,False,True,False,False,True,DORMANT_2Y_PLUS,LOW
stake1u9x0ky62l8sftn0wnenjmp6ykqz8jdp63sgrrvpqer9262cjdh3sq,12,10,1359.651222,2021-02-08 07:02:45,2022-01-23 09:50:20,2021-03-25 17:40:31,t,2,pool1lurfk0k0wwx54hlg8a7zp3jtstu57u59aeq7aketl55hknmmtu0,2021-03-25 17:40:31,257,0,,,233.668553,627,0,0.000000,,233.668553,coordinated_like,emurgo+iog,5.27,False,True,False,False,True,False,False,True,DORMANT_2Y_PLUS,LOW
stake1uxlwa0cmue60fwn589hxtph4vuxtfvvlptmc9kz864l6g8gnq6kfy,29,24,1349.953395,2021-02-08 07:42:15,2021-11-06 01:32:00,2021-09-06 11:21:35,t,3,pool1vquhv3kh6xkklckaenl8alyuhfsld57ef5573aqauueyqacx4ak,2021-09-03 01:24:05,290,0,,,230.721575,641,1,18.469727,2021-09-06 11:21:35,212.251848,coordinated_like,emurgo+iog,4.82,False,True,False,False,False,False,False,True,DORMANT_2Y_PLUS,LOW
stake1uxl33kyqcch5xdmfx08xzaudnyjmxx9atr0g74zqg03y53c8pvk2q,3,3,1347.541377,2021-03-04 06:14:39,2021-11-01 23:47:55,,f,0,,,,0,,,0.000000,,0,0.000000,,0.000000,coordinated_like,emurgo+iog,5.33,True,True,False,False,False,False,False,True,NEVER_SPENT_COLD,LOW
stake1uyq02k5apk2dx6kwly503jkzapv4d537r6sh0ajm7yzvmrsf224dq,7,6,1335.965567,2021-02-18 00:43:07,2021-03-30 12:37:20,2021-02-19 13:02:36,t,1,pool1k0xa8wlsntmjhtw2shj3tspqd4kjyquw9tuyx5s7zz5jsyw4y2p,2021-02-19 13:02:36,250,0,,,216.437962,641,0,0.000000,,216.437962,coordinated_like,emurgo+iog,5.37,False,True,False,False,True,False,False,True,DORMANT_2Y_PLUS,LOW
stake1u9ac6rzlsm9vvky739d6kdnxrxwhscj7fss2pmslhfhtsusudnged,7,5,1324.074682,2021-02-16 15:24:44,2024-11-21 17:05:34,2021-03-20 11:37:59,t,2,pool1ahazpr2yz5gljk2m4q8g7wnmq7m2sr9unhdfmr5arhqrjnntwdz,2021-03-20 11:37:59,256,0,,,259.415193,641,0,0.000000,,259.415193,coordinated_like,emurgo+iog,5.29,False,True,False,False,True,False,False,True,DORMANT_2Y_PLUS,LOW
stake1u8veqhaf4elhqjtalxev8cwzs7nllam2r2hes3huskg6jcsk7s0mx,33,26,1318.672215,2021-02-13 01:43:11,2026-06-10 16:15:19,2026-06-10 16:15:19,t,1,pool1uhy50u9y76nd6z2xmzt3mta0yc7g3gdssef8lheyyg7zzymgzm8,2021-02-17 12:21:29,250,1,drep_always_abstain,2025-02-28 11:47:53,181.948076,641,5,180.017035,2026-06-10 16:15:19,1.931041,high_confidence_retained_like,emurgo+iog,0.06,False,False,True,True,False,False,False,True,ACTIVE_MANAGED,MEDIUM
stake1u9ucn5vw00sw7rh7kp46u2lgmer0sdc0dkfx63y5el2jefq6xvupq,7,5,1308.237103,2021-04-23 20:12:57,2021-05-06 17:44:57,2021-04-27 15:54:37,t,1,pool1a4qtpgce7cu6wzc79fx7qrc3938hkl2gf8c2h5jugvm2gnu86l7,2021-04-23 20:18:45,263,0,,,229.672143,641,0,0.000000,,229.672143,coordinated_like,emurgo+iog,5.18,False,True,False,False,True,False,False,True,DORMANT_2Y_PLUS,LOW
stake1u9f6y9s5dn905t52qpgags5662arz394yk0w7a4824sdprczskgdu,4,3,1296.231613,2021-03-05 00:48:50,2021-03-29 14:58:40,2021-03-05 01:42:11,t,1,pool13annzt9hjfc822f0ejvxjf7fsmxd6cc28whpk5kagec6ggfmm7u,2021-03-05 01:42:11,253,0,,,174.515826,641,0,0.000000,,174.515826,coordinated_like,emurgo+iog,5.33,False,True,False,False,True,False,False,True,DORMANT_2Y_PLUS,LOW
stake1u94wxlzs63ywlgw7d8s3jqr257v8rtauwh9j5fahdl8fwfc7d0w30,12,8,1294.375669,2021-02-20 16:50:11,2025-07-16 06:05:05,2025-07-16 06:05:05,t,1,pool1zmfpd5r5vfwjmwm4cgy53exe58h7plnecny3t4948yw7zumzp4c,2021-04-18 13:20:26,262,1,drep1qe2l8gw8v7ydswfp9twytxcc3wzwdq8npt55f3vnlgv2u8sx3nt,2025-07-16 06:05:05,197.415953,641,1,137.519360,2024-07-09 09:24:10,59.896593,coordinated_like,iog,0.96,False,False,True,False,False,False,False,True,MIXED,MEDIUM
stake1uxxyxkh6ea4v7gq66qxhchefq9d8wrqt7jlmydqnk7fql2s25jgnc,28,17,1281.483804,2021-03-23 18:46:10,2025-08-08 22:48:54,2025-08-08 22:48:54,t,1,pool1ea568m9q882n0tx5d4vxff2dmz2n7rq5h62hx5ystq625m4tcfu,2021-03-23 19:28:33,257,1,drep_always_abstain,2025-08-03 17:19:52,192.179038,641,7,169.377055,2025-08-08 22:48:54,22.801983,coordinated_like,emurgo+iog,0.90,False,False,True,False,False,False,False,True,MIXED,MEDIUM
stake1u8c9fs2h86qmvhvqmpm9ppusczkvf32x55auru524yh8ygsr58hx2,12,10,1279.113809,2021-02-27 01:23:09,2021-05-07 13:57:21,2021-02-28 23:56:17,t,2,pool1lrnyqdlrj97d0ju5j6d9xa8prw0xeyumfd53rz5wk3gf7czqzjz,2021-02-28 23:56:17,252,0,,,191.113533,639,0,0.000000,,191.113533,coordinated_like,emurgo+iog,5.34,False,True,False,False,True,False,False,True,DORMANT_2Y_PLUS,LOW
stake1uxggc3tyrdzufgc6gg3nyajuwr8m3jzsps9qrel4gzx0g0c5jzjhc,9,5,1264.523059,2021-02-20 20:08:07,2026-03-06 08:58:10,2026-03-06 08:58:10,t,2,pool1qzlw7z5mutmd39ldyjnp8n650weqe55z5p8dl3fagac3ge0nx8l,2025-03-31 12:33:38,551,1,drep_always_abstain,2025-03-31 12:31:50,117.298013,641,1,83.626650,2025-03-31 12:33:38,33.671363,probable_retained_like,emurgo+iog,0.33,False,False,True,True,False,False,False,True,ACTIVE_MANAGED,MEDIUM
stake1u9st6xehsazufwmw5ud8jj2kls4xusj3v0g3zsgafrsdufsefvcu2,8,8,1247.761470,2021-02-26 15:15:01,2021-05-09 15:26:51,,f,0,,,,0,,,0.000000,,0,0.000000,,0.000000,coordinated_like,emurgo+iog,5.35,True,True,False,False,False,False,False,True,NEVER_SPENT_COLD,LOW
stake1uxjwkfsmc8es78amhyslkva0v97j2zt4krzace9f6ke62qqrq0qnn,8,5,1238.989717,2021-02-11 07:49:12,2021-03-14 11:16:50,2021-02-26 20:46:15,t,3,pool166dkk9kx5y6ug9tnvh0dnvxhwt2yca3g5pd5jaqa8t39cgyqqlr,2021-02-26 20:46:15,252,0,,,232.965063,641,0,0.000000,,232.965063,coordinated_like,emurgo+iog,5.35,False,True,False,False,True,False,False,True,DORMANT_2Y_PLUS,LOW
stake1ux5sv2hkzvu2vjug90mf6jyx6revdd55zwhtttggvlte24s04h85p,18,14,1236.529285,2021-02-28 13:25:10,2026-02-15 11:10:38,2021-06-07 17:28:56,t,2,pool1jt7d6ak3m8gnjyxtuxfswe258xzwda80ndl0a57vv5m2zv8h6at,2021-02-28 17:59:05,252,0,,,181.603898,641,1,0.511058,2021-04-08 00:11:29,181.092840,coordinated_like,emurgo+iog,5.07,False,True,False,False,False,False,False,True,DORMANT_2Y_PLUS,LOW
stake1uyys7ntrdgs9qdnkgw7epr5p8lf3rtvqm4pfedw27j0k4yq9xwhyd,9,7,1220.515306,2021-01-18 08:45:19,2024-11-23 17:04:40,2021-01-18 09:14:19,t,2,pool1jeu74g86ys4fekhykqcww99kdsq3nlym8a6kfw8s8ff3vskad70,2021-01-18 09:14:19,244,0,,,224.271439,641,0,0.000000,,224.271439,coordinated_like,emurgo+iog,5.45,False,True,False,False,True,False,False,True,DORMANT_2Y_PLUS,LOW
stake1u9ez87mcrt3kpqvvnz478n0q0puvrgu7649acphwfcq6j7qa8x9e6,15,11,1212.970021,2021-02-19 22:20:12,2026-03-11 19:30:58,2026-03-11 19:30:58,f,1,pool189lsf6c2upyhmrzddyvyfjxxkqnte9pw8aqx7f4cuf85sjxlm02,2023-03-17 21:12:28,402,1,drep1qe2l8gw8v7ydswfp9twytxcc3wzwdq8npt55f3vnlgv2u8sx3nt,2026-03-11 19:28:02,92.222656,618,1,92.222656,2026-03-11 19:30:58,0.000000,high_confidence_retained_like,emurgo+iog,0.31,False,False,True,True,False,False,False,True,ACTIVE_MANAGED,MEDIUM
stake1u92ygychvpmwk3hzu3fhzxv5nqfptsn7n7hfzzpmctseu3cy5jcaf,8,6,1212.152439,2021-02-12 19:24:20,2021-10-29 21:52:17,2021-10-29 21:28:39,t,1,pool1qqqqrwzy7njvjq9wph7usj5gghm3py9c97688ek8pgc7uem9cfz,2021-02-12 19:39:51,249,0,,,192.479412,641,0,0.000000,,192.479412,coordinated_like,emurgo+iog,4.68,False,True,False,False,True,False,False,True,DORMANT_2Y_PLUS,LOW
stake1u8aczq5f26tl6d8ewllldm20m08xejaj46kz2at8wh5qgucdarpdm,4,3,1204.725567,2021-02-17 18:02:59,2021-03-05 11:39:45,2021-02-17 18:10:24,t,1,pool1u6kpt8hgqcm596kukj97ghefmxn8ks2cgwg8qqe0gtgscnufk5p,2021-02-17 18:10:24,250,0,,,236.214694,641,0,0.000000,,236.214694,coordinated_like,emurgo+iog,5.37,False,True,False,False,True,False,False,True,DORMANT_2Y_PLUS,LOW
stake1uy8kpacpeyggy4e7ns2kmzu7m70e6jsswkhr0u6ayhmtzzqzqrh7p,26,16,1201.882700,2020-11-14 08:57:41,2024-02-08 10:42:21,2024-02-08 10:42:21,f,0,,,,0,,,0.000000,,0,0.000000,,0.000000,coordinated_like,emurgo+iog,2.40,False,True,False,False,False,False,False,True,DORMANT_2Y_PLUS,LOW
stake1uy6lfjc7n7ctdzw848yj50cv9u9z6y0c42djmgkeqchmcsq76pwh5,4,3,1201.469948,2021-02-28 10:32:15,2021-03-20 06:50:34,2021-02-28 13:59:34,t,1,pool1pnzwgsgzd6t4788sfr7dxjyusepyq9xaxnpyfcngewqf29t9ayd,2021-02-28 13:59:34,252,0,,,199.843652,641,0,0.000000,,199.843652,coordinated_like,emurgo+iog,5.34,False,True,False,False,True,False,False,True,DORMANT_2Y_PLUS,LOW
stake1uy2vaaw0azn4g66wp9un3jazpvhwx2x7f744au4m7panemsrha72z,17,16,1200.784184,2021-02-12 18:24:51,2021-05-22 03:06:29,2021-02-13 21:07:42,t,1,pool1yc6f3cqsc7jfh07hcns64v5cp8720mve870pgxf2wkr3u8l7tse,2021-02-13 21:07:42,249,0,,,221.440043,641,0,0.000000,,221.440043,coordinated_like,emurgo+iog,5.38,False,True,False,False,True,False,False,True,DORMANT_2Y_PLUS,LOW
stake1ux58tjnrtfm4jzkkxqdgpcaa77q0cpemm7e5qfuvlrsmsxglzn8wm,5,5,1194.200000,2021-01-17 03:56:42,2021-03-01 07:41:07,,f,0,,,,0,,,0.000000,,0,0.000000,,0.000000,coordinated_like,emurgo+iog,5.46,True,True,False,False,False,False,False,True,NEVER_SPENT_COLD,LOW
stake1u943eu7tkctwf50sz325egh9x7zchuf2d7h4tzxudevqcug4z5hmh,4,3,1193.447263,2021-03-07 10:44:51,2022-02-21 05:59:08,2021-03-09 20:26:23,t,1,pool189lsf6c2upyhmrzddyvyfjxxkqnte9pw8aqx7f4cuf85sjxlm02,2021-03-09 20:26:23,254,0,,,224.948642,641,0,0.000000,,224.948642,coordinated_like,emurgo+iog,5.32,False,True,False,False,True,False,False,True,DORMANT_2Y_PLUS,LOW
stake1u99k222mvxvv4wl7fsz0lvdsme93vjt76hcgad5sx0n7s8gyesh8k,7,5,1183.012806,2021-02-25 15:31:06,2021-03-05 01:25:38,2021-02-26 00:37:59,t,2,pool12z39rkzfylvn9wfe8j6x9ucq6g2l4mw4azj70y0gd8ejczznyj3,2021-02-26 00:37:59,252,0,,,230.679891,641,0,0.000000,,230.679891,coordinated_like,emurgo+iog,5.35,False,True,False,False,True,False,False,True,DORMANT_2Y_PLUS,LOW
stake1u9vyxgfy4k2lpcj2zse8wyzgysykkcxux9hmy27d2ne5nrcf5yenj,8,6,1181.814934,2021-03-01 03:26:10,2021-05-26 11:10:37,2021-04-12 10:46:34,t,2,pool1jqxp8hn0ywdrg3clzha9c2u7qh3zsh68u55wh50vdmecupc5rxs,2021-04-12 10:46:34,261,0,,,0.629265,262,0,0.000000,,0.629265,coordinated_like,emurgo+iog,5.22,False,True,False,False,True,False,False,True,DORMANT_2Y_PLUS,LOW
stake1uyyc9efsx4kkvkee2e3r8qg5s4w809k2yq2zh69sz9mpcpg8h22j0,31,31,1174.406018,2021-02-22 10:51:31,2022-04-04 06:28:15,,f,0,,,,0,,,0.000000,,0,0.000000,,0.000000,coordinated_like,emurgo+iog,5.36,True,True,False,False,False,False,False,True,NEVER_SPENT_COLD,LOW
stake1u86vzudtzctmxcdhq200tegmlfmfkzz8radk5z52vnxldvgc2h0np,2,2,1169.700000,2021-03-05 22:35:57,2021-03-05 22:47:04,,f,0,,,,0,,,0.000000,,0,0.000000,,0.000000,coordinated_like,emurgo+iog,5.33,True,True,False,False,False,False,False,True,NEVER_SPENT_COLD,LOW
stake1u9ny8h3qsgytkt7w6awn062anynncqt7af4l6n5ztv8wy9gxdvg8y,6,5,1166.407691,2021-02-03 11:00:31,2024-11-22 08:24:54,2021-03-02 13:56:27,t,1,pool16kus5xvdysgmtjp0hhlwt72tsm0yn2zcn0a8wg9emc6c75lxvmc,2021-03-02 13:56:27,253,0,,,120.585345,641,0,0.000000,,120.585345,coordinated_like,emurgo+iog,5.34,False,True,False,False,True,False,False,True,DORMANT_2Y_PLUS,LOW
stake1u826ycfjvhn9dwny4tzezzk52l64udcycxehpap8xkw2q7ghxx37x,2,2,1151.367672,2021-03-05 03:55:42,2021-03-22 03:32:56,,f,0,,,,0,,,0.000000,,0,0.000000,,0.000000,coordinated_like,emurgo+iog,5.33,True,True,False,False,False,False,False,True,NEVER_SPENT_COLD,LOW
stake1uxjlpql7lwekxu8dwdgrfheqanlr3pjk0walw3fxd9mswlq65txqp,6,6,1151.257584,2021-02-03 20:15:55,2021-12-23 00:06:10,,f,0,,,,0,,,0.000000,,0,0.000000,,0.000000,coordinated_like,emurgo+iog,5.41,True,True,False,False,False,False,False,True,NEVER_SPENT_COLD,LOW
stake1u929jyfsn6ss0nxy0zchg5cx8gqd9pamwgt7y6cwdpu7rvcgwsr6s,14,8,1149.499399,2021-02-09 13:09:11,2023-12-05 18:53:32,2023-12-05 18:53:32,t,3,pool17taqml487n9t4r9a6ppvf9qv0qlw2lu4zcrzwfdsfcv6xp7uqym,2023-11-01 19:46:02,447,0,,,312.689100,641,3,233.586977,2023-12-05 18:53:32,79.102123,coordinated_like,emurgo+iog,2.58,False,True,False,False,False,False,False,True,DORMANT_2Y_PLUS,LOW
stake1u99r8qkx9zkl73jqxk424ds9tppyw5u9rup8hvw42plchxqfhqjeg,5,4,1147.907500,2021-02-09 09:34:32,2021-03-07 01:55:17,2021-02-09 09:54:14,t,1,pool1gtphgrdj8sluxm9e7ca2spcwcq2p0dxj9zf5v0yv3gsagzq704n,2021-02-09 09:54:14,248,0,,,220.986502,641,0,0.000000,,220.986502,coordinated_like,emurgo+iog,5.39,False,True,False,False,True,False,False,True,DORMANT_2Y_PLUS,LOW
stake1uycatxlssaevl090cfw5mrc7ez3av5jcct8dyyn54hu0vhql2nm5z,11,9,1142.338208,2021-03-07 14:32:16,2022-05-26 08:56:03,2022-05-26 08:56:03,t,1,pool1uhy50u9y76nd6z2xmzt3mta0yc7g3gdssef8lheyyg7zzymgzm8,2021-03-07 14:40:54,254,0,,,199.076332,641,1,58.230219,2022-05-26 08:56:03,140.846113,coordinated_like,emurgo+iog,4.10,False,True,False,False,False,False,False,True,DORMANT_2Y_PLUS,LOW
stake1u892mr2dqs2fmke5p60avjwkggw42l57zh39mjmmu30qn5srvdvsn,12,12,1136.198115,2021-03-01 13:43:53,2021-10-16 17:11:22,,f,0,,,,0,,,0.000000,,0,0.000000,,0.000000,coordinated_like,emurgo+iog,5.34,True,True,False,False,False,False,False,True,NEVER_SPENT_COLD,LOW
stake1uyjenh3r70fc0z403g7cgd82v95vwf8zxfwatz832lfu2dc8ndaha,18,14,1128.078325,2021-01-18 10:08:11,2026-02-22 02:34:07,2026-02-22 02:34:07,t,2,pool1n0uxgs5qfk5n9xl7qvq9jt8zuu02cntrsjnjayjlqtejyffnemj,2026-02-22 02:34:07,616,1,drep1ectemlv45xsnvenfgkhwsxncfvxev4qllj7x5w6vlfc7kmd9zcs,2026-02-22 02:34:07,141.258004,641,0,0.000000,,141.258004,coordinated_like,iog,0.36,False,False,True,True,True,False,False,True,ACTIVE_MANAGED,MEDIUM
stake1uxu2jkkvrumm9pndlc53p4xyhqle2yrd4mrz6gh89uawyssums7xg,13,10,1127.243736,2021-03-25 10:31:12,2022-11-01 23:21:46,2021-03-27 15:22:01,t,3,pool1pnzwgsgzd6t4788sfr7dxjyusepyq9xaxnpyfcngewqf29t9ayd,2021-03-27 15:22:01,258,0,,,156.433007,641,0,0.000000,,156.433007,coordinated_like,emurgo+iog,5.27,False,True,False,False,True,False,False,True,DORMANT_2Y_PLUS,LOW
stake1uxr0ez93gu8wjv90kynvxqxmadnmx9j5z9rz5sr37tdccackglhe7,5,3,1119.086289,2021-03-04 10:09:37,2021-05-19 16:44:12,2021-05-19 16:44:12,t,1,pool1gtphgrdj8sluxm9e7ca2spcwcq2p0dxj9zf5v0yv3gsagzq704n,2021-03-04 10:20:09,253,0,,,211.378252,641,1,9.150227,2021-05-19 16:44:12,202.228025,coordinated_like,emurgo+iog,5.12,False,True,False,False,False,False,False,True,DORMANT_2Y_PLUS,LOW
stake1uxlpgewcywfht9r3c2h7k3ltzas6thqhss5rup008nze2rqru72a2,14,8,1101.213067,2021-03-04 01:13:44,2022-11-02 04:11:07,2022-11-02 04:11:07,t,2,pool1mh4ng2ldxk4sqfppzu6r4knxrk6e87e9c4wgrred84uy7xauzlh,2021-05-26 06:53:41,270,0,,,145.210294,641,3,28.747106,2022-11-02 04:11:07,116.463188,coordinated_like,emurgo+iog,3.67,False,True,False,False,False,False,False,True,DORMANT_2Y_PLUS,LOW
stake1u9txppfl8ddztthkm0zy7pp7nqzzn0wgggdyhvsvewfla3g78kkv5,2,2,1100.415185,2021-02-25 07:37:34,2021-03-04 18:57:37,,f,0,,,,0,,,0.000000,,0,0.000000,,0.000000,coordinated_like,emurgo+iog,5.35,True,True,False,False,False,False,False,True,NEVER_SPENT_COLD,LOW
stake1uyf9gnm69kpgk46pysfq7gw7tgvxs8gu575yg8k0tqyvkqgae0hl4,14,7,1100.096594,2021-01-16 19:07:46,2025-10-08 20:33:28,2025-10-08 20:33:28,t,1,pool15wkxegrfflzcyhurrjxsm9ljqtz09xr5rtnqsarnp7hmsz5um3t,2021-08-27 14:19:07,288,0,,,459.818162,641,0,0.000000,,459.818162,coordinated_like,emurgo+iog,0.73,False,False,False,False,True,False,False,True,MIXED,LOW
stake1uyhvkuwczn9p3t86avryl24c4fezq4wmq0p2mg0hadrgaggfgekza,4,3,1099.624863,2021-02-18 16:43:09,2021-03-04 14:05:57,2021-02-18 17:11:53,t,1,pool106p2jjwuwagq2as7cdzx4y6cyc2pdj7a3h3vv5cvkvnskegff3w,2021-02-18 17:11:53,250,0,,,203.806364,641,0,0.000000,,203.806364,coordinated_like,emurgo+iog,5.37,False,True,False,False,True,False,False,True,DORMANT_2Y_PLUS,LOW
stake1uympdeacu9dxnw7t4vzedht9ccyrvrkv5waczh4yku65flqpp6kq9,3,3,1098.400000,2021-03-15 20:08:40,2021-03-18 21:04:32,,f,0,,,,0,,,0.000000,,0,0.000000,,0.000000,coordinated_like,emurgo+iog,5.30,True,True,False,False,False,False,False,True,NEVER_SPENT_COLD,LOW
stake1u8j2fcx5pxal4y83cc8qk7rp0zp8xf3m4punvmjaz8me0qqy59pyr,2,2,1097.663397,2021-03-06 17:43:11,2021-03-06 22:50:25,,f,0,,,,0,,,0.000000,,0,0.000000,,0.000000,coordinated_like,emurgo+iog,5.32,True,True,False,False,False,False,False,True,NEVER_SPENT_COLD,LOW
stake1u944gc0s8hfx48umrqw65hzcyevvdtnakqq0e8w5qffnsrq30dpe9,12,10,1088.238484,2021-03-03 05:01:23,2025-12-18 12:07:19,2025-12-18 12:07:19,t,1,pool17qvfg2g843gw6lurru282kkex6vp3pyj6zwj99j4u6k7zvmva5a,2021-03-03 05:55:24,253,1,drep_always_abstain,2025-12-18 12:07:19,164.237331,641,0,0.000000,,164.237331,high_confidence_retained_like,emurgo+iog,0.54,False,False,True,False,True,False,False,True,MIXED,MEDIUM
stake1u9e8hxwxf8jur8ngjfw5yxkrsma3x2mcpxkqm8zy3swpxng84vktx,2,2,1080.916000,2021-03-15 22:08:50,2021-03-22 02:03:59,,f,0,,,,0,,,0.000000,,0,0.000000,,0.000000,coordinated_like,emurgo+iog,5.30,True,True,False,False,False,False,False,True,NEVER_SPENT_COLD,LOW
stake1u98t38yjl20uqm2l7eapwxk0rueez5q4scq8vugkvj0tm6s6gy38z,7,5,1075.297428,2021-02-11 07:59:27,2022-01-03 04:03:48,2022-01-03 04:03:48,t,1,pool1wf7wk3802jxtkmek6uprm77cgqx53t4qep9kwkl078w3yw0ff69,2021-02-11 20:05:30,249,0,,,189.677632,641,0,0.000000,,189.677632,coordinated_like,emurgo+iog,4.50,False,True,False,False,True,False,False,True,DORMANT_2Y_PLUS,LOW
stake1uy6gxls2ufd0nc8ywqcesjzfa7p8vxuvsm0s7cpqrywxjlc592u3l,12,11,1073.219753,2021-02-18 16:48:25,2021-05-03 14:05:37,2021-02-18 20:30:14,t,1,pool12z39rkzfylvn9wfe8j6x9ucq6g2l4mw4azj70y0gd8ejczznyj3,2021-02-18 20:30:14,250,0,,,208.225468,641,0,0.000000,,208.225468,coordinated_like,emurgo+iog,5.37,False,True,False,False,True,False,False,True,DORMANT_2Y_PLUS,LOW
stake1u9d0j6wf3kz6l2lrvz28padqr85crf68ymllcn73fy2k29qn3z3mt,8,8,1070.130000,2021-03-06 08:10:57,2021-06-21 11:28:27,,f,0,,,,0,,,0.000000,,0,0.000000,,0.000000,coordinated_like,emurgo+iog,5.33,True,True,False,False,False,False,False,True,NEVER_SPENT_COLD,LOW
stake1uxd2wg3xfsf3mlkejxv7hz7n3w5anj0j2enjpx0vszg92lsf3mmag,4,3,1066.651963,2021-03-07 04:08:22,2021-03-16 00:23:42,2021-03-13 02:16:58,t,1,pool1a4qtpgce7cu6wzc79fx7qrc3938hkl2gf8c2h5jugvm2gnu86l7,2021-03-13 02:16:58,255,0,,,194.960731,641,0,0.000000,,194.960731,coordinated_like,emurgo+iog,5.31,False,True,False,False,True,False,False,True,DORMANT_2Y_PLUS,LOW
stake1uy925r3mrppjtz52frs3xvddm9gxq39dyzarduv3vxwg3nqs0sy7q,11,11,1046.311317,2021-02-28 09:40:42,2021-05-18 03:51:22,,f,0,,,,0,,,0.000000,,0,0.000000,,0.000000,coordinated_like,emurgo+iog,5.34,True,True,False,False,False,False,False,True,NEVER_SPENT_COLD,LOW
stake1uyme7pwypy9g7k770fe872qhgw35n92lappt8jhdw567wegtdxy2e,7,4,1043.596338,2021-02-21 21:46:01,2021-05-09 17:33:15,2021-05-09 17:33:15,t,2,pool1qqqz9vlskay2gv3ec5pyck8c2tq9ty7dpfm60x8shvapguhcemt,2021-03-07 08:13:49,254,0,,,45.287857,319,1,8.861860,2021-05-09 17:33:15,36.425997,coordinated_like,emurgo+iog,5.15,False,True,False,False,False,False,False,True,DORMANT_2Y_PLUS,LOW
stake1uygpjd5v6mfata78v0mzmrnh59z7rlsc8qrjlqt6f76scvshzz2kw,6,4,1033.942417,2021-03-12 16:40:59,2021-08-27 13:13:20,2021-08-27 13:13:20,f,0,,,,0,,,0.000000,,0,0.000000,,0.000000,coordinated_like,emurgo+iog,4.85,False,True,False,False,False,False,False,True,DORMANT_2Y_PLUS,LOW
stake1uxe3ad9pa8my2c49w2l4q32xxya0ena8xp8q0ydkvect8nsl5kfzz,28,21,1031.399477,2021-01-27 09:32:26,2022-01-18 03:48:19,2022-01-18 03:46:45,t,3,pool12t3zmafwjqms7cuun86uwc8se4na07r3e5xswe86u37djr5f0lx,2021-07-05 23:34:34,278,0,,,175.262264,641,0,0.000000,,175.262264,coordinated_like,emurgo+iog,4.46,False,True,False,False,True,False,False,True,DORMANT_2Y_PLUS,LOW
stake1uxahszysek9rcfxcfhf60ys48h40epy5dp8h00fe6yjkd9qv27msk,6,5,1028.535276,2021-02-13 10:42:25,2021-05-24 01:58:05,2021-02-13 15:45:24,t,1,pool1vx9tzlkgafernd9vpjpxkenutx2gncj4yn88fpq69823qlwcqrt,2021-02-13 15:45:24,249,0,,,192.869882,641,0,0.000000,,192.869882,coordinated_like,emurgo+iog,5.38,False,True,False,False,True,False,False,True,DORMANT_2Y_PLUS,LOW
stake1u85u3ndlhvl67mascedydwjtugx9z5zcd82s9sgs2dacrlqc3aay4,2,2,1028.399802,2021-02-24 18:24:09,2021-03-02 14:45:45,,f,0,,,,0,,,0.000000,,0,0.000000,,0.000000,coordinated_like,emurgo+iog,5.35,True,True,False,False,False,False,False,True,NEVER_SPENT_COLD,LOW
stake1uxvpnkw33tptyy7xrh6w0cqa3083r9rdtm2qw8nqqq38y7qpyx6hk,9,2,1019.895862,2021-02-15 21:39:42,2024-12-06 16:51:37,2024-12-06 16:51:37,t,4,pool192pfftt48zc4x5aellvpufk6l6zxllpldw0rx82vrhqrqfhhqs2,2024-12-06 16:51:37,528,1,drep_always_abstain,2024-12-06 16:51:37,193.680628,641,0,0.000000,,193.680628,probable_retained_like,emurgo+iog,1.57,False,False,True,False,True,False,False,True,MIXED,MEDIUM
stake1uywnyh6t6j3jzdlqkdjsfqkmrrdszrzgw05h4gq8p8z2m3srf7dry,7,6,1019.642063,2021-03-03 17:07:55,2025-01-17 13:57:52,2021-03-03 18:39:07,t,1,pool1xytvsd9qnvqxpthh9p8k85e823trvn3npxeur8kr9zhkqz5uls9,2021-03-03 18:39:07,253,0,,,196.218983,641,0,0.000000,,196.218983,coordinated_like,emurgo+iog,5.33,False,True,False,False,True,False,False,True,DORMANT_2Y_PLUS,LOW
stake1u9588hkvtxmafl7clqmffqwudcztxgngludt5z4l2tzjsjsculr4d,4,4,1015.915733,2021-03-05 15:57:07,2021-03-16 07:15:15,,f,0,,,,0,,,0.000000,,0,0.000000,,0.000000,coordinated_like,emurgo+iog,5.33,True,True,False,False,False,False,False,True,NEVER_SPENT_COLD,LOW
stake1ux928yzuqe57sf2dsr8u3p9d5m9f0cyv488h9hyh6qx2heqq27kzj,2,2,1014.146657,2021-02-23 16:57:38,2021-02-28 08:58:26,,f,0,,,,0,,,0.000000,,0,0.000000,,0.000000,coordinated_like,emurgo+iog,5.36,True,True,False,False,False,False,False,True,NEVER_SPENT_COLD,LOW
stake1uyl3dn53l6csm7srupn23fen8qxgswkxph35kzqn6p3838gs4ftcc,19,5,1008.177052,2021-01-07 02:01:43,2025-12-06 19:48:36,2025-12-06 19:48:36,t,5,pool1sysgx87cwxnqy0pqn8g97gdhd0dmre9rw3jvpn2k7apuwa7cgkn,2025-12-06 19:48:03,601,2,drep1ectemlv45xsnvenfgkhwsxncfvxev4qllj7x5w6vlfc7kmd9zcs,2025-12-06 19:48:03,135.860765,641,7,123.848863,2025-12-06 19:48:36,12.011902,coordinated_like,iog,0.57,False,False,True,False,False,False,False,True,MIXED,MEDIUM
stake1u9g5v6hw5a2pjstluzsn4lsl8felhx925smwgrh0w9z04hqc00y0h,4,3,1005.206700,2021-03-03 20:00:55,2021-03-12 12:44:31,2021-03-05 18:41:48,t,1,pool13annzt9hjfc822f0ejvxjf7fsmxd6cc28whpk5kagec6ggfmm7u,2021-03-05 18:41:48,253,0,,,136.802952,641,0,0.000000,,136.802952,coordinated_like,emurgo+iog,5.33,False,True,False,False,True,False,False,True,DORMANT_2Y_PLUS,LOW
stake1uy69fnhk62qevs8acrkm90394amc0k5e3dhcpkzqxc7468s98pl69,17,16,1002.609883,2021-02-16 19:59:57,2022-10-06 16:24:17,2021-08-21 18:09:02,t,1,pool16fyda57p3c8gp5r6gmcq5tvqsp6mnzwvkxswgznkuh8wztrp6vv,2021-08-21 18:09:02,287,0,,,139.757810,641,0,0.000000,,139.757810,coordinated_like,emurgo+iog,4.86,False,True,False,False,True,False,False,True,DORMANT_2Y_PLUS,LOW
stake1u93mrg307d04e5vwu7rp9zhxg395jael5heyudjm3nd398g23ukrh,2,2,1001.978560,2021-02-16 19:06:48,2021-03-07 08:51:31,,f,0,,,,0,,,0.000000,,0,0.000000,,0.000000,coordinated_like,emurgo+iog,5.37,True,True,False,False,False,False,False,True,NEVER_SPENT_COLD,LOW
stake1uygj87r0f65kawthk2mrtv278mfq7eglsg6ugqh4jfvwqacfx5hd5,7,6,1001.163700,2021-03-04 16:25:46,2025-01-17 13:57:52,2021-03-04 18:49:44,t,1,pool1xytvsd9qnvqxpthh9p8k85e823trvn3npxeur8kr9zhkqz5uls9,2021-03-04 18:49:44,253,0,,,191.609094,641,0,0.000000,,191.609094,coordinated_like,emurgo+iog,5.33,False,True,False,False,True,False,False,True,DORMANT_2Y_PLUS,LOW
stake1u8k898sc8pe80lfauqfngnvychvmmysd3aw6trf95929qmsl8dgq9,2,2,1000.000000,2021-03-02 15:03:56,2021-03-11 03:52:34,,f,0,,,,0,,,0.000000,,0,0.000000,,0.000000,coordinated_like,emurgo+iog,5.34,True,True,False,False,False,False,False,True,NEVER_SPENT_COLD,LOW
stake1uykw5uddvk5p58wnlmalr49zsxhmw7xcdky6378q0x5dt7gnwmg6a,9,8,996.727879,2021-02-16 20:18:35,2023-04-13 14:45:40,2021-02-17 14:28:35,t,1,pool1kffetqjt06qvk4995tz3e3q9h3c8cdq9eedrz8qr3ynnc63qckz,2021-02-17 14:28:35,250,0,,,59.387600,639,0,0.000000,,59.387600,coordinated_like,emurgo+iog,5.37,False,True,False,False,True,False,False,False,DORMANT_2Y_PLUS,INDETERMINATE
stake1u8rzuhuvjpgew8rn5nv6j0jwe5uht3mrpxw8fcq2ptpnsrcc6q5yn,23,10,981.980650,2021-02-23 21:28:27,2026-06-22 18:11:30,2026-06-22 18:11:30,t,8,pool1wt0pf4u2xktp0f7apveu242w6nkm4ltk3m8g039lvuhwq4zdtf3,2022-04-21 05:33:46,336,1,drep1ectemlv45xsnvenfgkhwsxncfvxev4qllj7x5w6vlfc7kmd9zcs,2026-06-22 18:11:30,170.952576,641,0,0.000000,,170.952576,coordinated_like,iog,0.03,False,False,True,True,True,False,False,False,ACTIVE_MANAGED,INDETERMINATE
stake1u820cnjyyzgg7nvdrkhts77xkdzztgcg2q8w4q9a44gmqwgppvagu,41,4,978.767812,2021-01-09 14:53:59,2025-06-11 09:50:25,2025-01-06 06:09:31,t,3,pool1jt7d6ak3m8gnjyxtuxfswe258xzwda80ndl0a57vv5m2zv8h6at,2021-03-16 23:58:10,256,1,drep_always_no_confidence,2024-10-24 21:01:25,563.426259,641,9,504.665041,2024-10-24 21:05:59,58.761218,coordinated_like,emurgo+iog,1.49,False,False,True,False,False,False,False,False,MIXED,INDETERMINATE
stake1u9llpxtpfrzu6cxrff5sm0suy8gfpmr2qhnxlv53hpma9eqpj6wfj,6,4,977.619950,2021-02-18 19:54:51,2021-05-14 20:10:59,2021-04-27 14:12:44,t,2,pool1ppznyu6qrvlw9uuqa3tslryjd40nh56jyvmaqw6kdf4kzq3y8kh,2021-04-27 14:12:44,264,0,,,183.382551,641,0,0.000000,,183.382551,coordinated_like,emurgo+iog,5.18,False,True,False,False,True,False,False,False,DORMANT_2Y_PLUS,INDETERMINATE
stake1uxa40ehrcs7x9k042fs2qyz90e3jvv5v70rdsrr5ugye5rsw93qps,4,3,976.125396,2021-02-11 10:12:57,2021-03-03 21:13:29,2021-02-11 10:28:23,t,1,pool1aqg6fvhcaulvss2ruvpx6ur9vj7pejvdcxv6xp0qlwuwx94evf0,2021-02-11 10:28:23,249,0,,,180.627133,641,0,0.000000,,180.627133,coordinated_like,emurgo+iog,5.39,False,True,False,False,True,False,False,False,DORMANT_2Y_PLUS,INDETERMINATE
stake1uyc2j8jm72e8gsrp2ukklsjygq2kq0qrmq86kl5q6ltjx0caaq9j2,6,6,976.000000,2021-02-10 10:39:24,2021-03-05 09:02:34,,f,0,,,,0,,,0.000000,,0,0.000000,,0.000000,coordinated_like,emurgo+iog,5.39,True,True,False,False,False,False,False,False,NEVER_SPENT_COLD,INDETERMINATE
stake1uy3myvgfg6kh4k5e9h5zzngtxyjna5angcmfw655na7rw2gq8f9v2,3,3,971.000000,2021-03-16 10:32:38,2021-03-19 08:25:44,,f,0,,,,0,,,0.000000,,0,0.000000,,0.000000,coordinated_like,emurgo+iog,5.30,True,True,False,False,False,False,False,False,NEVER_SPENT_COLD,INDETERMINATE
stake1u9r23zlkld4xqqvl5vex390gfs4xufac9tuzch846nzgltchcpv6u,6,3,968.035093,2021-02-09 21:46:31,2021-10-19 20:03:44,2021-10-19 20:03:44,t,3,pool16kus5xvdysgmtjp0hhlwt72tsm0yn2zcn0a8wg9emc6c75lxvmc,2021-10-19 20:03:44,299,0,,,185.101434,641,0,0.000000,,185.101434,coordinated_like,emurgo+iog,4.70,False,True,False,False,True,False,False,False,DORMANT_2Y_PLUS,INDETERMINATE
stake1uysjmmyt99qu2t3h8d08d58rnz63czjdnh4820hj5muveuq4w9cne,12,7,962.943404,2021-03-12 17:12:12,2025-07-27 20:50:41,2025-07-27 20:47:24,t,2,pool138m7hevnvp664cmtralju857t5k7e4frpnaevtgpuykggr50kne,2021-04-15 13:03:04,261,1,drep_always_abstain,2025-07-27 20:47:24,172.860189,641,1,9.397374,2021-06-02 10:12:15,163.462815,high_confidence_retained_like,emurgo+iog,0.93,False,False,True,False,False,False,False,False,MIXED,INDETERMINATE
stake1uyrv2crfa42wrejea4aq9f35ffr939m84y3sm3pz27z4k5qcxu60e,6,4,925.002736,2021-02-28 19:41:51,2022-01-13 02:18:42,2022-01-13 02:18:42,t,2,pool1wf7wk3802jxtkmek6uprm77cgqx53t4qep9kwkl078w3yw0ff69,2022-01-13 02:18:42,316,0,,,164.187518,641,0,0.000000,,164.187518,coordinated_like,emurgo+iog,4.47,False,True,False,False,True,False,False,False,DORMANT_2Y_PLUS,INDETERMINATE
stake1uxncqtluqwgtppq4szg8vgnh0c5z9sykxr5g3dsemq4995g7lt9ed,20,15,910.752274,2021-02-19 20:47:26,2023-02-24 20:36:05,2021-12-10 18:39:09,t,5,pool12vs4c3cm0tr49c7alrevfs0xa5g3s4al4fn46h33e69uusat04v,2021-12-10 18:39:09,309,0,,,144.928159,641,0,0.000000,,144.928159,coordinated_like,emurgo+iog,4.56,False,True,False,False,True,False,False,False,DORMANT_2Y_PLUS,INDETERMINATE
stake1uyxvfazudls806udmxtujkjaw5um8me7klc3wljsxqrk40s93f4ql,2,2,907.800000,2021-02-28 13:27:31,2021-03-09 12:15:22,,f,0,,,,0,,,0.000000,,0,0.000000,,0.000000,coordinated_like,emurgo+iog,5.34,True,True,False,False,False,False,False,False,NEVER_SPENT_COLD,INDETERMINATE
stake1uyaj2k6r7pjhhh69s6g5sycvxc7tf5plze8ztdu84rgnw3cuy983v,4,3,900.832525,2021-01-21 14:40:09,2021-03-31 16:39:31,2021-01-23 14:49:19,t,1,pool19asxjgd6ah9ddzauwede4wpt9vsp6s4ax5nz297wt47evc9sn7z,2021-01-23 14:49:19,245,0,,,172.423468,641,0,0.000000,,172.423468,coordinated_like,emurgo+iog,5.44,False,True,False,False,True,False,False,False,DORMANT_2Y_PLUS,INDETERMINATE
stake1uy2f3gmua7m4cfhpj66ax8f5u0yvmmmgf2h4s2sxttkc8usd43t68,6,3,898.073383,2021-03-17 14:23:37,2021-06-07 03:10:29,2021-06-07 03:10:29,t,2,pool1lhgjma5lejn65er7lxfsqxa0lgcv9r9wrntse9wjm834qp89chh,2021-03-17 15:52:41,256,0,,,83.962853,466,0,0.000000,,83.962853,coordinated_like,emurgo+iog,5.07,False,True,False,False,True,False,False,False,DORMANT_2Y_PLUS,INDETERMINATE
stake1uyuxgwe70rqs25wa42f6y9rr7jah4v5v0dqz538hphwfw8gjp83as,9,7,897.870770,2021-02-11 06:44:51,2025-10-11 11:40:44,2021-02-13 05:00:53,f,0,,,,0,,,0.000000,,0,0.000000,,0.000000,coordinated_like,emurgo+iog,5.38,False,True,False,False,False,False,False,False,DORMANT_2Y_PLUS,INDETERMINATE
stake1u94ex5cg86mfjfh9360sj2q7v9sqsxgq6cae7qfq38xgt0qtuzgf6,10,9,883.479721,2021-03-03 18:49:49,2021-11-13 10:33:08,2021-03-05 08:47:35,t,1,pool16knnvtezwzmgpnu8v03wht6y4u7mwfc7qz6y2yk62w4as4qymat,2021-03-05 08:47:35,253,0,,,93.131838,641,0,0.000000,,93.131838,coordinated_like,emurgo+iog,5.33,False,True,False,False,True,False,False,False,DORMANT_2Y_PLUS,INDETERMINATE
stake1u8ucf5glxq206njyexk4m50svl40dtpwz62095w34qgxursl5964j,10,4,881.163486,2021-01-02 21:27:21,2025-07-06 17:06:56,2025-07-06 17:06:56,t,4,pool1ekcsyzwexl7p2kwxxh34hy28l6772vrmff7jwmuxsa6u6fzty9z,2025-07-06 17:06:56,570,1,drep_always_abstain,2024-12-09 09:16:09,159.053686,641,2,5.474599,2021-03-15 11:15:10,153.579087,coordinated_like,emurgo+iog,0.99,False,False,True,False,False,False,False,False,MIXED,INDETERMINATE
stake1u8xfe92kdrqc057ccuzxmevv3v4n2mahr4fjxc0zw82uq5gvrd3kd,4,4,876.163699,2021-02-21 10:55:42,2021-03-06 17:38:06,,f,0,,,,0,,,0.000000,,0,0.000000,,0.000000,coordinated_like,emurgo+iog,5.36,True,True,False,False,False,False,False,False,NEVER_SPENT_COLD,INDETERMINATE
stake1u8y09xqfaa4ku7svunj9x9spvmnhuyewfkku0et7vuum3tsl4wult,13,9,862.949650,2021-01-05 15:00:01,2022-01-04 15:59:59,2022-01-04 15:59:59,f,0,,,,0,,,0.000000,,0,0.000000,,0.000000,coordinated_like,emurgo+iog,4.49,False,True,False,False,False,False,False,False,DORMANT_2Y_PLUS,INDETERMINATE
stake1uy2hhg0ukyd9k52rwwlmmxcvwa68fzy4k5x9gr53czrpthsnpfeth,10,7,862.746160,2021-02-12 11:55:02,2021-05-21 00:18:37,2021-03-07 01:27:27,t,3,pool1ddg6t2h9kj6lqlec4ncjs945lzj43m3ggrgdhf5sgzhtygpkznz,2021-03-07 01:27:27,254,0,,,159.354767,641,0,0.000000,,159.354767,coordinated_like,emurgo+iog,5.32,False,True,False,False,True,False,False,False,DORMANT_2Y_PLUS,INDETERMINATE
stake1u8mkc7r0d0phtcylhkcqynlsywwdjll56dazchngdascewcgmg6jm,4,4,850.057866,2021-03-09 17:30:42,2021-05-24 21:21:50,,f,0,,,,0,,,0.000000,,0,0.000000,,0.000000,coordinated_like,emurgo+iog,5.32,True,True,False,False,False,False,False,False,NEVER_SPENT_COLD,INDETERMINATE
stake1uxp84cufncehtefkpmy3djeuc4jp5z5wekrpxu47lwk5xugspdv78,7,6,849.966567,2021-01-24 03:58:53,2021-05-24 01:26:46,2021-02-13 02:36:22,t,1,pool10quq4wlghwrvmhdzc7geq22pyhzegccwj56ax2g8hx0cjfahufs,2021-02-13 02:36:22,249,0,,,152.581096,641,0,0.000000,,152.581096,coordinated_like,emurgo+iog,5.38,False,True,False,False,True,False,False,False,DORMANT_2Y_PLUS,INDETERMINATE
stake1u8azj0zeraae0l0vzthh33sm2w4ks6pkwkzzesmjnjjduksvn6hak,9,7,822.086290,2021-02-06 17:43:14,2021-05-29 18:15:32,2021-02-06 18:06:58,t,2,pool1zmfpd5r5vfwjmwm4cgy53exe58h7plnecny3t4948yw7zumzp4c,2021-02-06 18:06:58,248,0,,,146.977194,641,0,0.000000,,146.977194,coordinated_like,emurgo+iog,5.40,False,True,False,False,True,False,False,False,DORMANT_2Y_PLUS,INDETERMINATE
stake1u8asxc3cf4ljfdk8y7hwt53kw97cj7t3xzn25kzva5h0fvs69596q,5,4,820.582343,2021-03-03 07:02:04,2021-03-13 12:27:54,2021-03-03 08:01:21,t,1,pool17ynruzy9lvq0x55ks22vtf4lrrdrw2ucydh4tfzhg9kkyeaw8nf,2021-03-03 08:01:21,253,0,,,105.700498,639,0,0.000000,,105.700498,coordinated_like,emurgo+iog,5.33,False,True,False,False,True,False,False,False,DORMANT_2Y_PLUS,INDETERMINATE
stake1u892geaqjh7dngrsjth99aautptn6f02lqec0tfuenjqfzc8h8v9u,2,2,808.288200,2021-03-01 14:55:01,2021-03-03 02:18:44,,f,0,,,,0,,,0.000000,,0,0.000000,,0.000000,coordinated_like,emurgo+iog,5.34,True,True,False,False,False,False,False,False,NEVER_SPENT_COLD,INDETERMINATE
stake1uxr89d3xtgjnzxqms27hkue992u87v779tlamjqz3cg8wzcuwpxrh,54,54,803.060000,2021-01-12 10:17:33,2021-03-08 00:44:37,,f,0,,,,0,,,0.000000,,0,0.000000,,0.000000,coordinated_like,emurgo+iog,5.47,True,True,False,False,False,False,False,False,NEVER_SPENT_COLD,INDETERMINATE
stake1uxwx9qzxw4mqwsvw5w5l0uk85emxdceterkgyaqlxyge9ls4w6dat,2,2,798.000000,2021-03-02 15:03:44,2021-03-29 21:13:37,,f,0,,,,0,,,0.000000,,0,0.000000,,0.000000,coordinated_like,emurgo+iog,5.34,True,True,False,False,False,False,False,False,NEVER_SPENT_COLD,INDETERMINATE
stake1u83h0vf27rh335lcvfd44e36vtcwk87qps28ujdwtscpc6qmltqtw,9,8,772.300568,2021-02-22 18:39:30,2022-05-14 10:52:31,2021-02-22 21:46:07,t,1,pool13zh79cqv3y36cgknzagwegp8y0kuzel2j046jmup97hhjwk5myw,2021-02-22 21:46:07,251,0,,,14.201285,340,0,0.000000,,14.201285,coordinated_like,emurgo+iog,5.36,False,True,False,False,True,False,False,False,DORMANT_2Y_PLUS,INDETERMINATE
stake1u9ulw0c9fxawm2cc37g9ak8pk3x6rcjvuu35m8c8n3aseeqd9usag,5,4,764.406122,2021-01-02 20:04:01,2021-03-04 18:08:32,2021-02-10 15:28:35,t,1,pool1m4enp55hp80tf6xl7k6f6593wnyu3pr83xfvef9x3ktdw9m0em5,2021-02-10 15:28:35,249,0,,,139.816564,641,0,0.000000,,139.816564,coordinated_like,emurgo+iog,5.39,False,True,False,False,True,False,False,False,DORMANT_2Y_PLUS,INDETERMINATE
stake1uyea0h2g7ms39q7f5mxyzpjk8trczgg6rvqv5re5k6j0x4gxtf2ch,3,3,762.933300,2021-02-24 11:45:05,2021-02-25 22:25:28,,f,0,,,,0,,,0.000000,,0,0.000000,,0.000000,coordinated_like,emurgo+iog,5.35,True,True,False,False,False,False,False,False,NEVER_SPENT_COLD,INDETERMINATE
stake1ux4mlnae677g3n23dwm0g024k43h28tnzmvg2vsh447mcgqvv5sqy,7,5,761.412806,2021-02-05 13:01:27,2021-03-17 09:49:02,2021-02-25 11:09:02,t,2,pool12z39rkzfylvn9wfe8j6x9ucq6g2l4mw4azj70y0gd8ejczznyj3,2021-02-25 11:09:02,252,0,,,148.488701,641,0,0.000000,,148.488701,coordinated_like,emurgo+iog,5.35,False,True,False,False,True,False,False,False,DORMANT_2Y_PLUS,INDETERMINATE
stake1u9whjjd6mezwt49ct3nc3unxg2zkq694gyks7mdcgmcrcmqd5jd6g,5,4,759.445974,2021-02-10 07:51:14,2021-03-18 12:58:26,2021-02-10 08:54:51,t,1,pool1uj4u73qgtprqre78q75fq2vkcrpfrcdreqcqkvn6u0m2k6nk2yp,2021-02-10 08:54:51,249,0,,,134.522780,641,0,0.000000,,134.522780,coordinated_like,emurgo+iog,5.39,False,True,False,False,True,False,False,False,DORMANT_2Y_PLUS,INDETERMINATE
stake1uynyl6qxn2x60llcfm5ngtm4fywhlfwjx62q3j7zl78yt5gv0j5zw,6,6,754.644902,2021-03-03 21:34:32,2025-01-01 15:30:58,,f,0,,,,0,,,0.000000,,0,0.000000,,0.000000,coordinated_like,emurgo+iog,5.33,True,True,False,False,False,False,False,False,NEVER_SPENT_COLD,INDETERMINATE
stake1ux59a7yf27gux42f2sd7z0ux6hxjfcmsl8fmz7nr306naqq6mkf64,5,4,752.438575,2021-02-10 03:22:29,2021-07-26 01:01:39,2021-02-10 05:29:51,t,1,pool1x0qm7xsyh2za3ltprxsgael544je4hg8tc3q3v5gv232z8jt4wp,2021-02-10 05:29:51,249,0,,,130.626610,641,0,0.000000,,130.626610,coordinated_like,emurgo+iog,5.39,False,True,False,False,True,False,False,False,DORMANT_2Y_PLUS,INDETERMINATE
stake1uys34py89sgc78k39t5fjw09samxma52w7hq446fpckk9yq3kkrgf,4,3,750.375763,2021-03-03 18:12:41,2021-04-05 19:30:24,2021-04-05 19:30:24,t,1,pool1vx9tzlkgafernd9vpjpxkenutx2gncj4yn88fpq69823qlwcqrt,2021-04-05 19:30:24,259,0,,,136.216113,641,0,0.000000,,136.216113,coordinated_like,emurgo+iog,5.24,False,True,False,False,True,False,False,False,DORMANT_2Y_PLUS,INDETERMINATE
stake1u9xsfjvud9re8kh3wvhrmr57nc7cnmmjqexk4xdvyfk0gdqc0xew8,2,2,740.257000,2021-02-25 22:25:28,2021-02-25 22:38:20,,f,0,,,,0,,,0.000000,,0,0.000000,,0.000000,coordinated_like,emurgo+iog,5.35,True,True,False,False,False,False,False,False,NEVER_SPENT_COLD,INDETERMINATE
stake1uyyfsyhah8hcuk4l4fe3t9ns9acrgj70m626cc3fqfld0msdanq00,7,6,739.960160,2021-02-23 02:38:52,2021-04-07 21:18:42,2021-02-23 03:14:51,t,1,pool1vquhv3kh6xkklckaenl8alyuhfsld57ef5573aqauueyqacx4ak,2021-02-23 03:14:51,251,0,,,135.751888,641,0,0.000000,,135.751888,coordinated_like,emurgo+iog,5.36,False,True,False,False,True,False,False,False,DORMANT_2Y_PLUS,INDETERMINATE
stake1u85qt8ckg4y89enng7ealgcshyxuwesm6c0dktwrnxht2cs27vmau,9,6,738.923858,2021-01-12 12:04:59,2024-12-05 23:36:33,2024-12-05 23:08:42,t,1,pool1vnsfv2qpt5gxte9prupjey8kw7ap7t6c8lc02ks4s3gtqplhgd3,2021-01-12 12:10:03,243,1,drep_always_abstain,2024-12-05 23:03:41,118.996020,641,1,92.636114,2024-12-05 23:08:42,26.359906,high_confidence_retained_like,emurgo+iog,1.57,False,False,True,False,False,False,False,False,MIXED,INDETERMINATE
stake1ux06x5u50wckcwy2ph0qnwlusy9k5k5wc020p2vwyts6nxq6nu2jf,6,3,738.566241,2021-03-01 02:29:54,2021-04-23 03:33:35,2021-04-23 03:33:35,f,0,,,,0,,,0.000000,,0,0.000000,,0.000000,coordinated_like,emurgo+iog,5.19,False,True,False,False,False,False,False,False,DORMANT_2Y_PLUS,INDETERMINATE
stake1uxeummf5emydnt92td5mtaxg7tw66dndvw8t86vuqq7u8ucr442sj,5,4,727.817263,2021-03-06 20:45:31,2021-03-15 19:47:48,2021-03-13 20:20:04,t,1,pool1s6se64qce5rjjjhh6ufcdnc54p8qg78mlhjm38lymx99sqysvzx,2021-03-13 20:20:04,255,0,,,131.365462,641,0,0.000000,,131.365462,coordinated_like,emurgo+iog,5.31,False,True,False,False,True,False,False,False,DORMANT_2Y_PLUS,INDETERMINATE
stake1u9d48l2vja53qeuwd6k2q8tx7cj8t92fny02y4nhq34djrsjhauhz,7,5,727.264519,2021-02-28 10:30:40,2021-03-28 12:17:53,2021-03-07 09:31:16,t,2,pool1druxd2syfrvqvepxh60fz0qhralcesruphh5atujuh0jktjy0ma,2021-03-07 09:31:16,254,0,,,121.103776,641,0,0.000000,,121.103776,coordinated_like,emurgo+iog,5.32,False,True,False,False,True,False,False,False,DORMANT_2Y_PLUS,INDETERMINATE
stake1uy3zca8nhkzkglshm5rqeu0snq8nuygtjngtr8mhvwdvsdgjle6s7,4,3,717.003305,2021-01-17 23:36:55,2021-04-08 16:59:59,2021-01-17 23:45:57,t,1,pool1vc8jp7uagxgh8trzx7r260ndcydz89ges8sws05cyv7jj8q8gqs,2021-01-17 23:45:57,244,0,,,138.382744,641,0,0.000000,,138.382744,coordinated_like,emurgo+iog,5.46,False,True,False,False,True,False,False,False,DORMANT_2Y_PLUS,INDETERMINATE
stake1uyg9j4kqzdzygqm6v6r78305aw4nd25q3zv9gph5htc4sqcemfks5,11,8,709.143065,2021-02-10 16:07:39,2021-12-04 06:42:24,2021-04-13 13:11:58,t,3,pool1ld9hkah2dkzh73pvh9tf6xr0x28us34msv3zcv2sase5vhvq962,2021-04-13 13:11:58,261,0,,,125.054898,641,0,0.000000,,125.054898,coordinated_like,emurgo+iog,5.22,False,True,False,False,True,False,False,False,DORMANT_2Y_PLUS,INDETERMINATE
stake1u8g2qflnl6e9hs842yltknhcd9jyhrmfr6x5txy90rl2arq7fwygm,2,2,704.293000,2021-03-12 17:48:49,2021-03-12 17:53:58,,f,0,,,,0,,,0.000000,,0,0.000000,,0.000000,coordinated_like,emurgo+iog,5.31,True,True,False,False,False,False,False,False,NEVER_SPENT_COLD,INDETERMINATE
stake1uykr02lh5hpqdktcs5jgyu5flrcl2w6ghw7zuvm7juj2gns7q5a4m,7,6,699.329383,2021-03-02 14:31:27,2022-09-12 07:03:32,2022-09-12 07:03:32,f,0,,,,0,,,0.000000,,0,0.000000,,0.000000,coordinated_like,emurgo+iog,3.81,False,True,False,False,False,False,False,False,DORMANT_2Y_PLUS,INDETERMINATE
stake1u8fepdn88tj4zdq6hgzecne84d9ffz7twhx903hf2wx8qysfqajew,8,4,698.440309,2021-02-11 06:27:29,2021-04-23 15:21:53,2021-04-23 15:21:53,t,4,pool16knnvtezwzmgpnu8v03wht6y4u7mwfc7qz6y2yk62w4as4qymat,2021-04-23 15:21:53,263,0,,,80.393371,641,0,0.000000,,80.393371,coordinated_like,emurgo+iog,5.19,False,True,False,False,True,False,False,False,DORMANT_2Y_PLUS,INDETERMINATE
stake1u9nf4hk722hwxtvw3a9qxzd3dqfz3sgddl5r64m6tdgdhec7v8tva,3,3,678.440000,2021-02-01 14:49:02,2021-02-28 16:13:25,,f,0,,,,0,,,0.000000,,0,0.000000,,0.000000,coordinated_like,emurgo+iog,5.42,True,True,False,False,False,False,False,False,NEVER_SPENT_COLD,INDETERMINATE
stake1uxqs6fwgpd7cul97j7j4qv8jwgqt2zpkfg9celt925f76rqklzn85,17,10,678.248176,2021-01-07 04:23:58,2022-01-28 04:59:22,2022-01-28 04:55:36,t,2,pool195gdnmj6smzuakm4etxsxw3fgh8asqc4awtcskpyfnkpcvh2v8t,2022-01-04 04:06:56,314,0,,,125.902254,641,0,0.000000,,125.902254,coordinated_like,emurgo+iog,4.43,False,True,False,False,True,False,False,False,DORMANT_2Y_PLUS,INDETERMINATE
stake1u9hgp98vtvfc0h3vuczj0tc45drcc2p8h6je2uau85w7hac6ahpza,10,8,675.212049,2021-02-20 01:55:23,2026-04-24 11:12:35,2026-04-24 11:12:35,t,2,pool1hnp560z9e5acwux8tjguxq36j9r255zuf02u7z2d46dvcf5zhns,2026-04-24 11:12:35,628,1,drep_always_abstain,2026-04-24 11:12:35,109.312600,641,0,0.000000,,109.312600,high_confidence_retained_like,emurgo+iog,0.19,False,False,True,True,True,False,False,False,ACTIVE_MANAGED,INDETERMINATE
stake1u9gg7vf9z8v9lyytgfqs5sae9n7d492cgpkr4qurrkwym7g3sxftm,5,4,673.335567,2021-03-03 20:47:04,2021-03-12 12:24:01,2021-03-03 21:14:32,t,1,pool18v9r8afalh50l4lstct2awdc3zspnvurcs7t45nv29uc2mnxc6c,2021-03-03 21:14:32,253,0,,,119.615319,641,0,0.000000,,119.615319,coordinated_like,emurgo+iog,5.33,False,True,False,False,True,False,False,False,DORMANT_2Y_PLUS,INDETERMINATE
stake1uy6p5mnk797rfjfvwq8q7fz5nm3e3ulj65us4w2uxc990kg8xjxaq,12,10,668.810488,2021-03-04 00:48:04,2021-07-28 12:47:52,2021-06-05 23:51:06,t,1,pool1zk6uxgptztrxxamzd0ugrtu84xg8mjymd2xcdvxqazpruqt9r3x,2021-03-25 12:25:48,257,0,,,111.661699,641,0,0.000000,,111.661699,coordinated_like,emurgo+iog,5.07,False,True,False,False,True,False,False,False,DORMANT_2Y_PLUS,INDETERMINATE
stake1u8dhddr434lutnc63w54vf3m054geue6utpczhs4hhvrmagpztyx6,8,7,665.521978,2021-01-25 17:16:39,2021-10-10 02:46:16,2021-01-30 22:31:46,t,1,pool1zgxvcqf0dvh0ze56ev2ayjvuex3zdd3hgxzdrcezkx497mv3l7s,2021-01-30 22:31:46,247,0,,,113.750730,641,0,0.000000,,113.750730,coordinated_like,emurgo+iog,5.42,False,True,False,False,True,False,False,False,DORMANT_2Y_PLUS,INDETERMINATE
stake1u95s0uxxr966usmwjg4qtjhpzlsgwd24lsa7z6stjkfe2lqyqsn8f,11,10,665.205567,2021-02-28 07:46:16,2021-05-27 19:55:15,2021-02-28 07:59:56,t,1,pool1lhgjma5lejn65er7lxfsqxa0lgcv9r9wrntse9wjm834qp89chh,2021-02-28 07:59:56,252,0,,,63.176904,466,0,0.000000,,63.176904,coordinated_like,emurgo+iog,5.34,False,True,False,False,True,False,False,False,DORMANT_2Y_PLUS,INDETERMINATE
stake1uxwjhuxhyf9xz7985hq8f7475gpwh8yl2mtrcnsq8ltm0vqlc3hqg,2,2,656.041300,2021-03-10 20:56:17,2021-03-10 21:32:30,,f,0,,,,0,,,0.000000,,0,0.000000,,0.000000,coordinated_like,emurgo+iog,5.31,True,True,False,False,False,False,False,False,NEVER_SPENT_COLD,INDETERMINATE
stake1u8e4mjp2325knsszrf7dkyrfv0rktsdd5srf0kufrye69qc278sr3,6,5,652.552774,2021-02-06 21:22:25,2021-04-16 03:59:19,2021-02-06 21:30:00,t,1,pool1g3ssnndd8e7lcmstkjl9ane9mup0eshv3aklg63u5tznwl4ch87,2021-02-06 21:30:00,248,0,,,118.339532,641,0,0.000000,,118.339532,coordinated_like,emurgo+iog,5.40,False,True,False,False,True,False,False,False,DORMANT_2Y_PLUS,INDETERMINATE
stake1u98vt56e3qsj0m5k0er3sdxyr2klc2q3e9k2d29ufgm7xtgeqv3cv,10,9,649.765921,2021-03-02 14:08:11,2021-03-18 00:33:53,2021-03-02 15:16:02,t,1,pool16agnvfan65ypnswgg6rml52lqtcqe5guxltexkn82sqgj2crqtx,2021-03-02 15:16:02,253,0,,,123.915600,641,0,0.000000,,123.915600,coordinated_like,emurgo+iog,5.34,False,True,False,False,True,False,False,False,DORMANT_2Y_PLUS,INDETERMINATE
stake1uxc8rp63huwh02kh7x3kcxxhy8hz0qjlgp4p3d2fy2cxsdsleef7p,2,2,643.178845,2021-03-03 21:58:40,2021-03-03 22:19:28,,f,0,,,,0,,,0.000000,,0,0.000000,,0.000000,coordinated_like,emurgo+iog,5.33,True,True,False,False,False,False,False,False,NEVER_SPENT_COLD,INDETERMINATE
stake1u8kej2wuxsjxlues3hlrp6pt05c5tunkn6d6lc4ef8q7jzgvjpyjq,2,2,642.417000,2021-02-17 19:54:06,2021-03-01 14:55:01,,f,0,,,,0,,,0.000000,,0,0.000000,,0.000000,coordinated_like,emurgo+iog,5.37,True,True,False,False,False,False,False,False,NEVER_SPENT_COLD,INDETERMINATE
stake1u84gfadrsygkyjt4rja8wt0vm0hstkr8q0t80y389536kdg844z0e,5,4,632.815533,2021-02-26 12:32:19,2021-03-10 16:37:32,2021-02-26 14:34:09,t,1,pool12z39rkzfylvn9wfe8j6x9ucq6g2l4mw4azj70y0gd8ejczznyj3,2021-02-26 14:34:09,252,0,,,123.211406,641,0,0.000000,,123.211406,coordinated_like,emurgo+iog,5.35,False,True,False,False,True,False,False,False,DORMANT_2Y_PLUS,INDETERMINATE
stake1uxgtw3sjedvwkam9vtdzg9hykekr0t6lj7xuqsjfgx04kaqlwu59m,7,6,627.311489,2021-03-20 17:51:57,2021-05-23 13:00:24,2021-03-20 17:59:53,t,1,pool1uhy50u9y76nd6z2xmzt3mta0yc7g3gdssef8lheyyg7zzymgzm8,2021-03-20 17:59:53,256,0,,,112.644038,641,0,0.000000,,112.644038,coordinated_like,emurgo+iog,5.29,False,True,False,False,True,False,False,False,DORMANT_2Y_PLUS,INDETERMINATE
stake1u888dwjk2muv4f5dsw9glda292r6he7t2j2lex2wv5cj8gcklxdsd,5,5,626.916769,2021-02-25 12:58:28,2021-03-20 23:20:24,,f,0,,,,0,,,0.000000,,0,0.000000,,0.000000,coordinated_like,emurgo+iog,5.35,True,True,False,False,False,False,False,False,NEVER_SPENT_COLD,INDETERMINATE
stake1u9z76aepj5ue9kkfedlqvxmsusht3kzdtaf7e89dfldrqvg35qtmw,7,5,621.823287,2021-01-03 05:19:11,2021-05-06 02:02:45,2021-05-06 02:02:45,t,1,pool14enw2643rn9nn6yzv60jyz3hj4kxs0jvap87lkgsqykh508jxm6,2021-01-03 05:27:33,241,0,,,84.763287,641,1,6.097837,2021-05-06 02:02:45,78.665450,coordinated_like,emurgo+iog,5.16,False,True,False,False,False,False,False,False,DORMANT_2Y_PLUS,INDETERMINATE
stake1u83sdz6uj49kpj7evlfj2xy7sg78dn3ht0gxu0jg4xv8ckcf3x8ng,3,3,620.065721,2021-03-09 06:33:18,2021-03-18 02:42:45,,f,0,,,,0,,,0.000000,,0,0.000000,,0.000000,coordinated_like,emurgo+iog,5.32,True,True,False,False,False,False,False,False,NEVER_SPENT_COLD,INDETERMINATE
stake1u8drnpt2jv02dk88cj33glg09sane9x3fcr6sa8a9yf73zsttj7te,7,4,619.396153,2021-01-13 11:58:53,2024-11-10 16:07:19,2024-11-10 16:07:19,t,2,pool19asxjgd6ah9ddzauwede4wpt9vsp6s4ax5nz297wt47evc9sn7z,2021-02-17 06:31:12,250,1,drep_always_abstain,2024-11-10 16:07:19,111.669822,641,0,0.000000,,111.669822,coordinated_like,emurgo+iog,1.64,False,False,True,False,True,False,False,False,MIXED,INDETERMINATE
stake1u94wwk08e3jeupl073y8qa4ydt6ax9pp4lkf2krnrrpu4yq7tu3jc,2,2,612.885631,2021-03-12 17:02:23,2021-03-12 17:38:43,,f,0,,,,0,,,0.000000,,0,0.000000,,0.000000,coordinated_like,emurgo+iog,5.31,True,True,False,False,False,False,False,False,NEVER_SPENT_COLD,INDETERMINATE
stake1ux9ytvcmskhzacs5fxhmkme5x7kuqx4th06kuyqwp5dklwswfvxnr,4,4,612.882500,2021-03-03 17:58:13,2021-03-31 15:35:39,,f,0,,,,0,,,0.000000,,0,0.000000,,0.000000,coordinated_like,emurgo+iog,5.33,True,True,False,False,False,False,False,False,NEVER_SPENT_COLD,INDETERMINATE
stake1u9xygj3uvpl086vrz38hr47cg9nurputcqw0zvujjtk4q8ctpchtk,2,2,600.000000,2021-02-25 13:45:54,2021-03-04 19:08:44,,f,0,,,,0,,,0.000000,,0,0.000000,,0.000000,coordinated_like,emurgo+iog,5.35,True,True,False,False,False,False,False,False,NEVER_SPENT_COLD,INDETERMINATE
stake1u9hhllyjdhx2smhly2rh8q238c9espk3kfcsyz7y833at0sddn24u,7,5,599.317723,2021-01-10 15:00:41,2025-10-16 22:36:26,2025-10-16 22:36:26,t,2,pool1ra2su7cvnmr83pu9nvvz4a9carsgc9egc3e5fuk7h9pycyp5ela,2025-10-16 22:36:26,591,1,drep_always_abstain,2025-10-16 22:36:26,96.781113,641,0,0.000000,,96.781113,probable_retained_like,emurgo+iog,0.71,False,False,True,False,True,False,False,False,MIXED,INDETERMINATE
stake1u9c2hzjx67xzjdzar7jzt2z28v47dx5hen3fxejvg4094fqqp0y2c,2,2,597.500000,2021-02-23 12:01:09,2021-03-14 00:30:32,,f,0,,,,0,,,0.000000,,0,0.000000,,0.000000,coordinated_like,emurgo+iog,5.36,True,True,False,False,False,False,False,False,NEVER_SPENT_COLD,INDETERMINATE
stake1u9y2kf2xrawgks8mx4wdr864pvmrgsm6aef5h83tqt68zasdrmadq,17,15,595.840982,2021-03-07 21:18:00,2021-12-08 10:48:56,2021-09-14 15:38:25,t,2,pool1jjry6f6q0swaq457ft9eclaxaskvrxnpj0v3w8edsyfryml3vj6,2021-09-14 15:38:25,292,0,,,99.530586,641,0,0.000000,,99.530586,coordinated_like,emurgo+iog,4.80,False,True,False,False,True,False,False,False,DORMANT_2Y_PLUS,INDETERMINATE
stake1uxt6e6gzejzxv6wkjtdq0dnz9wz3xlmj0znwhhzq47xdhmss2ar6r,8,6,594.637030,2021-02-18 08:31:31,2021-04-23 08:51:31,2021-02-23 18:20:15,t,2,pool1p8fhygz7ga9hghhwmkr64p3ftn77lxu9nyddvsqszattcdyajc0,2021-02-23 18:20:15,251,0,,,110.011429,641,0,0.000000,,110.011429,coordinated_like,emurgo+iog,5.35,False,True,False,False,True,False,False,False,DORMANT_2Y_PLUS,INDETERMINATE
stake1u8ese8qm5smy0l27pymnr9gadnh4h2hvmflga60nk86r25qgze6mh,20,9,587.540726,2021-03-12 14:16:31,2025-03-14 20:56:00,2025-03-14 20:56:00,t,5,pool1tdsrw0n33gmy0mzh7cgtn9p0jy5xwjxaa2s26gn2ewf8kg4nrzx,2023-12-05 17:39:30,454,1,drep_always_abstain,2025-03-14 20:55:02,83.990909,641,5,65.678898,2025-03-14 20:56:00,18.312011,probable_retained_like,emurgo+iog,1.30,False,False,True,False,False,False,False,False,MIXED,INDETERMINATE
stake1u9rqw0lul6e9a4xud90jvuheym6hw02sr7s622tggxz9h2sr2fvtl,4,4,586.000000,2021-03-18 18:11:31,2021-04-18 11:42:34,,f,0,,,,0,,,0.000000,,0,0.000000,,0.000000,coordinated_like,emurgo+iog,5.29,True,True,False,False,False,False,False,False,NEVER_SPENT_COLD,INDETERMINATE
stake1u8xa70e56ev9vz8hmj9xx08w9tl0gpcxtu7uk836s9t09ac0rg4pf,4,2,585.652982,2021-03-13 03:39:22,2021-03-13 04:16:20,2021-03-13 04:16:20,t,2,pool1sjwdmeme5zs042jzwmdvxshhv27kepxke0mr02f2yzacsyd4wtu,2021-03-13 04:16:20,255,0,,,106.784558,641,0,0.000000,,106.784558,coordinated_like,emurgo+iog,5.31,False,True,False,False,True,False,False,False,DORMANT_2Y_PLUS,INDETERMINATE
stake1u9pcmtwhaqq8ztxrazkat8veq3a5mc573ac3y4djt6h2vhsm90lhq,6,5,579.288056,2021-02-28 06:22:27,2021-03-17 12:04:23,2021-02-28 07:31:26,t,1,pool1fyp482ntshhm9zfz4nv7pmsaeakscf5mnuzcxuvtqf6t56fc7l0,2021-02-28 07:31:26,252,0,,,101.514066,641,0,0.000000,,101.514066,coordinated_like,emurgo+iog,5.34,False,True,False,False,True,False,False,False,DORMANT_2Y_PLUS,INDETERMINATE
stake1u93rry57tqgamp5s7ylq0jdz9c5nu0c4wggrqv9a0zz79aqdu4yyr,2,2,577.020359,2021-03-01 03:39:08,2021-03-01 03:58:11,,f,0,,,,0,,,0.000000,,0,0.000000,,0.000000,coordinated_like,emurgo+iog,5.34,True,True,False,False,False,False,False,False,NEVER_SPENT_COLD,INDETERMINATE
stake1uyhmk3jne29kptwj89arxh99fumcmpaueheacwt36q2wqhswhxye7,2,2,575.500000,2021-03-02 10:15:50,2021-03-05 06:41:10,,f,0,,,,0,,,0.000000,,0,0.000000,,0.000000,coordinated_like,emurgo+iog,5.34,True,True,False,False,False,False,False,False,NEVER_SPENT_COLD,INDETERMINATE
stake1u8juz5ust0zwu2r6mep5p0cmkl3sr5ettd99sthaf5fr2ucvt0szy,40,15,570.997344,2021-02-22 13:25:41,2026-05-16 08:15:05,2026-05-16 08:15:05,t,6,pool1lskcfz80qg2kr2p6776kl9emjn8ulkqsqse7um7skz4y2lwa0cu,2021-09-14 18:21:22,292,1,drep13d6sxkyz6st9h65qqrzd8ukpywhr8swe9f6357qntgjqye0gttd,2025-02-01 16:35:02,88.850693,641,5,87.282796,2026-05-16 08:15:05,1.567897,probable_retained_like,emurgo+iog,0.13,False,False,True,True,False,False,False,False,ACTIVE_MANAGED,INDETERMINATE
stake1ux88js8x0fprfhmwe52ecd6eg96vhgeu2ur0p4ujmlec6ls4u60lv,14,8,569.253974,2021-02-08 00:21:45,2021-12-25 05:48:32,2021-12-25 05:48:32,t,5,pool1ljywsch33t7gaf02aeeqkqpuku0ngpwl9fm04t7u5sl5xyunmgp,2021-12-25 05:48:32,312,0,,,106.524945,641,0,0.000000,,106.524945,coordinated_like,emurgo+iog,4.52,False,True,False,False,True,False,False,False,DORMANT_2Y_PLUS,INDETERMINATE
stake1ux7skf9qz7l3k483atma79534hr8ucu3hsggh897369swhgz4l760,7,6,564.725043,2021-03-13 10:11:33,2023-07-06 19:24:42,2021-03-13 10:27:29,t,1,pool1e4tjrl3ve7dcqwa70pexds6f8llk0txx09gm3r4m472ej4p6473,2021-03-13 10:27:29,255,0,,,84.124367,640,0,0.000000,,84.124367,coordinated_like,emurgo+iog,5.31,False,True,False,False,True,False,False,False,DORMANT_2Y_PLUS,INDETERMINATE
stake1ux08j63wwzmz034grtn2rp09pr7nx5nx7r0lvterfnzx38qnwdze5,6,3,563.879869,2021-02-12 10:56:31,2021-03-04 07:57:16,2021-03-04 07:57:16,t,3,pool17pv7m8h5dxsyt55upay8n8ake2cgcz4mcr737um2tl8d2wthzqr,2021-03-04 07:57:16,253,0,,,88.853225,641,0,0.000000,,88.853225,coordinated_like,emurgo+iog,5.33,False,True,False,False,True,False,False,False,DORMANT_2Y_PLUS,INDETERMINATE
stake1u948d2wtqwvgu794fuf3xlvzwcclas0l5m2heefmeetd7jss3zn3w,4,4,559.400000,2021-03-05 11:08:03,2021-03-18 17:58:49,,f,0,,,,0,,,0.000000,,0,0.000000,,0.000000,coordinated_like,emurgo+iog,5.33,True,True,False,False,False,False,False,False,NEVER_SPENT_COLD,INDETERMINATE
stake1u8nt34pmqwsymprn8kd5p9h5vvqeyh824p2nmz4hwkplgmg0khfa7,9,6,556.220833,2021-02-28 10:06:45,2024-12-03 12:20:08,2024-12-03 12:20:08,t,3,pool1kx0jm9ycs3t99tnwafw6w72jkdlzhj5ltxe2nrzkd9x2u5x343h,2024-12-03 12:20:08,527,0,,,99.620525,641,0,0.000000,,99.620525,coordinated_like,emurgo+iog,1.58,False,False,True,False,True,False,False,False,MIXED,INDETERMINATE
stake1uye9hjtpkvru9h0q8prr56vvk8njxj9kh8hngq35pevl0sqxzljgv,23,13,554.718765,2021-02-03 19:41:33,2025-09-14 22:40:22,2025-09-14 22:40:22,t,1,pool1jt7d6ak3m8gnjyxtuxfswe258xzwda80ndl0a57vv5m2zv8h6at,2021-04-17 22:23:05,262,1,drep1qe2l8gw8v7ydswfp9twytxcc3wzwdq8npt55f3vnlgv2u8sx3nt,2025-09-14 22:38:13,80.497624,641,8,71.014673,2025-09-14 22:40:22,9.482951,high_confidence_retained_like,emurgo+iog,0.80,False,False,True,False,False,False,False,False,MIXED,INDETERMINATE
stake1u9cy2avtln7h2nn9vwj2qtqkxwy0wnt3wnvvdh9wpae9c6qkvffph,11,10,551.339263,2021-02-18 22:48:24,2021-03-29 22:54:23,2021-02-25 03:05:58,t,1,pool1xj5f7a79lnc9v0gjn00fkf2lyzexngka59tpcew5rrkyqveagpt,2021-02-25 03:05:58,252,0,,,47.371133,593,0,0.000000,,47.371133,coordinated_like,emurgo+iog,5.35,False,True,False,False,True,False,False,False,DORMANT_2Y_PLUS,INDETERMINATE
stake1uxm4t0xqa5myxj7ujenytv2s8x3jzgtq45xqnzjr7xr8jcs00yqrm,4,3,543.120567,2021-02-07 23:01:41,2021-03-17 17:09:21,2021-02-07 23:06:02,t,1,pool1jz5ljsnj4fzmk84j0wcw9ldy866dn07nzqg2ktyuyjvfvr3jgtq,2021-02-07 23:06:02,248,0,,,101.058721,641,0,0.000000,,101.058721,coordinated_like,emurgo+iog,5.40,False,True,False,False,True,False,False,False,DORMANT_2Y_PLUS,INDETERMINATE
stake1ux4yfvq66gymsn74hxcdg8fzpr9p7ycpmlhmghnn9pfsh4c6gqwxw,3,3,540.690000,2021-03-17 17:09:21,2021-04-01 14:40:40,,f,0,,,,0,,,0.000000,,0,0.000000,,0.000000,coordinated_like,emurgo+iog,5.29,True,True,False,False,False,False,False,False,NEVER_SPENT_COLD,INDETERMINATE
stake1u96zhvwp40zvzp8ujevdjspgmxsrsgmllgtsmvf50pg78qscx8mjg,11,11,538.713768,2021-01-31 01:30:48,2021-07-29 12:43:27,,f,0,,,,0,,,0.000000,,0,0.000000,,0.000000,coordinated_like,emurgo+iog,5.42,True,True,False,False,False,False,False,False,NEVER_SPENT_COLD,INDETERMINATE
stake1ux4zqnerpycauu500p7fyptznl9crucunuhdelh9jr235qcs7d8cx,6,6,535.600000,2021-02-20 16:47:57,2021-03-12 07:12:32,,f,0,,,,0,,,0.000000,,0,0.000000,,0.000000,coordinated_like,emurgo+iog,5.36,True,True,False,False,False,False,False,False,NEVER_SPENT_COLD,INDETERMINATE
stake1uy6lyjg0xdwtzscm6fft7fszgqvqulp07gesdfgxn2u8pvcessap8,6,5,535.262772,2021-02-26 02:06:37,2021-04-29 14:14:47,2021-02-26 02:16:28,t,1,pool1pnzwgsgzd6t4788sfr7dxjyusepyq9xaxnpyfcngewqf29t9ayd,2021-02-26 02:16:28,252,0,,,88.203770,641,0,0.000000,,88.203770,coordinated_like,emurgo+iog,5.35,False,True,False,False,True,False,False,False,DORMANT_2Y_PLUS,INDETERMINATE
stake1ux2dcyxfj049snn3rypfjxmv02cjg66q25p8n0zttsaxqjcxterag,2,2,533.300000,2021-02-24 12:25:44,2021-03-08 19:24:51,,f,0,,,,0,,,0.000000,,0,0.000000,,0.000000,coordinated_like,emurgo+iog,5.35,True,True,False,False,False,False,False,False,NEVER_SPENT_COLD,INDETERMINATE
stake1u82jtxzt4ct02ul4pd786cm2zc782zfn5yzfzzwtve52lmqu55s9t,3,3,528.238292,2021-03-04 20:41:21,2022-12-13 18:14:51,,f,0,,,,0,,,0.000000,,0,0.000000,,0.000000,coordinated_like,emurgo+iog,5.33,True,True,False,False,False,False,False,False,NEVER_SPENT_COLD,INDETERMINATE
stake1u9d9zghjrct5zga245t98r7vvqwumq5fxjrm35hm2gxqawc5vu8kn,23,21,526.846536,2021-02-12 12:29:51,2023-02-20 00:45:12,2021-05-15 04:43:58,t,1,pool16knnvtezwzmgpnu8v03wht6y4u7mwfc7qz6y2yk62w4as4qymat,2021-02-16 01:30:06,250,0,,,59.322410,641,1,3.068797,2021-05-15 04:43:58,56.253613,coordinated_like,emurgo+iog,5.13,False,True,False,False,False,False,False,False,DORMANT_2Y_PLUS,INDETERMINATE
stake1ux6zspc6z2g5qdkc4a02v07x26uqaxxegwp4t9x2gwhcv4gfxxmxn,2,2,525.472000,2021-03-04 00:24:39,2021-03-04 00:40:21,,f,0,,,,0,,,0.000000,,0,0.000000,,0.000000,coordinated_like,emurgo+iog,5.33,True,True,False,False,False,False,False,False,NEVER_SPENT_COLD,INDETERMINATE
stake1uyrz4qzausc7th4wex9lj2zpqtuaxq5xswqhd5gcrmnxx5gjj0vvu,17,4,525.457332,2021-02-09 12:02:13,2022-02-04 14:28:19,2022-02-04 14:28:19,t,1,pool1qqqqdktl6pq46td0mwut0qn30g7nlue0sete9wxl0hwsq37wrw8,2021-02-09 12:33:53,248,0,,,97.930193,641,12,22.089156,2022-02-04 14:28:19,75.841037,coordinated_like,emurgo+iog,4.41,False,True,False,False,False,False,False,False,DORMANT_2Y_PLUS,INDETERMINATE
stake1u92c2yt3t72qhyjfss0ax6y6luu4sweccl0ltq02vpned8sqswrvm,16,9,523.347770,2021-02-22 17:40:20,2025-07-14 15:04:33,2025-07-14 15:04:33,t,3,pool1tdsrw0n33gmy0mzh7cgtn9p0jy5xwjxaa2s26gn2ewf8kg4nrzx,2023-03-19 21:23:36,402,1,drep1qe2l8gw8v7ydswfp9twytxcc3wzwdq8npt55f3vnlgv2u8sx3nt,2025-07-14 15:03:06,62.269572,641,2,50.526924,2025-07-14 15:04:33,11.742648,coordinated_like,iog,0.97,False,False,True,False,False,False,False,False,MIXED,INDETERMINATE
stake1u8z75lpnxyd7x6zwk228ckhkne0yk2ey7xkp7yy0ldrth3sjmu6qq,2,2,521.423716,2021-03-04 13:44:32,2021-03-04 13:50:06,,f,0,,,,0,,,0.000000,,0,0.000000,,0.000000,coordinated_like,emurgo+iog,5.33,True,True,False,False,False,False,False,False,NEVER_SPENT_COLD,INDETERMINATE
stake1u9vacegxa5gcppulndhrx4d6znupvxu0kf8ew9lacx60zxc766v9j,10,7,515.213925,2021-03-09 22:21:31,2023-10-25 18:25:05,2023-10-25 18:25:05,t,2,pool1qgmwcxs8d8qmr0vtvsqd9u8gugrventh5dcqukmu79e2sgfuu8t,2023-10-25 18:25:05,446,0,,,68.001658,641,1,36.855552,2023-05-11 21:42:52,31.146106,coordinated_like,emurgo+iog,2.69,False,True,False,False,False,False,False,False,DORMANT_2Y_PLUS,INDETERMINATE
stake1u8066fz4rcpx7ay5ql2w9cygamuatws5djv9f9zds09h97gutwj3y,5,3,512.651838,2021-02-13 07:43:11,2021-03-15 05:17:39,2021-03-06 16:08:18,t,2,pool18mege8wvzzdvh8cxx6ncnqyvacl4lxukw495c87xmz8qcdl6lj8,2021-03-06 16:08:18,253,0,,,67.578846,636,0,0.000000,,67.578846,coordinated_like,emurgo+iog,5.32,False,True,False,False,True,False,False,False,DORMANT_2Y_PLUS,INDETERMINATE
stake1uyt3ep886frf7yrytnrgk66gqdvxa9s5y935hswup20svgggvv39z,4,3,510.013335,2021-03-06 13:28:24,2021-04-13 20:12:23,2021-04-13 20:04:22,f,0,,,,0,,,0.000000,,0,0.000000,,0.000000,coordinated_like,emurgo+iog,5.22,False,True,False,False,False,False,False,False,DORMANT_2Y_PLUS,INDETERMINATE
stake1u86usa8hdqqyacqrwd5w43wzph53yl06tncnyzdy24xracq4j94e3,7,5,508.631104,2021-02-12 11:14:03,2021-04-14 20:35:37,2021-02-14 16:59:43,t,2,pool1s6se64qce5rjjjhh6ufcdnc54p8qg78mlhjm38lymx99sqysvzx,2021-02-14 16:59:43,249,0,,,93.415125,641,0,0.000000,,93.415125,coordinated_like,emurgo+iog,5.38,False,True,False,False,True,False,False,False,DORMANT_2Y_PLUS,INDETERMINATE
stake1uy0g7fe8md53qa46uythn8xqdvqkepe8t3cfps4g4s8avwqm0l4rn,4,3,503.216667,2021-02-17 22:32:53,2021-03-03 18:52:10,2021-02-18 02:03:34,t,1,pool1pemnlylem2e94xguhd3fytj90848kpv4agvr6rthx2tp58z79ek,2021-02-18 02:03:34,250,0,,,94.768722,641,0,0.000000,,94.768722,coordinated_like,emurgo+iog,5.37,False,True,False,False,True,False,False,False,DORMANT_2Y_PLUS,INDETERMINATE
stake1u8yyjtl7pvmgy36z3k8stgppw23tdfdvv2623q9sjmspd6g2qjaz5,4,3,502.831063,2021-02-21 04:55:54,2021-03-03 16:04:29,2021-02-21 16:16:56,t,1,pool1pnzwgsgzd6t4788sfr7dxjyusepyq9xaxnpyfcngewqf29t9ayd,2021-02-21 16:16:56,251,0,,,84.091683,641,0,0.000000,,84.091683,coordinated_like,emurgo+iog,5.36,False,True,False,False,True,False,False,False,DORMANT_2Y_PLUS,INDETERMINATE
stake1u9rdwz9edws4sleexcsuzhw90xg6s2vaxls5ppxu3z20avq5mr7lc,3,2,501.464960,2021-03-15 18:28:26,2021-05-13 20:45:35,2021-04-14 05:16:50,t,1,pool138m7hevnvp664cmtralju857t5k7e4frpnaevtgpuykggr50kne,2021-04-14 05:16:50,261,0,,,85.615140,641,0,0.000000,,85.615140,coordinated_like,emurgo+iog,5.22,False,True,False,False,True,False,False,False,DORMANT_2Y_PLUS,INDETERMINATE
stake1ux9jt68tutgt28nfevvzt3cxfwfwy438cszca5s4z5nn0yg2y8s5e,5,4,501.102474,2021-02-22 22:53:31,2021-02-28 07:20:05,2021-02-22 23:00:38,t,1,pool1g3ssnndd8e7lcmstkjl9ane9mup0eshv3aklg63u5tznwl4ch87,2021-02-22 23:00:38,251,0,,,92.056727,641,0,0.000000,,92.056727,coordinated_like,emurgo+iog,5.36,False,True,False,False,True,False,False,False,DORMANT_2Y_PLUS,INDETERMINATE
stake1uxkdudcfxerl3dpkw2fvkz87fkw9jvj0m6zs03czy7mve6s5383ls,6,6,500.982230,2021-02-06 06:31:56,2021-05-21 23:47:09,,f,0,,,,0,,,0.000000,,0,0.000000,,0.000000,coordinated_like,emurgo+iog,5.40,True,True,False,False,False,False,False,False,NEVER_SPENT_COLD,INDETERMINATE
stake1u8zduykflwesl7q6dv7kvkatu53frmwtj0n2xk500t2n6tqlg5xml,4,4,499.195334,2021-03-05 10:46:17,2022-05-15 12:45:07,,f,0,,,,0,,,0.000000,,0,0.000000,,0.000000,coordinated_like,emurgo+iog,5.33,True,True,False,False,False,False,False,False,NEVER_SPENT_COLD,INDETERMINATE
stake1u89sw7s8hgrvcd869n543vg5cqy8nyjk08zw0mncdwtkrzcvdsj4c,3,3,498.800000,2021-02-24 18:06:06,2021-02-26 19:57:09,,f,0,,,,0,,,0.000000,,0,0.000000,,0.000000,coordinated_like,emurgo+iog,5.35,True,True,False,False,False,False,False,False,NEVER_SPENT_COLD,INDETERMINATE
stake1u963pe8skyy0jeaejxsy5fl380mw8pftve8gqf2ups6hqasr2zdjg,23,18,494.596821,2021-02-23 07:31:41,2024-11-28 04:55:16,2024-11-28 04:55:16,t,2,pool1258yqnsegc3k7raqcdkxu4893aqexxljflmg9g96yfha2qytayv,2021-05-07 15:44:09,266,1,drep_always_abstain,2024-11-28 04:54:23,54.251032,641,1,46.064237,2024-11-28 04:55:16,8.186795,coordinated_like,emurgo+iog,1.59,False,False,True,False,False,False,False,False,MIXED,INDETERMINATE
stake1uy6gade9nl9hefhrv2h34p32twg5pnyr6qfpfdaqr5cuj2ccssw98,6,5,484.401142,2021-02-22 17:30:08,2021-03-31 00:55:25,2021-02-26 01:19:28,t,1,pool1m83drqwlugdt9jn7jkz8hx3pne53acfkd539d9cj8yr92dr4k9y,2021-02-26 01:19:28,252,0,,,67.151249,640,0,0.000000,,67.151249,coordinated_like,emurgo+iog,5.35,False,True,False,False,True,False,False,False,DORMANT_2Y_PLUS,INDETERMINATE
stake1uyluww6rtmgc73gzv5lpahvqety4puqsdgvgv78zmug5trcc62a2y,3,3,482.150000,2021-03-03 09:57:02,2021-03-12 12:39:23,,f,0,,,,0,,,0.000000,,0,0.000000,,0.000000,coordinated_like,emurgo+iog,5.33,True,True,False,False,False,False,False,False,NEVER_SPENT_COLD,INDETERMINATE
stake1u94c07dsl9uysv66l3dd5nzfxf4p6w9p0hfgfqvzw0y48mgskj4sf,3,3,480.036000,2021-03-03 17:48:34,2021-03-03 18:38:34,,f,0,,,,0,,,0.000000,,0,0.000000,,0.000000,coordinated_like,emurgo+iog,5.33,True,True,False,False,False,False,False,False,NEVER_SPENT_COLD,INDETERMINATE
stake1uysjd4jmtreggzsqezehewn40qnrye9pcg7zz4kdpfddt0cvs2jw9,6,5,474.484828,2021-02-11 11:24:40,2021-03-02 13:22:49,2021-02-11 12:12:55,t,1,pool1uyvyxt9k9g038h567x8halej4x87j7m4r4zyz9lhv4dcv83husk,2021-02-11 12:12:55,249,0,,,88.137416,641,0,0.000000,,88.137416,coordinated_like,emurgo+iog,5.39,False,True,False,False,True,False,False,False,DORMANT_2Y_PLUS,INDETERMINATE
stake1uxy7qjkraqhvt3j449aaxtrackyd3zvqjtygpw3pl44yhzs2jpyxv,4,4,473.643000,2021-03-04 13:00:45,2021-03-09 17:51:55,,f,0,,,,0,,,0.000000,,0,0.000000,,0.000000,coordinated_like,emurgo+iog,5.33,True,True,False,False,False,False,False,False,NEVER_SPENT_COLD,INDETERMINATE
stake1ux4dw85aewfsf966zt4v0jpkvpl4xw3wl0um29aad2840jsw35l66,8,7,468.223988,2021-03-07 20:05:49,2022-09-08 11:58:35,2021-03-07 20:40:49,t,1,pool128r8qqgl9zgy3ff4759a2qslyauu5takaec3nxx4a6mvj3ys8da,2021-03-07 20:40:49,254,0,,,39.849981,638,0,0.000000,,39.849981,coordinated_like,emurgo+iog,5.32,False,True,False,False,True,False,False,False,DORMANT_2Y_PLUS,INDETERMINATE
stake1u99whxwdcpjtu0ym4pwd0sqzd65me2f9pchp5msq7mu9jsqh603za,3,3,449.900389,2021-01-25 12:50:19,2021-04-13 08:42:57,,f,0,,,,0,,,0.000000,,0,0.000000,,0.000000,coordinated_like,emurgo+iog,5.43,True,True,False,False,False,False,False,False,NEVER_SPENT_COLD,INDETERMINATE
stake1uyyls4g0kxgzwmjaqdrcsjvp39w6dsk8wl9d9cu774z0esg33hp3c,7,5,444.388391,2021-02-23 04:58:07,2023-03-01 03:33:50,2023-03-01 03:33:50,t,1,pool1y53awxsm6cmksp8qht8qfq5f5c69t6mrgrdcresk5y0ecv2yj93,2021-02-23 07:08:58,251,0,,,72.964364,641,1,35.373714,2023-03-01 03:33:50,37.590650,coordinated_like,emurgo+iog,3.34,False,True,False,False,False,False,False,False,DORMANT_2Y_PLUS,INDETERMINATE
stake1uxg2qc96h65z7vc8evn7dz8wynltarlldgvwsmvdpcy8pxsd9m8th,10,5,438.559082,2021-02-17 10:29:17,2021-10-19 07:45:23,2021-03-15 07:37:17,t,3,pool19pyfv4xnln8x4l7auw0n0skk3hd97shun707hrw5d4s553ys74x,2021-02-23 14:51:39,251,0,,,76.964534,641,0,0.000000,,76.964534,coordinated_like,emurgo+iog,5.30,False,True,False,False,True,False,False,False,DORMANT_2Y_PLUS,INDETERMINATE
stake1u94tu5wx6n66llv94h94jk39pzkqxnt98wlzv32f2rumu8chjfmy2,6,4,427.652630,2021-02-21 15:12:01,2021-03-19 09:52:49,2021-02-26 09:59:44,t,2,pool1xytvsd9qnvqxpthh9p8k85e823trvn3npxeur8kr9zhkqz5uls9,2021-02-26 09:59:44,252,0,,,82.856058,641,0,0.000000,,82.856058,coordinated_like,emurgo+iog,5.35,False,True,False,False,True,False,False,False,DORMANT_2Y_PLUS,INDETERMINATE
stake1u9ar63fp056eurpz74ewv8wd3wudcmm28t7qr9ge63chd3gykmp7d,8,3,426.710364,2021-03-04 02:49:46,2021-04-13 12:42:33,2021-04-13 12:42:33,t,3,pool19asxjgd6ah9ddzauwede4wpt9vsp6s4ax5nz297wt47evc9sn7z,2021-04-13 12:42:33,261,0,,,77.165974,641,0,0.000000,,77.165974,coordinated_like,emurgo+iog,5.22,False,True,False,False,True,False,False,False,DORMANT_2Y_PLUS,INDETERMINATE
stake1u8s0pk582p628tuxx3gwsj7gmc0nwzdzwhzevyff5p8ukms4drgzg,4,4,416.094921,2021-01-21 22:36:25,2021-03-10 21:06:33,,f,0,,,,0,,,0.000000,,0,0.000000,,0.000000,coordinated_like,emurgo+iog,5.44,True,True,False,False,False,False,False,False,NEVER_SPENT_COLD,INDETERMINATE
stake1u8llcvrmh7c98evcnr9rx9tcgwd6lr08u543egd80ce0hdspk7rx9,18,12,412.703709,2021-03-01 15:46:58,2024-11-25 10:22:07,2024-11-25 10:22:07,t,4,pool1qzlwlpcsgflr9z3f24fg836tyq45p0kf5cnrp20s8v0psp6tdkx,2022-01-17 11:06:03,317,1,drep_always_abstain,2024-11-25 10:07:59,55.477952,641,1,39.809816,2024-11-25 10:22:07,15.668136,probable_retained_like,emurgo+iog,1.60,False,False,True,False,False,False,False,False,MIXED,INDETERMINATE
stake1ux05lrd666mqthmyv09ewzh0trk03vt04vl697aj6nae6fse2tapx,13,8,404.627280,2021-01-20 09:01:55,2021-09-02 06:19:24,2021-09-02 06:19:24,t,1,pool1pnzwgsgzd6t4788sfr7dxjyusepyq9xaxnpyfcngewqf29t9ayd,2021-02-11 07:00:53,249,0,,,67.431609,641,2,0.335010,2021-03-08 05:19:28,67.096599,coordinated_like,emurgo+iog,4.83,False,True,False,False,False,False,False,False,DORMANT_2Y_PLUS,INDETERMINATE
stake1u9zrnlvrlc5r8al4z3c6sfwtuv48etqqr0suelm5autwnncert32l,7,4,402.261870,2021-02-18 15:14:49,2022-09-09 20:39:16,2022-09-09 20:39:16,f,0,,,,0,,,0.000000,,0,0.000000,,0.000000,coordinated_like,emurgo+iog,3.81,False,True,False,False,False,False,False,False,DORMANT_2Y_PLUS,INDETERMINATE
stake1uy4eecawkltqgqepe49snh6gcsppj50q7vn7cn7m9thht7gsxapkf,10,8,392.500109,2021-02-28 15:24:25,2021-04-27 14:13:03,2021-04-04 23:29:26,t,2,pool17ajuw0arwq8klfe4xy8tcqj4yetp8kerl4amzn5dsnne20wlnsa,2021-04-04 23:29:26,259,0,,,8.052746,337,0,0.000000,,8.052746,coordinated_like,emurgo+iog,5.24,False,True,False,False,True,False,False,False,DORMANT_2Y_PLUS,INDETERMINATE
stake1uxasvnl5j2tmkzxqgdjz2tkzyefczensdps6njuwcrtfh2qnqaxp6,44,43,387.127073,2021-03-03 20:10:18,2021-10-17 04:01:28,2021-05-29 21:14:36,t,1,pool1xlphlhnjvfeh40vcqf9fdewztsj6kyxq6604kaccpv00umjfu0d,2021-05-29 21:14:36,270,0,,,63.136017,641,0,0.000000,,63.136017,coordinated_like,emurgo+iog,5.09,False,True,False,False,True,False,False,False,DORMANT_2Y_PLUS,INDETERMINATE
stake1u9wm24rq8ufdjmkhrqs8zsglzt7kxquk5jk0hyk8eguy9vqy8ljcu,7,6,386.003305,2021-03-03 19:27:30,2021-05-10 12:37:04,2021-05-10 12:37:04,f,0,,,,0,,,0.000000,,0,0.000000,,0.000000,coordinated_like,emurgo+iog,5.15,False,True,False,False,False,False,False,False,DORMANT_2Y_PLUS,INDETERMINATE
stake1u8hndmkdrnd0ladhtpyyqq4q7h5nhfvg98el7w7r67aak4gnkuv9k,5,5,378.395971,2021-03-10 16:32:28,2021-05-08 19:09:54,,f,0,,,,0,,,0.000000,,0,0.000000,,0.000000,coordinated_like,emurgo+iog,5.31,True,True,False,False,False,False,False,False,NEVER_SPENT_COLD,INDETERMINATE
stake1uym57k29es0h6vjdhauzu9wdm4y0w3c9ll8lshvmk778dfczqu6ah,6,6,366.922534,2021-03-08 19:19:28,2022-06-18 10:13:13,,f,0,,,,0,,,0.000000,,0,0.000000,,0.000000,coordinated_like,emurgo+iog,5.32,True,True,False,False,False,False,False,False,NEVER_SPENT_COLD,INDETERMINATE
stake1uxz53r5n7lpkslhayupmd4r99ck2sauq4yj98sdltpyv9esnyegwe,24,16,366.795174,2021-02-18 20:54:06,2023-02-20 00:45:12,2023-02-20 00:45:12,t,1,pool1qku2yhky7sv4dfjfv42uyvauhehuqevk25aw952d7ulzqzx3jcu,2021-03-02 06:33:54,253,0,,,60.483413,641,3,24.605654,2023-02-19 23:55:44,35.877759,coordinated_like,emurgo+iog,3.37,False,True,False,False,False,False,False,False,DORMANT_2Y_PLUS,INDETERMINATE
stake1uxd93khdxwgtjksg5mqkc72psfpg0mtp2j6mlmyvmjxjyfchxj4pt,62,19,366.736261,2021-04-21 16:28:42,2024-12-03 11:05:48,2024-12-03 11:05:48,t,2,pool1nz9h4raywm6mu2v8l7htuaqvmn06l3mepuaxynpzlwljsf8txhy,2024-11-12 10:49:08,523,1,drep_always_abstain,2024-11-12 10:49:08,818.719191,641,11,792.782779,2024-12-03 11:03:23,25.936412,probable_retained_like,emurgo+iog,1.58,False,False,True,False,False,False,False,False,MIXED,INDETERMINATE
stake1u8cppyy58naq9fnuxhextqlyzx6zkdygwczzzk9wsw20ujqm6la72,9,6,366.254050,2021-02-11 17:14:24,2021-12-27 23:50:14,2021-12-27 23:50:14,t,1,pool13annzt9hjfc822f0ejvxjf7fsmxd6cc28whpk5kagec6ggfmm7u,2021-02-13 00:16:31,249,0,,,48.135728,641,2,10.509402,2021-12-27 23:50:14,37.626326,coordinated_like,emurgo+iog,4.51,False,True,False,False,False,False,False,False,DORMANT_2Y_PLUS,INDETERMINATE
stake1u8vrzpwaqkvlf2a5gncn0unwlzslnqmd26y8jtp7u67kp9ggla79v,5,4,364.806067,2021-02-28 14:15:09,2022-12-19 19:14:42,2021-02-28 14:31:34,t,1,pool128r8qqgl9zgy3ff4759a2qslyauu5takaec3nxx4a6mvj3ys8da,2021-02-28 14:31:34,252,0,,,31.139907,638,0,0.000000,,31.139907,coordinated_like,emurgo+iog,5.34,False,True,False,False,True,False,False,False,DORMANT_2Y_PLUS,INDETERMINATE
stake1u8qfkveuafj273q3zdh6x7zlkj22ygtlk8gjmldtljjqfacryt7l0,5,5,363.850000,2021-03-03 18:52:10,2021-05-24 04:57:22,,f,0,,,,0,,,0.000000,,0,0.000000,,0.000000,coordinated_like,emurgo+iog,5.33,True,True,False,False,False,False,False,False,NEVER_SPENT_COLD,INDETERMINATE
stake1uyd76tu40ky35hswxvzakul428z4hexzgnvtu54cnrhvs4syeddk4,9,9,362.860272,2021-03-09 18:59:07,2022-03-14 06:44:54,,f,0,,,,0,,,0.000000,,0,0.000000,,0.000000,coordinated_like,emurgo+iog,5.32,True,True,False,False,False,False,False,False,NEVER_SPENT_COLD,INDETERMINATE
stake1uxkk2caq90dm86uhkvumn4d80ffjen9x55u2jn8kyllt6qgnwmhe7,6,3,361.606058,2021-03-04 22:19:32,2025-06-10 07:44:17,2025-06-10 07:44:17,t,1,pool1lskcfz80qg2kr2p6776kl9emjn8ulkqsqse7um7skz4y2lwa0cu,2021-03-05 12:20:00,253,1,drep_always_abstain,2025-06-10 07:42:21,60.250421,641,1,51.441001,2025-06-10 07:44:17,8.809420,probable_retained_like,emurgo+iog,1.06,False,False,True,False,False,False,False,False,MIXED,INDETERMINATE
stake1uxdxf5kvl2cf7nlkcj6kv3q3m3shxz9pc4632x6249aaqxcvukn3p,15,14,354.470501,2021-01-11 11:15:04,2021-09-11 10:47:51,2021-01-11 14:26:56,t,1,pool1m62sl6rauje9cknrkhwl39tc4hujudkd7gp478dpz7tagmjr8wm,2021-01-11 14:26:56,243,0,,,65.597905,641,0,0.000000,,65.597905,coordinated_like,emurgo+iog,5.47,False,True,False,False,True,False,False,False,DORMANT_2Y_PLUS,INDETERMINATE
stake1ux2uws72py53cvf5yd26wpj3lvalwhg06pp349t2tndl6dcf2jr6u,7,6,352.956219,2021-03-01 08:52:26,2021-05-17 06:49:16,2021-03-02 08:17:39,t,1,pool1pnzwgsgzd6t4788sfr7dxjyusepyq9xaxnpyfcngewqf29t9ayd,2021-03-02 08:17:39,253,0,,,57.874375,641,0,0.000000,,57.874375,coordinated_like,emurgo+iog,5.34,False,True,False,False,True,False,False,False,DORMANT_2Y_PLUS,INDETERMINATE
stake1uydhrkk6e8jxgregnyjuk9qv08u4k9gx0f5mqtv6t723efsp5y0gl,12,8,352.077181,2021-02-24 13:58:11,2025-08-25 10:26:05,2025-08-25 10:26:05,t,3,pool17ahr5ygy48vpdfnatqn2z4wfu2te4quapk2yx3k50ce6kd7feg0,2025-08-25 10:24:54,580,1,drep_always_abstain,2025-08-25 10:24:54,38.265368,641,1,31.676898,2025-08-25 10:26:05,6.588470,probable_retained_like,emurgo+iog,0.85,False,False,True,False,False,False,False,False,MIXED,INDETERMINATE
stake1u83eyx0sw0jv0fu6nera0epmt46gftm0y6002m3gkzuj5esxge4c7,4,4,349.000000,2021-03-15 16:50:26,2021-05-23 08:36:10,,f,0,,,,0,,,0.000000,,0,0.000000,,0.000000,coordinated_like,emurgo+iog,5.30,True,True,False,False,False,False,False,False,NEVER_SPENT_COLD,INDETERMINATE
stake1uy2cepnhyd5ce6nac4xuzcv4emns87s64g4rmu64qlj7xqqqh2tsk,2,2,345.930000,2021-03-16 08:48:05,2021-03-18 19:46:16,,f,0,,,,0,,,0.000000,,0,0.000000,,0.000000,coordinated_like,emurgo+iog,5.30,True,True,False,False,False,False,False,False,NEVER_SPENT_COLD,INDETERMINATE
stake1u8wsm4mkww9f93yrxlcfd3veuaprmzzyzv6kp6qkdyrrv6ctcyn5g,4,4,335.124200,2021-03-06 20:20:51,2021-04-02 13:20:53,,f,0,,,,0,,,0.000000,,0,0.000000,,0.000000,coordinated_like,emurgo+iog,5.32,True,True,False,False,False,False,False,False,NEVER_SPENT_COLD,INDETERMINATE
stake1uyn88mcxx95jrsjmq7q99uvvegxmh4fsltttkycjvqv62cgnz4wwy,6,3,327.380045,2021-02-22 15:30:41,2021-04-26 03:06:15,2021-04-26 03:06:15,t,3,pool138m7hevnvp664cmtralju857t5k7e4frpnaevtgpuykggr50kne,2021-04-26 03:06:15,264,0,,,59.307439,641,0,0.000000,,59.307439,coordinated_like,emurgo+iog,5.19,False,True,False,False,True,False,False,False,DORMANT_2Y_PLUS,INDETERMINATE
stake1uxmc3std7ad0c8pzk9vzcszqf4msl336f0m2qct36zpcdwsn4nvue,6,5,325.258902,2021-02-27 07:50:46,2021-06-11 20:06:54,2021-02-27 08:33:57,t,1,pool1lr5ku0p3jhykdf3a2kcr0tyra30qvzrtl02dr6uyv98rxdsy3k9,2021-02-27 08:33:57,252,0,,,40.212158,638,0,0.000000,,40.212158,coordinated_like,emurgo+iog,5.35,False,True,False,False,True,False,False,False,DORMANT_2Y_PLUS,INDETERMINATE
stake1uxrppq4j7m9hx8p2l232m379mft99ydc2g5whdjsdq5n6lqpvl686,5,5,324.995638,2021-02-15 07:18:55,2021-12-07 19:29:11,,f,0,,,,0,,,0.000000,,0,0.000000,,0.000000,coordinated_like,emurgo+iog,5.38,True,True,False,False,False,False,False,False,NEVER_SPENT_COLD,INDETERMINATE
stake1ux4xd78fteh2s25zvhat75cg0wat4edjaq3mjrlxe8ds44ck3q7r2,10,3,323.200000,2020-11-20 15:35:45,2021-03-08 12:20:56,2021-02-22 14:34:53,t,3,pool1wf7wk3802jxtkmek6uprm77cgqx53t4qep9kwkl078w3yw0ff69,2020-12-08 09:56:22,236,0,,,93.037360,641,1,30.413305,2021-02-22 14:31:35,62.624055,coordinated_like,emurgo+iog,5.36,False,True,False,False,False,False,False,False,DORMANT_2Y_PLUS,INDETERMINATE
stake1uxeq87kpf943042yhjnzkgmpa7xs5u37nrhc78mpkwx26cguynxga,2,2,323.178030,2021-04-01 04:51:03,2021-04-01 05:38:27,,f,0,,,,0,,,0.000000,,0,0.000000,,0.000000,coordinated_like,emurgo+iog,5.26,True,True,False,False,False,False,False,False,NEVER_SPENT_COLD,INDETERMINATE
stake1u880m797qkc86hsy89ys8l0a6k32pemk7wd30jkeu7w9rkg4u6l54,4,3,322.277478,2021-02-09 01:54:02,2021-04-24 16:06:31,2021-02-09 20:11:54,t,1,pool1l5kwfudnqrhw3k4lwzcppu36nun9puvvr7xnanuz8a2zx4jaek5,2021-02-09 20:11:54,248,0,,,45.828943,640,0,0.000000,,45.828943,coordinated_like,emurgo+iog,5.39,False,True,False,False,True,False,False,False,DORMANT_2Y_PLUS,INDETERMINATE
stake1u9dmgzrvy7982z66zt0yxweysh8jz4rv55pf6f9qh2jse0cwq6hny,2,2,317.400000,2021-03-04 16:58:05,2021-03-04 17:03:10,,f,0,,,,0,,,0.000000,,0,0.000000,,0.000000,coordinated_like,emurgo+iog,5.33,True,True,False,False,False,False,False,False,NEVER_SPENT_COLD,INDETERMINATE
stake1u99jgs650f5cejfu7hrt569rqgfjcvnqucrcfe4am6xegwsv5ajjz,7,5,311.877570,2021-02-25 06:26:30,2023-12-18 05:34:15,2021-02-26 19:34:46,t,1,pool18v9r8afalh50l4lstct2awdc3zspnvurcs7t45nv29uc2mnxc6c,2021-02-25 06:39:21,252,0,,,39.153990,641,0,0.000000,,39.153990,coordinated_like,emurgo+iog,5.35,False,True,False,False,True,False,False,False,DORMANT_2Y_PLUS,INDETERMINATE
stake1uxzmjyaxa83yzw68qt8hmadpmy3pyckrpvpp99k6exmy29sasddcj,10,9,301.608400,2021-03-13 19:35:31,2021-04-08 06:38:16,2021-03-25 18:12:13,f,0,,,,0,,,0.000000,,0,0.000000,,0.000000,coordinated_like,emurgo+iog,5.27,False,True,False,False,False,False,False,False,DORMANT_2Y_PLUS,INDETERMINATE
stake1uylc3hhsve24m8xy2vsw53t3zj8y5mucmqpl93znnza4xkgm8j0f3,5,5,299.900000,2021-03-10 13:49:02,2021-03-24 09:12:41,,f,0,,,,0,,,0.000000,,0,0.000000,,0.000000,coordinated_like,emurgo+iog,5.31,True,True,False,False,False,False,False,False,NEVER_SPENT_COLD,INDETERMINATE
stake1uyaur5wjdn648xa7zlt8sync8rn8fgxe2ah0ukkl4a85ayqj7teac,4,4,298.551237,2021-03-08 15:31:31,2022-07-18 11:34:14,,f,0,,,,0,,,0.000000,,0,0.000000,,0.000000,coordinated_like,emurgo+iog,5.32,True,True,False,False,False,False,False,False,NEVER_SPENT_COLD,INDETERMINATE
stake1uxwaq8xafu939rja0upmjwmzhd2w85ymtw5gj30k5znx00s4hty3g,2,2,298.414300,2021-03-04 10:31:32,2021-04-12 07:21:02,,f,0,,,,0,,,0.000000,,0,0.000000,,0.000000,coordinated_like,emurgo+iog,5.33,True,True,False,False,False,False,False,False,NEVER_SPENT_COLD,INDETERMINATE
stake1u9ncjqdkn7fr572hc93vev0qycw84dgp6s0qpfv5ulxeupsttlgzv,4,4,298.000000,2021-03-01 08:05:48,2021-03-31 17:06:16,,f,0,,,,0,,,0.000000,,0,0.000000,,0.000000,coordinated_like,emurgo+iog,5.34,True,True,False,False,False,False,False,False,NEVER_SPENT_COLD,INDETERMINATE
stake1u8w4cm82fvgm5rwph5ujqtkg94vf663h4q4cyv9g0wth8fgvrftsu,5,3,297.646134,2021-03-11 14:55:50,2021-03-18 10:19:17,2021-03-18 10:19:17,t,2,pool1lurfk0k0wwx54hlg8a7zp3jtstu57u59aeq7aketl55hknmmtu0,2021-03-18 10:19:17,256,0,,,52.802631,627,0,0.000000,,52.802631,coordinated_like,emurgo+iog,5.29,False,True,False,False,True,False,False,False,DORMANT_2Y_PLUS,INDETERMINATE
stake1u8dppxlrnsrrq4e7wpvphgztjnnqr2tldjm9xvl52mggheqfrcl99,5,3,297.640853,2021-03-29 20:10:34,2026-05-28 17:17:43,2026-05-28 17:17:43,t,1,pool16hs0jxw7h6pwg3ru7rcq3yvg4csj7lhmcpj68kqem2sh5nt8mwk,2022-05-19 18:35:18,341,1,drep_always_abstain,2026-05-28 17:17:43,36.247400,641,0,0.000000,,36.247400,probable_retained_like,emurgo+iog,0.10,False,False,True,True,True,False,False,False,ACTIVE_MANAGED,INDETERMINATE
stake1u9pyzzl3slcecl6d0gvnh089sxtzs6v9vy76m2hmdcsst4cxztzc2,3,3,297.100000,2021-03-14 08:37:25,2021-03-16 20:37:20,,f,0,,,,0,,,0.000000,,0,0.000000,,0.000000,coordinated_like,emurgo+iog,5.30,True,True,False,False,False,False,False,False,NEVER_SPENT_COLD,INDETERMINATE
stake1uy4tj4jp5pnkurc8y0xf3qle47226vd9es8vpvewpyercvc25k5dr,5,5,295.600000,2021-03-03 18:06:51,2021-03-06 17:38:06,,f,0,,,,0,,,0.000000,,0,0.000000,,0.000000,coordinated_like,emurgo+iog,5.33,True,True,False,False,False,False,False,False,NEVER_SPENT_COLD,INDETERMINATE
stake1u88uged3reh9e2w53l0cz8x9hwj5ukgk0t44m3n2ff67ehcqacvuu,4,3,293.975453,2021-02-20 21:36:00,2021-03-01 03:26:10,2021-02-21 20:40:06,f,0,,,,0,,,0.000000,,0,0.000000,,0.000000,coordinated_like,emurgo+iog,5.36,False,True,False,False,False,False,False,False,DORMANT_2Y_PLUS,INDETERMINATE
stake1u9gpfvc3qpalnz5erg2j5t4fhy9jptmcpgnajdk3w3wlt8crqwcmz,8,8,292.700000,2021-03-01 13:20:01,2021-03-19 06:21:43,,f,0,,,,0,,,0.000000,,0,0.000000,,0.000000,coordinated_like,emurgo+iog,5.34,True,True,False,False,False,False,False,False,NEVER_SPENT_COLD,INDETERMINATE
stake1u8jmxmu7j65jkyujvcrr0wmkmfkng9tvfmkjww00kz8v36qes6s69,6,5,290.106347,2021-02-25 19:35:53,2021-08-22 08:30:40,2021-06-14 15:21:59,t,1,pool1qnrqc7zpwye2r9wtkayh2dryvfqs7unp99f2039duljrsaffq5c,2021-06-14 15:21:59,273,0,,,48.527679,641,0,0.000000,,48.527679,coordinated_like,emurgo+iog,5.05,False,True,False,False,True,False,False,False,DORMANT_2Y_PLUS,INDETERMINATE
stake1uyffu9kgveltf4jgsv2cclre5n9sgg4c5vlvf06hc6kdzdsckxyhn,3,3,285.834587,2021-02-26 11:45:43,2021-03-15 11:50:31,,f,0,,,,0,,,0.000000,,0,0.000000,,0.000000,coordinated_like,emurgo+iog,5.35,True,True,False,False,False,False,False,False,NEVER_SPENT_COLD,INDETERMINATE
stake1u9ytyngsj6n80vjanen9m89lus7trgcswuf95nzywm93kgsss3rzd,5,5,285.700000,2021-03-04 06:30:24,2021-04-04 20:49:25,,f,0,,,,0,,,0.000000,,0,0.000000,,0.000000,coordinated_like,emurgo+iog,5.33,True,True,False,False,False,False,False,False,NEVER_SPENT_COLD,INDETERMINATE
stake1u9z9txdcd2yw6ccejtx2kgdtzu3tqrmr8wdl9aaysfjh5fsfuv5r8,3,3,285.698689,2020-09-03 17:16:55,2021-02-28 15:22:27,,f,0,,,,0,,,0.000000,,0,0.000000,,0.000000,coordinated_like,emurgo+iog,5.83,True,True,False,False,False,False,False,False,NEVER_SPENT_COLD,INDETERMINATE
stake1uxp0a0r0ryt202qmkrce572yes3nezhzmntzpe8lzhxvznch4q4vg,12,7,285.395570,2020-12-28 12:43:47,2021-12-10 11:31:08,2021-12-10 11:31:08,f,0,,,,0,,,0.000000,,0,0.000000,,0.000000,coordinated_like,emurgo+iog,4.56,False,True,False,False,False,False,False,False,DORMANT_2Y_PLUS,INDETERMINATE
stake1u8ww4ste8em45uzlp5g4xkqvpxfupkt52cx3q69l00mk0msp726cg,4,4,283.000000,2021-04-15 22:08:57,2021-05-06 23:52:34,,f,0,,,,0,,,0.000000,,0,0.000000,,0.000000,coordinated_like,emurgo+iog,5.21,True,True,False,False,False,False,False,False,NEVER_SPENT_COLD,INDETERMINATE
stake1u957dm478zrmtzfm8dqm7etp90lqcvxp0tmmcl7vhpq9hnc62g225,7,6,277.481467,2021-02-21 17:23:56,2021-03-23 19:30:16,2021-02-23 11:20:45,t,1,pool1kmsr376syqkluhxvv8k2axugqw7unjmlkwhfxjxtj7cw7qcn0jn,2021-02-23 11:20:45,251,0,,,51.484991,641,0,0.000000,,51.484991,coordinated_like,emurgo+iog,5.36,False,True,False,False,True,False,False,False,DORMANT_2Y_PLUS,INDETERMINATE
stake1u8qx5gtquf897tv8dq6sn7ufuhxw9nwmsjx22lp5adadjxg6lhqz4,3,3,268.588486,2021-02-07 06:46:03,2021-04-07 10:31:58,,f,0,,,,0,,,0.000000,,0,0.000000,,0.000000,coordinated_like,emurgo+iog,5.40,True,True,False,False,False,False,False,False,NEVER_SPENT_COLD,INDETERMINATE
stake1uytv4l3lq06v922kr08ppzh2jzuu6jkwc4a5v4gpcg6a5pchcptkf,11,9,266.231552,2021-03-03 18:06:32,2025-07-16 23:31:49,2025-07-16 23:31:49,t,2,pool173mzegwuu0pjcrt60ekelzj5haqr8r5e4e0n45qh9jdz7xm5kh8,2025-07-16 23:31:49,572,0,,,23.184987,641,0,0.000000,,23.184987,coordinated_like,emurgo+iog,0.96,False,False,True,False,True,False,False,False,MIXED,INDETERMINATE
stake1uypc34f8fzph4qhq0wdkpn2c9cwww2d7rsnm7fdmya8s89g7mld0h,3,3,264.040000,2020-12-01 15:57:21,2021-05-01 04:45:49,,f,0,,,,0,,,0.000000,,0,0.000000,,0.000000,coordinated_like,emurgo+iog,5.59,True,True,False,False,False,False,False,False,NEVER_SPENT_COLD,INDETERMINATE
stake1uy7u76d50n46k4hv2zh4kfyr7zd4vpzdrn989jst8n6kdhcz2vt8p,6,5,257.018998,2021-02-21 12:42:21,2021-05-08 19:20:24,2021-05-08 19:20:24,f,0,,,,0,,,0.000000,,0,0.000000,,0.000000,coordinated_like,emurgo+iog,5.15,False,True,False,False,False,False,False,False,DORMANT_2Y_PLUS,INDETERMINATE
stake1u9ljfm32e9q6n84n0rjvv6457uf3yuljj59ltfec6ln00tqnkpxgq,2,2,255.000000,2021-03-02 13:36:38,2021-03-02 14:08:54,,f,0,,,,0,,,0.000000,,0,0.000000,,0.000000,coordinated_like,emurgo+iog,5.34,True,True,False,False,False,False,False,False,NEVER_SPENT_COLD,INDETERMINATE
stake1uytl0y3xclwwtqdm25qp9uqyflj53ywljempan6udhujkjsk6ssre,3,3,254.200000,2021-03-03 09:01:26,2021-03-04 13:12:00,,f,0,,,,0,,,0.000000,,0,0.000000,,0.000000,coordinated_like,emurgo+iog,5.33,True,True,False,False,False,False,False,False,NEVER_SPENT_COLD,INDETERMINATE
stake1uxu4p9vjfawt2fwgh2nj9rg80e38y4l8ym7z9fykpae5edqy3nr34,2,2,249.738000,2021-02-24 19:58:59,2021-02-25 08:13:59,,f,0,,,,0,,,0.000000,,0,0.000000,,0.000000,coordinated_like,emurgo+iog,5.35,True,True,False,False,False,False,False,False,NEVER_SPENT_COLD,INDETERMINATE
stake1u947fhtewj39e0s06dxempessukpmevp4mlzyw6u8869slcjha5lg,3,3,249.176200,2021-02-28 07:42:32,2021-03-28 09:09:43,,f,0,,,,0,,,0.000000,,0,0.000000,,0.000000,coordinated_like,emurgo+iog,5.34,True,True,False,False,False,False,False,False,NEVER_SPENT_COLD,INDETERMINATE
stake1uyq5jdrwq5gp6encdf5qvkkdnaxzlnqsk7a4nay8cckw9aqrjhnv0,3,3,248.200000,2021-02-23 12:19:43,2021-03-16 09:03:35,,f,0,,,,0,,,0.000000,,0,0.000000,,0.000000,coordinated_like,emurgo+iog,5.36,True,True,False,False,False,False,False,False,NEVER_SPENT_COLD,INDETERMINATE
stake1u8letfgsfvdjaynyk2k8rgpyevdkr8la9e2cu05g698wdeswl8s6h,4,3,244.893743,2021-02-24 16:19:29,2021-05-05 18:43:08,2021-05-05 18:43:08,t,1,pool138m7hevnvp664cmtralju857t5k7e4frpnaevtgpuykggr50kne,2021-05-05 18:43:08,265,0,,,42.031132,641,0,0.000000,,42.031132,coordinated_like,emurgo+iog,5.16,False,True,False,False,True,False,False,False,DORMANT_2Y_PLUS,INDETERMINATE
stake1u8vf2nu9q4vfs4e5a69n0z40xv79wqeffzgjn7vfmdjz3csenldpg,2,2,244.000000,2021-03-17 10:31:31,2021-03-19 07:04:29,,f,0,,,,0,,,0.000000,,0,0.000000,,0.000000,coordinated_like,emurgo+iog,5.30,True,True,False,False,False,False,False,False,NEVER_SPENT_COLD,INDETERMINATE
stake1uypp4ztds3sscs3kkmamndzavfunfwcsfj5t7y69ywu783q39s7ra,4,4,236.922069,2021-02-23 15:22:55,2021-03-07 20:10:48,,f,0,,,,0,,,0.000000,,0,0.000000,,0.000000,coordinated_like,emurgo+iog,5.36,True,True,False,False,False,False,False,False,NEVER_SPENT_COLD,INDETERMINATE
stake1u8pcuyapzx5akp5g2w4v665zs20zm4y6z97kr4tskc6z0xcgkm46k,8,8,236.213511,2021-03-05 07:40:31,2021-04-22 01:44:55,,f,0,,,,0,,,0.000000,,0,0.000000,,0.000000,coordinated_like,emurgo+iog,5.33,True,True,False,False,False,False,False,False,NEVER_SPENT_COLD,INDETERMINATE
stake1u9rqxaj7ejkje6zmlmdhq647dfz7mgl44yysx8w6w3aahfgpawlh8,2,2,235.847624,2021-03-04 09:09:39,2021-03-04 09:35:51,,f,0,,,,0,,,0.000000,,0,0.000000,,0.000000,coordinated_like,emurgo+iog,5.33,True,True,False,False,False,False,False,False,NEVER_SPENT_COLD,INDETERMINATE
stake1u8jyqasn3alcwsmhupn9ys63su6pjcp7u8nqffakmzsx20s8xyalx,13,7,235.184371,2021-03-18 07:13:22,2025-07-19 08:54:32,2025-07-19 08:54:32,t,5,pool1k633phcvz2hjhj45evwwau4w576jpq83acg5h84w23jauqu56cw,2021-12-24 05:08:02,312,1,drep1qe2l8gw8v7ydswfp9twytxcc3wzwdq8npt55f3vnlgv2u8sx3nt,2025-07-19 08:54:32,43.336882,641,0,0.000000,,43.336882,probable_retained_like,emurgo+iog,0.96,False,False,True,False,True,False,False,False,MIXED,INDETERMINATE
stake1u9whs02qsy0v00za6khzu7ulmg5tlt5e3dk84y8vj2qdlyq23maz6,13,11,228.105050,2021-01-18 16:24:15,2025-02-28 12:22:13,2025-02-28 12:22:13,t,1,pool1ukeqarukv9gxwy9pt8jkr4qvad2yf87758g3xzemmvmtk8lrynp,2021-01-28 13:59:48,246,1,drep1m8mnpykcjfyax5mcs42whu3dt347u8aq43x45ucs6dv3ztw0lez,2025-02-28 12:22:13,43.021297,641,0,0.000000,,43.021297,coordinated_like,iog,1.34,False,False,True,False,True,False,False,False,MIXED,INDETERMINATE
stake1uyyvztz6gqpfz7ellfg9zvj63fw5tas8flqhvzq7hd4900s3e9ryy,5,4,227.511692,2021-03-04 05:53:47,2021-11-10 08:01:57,2021-11-10 08:01:57,t,1,pool13annzt9hjfc822f0ejvxjf7fsmxd6cc28whpk5kagec6ggfmm7u,2021-11-10 08:01:57,303,0,,,24.349655,641,0,0.000000,,24.349655,coordinated_like,emurgo+iog,4.64,False,True,False,False,True,False,False,False,DORMANT_2Y_PLUS,INDETERMINATE
stake1u8m46rsg25jwxu25v9x9dqzmuv3g9w5ntkurr6wmedf2muc0lak9z,7,6,226.423300,2021-03-04 03:51:17,2021-11-26 07:44:08,2021-05-09 23:51:28,t,1,pool14enw2643rn9nn6yzv60jyz3hj4kxs0jvap87lkgsqykh508jxm6,2021-05-09 23:51:28,266,0,,,26.685659,641,0,0.000000,,26.685659,coordinated_like,emurgo+iog,5.15,False,True,False,False,True,False,False,False,DORMANT_2Y_PLUS,INDETERMINATE
stake1uyj7uev22fndkxx4rxh2jtlhlma8scuq9q30446whq4jukqdjsnpr,5,3,225.522920,2021-03-04 04:19:51,2021-08-06 15:35:36,2021-08-06 15:35:36,t,1,pool128r8qqgl9zgy3ff4759a2qslyauu5takaec3nxx4a6mvj3ys8da,2021-03-04 12:39:51,253,0,,,24.392892,638,1,3.968706,2021-08-06 15:35:36,20.424186,coordinated_like,emurgo+iog,4.91,False,True,False,False,False,False,False,False,DORMANT_2Y_PLUS,INDETERMINATE
stake1u90sr3srpp36nyvu67jf04f8g7wv3yhdgr0aaza6uw7eazsutk2m3,7,7,222.647546,2021-02-20 06:02:19,2021-03-28 00:12:28,,f,0,,,,0,,,0.000000,,0,0.000000,,0.000000,coordinated_like,emurgo+iog,5.36,True,True,False,False,False,False,False,False,NEVER_SPENT_COLD,INDETERMINATE
stake1u8ln5akgnpfkfm70gxfapcdvvcmgevf5fk7ttfwrwjd42ysufdkjr,5,3,219.009433,2021-02-01 04:01:31,2022-02-20 16:49:20,2022-02-20 16:49:20,t,1,pool14enw2643rn9nn6yzv60jyz3hj4kxs0jvap87lkgsqykh508jxm6,2021-02-01 04:30:55,247,0,,,27.752267,641,1,7.604973,2022-02-20 16:49:20,20.147294,coordinated_like,emurgo+iog,4.36,False,True,False,False,False,False,False,False,DORMANT_2Y_PLUS,INDETERMINATE
stake1u96ym04t2ah8xqyxna4z0k42dtecen5jltu7duzjud7e9tqskwwep,3,3,218.407115,2021-02-13 17:34:30,2021-03-26 14:20:24,,f,0,,,,0,,,0.000000,,0,0.000000,,0.000000,coordinated_like,emurgo+iog,5.38,True,True,False,False,False,False,False,False,NEVER_SPENT_COLD,INDETERMINATE
stake1uxfr47hp2mhe8a663xn4qwnka4u6qelhwxdmax07et9tzfq27la2j,5,3,218.362080,2021-03-05 08:48:20,2021-03-10 15:51:31,2021-03-10 15:51:31,t,2,pool1pnzwgsgzd6t4788sfr7dxjyusepyq9xaxnpyfcngewqf29t9ayd,2021-03-10 15:51:31,254,0,,,36.315166,641,0,0.000000,,36.315166,coordinated_like,emurgo+iog,5.31,False,True,False,False,True,False,False,False,DORMANT_2Y_PLUS,INDETERMINATE
stake1u9k4rkewywpx5chhxztrkjwkyh2a422vsfx2vjwg7q5aljsjqe83u,4,4,216.824000,2021-03-08 15:31:31,2021-03-18 10:32:16,,f,0,,,,0,,,0.000000,,0,0.000000,,0.000000,coordinated_like,emurgo+iog,5.32,True,True,False,False,False,False,False,False,NEVER_SPENT_COLD,INDETERMINATE
stake1uyp8946mvfrsac3qt73aprrk2hxpchw774e3kft45xr3wrqkyvhta,2,2,212.100000,2021-03-01 14:27:30,2021-03-05 19:39:41,,f,0,,,,0,,,0.000000,,0,0.000000,,0.000000,coordinated_like,emurgo+iog,5.34,True,True,False,False,False,False,False,False,NEVER_SPENT_COLD,INDETERMINATE
stake1u87ll8duxkzsge87hjj8zwfh60cj2whf5kzy80muunmjkmqytvcnu,2,2,210.800000,2021-03-26 00:42:53,2021-03-27 17:05:52,,f,0,,,,0,,,0.000000,,0,0.000000,,0.000000,coordinated_like,emurgo+iog,5.27,True,True,False,False,False,False,False,False,NEVER_SPENT_COLD,INDETERMINATE
stake1u82e5zu9mrdj3mkrh6evu3qjwgnkgg7hg854f4cnzmtcrncmswcw4,2,2,208.539400,2021-03-05 15:30:04,2021-03-05 17:17:56,,f,0,,,,0,,,0.000000,,0,0.000000,,0.000000,coordinated_like,emurgo+iog,5.33,True,True,False,False,False,False,False,False,NEVER_SPENT_COLD,INDETERMINATE
stake1u8xjz3t3gfar8xdrx9wdvf7m0pvlgdrhg709ree3kfsxyxs57m80k,10,5,205.956420,2021-02-02 08:13:46,2021-12-23 01:08:14,2021-12-23 01:08:14,t,2,pool195gdnmj6smzuakm4etxsxw3fgh8asqc4awtcskpyfnkpcvh2v8t,2021-12-23 01:08:14,312,0,,,39.014150,641,0,0.000000,,39.014150,coordinated_like,emurgo+iog,4.53,False,True,False,False,True,False,False,False,DORMANT_2Y_PLUS,INDETERMINATE
stake1uxkcz4dlevrf3ffaluaxv9l3kgf3wsak6n2t3xnj5sjngegwpdllc,2,2,205.200000,2021-02-26 09:58:14,2021-02-26 19:09:30,,f,0,,,,0,,,0.000000,,0,0.000000,,0.000000,coordinated_like,emurgo+iog,5.35,True,True,False,False,False,False,False,False,NEVER_SPENT_COLD,INDETERMINATE
stake1u8c5482qf0f8f54lx0fs88etk9zasq26r32qk78rp8g9scqulrhyq,2,2,203.000000,2021-03-12 14:03:43,2021-03-17 08:13:05,,f,0,,,,0,,,0.000000,,0,0.000000,,0.000000,coordinated_like,emurgo+iog,5.31,True,True,False,False,False,False,False,False,NEVER_SPENT_COLD,INDETERMINATE
stake1uyd7l4375ah688zeya864q7qdnsc0gjdkn6kzs6yze7l9gclu0y3e,6,4,202.811909,2021-03-06 23:39:39,2021-03-19 01:11:44,2021-03-09 15:24:30,t,1,pool1ddg6t2h9kj6lqlec4ncjs945lzj43m3ggrgdhf5sgzhtygpkznz,2021-03-09 15:24:30,254,0,,,38.229787,641,0,0.000000,,38.229787,coordinated_like,emurgo+iog,5.32,False,True,False,False,True,False,False,False,DORMANT_2Y_PLUS,INDETERMINATE
stake1u9ezclpwkamd3dafwvznz9x7dq2tfsdvdgxqza3gzevu8qsyxvte3,10,7,201.125891,2021-03-03 07:02:04,2025-01-27 17:47:34,2025-01-27 17:47:34,f,0,,,,0,,,0.000000,,0,0.000000,,0.000000,coordinated_like,emurgo+iog,1.43,False,False,False,False,False,False,False,False,MIXED,INDETERMINATE
stake1u96v8wvwvy3z7kt7equtmm4fms0t5al58murs69sh7n3ytcks7ufq,4,3,195.937094,2021-02-26 19:41:59,2021-08-08 04:23:41,2021-08-08 04:23:41,t,1,pool1vquhv3kh6xkklckaenl8alyuhfsld57ef5573aqauueyqacx4ak,2021-08-08 04:23:41,284,0,,,31.565551,641,0,0.000000,,31.565551,coordinated_like,emurgo+iog,4.90,False,True,False,False,True,False,False,False,DORMANT_2Y_PLUS,INDETERMINATE
stake1uyv6mkm9nlgqxycyj3tsdl7ntc8phe8h30w2jg69s9ejrucuu6d07,2,2,193.875029,2021-03-13 10:22:03,2021-03-28 10:54:04,,f,0,,,,0,,,0.000000,,0,0.000000,,0.000000,coordinated_like,emurgo+iog,5.31,True,True,False,False,False,False,False,False,NEVER_SPENT_COLD,INDETERMINATE
stake1u9d82ecsu49ljsqayz9p4ae6853trww25kqcgrveca2q9vqc5xfjf,4,3,190.647482,2021-03-03 02:23:49,2021-05-24 13:34:33,2021-03-03 02:51:17,t,1,pool14zdcvdec8qmqzsat5wg3a2h9f0u5yzrgjew534z8u3gs5durnjz,2021-03-03 02:51:17,253,0,,,32.814921,641,0,0.000000,,32.814921,coordinated_like,emurgo+iog,5.33,False,True,False,False,True,False,False,False,DORMANT_2Y_PLUS,INDETERMINATE
stake1uxrfxkz4wv44vhdydgu0zg3j7degr2splcnenuc9n65fxecwj0tmf,5,4,188.035787,2021-02-06 16:56:54,2024-11-13 10:06:19,2024-11-13 10:06:19,t,1,pool1cunvnkjkzh2lna593sjmkylcr3r5rmxdpr8r9u6pfuer72p24x4,2024-11-13 10:06:19,523,0,,,6.766689,641,0,0.000000,,6.766689,coordinated_like,emurgo+iog,1.64,False,False,True,False,True,False,False,False,MIXED,INDETERMINATE
stake1u8a8yztnwdlxpx7zt8fsx4ug20vrc9azjtq0czq5v6s8jzswcnqfh,10,8,185.517358,2021-03-30 05:12:26,2021-06-21 06:34:59,2021-06-21 06:34:59,t,1,pool104avq7309gjm0fxms69yqusxy8zf888k4mamngg5vnc6vculpzq,2021-03-30 05:27:22,258,0,,,32.304261,641,1,1.125975,2021-06-21 06:34:59,31.178286,coordinated_like,emurgo+iog,5.03,False,True,False,False,False,False,False,False,DORMANT_2Y_PLUS,INDETERMINATE
stake1u9ztlna2d4azyfaptj07q4d3t56da6yq8zt2spa92xx88hqphwqa4,2,2,180.200000,2021-03-01 08:05:48,2021-03-13 11:51:16,,f,0,,,,0,,,0.000000,,0,0.000000,,0.000000,coordinated_like,emurgo+iog,5.34,True,True,False,False,False,False,False,False,NEVER_SPENT_COLD,INDETERMINATE
stake1u8w2xqpl7t3f9rvfxvf4378rlaecll25hxl2qf86e9us4ssvhc65c,3,3,179.435926,2021-02-24 15:29:34,2021-03-24 09:48:00,,f,0,,,,0,,,0.000000,,0,0.000000,,0.000000,coordinated_like,emurgo+iog,5.35,True,True,False,False,False,False,False,False,NEVER_SPENT_COLD,INDETERMINATE
stake1uxvvc9wwajp3zw4h95wjk9wspqc9w6v2xhgz3hqup6w3p2glhehqh,7,6,178.185567,2021-02-10 06:19:51,2021-05-08 13:01:49,2021-02-14 06:43:04,t,1,pool1vh4y864hcq2r66ak37w4dsnkhnsfxaaacs0p5s4vj5676m6txwm,2021-02-14 06:43:04,249,0,,,32.570539,641,0,0.000000,,32.570539,coordinated_like,emurgo+iog,5.38,False,True,False,False,True,False,False,False,DORMANT_2Y_PLUS,INDETERMINATE
stake1uxufczcrpkf0lgxuaym7y8g03nmxesfjx6sperk36ehvmysna6cy4,2,2,176.492063,2021-03-04 07:07:44,2021-03-04 08:48:09,,f,0,,,,0,,,0.000000,,0,0.000000,,0.000000,coordinated_like,emurgo+iog,5.33,True,True,False,False,False,False,False,False,NEVER_SPENT_COLD,INDETERMINATE
stake1uyehvgp9gv3evz5z28w4qprtdx4smvvh4ug87sp47ellwwq47ncs9,11,8,169.681499,2021-03-10 21:47:39,2023-04-27 21:04:54,2023-04-27 21:04:54,t,2,pool14u30jkg45xwd27kmznz43hxy596lvrrpj0wz8w9a9k97kmt4p2d,2023-04-27 21:04:54,410,0,,,20.821934,515,1,13.899014,2023-04-27 21:00:57,6.922920,coordinated_like,emurgo+iog,3.18,False,True,False,False,False,False,False,False,DORMANT_2Y_PLUS,INDETERMINATE
stake1u9y36nxc2e5zqhul3euxx20c3268jllsanlh0ltntrzh6jcljlr6m,6,5,164.639684,2021-03-12 14:19:42,2021-04-18 15:44:36,2021-03-12 20:56:04,t,1,pool1ksazs9mzcuyr3mfrvw48dc5wkgsjceztakymmv7jpxle7l2nfs0,2021-03-12 20:56:04,255,0,,,19.390140,528,0,0.000000,,19.390140,coordinated_like,emurgo+iog,5.31,False,True,False,False,True,False,False,False,DORMANT_2Y_PLUS,INDETERMINATE
stake1u87w93ewh7dpqlgduj3urcuy6mys4d3luvgal3xz2xpmsxg99n8cw,31,13,163.784147,2021-02-04 14:18:14,2025-02-04 10:01:25,2025-02-04 10:01:25,f,0,,,,0,,,0.000000,,0,0.000000,,0.000000,coordinated_like,emurgo+iog,1.41,False,False,False,False,False,False,False,False,MIXED,INDETERMINATE
stake1uyzv25l38tgtc8uh56a99u2yg7hz2yv8jgpq8dg47mgqvpsq8cemq,4,2,160.782853,2021-02-20 19:39:56,2026-05-13 16:08:53,2026-05-13 16:08:53,t,2,pool14cq4fchmmqjygwjw4zexmqqd6a7caxptjnvseyu6wanjuppv4vk,2026-05-13 16:08:53,632,1,drep_always_abstain,2026-05-13 16:08:53,30.259801,641,0,0.000000,,30.259801,probable_retained_like,emurgo+iog,0.14,False,False,True,True,True,False,False,False,ACTIVE_MANAGED,INDETERMINATE
stake1ux6jp92jmjl3madx3wj8k5plz2m0g5pw9skpqsdzzg69fmq6ceu9z,5,4,158.725479,2021-02-06 13:42:41,2021-03-05 11:45:57,2021-02-06 13:49:49,t,1,pool1x0qm7xsyh2za3ltprxsgael544je4hg8tc3q3v5gv232z8jt4wp,2021-02-06 13:49:49,248,0,,,29.396797,641,0,0.000000,,29.396797,coordinated_like,emurgo+iog,5.40,False,True,False,False,True,False,False,False,DORMANT_2Y_PLUS,INDETERMINATE
stake1uxa609eky9rnhfv785qlryh07w3cutv5zc4dsn6lva0629sc68aeu,2,2,148.905241,2021-03-01 16:10:21,2021-03-05 02:34:24,,f,0,,,,0,,,0.000000,,0,0.000000,,0.000000,coordinated_like,emurgo+iog,5.34,True,True,False,False,False,False,False,False,NEVER_SPENT_COLD,INDETERMINATE
stake1u89wtpe4ckagk86m3t34nsfpxj42e70aj06v7fw57nt5sqgdl8gst,6,5,148.885567,2021-02-26 12:40:29,2021-05-21 20:17:13,2021-02-26 16:04:56,t,1,pool1jk25l2pejpdzq8vdjlxrr05th49v9tgd78fqrtxvuw3rumpfc6t,2021-02-26 16:04:56,252,0,,,26.134036,641,0,0.000000,,26.134036,coordinated_like,emurgo+iog,5.35,False,True,False,False,True,False,False,False,DORMANT_2Y_PLUS,INDETERMINATE
stake1u8naml5sts4m6p4da2fhlc5hzdxrqq97h07pp9d5jw8lw0gy23wpp,2,2,147.990653,2021-04-05 14:26:02,2021-04-12 13:37:48,,f,0,,,,0,,,0.000000,,0,0.000000,,0.000000,coordinated_like,emurgo+iog,5.24,True,True,False,False,False,False,False,False,NEVER_SPENT_COLD,INDETERMINATE
stake1uxxyz7fvn4wdt5486822we25srq7kztmth53cnx8x7ujglg4lrsl4,5,4,147.824863,2021-02-23 14:56:03,2021-03-12 14:45:41,2021-02-24 14:43:08,t,1,pool1qwa8x4u4a2pff0xdv0haxpgk3tyrvl5adl2lpf3ztcftqruhea0,2021-02-24 14:43:08,251,0,,,27.041068,641,0,0.000000,,27.041068,coordinated_like,emurgo+iog,5.35,False,True,False,False,True,False,False,False,DORMANT_2Y_PLUS,INDETERMINATE
stake1u9gnvjv8yn43vzax6e850t7caq7aj2dkzeac8fh9gjlmjkgzvqksg,4,3,147.488970,2021-02-10 09:19:51,2021-03-28 09:04:49,2021-02-10 09:57:17,t,1,pool103455uc7a3477q8pdmzvny884qtlv9vhm2csxvqx2cadwuk36sq,2021-02-10 09:57:17,249,0,,,28.240087,641,0,0.000000,,28.240087,coordinated_like,emurgo+iog,5.39,False,True,False,False,True,False,False,False,DORMANT_2Y_PLUS,INDETERMINATE
stake1u926s0htamcq366vx8f9h4xgeefk30aw8gd33apxg7jcfjgf4d4qf,2,2,146.400000,2021-03-01 08:50:22,2021-03-04 16:57:48,,f,0,,,,0,,,0.000000,,0,0.000000,,0.000000,coordinated_like,emurgo+iog,5.34,True,True,False,False,False,False,False,False,NEVER_SPENT_COLD,INDETERMINATE
stake1uxzdnck6jju230eh57m96hqea2yw87qp9c29t86wmpkqgqcgufhte,4,3,143.824567,2021-02-07 01:15:45,2021-03-01 03:38:45,2021-02-07 01:55:40,t,1,pool1zmfpd5r5vfwjmwm4cgy53exe58h7plnecny3t4948yw7zumzp4c,2021-02-07 01:55:40,248,0,,,25.928985,641,0,0.000000,,25.928985,coordinated_like,emurgo+iog,5.40,False,True,False,False,True,False,False,False,DORMANT_2Y_PLUS,INDETERMINATE
stake1uxzr3qgzalcpfja8scq3hr5ry8dx3vp2ejlzsjtds7yha6g27pja0,4,4,138.800000,2021-02-23 09:52:46,2021-03-19 04:34:59,,f,0,,,,0,,,0.000000,,0,0.000000,,0.000000,coordinated_like,emurgo+iog,5.36,True,True,False,False,False,False,False,False,NEVER_SPENT_COLD,INDETERMINATE
stake1u9z0k2qdzlyedrftnhpyujpvn3nycg6lvta3e2g0dtzuvsqegatlw,2,2,136.247546,2021-02-21 06:35:31,2021-03-05 19:39:41,,f,0,,,,0,,,0.000000,,0,0.000000,,0.000000,coordinated_like,emurgo+iog,5.36,True,True,False,False,False,False,False,False,NEVER_SPENT_COLD,INDETERMINATE
stake1u8s06sq6ztu6w6ger8v77nrlme9k0qfkerhr4zfduynpk9g7rpkx0,2,2,129.468400,2021-03-03 10:12:36,2021-03-03 18:54:40,,f,0,,,,0,,,0.000000,,0,0.000000,,0.000000,coordinated_like,emurgo+iog,5.33,True,True,False,False,False,False,False,False,NEVER_SPENT_COLD,INDETERMINATE
stake1u9sma2lup63y45gumgq0sejhuwy6wpu2y390w0f9tuvuufcvpfsjp,4,3,128.656912,2021-02-01 10:37:19,2021-04-15 10:10:05,2021-02-12 11:15:09,f,0,,,,0,,,0.000000,,0,0.000000,,0.000000,coordinated_like,emurgo+iog,5.39,False,True,False,False,False,False,False,False,DORMANT_2Y_PLUS,INDETERMINATE
stake1u9ayqz0yhrq3ehnsqpkqp5c0qqukkqfdytjqfsgntn99vhqv6n5ap,2,2,117.452300,2021-03-01 02:51:57,2021-03-25 14:59:41,,f,0,,,,0,,,0.000000,,0,0.000000,,0.000000,coordinated_like,emurgo+iog,5.34,True,True,False,False,False,False,False,False,NEVER_SPENT_COLD,INDETERMINATE
stake1u99d8rp73kq3ghj3uwrhvnnzxe8d35yzs7x0fzxth700rfcym59nh,3,3,117.000000,2021-02-21 12:59:59,2021-03-08 22:04:51,,f,0,,,,0,,,0.000000,,0,0.000000,,0.000000,coordinated_like,emurgo+iog,5.36,True,True,False,False,False,False,False,False,NEVER_SPENT_COLD,INDETERMINATE
stake1uyxr3c7dk37aa33p6ng8m3wf6jpt98qsdt9fgu89gzj2d9sc47wnk,2,2,116.581463,2021-02-28 14:08:10,2021-03-01 03:22:01,,f,0,,,,0,,,0.000000,,0,0.000000,,0.000000,coordinated_like,emurgo+iog,5.34,True,True,False,False,False,False,False,False,NEVER_SPENT_COLD,INDETERMINATE
stake1u952a90fcl22dxw9dlzlsac2cysnkdtvr3exg3txg45h7jqluml2d,3,3,116.000000,2021-03-04 07:39:51,2021-04-01 20:21:15,,f,0,,,,0,,,0.000000,,0,0.000000,,0.000000,coordinated_like,emurgo+iog,5.33,True,True,False,False,False,False,False,False,NEVER_SPENT_COLD,INDETERMINATE
stake1uy4l5q92uw6vtuendldqjp77wht9625q3ruxt20du0z663sxp59yl,2,2,111.437100,2021-03-04 20:24:49,2021-03-09 09:13:26,,f,0,,,,0,,,0.000000,,0,0.000000,,0.000000,coordinated_like,emurgo+iog,5.33,True,True,False,False,False,False,False,False,NEVER_SPENT_COLD,INDETERMINATE
stake1uxgutx0m0rvj8yjff3dwr6andhnhfrc4sm6g8rteevam47s92athl,2,2,107.413500,2021-02-15 14:28:58,2021-03-12 19:58:40,,f,0,,,,0,,,0.000000,,0,0.000000,,0.000000,coordinated_like,emurgo+iog,5.38,True,True,False,False,False,False,False,False,NEVER_SPENT_COLD,INDETERMINATE
stake1uxrhs0yckzszr9kcn85qt3klut74ll9skyuxtdthq2pn8nqpfwgsv,3,2,105.656443,2021-02-26 20:37:30,2021-03-01 05:52:28,2021-03-01 05:52:28,t,1,pool1nhd907krga9dh69kf0jg4tl0764rravepy337gptvsknxyyx94k,2021-03-01 05:52:28,252,0,,,16.259877,641,0,0.000000,,16.259877,coordinated_like,emurgo+iog,5.34,False,True,False,False,True,False,False,False,DORMANT_2Y_PLUS,INDETERMINATE
stake1uy5xxm2fgt2e0qw2m6chz72y35rzmwkvf5juvgrj9ksy4cghh6qm0,3,3,102.080000,2021-03-08 12:56:43,2021-03-19 10:36:09,,f,0,,,,0,,,0.000000,,0,0.000000,,0.000000,coordinated_like,emurgo+iog,5.32,True,True,False,False,False,False,False,False,NEVER_SPENT_COLD,INDETERMINATE
stake1u9296vfyfxx5pydm5j75dq0um89mz6uh96txqax07ypyrygqazavz,5,5,100.132600,2021-02-23 13:46:46,2021-09-20 13:51:35,,f,0,,,,0,,,0.000000,,0,0.000000,,0.000000,coordinated_like,emurgo+iog,5.36,True,True,False,False,False,False,False,False,NEVER_SPENT_COLD,INDETERMINATE
stake1u954vmkqnxcuesuuhhqnqge25pctptj5per5mt90xkmvshchp357t,2,2,97.000900,2021-02-25 09:58:45,2021-02-25 10:07:42,,f,0,,,,0,,,0.000000,,0,0.000000,,0.000000,coordinated_like,emurgo+iog,5.35,True,True,False,False,False,False,False,False,NEVER_SPENT_COLD,INDETERMINATE
stake1u9cpktr4uhta3msyu2dwms4wcgjx2qndfgy03xk459vzq3gy6k0y4,2,2,96.546216,2021-03-04 19:57:43,2021-03-05 01:25:38,,f,0,,,,0,,,0.000000,,0,0.000000,,0.000000,coordinated_like,emurgo+iog,5.33,True,True,False,False,False,False,False,False,NEVER_SPENT_COLD,INDETERMINATE
stake1u9c796py90rc8rqe7wluypzp4m5n29pyz4nzdpzw22853fch39n5q,5,3,95.717120,2020-11-22 03:45:09,2021-03-01 16:09:46,2021-02-27 06:52:46,t,1,pool14enw2643rn9nn6yzv60jyz3hj4kxs0jvap87lkgsqykh508jxm6,2021-01-17 15:26:48,244,0,,,12.984622,641,1,0.205634,2021-02-27 06:52:46,12.778988,coordinated_like,emurgo+iog,5.35,False,True,False,False,False,False,False,False,DORMANT_2Y_PLUS,INDETERMINATE
stake1u86mplrmufv2p4mzt7352vm5rv3c4fyfyxjfht8glmqgq3cfk04p2,3,3,93.000000,2021-03-13 17:45:42,2021-03-13 18:34:23,,f,0,,,,0,,,0.000000,,0,0.000000,,0.000000,coordinated_like,emurgo+iog,5.31,True,True,False,False,False,False,False,False,NEVER_SPENT_COLD,INDETERMINATE
stake1u90tq3cjl0x0x2dyn6gdmkh37gq7u2p8vgxttnquakpyggqaxynyf,2,2,92.028900,2021-03-07 23:37:13,2021-03-07 23:48:10,,f,0,,,,0,,,0.000000,,0,0.000000,,0.000000,coordinated_like,emurgo+iog,5.32,True,True,False,False,False,False,False,False,NEVER_SPENT_COLD,INDETERMINATE
stake1uyje5lxdjh4dc9asu3dtd624nqy5h3yrfw5xv8v4v8yk48c0s4jet,2,2,91.000000,2021-03-04 00:54:53,2021-03-09 14:14:32,,f,0,,,,0,,,0.000000,,0,0.000000,,0.000000,coordinated_like,emurgo+iog,5.33,True,True,False,False,False,False,False,False,NEVER_SPENT_COLD,INDETERMINATE
stake1u85st2r7wf5vhrd3vst63jgupv3shpmxnn06mrfxj0gguls43khtp,2,2,89.500000,2021-02-23 14:06:29,2021-03-01 16:11:19,,f,0,,,,0,,,0.000000,,0,0.000000,,0.000000,coordinated_like,emurgo+iog,5.36,True,True,False,False,False,False,False,False,NEVER_SPENT_COLD,INDETERMINATE
stake1uxc3dvq4sk9l52nvpnavh83wqg4ec8szvzqyzs073q2m07c3krwj0,2,2,88.342410,2021-02-24 11:06:52,2021-03-04 06:10:46,,f,0,,,,0,,,0.000000,,0,0.000000,,0.000000,coordinated_like,emurgo+iog,5.35,True,True,False,False,False,False,False,False,NEVER_SPENT_COLD,INDETERMINATE
stake1u9rmyr72md42u2w2rsv9ry78pcyjthky4428df0gy5rw9scnjthd7,445,44,87.469744,2021-03-05 00:28:11,2025-09-25 22:00:03,2025-09-10 10:59:33,t,1,pool1pzqdfptvl5f8vh28az37jag2wkfmqz9x8d6eufl8y0z9q34hlr7,2021-07-17 21:39:09,280,0,,,76.756783,636,1,13.275636,2022-02-07 10:19:47,63.481147,coordinated_like,emurgo+iog,0.81,False,False,False,False,False,False,False,False,MIXED,INDETERMINATE
stake1u9e7426gj6mndu3nmte3rjk2glqnl5c5z45z8e5ncs7q7rg0x7lxe,2,2,82.400000,2021-02-25 17:07:47,2021-03-03 16:28:40,,f,0,,,,0,,,0.000000,,0,0.000000,,0.000000,coordinated_like,emurgo+iog,5.35,True,True,False,False,False,False,False,False,NEVER_SPENT_COLD,INDETERMINATE
stake1uxcn5uxtxwkd32x8cwwmnysypkraujkf9jx8vvg0s2454ws45g3pv,3,2,81.572470,2021-03-16 23:52:05,2021-03-17 00:26:23,2021-03-17 00:26:23,t,1,pool16hs0jxw7h6pwg3ru7rcq3yvg4csj7lhmcpj68kqem2sh5nt8mwk,2021-03-17 00:26:23,256,0,,,14.709822,641,0,0.000000,,14.709822,coordinated_like,emurgo+iog,5.30,False,True,False,False,True,False,False,False,DORMANT_2Y_PLUS,INDETERMINATE
stake1u9np0q4p86x3dz9xgpzyaarejd0ksykcg7zpc6xrjvun7pq8ylf5s,2,2,80.000000,2021-02-28 15:49:36,2021-03-03 19:55:18,,f,0,,,,0,,,0.000000,,0,0.000000,,0.000000,coordinated_like,emurgo+iog,5.34,True,True,False,False,False,False,False,False,NEVER_SPENT_COLD,INDETERMINATE
stake1u9axsunnwd348framy8sgfmuatn87nluzaxlzmw6xqt7r3s7d2yuy,3,3,79.685520,2021-03-10 18:20:09,2021-04-22 21:14:31,,f,0,,,,0,,,0.000000,,0,0.000000,,0.000000,coordinated_like,emurgo+iog,5.31,True,True,False,False,False,False,False,False,NEVER_SPENT_COLD,INDETERMINATE
stake1u8kmk39ypf8el3dj3p558k3j5lc76mvmua0e3wzkqwhw6kgnl520c,10,6,67.580312,2021-02-25 06:19:13,2021-04-15 22:08:57,2021-04-15 22:08:57,f,1,pool1qfxukshs4fkcrflzdnxa2fdza5lfvew3y6echg8ckaa4q8m5hyf,2021-02-25 07:08:47,252,0,,,0.102159,256,1,0.102159,2021-03-28 17:12:15,0.000000,coordinated_like,emurgo+iog,5.21,False,True,False,False,False,False,False,False,DORMANT_2Y_PLUS,INDETERMINATE
stake1uxug4a5k9ev3s2928350a9qfq4lpnpp599ywcgpy9pfh6qg5g5887,23,17,65.637347,2021-03-07 06:07:33,2025-12-19 00:38:35,2025-12-19 00:38:35,t,1,pool1jt7d6ak3m8gnjyxtuxfswe258xzwda80ndl0a57vv5m2zv8h6at,2021-03-07 06:32:56,254,1,drep1qe2l8gw8v7ydswfp9twytxcc3wzwdq8npt55f3vnlgv2u8sx3nt,2025-12-18 02:03:05,8.315916,641,1,7.598154,2025-12-19 00:38:35,0.717762,coordinated_like,iog,0.54,False,False,True,False,False,False,False,False,MIXED,INDETERMINATE
stake1uy22t6kq7z3qwzz8zw5pdv4xxae7lz0wl7w4wjp6ygh2ajgdvuah8,2,2,65.600000,2021-03-03 18:54:21,2021-03-09 09:49:26,,f,0,,,,0,,,0.000000,,0,0.000000,,0.000000,coordinated_like,emurgo+iog,5.33,True,True,False,False,False,False,False,False,NEVER_SPENT_COLD,INDETERMINATE
stake1u8wdkfggk5d93xnph3lfwy9h2rrx6qfudgrngph7nzwvqeqmpvwvn,2,2,63.000000,2021-03-04 07:02:32,2021-03-06 13:28:24,,f,0,,,,0,,,0.000000,,0,0.000000,,0.000000,coordinated_like,emurgo+iog,5.33,True,True,False,False,False,False,False,False,NEVER_SPENT_COLD,INDETERMINATE
stake1uxafasd5cf2y2774atqhsz5nd69fzl0u9hlmdfgxgalq3lqygyze8,2,2,57.519999,2021-02-26 09:21:22,2021-03-01 02:06:06,,f,0,,,,0,,,0.000000,,0,0.000000,,0.000000,coordinated_like,emurgo+iog,5.35,True,True,False,False,False,False,False,False,NEVER_SPENT_COLD,INDETERMINATE
stake1uytwwzhz7fp9hs9qy8pq447gghqclmwpkcrg3qvjywdl2nc653xdn,2,2,50.000000,2021-03-03 20:18:47,2021-03-04 21:07:58,,f,0,,,,0,,,0.000000,,0,0.000000,,0.000000,coordinated_like,emurgo+iog,5.33,True,True,False,False,False,False,False,False,NEVER_SPENT_COLD,INDETERMINATE
stake1u8g9mhsfhdr7hhm7zrfwq92yjh37zmv8tuj54c54p3yh4zc546f9a,2,2,45.800000,2021-03-03 21:16:58,2021-03-14 09:33:35,,f,0,,,,0,,,0.000000,,0,0.000000,,0.000000,coordinated_like,emurgo+iog,5.33,True,True,False,False,False,False,False,False,NEVER_SPENT_COLD,INDETERMINATE
stake1uxmlj8cv0y8r03zl8vxrakyr2gcarjpnp9z9zct5wpvpfgqd6acth,2,2,42.955000,2021-03-04 16:52:31,2021-03-04 17:03:10,,f,0,,,,0,,,0.000000,,0,0.000000,,0.000000,coordinated_like,emurgo+iog,5.33,True,True,False,False,False,False,False,False,NEVER_SPENT_COLD,INDETERMINATE
stake1uyssx37wmaww7jlyql6yckz7whvxwknplnq2xluc2g4qltg8n9gp6,2,2,38.000000,2021-03-18 15:01:35,2021-03-18 16:13:48,,f,0,,,,0,,,0.000000,,0,0.000000,,0.000000,coordinated_like,emurgo+iog,5.29,True,True,False,False,False,False,False,False,NEVER_SPENT_COLD,INDETERMINATE
stake1u8534w8urtx6nfqx7gm47tpmt97kdu4zlnuy27nr426fkcghyvua9,2,2,32.620000,2021-03-09 17:15:05,2021-03-30 09:16:51,,f,0,,,,0,,,0.000000,,0,0.000000,,0.000000,coordinated_like,emurgo+iog,5.32,True,True,False,False,False,False,False,False,NEVER_SPENT_COLD,INDETERMINATE
stake1u9z27rewew3mey3zn5z9lwvrfpm5749ud8ud0mwer9eaveqmqjex0,2,2,32.475317,2021-03-07 10:13:30,2021-03-10 08:45:30,,f,0,,,,0,,,0.000000,,0,0.000000,,0.000000,coordinated_like,emurgo+iog,5.32,True,True,False,False,False,False,False,False,NEVER_SPENT_COLD,INDETERMINATE
stake1u99cntgd0h5mvztvr9ajkas57q3kujrewvh5y9r95cty4gcgj487w,2,2,31.000000,2021-03-05 23:07:50,2021-03-14 17:30:54,,f,0,,,,0,,,0.000000,,0,0.000000,,0.000000,coordinated_like,emurgo+iog,5.33,True,True,False,False,False,False,False,False,NEVER_SPENT_COLD,INDETERMINATE
stake1u9zf6ufh7s9mc9f602sdtzqrgzxz5p4u7yqcyft4tvz7qdcue05u7,2,2,26.994020,2021-03-16 18:17:15,2021-03-30 10:09:04,,f,0,,,,0,,,0.000000,,0,0.000000,,0.000000,coordinated_like,emurgo+iog,5.30,True,True,False,False,False,False,False,False,NEVER_SPENT_COLD,INDETERMINATE
stake1u9e79xcddffjey99fmnyd4yk3kpe4euv5r4t2xqzxzln22scfkvfe,2,2,18.000000,2021-02-28 07:20:35,2021-03-04 05:06:20,,f,0,,,,0,,,0.000000,,0,0.000000,,0.000000,coordinated_like,emurgo+iog,5.34,True,True,False,False,False,False,False,False,NEVER_SPENT_COLD,INDETERMINATE
stake1u98690w60kq54udx9h46p35epgm7mhq6hqxxtjen6rsqg5g9u2r0s,52,6,13.075261,2020-09-26 18:25:55,2026-05-25 05:56:44,2026-05-25 05:56:44,f,5,pool173mzegwuu0pjcrt60ekelzj5haqr8r5e4e0n45qh9jdz7xm5kh8,2024-06-15 02:03:52,493,1,drep1duf9wj2007jp8zd2k2khq69ppykwq68zsp8vksselwaj5nvnr3n,2024-12-03 07:00:22,1109.629316,581,3,1110.591461,2025-09-06 23:02:23,-0.962145,coordinated_like,iog,0.11,False,False,True,True,False,False,False,False,ACTIVE_MANAGED,INDETERMINATE
stake1u8g3r9vgwkyzldjt4nv5khcpv2z03ujqqdelankx3jeushqscd67c,9,1,10.880023,2021-03-09 19:04:40,2025-10-01 13:13:09,2025-10-01 13:13:09,t,1,pool1xytvsd9qnvqxpthh9p8k85e823trvn3npxeur8kr9zhkqz5uls9,2021-03-09 19:37:36,254,1,drep_always_abstain,2025-09-15 14:21:38,181.002401,641,2,179.596936,2025-10-01 12:47:33,1.405465,coordinated_like,emurgo+iog,0.75,False,False,True,False,False,False,False,False,MIXED,INDETERMINATE
stake1uy3ptpy5upjdlzcc0ev7etey2k0rqk73r8mayxtaghrjgvqlf79ss,48,1,10.138164,2020-08-03 19:16:11,2025-10-18 19:50:12,2025-10-18 19:50:12,t,2,pool1vx9tzlkgafernd9vpjpxkenutx2gncj4yn88fpq69823qlwcqrt,2022-01-19 22:33:37,317,1,drep_always_abstain,2025-10-18 19:32:48,78750.041817,641,2,81582.604528,2025-10-18 19:35:01,-2832.562711,coordinated_like,emurgo+iog,0.71,False,False,True,False,False,False,False,False,MIXED,INDETERMINATE
stake1u9xkhpytrjc56qjhyfgxyuxxgtevwply07n4je7mld4k06gflpd42,51,1,10.044067,2020-10-10 06:14:51,2026-06-18 08:05:02,2026-06-18 08:05:02,t,8,pool1wz27a9pvd2jat98s375lxaaj7qxy405km4vzp83wn5vtwp59kvh,2022-05-06 21:30:37,339,1,drep_always_abstain,2026-06-18 07:35:06,1728.191301,641,3,1721.905357,2026-06-18 07:36:11,6.285944,coordinated_like,emurgo+iog,0.04,False,False,True,True,False,False,False,False,ACTIVE_MANAGED,INDETERMINATE
stake1u8gehgzgd77zzn47drzh0yv22d0xwx0mqh9n7wz06zmd8wck38yjw,28,1,10.004787,2020-07-29 23:19:11,2025-10-09 11:28:51,2025-10-09 11:28:51,t,5,pool1ekcsyzwexl7p2kwxxh34hy28l6772vrmff7jwmuxsa6u6fzty9z,2025-10-09 11:08:59,589,1,drep_always_abstain,2025-10-09 11:08:59,3735.590000,641,1,3720.737334,2025-10-09 11:28:51,14.852666,coordinated_like,emurgo+iog,0.73,False,False,True,False,False,False,False,False,MIXED,INDETERMINATE
stake1uxy6atun6lwd3lsxy3wn7t5h69a0pq8dlg256y25w975dmq3nwfng,13,1,2.107012,2021-02-13 23:04:10,2025-11-10 17:25:05,2025-11-10 17:25:05,t,1,pool1xytvsd9qnvqxpthh9p8k85e823trvn3npxeur8kr9zhkqz5uls9,2021-03-01 18:30:22,252,1,drep_always_abstain,2025-11-10 17:06:31,16944.966964,641,1,16826.398385,2025-11-10 17:07:05,118.568579,probable_retained_like,emurgo+iog,0.64,False,False,True,False,False,False,False,False,MIXED,INDETERMINATE
