snapshot_utc,trace_schema,cert_type,root_combo,epoch_no,cert_count,distinct_stake_addresses,distinct_targets
2026-06-11T13:54:37Z,abcde_forensics_stage_founders_depth14,drep_vote_delegation,cf,508,1,1,1
2026-06-11T13:54:37Z,abcde_forensics_stage_founders_depth14,drep_vote_delegation,cf,517,2,2,1
2026-06-11T13:54:37Z,abcde_forensics_stage_founders_depth14,drep_vote_delegation,cf,519,1,1,1
2026-06-11T13:54:37Z,abcde_forensics_stage_founders_depth14,drep_vote_delegation,cf,521,2,2,2
2026-06-11T13:54:37Z,abcde_forensics_stage_founders_depth14,drep_vote_delegation,cf,522,3,3,2
2026-06-11T13:54:37Z,abcde_forensics_stage_founders_depth14,drep_vote_delegation,cf,523,2,2,2
2026-06-11T13:54:37Z,abcde_forensics_stage_founders_depth14,drep_vote_delegation,cf,524,2,2,2
2026-06-11T13:54:37Z,abcde_forensics_stage_founders_depth14,drep_vote_delegation,cf,525,2,2,1
2026-06-11T13:54:37Z,abcde_forensics_stage_founders_depth14,drep_vote_delegation,cf,527,1,1,1
2026-06-11T13:54:37Z,abcde_forensics_stage_founders_depth14,drep_vote_delegation,cf,528,3,3,3
2026-06-11T13:54:37Z,abcde_forensics_stage_founders_depth14,drep_vote_delegation,cf,529,2,2,1
2026-06-11T13:54:37Z,abcde_forensics_stage_founders_depth14,drep_vote_delegation,cf,530,4,2,3
2026-06-11T13:54:37Z,abcde_forensics_stage_founders_depth14,drep_vote_delegation,cf,531,1,1,1
2026-06-11T13:54:37Z,abcde_forensics_stage_founders_depth14,drep_vote_delegation,cf,532,1,1,1
2026-06-11T13:54:37Z,abcde_forensics_stage_founders_depth14,drep_vote_delegation,cf,533,1,1,1
2026-06-11T13:54:37Z,abcde_forensics_stage_founders_depth14,drep_vote_delegation,cf,534,2,2,1
2026-06-11T13:54:37Z,abcde_forensics_stage_founders_depth14,drep_vote_delegation,cf,535,1,1,1
2026-06-11T13:54:37Z,abcde_forensics_stage_founders_depth14,drep_vote_delegation,cf,536,3,3,2
2026-06-11T13:54:37Z,abcde_forensics_stage_founders_depth14,drep_vote_delegation,cf,537,1,1,1
2026-06-11T13:54:37Z,abcde_forensics_stage_founders_depth14,drep_vote_delegation,cf,538,3,1,2
2026-06-11T13:54:37Z,abcde_forensics_stage_founders_depth14,drep_vote_delegation,cf,540,5,3,2
2026-06-11T13:54:37Z,abcde_forensics_stage_founders_depth14,drep_vote_delegation,cf,542,1,1,1
2026-06-11T13:54:37Z,abcde_forensics_stage_founders_depth14,drep_vote_delegation,cf,546,1,1,1
2026-06-11T13:54:37Z,abcde_forensics_stage_founders_depth14,drep_vote_delegation,cf,553,4,3,3
2026-06-11T13:54:37Z,abcde_forensics_stage_founders_depth14,drep_vote_delegation,cf,554,1,1,1
2026-06-11T13:54:37Z,abcde_forensics_stage_founders_depth14,drep_vote_delegation,cf,556,1,1,1
2026-06-11T13:54:37Z,abcde_forensics_stage_founders_depth14,drep_vote_delegation,cf,558,1,1,1
2026-06-11T13:54:37Z,abcde_forensics_stage_founders_depth14,drep_vote_delegation,cf,559,2,1,1
2026-06-11T13:54:37Z,abcde_forensics_stage_founders_depth14,drep_vote_delegation,cf,562,1,1,1
2026-06-11T13:54:37Z,abcde_forensics_stage_founders_depth14,drep_vote_delegation,cf,563,9,1,1
2026-06-11T13:54:37Z,abcde_forensics_stage_founders_depth14,drep_vote_delegation,cf,566,1,1,1
2026-06-11T13:54:37Z,abcde_forensics_stage_founders_depth14,drep_vote_delegation,cf,571,3,3,2
2026-06-11T13:54:37Z,abcde_forensics_stage_founders_depth14,drep_vote_delegation,cf,579,1,1,1
2026-06-11T13:54:37Z,abcde_forensics_stage_founders_depth14,drep_vote_delegation,cf,584,3,2,1
2026-06-11T13:54:37Z,abcde_forensics_stage_founders_depth14,drep_vote_delegation,cf,586,1,1,1
2026-06-11T13:54:37Z,abcde_forensics_stage_founders_depth14,drep_vote_delegation,cf,588,5,5,2
2026-06-11T13:54:37Z,abcde_forensics_stage_founders_depth14,drep_vote_delegation,cf,589,1,1,1
2026-06-11T13:54:37Z,abcde_forensics_stage_founders_depth14,drep_vote_delegation,cf,604,1,1,1
2026-06-11T13:54:37Z,abcde_forensics_stage_founders_depth14,drep_vote_delegation,cf,605,1,1,1
2026-06-11T13:54:37Z,abcde_forensics_stage_founders_depth14,drep_vote_delegation,cf,611,1,1,1
2026-06-11T13:54:37Z,abcde_forensics_stage_founders_depth14,drep_vote_delegation,cf,612,1,1,1
2026-06-11T13:54:37Z,abcde_forensics_stage_founders_depth14,drep_vote_delegation,cf,615,1,1,1
2026-06-11T13:54:37Z,abcde_forensics_stage_founders_depth14,drep_vote_delegation,cf,620,1,1,1
2026-06-11T13:54:37Z,abcde_forensics_stage_founders_depth14,drep_vote_delegation,cf,633,1,1,1
2026-06-11T13:54:37Z,abcde_forensics_stage_founders_depth14,drep_vote_delegation,cf,635,3,3,2
2026-06-11T13:54:37Z,abcde_forensics_stage_founders_depth14,drep_vote_delegation,cf+emurgo,514,1,1,1
2026-06-11T13:54:37Z,abcde_forensics_stage_founders_depth14,drep_vote_delegation,cf+emurgo,531,1,1,1
2026-06-11T13:54:37Z,abcde_forensics_stage_founders_depth14,drep_vote_delegation,cf+emurgo,534,3,2,1
2026-06-11T13:54:37Z,abcde_forensics_stage_founders_depth14,drep_vote_delegation,cf+emurgo,569,1,1,1
2026-06-11T13:54:37Z,abcde_forensics_stage_founders_depth14,drep_vote_delegation,cf+emurgo,578,1,1,1
2026-06-11T13:54:37Z,abcde_forensics_stage_founders_depth14,drep_vote_delegation,cf+emurgo,579,1,1,1
2026-06-11T13:54:37Z,abcde_forensics_stage_founders_depth14,drep_vote_delegation,cf+emurgo+iog,507,2,2,2
2026-06-11T13:54:37Z,abcde_forensics_stage_founders_depth14,drep_vote_delegation,cf+emurgo+iog,508,2,1,2
2026-06-11T13:54:37Z,abcde_forensics_stage_founders_depth14,drep_vote_delegation,cf+emurgo+iog,519,1,1,1
2026-06-11T13:54:37Z,abcde_forensics_stage_founders_depth14,drep_vote_delegation,cf+emurgo+iog,522,1,1,1
2026-06-11T13:54:37Z,abcde_forensics_stage_founders_depth14,drep_vote_delegation,cf+emurgo+iog,528,1,1,1
2026-06-11T13:54:37Z,abcde_forensics_stage_founders_depth14,drep_vote_delegation,cf+emurgo+iog,531,1,1,1
2026-06-11T13:54:37Z,abcde_forensics_stage_founders_depth14,drep_vote_delegation,cf+emurgo+iog,533,1,1,1
2026-06-11T13:54:37Z,abcde_forensics_stage_founders_depth14,drep_vote_delegation,cf+emurgo+iog,536,1,1,1
2026-06-11T13:54:37Z,abcde_forensics_stage_founders_depth14,drep_vote_delegation,cf+emurgo+iog,544,1,1,1
2026-06-11T13:54:37Z,abcde_forensics_stage_founders_depth14,drep_vote_delegation,cf+emurgo+iog,634,1,1,1
2026-06-11T13:54:37Z,abcde_forensics_stage_founders_depth14,drep_vote_delegation,cf+emurgo+iog,635,1,1,1
2026-06-11T13:54:37Z,abcde_forensics_stage_founders_depth14,drep_vote_delegation,cf+iog,507,2,2,2
2026-06-11T13:54:37Z,abcde_forensics_stage_founders_depth14,drep_vote_delegation,cf+iog,508,1,1,1
2026-06-11T13:54:37Z,abcde_forensics_stage_founders_depth14,drep_vote_delegation,cf+iog,509,1,1,1
2026-06-11T13:54:37Z,abcde_forensics_stage_founders_depth14,drep_vote_delegation,cf+iog,511,1,1,1
2026-06-11T13:54:37Z,abcde_forensics_stage_founders_depth14,drep_vote_delegation,cf+iog,512,2,2,2
2026-06-11T13:54:37Z,abcde_forensics_stage_founders_depth14,drep_vote_delegation,cf+iog,516,1,1,1
2026-06-11T13:54:37Z,abcde_forensics_stage_founders_depth14,drep_vote_delegation,cf+iog,517,1,1,1
2026-06-11T13:54:37Z,abcde_forensics_stage_founders_depth14,drep_vote_delegation,cf+iog,518,1,1,1
2026-06-11T13:54:37Z,abcde_forensics_stage_founders_depth14,drep_vote_delegation,cf+iog,520,1,1,1
2026-06-11T13:54:37Z,abcde_forensics_stage_founders_depth14,drep_vote_delegation,cf+iog,521,3,3,1
2026-06-11T13:54:37Z,abcde_forensics_stage_founders_depth14,drep_vote_delegation,cf+iog,523,3,2,3
2026-06-11T13:54:37Z,abcde_forensics_stage_founders_depth14,drep_vote_delegation,cf+iog,524,2,2,1
2026-06-11T13:54:37Z,abcde_forensics_stage_founders_depth14,drep_vote_delegation,cf+iog,525,1,1,1
2026-06-11T13:54:37Z,abcde_forensics_stage_founders_depth14,drep_vote_delegation,cf+iog,526,4,4,1
2026-06-11T13:54:37Z,abcde_forensics_stage_founders_depth14,drep_vote_delegation,cf+iog,527,1,1,1
2026-06-11T13:54:37Z,abcde_forensics_stage_founders_depth14,drep_vote_delegation,cf+iog,528,2,2,2
2026-06-11T13:54:37Z,abcde_forensics_stage_founders_depth14,drep_vote_delegation,cf+iog,529,1,1,1
2026-06-11T13:54:37Z,abcde_forensics_stage_founders_depth14,drep_vote_delegation,cf+iog,530,1,1,1
2026-06-11T13:54:37Z,abcde_forensics_stage_founders_depth14,drep_vote_delegation,cf+iog,531,2,2,2
2026-06-11T13:54:37Z,abcde_forensics_stage_founders_depth14,drep_vote_delegation,cf+iog,532,3,3,2
2026-06-11T13:54:37Z,abcde_forensics_stage_founders_depth14,drep_vote_delegation,cf+iog,534,1,1,1
2026-06-11T13:54:37Z,abcde_forensics_stage_founders_depth14,drep_vote_delegation,cf+iog,536,2,2,2
2026-06-11T13:54:37Z,abcde_forensics_stage_founders_depth14,drep_vote_delegation,cf+iog,539,1,1,1
2026-06-11T13:54:37Z,abcde_forensics_stage_founders_depth14,drep_vote_delegation,cf+iog,540,1,1,1
2026-06-11T13:54:37Z,abcde_forensics_stage_founders_depth14,drep_vote_delegation,cf+iog,542,1,1,1
2026-06-11T13:54:37Z,abcde_forensics_stage_founders_depth14,drep_vote_delegation,cf+iog,543,2,2,2
2026-06-11T13:54:37Z,abcde_forensics_stage_founders_depth14,drep_vote_delegation,cf+iog,547,1,1,1
2026-06-11T13:54:37Z,abcde_forensics_stage_founders_depth14,drep_vote_delegation,cf+iog,549,1,1,1
2026-06-11T13:54:37Z,abcde_forensics_stage_founders_depth14,drep_vote_delegation,cf+iog,552,1,1,1
2026-06-11T13:54:37Z,abcde_forensics_stage_founders_depth14,drep_vote_delegation,cf+iog,554,1,1,1
2026-06-11T13:54:37Z,abcde_forensics_stage_founders_depth14,drep_vote_delegation,cf+iog,556,1,1,1
2026-06-11T13:54:37Z,abcde_forensics_stage_founders_depth14,drep_vote_delegation,cf+iog,560,1,1,1
2026-06-11T13:54:37Z,abcde_forensics_stage_founders_depth14,drep_vote_delegation,cf+iog,561,1,1,1
2026-06-11T13:54:37Z,abcde_forensics_stage_founders_depth14,drep_vote_delegation,cf+iog,563,1,1,1
2026-06-11T13:54:37Z,abcde_forensics_stage_founders_depth14,drep_vote_delegation,cf+iog,564,1,1,1
2026-06-11T13:54:37Z,abcde_forensics_stage_founders_depth14,drep_vote_delegation,cf+iog,565,1,1,1
2026-06-11T13:54:37Z,abcde_forensics_stage_founders_depth14,drep_vote_delegation,cf+iog,572,1,1,1
2026-06-11T13:54:37Z,abcde_forensics_stage_founders_depth14,drep_vote_delegation,cf+iog,574,1,1,1
2026-06-11T13:54:37Z,abcde_forensics_stage_founders_depth14,drep_vote_delegation,cf+iog,578,1,1,1
2026-06-11T13:54:37Z,abcde_forensics_stage_founders_depth14,drep_vote_delegation,cf+iog,582,1,1,1
2026-06-11T13:54:37Z,abcde_forensics_stage_founders_depth14,drep_vote_delegation,cf+iog,587,1,1,1
2026-06-11T13:54:37Z,abcde_forensics_stage_founders_depth14,drep_vote_delegation,cf+iog,596,1,1,1
2026-06-11T13:54:37Z,abcde_forensics_stage_founders_depth14,drep_vote_delegation,cf+iog,597,1,1,1
2026-06-11T13:54:37Z,abcde_forensics_stage_founders_depth14,drep_vote_delegation,cf+iog,616,1,1,1
2026-06-11T13:54:37Z,abcde_forensics_stage_founders_depth14,drep_vote_delegation,cf+iog,627,1,1,1
2026-06-11T13:54:37Z,abcde_forensics_stage_founders_depth14,drep_vote_delegation,emurgo,507,4,4,4
2026-06-11T13:54:37Z,abcde_forensics_stage_founders_depth14,drep_vote_delegation,emurgo,508,2,2,2
2026-06-11T13:54:37Z,abcde_forensics_stage_founders_depth14,drep_vote_delegation,emurgo,509,4,4,3
2026-06-11T13:54:37Z,abcde_forensics_stage_founders_depth14,drep_vote_delegation,emurgo,510,7,6,6
2026-06-11T13:54:37Z,abcde_forensics_stage_founders_depth14,drep_vote_delegation,emurgo,511,4,4,1
2026-06-11T13:54:37Z,abcde_forensics_stage_founders_depth14,drep_vote_delegation,emurgo,512,2,2,2
2026-06-11T13:54:37Z,abcde_forensics_stage_founders_depth14,drep_vote_delegation,emurgo,513,3,3,2
2026-06-11T13:54:37Z,abcde_forensics_stage_founders_depth14,drep_vote_delegation,emurgo,514,1,1,1
2026-06-11T13:54:37Z,abcde_forensics_stage_founders_depth14,drep_vote_delegation,emurgo,515,1,1,1
2026-06-11T13:54:37Z,abcde_forensics_stage_founders_depth14,drep_vote_delegation,emurgo,516,4,4,2
2026-06-11T13:54:37Z,abcde_forensics_stage_founders_depth14,drep_vote_delegation,emurgo,517,4,4,4
2026-06-11T13:54:37Z,abcde_forensics_stage_founders_depth14,drep_vote_delegation,emurgo,518,9,9,2
2026-06-11T13:54:37Z,abcde_forensics_stage_founders_depth14,drep_vote_delegation,emurgo,519,11,11,7
2026-06-11T13:54:37Z,abcde_forensics_stage_founders_depth14,drep_vote_delegation,emurgo,520,10,10,3
2026-06-11T13:54:37Z,abcde_forensics_stage_founders_depth14,drep_vote_delegation,emurgo,521,7,7,5
2026-06-11T13:54:37Z,abcde_forensics_stage_founders_depth14,drep_vote_delegation,emurgo,522,12,11,5
2026-06-11T13:54:37Z,abcde_forensics_stage_founders_depth14,drep_vote_delegation,emurgo,523,16,15,5
2026-06-11T13:54:37Z,abcde_forensics_stage_founders_depth14,drep_vote_delegation,emurgo,524,7,7,4
2026-06-11T13:54:37Z,abcde_forensics_stage_founders_depth14,drep_vote_delegation,emurgo,525,12,12,4
2026-06-11T13:54:37Z,abcde_forensics_stage_founders_depth14,drep_vote_delegation,emurgo,526,18,18,5
2026-06-11T13:54:37Z,abcde_forensics_stage_founders_depth14,drep_vote_delegation,emurgo,527,23,23,10
2026-06-11T13:54:37Z,abcde_forensics_stage_founders_depth14,drep_vote_delegation,emurgo,528,13,13,7
2026-06-11T13:54:37Z,abcde_forensics_stage_founders_depth14,drep_vote_delegation,emurgo,529,12,12,4
2026-06-11T13:54:37Z,abcde_forensics_stage_founders_depth14,drep_vote_delegation,emurgo,530,5,5,3
2026-06-11T13:54:37Z,abcde_forensics_stage_founders_depth14,drep_vote_delegation,emurgo,531,14,14,6
2026-06-11T13:54:37Z,abcde_forensics_stage_founders_depth14,drep_vote_delegation,emurgo,532,12,12,6
2026-06-11T13:54:37Z,abcde_forensics_stage_founders_depth14,drep_vote_delegation,emurgo,533,15,12,6
2026-06-11T13:54:37Z,abcde_forensics_stage_founders_depth14,drep_vote_delegation,emurgo,534,19,17,5
2026-06-11T13:54:37Z,abcde_forensics_stage_founders_depth14,drep_vote_delegation,emurgo,535,11,8,3
2026-06-11T13:54:37Z,abcde_forensics_stage_founders_depth14,drep_vote_delegation,emurgo,536,6,6,3
2026-06-11T13:54:37Z,abcde_forensics_stage_founders_depth14,drep_vote_delegation,emurgo,537,5,5,3
2026-06-11T13:54:37Z,abcde_forensics_stage_founders_depth14,drep_vote_delegation,emurgo,538,6,6,4
2026-06-11T13:54:37Z,abcde_forensics_stage_founders_depth14,drep_vote_delegation,emurgo,539,13,11,5
2026-06-11T13:54:37Z,abcde_forensics_stage_founders_depth14,drep_vote_delegation,emurgo,540,9,9,3
2026-06-11T13:54:37Z,abcde_forensics_stage_founders_depth14,drep_vote_delegation,emurgo,541,13,13,6
2026-06-11T13:54:37Z,abcde_forensics_stage_founders_depth14,drep_vote_delegation,emurgo,542,4,3,2
2026-06-11T13:54:37Z,abcde_forensics_stage_founders_depth14,drep_vote_delegation,emurgo,543,13,13,6
2026-06-11T13:54:37Z,abcde_forensics_stage_founders_depth14,drep_vote_delegation,emurgo,544,11,11,6
2026-06-11T13:54:37Z,abcde_forensics_stage_founders_depth14,drep_vote_delegation,emurgo,545,9,4,1
2026-06-11T13:54:37Z,abcde_forensics_stage_founders_depth14,drep_vote_delegation,emurgo,546,4,4,1
2026-06-11T13:54:37Z,abcde_forensics_stage_founders_depth14,drep_vote_delegation,emurgo,547,13,12,5
2026-06-11T13:54:37Z,abcde_forensics_stage_founders_depth14,drep_vote_delegation,emurgo,549,5,4,3
2026-06-11T13:54:37Z,abcde_forensics_stage_founders_depth14,drep_vote_delegation,emurgo,550,10,8,3
2026-06-11T13:54:37Z,abcde_forensics_stage_founders_depth14,drep_vote_delegation,emurgo,551,4,3,2
2026-06-11T13:54:37Z,abcde_forensics_stage_founders_depth14,drep_vote_delegation,emurgo,552,11,10,5
2026-06-11T13:54:37Z,abcde_forensics_stage_founders_depth14,drep_vote_delegation,emurgo,553,5,5,4
2026-06-11T13:54:37Z,abcde_forensics_stage_founders_depth14,drep_vote_delegation,emurgo,554,10,9,5
2026-06-11T13:54:37Z,abcde_forensics_stage_founders_depth14,drep_vote_delegation,emurgo,555,3,3,3
2026-06-11T13:54:37Z,abcde_forensics_stage_founders_depth14,drep_vote_delegation,emurgo,556,1,1,1
2026-06-11T13:54:37Z,abcde_forensics_stage_founders_depth14,drep_vote_delegation,emurgo,557,9,8,4
2026-06-11T13:54:37Z,abcde_forensics_stage_founders_depth14,drep_vote_delegation,emurgo,558,7,7,2
2026-06-11T13:54:37Z,abcde_forensics_stage_founders_depth14,drep_vote_delegation,emurgo,559,4,4,2
2026-06-11T13:54:37Z,abcde_forensics_stage_founders_depth14,drep_vote_delegation,emurgo,560,4,4,3
2026-06-11T13:54:37Z,abcde_forensics_stage_founders_depth14,drep_vote_delegation,emurgo,561,7,7,4
2026-06-11T13:54:37Z,abcde_forensics_stage_founders_depth14,drep_vote_delegation,emurgo,562,2,2,1
2026-06-11T13:54:37Z,abcde_forensics_stage_founders_depth14,drep_vote_delegation,emurgo,563,5,4,3
2026-06-11T13:54:37Z,abcde_forensics_stage_founders_depth14,drep_vote_delegation,emurgo,564,9,8,3
2026-06-11T13:54:37Z,abcde_forensics_stage_founders_depth14,drep_vote_delegation,emurgo,566,5,5,5
2026-06-11T13:54:37Z,abcde_forensics_stage_founders_depth14,drep_vote_delegation,emurgo,567,11,7,6
2026-06-11T13:54:37Z,abcde_forensics_stage_founders_depth14,drep_vote_delegation,emurgo,568,5,5,3
2026-06-11T13:54:37Z,abcde_forensics_stage_founders_depth14,drep_vote_delegation,emurgo,569,5,4,2
2026-06-11T13:54:37Z,abcde_forensics_stage_founders_depth14,drep_vote_delegation,emurgo,570,5,5,2
2026-06-11T13:54:37Z,abcde_forensics_stage_founders_depth14,drep_vote_delegation,emurgo,571,9,9,4
2026-06-11T13:54:37Z,abcde_forensics_stage_founders_depth14,drep_vote_delegation,emurgo,572,4,4,2
2026-06-11T13:54:37Z,abcde_forensics_stage_founders_depth14,drep_vote_delegation,emurgo,573,9,6,5
2026-06-11T13:54:37Z,abcde_forensics_stage_founders_depth14,drep_vote_delegation,emurgo,574,10,9,5
2026-06-11T13:54:37Z,abcde_forensics_stage_founders_depth14,drep_vote_delegation,emurgo,575,7,7,3
2026-06-11T13:54:37Z,abcde_forensics_stage_founders_depth14,drep_vote_delegation,emurgo,576,15,14,6
2026-06-11T13:54:37Z,abcde_forensics_stage_founders_depth14,drep_vote_delegation,emurgo,577,10,10,4
2026-06-11T13:54:37Z,abcde_forensics_stage_founders_depth14,drep_vote_delegation,emurgo,578,8,8,4
2026-06-11T13:54:37Z,abcde_forensics_stage_founders_depth14,drep_vote_delegation,emurgo,579,5,5,3
2026-06-11T13:54:37Z,abcde_forensics_stage_founders_depth14,drep_vote_delegation,emurgo,580,5,5,4
2026-06-11T13:54:37Z,abcde_forensics_stage_founders_depth14,drep_vote_delegation,emurgo,581,7,7,2
2026-06-11T13:54:37Z,abcde_forensics_stage_founders_depth14,drep_vote_delegation,emurgo,582,16,8,4
2026-06-11T13:54:37Z,abcde_forensics_stage_founders_depth14,drep_vote_delegation,emurgo,583,5,5,3
2026-06-11T13:54:37Z,abcde_forensics_stage_founders_depth14,drep_vote_delegation,emurgo,585,3,3,3
2026-06-11T13:54:37Z,abcde_forensics_stage_founders_depth14,drep_vote_delegation,emurgo,586,5,5,2
2026-06-11T13:54:37Z,abcde_forensics_stage_founders_depth14,drep_vote_delegation,emurgo,587,8,7,2
2026-06-11T13:54:37Z,abcde_forensics_stage_founders_depth14,drep_vote_delegation,emurgo,588,8,7,2
2026-06-11T13:54:37Z,abcde_forensics_stage_founders_depth14,drep_vote_delegation,emurgo,589,2,2,1
2026-06-11T13:54:37Z,abcde_forensics_stage_founders_depth14,drep_vote_delegation,emurgo,590,2,2,2
2026-06-11T13:54:37Z,abcde_forensics_stage_founders_depth14,drep_vote_delegation,emurgo,591,2,2,2
2026-06-11T13:54:37Z,abcde_forensics_stage_founders_depth14,drep_vote_delegation,emurgo,592,4,4,2
2026-06-11T13:54:37Z,abcde_forensics_stage_founders_depth14,drep_vote_delegation,emurgo,593,5,4,5
2026-06-11T13:54:37Z,abcde_forensics_stage_founders_depth14,drep_vote_delegation,emurgo,594,4,3,4
2026-06-11T13:54:37Z,abcde_forensics_stage_founders_depth14,drep_vote_delegation,emurgo,595,4,3,1
2026-06-11T13:54:37Z,abcde_forensics_stage_founders_depth14,drep_vote_delegation,emurgo,596,2,2,2
2026-06-11T13:54:37Z,abcde_forensics_stage_founders_depth14,drep_vote_delegation,emurgo,597,5,5,3
2026-06-11T13:54:37Z,abcde_forensics_stage_founders_depth14,drep_vote_delegation,emurgo,598,1,1,1
2026-06-11T13:54:37Z,abcde_forensics_stage_founders_depth14,drep_vote_delegation,emurgo,599,2,2,2
2026-06-11T13:54:37Z,abcde_forensics_stage_founders_depth14,drep_vote_delegation,emurgo,600,6,5,3
2026-06-11T13:54:37Z,abcde_forensics_stage_founders_depth14,drep_vote_delegation,emurgo,601,5,5,2
2026-06-11T13:54:37Z,abcde_forensics_stage_founders_depth14,drep_vote_delegation,emurgo,603,2,2,2
2026-06-11T13:54:37Z,abcde_forensics_stage_founders_depth14,drep_vote_delegation,emurgo,604,5,5,3
2026-06-11T13:54:37Z,abcde_forensics_stage_founders_depth14,drep_vote_delegation,emurgo,605,6,2,2
2026-06-11T13:54:37Z,abcde_forensics_stage_founders_depth14,drep_vote_delegation,emurgo,606,2,2,2
2026-06-11T13:54:37Z,abcde_forensics_stage_founders_depth14,drep_vote_delegation,emurgo,607,2,2,1
2026-06-11T13:54:37Z,abcde_forensics_stage_founders_depth14,drep_vote_delegation,emurgo,608,2,2,1
2026-06-11T13:54:37Z,abcde_forensics_stage_founders_depth14,drep_vote_delegation,emurgo,609,4,4,4
2026-06-11T13:54:37Z,abcde_forensics_stage_founders_depth14,drep_vote_delegation,emurgo,610,1,1,1
2026-06-11T13:54:37Z,abcde_forensics_stage_founders_depth14,drep_vote_delegation,emurgo,611,5,5,4
2026-06-11T13:54:37Z,abcde_forensics_stage_founders_depth14,drep_vote_delegation,emurgo,612,1,1,1
2026-06-11T13:54:37Z,abcde_forensics_stage_founders_depth14,drep_vote_delegation,emurgo,613,3,2,2
2026-06-11T13:54:37Z,abcde_forensics_stage_founders_depth14,drep_vote_delegation,emurgo,615,4,4,3
2026-06-11T13:54:37Z,abcde_forensics_stage_founders_depth14,drep_vote_delegation,emurgo,616,2,2,2
2026-06-11T13:54:37Z,abcde_forensics_stage_founders_depth14,drep_vote_delegation,emurgo,617,1,1,1
2026-06-11T13:54:37Z,abcde_forensics_stage_founders_depth14,drep_vote_delegation,emurgo,618,1,1,1
2026-06-11T13:54:37Z,abcde_forensics_stage_founders_depth14,drep_vote_delegation,emurgo,619,1,1,1
2026-06-11T13:54:37Z,abcde_forensics_stage_founders_depth14,drep_vote_delegation,emurgo,620,4,3,3
2026-06-11T13:54:37Z,abcde_forensics_stage_founders_depth14,drep_vote_delegation,emurgo,621,2,2,2
2026-06-11T13:54:37Z,abcde_forensics_stage_founders_depth14,drep_vote_delegation,emurgo,623,2,2,2
2026-06-11T13:54:37Z,abcde_forensics_stage_founders_depth14,drep_vote_delegation,emurgo,624,1,1,1
2026-06-11T13:54:37Z,abcde_forensics_stage_founders_depth14,drep_vote_delegation,emurgo,625,1,1,1
2026-06-11T13:54:37Z,abcde_forensics_stage_founders_depth14,drep_vote_delegation,emurgo,626,2,1,2
2026-06-11T13:54:37Z,abcde_forensics_stage_founders_depth14,drep_vote_delegation,emurgo,627,3,3,3
2026-06-11T13:54:37Z,abcde_forensics_stage_founders_depth14,drep_vote_delegation,emurgo,628,1,1,1
2026-06-11T13:54:37Z,abcde_forensics_stage_founders_depth14,drep_vote_delegation,emurgo,629,1,1,1
2026-06-11T13:54:37Z,abcde_forensics_stage_founders_depth14,drep_vote_delegation,emurgo,630,1,1,1
2026-06-11T13:54:37Z,abcde_forensics_stage_founders_depth14,drep_vote_delegation,emurgo,632,3,3,3
2026-06-11T13:54:37Z,abcde_forensics_stage_founders_depth14,drep_vote_delegation,emurgo,633,2,2,1
2026-06-11T13:54:37Z,abcde_forensics_stage_founders_depth14,drep_vote_delegation,emurgo,635,5,5,4
2026-06-11T13:54:37Z,abcde_forensics_stage_founders_depth14,drep_vote_delegation,emurgo+iog,507,32,32,19
2026-06-11T13:54:37Z,abcde_forensics_stage_founders_depth14,drep_vote_delegation,emurgo+iog,508,34,32,17
2026-06-11T13:54:37Z,abcde_forensics_stage_founders_depth14,drep_vote_delegation,emurgo+iog,509,20,20,11
2026-06-11T13:54:37Z,abcde_forensics_stage_founders_depth14,drep_vote_delegation,emurgo+iog,510,14,13,6
2026-06-11T13:54:37Z,abcde_forensics_stage_founders_depth14,drep_vote_delegation,emurgo+iog,511,12,12,6
2026-06-11T13:54:37Z,abcde_forensics_stage_founders_depth14,drep_vote_delegation,emurgo+iog,512,11,11,7
2026-06-11T13:54:37Z,abcde_forensics_stage_founders_depth14,drep_vote_delegation,emurgo+iog,513,10,10,4
2026-06-11T13:54:37Z,abcde_forensics_stage_founders_depth14,drep_vote_delegation,emurgo+iog,514,19,17,8
2026-06-11T13:54:37Z,abcde_forensics_stage_founders_depth14,drep_vote_delegation,emurgo+iog,515,10,9,4
2026-06-11T13:54:37Z,abcde_forensics_stage_founders_depth14,drep_vote_delegation,emurgo+iog,516,32,31,11
2026-06-11T13:54:37Z,abcde_forensics_stage_founders_depth14,drep_vote_delegation,emurgo+iog,517,45,43,9
2026-06-11T13:54:37Z,abcde_forensics_stage_founders_depth14,drep_vote_delegation,emurgo+iog,518,35,35,6
2026-06-11T13:54:37Z,abcde_forensics_stage_founders_depth14,drep_vote_delegation,emurgo+iog,519,23,22,10
2026-06-11T13:54:37Z,abcde_forensics_stage_founders_depth14,drep_vote_delegation,emurgo+iog,520,87,85,12
2026-06-11T13:54:37Z,abcde_forensics_stage_founders_depth14,drep_vote_delegation,emurgo+iog,521,97,96,14
2026-06-11T13:54:37Z,abcde_forensics_stage_founders_depth14,drep_vote_delegation,emurgo+iog,522,97,93,17
2026-06-11T13:54:37Z,abcde_forensics_stage_founders_depth14,drep_vote_delegation,emurgo+iog,523,146,135,16
2026-06-11T13:54:37Z,abcde_forensics_stage_founders_depth14,drep_vote_delegation,emurgo+iog,524,75,74,13
2026-06-11T13:54:37Z,abcde_forensics_stage_founders_depth14,drep_vote_delegation,emurgo+iog,525,194,189,16
2026-06-11T13:54:37Z,abcde_forensics_stage_founders_depth14,drep_vote_delegation,emurgo+iog,526,230,230,8
2026-06-11T13:54:37Z,abcde_forensics_stage_founders_depth14,drep_vote_delegation,emurgo+iog,527,160,152,24
2026-06-11T13:54:37Z,abcde_forensics_stage_founders_depth14,drep_vote_delegation,emurgo+iog,528,108,107,16
2026-06-11T13:54:37Z,abcde_forensics_stage_founders_depth14,drep_vote_delegation,emurgo+iog,529,84,84,17
2026-06-11T13:54:37Z,abcde_forensics_stage_founders_depth14,drep_vote_delegation,emurgo+iog,530,91,91,15
2026-06-11T13:54:37Z,abcde_forensics_stage_founders_depth14,drep_vote_delegation,emurgo+iog,531,128,123,17
2026-06-11T13:54:37Z,abcde_forensics_stage_founders_depth14,drep_vote_delegation,emurgo+iog,532,70,68,12
2026-06-11T13:54:37Z,abcde_forensics_stage_founders_depth14,drep_vote_delegation,emurgo+iog,533,66,65,9
2026-06-11T13:54:37Z,abcde_forensics_stage_founders_depth14,drep_vote_delegation,emurgo+iog,534,121,116,14
2026-06-11T13:54:37Z,abcde_forensics_stage_founders_depth14,drep_vote_delegation,emurgo+iog,535,105,101,11
2026-06-11T13:54:37Z,abcde_forensics_stage_founders_depth14,drep_vote_delegation,emurgo+iog,536,65,65,10
2026-06-11T13:54:37Z,abcde_forensics_stage_founders_depth14,drep_vote_delegation,emurgo+iog,537,67,66,22
2026-06-11T13:54:37Z,abcde_forensics_stage_founders_depth14,drep_vote_delegation,emurgo+iog,538,42,39,12
2026-06-11T13:54:37Z,abcde_forensics_stage_founders_depth14,drep_vote_delegation,emurgo+iog,539,74,62,14
2026-06-11T13:54:37Z,abcde_forensics_stage_founders_depth14,drep_vote_delegation,emurgo+iog,540,92,77,10
2026-06-11T13:54:37Z,abcde_forensics_stage_founders_depth14,drep_vote_delegation,emurgo+iog,541,122,103,8
2026-06-11T13:54:37Z,abcde_forensics_stage_founders_depth14,drep_vote_delegation,emurgo+iog,542,78,65,7
2026-06-11T13:54:37Z,abcde_forensics_stage_founders_depth14,drep_vote_delegation,emurgo+iog,543,158,138,14
2026-06-11T13:54:37Z,abcde_forensics_stage_founders_depth14,drep_vote_delegation,emurgo+iog,544,61,56,13
2026-06-11T13:54:37Z,abcde_forensics_stage_founders_depth14,drep_vote_delegation,emurgo+iog,545,49,36,6
2026-06-11T13:54:37Z,abcde_forensics_stage_founders_depth14,drep_vote_delegation,emurgo+iog,546,37,32,9
2026-06-11T13:54:37Z,abcde_forensics_stage_founders_depth14,drep_vote_delegation,emurgo+iog,547,62,57,13
2026-06-11T13:54:37Z,abcde_forensics_stage_founders_depth14,drep_vote_delegation,emurgo+iog,548,65,48,6
2026-06-11T13:54:37Z,abcde_forensics_stage_founders_depth14,drep_vote_delegation,emurgo+iog,549,45,37,6
2026-06-11T13:54:37Z,abcde_forensics_stage_founders_depth14,drep_vote_delegation,emurgo+iog,550,37,34,9
2026-06-11T13:54:37Z,abcde_forensics_stage_founders_depth14,drep_vote_delegation,emurgo+iog,551,32,31,4
2026-06-11T13:54:37Z,abcde_forensics_stage_founders_depth14,drep_vote_delegation,emurgo+iog,552,30,28,10
2026-06-11T13:54:37Z,abcde_forensics_stage_founders_depth14,drep_vote_delegation,emurgo+iog,553,61,56,13
2026-06-11T13:54:37Z,abcde_forensics_stage_founders_depth14,drep_vote_delegation,emurgo+iog,554,50,46,11
2026-06-11T13:54:37Z,abcde_forensics_stage_founders_depth14,drep_vote_delegation,emurgo+iog,555,41,32,11
2026-06-11T13:54:37Z,abcde_forensics_stage_founders_depth14,drep_vote_delegation,emurgo+iog,556,59,55,12
2026-06-11T13:54:37Z,abcde_forensics_stage_founders_depth14,drep_vote_delegation,emurgo+iog,557,64,58,9
2026-06-11T13:54:37Z,abcde_forensics_stage_founders_depth14,drep_vote_delegation,emurgo+iog,558,40,38,6
2026-06-11T13:54:37Z,abcde_forensics_stage_founders_depth14,drep_vote_delegation,emurgo+iog,559,50,44,7
2026-06-11T13:54:37Z,abcde_forensics_stage_founders_depth14,drep_vote_delegation,emurgo+iog,560,37,33,4
2026-06-11T13:54:37Z,abcde_forensics_stage_founders_depth14,drep_vote_delegation,emurgo+iog,561,33,32,8
2026-06-11T13:54:37Z,abcde_forensics_stage_founders_depth14,drep_vote_delegation,emurgo+iog,562,32,29,8
2026-06-11T13:54:37Z,abcde_forensics_stage_founders_depth14,drep_vote_delegation,emurgo+iog,563,28,26,6
2026-06-11T13:54:37Z,abcde_forensics_stage_founders_depth14,drep_vote_delegation,emurgo+iog,564,35,31,6
2026-06-11T13:54:37Z,abcde_forensics_stage_founders_depth14,drep_vote_delegation,emurgo+iog,565,32,30,9
2026-06-11T13:54:37Z,abcde_forensics_stage_founders_depth14,drep_vote_delegation,emurgo+iog,566,33,33,6
2026-06-11T13:54:37Z,abcde_forensics_stage_founders_depth14,drep_vote_delegation,emurgo+iog,567,40,34,6
2026-06-11T13:54:37Z,abcde_forensics_stage_founders_depth14,drep_vote_delegation,emurgo+iog,568,34,27,5
2026-06-11T13:54:37Z,abcde_forensics_stage_founders_depth14,drep_vote_delegation,emurgo+iog,569,58,52,5
2026-06-11T13:54:37Z,abcde_forensics_stage_founders_depth14,drep_vote_delegation,emurgo+iog,570,70,60,10
2026-06-11T13:54:37Z,abcde_forensics_stage_founders_depth14,drep_vote_delegation,emurgo+iog,571,93,87,13
2026-06-11T13:54:37Z,abcde_forensics_stage_founders_depth14,drep_vote_delegation,emurgo+iog,572,50,46,8
2026-06-11T13:54:37Z,abcde_forensics_stage_founders_depth14,drep_vote_delegation,emurgo+iog,573,39,38,8
2026-06-11T13:54:37Z,abcde_forensics_stage_founders_depth14,drep_vote_delegation,emurgo+iog,574,49,47,14
2026-06-11T13:54:37Z,abcde_forensics_stage_founders_depth14,drep_vote_delegation,emurgo+iog,575,58,54,12
2026-06-11T13:54:37Z,abcde_forensics_stage_founders_depth14,drep_vote_delegation,emurgo+iog,576,92,83,15
2026-06-11T13:54:37Z,abcde_forensics_stage_founders_depth14,drep_vote_delegation,emurgo+iog,577,39,36,10
2026-06-11T13:54:37Z,abcde_forensics_stage_founders_depth14,drep_vote_delegation,emurgo+iog,578,47,43,11
2026-06-11T13:54:37Z,abcde_forensics_stage_founders_depth14,drep_vote_delegation,emurgo+iog,579,30,28,5
2026-06-11T13:54:37Z,abcde_forensics_stage_founders_depth14,drep_vote_delegation,emurgo+iog,580,37,36,7
2026-06-11T13:54:37Z,abcde_forensics_stage_founders_depth14,drep_vote_delegation,emurgo+iog,581,29,27,8
2026-06-11T13:54:37Z,abcde_forensics_stage_founders_depth14,drep_vote_delegation,emurgo+iog,582,42,39,7
2026-06-11T13:54:37Z,abcde_forensics_stage_founders_depth14,drep_vote_delegation,emurgo+iog,583,38,35,8
2026-06-11T13:54:37Z,abcde_forensics_stage_founders_depth14,drep_vote_delegation,emurgo+iog,584,18,18,7
2026-06-11T13:54:37Z,abcde_forensics_stage_founders_depth14,drep_vote_delegation,emurgo+iog,585,34,33,11
2026-06-11T13:54:37Z,abcde_forensics_stage_founders_depth14,drep_vote_delegation,emurgo+iog,586,52,42,9
2026-06-11T13:54:37Z,abcde_forensics_stage_founders_depth14,drep_vote_delegation,emurgo+iog,587,26,25,6
2026-06-11T13:54:37Z,abcde_forensics_stage_founders_depth14,drep_vote_delegation,emurgo+iog,588,31,26,8
2026-06-11T13:54:37Z,abcde_forensics_stage_founders_depth14,drep_vote_delegation,emurgo+iog,589,26,22,6
2026-06-11T13:54:37Z,abcde_forensics_stage_founders_depth14,drep_vote_delegation,emurgo+iog,590,25,18,3
2026-06-11T13:54:37Z,abcde_forensics_stage_founders_depth14,drep_vote_delegation,emurgo+iog,591,19,19,5
2026-06-11T13:54:37Z,abcde_forensics_stage_founders_depth14,drep_vote_delegation,emurgo+iog,592,25,22,5
2026-06-11T13:54:37Z,abcde_forensics_stage_founders_depth14,drep_vote_delegation,emurgo+iog,593,28,23,4
2026-06-11T13:54:37Z,abcde_forensics_stage_founders_depth14,drep_vote_delegation,emurgo+iog,594,10,10,3
2026-06-11T13:54:37Z,abcde_forensics_stage_founders_depth14,drep_vote_delegation,emurgo+iog,595,28,26,5
2026-06-11T13:54:37Z,abcde_forensics_stage_founders_depth14,drep_vote_delegation,emurgo+iog,596,13,13,3
2026-06-11T13:54:37Z,abcde_forensics_stage_founders_depth14,drep_vote_delegation,emurgo+iog,597,18,17,5
2026-06-11T13:54:37Z,abcde_forensics_stage_founders_depth14,drep_vote_delegation,emurgo+iog,598,8,8,3
2026-06-11T13:54:37Z,abcde_forensics_stage_founders_depth14,drep_vote_delegation,emurgo+iog,599,15,15,6
2026-06-11T13:54:37Z,abcde_forensics_stage_founders_depth14,drep_vote_delegation,emurgo+iog,600,9,9,5
2026-06-11T13:54:37Z,abcde_forensics_stage_founders_depth14,drep_vote_delegation,emurgo+iog,601,20,20,3
2026-06-11T13:54:37Z,abcde_forensics_stage_founders_depth14,drep_vote_delegation,emurgo+iog,602,12,12,3
2026-06-11T13:54:37Z,abcde_forensics_stage_founders_depth14,drep_vote_delegation,emurgo+iog,603,23,23,6
2026-06-11T13:54:37Z,abcde_forensics_stage_founders_depth14,drep_vote_delegation,emurgo+iog,604,18,18,5
2026-06-11T13:54:37Z,abcde_forensics_stage_founders_depth14,drep_vote_delegation,emurgo+iog,605,25,22,6
2026-06-11T13:54:37Z,abcde_forensics_stage_founders_depth14,drep_vote_delegation,emurgo+iog,606,21,17,6
2026-06-11T13:54:37Z,abcde_forensics_stage_founders_depth14,drep_vote_delegation,emurgo+iog,607,17,17,5
2026-06-11T13:54:37Z,abcde_forensics_stage_founders_depth14,drep_vote_delegation,emurgo+iog,608,18,18,4
2026-06-11T13:54:37Z,abcde_forensics_stage_founders_depth14,drep_vote_delegation,emurgo+iog,609,12,10,5
2026-06-11T13:54:37Z,abcde_forensics_stage_founders_depth14,drep_vote_delegation,emurgo+iog,610,24,22,6
2026-06-11T13:54:37Z,abcde_forensics_stage_founders_depth14,drep_vote_delegation,emurgo+iog,611,18,17,5
2026-06-11T13:54:37Z,abcde_forensics_stage_founders_depth14,drep_vote_delegation,emurgo+iog,612,17,13,3
2026-06-11T13:54:37Z,abcde_forensics_stage_founders_depth14,drep_vote_delegation,emurgo+iog,613,11,10,5
2026-06-11T13:54:37Z,abcde_forensics_stage_founders_depth14,drep_vote_delegation,emurgo+iog,614,12,12,3
2026-06-11T13:54:37Z,abcde_forensics_stage_founders_depth14,drep_vote_delegation,emurgo+iog,615,15,15,5
2026-06-11T13:54:37Z,abcde_forensics_stage_founders_depth14,drep_vote_delegation,emurgo+iog,616,8,8,4
2026-06-11T13:54:37Z,abcde_forensics_stage_founders_depth14,drep_vote_delegation,emurgo+iog,617,7,7,3
2026-06-11T13:54:37Z,abcde_forensics_stage_founders_depth14,drep_vote_delegation,emurgo+iog,618,14,14,2
2026-06-11T13:54:37Z,abcde_forensics_stage_founders_depth14,drep_vote_delegation,emurgo+iog,619,11,10,5
2026-06-11T13:54:37Z,abcde_forensics_stage_founders_depth14,drep_vote_delegation,emurgo+iog,620,12,11,4
2026-06-11T13:54:37Z,abcde_forensics_stage_founders_depth14,drep_vote_delegation,emurgo+iog,621,14,9,5
2026-06-11T13:54:37Z,abcde_forensics_stage_founders_depth14,drep_vote_delegation,emurgo+iog,622,9,7,2
2026-06-11T13:54:37Z,abcde_forensics_stage_founders_depth14,drep_vote_delegation,emurgo+iog,623,14,9,4
2026-06-11T13:54:37Z,abcde_forensics_stage_founders_depth14,drep_vote_delegation,emurgo+iog,624,16,15,7
2026-06-11T13:54:37Z,abcde_forensics_stage_founders_depth14,drep_vote_delegation,emurgo+iog,625,7,6,3
2026-06-11T13:54:37Z,abcde_forensics_stage_founders_depth14,drep_vote_delegation,emurgo+iog,626,16,13,4
2026-06-11T13:54:37Z,abcde_forensics_stage_founders_depth14,drep_vote_delegation,emurgo+iog,627,16,14,6
2026-06-11T13:54:37Z,abcde_forensics_stage_founders_depth14,drep_vote_delegation,emurgo+iog,628,8,7,3
2026-06-11T13:54:37Z,abcde_forensics_stage_founders_depth14,drep_vote_delegation,emurgo+iog,629,11,11,6
2026-06-11T13:54:37Z,abcde_forensics_stage_founders_depth14,drep_vote_delegation,emurgo+iog,630,12,9,2
2026-06-11T13:54:37Z,abcde_forensics_stage_founders_depth14,drep_vote_delegation,emurgo+iog,631,9,7,4
2026-06-11T13:54:37Z,abcde_forensics_stage_founders_depth14,drep_vote_delegation,emurgo+iog,632,18,18,8
2026-06-11T13:54:37Z,abcde_forensics_stage_founders_depth14,drep_vote_delegation,emurgo+iog,633,18,17,4
2026-06-11T13:54:37Z,abcde_forensics_stage_founders_depth14,drep_vote_delegation,emurgo+iog,634,16,16,8
2026-06-11T13:54:37Z,abcde_forensics_stage_founders_depth14,drep_vote_delegation,emurgo+iog,635,30,30,13
2026-06-11T13:54:37Z,abcde_forensics_stage_founders_depth14,drep_vote_delegation,iog,507,245,232,71
2026-06-11T13:54:37Z,abcde_forensics_stage_founders_depth14,drep_vote_delegation,iog,508,170,164,52
2026-06-11T13:54:37Z,abcde_forensics_stage_founders_depth14,drep_vote_delegation,iog,509,121,118,34
2026-06-11T13:54:37Z,abcde_forensics_stage_founders_depth14,drep_vote_delegation,iog,510,107,102,28
2026-06-11T13:54:37Z,abcde_forensics_stage_founders_depth14,drep_vote_delegation,iog,511,90,85,23
2026-06-11T13:54:37Z,abcde_forensics_stage_founders_depth14,drep_vote_delegation,iog,512,76,74,21
2026-06-11T13:54:37Z,abcde_forensics_stage_founders_depth14,drep_vote_delegation,iog,513,54,53,16
2026-06-11T13:54:37Z,abcde_forensics_stage_founders_depth14,drep_vote_delegation,iog,514,76,72,15
2026-06-11T13:54:37Z,abcde_forensics_stage_founders_depth14,drep_vote_delegation,iog,515,113,108,21
2026-06-11T13:54:37Z,abcde_forensics_stage_founders_depth14,drep_vote_delegation,iog,516,168,160,28
2026-06-11T13:54:37Z,abcde_forensics_stage_founders_depth14,drep_vote_delegation,iog,517,224,218,26
2026-06-11T13:54:37Z,abcde_forensics_stage_founders_depth14,drep_vote_delegation,iog,518,224,208,28
2026-06-11T13:54:37Z,abcde_forensics_stage_founders_depth14,drep_vote_delegation,iog,519,225,219,42
2026-06-11T13:54:37Z,abcde_forensics_stage_founders_depth14,drep_vote_delegation,iog,520,557,542,43
2026-06-11T13:54:37Z,abcde_forensics_stage_founders_depth14,drep_vote_delegation,iog,521,706,674,47
2026-06-11T13:54:37Z,abcde_forensics_stage_founders_depth14,drep_vote_delegation,iog,522,741,697,45
2026-06-11T13:54:37Z,abcde_forensics_stage_founders_depth14,drep_vote_delegation,iog,523,973,944,57
2026-06-11T13:54:37Z,abcde_forensics_stage_founders_depth14,drep_vote_delegation,iog,524,541,515,41
2026-06-11T13:54:37Z,abcde_forensics_stage_founders_depth14,drep_vote_delegation,iog,525,1293,1263,46
2026-06-11T13:54:37Z,abcde_forensics_stage_founders_depth14,drep_vote_delegation,iog,526,1190,1181,40
2026-06-11T13:54:37Z,abcde_forensics_stage_founders_depth14,drep_vote_delegation,iog,527,960,937,66
2026-06-11T13:54:37Z,abcde_forensics_stage_founders_depth14,drep_vote_delegation,iog,528,798,785,51
2026-06-11T13:54:37Z,abcde_forensics_stage_founders_depth14,drep_vote_delegation,iog,529,583,572,55
2026-06-11T13:54:37Z,abcde_forensics_stage_founders_depth14,drep_vote_delegation,iog,530,532,522,47
2026-06-11T13:54:37Z,abcde_forensics_stage_founders_depth14,drep_vote_delegation,iog,531,850,837,51
2026-06-11T13:54:37Z,abcde_forensics_stage_founders_depth14,drep_vote_delegation,iog,532,684,672,63
2026-06-11T13:54:37Z,abcde_forensics_stage_founders_depth14,drep_vote_delegation,iog,533,462,456,43
2026-06-11T13:54:37Z,abcde_forensics_stage_founders_depth14,drep_vote_delegation,iog,534,874,860,51
2026-06-11T13:54:37Z,abcde_forensics_stage_founders_depth14,drep_vote_delegation,iog,535,610,592,47
2026-06-11T13:54:37Z,abcde_forensics_stage_founders_depth14,drep_vote_delegation,iog,536,505,491,50
2026-06-11T13:54:37Z,abcde_forensics_stage_founders_depth14,drep_vote_delegation,iog,537,433,424,79
2026-06-11T13:54:37Z,abcde_forensics_stage_founders_depth14,drep_vote_delegation,iog,538,406,330,51
2026-06-11T13:54:37Z,abcde_forensics_stage_founders_depth14,drep_vote_delegation,iog,539,479,391,37
2026-06-11T13:54:37Z,abcde_forensics_stage_founders_depth14,drep_vote_delegation,iog,540,513,457,53
2026-06-11T13:54:37Z,abcde_forensics_stage_founders_depth14,drep_vote_delegation,iog,541,770,659,47
2026-06-11T13:54:37Z,abcde_forensics_stage_founders_depth14,drep_vote_delegation,iog,542,437,361,25
2026-06-11T13:54:37Z,abcde_forensics_stage_founders_depth14,drep_vote_delegation,iog,543,1022,863,59
2026-06-11T13:54:37Z,abcde_forensics_stage_founders_depth14,drep_vote_delegation,iog,544,355,317,37
2026-06-11T13:54:37Z,abcde_forensics_stage_founders_depth14,drep_vote_delegation,iog,545,310,269,33
2026-06-11T13:54:37Z,abcde_forensics_stage_founders_depth14,drep_vote_delegation,iog,546,296,254,30
2026-06-11T13:54:37Z,abcde_forensics_stage_founders_depth14,drep_vote_delegation,iog,547,379,319,35
2026-06-11T13:54:37Z,abcde_forensics_stage_founders_depth14,drep_vote_delegation,iog,548,294,257,26
2026-06-11T13:54:37Z,abcde_forensics_stage_founders_depth14,drep_vote_delegation,iog,549,259,229,21
2026-06-11T13:54:37Z,abcde_forensics_stage_founders_depth14,drep_vote_delegation,iog,550,300,270,26
2026-06-11T13:54:37Z,abcde_forensics_stage_founders_depth14,drep_vote_delegation,iog,551,281,249,31
2026-06-11T13:54:37Z,abcde_forensics_stage_founders_depth14,drep_vote_delegation,iog,552,282,232,27
2026-06-11T13:54:37Z,abcde_forensics_stage_founders_depth14,drep_vote_delegation,iog,553,331,294,30
2026-06-11T13:54:37Z,abcde_forensics_stage_founders_depth14,drep_vote_delegation,iog,554,339,287,38
2026-06-11T13:54:37Z,abcde_forensics_stage_founders_depth14,drep_vote_delegation,iog,555,297,265,32
2026-06-11T13:54:37Z,abcde_forensics_stage_founders_depth14,drep_vote_delegation,iog,556,383,351,31
2026-06-11T13:54:37Z,abcde_forensics_stage_founders_depth14,drep_vote_delegation,iog,557,471,408,26
2026-06-11T13:54:37Z,abcde_forensics_stage_founders_depth14,drep_vote_delegation,iog,558,296,264,29
2026-06-11T13:54:37Z,abcde_forensics_stage_founders_depth14,drep_vote_delegation,iog,559,408,351,24
2026-06-11T13:54:37Z,abcde_forensics_stage_founders_depth14,drep_vote_delegation,iog,560,339,299,22
2026-06-11T13:54:37Z,abcde_forensics_stage_founders_depth14,drep_vote_delegation,iog,561,240,217,21
2026-06-11T13:54:37Z,abcde_forensics_stage_founders_depth14,drep_vote_delegation,iog,562,185,165,21
2026-06-11T13:54:37Z,abcde_forensics_stage_founders_depth14,drep_vote_delegation,iog,563,288,257,20
2026-06-11T13:54:37Z,abcde_forensics_stage_founders_depth14,drep_vote_delegation,iog,564,240,215,16
2026-06-11T13:54:37Z,abcde_forensics_stage_founders_depth14,drep_vote_delegation,iog,565,246,204,25
2026-06-11T13:54:37Z,abcde_forensics_stage_founders_depth14,drep_vote_delegation,iog,566,196,179,18
2026-06-11T13:54:37Z,abcde_forensics_stage_founders_depth14,drep_vote_delegation,iog,567,268,226,22
2026-06-11T13:54:37Z,abcde_forensics_stage_founders_depth14,drep_vote_delegation,iog,568,220,196,14
2026-06-11T13:54:37Z,abcde_forensics_stage_founders_depth14,drep_vote_delegation,iog,569,490,435,23
2026-06-11T13:54:37Z,abcde_forensics_stage_founders_depth14,drep_vote_delegation,iog,570,662,589,35
2026-06-11T13:54:37Z,abcde_forensics_stage_founders_depth14,drep_vote_delegation,iog,571,682,606,44
2026-06-11T13:54:37Z,abcde_forensics_stage_founders_depth14,drep_vote_delegation,iog,572,365,313,26
2026-06-11T13:54:37Z,abcde_forensics_stage_founders_depth14,drep_vote_delegation,iog,573,243,218,19
2026-06-11T13:54:37Z,abcde_forensics_stage_founders_depth14,drep_vote_delegation,iog,574,382,354,56
2026-06-11T13:54:37Z,abcde_forensics_stage_founders_depth14,drep_vote_delegation,iog,575,455,406,55
2026-06-11T13:54:37Z,abcde_forensics_stage_founders_depth14,drep_vote_delegation,iog,576,647,605,48
2026-06-11T13:54:37Z,abcde_forensics_stage_founders_depth14,drep_vote_delegation,iog,577,338,301,33
2026-06-11T13:54:37Z,abcde_forensics_stage_founders_depth14,drep_vote_delegation,iog,578,312,270,34
2026-06-11T13:54:37Z,abcde_forensics_stage_founders_depth14,drep_vote_delegation,iog,579,255,217,26
2026-06-11T13:54:37Z,abcde_forensics_stage_founders_depth14,drep_vote_delegation,iog,580,247,216,27
2026-06-11T13:54:37Z,abcde_forensics_stage_founders_depth14,drep_vote_delegation,iog,581,235,218,27
2026-06-11T13:54:37Z,abcde_forensics_stage_founders_depth14,drep_vote_delegation,iog,582,313,279,35
2026-06-11T13:54:37Z,abcde_forensics_stage_founders_depth14,drep_vote_delegation,iog,583,244,217,23
2026-06-11T13:54:37Z,abcde_forensics_stage_founders_depth14,drep_vote_delegation,iog,584,223,200,29
2026-06-11T13:54:37Z,abcde_forensics_stage_founders_depth14,drep_vote_delegation,iog,585,246,220,22
2026-06-11T13:54:37Z,abcde_forensics_stage_founders_depth14,drep_vote_delegation,iog,586,299,277,27
2026-06-11T13:54:37Z,abcde_forensics_stage_founders_depth14,drep_vote_delegation,iog,587,247,225,23
2026-06-11T13:54:37Z,abcde_forensics_stage_founders_depth14,drep_vote_delegation,iog,588,234,197,21
2026-06-11T13:54:37Z,abcde_forensics_stage_founders_depth14,drep_vote_delegation,iog,589,219,202,18
2026-06-11T13:54:37Z,abcde_forensics_stage_founders_depth14,drep_vote_delegation,iog,590,156,127,16
2026-06-11T13:54:37Z,abcde_forensics_stage_founders_depth14,drep_vote_delegation,iog,591,159,151,17
2026-06-11T13:54:37Z,abcde_forensics_stage_founders_depth14,drep_vote_delegation,iog,592,171,147,16
2026-06-11T13:54:37Z,abcde_forensics_stage_founders_depth14,drep_vote_delegation,iog,593,128,119,11
2026-06-11T13:54:37Z,abcde_forensics_stage_founders_depth14,drep_vote_delegation,iog,594,174,138,17
2026-06-11T13:54:37Z,abcde_forensics_stage_founders_depth14,drep_vote_delegation,iog,595,197,184,21
2026-06-11T13:54:37Z,abcde_forensics_stage_founders_depth14,drep_vote_delegation,iog,596,152,139,17
2026-06-11T13:54:37Z,abcde_forensics_stage_founders_depth14,drep_vote_delegation,iog,597,117,104,12
2026-06-11T13:54:37Z,abcde_forensics_stage_founders_depth14,drep_vote_delegation,iog,598,98,95,13
2026-06-11T13:54:37Z,abcde_forensics_stage_founders_depth14,drep_vote_delegation,iog,599,157,144,20
2026-06-11T13:54:37Z,abcde_forensics_stage_founders_depth14,drep_vote_delegation,iog,600,115,108,14
2026-06-11T13:54:37Z,abcde_forensics_stage_founders_depth14,drep_vote_delegation,iog,601,119,113,15
2026-06-11T13:54:37Z,abcde_forensics_stage_founders_depth14,drep_vote_delegation,iog,602,111,103,12
2026-06-11T13:54:37Z,abcde_forensics_stage_founders_depth14,drep_vote_delegation,iog,603,154,140,12
2026-06-11T13:54:37Z,abcde_forensics_stage_founders_depth14,drep_vote_delegation,iog,604,153,146,16
2026-06-11T13:54:37Z,abcde_forensics_stage_founders_depth14,drep_vote_delegation,iog,605,144,134,11
2026-06-11T13:54:37Z,abcde_forensics_stage_founders_depth14,drep_vote_delegation,iog,606,127,114,13
2026-06-11T13:54:37Z,abcde_forensics_stage_founders_depth14,drep_vote_delegation,iog,607,116,102,11
2026-06-11T13:54:37Z,abcde_forensics_stage_founders_depth14,drep_vote_delegation,iog,608,110,105,15
2026-06-11T13:54:37Z,abcde_forensics_stage_founders_depth14,drep_vote_delegation,iog,609,146,127,16
2026-06-11T13:54:37Z,abcde_forensics_stage_founders_depth14,drep_vote_delegation,iog,610,123,112,13
2026-06-11T13:54:37Z,abcde_forensics_stage_founders_depth14,drep_vote_delegation,iog,611,149,133,16
2026-06-11T13:54:37Z,abcde_forensics_stage_founders_depth14,drep_vote_delegation,iog,612,129,111,17
2026-06-11T13:54:37Z,abcde_forensics_stage_founders_depth14,drep_vote_delegation,iog,613,87,80,8
2026-06-11T13:54:37Z,abcde_forensics_stage_founders_depth14,drep_vote_delegation,iog,614,85,70,11
2026-06-11T13:54:37Z,abcde_forensics_stage_founders_depth14,drep_vote_delegation,iog,615,98,85,9
2026-06-11T13:54:37Z,abcde_forensics_stage_founders_depth14,drep_vote_delegation,iog,616,85,76,10
2026-06-11T13:54:37Z,abcde_forensics_stage_founders_depth14,drep_vote_delegation,iog,617,83,80,8
2026-06-11T13:54:37Z,abcde_forensics_stage_founders_depth14,drep_vote_delegation,iog,618,78,77,10
2026-06-11T13:54:37Z,abcde_forensics_stage_founders_depth14,drep_vote_delegation,iog,619,92,83,10
2026-06-11T13:54:37Z,abcde_forensics_stage_founders_depth14,drep_vote_delegation,iog,620,76,70,11
2026-06-11T13:54:37Z,abcde_forensics_stage_founders_depth14,drep_vote_delegation,iog,621,84,77,13
2026-06-11T13:54:37Z,abcde_forensics_stage_founders_depth14,drep_vote_delegation,iog,622,75,71,10
2026-06-11T13:54:37Z,abcde_forensics_stage_founders_depth14,drep_vote_delegation,iog,623,100,89,14
2026-06-11T13:54:37Z,abcde_forensics_stage_founders_depth14,drep_vote_delegation,iog,624,79,71,9
2026-06-11T13:54:37Z,abcde_forensics_stage_founders_depth14,drep_vote_delegation,iog,625,71,70,11
2026-06-11T13:54:37Z,abcde_forensics_stage_founders_depth14,drep_vote_delegation,iog,626,71,67,10
2026-06-11T13:54:37Z,abcde_forensics_stage_founders_depth14,drep_vote_delegation,iog,627,77,72,15
2026-06-11T13:54:37Z,abcde_forensics_stage_founders_depth14,drep_vote_delegation,iog,628,91,80,11
2026-06-11T13:54:37Z,abcde_forensics_stage_founders_depth14,drep_vote_delegation,iog,629,100,95,16
2026-06-11T13:54:37Z,abcde_forensics_stage_founders_depth14,drep_vote_delegation,iog,630,93,86,19
2026-06-11T13:54:37Z,abcde_forensics_stage_founders_depth14,drep_vote_delegation,iog,631,71,67,12
2026-06-11T13:54:37Z,abcde_forensics_stage_founders_depth14,drep_vote_delegation,iog,632,135,126,33
2026-06-11T13:54:37Z,abcde_forensics_stage_founders_depth14,drep_vote_delegation,iog,633,111,107,24
2026-06-11T13:54:37Z,abcde_forensics_stage_founders_depth14,drep_vote_delegation,iog,634,110,103,14
2026-06-11T13:54:37Z,abcde_forensics_stage_founders_depth14,drep_vote_delegation,iog,635,128,126,18
2026-06-11T13:54:37Z,abcde_forensics_stage_founders_depth14,spo_delegation,cf,208,102,85,72
2026-06-11T13:54:37Z,abcde_forensics_stage_founders_depth14,spo_delegation,cf,209,25,25,21
2026-06-11T13:54:37Z,abcde_forensics_stage_founders_depth14,spo_delegation,cf,210,41,36,36
2026-06-11T13:54:37Z,abcde_forensics_stage_founders_depth14,spo_delegation,cf,211,21,17,18
2026-06-11T13:54:37Z,abcde_forensics_stage_founders_depth14,spo_delegation,cf,212,13,12,11
2026-06-11T13:54:37Z,abcde_forensics_stage_founders_depth14,spo_delegation,cf,213,19,19,13
2026-06-11T13:54:37Z,abcde_forensics_stage_founders_depth14,spo_delegation,cf,214,20,19,17
2026-06-11T13:54:37Z,abcde_forensics_stage_founders_depth14,spo_delegation,cf,215,15,15,11
2026-06-11T13:54:37Z,abcde_forensics_stage_founders_depth14,spo_delegation,cf,216,6,5,5
2026-06-11T13:54:37Z,abcde_forensics_stage_founders_depth14,spo_delegation,cf,217,7,6,6
2026-06-11T13:54:37Z,abcde_forensics_stage_founders_depth14,spo_delegation,cf,218,10,8,9
2026-06-11T13:54:37Z,abcde_forensics_stage_founders_depth14,spo_delegation,cf,219,6,6,5
2026-06-11T13:54:37Z,abcde_forensics_stage_founders_depth14,spo_delegation,cf,220,8,8,7
2026-06-11T13:54:37Z,abcde_forensics_stage_founders_depth14,spo_delegation,cf,221,14,14,14
2026-06-11T13:54:37Z,abcde_forensics_stage_founders_depth14,spo_delegation,cf,222,3,3,3
2026-06-11T13:54:37Z,abcde_forensics_stage_founders_depth14,spo_delegation,cf,223,5,4,4
2026-06-11T13:54:37Z,abcde_forensics_stage_founders_depth14,spo_delegation,cf,224,4,4,4
2026-06-11T13:54:37Z,abcde_forensics_stage_founders_depth14,spo_delegation,cf,225,14,14,14
2026-06-11T13:54:37Z,abcde_forensics_stage_founders_depth14,spo_delegation,cf,226,7,7,6
2026-06-11T13:54:37Z,abcde_forensics_stage_founders_depth14,spo_delegation,cf,227,9,9,8
2026-06-11T13:54:37Z,abcde_forensics_stage_founders_depth14,spo_delegation,cf,228,7,7,5
2026-06-11T13:54:37Z,abcde_forensics_stage_founders_depth14,spo_delegation,cf,229,14,14,10
2026-06-11T13:54:37Z,abcde_forensics_stage_founders_depth14,spo_delegation,cf,230,29,27,21
2026-06-11T13:54:37Z,abcde_forensics_stage_founders_depth14,spo_delegation,cf,231,15,14,11
2026-06-11T13:54:37Z,abcde_forensics_stage_founders_depth14,spo_delegation,cf,232,35,33,28
2026-06-11T13:54:37Z,abcde_forensics_stage_founders_depth14,spo_delegation,cf,233,22,21,18
2026-06-11T13:54:37Z,abcde_forensics_stage_founders_depth14,spo_delegation,cf,234,7,7,7
2026-06-11T13:54:37Z,abcde_forensics_stage_founders_depth14,spo_delegation,cf,235,12,10,9
2026-06-11T13:54:37Z,abcde_forensics_stage_founders_depth14,spo_delegation,cf,236,8,7,6
2026-06-11T13:54:37Z,abcde_forensics_stage_founders_depth14,spo_delegation,cf,237,7,7,6
2026-06-11T13:54:37Z,abcde_forensics_stage_founders_depth14,spo_delegation,cf,238,6,6,6
2026-06-11T13:54:37Z,abcde_forensics_stage_founders_depth14,spo_delegation,cf,239,7,7,7
2026-06-11T13:54:37Z,abcde_forensics_stage_founders_depth14,spo_delegation,cf,240,24,23,23
2026-06-11T13:54:37Z,abcde_forensics_stage_founders_depth14,spo_delegation,cf,241,8,8,8
2026-06-11T13:54:37Z,abcde_forensics_stage_founders_depth14,spo_delegation,cf,242,9,8,7
2026-06-11T13:54:37Z,abcde_forensics_stage_founders_depth14,spo_delegation,cf,243,6,6,5
2026-06-11T13:54:37Z,abcde_forensics_stage_founders_depth14,spo_delegation,cf,244,7,7,7
2026-06-11T13:54:37Z,abcde_forensics_stage_founders_depth14,spo_delegation,cf,245,25,23,23
2026-06-11T13:54:37Z,abcde_forensics_stage_founders_depth14,spo_delegation,cf,246,7,7,7
2026-06-11T13:54:37Z,abcde_forensics_stage_founders_depth14,spo_delegation,cf,247,5,4,4
2026-06-11T13:54:37Z,abcde_forensics_stage_founders_depth14,spo_delegation,cf,248,3,3,3
2026-06-11T13:54:37Z,abcde_forensics_stage_founders_depth14,spo_delegation,cf,249,3,3,3
2026-06-11T13:54:37Z,abcde_forensics_stage_founders_depth14,spo_delegation,cf,250,4,4,4
2026-06-11T13:54:37Z,abcde_forensics_stage_founders_depth14,spo_delegation,cf,251,4,4,4
2026-06-11T13:54:37Z,abcde_forensics_stage_founders_depth14,spo_delegation,cf,252,4,4,4
2026-06-11T13:54:37Z,abcde_forensics_stage_founders_depth14,spo_delegation,cf,253,2,2,2
2026-06-11T13:54:37Z,abcde_forensics_stage_founders_depth14,spo_delegation,cf,254,2,2,2
2026-06-11T13:54:37Z,abcde_forensics_stage_founders_depth14,spo_delegation,cf,255,4,4,3
2026-06-11T13:54:37Z,abcde_forensics_stage_founders_depth14,spo_delegation,cf,256,4,4,4
2026-06-11T13:54:37Z,abcde_forensics_stage_founders_depth14,spo_delegation,cf,257,5,5,5
2026-06-11T13:54:37Z,abcde_forensics_stage_founders_depth14,spo_delegation,cf,258,4,4,4
2026-06-11T13:54:37Z,abcde_forensics_stage_founders_depth14,spo_delegation,cf,259,3,3,3
2026-06-11T13:54:37Z,abcde_forensics_stage_founders_depth14,spo_delegation,cf,260,4,4,4
2026-06-11T13:54:37Z,abcde_forensics_stage_founders_depth14,spo_delegation,cf,261,3,3,3
2026-06-11T13:54:37Z,abcde_forensics_stage_founders_depth14,spo_delegation,cf,262,17,17,17
2026-06-11T13:54:37Z,abcde_forensics_stage_founders_depth14,spo_delegation,cf,263,4,4,4
2026-06-11T13:54:37Z,abcde_forensics_stage_founders_depth14,spo_delegation,cf,264,3,3,3
2026-06-11T13:54:37Z,abcde_forensics_stage_founders_depth14,spo_delegation,cf,265,4,4,4
2026-06-11T13:54:37Z,abcde_forensics_stage_founders_depth14,spo_delegation,cf,266,4,4,4
2026-06-11T13:54:37Z,abcde_forensics_stage_founders_depth14,spo_delegation,cf,267,7,7,7
2026-06-11T13:54:37Z,abcde_forensics_stage_founders_depth14,spo_delegation,cf,268,3,3,3
2026-06-11T13:54:37Z,abcde_forensics_stage_founders_depth14,spo_delegation,cf,269,3,3,3
2026-06-11T13:54:37Z,abcde_forensics_stage_founders_depth14,spo_delegation,cf,270,1,1,1
2026-06-11T13:54:37Z,abcde_forensics_stage_founders_depth14,spo_delegation,cf,271,3,3,3
2026-06-11T13:54:37Z,abcde_forensics_stage_founders_depth14,spo_delegation,cf,272,1,1,1
2026-06-11T13:54:37Z,abcde_forensics_stage_founders_depth14,spo_delegation,cf,273,4,4,4
2026-06-11T13:54:37Z,abcde_forensics_stage_founders_depth14,spo_delegation,cf,274,3,3,3
2026-06-11T13:54:37Z,abcde_forensics_stage_founders_depth14,spo_delegation,cf,276,3,3,2
2026-06-11T13:54:37Z,abcde_forensics_stage_founders_depth14,spo_delegation,cf,277,19,19,19
2026-06-11T13:54:37Z,abcde_forensics_stage_founders_depth14,spo_delegation,cf,278,4,4,4
2026-06-11T13:54:37Z,abcde_forensics_stage_founders_depth14,spo_delegation,cf,280,1,1,1
2026-06-11T13:54:37Z,abcde_forensics_stage_founders_depth14,spo_delegation,cf,281,1,1,1
2026-06-11T13:54:37Z,abcde_forensics_stage_founders_depth14,spo_delegation,cf,282,6,6,6
2026-06-11T13:54:37Z,abcde_forensics_stage_founders_depth14,spo_delegation,cf,283,3,3,3
2026-06-11T13:54:37Z,abcde_forensics_stage_founders_depth14,spo_delegation,cf,284,4,4,4
2026-06-11T13:54:37Z,abcde_forensics_stage_founders_depth14,spo_delegation,cf,285,3,2,3
2026-06-11T13:54:37Z,abcde_forensics_stage_founders_depth14,spo_delegation,cf,286,3,3,3
2026-06-11T13:54:37Z,abcde_forensics_stage_founders_depth14,spo_delegation,cf,287,2,2,2
2026-06-11T13:54:37Z,abcde_forensics_stage_founders_depth14,spo_delegation,cf,288,5,4,5
2026-06-11T13:54:37Z,abcde_forensics_stage_founders_depth14,spo_delegation,cf,291,2,2,2
2026-06-11T13:54:37Z,abcde_forensics_stage_founders_depth14,spo_delegation,cf,292,2,2,2
2026-06-11T13:54:37Z,abcde_forensics_stage_founders_depth14,spo_delegation,cf,293,1,1,1
2026-06-11T13:54:37Z,abcde_forensics_stage_founders_depth14,spo_delegation,cf,294,2,2,2
2026-06-11T13:54:37Z,abcde_forensics_stage_founders_depth14,spo_delegation,cf,295,3,2,3
2026-06-11T13:54:37Z,abcde_forensics_stage_founders_depth14,spo_delegation,cf,296,12,12,12
2026-06-11T13:54:37Z,abcde_forensics_stage_founders_depth14,spo_delegation,cf,297,1,1,1
2026-06-11T13:54:37Z,abcde_forensics_stage_founders_depth14,spo_delegation,cf,298,4,4,4
2026-06-11T13:54:37Z,abcde_forensics_stage_founders_depth14,spo_delegation,cf,299,3,3,3
2026-06-11T13:54:37Z,abcde_forensics_stage_founders_depth14,spo_delegation,cf,300,2,2,2
2026-06-11T13:54:37Z,abcde_forensics_stage_founders_depth14,spo_delegation,cf,301,3,3,3
2026-06-11T13:54:37Z,abcde_forensics_stage_founders_depth14,spo_delegation,cf,302,6,4,6
2026-06-11T13:54:37Z,abcde_forensics_stage_founders_depth14,spo_delegation,cf,303,11,11,9
2026-06-11T13:54:37Z,abcde_forensics_stage_founders_depth14,spo_delegation,cf,304,7,7,7
2026-06-11T13:54:37Z,abcde_forensics_stage_founders_depth14,spo_delegation,cf,305,9,9,9
2026-06-11T13:54:37Z,abcde_forensics_stage_founders_depth14,spo_delegation,cf,306,5,4,4
2026-06-11T13:54:37Z,abcde_forensics_stage_founders_depth14,spo_delegation,cf,307,8,8,7
2026-06-11T13:54:37Z,abcde_forensics_stage_founders_depth14,spo_delegation,cf,308,5,5,5
2026-06-11T13:54:37Z,abcde_forensics_stage_founders_depth14,spo_delegation,cf,309,1,1,1
2026-06-11T13:54:37Z,abcde_forensics_stage_founders_depth14,spo_delegation,cf,310,2,1,2
2026-06-11T13:54:37Z,abcde_forensics_stage_founders_depth14,spo_delegation,cf,311,5,4,5
2026-06-11T13:54:37Z,abcde_forensics_stage_founders_depth14,spo_delegation,cf,312,3,3,3
2026-06-11T13:54:37Z,abcde_forensics_stage_founders_depth14,spo_delegation,cf,313,5,5,4
2026-06-11T13:54:37Z,abcde_forensics_stage_founders_depth14,spo_delegation,cf,314,4,4,4
2026-06-11T13:54:37Z,abcde_forensics_stage_founders_depth14,spo_delegation,cf,315,11,9,10
2026-06-11T13:54:37Z,abcde_forensics_stage_founders_depth14,spo_delegation,cf,316,1,1,1
2026-06-11T13:54:37Z,abcde_forensics_stage_founders_depth14,spo_delegation,cf,317,7,5,6
2026-06-11T13:54:37Z,abcde_forensics_stage_founders_depth14,spo_delegation,cf,318,6,6,5
2026-06-11T13:54:37Z,abcde_forensics_stage_founders_depth14,spo_delegation,cf,320,1,1,1
2026-06-11T13:54:37Z,abcde_forensics_stage_founders_depth14,spo_delegation,cf,321,21,15,15
2026-06-11T13:54:37Z,abcde_forensics_stage_founders_depth14,spo_delegation,cf,322,6,5,5
2026-06-11T13:54:37Z,abcde_forensics_stage_founders_depth14,spo_delegation,cf,323,3,3,3
2026-06-11T13:54:37Z,abcde_forensics_stage_founders_depth14,spo_delegation,cf,324,5,5,4
2026-06-11T13:54:37Z,abcde_forensics_stage_founders_depth14,spo_delegation,cf,325,2,2,2
2026-06-11T13:54:37Z,abcde_forensics_stage_founders_depth14,spo_delegation,cf,326,3,3,3
2026-06-11T13:54:37Z,abcde_forensics_stage_founders_depth14,spo_delegation,cf,327,5,5,5
2026-06-11T13:54:37Z,abcde_forensics_stage_founders_depth14,spo_delegation,cf,328,4,3,3
2026-06-11T13:54:37Z,abcde_forensics_stage_founders_depth14,spo_delegation,cf,329,3,3,3
2026-06-11T13:54:37Z,abcde_forensics_stage_founders_depth14,spo_delegation,cf,330,1,1,1
2026-06-11T13:54:37Z,abcde_forensics_stage_founders_depth14,spo_delegation,cf,332,1,1,1
2026-06-11T13:54:37Z,abcde_forensics_stage_founders_depth14,spo_delegation,cf,334,2,2,2
2026-06-11T13:54:37Z,abcde_forensics_stage_founders_depth14,spo_delegation,cf,335,1,1,1
2026-06-11T13:54:37Z,abcde_forensics_stage_founders_depth14,spo_delegation,cf,336,1,1,1
2026-06-11T13:54:37Z,abcde_forensics_stage_founders_depth14,spo_delegation,cf,338,3,3,3
2026-06-11T13:54:37Z,abcde_forensics_stage_founders_depth14,spo_delegation,cf,339,1,1,1
2026-06-11T13:54:37Z,abcde_forensics_stage_founders_depth14,spo_delegation,cf,343,2,2,2
2026-06-11T13:54:37Z,abcde_forensics_stage_founders_depth14,spo_delegation,cf,346,5,5,5
2026-06-11T13:54:37Z,abcde_forensics_stage_founders_depth14,spo_delegation,cf,351,1,1,1
2026-06-11T13:54:37Z,abcde_forensics_stage_founders_depth14,spo_delegation,cf,352,1,1,1
2026-06-11T13:54:37Z,abcde_forensics_stage_founders_depth14,spo_delegation,cf,356,1,1,1
2026-06-11T13:54:37Z,abcde_forensics_stage_founders_depth14,spo_delegation,cf,357,2,1,2
2026-06-11T13:54:37Z,abcde_forensics_stage_founders_depth14,spo_delegation,cf,358,2,2,2
2026-06-11T13:54:37Z,abcde_forensics_stage_founders_depth14,spo_delegation,cf,361,1,1,1
2026-06-11T13:54:37Z,abcde_forensics_stage_founders_depth14,spo_delegation,cf,366,1,1,1
2026-06-11T13:54:37Z,abcde_forensics_stage_founders_depth14,spo_delegation,cf,367,2,2,1
2026-06-11T13:54:37Z,abcde_forensics_stage_founders_depth14,spo_delegation,cf,372,1,1,1
2026-06-11T13:54:37Z,abcde_forensics_stage_founders_depth14,spo_delegation,cf,378,1,1,1
2026-06-11T13:54:37Z,abcde_forensics_stage_founders_depth14,spo_delegation,cf,379,4,3,2
2026-06-11T13:54:37Z,abcde_forensics_stage_founders_depth14,spo_delegation,cf,385,1,1,1
2026-06-11T13:54:37Z,abcde_forensics_stage_founders_depth14,spo_delegation,cf,388,1,1,1
2026-06-11T13:54:37Z,abcde_forensics_stage_founders_depth14,spo_delegation,cf,391,1,1,1
2026-06-11T13:54:37Z,abcde_forensics_stage_founders_depth14,spo_delegation,cf,393,3,3,2
2026-06-11T13:54:37Z,abcde_forensics_stage_founders_depth14,spo_delegation,cf,394,1,1,1
2026-06-11T13:54:37Z,abcde_forensics_stage_founders_depth14,spo_delegation,cf,396,2,2,1
2026-06-11T13:54:37Z,abcde_forensics_stage_founders_depth14,spo_delegation,cf,399,1,1,1
2026-06-11T13:54:37Z,abcde_forensics_stage_founders_depth14,spo_delegation,cf,403,1,1,1
2026-06-11T13:54:37Z,abcde_forensics_stage_founders_depth14,spo_delegation,cf,410,1,1,1
2026-06-11T13:54:37Z,abcde_forensics_stage_founders_depth14,spo_delegation,cf,414,1,1,1
2026-06-11T13:54:37Z,abcde_forensics_stage_founders_depth14,spo_delegation,cf,423,1,1,1
2026-06-11T13:54:37Z,abcde_forensics_stage_founders_depth14,spo_delegation,cf,425,1,1,1
2026-06-11T13:54:37Z,abcde_forensics_stage_founders_depth14,spo_delegation,cf,428,1,1,1
2026-06-11T13:54:37Z,abcde_forensics_stage_founders_depth14,spo_delegation,cf,443,1,1,1
2026-06-11T13:54:37Z,abcde_forensics_stage_founders_depth14,spo_delegation,cf,445,1,1,1
2026-06-11T13:54:37Z,abcde_forensics_stage_founders_depth14,spo_delegation,cf,446,2,2,2
2026-06-11T13:54:37Z,abcde_forensics_stage_founders_depth14,spo_delegation,cf,449,1,1,1
2026-06-11T13:54:37Z,abcde_forensics_stage_founders_depth14,spo_delegation,cf,450,1,1,1
2026-06-11T13:54:37Z,abcde_forensics_stage_founders_depth14,spo_delegation,cf,451,1,1,1
2026-06-11T13:54:37Z,abcde_forensics_stage_founders_depth14,spo_delegation,cf,454,1,1,1
2026-06-11T13:54:37Z,abcde_forensics_stage_founders_depth14,spo_delegation,cf,457,1,1,1
2026-06-11T13:54:37Z,abcde_forensics_stage_founders_depth14,spo_delegation,cf,458,2,2,2
2026-06-11T13:54:37Z,abcde_forensics_stage_founders_depth14,spo_delegation,cf,459,3,3,3
2026-06-11T13:54:37Z,abcde_forensics_stage_founders_depth14,spo_delegation,cf,462,1,1,1
2026-06-11T13:54:37Z,abcde_forensics_stage_founders_depth14,spo_delegation,cf,464,1,1,1
2026-06-11T13:54:37Z,abcde_forensics_stage_founders_depth14,spo_delegation,cf,468,2,2,2
2026-06-11T13:54:37Z,abcde_forensics_stage_founders_depth14,spo_delegation,cf,473,1,1,1
2026-06-11T13:54:37Z,abcde_forensics_stage_founders_depth14,spo_delegation,cf,481,1,1,1
2026-06-11T13:54:37Z,abcde_forensics_stage_founders_depth14,spo_delegation,cf,490,1,1,1
2026-06-11T13:54:37Z,abcde_forensics_stage_founders_depth14,spo_delegation,cf,503,1,1,1
2026-06-11T13:54:37Z,abcde_forensics_stage_founders_depth14,spo_delegation,cf,510,1,1,1
2026-06-11T13:54:37Z,abcde_forensics_stage_founders_depth14,spo_delegation,cf,515,1,1,1
2026-06-11T13:54:37Z,abcde_forensics_stage_founders_depth14,spo_delegation,cf,517,1,1,1
2026-06-11T13:54:37Z,abcde_forensics_stage_founders_depth14,spo_delegation,cf,518,1,1,1
2026-06-11T13:54:37Z,abcde_forensics_stage_founders_depth14,spo_delegation,cf,519,1,1,1
2026-06-11T13:54:37Z,abcde_forensics_stage_founders_depth14,spo_delegation,cf,522,2,2,2
2026-06-11T13:54:37Z,abcde_forensics_stage_founders_depth14,spo_delegation,cf,523,1,1,1
2026-06-11T13:54:37Z,abcde_forensics_stage_founders_depth14,spo_delegation,cf,534,2,2,2
2026-06-11T13:54:37Z,abcde_forensics_stage_founders_depth14,spo_delegation,cf,543,1,1,1
2026-06-11T13:54:37Z,abcde_forensics_stage_founders_depth14,spo_delegation,cf,546,1,1,1
2026-06-11T13:54:37Z,abcde_forensics_stage_founders_depth14,spo_delegation,cf,557,1,1,1
2026-06-11T13:54:37Z,abcde_forensics_stage_founders_depth14,spo_delegation,cf,588,2,2,2
2026-06-11T13:54:37Z,abcde_forensics_stage_founders_depth14,spo_delegation,cf,605,1,1,1
2026-06-11T13:54:37Z,abcde_forensics_stage_founders_depth14,spo_delegation,cf,616,1,1,1
2026-06-11T13:54:37Z,abcde_forensics_stage_founders_depth14,spo_delegation,cf,635,1,1,1
2026-06-11T13:54:37Z,abcde_forensics_stage_founders_depth14,spo_delegation,cf+emurgo,208,17,8,14
2026-06-11T13:54:37Z,abcde_forensics_stage_founders_depth14,spo_delegation,cf+emurgo,209,5,5,5
2026-06-11T13:54:37Z,abcde_forensics_stage_founders_depth14,spo_delegation,cf+emurgo,210,9,8,9
2026-06-11T13:54:37Z,abcde_forensics_stage_founders_depth14,spo_delegation,cf+emurgo,211,2,2,2
2026-06-11T13:54:37Z,abcde_forensics_stage_founders_depth14,spo_delegation,cf+emurgo,212,2,2,2
2026-06-11T13:54:37Z,abcde_forensics_stage_founders_depth14,spo_delegation,cf+emurgo,213,4,4,3
2026-06-11T13:54:37Z,abcde_forensics_stage_founders_depth14,spo_delegation,cf+emurgo,214,2,2,2
2026-06-11T13:54:37Z,abcde_forensics_stage_founders_depth14,spo_delegation,cf+emurgo,216,5,4,5
2026-06-11T13:54:37Z,abcde_forensics_stage_founders_depth14,spo_delegation,cf+emurgo,217,3,1,3
2026-06-11T13:54:37Z,abcde_forensics_stage_founders_depth14,spo_delegation,cf+emurgo,220,5,1,3
2026-06-11T13:54:37Z,abcde_forensics_stage_founders_depth14,spo_delegation,cf+emurgo,226,2,1,2
2026-06-11T13:54:37Z,abcde_forensics_stage_founders_depth14,spo_delegation,cf+emurgo,229,2,2,2
2026-06-11T13:54:37Z,abcde_forensics_stage_founders_depth14,spo_delegation,cf+emurgo,231,2,2,2
2026-06-11T13:54:37Z,abcde_forensics_stage_founders_depth14,spo_delegation,cf+emurgo,232,3,3,3
2026-06-11T13:54:37Z,abcde_forensics_stage_founders_depth14,spo_delegation,cf+emurgo,233,1,1,1
2026-06-11T13:54:37Z,abcde_forensics_stage_founders_depth14,spo_delegation,cf+emurgo,234,1,1,1
2026-06-11T13:54:37Z,abcde_forensics_stage_founders_depth14,spo_delegation,cf+emurgo,235,1,1,1
2026-06-11T13:54:37Z,abcde_forensics_stage_founders_depth14,spo_delegation,cf+emurgo,236,1,1,1
2026-06-11T13:54:37Z,abcde_forensics_stage_founders_depth14,spo_delegation,cf+emurgo,237,1,1,1
2026-06-11T13:54:37Z,abcde_forensics_stage_founders_depth14,spo_delegation,cf+emurgo,238,2,2,2
2026-06-11T13:54:37Z,abcde_forensics_stage_founders_depth14,spo_delegation,cf+emurgo,239,1,1,1
2026-06-11T13:54:37Z,abcde_forensics_stage_founders_depth14,spo_delegation,cf+emurgo,241,3,3,3
2026-06-11T13:54:37Z,abcde_forensics_stage_founders_depth14,spo_delegation,cf+emurgo,245,2,2,2
2026-06-11T13:54:37Z,abcde_forensics_stage_founders_depth14,spo_delegation,cf+emurgo,247,1,1,1
2026-06-11T13:54:37Z,abcde_forensics_stage_founders_depth14,spo_delegation,cf+emurgo,249,1,1,1
2026-06-11T13:54:37Z,abcde_forensics_stage_founders_depth14,spo_delegation,cf+emurgo,252,1,1,1
2026-06-11T13:54:37Z,abcde_forensics_stage_founders_depth14,spo_delegation,cf+emurgo,253,3,2,3
2026-06-11T13:54:37Z,abcde_forensics_stage_founders_depth14,spo_delegation,cf+emurgo,254,2,2,1
2026-06-11T13:54:37Z,abcde_forensics_stage_founders_depth14,spo_delegation,cf+emurgo,255,1,1,1
2026-06-11T13:54:37Z,abcde_forensics_stage_founders_depth14,spo_delegation,cf+emurgo,256,1,1,1
2026-06-11T13:54:37Z,abcde_forensics_stage_founders_depth14,spo_delegation,cf+emurgo,257,2,2,2
2026-06-11T13:54:37Z,abcde_forensics_stage_founders_depth14,spo_delegation,cf+emurgo,258,2,2,2
2026-06-11T13:54:37Z,abcde_forensics_stage_founders_depth14,spo_delegation,cf+emurgo,262,1,1,1
2026-06-11T13:54:37Z,abcde_forensics_stage_founders_depth14,spo_delegation,cf+emurgo,265,1,1,1
2026-06-11T13:54:37Z,abcde_forensics_stage_founders_depth14,spo_delegation,cf+emurgo,268,1,1,1
2026-06-11T13:54:37Z,abcde_forensics_stage_founders_depth14,spo_delegation,cf+emurgo,270,1,1,1
2026-06-11T13:54:37Z,abcde_forensics_stage_founders_depth14,spo_delegation,cf+emurgo,276,1,1,1
2026-06-11T13:54:37Z,abcde_forensics_stage_founders_depth14,spo_delegation,cf+emurgo,280,1,1,1
2026-06-11T13:54:37Z,abcde_forensics_stage_founders_depth14,spo_delegation,cf+emurgo,282,2,1,2
2026-06-11T13:54:37Z,abcde_forensics_stage_founders_depth14,spo_delegation,cf+emurgo,287,1,1,1
2026-06-11T13:54:37Z,abcde_forensics_stage_founders_depth14,spo_delegation,cf+emurgo,290,1,1,1
2026-06-11T13:54:37Z,abcde_forensics_stage_founders_depth14,spo_delegation,cf+emurgo,293,1,1,1
2026-06-11T13:54:37Z,abcde_forensics_stage_founders_depth14,spo_delegation,cf+emurgo,301,2,2,2
2026-06-11T13:54:37Z,abcde_forensics_stage_founders_depth14,spo_delegation,cf+emurgo,303,2,1,2
2026-06-11T13:54:37Z,abcde_forensics_stage_founders_depth14,spo_delegation,cf+emurgo,305,1,1,1
2026-06-11T13:54:37Z,abcde_forensics_stage_founders_depth14,spo_delegation,cf+emurgo,314,1,1,1
2026-06-11T13:54:37Z,abcde_forensics_stage_founders_depth14,spo_delegation,cf+emurgo,321,1,1,1
2026-06-11T13:54:37Z,abcde_forensics_stage_founders_depth14,spo_delegation,cf+emurgo,327,1,1,1
2026-06-11T13:54:37Z,abcde_forensics_stage_founders_depth14,spo_delegation,cf+emurgo,328,1,1,1
2026-06-11T13:54:37Z,abcde_forensics_stage_founders_depth14,spo_delegation,cf+emurgo,329,2,2,2
2026-06-11T13:54:37Z,abcde_forensics_stage_founders_depth14,spo_delegation,cf+emurgo,339,1,1,1
2026-06-11T13:54:37Z,abcde_forensics_stage_founders_depth14,spo_delegation,cf+emurgo,355,1,1,1
2026-06-11T13:54:37Z,abcde_forensics_stage_founders_depth14,spo_delegation,cf+emurgo,363,1,1,1
2026-06-11T13:54:37Z,abcde_forensics_stage_founders_depth14,spo_delegation,cf+emurgo,402,1,1,1
2026-06-11T13:54:37Z,abcde_forensics_stage_founders_depth14,spo_delegation,cf+emurgo,406,1,1,1
2026-06-11T13:54:37Z,abcde_forensics_stage_founders_depth14,spo_delegation,cf+emurgo,418,1,1,1
2026-06-11T13:54:37Z,abcde_forensics_stage_founders_depth14,spo_delegation,cf+emurgo,421,1,1,1
2026-06-11T13:54:37Z,abcde_forensics_stage_founders_depth14,spo_delegation,cf+emurgo,427,1,1,1
2026-06-11T13:54:37Z,abcde_forensics_stage_founders_depth14,spo_delegation,cf+emurgo,449,1,1,1
2026-06-11T13:54:37Z,abcde_forensics_stage_founders_depth14,spo_delegation,cf+emurgo,489,1,1,1
2026-06-11T13:54:37Z,abcde_forensics_stage_founders_depth14,spo_delegation,cf+emurgo,514,1,1,1
2026-06-11T13:54:37Z,abcde_forensics_stage_founders_depth14,spo_delegation,cf+emurgo,546,1,1,1
2026-06-11T13:54:37Z,abcde_forensics_stage_founders_depth14,spo_delegation,cf+emurgo,569,1,1,1
2026-06-11T13:54:37Z,abcde_forensics_stage_founders_depth14,spo_delegation,cf+emurgo,578,1,1,1
2026-06-11T13:54:37Z,abcde_forensics_stage_founders_depth14,spo_delegation,cf+emurgo,600,1,1,1
2026-06-11T13:54:37Z,abcde_forensics_stage_founders_depth14,spo_delegation,cf+emurgo+iog,208,14,11,13
2026-06-11T13:54:37Z,abcde_forensics_stage_founders_depth14,spo_delegation,cf+emurgo+iog,209,10,8,9
2026-06-11T13:54:37Z,abcde_forensics_stage_founders_depth14,spo_delegation,cf+emurgo+iog,210,9,9,8
2026-06-11T13:54:37Z,abcde_forensics_stage_founders_depth14,spo_delegation,cf+emurgo+iog,211,8,6,7
2026-06-11T13:54:37Z,abcde_forensics_stage_founders_depth14,spo_delegation,cf+emurgo+iog,212,2,2,2
2026-06-11T13:54:37Z,abcde_forensics_stage_founders_depth14,spo_delegation,cf+emurgo+iog,213,2,2,2
2026-06-11T13:54:37Z,abcde_forensics_stage_founders_depth14,spo_delegation,cf+emurgo+iog,214,5,4,4
2026-06-11T13:54:37Z,abcde_forensics_stage_founders_depth14,spo_delegation,cf+emurgo+iog,215,1,1,1
2026-06-11T13:54:37Z,abcde_forensics_stage_founders_depth14,spo_delegation,cf+emurgo+iog,216,4,3,3
2026-06-11T13:54:37Z,abcde_forensics_stage_founders_depth14,spo_delegation,cf+emurgo+iog,217,1,1,1
2026-06-11T13:54:37Z,abcde_forensics_stage_founders_depth14,spo_delegation,cf+emurgo+iog,218,3,3,3
2026-06-11T13:54:37Z,abcde_forensics_stage_founders_depth14,spo_delegation,cf+emurgo+iog,219,1,1,1
2026-06-11T13:54:37Z,abcde_forensics_stage_founders_depth14,spo_delegation,cf+emurgo+iog,221,2,2,2
2026-06-11T13:54:37Z,abcde_forensics_stage_founders_depth14,spo_delegation,cf+emurgo+iog,222,3,3,3
2026-06-11T13:54:37Z,abcde_forensics_stage_founders_depth14,spo_delegation,cf+emurgo+iog,223,3,2,3
2026-06-11T13:54:37Z,abcde_forensics_stage_founders_depth14,spo_delegation,cf+emurgo+iog,225,2,2,2
2026-06-11T13:54:37Z,abcde_forensics_stage_founders_depth14,spo_delegation,cf+emurgo+iog,226,2,2,2
2026-06-11T13:54:37Z,abcde_forensics_stage_founders_depth14,spo_delegation,cf+emurgo+iog,227,1,1,1
2026-06-11T13:54:37Z,abcde_forensics_stage_founders_depth14,spo_delegation,cf+emurgo+iog,228,6,6,5
2026-06-11T13:54:37Z,abcde_forensics_stage_founders_depth14,spo_delegation,cf+emurgo+iog,229,3,2,3
2026-06-11T13:54:37Z,abcde_forensics_stage_founders_depth14,spo_delegation,cf+emurgo+iog,230,4,4,3
2026-06-11T13:54:37Z,abcde_forensics_stage_founders_depth14,spo_delegation,cf+emurgo+iog,231,4,2,4
2026-06-11T13:54:37Z,abcde_forensics_stage_founders_depth14,spo_delegation,cf+emurgo+iog,232,5,5,5
2026-06-11T13:54:37Z,abcde_forensics_stage_founders_depth14,spo_delegation,cf+emurgo+iog,233,5,5,5
2026-06-11T13:54:37Z,abcde_forensics_stage_founders_depth14,spo_delegation,cf+emurgo+iog,234,3,3,3
2026-06-11T13:54:37Z,abcde_forensics_stage_founders_depth14,spo_delegation,cf+emurgo+iog,236,2,2,2
2026-06-11T13:54:37Z,abcde_forensics_stage_founders_depth14,spo_delegation,cf+emurgo+iog,237,1,1,1
2026-06-11T13:54:37Z,abcde_forensics_stage_founders_depth14,spo_delegation,cf+emurgo+iog,238,1,1,1
2026-06-11T13:54:37Z,abcde_forensics_stage_founders_depth14,spo_delegation,cf+emurgo+iog,239,2,2,2
2026-06-11T13:54:37Z,abcde_forensics_stage_founders_depth14,spo_delegation,cf+emurgo+iog,240,4,4,4
2026-06-11T13:54:37Z,abcde_forensics_stage_founders_depth14,spo_delegation,cf+emurgo+iog,241,3,3,3
2026-06-11T13:54:37Z,abcde_forensics_stage_founders_depth14,spo_delegation,cf+emurgo+iog,243,2,2,2
2026-06-11T13:54:37Z,abcde_forensics_stage_founders_depth14,spo_delegation,cf+emurgo+iog,244,2,2,2
2026-06-11T13:54:37Z,abcde_forensics_stage_founders_depth14,spo_delegation,cf+emurgo+iog,245,1,1,1
2026-06-11T13:54:37Z,abcde_forensics_stage_founders_depth14,spo_delegation,cf+emurgo+iog,246,3,2,3
2026-06-11T13:54:37Z,abcde_forensics_stage_founders_depth14,spo_delegation,cf+emurgo+iog,247,3,3,3
2026-06-11T13:54:37Z,abcde_forensics_stage_founders_depth14,spo_delegation,cf+emurgo+iog,248,2,2,2
2026-06-11T13:54:37Z,abcde_forensics_stage_founders_depth14,spo_delegation,cf+emurgo+iog,252,2,2,2
2026-06-11T13:54:37Z,abcde_forensics_stage_founders_depth14,spo_delegation,cf+emurgo+iog,254,1,1,1
2026-06-11T13:54:37Z,abcde_forensics_stage_founders_depth14,spo_delegation,cf+emurgo+iog,255,1,1,1
2026-06-11T13:54:37Z,abcde_forensics_stage_founders_depth14,spo_delegation,cf+emurgo+iog,256,1,1,1
2026-06-11T13:54:37Z,abcde_forensics_stage_founders_depth14,spo_delegation,cf+emurgo+iog,257,2,2,2
2026-06-11T13:54:37Z,abcde_forensics_stage_founders_depth14,spo_delegation,cf+emurgo+iog,259,1,1,1
2026-06-11T13:54:37Z,abcde_forensics_stage_founders_depth14,spo_delegation,cf+emurgo+iog,262,1,1,1
2026-06-11T13:54:37Z,abcde_forensics_stage_founders_depth14,spo_delegation,cf+emurgo+iog,263,1,1,1
2026-06-11T13:54:37Z,abcde_forensics_stage_founders_depth14,spo_delegation,cf+emurgo+iog,264,2,2,2
2026-06-11T13:54:37Z,abcde_forensics_stage_founders_depth14,spo_delegation,cf+emurgo+iog,266,1,1,1
2026-06-11T13:54:37Z,abcde_forensics_stage_founders_depth14,spo_delegation,cf+emurgo+iog,269,1,1,1
2026-06-11T13:54:37Z,abcde_forensics_stage_founders_depth14,spo_delegation,cf+emurgo+iog,270,1,1,1
2026-06-11T13:54:37Z,abcde_forensics_stage_founders_depth14,spo_delegation,cf+emurgo+iog,276,1,1,1
2026-06-11T13:54:37Z,abcde_forensics_stage_founders_depth14,spo_delegation,cf+emurgo+iog,278,1,1,1
2026-06-11T13:54:37Z,abcde_forensics_stage_founders_depth14,spo_delegation,cf+emurgo+iog,283,2,1,1
2026-06-11T13:54:37Z,abcde_forensics_stage_founders_depth14,spo_delegation,cf+emurgo+iog,285,1,1,1
2026-06-11T13:54:37Z,abcde_forensics_stage_founders_depth14,spo_delegation,cf+emurgo+iog,287,1,1,1
2026-06-11T13:54:37Z,abcde_forensics_stage_founders_depth14,spo_delegation,cf+emurgo+iog,289,1,1,1
2026-06-11T13:54:37Z,abcde_forensics_stage_founders_depth14,spo_delegation,cf+emurgo+iog,290,1,1,1
2026-06-11T13:54:37Z,abcde_forensics_stage_founders_depth14,spo_delegation,cf+emurgo+iog,291,1,1,1
2026-06-11T13:54:37Z,abcde_forensics_stage_founders_depth14,spo_delegation,cf+emurgo+iog,295,2,1,2
2026-06-11T13:54:37Z,abcde_forensics_stage_founders_depth14,spo_delegation,cf+emurgo+iog,296,1,1,1
2026-06-11T13:54:37Z,abcde_forensics_stage_founders_depth14,spo_delegation,cf+emurgo+iog,297,1,1,1
2026-06-11T13:54:37Z,abcde_forensics_stage_founders_depth14,spo_delegation,cf+emurgo+iog,300,1,1,1
2026-06-11T13:54:37Z,abcde_forensics_stage_founders_depth14,spo_delegation,cf+emurgo+iog,302,1,1,1
2026-06-11T13:54:37Z,abcde_forensics_stage_founders_depth14,spo_delegation,cf+emurgo+iog,303,1,1,1
2026-06-11T13:54:37Z,abcde_forensics_stage_founders_depth14,spo_delegation,cf+emurgo+iog,306,2,1,2
2026-06-11T13:54:37Z,abcde_forensics_stage_founders_depth14,spo_delegation,cf+emurgo+iog,307,3,3,3
2026-06-11T13:54:37Z,abcde_forensics_stage_founders_depth14,spo_delegation,cf+emurgo+iog,308,1,1,1
2026-06-11T13:54:37Z,abcde_forensics_stage_founders_depth14,spo_delegation,cf+emurgo+iog,309,1,1,1
2026-06-11T13:54:37Z,abcde_forensics_stage_founders_depth14,spo_delegation,cf+emurgo+iog,310,2,1,2
2026-06-11T13:54:37Z,abcde_forensics_stage_founders_depth14,spo_delegation,cf+emurgo+iog,315,3,3,3
2026-06-11T13:54:37Z,abcde_forensics_stage_founders_depth14,spo_delegation,cf+emurgo+iog,316,5,4,5
2026-06-11T13:54:37Z,abcde_forensics_stage_founders_depth14,spo_delegation,cf+emurgo+iog,320,2,1,2
2026-06-11T13:54:37Z,abcde_forensics_stage_founders_depth14,spo_delegation,cf+emurgo+iog,321,3,3,3
2026-06-11T13:54:37Z,abcde_forensics_stage_founders_depth14,spo_delegation,cf+emurgo+iog,322,1,1,1
2026-06-11T13:54:37Z,abcde_forensics_stage_founders_depth14,spo_delegation,cf+emurgo+iog,323,2,2,2
2026-06-11T13:54:37Z,abcde_forensics_stage_founders_depth14,spo_delegation,cf+emurgo+iog,324,1,1,1
2026-06-11T13:54:37Z,abcde_forensics_stage_founders_depth14,spo_delegation,cf+emurgo+iog,325,1,1,1
2026-06-11T13:54:37Z,abcde_forensics_stage_founders_depth14,spo_delegation,cf+emurgo+iog,326,1,1,1
2026-06-11T13:54:37Z,abcde_forensics_stage_founders_depth14,spo_delegation,cf+emurgo+iog,327,2,2,2
2026-06-11T13:54:37Z,abcde_forensics_stage_founders_depth14,spo_delegation,cf+emurgo+iog,328,1,1,1
2026-06-11T13:54:37Z,abcde_forensics_stage_founders_depth14,spo_delegation,cf+emurgo+iog,329,1,1,1
2026-06-11T13:54:37Z,abcde_forensics_stage_founders_depth14,spo_delegation,cf+emurgo+iog,330,1,1,1
2026-06-11T13:54:37Z,abcde_forensics_stage_founders_depth14,spo_delegation,cf+emurgo+iog,331,1,1,1
2026-06-11T13:54:37Z,abcde_forensics_stage_founders_depth14,spo_delegation,cf+emurgo+iog,335,2,1,2
2026-06-11T13:54:37Z,abcde_forensics_stage_founders_depth14,spo_delegation,cf+emurgo+iog,338,1,1,1
2026-06-11T13:54:37Z,abcde_forensics_stage_founders_depth14,spo_delegation,cf+emurgo+iog,340,1,1,1
2026-06-11T13:54:37Z,abcde_forensics_stage_founders_depth14,spo_delegation,cf+emurgo+iog,353,1,1,1
2026-06-11T13:54:37Z,abcde_forensics_stage_founders_depth14,spo_delegation,cf+emurgo+iog,355,1,1,1
2026-06-11T13:54:37Z,abcde_forensics_stage_founders_depth14,spo_delegation,cf+emurgo+iog,356,1,1,1
2026-06-11T13:54:37Z,abcde_forensics_stage_founders_depth14,spo_delegation,cf+emurgo+iog,361,1,1,1
2026-06-11T13:54:37Z,abcde_forensics_stage_founders_depth14,spo_delegation,cf+emurgo+iog,362,1,1,1
2026-06-11T13:54:37Z,abcde_forensics_stage_founders_depth14,spo_delegation,cf+emurgo+iog,364,1,1,1
2026-06-11T13:54:37Z,abcde_forensics_stage_founders_depth14,spo_delegation,cf+emurgo+iog,367,1,1,1
2026-06-11T13:54:37Z,abcde_forensics_stage_founders_depth14,spo_delegation,cf+emurgo+iog,368,1,1,1
2026-06-11T13:54:37Z,abcde_forensics_stage_founders_depth14,spo_delegation,cf+emurgo+iog,371,3,2,2
2026-06-11T13:54:37Z,abcde_forensics_stage_founders_depth14,spo_delegation,cf+emurgo+iog,387,1,1,1
2026-06-11T13:54:37Z,abcde_forensics_stage_founders_depth14,spo_delegation,cf+emurgo+iog,389,1,1,1
2026-06-11T13:54:37Z,abcde_forensics_stage_founders_depth14,spo_delegation,cf+emurgo+iog,392,1,1,1
2026-06-11T13:54:37Z,abcde_forensics_stage_founders_depth14,spo_delegation,cf+emurgo+iog,395,1,1,1
2026-06-11T13:54:37Z,abcde_forensics_stage_founders_depth14,spo_delegation,cf+emurgo+iog,407,1,1,1
2026-06-11T13:54:37Z,abcde_forensics_stage_founders_depth14,spo_delegation,cf+emurgo+iog,409,1,1,1
2026-06-11T13:54:37Z,abcde_forensics_stage_founders_depth14,spo_delegation,cf+emurgo+iog,423,1,1,1
2026-06-11T13:54:37Z,abcde_forensics_stage_founders_depth14,spo_delegation,cf+emurgo+iog,436,1,1,1
2026-06-11T13:54:37Z,abcde_forensics_stage_founders_depth14,spo_delegation,cf+emurgo+iog,440,1,1,1
2026-06-11T13:54:37Z,abcde_forensics_stage_founders_depth14,spo_delegation,cf+emurgo+iog,445,1,1,1
2026-06-11T13:54:37Z,abcde_forensics_stage_founders_depth14,spo_delegation,cf+emurgo+iog,448,1,1,1
2026-06-11T13:54:37Z,abcde_forensics_stage_founders_depth14,spo_delegation,cf+emurgo+iog,449,1,1,1
2026-06-11T13:54:37Z,abcde_forensics_stage_founders_depth14,spo_delegation,cf+emurgo+iog,451,1,1,1
2026-06-11T13:54:37Z,abcde_forensics_stage_founders_depth14,spo_delegation,cf+emurgo+iog,488,1,1,1
2026-06-11T13:54:37Z,abcde_forensics_stage_founders_depth14,spo_delegation,cf+emurgo+iog,493,1,1,1
2026-06-11T13:54:37Z,abcde_forensics_stage_founders_depth14,spo_delegation,cf+emurgo+iog,496,1,1,1
2026-06-11T13:54:37Z,abcde_forensics_stage_founders_depth14,spo_delegation,cf+emurgo+iog,500,1,1,1
2026-06-11T13:54:37Z,abcde_forensics_stage_founders_depth14,spo_delegation,cf+emurgo+iog,518,1,1,1
2026-06-11T13:54:37Z,abcde_forensics_stage_founders_depth14,spo_delegation,cf+emurgo+iog,565,1,1,1
2026-06-11T13:54:37Z,abcde_forensics_stage_founders_depth14,spo_delegation,cf+iog,208,50,39,43
2026-06-11T13:54:37Z,abcde_forensics_stage_founders_depth14,spo_delegation,cf+iog,209,20,20,20
2026-06-11T13:54:37Z,abcde_forensics_stage_founders_depth14,spo_delegation,cf+iog,210,25,20,22
2026-06-11T13:54:37Z,abcde_forensics_stage_founders_depth14,spo_delegation,cf+iog,211,9,8,9
2026-06-11T13:54:37Z,abcde_forensics_stage_founders_depth14,spo_delegation,cf+iog,212,7,7,7
2026-06-11T13:54:37Z,abcde_forensics_stage_founders_depth14,spo_delegation,cf+iog,213,12,11,8
2026-06-11T13:54:37Z,abcde_forensics_stage_founders_depth14,spo_delegation,cf+iog,214,15,14,12
2026-06-11T13:54:37Z,abcde_forensics_stage_founders_depth14,spo_delegation,cf+iog,215,10,10,10
2026-06-11T13:54:37Z,abcde_forensics_stage_founders_depth14,spo_delegation,cf+iog,216,4,3,4
2026-06-11T13:54:37Z,abcde_forensics_stage_founders_depth14,spo_delegation,cf+iog,217,5,5,4
2026-06-11T13:54:37Z,abcde_forensics_stage_founders_depth14,spo_delegation,cf+iog,218,5,5,5
2026-06-11T13:54:37Z,abcde_forensics_stage_founders_depth14,spo_delegation,cf+iog,219,2,2,2
2026-06-11T13:54:37Z,abcde_forensics_stage_founders_depth14,spo_delegation,cf+iog,220,6,6,6
2026-06-11T13:54:37Z,abcde_forensics_stage_founders_depth14,spo_delegation,cf+iog,221,6,6,5
2026-06-11T13:54:37Z,abcde_forensics_stage_founders_depth14,spo_delegation,cf+iog,222,2,2,2
2026-06-11T13:54:37Z,abcde_forensics_stage_founders_depth14,spo_delegation,cf+iog,223,2,2,2
2026-06-11T13:54:37Z,abcde_forensics_stage_founders_depth14,spo_delegation,cf+iog,224,6,6,5
2026-06-11T13:54:37Z,abcde_forensics_stage_founders_depth14,spo_delegation,cf+iog,225,4,4,4
2026-06-11T13:54:37Z,abcde_forensics_stage_founders_depth14,spo_delegation,cf+iog,227,7,7,7
2026-06-11T13:54:37Z,abcde_forensics_stage_founders_depth14,spo_delegation,cf+iog,228,11,11,9
2026-06-11T13:54:37Z,abcde_forensics_stage_founders_depth14,spo_delegation,cf+iog,229,7,7,6
2026-06-11T13:54:37Z,abcde_forensics_stage_founders_depth14,spo_delegation,cf+iog,230,15,15,13
2026-06-11T13:54:37Z,abcde_forensics_stage_founders_depth14,spo_delegation,cf+iog,231,13,12,12
2026-06-11T13:54:37Z,abcde_forensics_stage_founders_depth14,spo_delegation,cf+iog,232,17,15,14
2026-06-11T13:54:37Z,abcde_forensics_stage_founders_depth14,spo_delegation,cf+iog,233,17,13,9
2026-06-11T13:54:37Z,abcde_forensics_stage_founders_depth14,spo_delegation,cf+iog,234,9,9,8
2026-06-11T13:54:37Z,abcde_forensics_stage_founders_depth14,spo_delegation,cf+iog,235,5,5,5
2026-06-11T13:54:37Z,abcde_forensics_stage_founders_depth14,spo_delegation,cf+iog,236,4,4,4
2026-06-11T13:54:37Z,abcde_forensics_stage_founders_depth14,spo_delegation,cf+iog,237,4,4,4
2026-06-11T13:54:37Z,abcde_forensics_stage_founders_depth14,spo_delegation,cf+iog,238,9,9,8
2026-06-11T13:54:37Z,abcde_forensics_stage_founders_depth14,spo_delegation,cf+iog,239,7,7,7
2026-06-11T13:54:37Z,abcde_forensics_stage_founders_depth14,spo_delegation,cf+iog,240,9,7,8
2026-06-11T13:54:37Z,abcde_forensics_stage_founders_depth14,spo_delegation,cf+iog,241,1,1,1
2026-06-11T13:54:37Z,abcde_forensics_stage_founders_depth14,spo_delegation,cf+iog,242,7,7,7
2026-06-11T13:54:37Z,abcde_forensics_stage_founders_depth14,spo_delegation,cf+iog,243,2,2,2
2026-06-11T13:54:37Z,abcde_forensics_stage_founders_depth14,spo_delegation,cf+iog,244,4,4,4
2026-06-11T13:54:37Z,abcde_forensics_stage_founders_depth14,spo_delegation,cf+iog,245,11,10,8
2026-06-11T13:54:37Z,abcde_forensics_stage_founders_depth14,spo_delegation,cf+iog,246,8,7,7
2026-06-11T13:54:37Z,abcde_forensics_stage_founders_depth14,spo_delegation,cf+iog,247,9,7,6
2026-06-11T13:54:37Z,abcde_forensics_stage_founders_depth14,spo_delegation,cf+iog,248,8,7,8
2026-06-11T13:54:37Z,abcde_forensics_stage_founders_depth14,spo_delegation,cf+iog,249,3,3,3
2026-06-11T13:54:37Z,abcde_forensics_stage_founders_depth14,spo_delegation,cf+iog,250,6,6,5
2026-06-11T13:54:37Z,abcde_forensics_stage_founders_depth14,spo_delegation,cf+iog,251,2,2,2
2026-06-11T13:54:37Z,abcde_forensics_stage_founders_depth14,spo_delegation,cf+iog,252,2,2,2
2026-06-11T13:54:37Z,abcde_forensics_stage_founders_depth14,spo_delegation,cf+iog,253,2,2,2
2026-06-11T13:54:37Z,abcde_forensics_stage_founders_depth14,spo_delegation,cf+iog,255,3,3,3
2026-06-11T13:54:37Z,abcde_forensics_stage_founders_depth14,spo_delegation,cf+iog,256,2,2,2
2026-06-11T13:54:37Z,abcde_forensics_stage_founders_depth14,spo_delegation,cf+iog,257,3,3,2
2026-06-11T13:54:37Z,abcde_forensics_stage_founders_depth14,spo_delegation,cf+iog,258,1,1,1
2026-06-11T13:54:37Z,abcde_forensics_stage_founders_depth14,spo_delegation,cf+iog,259,2,2,2
2026-06-11T13:54:37Z,abcde_forensics_stage_founders_depth14,spo_delegation,cf+iog,260,8,7,8
2026-06-11T13:54:37Z,abcde_forensics_stage_founders_depth14,spo_delegation,cf+iog,261,3,3,3
2026-06-11T13:54:37Z,abcde_forensics_stage_founders_depth14,spo_delegation,cf+iog,262,3,3,3
2026-06-11T13:54:37Z,abcde_forensics_stage_founders_depth14,spo_delegation,cf+iog,263,1,1,1
2026-06-11T13:54:37Z,abcde_forensics_stage_founders_depth14,spo_delegation,cf+iog,264,1,1,1
2026-06-11T13:54:37Z,abcde_forensics_stage_founders_depth14,spo_delegation,cf+iog,265,1,1,1
2026-06-11T13:54:37Z,abcde_forensics_stage_founders_depth14,spo_delegation,cf+iog,266,3,3,3
2026-06-11T13:54:37Z,abcde_forensics_stage_founders_depth14,spo_delegation,cf+iog,267,1,1,1
2026-06-11T13:54:37Z,abcde_forensics_stage_founders_depth14,spo_delegation,cf+iog,268,1,1,1
2026-06-11T13:54:37Z,abcde_forensics_stage_founders_depth14,spo_delegation,cf+iog,269,1,1,1
2026-06-11T13:54:37Z,abcde_forensics_stage_founders_depth14,spo_delegation,cf+iog,270,3,3,3
2026-06-11T13:54:37Z,abcde_forensics_stage_founders_depth14,spo_delegation,cf+iog,271,2,2,2
2026-06-11T13:54:37Z,abcde_forensics_stage_founders_depth14,spo_delegation,cf+iog,273,2,2,2
2026-06-11T13:54:37Z,abcde_forensics_stage_founders_depth14,spo_delegation,cf+iog,274,1,1,1
2026-06-11T13:54:37Z,abcde_forensics_stage_founders_depth14,spo_delegation,cf+iog,275,1,1,1
2026-06-11T13:54:37Z,abcde_forensics_stage_founders_depth14,spo_delegation,cf+iog,276,3,3,3
2026-06-11T13:54:37Z,abcde_forensics_stage_founders_depth14,spo_delegation,cf+iog,278,2,2,2
2026-06-11T13:54:37Z,abcde_forensics_stage_founders_depth14,spo_delegation,cf+iog,279,7,6,6
2026-06-11T13:54:37Z,abcde_forensics_stage_founders_depth14,spo_delegation,cf+iog,280,1,1,1
2026-06-11T13:54:37Z,abcde_forensics_stage_founders_depth14,spo_delegation,cf+iog,283,3,3,3
2026-06-11T13:54:37Z,abcde_forensics_stage_founders_depth14,spo_delegation,cf+iog,285,4,4,4
2026-06-11T13:54:37Z,abcde_forensics_stage_founders_depth14,spo_delegation,cf+iog,286,2,2,2
2026-06-11T13:54:37Z,abcde_forensics_stage_founders_depth14,spo_delegation,cf+iog,287,2,2,2
2026-06-11T13:54:37Z,abcde_forensics_stage_founders_depth14,spo_delegation,cf+iog,288,1,1,1
2026-06-11T13:54:37Z,abcde_forensics_stage_founders_depth14,spo_delegation,cf+iog,289,1,1,1
2026-06-11T13:54:37Z,abcde_forensics_stage_founders_depth14,spo_delegation,cf+iog,290,4,4,4
2026-06-11T13:54:37Z,abcde_forensics_stage_founders_depth14,spo_delegation,cf+iog,291,1,1,1
2026-06-11T13:54:37Z,abcde_forensics_stage_founders_depth14,spo_delegation,cf+iog,292,1,1,1
2026-06-11T13:54:37Z,abcde_forensics_stage_founders_depth14,spo_delegation,cf+iog,293,2,2,2
2026-06-11T13:54:37Z,abcde_forensics_stage_founders_depth14,spo_delegation,cf+iog,294,2,2,2
2026-06-11T13:54:37Z,abcde_forensics_stage_founders_depth14,spo_delegation,cf+iog,295,2,2,2
2026-06-11T13:54:37Z,abcde_forensics_stage_founders_depth14,spo_delegation,cf+iog,296,1,1,1
2026-06-11T13:54:37Z,abcde_forensics_stage_founders_depth14,spo_delegation,cf+iog,297,2,2,2
2026-06-11T13:54:37Z,abcde_forensics_stage_founders_depth14,spo_delegation,cf+iog,298,2,2,2
2026-06-11T13:54:37Z,abcde_forensics_stage_founders_depth14,spo_delegation,cf+iog,299,2,2,2
2026-06-11T13:54:37Z,abcde_forensics_stage_founders_depth14,spo_delegation,cf+iog,300,2,2,2
2026-06-11T13:54:37Z,abcde_forensics_stage_founders_depth14,spo_delegation,cf+iog,301,1,1,1
2026-06-11T13:54:37Z,abcde_forensics_stage_founders_depth14,spo_delegation,cf+iog,303,1,1,1
2026-06-11T13:54:37Z,abcde_forensics_stage_founders_depth14,spo_delegation,cf+iog,304,8,6,6
2026-06-11T13:54:37Z,abcde_forensics_stage_founders_depth14,spo_delegation,cf+iog,305,4,4,4
2026-06-11T13:54:37Z,abcde_forensics_stage_founders_depth14,spo_delegation,cf+iog,306,7,6,7
2026-06-11T13:54:37Z,abcde_forensics_stage_founders_depth14,spo_delegation,cf+iog,307,5,5,4
2026-06-11T13:54:37Z,abcde_forensics_stage_founders_depth14,spo_delegation,cf+iog,308,1,1,1
2026-06-11T13:54:37Z,abcde_forensics_stage_founders_depth14,spo_delegation,cf+iog,310,3,3,3
2026-06-11T13:54:37Z,abcde_forensics_stage_founders_depth14,spo_delegation,cf+iog,311,4,3,4
2026-06-11T13:54:37Z,abcde_forensics_stage_founders_depth14,spo_delegation,cf+iog,312,2,2,2
2026-06-11T13:54:37Z,abcde_forensics_stage_founders_depth14,spo_delegation,cf+iog,315,18,14,16
2026-06-11T13:54:37Z,abcde_forensics_stage_founders_depth14,spo_delegation,cf+iog,316,9,8,8
2026-06-11T13:54:37Z,abcde_forensics_stage_founders_depth14,spo_delegation,cf+iog,317,2,2,2
2026-06-11T13:54:37Z,abcde_forensics_stage_founders_depth14,spo_delegation,cf+iog,318,5,4,4
2026-06-11T13:54:37Z,abcde_forensics_stage_founders_depth14,spo_delegation,cf+iog,319,2,2,2
2026-06-11T13:54:37Z,abcde_forensics_stage_founders_depth14,spo_delegation,cf+iog,320,2,2,2
2026-06-11T13:54:37Z,abcde_forensics_stage_founders_depth14,spo_delegation,cf+iog,321,16,14,13
2026-06-11T13:54:37Z,abcde_forensics_stage_founders_depth14,spo_delegation,cf+iog,322,3,3,3
2026-06-11T13:54:37Z,abcde_forensics_stage_founders_depth14,spo_delegation,cf+iog,323,2,2,2
2026-06-11T13:54:37Z,abcde_forensics_stage_founders_depth14,spo_delegation,cf+iog,324,2,2,2
2026-06-11T13:54:37Z,abcde_forensics_stage_founders_depth14,spo_delegation,cf+iog,325,1,1,1
2026-06-11T13:54:37Z,abcde_forensics_stage_founders_depth14,spo_delegation,cf+iog,326,5,5,5
2026-06-11T13:54:37Z,abcde_forensics_stage_founders_depth14,spo_delegation,cf+iog,327,2,2,2
2026-06-11T13:54:37Z,abcde_forensics_stage_founders_depth14,spo_delegation,cf+iog,328,2,2,2
2026-06-11T13:54:37Z,abcde_forensics_stage_founders_depth14,spo_delegation,cf+iog,329,1,1,1
2026-06-11T13:54:37Z,abcde_forensics_stage_founders_depth14,spo_delegation,cf+iog,330,2,2,2
2026-06-11T13:54:37Z,abcde_forensics_stage_founders_depth14,spo_delegation,cf+iog,332,3,3,3
2026-06-11T13:54:37Z,abcde_forensics_stage_founders_depth14,spo_delegation,cf+iog,336,1,1,1
2026-06-11T13:54:37Z,abcde_forensics_stage_founders_depth14,spo_delegation,cf+iog,337,2,2,2
2026-06-11T13:54:37Z,abcde_forensics_stage_founders_depth14,spo_delegation,cf+iog,338,1,1,1
2026-06-11T13:54:37Z,abcde_forensics_stage_founders_depth14,spo_delegation,cf+iog,340,3,3,2
2026-06-11T13:54:37Z,abcde_forensics_stage_founders_depth14,spo_delegation,cf+iog,343,2,2,2
2026-06-11T13:54:37Z,abcde_forensics_stage_founders_depth14,spo_delegation,cf+iog,344,1,1,1
2026-06-11T13:54:37Z,abcde_forensics_stage_founders_depth14,spo_delegation,cf+iog,345,2,2,2
2026-06-11T13:54:37Z,abcde_forensics_stage_founders_depth14,spo_delegation,cf+iog,347,3,3,3
2026-06-11T13:54:37Z,abcde_forensics_stage_founders_depth14,spo_delegation,cf+iog,348,2,2,2
2026-06-11T13:54:37Z,abcde_forensics_stage_founders_depth14,spo_delegation,cf+iog,349,2,2,2
2026-06-11T13:54:37Z,abcde_forensics_stage_founders_depth14,spo_delegation,cf+iog,350,1,1,1
2026-06-11T13:54:37Z,abcde_forensics_stage_founders_depth14,spo_delegation,cf+iog,353,1,1,1
2026-06-11T13:54:37Z,abcde_forensics_stage_founders_depth14,spo_delegation,cf+iog,354,2,2,2
2026-06-11T13:54:37Z,abcde_forensics_stage_founders_depth14,spo_delegation,cf+iog,356,2,2,2
2026-06-11T13:54:37Z,abcde_forensics_stage_founders_depth14,spo_delegation,cf+iog,357,2,2,2
2026-06-11T13:54:37Z,abcde_forensics_stage_founders_depth14,spo_delegation,cf+iog,359,1,1,1
2026-06-11T13:54:37Z,abcde_forensics_stage_founders_depth14,spo_delegation,cf+iog,360,1,1,1
2026-06-11T13:54:37Z,abcde_forensics_stage_founders_depth14,spo_delegation,cf+iog,361,1,1,1
2026-06-11T13:54:37Z,abcde_forensics_stage_founders_depth14,spo_delegation,cf+iog,362,1,1,1
2026-06-11T13:54:37Z,abcde_forensics_stage_founders_depth14,spo_delegation,cf+iog,365,1,1,1
2026-06-11T13:54:37Z,abcde_forensics_stage_founders_depth14,spo_delegation,cf+iog,368,1,1,1
2026-06-11T13:54:37Z,abcde_forensics_stage_founders_depth14,spo_delegation,cf+iog,370,2,2,2
2026-06-11T13:54:37Z,abcde_forensics_stage_founders_depth14,spo_delegation,cf+iog,371,1,1,1
2026-06-11T13:54:37Z,abcde_forensics_stage_founders_depth14,spo_delegation,cf+iog,372,1,1,1
2026-06-11T13:54:37Z,abcde_forensics_stage_founders_depth14,spo_delegation,cf+iog,373,1,1,1
2026-06-11T13:54:37Z,abcde_forensics_stage_founders_depth14,spo_delegation,cf+iog,374,2,2,2
2026-06-11T13:54:37Z,abcde_forensics_stage_founders_depth14,spo_delegation,cf+iog,375,1,1,1
2026-06-11T13:54:37Z,abcde_forensics_stage_founders_depth14,spo_delegation,cf+iog,377,1,1,1
2026-06-11T13:54:37Z,abcde_forensics_stage_founders_depth14,spo_delegation,cf+iog,386,1,1,1
2026-06-11T13:54:37Z,abcde_forensics_stage_founders_depth14,spo_delegation,cf+iog,387,2,2,2
2026-06-11T13:54:37Z,abcde_forensics_stage_founders_depth14,spo_delegation,cf+iog,390,2,2,2
2026-06-11T13:54:37Z,abcde_forensics_stage_founders_depth14,spo_delegation,cf+iog,391,1,1,1
2026-06-11T13:54:37Z,abcde_forensics_stage_founders_depth14,spo_delegation,cf+iog,393,1,1,1
2026-06-11T13:54:37Z,abcde_forensics_stage_founders_depth14,spo_delegation,cf+iog,394,2,2,2
2026-06-11T13:54:37Z,abcde_forensics_stage_founders_depth14,spo_delegation,cf+iog,399,1,1,1
2026-06-11T13:54:37Z,abcde_forensics_stage_founders_depth14,spo_delegation,cf+iog,400,1,1,1
2026-06-11T13:54:37Z,abcde_forensics_stage_founders_depth14,spo_delegation,cf+iog,403,1,1,1
2026-06-11T13:54:37Z,abcde_forensics_stage_founders_depth14,spo_delegation,cf+iog,405,1,1,1
2026-06-11T13:54:37Z,abcde_forensics_stage_founders_depth14,spo_delegation,cf+iog,406,1,1,1
2026-06-11T13:54:37Z,abcde_forensics_stage_founders_depth14,spo_delegation,cf+iog,418,1,1,1
2026-06-11T13:54:37Z,abcde_forensics_stage_founders_depth14,spo_delegation,cf+iog,423,1,1,1
2026-06-11T13:54:37Z,abcde_forensics_stage_founders_depth14,spo_delegation,cf+iog,424,1,1,1
2026-06-11T13:54:37Z,abcde_forensics_stage_founders_depth14,spo_delegation,cf+iog,426,1,1,1
2026-06-11T13:54:37Z,abcde_forensics_stage_founders_depth14,spo_delegation,cf+iog,428,2,2,2
2026-06-11T13:54:37Z,abcde_forensics_stage_founders_depth14,spo_delegation,cf+iog,439,1,1,1
2026-06-11T13:54:37Z,abcde_forensics_stage_founders_depth14,spo_delegation,cf+iog,450,1,1,1
2026-06-11T13:54:37Z,abcde_forensics_stage_founders_depth14,spo_delegation,cf+iog,456,1,1,1
2026-06-11T13:54:37Z,abcde_forensics_stage_founders_depth14,spo_delegation,cf+iog,457,1,1,1
2026-06-11T13:54:37Z,abcde_forensics_stage_founders_depth14,spo_delegation,cf+iog,458,1,1,1
2026-06-11T13:54:37Z,abcde_forensics_stage_founders_depth14,spo_delegation,cf+iog,466,1,1,1
2026-06-11T13:54:37Z,abcde_forensics_stage_founders_depth14,spo_delegation,cf+iog,488,1,1,1
2026-06-11T13:54:37Z,abcde_forensics_stage_founders_depth14,spo_delegation,cf+iog,490,1,1,1
2026-06-11T13:54:37Z,abcde_forensics_stage_founders_depth14,spo_delegation,cf+iog,493,1,1,1
2026-06-11T13:54:37Z,abcde_forensics_stage_founders_depth14,spo_delegation,cf+iog,496,1,1,1
2026-06-11T13:54:37Z,abcde_forensics_stage_founders_depth14,spo_delegation,cf+iog,497,1,1,1
2026-06-11T13:54:37Z,abcde_forensics_stage_founders_depth14,spo_delegation,cf+iog,500,1,1,1
2026-06-11T13:54:37Z,abcde_forensics_stage_founders_depth14,spo_delegation,cf+iog,501,1,1,1
2026-06-11T13:54:37Z,abcde_forensics_stage_founders_depth14,spo_delegation,cf+iog,506,1,1,1
2026-06-11T13:54:37Z,abcde_forensics_stage_founders_depth14,spo_delegation,cf+iog,508,2,2,2
2026-06-11T13:54:37Z,abcde_forensics_stage_founders_depth14,spo_delegation,cf+iog,516,1,1,1
2026-06-11T13:54:37Z,abcde_forensics_stage_founders_depth14,spo_delegation,cf+iog,517,1,1,1
2026-06-11T13:54:37Z,abcde_forensics_stage_founders_depth14,spo_delegation,cf+iog,520,3,3,3
2026-06-11T13:54:37Z,abcde_forensics_stage_founders_depth14,spo_delegation,cf+iog,521,1,1,1
2026-06-11T13:54:37Z,abcde_forensics_stage_founders_depth14,spo_delegation,cf+iog,523,1,1,1
2026-06-11T13:54:37Z,abcde_forensics_stage_founders_depth14,spo_delegation,cf+iog,524,1,1,1
2026-06-11T13:54:37Z,abcde_forensics_stage_founders_depth14,spo_delegation,cf+iog,531,1,1,1
2026-06-11T13:54:37Z,abcde_forensics_stage_founders_depth14,spo_delegation,cf+iog,532,1,1,1
2026-06-11T13:54:37Z,abcde_forensics_stage_founders_depth14,spo_delegation,cf+iog,535,1,1,1
2026-06-11T13:54:37Z,abcde_forensics_stage_founders_depth14,spo_delegation,cf+iog,541,1,1,1
2026-06-11T13:54:37Z,abcde_forensics_stage_founders_depth14,spo_delegation,cf+iog,551,1,1,1
2026-06-11T13:54:37Z,abcde_forensics_stage_founders_depth14,spo_delegation,cf+iog,553,2,2,2
2026-06-11T13:54:37Z,abcde_forensics_stage_founders_depth14,spo_delegation,cf+iog,554,3,1,2
2026-06-11T13:54:37Z,abcde_forensics_stage_founders_depth14,spo_delegation,cf+iog,556,1,1,1
2026-06-11T13:54:37Z,abcde_forensics_stage_founders_depth14,spo_delegation,cf+iog,572,1,1,1
2026-06-11T13:54:37Z,abcde_forensics_stage_founders_depth14,spo_delegation,cf+iog,596,2,1,2
2026-06-11T13:54:37Z,abcde_forensics_stage_founders_depth14,spo_delegation,cf+iog,610,1,1,1
2026-06-11T13:54:37Z,abcde_forensics_stage_founders_depth14,spo_delegation,cf+iog,619,1,1,1
2026-06-11T13:54:37Z,abcde_forensics_stage_founders_depth14,spo_delegation,cf+iog,630,1,1,1
2026-06-11T13:54:37Z,abcde_forensics_stage_founders_depth14,spo_delegation,cf+iog,633,2,2,2
2026-06-11T13:54:37Z,abcde_forensics_stage_founders_depth14,spo_delegation,emurgo,208,460,364,202
2026-06-11T13:54:37Z,abcde_forensics_stage_founders_depth14,spo_delegation,emurgo,209,161,144,102
2026-06-11T13:54:37Z,abcde_forensics_stage_founders_depth14,spo_delegation,emurgo,210,108,92,77
2026-06-11T13:54:37Z,abcde_forensics_stage_founders_depth14,spo_delegation,emurgo,211,93,81,60
2026-06-11T13:54:37Z,abcde_forensics_stage_founders_depth14,spo_delegation,emurgo,212,90,73,46
2026-06-11T13:54:37Z,abcde_forensics_stage_founders_depth14,spo_delegation,emurgo,213,84,79,43
2026-06-11T13:54:37Z,abcde_forensics_stage_founders_depth14,spo_delegation,emurgo,214,85,80,44
2026-06-11T13:54:37Z,abcde_forensics_stage_founders_depth14,spo_delegation,emurgo,215,101,90,50
2026-06-11T13:54:37Z,abcde_forensics_stage_founders_depth14,spo_delegation,emurgo,216,61,56,39
2026-06-11T13:54:37Z,abcde_forensics_stage_founders_depth14,spo_delegation,emurgo,217,54,43,30
2026-06-11T13:54:37Z,abcde_forensics_stage_founders_depth14,spo_delegation,emurgo,218,46,43,32
2026-06-11T13:54:37Z,abcde_forensics_stage_founders_depth14,spo_delegation,emurgo,219,38,37,24
2026-06-11T13:54:37Z,abcde_forensics_stage_founders_depth14,spo_delegation,emurgo,220,38,36,31
2026-06-11T13:54:37Z,abcde_forensics_stage_founders_depth14,spo_delegation,emurgo,221,45,42,30
2026-06-11T13:54:37Z,abcde_forensics_stage_founders_depth14,spo_delegation,emurgo,222,37,36,32
2026-06-11T13:54:37Z,abcde_forensics_stage_founders_depth14,spo_delegation,emurgo,223,32,29,26
2026-06-11T13:54:37Z,abcde_forensics_stage_founders_depth14,spo_delegation,emurgo,224,33,33,28
2026-06-11T13:54:37Z,abcde_forensics_stage_founders_depth14,spo_delegation,emurgo,225,27,24,20
2026-06-11T13:54:37Z,abcde_forensics_stage_founders_depth14,spo_delegation,emurgo,226,38,37,28
2026-06-11T13:54:37Z,abcde_forensics_stage_founders_depth14,spo_delegation,emurgo,227,45,43,24
2026-06-11T13:54:37Z,abcde_forensics_stage_founders_depth14,spo_delegation,emurgo,228,71,68,29
2026-06-11T13:54:37Z,abcde_forensics_stage_founders_depth14,spo_delegation,emurgo,229,68,66,45
2026-06-11T13:54:37Z,abcde_forensics_stage_founders_depth14,spo_delegation,emurgo,230,85,77,42
2026-06-11T13:54:37Z,abcde_forensics_stage_founders_depth14,spo_delegation,emurgo,231,124,111,59
2026-06-11T13:54:37Z,abcde_forensics_stage_founders_depth14,spo_delegation,emurgo,232,276,225,91
2026-06-11T13:54:37Z,abcde_forensics_stage_founders_depth14,spo_delegation,emurgo,233,186,162,85
2026-06-11T13:54:37Z,abcde_forensics_stage_founders_depth14,spo_delegation,emurgo,234,113,103,59
2026-06-11T13:54:37Z,abcde_forensics_stage_founders_depth14,spo_delegation,emurgo,235,72,65,42
2026-06-11T13:54:37Z,abcde_forensics_stage_founders_depth14,spo_delegation,emurgo,236,69,61,45
2026-06-11T13:54:37Z,abcde_forensics_stage_founders_depth14,spo_delegation,emurgo,237,65,53,36
2026-06-11T13:54:37Z,abcde_forensics_stage_founders_depth14,spo_delegation,emurgo,238,139,130,58
2026-06-11T13:54:37Z,abcde_forensics_stage_founders_depth14,spo_delegation,emurgo,239,105,98,47
2026-06-11T13:54:37Z,abcde_forensics_stage_founders_depth14,spo_delegation,emurgo,240,200,182,81
2026-06-11T13:54:37Z,abcde_forensics_stage_founders_depth14,spo_delegation,emurgo,241,128,114,51
2026-06-11T13:54:37Z,abcde_forensics_stage_founders_depth14,spo_delegation,emurgo,242,116,108,52
2026-06-11T13:54:37Z,abcde_forensics_stage_founders_depth14,spo_delegation,emurgo,243,63,60,39
2026-06-11T13:54:37Z,abcde_forensics_stage_founders_depth14,spo_delegation,emurgo,244,53,53,36
2026-06-11T13:54:37Z,abcde_forensics_stage_founders_depth14,spo_delegation,emurgo,245,51,48,31
2026-06-11T13:54:37Z,abcde_forensics_stage_founders_depth14,spo_delegation,emurgo,246,77,68,45
2026-06-11T13:54:37Z,abcde_forensics_stage_founders_depth14,spo_delegation,emurgo,247,64,61,46
2026-06-11T13:54:37Z,abcde_forensics_stage_founders_depth14,spo_delegation,emurgo,248,89,79,60
2026-06-11T13:54:37Z,abcde_forensics_stage_founders_depth14,spo_delegation,emurgo,249,50,46,34
2026-06-11T13:54:37Z,abcde_forensics_stage_founders_depth14,spo_delegation,emurgo,250,75,68,49
2026-06-11T13:54:37Z,abcde_forensics_stage_founders_depth14,spo_delegation,emurgo,251,62,55,47
2026-06-11T13:54:37Z,abcde_forensics_stage_founders_depth14,spo_delegation,emurgo,252,39,36,29
2026-06-11T13:54:37Z,abcde_forensics_stage_founders_depth14,spo_delegation,emurgo,253,43,41,35
2026-06-11T13:54:37Z,abcde_forensics_stage_founders_depth14,spo_delegation,emurgo,254,47,39,32
2026-06-11T13:54:37Z,abcde_forensics_stage_founders_depth14,spo_delegation,emurgo,255,44,39,34
2026-06-11T13:54:37Z,abcde_forensics_stage_founders_depth14,spo_delegation,emurgo,256,35,33,21
2026-06-11T13:54:37Z,abcde_forensics_stage_founders_depth14,spo_delegation,emurgo,257,33,30,24
2026-06-11T13:54:37Z,abcde_forensics_stage_founders_depth14,spo_delegation,emurgo,258,31,30,23
2026-06-11T13:54:37Z,abcde_forensics_stage_founders_depth14,spo_delegation,emurgo,259,30,29,21
2026-06-11T13:54:37Z,abcde_forensics_stage_founders_depth14,spo_delegation,emurgo,260,19,18,17
2026-06-11T13:54:37Z,abcde_forensics_stage_founders_depth14,spo_delegation,emurgo,261,24,21,21
2026-06-11T13:54:37Z,abcde_forensics_stage_founders_depth14,spo_delegation,emurgo,262,30,28,20
2026-06-11T13:54:37Z,abcde_forensics_stage_founders_depth14,spo_delegation,emurgo,263,36,34,29
2026-06-11T13:54:37Z,abcde_forensics_stage_founders_depth14,spo_delegation,emurgo,264,31,30,24
2026-06-11T13:54:37Z,abcde_forensics_stage_founders_depth14,spo_delegation,emurgo,265,63,60,44
2026-06-11T13:54:37Z,abcde_forensics_stage_founders_depth14,spo_delegation,emurgo,266,34,32,26
2026-06-11T13:54:37Z,abcde_forensics_stage_founders_depth14,spo_delegation,emurgo,267,43,40,34
2026-06-11T13:54:37Z,abcde_forensics_stage_founders_depth14,spo_delegation,emurgo,268,28,27,25
2026-06-11T13:54:37Z,abcde_forensics_stage_founders_depth14,spo_delegation,emurgo,269,49,41,35
2026-06-11T13:54:37Z,abcde_forensics_stage_founders_depth14,spo_delegation,emurgo,270,37,35,31
2026-06-11T13:54:37Z,abcde_forensics_stage_founders_depth14,spo_delegation,emurgo,271,38,34,31
2026-06-11T13:54:37Z,abcde_forensics_stage_founders_depth14,spo_delegation,emurgo,272,28,27,21
2026-06-11T13:54:37Z,abcde_forensics_stage_founders_depth14,spo_delegation,emurgo,273,33,30,29
2026-06-11T13:54:37Z,abcde_forensics_stage_founders_depth14,spo_delegation,emurgo,274,43,41,33
2026-06-11T13:54:37Z,abcde_forensics_stage_founders_depth14,spo_delegation,emurgo,275,40,38,33
2026-06-11T13:54:37Z,abcde_forensics_stage_founders_depth14,spo_delegation,emurgo,276,40,40,29
2026-06-11T13:54:37Z,abcde_forensics_stage_founders_depth14,spo_delegation,emurgo,277,40,38,27
2026-06-11T13:54:37Z,abcde_forensics_stage_founders_depth14,spo_delegation,emurgo,278,38,33,27
2026-06-11T13:54:37Z,abcde_forensics_stage_founders_depth14,spo_delegation,emurgo,279,35,32,31
2026-06-11T13:54:37Z,abcde_forensics_stage_founders_depth14,spo_delegation,emurgo,280,113,102,49
2026-06-11T13:54:37Z,abcde_forensics_stage_founders_depth14,spo_delegation,emurgo,281,80,72,48
2026-06-11T13:54:37Z,abcde_forensics_stage_founders_depth14,spo_delegation,emurgo,282,36,34,27
2026-06-11T13:54:37Z,abcde_forensics_stage_founders_depth14,spo_delegation,emurgo,283,52,47,42
2026-06-11T13:54:37Z,abcde_forensics_stage_founders_depth14,spo_delegation,emurgo,284,58,53,46
2026-06-11T13:54:37Z,abcde_forensics_stage_founders_depth14,spo_delegation,emurgo,285,56,52,44
2026-06-11T13:54:37Z,abcde_forensics_stage_founders_depth14,spo_delegation,emurgo,286,94,82,57
2026-06-11T13:54:37Z,abcde_forensics_stage_founders_depth14,spo_delegation,emurgo,287,83,72,52
2026-06-11T13:54:37Z,abcde_forensics_stage_founders_depth14,spo_delegation,emurgo,288,55,51,36
2026-06-11T13:54:37Z,abcde_forensics_stage_founders_depth14,spo_delegation,emurgo,289,35,25,25
2026-06-11T13:54:37Z,abcde_forensics_stage_founders_depth14,spo_delegation,emurgo,290,31,30,26
2026-06-11T13:54:37Z,abcde_forensics_stage_founders_depth14,spo_delegation,emurgo,291,38,36,31
2026-06-11T13:54:37Z,abcde_forensics_stage_founders_depth14,spo_delegation,emurgo,292,32,31,29
2026-06-11T13:54:37Z,abcde_forensics_stage_founders_depth14,spo_delegation,emurgo,293,33,32,25
2026-06-11T13:54:37Z,abcde_forensics_stage_founders_depth14,spo_delegation,emurgo,294,49,42,35
2026-06-11T13:54:37Z,abcde_forensics_stage_founders_depth14,spo_delegation,emurgo,295,28,26,22
2026-06-11T13:54:37Z,abcde_forensics_stage_founders_depth14,spo_delegation,emurgo,296,25,25,21
2026-06-11T13:54:37Z,abcde_forensics_stage_founders_depth14,spo_delegation,emurgo,297,50,49,35
2026-06-11T13:54:37Z,abcde_forensics_stage_founders_depth14,spo_delegation,emurgo,298,28,28,21
2026-06-11T13:54:37Z,abcde_forensics_stage_founders_depth14,spo_delegation,emurgo,299,21,20,19
2026-06-11T13:54:37Z,abcde_forensics_stage_founders_depth14,spo_delegation,emurgo,300,28,26,24
2026-06-11T13:54:37Z,abcde_forensics_stage_founders_depth14,spo_delegation,emurgo,301,23,22,19
2026-06-11T13:54:37Z,abcde_forensics_stage_founders_depth14,spo_delegation,emurgo,302,19,19,17
2026-06-11T13:54:37Z,abcde_forensics_stage_founders_depth14,spo_delegation,emurgo,303,56,51,41
2026-06-11T13:54:37Z,abcde_forensics_stage_founders_depth14,spo_delegation,emurgo,304,43,30,26
2026-06-11T13:54:37Z,abcde_forensics_stage_founders_depth14,spo_delegation,emurgo,305,41,40,25
2026-06-11T13:54:37Z,abcde_forensics_stage_founders_depth14,spo_delegation,emurgo,306,55,48,41
2026-06-11T13:54:37Z,abcde_forensics_stage_founders_depth14,spo_delegation,emurgo,307,73,71,52
2026-06-11T13:54:37Z,abcde_forensics_stage_founders_depth14,spo_delegation,emurgo,308,49,43,39
2026-06-11T13:54:37Z,abcde_forensics_stage_founders_depth14,spo_delegation,emurgo,309,29,26,22
2026-06-11T13:54:37Z,abcde_forensics_stage_founders_depth14,spo_delegation,emurgo,310,25,23,23
2026-06-11T13:54:37Z,abcde_forensics_stage_founders_depth14,spo_delegation,emurgo,311,24,23,18
2026-06-11T13:54:37Z,abcde_forensics_stage_founders_depth14,spo_delegation,emurgo,312,25,24,21
2026-06-11T13:54:37Z,abcde_forensics_stage_founders_depth14,spo_delegation,emurgo,313,30,29,25
2026-06-11T13:54:37Z,abcde_forensics_stage_founders_depth14,spo_delegation,emurgo,314,20,19,17
2026-06-11T13:54:37Z,abcde_forensics_stage_founders_depth14,spo_delegation,emurgo,315,156,134,76
2026-06-11T13:54:37Z,abcde_forensics_stage_founders_depth14,spo_delegation,emurgo,316,82,74,47
2026-06-11T13:54:37Z,abcde_forensics_stage_founders_depth14,spo_delegation,emurgo,317,27,26,25
2026-06-11T13:54:37Z,abcde_forensics_stage_founders_depth14,spo_delegation,emurgo,318,34,31,29
2026-06-11T13:54:37Z,abcde_forensics_stage_founders_depth14,spo_delegation,emurgo,319,37,30,25
2026-06-11T13:54:37Z,abcde_forensics_stage_founders_depth14,spo_delegation,emurgo,320,28,26,26
2026-06-11T13:54:37Z,abcde_forensics_stage_founders_depth14,spo_delegation,emurgo,321,143,128,93
2026-06-11T13:54:37Z,abcde_forensics_stage_founders_depth14,spo_delegation,emurgo,322,28,27,24
2026-06-11T13:54:37Z,abcde_forensics_stage_founders_depth14,spo_delegation,emurgo,323,47,46,38
2026-06-11T13:54:37Z,abcde_forensics_stage_founders_depth14,spo_delegation,emurgo,324,34,32,28
2026-06-11T13:54:37Z,abcde_forensics_stage_founders_depth14,spo_delegation,emurgo,325,9,9,9
2026-06-11T13:54:37Z,abcde_forensics_stage_founders_depth14,spo_delegation,emurgo,326,33,32,23
2026-06-11T13:54:37Z,abcde_forensics_stage_founders_depth14,spo_delegation,emurgo,327,28,27,20
2026-06-11T13:54:37Z,abcde_forensics_stage_founders_depth14,spo_delegation,emurgo,328,27,24,25
2026-06-11T13:54:37Z,abcde_forensics_stage_founders_depth14,spo_delegation,emurgo,329,31,30,25
2026-06-11T13:54:37Z,abcde_forensics_stage_founders_depth14,spo_delegation,emurgo,330,21,20,19
2026-06-11T13:54:37Z,abcde_forensics_stage_founders_depth14,spo_delegation,emurgo,331,11,11,11
2026-06-11T13:54:37Z,abcde_forensics_stage_founders_depth14,spo_delegation,emurgo,332,11,11,9
2026-06-11T13:54:37Z,abcde_forensics_stage_founders_depth14,spo_delegation,emurgo,333,11,11,11
2026-06-11T13:54:37Z,abcde_forensics_stage_founders_depth14,spo_delegation,emurgo,334,10,9,9
2026-06-11T13:54:37Z,abcde_forensics_stage_founders_depth14,spo_delegation,emurgo,335,9,9,9
2026-06-11T13:54:37Z,abcde_forensics_stage_founders_depth14,spo_delegation,emurgo,336,8,8,8
2026-06-11T13:54:37Z,abcde_forensics_stage_founders_depth14,spo_delegation,emurgo,337,7,6,7
2026-06-11T13:54:37Z,abcde_forensics_stage_founders_depth14,spo_delegation,emurgo,338,18,17,14
2026-06-11T13:54:37Z,abcde_forensics_stage_founders_depth14,spo_delegation,emurgo,339,11,10,11
2026-06-11T13:54:37Z,abcde_forensics_stage_founders_depth14,spo_delegation,emurgo,340,11,11,11
2026-06-11T13:54:37Z,abcde_forensics_stage_founders_depth14,spo_delegation,emurgo,341,9,9,9
2026-06-11T13:54:37Z,abcde_forensics_stage_founders_depth14,spo_delegation,emurgo,342,7,6,7
2026-06-11T13:54:37Z,abcde_forensics_stage_founders_depth14,spo_delegation,emurgo,343,6,6,5
2026-06-11T13:54:37Z,abcde_forensics_stage_founders_depth14,spo_delegation,emurgo,344,9,9,9
2026-06-11T13:54:37Z,abcde_forensics_stage_founders_depth14,spo_delegation,emurgo,345,7,7,7
2026-06-11T13:54:37Z,abcde_forensics_stage_founders_depth14,spo_delegation,emurgo,346,12,11,11
2026-06-11T13:54:37Z,abcde_forensics_stage_founders_depth14,spo_delegation,emurgo,347,8,8,7
2026-06-11T13:54:37Z,abcde_forensics_stage_founders_depth14,spo_delegation,emurgo,348,9,9,9
2026-06-11T13:54:37Z,abcde_forensics_stage_founders_depth14,spo_delegation,emurgo,349,5,5,5
2026-06-11T13:54:37Z,abcde_forensics_stage_founders_depth14,spo_delegation,emurgo,350,2,2,2
2026-06-11T13:54:37Z,abcde_forensics_stage_founders_depth14,spo_delegation,emurgo,351,6,6,4
2026-06-11T13:54:37Z,abcde_forensics_stage_founders_depth14,spo_delegation,emurgo,352,6,6,6
2026-06-11T13:54:37Z,abcde_forensics_stage_founders_depth14,spo_delegation,emurgo,353,11,9,10
2026-06-11T13:54:37Z,abcde_forensics_stage_founders_depth14,spo_delegation,emurgo,354,5,5,5
2026-06-11T13:54:37Z,abcde_forensics_stage_founders_depth14,spo_delegation,emurgo,355,7,6,7
2026-06-11T13:54:37Z,abcde_forensics_stage_founders_depth14,spo_delegation,emurgo,356,4,4,4
2026-06-11T13:54:37Z,abcde_forensics_stage_founders_depth14,spo_delegation,emurgo,357,14,14,13
2026-06-11T13:54:37Z,abcde_forensics_stage_founders_depth14,spo_delegation,emurgo,358,7,7,4
2026-06-11T13:54:37Z,abcde_forensics_stage_founders_depth14,spo_delegation,emurgo,359,8,8,7
2026-06-11T13:54:37Z,abcde_forensics_stage_founders_depth14,spo_delegation,emurgo,360,10,9,10
2026-06-11T13:54:37Z,abcde_forensics_stage_founders_depth14,spo_delegation,emurgo,361,7,6,7
2026-06-11T13:54:37Z,abcde_forensics_stage_founders_depth14,spo_delegation,emurgo,362,7,7,7
2026-06-11T13:54:37Z,abcde_forensics_stage_founders_depth14,spo_delegation,emurgo,363,8,8,8
2026-06-11T13:54:37Z,abcde_forensics_stage_founders_depth14,spo_delegation,emurgo,364,3,3,3
2026-06-11T13:54:37Z,abcde_forensics_stage_founders_depth14,spo_delegation,emurgo,365,11,11,11
2026-06-11T13:54:37Z,abcde_forensics_stage_founders_depth14,spo_delegation,emurgo,366,4,4,4
2026-06-11T13:54:37Z,abcde_forensics_stage_founders_depth14,spo_delegation,emurgo,367,6,5,6
2026-06-11T13:54:37Z,abcde_forensics_stage_founders_depth14,spo_delegation,emurgo,368,5,5,5
2026-06-11T13:54:37Z,abcde_forensics_stage_founders_depth14,spo_delegation,emurgo,369,3,3,3
2026-06-11T13:54:37Z,abcde_forensics_stage_founders_depth14,spo_delegation,emurgo,370,5,5,4
2026-06-11T13:54:37Z,abcde_forensics_stage_founders_depth14,spo_delegation,emurgo,371,7,7,5
2026-06-11T13:54:37Z,abcde_forensics_stage_founders_depth14,spo_delegation,emurgo,372,6,6,6
2026-06-11T13:54:37Z,abcde_forensics_stage_founders_depth14,spo_delegation,emurgo,373,7,7,6
2026-06-11T13:54:37Z,abcde_forensics_stage_founders_depth14,spo_delegation,emurgo,374,7,7,5
2026-06-11T13:54:37Z,abcde_forensics_stage_founders_depth14,spo_delegation,emurgo,375,14,13,14
2026-06-11T13:54:37Z,abcde_forensics_stage_founders_depth14,spo_delegation,emurgo,376,4,4,4
2026-06-11T13:54:37Z,abcde_forensics_stage_founders_depth14,spo_delegation,emurgo,377,14,14,14
2026-06-11T13:54:37Z,abcde_forensics_stage_founders_depth14,spo_delegation,emurgo,378,9,9,7
2026-06-11T13:54:37Z,abcde_forensics_stage_founders_depth14,spo_delegation,emurgo,379,8,6,8
2026-06-11T13:54:37Z,abcde_forensics_stage_founders_depth14,spo_delegation,emurgo,380,6,6,6
2026-06-11T13:54:37Z,abcde_forensics_stage_founders_depth14,spo_delegation,emurgo,381,8,7,8
2026-06-11T13:54:37Z,abcde_forensics_stage_founders_depth14,spo_delegation,emurgo,382,4,4,4
2026-06-11T13:54:37Z,abcde_forensics_stage_founders_depth14,spo_delegation,emurgo,383,4,4,4
2026-06-11T13:54:37Z,abcde_forensics_stage_founders_depth14,spo_delegation,emurgo,384,7,7,6
2026-06-11T13:54:37Z,abcde_forensics_stage_founders_depth14,spo_delegation,emurgo,385,6,5,6
2026-06-11T13:54:37Z,abcde_forensics_stage_founders_depth14,spo_delegation,emurgo,386,5,5,4
2026-06-11T13:54:37Z,abcde_forensics_stage_founders_depth14,spo_delegation,emurgo,387,7,6,6
2026-06-11T13:54:37Z,abcde_forensics_stage_founders_depth14,spo_delegation,emurgo,388,7,7,7
2026-06-11T13:54:37Z,abcde_forensics_stage_founders_depth14,spo_delegation,emurgo,389,7,7,7
2026-06-11T13:54:37Z,abcde_forensics_stage_founders_depth14,spo_delegation,emurgo,390,4,4,4
2026-06-11T13:54:37Z,abcde_forensics_stage_founders_depth14,spo_delegation,emurgo,391,9,9,9
2026-06-11T13:54:37Z,abcde_forensics_stage_founders_depth14,spo_delegation,emurgo,392,18,16,16
2026-06-11T13:54:37Z,abcde_forensics_stage_founders_depth14,spo_delegation,emurgo,393,7,7,6
2026-06-11T13:54:37Z,abcde_forensics_stage_founders_depth14,spo_delegation,emurgo,394,5,5,5
2026-06-11T13:54:37Z,abcde_forensics_stage_founders_depth14,spo_delegation,emurgo,395,6,6,6
2026-06-11T13:54:37Z,abcde_forensics_stage_founders_depth14,spo_delegation,emurgo,396,5,5,5
2026-06-11T13:54:37Z,abcde_forensics_stage_founders_depth14,spo_delegation,emurgo,397,4,4,4
2026-06-11T13:54:37Z,abcde_forensics_stage_founders_depth14,spo_delegation,emurgo,398,2,2,2
2026-06-11T13:54:37Z,abcde_forensics_stage_founders_depth14,spo_delegation,emurgo,399,7,7,7
2026-06-11T13:54:37Z,abcde_forensics_stage_founders_depth14,spo_delegation,emurgo,400,8,8,8
2026-06-11T13:54:37Z,abcde_forensics_stage_founders_depth14,spo_delegation,emurgo,401,4,4,3
2026-06-11T13:54:37Z,abcde_forensics_stage_founders_depth14,spo_delegation,emurgo,402,11,8,9
2026-06-11T13:54:37Z,abcde_forensics_stage_founders_depth14,spo_delegation,emurgo,403,3,3,3
2026-06-11T13:54:37Z,abcde_forensics_stage_founders_depth14,spo_delegation,emurgo,404,4,4,4
2026-06-11T13:54:37Z,abcde_forensics_stage_founders_depth14,spo_delegation,emurgo,405,7,7,7
2026-06-11T13:54:37Z,abcde_forensics_stage_founders_depth14,spo_delegation,emurgo,406,6,6,6
2026-06-11T13:54:37Z,abcde_forensics_stage_founders_depth14,spo_delegation,emurgo,407,3,3,3
2026-06-11T13:54:37Z,abcde_forensics_stage_founders_depth14,spo_delegation,emurgo,408,3,3,3
2026-06-11T13:54:37Z,abcde_forensics_stage_founders_depth14,spo_delegation,emurgo,409,1,1,1
2026-06-11T13:54:37Z,abcde_forensics_stage_founders_depth14,spo_delegation,emurgo,410,4,4,4
2026-06-11T13:54:37Z,abcde_forensics_stage_founders_depth14,spo_delegation,emurgo,411,8,8,7
2026-06-11T13:54:37Z,abcde_forensics_stage_founders_depth14,spo_delegation,emurgo,412,3,3,3
2026-06-11T13:54:37Z,abcde_forensics_stage_founders_depth14,spo_delegation,emurgo,413,6,6,6
2026-06-11T13:54:37Z,abcde_forensics_stage_founders_depth14,spo_delegation,emurgo,414,5,4,5
2026-06-11T13:54:37Z,abcde_forensics_stage_founders_depth14,spo_delegation,emurgo,415,6,6,6
2026-06-11T13:54:37Z,abcde_forensics_stage_founders_depth14,spo_delegation,emurgo,416,4,4,4
2026-06-11T13:54:37Z,abcde_forensics_stage_founders_depth14,spo_delegation,emurgo,417,2,2,2
2026-06-11T13:54:37Z,abcde_forensics_stage_founders_depth14,spo_delegation,emurgo,418,5,5,4
2026-06-11T13:54:37Z,abcde_forensics_stage_founders_depth14,spo_delegation,emurgo,419,5,3,4
2026-06-11T13:54:37Z,abcde_forensics_stage_founders_depth14,spo_delegation,emurgo,420,6,5,6
2026-06-11T13:54:37Z,abcde_forensics_stage_founders_depth14,spo_delegation,emurgo,421,4,4,4
2026-06-11T13:54:37Z,abcde_forensics_stage_founders_depth14,spo_delegation,emurgo,422,3,3,3
2026-06-11T13:54:37Z,abcde_forensics_stage_founders_depth14,spo_delegation,emurgo,423,9,8,8
2026-06-11T13:54:37Z,abcde_forensics_stage_founders_depth14,spo_delegation,emurgo,424,3,3,3
2026-06-11T13:54:37Z,abcde_forensics_stage_founders_depth14,spo_delegation,emurgo,425,5,5,5
2026-06-11T13:54:37Z,abcde_forensics_stage_founders_depth14,spo_delegation,emurgo,426,4,4,4
2026-06-11T13:54:37Z,abcde_forensics_stage_founders_depth14,spo_delegation,emurgo,427,5,5,5
2026-06-11T13:54:37Z,abcde_forensics_stage_founders_depth14,spo_delegation,emurgo,428,3,2,2
2026-06-11T13:54:37Z,abcde_forensics_stage_founders_depth14,spo_delegation,emurgo,429,3,3,3
2026-06-11T13:54:37Z,abcde_forensics_stage_founders_depth14,spo_delegation,emurgo,430,3,3,3
2026-06-11T13:54:37Z,abcde_forensics_stage_founders_depth14,spo_delegation,emurgo,431,5,5,5
2026-06-11T13:54:37Z,abcde_forensics_stage_founders_depth14,spo_delegation,emurgo,432,4,4,4
2026-06-11T13:54:37Z,abcde_forensics_stage_founders_depth14,spo_delegation,emurgo,433,2,2,2
2026-06-11T13:54:37Z,abcde_forensics_stage_founders_depth14,spo_delegation,emurgo,434,7,7,7
2026-06-11T13:54:37Z,abcde_forensics_stage_founders_depth14,spo_delegation,emurgo,435,5,3,5
2026-06-11T13:54:37Z,abcde_forensics_stage_founders_depth14,spo_delegation,emurgo,436,2,2,2
2026-06-11T13:54:37Z,abcde_forensics_stage_founders_depth14,spo_delegation,emurgo,437,1,1,1
2026-06-11T13:54:37Z,abcde_forensics_stage_founders_depth14,spo_delegation,emurgo,438,2,2,2
2026-06-11T13:54:37Z,abcde_forensics_stage_founders_depth14,spo_delegation,emurgo,439,4,4,4
2026-06-11T13:54:37Z,abcde_forensics_stage_founders_depth14,spo_delegation,emurgo,440,1,1,1
2026-06-11T13:54:37Z,abcde_forensics_stage_founders_depth14,spo_delegation,emurgo,441,1,1,1
2026-06-11T13:54:37Z,abcde_forensics_stage_founders_depth14,spo_delegation,emurgo,442,2,2,2
2026-06-11T13:54:37Z,abcde_forensics_stage_founders_depth14,spo_delegation,emurgo,443,1,1,1
2026-06-11T13:54:37Z,abcde_forensics_stage_founders_depth14,spo_delegation,emurgo,444,6,6,6
2026-06-11T13:54:37Z,abcde_forensics_stage_founders_depth14,spo_delegation,emurgo,445,3,3,3
2026-06-11T13:54:37Z,abcde_forensics_stage_founders_depth14,spo_delegation,emurgo,446,7,6,7
2026-06-11T13:54:37Z,abcde_forensics_stage_founders_depth14,spo_delegation,emurgo,447,6,6,6
2026-06-11T13:54:37Z,abcde_forensics_stage_founders_depth14,spo_delegation,emurgo,448,8,8,8
2026-06-11T13:54:37Z,abcde_forensics_stage_founders_depth14,spo_delegation,emurgo,449,5,5,5
2026-06-11T13:54:37Z,abcde_forensics_stage_founders_depth14,spo_delegation,emurgo,450,1,1,1
2026-06-11T13:54:37Z,abcde_forensics_stage_founders_depth14,spo_delegation,emurgo,451,4,4,4
2026-06-11T13:54:37Z,abcde_forensics_stage_founders_depth14,spo_delegation,emurgo,452,4,4,4
2026-06-11T13:54:37Z,abcde_forensics_stage_founders_depth14,spo_delegation,emurgo,453,10,9,10
2026-06-11T13:54:37Z,abcde_forensics_stage_founders_depth14,spo_delegation,emurgo,454,8,7,6
2026-06-11T13:54:37Z,abcde_forensics_stage_founders_depth14,spo_delegation,emurgo,455,5,5,5
2026-06-11T13:54:37Z,abcde_forensics_stage_founders_depth14,spo_delegation,emurgo,456,3,3,2
2026-06-11T13:54:37Z,abcde_forensics_stage_founders_depth14,spo_delegation,emurgo,457,6,6,5
2026-06-11T13:54:37Z,abcde_forensics_stage_founders_depth14,spo_delegation,emurgo,458,8,8,7
2026-06-11T13:54:37Z,abcde_forensics_stage_founders_depth14,spo_delegation,emurgo,459,4,4,4
2026-06-11T13:54:37Z,abcde_forensics_stage_founders_depth14,spo_delegation,emurgo,460,4,4,4
2026-06-11T13:54:37Z,abcde_forensics_stage_founders_depth14,spo_delegation,emurgo,461,2,2,2
2026-06-11T13:54:37Z,abcde_forensics_stage_founders_depth14,spo_delegation,emurgo,462,3,3,3
2026-06-11T13:54:37Z,abcde_forensics_stage_founders_depth14,spo_delegation,emurgo,463,4,4,4
2026-06-11T13:54:37Z,abcde_forensics_stage_founders_depth14,spo_delegation,emurgo,464,4,4,4
2026-06-11T13:54:37Z,abcde_forensics_stage_founders_depth14,spo_delegation,emurgo,465,3,3,3
2026-06-11T13:54:37Z,abcde_forensics_stage_founders_depth14,spo_delegation,emurgo,466,1,1,1
2026-06-11T13:54:37Z,abcde_forensics_stage_founders_depth14,spo_delegation,emurgo,467,4,4,4
2026-06-11T13:54:37Z,abcde_forensics_stage_founders_depth14,spo_delegation,emurgo,468,3,3,3
2026-06-11T13:54:37Z,abcde_forensics_stage_founders_depth14,spo_delegation,emurgo,469,5,4,5
2026-06-11T13:54:37Z,abcde_forensics_stage_founders_depth14,spo_delegation,emurgo,470,9,8,6
2026-06-11T13:54:37Z,abcde_forensics_stage_founders_depth14,spo_delegation,emurgo,471,2,2,2
2026-06-11T13:54:37Z,abcde_forensics_stage_founders_depth14,spo_delegation,emurgo,472,3,3,3
2026-06-11T13:54:37Z,abcde_forensics_stage_founders_depth14,spo_delegation,emurgo,473,5,5,5
2026-06-11T13:54:37Z,abcde_forensics_stage_founders_depth14,spo_delegation,emurgo,474,3,2,2
2026-06-11T13:54:37Z,abcde_forensics_stage_founders_depth14,spo_delegation,emurgo,475,2,2,2
2026-06-11T13:54:37Z,abcde_forensics_stage_founders_depth14,spo_delegation,emurgo,476,4,4,4
2026-06-11T13:54:37Z,abcde_forensics_stage_founders_depth14,spo_delegation,emurgo,478,3,3,3
2026-06-11T13:54:37Z,abcde_forensics_stage_founders_depth14,spo_delegation,emurgo,479,1,1,1
2026-06-11T13:54:37Z,abcde_forensics_stage_founders_depth14,spo_delegation,emurgo,480,4,4,4
2026-06-11T13:54:37Z,abcde_forensics_stage_founders_depth14,spo_delegation,emurgo,482,1,1,1
2026-06-11T13:54:37Z,abcde_forensics_stage_founders_depth14,spo_delegation,emurgo,483,3,3,3
2026-06-11T13:54:37Z,abcde_forensics_stage_founders_depth14,spo_delegation,emurgo,484,2,2,2
2026-06-11T13:54:37Z,abcde_forensics_stage_founders_depth14,spo_delegation,emurgo,485,4,4,4
2026-06-11T13:54:37Z,abcde_forensics_stage_founders_depth14,spo_delegation,emurgo,486,2,2,2
2026-06-11T13:54:37Z,abcde_forensics_stage_founders_depth14,spo_delegation,emurgo,487,2,1,2
2026-06-11T13:54:37Z,abcde_forensics_stage_founders_depth14,spo_delegation,emurgo,488,1,1,1
2026-06-11T13:54:37Z,abcde_forensics_stage_founders_depth14,spo_delegation,emurgo,489,2,2,2
2026-06-11T13:54:37Z,abcde_forensics_stage_founders_depth14,spo_delegation,emurgo,490,1,1,1
2026-06-11T13:54:37Z,abcde_forensics_stage_founders_depth14,spo_delegation,emurgo,491,1,1,1
2026-06-11T13:54:37Z,abcde_forensics_stage_founders_depth14,spo_delegation,emurgo,492,5,5,4
2026-06-11T13:54:37Z,abcde_forensics_stage_founders_depth14,spo_delegation,emurgo,493,2,2,2
2026-06-11T13:54:37Z,abcde_forensics_stage_founders_depth14,spo_delegation,emurgo,494,1,1,1
2026-06-11T13:54:37Z,abcde_forensics_stage_founders_depth14,spo_delegation,emurgo,496,4,4,4
2026-06-11T13:54:37Z,abcde_forensics_stage_founders_depth14,spo_delegation,emurgo,497,6,6,6
2026-06-11T13:54:37Z,abcde_forensics_stage_founders_depth14,spo_delegation,emurgo,498,1,1,1
2026-06-11T13:54:37Z,abcde_forensics_stage_founders_depth14,spo_delegation,emurgo,499,2,2,2
2026-06-11T13:54:37Z,abcde_forensics_stage_founders_depth14,spo_delegation,emurgo,500,5,5,5
2026-06-11T13:54:37Z,abcde_forensics_stage_founders_depth14,spo_delegation,emurgo,501,2,2,2
2026-06-11T13:54:37Z,abcde_forensics_stage_founders_depth14,spo_delegation,emurgo,503,4,4,4
2026-06-11T13:54:37Z,abcde_forensics_stage_founders_depth14,spo_delegation,emurgo,504,4,4,3
2026-06-11T13:54:37Z,abcde_forensics_stage_founders_depth14,spo_delegation,emurgo,505,3,3,3
2026-06-11T13:54:37Z,abcde_forensics_stage_founders_depth14,spo_delegation,emurgo,506,5,5,5
2026-06-11T13:54:37Z,abcde_forensics_stage_founders_depth14,spo_delegation,emurgo,507,2,2,2
2026-06-11T13:54:37Z,abcde_forensics_stage_founders_depth14,spo_delegation,emurgo,508,1,1,1
2026-06-11T13:54:37Z,abcde_forensics_stage_founders_depth14,spo_delegation,emurgo,509,2,2,2
2026-06-11T13:54:37Z,abcde_forensics_stage_founders_depth14,spo_delegation,emurgo,510,3,3,3
2026-06-11T13:54:37Z,abcde_forensics_stage_founders_depth14,spo_delegation,emurgo,511,4,4,4
2026-06-11T13:54:37Z,abcde_forensics_stage_founders_depth14,spo_delegation,emurgo,512,3,2,3
2026-06-11T13:54:37Z,abcde_forensics_stage_founders_depth14,spo_delegation,emurgo,513,1,1,1
2026-06-11T13:54:37Z,abcde_forensics_stage_founders_depth14,spo_delegation,emurgo,514,3,3,3
2026-06-11T13:54:37Z,abcde_forensics_stage_founders_depth14,spo_delegation,emurgo,515,2,2,2
2026-06-11T13:54:37Z,abcde_forensics_stage_founders_depth14,spo_delegation,emurgo,516,1,1,1
2026-06-11T13:54:37Z,abcde_forensics_stage_founders_depth14,spo_delegation,emurgo,517,2,2,2
2026-06-11T13:54:37Z,abcde_forensics_stage_founders_depth14,spo_delegation,emurgo,518,8,7,8
2026-06-11T13:54:37Z,abcde_forensics_stage_founders_depth14,spo_delegation,emurgo,519,1,1,1
2026-06-11T13:54:37Z,abcde_forensics_stage_founders_depth14,spo_delegation,emurgo,520,3,3,3
2026-06-11T13:54:37Z,abcde_forensics_stage_founders_depth14,spo_delegation,emurgo,521,2,2,2
2026-06-11T13:54:37Z,abcde_forensics_stage_founders_depth14,spo_delegation,emurgo,522,10,9,10
2026-06-11T13:54:37Z,abcde_forensics_stage_founders_depth14,spo_delegation,emurgo,523,18,16,17
2026-06-11T13:54:37Z,abcde_forensics_stage_founders_depth14,spo_delegation,emurgo,524,3,3,3
2026-06-11T13:54:37Z,abcde_forensics_stage_founders_depth14,spo_delegation,emurgo,525,3,3,3
2026-06-11T13:54:37Z,abcde_forensics_stage_founders_depth14,spo_delegation,emurgo,526,6,5,6
2026-06-11T13:54:37Z,abcde_forensics_stage_founders_depth14,spo_delegation,emurgo,527,6,5,6
2026-06-11T13:54:37Z,abcde_forensics_stage_founders_depth14,spo_delegation,emurgo,528,6,6,6
2026-06-11T13:54:37Z,abcde_forensics_stage_founders_depth14,spo_delegation,emurgo,529,8,7,8
2026-06-11T13:54:37Z,abcde_forensics_stage_founders_depth14,spo_delegation,emurgo,530,1,1,1
2026-06-11T13:54:37Z,abcde_forensics_stage_founders_depth14,spo_delegation,emurgo,531,2,2,2
2026-06-11T13:54:37Z,abcde_forensics_stage_founders_depth14,spo_delegation,emurgo,532,7,6,7
2026-06-11T13:54:37Z,abcde_forensics_stage_founders_depth14,spo_delegation,emurgo,533,4,3,3
2026-06-11T13:54:37Z,abcde_forensics_stage_founders_depth14,spo_delegation,emurgo,534,4,4,4
2026-06-11T13:54:37Z,abcde_forensics_stage_founders_depth14,spo_delegation,emurgo,535,2,2,2
2026-06-11T13:54:37Z,abcde_forensics_stage_founders_depth14,spo_delegation,emurgo,536,3,3,3
2026-06-11T13:54:37Z,abcde_forensics_stage_founders_depth14,spo_delegation,emurgo,537,5,4,5
2026-06-11T13:54:37Z,abcde_forensics_stage_founders_depth14,spo_delegation,emurgo,538,2,2,2
2026-06-11T13:54:37Z,abcde_forensics_stage_founders_depth14,spo_delegation,emurgo,539,4,4,4
2026-06-11T13:54:37Z,abcde_forensics_stage_founders_depth14,spo_delegation,emurgo,540,4,4,4
2026-06-11T13:54:37Z,abcde_forensics_stage_founders_depth14,spo_delegation,emurgo,541,2,2,2
2026-06-11T13:54:37Z,abcde_forensics_stage_founders_depth14,spo_delegation,emurgo,543,3,3,3
2026-06-11T13:54:37Z,abcde_forensics_stage_founders_depth14,spo_delegation,emurgo,544,2,2,2
2026-06-11T13:54:37Z,abcde_forensics_stage_founders_depth14,spo_delegation,emurgo,545,4,3,4
2026-06-11T13:54:37Z,abcde_forensics_stage_founders_depth14,spo_delegation,emurgo,546,3,3,3
2026-06-11T13:54:37Z,abcde_forensics_stage_founders_depth14,spo_delegation,emurgo,547,1,1,1
2026-06-11T13:54:37Z,abcde_forensics_stage_founders_depth14,spo_delegation,emurgo,548,1,1,1
2026-06-11T13:54:37Z,abcde_forensics_stage_founders_depth14,spo_delegation,emurgo,549,4,3,4
2026-06-11T13:54:37Z,abcde_forensics_stage_founders_depth14,spo_delegation,emurgo,550,3,3,3
2026-06-11T13:54:37Z,abcde_forensics_stage_founders_depth14,spo_delegation,emurgo,551,2,2,2
2026-06-11T13:54:37Z,abcde_forensics_stage_founders_depth14,spo_delegation,emurgo,552,1,1,1
2026-06-11T13:54:37Z,abcde_forensics_stage_founders_depth14,spo_delegation,emurgo,553,1,1,1
2026-06-11T13:54:37Z,abcde_forensics_stage_founders_depth14,spo_delegation,emurgo,554,7,7,7
2026-06-11T13:54:37Z,abcde_forensics_stage_founders_depth14,spo_delegation,emurgo,555,2,2,2
2026-06-11T13:54:37Z,abcde_forensics_stage_founders_depth14,spo_delegation,emurgo,556,1,1,1
2026-06-11T13:54:37Z,abcde_forensics_stage_founders_depth14,spo_delegation,emurgo,557,3,3,3
2026-06-11T13:54:37Z,abcde_forensics_stage_founders_depth14,spo_delegation,emurgo,558,1,1,1
2026-06-11T13:54:37Z,abcde_forensics_stage_founders_depth14,spo_delegation,emurgo,559,2,2,2
2026-06-11T13:54:37Z,abcde_forensics_stage_founders_depth14,spo_delegation,emurgo,560,1,1,1
2026-06-11T13:54:37Z,abcde_forensics_stage_founders_depth14,spo_delegation,emurgo,561,4,4,4
2026-06-11T13:54:37Z,abcde_forensics_stage_founders_depth14,spo_delegation,emurgo,562,2,2,2
2026-06-11T13:54:37Z,abcde_forensics_stage_founders_depth14,spo_delegation,emurgo,563,2,2,2
2026-06-11T13:54:37Z,abcde_forensics_stage_founders_depth14,spo_delegation,emurgo,564,3,3,3
2026-06-11T13:54:37Z,abcde_forensics_stage_founders_depth14,spo_delegation,emurgo,565,1,1,1
2026-06-11T13:54:37Z,abcde_forensics_stage_founders_depth14,spo_delegation,emurgo,566,1,1,1
2026-06-11T13:54:37Z,abcde_forensics_stage_founders_depth14,spo_delegation,emurgo,567,3,2,3
2026-06-11T13:54:37Z,abcde_forensics_stage_founders_depth14,spo_delegation,emurgo,568,3,3,3
2026-06-11T13:54:37Z,abcde_forensics_stage_founders_depth14,spo_delegation,emurgo,569,5,4,5
2026-06-11T13:54:37Z,abcde_forensics_stage_founders_depth14,spo_delegation,emurgo,571,7,5,6
2026-06-11T13:54:37Z,abcde_forensics_stage_founders_depth14,spo_delegation,emurgo,573,4,3,4
2026-06-11T13:54:37Z,abcde_forensics_stage_founders_depth14,spo_delegation,emurgo,574,3,3,3
2026-06-11T13:54:37Z,abcde_forensics_stage_founders_depth14,spo_delegation,emurgo,575,2,2,2
2026-06-11T13:54:37Z,abcde_forensics_stage_founders_depth14,spo_delegation,emurgo,576,8,8,8
2026-06-11T13:54:37Z,abcde_forensics_stage_founders_depth14,spo_delegation,emurgo,577,4,3,3
2026-06-11T13:54:37Z,abcde_forensics_stage_founders_depth14,spo_delegation,emurgo,578,3,3,2
2026-06-11T13:54:37Z,abcde_forensics_stage_founders_depth14,spo_delegation,emurgo,579,1,1,1
2026-06-11T13:54:37Z,abcde_forensics_stage_founders_depth14,spo_delegation,emurgo,580,3,3,3
2026-06-11T13:54:37Z,abcde_forensics_stage_founders_depth14,spo_delegation,emurgo,581,2,2,2
2026-06-11T13:54:37Z,abcde_forensics_stage_founders_depth14,spo_delegation,emurgo,582,1,1,1
2026-06-11T13:54:37Z,abcde_forensics_stage_founders_depth14,spo_delegation,emurgo,583,3,3,3
2026-06-11T13:54:37Z,abcde_forensics_stage_founders_depth14,spo_delegation,emurgo,585,1,1,1
2026-06-11T13:54:37Z,abcde_forensics_stage_founders_depth14,spo_delegation,emurgo,586,2,2,2
2026-06-11T13:54:37Z,abcde_forensics_stage_founders_depth14,spo_delegation,emurgo,587,3,2,3
2026-06-11T13:54:37Z,abcde_forensics_stage_founders_depth14,spo_delegation,emurgo,588,4,4,4
2026-06-11T13:54:37Z,abcde_forensics_stage_founders_depth14,spo_delegation,emurgo,589,2,2,2
2026-06-11T13:54:37Z,abcde_forensics_stage_founders_depth14,spo_delegation,emurgo,592,2,2,2
2026-06-11T13:54:37Z,abcde_forensics_stage_founders_depth14,spo_delegation,emurgo,593,2,1,1
2026-06-11T13:54:37Z,abcde_forensics_stage_founders_depth14,spo_delegation,emurgo,594,3,3,3
2026-06-11T13:54:37Z,abcde_forensics_stage_founders_depth14,spo_delegation,emurgo,596,3,3,3
2026-06-11T13:54:37Z,abcde_forensics_stage_founders_depth14,spo_delegation,emurgo,597,4,4,4
2026-06-11T13:54:37Z,abcde_forensics_stage_founders_depth14,spo_delegation,emurgo,599,2,2,2
2026-06-11T13:54:37Z,abcde_forensics_stage_founders_depth14,spo_delegation,emurgo,600,10,8,9
2026-06-11T13:54:37Z,abcde_forensics_stage_founders_depth14,spo_delegation,emurgo,601,5,5,5
2026-06-11T13:54:37Z,abcde_forensics_stage_founders_depth14,spo_delegation,emurgo,602,1,1,1
2026-06-11T13:54:37Z,abcde_forensics_stage_founders_depth14,spo_delegation,emurgo,603,1,1,1
2026-06-11T13:54:37Z,abcde_forensics_stage_founders_depth14,spo_delegation,emurgo,604,1,1,1
2026-06-11T13:54:37Z,abcde_forensics_stage_founders_depth14,spo_delegation,emurgo,605,4,3,4
2026-06-11T13:54:37Z,abcde_forensics_stage_founders_depth14,spo_delegation,emurgo,606,1,1,1
2026-06-11T13:54:37Z,abcde_forensics_stage_founders_depth14,spo_delegation,emurgo,607,1,1,1
2026-06-11T13:54:37Z,abcde_forensics_stage_founders_depth14,spo_delegation,emurgo,608,3,3,3
2026-06-11T13:54:37Z,abcde_forensics_stage_founders_depth14,spo_delegation,emurgo,609,3,2,3
2026-06-11T13:54:37Z,abcde_forensics_stage_founders_depth14,spo_delegation,emurgo,610,3,3,3
2026-06-11T13:54:37Z,abcde_forensics_stage_founders_depth14,spo_delegation,emurgo,611,3,3,3
2026-06-11T13:54:37Z,abcde_forensics_stage_founders_depth14,spo_delegation,emurgo,612,3,2,3
2026-06-11T13:54:37Z,abcde_forensics_stage_founders_depth14,spo_delegation,emurgo,613,2,1,2
2026-06-11T13:54:37Z,abcde_forensics_stage_founders_depth14,spo_delegation,emurgo,615,5,5,5
2026-06-11T13:54:37Z,abcde_forensics_stage_founders_depth14,spo_delegation,emurgo,616,1,1,1
2026-06-11T13:54:37Z,abcde_forensics_stage_founders_depth14,spo_delegation,emurgo,617,2,2,2
2026-06-11T13:54:37Z,abcde_forensics_stage_founders_depth14,spo_delegation,emurgo,618,2,1,2
2026-06-11T13:54:37Z,abcde_forensics_stage_founders_depth14,spo_delegation,emurgo,619,1,1,1
2026-06-11T13:54:37Z,abcde_forensics_stage_founders_depth14,spo_delegation,emurgo,621,2,2,2
2026-06-11T13:54:37Z,abcde_forensics_stage_founders_depth14,spo_delegation,emurgo,623,1,1,1
2026-06-11T13:54:37Z,abcde_forensics_stage_founders_depth14,spo_delegation,emurgo,625,4,2,3
2026-06-11T13:54:37Z,abcde_forensics_stage_founders_depth14,spo_delegation,emurgo,626,1,1,1
2026-06-11T13:54:37Z,abcde_forensics_stage_founders_depth14,spo_delegation,emurgo,627,1,1,1
2026-06-11T13:54:37Z,abcde_forensics_stage_founders_depth14,spo_delegation,emurgo,628,3,3,2
2026-06-11T13:54:37Z,abcde_forensics_stage_founders_depth14,spo_delegation,emurgo,629,2,2,2
2026-06-11T13:54:37Z,abcde_forensics_stage_founders_depth14,spo_delegation,emurgo,630,1,1,1
2026-06-11T13:54:37Z,abcde_forensics_stage_founders_depth14,spo_delegation,emurgo,632,1,1,1
2026-06-11T13:54:37Z,abcde_forensics_stage_founders_depth14,spo_delegation,emurgo,633,1,1,1
2026-06-11T13:54:37Z,abcde_forensics_stage_founders_depth14,spo_delegation,emurgo,635,3,3,3
2026-06-11T13:54:37Z,abcde_forensics_stage_founders_depth14,spo_delegation,emurgo+iog,208,824,639,275
2026-06-11T13:54:37Z,abcde_forensics_stage_founders_depth14,spo_delegation,emurgo+iog,209,356,301,192
2026-06-11T13:54:37Z,abcde_forensics_stage_founders_depth14,spo_delegation,emurgo+iog,210,292,256,167
2026-06-11T13:54:37Z,abcde_forensics_stage_founders_depth14,spo_delegation,emurgo+iog,211,263,225,133
2026-06-11T13:54:37Z,abcde_forensics_stage_founders_depth14,spo_delegation,emurgo+iog,212,187,174,79
2026-06-11T13:54:37Z,abcde_forensics_stage_founders_depth14,spo_delegation,emurgo+iog,213,232,209,91
2026-06-11T13:54:37Z,abcde_forensics_stage_founders_depth14,spo_delegation,emurgo+iog,214,275,244,89
2026-06-11T13:54:37Z,abcde_forensics_stage_founders_depth14,spo_delegation,emurgo+iog,215,278,251,104
2026-06-11T13:54:37Z,abcde_forensics_stage_founders_depth14,spo_delegation,emurgo+iog,216,169,158,91
2026-06-11T13:54:37Z,abcde_forensics_stage_founders_depth14,spo_delegation,emurgo+iog,217,123,112,70
2026-06-11T13:54:37Z,abcde_forensics_stage_founders_depth14,spo_delegation,emurgo+iog,218,120,112,64
2026-06-11T13:54:37Z,abcde_forensics_stage_founders_depth14,spo_delegation,emurgo+iog,219,145,135,64
2026-06-11T13:54:37Z,abcde_forensics_stage_founders_depth14,spo_delegation,emurgo+iog,220,151,146,68
2026-06-11T13:54:37Z,abcde_forensics_stage_founders_depth14,spo_delegation,emurgo+iog,221,129,121,69
2026-06-11T13:54:37Z,abcde_forensics_stage_founders_depth14,spo_delegation,emurgo+iog,222,116,109,60
2026-06-11T13:54:37Z,abcde_forensics_stage_founders_depth14,spo_delegation,emurgo+iog,223,99,95,52
2026-06-11T13:54:37Z,abcde_forensics_stage_founders_depth14,spo_delegation,emurgo+iog,224,121,113,62
2026-06-11T13:54:37Z,abcde_forensics_stage_founders_depth14,spo_delegation,emurgo+iog,225,96,90,51
2026-06-11T13:54:37Z,abcde_forensics_stage_founders_depth14,spo_delegation,emurgo+iog,226,149,127,71
2026-06-11T13:54:37Z,abcde_forensics_stage_founders_depth14,spo_delegation,emurgo+iog,227,162,153,66
2026-06-11T13:54:37Z,abcde_forensics_stage_founders_depth14,spo_delegation,emurgo+iog,228,318,308,81
2026-06-11T13:54:37Z,abcde_forensics_stage_founders_depth14,spo_delegation,emurgo+iog,229,286,264,100
2026-06-11T13:54:37Z,abcde_forensics_stage_founders_depth14,spo_delegation,emurgo+iog,230,297,282,93
2026-06-11T13:54:37Z,abcde_forensics_stage_founders_depth14,spo_delegation,emurgo+iog,231,321,293,109
2026-06-11T13:54:37Z,abcde_forensics_stage_founders_depth14,spo_delegation,emurgo+iog,232,615,542,174
2026-06-11T13:54:37Z,abcde_forensics_stage_founders_depth14,spo_delegation,emurgo+iog,233,440,391,138
2026-06-11T13:54:37Z,abcde_forensics_stage_founders_depth14,spo_delegation,emurgo+iog,234,422,376,154
2026-06-11T13:54:37Z,abcde_forensics_stage_founders_depth14,spo_delegation,emurgo+iog,235,324,287,125
2026-06-11T13:54:37Z,abcde_forensics_stage_founders_depth14,spo_delegation,emurgo+iog,236,271,237,107
2026-06-11T13:54:37Z,abcde_forensics_stage_founders_depth14,spo_delegation,emurgo+iog,237,261,232,107
2026-06-11T13:54:37Z,abcde_forensics_stage_founders_depth14,spo_delegation,emurgo+iog,238,448,376,129
2026-06-11T13:54:37Z,abcde_forensics_stage_founders_depth14,spo_delegation,emurgo+iog,239,437,392,133
2026-06-11T13:54:37Z,abcde_forensics_stage_founders_depth14,spo_delegation,emurgo+iog,240,849,764,206
2026-06-11T13:54:37Z,abcde_forensics_stage_founders_depth14,spo_delegation,emurgo+iog,241,664,591,170
2026-06-11T13:54:37Z,abcde_forensics_stage_founders_depth14,spo_delegation,emurgo+iog,242,803,713,198
2026-06-11T13:54:37Z,abcde_forensics_stage_founders_depth14,spo_delegation,emurgo+iog,243,616,540,175
2026-06-11T13:54:37Z,abcde_forensics_stage_founders_depth14,spo_delegation,emurgo+iog,244,577,516,157
2026-06-11T13:54:37Z,abcde_forensics_stage_founders_depth14,spo_delegation,emurgo+iog,245,997,890,207
2026-06-11T13:54:37Z,abcde_forensics_stage_founders_depth14,spo_delegation,emurgo+iog,246,1779,1544,281
2026-06-11T13:54:37Z,abcde_forensics_stage_founders_depth14,spo_delegation,emurgo+iog,247,1857,1662,295
2026-06-11T13:54:37Z,abcde_forensics_stage_founders_depth14,spo_delegation,emurgo+iog,248,1853,1600,317
2026-06-11T13:54:37Z,abcde_forensics_stage_founders_depth14,spo_delegation,emurgo+iog,249,2408,2084,347
2026-06-11T13:54:37Z,abcde_forensics_stage_founders_depth14,spo_delegation,emurgo+iog,250,4079,3520,432
2026-06-11T13:54:37Z,abcde_forensics_stage_founders_depth14,spo_delegation,emurgo+iog,251,6209,5364,533
2026-06-11T13:54:37Z,abcde_forensics_stage_founders_depth14,spo_delegation,emurgo+iog,252,2868,2542,400
2026-06-11T13:54:37Z,abcde_forensics_stage_founders_depth14,spo_delegation,emurgo+iog,253,2137,1898,358
2026-06-11T13:54:37Z,abcde_forensics_stage_founders_depth14,spo_delegation,emurgo+iog,254,1803,1619,342
2026-06-11T13:54:37Z,abcde_forensics_stage_founders_depth14,spo_delegation,emurgo+iog,255,1009,930,256
2026-06-11T13:54:37Z,abcde_forensics_stage_founders_depth14,spo_delegation,emurgo+iog,256,917,835,247
2026-06-11T13:54:37Z,abcde_forensics_stage_founders_depth14,spo_delegation,emurgo+iog,257,796,719,248
2026-06-11T13:54:37Z,abcde_forensics_stage_founders_depth14,spo_delegation,emurgo+iog,258,683,626,205
2026-06-11T13:54:37Z,abcde_forensics_stage_founders_depth14,spo_delegation,emurgo+iog,259,741,685,214
2026-06-11T13:54:37Z,abcde_forensics_stage_founders_depth14,spo_delegation,emurgo+iog,260,665,590,202
2026-06-11T13:54:37Z,abcde_forensics_stage_founders_depth14,spo_delegation,emurgo+iog,261,517,479,166
2026-06-11T13:54:37Z,abcde_forensics_stage_founders_depth14,spo_delegation,emurgo+iog,262,494,457,145
2026-06-11T13:54:37Z,abcde_forensics_stage_founders_depth14,spo_delegation,emurgo+iog,263,539,492,199
2026-06-11T13:54:37Z,abcde_forensics_stage_founders_depth14,spo_delegation,emurgo+iog,264,683,622,200
2026-06-11T13:54:37Z,abcde_forensics_stage_founders_depth14,spo_delegation,emurgo+iog,265,685,623,194
2026-06-11T13:54:37Z,abcde_forensics_stage_founders_depth14,spo_delegation,emurgo+iog,266,633,564,194
2026-06-11T13:54:37Z,abcde_forensics_stage_founders_depth14,spo_delegation,emurgo+iog,267,398,377,151
2026-06-11T13:54:37Z,abcde_forensics_stage_founders_depth14,spo_delegation,emurgo+iog,268,318,298,132
2026-06-11T13:54:37Z,abcde_forensics_stage_founders_depth14,spo_delegation,emurgo+iog,269,334,321,150
2026-06-11T13:54:37Z,abcde_forensics_stage_founders_depth14,spo_delegation,emurgo+iog,270,278,262,124
2026-06-11T13:54:37Z,abcde_forensics_stage_founders_depth14,spo_delegation,emurgo+iog,271,234,215,123
2026-06-11T13:54:37Z,abcde_forensics_stage_founders_depth14,spo_delegation,emurgo+iog,272,211,196,101
2026-06-11T13:54:37Z,abcde_forensics_stage_founders_depth14,spo_delegation,emurgo+iog,273,177,171,91
2026-06-11T13:54:37Z,abcde_forensics_stage_founders_depth14,spo_delegation,emurgo+iog,274,190,183,101
2026-06-11T13:54:37Z,abcde_forensics_stage_founders_depth14,spo_delegation,emurgo+iog,275,250,233,97
2026-06-11T13:54:37Z,abcde_forensics_stage_founders_depth14,spo_delegation,emurgo+iog,276,262,236,117
2026-06-11T13:54:37Z,abcde_forensics_stage_founders_depth14,spo_delegation,emurgo+iog,277,229,207,114
2026-06-11T13:54:37Z,abcde_forensics_stage_founders_depth14,spo_delegation,emurgo+iog,278,173,161,95
2026-06-11T13:54:37Z,abcde_forensics_stage_founders_depth14,spo_delegation,emurgo+iog,279,209,197,109
2026-06-11T13:54:37Z,abcde_forensics_stage_founders_depth14,spo_delegation,emurgo+iog,280,181,165,92
2026-06-11T13:54:37Z,abcde_forensics_stage_founders_depth14,spo_delegation,emurgo+iog,281,187,176,107
2026-06-11T13:54:37Z,abcde_forensics_stage_founders_depth14,spo_delegation,emurgo+iog,282,209,200,99
2026-06-11T13:54:37Z,abcde_forensics_stage_founders_depth14,spo_delegation,emurgo+iog,283,284,261,142
2026-06-11T13:54:37Z,abcde_forensics_stage_founders_depth14,spo_delegation,emurgo+iog,284,314,294,128
2026-06-11T13:54:37Z,abcde_forensics_stage_founders_depth14,spo_delegation,emurgo+iog,285,361,332,135
2026-06-11T13:54:37Z,abcde_forensics_stage_founders_depth14,spo_delegation,emurgo+iog,286,285,262,115
2026-06-11T13:54:37Z,abcde_forensics_stage_founders_depth14,spo_delegation,emurgo+iog,287,241,229,108
2026-06-11T13:54:37Z,abcde_forensics_stage_founders_depth14,spo_delegation,emurgo+iog,288,309,285,141
2026-06-11T13:54:37Z,abcde_forensics_stage_founders_depth14,spo_delegation,emurgo+iog,289,270,259,125
2026-06-11T13:54:37Z,abcde_forensics_stage_founders_depth14,spo_delegation,emurgo+iog,290,257,236,108
2026-06-11T13:54:37Z,abcde_forensics_stage_founders_depth14,spo_delegation,emurgo+iog,291,289,264,109
2026-06-11T13:54:37Z,abcde_forensics_stage_founders_depth14,spo_delegation,emurgo+iog,292,209,194,91
2026-06-11T13:54:37Z,abcde_forensics_stage_founders_depth14,spo_delegation,emurgo+iog,293,222,197,97
2026-06-11T13:54:37Z,abcde_forensics_stage_founders_depth14,spo_delegation,emurgo+iog,294,259,233,102
2026-06-11T13:54:37Z,abcde_forensics_stage_founders_depth14,spo_delegation,emurgo+iog,295,207,190,94
2026-06-11T13:54:37Z,abcde_forensics_stage_founders_depth14,spo_delegation,emurgo+iog,296,187,170,90
2026-06-11T13:54:37Z,abcde_forensics_stage_founders_depth14,spo_delegation,emurgo+iog,297,360,181,86
2026-06-11T13:54:37Z,abcde_forensics_stage_founders_depth14,spo_delegation,emurgo+iog,298,207,183,79
2026-06-11T13:54:37Z,abcde_forensics_stage_founders_depth14,spo_delegation,emurgo+iog,299,218,201,104
2026-06-11T13:54:37Z,abcde_forensics_stage_founders_depth14,spo_delegation,emurgo+iog,300,157,148,83
2026-06-11T13:54:37Z,abcde_forensics_stage_founders_depth14,spo_delegation,emurgo+iog,301,183,165,91
2026-06-11T13:54:37Z,abcde_forensics_stage_founders_depth14,spo_delegation,emurgo+iog,302,234,213,96
2026-06-11T13:54:37Z,abcde_forensics_stage_founders_depth14,spo_delegation,emurgo+iog,303,473,437,130
2026-06-11T13:54:37Z,abcde_forensics_stage_founders_depth14,spo_delegation,emurgo+iog,304,349,323,120
2026-06-11T13:54:37Z,abcde_forensics_stage_founders_depth14,spo_delegation,emurgo+iog,305,286,270,105
2026-06-11T13:54:37Z,abcde_forensics_stage_founders_depth14,spo_delegation,emurgo+iog,306,367,355,124
2026-06-11T13:54:37Z,abcde_forensics_stage_founders_depth14,spo_delegation,emurgo+iog,307,450,420,151
2026-06-11T13:54:37Z,abcde_forensics_stage_founders_depth14,spo_delegation,emurgo+iog,308,258,243,121
2026-06-11T13:54:37Z,abcde_forensics_stage_founders_depth14,spo_delegation,emurgo+iog,309,207,193,100
2026-06-11T13:54:37Z,abcde_forensics_stage_founders_depth14,spo_delegation,emurgo+iog,310,177,161,96
2026-06-11T13:54:37Z,abcde_forensics_stage_founders_depth14,spo_delegation,emurgo+iog,311,152,143,91
2026-06-11T13:54:37Z,abcde_forensics_stage_founders_depth14,spo_delegation,emurgo+iog,312,175,166,104
2026-06-11T13:54:37Z,abcde_forensics_stage_founders_depth14,spo_delegation,emurgo+iog,313,143,134,87
2026-06-11T13:54:37Z,abcde_forensics_stage_founders_depth14,spo_delegation,emurgo+iog,314,189,175,107
2026-06-11T13:54:37Z,abcde_forensics_stage_founders_depth14,spo_delegation,emurgo+iog,315,1098,964,164
2026-06-11T13:54:37Z,abcde_forensics_stage_founders_depth14,spo_delegation,emurgo+iog,316,469,414,127
2026-06-11T13:54:37Z,abcde_forensics_stage_founders_depth14,spo_delegation,emurgo+iog,317,207,182,102
2026-06-11T13:54:37Z,abcde_forensics_stage_founders_depth14,spo_delegation,emurgo+iog,318,194,166,102
2026-06-11T13:54:37Z,abcde_forensics_stage_founders_depth14,spo_delegation,emurgo+iog,319,197,177,92
2026-06-11T13:54:37Z,abcde_forensics_stage_founders_depth14,spo_delegation,emurgo+iog,320,184,165,90
2026-06-11T13:54:37Z,abcde_forensics_stage_founders_depth14,spo_delegation,emurgo+iog,321,873,762,254
2026-06-11T13:54:37Z,abcde_forensics_stage_founders_depth14,spo_delegation,emurgo+iog,322,221,201,136
2026-06-11T13:54:37Z,abcde_forensics_stage_founders_depth14,spo_delegation,emurgo+iog,323,229,217,120
2026-06-11T13:54:37Z,abcde_forensics_stage_founders_depth14,spo_delegation,emurgo+iog,324,196,183,108
2026-06-11T13:54:37Z,abcde_forensics_stage_founders_depth14,spo_delegation,emurgo+iog,325,152,139,98
2026-06-11T13:54:37Z,abcde_forensics_stage_founders_depth14,spo_delegation,emurgo+iog,326,208,191,108
2026-06-11T13:54:37Z,abcde_forensics_stage_founders_depth14,spo_delegation,emurgo+iog,327,216,193,106
2026-06-11T13:54:37Z,abcde_forensics_stage_founders_depth14,spo_delegation,emurgo+iog,328,188,181,109
2026-06-11T13:54:37Z,abcde_forensics_stage_founders_depth14,spo_delegation,emurgo+iog,329,247,231,121
2026-06-11T13:54:37Z,abcde_forensics_stage_founders_depth14,spo_delegation,emurgo+iog,330,133,122,88
2026-06-11T13:54:37Z,abcde_forensics_stage_founders_depth14,spo_delegation,emurgo+iog,331,74,71,52
2026-06-11T13:54:37Z,abcde_forensics_stage_founders_depth14,spo_delegation,emurgo+iog,332,76,69,59
2026-06-11T13:54:37Z,abcde_forensics_stage_founders_depth14,spo_delegation,emurgo+iog,333,64,54,49
2026-06-11T13:54:37Z,abcde_forensics_stage_founders_depth14,spo_delegation,emurgo+iog,334,75,69,57
2026-06-11T13:54:37Z,abcde_forensics_stage_founders_depth14,spo_delegation,emurgo+iog,335,74,71,55
2026-06-11T13:54:37Z,abcde_forensics_stage_founders_depth14,spo_delegation,emurgo+iog,336,59,54,42
2026-06-11T13:54:37Z,abcde_forensics_stage_founders_depth14,spo_delegation,emurgo+iog,337,64,61,45
2026-06-11T13:54:37Z,abcde_forensics_stage_founders_depth14,spo_delegation,emurgo+iog,338,102,97,70
2026-06-11T13:54:37Z,abcde_forensics_stage_founders_depth14,spo_delegation,emurgo+iog,339,85,82,65
2026-06-11T13:54:37Z,abcde_forensics_stage_founders_depth14,spo_delegation,emurgo+iog,340,78,74,58
2026-06-11T13:54:37Z,abcde_forensics_stage_founders_depth14,spo_delegation,emurgo+iog,341,55,55,41
2026-06-11T13:54:37Z,abcde_forensics_stage_founders_depth14,spo_delegation,emurgo+iog,342,44,43,39
2026-06-11T13:54:37Z,abcde_forensics_stage_founders_depth14,spo_delegation,emurgo+iog,343,60,59,53
2026-06-11T13:54:37Z,abcde_forensics_stage_founders_depth14,spo_delegation,emurgo+iog,344,61,58,46
2026-06-11T13:54:37Z,abcde_forensics_stage_founders_depth14,spo_delegation,emurgo+iog,345,60,55,44
2026-06-11T13:54:37Z,abcde_forensics_stage_founders_depth14,spo_delegation,emurgo+iog,346,36,35,32
2026-06-11T13:54:37Z,abcde_forensics_stage_founders_depth14,spo_delegation,emurgo+iog,347,57,47,45
2026-06-11T13:54:37Z,abcde_forensics_stage_founders_depth14,spo_delegation,emurgo+iog,348,36,33,33
2026-06-11T13:54:37Z,abcde_forensics_stage_founders_depth14,spo_delegation,emurgo+iog,349,46,44,43
2026-06-11T13:54:37Z,abcde_forensics_stage_founders_depth14,spo_delegation,emurgo+iog,350,42,41,35
2026-06-11T13:54:37Z,abcde_forensics_stage_founders_depth14,spo_delegation,emurgo+iog,351,55,54,39
2026-06-11T13:54:37Z,abcde_forensics_stage_founders_depth14,spo_delegation,emurgo+iog,352,48,48,39
2026-06-11T13:54:37Z,abcde_forensics_stage_founders_depth14,spo_delegation,emurgo+iog,353,39,38,26
2026-06-11T13:54:37Z,abcde_forensics_stage_founders_depth14,spo_delegation,emurgo+iog,354,41,41,30
2026-06-11T13:54:37Z,abcde_forensics_stage_founders_depth14,spo_delegation,emurgo+iog,355,39,37,29
2026-06-11T13:54:37Z,abcde_forensics_stage_founders_depth14,spo_delegation,emurgo+iog,356,49,48,42
2026-06-11T13:54:37Z,abcde_forensics_stage_founders_depth14,spo_delegation,emurgo+iog,357,41,38,33
2026-06-11T13:54:37Z,abcde_forensics_stage_founders_depth14,spo_delegation,emurgo+iog,358,57,54,39
2026-06-11T13:54:37Z,abcde_forensics_stage_founders_depth14,spo_delegation,emurgo+iog,359,50,49,41
2026-06-11T13:54:37Z,abcde_forensics_stage_founders_depth14,spo_delegation,emurgo+iog,360,48,46,41
2026-06-11T13:54:37Z,abcde_forensics_stage_founders_depth14,spo_delegation,emurgo+iog,361,42,38,32
2026-06-11T13:54:37Z,abcde_forensics_stage_founders_depth14,spo_delegation,emurgo+iog,362,58,52,42
2026-06-11T13:54:37Z,abcde_forensics_stage_founders_depth14,spo_delegation,emurgo+iog,363,52,51,40
2026-06-11T13:54:37Z,abcde_forensics_stage_founders_depth14,spo_delegation,emurgo+iog,364,33,30,27
2026-06-11T13:54:37Z,abcde_forensics_stage_founders_depth14,spo_delegation,emurgo+iog,365,46,42,37
2026-06-11T13:54:37Z,abcde_forensics_stage_founders_depth14,spo_delegation,emurgo+iog,366,41,41,32
2026-06-11T13:54:37Z,abcde_forensics_stage_founders_depth14,spo_delegation,emurgo+iog,367,48,48,40
2026-06-11T13:54:37Z,abcde_forensics_stage_founders_depth14,spo_delegation,emurgo+iog,368,44,44,37
2026-06-11T13:54:37Z,abcde_forensics_stage_founders_depth14,spo_delegation,emurgo+iog,369,37,35,33
2026-06-11T13:54:37Z,abcde_forensics_stage_founders_depth14,spo_delegation,emurgo+iog,370,46,42,33
2026-06-11T13:54:37Z,abcde_forensics_stage_founders_depth14,spo_delegation,emurgo+iog,371,35,35,26
2026-06-11T13:54:37Z,abcde_forensics_stage_founders_depth14,spo_delegation,emurgo+iog,372,51,48,37
2026-06-11T13:54:37Z,abcde_forensics_stage_founders_depth14,spo_delegation,emurgo+iog,373,41,38,32
2026-06-11T13:54:37Z,abcde_forensics_stage_founders_depth14,spo_delegation,emurgo+iog,374,52,47,43
2026-06-11T13:54:37Z,abcde_forensics_stage_founders_depth14,spo_delegation,emurgo+iog,375,58,53,40
2026-06-11T13:54:37Z,abcde_forensics_stage_founders_depth14,spo_delegation,emurgo+iog,376,48,47,34
2026-06-11T13:54:37Z,abcde_forensics_stage_founders_depth14,spo_delegation,emurgo+iog,377,63,60,45
2026-06-11T13:54:37Z,abcde_forensics_stage_founders_depth14,spo_delegation,emurgo+iog,378,62,56,40
2026-06-11T13:54:37Z,abcde_forensics_stage_founders_depth14,spo_delegation,emurgo+iog,379,50,49,38
2026-06-11T13:54:37Z,abcde_forensics_stage_founders_depth14,spo_delegation,emurgo+iog,380,34,32,28
2026-06-11T13:54:37Z,abcde_forensics_stage_founders_depth14,spo_delegation,emurgo+iog,381,61,57,42
2026-06-11T13:54:37Z,abcde_forensics_stage_founders_depth14,spo_delegation,emurgo+iog,382,57,52,42
2026-06-11T13:54:37Z,abcde_forensics_stage_founders_depth14,spo_delegation,emurgo+iog,383,37,35,31
2026-06-11T13:54:37Z,abcde_forensics_stage_founders_depth14,spo_delegation,emurgo+iog,384,46,46,38
2026-06-11T13:54:37Z,abcde_forensics_stage_founders_depth14,spo_delegation,emurgo+iog,385,38,36,29
2026-06-11T13:54:37Z,abcde_forensics_stage_founders_depth14,spo_delegation,emurgo+iog,386,59,58,49
2026-06-11T13:54:37Z,abcde_forensics_stage_founders_depth14,spo_delegation,emurgo+iog,387,60,58,47
2026-06-11T13:54:37Z,abcde_forensics_stage_founders_depth14,spo_delegation,emurgo+iog,388,48,47,37
2026-06-11T13:54:37Z,abcde_forensics_stage_founders_depth14,spo_delegation,emurgo+iog,389,49,46,35
2026-06-11T13:54:37Z,abcde_forensics_stage_founders_depth14,spo_delegation,emurgo+iog,390,116,43,40
2026-06-11T13:54:37Z,abcde_forensics_stage_founders_depth14,spo_delegation,emurgo+iog,391,59,56,41
2026-06-11T13:54:37Z,abcde_forensics_stage_founders_depth14,spo_delegation,emurgo+iog,392,67,44,46
2026-06-11T13:54:37Z,abcde_forensics_stage_founders_depth14,spo_delegation,emurgo+iog,393,41,38,32
2026-06-11T13:54:37Z,abcde_forensics_stage_founders_depth14,spo_delegation,emurgo+iog,394,51,48,35
2026-06-11T13:54:37Z,abcde_forensics_stage_founders_depth14,spo_delegation,emurgo+iog,395,45,43,37
2026-06-11T13:54:37Z,abcde_forensics_stage_founders_depth14,spo_delegation,emurgo+iog,396,46,43,38
2026-06-11T13:54:37Z,abcde_forensics_stage_founders_depth14,spo_delegation,emurgo+iog,397,27,27,26
2026-06-11T13:54:37Z,abcde_forensics_stage_founders_depth14,spo_delegation,emurgo+iog,398,38,35,30
2026-06-11T13:54:37Z,abcde_forensics_stage_founders_depth14,spo_delegation,emurgo+iog,399,35,33,28
2026-06-11T13:54:37Z,abcde_forensics_stage_founders_depth14,spo_delegation,emurgo+iog,400,66,65,47
2026-06-11T13:54:37Z,abcde_forensics_stage_founders_depth14,spo_delegation,emurgo+iog,401,41,41,31
2026-06-11T13:54:37Z,abcde_forensics_stage_founders_depth14,spo_delegation,emurgo+iog,402,37,36,30
2026-06-11T13:54:37Z,abcde_forensics_stage_founders_depth14,spo_delegation,emurgo+iog,403,42,38,33
2026-06-11T13:54:37Z,abcde_forensics_stage_founders_depth14,spo_delegation,emurgo+iog,404,42,38,33
2026-06-11T13:54:37Z,abcde_forensics_stage_founders_depth14,spo_delegation,emurgo+iog,405,61,56,42
2026-06-11T13:54:37Z,abcde_forensics_stage_founders_depth14,spo_delegation,emurgo+iog,406,37,36,31
2026-06-11T13:54:37Z,abcde_forensics_stage_founders_depth14,spo_delegation,emurgo+iog,407,41,38,33
2026-06-11T13:54:37Z,abcde_forensics_stage_founders_depth14,spo_delegation,emurgo+iog,408,38,37,29
2026-06-11T13:54:37Z,abcde_forensics_stage_founders_depth14,spo_delegation,emurgo+iog,409,17,17,16
2026-06-11T13:54:37Z,abcde_forensics_stage_founders_depth14,spo_delegation,emurgo+iog,410,34,31,24
2026-06-11T13:54:37Z,abcde_forensics_stage_founders_depth14,spo_delegation,emurgo+iog,411,27,26,20
2026-06-11T13:54:37Z,abcde_forensics_stage_founders_depth14,spo_delegation,emurgo+iog,412,39,38,29
2026-06-11T13:54:37Z,abcde_forensics_stage_founders_depth14,spo_delegation,emurgo+iog,413,50,49,35
2026-06-11T13:54:37Z,abcde_forensics_stage_founders_depth14,spo_delegation,emurgo+iog,414,44,41,34
2026-06-11T13:54:37Z,abcde_forensics_stage_founders_depth14,spo_delegation,emurgo+iog,415,29,26,26
2026-06-11T13:54:37Z,abcde_forensics_stage_founders_depth14,spo_delegation,emurgo+iog,416,27,25,23
2026-06-11T13:54:37Z,abcde_forensics_stage_founders_depth14,spo_delegation,emurgo+iog,417,52,51,27
2026-06-11T13:54:37Z,abcde_forensics_stage_founders_depth14,spo_delegation,emurgo+iog,418,34,34,19
2026-06-11T13:54:37Z,abcde_forensics_stage_founders_depth14,spo_delegation,emurgo+iog,419,36,35,27
2026-06-11T13:54:37Z,abcde_forensics_stage_founders_depth14,spo_delegation,emurgo+iog,420,29,29,20
2026-06-11T13:54:37Z,abcde_forensics_stage_founders_depth14,spo_delegation,emurgo+iog,421,27,27,23
2026-06-11T13:54:37Z,abcde_forensics_stage_founders_depth14,spo_delegation,emurgo+iog,422,28,27,22
2026-06-11T13:54:37Z,abcde_forensics_stage_founders_depth14,spo_delegation,emurgo+iog,423,35,34,24
2026-06-11T13:54:37Z,abcde_forensics_stage_founders_depth14,spo_delegation,emurgo+iog,424,27,27,20
2026-06-11T13:54:37Z,abcde_forensics_stage_founders_depth14,spo_delegation,emurgo+iog,425,24,22,20
2026-06-11T13:54:37Z,abcde_forensics_stage_founders_depth14,spo_delegation,emurgo+iog,426,29,27,21
2026-06-11T13:54:37Z,abcde_forensics_stage_founders_depth14,spo_delegation,emurgo+iog,427,27,25,20
2026-06-11T13:54:37Z,abcde_forensics_stage_founders_depth14,spo_delegation,emurgo+iog,428,24,23,22
2026-06-11T13:54:37Z,abcde_forensics_stage_founders_depth14,spo_delegation,emurgo+iog,429,28,27,25
2026-06-11T13:54:37Z,abcde_forensics_stage_founders_depth14,spo_delegation,emurgo+iog,430,24,24,19
2026-06-11T13:54:37Z,abcde_forensics_stage_founders_depth14,spo_delegation,emurgo+iog,431,18,17,18
2026-06-11T13:54:37Z,abcde_forensics_stage_founders_depth14,spo_delegation,emurgo+iog,432,18,17,16
2026-06-11T13:54:37Z,abcde_forensics_stage_founders_depth14,spo_delegation,emurgo+iog,433,20,20,19
2026-06-11T13:54:37Z,abcde_forensics_stage_founders_depth14,spo_delegation,emurgo+iog,434,23,23,20
2026-06-11T13:54:37Z,abcde_forensics_stage_founders_depth14,spo_delegation,emurgo+iog,435,20,19,14
2026-06-11T13:54:37Z,abcde_forensics_stage_founders_depth14,spo_delegation,emurgo+iog,436,24,23,17
2026-06-11T13:54:37Z,abcde_forensics_stage_founders_depth14,spo_delegation,emurgo+iog,437,17,17,14
2026-06-11T13:54:37Z,abcde_forensics_stage_founders_depth14,spo_delegation,emurgo+iog,438,19,18,14
2026-06-11T13:54:37Z,abcde_forensics_stage_founders_depth14,spo_delegation,emurgo+iog,439,27,26,21
2026-06-11T13:54:37Z,abcde_forensics_stage_founders_depth14,spo_delegation,emurgo+iog,440,24,24,17
2026-06-11T13:54:37Z,abcde_forensics_stage_founders_depth14,spo_delegation,emurgo+iog,441,10,10,10
2026-06-11T13:54:37Z,abcde_forensics_stage_founders_depth14,spo_delegation,emurgo+iog,442,24,21,18
2026-06-11T13:54:37Z,abcde_forensics_stage_founders_depth14,spo_delegation,emurgo+iog,443,27,25,22
2026-06-11T13:54:37Z,abcde_forensics_stage_founders_depth14,spo_delegation,emurgo+iog,444,38,38,30
2026-06-11T13:54:37Z,abcde_forensics_stage_founders_depth14,spo_delegation,emurgo+iog,445,25,25,20
2026-06-11T13:54:37Z,abcde_forensics_stage_founders_depth14,spo_delegation,emurgo+iog,446,36,36,27
2026-06-11T13:54:37Z,abcde_forensics_stage_founders_depth14,spo_delegation,emurgo+iog,447,33,30,24
2026-06-11T13:54:37Z,abcde_forensics_stage_founders_depth14,spo_delegation,emurgo+iog,448,33,32,26
2026-06-11T13:54:37Z,abcde_forensics_stage_founders_depth14,spo_delegation,emurgo+iog,449,35,34,26
2026-06-11T13:54:37Z,abcde_forensics_stage_founders_depth14,spo_delegation,emurgo+iog,450,34,33,23
2026-06-11T13:54:37Z,abcde_forensics_stage_founders_depth14,spo_delegation,emurgo+iog,451,41,39,35
2026-06-11T13:54:37Z,abcde_forensics_stage_founders_depth14,spo_delegation,emurgo+iog,452,39,38,32
2026-06-11T13:54:37Z,abcde_forensics_stage_founders_depth14,spo_delegation,emurgo+iog,453,77,66,39
2026-06-11T13:54:37Z,abcde_forensics_stage_founders_depth14,spo_delegation,emurgo+iog,454,51,46,30
2026-06-11T13:54:37Z,abcde_forensics_stage_founders_depth14,spo_delegation,emurgo+iog,455,37,36,30
2026-06-11T13:54:37Z,abcde_forensics_stage_founders_depth14,spo_delegation,emurgo+iog,456,46,42,36
2026-06-11T13:54:37Z,abcde_forensics_stage_founders_depth14,spo_delegation,emurgo+iog,457,43,41,34
2026-06-11T13:54:37Z,abcde_forensics_stage_founders_depth14,spo_delegation,emurgo+iog,458,54,50,41
2026-06-11T13:54:37Z,abcde_forensics_stage_founders_depth14,spo_delegation,emurgo+iog,459,38,34,26
2026-06-11T13:54:37Z,abcde_forensics_stage_founders_depth14,spo_delegation,emurgo+iog,460,40,38,24
2026-06-11T13:54:37Z,abcde_forensics_stage_founders_depth14,spo_delegation,emurgo+iog,461,30,29,24
2026-06-11T13:54:37Z,abcde_forensics_stage_founders_depth14,spo_delegation,emurgo+iog,462,37,35,30
2026-06-11T13:54:37Z,abcde_forensics_stage_founders_depth14,spo_delegation,emurgo+iog,463,40,38,31
2026-06-11T13:54:37Z,abcde_forensics_stage_founders_depth14,spo_delegation,emurgo+iog,464,33,33,28
2026-06-11T13:54:37Z,abcde_forensics_stage_founders_depth14,spo_delegation,emurgo+iog,465,22,20,19
2026-06-11T13:54:37Z,abcde_forensics_stage_founders_depth14,spo_delegation,emurgo+iog,466,47,45,29
2026-06-11T13:54:37Z,abcde_forensics_stage_founders_depth14,spo_delegation,emurgo+iog,467,86,40,30
2026-06-11T13:54:37Z,abcde_forensics_stage_founders_depth14,spo_delegation,emurgo+iog,468,45,43,35
2026-06-11T13:54:37Z,abcde_forensics_stage_founders_depth14,spo_delegation,emurgo+iog,469,44,41,32
2026-06-11T13:54:37Z,abcde_forensics_stage_founders_depth14,spo_delegation,emurgo+iog,470,63,54,41
2026-06-11T13:54:37Z,abcde_forensics_stage_founders_depth14,spo_delegation,emurgo+iog,471,52,50,32
2026-06-11T13:54:37Z,abcde_forensics_stage_founders_depth14,spo_delegation,emurgo+iog,472,49,47,36
2026-06-11T13:54:37Z,abcde_forensics_stage_founders_depth14,spo_delegation,emurgo+iog,473,33,31,26
2026-06-11T13:54:37Z,abcde_forensics_stage_founders_depth14,spo_delegation,emurgo+iog,474,28,28,24
2026-06-11T13:54:37Z,abcde_forensics_stage_founders_depth14,spo_delegation,emurgo+iog,475,31,30,26
2026-06-11T13:54:37Z,abcde_forensics_stage_founders_depth14,spo_delegation,emurgo+iog,476,33,32,21
2026-06-11T13:54:37Z,abcde_forensics_stage_founders_depth14,spo_delegation,emurgo+iog,477,27,24,20
2026-06-11T13:54:37Z,abcde_forensics_stage_founders_depth14,spo_delegation,emurgo+iog,478,16,16,11
2026-06-11T13:54:37Z,abcde_forensics_stage_founders_depth14,spo_delegation,emurgo+iog,479,23,22,17
2026-06-11T13:54:37Z,abcde_forensics_stage_founders_depth14,spo_delegation,emurgo+iog,480,24,22,21
2026-06-11T13:54:37Z,abcde_forensics_stage_founders_depth14,spo_delegation,emurgo+iog,481,15,15,13
2026-06-11T13:54:37Z,abcde_forensics_stage_founders_depth14,spo_delegation,emurgo+iog,482,17,16,16
2026-06-11T13:54:37Z,abcde_forensics_stage_founders_depth14,spo_delegation,emurgo+iog,483,15,15,11
2026-06-11T13:54:37Z,abcde_forensics_stage_founders_depth14,spo_delegation,emurgo+iog,484,21,21,21
2026-06-11T13:54:37Z,abcde_forensics_stage_founders_depth14,spo_delegation,emurgo+iog,485,26,24,20
2026-06-11T13:54:37Z,abcde_forensics_stage_founders_depth14,spo_delegation,emurgo+iog,486,18,17,15
2026-06-11T13:54:37Z,abcde_forensics_stage_founders_depth14,spo_delegation,emurgo+iog,487,20,20,18
2026-06-11T13:54:37Z,abcde_forensics_stage_founders_depth14,spo_delegation,emurgo+iog,488,14,14,14
2026-06-11T13:54:37Z,abcde_forensics_stage_founders_depth14,spo_delegation,emurgo+iog,489,21,20,15
2026-06-11T13:54:37Z,abcde_forensics_stage_founders_depth14,spo_delegation,emurgo+iog,490,17,15,16
2026-06-11T13:54:37Z,abcde_forensics_stage_founders_depth14,spo_delegation,emurgo+iog,491,14,13,13
2026-06-11T13:54:37Z,abcde_forensics_stage_founders_depth14,spo_delegation,emurgo+iog,492,18,13,11
2026-06-11T13:54:37Z,abcde_forensics_stage_founders_depth14,spo_delegation,emurgo+iog,493,13,12,10
2026-06-11T13:54:37Z,abcde_forensics_stage_founders_depth14,spo_delegation,emurgo+iog,494,25,22,18
2026-06-11T13:54:37Z,abcde_forensics_stage_founders_depth14,spo_delegation,emurgo+iog,495,12,12,12
2026-06-11T13:54:37Z,abcde_forensics_stage_founders_depth14,spo_delegation,emurgo+iog,496,17,16,15
2026-06-11T13:54:37Z,abcde_forensics_stage_founders_depth14,spo_delegation,emurgo+iog,497,12,12,11
2026-06-11T13:54:37Z,abcde_forensics_stage_founders_depth14,spo_delegation,emurgo+iog,498,20,20,17
2026-06-11T13:54:37Z,abcde_forensics_stage_founders_depth14,spo_delegation,emurgo+iog,499,25,23,22
2026-06-11T13:54:37Z,abcde_forensics_stage_founders_depth14,spo_delegation,emurgo+iog,500,25,24,19
2026-06-11T13:54:37Z,abcde_forensics_stage_founders_depth14,spo_delegation,emurgo+iog,501,20,20,19
2026-06-11T13:54:37Z,abcde_forensics_stage_founders_depth14,spo_delegation,emurgo+iog,502,10,10,8
2026-06-11T13:54:37Z,abcde_forensics_stage_founders_depth14,spo_delegation,emurgo+iog,503,23,23,17
2026-06-11T13:54:37Z,abcde_forensics_stage_founders_depth14,spo_delegation,emurgo+iog,504,11,11,10
2026-06-11T13:54:37Z,abcde_forensics_stage_founders_depth14,spo_delegation,emurgo+iog,505,19,18,14
2026-06-11T13:54:37Z,abcde_forensics_stage_founders_depth14,spo_delegation,emurgo+iog,506,18,17,17
2026-06-11T13:54:37Z,abcde_forensics_stage_founders_depth14,spo_delegation,emurgo+iog,507,19,19,19
2026-06-11T13:54:37Z,abcde_forensics_stage_founders_depth14,spo_delegation,emurgo+iog,508,23,21,19
2026-06-11T13:54:37Z,abcde_forensics_stage_founders_depth14,spo_delegation,emurgo+iog,509,14,14,13
2026-06-11T13:54:37Z,abcde_forensics_stage_founders_depth14,spo_delegation,emurgo+iog,510,28,27,19
2026-06-11T13:54:37Z,abcde_forensics_stage_founders_depth14,spo_delegation,emurgo+iog,511,18,18,15
2026-06-11T13:54:37Z,abcde_forensics_stage_founders_depth14,spo_delegation,emurgo+iog,512,23,22,22
2026-06-11T13:54:37Z,abcde_forensics_stage_founders_depth14,spo_delegation,emurgo+iog,513,21,18,17
2026-06-11T13:54:37Z,abcde_forensics_stage_founders_depth14,spo_delegation,emurgo+iog,514,14,13,13
2026-06-11T13:54:37Z,abcde_forensics_stage_founders_depth14,spo_delegation,emurgo+iog,515,13,12,11
2026-06-11T13:54:37Z,abcde_forensics_stage_founders_depth14,spo_delegation,emurgo+iog,516,18,17,15
2026-06-11T13:54:37Z,abcde_forensics_stage_founders_depth14,spo_delegation,emurgo+iog,517,15,13,13
2026-06-11T13:54:37Z,abcde_forensics_stage_founders_depth14,spo_delegation,emurgo+iog,518,20,18,14
2026-06-11T13:54:37Z,abcde_forensics_stage_founders_depth14,spo_delegation,emurgo+iog,519,17,16,14
2026-06-11T13:54:37Z,abcde_forensics_stage_founders_depth14,spo_delegation,emurgo+iog,520,48,48,28
2026-06-11T13:54:37Z,abcde_forensics_stage_founders_depth14,spo_delegation,emurgo+iog,521,68,65,37
2026-06-11T13:54:37Z,abcde_forensics_stage_founders_depth14,spo_delegation,emurgo+iog,522,52,49,37
2026-06-11T13:54:37Z,abcde_forensics_stage_founders_depth14,spo_delegation,emurgo+iog,523,65,61,41
2026-06-11T13:54:37Z,abcde_forensics_stage_founders_depth14,spo_delegation,emurgo+iog,524,55,54,32
2026-06-11T13:54:37Z,abcde_forensics_stage_founders_depth14,spo_delegation,emurgo+iog,525,56,53,39
2026-06-11T13:54:37Z,abcde_forensics_stage_founders_depth14,spo_delegation,emurgo+iog,526,43,40,32
2026-06-11T13:54:37Z,abcde_forensics_stage_founders_depth14,spo_delegation,emurgo+iog,527,37,34,28
2026-06-11T13:54:37Z,abcde_forensics_stage_founders_depth14,spo_delegation,emurgo+iog,528,34,30,27
2026-06-11T13:54:37Z,abcde_forensics_stage_founders_depth14,spo_delegation,emurgo+iog,529,14,14,12
2026-06-11T13:54:37Z,abcde_forensics_stage_founders_depth14,spo_delegation,emurgo+iog,530,18,18,15
2026-06-11T13:54:37Z,abcde_forensics_stage_founders_depth14,spo_delegation,emurgo+iog,531,34,32,23
2026-06-11T13:54:37Z,abcde_forensics_stage_founders_depth14,spo_delegation,emurgo+iog,532,25,24,22
2026-06-11T13:54:37Z,abcde_forensics_stage_founders_depth14,spo_delegation,emurgo+iog,533,17,17,16
2026-06-11T13:54:37Z,abcde_forensics_stage_founders_depth14,spo_delegation,emurgo+iog,534,26,26,22
2026-06-11T13:54:37Z,abcde_forensics_stage_founders_depth14,spo_delegation,emurgo+iog,535,34,32,24
2026-06-11T13:54:37Z,abcde_forensics_stage_founders_depth14,spo_delegation,emurgo+iog,536,19,17,15
2026-06-11T13:54:37Z,abcde_forensics_stage_founders_depth14,spo_delegation,emurgo+iog,537,26,25,20
2026-06-11T13:54:37Z,abcde_forensics_stage_founders_depth14,spo_delegation,emurgo+iog,538,16,15,15
2026-06-11T13:54:37Z,abcde_forensics_stage_founders_depth14,spo_delegation,emurgo+iog,539,13,12,13
2026-06-11T13:54:37Z,abcde_forensics_stage_founders_depth14,spo_delegation,emurgo+iog,540,15,15,14
2026-06-11T13:54:37Z,abcde_forensics_stage_founders_depth14,spo_delegation,emurgo+iog,541,18,18,15
2026-06-11T13:54:37Z,abcde_forensics_stage_founders_depth14,spo_delegation,emurgo+iog,542,12,11,9
2026-06-11T13:54:37Z,abcde_forensics_stage_founders_depth14,spo_delegation,emurgo+iog,543,21,20,17
2026-06-11T13:54:37Z,abcde_forensics_stage_founders_depth14,spo_delegation,emurgo+iog,544,14,13,13
2026-06-11T13:54:37Z,abcde_forensics_stage_founders_depth14,spo_delegation,emurgo+iog,545,15,14,15
2026-06-11T13:54:37Z,abcde_forensics_stage_founders_depth14,spo_delegation,emurgo+iog,546,6,6,6
2026-06-11T13:54:37Z,abcde_forensics_stage_founders_depth14,spo_delegation,emurgo+iog,547,14,14,13
2026-06-11T13:54:37Z,abcde_forensics_stage_founders_depth14,spo_delegation,emurgo+iog,548,8,8,8
2026-06-11T13:54:37Z,abcde_forensics_stage_founders_depth14,spo_delegation,emurgo+iog,549,11,11,9
2026-06-11T13:54:37Z,abcde_forensics_stage_founders_depth14,spo_delegation,emurgo+iog,550,13,13,11
2026-06-11T13:54:37Z,abcde_forensics_stage_founders_depth14,spo_delegation,emurgo+iog,551,17,15,15
2026-06-11T13:54:37Z,abcde_forensics_stage_founders_depth14,spo_delegation,emurgo+iog,552,5,5,5
2026-06-11T13:54:37Z,abcde_forensics_stage_founders_depth14,spo_delegation,emurgo+iog,553,11,11,9
2026-06-11T13:54:37Z,abcde_forensics_stage_founders_depth14,spo_delegation,emurgo+iog,554,15,14,13
2026-06-11T13:54:37Z,abcde_forensics_stage_founders_depth14,spo_delegation,emurgo+iog,555,11,10,11
2026-06-11T13:54:37Z,abcde_forensics_stage_founders_depth14,spo_delegation,emurgo+iog,556,12,12,12
2026-06-11T13:54:37Z,abcde_forensics_stage_founders_depth14,spo_delegation,emurgo+iog,557,19,18,15
2026-06-11T13:54:37Z,abcde_forensics_stage_founders_depth14,spo_delegation,emurgo+iog,558,11,11,10
2026-06-11T13:54:37Z,abcde_forensics_stage_founders_depth14,spo_delegation,emurgo+iog,559,20,19,15
2026-06-11T13:54:37Z,abcde_forensics_stage_founders_depth14,spo_delegation,emurgo+iog,560,10,9,8
2026-06-11T13:54:37Z,abcde_forensics_stage_founders_depth14,spo_delegation,emurgo+iog,561,12,11,12
2026-06-11T13:54:37Z,abcde_forensics_stage_founders_depth14,spo_delegation,emurgo+iog,562,14,13,12
2026-06-11T13:54:37Z,abcde_forensics_stage_founders_depth14,spo_delegation,emurgo+iog,563,8,8,8
2026-06-11T13:54:37Z,abcde_forensics_stage_founders_depth14,spo_delegation,emurgo+iog,564,9,9,9
2026-06-11T13:54:37Z,abcde_forensics_stage_founders_depth14,spo_delegation,emurgo+iog,565,12,10,9
2026-06-11T13:54:37Z,abcde_forensics_stage_founders_depth14,spo_delegation,emurgo+iog,566,19,17,16
2026-06-11T13:54:37Z,abcde_forensics_stage_founders_depth14,spo_delegation,emurgo+iog,567,11,10,11
2026-06-11T13:54:37Z,abcde_forensics_stage_founders_depth14,spo_delegation,emurgo+iog,568,9,9,8
2026-06-11T13:54:37Z,abcde_forensics_stage_founders_depth14,spo_delegation,emurgo+iog,569,12,12,12
2026-06-11T13:54:37Z,abcde_forensics_stage_founders_depth14,spo_delegation,emurgo+iog,570,29,29,23
2026-06-11T13:54:37Z,abcde_forensics_stage_founders_depth14,spo_delegation,emurgo+iog,571,12,12,12
2026-06-11T13:54:37Z,abcde_forensics_stage_founders_depth14,spo_delegation,emurgo+iog,572,18,18,18
2026-06-11T13:54:37Z,abcde_forensics_stage_founders_depth14,spo_delegation,emurgo+iog,573,14,14,11
2026-06-11T13:54:37Z,abcde_forensics_stage_founders_depth14,spo_delegation,emurgo+iog,574,14,13,13
2026-06-11T13:54:37Z,abcde_forensics_stage_founders_depth14,spo_delegation,emurgo+iog,575,20,19,18
2026-06-11T13:54:37Z,abcde_forensics_stage_founders_depth14,spo_delegation,emurgo+iog,576,36,32,28
2026-06-11T13:54:37Z,abcde_forensics_stage_founders_depth14,spo_delegation,emurgo+iog,577,10,10,10
2026-06-11T13:54:37Z,abcde_forensics_stage_founders_depth14,spo_delegation,emurgo+iog,578,8,8,8
2026-06-11T13:54:37Z,abcde_forensics_stage_founders_depth14,spo_delegation,emurgo+iog,579,11,11,11
2026-06-11T13:54:37Z,abcde_forensics_stage_founders_depth14,spo_delegation,emurgo+iog,580,10,10,10
2026-06-11T13:54:37Z,abcde_forensics_stage_founders_depth14,spo_delegation,emurgo+iog,581,13,13,13
2026-06-11T13:54:37Z,abcde_forensics_stage_founders_depth14,spo_delegation,emurgo+iog,582,3,3,3
2026-06-11T13:54:37Z,abcde_forensics_stage_founders_depth14,spo_delegation,emurgo+iog,583,11,11,10
2026-06-11T13:54:37Z,abcde_forensics_stage_founders_depth14,spo_delegation,emurgo+iog,584,7,7,6
2026-06-11T13:54:37Z,abcde_forensics_stage_founders_depth14,spo_delegation,emurgo+iog,585,12,12,10
2026-06-11T13:54:37Z,abcde_forensics_stage_founders_depth14,spo_delegation,emurgo+iog,586,16,15,11
2026-06-11T13:54:37Z,abcde_forensics_stage_founders_depth14,spo_delegation,emurgo+iog,587,15,15,14
2026-06-11T13:54:37Z,abcde_forensics_stage_founders_depth14,spo_delegation,emurgo+iog,588,9,8,8
2026-06-11T13:54:37Z,abcde_forensics_stage_founders_depth14,spo_delegation,emurgo+iog,589,12,12,12
2026-06-11T13:54:37Z,abcde_forensics_stage_founders_depth14,spo_delegation,emurgo+iog,590,8,8,7
2026-06-11T13:54:37Z,abcde_forensics_stage_founders_depth14,spo_delegation,emurgo+iog,591,10,10,10
2026-06-11T13:54:37Z,abcde_forensics_stage_founders_depth14,spo_delegation,emurgo+iog,592,13,12,12
2026-06-11T13:54:37Z,abcde_forensics_stage_founders_depth14,spo_delegation,emurgo+iog,593,12,12,11
2026-06-11T13:54:37Z,abcde_forensics_stage_founders_depth14,spo_delegation,emurgo+iog,594,3,3,3
2026-06-11T13:54:37Z,abcde_forensics_stage_founders_depth14,spo_delegation,emurgo+iog,595,9,9,8
2026-06-11T13:54:37Z,abcde_forensics_stage_founders_depth14,spo_delegation,emurgo+iog,596,10,8,9
2026-06-11T13:54:37Z,abcde_forensics_stage_founders_depth14,spo_delegation,emurgo+iog,597,13,13,9
2026-06-11T13:54:37Z,abcde_forensics_stage_founders_depth14,spo_delegation,emurgo+iog,598,8,7,8
2026-06-11T13:54:37Z,abcde_forensics_stage_founders_depth14,spo_delegation,emurgo+iog,599,14,12,12
2026-06-11T13:54:37Z,abcde_forensics_stage_founders_depth14,spo_delegation,emurgo+iog,600,6,6,5
2026-06-11T13:54:37Z,abcde_forensics_stage_founders_depth14,spo_delegation,emurgo+iog,601,5,5,5
2026-06-11T13:54:37Z,abcde_forensics_stage_founders_depth14,spo_delegation,emurgo+iog,602,4,4,4
2026-06-11T13:54:37Z,abcde_forensics_stage_founders_depth14,spo_delegation,emurgo+iog,603,9,9,9
2026-06-11T13:54:37Z,abcde_forensics_stage_founders_depth14,spo_delegation,emurgo+iog,604,12,12,8
2026-06-11T13:54:37Z,abcde_forensics_stage_founders_depth14,spo_delegation,emurgo+iog,605,12,12,11
2026-06-11T13:54:37Z,abcde_forensics_stage_founders_depth14,spo_delegation,emurgo+iog,606,7,6,7
2026-06-11T13:54:37Z,abcde_forensics_stage_founders_depth14,spo_delegation,emurgo+iog,607,8,8,7
2026-06-11T13:54:37Z,abcde_forensics_stage_founders_depth14,spo_delegation,emurgo+iog,608,8,8,7
2026-06-11T13:54:37Z,abcde_forensics_stage_founders_depth14,spo_delegation,emurgo+iog,609,4,4,3
2026-06-11T13:54:37Z,abcde_forensics_stage_founders_depth14,spo_delegation,emurgo+iog,610,6,6,6
2026-06-11T13:54:37Z,abcde_forensics_stage_founders_depth14,spo_delegation,emurgo+iog,611,10,10,7
2026-06-11T13:54:37Z,abcde_forensics_stage_founders_depth14,spo_delegation,emurgo+iog,612,12,9,9
2026-06-11T13:54:37Z,abcde_forensics_stage_founders_depth14,spo_delegation,emurgo+iog,613,7,6,6
2026-06-11T13:54:37Z,abcde_forensics_stage_founders_depth14,spo_delegation,emurgo+iog,614,8,8,7
2026-06-11T13:54:37Z,abcde_forensics_stage_founders_depth14,spo_delegation,emurgo+iog,615,10,9,9
2026-06-11T13:54:37Z,abcde_forensics_stage_founders_depth14,spo_delegation,emurgo+iog,616,8,7,8
2026-06-11T13:54:37Z,abcde_forensics_stage_founders_depth14,spo_delegation,emurgo+iog,618,4,4,3
2026-06-11T13:54:37Z,abcde_forensics_stage_founders_depth14,spo_delegation,emurgo+iog,619,3,3,3
2026-06-11T13:54:37Z,abcde_forensics_stage_founders_depth14,spo_delegation,emurgo+iog,620,4,4,4
2026-06-11T13:54:37Z,abcde_forensics_stage_founders_depth14,spo_delegation,emurgo+iog,621,4,3,4
2026-06-11T13:54:37Z,abcde_forensics_stage_founders_depth14,spo_delegation,emurgo+iog,622,2,2,2
2026-06-11T13:54:37Z,abcde_forensics_stage_founders_depth14,spo_delegation,emurgo+iog,623,4,4,4
2026-06-11T13:54:37Z,abcde_forensics_stage_founders_depth14,spo_delegation,emurgo+iog,624,8,7,6
2026-06-11T13:54:37Z,abcde_forensics_stage_founders_depth14,spo_delegation,emurgo+iog,625,6,6,6
2026-06-11T13:54:37Z,abcde_forensics_stage_founders_depth14,spo_delegation,emurgo+iog,626,8,6,8
2026-06-11T13:54:37Z,abcde_forensics_stage_founders_depth14,spo_delegation,emurgo+iog,627,3,3,3
2026-06-11T13:54:37Z,abcde_forensics_stage_founders_depth14,spo_delegation,emurgo+iog,628,6,6,6
2026-06-11T13:54:37Z,abcde_forensics_stage_founders_depth14,spo_delegation,emurgo+iog,629,6,6,6
2026-06-11T13:54:37Z,abcde_forensics_stage_founders_depth14,spo_delegation,emurgo+iog,630,6,6,6
2026-06-11T13:54:37Z,abcde_forensics_stage_founders_depth14,spo_delegation,emurgo+iog,631,8,7,8
2026-06-11T13:54:37Z,abcde_forensics_stage_founders_depth14,spo_delegation,emurgo+iog,632,9,8,9
2026-06-11T13:54:37Z,abcde_forensics_stage_founders_depth14,spo_delegation,emurgo+iog,633,3,3,2
2026-06-11T13:54:37Z,abcde_forensics_stage_founders_depth14,spo_delegation,emurgo+iog,634,6,6,6
2026-06-11T13:54:37Z,abcde_forensics_stage_founders_depth14,spo_delegation,emurgo+iog,635,3,3,3
2026-06-11T13:54:37Z,abcde_forensics_stage_founders_depth14,spo_delegation,iog,208,3934,3103,437
2026-06-11T13:54:37Z,abcde_forensics_stage_founders_depth14,spo_delegation,iog,209,1840,1579,514
2026-06-11T13:54:37Z,abcde_forensics_stage_founders_depth14,spo_delegation,iog,210,1661,1453,462
2026-06-11T13:54:37Z,abcde_forensics_stage_founders_depth14,spo_delegation,iog,211,1394,1233,368
2026-06-11T13:54:37Z,abcde_forensics_stage_founders_depth14,spo_delegation,iog,212,1076,984,227
2026-06-11T13:54:37Z,abcde_forensics_stage_founders_depth14,spo_delegation,iog,213,1239,1130,217
2026-06-11T13:54:37Z,abcde_forensics_stage_founders_depth14,spo_delegation,iog,214,1401,1282,218
2026-06-11T13:54:37Z,abcde_forensics_stage_founders_depth14,spo_delegation,iog,215,1348,1192,241
2026-06-11T13:54:37Z,abcde_forensics_stage_founders_depth14,spo_delegation,iog,216,977,883,222
2026-06-11T13:54:37Z,abcde_forensics_stage_founders_depth14,spo_delegation,iog,217,743,670,184
2026-06-11T13:54:37Z,abcde_forensics_stage_founders_depth14,spo_delegation,iog,218,664,615,180
2026-06-11T13:54:37Z,abcde_forensics_stage_founders_depth14,spo_delegation,iog,219,751,681,187
2026-06-11T13:54:37Z,abcde_forensics_stage_founders_depth14,spo_delegation,iog,220,720,662,179
2026-06-11T13:54:37Z,abcde_forensics_stage_founders_depth14,spo_delegation,iog,221,637,594,163
2026-06-11T13:54:37Z,abcde_forensics_stage_founders_depth14,spo_delegation,iog,222,628,580,156
2026-06-11T13:54:37Z,abcde_forensics_stage_founders_depth14,spo_delegation,iog,223,599,542,148
2026-06-11T13:54:37Z,abcde_forensics_stage_founders_depth14,spo_delegation,iog,224,621,574,158
2026-06-11T13:54:37Z,abcde_forensics_stage_founders_depth14,spo_delegation,iog,225,569,525,166
2026-06-11T13:54:37Z,abcde_forensics_stage_founders_depth14,spo_delegation,iog,226,726,671,151
2026-06-11T13:54:37Z,abcde_forensics_stage_founders_depth14,spo_delegation,iog,227,845,803,152
2026-06-11T13:54:37Z,abcde_forensics_stage_founders_depth14,spo_delegation,iog,228,2002,1903,211
2026-06-11T13:54:37Z,abcde_forensics_stage_founders_depth14,spo_delegation,iog,229,1511,1416,248
2026-06-11T13:54:37Z,abcde_forensics_stage_founders_depth14,spo_delegation,iog,230,1976,1822,256
2026-06-11T13:54:37Z,abcde_forensics_stage_founders_depth14,spo_delegation,iog,231,2124,1925,287
2026-06-11T13:54:37Z,abcde_forensics_stage_founders_depth14,spo_delegation,iog,232,3638,3253,359
2026-06-11T13:54:37Z,abcde_forensics_stage_founders_depth14,spo_delegation,iog,233,2535,2233,335
2026-06-11T13:54:37Z,abcde_forensics_stage_founders_depth14,spo_delegation,iog,234,2548,2081,345
2026-06-11T13:54:37Z,abcde_forensics_stage_founders_depth14,spo_delegation,iog,235,1974,1664,301
2026-06-11T13:54:37Z,abcde_forensics_stage_founders_depth14,spo_delegation,iog,236,1871,1647,302
2026-06-11T13:54:37Z,abcde_forensics_stage_founders_depth14,spo_delegation,iog,237,1571,1418,278
2026-06-11T13:54:37Z,abcde_forensics_stage_founders_depth14,spo_delegation,iog,238,2345,2086,303
2026-06-11T13:54:37Z,abcde_forensics_stage_founders_depth14,spo_delegation,iog,239,3101,2765,342
2026-06-11T13:54:37Z,abcde_forensics_stage_founders_depth14,spo_delegation,iog,240,4997,4525,425
2026-06-11T13:54:37Z,abcde_forensics_stage_founders_depth14,spo_delegation,iog,241,3984,3583,395
2026-06-11T13:54:37Z,abcde_forensics_stage_founders_depth14,spo_delegation,iog,242,4941,4499,402
2026-06-11T13:54:37Z,abcde_forensics_stage_founders_depth14,spo_delegation,iog,243,3981,3630,397
2026-06-11T13:54:37Z,abcde_forensics_stage_founders_depth14,spo_delegation,iog,244,4136,3730,407
2026-06-11T13:54:37Z,abcde_forensics_stage_founders_depth14,spo_delegation,iog,245,7867,6987,494
2026-06-11T13:54:37Z,abcde_forensics_stage_founders_depth14,spo_delegation,iog,246,15125,13387,617
2026-06-11T13:54:37Z,abcde_forensics_stage_founders_depth14,spo_delegation,iog,247,16841,14844,659
2026-06-11T13:54:37Z,abcde_forensics_stage_founders_depth14,spo_delegation,iog,248,16752,14743,727
2026-06-11T13:54:37Z,abcde_forensics_stage_founders_depth14,spo_delegation,iog,249,19172,16941,764
2026-06-11T13:54:37Z,abcde_forensics_stage_founders_depth14,spo_delegation,iog,250,16865,14853,741
2026-06-11T13:54:37Z,abcde_forensics_stage_founders_depth14,spo_delegation,iog,251,16099,14311,749
2026-06-11T13:54:37Z,abcde_forensics_stage_founders_depth14,spo_delegation,iog,252,13609,12196,728
2026-06-11T13:54:37Z,abcde_forensics_stage_founders_depth14,spo_delegation,iog,253,12698,11463,738
2026-06-11T13:54:37Z,abcde_forensics_stage_founders_depth14,spo_delegation,iog,254,14901,13357,746
2026-06-11T13:54:37Z,abcde_forensics_stage_founders_depth14,spo_delegation,iog,255,10402,9294,679
2026-06-11T13:54:37Z,abcde_forensics_stage_founders_depth14,spo_delegation,iog,256,10183,9094,674
2026-06-11T13:54:37Z,abcde_forensics_stage_founders_depth14,spo_delegation,iog,257,9805,8706,680
2026-06-11T13:54:37Z,abcde_forensics_stage_founders_depth14,spo_delegation,iog,258,8164,7240,640
2026-06-11T13:54:37Z,abcde_forensics_stage_founders_depth14,spo_delegation,iog,259,9192,8204,649
2026-06-11T13:54:37Z,abcde_forensics_stage_founders_depth14,spo_delegation,iog,260,6000,5410,552
2026-06-11T13:54:37Z,abcde_forensics_stage_founders_depth14,spo_delegation,iog,261,4111,3728,476
2026-06-11T13:54:37Z,abcde_forensics_stage_founders_depth14,spo_delegation,iog,262,3972,3602,447
2026-06-11T13:54:37Z,abcde_forensics_stage_founders_depth14,spo_delegation,iog,263,3983,3645,464
2026-06-11T13:54:37Z,abcde_forensics_stage_founders_depth14,spo_delegation,iog,264,4700,4265,479
2026-06-11T13:54:37Z,abcde_forensics_stage_founders_depth14,spo_delegation,iog,265,5025,4550,507
2026-06-11T13:54:37Z,abcde_forensics_stage_founders_depth14,spo_delegation,iog,266,4880,4344,513
2026-06-11T13:54:37Z,abcde_forensics_stage_founders_depth14,spo_delegation,iog,267,3563,3252,459
2026-06-11T13:54:37Z,abcde_forensics_stage_founders_depth14,spo_delegation,iog,268,2944,2679,445
2026-06-11T13:54:37Z,abcde_forensics_stage_founders_depth14,spo_delegation,iog,269,3006,2732,450
2026-06-11T13:54:37Z,abcde_forensics_stage_founders_depth14,spo_delegation,iog,270,2335,2151,403
2026-06-11T13:54:37Z,abcde_forensics_stage_founders_depth14,spo_delegation,iog,271,1967,1824,366
2026-06-11T13:54:37Z,abcde_forensics_stage_founders_depth14,spo_delegation,iog,272,1630,1511,324
2026-06-11T13:54:37Z,abcde_forensics_stage_founders_depth14,spo_delegation,iog,273,1672,1541,325
2026-06-11T13:54:37Z,abcde_forensics_stage_founders_depth14,spo_delegation,iog,274,1509,1399,333
2026-06-11T13:54:37Z,abcde_forensics_stage_founders_depth14,spo_delegation,iog,275,2049,1900,318
2026-06-11T13:54:37Z,abcde_forensics_stage_founders_depth14,spo_delegation,iog,276,2008,1802,347
2026-06-11T13:54:37Z,abcde_forensics_stage_founders_depth14,spo_delegation,iog,277,1608,1458,331
2026-06-11T13:54:37Z,abcde_forensics_stage_founders_depth14,spo_delegation,iog,278,1348,1227,314
2026-06-11T13:54:37Z,abcde_forensics_stage_founders_depth14,spo_delegation,iog,279,1485,1372,310
2026-06-11T13:54:37Z,abcde_forensics_stage_founders_depth14,spo_delegation,iog,280,1497,1393,323
2026-06-11T13:54:37Z,abcde_forensics_stage_founders_depth14,spo_delegation,iog,281,1720,1565,321
2026-06-11T13:54:37Z,abcde_forensics_stage_founders_depth14,spo_delegation,iog,282,1562,1452,314
2026-06-11T13:54:37Z,abcde_forensics_stage_founders_depth14,spo_delegation,iog,283,2214,2034,351
2026-06-11T13:54:37Z,abcde_forensics_stage_founders_depth14,spo_delegation,iog,284,2537,2291,358
2026-06-11T13:54:37Z,abcde_forensics_stage_founders_depth14,spo_delegation,iog,285,2889,2667,403
2026-06-11T13:54:37Z,abcde_forensics_stage_founders_depth14,spo_delegation,iog,286,2168,2015,360
2026-06-11T13:54:37Z,abcde_forensics_stage_founders_depth14,spo_delegation,iog,287,1953,1833,349
2026-06-11T13:54:37Z,abcde_forensics_stage_founders_depth14,spo_delegation,iog,288,2201,2022,370
2026-06-11T13:54:37Z,abcde_forensics_stage_founders_depth14,spo_delegation,iog,289,1790,1665,328
2026-06-11T13:54:37Z,abcde_forensics_stage_founders_depth14,spo_delegation,iog,290,1812,1679,329
2026-06-11T13:54:37Z,abcde_forensics_stage_founders_depth14,spo_delegation,iog,291,2025,1875,297
2026-06-11T13:54:37Z,abcde_forensics_stage_founders_depth14,spo_delegation,iog,292,1467,1380,284
2026-06-11T13:54:37Z,abcde_forensics_stage_founders_depth14,spo_delegation,iog,293,1551,1435,273
2026-06-11T13:54:37Z,abcde_forensics_stage_founders_depth14,spo_delegation,iog,294,1739,1601,280
2026-06-11T13:54:37Z,abcde_forensics_stage_founders_depth14,spo_delegation,iog,295,1667,1523,283
2026-06-11T13:54:37Z,abcde_forensics_stage_founders_depth14,spo_delegation,iog,296,1358,1264,297
2026-06-11T13:54:37Z,abcde_forensics_stage_founders_depth14,spo_delegation,iog,297,1521,1406,294
2026-06-11T13:54:37Z,abcde_forensics_stage_founders_depth14,spo_delegation,iog,298,1548,1413,266
2026-06-11T13:54:37Z,abcde_forensics_stage_founders_depth14,spo_delegation,iog,299,1433,1293,294
2026-06-11T13:54:37Z,abcde_forensics_stage_founders_depth14,spo_delegation,iog,300,1248,1165,284
2026-06-11T13:54:37Z,abcde_forensics_stage_founders_depth14,spo_delegation,iog,301,1429,1338,283
2026-06-11T13:54:37Z,abcde_forensics_stage_founders_depth14,spo_delegation,iog,302,1908,1785,294
2026-06-11T13:54:37Z,abcde_forensics_stage_founders_depth14,spo_delegation,iog,303,3199,2947,291
2026-06-11T13:54:37Z,abcde_forensics_stage_founders_depth14,spo_delegation,iog,304,2480,2286,282
2026-06-11T13:54:37Z,abcde_forensics_stage_founders_depth14,spo_delegation,iog,305,2232,2073,269
2026-06-11T13:54:37Z,abcde_forensics_stage_founders_depth14,spo_delegation,iog,306,2654,2455,299
2026-06-11T13:54:37Z,abcde_forensics_stage_founders_depth14,spo_delegation,iog,307,3221,2978,310
2026-06-11T13:54:37Z,abcde_forensics_stage_founders_depth14,spo_delegation,iog,308,1883,1752,303
2026-06-11T13:54:37Z,abcde_forensics_stage_founders_depth14,spo_delegation,iog,309,1593,1467,257
2026-06-11T13:54:37Z,abcde_forensics_stage_founders_depth14,spo_delegation,iog,310,1191,1111,250
2026-06-11T13:54:37Z,abcde_forensics_stage_founders_depth14,spo_delegation,iog,311,1146,1071,282
2026-06-11T13:54:37Z,abcde_forensics_stage_founders_depth14,spo_delegation,iog,312,1269,1174,263
2026-06-11T13:54:37Z,abcde_forensics_stage_founders_depth14,spo_delegation,iog,313,1182,1103,282
2026-06-11T13:54:37Z,abcde_forensics_stage_founders_depth14,spo_delegation,iog,314,1345,1249,280
2026-06-11T13:54:37Z,abcde_forensics_stage_founders_depth14,spo_delegation,iog,315,7640,6679,347
2026-06-11T13:54:37Z,abcde_forensics_stage_founders_depth14,spo_delegation,iog,316,3732,3278,287
2026-06-11T13:54:37Z,abcde_forensics_stage_founders_depth14,spo_delegation,iog,317,1249,1154,274
2026-06-11T13:54:37Z,abcde_forensics_stage_founders_depth14,spo_delegation,iog,318,1212,1107,242
2026-06-11T13:54:37Z,abcde_forensics_stage_founders_depth14,spo_delegation,iog,319,1294,1143,262
2026-06-11T13:54:37Z,abcde_forensics_stage_founders_depth14,spo_delegation,iog,320,1081,985,255
2026-06-11T13:54:37Z,abcde_forensics_stage_founders_depth14,spo_delegation,iog,321,5815,5107,548
2026-06-11T13:54:37Z,abcde_forensics_stage_founders_depth14,spo_delegation,iog,322,1574,1425,371
2026-06-11T13:54:37Z,abcde_forensics_stage_founders_depth14,spo_delegation,iog,323,1591,1465,370
2026-06-11T13:54:37Z,abcde_forensics_stage_founders_depth14,spo_delegation,iog,324,1301,1232,363
2026-06-11T13:54:37Z,abcde_forensics_stage_founders_depth14,spo_delegation,iog,325,990,918,301
2026-06-11T13:54:37Z,abcde_forensics_stage_founders_depth14,spo_delegation,iog,326,1444,1333,305
2026-06-11T13:54:37Z,abcde_forensics_stage_founders_depth14,spo_delegation,iog,327,1432,1331,320
2026-06-11T13:54:37Z,abcde_forensics_stage_founders_depth14,spo_delegation,iog,328,1523,1415,329
2026-06-11T13:54:37Z,abcde_forensics_stage_founders_depth14,spo_delegation,iog,329,1579,1469,283
2026-06-11T13:54:37Z,abcde_forensics_stage_founders_depth14,spo_delegation,iog,330,804,759,254
2026-06-11T13:54:37Z,abcde_forensics_stage_founders_depth14,spo_delegation,iog,331,617,579,221
2026-06-11T13:54:37Z,abcde_forensics_stage_founders_depth14,spo_delegation,iog,332,510,491,197
2026-06-11T13:54:37Z,abcde_forensics_stage_founders_depth14,spo_delegation,iog,333,530,481,198
2026-06-11T13:54:37Z,abcde_forensics_stage_founders_depth14,spo_delegation,iog,334,588,548,221
2026-06-11T13:54:37Z,abcde_forensics_stage_founders_depth14,spo_delegation,iog,335,593,553,228
2026-06-11T13:54:37Z,abcde_forensics_stage_founders_depth14,spo_delegation,iog,336,505,472,211
2026-06-11T13:54:37Z,abcde_forensics_stage_founders_depth14,spo_delegation,iog,337,453,419,196
2026-06-11T13:54:37Z,abcde_forensics_stage_founders_depth14,spo_delegation,iog,338,715,674,236
2026-06-11T13:54:37Z,abcde_forensics_stage_founders_depth14,spo_delegation,iog,339,595,543,228
2026-06-11T13:54:37Z,abcde_forensics_stage_founders_depth14,spo_delegation,iog,340,540,509,199
2026-06-11T13:54:37Z,abcde_forensics_stage_founders_depth14,spo_delegation,iog,341,465,441,199
2026-06-11T13:54:37Z,abcde_forensics_stage_founders_depth14,spo_delegation,iog,342,423,396,175
2026-06-11T13:54:37Z,abcde_forensics_stage_founders_depth14,spo_delegation,iog,343,376,349,170
2026-06-11T13:54:37Z,abcde_forensics_stage_founders_depth14,spo_delegation,iog,344,393,360,148
2026-06-11T13:54:37Z,abcde_forensics_stage_founders_depth14,spo_delegation,iog,345,383,362,155
2026-06-11T13:54:37Z,abcde_forensics_stage_founders_depth14,spo_delegation,iog,346,341,316,143
2026-06-11T13:54:37Z,abcde_forensics_stage_founders_depth14,spo_delegation,iog,347,358,347,171
2026-06-11T13:54:37Z,abcde_forensics_stage_founders_depth14,spo_delegation,iog,348,365,353,174
2026-06-11T13:54:37Z,abcde_forensics_stage_founders_depth14,spo_delegation,iog,349,343,329,171
2026-06-11T13:54:37Z,abcde_forensics_stage_founders_depth14,spo_delegation,iog,350,281,268,139
2026-06-11T13:54:37Z,abcde_forensics_stage_founders_depth14,spo_delegation,iog,351,404,389,161
2026-06-11T13:54:37Z,abcde_forensics_stage_founders_depth14,spo_delegation,iog,352,359,347,155
2026-06-11T13:54:37Z,abcde_forensics_stage_founders_depth14,spo_delegation,iog,353,328,305,152
2026-06-11T13:54:37Z,abcde_forensics_stage_founders_depth14,spo_delegation,iog,354,328,309,146
2026-06-11T13:54:37Z,abcde_forensics_stage_founders_depth14,spo_delegation,iog,355,361,331,152
2026-06-11T13:54:37Z,abcde_forensics_stage_founders_depth14,spo_delegation,iog,356,301,285,145
2026-06-11T13:54:37Z,abcde_forensics_stage_founders_depth14,spo_delegation,iog,357,300,281,133
2026-06-11T13:54:37Z,abcde_forensics_stage_founders_depth14,spo_delegation,iog,358,507,484,152
2026-06-11T13:54:37Z,abcde_forensics_stage_founders_depth14,spo_delegation,iog,359,312,298,130
2026-06-11T13:54:37Z,abcde_forensics_stage_founders_depth14,spo_delegation,iog,360,325,312,153
2026-06-11T13:54:37Z,abcde_forensics_stage_founders_depth14,spo_delegation,iog,361,328,312,168
2026-06-11T13:54:37Z,abcde_forensics_stage_founders_depth14,spo_delegation,iog,362,316,305,136
2026-06-11T13:54:37Z,abcde_forensics_stage_founders_depth14,spo_delegation,iog,363,364,350,160
2026-06-11T13:54:37Z,abcde_forensics_stage_founders_depth14,spo_delegation,iog,364,289,278,132
2026-06-11T13:54:37Z,abcde_forensics_stage_founders_depth14,spo_delegation,iog,365,403,388,169
2026-06-11T13:54:37Z,abcde_forensics_stage_founders_depth14,spo_delegation,iog,366,312,294,147
2026-06-11T13:54:37Z,abcde_forensics_stage_founders_depth14,spo_delegation,iog,367,287,268,135
2026-06-11T13:54:37Z,abcde_forensics_stage_founders_depth14,spo_delegation,iog,368,300,293,143
2026-06-11T13:54:37Z,abcde_forensics_stage_founders_depth14,spo_delegation,iog,369,281,268,135
2026-06-11T13:54:37Z,abcde_forensics_stage_founders_depth14,spo_delegation,iog,370,282,265,148
2026-06-11T13:54:37Z,abcde_forensics_stage_founders_depth14,spo_delegation,iog,371,300,295,139
2026-06-11T13:54:37Z,abcde_forensics_stage_founders_depth14,spo_delegation,iog,372,327,315,158
2026-06-11T13:54:37Z,abcde_forensics_stage_founders_depth14,spo_delegation,iog,373,322,306,145
2026-06-11T13:54:37Z,abcde_forensics_stage_founders_depth14,spo_delegation,iog,374,354,339,149
2026-06-11T13:54:37Z,abcde_forensics_stage_founders_depth14,spo_delegation,iog,375,446,432,167
2026-06-11T13:54:37Z,abcde_forensics_stage_founders_depth14,spo_delegation,iog,376,354,345,147
2026-06-11T13:54:37Z,abcde_forensics_stage_founders_depth14,spo_delegation,iog,377,455,434,191
2026-06-11T13:54:37Z,abcde_forensics_stage_founders_depth14,spo_delegation,iog,378,343,320,153
2026-06-11T13:54:37Z,abcde_forensics_stage_founders_depth14,spo_delegation,iog,379,326,306,139
2026-06-11T13:54:37Z,abcde_forensics_stage_founders_depth14,spo_delegation,iog,380,288,269,139
2026-06-11T13:54:37Z,abcde_forensics_stage_founders_depth14,spo_delegation,iog,381,341,329,137
2026-06-11T13:54:37Z,abcde_forensics_stage_founders_depth14,spo_delegation,iog,382,343,322,154
2026-06-11T13:54:37Z,abcde_forensics_stage_founders_depth14,spo_delegation,iog,383,273,251,118
2026-06-11T13:54:37Z,abcde_forensics_stage_founders_depth14,spo_delegation,iog,384,278,265,127
2026-06-11T13:54:37Z,abcde_forensics_stage_founders_depth14,spo_delegation,iog,385,321,302,152
2026-06-11T13:54:37Z,abcde_forensics_stage_founders_depth14,spo_delegation,iog,386,331,318,146
2026-06-11T13:54:37Z,abcde_forensics_stage_founders_depth14,spo_delegation,iog,387,444,401,183
2026-06-11T13:54:37Z,abcde_forensics_stage_founders_depth14,spo_delegation,iog,388,356,338,135
2026-06-11T13:54:37Z,abcde_forensics_stage_founders_depth14,spo_delegation,iog,389,320,304,144
2026-06-11T13:54:37Z,abcde_forensics_stage_founders_depth14,spo_delegation,iog,390,337,315,156
2026-06-11T13:54:37Z,abcde_forensics_stage_founders_depth14,spo_delegation,iog,391,513,485,171
2026-06-11T13:54:37Z,abcde_forensics_stage_founders_depth14,spo_delegation,iog,392,406,374,159
2026-06-11T13:54:37Z,abcde_forensics_stage_founders_depth14,spo_delegation,iog,393,294,286,152
2026-06-11T13:54:37Z,abcde_forensics_stage_founders_depth14,spo_delegation,iog,394,337,315,148
2026-06-11T13:54:37Z,abcde_forensics_stage_founders_depth14,spo_delegation,iog,395,300,286,142
2026-06-11T13:54:37Z,abcde_forensics_stage_founders_depth14,spo_delegation,iog,396,314,300,148
2026-06-11T13:54:37Z,abcde_forensics_stage_founders_depth14,spo_delegation,iog,397,298,283,150
2026-06-11T13:54:37Z,abcde_forensics_stage_founders_depth14,spo_delegation,iog,398,227,220,121
2026-06-11T13:54:37Z,abcde_forensics_stage_founders_depth14,spo_delegation,iog,399,338,311,137
2026-06-11T13:54:37Z,abcde_forensics_stage_founders_depth14,spo_delegation,iog,400,376,350,155
2026-06-11T13:54:37Z,abcde_forensics_stage_founders_depth14,spo_delegation,iog,401,322,301,130
2026-06-11T13:54:37Z,abcde_forensics_stage_founders_depth14,spo_delegation,iog,402,329,272,129
2026-06-11T13:54:37Z,abcde_forensics_stage_founders_depth14,spo_delegation,iog,403,289,268,131
2026-06-11T13:54:37Z,abcde_forensics_stage_founders_depth14,spo_delegation,iog,404,265,248,132
2026-06-11T13:54:37Z,abcde_forensics_stage_founders_depth14,spo_delegation,iog,405,354,340,135
2026-06-11T13:54:37Z,abcde_forensics_stage_founders_depth14,spo_delegation,iog,406,276,268,129
2026-06-11T13:54:37Z,abcde_forensics_stage_founders_depth14,spo_delegation,iog,407,246,237,124
2026-06-11T13:54:37Z,abcde_forensics_stage_founders_depth14,spo_delegation,iog,408,206,201,98
2026-06-11T13:54:37Z,abcde_forensics_stage_founders_depth14,spo_delegation,iog,409,226,220,116
2026-06-11T13:54:37Z,abcde_forensics_stage_founders_depth14,spo_delegation,iog,410,195,186,108
2026-06-11T13:54:37Z,abcde_forensics_stage_founders_depth14,spo_delegation,iog,411,217,208,99
2026-06-11T13:54:37Z,abcde_forensics_stage_founders_depth14,spo_delegation,iog,412,243,226,106
2026-06-11T13:54:37Z,abcde_forensics_stage_founders_depth14,spo_delegation,iog,413,280,269,140
2026-06-11T13:54:37Z,abcde_forensics_stage_founders_depth14,spo_delegation,iog,414,257,242,110
2026-06-11T13:54:37Z,abcde_forensics_stage_founders_depth14,spo_delegation,iog,415,231,217,121
2026-06-11T13:54:37Z,abcde_forensics_stage_founders_depth14,spo_delegation,iog,416,217,207,113
2026-06-11T13:54:37Z,abcde_forensics_stage_founders_depth14,spo_delegation,iog,417,367,351,126
2026-06-11T13:54:37Z,abcde_forensics_stage_founders_depth14,spo_delegation,iog,418,279,265,90
2026-06-11T13:54:37Z,abcde_forensics_stage_founders_depth14,spo_delegation,iog,419,258,249,99
2026-06-11T13:54:37Z,abcde_forensics_stage_founders_depth14,spo_delegation,iog,420,221,215,107
2026-06-11T13:54:37Z,abcde_forensics_stage_founders_depth14,spo_delegation,iog,421,226,219,109
2026-06-11T13:54:37Z,abcde_forensics_stage_founders_depth14,spo_delegation,iog,422,200,190,99
2026-06-11T13:54:37Z,abcde_forensics_stage_founders_depth14,spo_delegation,iog,423,229,209,106
2026-06-11T13:54:37Z,abcde_forensics_stage_founders_depth14,spo_delegation,iog,424,230,213,103
2026-06-11T13:54:37Z,abcde_forensics_stage_founders_depth14,spo_delegation,iog,425,214,200,109
2026-06-11T13:54:37Z,abcde_forensics_stage_founders_depth14,spo_delegation,iog,426,261,240,109
2026-06-11T13:54:37Z,abcde_forensics_stage_founders_depth14,spo_delegation,iog,427,218,204,109
2026-06-11T13:54:37Z,abcde_forensics_stage_founders_depth14,spo_delegation,iog,428,171,164,99
2026-06-11T13:54:37Z,abcde_forensics_stage_founders_depth14,spo_delegation,iog,429,168,158,92
2026-06-11T13:54:37Z,abcde_forensics_stage_founders_depth14,spo_delegation,iog,430,156,148,88
2026-06-11T13:54:37Z,abcde_forensics_stage_founders_depth14,spo_delegation,iog,431,181,178,90
2026-06-11T13:54:37Z,abcde_forensics_stage_founders_depth14,spo_delegation,iog,432,136,134,81
2026-06-11T13:54:37Z,abcde_forensics_stage_founders_depth14,spo_delegation,iog,433,166,161,86
2026-06-11T13:54:37Z,abcde_forensics_stage_founders_depth14,spo_delegation,iog,434,163,159,84
2026-06-11T13:54:37Z,abcde_forensics_stage_founders_depth14,spo_delegation,iog,435,174,157,89
2026-06-11T13:54:37Z,abcde_forensics_stage_founders_depth14,spo_delegation,iog,436,146,143,82
2026-06-11T13:54:37Z,abcde_forensics_stage_founders_depth14,spo_delegation,iog,437,151,145,81
2026-06-11T13:54:37Z,abcde_forensics_stage_founders_depth14,spo_delegation,iog,438,115,108,66
2026-06-11T13:54:37Z,abcde_forensics_stage_founders_depth14,spo_delegation,iog,439,124,118,71
2026-06-11T13:54:37Z,abcde_forensics_stage_founders_depth14,spo_delegation,iog,440,167,159,93
2026-06-11T13:54:37Z,abcde_forensics_stage_founders_depth14,spo_delegation,iog,441,114,113,69
2026-06-11T13:54:37Z,abcde_forensics_stage_founders_depth14,spo_delegation,iog,442,120,116,75
2026-06-11T13:54:37Z,abcde_forensics_stage_founders_depth14,spo_delegation,iog,443,146,137,84
2026-06-11T13:54:37Z,abcde_forensics_stage_founders_depth14,spo_delegation,iog,444,219,210,115
2026-06-11T13:54:37Z,abcde_forensics_stage_founders_depth14,spo_delegation,iog,445,208,200,111
2026-06-11T13:54:37Z,abcde_forensics_stage_founders_depth14,spo_delegation,iog,446,295,279,118
2026-06-11T13:54:37Z,abcde_forensics_stage_founders_depth14,spo_delegation,iog,447,337,318,131
2026-06-11T13:54:37Z,abcde_forensics_stage_founders_depth14,spo_delegation,iog,448,274,262,132
2026-06-11T13:54:37Z,abcde_forensics_stage_founders_depth14,spo_delegation,iog,449,238,221,118
2026-06-11T13:54:37Z,abcde_forensics_stage_founders_depth14,spo_delegation,iog,450,271,250,112
2026-06-11T13:54:37Z,abcde_forensics_stage_founders_depth14,spo_delegation,iog,451,248,233,115
2026-06-11T13:54:37Z,abcde_forensics_stage_founders_depth14,spo_delegation,iog,452,286,265,118
2026-06-11T13:54:37Z,abcde_forensics_stage_founders_depth14,spo_delegation,iog,453,474,453,171
2026-06-11T13:54:37Z,abcde_forensics_stage_founders_depth14,spo_delegation,iog,454,339,318,135
2026-06-11T13:54:37Z,abcde_forensics_stage_founders_depth14,spo_delegation,iog,455,275,262,123
2026-06-11T13:54:37Z,abcde_forensics_stage_founders_depth14,spo_delegation,iog,456,283,265,117
2026-06-11T13:54:37Z,abcde_forensics_stage_founders_depth14,spo_delegation,iog,457,344,329,134
2026-06-11T13:54:37Z,abcde_forensics_stage_founders_depth14,spo_delegation,iog,458,316,299,136
2026-06-11T13:54:37Z,abcde_forensics_stage_founders_depth14,spo_delegation,iog,459,286,269,141
2026-06-11T13:54:37Z,abcde_forensics_stage_founders_depth14,spo_delegation,iog,460,307,294,126
2026-06-11T13:54:37Z,abcde_forensics_stage_founders_depth14,spo_delegation,iog,461,216,208,102
2026-06-11T13:54:37Z,abcde_forensics_stage_founders_depth14,spo_delegation,iog,462,197,189,84
2026-06-11T13:54:37Z,abcde_forensics_stage_founders_depth14,spo_delegation,iog,463,262,250,117
2026-06-11T13:54:37Z,abcde_forensics_stage_founders_depth14,spo_delegation,iog,464,229,215,96
2026-06-11T13:54:37Z,abcde_forensics_stage_founders_depth14,spo_delegation,iog,465,184,179,97
2026-06-11T13:54:37Z,abcde_forensics_stage_founders_depth14,spo_delegation,iog,466,268,256,100
2026-06-11T13:54:37Z,abcde_forensics_stage_founders_depth14,spo_delegation,iog,467,304,288,121
2026-06-11T13:54:37Z,abcde_forensics_stage_founders_depth14,spo_delegation,iog,468,271,258,110
2026-06-11T13:54:37Z,abcde_forensics_stage_founders_depth14,spo_delegation,iog,469,388,340,147
2026-06-11T13:54:37Z,abcde_forensics_stage_founders_depth14,spo_delegation,iog,470,452,420,156
2026-06-11T13:54:37Z,abcde_forensics_stage_founders_depth14,spo_delegation,iog,471,363,337,129
2026-06-11T13:54:37Z,abcde_forensics_stage_founders_depth14,spo_delegation,iog,472,305,277,135
2026-06-11T13:54:37Z,abcde_forensics_stage_founders_depth14,spo_delegation,iog,473,246,231,128
2026-06-11T13:54:37Z,abcde_forensics_stage_founders_depth14,spo_delegation,iog,474,203,193,104
2026-06-11T13:54:37Z,abcde_forensics_stage_founders_depth14,spo_delegation,iog,475,240,225,115
2026-06-11T13:54:37Z,abcde_forensics_stage_founders_depth14,spo_delegation,iog,476,232,225,91
2026-06-11T13:54:37Z,abcde_forensics_stage_founders_depth14,spo_delegation,iog,477,173,165,91
2026-06-11T13:54:37Z,abcde_forensics_stage_founders_depth14,spo_delegation,iog,478,154,146,86
2026-06-11T13:54:37Z,abcde_forensics_stage_founders_depth14,spo_delegation,iog,479,137,135,70
2026-06-11T13:54:37Z,abcde_forensics_stage_founders_depth14,spo_delegation,iog,480,147,137,86
2026-06-11T13:54:37Z,abcde_forensics_stage_founders_depth14,spo_delegation,iog,481,116,107,63
2026-06-11T13:54:37Z,abcde_forensics_stage_founders_depth14,spo_delegation,iog,482,136,133,67
2026-06-11T13:54:37Z,abcde_forensics_stage_founders_depth14,spo_delegation,iog,483,103,98,55
2026-06-11T13:54:37Z,abcde_forensics_stage_founders_depth14,spo_delegation,iog,484,127,118,68
2026-06-11T13:54:37Z,abcde_forensics_stage_founders_depth14,spo_delegation,iog,485,116,110,69
2026-06-11T13:54:37Z,abcde_forensics_stage_founders_depth14,spo_delegation,iog,486,148,139,73
2026-06-11T13:54:37Z,abcde_forensics_stage_founders_depth14,spo_delegation,iog,487,107,103,68
2026-06-11T13:54:37Z,abcde_forensics_stage_founders_depth14,spo_delegation,iog,488,117,111,68
2026-06-11T13:54:37Z,abcde_forensics_stage_founders_depth14,spo_delegation,iog,489,135,129,66
2026-06-11T13:54:37Z,abcde_forensics_stage_founders_depth14,spo_delegation,iog,490,134,126,81
2026-06-11T13:54:37Z,abcde_forensics_stage_founders_depth14,spo_delegation,iog,491,90,87,45
2026-06-11T13:54:37Z,abcde_forensics_stage_founders_depth14,spo_delegation,iog,492,106,101,53
2026-06-11T13:54:37Z,abcde_forensics_stage_founders_depth14,spo_delegation,iog,493,121,113,63
2026-06-11T13:54:37Z,abcde_forensics_stage_founders_depth14,spo_delegation,iog,494,117,106,62
2026-06-11T13:54:37Z,abcde_forensics_stage_founders_depth14,spo_delegation,iog,495,111,101,55
2026-06-11T13:54:37Z,abcde_forensics_stage_founders_depth14,spo_delegation,iog,496,113,110,58
2026-06-11T13:54:37Z,abcde_forensics_stage_founders_depth14,spo_delegation,iog,497,92,87,60
2026-06-11T13:54:37Z,abcde_forensics_stage_founders_depth14,spo_delegation,iog,498,114,106,66
2026-06-11T13:54:37Z,abcde_forensics_stage_founders_depth14,spo_delegation,iog,499,111,102,63
2026-06-11T13:54:37Z,abcde_forensics_stage_founders_depth14,spo_delegation,iog,500,134,121,61
2026-06-11T13:54:37Z,abcde_forensics_stage_founders_depth14,spo_delegation,iog,501,153,138,75
2026-06-11T13:54:37Z,abcde_forensics_stage_founders_depth14,spo_delegation,iog,502,114,106,57
2026-06-11T13:54:37Z,abcde_forensics_stage_founders_depth14,spo_delegation,iog,503,120,111,64
2026-06-11T13:54:37Z,abcde_forensics_stage_founders_depth14,spo_delegation,iog,504,124,119,55
2026-06-11T13:54:37Z,abcde_forensics_stage_founders_depth14,spo_delegation,iog,505,130,128,72
2026-06-11T13:54:37Z,abcde_forensics_stage_founders_depth14,spo_delegation,iog,506,104,99,60
2026-06-11T13:54:37Z,abcde_forensics_stage_founders_depth14,spo_delegation,iog,507,170,152,99
2026-06-11T13:54:37Z,abcde_forensics_stage_founders_depth14,spo_delegation,iog,508,136,125,72
2026-06-11T13:54:37Z,abcde_forensics_stage_founders_depth14,spo_delegation,iog,509,124,120,62
2026-06-11T13:54:37Z,abcde_forensics_stage_founders_depth14,spo_delegation,iog,510,142,135,77
2026-06-11T13:54:37Z,abcde_forensics_stage_founders_depth14,spo_delegation,iog,511,147,141,76
2026-06-11T13:54:37Z,abcde_forensics_stage_founders_depth14,spo_delegation,iog,512,122,117,62
2026-06-11T13:54:37Z,abcde_forensics_stage_founders_depth14,spo_delegation,iog,513,75,72,49
2026-06-11T13:54:37Z,abcde_forensics_stage_founders_depth14,spo_delegation,iog,514,94,91,58
2026-06-11T13:54:37Z,abcde_forensics_stage_founders_depth14,spo_delegation,iog,515,144,134,81
2026-06-11T13:54:37Z,abcde_forensics_stage_founders_depth14,spo_delegation,iog,516,121,116,66
2026-06-11T13:54:37Z,abcde_forensics_stage_founders_depth14,spo_delegation,iog,517,121,112,67
2026-06-11T13:54:37Z,abcde_forensics_stage_founders_depth14,spo_delegation,iog,518,109,103,59
2026-06-11T13:54:37Z,abcde_forensics_stage_founders_depth14,spo_delegation,iog,519,113,103,61
2026-06-11T13:54:37Z,abcde_forensics_stage_founders_depth14,spo_delegation,iog,520,303,286,114
2026-06-11T13:54:37Z,abcde_forensics_stage_founders_depth14,spo_delegation,iog,521,423,404,140
2026-06-11T13:54:37Z,abcde_forensics_stage_founders_depth14,spo_delegation,iog,522,404,385,142
2026-06-11T13:54:37Z,abcde_forensics_stage_founders_depth14,spo_delegation,iog,523,484,462,163
2026-06-11T13:54:37Z,abcde_forensics_stage_founders_depth14,spo_delegation,iog,524,317,299,128
2026-06-11T13:54:37Z,abcde_forensics_stage_founders_depth14,spo_delegation,iog,525,478,437,158
2026-06-11T13:54:37Z,abcde_forensics_stage_founders_depth14,spo_delegation,iog,526,288,265,108
2026-06-11T13:54:37Z,abcde_forensics_stage_founders_depth14,spo_delegation,iog,527,247,225,107
2026-06-11T13:54:37Z,abcde_forensics_stage_founders_depth14,spo_delegation,iog,528,206,195,101
2026-06-11T13:54:37Z,abcde_forensics_stage_founders_depth14,spo_delegation,iog,529,117,112,65
2026-06-11T13:54:37Z,abcde_forensics_stage_founders_depth14,spo_delegation,iog,530,132,122,73
2026-06-11T13:54:37Z,abcde_forensics_stage_founders_depth14,spo_delegation,iog,531,144,139,71
2026-06-11T13:54:37Z,abcde_forensics_stage_founders_depth14,spo_delegation,iog,532,193,177,92
2026-06-11T13:54:37Z,abcde_forensics_stage_founders_depth14,spo_delegation,iog,533,113,104,63
2026-06-11T13:54:37Z,abcde_forensics_stage_founders_depth14,spo_delegation,iog,534,182,170,84
2026-06-11T13:54:37Z,abcde_forensics_stage_founders_depth14,spo_delegation,iog,535,137,131,76
2026-06-11T13:54:37Z,abcde_forensics_stage_founders_depth14,spo_delegation,iog,536,131,127,77
2026-06-11T13:54:37Z,abcde_forensics_stage_founders_depth14,spo_delegation,iog,537,162,151,94
2026-06-11T13:54:37Z,abcde_forensics_stage_founders_depth14,spo_delegation,iog,538,100,98,68
2026-06-11T13:54:37Z,abcde_forensics_stage_founders_depth14,spo_delegation,iog,539,117,110,62
2026-06-11T13:54:37Z,abcde_forensics_stage_founders_depth14,spo_delegation,iog,540,87,77,51
2026-06-11T13:54:37Z,abcde_forensics_stage_founders_depth14,spo_delegation,iog,541,94,83,61
2026-06-11T13:54:37Z,abcde_forensics_stage_founders_depth14,spo_delegation,iog,542,56,54,41
2026-06-11T13:54:37Z,abcde_forensics_stage_founders_depth14,spo_delegation,iog,543,185,169,90
2026-06-11T13:54:37Z,abcde_forensics_stage_founders_depth14,spo_delegation,iog,544,137,126,80
2026-06-11T13:54:37Z,abcde_forensics_stage_founders_depth14,spo_delegation,iog,545,97,89,57
2026-06-11T13:54:37Z,abcde_forensics_stage_founders_depth14,spo_delegation,iog,546,85,81,55
2026-06-11T13:54:37Z,abcde_forensics_stage_founders_depth14,spo_delegation,iog,547,82,79,48
2026-06-11T13:54:37Z,abcde_forensics_stage_founders_depth14,spo_delegation,iog,548,86,82,51
2026-06-11T13:54:37Z,abcde_forensics_stage_founders_depth14,spo_delegation,iog,549,54,53,40
2026-06-11T13:54:37Z,abcde_forensics_stage_founders_depth14,spo_delegation,iog,550,84,81,46
2026-06-11T13:54:37Z,abcde_forensics_stage_founders_depth14,spo_delegation,iog,551,79,75,52
2026-06-11T13:54:37Z,abcde_forensics_stage_founders_depth14,spo_delegation,iog,552,97,94,57
2026-06-11T13:54:37Z,abcde_forensics_stage_founders_depth14,spo_delegation,iog,553,74,70,45
2026-06-11T13:54:37Z,abcde_forensics_stage_founders_depth14,spo_delegation,iog,554,78,72,48
2026-06-11T13:54:37Z,abcde_forensics_stage_founders_depth14,spo_delegation,iog,555,89,85,59
2026-06-11T13:54:37Z,abcde_forensics_stage_founders_depth14,spo_delegation,iog,556,101,98,63
2026-06-11T13:54:37Z,abcde_forensics_stage_founders_depth14,spo_delegation,iog,557,107,104,61
2026-06-11T13:54:37Z,abcde_forensics_stage_founders_depth14,spo_delegation,iog,558,98,85,55
2026-06-11T13:54:37Z,abcde_forensics_stage_founders_depth14,spo_delegation,iog,559,77,73,50
2026-06-11T13:54:37Z,abcde_forensics_stage_founders_depth14,spo_delegation,iog,560,112,105,60
2026-06-11T13:54:37Z,abcde_forensics_stage_founders_depth14,spo_delegation,iog,561,58,54,40
2026-06-11T13:54:37Z,abcde_forensics_stage_founders_depth14,spo_delegation,iog,562,59,56,41
2026-06-11T13:54:37Z,abcde_forensics_stage_founders_depth14,spo_delegation,iog,563,64,63,39
2026-06-11T13:54:37Z,abcde_forensics_stage_founders_depth14,spo_delegation,iog,564,72,65,46
2026-06-11T13:54:37Z,abcde_forensics_stage_founders_depth14,spo_delegation,iog,565,68,64,40
2026-06-11T13:54:37Z,abcde_forensics_stage_founders_depth14,spo_delegation,iog,566,85,82,58
2026-06-11T13:54:37Z,abcde_forensics_stage_founders_depth14,spo_delegation,iog,567,81,76,56
2026-06-11T13:54:37Z,abcde_forensics_stage_founders_depth14,spo_delegation,iog,568,62,59,37
2026-06-11T13:54:37Z,abcde_forensics_stage_founders_depth14,spo_delegation,iog,569,112,104,60
2026-06-11T13:54:37Z,abcde_forensics_stage_founders_depth14,spo_delegation,iog,570,131,124,72
2026-06-11T13:54:37Z,abcde_forensics_stage_founders_depth14,spo_delegation,iog,571,167,158,79
2026-06-11T13:54:37Z,abcde_forensics_stage_founders_depth14,spo_delegation,iog,572,92,85,59
2026-06-11T13:54:37Z,abcde_forensics_stage_founders_depth14,spo_delegation,iog,573,99,89,62
2026-06-11T13:54:37Z,abcde_forensics_stage_founders_depth14,spo_delegation,iog,574,157,147,90
2026-06-11T13:54:37Z,abcde_forensics_stage_founders_depth14,spo_delegation,iog,575,133,128,76
2026-06-11T13:54:37Z,abcde_forensics_stage_founders_depth14,spo_delegation,iog,576,177,169,93
2026-06-11T13:54:37Z,abcde_forensics_stage_founders_depth14,spo_delegation,iog,577,103,99,60
2026-06-11T13:54:37Z,abcde_forensics_stage_founders_depth14,spo_delegation,iog,578,95,89,60
2026-06-11T13:54:37Z,abcde_forensics_stage_founders_depth14,spo_delegation,iog,579,87,83,58
2026-06-11T13:54:37Z,abcde_forensics_stage_founders_depth14,spo_delegation,iog,580,101,95,61
2026-06-11T13:54:37Z,abcde_forensics_stage_founders_depth14,spo_delegation,iog,581,64,63,43
2026-06-11T13:54:37Z,abcde_forensics_stage_founders_depth14,spo_delegation,iog,582,110,102,62
2026-06-11T13:54:37Z,abcde_forensics_stage_founders_depth14,spo_delegation,iog,583,75,69,47
2026-06-11T13:54:37Z,abcde_forensics_stage_founders_depth14,spo_delegation,iog,584,64,61,44
2026-06-11T13:54:37Z,abcde_forensics_stage_founders_depth14,spo_delegation,iog,585,81,75,56
2026-06-11T13:54:37Z,abcde_forensics_stage_founders_depth14,spo_delegation,iog,586,92,88,59
2026-06-11T13:54:37Z,abcde_forensics_stage_founders_depth14,spo_delegation,iog,587,90,82,55
2026-06-11T13:54:37Z,abcde_forensics_stage_founders_depth14,spo_delegation,iog,588,83,79,53
2026-06-11T13:54:37Z,abcde_forensics_stage_founders_depth14,spo_delegation,iog,589,84,74,59
2026-06-11T13:54:37Z,abcde_forensics_stage_founders_depth14,spo_delegation,iog,590,73,62,43
2026-06-11T13:54:37Z,abcde_forensics_stage_founders_depth14,spo_delegation,iog,591,74,67,45
2026-06-11T13:54:37Z,abcde_forensics_stage_founders_depth14,spo_delegation,iog,592,63,61,42
2026-06-11T13:54:37Z,abcde_forensics_stage_founders_depth14,spo_delegation,iog,593,65,60,37
2026-06-11T13:54:37Z,abcde_forensics_stage_founders_depth14,spo_delegation,iog,594,55,50,34
2026-06-11T13:54:37Z,abcde_forensics_stage_founders_depth14,spo_delegation,iog,595,60,55,42
2026-06-11T13:54:37Z,abcde_forensics_stage_founders_depth14,spo_delegation,iog,596,77,68,43
2026-06-11T13:54:37Z,abcde_forensics_stage_founders_depth14,spo_delegation,iog,597,67,59,39
2026-06-11T13:54:37Z,abcde_forensics_stage_founders_depth14,spo_delegation,iog,598,53,51,37
2026-06-11T13:54:37Z,abcde_forensics_stage_founders_depth14,spo_delegation,iog,599,110,96,63
2026-06-11T13:54:37Z,abcde_forensics_stage_founders_depth14,spo_delegation,iog,600,74,68,44
2026-06-11T13:54:37Z,abcde_forensics_stage_founders_depth14,spo_delegation,iog,601,77,74,41
2026-06-11T13:54:37Z,abcde_forensics_stage_founders_depth14,spo_delegation,iog,602,44,43,33
2026-06-11T13:54:37Z,abcde_forensics_stage_founders_depth14,spo_delegation,iog,603,67,59,42
2026-06-11T13:54:37Z,abcde_forensics_stage_founders_depth14,spo_delegation,iog,604,101,95,63
2026-06-11T13:54:37Z,abcde_forensics_stage_founders_depth14,spo_delegation,iog,605,73,68,45
2026-06-11T13:54:37Z,abcde_forensics_stage_founders_depth14,spo_delegation,iog,606,78,74,46
2026-06-11T13:54:37Z,abcde_forensics_stage_founders_depth14,spo_delegation,iog,607,59,57,37
2026-06-11T13:54:37Z,abcde_forensics_stage_founders_depth14,spo_delegation,iog,608,45,42,27
2026-06-11T13:54:37Z,abcde_forensics_stage_founders_depth14,spo_delegation,iog,609,54,50,33
2026-06-11T13:54:37Z,abcde_forensics_stage_founders_depth14,spo_delegation,iog,610,62,54,38
2026-06-11T13:54:37Z,abcde_forensics_stage_founders_depth14,spo_delegation,iog,611,69,66,43
2026-06-11T13:54:37Z,abcde_forensics_stage_founders_depth14,spo_delegation,iog,612,55,54,36
2026-06-11T13:54:37Z,abcde_forensics_stage_founders_depth14,spo_delegation,iog,613,72,63,44
2026-06-11T13:54:37Z,abcde_forensics_stage_founders_depth14,spo_delegation,iog,614,56,46,41
2026-06-11T13:54:37Z,abcde_forensics_stage_founders_depth14,spo_delegation,iog,615,77,63,46
2026-06-11T13:54:37Z,abcde_forensics_stage_founders_depth14,spo_delegation,iog,616,46,44,33
2026-06-11T13:54:37Z,abcde_forensics_stage_founders_depth14,spo_delegation,iog,617,44,40,24
2026-06-11T13:54:37Z,abcde_forensics_stage_founders_depth14,spo_delegation,iog,618,51,46,33
2026-06-11T13:54:37Z,abcde_forensics_stage_founders_depth14,spo_delegation,iog,619,41,37,30
2026-06-11T13:54:37Z,abcde_forensics_stage_founders_depth14,spo_delegation,iog,620,49,47,32
2026-06-11T13:54:37Z,abcde_forensics_stage_founders_depth14,spo_delegation,iog,621,43,42,34
2026-06-11T13:54:37Z,abcde_forensics_stage_founders_depth14,spo_delegation,iog,622,66,54,42
2026-06-11T13:54:37Z,abcde_forensics_stage_founders_depth14,spo_delegation,iog,623,46,45,33
2026-06-11T13:54:37Z,abcde_forensics_stage_founders_depth14,spo_delegation,iog,624,46,46,31
2026-06-11T13:54:37Z,abcde_forensics_stage_founders_depth14,spo_delegation,iog,625,48,45,33
2026-06-11T13:54:37Z,abcde_forensics_stage_founders_depth14,spo_delegation,iog,626,61,59,39
2026-06-11T13:54:37Z,abcde_forensics_stage_founders_depth14,spo_delegation,iog,627,44,42,34
2026-06-11T13:54:37Z,abcde_forensics_stage_founders_depth14,spo_delegation,iog,628,58,54,43
2026-06-11T13:54:37Z,abcde_forensics_stage_founders_depth14,spo_delegation,iog,629,65,62,42
2026-06-11T13:54:37Z,abcde_forensics_stage_founders_depth14,spo_delegation,iog,630,55,53,39
2026-06-11T13:54:37Z,abcde_forensics_stage_founders_depth14,spo_delegation,iog,631,44,43,33
2026-06-11T13:54:37Z,abcde_forensics_stage_founders_depth14,spo_delegation,iog,632,49,42,33
2026-06-11T13:54:37Z,abcde_forensics_stage_founders_depth14,spo_delegation,iog,633,33,33,18
2026-06-11T13:54:37Z,abcde_forensics_stage_founders_depth14,spo_delegation,iog,634,55,42,41
2026-06-11T13:54:37Z,abcde_forensics_stage_founders_depth14,spo_delegation,iog,635,37,31,30
