root_seed_id,pool_id_bech32,distinct_stake_addresses,delegation_cert_count,first_active_epoch,last_active_epoch,first_observed_block_time,last_observed_block_time,source_files
cf,pool12vs4c3cm0tr49c7alrevfs0xa5g3s4al4fn46h33e69uusat04v,70,81,210,598,2020-07-30 05:41:51,2025-11-23 15:25:21,legacy/2026-05-20-pre-v2-import/data/raw/cf/delegation_history.csv
cf,pool1jeu74g86ys4fekhykqcww99kdsq3nlym8a6kfw8s8ff3vskad70,66,77,211,594,2020-08-04 00:54:11,2025-11-01 18:51:45,legacy/2026-05-20-pre-v2-import/data/raw/cf/delegation_history.csv
cf,pool15wkxegrfflzcyhurrjxsm9ljqtz09xr5rtnqsarnp7hmsz5um3t,62,127,232,527,2020-11-20 18:04:14,2024-12-03 01:59:51,legacy/2026-05-20-pre-v2-import/data/raw/cf/delegation_history.csv
cf,pool1qqqqqdk4zhsjuxxd8jyvwncf5eucfskz0xjjj64fdmlgj735lr9,61,64,210,603,2020-07-29 22:15:31,2025-12-20 08:11:00,legacy/2026-05-20-pre-v2-import/data/raw/cf/delegation_history.csv
cf,pool14skj6e4rpjanzclx3fc880xnl8xafgg63tmw93t9xspvwx985qu,60,60,212,501,2020-08-11 16:02:11,2024-07-24 17:27:50,legacy/2026-05-20-pre-v2-import/data/raw/cf/delegation_history.csv
cf,pool12l453n0jtxqq88cgwgr67z06ldyhqqvwxgkn0sgungjfvhtp2el,58,63,231,501,2020-11-13 17:11:45,2024-07-25 06:03:24,legacy/2026-05-20-pre-v2-import/data/raw/cf/delegation_history.csv
cf,pool1rvng7n968748udkc5rxy4h9zp9hms4s3jsfwuues76ft28uc056,58,67,210,405,2020-07-30 01:59:31,2023-04-05 15:10:38,legacy/2026-05-20-pre-v2-import/data/raw/cf/delegation_history.csv
cf,pool1ecvcst7k9eul4ggnljh0jw2s5nc2tyfmyzsx3xg3kmmz6ptgfwj,53,67,211,317,2020-08-05 16:04:11,2022-01-16 21:48:42,legacy/2026-05-20-pre-v2-import/data/raw/cf/delegation_history.csv
cf,pool1a2nh3ktswllhwf07fjahpdg5mpqyq7j950pyftq9765r6t4cefl,50,54,210,345,2020-07-30 04:33:31,2022-06-05 21:07:14,legacy/2026-05-20-pre-v2-import/data/raw/cf/delegation_history.csv
cf,pool1ekcsyzwexl7p2kwxxh34hy28l6772vrmff7jwmuxsa6u6fzty9z,50,55,210,442,2020-08-01 12:27:11,2023-10-03 00:49:17,legacy/2026-05-20-pre-v2-import/data/raw/cf/delegation_history.csv
cf,pool1qnrqc7zpwye2r9wtkayh2dryvfqs7unp99f2039duljrsaffq5c,45,49,210,512,2020-07-30 16:37:51,2024-09-19 09:25:23,legacy/2026-05-20-pre-v2-import/data/raw/cf/delegation_history.csv
cf,pool1xxhs2zw5xa4g54d5p62j46nlqzwp8jklqvuv2agjlapwjx9qkg9,43,47,210,330,2020-07-30 01:14:11,2022-03-22 20:47:20,legacy/2026-05-20-pre-v2-import/data/raw/cf/delegation_history.csv
cf,pool14enw2643rn9nn6yzv60jyz3hj4kxs0jvap87lkgsqykh508jxm6,41,61,237,475,2020-12-16 20:40:16,2024-03-18 02:26:18,legacy/2026-05-20-pre-v2-import/data/raw/cf/delegation_history.csv
cf,pool1x0qm7xsyh2za3ltprxsgael544je4hg8tc3q3v5gv232z8jt4wp,41,45,212,284,2020-08-11 23:29:11,2021-08-08 19:42:50,legacy/2026-05-20-pre-v2-import/data/raw/cf/delegation_history.csv
cf,pool1vx9tzlkgafernd9vpjpxkenutx2gncj4yn88fpq69823qlwcqrt,40,43,210,339,2020-07-29 22:35:31,2022-05-09 09:45:59,legacy/2026-05-20-pre-v2-import/data/raw/cf/delegation_history.csv
cf,pool15yyxtkhz64p7a8cnax9l7u82s9t9hdhyxsa3tdm977qhgpnsuhq,38,41,210,416,2020-08-01 10:20:11,2023-05-29 05:10:57,legacy/2026-05-20-pre-v2-import/data/raw/cf/delegation_history.csv
cf,pool1s0cfkzheywsftgwp0yz7sq4rt5gyf7t5kfwj5a269kpxvndjn6q,38,43,210,600,2020-07-30 11:22:51,2025-12-04 19:17:24,legacy/2026-05-20-pre-v2-import/data/raw/cf/delegation_history.csv
cf,pool1hntu7agmt8u5j9c20ejen7dvq0jfkvkpnul3mrdd8tppqvwfvt2,36,38,210,389,2020-08-03 18:59:11,2023-01-12 03:11:40,legacy/2026-05-20-pre-v2-import/data/raw/cf/delegation_history.csv
cf,pool1ctzja2cdwyeqnvehmrlclc5wrn9w9acwklk3acn73jrx56d66vs,35,39,210,450,2020-07-30 13:56:31,2023-11-14 00:36:06,legacy/2026-05-20-pre-v2-import/data/raw/cf/delegation_history.csv
cf,pool1lvsa8e0dw6z8g2fkw7prnfa7627wuy5jjexaadck6w5sxw5xkvm,32,36,210,567,2020-08-01 15:57:11,2025-06-23 03:57:45,legacy/2026-05-20-pre-v2-import/data/raw/cf/delegation_history.csv
cf,pool1qqqyv9pn9typyqwcxqk5ewpxy5p27g5j2ms58hpp2c2kuzs5z77,32,36,210,341,2020-07-30 01:19:51,2022-05-18 07:21:41,legacy/2026-05-20-pre-v2-import/data/raw/cf/delegation_history.csv
cf,pool16kus5xvdysgmtjp0hhlwt72tsm0yn2zcn0a8wg9emc6c75lxvmc,31,33,210,483,2020-07-30 09:33:31,2024-04-26 20:02:13,legacy/2026-05-20-pre-v2-import/data/raw/cf/delegation_history.csv
cf,pool1gclysx2h7fndj0jdajlmwvqr8q9tzu3rurjknacu0ff954fsg9a,30,33,211,498,2020-08-05 18:02:31,2024-07-09 22:31:46,legacy/2026-05-20-pre-v2-import/data/raw/cf/delegation_history.csv
cf,pool1jst7rrhucnp93hepezv5yqy6fx982xs2v0udwfc5ea6my3kfak7,29,30,235,396,2020-12-02 02:16:46,2023-02-15 19:42:33,legacy/2026-05-20-pre-v2-import/data/raw/cf/delegation_history.csv
cf,pool1mxqjlrfskhd5kql9kak06fpdh8xjwc76gec76p3taqy2qmfzs5z,28,28,211,253,2020-08-05 15:44:11,2021-03-04 03:50:18,legacy/2026-05-20-pre-v2-import/data/raw/cf/delegation_history.csv
cf,pool108zdflss3ayqlm5c7vr6mtqj2uwl99vk28ur8dv4zswdzt6yauc,27,31,210,438,2020-07-30 01:27:31,2023-09-16 14:39:10,legacy/2026-05-20-pre-v2-import/data/raw/cf/delegation_history.csv
cf,pool1gtphgrdj8sluxm9e7ca2spcwcq2p0dxj9zf5v0yv3gsagzq704n,27,29,210,590,2020-07-29 23:07:11,2025-10-14 12:59:41,legacy/2026-05-20-pre-v2-import/data/raw/cf/delegation_history.csv
cf,pool1qwa8x4u4a2pff0xdv0haxpgk3tyrvl5adl2lpf3ztcftqruhea0,27,27,210,614,2020-07-29 23:05:11,2026-02-09 08:48:26,legacy/2026-05-20-pre-v2-import/data/raw/cf/delegation_history.csv
cf,pool1vc8jp7uagxgh8trzx7r260ndcydz89ges8sws05cyv7jj8q8gqs,27,28,210,468,2020-07-30 18:01:31,2024-02-11 07:58:12,legacy/2026-05-20-pre-v2-import/data/raw/cf/delegation_history.csv
cf,pool13annzt9hjfc822f0ejvxjf7fsmxd6cc28whpk5kagec6ggfmm7u,26,36,248,395,2021-02-07 09:28:08,2023-02-10 19:27:16,legacy/2026-05-20-pre-v2-import/data/raw/cf/delegation_history.csv
cf,pool1l3fvlzadk5hg78wy3e304s9t8tjzxnu962e2fl7tq8x2yg3mz6l,26,26,211,217,2020-08-06 20:27:31,2020-09-03 02:38:14,legacy/2026-05-20-pre-v2-import/data/raw/cf/delegation_history.csv
cf,pool16fyda57p3c8gp5r6gmcq5tvqsp6mnzwvkxswgznkuh8wztrp6vv,25,34,210,467,2020-07-31 19:35:11,2024-02-05 14:01:57,legacy/2026-05-20-pre-v2-import/data/raw/cf/delegation_history.csv
cf,pool1m62sl6rauje9cknrkhwl39tc4hujudkd7gp478dpz7tagmjr8wm,25,26,212,350,2020-08-11 17:30:11,2022-06-30 05:08:13,legacy/2026-05-20-pre-v2-import/data/raw/cf/delegation_history.csv
cf,pool1u4sxd6x0qsy7evljt24vtnyhpxd098n609sfcmly6c096mr3jgq,25,30,210,328,2020-07-31 15:39:11,2022-03-15 16:37:01,legacy/2026-05-20-pre-v2-import/data/raw/cf/delegation_history.csv
cf,pool195gdnmj6smzuakm4etxsxw3fgh8asqc4awtcskpyfnkpcvh2v8t,24,25,210,604,2020-07-30 00:22:51,2025-12-21 15:58:52,legacy/2026-05-20-pre-v2-import/data/raw/cf/delegation_history.csv
cf,pool1jg3fmnmc9n52sgzslhhvhye5e3xeqmrwkekdhh82sma47r47zg0,24,32,216,356,2020-08-29 09:05:59,2022-08-01 05:38:08,legacy/2026-05-20-pre-v2-import/data/raw/cf/delegation_history.csv
cf,pool1ljlmfg7p37ysmea9ra5xqwccue203dpj40w6zlzn5r2cvjrf6tw,24,30,210,317,2020-07-30 07:38:31,2022-01-18 11:38:19,legacy/2026-05-20-pre-v2-import/data/raw/cf/delegation_history.csv
cf,pool1pp7tn2w6ken4rpfcjwcdup3g4m5gcdhc9lgvrm3mnxz5stmrhq2,24,28,212,598,2020-08-12 19:56:51,2025-11-20 23:03:31,legacy/2026-05-20-pre-v2-import/data/raw/cf/delegation_history.csv
cf,pool1qqqqpanw9zc0rzh0yp247nzf2s35uvnsm7aaesfl2nnejaev0uc,24,27,210,539,2020-08-03 07:08:31,2025-02-02 17:25:42,legacy/2026-05-20-pre-v2-import/data/raw/cf/delegation_history.csv
cf,pool1v4xevkf7fx08pzy7atsk59dds6p0sdyl6xmhwf4mh79x6l5p6kx,24,24,212,262,2020-08-10 20:32:51,2021-04-16 07:43:46,legacy/2026-05-20-pre-v2-import/data/raw/cf/delegation_history.csv
cf,pool1ynxx88cq0y8vg8yrq3jrw6epm7rq9a8859v34sq9lzjy7ztg90u,24,24,241,411,2021-01-05 18:00:53,2023-05-05 20:58:36,legacy/2026-05-20-pre-v2-import/data/raw/cf/delegation_history.csv
cf,pool1caulv7s08g0jnptzdc69qycptacu7fzahny2epzh7sh9vhqz6xz,23,28,243,349,2021-01-12 18:34:09,2022-06-29 14:27:20,legacy/2026-05-20-pre-v2-import/data/raw/cf/delegation_history.csv
cf,pool1lhz4gsk5ezdl5s4mv2kxgrkhzzhad6me2v0xmwuyt845vensdlc,23,31,229,607,2020-11-02 20:44:11,2026-01-07 12:33:19,legacy/2026-05-20-pre-v2-import/data/raw/cf/delegation_history.csv
cf,pool1nhlv5z2lsptzgcp9ype0mppc7zyndm66ypm4sw5hy27ewdchqx0,23,25,225,342,2020-10-16 15:05:46,2022-05-25 06:01:54,legacy/2026-05-20-pre-v2-import/data/raw/cf/delegation_history.csv
cf,pool1rjxdqghfjw5rv6lxg8qhedkechvfgnsqhl8rrzwck9g45n43yql,23,31,262,483,2021-04-20 15:19:19,2024-04-25 21:43:58,legacy/2026-05-20-pre-v2-import/data/raw/cf/delegation_history.csv
cf,pool167zl76srpt5a2gthpsq0ye9z4fpray5vsh7xyzcn63hd5mnw7fa,22,26,231,252,2020-11-12 12:26:25,2021-02-27 23:23:05,legacy/2026-05-20-pre-v2-import/data/raw/cf/delegation_history.csv
cf,pool16tcjctesjnks0p8sfrlf8f3d3vrp2fdn2msy80sgg3cdjtayu3z,22,25,210,359,2020-07-30 02:00:11,2022-08-15 00:28:57,legacy/2026-05-20-pre-v2-import/data/raw/cf/delegation_history.csv
cf,pool1g3ssnndd8e7lcmstkjl9ane9mup0eshv3aklg63u5tznwl4ch87,22,24,239,375,2020-12-25 21:05:15,2022-11-06 18:13:44,legacy/2026-05-20-pre-v2-import/data/raw/cf/delegation_history.csv
cf,pool1rkyc3ss904h066sffergss99r9p2kqa4k6ds0g4u5ud4x7yaajd,22,24,210,252,2020-07-30 11:32:51,2021-02-28 16:39:36,legacy/2026-05-20-pre-v2-import/data/raw/cf/delegation_history.csv
cf,pool1zz7x8ergn02chznayj9fjds2gk5q6prmpdr49faspd65kzqsrjs,22,22,211,433,2020-08-07 23:06:11,2023-08-21 14:13:25,legacy/2026-05-20-pre-v2-import/data/raw/cf/delegation_history.csv
cf,pool10akpqvczl93ep4rc59c0aqyn3dm0env2ydysuwmdm670wl24pd8,21,26,212,488,2020-08-11 21:57:11,2024-05-20 01:00:23,legacy/2026-05-20-pre-v2-import/data/raw/cf/delegation_history.csv
cf,pool15zrkyr0f80hxlt4scv72tej8l8zwrcphmrega9wutqchjekceal,21,23,223,361,2020-10-07 09:40:39,2022-08-24 08:19:51,legacy/2026-05-20-pre-v2-import/data/raw/cf/delegation_history.csv
cf,pool1pshqcksxywy68lt04lw6uf35f4yssekh5dx2mxqmyrukke2z5y3,21,22,210,520,2020-07-31 19:37:31,2024-10-27 17:09:04,legacy/2026-05-20-pre-v2-import/data/raw/cf/delegation_history.csv
cf,pool1xjhzgchsl2ccvc5pj3aqytv9hh0jnaz63wtfnw4th07tjypm46x,21,29,236,576,2020-12-10 09:15:16,2025-08-05 21:33:14,legacy/2026-05-20-pre-v2-import/data/raw/cf/delegation_history.csv
cf,pool10qmnswfc22zm0fscg80gkwqz65ujwjkqmctv8g9l9l58wqtelgg,20,23,210,326,2020-07-30 11:51:31,2022-03-01 21:58:42,legacy/2026-05-20-pre-v2-import/data/raw/cf/delegation_history.csv
cf,pool19asxjgd6ah9ddzauwede4wpt9vsp6s4ax5nz297wt47evc9sn7z,20,23,242,525,2021-01-07 04:49:08,2024-11-22 20:20:32,legacy/2026-05-20-pre-v2-import/data/raw/cf/delegation_history.csv
cf,pool1ddgcpgjcyawxw95se9x8qnc8gxgwjr4fqrk4vk6v9x47s0ggpjp,20,21,210,320,2020-07-30 04:59:11,2022-02-01 21:08:49,legacy/2026-05-20-pre-v2-import/data/raw/cf/delegation_history.csv
cf,pool1hwlghkwnjsjk8370qt3dvp23d7urwm36f95fmxcz3np2kghknj9,20,22,210,298,2020-07-29 23:14:11,2021-10-13 11:28:51,legacy/2026-05-20-pre-v2-import/data/raw/cf/delegation_history.csv
cf,pool1nudasuv0lljpe0tswcverqvlh0v4226vgnpsuxn0e9nkvnvcvne,20,22,210,483,2020-08-03 08:16:51,2024-04-27 16:48:27,legacy/2026-05-20-pre-v2-import/data/raw/cf/delegation_history.csv
cf,pool1qqvukkkfr3ux4qylfkrky23f6trl2l6xjluv36z90ax7gfa8yxt,20,24,210,329,2020-07-31 20:40:31,2022-03-21 00:46:00,legacy/2026-05-20-pre-v2-import/data/raw/cf/delegation_history.csv
cf,pool1z7n2ruhmxmv77f6cqhd3wsy6774h2wuay77agxuf2y9mj8q55vw,20,21,210,513,2020-07-30 00:02:31,2024-09-21 22:14:41,legacy/2026-05-20-pre-v2-import/data/raw/cf/delegation_history.csv
cf,pool12t3zmafwjqms7cuun86uwc8se4na07r3e5xswe86u37djr5f0lx,19,22,211,574,2020-08-08 02:23:51,2025-07-25 18:57:53,legacy/2026-05-20-pre-v2-import/data/raw/cf/delegation_history.csv
cf,pool1cjz6kg9a8ug9uk0nc59q60a67c2628ms58rd98gq587jwa2x5qt,19,23,307,405,2021-12-01 08:00:56,2023-04-03 09:03:34,legacy/2026-05-20-pre-v2-import/data/raw/cf/delegation_history.csv
cf,pool1jdhjfcu34lq88rypdtslzwyf27uh0h3apcr9mjd68zhc69r29fy,19,21,232,304,2020-11-17 14:49:05,2021-11-12 00:11:34,legacy/2026-05-20-pre-v2-import/data/raw/cf/delegation_history.csv
cf,pool1u7mqtde27swkarngjsn5mmw3sy20zavlafgqkmg8qv2n2nwga0l,19,21,225,289,2020-10-17 17:05:32,2021-08-28 22:21:27,legacy/2026-05-20-pre-v2-import/data/raw/cf/delegation_history.csv
cf,pool1ukeqarukv9gxwy9pt8jkr4qvad2yf87758g3xzemmvmtk8lrynp,19,24,210,463,2020-08-02 01:01:11,2024-01-16 08:01:13,legacy/2026-05-20-pre-v2-import/data/raw/cf/delegation_history.csv
cf,pool1zgxvcqf0dvh0ze56ev2ayjvuex3zdd3hgxzdrcezkx497mv3l7s,19,20,245,546,2021-01-23 07:50:20,2025-03-08 20:24:51,legacy/2026-05-20-pre-v2-import/data/raw/cf/delegation_history.csv
cf,pool17xextu09ghdfcmsq83whq0a45geg83jxe4qt94sevu087tzdzkl,18,18,210,327,2020-07-31 05:03:51,2022-03-09 09:46:03,legacy/2026-05-20-pre-v2-import/data/raw/cf/delegation_history.csv
cf,pool1ksazs9mzcuyr3mfrvw48dc5wkgsjceztakymmv7jpxle7l2nfs0,18,22,227,450,2020-10-23 12:45:28,2023-11-16 13:36:38,legacy/2026-05-20-pre-v2-import/data/raw/cf/delegation_history.csv
cf,pool1ljywsch33t7gaf02aeeqkqpuku0ngpwl9fm04t7u5sl5xyunmgp,18,21,210,389,2020-08-03 20:44:51,2023-01-15 13:28:38,legacy/2026-05-20-pre-v2-import/data/raw/cf/delegation_history.csv
cf,pool1qa6lqyu67ghpa0evxfu9nzqkj3h82qpfku82ec79zdwru4pd25m,18,20,224,574,2020-10-08 23:07:37,2025-07-28 06:16:37,legacy/2026-05-20-pre-v2-import/data/raw/cf/delegation_history.csv
cf,pool1qfxukshs4fkcrflzdnxa2fdza5lfvew3y6echg8ckaa4q8m5hyf,18,18,216,362,2020-08-30 12:29:51,2022-09-01 11:14:34,legacy/2026-05-20-pre-v2-import/data/raw/cf/delegation_history.csv
cf,pool1qqq6qqa0hpzvumv5p87ynczfmdj557xuwlc3289ke42g72z7f74,18,21,210,388,2020-07-30 00:56:11,2023-01-09 12:20:44,legacy/2026-05-20-pre-v2-import/data/raw/cf/delegation_history.csv
cf,pool104avq7309gjm0fxms69yqusxy8zf888k4mamngg5vnc6vculpzq,17,20,258,447,2021-03-28 19:01:31,2023-11-01 03:17:45,legacy/2026-05-20-pre-v2-import/data/raw/cf/delegation_history.csv
cf,pool1dxkf7k3qwnpgpxqfye8y9jvk7lver3fk8dq7c4dpzezyyx8cf5c,17,35,210,462,2020-07-30 03:20:51,2024-01-13 11:24:08,legacy/2026-05-20-pre-v2-import/data/raw/cf/delegation_history.csv
cf,pool1jk25l2pejpdzq8vdjlxrr05th49v9tgd78fqrtxvuw3rumpfc6t,17,24,210,396,2020-07-29 23:52:31,2023-02-15 19:23:18,legacy/2026-05-20-pre-v2-import/data/raw/cf/delegation_history.csv
cf,pool1lurfk0k0wwx54hlg8a7zp3jtstu57u59aeq7aketl55hknmmtu0,17,17,227,619,2020-10-23 12:50:24,2026-03-08 23:38:47,legacy/2026-05-20-pre-v2-import/data/raw/cf/delegation_history.csv
cf,pool1ntfxj2jgvhzen8e86ed679ctukar3vj538ywyyq8ryld66jj4sx,17,18,298,384,2021-10-16 18:24:22,2022-12-18 08:37:56,legacy/2026-05-20-pre-v2-import/data/raw/cf/delegation_history.csv
cf,pool1qqqqdktl6pq46td0mwut0qn30g7nlue0sete9wxl0hwsq37wrw8,17,17,234,449,2020-11-28 21:08:02,2023-11-07 19:52:58,legacy/2026-05-20-pre-v2-import/data/raw/cf/delegation_history.csv
cf,pool1uk2f28awascuhrhuwrp7x6y87x8ch33vwx8jtmrysp7l5ngq78j,17,24,234,539,2020-12-01 01:40:24,2025-01-30 06:44:35,legacy/2026-05-20-pre-v2-import/data/raw/cf/delegation_history.csv
cf,pool1w7c2j0px43jmudhf48ezp7dy8j7904c9l3wc7809lhh2z026hch,17,17,220,483,2020-09-20 12:41:19,2024-04-24 21:52:26,legacy/2026-05-20-pre-v2-import/data/raw/cf/delegation_history.csv
cf,pool1w8ham64lthvzzxzn5hknq4yrj8xt2nark409s2xmntlwvt4ag3r,17,17,210,408,2020-07-30 00:09:51,2023-04-17 13:18:05,legacy/2026-05-20-pre-v2-import/data/raw/cf/delegation_history.csv
cf,pool14zdqqv73f9xa9re9pzc4sjvgmycf0dm4zclj34zupj032ggnjdw,16,18,300,323,2021-10-25 13:03:24,2022-02-19 06:42:52,legacy/2026-05-20-pre-v2-import/data/raw/cf/delegation_history.csv
cf,pool16agnvfan65ypnswgg6rml52lqtcqe5guxltexkn82sqgj2crqtx,16,17,212,411,2020-08-12 16:40:51,2023-05-03 16:33:24,legacy/2026-05-20-pre-v2-import/data/raw/cf/delegation_history.csv
cf,pool19r8kcmqpajlm6h5q0lv8jye0q7evdur39wfsgs4z98fcqpz9lct,16,17,233,319,2020-11-21 21:53:34,2022-01-28 16:42:29,legacy/2026-05-20-pre-v2-import/data/raw/cf/delegation_history.csv
cf,pool1fqwnqk3phwa2s5thgym8dw34pv0z67m526uqprnjh93cvzxymef,16,21,241,434,2021-01-04 16:09:45,2023-08-27 08:31:19,legacy/2026-05-20-pre-v2-import/data/raw/cf/delegation_history.csv
cf,pool1ng3vqzrhn3z45yjdscv3q37n26g2pj3vp99rfkgv6225y8lqg8j,16,16,252,569,2021-02-27 00:27:42,2025-07-01 04:01:28,legacy/2026-05-20-pre-v2-import/data/raw/cf/delegation_history.csv
cf,pool1s3z5qsg75dar26ykyzcz2u8wc2swgq7pyp7f9sdh5n06qh3jhq2,16,21,210,294,2020-07-30 01:00:31,2021-09-27 19:15:51,legacy/2026-05-20-pre-v2-import/data/raw/cf/delegation_history.csv
cf,pool1uj4u73qgtprqre78q75fq2vkcrpfrcdreqcqkvn6u0m2k6nk2yp,16,18,249,350,2021-02-11 05:19:40,2022-07-01 01:10:29,legacy/2026-05-20-pre-v2-import/data/raw/cf/delegation_history.csv
cf,pool16j3mvwws7zc9pjluyhddgea0tq647v0dh3y4nkcuckg9znjcun2,15,17,306,398,2021-11-24 22:41:19,2023-02-26 14:27:06,legacy/2026-05-20-pre-v2-import/data/raw/cf/delegation_history.csv
cf,pool1druxd2syfrvqvepxh60fz0qhralcesruphh5atujuh0jktjy0ma,15,20,217,348,2020-09-04 12:46:17,2022-06-24 10:54:13,legacy/2026-05-20-pre-v2-import/data/raw/cf/delegation_history.csv
cf,pool1dxwgzj66pual956mnv9delkelg873yvgr2dd8s279m0hxqvr475,15,16,213,259,2020-08-15 15:57:48,2021-04-01 08:36:22,legacy/2026-05-20-pre-v2-import/data/raw/cf/delegation_history.csv
cf,pool1mut4phum9hegtl8m2r68gpjh5x8w8t6zwf75zrphhp3qwwrrpgt,15,18,211,453,2020-08-08 17:50:31,2023-12-01 18:34:28,legacy/2026-05-20-pre-v2-import/data/raw/cf/delegation_history.csv
cf,pool1ppznyu6qrvlw9uuqa3tslryjd40nh56jyvmaqw6kdf4kzq3y8kh,15,16,229,444,2020-11-06 12:20:48,2023-10-14 01:33:18,legacy/2026-05-20-pre-v2-import/data/raw/cf/delegation_history.csv
cf,pool1qqqqzyqf8mlm70883zht60n4q6uqxg4a8x266sewv8ad2grkztl,15,15,210,319,2020-07-30 15:23:11,2022-01-30 21:42:34,legacy/2026-05-20-pre-v2-import/data/raw/cf/delegation_history.csv
cf,pool1qzlw72zfwhhc0ptvzdpld06szu39x9mlm6782efy6sluz932fx6,15,22,211,317,2020-08-06 01:52:31,2022-01-20 00:48:09,legacy/2026-05-20-pre-v2-import/data/raw/cf/delegation_history.csv
cf,pool1ttxtgplmy2v7t9s56gm3xxhsyxe68kpx0vu3utts03p2k4x3avl,15,15,310,327,2021-12-12 02:39:21,2022-03-08 04:06:36,legacy/2026-05-20-pre-v2-import/data/raw/cf/delegation_history.csv
cf,pool1vquhv3kh6xkklckaenl8alyuhfsld57ef5573aqauueyqacx4ak,15,18,210,489,2020-07-30 01:51:51,2024-05-27 17:38:36,legacy/2026-05-20-pre-v2-import/data/raw/cf/delegation_history.csv
cf,pool1xru6f3fflzwkptgm68pncrsncg9ngllv0jk8jnz40m7wusfhazk,15,16,229,407,2020-11-03 16:44:32,2023-04-11 19:27:46,legacy/2026-05-20-pre-v2-import/data/raw/cf/delegation_history.csv
cf,pool1xytvsd9qnvqxpthh9p8k85e823trvn3npxeur8kr9zhkqz5uls9,15,15,247,528,2021-02-02 08:52:04,2024-12-09 23:27:35,legacy/2026-05-20-pre-v2-import/data/raw/cf/delegation_history.csv
cf,pool16hs0jxw7h6pwg3ru7rcq3yvg4csj7lhmcpj68kqem2sh5nt8mwk,14,15,236,351,2020-12-07 19:03:44,2022-07-06 14:55:21,legacy/2026-05-20-pre-v2-import/data/raw/cf/delegation_history.csv
cf,pool17ahr5ygy48vpdfnatqn2z4wfu2te4quapk2yx3k50ce6kd7feg0,14,18,210,580,2020-08-02 09:03:11,2025-08-23 09:09:51,legacy/2026-05-20-pre-v2-import/data/raw/cf/delegation_history.csv
cf,pool1dmpzsnuwxy44ky3dskuhmwpglumy6j0rc5wyfxlu3zym798f79g,14,18,311,348,2021-12-17 12:59:22,2022-06-23 01:26:32,legacy/2026-05-20-pre-v2-import/data/raw/cf/delegation_history.csv
cf,pool1ea568m9q882n0tx5d4vxff2dmz2n7rq5h62hx5ystq625m4tcfu,14,16,234,408,2020-12-01 00:52:10,2023-04-18 03:51:57,legacy/2026-05-20-pre-v2-import/data/raw/cf/delegation_history.csv
cf,pool1kkfkdces5mdcyc9dn2hgg3463jggjvw3h89nejjarkz25uavaqu,14,15,210,408,2020-07-30 00:00:11,2023-04-19 11:19:41,legacy/2026-05-20-pre-v2-import/data/raw/cf/delegation_history.csv
cf,pool1nhls8e9swnyshldgjknku4npreax075nw0ltrkmrarh4w3skxt9,14,14,210,297,2020-07-30 07:55:31,2021-10-08 23:47:50,legacy/2026-05-20-pre-v2-import/data/raw/cf/delegation_history.csv
cf,pool1qzlw7z5mutmd39ldyjnp8n650weqe55z5p8dl3fagac3ge0nx8l,14,21,210,451,2020-07-29 22:13:51,2023-11-20 19:30:54,legacy/2026-05-20-pre-v2-import/data/raw/cf/delegation_history.csv
cf,pool1vnsfv2qpt5gxte9prupjey8kw7ap7t6c8lc02ks4s3gtqplhgd3,14,14,210,350,2020-07-31 05:52:31,2022-07-04 10:13:02,legacy/2026-05-20-pre-v2-import/data/raw/cf/delegation_history.csv
cf,pool1z5uqdk7dzdxaae5633fqfcu2eqzy3a3rgtuvy087fdld7yws0xt,14,18,210,382,2020-07-29 22:36:11,2022-12-07 07:08:17,legacy/2026-05-20-pre-v2-import/data/raw/cf/delegation_history.csv
cf,pool1zc7vxe3ymyej76h8wu8gm79chtt7w9c3adkza4uhrjvagr9w4zp,14,14,231,322,2020-11-14 22:53:51,2022-02-11 04:49:45,legacy/2026-05-20-pre-v2-import/data/raw/cf/delegation_history.csv
cf,pool106p2jjwuwagq2as7cdzx4y6cyc2pdj7a3h3vv5cvkvnskegff3w,13,13,232,341,2020-11-19 15:28:35,2022-05-20 14:48:31,legacy/2026-05-20-pre-v2-import/data/raw/cf/delegation_history.csv
cf,pool12n6lycv28kjtkzecfz2a3uujyxy6ewuwjcmjq84my67psqmgagv,13,15,219,402,2020-09-14 13:01:31,2023-03-19 18:03:56,legacy/2026-05-20-pre-v2-import/data/raw/cf/delegation_history.csv
cf,pool17dag45ldepvckqdxvvppwdy4w8qczsz0awtutqyj2pzashn3ds2,13,14,227,246,2020-10-23 12:49:47,2021-01-27 00:28:41,legacy/2026-05-20-pre-v2-import/data/raw/cf/delegation_history.csv
cf,pool1ell3xjtspzzz4vtsatscan6rheltf7j3hh2s8qsam2h3jvcxzm9,13,13,210,441,2020-07-30 09:45:31,2023-09-29 16:15:43,legacy/2026-05-20-pre-v2-import/data/raw/cf/delegation_history.csv
cf,pool1jhzf2mm6zdlhl6w89uhgx8nq8p6ykcc86qq58vjy0ejyxrrksfj,13,14,210,332,2020-07-29 22:22:11,2022-04-04 11:59:05,legacy/2026-05-20-pre-v2-import/data/raw/cf/delegation_history.csv
cf,pool1jt7d6ak3m8gnjyxtuxfswe258xzwda80ndl0a57vv5m2zv8h6at,13,15,210,319,2020-07-31 17:50:51,2022-01-29 16:40:19,legacy/2026-05-20-pre-v2-import/data/raw/cf/delegation_history.csv
cf,pool1rpjjz68kmmetyxztmrstrwgz8lxf6v0d7vqgw98r5x8rc50jrdf,13,13,211,252,2020-08-08 21:29:51,2021-02-25 08:40:42,legacy/2026-05-20-pre-v2-import/data/raw/cf/delegation_history.csv
cf,pool1s6x6kltycpxq82hyqhlqllqj3q5l2m8w499gvtu4xrfv29c0q2q,13,13,223,269,2020-10-07 09:29:21,2021-05-21 23:45:28,legacy/2026-05-20-pre-v2-import/data/raw/cf/delegation_history.csv
cf,pool1sjwdmeme5zs042jzwmdvxshhv27kepxke0mr02f2yzacsyd4wtu,13,13,255,307,2021-03-16 18:40:20,2021-12-01 10:01:47,legacy/2026-05-20-pre-v2-import/data/raw/cf/delegation_history.csv
cf,pool1urgvu6zk422j4xwtxa45lzpd6dm25msfthpkezr042secrtuwzc,13,15,267,461,2021-05-14 07:03:05,2024-01-06 17:21:01,legacy/2026-05-20-pre-v2-import/data/raw/cf/delegation_history.csv
cf,pool1vafsg5t78rnx3qr3fv7ys9h50pnvxqhd4l8tj629l5zk7tc39ch,13,14,210,317,2020-07-30 21:28:51,2022-01-20 12:48:38,legacy/2026-05-20-pre-v2-import/data/raw/cf/delegation_history.csv
cf,pool1wf7wk3802jxtkmek6uprm77cgqx53t4qep9kwkl078w3yw0ff69,13,14,236,404,2020-12-08 05:26:38,2023-03-31 15:52:56,legacy/2026-05-20-pre-v2-import/data/raw/cf/delegation_history.csv
cf,pool1wxn9nsl8rvxa6r8e5eaak0ml6etfxnz2n9vqrmsw5nzgyexgkrn,13,17,210,452,2020-07-30 14:21:31,2023-11-22 12:22:50,legacy/2026-05-20-pre-v2-import/data/raw/cf/delegation_history.csv
cf,pool1xlphlhnjvfeh40vcqf9fdewztsj6kyxq6604kaccpv00umjfu0d,13,13,212,387,2020-08-10 23:39:11,2023-01-01 23:48:07,legacy/2026-05-20-pre-v2-import/data/raw/cf/delegation_history.csv
cf,pool12z39rkzfylvn9wfe8j6x9ucq6g2l4mw4azj70y0gd8ejczznyj3,12,13,247,503,2021-02-04 13:39:47,2024-08-05 02:49:13,legacy/2026-05-20-pre-v2-import/data/raw/cf/delegation_history.csv
cf,pool189lsf6c2upyhmrzddyvyfjxxkqnte9pw8aqx7f4cuf85sjxlm02,12,16,234,524,2020-11-30 12:33:11,2024-11-17 01:09:50,legacy/2026-05-20-pre-v2-import/data/raw/cf/delegation_history.csv
cf,pool19w5khsnmu27au0kprw0kjm8jr7knneysj7lfkqvnu66hyz0jxsx,12,15,230,519,2020-11-07 23:27:22,2024-10-23 06:02:05,legacy/2026-05-20-pre-v2-import/data/raw/cf/delegation_history.csv
cf,pool1ekhy5xsgjaq38em75vevk8df0k0rljju77tljw288ys5kumqce5,12,15,210,396,2020-07-30 00:32:51,2023-02-15 02:57:09,legacy/2026-05-20-pre-v2-import/data/raw/cf/delegation_history.csv
cf,pool1k0ucs0fau2vhr3p7qh7mnpfgrllwwda7petxjz2gzzaxkyp8f88,12,14,210,620,2020-07-31 02:12:51,2026-03-14 09:34:33,legacy/2026-05-20-pre-v2-import/data/raw/cf/delegation_history.csv
cf,pool1ksrg8a964464las0ymw88slrwxkychjz9lh09lqltu5m7nw3pq0,12,14,212,323,2020-08-11 02:29:51,2022-02-18 03:51:59,legacy/2026-05-20-pre-v2-import/data/raw/cf/delegation_history.csv
cf,pool1ld9hkah2dkzh73pvh9tf6xr0x28us34msv3zcv2sase5vhvq962,12,12,210,439,2020-07-29 23:07:51,2023-09-19 02:28:44,legacy/2026-05-20-pre-v2-import/data/raw/cf/delegation_history.csv
cf,pool1s6se64qce5rjjjhh6ufcdnc54p8qg78mlhjm38lymx99sqysvzx,12,15,242,541,2021-01-08 16:08:43,2025-02-08 22:19:21,legacy/2026-05-20-pre-v2-import/data/raw/cf/delegation_history.csv
cf,pool1s79cqtwk5s24lcske704ckx7k2pagn8hc95rxvy3xfda6r62pg9,12,13,234,446,2020-11-29 23:39:25,2023-10-24 15:42:03,legacy/2026-05-20-pre-v2-import/data/raw/cf/delegation_history.csv
cf,pool1ty7lh3nvtwxlcpqg2x30fkr3j9ys6nprztr9m4zp3aajxyjk2vz,12,12,223,242,2020-10-07 09:36:53,2021-01-09 16:56:43,legacy/2026-05-20-pre-v2-import/data/raw/cf/delegation_history.csv
cf,pool1u99x2rr6trfznwakv0959llmxmtgc2nvanc067uugl3ejuvvnc8,12,13,276,317,2021-06-27 09:38:46,2022-01-20 20:51:39,legacy/2026-05-20-pre-v2-import/data/raw/cf/delegation_history.csv
cf,pool1vh4y864hcq2r66ak37w4dsnkhnsfxaaacs0p5s4vj5676m6txwm,12,12,210,286,2020-08-01 13:40:31,2021-08-14 16:28:37,legacy/2026-05-20-pre-v2-import/data/raw/cf/delegation_history.csv
cf,pool12mmcc4rc2fzfv7gyv8h06nvnsrm3m7erzdv8x6gzvjxlu2lf09n,11,12,210,419,2020-07-30 02:11:31,2023-06-12 16:22:17,legacy/2026-05-20-pre-v2-import/data/raw/cf/delegation_history.csv
cf,pool13crd2ljx87988umk22er6ynwadfwdqupdpcq6prc6v59z62kxse,11,11,247,491,2021-02-04 01:52:49,2024-06-04 19:33:59,legacy/2026-05-20-pre-v2-import/data/raw/cf/delegation_history.csv
cf,pool14u30jkg45xwd27kmznz43hxy596lvrrpj0wz8w9a9k97kmt4p2d,11,11,211,338,2020-08-06 02:16:51,2022-05-02 19:10:09,legacy/2026-05-20-pre-v2-import/data/raw/cf/delegation_history.csv
cf,pool16ajaae2n5lsyr4f9k9uz5y8tpf0996tw640dzu7chwp2wdrnz6a,11,12,294,519,2021-09-27 12:34:28,2024-10-22 18:58:17,legacy/2026-05-20-pre-v2-import/data/raw/cf/delegation_history.csv
cf,pool18v9r8afalh50l4lstct2awdc3zspnvurcs7t45nv29uc2mnxc6c,11,12,210,320,2020-07-31 17:12:51,2022-02-01 22:01:10,legacy/2026-05-20-pre-v2-import/data/raw/cf/delegation_history.csv
cf,pool1a4qtpgce7cu6wzc79fx7qrc3938hkl2gf8c2h5jugvm2gnu86l7,11,11,245,508,2021-01-22 03:01:59,2024-08-31 16:47:11,legacy/2026-05-20-pre-v2-import/data/raw/cf/delegation_history.csv
cf,pool1afv4cmmjdkujtd5r9t63090a3frwwqy8f3e46gz003vyzjcj63r,11,11,210,249,2020-08-01 09:39:11,2021-02-14 19:28:53,legacy/2026-05-20-pre-v2-import/data/raw/cf/delegation_history.csv
cf,pool1eqxnk8mylmksd9amjlyhseax8lcux09ck3etcvlalfzhuu7qvzp,11,13,321,381,2022-02-08 10:53:28,2022-12-02 08:08:13,legacy/2026-05-20-pre-v2-import/data/raw/cf/delegation_history.csv
cf,pool1fys325gzr7kpcjclyy93sx97nm2y4n8raj3830cyez5pqagkfcg,11,11,278,301,2021-07-07 20:49:48,2021-10-30 14:50:44,legacy/2026-05-20-pre-v2-import/data/raw/cf/delegation_history.csv
cf,pool1g5gmej3cj67td4pmvmacnls8nuq0gjld2pwfeg3jwpxujdx6lmu,11,11,216,317,2020-09-02 02:19:03,2022-01-20 20:46:42,legacy/2026-05-20-pre-v2-import/data/raw/cf/delegation_history.csv
cf,pool1hht4pctn70tqdsd0zwuxv8d8cz6l5scjzaquty7vamyzy78eqvc,11,17,212,599,2020-08-11 01:37:11,2025-11-30 20:25:37,legacy/2026-05-20-pre-v2-import/data/raw/cf/delegation_history.csv
cf,pool1jz5ljsnj4fzmk84j0wcw9ldy866dn07nzqg2ktyuyjvfvr3jgtq,11,11,233,318,2020-11-22 16:15:10,2022-01-22 19:19:23,legacy/2026-05-20-pre-v2-import/data/raw/cf/delegation_history.csv
cf,pool1k9w9u6rrn4f729hws6crwh4kc9jsdjq0e8q0f64jp0vzyallw02,11,11,296,303,2021-10-05 17:22:11,2021-11-10 09:49:35,legacy/2026-05-20-pre-v2-import/data/raw/cf/delegation_history.csv
cf,pool1lqpymyzg9glc88r7urptuv0d8t2tu9ty7xtshvxmgpu0j4lp8p3,11,11,227,265,2020-10-23 12:52:15,2021-05-05 05:06:16,legacy/2026-05-20-pre-v2-import/data/raw/cf/delegation_history.csv
cf,pool1mkjtce8r8yeku0mmc9vpwl0scuwuwc8lz89ckpj3k0kwgvlunv5,11,13,360,436,2022-08-20 17:48:00,2023-09-03 03:24:43,legacy/2026-05-20-pre-v2-import/data/raw/cf/delegation_history.csv
cf,pool1p3chxyfv5cfk95hwq5zqjuljrpyk3uk5ua5alpn8rjgkkvvy8ne,11,12,325,396,2022-02-28 06:48:16,2023-02-19 19:14:33,legacy/2026-05-20-pre-v2-import/data/raw/cf/delegation_history.csv
cf,pool1psk0c2p7pwactw00nkzjexdw0msn7g8nddc06eyvds6yswr3tjg,11,12,305,316,2021-11-18 08:46:18,2022-01-15 20:56:51,legacy/2026-05-20-pre-v2-import/data/raw/cf/delegation_history.csv
cf,pool1qqqqrwzy7njvjq9wph7usj5gghm3py9c97688ek8pgc7uem9cfz,11,20,210,317,2020-07-30 12:50:11,2022-01-20 05:16:34,legacy/2026-05-20-pre-v2-import/data/raw/cf/delegation_history.csv
cf,pool1ua0lx5ap5tj9f5l7tyjflp766ca5yu93djh5hqvm4e0kjgw5k7v,11,12,217,271,2020-09-03 07:30:53,2021-05-31 09:28:08,legacy/2026-05-20-pre-v2-import/data/raw/cf/delegation_history.csv
cf,pool1uhy50u9y76nd6z2xmzt3mta0yc7g3gdssef8lheyyg7zzymgzm8,11,11,250,265,2021-02-16 16:52:28,2021-05-03 19:04:34,legacy/2026-05-20-pre-v2-import/data/raw/cf/delegation_history.csv
cf,pool1uyvyxt9k9g038h567x8halej4x87j7m4r4zyz9lhv4dcv83husk,11,12,232,398,2020-11-20 14:35:54,2023-02-25 18:05:15,legacy/2026-05-20-pre-v2-import/data/raw/cf/delegation_history.csv
cf,pool138m7hevnvp664cmtralju857t5k7e4frpnaevtgpuykggr50kne,10,12,264,402,2021-04-26 06:53:29,2023-03-21 16:52:06,legacy/2026-05-20-pre-v2-import/data/raw/cf/delegation_history.csv
cf,pool14wk2m2af7y4gk5uzlsmsunn7d9ppldvcxxa5an9r5ywek8330fg,10,11,210,516,2020-07-31 07:37:31,2024-10-09 10:48:16,legacy/2026-05-20-pre-v2-import/data/raw/cf/delegation_history.csv
cf,pool16nz6k74zsm9x5fyh2wa0pt9cn75hfscfvqsxup0vl0vqqthwnkz,10,10,279,297,2021-07-13 10:34:58,2021-10-11 03:55:42,legacy/2026-05-20-pre-v2-import/data/raw/cf/delegation_history.csv
cf,pool173mzegwuu0pjcrt60ekelzj5haqr8r5e4e0n45qh9jdz7xm5kh8,10,16,210,573,2020-07-29 23:18:11,2025-07-21 21:17:15,legacy/2026-05-20-pre-v2-import/data/raw/cf/delegation_history.csv
cf,pool19f6guwy97mmnxg9dz65rxyj8hq07qxud886hamyu4fgfz7dj9gl,10,11,210,446,2020-07-30 20:37:51,2023-10-27 11:08:16,legacy/2026-05-20-pre-v2-import/data/raw/cf/delegation_history.csv
cf,pool19ru9alj7n5anmzs0f9gpzlj8kaq44yhcp45mldjvldxck8f6yg6,10,11,325,403,2022-02-28 15:23:31,2023-03-22 03:28:03,legacy/2026-05-20-pre-v2-import/data/raw/cf/delegation_history.csv
cf,pool1aqg6fvhcaulvss2ruvpx6ur9vj7pejvdcxv6xp0qlwuwx94evf0,10,13,217,292,2020-09-03 17:38:32,2021-09-17 19:35:44,legacy/2026-05-20-pre-v2-import/data/raw/cf/delegation_history.csv
cf,pool1e4tjrl3ve7dcqwa70pexds6f8llk0txx09gm3r4m472ej4p6473,10,12,232,524,2020-11-18 05:40:10,2024-11-16 16:58:51,legacy/2026-05-20-pre-v2-import/data/raw/cf/delegation_history.csv
cf,pool1eqa7kxx4xg35cu4rqj4exkvzhenscgh8wxez0gl7hsagygp79kr,10,11,270,483,2021-05-30 14:56:23,2024-04-26 14:25:41,legacy/2026-05-20-pre-v2-import/data/raw/cf/delegation_history.csv
cf,pool1grgycym8cf0xmgjjr7gx7udmkpu93hqaygysy5myx6ghx8dvl5r,10,11,256,270,2021-03-17 01:05:15,2021-05-26 22:30:09,legacy/2026-05-20-pre-v2-import/data/raw/cf/delegation_history.csv
cf,pool1j099ctc7kcc9fa78dz5qwsy2g0n96lrgletwxvxmyzh4zd7ck0j,10,15,326,526,2022-03-05 02:39:05,2024-11-29 17:35:39,legacy/2026-05-20-pre-v2-import/data/raw/cf/delegation_history.csv
cf,pool1jq7r3evstu2c040vlry8tgvpwf0mfvft86cxecwjpwcuvvqfu2r,10,11,304,501,2021-11-13 14:31:31,2024-07-24 20:18:45,legacy/2026-05-20-pre-v2-import/data/raw/cf/delegation_history.csv
cf,pool1pmm654jfx088td54ekkkd0j28x6r5gnjdhnutzggursrxjnpk2y,10,13,433,560,2023-08-20 16:05:56,2025-05-18 00:09:28,legacy/2026-05-20-pre-v2-import/data/raw/cf/delegation_history.csv
cf,pool1qs6h0y7czzt605kptmrv6cr85kxd6tajr2hs0etvxphv7tr7nqu,10,12,219,491,2020-09-13 23:53:25,2024-06-06 14:50:12,legacy/2026-05-20-pre-v2-import/data/raw/cf/delegation_history.csv
cf,pool1u6kpt8hgqcm596kukj97ghefmxn8ks2cgwg8qqe0gtgscnufk5p,10,12,210,355,2020-07-30 11:57:51,2022-07-27 18:12:48,legacy/2026-05-20-pre-v2-import/data/raw/cf/delegation_history.csv
cf,pool1yt868wrp9s2x5pehe96del9m3nwasme62yw02vww3kg6zwzspcz,10,12,289,407,2021-08-28 22:35:16,2023-04-12 20:10:32,legacy/2026-05-20-pre-v2-import/data/raw/cf/delegation_history.csv
cf,pool10efuydxjnasr0309lqklmj9xahupdnzqd59r5dqjeh4twz06tr0,9,9,210,379,2020-07-30 18:25:11,2022-11-25 14:24:46,legacy/2026-05-20-pre-v2-import/data/raw/cf/delegation_history.csv
cf,pool120563wl92yssz66evk4u9lxm7zh6gk2wws0zfe8ep4e0gc77ypt,9,10,287,302,2021-08-19 13:54:25,2021-11-06 09:32:44,legacy/2026-05-20-pre-v2-import/data/raw/cf/delegation_history.csv
cf,pool136wr0g23dw9daekuyqtgk366vywms6meespgpm3hdguxqczaaug,9,13,210,414,2020-08-02 22:28:31,2023-05-20 21:21:39,legacy/2026-05-20-pre-v2-import/data/raw/cf/delegation_history.csv
cf,pool13846y7q7tng3endxhet9qdcz5w0fjs09ytcye4dm5g54wmyqeqr,9,9,211,365,2020-08-04 16:46:11,2022-09-17 12:08:32,legacy/2026-05-20-pre-v2-import/data/raw/cf/delegation_history.csv
cf,pool13qdkwy5y88ncr5qpjrh8hgtf94d0zw4wuhgezjg3hvlyyrh37c7,9,10,251,453,2021-02-20 14:35:16,2023-12-01 01:31:02,legacy/2026-05-20-pre-v2-import/data/raw/cf/delegation_history.csv
cf,pool13r377w5pmy4tmhuvw0cf9q23asslzjytsruwa27tdnflq7hfjgk,9,9,278,289,2021-07-07 22:54:12,2021-09-02 19:16:52,legacy/2026-05-20-pre-v2-import/data/raw/cf/delegation_history.csv
cf,pool18vej0s9gska8c847aj95g9v24duuxg2g63d5cuqngnxew643jw9,9,10,253,414,2021-03-02 00:59:05,2023-05-16 08:23:56,legacy/2026-05-20-pre-v2-import/data/raw/cf/delegation_history.csv
cf,pool1c7jrfce3zxkk9s9enzpvwj8fuayvx3pdzc2k2es6mrw6gsfcjep,9,19,234,562,2020-11-30 18:44:01,2025-05-29 19:07:19,legacy/2026-05-20-pre-v2-import/data/raw/cf/delegation_history.csv
cf,pool1cuccvs6vdlrxw67kwvzdx3gcl3ha0402mkhhseqmre7u7vdkwev,9,9,215,259,2020-08-23 21:59:48,2021-04-02 22:01:11,legacy/2026-05-20-pre-v2-import/data/raw/cf/delegation_history.csv
cf,pool1e556526sqwugxwnmeumt9lhj5jukklg8vv3ynk75xt9vs7adr5y,9,10,210,343,2020-07-29 22:45:31,2022-05-27 16:46:10,legacy/2026-05-20-pre-v2-import/data/raw/cf/delegation_history.csv
cf,pool1ewrm7y47s9hv6hxku9n5gfnsuspymp0qqpwgvgm9rvm37cek2h6,9,9,279,442,2021-07-14 08:01:31,2023-10-06 11:02:26,legacy/2026-05-20-pre-v2-import/data/raw/cf/delegation_history.csv
cf,pool1f488flg33j9vqzdce87t0e0g6mhjj7aacd4209pg93c77lrpywz,9,9,293,302,2021-09-22 02:43:28,2021-11-01 22:33:08,legacy/2026-05-20-pre-v2-import/data/raw/cf/delegation_history.csv
cf,pool1ft4xjlz9uw0r0ewcgtkgeakqrfc5azxmxwsm5pt94dv67mw4rgd,9,12,210,405,2020-08-01 19:31:31,2023-04-01 23:32:22,legacy/2026-05-20-pre-v2-import/data/raw/cf/delegation_history.csv
cf,pool1j6zqawj6f58lp4p00t26eqe58gxx4pa3cudlzpkv23y92nlxjzd,9,10,210,297,2020-07-30 01:21:31,2021-10-10 11:56:31,legacy/2026-05-20-pre-v2-import/data/raw/cf/delegation_history.csv
cf,pool1lkpj6fa4l0sy39qfvyl4pcsnnd22y8np8j98vzwula2kuxgers4,9,9,214,265,2020-08-23 17:29:26,2021-05-01 03:08:50,legacy/2026-05-20-pre-v2-import/data/raw/cf/delegation_history.csv
cf,pool1swe9nsv8lzugakjkfv04dn38scmq48wzynmn0lxasupuzmqcgjm,9,12,210,312,2020-07-30 02:03:11,2021-12-23 18:08:15,legacy/2026-05-20-pre-v2-import/data/raw/cf/delegation_history.csv
cf,pool103455uc7a3477q8pdmzvny884qtlv9vhm2csxvqx2cadwuk36sq,8,8,234,571,2020-11-30 20:09:51,2025-07-13 00:26:26,legacy/2026-05-20-pre-v2-import/data/raw/cf/delegation_history.csv
cf,pool10capak8jppvj8h46e35xdth6h22pahtr3lcgscrpa06jzv0xn8w,8,9,210,331,2020-07-30 00:58:31,2022-03-28 12:09:08,legacy/2026-05-20-pre-v2-import/data/raw/cf/delegation_history.csv
cf,pool13t6cwz9hhr8xm29pc94zyg5tx3kteqeu8gw2nc3lhzatqegzp6z,8,8,277,286,2021-07-02 22:37:00,2021-08-14 22:01:17,legacy/2026-05-20-pre-v2-import/data/raw/cf/delegation_history.csv
cf,pool14rnkjjate6rqa7f9xmezgwne99n8hlahg7ymcyhzkhus758r3h7,8,8,419,439,2023-06-14 11:38:16,2023-09-18 05:24:19,legacy/2026-05-20-pre-v2-import/data/raw/cf/delegation_history.csv
cf,pool15ccmgcc4k9t8auxw9v4dfjmrl2kqnuevawn8z6n7xv09utw9hh3,8,9,210,458,2020-07-30 02:39:51,2023-12-23 09:49:23,legacy/2026-05-20-pre-v2-import/data/raw/cf/delegation_history.csv
cf,pool17h6slydr6rd9vquqa38p5cf9xqnpc24w6a99rhllcjzljgugx6x,8,10,320,340,2022-02-01 20:56:55,2022-05-14 21:27:31,legacy/2026-05-20-pre-v2-import/data/raw/cf/delegation_history.csv
cf,pool17kew7rtakc7g6qzydntann5umw08xq3ll2j7spk7en4kvff69fa,8,8,232,577,2020-11-18 17:53:20,2025-08-09 10:29:21,legacy/2026-05-20-pre-v2-import/data/raw/cf/delegation_history.csv
cf,pool19pyfv4xnln8x4l7auw0n0skk3hd97shun707hrw5d4s553ys74x,8,8,239,606,2020-12-23 09:33:18,2026-01-03 10:33:10,legacy/2026-05-20-pre-v2-import/data/raw/cf/delegation_history.csv
cf,pool1c89d4drtwn0048mekkdkzllz559ahnntxelyw2mppxnmc36hjlx,8,10,210,358,2020-07-31 14:57:31,2022-08-08 22:11:07,legacy/2026-05-20-pre-v2-import/data/raw/cf/delegation_history.csv
cf,pool1cj8dxjjlyn9xmjavr98ytmvlpd4vwgqp36kq8rl6jjyt6k2adfh,8,9,304,324,2021-11-15 17:22:24,2022-02-20 15:27:12,legacy/2026-05-20-pre-v2-import/data/raw/cf/delegation_history.csv
cf,pool1fs2m5rmlx66crcwwrrsf2pcxjhvk7kzdurcqusd3v5gm65cufnj,8,8,211,244,2020-08-08 03:37:51,2021-01-18 09:53:44,legacy/2026-05-20-pre-v2-import/data/raw/cf/delegation_history.csv
cf,pool1gppqnqfguctp6gu0q8l5wjhye0ny28yzfx93hkr384cfsezru0f,8,9,231,294,2020-11-12 00:37:18,2021-09-22 23:31:11,legacy/2026-05-20-pre-v2-import/data/raw/cf/delegation_history.csv
cf,pool1grhujlggx90ln0jcnrey4adckysxdx6rqfmx9s6fnhtc2g0qym0,8,9,311,328,2021-12-19 10:14:15,2022-03-15 22:40:15,legacy/2026-05-20-pre-v2-import/data/raw/cf/delegation_history.csv
cf,pool1hcg8sa642l0xeygkzvpgn3sfj5s2yeuzpws7a0gypyy7grrjcje,8,16,210,325,2020-07-30 09:05:11,2022-03-01 05:08:36,legacy/2026-05-20-pre-v2-import/data/raw/cf/delegation_history.csv
cf,pool1hkklrx9ac7w57d79mnv76rxlgq4acg5ecwhyep7k3zn0u5cz2k9,8,8,242,392,2021-01-07 15:35:16,2023-01-29 13:23:53,legacy/2026-05-20-pre-v2-import/data/raw/cf/delegation_history.csv
cf,pool1j6dh3ynys827j38976q0q3s3c9hpzgx40kjcq4472h6m7d3t0hm,8,10,225,323,2020-10-16 08:29:13,2022-02-17 15:22:07,legacy/2026-05-20-pre-v2-import/data/raw/cf/delegation_history.csv
cf,pool1k0xa8wlsntmjhtw2shj3tspqd4kjyquw9tuyx5s7zz5jsyw4y2p,8,11,225,315,2020-10-13 18:37:35,2022-01-05 21:51:22,legacy/2026-05-20-pre-v2-import/data/raw/cf/delegation_history.csv
cf,pool1k633phcvz2hjhj45evwwau4w576jpq83acg5h84w23jauqu56cw,8,8,307,555,2021-11-26 22:46:47,2025-04-23 14:15:55,legacy/2026-05-20-pre-v2-import/data/raw/cf/delegation_history.csv
cf,pool1l0pmgdsymmdntuyan4snj88q8nm9axemwefu5ymkuq2s6gr90cn,8,9,232,247,2020-11-19 20:00:00,2021-02-04 09:45:18,legacy/2026-05-20-pre-v2-import/data/raw/cf/delegation_history.csv
cf,pool1lskcfz80qg2kr2p6776kl9emjn8ulkqsqse7um7skz4y2lwa0cu,8,9,275,484,2021-06-21 02:30:04,2024-05-03 22:48:16,legacy/2026-05-20-pre-v2-import/data/raw/cf/delegation_history.csv
cf,pool1mh4ng2ldxk4sqfppzu6r4knxrk6e87e9c4wgrred84uy7xauzlh,8,9,272,370,2021-06-05 19:09:04,2022-10-11 01:53:32,legacy/2026-05-20-pre-v2-import/data/raw/cf/delegation_history.csv
cf,pool1pfprlfz0ywcnewjegazz05ghgcfkvu40v6edsz6yn8w362sdjr8,8,10,233,354,2020-11-24 08:08:00,2022-07-22 08:57:43,legacy/2026-05-20-pre-v2-import/data/raw/cf/delegation_history.csv
cf,pool1qgmwcxs8d8qmr0vtvsqd9u8gugrventh5dcqukmu79e2sgfuu8t,8,8,334,401,2022-04-12 13:29:42,2023-03-15 08:08:13,legacy/2026-05-20-pre-v2-import/data/raw/cf/delegation_history.csv
cf,pool1tdsrw0n33gmy0mzh7cgtn9p0jy5xwjxaa2s26gn2ewf8kg4nrzx,8,11,222,470,2020-09-30 16:12:21,2024-02-21 07:27:01,legacy/2026-05-20-pre-v2-import/data/raw/cf/delegation_history.csv
cf,pool1wz27a9pvd2jat98s375lxaaj7qxy405km4vzp83wn5vtwp59kvh,8,9,210,323,2020-07-29 23:57:51,2022-02-15 21:09:10,legacy/2026-05-20-pre-v2-import/data/raw/cf/delegation_history.csv
cf,pool1yc6f3cqsc7jfh07hcns64v5cp8720mve870pgxf2wkr3u8l7tse,8,8,244,343,2021-01-20 13:14:51,2022-05-30 09:29:18,legacy/2026-05-20-pre-v2-import/data/raw/cf/delegation_history.csv
cf,pool1yctcnexnjqq25ve5jh2dh6zswz98leafjcq356lfspsdk9z690e,8,8,277,322,2021-07-03 02:24:26,2022-02-14 09:02:54,legacy/2026-05-20-pre-v2-import/data/raw/cf/delegation_history.csv
cf,pool15r7xg0vrrv2yu8wj3866eap8ftkuxvdk5rjz2lh4xajjq5v3p5d,7,8,246,601,2021-01-29 14:35:18,2025-12-09 20:34:35,legacy/2026-05-20-pre-v2-import/data/raw/cf/delegation_history.csv
cf,pool17qvfg2g843gw6lurru282kkex6vp3pyj6zwj99j4u6k7zvmva5a,7,8,232,344,2020-11-18 14:44:41,2022-06-02 13:56:08,legacy/2026-05-20-pre-v2-import/data/raw/cf/delegation_history.csv
cf,pool18hzjrr0xhadznttzq0va5vdhz2xyzjrju5ac7ztkwajdg80uvw4,7,8,210,262,2020-07-30 14:16:11,2021-04-16 02:33:55,legacy/2026-05-20-pre-v2-import/data/raw/cf/delegation_history.csv
cf,pool1a3kdettzvvlqvkl9m9hwe63ggeq5fgvz0twqew5c62dzx99vsed,7,9,210,323,2020-07-30 04:40:31,2022-02-14 23:55:52,legacy/2026-05-20-pre-v2-import/data/raw/cf/delegation_history.csv
cf,pool1ahazpr2yz5gljk2m4q8g7wnmq7m2sr9unhdfmr5arhqrjnntwdz,7,9,296,521,2021-10-07 16:09:59,2024-11-01 16:43:57,legacy/2026-05-20-pre-v2-import/data/raw/cf/delegation_history.csv
cf,pool1cmaafeyy52ppz62jqmsm20c5p8nua7xx95lkkf96ktmqqj3w5td,7,8,248,477,2021-02-09 19:53:48,2024-03-30 04:33:57,legacy/2026-05-20-pre-v2-import/data/raw/cf/delegation_history.csv
cf,pool1ddg6t2h9kj6lqlec4ncjs945lzj43m3ggrgdhf5sgzhtygpkznz,7,7,216,518,2020-09-01 12:58:37,2024-10-20 20:32:39,legacy/2026-05-20-pre-v2-import/data/raw/cf/delegation_history.csv
cf,pool1fh4sh2telea0tfdy39h0drx6uq566yt9gf24edpz7335sclx39z,7,7,210,244,2020-07-29 23:14:31,2021-01-16 22:12:22,legacy/2026-05-20-pre-v2-import/data/raw/cf/delegation_history.csv
cf,pool1fyp482ntshhm9zfz4nv7pmsaeakscf5mnuzcxuvtqf6t56fc7l0,7,7,210,288,2020-08-02 06:55:31,2021-08-24 04:51:51,legacy/2026-05-20-pre-v2-import/data/raw/cf/delegation_history.csv
cf,pool1g8y2gz4sk7xhyaj469jlj3njyu5dlvqa7t7v9c2gk0yc69879z8,7,8,231,302,2020-11-12 15:11:32,2021-11-02 09:10:40,legacy/2026-05-20-pre-v2-import/data/raw/cf/delegation_history.csv
cf,pool1jj2hvts3ryffy5txm7w0am3zt7s7sehdf8rrwfesjmr7shv0mgl,7,7,230,254,2020-11-09 15:55:41,2021-03-07 15:28:16,legacy/2026-05-20-pre-v2-import/data/raw/cf/delegation_history.csv
cf,pool1lhgjma5lejn65er7lxfsqxa0lgcv9r9wrntse9wjm834qp89chh,7,8,234,328,2020-12-01 02:15:41,2022-03-12 04:46:38,legacy/2026-05-20-pre-v2-import/data/raw/cf/delegation_history.csv
cf,pool1nz9h4raywm6mu2v8l7htuaqvmn06l3mepuaxynpzlwljsf8txhy,7,7,317,482,2022-01-19 20:16:25,2024-04-20 06:50:05,legacy/2026-05-20-pre-v2-import/data/raw/cf/delegation_history.csv
cf,pool1pu5jlj4q9w9jlxeu370a3c9myx47md5j5m2str0naunn2q3lkdy,7,7,210,298,2020-07-29 22:06:51,2021-10-13 11:27:01,legacy/2026-05-20-pre-v2-import/data/raw/cf/delegation_history.csv
cf,pool1q0a7a94cfk4ph7gugj636tsuhhd98l2sfjv2adhaff2mvs7kmtl,7,7,238,241,2020-12-20 21:08:33,2021-01-04 01:01:03,legacy/2026-05-20-pre-v2-import/data/raw/cf/delegation_history.csv
cf,pool1qcfzjvw0em6g02pwjqpnfh6260epge5ll3z37ckhcylsjuktkvp,7,18,213,307,2020-08-14 23:17:26,2021-11-27 18:19:26,legacy/2026-05-20-pre-v2-import/data/raw/cf/delegation_history.csv
cf,pool1qqq9tqyj69j9kygpxza3h82ynh8d0xlueucnu2yqum8nse8hj7y,7,8,210,271,2020-07-31 15:44:31,2021-06-02 13:34:52,legacy/2026-05-20-pre-v2-import/data/raw/cf/delegation_history.csv
cf,pool1qzlwlpcsgflr9z3f24fg836tyq45p0kf5cnrp20s8v0psp6tdkx,7,13,210,495,2020-07-29 22:14:31,2024-06-24 13:34:15,legacy/2026-05-20-pre-v2-import/data/raw/cf/delegation_history.csv
cf,pool1rj6apcqxcvavaxp22f75zs9upphena7ntsnut2efvq98g4404up,7,8,210,235,2020-07-30 09:21:31,2020-12-06 19:03:38,legacy/2026-05-20-pre-v2-import/data/raw/cf/delegation_history.csv
cf,pool1twu4rn366744tqq9g66ruy3rete6842z7nnm4vy0q5jaqd48867,7,9,210,248,2020-07-30 11:27:31,2021-02-09 13:47:32,legacy/2026-05-20-pre-v2-import/data/raw/cf/delegation_history.csv
cf,pool1uq8l234306m76unyz8kuwnkvmtvazaks6vuvyx3a3khngavvcw0,7,8,210,246,2020-07-30 02:11:51,2021-01-26 00:46:29,legacy/2026-05-20-pre-v2-import/data/raw/cf/delegation_history.csv
cf,pool1v6mdg9xm9a80js00zx53c6nagcw5m0m970nm4my4pkrlyxq707e,7,12,212,227,2020-08-10 08:49:11,2020-10-26 15:17:38,legacy/2026-05-20-pre-v2-import/data/raw/cf/delegation_history.csv
cf,pool1w6l6rvhxtym5psec3mvgrjlg28d6hrv8g9jjexadzmxfgndfg2f,7,8,214,326,2020-08-22 12:10:16,2022-03-02 03:36:48,legacy/2026-05-20-pre-v2-import/data/raw/cf/delegation_history.csv
cf,pool1wt0pf4u2xktp0f7apveu242w6nkm4ltk3m8g039lvuhwq4zdtf3,7,7,323,483,2022-02-16 14:08:37,2024-04-27 16:44:46,legacy/2026-05-20-pre-v2-import/data/raw/cf/delegation_history.csv
cf,pool1xn63858ej0gcs4tkjm2e3a2fgjrecfxtvzq3465ypl8ywkx7gcv,7,7,294,332,2021-09-23 22:07:45,2022-04-01 15:25:02,legacy/2026-05-20-pre-v2-import/data/raw/cf/delegation_history.csv
cf,pool1y2gynck9pd4en5rzm0rueqd2qm7sw89aqmkcntd899vv237qj38,7,8,308,319,2021-12-02 22:56:49,2022-01-27 01:52:28,legacy/2026-05-20-pre-v2-import/data/raw/cf/delegation_history.csv
cf,pool1y53awxsm6cmksp8qht8qfq5f5c69t6mrgrdcresk5y0ecv2yj93,7,7,253,318,2021-03-05 11:26:13,2022-01-23 04:43:51,legacy/2026-05-20-pre-v2-import/data/raw/cf/delegation_history.csv
cf,pool1ywpt43nttzjd7883wafg255mh0hmjypwe65ercw6p2sxg5lt7ez,7,7,259,329,2021-04-04 23:01:20,2022-03-20 02:54:12,legacy/2026-05-20-pre-v2-import/data/raw/cf/delegation_history.csv
cf,pool1zfhcfw8c3lg0vh0fy8h4y8e25cm7ter9e6sxqskpq0lzyy2wzvm,7,7,310,353,2021-12-16 19:05:21,2022-07-17 13:18:39,legacy/2026-05-20-pre-v2-import/data/raw/cf/delegation_history.csv
cf,pool1zk6uxgptztrxxamzd0ugrtu84xg8mjymd2xcdvxqazpruqt9r3x,7,7,231,323,2020-11-14 04:14:23,2022-02-16 15:21:24,legacy/2026-05-20-pre-v2-import/data/raw/cf/delegation_history.csv
cf,pool10let2ne3rdnhf6pvhauqcsf7f83hkagp4lfs792frrmu5up7xa7,6,6,286,299,2021-08-16 18:06:32,2021-10-22 08:22:06,legacy/2026-05-20-pre-v2-import/data/raw/cf/delegation_history.csv
cf,pool10tqeu6d03p6rnalqlvdshmpsljxaq2c0ww6draq6xm8lgyl2a3p,6,6,210,465,2020-07-30 20:48:31,2024-01-29 13:22:02,legacy/2026-05-20-pre-v2-import/data/raw/cf/delegation_history.csv
cf,pool13mas2wthxs28zftxskcsd8t87jk2w9ntc0u5uflt45sh7lcvs8h,6,7,435,594,2023-08-29 00:04:19,2025-11-04 05:57:37,legacy/2026-05-20-pre-v2-import/data/raw/cf/delegation_history.csv
cf,pool142xwjhpcvtp7tahpmn8tlnek7smefp9wn66z67j8vjpmjxqdg56,6,6,267,536,2021-05-13 15:29:20,2025-01-17 03:00:58,legacy/2026-05-20-pre-v2-import/data/raw/cf/delegation_history.csv
cf,pool14zdcvdec8qmqzsat5wg3a2h9f0u5yzrgjew534z8u3gs5durnjz,6,6,305,317,2021-11-21 19:04:47,2022-01-18 21:36:06,legacy/2026-05-20-pre-v2-import/data/raw/cf/delegation_history.csv
cf,pool155cu3s06js3llfh07vnzepatfuvt3s5s7uwldt9rzz55wz7pugt,6,6,210,228,2020-07-30 05:20:51,2020-10-29 05:58:50,legacy/2026-05-20-pre-v2-import/data/raw/cf/delegation_history.csv
cf,pool166dkk9kx5y6ug9tnvh0dnvxhwt2yca3g5pd5jaqa8t39cgyqqlr,6,7,210,329,2020-07-30 05:41:31,2022-03-18 15:29:41,legacy/2026-05-20-pre-v2-import/data/raw/cf/delegation_history.csv
cf,pool170hmssk80z2ameg7jhj5m8psnkjejcc77vfpd0875yggxhhntd0,6,6,253,548,2021-03-02 17:43:32,2025-03-16 15:06:42,legacy/2026-05-20-pre-v2-import/data/raw/cf/delegation_history.csv
cf,pool17pv7m8h5dxsyt55upay8n8ake2cgcz4mcr737um2tl8d2wthzqr,6,6,210,384,2020-07-30 08:23:11,2022-12-18 18:21:02,legacy/2026-05-20-pre-v2-import/data/raw/cf/delegation_history.csv
cf,pool18j287g2sccele52hhxc0csk2ghfghwndqm9yahdqnhjks840wtq,6,6,290,319,2021-09-03 16:38:35,2022-01-29 12:11:10,legacy/2026-05-20-pre-v2-import/data/raw/cf/delegation_history.csv
cf,pool18wvrpuz4uftxs83gf39ynh7cy3nds8q0hs7u7yuelu4e78w237s,6,6,285,299,2021-08-10 10:16:04,2021-10-19 08:45:11,legacy/2026-05-20-pre-v2-import/data/raw/cf/delegation_history.csv
cf,pool192pfftt48zc4x5aellvpufk6l6zxllpldw0rx82vrhqrqfhhqs2,6,6,502,606,2024-08-02 08:15:40,2026-01-02 13:19:35,legacy/2026-05-20-pre-v2-import/data/raw/cf/delegation_history.csv
cf,pool1cc76kmtcpf6vht32ya5ke9er74dnpy4jh5qpy4klqwp87ygdsu6,6,8,210,319,2020-07-30 00:13:11,2022-01-28 02:07:20,legacy/2026-05-20-pre-v2-import/data/raw/cf/delegation_history.csv
cf,pool1cduc7ut6grhqyavrmm3gzcdf4qfdsjk7vdwcxy9c0r5fyaxh2sq,6,7,212,512,2020-08-11 20:51:51,2024-09-18 15:53:25,legacy/2026-05-20-pre-v2-import/data/raw/cf/delegation_history.csv
cf,pool1cn0dqtplwf67fds40hgkf0u5rm4q4azev5qutmgkw5hdyvue2ue,6,6,242,387,2021-01-06 13:09:51,2023-01-05 16:48:42,legacy/2026-05-20-pre-v2-import/data/raw/cf/delegation_history.csv
cf,pool1crprz3rdcwvfxmc0s4gxquh3qeqmscww2qfvpl93q52yyn7agsc,6,7,210,263,2020-07-30 14:25:11,2021-04-24 04:38:27,legacy/2026-05-20-pre-v2-import/data/raw/cf/delegation_history.csv
cf,pool1cyq3v3v43hu7spwlfxdm6vq9djpsjjueerhlu5qr2rvd57vqk84,6,6,321,405,2022-02-06 23:35:27,2023-04-02 06:09:41,legacy/2026-05-20-pre-v2-import/data/raw/cf/delegation_history.csv
cf,pool1d3gckjrphwytzw2uavgkxskwe08msumzsfj4lxnpcnpks3zjml3,6,7,260,548,2021-04-07 13:57:57,2025-03-19 00:15:08,legacy/2026-05-20-pre-v2-import/data/raw/cf/delegation_history.csv
cf,pool1dkww2vlysa8lsnuf5rca979zdsyr3zvt59hu7e420yxfunkka2z,6,6,212,251,2020-08-13 18:34:51,2021-02-23 19:17:21,legacy/2026-05-20-pre-v2-import/data/raw/cf/delegation_history.csv
cf,pool1efxh54fk0dj5uu2e4eu08klxl5ys3saphv3kec33kw3xv8738sc,6,6,241,265,2021-01-02 12:07:58,2021-05-01 20:30:07,legacy/2026-05-20-pre-v2-import/data/raw/cf/delegation_history.csv
cf,pool1jf4kt5qvyx4plvv7gna2y2f7xsjh3mt2szk2ff23ryd8qg826hj,6,8,279,344,2021-07-14 07:03:40,2022-05-30 22:21:49,legacy/2026-05-20-pre-v2-import/data/raw/cf/delegation_history.csv
cf,pool1jjry6f6q0swaq457ft9eclaxaskvrxnpj0v3w8edsyfryml3vj6,6,8,211,279,2020-08-06 18:54:11,2021-07-14 06:36:08,legacy/2026-05-20-pre-v2-import/data/raw/cf/delegation_history.csv
cf,pool1lfvzgsrghmugvpym868mh29288ez0nncz680mamzjygu2jpuwcd,6,6,305,469,2021-11-19 21:55:25,2024-02-17 12:19:25,legacy/2026-05-20-pre-v2-import/data/raw/cf/delegation_history.csv
cf,pool1nwt6mxqus3tpzrshky5h5kykz9rjpxmacrvw0z6yak9uk5p5045,6,7,250,321,2021-02-18 06:35:08,2022-02-05 15:21:18,legacy/2026-05-20-pre-v2-import/data/raw/cf/delegation_history.csv
cf,pool1qakys0fxx5p2fxcnsc2tyjpqa88q7qgtdh5t3a32hplv6fg25r9,6,10,398,616,2023-03-01 06:22:07,2026-02-21 04:05:20,legacy/2026-05-20-pre-v2-import/data/raw/cf/delegation_history.csv
cf,pool1qq2vm2xpcj9kf42z4cnw3djancv48sx42chwvgxkjq85ceu8k0x,6,6,210,260,2020-07-30 01:43:11,2021-04-09 20:19:10,legacy/2026-05-20-pre-v2-import/data/raw/cf/delegation_history.csv
cf,pool1qzlwlyu92fsx94qu6u5nw3sy334f5yat3dv3jgx0grrsv0kp422,6,6,210,318,2020-08-02 19:02:11,2022-01-22 05:44:31,legacy/2026-05-20-pre-v2-import/data/raw/cf/delegation_history.csv
cf,pool1smy2r8jdvgna5ykhe8rrch7h4qalyfafyzyh0rmanmq0jxptww7,6,7,210,308,2020-07-30 02:32:31,2021-12-02 07:16:04,legacy/2026-05-20-pre-v2-import/data/raw/cf/delegation_history.csv
cf,pool1supp67ypelmgzuzqqvarc6czgmg3ggwpnrnfr90xpfcqqf8h05t,6,6,212,299,2020-08-12 20:38:51,2021-10-22 05:00:02,legacy/2026-05-20-pre-v2-import/data/raw/cf/delegation_history.csv
cf,pool1svv9st22dywp9exwsltt7cdc4v2dyrf4zls00jesv2lzvpz45jh,6,6,232,294,2020-11-18 18:50:54,2021-09-23 12:38:58,legacy/2026-05-20-pre-v2-import/data/raw/cf/delegation_history.csv
cf,pool1u0mc9ywfxl529atxyajuz3pgqnwgnk6w7lejjmjg22ucvn7z9vh,6,6,305,323,2021-11-20 00:07:26,2022-02-17 01:08:23,legacy/2026-05-20-pre-v2-import/data/raw/cf/delegation_history.csv
cf,pool1wll3vr4v605eap9hpjfpda5cjegqfkjt8hrz3kkxpnffqejhav3,6,7,210,238,2020-07-29 23:06:51,2020-12-16 22:47:06,legacy/2026-05-20-pre-v2-import/data/raw/cf/delegation_history.csv
cf,pool1wwzctexlp70mj00vv65mlhwhwresn58s9x7jl4tswvkg77eu7n7,6,6,243,271,2021-01-10 22:02:12,2021-06-02 18:30:20,legacy/2026-05-20-pre-v2-import/data/raw/cf/delegation_history.csv
cf,pool1yvf4nxph69ztm0tgj73ummxq45kfjhecyad26e3xc2002xgzalg,6,6,308,317,2021-12-02 07:45:29,2022-01-19 21:54:27,legacy/2026-05-20-pre-v2-import/data/raw/cf/delegation_history.csv
cf,pool1yxhf37v04q6cyrf8a4g64xsmvepwg5t2zc0qcquqjlph55ye2ef,6,6,210,230,2020-07-30 10:47:11,2020-11-07 06:06:56,legacy/2026-05-20-pre-v2-import/data/raw/cf/delegation_history.csv
cf,pool10zyf32q3w3n9x940j6yqgkwuegzn77p94wcmpku6gvmrqw8a97d,5,9,212,459,2020-08-10 16:31:11,2023-12-30 12:08:10,legacy/2026-05-20-pre-v2-import/data/raw/cf/delegation_history.csv
cf,pool13l0j202yexqh6l0awtee9g354244gmfze09utxz0sn7p7r3ev3m,5,5,210,210,2020-07-30 05:23:11,2020-08-01 22:36:51,legacy/2026-05-20-pre-v2-import/data/raw/cf/delegation_history.csv
cf,pool13rx88l4d5gpw69e586tfcdeuzmx6f2ys95pqjnlnmlzrs739h0y,5,5,211,285,2020-08-06 09:10:31,2021-08-13 07:30:14,legacy/2026-05-20-pre-v2-import/data/raw/cf/delegation_history.csv
cf,pool14cq4fchmmqjygwjw4zexmqqd6a7caxptjnvseyu6wanjuppv4vk,5,5,510,580,2024-09-07 20:16:41,2025-08-27 17:12:13,legacy/2026-05-20-pre-v2-import/data/raw/cf/delegation_history.csv
cf,pool15txd36fltfgc63qq0yxtpqt88eu76s0yhugn9a6q7f4zspq6k5f,5,6,210,420,2020-07-30 07:29:11,2023-06-17 15:24:56,legacy/2026-05-20-pre-v2-import/data/raw/cf/delegation_history.csv
cf,pool15wj590e6gsmpmttrxjd0emck09a0h9tazd2ww77q6duyvg8lyum,5,6,231,268,2020-11-15 14:12:49,2021-05-20 10:49:43,legacy/2026-05-20-pre-v2-import/data/raw/cf/delegation_history.csv
cf,pool15zn2lqq4849ujttuthaycpamnyr8ae9k2pn2fkrlfzzsx4ek0tc,5,5,258,261,2021-03-29 08:09:15,2021-04-15 04:17:57,legacy/2026-05-20-pre-v2-import/data/raw/cf/delegation_history.csv
cf,pool17rns3wjyql9jg9xkzw9h88f0kstd693pm6urwxmvejqgsyjw7ta,5,5,213,253,2020-08-14 16:35:35,2021-03-02 06:04:40,legacy/2026-05-20-pre-v2-import/data/raw/cf/delegation_history.csv
cf,pool1853ffwhtuka742fq4av7s3ssdpvzhdkpw53th3es36zkwrllj9g,5,5,313,318,2021-12-26 23:13:12,2022-01-22 04:33:08,legacy/2026-05-20-pre-v2-import/data/raw/cf/delegation_history.csv
cf,pool18hkq2t8ss45h4fkr92f52flhc4mpzedx5mcz4xhnpj0dzp76028,5,5,210,247,2020-08-02 12:34:31,2021-02-04 13:15:07,legacy/2026-05-20-pre-v2-import/data/raw/cf/delegation_history.csv
cf,pool18rhzlrv83a7ygj7cp5uv8dx07qkn5drhe8nh6f3qvhv66xcyj2m,5,5,289,309,2021-08-28 21:47:10,2021-12-09 18:21:27,legacy/2026-05-20-pre-v2-import/data/raw/cf/delegation_history.csv
cf,pool190a9js7lk9lvmrngre7w268z9tz9xs9yz77audvw8ag4jerfdhx,5,5,211,257,2020-08-05 16:11:51,2021-03-23 18:24:43,legacy/2026-05-20-pre-v2-import/data/raw/cf/delegation_history.csv
cf,pool19wpsykyg3gy7s34kx36vvs4dfcv2anggmta372jdv5lgqx0gs2t,5,5,210,213,2020-07-31 16:39:11,2020-08-14 05:18:33,legacy/2026-05-20-pre-v2-import/data/raw/cf/delegation_history.csv
cf,pool1a23gmvalpdams9d42t7fur8vmknzjv7wd3nsvuvrc7dv66lnau0,5,9,341,602,2022-05-19 18:46:42,2025-12-13 15:14:21,legacy/2026-05-20-pre-v2-import/data/raw/cf/delegation_history.csv
cf,pool1a8n7f97dmgtgrnl53exccknjdchqxrr9508hlxlgqp6xvjmzhej,5,7,454,534,2023-12-06 14:38:19,2025-01-04 22:40:12,legacy/2026-05-20-pre-v2-import/data/raw/cf/delegation_history.csv
cf,pool1evg78egp8gfqae273kvmmdee2dnt6vty60dpwdespg4hujznh3a,5,6,210,394,2020-07-31 18:00:11,2023-02-09 09:29:43,legacy/2026-05-20-pre-v2-import/data/raw/cf/delegation_history.csv
cf,pool1g6g2d09le8hd6nv9jhyavewdnw8tu0ndst4lqysd00ru24cav0a,5,5,210,267,2020-08-03 21:44:31,2021-05-12 09:54:27,legacy/2026-05-20-pre-v2-import/data/raw/cf/delegation_history.csv
cf,pool1gr5pa4shzsyefw445qrpn5pxnuxa8tuev0jquz04acdx6efjpvg,5,5,300,317,2021-10-27 12:40:39,2022-01-19 13:22:30,legacy/2026-05-20-pre-v2-import/data/raw/cf/delegation_history.csv
cf,pool1hjjj584gq0ynqf06g036a4a0stpm90asrdfskpasqjxf5948ygv,5,5,210,279,2020-07-30 14:41:31,2021-07-11 14:25:03,legacy/2026-05-20-pre-v2-import/data/raw/cf/delegation_history.csv
cf,pool1ju8f57hyvaa32tp85r468kuedvmjmcy56f8u9968drea57p50l5,5,5,256,428,2021-03-19 03:10:55,2023-07-28 04:44:32,legacy/2026-05-20-pre-v2-import/data/raw/cf/delegation_history.csv
cf,pool1k6knum588fm9fe5tmljeytyx65rv6h5jn8au824t86zt62nyd9e,5,6,223,324,2020-10-07 09:38:16,2022-02-23 16:33:41,legacy/2026-05-20-pre-v2-import/data/raw/cf/delegation_history.csv
cf,pool1kvd03hq8kp0hnxq9lq598a5amrvauj9m386rwx7ydawvjdskwnh,5,5,210,401,2020-08-01 11:44:11,2023-03-11 23:48:43,legacy/2026-05-20-pre-v2-import/data/raw/cf/delegation_history.csv
cf,pool1lllmq2jgcqrag5c77lpc5m34fsqn63leadyx9tzx842n66ly3ql,5,5,210,212,2020-07-29 23:16:51,2020-08-11 13:25:11,legacy/2026-05-20-pre-v2-import/data/raw/cf/delegation_history.csv
cf,pool1lr5ku0p3jhykdf3a2kcr0tyra30qvzrtl02dr6uyv98rxdsy3k9,5,7,235,277,2020-12-02 13:25:02,2021-07-02 10:20:09,legacy/2026-05-20-pre-v2-import/data/raw/cf/delegation_history.csv
cf,pool1m3h5p82m6v99nda37rmed8vrkqt43e2a8d89k76gw5ets0gdyag,5,6,293,347,2021-09-17 22:19:17,2022-06-19 06:53:33,legacy/2026-05-20-pre-v2-import/data/raw/cf/delegation_history.csv
cf,pool1m4enp55hp80tf6xl7k6f6593wnyu3pr83xfvef9x3ktdw9m0em5,5,5,237,307,2020-12-12 11:28:38,2021-11-30 15:19:30,legacy/2026-05-20-pre-v2-import/data/raw/cf/delegation_history.csv
cf,pool1mdyuct0kgd0hcjjnea999me5dxqpepr4y8du4smegfm3vlr37w5,5,5,381,381,2022-12-03 23:26:36,2022-12-05 01:52:03,legacy/2026-05-20-pre-v2-import/data/raw/cf/delegation_history.csv
cf,pool1myvgx4ef424e6nw2strqq7dxcepav52plyyhxrk0avaw7y098l2,5,6,210,340,2020-08-03 17:38:11,2022-05-12 07:42:59,legacy/2026-05-20-pre-v2-import/data/raw/cf/delegation_history.csv
cf,pool1pmeetaqhlsdc5yj8snp8j46hprs9mzghxcl63vch95trz3xwpln,5,5,331,395,2022-03-27 09:38:36,2023-02-14 18:17:09,legacy/2026-05-20-pre-v2-import/data/raw/cf/delegation_history.csv
cf,pool1pmrgd8snhv0nnj97xcg70nqqhg0v9g3d0e93jl8vn23wxtsxz53,5,7,217,260,2020-09-05 00:41:04,2021-04-06 14:29:30,legacy/2026-05-20-pre-v2-import/data/raw/cf/delegation_history.csv
cf,pool1pqm2cev326p2mrruzw9xru65uvt3r7f0rdf5gtx54zdskxqhmur,5,5,484,492,2024-05-02 12:56:54,2024-06-10 05:33:51,legacy/2026-05-20-pre-v2-import/data/raw/cf/delegation_history.csv
cf,pool1qqq0c53vaf5ju0n3fvujmyxwca0yhp65930evw9lngmr5705csz,5,5,210,490,2020-07-30 02:05:11,2024-05-30 15:32:22,legacy/2026-05-20-pre-v2-import/data/raw/cf/delegation_history.csv
cf,pool1qqqq4md2rfdt75qvh3x9cgmkrgkl74ctcj3fnxpu3ylcudl22ex,5,5,211,317,2020-08-06 19:13:51,2022-01-20 21:10:19,legacy/2026-05-20-pre-v2-import/data/raw/cf/delegation_history.csv
cf,pool1qvhss6kxmtl27nr4ugvypayhvt4a4vzll8p9csdg2v8q7d22llu,5,5,210,325,2020-07-31 13:11:51,2022-02-25 15:54:09,legacy/2026-05-20-pre-v2-import/data/raw/cf/delegation_history.csv
cf,pool1qvvn2l690zm3v2p0f3vd66ly6cfs2wjqx34zpqcx5pwsx3eprtp,5,5,301,421,2021-10-31 17:42:43,2023-06-19 21:59:08,legacy/2026-05-20-pre-v2-import/data/raw/cf/delegation_history.csv
cf,pool1r3ax7pd3cgad5kttench60ttr23kvfpx3vzvd6c3azppgw7q93t,5,6,458,556,2023-12-23 08:29:21,2025-04-28 18:51:40,legacy/2026-05-20-pre-v2-import/data/raw/cf/delegation_history.csv
cf,pool1szy2tdjj8a4av365wk3q2fqg9srllmt0383e6v9p664ng076x9e,5,5,327,349,2022-03-09 18:05:29,2022-06-26 11:13:23,legacy/2026-05-20-pre-v2-import/data/raw/cf/delegation_history.csv
cf,pool1t6n7rysk6wzm9wqxda6zxpzmm3j6256fs3mp06dc26n6503hhj4,5,5,532,612,2024-12-28 17:05:57,2026-02-02 20:42:15,legacy/2026-05-20-pre-v2-import/data/raw/cf/delegation_history.csv
cf,pool1uthdnav2zc2hxpg2hyeyy545lnxtl8lqdcdqxjm0j8t5srmyvzj,5,6,212,252,2020-08-11 05:01:31,2021-02-27 06:20:51,legacy/2026-05-20-pre-v2-import/data/raw/cf/delegation_history.csv
cf,pool1vulu80lngn7t3jf3trclavfal7h58p4ap5f849r35z6mkfvac3c,5,5,297,300,2021-10-12 13:33:57,2021-10-23 01:03:02,legacy/2026-05-20-pre-v2-import/data/raw/cf/delegation_history.csv
cf,pool1vxvdypctdecvc2j7xu9y8h2fdxvkpjy2pp8luwg2h6dx5jlv0nk,5,5,218,256,2020-09-07 22:20:57,2021-03-19 19:26:34,legacy/2026-05-20-pre-v2-import/data/raw/cf/delegation_history.csv
cf,pool1xmsdhync6k6grkkj7tuycskjpseykpr24luhlazl5nsngsy87gm,5,6,255,429,2021-03-12 23:22:01,2023-08-02 15:42:30,legacy/2026-05-20-pre-v2-import/data/raw/cf/delegation_history.csv
cf,pool1zj4h7kc6v53q9r8x3fwzfuayf2frwme8u5k86gu0uzeeuvqxgul,5,5,250,475,2021-02-15 13:41:11,2024-03-17 18:32:21,legacy/2026-05-20-pre-v2-import/data/raw/cf/delegation_history.csv
cf,pool1zytydvyy3qztrs8l2xyggvkfcjctp23m2hc3aj7sudnzgny79cg,5,6,280,388,2021-07-15 19:28:54,2023-01-09 14:10:56,legacy/2026-05-20-pre-v2-import/data/raw/cf/delegation_history.csv
cf,pool104gtn3hvp9lz5l6wevhjj98e45s7rfaa4zzvk9pex7nn786qncr,4,4,284,466,2021-08-03 21:49:44,2024-01-31 23:13:09,legacy/2026-05-20-pre-v2-import/data/raw/cf/delegation_history.csv
cf,pool127gdv243hfcrapslaqq0nnh64u2gts72gtrt4888g6g2z0zsu64,4,4,243,324,2021-01-11 10:38:56,2022-02-19 21:47:17,legacy/2026-05-20-pre-v2-import/data/raw/cf/delegation_history.csv
cf,pool12fclephansjkz0qn339w7mu9jwef2ty439as08avaw7fuyk56j6,4,5,210,261,2020-07-31 22:07:51,2021-04-12 10:36:25,legacy/2026-05-20-pre-v2-import/data/raw/cf/delegation_history.csv
cf,pool12gfz8p7raqz7tktmmgf6sk3cfwnrzy9m7cz9maum98ujyelhrf8,4,4,259,259,2021-04-05 07:50:51,2021-04-05 07:54:44,legacy/2026-05-20-pre-v2-import/data/raw/cf/delegation_history.csv
cf,pool14mm59ntjqzphjr6chrww639cdr3yjce4qcwzc5jkk38y22u7uc6,4,4,210,561,2020-07-30 00:15:11,2025-05-22 04:16:49,legacy/2026-05-20-pre-v2-import/data/raw/cf/delegation_history.csv
cf,pool14n77mmxh6a2d9k05jamzdwsws2ayvkyje8uc7led958p63at3aj,4,6,281,498,2021-07-23 18:02:38,2024-07-13 11:48:25,legacy/2026-05-20-pre-v2-import/data/raw/cf/delegation_history.csv
cf,pool14wf6e8l64wktss9f30tjzm5th8u85vlc3sc4ulw87tfqkhdl3x6,4,4,232,235,2020-11-19 15:31:03,2020-12-02 14:53:47,legacy/2026-05-20-pre-v2-import/data/raw/cf/delegation_history.csv
cf,pool155x3l57d4xu52t93f9r55cqaysej4pc2dl3jkc9d6w5ckyu6u7n,4,4,323,341,2022-02-17 05:39:15,2022-05-18 00:10:54,legacy/2026-05-20-pre-v2-import/data/raw/cf/delegation_history.csv
cf,pool156wg3relgtlhwu55z3wpqurtaprguefe9tzrakhuqyyc60553au,4,4,210,264,2020-08-01 14:56:11,2021-04-28 10:24:43,legacy/2026-05-20-pre-v2-import/data/raw/cf/delegation_history.csv
cf,pool157e2zadjusu6esf9mmx37nf63ep2gazdeln5mh04ylpcvz59g5c,4,4,227,238,2020-10-23 12:53:50,2020-12-17 15:36:10,legacy/2026-05-20-pre-v2-import/data/raw/cf/delegation_history.csv
cf,pool158ag8p06qm4apd750ekep6een9cdldqsq434ll2mp0ykgunmguy,4,4,210,316,2020-07-30 19:29:31,2022-01-12 09:20:15,legacy/2026-05-20-pre-v2-import/data/raw/cf/delegation_history.csv
cf,pool15pmdr6nw3g6mmt7regefp2lrx3njah0gpwsnqm794c4wsr23062,4,4,211,307,2020-08-05 22:23:31,2021-12-01 08:19:24,legacy/2026-05-20-pre-v2-import/data/raw/cf/delegation_history.csv
cf,pool17038jcq6xdgjn0xsjx7m79rx52r7sucqwtr5j20tk23w5mjank3,4,4,212,218,2020-08-10 19:31:51,2020-09-11 10:59:12,legacy/2026-05-20-pre-v2-import/data/raw/cf/delegation_history.csv
cf,pool17rjst78s67lvellg8s586rf076jxa3wnsdz730f4xk2zwuhrtej,4,4,295,447,2021-10-01 07:05:26,2023-10-30 04:08:29,legacy/2026-05-20-pre-v2-import/data/raw/cf/delegation_history.csv
cf,pool17taqml487n9t4r9a6ppvf9qv0qlw2lu4zcrzwfdsfcv6xp7uqym,4,6,323,382,2022-02-15 01:35:23,2022-12-08 09:56:44,legacy/2026-05-20-pre-v2-import/data/raw/cf/delegation_history.csv
cf,pool18mege8wvzzdvh8cxx6ncnqyvacl4lxukw495c87xmz8qcdl6lj8,4,4,233,411,2020-11-23 09:18:11,2023-05-01 13:15:13,legacy/2026-05-20-pre-v2-import/data/raw/cf/delegation_history.csv
cf,pool18zf8txwv8lmtpq2src8wrhz0pjut5qft8h5tfxnctwc95r7jvvj,4,4,285,342,2021-08-13 14:36:22,2022-05-22 14:02:13,legacy/2026-05-20-pre-v2-import/data/raw/cf/delegation_history.csv
cf,pool1cd987kw92e3nmjywcfwfws79a09rwp0p0xj5mdtr39qukxgp9uf,4,4,255,473,2021-03-16 21:16:15,2024-03-08 18:52:08,legacy/2026-05-20-pre-v2-import/data/raw/cf/delegation_history.csv
cf,pool1efj8td645z33mr8h0ww5y5s0lz6jwj7e54cj4mv44s2269r7d4f,4,4,211,242,2020-08-08 12:50:31,2021-01-07 15:22:46,legacy/2026-05-20-pre-v2-import/data/raw/cf/delegation_history.csv
cf,pool1eqj3dzpkcklc2r0v8pt8adrhrshq8m4zsev072ga7a52uj5wv5c,4,4,394,520,2023-02-04 22:34:07,2024-10-31 03:43:19,legacy/2026-05-20-pre-v2-import/data/raw/cf/delegation_history.csv
cf,pool1ews5ryrhl5az8egrvun68x2wdhgvthxjtx7m380ksc6rzxkqz2f,4,4,211,323,2020-08-07 00:28:31,2022-02-16 08:27:11,legacy/2026-05-20-pre-v2-import/data/raw/cf/delegation_history.csv
cf,pool1fm57fshvdlrgs5pnpk78tnxha0me28equyy96vj0xm85gy5chv0,4,4,259,392,2021-04-04 17:19:01,2023-01-29 12:58:30,legacy/2026-05-20-pre-v2-import/data/raw/cf/delegation_history.csv
cf,pool1fxmancs3dmc9l0s7u7zrj8334m9nvzam5t5hnuuf4c7cjr6867m,4,4,247,363,2021-02-01 02:22:54,2022-09-07 08:56:19,legacy/2026-05-20-pre-v2-import/data/raw/cf/delegation_history.csv
cf,pool1h4gwh638485yd0xcw0pkrm935nvm4aecqsxjx2yzzz0u6dfj73q,4,8,323,428,2022-02-14 23:38:21,2023-07-28 10:31:27,legacy/2026-05-20-pre-v2-import/data/raw/cf/delegation_history.csv
cf,pool1hnnfvsq3xlln6vz7d2xmk6kqekd5z4ctmfpdad8g8kr0yk8kdfd,4,4,317,319,2022-01-17 08:29:44,2022-01-26 10:49:07,legacy/2026-05-20-pre-v2-import/data/raw/cf/delegation_history.csv
cf,pool1je2n5smmnyn3lh92xrp8nepjyfp596ypga6pmdecwtcrcj9uvec,4,4,210,289,2020-07-30 12:17:51,2021-09-01 01:43:14,legacy/2026-05-20-pre-v2-import/data/raw/cf/delegation_history.csv
cf,pool1jgwu8lq3dqddnnx7prymcgcyrqy0fdlghg33he2hmw9t2gma3zd,4,5,210,418,2020-07-30 12:46:51,2023-06-09 14:01:04,legacy/2026-05-20-pre-v2-import/data/raw/cf/delegation_history.csv
cf,pool1jv4yvr5edp7qp690hk3qfudwmw28n2wygjxyhaecqkzeqh0wlem,4,4,286,465,2021-08-14 17:43:20,2024-01-30 04:32:29,legacy/2026-05-20-pre-v2-import/data/raw/cf/delegation_history.csv
cf,pool1jx4ss2zjage3cw0wht3450328y82yeprmq4fr3e2qtac2rhezkv,4,4,210,283,2020-07-30 17:33:31,2021-08-03 17:53:06,legacy/2026-05-20-pre-v2-import/data/raw/cf/delegation_history.csv
cf,pool1jyutduy73e5u9877uns3k9rm0tf4r24j8lrn4xtkjpl3q5sn5mw,4,4,210,330,2020-07-31 19:48:51,2022-03-22 21:29:39,legacy/2026-05-20-pre-v2-import/data/raw/cf/delegation_history.csv
cf,pool1kmsr376syqkluhxvv8k2axugqw7unjmlkwhfxjxtj7cw7qcn0jn,4,4,317,444,2022-01-17 20:16:12,2023-10-13 22:04:39,legacy/2026-05-20-pre-v2-import/data/raw/cf/delegation_history.csv
cf,pool1kterawv22xya864tqjy9pq2ftmuptlggywtqt3p7adexg7qyl6u,4,4,227,264,2020-10-23 12:47:19,2021-04-28 10:28:54,legacy/2026-05-20-pre-v2-import/data/raw/cf/delegation_history.csv
cf,pool1n3sjq3qvu5vvcd6aud6ndcwq7r3ghmkafcg60gznlwfrk2ucxku,4,6,389,597,2023-01-11 03:07:51,2025-11-18 20:40:16,legacy/2026-05-20-pre-v2-import/data/raw/cf/delegation_history.csv
cf,pool1nncdkshmqynzv3ledrlnan542qercf4h8xydjjylkg0xu62fk6y,4,4,211,224,2020-08-08 03:08:11,2020-10-08 22:56:20,legacy/2026-05-20-pre-v2-import/data/raw/cf/delegation_history.csv
cf,pool1pclcqwg45da00d4py9qfry3k86w7vkzjgfmvyrpx75g7u8t9nwf,4,4,326,331,2022-03-02 03:15:33,2022-03-31 07:43:23,legacy/2026-05-20-pre-v2-import/data/raw/cf/delegation_history.csv
cf,pool1pemnlylem2e94xguhd3fytj90848kpv4agvr6rthx2tp58z79ek,4,4,234,239,2020-11-28 20:49:51,2020-12-22 15:33:36,legacy/2026-05-20-pre-v2-import/data/raw/cf/delegation_history.csv
cf,pool1pnzwgsgzd6t4788sfr7dxjyusepyq9xaxnpyfcngewqf29t9ayd,4,6,221,584,2020-09-27 14:15:51,2025-09-14 04:21:59,legacy/2026-05-20-pre-v2-import/data/raw/cf/delegation_history.csv
cf,pool1q80jjs53w0fx836n8g38gtdwr8ck5zre3da90peuxn84sj3cu0r,4,5,210,242,2020-07-29 22:13:51,2021-01-07 15:38:21,legacy/2026-05-20-pre-v2-import/data/raw/cf/delegation_history.csv
cf,pool1q9049mstrv5czwyylpf3xen08pmvsfsgtru4wf3zvc9uxat2sm0,4,4,419,428,2023-06-12 07:31:03,2023-07-26 10:20:35,legacy/2026-05-20-pre-v2-import/data/raw/cf/delegation_history.csv
cf,pool1qzlw7den2mlj0fmm65g0fnf46vyhzkhmdaf0f8v3s6skuue6rlk,4,5,256,318,2021-03-17 03:48:29,2022-01-22 21:44:43,legacy/2026-05-20-pre-v2-import/data/raw/cf/delegation_history.csv
cf,pool1rtj8f2pjedcjh78ey2fc4wvatjyeudeam6lsv6snttwuvhn2vsq,4,6,308,337,2021-12-02 18:03:45,2022-04-26 12:34:21,legacy/2026-05-20-pre-v2-import/data/raw/cf/delegation_history.csv
cf,pool1sf784g6eje8vzq9f5wu583eurhfq2ee9hzyhl46yezkuqqtmw07,4,4,323,457,2022-02-19 04:52:16,2023-12-20 18:27:16,legacy/2026-05-20-pre-v2-import/data/raw/cf/delegation_history.csv
cf,pool1sj0plznq9nnduxp82aa8crchfety7kzcryqdmn6860xvwwzzc4w,4,4,215,236,2020-08-24 01:30:55,2020-12-10 21:24:26,legacy/2026-05-20-pre-v2-import/data/raw/cf/delegation_history.csv
cf,pool1t9m69j5thv2ke9jt9hhsgxlag44z7erp2s2ukcpruwhwqarc9np,4,5,210,250,2020-08-02 00:23:51,2021-02-17 03:43:44,legacy/2026-05-20-pre-v2-import/data/raw/cf/delegation_history.csv
cf,pool1twd9vvegn3fqq0f4n08p3aml2ud8q87njs49900rycj4sr5hhcy,4,4,232,335,2020-11-19 15:35:36,2022-04-20 09:20:58,legacy/2026-05-20-pre-v2-import/data/raw/cf/delegation_history.csv
cf,pool1v5u6wzakuc25q3zpx04t8gjz3rgu60wuxkv2mh5nga23xjkc86s,4,4,342,459,2022-05-24 12:22:48,2023-12-26 22:38:58,legacy/2026-05-20-pre-v2-import/data/raw/cf/delegation_history.csv
cf,pool1vev8z03vh7jwx3mfrgzrt9fltt97nupaxv8ffj4r5r8mgwts5ze,4,4,318,393,2022-01-23 23:41:49,2023-02-03 10:45:30,legacy/2026-05-20-pre-v2-import/data/raw/cf/delegation_history.csv
cf,pool1wm5quxelvgk8q50jyfznf9asvelp9zf0tk2wu4jazlw9yj4uctw,4,5,217,304,2020-09-07 21:41:41,2021-11-14 05:35:35,legacy/2026-05-20-pre-v2-import/data/raw/cf/delegation_history.csv
cf,pool1x5dfpgp987e4jhxvgczr3wv50nv2pwd873tlx3uthvcasm422q6,4,6,324,369,2022-02-21 16:25:49,2022-10-07 21:17:19,legacy/2026-05-20-pre-v2-import/data/raw/cf/delegation_history.csv
cf,pool1xaudqyen24fz02vhu9qa2ry44suzfk8z3lh7sc6qx7c3gpweww2,4,5,233,293,2020-11-22 21:06:58,2021-09-21 03:52:52,legacy/2026-05-20-pre-v2-import/data/raw/cf/delegation_history.csv
cf,pool1xkwnlr34tjrnkz6u4c0p36cju3xuls4dyynsdkf6cv22ksuhz6q,4,4,509,530,2024-09-03 10:21:18,2024-12-17 17:26:11,legacy/2026-05-20-pre-v2-import/data/raw/cf/delegation_history.csv
cf,pool1xn4kqt45xh3udf87kmtkdfz8xh9qn6trlqsf39eusk23ufmxhgr,4,5,308,359,2021-12-05 16:49:18,2022-08-16 21:33:16,legacy/2026-05-20-pre-v2-import/data/raw/cf/delegation_history.csv
cf,pool1yet04d4ykpp7me8uc2jx2glxrx88kt9uhmv6jeh7xkmtu5zucna,4,4,212,240,2020-08-09 18:38:31,2020-12-30 10:46:54,legacy/2026-05-20-pre-v2-import/data/raw/cf/delegation_history.csv
cf,pool1zmfpd5r5vfwjmwm4cgy53exe58h7plnecny3t4948yw7zumzp4c,4,8,251,304,2021-02-19 23:29:40,2021-11-12 03:54:26,legacy/2026-05-20-pre-v2-import/data/raw/cf/delegation_history.csv
cf,pool1ztk6dcj2nc3plnujf3ek6jqngtx8hcryufz56lyumemlcy2xxn0,4,5,423,503,2023-06-30 06:25:35,2024-08-06 21:56:05,legacy/2026-05-20-pre-v2-import/data/raw/cf/delegation_history.csv
cf,pool10dwjth7esfw5gc036vu6l6csnvn6elqax0d3kh8t65rxyewk2g3,3,4,211,213,2020-08-07 17:44:51,2020-08-15 23:50:02,legacy/2026-05-20-pre-v2-import/data/raw/cf/delegation_history.csv
cf,pool10quq4wlghwrvmhdzc7geq22pyhzegccwj56ax2g8hx0cjfahufs,3,3,210,235,2020-07-30 03:25:31,2020-12-06 02:04:05,legacy/2026-05-20-pre-v2-import/data/raw/cf/delegation_history.csv
cf,pool126mkma8nv5axltmz7mmg8qz9e70nmhnf58hwx5772fhwgkhk6ag,3,3,218,284,2020-09-09 17:08:03,2021-08-06 20:08:28,legacy/2026-05-20-pre-v2-import/data/raw/cf/delegation_history.csv
cf,pool12ame5t8hdltyl30npznvhn23kxnvthk82j9p7dr4uew3y92uqes,3,3,257,262,2021-03-24 19:01:40,2021-04-17 01:25:08,legacy/2026-05-20-pre-v2-import/data/raw/cf/delegation_history.csv
cf,pool12jnulzs7j8lsku4r2a7q6tee6tt66872vwhqh8jxvgzn6837jtl,3,3,232,403,2020-11-19 15:33:20,2023-03-26 09:42:58,legacy/2026-05-20-pre-v2-import/data/raw/cf/delegation_history.csv
cf,pool12vv4c6z7yf8j4m2amzej4j8tn2d4dxklqk5nqztz7wl02gratjp,3,4,252,456,2021-02-25 07:58:44,2023-12-12 17:40:16,legacy/2026-05-20-pre-v2-import/data/raw/cf/delegation_history.csv
cf,pool130f7tnlumxe5yuzsqqphy00cal8yugh5x66zgnz48zqyypns0k3,3,3,210,228,2020-07-30 18:19:11,2020-10-30 03:00:13,legacy/2026-05-20-pre-v2-import/data/raw/cf/delegation_history.csv
cf,pool130sxcuaxh2yc4chs68c4jsep4v7zfhgdqutm60ngdvt9sa2ga06,3,3,233,237,2020-11-26 00:23:06,2020-12-12 02:00:01,legacy/2026-05-20-pre-v2-import/data/raw/cf/delegation_history.csv
cf,pool1378u3xd5h393n0dwqszfw4dmen5vlmnm2fsdczd3v92n6dlw6qm,3,3,210,210,2020-07-29 22:54:31,2020-07-30 00:01:51,legacy/2026-05-20-pre-v2-import/data/raw/cf/delegation_history.csv
cf,pool13xh3tgwzhr3hn25v5m2dnvqnfcmnzghcfah5t7kzufkywuy7w7v,3,3,210,248,2020-08-03 15:59:51,2021-02-06 13:31:52,legacy/2026-05-20-pre-v2-import/data/raw/cf/delegation_history.csv
cf,pool1457cnl7qu568h98xrw8krfnjkhf05mfhaq2l50epwy36yuln20q,3,3,447,560,2023-10-30 19:25:57,2025-05-19 20:04:03,legacy/2026-05-20-pre-v2-import/data/raw/cf/delegation_history.csv
cf,pool145dkdplkqke4g0unzkjljeh2wr797d08k2jv822rhmmc68xak38,3,3,385,393,2022-12-26 17:08:27,2023-01-30 23:13:26,legacy/2026-05-20-pre-v2-import/data/raw/cf/delegation_history.csv
cf,pool147en6w8f9cplnn5x7qt4ese7fpacmmcwuffrtu0yqxpaz4agppr,3,3,254,317,2021-03-11 17:13:36,2022-01-16 22:02:01,legacy/2026-05-20-pre-v2-import/data/raw/cf/delegation_history.csv
cf,pool14kg79f3v5lqfvp5etqvmy6m9kuzpnd80w5cl44qrl8tpuk00quc,3,3,210,247,2020-08-01 00:22:31,2021-02-04 13:16:02,legacy/2026-05-20-pre-v2-import/data/raw/cf/delegation_history.csv
cf,pool15cy4p3axu0m6sfrmxsp46z5cevx3ruksfwjl48730cgx24j4ydz,3,4,395,591,2023-02-12 00:50:04,2025-10-20 15:02:56,legacy/2026-05-20-pre-v2-import/data/raw/cf/delegation_history.csv
cf,pool15mv5w2vvfv2kplkrt40ylylyvdudv5axq5nyw6ln3v0gkd2auew,3,4,211,331,2020-08-04 14:14:31,2022-03-28 08:23:31,legacy/2026-05-20-pre-v2-import/data/raw/cf/delegation_history.csv
cf,pool17xh922cr9skc0fqk7sr8at6xx6eluh5qyv9p7ca2x0mtc3st0mz,3,4,312,598,2021-12-22 08:06:28,2025-11-20 23:11:45,legacy/2026-05-20-pre-v2-import/data/raw/cf/delegation_history.csv
cf,pool18qddv82sx8p22uxzdrf0qx9lkewxadlr9ef45kpcf7dzz3n56qv,3,3,290,578,2021-09-05 12:23:12,2025-08-13 22:08:50,legacy/2026-05-20-pre-v2-import/data/raw/cf/delegation_history.csv
cf,pool19ae6xhzsscypyha0sszv90xwjsh20hxecxjpcqynshfawvwxqnn,3,3,210,213,2020-07-30 14:12:51,2020-08-15 11:38:55,legacy/2026-05-20-pre-v2-import/data/raw/cf/delegation_history.csv
cf,pool19uynx6nxcdksmaqdcshjg487fap3rs3axyhrdqa7gdqgzgxss4y,3,3,210,229,2020-07-30 11:33:11,2020-11-05 23:42:11,legacy/2026-05-20-pre-v2-import/data/raw/cf/delegation_history.csv
cf,pool1a3u8zuz7fqavxgl48s8k37w8w6njk7zevlzyfjdlzxfexjcue6a,3,3,213,245,2020-08-14 01:21:53,2021-01-25 19:17:58,legacy/2026-05-20-pre-v2-import/data/raw/cf/delegation_history.csv
cf,pool1a44j6jas4sjhh3qc96r8rmhsdjxjuntuzxr3440jzwjjcysl9ca,3,3,277,300,2021-06-30 02:15:07,2021-10-25 15:20:22,legacy/2026-05-20-pre-v2-import/data/raw/cf/delegation_history.csv
cf,pool1a600v0jd2z3yajazd80phln3exekumm7g56d9yvlrh6vx8dx2fc,3,3,210,217,2020-08-02 02:31:11,2020-09-05 23:42:14,legacy/2026-05-20-pre-v2-import/data/raw/cf/delegation_history.csv
cf,pool1aq2kqdp9xf9w47vttvmqnahwd4scz2qyddsr9l4mfru4qddg3kr,3,3,390,430,2023-01-20 15:34:52,2023-08-07 22:17:34,legacy/2026-05-20-pre-v2-import/data/raw/cf/delegation_history.csv
cf,pool1art4z0ztc6kkzj8awrru6j2pv2eher45wca94ph954mnk7844n0,3,3,210,210,2020-07-30 15:07:51,2020-07-31 03:40:51,legacy/2026-05-20-pre-v2-import/data/raw/cf/delegation_history.csv
cf,pool1augg8mngjqjmxr8zypdqx7066f67q5cjcuwf738ja7csynadd99,3,3,212,213,2020-08-13 00:55:31,2020-08-15 23:50:46,legacy/2026-05-20-pre-v2-import/data/raw/cf/delegation_history.csv
cf,pool1chtam5czevzk2ttctvltpsc8twlwf6zzyh7kj3jkz72gks975sn,3,3,254,359,2021-03-11 10:58:50,2022-08-17 08:26:00,legacy/2026-05-20-pre-v2-import/data/raw/cf/delegation_history.csv
cf,pool1dqlgn7smehsnj5ztz8almy2036lfhrdjv79nmg9tmje0zzt620h,3,4,213,271,2020-08-16 09:19:39,2021-06-02 01:39:31,legacy/2026-05-20-pre-v2-import/data/raw/cf/delegation_history.csv
cf,pool1dy7tz7eyf2qal2jcns4qwm4xqn34gc4rj9dz34kfs6zuju477k7,3,3,210,220,2020-07-30 01:16:31,2020-09-22 19:53:05,legacy/2026-05-20-pre-v2-import/data/raw/cf/delegation_history.csv
cf,pool1ea9mdplehlxeqhv8ax9ldh36gltqqma7c5cm30jw09r2y30646r,3,3,235,254,2020-12-03 06:57:49,2021-03-08 02:54:51,legacy/2026-05-20-pre-v2-import/data/raw/cf/delegation_history.csv
cf,pool1etfar35l4tf6vam3gvqf5dnaq7levz32vgw4p00jzk7q7twg2te,3,4,210,243,2020-07-31 10:25:51,2021-01-12 20:17:20,legacy/2026-05-20-pre-v2-import/data/raw/cf/delegation_history.csv
cf,pool1fg5fs0jks9459pf5qxvdvv3l7rzemj0q8e2lt6unxx5m7fv3tzn,3,3,260,267,2021-04-07 14:39:27,2021-05-15 01:32:06,legacy/2026-05-20-pre-v2-import/data/raw/cf/delegation_history.csv
cf,pool1g58rl2yvgf3ewek4psqjlh77q8z2m9f3rjz4mpf0zemmvrmn0et,3,3,233,266,2020-11-25 18:44:12,2021-05-09 19:46:37,legacy/2026-05-20-pre-v2-import/data/raw/cf/delegation_history.csv
cf,pool1gas95lqlch5pj5e4lwg78gxlq7km9xfurfd557x4tgwk5kktd04,3,3,317,334,2022-01-18 23:49:27,2022-04-15 20:58:32,legacy/2026-05-20-pre-v2-import/data/raw/cf/delegation_history.csv
cf,pool1gr7jlqk9kmhwuztdwcwf6nyr2teeq9r8h4y62ev0xrrvyvwly64,3,6,393,446,2023-02-03 21:56:06,2023-10-26 14:04:44,legacy/2026-05-20-pre-v2-import/data/raw/cf/delegation_history.csv
cf,pool1h0anq89dytn6vtm0afhreyawcnn0w99w7e4s4q5w0yh3ymzh94s,3,3,210,234,2020-08-01 23:35:11,2020-11-30 13:23:37,legacy/2026-05-20-pre-v2-import/data/raw/cf/delegation_history.csv
cf,pool1h6q8jj55dn6727yydlypu0rz4sflf2enxhs0thqydmddgu3shl5,3,3,323,565,2022-02-17 14:40:19,2025-06-09 20:12:25,legacy/2026-05-20-pre-v2-import/data/raw/cf/delegation_history.csv
cf,pool1heks0vmxkfka2amg9c8yn8qdsxvgmzelfx6jhpfkj8ht5mn0r2m,3,4,213,470,2020-08-16 04:54:51,2024-02-20 21:02:58,legacy/2026-05-20-pre-v2-import/data/raw/cf/delegation_history.csv
cf,pool1hnp560z9e5acwux8tjguxq36j9r255zuf02u7z2d46dvcf5zhns,3,3,267,577,2021-05-14 18:54:28,2025-08-10 01:43:44,legacy/2026-05-20-pre-v2-import/data/raw/cf/delegation_history.csv
cf,pool1jpz5m45ff4r6tnq7n5tw63fkhpmw3cyv8sn569w24x8lj3kl68c,3,3,237,249,2020-12-14 09:50:48,2021-02-10 07:01:31,legacy/2026-05-20-pre-v2-import/data/raw/cf/delegation_history.csv
cf,pool1jql92je87mrx5gpjhmwr6a8a766cktcf5p0p8wd0wxq87nu80yf,3,3,247,317,2021-02-03 21:57:04,2022-01-19 02:43:15,legacy/2026-05-20-pre-v2-import/data/raw/cf/delegation_history.csv
cf,pool1jufp9k6gmyusvch65ra8yk2s7wu6cx5fsgnltl83p93ejg6h3xg,3,3,272,347,2021-06-08 03:38:22,2022-06-17 03:52:20,legacy/2026-05-20-pre-v2-import/data/raw/cf/delegation_history.csv
cf,pool1kchver88u3kygsak8wgll7htr8uxn5v35lfrsyy842nkscrzyvj,3,3,210,216,2020-07-30 12:02:31,2020-08-30 20:19:35,legacy/2026-05-20-pre-v2-import/data/raw/cf/delegation_history.csv
cf,pool1kjd9ff9u5ytq4atavv2dfsg3pvxqw8d50642pzmpn386zel0ka8,3,3,210,235,2020-08-02 18:08:11,2020-12-03 18:17:39,legacy/2026-05-20-pre-v2-import/data/raw/cf/delegation_history.csv
cf,pool1krznhwu3h5pu2stuslr53z5rme50t6384macsmylcnljwc7yjky,3,3,210,341,2020-07-29 22:21:51,2022-05-20 14:47:04,legacy/2026-05-20-pre-v2-import/data/raw/cf/delegation_history.csv
cf,pool1ktgug7wwf9k4hcsuk68ftkh8xs5n0333fzxyw9sagz8njhlskgm,3,4,220,289,2020-09-22 20:05:20,2021-08-31 14:20:55,legacy/2026-05-20-pre-v2-import/data/raw/cf/delegation_history.csv
cf,pool1l6aeyn35nkqkn9lqqlwqnpraakdzuukjrqprcrj3sctk6hhe32k,3,3,274,524,2021-06-17 10:10:19,2024-11-20 12:06:14,legacy/2026-05-20-pre-v2-import/data/raw/cf/delegation_history.csv
cf,pool1m0drnjxsvnlesq0rwmur2rh6lenuql57jfzd6cf6aegj2cv7ugy,3,3,506,582,2024-08-22 13:18:54,2025-09-05 18:53:55,legacy/2026-05-20-pre-v2-import/data/raw/cf/delegation_history.csv
cf,pool1m83drqwlugdt9jn7jkz8hx3pne53acfkd539d9cj8yr92dr4k9y,3,3,210,246,2020-08-02 08:30:11,2021-01-26 17:52:48,legacy/2026-05-20-pre-v2-import/data/raw/cf/delegation_history.csv
cf,pool1n2yp66zk6m33sg8k20hsvmk9tw7xeeswzdcfxhnx9hm9jkxv5k4,3,3,269,340,2021-05-22 08:29:49,2022-05-11 22:38:44,legacy/2026-05-20-pre-v2-import/data/raw/cf/delegation_history.csv
cf,pool1nzsjg3cuam3uj39qusn44cs2uj7h30lppqsrqsllwxs2c8fx4xs,3,3,280,281,2021-07-19 17:17:42,2021-07-22 23:36:41,legacy/2026-05-20-pre-v2-import/data/raw/cf/delegation_history.csv
cf,pool1pk8mzy6c7ef6m3qxc9gg6flec96pcn4sdd6maakkweyf5whuuu7,3,3,253,256,2021-03-05 06:12:37,2021-03-17 09:18:32,legacy/2026-05-20-pre-v2-import/data/raw/cf/delegation_history.csv
cf,pool1py2uxkvuj926h42s40wxl26dh0ggaq882v4m0hkd99m86vzmwnz,3,4,210,242,2020-07-30 12:10:11,2021-01-05 22:57:12,legacy/2026-05-20-pre-v2-import/data/raw/cf/delegation_history.csv
cf,pool1pzkgztz8y8tgd9tpfu7umep97x7m0c5ck0dpn2vqtf202fyhfv5,3,3,221,245,2020-09-26 21:28:17,2021-01-21 14:03:25,legacy/2026-05-20-pre-v2-import/data/raw/cf/delegation_history.csv
cf,pool1q8a7ym63gurl72wr32je0tv0lp4p2uh8vzzc6rn6un7ryslvqmu,3,3,387,563,2023-01-03 21:54:03,2025-05-30 09:57:14,legacy/2026-05-20-pre-v2-import/data/raw/cf/delegation_history.csv
cf,pool1qqq6qzgsa8n2uvy7pusk4fnxnwd8zx7xylycednw3ugmqxk9mps,3,3,210,211,2020-07-29 23:06:51,2020-08-06 18:40:31,legacy/2026-05-20-pre-v2-import/data/raw/cf/delegation_history.csv
cf,pool1qqqq58jy30weq2an3px3maljdmawcwh6ml4hr8m9euq9z2n7wyz,3,4,218,221,2020-09-08 00:03:16,2020-09-23 17:05:57,legacy/2026-05-20-pre-v2-import/data/raw/cf/delegation_history.csv
cf,pool1qqqqx69ztfvd83rtafs3mk4lwanehrglmp2vwkjpaguecs2t4c2,3,5,212,317,2020-08-09 22:36:11,2022-01-19 21:24:32,legacy/2026-05-20-pre-v2-import/data/raw/cf/delegation_history.csv
cf,pool1qy23q2qe64n6awyhrz0a97lk34zzcvgpk2e4vqmhjs86swwp9gn,3,16,211,264,2020-08-04 23:26:31,2021-04-28 19:22:46,legacy/2026-05-20-pre-v2-import/data/raw/cf/delegation_history.csv
cf,pool1r0dcmvzsldk06yagudxaajqjuzhvwlzcnaclcwtvm8v4qmsn7l0,3,3,249,255,2021-02-11 17:57:39,2021-03-13 21:13:51,legacy/2026-05-20-pre-v2-import/data/raw/cf/delegation_history.csv
cf,pool1sm5m0qqcjcd2qc4z6e4mxxwkfspptnvpukxy2umnwkm3c345neu,3,3,212,214,2020-08-09 23:06:51,2020-08-21 17:39:51,legacy/2026-05-20-pre-v2-import/data/raw/cf/delegation_history.csv
cf,pool1tcmk6at0dmkytxgq5j4u7fgsx9kytvfu7gz22lrs8hp9ztu7arw,3,3,252,256,2021-02-26 02:01:57,2021-03-17 00:01:10,legacy/2026-05-20-pre-v2-import/data/raw/cf/delegation_history.csv
cf,pool1tez268q6v9afz54csn2lg95kw7yyjykc3px8ry5gwkk656azfnz,3,4,235,279,2020-12-04 14:17:19,2021-07-14 08:23:38,legacy/2026-05-20-pre-v2-import/data/raw/cf/delegation_history.csv
cf,pool1tmt8thfaqeqv499l3s7k5kl64s84nycvnx55ll3ksm9hq50p0ks,3,3,307,431,2021-11-29 19:19:54,2023-08-11 11:46:57,legacy/2026-05-20-pre-v2-import/data/raw/cf/delegation_history.csv
cf,pool1tpr44v3pxth9j0ff246dvsryxpanxwx52f024ws3ecvn72sgv55,3,3,247,590,2021-02-04 13:35:40,2025-10-14 15:06:33,legacy/2026-05-20-pre-v2-import/data/raw/cf/delegation_history.csv
cf,pool1ufp38a9zwlvvrzcyxaxdrvav50nd7az5lyuzh4t0h3qp2gqamsx,3,3,242,242,2021-01-10 17:09:51,2021-01-10 17:19:13,legacy/2026-05-20-pre-v2-import/data/raw/cf/delegation_history.csv
cf,pool1ulx9ennungrtcucslrpz93cze5fddlg96h0wwj83p6fpsrvgz2v,3,3,210,236,2020-08-01 21:57:11,2020-12-07 19:25:53,legacy/2026-05-20-pre-v2-import/data/raw/cf/delegation_history.csv
cf,pool1uu65k00dp467qsszmqwl6udwnet3zszgx8n3kmn2aq84sae8ha9,3,3,491,621,2024-06-04 03:02:53,2026-03-18 09:03:31,legacy/2026-05-20-pre-v2-import/data/raw/cf/delegation_history.csv
cf,pool1uzla0r73fvpnvxr07m98nfzlxcv3q26mkjz00cqjfh7uqsyjkju,3,3,237,320,2020-12-13 22:00:04,2022-01-30 23:19:24,legacy/2026-05-20-pre-v2-import/data/raw/cf/delegation_history.csv
cf,pool1v4wgyctxyxlcf90qtgflznv5f4fcm6cy0z80mchctekt20d3cww,3,3,210,210,2020-07-29 22:31:31,2020-07-30 19:54:11,legacy/2026-05-20-pre-v2-import/data/raw/cf/delegation_history.csv
cf,pool1vc8jhqtwjrjwsfk6a0enx47hd2ufg98c34ta6lvl0zv0uhpech9,3,6,210,326,2020-07-30 14:09:31,2022-03-02 09:53:47,legacy/2026-05-20-pre-v2-import/data/raw/cf/delegation_history.csv
cf,pool1vqm5n5d503uumuc89s5y4wuczrwe3tlgylt2u2uj7y276avr5pl,3,3,298,318,2021-10-13 11:53:43,2022-01-25 15:22:52,legacy/2026-05-20-pre-v2-import/data/raw/cf/delegation_history.csv
cf,pool1vsuq3gtdvvsyma3gvz58chk8u4gu5yd03w8ptfks3ttxwpfvf0e,3,5,211,296,2020-08-07 17:59:51,2021-10-05 21:59:02,legacy/2026-05-20-pre-v2-import/data/raw/cf/delegation_history.csv
cf,pool1vtpn0drn5t39frknedmqq2jkhsfstwketsnvdm7cjzz674s30v2,3,3,455,478,2023-12-08 13:25:24,2024-04-03 00:59:18,legacy/2026-05-20-pre-v2-import/data/raw/cf/delegation_history.csv
cf,pool1whmm0hkxunyhxsr6dfjpx2tpvd05qhev820lx9vcmvqa5wjc6nh,3,3,524,525,2024-11-15 22:26:44,2024-11-24 14:44:59,legacy/2026-05-20-pre-v2-import/data/raw/cf/delegation_history.csv
cf,pool1wjsshqjpl3n6zlscnfvyy9gxklkav2dvfyprfye6l0kewyvv6yj,3,3,210,210,2020-07-30 13:46:31,2020-08-01 06:20:51,legacy/2026-05-20-pre-v2-import/data/raw/cf/delegation_history.csv
cf,pool1wm8vnvdqpy0hhwrwfzru0lf75pknq6pnw6garlzzqks8x0ptz57,3,3,210,210,2020-07-31 00:51:11,2020-08-03 01:18:51,legacy/2026-05-20-pre-v2-import/data/raw/cf/delegation_history.csv
cf,pool1xj5f7a79lnc9v0gjn00fkf2lyzexngka59tpcew5rrkyqveagpt,3,3,231,264,2020-11-14 17:25:43,2021-04-28 19:03:31,legacy/2026-05-20-pre-v2-import/data/raw/cf/delegation_history.csv
cf,pool1xppj5zu9kmuqk05u6dtd3dmtj7fl25cvjyzsc95gmfyjywaslnp,3,6,217,228,2020-09-03 10:09:26,2020-10-29 07:34:20,legacy/2026-05-20-pre-v2-import/data/raw/cf/delegation_history.csv
cf,pool1xxvcz8dem4xufzn74v2y7fs709mfw3tpq963thzg5en5jrkv67a,3,5,234,523,2020-11-30 02:56:31,2024-11-11 12:56:30,legacy/2026-05-20-pre-v2-import/data/raw/cf/delegation_history.csv
cf,pool1yr0cv3dtmhcfgqa6yetvmf769ngk89e6tepecmjrmjl2jzcw2lm,3,5,367,606,2022-09-26 10:14:25,2026-01-03 06:32:43,legacy/2026-05-20-pre-v2-import/data/raw/cf/delegation_history.csv
cf,pool1yyv7vx5zhhsd60jp4tl72vpznwvpvjp35m4z7jr42ugkxmndyv5,3,3,213,237,2020-08-14 00:48:33,2020-12-13 05:18:24,legacy/2026-05-20-pre-v2-import/data/raw/cf/delegation_history.csv
cf,pool1z56rnzw94rxxm5mwkyxfdwfej5fdh0k7056gqs6whr8tyjn48wq,3,3,300,302,2021-10-24 12:54:14,2021-11-02 09:12:22,legacy/2026-05-20-pre-v2-import/data/raw/cf/delegation_history.csv
cf,pool1zecj6wqrzkcjmldvrr992pt3c64sgrhkhexxst32sdlsjwkpmfh,3,3,211,298,2020-08-08 08:00:31,2021-10-13 11:40:58,legacy/2026-05-20-pre-v2-import/data/raw/cf/delegation_history.csv
cf,pool1zn9hjcmfddhcp2aj9xxuvz7z40rasyatkgavr8ryyz72qdfwtrj,3,3,265,290,2021-05-03 19:16:48,2021-09-04 04:39:24,legacy/2026-05-20-pre-v2-import/data/raw/cf/delegation_history.csv
cf,pool1030vz0wxheg0dvarr8hmeavelpszmp52qucs68c7wc9uga6n6e4,2,2,241,264,2021-01-03 22:09:53,2021-04-28 10:11:44,legacy/2026-05-20-pre-v2-import/data/raw/cf/delegation_history.csv
cf,pool104fdj0xdhr8cqedwn0lf8dk206ryn62kn8mtyym020nuxthjgvj,2,2,210,212,2020-07-29 23:44:31,2020-08-13 16:42:51,legacy/2026-05-20-pre-v2-import/data/raw/cf/delegation_history.csv
cf,pool10fxpa6wkv0wc6wcmahcnz4wvvfx9m7547sevxrge3nfuv7yh8m0,2,2,406,406,2023-04-06 09:20:49,2023-04-06 09:22:17,legacy/2026-05-20-pre-v2-import/data/raw/cf/delegation_history.csv
cf,pool10jqlkjfn2rtlc6hp95p8k4h04h3dfmdcgnga6umwp2rpukpg20l,2,2,247,391,2021-02-04 13:14:20,2023-01-22 04:29:52,legacy/2026-05-20-pre-v2-import/data/raw/cf/delegation_history.csv
cf,pool10kjjh9zfs77vzxpp4qpdxwvnh3x8zdf8qcv7pckvdhw02fu6unz,2,2,469,470,2024-02-17 23:24:06,2024-02-21 13:30:36,legacy/2026-05-20-pre-v2-import/data/raw/cf/delegation_history.csv
cf,pool10mf43thtl3keag50mrlvqa78xkwg7harmu4w5yzr3k7jvw0ap43,2,4,210,468,2020-08-01 02:31:11,2024-02-13 18:29:59,legacy/2026-05-20-pre-v2-import/data/raw/cf/delegation_history.csv
cf,pool10p3g22454ly7eaurlur5wc9d9ual2fnfwy7a6e7k09z3yf929k9,2,3,211,323,2020-08-06 12:38:31,2022-02-15 12:05:46,legacy/2026-05-20-pre-v2-import/data/raw/cf/delegation_history.csv
cf,pool1223lffkp6apdunf3prnfz5cra8fy2m2sdkazkls2wky3wdguw59,2,4,210,211,2020-07-29 23:58:31,2020-08-05 22:56:51,legacy/2026-05-20-pre-v2-import/data/raw/cf/delegation_history.csv
cf,pool124lm97s6f4satl7xz0ulzgg6tv30tskry3zcntwrz68n60v5yne,2,2,210,298,2020-07-31 11:13:51,2021-10-13 11:42:10,legacy/2026-05-20-pre-v2-import/data/raw/cf/delegation_history.csv
cf,pool127xwsah7jllutuhen8vl7sve5278h7hhxtnys3cl438dyhuwgjg,2,2,237,254,2020-12-12 14:19:30,2021-03-08 23:05:42,legacy/2026-05-20-pre-v2-import/data/raw/cf/delegation_history.csv
cf,pool12ehtdu5hfffpeqg968gtpqcnjv7hwfj3tshxcw8lg37tqcquhaq,2,2,244,245,2021-01-17 05:47:04,2021-01-21 20:23:58,legacy/2026-05-20-pre-v2-import/data/raw/cf/delegation_history.csv
cf,pool12rs385dd534g8gtdtmnvlhq63whdvc6vnuzxa5cpx843zdy73qy,2,2,305,305,2021-11-17 06:30:47,2021-11-20 17:22:22,legacy/2026-05-20-pre-v2-import/data/raw/cf/delegation_history.csv
cf,pool1377u7cfdm7mpw7e4xr77jz6l8k2ktlv40v5wuzycm6s6vluquh3,2,2,211,211,2020-08-04 23:19:51,2020-08-05 02:34:51,legacy/2026-05-20-pre-v2-import/data/raw/cf/delegation_history.csv
cf,pool13n4jzw847sspllczxgnza7vkq80m8px7mpvwnsqthyy2790vmyc,2,2,210,211,2020-07-29 23:50:51,2020-08-08 21:06:11,legacy/2026-05-20-pre-v2-import/data/raw/cf/delegation_history.csv
cf,pool13pclvkwxee4znt7qc55k8ny89zvdkvfrt04dtd99zjm5vs2tws5,2,2,211,236,2020-08-05 14:46:51,2020-12-09 06:42:29,legacy/2026-05-20-pre-v2-import/data/raw/cf/delegation_history.csv
cf,pool13pt7us94nw782t5v4d89sz8zqn8hcn8r8r7hhph5mvxvvp3c76v,2,2,279,313,2021-07-10 06:12:22,2021-12-28 06:13:52,legacy/2026-05-20-pre-v2-import/data/raw/cf/delegation_history.csv
cf,pool13q0r47yq43jljm9lnwza8uz57u420wuuwllrvkalxm6vwn2dq5n,2,2,212,218,2020-08-10 09:07:31,2020-09-08 08:48:16,legacy/2026-05-20-pre-v2-import/data/raw/cf/delegation_history.csv
cf,pool13ws3wf9skw0ngg3aze482tdxqsnfmvf4vgy46cux599mxm8n27g,2,2,211,212,2020-08-04 08:05:11,2020-08-10 20:35:31,legacy/2026-05-20-pre-v2-import/data/raw/cf/delegation_history.csv
cf,pool13wwxqu7sj9cunca3gc8lunqtz8e5un9phrhq52870ful6jw6usm,2,2,210,234,2020-07-30 12:15:31,2020-11-30 13:24:25,legacy/2026-05-20-pre-v2-import/data/raw/cf/delegation_history.csv
cf,pool13wzpwavanfpkr4r4j30plrlc6dn6p822lkt22zdllmy7q8y7s90,2,2,241,292,2021-01-04 07:19:02,2021-09-15 20:42:50,legacy/2026-05-20-pre-v2-import/data/raw/cf/delegation_history.csv
cf,pool149d5lzg7m6susau4f4yfdztgkty34qrcdpvd3ygsetmljgxxf8g,2,2,309,317,2021-12-10 05:10:38,2022-01-16 19:28:59,legacy/2026-05-20-pre-v2-import/data/raw/cf/delegation_history.csv
cf,pool14cautfm2e8jxv79tv59grnryjxs8f2wewz66wup695xgu7wjnvr,2,2,214,390,2020-08-22 16:56:31,2023-01-16 19:00:21,legacy/2026-05-20-pre-v2-import/data/raw/cf/delegation_history.csv
cf,pool14g73qj0qz05ymqg7dp9kxdu8jr7uuzm6z6n3jwxpvqskghhmhng,2,2,210,298,2020-07-31 21:43:51,2021-10-13 19:23:12,legacy/2026-05-20-pre-v2-import/data/raw/cf/delegation_history.csv
cf,pool14mumny7t9l4ydjkqkllylxzzvwf0s5te9vujqet82eszj3d6ccm,2,2,233,234,2020-11-26 05:54:03,2020-11-28 10:49:01,legacy/2026-05-20-pre-v2-import/data/raw/cf/delegation_history.csv
cf,pool155p7g23vdme50kp5lfqylfx5h7ndldyz2mletvr8fqucqzyrk44,2,2,355,462,2022-07-28 02:26:45,2024-01-14 06:26:10,legacy/2026-05-20-pre-v2-import/data/raw/cf/delegation_history.csv
cf,pool15f9qklmaajysmwx9n3rkgc5s2g3rfffz4x8spnedtzdgq43tpe2,2,2,249,340,2021-02-11 22:42:32,2022-05-14 13:35:09,legacy/2026-05-20-pre-v2-import/data/raw/cf/delegation_history.csv
cf,pool15fn9e84lmcp88z6yldagdele2lq0kqremlf0j96v7cj0jj6v22l,2,2,318,322,2022-01-24 14:55:23,2022-02-11 19:28:16,legacy/2026-05-20-pre-v2-import/data/raw/cf/delegation_history.csv
cf,pool15hx9hze8ulcsw6e7ceelz2pem2g3u9c29wqe4eszkhspj3wcdlx,2,2,330,331,2022-03-26 21:31:39,2022-03-26 21:48:33,legacy/2026-05-20-pre-v2-import/data/raw/cf/delegation_history.csv
cf,pool15nww4436eq733eypdq7vnllsnqyrwftw434xkvpm2mc2kfue2ux,2,2,247,259,2021-02-04 13:26:33,2021-04-01 19:12:32,legacy/2026-05-20-pre-v2-import/data/raw/cf/delegation_history.csv
cf,pool15w4gpc2zyg634j5yag0xq790h326fzcg4cvq67nmck3kxq4m5m5,2,2,210,210,2020-07-29 23:04:11,2020-07-30 14:36:11,legacy/2026-05-20-pre-v2-import/data/raw/cf/delegation_history.csv
cf,pool15xgej4c7ns20y5pt7dc5vq6yj87ss5sl2ffucmh5j766j90ppur,2,3,266,298,2021-05-06 21:33:59,2021-10-17 13:29:12,legacy/2026-05-20-pre-v2-import/data/raw/cf/delegation_history.csv
cf,pool1628y4cuysuspjhcfhmx3te5ctd2vhuak9eft757947zsz5rtx8h,2,2,328,329,2022-03-12 11:58:44,2022-03-21 10:42:23,legacy/2026-05-20-pre-v2-import/data/raw/cf/delegation_history.csv
cf,pool162g6067hj0z3tyxrn7e0wmcz36yqp6nxu3e4x5ahkwvnygsuwqk,2,3,232,281,2020-11-18 11:48:11,2021-07-20 01:41:45,legacy/2026-05-20-pre-v2-import/data/raw/cf/delegation_history.csv
cf,pool1668w66pcrdjmavz0c7vym7s4d3xm7578jy0fqzhk55677t4etud,2,2,242,369,2021-01-07 15:39:26,2022-10-03 16:52:01,legacy/2026-05-20-pre-v2-import/data/raw/cf/delegation_history.csv
cf,pool16dxn8c697qrqtzl3xe695trtde2hvgw0qtd65208ruaq70hv4ud,2,2,210,210,2020-07-30 08:06:51,2020-08-03 11:05:51,legacy/2026-05-20-pre-v2-import/data/raw/cf/delegation_history.csv
cf,pool16fa03u6u85ek2q8lryqprngpahglssj5qqh66pfaxf34vgu5rhl,2,2,296,315,2021-10-04 18:57:11,2022-01-10 21:19:09,legacy/2026-05-20-pre-v2-import/data/raw/cf/delegation_history.csv
cf,pool16knnvtezwzmgpnu8v03wht6y4u7mwfc7qz6y2yk62w4as4qymat,2,2,247,253,2021-02-04 13:27:05,2021-03-06 13:16:51,legacy/2026-05-20-pre-v2-import/data/raw/cf/delegation_history.csv
cf,pool16qnvy60w5gwkr87qypaw2jrgndtr0cmwauv60m2p5lxzq5akftk,2,2,210,210,2020-07-30 00:41:11,2020-08-01 11:35:51,legacy/2026-05-20-pre-v2-import/data/raw/cf/delegation_history.csv
cf,pool16r0t5fwwnehltxhh7wfstl8rwvjpz4npdn0s5jd36j0ysflw7ef,2,2,279,390,2021-07-14 08:42:17,2023-01-18 22:07:49,legacy/2026-05-20-pre-v2-import/data/raw/cf/delegation_history.csv
cf,pool170028ak8q37qf4e5lf7z8eyuscgcrqgzn9lh58a4g9ngzd83a0h,2,4,228,315,2020-10-29 07:11:12,2022-01-09 20:17:57,legacy/2026-05-20-pre-v2-import/data/raw/cf/delegation_history.csv
cf,pool178j8pevk04pay4lgz29c9y52k30xql7uaj5zdsqzpa9jwkuhqn5,2,2,211,213,2020-08-07 20:41:31,2020-08-13 22:04:06,legacy/2026-05-20-pre-v2-import/data/raw/cf/delegation_history.csv
cf,pool17r3u34ywld6sehe9dd5t40ygq7rmc6yfw2k0h0hpllznwlmwsnn,2,2,323,413,2022-02-15 19:33:34,2023-05-11 18:34:37,legacy/2026-05-20-pre-v2-import/data/raw/cf/delegation_history.csv
cf,pool17vxhghxt2w2hc8c945ex2wqpwlcz39v6uc3fcxvqln45s8xrdt3,2,2,211,219,2020-08-04 08:44:11,2020-09-15 19:36:45,legacy/2026-05-20-pre-v2-import/data/raw/cf/delegation_history.csv
cf,pool17y0uw9jraxxtqk4mhgkhkye2v6jqzn84u8hl68l9xwq3cvm2vqw,2,2,211,242,2020-08-05 21:55:31,2021-01-07 15:37:56,legacy/2026-05-20-pre-v2-import/data/raw/cf/delegation_history.csv
cf,pool17ynruzy9lvq0x55ks22vtf4lrrdrw2ucydh4tfzhg9kkyeaw8nf,2,2,234,256,2020-11-30 13:25:41,2021-03-19 21:05:15,legacy/2026-05-20-pre-v2-import/data/raw/cf/delegation_history.csv
cf,pool180pfdeg9shtdu47hcjdw2kcxhz7r6pz3juzej8mkdjvtjt7mkm0,2,2,216,272,2020-08-29 11:23:40,2021-06-09 19:05:32,legacy/2026-05-20-pre-v2-import/data/raw/cf/delegation_history.csv
cf,pool1829u4wxz0hdatsc0sczd0r3362wxk82qlqncjw5ksx7ngne07w0,2,2,211,236,2020-08-07 05:01:11,2020-12-11 20:40:51,legacy/2026-05-20-pre-v2-import/data/raw/cf/delegation_history.csv
cf,pool18gysxqfwz4j8rm3vlh6677vs9n23prvfr7gwe88mhn5uudgx9ng,2,3,473,568,2024-03-09 17:40:33,2025-06-27 15:16:53,legacy/2026-05-20-pre-v2-import/data/raw/cf/delegation_history.csv
cf,pool18xykgvvvxej2e5ap04ks72d8fdke4qsqeh30satznyrtj88634d,2,2,210,210,2020-07-29 22:27:11,2020-08-03 20:20:51,legacy/2026-05-20-pre-v2-import/data/raw/cf/delegation_history.csv
cf,pool193uec04jldvah7r52q86wl033g4v42x0aste8jfg9999qepaxfp,2,2,566,578,2025-06-15 03:50:13,2025-08-14 03:08:04,legacy/2026-05-20-pre-v2-import/data/raw/cf/delegation_history.csv
cf,pool1980svf2cxnfy66s5jgjv7y22xud75z9kfe6n0c3y54s62w56435,2,2,279,290,2021-07-13 03:01:48,2021-09-04 19:58:12,legacy/2026-05-20-pre-v2-import/data/raw/cf/delegation_history.csv
cf,pool19k4azhj8tye5wwy5pfj7q6m938m8fg5nglds5dkhtfwnvcg3s0k,2,3,259,339,2021-04-05 15:52:57,2022-05-09 19:47:34,legacy/2026-05-20-pre-v2-import/data/raw/cf/delegation_history.csv
cf,pool19lz8nyz0jjpdrdtnjaar4untk4th23gpg5s7aegn7480zff4vgq,2,5,248,543,2021-02-05 02:23:07,2025-02-21 02:41:11,legacy/2026-05-20-pre-v2-import/data/raw/cf/delegation_history.csv
cf,pool19n5ml38q5uedy8kgwwwtlsa3p9tmfcef0lfjp42k7j9d5mpgs2m,2,2,258,298,2021-03-31 12:52:50,2021-10-15 05:20:25,legacy/2026-05-20-pre-v2-import/data/raw/cf/delegation_history.csv
cf,pool19nrqgmwwz8xu939ulpskuky2qq5z36v4jtnwcs69qr7xy4j495y,2,2,212,212,2020-08-10 21:55:31,2020-08-12 20:02:51,legacy/2026-05-20-pre-v2-import/data/raw/cf/delegation_history.csv
cf,pool19nw9emug78q4uxwr8lv0glvmmzwr6lhylgy4ztaagjsjvyqjylw,2,3,272,364,2021-06-05 15:55:19,2022-09-09 12:16:03,legacy/2026-05-20-pre-v2-import/data/raw/cf/delegation_history.csv
cf,pool19ut4284xy9p82dd0cglzxweddfqw73yennkjk6mmp650chnr6lz,2,2,212,216,2020-08-10 20:13:51,2020-08-31 23:00:27,legacy/2026-05-20-pre-v2-import/data/raw/cf/delegation_history.csv
cf,pool1a2gt2mvuf5zvtqlvw2xgks2efze3p4r985ft62q64lua7gx7lal,2,2,212,369,2020-08-10 20:13:11,2022-10-04 16:39:31,legacy/2026-05-20-pre-v2-import/data/raw/cf/delegation_history.csv
cf,pool1a5jd3x2udlvpm9mt4gpau4jlags6qtth6jdsguryh2zy27f5ttj,2,2,317,318,2022-01-20 02:41:44,2022-01-23 10:31:38,legacy/2026-05-20-pre-v2-import/data/raw/cf/delegation_history.csv
cf,pool1a6v2wt0m8wjra80zuw00sfdxn4w52cna96gcaglzvred6gnsusx,2,2,213,228,2020-08-18 04:51:08,2020-10-28 07:44:12,legacy/2026-05-20-pre-v2-import/data/raw/cf/delegation_history.csv
cf,pool1a9xyvnnfjnujzy0n2mpf4rztdwrssraw5p5f06mqlgn4s06z0nw,2,3,213,242,2020-08-16 23:08:33,2021-01-07 15:27:45,legacy/2026-05-20-pre-v2-import/data/raw/cf/delegation_history.csv
cf,pool1ahl705cca5twdfmml0ksux606t8vmuemu9vsnf3g94mm7lhnhtv,2,2,211,214,2020-08-07 01:14:31,2020-08-20 21:55:41,legacy/2026-05-20-pre-v2-import/data/raw/cf/delegation_history.csv
cf,pool1c3ecg6h4m73a2mftmdm9mz3gxklxmnzuwzl9e38lzd4y26qcm8a,2,2,250,291,2021-02-17 03:44:35,2021-09-08 20:35:37,legacy/2026-05-20-pre-v2-import/data/raw/cf/delegation_history.csv
cf,pool1c55n72ag3tz8g7rntzuu9a86u7eugsy008xl3xsje8kwgvz2vdz,2,2,375,407,2022-11-05 08:21:46,2023-04-12 10:11:56,legacy/2026-05-20-pre-v2-import/data/raw/cf/delegation_history.csv
cf,pool1calq8kjzrvp83l80rtvgmulausl99q4tjfkz2lp227vkymd5wgg,2,2,249,250,2021-02-14 16:59:43,2021-02-19 03:02:03,legacy/2026-05-20-pre-v2-import/data/raw/cf/delegation_history.csv
cf,pool1cg559cdc25fkvs73umj6w5nxlwy3mpmj02xt7p4v69eqs5ncz9k,2,2,415,555,2023-05-22 14:38:06,2025-04-21 21:15:37,legacy/2026-05-20-pre-v2-import/data/raw/cf/delegation_history.csv
cf,pool1cpr59c88ps8499gtgegr3muhclr7dln35g9a3rqmv4dkxg9n3h8,2,2,323,323,2022-02-18 08:02:47,2022-02-18 20:35:46,legacy/2026-05-20-pre-v2-import/data/raw/cf/delegation_history.csv
cf,pool1cspe7naf0mtntwyysqxk6czah3jlh6v4cja8pdfju932yxsehnm,2,2,393,442,2023-01-30 23:06:07,2023-10-07 15:15:00,legacy/2026-05-20-pre-v2-import/data/raw/cf/delegation_history.csv
cf,pool1d70vllztcsgx3ku8h5vnukzz2a7lpzjxfjmuqqvxtj9kq27hygs,2,2,210,234,2020-07-29 23:12:11,2020-11-28 14:09:01,legacy/2026-05-20-pre-v2-import/data/raw/cf/delegation_history.csv
cf,pool1ddskftmsscw92d7vnj89pldwx5feegkgcmamgt5t0e4lkd7mdp8,2,2,210,210,2020-07-29 22:25:11,2020-07-30 00:16:11,legacy/2026-05-20-pre-v2-import/data/raw/cf/delegation_history.csv
cf,pool1df9rj4n0t3zlpak7xnh4ue6t3yh9zlw7a02w4l8askp77up25rt,2,2,210,311,2020-08-03 03:44:11,2021-12-20 17:50:25,legacy/2026-05-20-pre-v2-import/data/raw/cf/delegation_history.csv
cf,pool1dj4l8qma9zzqqzhsawdkvxrs7qyqyv70kn56ywdqqazscvcqvva,2,2,232,267,2020-11-19 15:40:09,2021-05-12 04:55:14,legacy/2026-05-20-pre-v2-import/data/raw/cf/delegation_history.csv
cf,pool1djg8jsygtculv3q2qdrxtnpxfq003pdxcvlw2pvfupq7jm5xpgp,2,2,210,231,2020-07-30 14:13:11,2020-11-14 19:06:26,legacy/2026-05-20-pre-v2-import/data/raw/cf/delegation_history.csv
cf,pool1dmnyhw9uthknzcq4q6pwdc4vtfxz5zzrvd9eg432u60lzl959tw,2,2,429,564,2023-08-01 23:14:12,2025-06-06 12:00:45,legacy/2026-05-20-pre-v2-import/data/raw/cf/delegation_history.csv
cf,pool1dmqzwuql5mylffvn7ln3pr9j7kh4gdsssrmma5wgx56f6rtyf42,2,2,251,256,2021-02-23 19:38:21,2021-03-17 09:50:50,legacy/2026-05-20-pre-v2-import/data/raw/cf/delegation_history.csv
cf,pool1dpu6kslgxlg3ccrwxldl8e6r7ylnq0yalafmucp0yc7k6qegtt0,2,2,329,396,2022-03-17 16:03:35,2023-02-16 07:41:54,legacy/2026-05-20-pre-v2-import/data/raw/cf/delegation_history.csv
cf,pool1drrfl4ef8uwaqsyjpssdp8epsflnwdjdku0gx7ycc6qnsqfqv32,2,2,264,279,2021-04-27 13:45:46,2021-07-14 08:11:22,legacy/2026-05-20-pre-v2-import/data/raw/cf/delegation_history.csv
cf,pool1du3r4a7xq60hg2x0wcz7lw5ya3qs74rk258c8kanp93rsqdqu45,2,2,337,575,2022-04-27 16:40:52,2025-07-30 08:49:32,legacy/2026-05-20-pre-v2-import/data/raw/cf/delegation_history.csv
cf,pool1dv7s5fn4m9dee8ncvx5hktfmsnx6agydhn798rfdqjazuwr84gc,2,2,247,323,2021-02-04 13:27:37,2022-02-18 18:27:01,legacy/2026-05-20-pre-v2-import/data/raw/cf/delegation_history.csv
cf,pool1dww6s8stvm7dl2n8740s3v5rnxmsuqcl8jcnu64g7cds5w29pft,2,2,324,466,2022-02-22 05:33:27,2024-01-31 12:37:29,legacy/2026-05-20-pre-v2-import/data/raw/cf/delegation_history.csv
cf,pool1e489239duee8dykj7ejx7dmazstwn6y6wfxc0kjaxw5hke5j4nv,2,2,210,210,2020-08-01 13:38:51,2020-08-03 17:53:31,legacy/2026-05-20-pre-v2-import/data/raw/cf/delegation_history.csv
cf,pool1e8vr85ank99g6fx2r7tjel2mh2jyfppnqy6nmp8vr0arys65n05,2,2,210,247,2020-07-30 04:10:11,2021-02-04 15:50:55,legacy/2026-05-20-pre-v2-import/data/raw/cf/delegation_history.csv
cf,pool1fftlhn68f3lejs2u39pcd5q33zgwnlumrp20dr6cqqkxwyuft2r,2,2,211,242,2020-08-06 06:34:51,2021-01-07 15:34:13,legacy/2026-05-20-pre-v2-import/data/raw/cf/delegation_history.csv
cf,pool1fg42yz0qpu5jd0gd3g5xty4mm6jdxkje8szag8h798nyyxw6zd3,2,4,211,242,2020-08-05 14:36:51,2021-01-06 09:43:25,legacy/2026-05-20-pre-v2-import/data/raw/cf/delegation_history.csv
cf,pool1fpu5xurq3jx5rn626ejcx0dzzzk5lmtvdl2qkj9l4kw2sjp50dz,2,2,248,470,2021-02-05 02:23:28,2024-02-20 03:00:59,legacy/2026-05-20-pre-v2-import/data/raw/cf/delegation_history.csv
cf,pool1fuzqy5r9x98826zv6wp40tr27uplemmstkd57cuw8jh5v5m90vn,2,2,210,231,2020-07-30 21:11:11,2020-11-16 21:22:22,legacy/2026-05-20-pre-v2-import/data/raw/cf/delegation_history.csv
cf,pool1fy5aaf5gz2646dghhm8u899mj6hyznn428sqhdx3tmqmsdy6rcz,2,2,264,264,2021-04-28 10:27:01,2021-04-30 09:04:03,legacy/2026-05-20-pre-v2-import/data/raw/cf/delegation_history.csv
cf,pool1g79uyzvt9mm3z7jdcxnp36n4egm4z6l8c6n9l2mk8ae2yf5zman,2,2,298,319,2021-10-13 12:04:10,2022-01-28 09:36:13,legacy/2026-05-20-pre-v2-import/data/raw/cf/delegation_history.csv
cf,pool1gh06f56tnkj6uhlfrlntwnczlfm6tszmm6umga3anevn2tvcds4,2,2,323,323,2022-02-17 14:38:06,2022-02-17 17:17:33,legacy/2026-05-20-pre-v2-import/data/raw/cf/delegation_history.csv
cf,pool1gpz25s2aasmqnh9tg8a2rxmyxuvmj5s779htxk295e9ajnzjflc,2,2,210,232,2020-08-03 14:00:11,2020-11-21 12:44:34,legacy/2026-05-20-pre-v2-import/data/raw/cf/delegation_history.csv
cf,pool1gqgyta9sku3crjzfl9kj7kxsgfkt98y98yeu09kx22zscrezuj7,2,2,411,539,2023-05-01 02:03:15,2025-01-30 09:25:00,legacy/2026-05-20-pre-v2-import/data/raw/cf/delegation_history.csv
cf,pool1gqvrgg7zycvf65ydkjeph72t0yx0f5ykzd9f477zh4f3smwk997,2,2,225,238,2020-10-12 22:26:48,2020-12-18 17:19:02,legacy/2026-05-20-pre-v2-import/data/raw/cf/delegation_history.csv
cf,pool1grz62pdyyakffeymsjxpkz4x9382y3zhfa8zu28tk2fpqxm6p5l,2,2,349,350,2022-06-25 12:02:26,2022-07-04 18:15:27,legacy/2026-05-20-pre-v2-import/data/raw/cf/delegation_history.csv
cf,pool1gsrcrjm6ctkquef6m8jsyvplv0j357hupn92uklqdcm7729ytv6,2,2,333,340,2022-04-06 19:47:06,2022-05-13 12:26:31,legacy/2026-05-20-pre-v2-import/data/raw/cf/delegation_history.csv
cf,pool1gu33fszp9ek0w9fkdt2xpnp4vznvvv2vhktc0dypa8fr53lc9pc,2,2,210,391,2020-07-31 12:14:11,2023-01-21 03:22:45,legacy/2026-05-20-pre-v2-import/data/raw/cf/delegation_history.csv
cf,pool1gx6eawfvnhckevmlzhfz9j3uzj92j2wgww0mdd2fu5d4zd4wvaa,2,5,240,350,2020-12-27 00:09:17,2022-06-29 23:24:34,legacy/2026-05-20-pre-v2-import/data/raw/cf/delegation_history.csv
cf,pool1h0524mtazrjnzqh5e4u060jsfk8lpsqqjfpa5gygjwuhqu34wvt,2,2,212,242,2020-08-08 23:16:51,2021-01-06 06:25:20,legacy/2026-05-20-pre-v2-import/data/raw/cf/delegation_history.csv
cf,pool1h5jtxde8j86qrnqzj32ugn480u7gw5xw8wqy5d227rl3vfg58qz,2,2,298,425,2021-10-13 11:40:02,2023-07-14 08:01:35,legacy/2026-05-20-pre-v2-import/data/raw/cf/delegation_history.csv
cf,pool1helzgcd9sjm9xtyh9mw2wy06gekh6r52s6mx987q0p8lvklwura,2,2,298,323,2021-10-13 12:30:16,2022-02-17 10:46:26,legacy/2026-05-20-pre-v2-import/data/raw/cf/delegation_history.csv
cf,pool1hrv8gtrm0dgjg6zyss5uwa4nkruzfnh5vrdkr2sayj7x2nw6mjc,2,2,279,453,2021-07-14 07:55:15,2023-11-28 22:46:45,legacy/2026-05-20-pre-v2-import/data/raw/cf/delegation_history.csv
cf,pool1htf4qwm5t82mefqkns5p7d5w30rk8xdduty434vchq2hcvwt6ka,2,2,220,234,2020-09-18 01:00:19,2020-11-30 13:30:41,legacy/2026-05-20-pre-v2-import/data/raw/cf/delegation_history.csv
cf,pool1hv3yae6keeeu2y7eusejx4swd2myfkurldt7lasn2qu4xk20j8m,2,2,212,232,2020-08-09 12:31:51,2020-11-21 18:17:03,legacy/2026-05-20-pre-v2-import/data/raw/cf/delegation_history.csv
cf,pool1hysp9sd0h4k8ll8sxnl0k3gqatd9axzjnaxs7488mw9gze40jp9,2,2,262,286,2021-04-17 00:15:42,2021-08-14 14:02:53,legacy/2026-05-20-pre-v2-import/data/raw/cf/delegation_history.csv
cf,pool1jayej3rwf5ynfmmu7583x3w2j73dcedtflgnazdezfn3kl6062x,2,2,544,544,2025-02-25 08:56:45,2025-02-25 08:57:59,legacy/2026-05-20-pre-v2-import/data/raw/cf/delegation_history.csv
cf,pool1jhh5u4q6r6ym8rl7lcf9qc8lgsds8sxh0kl6lajkh5wkgkq6efy,2,2,210,211,2020-08-02 23:17:51,2020-08-04 08:05:11,legacy/2026-05-20-pre-v2-import/data/raw/cf/delegation_history.csv
cf,pool1jpezycd8q3l6a255dv8wt7vpt4aay8llqakdn7vkum5swes4hu3,2,2,227,236,2020-10-23 12:47:56,2020-12-06 22:49:25,legacy/2026-05-20-pre-v2-import/data/raw/cf/delegation_history.csv
cf,pool1jre4hpk3hwzlzh64nfsjkhe6gp4006sy2v8ktqre2qth7uswrtf,2,2,210,247,2020-08-01 12:31:31,2021-02-04 13:38:44,legacy/2026-05-20-pre-v2-import/data/raw/cf/delegation_history.csv
cf,pool1jxv3my3c70e8pfr0cgm6esatehey2ml3v0qk8x236aw32eu0fcy,2,2,287,451,2021-08-22 10:28:58,2023-11-19 17:44:45,legacy/2026-05-20-pre-v2-import/data/raw/cf/delegation_history.csv
cf,pool1k2qhlrrweu8fecd4hx4hn22lv00nrd3rjdxj6durax7m78q7ynu,2,2,329,336,2022-03-18 23:27:03,2022-04-21 00:10:46,legacy/2026-05-20-pre-v2-import/data/raw/cf/delegation_history.csv
cf,pool1k6altfangsst2mmxg8a9wvg3dppyszu8ckfzd3uv6azgw3z2txy,2,2,233,258,2020-11-26 16:32:09,2021-03-29 18:36:46,legacy/2026-05-20-pre-v2-import/data/raw/cf/delegation_history.csv
cf,pool1k9yt0fqk5czmajcjvqnwc6w9k5rcc40xe9kq05asd43c2xsw58f,2,2,212,214,2020-08-09 09:48:31,2020-08-22 02:52:55,legacy/2026-05-20-pre-v2-import/data/raw/cf/delegation_history.csv
cf,pool1kffetqjt06qvk4995tz3e3q9h3c8cdq9eedrz8qr3ynnc63qckz,2,2,234,234,2020-11-30 13:28:32,2020-11-30 18:19:51,legacy/2026-05-20-pre-v2-import/data/raw/cf/delegation_history.csv
cf,pool1ku2ppcx5zgas98hfrl23xtak8u2wj3hsy3hglxhg9xp4qck5awm,2,2,210,212,2020-08-02 14:45:31,2020-08-11 23:11:51,legacy/2026-05-20-pre-v2-import/data/raw/cf/delegation_history.csv
cf,pool1kx0jm9ycs3t99tnwafw6w72jkdlzhj5ltxe2nrzkd9x2u5x343h,2,2,498,553,2024-07-08 23:37:02,2025-04-14 16:10:38,legacy/2026-05-20-pre-v2-import/data/raw/cf/delegation_history.csv
cf,pool1l06jygvntdfqt77td6g5rp9s4nycue0vq837jmrygyktke23pcy,2,2,236,279,2020-12-11 17:49:03,2021-07-14 08:41:01,legacy/2026-05-20-pre-v2-import/data/raw/cf/delegation_history.csv
cf,pool1l37xvdpcl49kr3wscpjp9pr854g06nnjrlndtu3h7k6pvfapgap,2,2,238,321,2020-12-19 20:59:48,2022-02-08 06:48:00,legacy/2026-05-20-pre-v2-import/data/raw/cf/delegation_history.csv
cf,pool1lkcd3w5g6s6v3hf6kwt55dqpalrmq9h9f3ec033nnzhvgjgl860,2,2,323,405,2022-02-17 05:21:20,2023-04-05 16:31:15,legacy/2026-05-20-pre-v2-import/data/raw/cf/delegation_history.csv
cf,pool1lr9vvcf5r5jgkgv5ly7z2lh068ymzg4xmqk5f8pu2k23vt25x7a,2,2,252,323,2021-03-01 18:39:37,2022-02-16 16:24:31,legacy/2026-05-20-pre-v2-import/data/raw/cf/delegation_history.csv
cf,pool1ls80gx9sen3qc7s6c7u2ajw6hk8faqanljugcg5tfukp6qscetv,2,2,279,283,2021-07-14 07:54:32,2021-07-29 22:14:27,legacy/2026-05-20-pre-v2-import/data/raw/cf/delegation_history.csv
cf,pool1m7hcz7w6d2lk8ma8gm7x9hv5jfdq8u9384m6q462pjntsgfr982,2,2,270,273,2021-05-28 21:59:39,2021-06-10 15:43:48,legacy/2026-05-20-pre-v2-import/data/raw/cf/delegation_history.csv
cf,pool1mc6f3tvzp59yfn2przflkq9q6k00g0hfpyck5t5whjs8qdcjuj3,2,2,218,251,2020-09-09 00:53:05,2021-02-21 00:08:56,legacy/2026-05-20-pre-v2-import/data/raw/cf/delegation_history.csv
cf,pool1n5shd9xdt4s2gm27fxcnuejaqhhmpepn6chw2c82kqnuzdtpsem,2,2,221,245,2020-09-27 19:40:06,2021-01-24 00:29:22,legacy/2026-05-20-pre-v2-import/data/raw/cf/delegation_history.csv
cf,pool1n92phm2qkyq458vppqccf9emtx3l2z7wgwfyjt5elu9772gda2j,2,2,225,242,2020-10-17 13:54:09,2021-01-07 15:28:40,legacy/2026-05-20-pre-v2-import/data/raw/cf/delegation_history.csv
cf,pool1nc8vcafsgemc2jx7mmze3sppakahrl4z5qqauw6znr93jfyqv6j,2,2,212,247,2020-08-09 16:29:51,2021-02-04 13:28:16,legacy/2026-05-20-pre-v2-import/data/raw/cf/delegation_history.csv
cf,pool1njzry7kcm6p0skyqr5hkn8j454c5mjjyeavfwxxytzz5za8v6ud,2,2,257,258,2021-03-25 09:25:35,2021-03-27 09:34:40,legacy/2026-05-20-pre-v2-import/data/raw/cf/delegation_history.csv
cf,pool1nr2pl3yqx65hq6y2r8unlnrejfkypeh84zezf44u7glcz50yzet,2,2,282,308,2021-07-25 09:59:15,2021-12-05 17:47:38,legacy/2026-05-20-pre-v2-import/data/raw/cf/delegation_history.csv
cf,pool1ntr0gyvdenpqm9uwwguaw028ayuuck2vx580l2r3radvg6m38pl,2,2,212,247,2020-08-09 12:18:31,2021-02-04 13:48:27,legacy/2026-05-20-pre-v2-import/data/raw/cf/delegation_history.csv
cf,pool1num5a9mvz02pncerh6d8xdcvd7474l9p44jkrwk8srzz7563yrj,2,2,210,242,2020-08-02 03:38:51,2021-01-07 15:36:18,legacy/2026-05-20-pre-v2-import/data/raw/cf/delegation_history.csv
cf,pool1nydxffhrmpn0ft6wpg4l6cwp2jr2glxvx5hxr69xknl0s5p603w,2,2,211,231,2020-08-04 10:26:51,2020-11-11 22:40:38,legacy/2026-05-20-pre-v2-import/data/raw/cf/delegation_history.csv
cf,pool1p8fhygz7ga9hghhwmkr64p3ftn77lxu9nyddvsqszattcdyajc0,2,2,284,349,2021-08-07 00:47:23,2022-06-29 21:21:06,legacy/2026-05-20-pre-v2-import/data/raw/cf/delegation_history.csv
cf,pool1prc9hna2mgamtspchrygc66s9n4tlkvh39e3t9zccef4kzc3ns2,2,2,530,610,2024-12-17 10:41:45,2026-01-24 21:13:02,legacy/2026-05-20-pre-v2-import/data/raw/cf/delegation_history.csv
cf,pool1pzqdfptvl5f8vh28az37jag2wkfmqz9x8d6eufl8y0z9q34hlr7,2,2,264,298,2021-04-28 10:19:27,2021-10-13 12:29:02,legacy/2026-05-20-pre-v2-import/data/raw/cf/delegation_history.csv
cf,pool1q0memmdw4ktr88fkma53tqgkaqeq3wfc476le59rped4cu8tn4h,2,2,214,323,2020-08-21 14:52:21,2022-02-18 19:17:31,legacy/2026-05-20-pre-v2-import/data/raw/cf/delegation_history.csv
cf,pool1q3xdrewrldt06rpjx6pzguzm847ujxnmajxrsr7dsthscz4htlv,2,2,210,210,2020-07-30 01:31:31,2020-07-30 21:37:51,legacy/2026-05-20-pre-v2-import/data/raw/cf/delegation_history.csv
cf,pool1q66d2n39uvln4hazyzv8fyq977mpqus78sjd2369qfn7cptdeyh,2,2,210,210,2020-07-30 00:01:51,2020-07-30 12:00:51,legacy/2026-05-20-pre-v2-import/data/raw/cf/delegation_history.csv
cf,pool1q6lzp5x6tqg04chsxakupgq6x829nsx2dk5w8h043fnajm8d3uj,2,2,460,464,2024-01-01 22:29:18,2024-01-21 10:25:49,legacy/2026-05-20-pre-v2-import/data/raw/cf/delegation_history.csv
cf,pool1qdjx5xeeu6288ftmhmdr0c6mazkua7m07cydmr78ymfhz7jj7g4,2,2,244,290,2021-01-17 20:09:15,2021-09-07 11:48:29,legacy/2026-05-20-pre-v2-import/data/raw/cf/delegation_history.csv
cf,pool1qkd5y9azf2xx0gmrj68lrkcn59ldjmnpzd3y2rq3tvjp2vqljan,2,2,331,334,2022-03-30 08:12:25,2022-04-13 17:06:18,legacy/2026-05-20-pre-v2-import/data/raw/cf/delegation_history.csv
cf,pool1qqlf3epa7m8780p2jx5689u2ql06tw026l5377tptk2zswrc645,2,2,234,244,2020-11-30 19:07:15,2021-01-18 05:50:38,legacy/2026-05-20-pre-v2-import/data/raw/cf/delegation_history.csv
cf,pool1qqq6qpcq3tvnqzy7r03dush0qk9vrr88v85d6fj3ws9h5zj0h8w,2,2,241,241,2021-01-01 21:16:01,2021-01-04 07:49:50,legacy/2026-05-20-pre-v2-import/data/raw/cf/delegation_history.csv
cf,pool1qzz0flh92qkg0mjufaw9j2zk72lmvf5n2kuaslk4f8j4ze362w4,2,2,285,297,2021-08-11 02:42:00,2021-10-12 01:05:41,legacy/2026-05-20-pre-v2-import/data/raw/cf/delegation_history.csv
cf,pool1r4hj35clvexkq0j0cagcxrt9945cp7agzslvjxpfa9fg62qpemv,2,2,227,235,2020-10-26 12:23:36,2020-12-03 02:48:22,legacy/2026-05-20-pre-v2-import/data/raw/cf/delegation_history.csv
cf,pool1r8938r4ts8f4t8nsp9xl9dktzapt7f67jgpsp4wrju39xrdnaye,2,2,212,213,2020-08-10 23:40:31,2020-08-14 18:57:48,legacy/2026-05-20-pre-v2-import/data/raw/cf/delegation_history.csv
cf,pool1r8lmsrdure385hz647kl2qjhyyxkdle4au5krjcsqed4x8227k3,2,2,439,444,2023-09-22 18:03:17,2023-10-17 15:06:22,legacy/2026-05-20-pre-v2-import/data/raw/cf/delegation_history.csv
cf,pool1r8zkh6zns7rtpvwa466qf8a0dgqd7r9zmu27qkcyw25xv46y97s,2,2,329,331,2022-03-20 20:12:45,2022-03-27 19:16:51,legacy/2026-05-20-pre-v2-import/data/raw/cf/delegation_history.csv
cf,pool1rcd7qslz3xnpnk9u6tcwegy5r2574uf8suqu24ptg637jha3sr5,2,2,222,268,2020-09-29 04:06:43,2021-05-20 02:41:36,legacy/2026-05-20-pre-v2-import/data/raw/cf/delegation_history.csv
cf,pool1rct5guwnp6nk9f4ldn5tr3s42j0nm5rxeayv56lxua5ck47ex39,2,2,386,433,2022-12-30 10:24:39,2023-08-22 05:24:34,legacy/2026-05-20-pre-v2-import/data/raw/cf/delegation_history.csv
cf,pool1rhq7qyw4y2s80gstyevm6rhz2lsdsrcstawunxx5eld8csvuvlu,2,2,287,290,2021-08-19 13:40:05,2021-09-04 20:01:19,legacy/2026-05-20-pre-v2-import/data/raw/cf/delegation_history.csv
cf,pool1rjv02n5qtyden5frvyy34udlz3nqtkyu742mghcsww8nk4qycsh,2,2,210,279,2020-07-30 17:28:31,2021-07-14 08:03:48,legacy/2026-05-20-pre-v2-import/data/raw/cf/delegation_history.csv
cf,pool1sffl322qgsrsmkcedzzwk05396dkmj56pcepqvj6px3n2re3qu4,2,2,210,246,2020-08-03 18:02:51,2021-01-28 20:13:03,legacy/2026-05-20-pre-v2-import/data/raw/cf/delegation_history.csv
cf,pool1spyxtguc023n0u7envdhhr4wxtyq57r27g84h09pxnzl2yx27ye,2,2,210,211,2020-07-31 05:13:51,2020-08-04 18:59:31,legacy/2026-05-20-pre-v2-import/data/raw/cf/delegation_history.csv
cf,pool1srdjughnhp8xnn0wlf7gj7v9k8lmzl9ht4vhksp5qqc66fnpccj,2,2,405,445,2023-04-03 23:23:07,2023-10-19 11:29:48,legacy/2026-05-20-pre-v2-import/data/raw/cf/delegation_history.csv
cf,pool1sx4e8rvx2xdxgkww2fpjtmvrnaftfrtfge29xcn72hh7kch5snf,2,2,210,234,2020-07-30 23:59:31,2020-12-01 01:48:11,legacy/2026-05-20-pre-v2-import/data/raw/cf/delegation_history.csv
cf,pool1sxzhjdhcc8724zfkut4jxs5l8x7udngfqncat4jvl0s5ka9l2xa,2,2,212,212,2020-08-10 18:02:51,2020-08-11 22:01:51,legacy/2026-05-20-pre-v2-import/data/raw/cf/delegation_history.csv
cf,pool1t8gjk7jzvujfv9s8q992e6s7tp8na0q3j62g7s4ppzfmccus4jk,2,2,241,301,2021-01-04 00:10:28,2021-10-31 04:51:50,legacy/2026-05-20-pre-v2-import/data/raw/cf/delegation_history.csv
cf,pool1td7uzl5yfd38w682q6asnkdhpynlwj8utkfnk70nusnxck2acmh,2,2,210,210,2020-07-30 06:28:31,2020-08-02 05:26:51,legacy/2026-05-20-pre-v2-import/data/raw/cf/delegation_history.csv
cf,pool1tjkkuqdx2hy5cdy7vyamnyprglylcz5206zevfvtc28mx8nvsw4,2,2,429,429,2023-08-01 09:47:14,2023-08-01 13:30:49,legacy/2026-05-20-pre-v2-import/data/raw/cf/delegation_history.csv
cf,pool1tkexntwvhg0fqs2xnm7xg6ljqzjkpk0pl4nxxe3nf48ux8nucqy,2,2,261,314,2021-04-15 14:30:49,2022-01-02 20:06:08,legacy/2026-05-20-pre-v2-import/data/raw/cf/delegation_history.csv
cf,pool1u3v7s93f2d968a8kce6zgfmckfx56ly626jkml6jv7tgweplrn8,2,2,247,256,2021-02-04 13:34:34,2021-03-18 01:43:52,legacy/2026-05-20-pre-v2-import/data/raw/cf/delegation_history.csv
cf,pool1uautzneywzapn03te7q3sd737xdfejgjlu4mdfjz7mweq92dugg,2,2,263,334,2021-04-24 23:08:35,2022-04-12 08:39:44,legacy/2026-05-20-pre-v2-import/data/raw/cf/delegation_history.csv
cf,pool1ufx9c77avvds5eas2uqc5anxh3wjrr93vhxqeecsm4xuqzf9mtj,2,2,210,210,2020-07-30 21:17:11,2020-07-31 21:11:31,legacy/2026-05-20-pre-v2-import/data/raw/cf/delegation_history.csv
cf,pool1uy8ws63cmz37gaunkhuehynvr4a0yakw2yv0vfjs704326nte98,2,2,211,221,2020-08-08 07:49:51,2020-09-27 20:11:55,legacy/2026-05-20-pre-v2-import/data/raw/cf/delegation_history.csv
cf,pool1v2rhtaxs55lspa2zm5ggeuhsave7nxtu800yng36nefs5jhzl80,2,2,210,212,2020-07-31 01:14:11,2020-08-11 01:11:51,legacy/2026-05-20-pre-v2-import/data/raw/cf/delegation_history.csv
cf,pool1vdh6kxcqt9mxavyv80ggnec6jjwms44ms30rhle3lt266aj8jgh,2,2,317,319,2022-01-20 11:19:23,2022-01-30 04:21:13,legacy/2026-05-20-pre-v2-import/data/raw/cf/delegation_history.csv
cf,pool1vm3rcng5f729uuhehfq0ael0pw9x9dlukqkdlmk2fnakxt3jxyj,2,2,266,278,2021-05-10 03:18:35,2021-07-06 12:39:36,legacy/2026-05-20-pre-v2-import/data/raw/cf/delegation_history.csv
cf,pool1vmj2h5vwgc369g9v4lym57rg84t8sh6twn2sc75cr3pdjcg90gt,2,2,210,241,2020-07-30 07:15:31,2021-01-03 20:16:06,legacy/2026-05-20-pre-v2-import/data/raw/cf/delegation_history.csv
cf,pool1vr8yc6ds47hzfgqxu9tzxdwze6x82fetqdps7vvmcdav6rlzd3x,2,2,210,211,2020-07-30 19:52:11,2020-08-04 21:32:51,legacy/2026-05-20-pre-v2-import/data/raw/cf/delegation_history.csv
cf,pool1vxz0deezj5c2950e7arpzfqxzq8zd9kawsullrzjw5rsq0yhxgr,2,3,210,271,2020-08-02 06:26:11,2021-05-31 12:19:11,legacy/2026-05-20-pre-v2-import/data/raw/cf/delegation_history.csv
cf,pool1we0xjccr3vc4ypnmhzsgwp7sxpsytu8dtv0syeqmtrllvcex68q,2,2,220,323,2020-09-19 16:20:43,2022-02-17 15:01:18,legacy/2026-05-20-pre-v2-import/data/raw/cf/delegation_history.csv
cf,pool1whk6lawmfz4zq5fw8zghglp23452gnm9zgs59nqafhpexwcvute,2,3,212,238,2020-08-13 12:04:11,2020-12-21 13:59:06,legacy/2026-05-20-pre-v2-import/data/raw/cf/delegation_history.csv
cf,pool1wpmjtfqcwvtcs9znpuulk99yk2zz6pfh0c4k9f2xlcspgqjndk2,2,3,226,302,2020-10-21 06:49:43,2021-11-02 02:24:19,legacy/2026-05-20-pre-v2-import/data/raw/cf/delegation_history.csv
cf,pool1ww8szkqd5mxajl5yf7csff30su5k23g9dk24npwkvp8rvdsn3l9,2,2,210,219,2020-07-30 14:24:31,2020-09-16 14:08:39,legacy/2026-05-20-pre-v2-import/data/raw/cf/delegation_history.csv
cf,pool1x2h98z6e5xvrg5zw3v3dlu8hqdtj6lhp6r3w5ge7rvcqcx3pafq,2,2,210,219,2020-08-02 15:01:11,2020-09-14 17:26:16,legacy/2026-05-20-pre-v2-import/data/raw/cf/delegation_history.csv
cf,pool1x3ekgffp0azuc8mwtx5gh5jnu59epar75grwclex4l0u2w8qlzx,2,2,223,264,2020-10-07 09:34:12,2021-04-28 10:26:28,legacy/2026-05-20-pre-v2-import/data/raw/cf/delegation_history.csv
cf,pool1x7j89z3n7y7g8syk06nahcrwkdphhw6dymt8r3gf8ulyksrzh5t,2,3,302,328,2021-11-06 14:42:37,2022-03-12 13:37:58,legacy/2026-05-20-pre-v2-import/data/raw/cf/delegation_history.csv
cf,pool1x9gsnq9pnu9vexrkc7009x4ak0d62vkm72my6vhfyqwj6sp5445,2,2,308,316,2021-12-06 08:15:07,2022-01-11 02:06:44,legacy/2026-05-20-pre-v2-import/data/raw/cf/delegation_history.csv
cf,pool1xfkn3229pxwfmaula9vk9se4ur5x5pvxn78m7j63etgcczdhcs9,2,2,261,279,2021-04-14 18:15:45,2021-07-14 08:03:02,legacy/2026-05-20-pre-v2-import/data/raw/cf/delegation_history.csv
cf,pool1xrrrr8gldqz8pjxj6j8c638a9py04xuv66kfgn2dlsx9g52te0t,2,2,210,229,2020-08-02 13:53:11,2020-11-06 04:05:30,legacy/2026-05-20-pre-v2-import/data/raw/cf/delegation_history.csv
cf,pool1y0lq6rjckxxly36gf3wdsxzjzg97mq9c90una3vfq8pu77g7zkf,2,2,266,275,2021-05-10 10:08:33,2021-06-20 00:54:17,legacy/2026-05-20-pre-v2-import/data/raw/cf/delegation_history.csv
cf,pool1yl76e0fhq0kcfy2jqs2mt6hl9xeyrnesehqp0p4s896lwv7hrta,2,4,234,505,2020-12-01 09:29:01,2024-08-13 17:22:48,legacy/2026-05-20-pre-v2-import/data/raw/cf/delegation_history.csv
cf,pool1yla5xge99yeddrcts0ya9n66k3x2vrcachnnmzu2vqqjzm6fw3k,2,2,213,213,2020-08-16 13:48:10,2020-08-17 19:55:13,legacy/2026-05-20-pre-v2-import/data/raw/cf/delegation_history.csv
cf,pool1zkdc6ve9nndk7vxnjlalhqt4hr5h8auz5qzjk7lrjrqtv23yuy5,2,2,407,509,2023-04-15 21:14:18,2024-09-05 16:44:25,legacy/2026-05-20-pre-v2-import/data/raw/cf/delegation_history.csv
cf,pool1zkjspf9w0gm4x37747re5ew4ffypm6g8xqzhxjeush7lx9tcptt,2,2,212,227,2020-08-12 15:30:51,2020-10-27 21:13:17,legacy/2026-05-20-pre-v2-import/data/raw/cf/delegation_history.csv
cf,pool104re5tajgh4mpp7c744khap56lf609cfjlna5ysjkum8qn8fel9,1,1,210,210,2020-07-30 13:51:11,2020-07-30 13:51:11,legacy/2026-05-20-pre-v2-import/data/raw/cf/delegation_history.csv
cf,pool107attaqquuq5ne2ch0hx0qcnlkzzr2683s4gml4ywnqvgj6pak9,1,1,285,285,2021-08-13 02:41:03,2021-08-13 02:41:03,legacy/2026-05-20-pre-v2-import/data/raw/cf/delegation_history.csv
cf,pool10cz0gm5zu74clhrxp9mm7ulslves04wyfxaqzr4sjr2zv7qjpnv,1,1,242,242,2021-01-07 15:25:53,2021-01-07 15:25:53,legacy/2026-05-20-pre-v2-import/data/raw/cf/delegation_history.csv
cf,pool10h5t9f0s5ynjqfwk2x4qr8wm5wx67ucxr6pyqp4f9x7ucs58rlz,1,1,213,213,2020-08-18 15:02:59,2020-08-18 15:02:59,legacy/2026-05-20-pre-v2-import/data/raw/cf/delegation_history.csv
cf,pool10ljdn3zwsh7vjkxf6t250423l5qy487x83st7m8a53jxznrkw5g,1,1,243,243,2021-01-13 22:28:47,2021-01-13 22:28:47,legacy/2026-05-20-pre-v2-import/data/raw/cf/delegation_history.csv
cf,pool10n23qyec2zcetv0e3x7fdjydscsrlet5sph2hgtfc7x5ze56jqn,1,1,395,395,2023-02-14 18:31:46,2023-02-14 18:31:46,legacy/2026-05-20-pre-v2-import/data/raw/cf/delegation_history.csv
cf,pool10s3paykwusv3zpfn9wkrzfvw6pch5tlcklwftj00a79yc3h0tgx,1,1,211,211,2020-08-04 19:42:11,2020-08-04 19:42:11,legacy/2026-05-20-pre-v2-import/data/raw/cf/delegation_history.csv
cf,pool10s6zdzdnncnfc200wnlp9endaeud76v424zdnurx9askwshm02x,1,1,403,403,2023-03-21 23:54:10,2023-03-21 23:54:10,legacy/2026-05-20-pre-v2-import/data/raw/cf/delegation_history.csv
cf,pool10vhns8fup6pe9xvjxf4w6h5y66tckgvtjy9ayld6mcg8vv4crdk,1,1,424,424,2023-07-05 12:38:46,2023-07-05 12:38:46,legacy/2026-05-20-pre-v2-import/data/raw/cf/delegation_history.csv
cf,pool10vx5da4l9p354dxjwwmka9mg0ya5vh4g8xzkxev6hrfd745wlwg,1,1,258,258,2021-03-27 09:12:08,2021-03-27 09:12:08,legacy/2026-05-20-pre-v2-import/data/raw/cf/delegation_history.csv
cf,pool10wcmpvjmmv7ph7cz2263f52yckvnnwu5kdppwqgu74s2qhe7l7m,1,1,264,264,2021-04-28 10:29:35,2021-04-28 10:29:35,legacy/2026-05-20-pre-v2-import/data/raw/cf/delegation_history.csv
cf,pool10y2jjrllhxhsmjvyznls8r7wyztjawz3gre3qqr938tvw5tg0vu,1,2,212,230,2020-08-11 09:44:11,2020-11-07 16:52:46,legacy/2026-05-20-pre-v2-import/data/raw/cf/delegation_history.csv
cf,pool10ya6hxrssmyhl560gqyalhqxudkgfjdlc0e4krww6wweyaeajs8,1,1,268,268,2021-05-19 07:30:48,2021-05-19 07:30:48,legacy/2026-05-20-pre-v2-import/data/raw/cf/delegation_history.csv
cf,pool10zfvfwgsmqu8l53y2p48hjrw5etpxzd5c0jrz727g784y89xkpr,1,1,242,242,2021-01-07 15:32:08,2021-01-07 15:32:08,legacy/2026-05-20-pre-v2-import/data/raw/cf/delegation_history.csv
cf,pool122fqhp7fkuw3f44z7l3zvfwd56myazkf4ysqrr7p3s236ehx59e,1,1,213,213,2020-08-17 02:09:39,2020-08-17 02:09:39,legacy/2026-05-20-pre-v2-import/data/raw/cf/delegation_history.csv
cf,pool122y8c6dqkf864l0uxxnz8uz60dcrxvdm5w6j302z7ft0265f3xu,1,1,242,242,2021-01-08 11:30:35,2021-01-08 11:30:35,legacy/2026-05-20-pre-v2-import/data/raw/cf/delegation_history.csv
cf,pool12584mjtgz3fhgpx823qht56gycnfnezg6aqqthazv4qdxkd5c46,1,1,210,210,2020-07-30 08:08:51,2020-07-30 08:08:51,legacy/2026-05-20-pre-v2-import/data/raw/cf/delegation_history.csv
cf,pool1258yqnsegc3k7raqcdkxu4893aqexxljflmg9g96yfha2qytayv,1,1,286,286,2021-08-15 17:28:22,2021-08-15 17:28:22,legacy/2026-05-20-pre-v2-import/data/raw/cf/delegation_history.csv
cf,pool126r7el40r8k35lkzp2fn9luqezkkl3dva970kunk6ft2ycsmp2t,1,1,212,212,2020-08-13 00:00:31,2020-08-13 00:00:31,legacy/2026-05-20-pre-v2-import/data/raw/cf/delegation_history.csv
cf,pool12cc8t9yr58xureweksj73v87xkm6svcs8j3xnt93zd5zw5q6ugr,1,1,212,212,2020-08-13 20:13:31,2020-08-13 20:13:31,legacy/2026-05-20-pre-v2-import/data/raw/cf/delegation_history.csv
cf,pool12crd62rxj8yryvshmgwkxza7um3uhaypwdjeel98lnkf529qdw5,1,1,250,250,2021-02-15 03:59:30,2021-02-15 03:59:30,legacy/2026-05-20-pre-v2-import/data/raw/cf/delegation_history.csv
cf,pool12eht6dqxpzqj87xuextrpufz2gxmt4reuesuw26r2utzw0kw906,1,1,419,419,2023-06-10 11:59:03,2023-06-10 11:59:03,legacy/2026-05-20-pre-v2-import/data/raw/cf/delegation_history.csv
cf,pool12ep0z3h2qhfcmsl7h7ldpgf4cfjlur9v9lqwl8xjwd3qked73f5,1,1,226,226,2020-10-20 19:16:08,2020-10-20 19:16:08,legacy/2026-05-20-pre-v2-import/data/raw/cf/delegation_history.csv
cf,pool12hh4dvqyxhlv3lu9mkyvpnskma642fj3zv3s8xlau42ak9m60hf,1,1,248,248,2021-02-09 10:54:49,2021-02-09 10:54:49,legacy/2026-05-20-pre-v2-import/data/raw/cf/delegation_history.csv
cf,pool12m0v0myprg2nfvlymzaghvjrzhnlzkh2psn3sur2nhkj5wpkdmh,1,1,536,536,2025-01-17 00:41:29,2025-01-17 00:41:29,legacy/2026-05-20-pre-v2-import/data/raw/cf/delegation_history.csv
cf,pool12nz4esgsex6zdq9q0208gw9zkdrt3f42rrkefzaxqaqzzlwjku7,1,1,218,218,2020-09-08 10:57:54,2020-09-08 10:57:54,legacy/2026-05-20-pre-v2-import/data/raw/cf/delegation_history.csv
cf,pool12qtv7kyrx8g0d5890alk6dkc6n6nyfx80synspvqafjrqd3ergz,1,2,370,397,2022-10-07 22:31:53,2023-02-20 01:59:08,legacy/2026-05-20-pre-v2-import/data/raw/cf/delegation_history.csv
cf,pool12rkpcc250wh03m74lvaqhnj8t89umae2v22gqg5rf470yhg6l4v,1,1,253,253,2021-03-02 08:43:11,2021-03-02 08:43:11,legacy/2026-05-20-pre-v2-import/data/raw/cf/delegation_history.csv
cf,pool12u28yewx8ycf6dj77lzpj6vvhjwp6veh6kxpc63h8fqnqqtlwmu,1,1,264,264,2021-04-28 10:17:30,2021-04-28 10:17:30,legacy/2026-05-20-pre-v2-import/data/raw/cf/delegation_history.csv
cf,pool12ur7gf2psr2grf83u6gturpv2je6vxq9rkg8malygdxqkwnqc5h,1,1,320,320,2022-02-01 05:19:46,2022-02-01 05:19:46,legacy/2026-05-20-pre-v2-import/data/raw/cf/delegation_history.csv
cf,pool12wpfng6cu7dz38yduaul3ngfm44xhv5xmech68m5fwe4wu77udd,1,2,357,369,2022-08-04 05:41:17,2022-10-07 21:22:02,legacy/2026-05-20-pre-v2-import/data/raw/cf/delegation_history.csv
cf,pool12yscr8j3zs34ewxrwlk0p2w5uvgcnrzywpp78ddjsj8kxd530f9,1,1,268,268,2021-05-18 07:11:19,2021-05-18 07:11:19,legacy/2026-05-20-pre-v2-import/data/raw/cf/delegation_history.csv
cf,pool136903m0kag2amlga2ypcz8wnf7d552qgy5t6vz2pqlzuq2kyshy,1,2,327,354,2022-03-07 11:10:15,2022-07-24 09:11:40,legacy/2026-05-20-pre-v2-import/data/raw/cf/delegation_history.csv
cf,pool138e249zh9l93azsf2pf7wyhxyayzcxdhsrg3vqpfx665c8xa348,1,1,210,210,2020-08-02 08:24:31,2020-08-02 08:24:31,legacy/2026-05-20-pre-v2-import/data/raw/cf/delegation_history.csv
cf,pool13hxlxd6qa68fmfhrvvmasa0mjg30tj9p5v2lmgmgsmrp2rgzkfp,1,1,462,462,2024-01-14 04:00:22,2024-01-14 04:00:22,legacy/2026-05-20-pre-v2-import/data/raw/cf/delegation_history.csv
cf,pool13mjxg33urh0xquvw33kjn85yw7j42uwqw0pvh8s6c67rszr7ssz,1,1,325,325,2022-02-27 13:08:29,2022-02-27 13:08:29,legacy/2026-05-20-pre-v2-import/data/raw/cf/delegation_history.csv
cf,pool13n97kqrn3rauruvq6kmqxmu9f3hwzq6rq06wf7lm8e2kvuuyr9t,1,1,264,264,2021-04-28 10:25:50,2021-04-28 10:25:50,legacy/2026-05-20-pre-v2-import/data/raw/cf/delegation_history.csv
cf,pool13uqms6fsaqmlmt6zr8z3v59a6k0e2u2npnfnufer4mesz74nry0,1,1,327,327,2022-03-08 05:43:38,2022-03-08 05:43:38,legacy/2026-05-20-pre-v2-import/data/raw/cf/delegation_history.csv
cf,pool13xj62peuvfhdx25ll39rx0wef04zmnm3e4rpzw62vn7esdscfaa,1,1,239,239,2020-12-25 06:26:14,2020-12-25 06:26:14,legacy/2026-05-20-pre-v2-import/data/raw/cf/delegation_history.csv
cf,pool13zq5jktx7xmngfer82nkrs8aqjklmydntxdqzttas328yuttgx6,1,1,268,268,2021-05-16 13:29:37,2021-05-16 13:29:37,legacy/2026-05-20-pre-v2-import/data/raw/cf/delegation_history.csv
cf,pool140x77a7cz2j689lmxf836qpjtc3y83rka28v6gpswxdw2mag62e,1,1,319,319,2022-01-28 07:48:18,2022-01-28 07:48:18,legacy/2026-05-20-pre-v2-import/data/raw/cf/delegation_history.csv
cf,pool1429egqgv60r3nxlp6cvs08qcffv7duddjvyjd0pt6wzhj7akda8,1,1,323,323,2022-02-15 16:20:22,2022-02-15 16:20:22,legacy/2026-05-20-pre-v2-import/data/raw/cf/delegation_history.csv
cf,pool144cfav5vd6vwaej6cspzea3pjfvdcjg86uzv9phxegz87ynw2zz,1,1,225,225,2020-10-14 16:06:48,2020-10-14 16:06:48,legacy/2026-05-20-pre-v2-import/data/raw/cf/delegation_history.csv
cf,pool144m894gswuy3se407ma5870nkaw5ylykrak73gf4kpepj50ulfa,1,1,210,210,2020-07-30 12:51:11,2020-07-30 12:51:11,legacy/2026-05-20-pre-v2-import/data/raw/cf/delegation_history.csv
cf,pool145ak0czqxe97ef38zjupk0pz5yk7pahcyrdfee2lrnsnwawj6dc,1,2,280,310,2021-07-16 20:24:16,2021-12-13 16:51:03,legacy/2026-05-20-pre-v2-import/data/raw/cf/delegation_history.csv
cf,pool14dkx3jrw65ksxf82njymcnf920pj64end28gmhwdjjkdcstfwqx,1,1,238,238,2020-12-17 13:38:59,2020-12-17 13:38:59,legacy/2026-05-20-pre-v2-import/data/raw/cf/delegation_history.csv
cf,pool14ga7m2hv6y89u4jv9yf8mf28tjs078j43l5h4zgpxqp7q6ey4d6,1,1,210,210,2020-07-29 23:14:11,2020-07-29 23:14:11,legacy/2026-05-20-pre-v2-import/data/raw/cf/delegation_history.csv
cf,pool14hsxa2zfwzvy9ncdjwnx0xkcltjmdydeayxfju7suuuewv0dnke,1,1,264,264,2021-04-28 10:13:56,2021-04-28 10:13:56,legacy/2026-05-20-pre-v2-import/data/raw/cf/delegation_history.csv
cf,pool14ku0z9rx9yx34zl00jtxtpyv6ehytfl8fewztavx7qvju7nrtr8,1,1,224,224,2020-10-09 08:58:11,2020-10-09 08:58:11,legacy/2026-05-20-pre-v2-import/data/raw/cf/delegation_history.csv
cf,pool14nl3h9l6mz3tutjl76849v33x409nl63md3d8ay7wrmnvujzrsk,1,1,210,210,2020-07-30 21:11:11,2020-07-30 21:11:11,legacy/2026-05-20-pre-v2-import/data/raw/cf/delegation_history.csv
cf,pool14ujg8l2x6fm5jm07jd6jftktt35dzsnefl2jmx9d8vr4cxxkt5d,1,1,294,294,2021-09-27 06:43:53,2021-09-27 06:43:53,legacy/2026-05-20-pre-v2-import/data/raw/cf/delegation_history.csv
cf,pool14vc8rpu8uuvl2jns8g3qlllm84u5kfmfkr5k09vzfjlyxe5mlfv,1,1,227,227,2020-10-23 12:48:33,2020-10-23 12:48:33,legacy/2026-05-20-pre-v2-import/data/raw/cf/delegation_history.csv
cf,pool152ha79a677s2skr5n9cethtg549nljxm2vlzqfgaf8hq67q3790,1,1,211,211,2020-08-04 05:21:11,2020-08-04 05:21:11,legacy/2026-05-20-pre-v2-import/data/raw/cf/delegation_history.csv
cf,pool158eksfhqe9wavsvrr3hu66vlpnt2xkn2dadhlyakhvar23st4c6,1,1,213,213,2020-08-18 15:42:15,2020-08-18 15:42:15,legacy/2026-05-20-pre-v2-import/data/raw/cf/delegation_history.csv
cf,pool15a04yc72q4tfkwaweu86l0764urswee8c3zxperyrdq4kx8nvua,1,1,403,403,2023-03-22 15:13:26,2023-03-22 15:13:26,legacy/2026-05-20-pre-v2-import/data/raw/cf/delegation_history.csv
cf,pool15jy6drcgudfn9vuueeap74fu88vr7r0z9wnd9xs92awrwlrwdmp,1,1,355,355,2022-07-29 06:50:09,2022-07-29 06:50:09,legacy/2026-05-20-pre-v2-import/data/raw/cf/delegation_history.csv
cf,pool15k0zeppza4qzgf6z7wmwsgvl5rz9f6489zxhrxqa8dj6jzju6ct,1,1,368,368,2022-09-30 09:30:13,2022-09-30 09:30:13,legacy/2026-05-20-pre-v2-import/data/raw/cf/delegation_history.csv
cf,pool15m78a3nfcepn8ekyzx6sa8yexg7cqseer2ktu26f7l9jjq0e502,1,1,240,240,2020-12-26 23:49:46,2020-12-26 23:49:46,legacy/2026-05-20-pre-v2-import/data/raw/cf/delegation_history.csv
cf,pool15mfkj8sl7estcmmd5a07afrx5f4hlz3pcr6p6ay5pfmrjfl2hlf,1,1,240,240,2020-12-31 00:16:42,2020-12-31 00:16:42,legacy/2026-05-20-pre-v2-import/data/raw/cf/delegation_history.csv
cf,pool15p326nmjaj47v9u2392tlnngyr5hnj6gru84al3s0akdu9mj004,1,1,240,240,2020-12-26 23:48:48,2020-12-26 23:48:48,legacy/2026-05-20-pre-v2-import/data/raw/cf/delegation_history.csv
cf,pool15qmhwkmhv9khh2u2xsqek6asypre5rnk4w5qpjsjxtk6zvynj7p,1,1,410,410,2023-04-29 19:49:09,2023-04-29 19:49:09,legacy/2026-05-20-pre-v2-import/data/raw/cf/delegation_history.csv
cf,pool15v22rpfg6qx9l0gx0m955gfv7tes0jpa9sy0gjs3a04lv6x9jdr,1,1,572,572,2025-07-15 04:31:25,2025-07-15 04:31:25,legacy/2026-05-20-pre-v2-import/data/raw/cf/delegation_history.csv
cf,pool15z87p296y3m7eq8pwuu8qs6h2v4d2ctnx3yd2vqpl6txkkdvl5h,1,1,403,403,2023-03-26 08:45:11,2023-03-26 08:45:11,legacy/2026-05-20-pre-v2-import/data/raw/cf/delegation_history.csv
cf,pool163c5a24wgz0s69avpgjxze9jtpnamkmjxypg66tujn97ufpqasc,1,1,211,211,2020-08-06 21:40:11,2020-08-06 21:40:11,legacy/2026-05-20-pre-v2-import/data/raw/cf/delegation_history.csv
cf,pool165ljt7xrrpceutz5ppe96suuw0jcnrvhg0f5vu60df0r5mt0x0c,1,1,460,460,2024-01-03 03:33:35,2024-01-03 03:33:35,legacy/2026-05-20-pre-v2-import/data/raw/cf/delegation_history.csv
cf,pool166vvvlk496szmtn4uz6wgcq6djryjk70grpap02yxyspjzkr490,1,1,213,213,2020-08-16 12:52:37,2020-08-16 12:52:37,legacy/2026-05-20-pre-v2-import/data/raw/cf/delegation_history.csv
cf,pool16d004c5q7k7wyf223kgct26zjcpjqql04rvnx8vtc0t5ckmnzaa,1,1,212,212,2020-08-11 09:58:11,2020-08-11 09:58:11,legacy/2026-05-20-pre-v2-import/data/raw/cf/delegation_history.csv
cf,pool16j6m34wg86tm9nvs5r7crreunk888z9ucacxxfaf95sfys7vdz0,1,1,211,211,2020-08-08 02:48:31,2020-08-08 02:48:31,legacy/2026-05-20-pre-v2-import/data/raw/cf/delegation_history.csv
cf,pool16qd8xyz4dsn3g5zxdxtvr253u8jpy7xcn4ut9v92ug20gegt55h,1,1,211,211,2020-08-07 12:56:11,2020-08-07 12:56:11,legacy/2026-05-20-pre-v2-import/data/raw/cf/delegation_history.csv
cf,pool16uja2pt05ddq9mzcsw9xkv40qdl7sm00nvpj0h4arn0fgl2xrae,1,1,279,279,2021-07-14 08:08:16,2021-07-14 08:08:16,legacy/2026-05-20-pre-v2-import/data/raw/cf/delegation_history.csv
cf,pool16x0sjyw7rurtka3apuy46mvd53qm3e6yppt3t4alklp050qr3up,1,1,234,234,2020-11-27 14:06:52,2020-11-27 14:06:52,legacy/2026-05-20-pre-v2-import/data/raw/cf/delegation_history.csv
cf,pool16x5fslqfvgmsyra4vmpvuzq7p5fzeln240envdwfm2jps0j3rw2,1,1,305,305,2021-11-17 15:54:37,2021-11-17 15:54:37,legacy/2026-05-20-pre-v2-import/data/raw/cf/delegation_history.csv
cf,pool176z4pf0r9p6hqvp8m333sqm6vx8tj93q5yyunyv5478m5yp8j07,1,1,285,285,2021-08-09 07:49:33,2021-08-09 07:49:33,legacy/2026-05-20-pre-v2-import/data/raw/cf/delegation_history.csv
cf,pool179rm8hz6zw9v9z5ghs85vf4q7vlanvqurxanxzrszjshwaarkck,1,1,246,246,2021-01-27 19:13:03,2021-01-27 19:13:03,legacy/2026-05-20-pre-v2-import/data/raw/cf/delegation_history.csv
cf,pool17agmzy52u2hh2f8zkuvzrvth94wdr3erlpng50thrlmryqvkz57,1,1,511,511,2024-09-12 17:59:31,2024-09-12 17:59:31,legacy/2026-05-20-pre-v2-import/data/raw/cf/delegation_history.csv
cf,pool17cqy0mkm7p3ufv9k3h37w040x08cx6je23y6jrkgmts3x9g78tu,1,2,253,289,2021-03-03 23:10:00,2021-08-29 03:17:27,legacy/2026-05-20-pre-v2-import/data/raw/cf/delegation_history.csv
cf,pool17e4rdh59t4fmn4g3p02xvs853katrjzge830tsmd3sfdc645yvt,1,1,345,345,2022-06-05 18:34:23,2022-06-05 18:34:23,legacy/2026-05-20-pre-v2-import/data/raw/cf/delegation_history.csv
cf,pool17wsk3ww9asev7kfk9ktfw2cxcq865jq2l796aue66xldwx6cy82,1,1,404,404,2023-03-29 05:15:25,2023-03-29 05:15:25,legacy/2026-05-20-pre-v2-import/data/raw/cf/delegation_history.csv
cf,pool1835qw65tsy3x7mta5dfdmfq4mvqzn9cpvf9keaca0nqgvguk7j5,1,1,253,253,2021-03-02 08:41:30,2021-03-02 08:41:30,legacy/2026-05-20-pre-v2-import/data/raw/cf/delegation_history.csv
cf,pool183j8g5lmry5jsnua6mw5jhwdacwhkrnqfpga49v0qg6wjmwndfv,1,1,212,212,2020-08-11 13:48:51,2020-08-11 13:48:51,legacy/2026-05-20-pre-v2-import/data/raw/cf/delegation_history.csv
cf,pool183usq53j55v86q3eguw37xaqy67au9n5terk474sevuu6jy7266,1,1,242,242,2021-01-07 15:20:41,2021-01-07 15:20:41,legacy/2026-05-20-pre-v2-import/data/raw/cf/delegation_history.csv
cf,pool185de843ugva6zjfd9wz988xg80fwke6cjavkwup5e45fjrw6uha,1,1,269,269,2021-05-25 13:32:27,2021-05-25 13:32:27,legacy/2026-05-20-pre-v2-import/data/raw/cf/delegation_history.csv
cf,pool185ev4czpm5hc9xud25xlcz5lhpnl2jztqas6mgxujqke7j5mdzc,1,1,294,294,2021-09-25 11:50:06,2021-09-25 11:50:06,legacy/2026-05-20-pre-v2-import/data/raw/cf/delegation_history.csv
cf,pool1868enz06xyac8cdevua4n8w29wc6p5j6hes35qslmf3x234hwjy,1,2,236,236,2020-12-07 09:56:22,2020-12-07 10:02:18,legacy/2026-05-20-pre-v2-import/data/raw/cf/delegation_history.csv
cf,pool18872nzahx0h2f7j58pxrn5rjektn8na8p4amv08x2xj8qkht30g,1,1,323,323,2022-02-16 21:17:29,2022-02-16 21:17:29,legacy/2026-05-20-pre-v2-import/data/raw/cf/delegation_history.csv
cf,pool189j5mz6wa0gfrakwvn2tar7qt309qxrmsgde5v6qwm892n6re3v,1,2,211,211,2020-08-05 14:42:31,2020-08-08 14:08:31,legacy/2026-05-20-pre-v2-import/data/raw/cf/delegation_history.csv
cf,pool18axt9r7z8eg0udd9xxzc4r2u9x322wfrtq3928jzye4ey3jytgq,1,1,211,211,2020-08-07 15:50:51,2020-08-07 15:50:51,legacy/2026-05-20-pre-v2-import/data/raw/cf/delegation_history.csv
cf,pool18dwcl9dc0pqa3f05d4qne7c5lnhwz20lpffsp9pah25xjz3cesm,1,1,259,259,2021-04-03 20:44:46,2021-04-03 20:44:46,legacy/2026-05-20-pre-v2-import/data/raw/cf/delegation_history.csv
cf,pool18en4vtxkjt3u5x6ctu9l3nqmr6pm3r7akxgu84450xdvkr4j827,1,1,211,211,2020-08-07 04:12:31,2020-08-07 04:12:31,legacy/2026-05-20-pre-v2-import/data/raw/cf/delegation_history.csv
cf,pool18f5cjtfzg9w79cxsy7qj44whxe7peq095n9jycqcrjjtvfu6xtc,1,1,223,223,2020-10-07 19:33:05,2020-10-07 19:33:05,legacy/2026-05-20-pre-v2-import/data/raw/cf/delegation_history.csv
cf,pool18lc8uxyrnuurer7hr77xqh83cp667jazlghe2qetvzfqvxjtdqc,1,1,211,211,2020-08-06 19:14:51,2020-08-06 19:14:51,legacy/2026-05-20-pre-v2-import/data/raw/cf/delegation_history.csv
cf,pool18n5hw3960p7su9dvw08w3nf7sgky52qzwkpatv3zsf52qy0vnk6,1,1,290,290,2021-09-05 21:53:51,2021-09-05 21:53:51,legacy/2026-05-20-pre-v2-import/data/raw/cf/delegation_history.csv
cf,pool18qmfd3ljn2dynsw6f8knt04m6cyhe6jmtz54mfw8mun7u9vqqx6,1,1,279,279,2021-07-12 04:20:09,2021-07-12 04:20:09,legacy/2026-05-20-pre-v2-import/data/raw/cf/delegation_history.csv
cf,pool18r2y72aue5nmv489xtnfxl36vzusq95qst6urd87yd5hgzms04c,1,1,291,291,2021-09-12 21:09:00,2021-09-12 21:09:00,legacy/2026-05-20-pre-v2-import/data/raw/cf/delegation_history.csv
cf,pool18sqt4qwprlt6ytg8pu2qpz262j9vhlzmtwn2fwvhpcnzc0u5ynw,1,1,210,210,2020-07-30 13:06:31,2020-07-30 13:06:31,legacy/2026-05-20-pre-v2-import/data/raw/cf/delegation_history.csv
cf,pool18ufrgfgmslekdxnk9v9345qvhrr7vfgzkvneqtwm7unnwaht6ww,1,1,590,590,2025-10-12 16:48:29,2025-10-12 16:48:29,legacy/2026-05-20-pre-v2-import/data/raw/cf/delegation_history.csv
cf,pool18vc3pleuqzejkvlkls7qqw3ps9gyygrenqpypma4yp0gjjrm3uf,1,1,210,210,2020-08-01 14:40:31,2020-08-01 14:40:31,legacy/2026-05-20-pre-v2-import/data/raw/cf/delegation_history.csv
cf,pool18xyhhrlxp6svh3rpr8fe8ts88ymn7xatgd74305t8548ccgtacq,1,1,247,247,2021-02-04 13:42:54,2021-02-04 13:42:54,legacy/2026-05-20-pre-v2-import/data/raw/cf/delegation_history.csv
cf,pool18z3vwrdpyxnpg7l7eqknsp25uksl6m2dnk8mr6y60jr9sssea0w,1,1,247,247,2021-02-02 11:58:24,2021-02-02 11:58:24,legacy/2026-05-20-pre-v2-import/data/raw/cf/delegation_history.csv
cf,pool18zn7wa345uytjgds9hypn3jugnzqtfm4cny7anskkcmgwwxtwca,1,1,234,234,2020-12-01 09:25:41,2020-12-01 09:25:41,legacy/2026-05-20-pre-v2-import/data/raw/cf/delegation_history.csv
cf,pool193rdch53x9c53rmftlqgzj22vmz6w8z8hhut2ckzd2zej45zpap,1,1,482,482,2024-04-24 21:10:34,2024-04-24 21:10:34,legacy/2026-05-20-pre-v2-import/data/raw/cf/delegation_history.csv
cf,pool194aee3y0gg2xza88p9ern5z0uls9wgkk8xutt73vvtedvyhegmq,1,1,212,212,2020-08-11 03:14:51,2020-08-11 03:14:51,legacy/2026-05-20-pre-v2-import/data/raw/cf/delegation_history.csv
cf,pool194usk2h8vcq6yw89xs5asrvw22g08kcfy72xyfrnnkg6qrhtlfw,1,1,214,214,2020-08-22 12:38:11,2020-08-22 12:38:11,legacy/2026-05-20-pre-v2-import/data/raw/cf/delegation_history.csv
cf,pool196e8g7evuyf84jz4gr6f4xacudmupxs3ad323krx9e4xse6cf8y,1,1,210,210,2020-07-30 23:32:11,2020-07-30 23:32:11,legacy/2026-05-20-pre-v2-import/data/raw/cf/delegation_history.csv
cf,pool19a88drt8dx3wu29e85vcl96wjsjt9vlnlj5tr4ydjqq86sfa84w,1,1,232,232,2020-11-19 15:34:51,2020-11-19 15:34:51,legacy/2026-05-20-pre-v2-import/data/raw/cf/delegation_history.csv
cf,pool19clgr0yxjs8pqmlsmfzu6hg5muy5ws2rze5hlesg0v7tvyhcgxh,1,1,331,331,2022-03-30 04:52:56,2022-03-30 04:52:56,legacy/2026-05-20-pre-v2-import/data/raw/cf/delegation_history.csv
cf,pool19ejln2jcpg5dphc8m5nh8sya49sycsqj0v2cjxw6nku966cc8nu,1,1,232,232,2020-11-18 15:33:09,2020-11-18 15:33:09,legacy/2026-05-20-pre-v2-import/data/raw/cf/delegation_history.csv
cf,pool19kqzpht4lz9q0pc26f3nvw0ggwznv3xfhhvm2wlkxce4srjm5p8,1,1,210,210,2020-07-30 21:16:31,2020-07-30 21:16:31,legacy/2026-05-20-pre-v2-import/data/raw/cf/delegation_history.csv
cf,pool19l88dk44c38a6w724zrzvj55q9xqh9zjfhq6g45dc8csurs0gxe,1,1,279,279,2021-07-14 08:24:52,2021-07-14 08:24:52,legacy/2026-05-20-pre-v2-import/data/raw/cf/delegation_history.csv
cf,pool19m70myhhv6a74fu66patflmy3ug7c97q98nx6247xsunw0pl9m6,1,1,250,250,2021-02-16 22:32:56,2021-02-16 22:32:56,legacy/2026-05-20-pre-v2-import/data/raw/cf/delegation_history.csv
cf,pool19q034g07ka2ltwc3wwjeu79w29nlafc0w2ppne5ppu5wud60rgq,1,1,279,279,2021-07-14 08:23:38,2021-07-14 08:23:38,legacy/2026-05-20-pre-v2-import/data/raw/cf/delegation_history.csv
cf,pool19wr27r3dqt77nd0qv7zcwzajw8fl3y0v69x5pf63sznuugg9p35,1,1,210,210,2020-07-31 06:51:31,2020-07-31 06:51:31,legacy/2026-05-20-pre-v2-import/data/raw/cf/delegation_history.csv
cf,pool19wypxkajsrhk9cce8me6yyp3cx2yvq3823nesqgn8d78ju8crwq,1,4,212,233,2020-08-12 09:57:51,2020-11-25 21:30:05,legacy/2026-05-20-pre-v2-import/data/raw/cf/delegation_history.csv
cf,pool19xhza3f7nye6j5p6stsnkpvadejztnqvck0ge3l2uy9gvsvy05f,1,1,222,222,2020-10-02 21:19:19,2020-10-02 21:19:19,legacy/2026-05-20-pre-v2-import/data/raw/cf/delegation_history.csv
cf,pool19ygh8apuc2qz0u9kr4wj9qj33xhw70n7z286xll0g6ltgccuq42,1,1,323,323,2022-02-16 21:03:09,2022-02-16 21:03:09,legacy/2026-05-20-pre-v2-import/data/raw/cf/delegation_history.csv
cf,pool19z8vmgdts5lstk8z5lc8mgz3a8jhggscsf9cygvuz0vtuzcsxyu,1,1,211,211,2020-08-06 22:57:11,2020-08-06 22:57:11,legacy/2026-05-20-pre-v2-import/data/raw/cf/delegation_history.csv
cf,pool1a44zldps27avv82mamm2lj33mrrkqdzt39nyrgn5dkk3jtm0wrp,1,1,233,233,2020-11-23 11:58:30,2020-11-23 11:58:30,legacy/2026-05-20-pre-v2-import/data/raw/cf/delegation_history.csv
cf,pool1a58fg4u3mcr2zwyqlc4dqd6mnwqjmcussmpmcml9lrmszwedmfy,1,1,210,210,2020-07-31 21:58:31,2020-07-31 21:58:31,legacy/2026-05-20-pre-v2-import/data/raw/cf/delegation_history.csv
cf,pool1a5njhrg4s74vgynnae0hht04wgmcf75kwen3676jhrr5v3s8ecq,1,2,212,212,2020-08-12 09:29:11,2020-08-12 09:32:31,legacy/2026-05-20-pre-v2-import/data/raw/cf/delegation_history.csv
cf,pool1a6ccp9fpgn40r2jl7fapjv3224swqf72z5gt4cgwctnk5etfjlr,1,1,290,290,2021-09-05 19:32:13,2021-09-05 19:32:13,legacy/2026-05-20-pre-v2-import/data/raw/cf/delegation_history.csv
cf,pool1a6ysvnx24xsjh2f6ehgmx7yu9q45fd7lsk88v2swxkek7pkxtgp,1,1,246,246,2021-01-26 10:53:18,2021-01-26 10:53:18,legacy/2026-05-20-pre-v2-import/data/raw/cf/delegation_history.csv
cf,pool1agk62kg0s9606v78exurl53mqsdu44d6qeuzypur5e7ku6gpgzp,1,1,242,242,2021-01-07 15:21:13,2021-01-07 15:21:13,legacy/2026-05-20-pre-v2-import/data/raw/cf/delegation_history.csv
cf,pool1aphay5rn5f3kmy0l24suvp329pp4l9j0c4y9mugutfzy6q899xe,1,1,356,356,2022-07-30 01:58:30,2022-07-30 01:58:30,legacy/2026-05-20-pre-v2-import/data/raw/cf/delegation_history.csv
cf,pool1ases3nklh6gyjf74r7dqm89exjfd520z9cefqru959wcccmrdlk,1,3,331,332,2022-03-31 16:02:42,2022-04-05 17:07:37,legacy/2026-05-20-pre-v2-import/data/raw/cf/delegation_history.csv
cf,pool1asw8ckedtetw9w778dya6nmn84zawjnd07fwhm8tn29pkav585j,1,1,318,318,2022-01-24 20:00:12,2022-01-24 20:00:12,legacy/2026-05-20-pre-v2-import/data/raw/cf/delegation_history.csv
cf,pool1ayfjmnrv5vg6tfducvysn360re6qfwuv2rhc4ph6jk33ztuxlhq,1,1,234,234,2020-12-01 15:06:31,2020-12-01 15:06:31,legacy/2026-05-20-pre-v2-import/data/raw/cf/delegation_history.csv
cf,pool1c0xj2fa97zuz4phld87atg6yphz3hju409fm5xgnwuuvqww25qj,1,1,323,323,2022-02-19 18:56:56,2022-02-19 18:56:56,legacy/2026-05-20-pre-v2-import/data/raw/cf/delegation_history.csv
cf,pool1c2wf97p3j9gfvfjshj99ufxerpy3aznm8tzr2fd0ua465s26th4,1,1,237,237,2020-12-15 14:38:11,2020-12-15 14:38:11,legacy/2026-05-20-pre-v2-import/data/raw/cf/delegation_history.csv
cf,pool1c45udwv2kdjcth5fvnhlklsz2tutw8spl9tcwnfw7m8cxl8eanm,1,1,251,251,2021-02-23 02:23:35,2021-02-23 02:23:35,legacy/2026-05-20-pre-v2-import/data/raw/cf/delegation_history.csv
cf,pool1c4y0lwrzus07c34py4x03juzqwa38zmvd0tc7ld5hp77qwpp5qe,1,1,211,211,2020-08-05 09:37:11,2020-08-05 09:37:11,legacy/2026-05-20-pre-v2-import/data/raw/cf/delegation_history.csv
cf,pool1c8k78ny3xvsfgenhf4yzvpzwgzxmz0t0um0h2xnn2q83vjdr5dj,1,2,210,214,2020-07-30 14:11:51,2020-08-20 13:24:51,legacy/2026-05-20-pre-v2-import/data/raw/cf/delegation_history.csv
cf,pool1cact6224505keg4a4lysleec0mq5886rlzcr92q5ndftuntfe0y,1,1,210,210,2020-08-01 14:54:51,2020-08-01 14:54:51,legacy/2026-05-20-pre-v2-import/data/raw/cf/delegation_history.csv
cf,pool1cew2q6pge250exctkq26lyl0w95923xxa54thd79nv8xy9j3xe6,1,1,336,336,2022-04-21 12:30:47,2022-04-21 12:30:47,legacy/2026-05-20-pre-v2-import/data/raw/cf/delegation_history.csv
cf,pool1ch3k0e07dhqwum847sa02cyecrp000a6egdx89fz5rza230jhlp,1,1,512,512,2024-09-18 06:21:23,2024-09-18 06:21:23,legacy/2026-05-20-pre-v2-import/data/raw/cf/delegation_history.csv
cf,pool1clqazwqrc0mkuu20l22z8c8uqlwjtj5jna6rk940ufjjvqu0fka,1,1,389,389,2023-01-11 13:40:16,2023-01-11 13:40:16,legacy/2026-05-20-pre-v2-import/data/raw/cf/delegation_history.csv
cf,pool1cmqpzlsrrjup8zg6qaperz868u64dlt7uvvdszsr658mvzz9qq0,1,1,282,282,2021-07-25 17:45:00,2021-07-25 17:45:00,legacy/2026-05-20-pre-v2-import/data/raw/cf/delegation_history.csv
cf,pool1crts5gmqr34gsrn6wvrhfs9yqp0ynu8t2t4r350xp80s6pc56ue,1,1,331,331,2022-03-29 12:07:24,2022-03-29 12:07:24,legacy/2026-05-20-pre-v2-import/data/raw/cf/delegation_history.csv
cf,pool1cunvnkjkzh2lna593sjmkylcr3r5rmxdpr8r9u6pfuer72p24x4,1,1,524,524,2024-11-17 02:54:15,2024-11-17 02:54:15,legacy/2026-05-20-pre-v2-import/data/raw/cf/delegation_history.csv
cf,pool1cuqnuz57puz2qd3enr9vtkcp7z92ge4h2ks6j8zzknztx3283q7,1,1,384,384,2022-12-17 18:38:35,2022-12-17 18:38:35,legacy/2026-05-20-pre-v2-import/data/raw/cf/delegation_history.csv
cf,pool1cyetkjtz5ly62hrukr2acyw0t8x9fczn0lkw0ech5x6wjt6xd9z,1,1,212,212,2020-08-11 23:22:31,2020-08-11 23:22:31,legacy/2026-05-20-pre-v2-import/data/raw/cf/delegation_history.csv
cf,pool1czg8a3gg33aujkkcf9wrnr8zf4qq9qn0rrkh04umrg60k0vyvdl,1,1,213,213,2020-08-15 23:51:53,2020-08-15 23:51:53,legacy/2026-05-20-pre-v2-import/data/raw/cf/delegation_history.csv
cf,pool1czuxqfhx2fs6q6vw0z0u9c93eumvs45nm0cu65tqvaqq65zu9yq,1,1,211,211,2020-08-07 00:12:11,2020-08-07 00:12:11,legacy/2026-05-20-pre-v2-import/data/raw/cf/delegation_history.csv
cf,pool1d0ze7l6t8gjng564zsfyd7uw7snenpsjh9dacawdpr9g27djq8f,1,1,217,217,2020-09-07 04:13:02,2020-09-07 04:13:02,legacy/2026-05-20-pre-v2-import/data/raw/cf/delegation_history.csv
cf,pool1d2cl6yayuxp0wv0v7dtvu0s52vglg0x4z2lz27d6x4ewj72nk2a,1,1,232,232,2020-11-21 19:55:00,2020-11-21 19:55:00,legacy/2026-05-20-pre-v2-import/data/raw/cf/delegation_history.csv
cf,pool1d2ycxn7gk0zlece3t7yk5ed34lm6z0y29xrqugd6swupgr3fv83,1,1,284,284,2021-08-08 13:43:31,2021-08-08 13:43:31,legacy/2026-05-20-pre-v2-import/data/raw/cf/delegation_history.csv
cf,pool1d6x9pl4uz5daucpaql34ma2aewrxnlkcrkuahf9ut6ruxzakrw7,1,1,249,249,2021-02-13 20:46:39,2021-02-13 20:46:39,legacy/2026-05-20-pre-v2-import/data/raw/cf/delegation_history.csv
cf,pool1d76p7zfn2ydq577z4wsvmnl2lx4cxa3s5vplfuhvr8qfw8hd05j,1,1,232,232,2020-11-20 02:49:51,2020-11-20 02:49:51,legacy/2026-05-20-pre-v2-import/data/raw/cf/delegation_history.csv
cf,pool1ddghnthymd3duklvx5pfunymqg29xe4vlmy89u2efyjdktn33kz,1,1,248,248,2021-02-09 12:35:53,2021-02-09 12:35:53,legacy/2026-05-20-pre-v2-import/data/raw/cf/delegation_history.csv
cf,pool1dghwejqptsjtf9k8paspg9rhl8humxx0nh7sk37j0ada2dr9mqh,1,1,618,618,2026-03-01 02:51:47,2026-03-01 02:51:47,legacy/2026-05-20-pre-v2-import/data/raw/cf/delegation_history.csv
cf,pool1dgmuwu0txducah4pes4e2avlcv98wedml33kdz7ujtrrxk8xv9y,1,1,223,223,2020-10-07 21:08:49,2020-10-07 21:08:49,legacy/2026-05-20-pre-v2-import/data/raw/cf/delegation_history.csv
cf,pool1dqhaw0h2f4ehpdhh57quszcj22qhkglhg6yvaf39w3clxdl2kpy,1,2,295,323,2021-10-01 19:43:37,2022-02-15 02:00:04,legacy/2026-05-20-pre-v2-import/data/raw/cf/delegation_history.csv
cf,pool1drkls8s0zzjydyv3qpjsdj58w3sw02w9wg0pckrsnuazyef2hca,1,1,389,389,2023-01-13 13:53:29,2023-01-13 13:53:29,legacy/2026-05-20-pre-v2-import/data/raw/cf/delegation_history.csv
cf,pool1ds7rtjqxauff54ny4avs7qxmvchepuv6u79kgg0sf84mjlhxznp,1,1,400,400,2023-03-11 07:09:48,2023-03-11 07:09:48,legacy/2026-05-20-pre-v2-import/data/raw/cf/delegation_history.csv
cf,pool1dswpls43u0s6cpt0dh2d6npm0rnxh5qcjm9xax9y6fp3uq880xm,1,1,536,536,2025-01-15 16:57:10,2025-01-15 16:57:10,legacy/2026-05-20-pre-v2-import/data/raw/cf/delegation_history.csv
cf,pool1dv4yvcrl2kefasd4qxf8pzu695npqqfdzvlyauh2xqfhgf6ng8d,1,1,211,211,2020-08-08 18:00:51,2020-08-08 18:00:51,legacy/2026-05-20-pre-v2-import/data/raw/cf/delegation_history.csv
cf,pool1dx5t3yqhzh3v5ch7add7836tg0ey255tjz87spjvws4j2gjp9yg,1,1,262,262,2021-04-18 22:16:57,2021-04-18 22:16:57,legacy/2026-05-20-pre-v2-import/data/raw/cf/delegation_history.csv
cf,pool1e5efe78z67djz6juekzw2hqpu3tn9eaqmekdnqn2am6j25kmrt8,1,1,212,212,2020-08-09 19:00:51,2020-08-09 19:00:51,legacy/2026-05-20-pre-v2-import/data/raw/cf/delegation_history.csv
cf,pool1e7lwdma6ke4vtt5mtgn72uxc26az7z7kep8uxcckjv7lseltjve,1,1,222,222,2020-09-28 21:49:38,2020-09-28 21:49:38,legacy/2026-05-20-pre-v2-import/data/raw/cf/delegation_history.csv
cf,pool1e8hyjnlqpm5r7we5r9yk6n0kuh0l7f9w2dpylph6u4jtsstntgx,1,1,224,224,2020-10-11 16:00:18,2020-10-11 16:00:18,legacy/2026-05-20-pre-v2-import/data/raw/cf/delegation_history.csv
cf,pool1e98xlcgj80c3rdmm27v5hnvrdtut52e65uk0ema7ctfag596vr2,1,1,223,223,2020-10-07 09:39:08,2020-10-07 09:39:08,legacy/2026-05-20-pre-v2-import/data/raw/cf/delegation_history.csv
cf,pool1eal2z34ugj8a0ckykd6xx45dz6jwdgz4cuvutk320cp4w8t2sm4,1,1,282,282,2021-07-27 19:11:43,2021-07-27 19:11:43,legacy/2026-05-20-pre-v2-import/data/raw/cf/delegation_history.csv
cf,pool1eapprh7uyz8f90maft8r2k2v3a6jyv58eatgyz3lsfrqggkc8fq,1,1,409,409,2023-04-24 06:24:56,2023-04-24 06:24:56,legacy/2026-05-20-pre-v2-import/data/raw/cf/delegation_history.csv
cf,pool1ee5wnnx5cknsdhm9dcrrkq0veaadhsvcavvxw3tnnfavz6z60q8,1,1,210,210,2020-08-02 14:58:51,2020-08-02 14:58:51,legacy/2026-05-20-pre-v2-import/data/raw/cf/delegation_history.csv
cf,pool1ek2m5zuydqcgqv3s5mlh55tr8gp76yuxe4hj4s7xtxajyc94rx3,1,1,210,210,2020-07-31 17:24:31,2020-07-31 17:24:31,legacy/2026-05-20-pre-v2-import/data/raw/cf/delegation_history.csv
cf,pool1enul577he3e0s500lv8z98m6k936uecz2rpckxxmmk8c7k0n2rd,1,1,529,529,2024-12-12 08:50:20,2024-12-12 08:50:20,legacy/2026-05-20-pre-v2-import/data/raw/cf/delegation_history.csv
cf,pool1epqdygzumryx7w9kk5l76gfjsvzuesmeh3u3tfjmmdsw65ja7k3,1,1,382,382,2022-12-10 20:39:57,2022-12-10 20:39:57,legacy/2026-05-20-pre-v2-import/data/raw/cf/delegation_history.csv
cf,pool1eqc4jwuez8yyerwlyjwenh99dlvmn6t6n3qjym70ulf5u8xr6lq,1,1,214,214,2020-08-23 19:04:26,2020-08-23 19:04:26,legacy/2026-05-20-pre-v2-import/data/raw/cf/delegation_history.csv
cf,pool1esgq3g4ll90ylfqg4rvdft06cdppyqc8urancufle6yrgpp5grw,1,1,210,210,2020-07-30 23:56:51,2020-07-30 23:56:51,legacy/2026-05-20-pre-v2-import/data/raw/cf/delegation_history.csv
cf,pool1ev8fwfccn8gr0zcz3uyps0t0mcrefc6s95wjc6aed3ngc86y5rk,1,1,246,246,2021-01-28 00:52:47,2021-01-28 00:52:47,legacy/2026-05-20-pre-v2-import/data/raw/cf/delegation_history.csv
cf,pool1extjc7jrlwyy3w2emwca7sgwlpreej6stmcpm8t6qev4zq7qwxc,1,1,502,502,2024-08-02 11:16:09,2024-08-02 11:16:09,legacy/2026-05-20-pre-v2-import/data/raw/cf/delegation_history.csv
cf,pool1ey3d522fefeuxvqrymw9l8wyevuu7my9t2uz2m0lmwfgjg060qr,1,1,232,232,2020-11-19 15:32:34,2020-11-19 15:32:34,legacy/2026-05-20-pre-v2-import/data/raw/cf/delegation_history.csv
cf,pool1ey45kz6cwxxzgz6dfy89srvwcfzkmv3ea8g3jxkxmtr9zk5ayeu,1,1,302,302,2021-11-02 16:51:08,2021-11-02 16:51:08,legacy/2026-05-20-pre-v2-import/data/raw/cf/delegation_history.csv
cf,pool1ezh8sewqgzy7267yvy0jssz8q7amce37x3dhmfl22j8lwz6wjrd,1,1,253,253,2021-03-02 11:27:04,2021-03-02 11:27:04,legacy/2026-05-20-pre-v2-import/data/raw/cf/delegation_history.csv
cf,pool1ezs46e9nftk46w723zg4e66n2vaytms5slrmywvd7fx5y65zkru,1,1,327,327,2022-03-10 09:55:59,2022-03-10 09:55:59,legacy/2026-05-20-pre-v2-import/data/raw/cf/delegation_history.csv
cf,pool1f22470gz0h9zvr5asy86p8gx397qq8sdz5yxn6998hc82h8ds04,1,2,210,210,2020-07-30 21:10:11,2020-08-03 16:12:51,legacy/2026-05-20-pre-v2-import/data/raw/cf/delegation_history.csv
cf,pool1f2wfjqkf2wx6jq93pdck6hgmy9zgw32lmvrq9zejl7scqxjqfze,1,1,574,574,2025-07-26 12:39:59,2025-07-26 12:39:59,legacy/2026-05-20-pre-v2-import/data/raw/cf/delegation_history.csv
cf,pool1f5qqm7029znkuzl84s9qjr4rctr4mrfsnlnl5yvcsspd6fec4tk,1,1,279,279,2021-07-14 08:04:30,2021-07-14 08:04:30,legacy/2026-05-20-pre-v2-import/data/raw/cf/delegation_history.csv
cf,pool1favrzvccjq5ctetwurtrcxe734c7zlh60f4d62av6art527tssd,1,1,210,210,2020-07-30 14:46:11,2020-07-30 14:46:11,legacy/2026-05-20-pre-v2-import/data/raw/cf/delegation_history.csv
cf,pool1ffrre548h22n68ln29xph3qezrag3z8ad0kg8yzu6epds3qr58k,1,1,330,330,2022-03-25 14:01:04,2022-03-25 14:01:04,legacy/2026-05-20-pre-v2-import/data/raw/cf/delegation_history.csv
cf,pool1fj5jf9ey6r2j98s98qtrjvlnrxr9nx6dx7x8avnv5t5gk53lve9,1,1,212,212,2020-08-09 10:27:51,2020-08-09 10:27:51,legacy/2026-05-20-pre-v2-import/data/raw/cf/delegation_history.csv
cf,pool1fmcv9p7vv754rwc0p6ud2mgm76vnn0gq0gngrk7rq400vsvhsvs,1,1,233,233,2020-11-23 06:11:40,2020-11-23 06:11:40,legacy/2026-05-20-pre-v2-import/data/raw/cf/delegation_history.csv
cf,pool1fmgus36uc0jf0wlspfvzwfn04mz34kwrensmqgfzkv7t58dejw4,1,1,277,277,2021-07-04 08:54:32,2021-07-04 08:54:32,legacy/2026-05-20-pre-v2-import/data/raw/cf/delegation_history.csv
cf,pool1fp2ds5467a63k60r4sla6h8pju4q0z92h82hvqqv782vqqe4z38,1,1,216,216,2020-09-01 20:40:01,2020-09-01 20:40:01,legacy/2026-05-20-pre-v2-import/data/raw/cf/delegation_history.csv
cf,pool1frz0ds4nhg4t0e30jadc5kwx35kzj2vfp9eak9ehh2727m4dqnv,1,1,276,276,2021-06-26 15:16:03,2021-06-26 15:16:03,legacy/2026-05-20-pre-v2-import/data/raw/cf/delegation_history.csv
cf,pool1ft6jvmft8tg3lwzg6wfsprlex3ncuq5cnckwycavqk5q63jhrhv,1,1,238,238,2020-12-19 21:19:38,2020-12-19 21:19:38,legacy/2026-05-20-pre-v2-import/data/raw/cf/delegation_history.csv
cf,pool1fu567g42mlv9f7enek7zeh94c0aht98w44du7s29t0elzd9yazz,1,1,223,223,2020-10-07 09:28:17,2020-10-07 09:28:17,legacy/2026-05-20-pre-v2-import/data/raw/cf/delegation_history.csv
cf,pool1fu69ry8k9qxfque9hng3lxcq7g30pykg38mtahah8x4mzpgls3k,1,1,323,323,2022-02-18 15:47:17,2022-02-18 15:47:17,legacy/2026-05-20-pre-v2-import/data/raw/cf/delegation_history.csv
cf,pool1fu6ppur5uumrpydpeswzrvfg4epr68xw39aar9rcu56tk5ukat3,1,1,377,377,2022-11-13 14:15:37,2022-11-13 14:15:37,legacy/2026-05-20-pre-v2-import/data/raw/cf/delegation_history.csv
cf,pool1fxl5v404w7rjk6k4xlhxqp2mcp7t6quu7amyddmnqhy5vn40h5y,1,1,210,210,2020-07-31 00:15:51,2020-07-31 00:15:51,legacy/2026-05-20-pre-v2-import/data/raw/cf/delegation_history.csv
cf,pool1g0nq3m3fnvd245k4favcvutn09vce0yshg535f68d2xa54vy0cc,1,1,248,248,2021-02-09 10:31:51,2021-02-09 10:31:51,legacy/2026-05-20-pre-v2-import/data/raw/cf/delegation_history.csv
cf,pool1g5k0fks847av9zdayg05htnj8wx0ah7jmnwwqlt63rjdzyjr93n,1,1,211,211,2020-08-04 08:41:11,2020-08-04 08:41:11,legacy/2026-05-20-pre-v2-import/data/raw/cf/delegation_history.csv
cf,pool1g9v6nnrn8x7jcj26mqernsh3h97g6gyhamttzg8q39yvjr60g7k,1,1,325,325,2022-02-28 01:40:56,2022-02-28 01:40:56,legacy/2026-05-20-pre-v2-import/data/raw/cf/delegation_history.csv
cf,pool1ggx3akymhzl5d7r8jd4cc2nmnvl8t8gkrerd2cwvd0vc29lwje9,1,1,275,275,2021-06-24 12:03:30,2021-06-24 12:03:30,legacy/2026-05-20-pre-v2-import/data/raw/cf/delegation_history.csv
cf,pool1gh4cj5h5glk5992d0wtela324htr0cn8ujvg53pmuds9guxgz2u,1,1,212,212,2020-08-12 03:07:31,2020-08-12 03:07:31,legacy/2026-05-20-pre-v2-import/data/raw/cf/delegation_history.csv
cf,pool1ghd48gmcn3ks8fz8wswd2fhma4ug8qq80m7gspfph2wajuvcsk2,1,1,235,235,2020-12-06 20:19:34,2020-12-06 20:19:34,legacy/2026-05-20-pre-v2-import/data/raw/cf/delegation_history.csv
cf,pool1gprrm7gehg9wlupqsvyf59l52q8wgr3y46p656r66t7zy7j2z66,1,1,320,320,2022-01-31 14:18:29,2022-01-31 14:18:29,legacy/2026-05-20-pre-v2-import/data/raw/cf/delegation_history.csv
cf,pool1gslrt6mmljsqkzft6nd0q7w7g2fyhxpxx6sj4ff68x22kwx6unm,1,1,524,524,2024-11-17 13:06:05,2024-11-17 13:06:05,legacy/2026-05-20-pre-v2-import/data/raw/cf/delegation_history.csv
cf,pool1gx2pz27mgupdqynr54s57jrepc3n28yx0wlx0j5ypka55aan9qx,1,1,211,211,2020-08-08 16:14:31,2020-08-08 16:14:31,legacy/2026-05-20-pre-v2-import/data/raw/cf/delegation_history.csv
cf,pool1gxqgry4s75sx455a4hh0fx3qm5ckx5jl5tryn6zu77yg7y5pgsj,1,1,258,258,2021-03-29 16:14:08,2021-03-29 16:14:08,legacy/2026-05-20-pre-v2-import/data/raw/cf/delegation_history.csv
cf,pool1h7eevnu53zdfujqfzldw4jgdjh475u0glvtruwrnmdmycn6jdzs,1,1,242,242,2021-01-07 15:21:43,2021-01-07 15:21:43,legacy/2026-05-20-pre-v2-import/data/raw/cf/delegation_history.csv
cf,pool1h85s0f86k4hsceqdpr906d8e99vn4yqu4ewd236ajlxpwxavz6h,1,1,212,212,2020-08-09 05:22:51,2020-08-09 05:22:51,legacy/2026-05-20-pre-v2-import/data/raw/cf/delegation_history.csv
cf,pool1ha4z9zne9z7he43qf0tzv9pdq8cdj63xfrj8s246u89lkcwmq7w,1,1,243,243,2021-01-13 15:27:04,2021-01-13 15:27:04,legacy/2026-05-20-pre-v2-import/data/raw/cf/delegation_history.csv
cf,pool1hdglvd3xn5m0glqx3l8cy73ajdlxzn7ztlvzwuythj95kwnmvwe,1,1,223,223,2020-10-04 22:04:18,2020-10-04 22:04:18,legacy/2026-05-20-pre-v2-import/data/raw/cf/delegation_history.csv
cf,pool1hhy7qvgc2lmjlwg8z6yag67yjylrquy9hgxwyhgps5e07m8h0ep,1,1,285,285,2021-08-12 23:44:32,2021-08-12 23:44:32,legacy/2026-05-20-pre-v2-import/data/raw/cf/delegation_history.csv
cf,pool1hmsu89xujecvetms68tn2ehfmq7yqvgl6xsf796z4v9ukzdqlp6,1,1,212,212,2020-08-13 15:13:11,2020-08-13 15:13:11,legacy/2026-05-20-pre-v2-import/data/raw/cf/delegation_history.csv
cf,pool1hn7hlwrschqykupwwrtdfkvt2u4uaxvsgxyh6z63703p2knj288,1,1,247,247,2021-02-04 13:33:11,2021-02-04 13:33:11,legacy/2026-05-20-pre-v2-import/data/raw/cf/delegation_history.csv
cf,pool1hqwxta8p0j8ffkyle5mf6yg80tucqzh8q9mszws60xe5ja06nwa,1,1,239,239,2020-12-21 23:09:59,2020-12-21 23:09:59,legacy/2026-05-20-pre-v2-import/data/raw/cf/delegation_history.csv
cf,pool1hsq2jrulgj97tna2femdhsfn2wurkkwt8uk9uvs42h9zs0a783p,1,1,210,210,2020-07-30 00:45:31,2020-07-30 00:45:31,legacy/2026-05-20-pre-v2-import/data/raw/cf/delegation_history.csv
cf,pool1hvw0mqph8kg9gkwqgnrg4v8uhwchltpf9e0qw002sxzfy2xe2js,1,1,257,257,2021-03-24 20:44:59,2021-03-24 20:44:59,legacy/2026-05-20-pre-v2-import/data/raw/cf/delegation_history.csv
cf,pool1hw3cgyx7tvxh2fpd46k9sqgruu5pfnzt4nxuyv2w7nlmusutda2,1,1,219,219,2020-09-14 19:56:45,2020-09-14 19:56:45,legacy/2026-05-20-pre-v2-import/data/raw/cf/delegation_history.csv
cf,pool1hwnl625swgnlp5w7e8dqz0chlz3kl05tm2lawwy8xq2l5uz5h0y,1,1,216,216,2020-08-30 18:40:54,2020-08-30 18:40:54,legacy/2026-05-20-pre-v2-import/data/raw/cf/delegation_history.csv
cf,pool1hx6pg79jq9kxvkzcr2kywdrwsjtys8dyt04ay5j60h0rjtxxkng,1,1,212,212,2020-08-10 11:30:31,2020-08-10 11:30:31,legacy/2026-05-20-pre-v2-import/data/raw/cf/delegation_history.csv
cf,pool1j25x3lguq95gp0tt8ng2nw3fz9ea2p6a89vmgffdw6h0zyh66a0,1,1,211,211,2020-08-06 14:41:51,2020-08-06 14:41:51,legacy/2026-05-20-pre-v2-import/data/raw/cf/delegation_history.csv
cf,pool1jm220zs5txnxe6nt89hajtm6hwsf902e2dwjrtfuq33uw835g65,1,2,330,358,2022-03-22 17:17:56,2022-08-09 15:05:41,legacy/2026-05-20-pre-v2-import/data/raw/cf/delegation_history.csv
cf,pool1jm8s3r3xq4kpawavy096rqle964exle3lxwnpvx62wjnwadwd5l,1,1,264,264,2021-04-28 10:15:00,2021-04-28 10:15:00,legacy/2026-05-20-pre-v2-import/data/raw/cf/delegation_history.csv
cf,pool1jq3s8emkm332n7vd3n57amjzspvt3hygh4wqsyp33psugvw7zc0,1,2,215,236,2020-08-25 14:42:06,2020-12-08 03:58:23,legacy/2026-05-20-pre-v2-import/data/raw/cf/delegation_history.csv
cf,pool1jqssxka8hu94aj6f4w3s8l5m6juqmx0hk3ges48jfac6zngmkh8,1,1,564,564,2025-06-06 13:18:52,2025-06-06 13:18:52,legacy/2026-05-20-pre-v2-import/data/raw/cf/delegation_history.csv
cf,pool1jr90qgglajrga8pftpt6eevtrpxnznjkg7gvrqnehm64qmg8m7s,1,1,224,224,2020-10-09 14:56:55,2020-10-09 14:56:55,legacy/2026-05-20-pre-v2-import/data/raw/cf/delegation_history.csv
cf,pool1jslaut45plz6ek7grjyzxz6kzgerr7p5204h9sprh3msw6d8yht,1,1,279,279,2021-07-14 08:39:23,2021-07-14 08:39:23,legacy/2026-05-20-pre-v2-import/data/raw/cf/delegation_history.csv
cf,pool1k0xrqp03mn9u3q3sadndd6vu9udl5v38xpzyw0shm8sskuxw2av,1,1,210,210,2020-08-02 01:00:11,2020-08-02 01:00:11,legacy/2026-05-20-pre-v2-import/data/raw/cf/delegation_history.csv
cf,pool1k3sjc2sypvtrgne7gc7mlgv5pfu2pn4zdlyky9tkxzmckcp9mxr,1,1,210,210,2020-07-29 23:57:31,2020-07-29 23:57:31,legacy/2026-05-20-pre-v2-import/data/raw/cf/delegation_history.csv
cf,pool1k3wpsc8q8za2qeptx5kv73r76hs5gvp59gga6ad6u5hnj3scy3q,1,1,279,279,2021-07-14 08:22:10,2021-07-14 08:22:10,legacy/2026-05-20-pre-v2-import/data/raw/cf/delegation_history.csv
cf,pool1k4ejdzlnd83l8f8xm5t0m4uv5q0tzexpm23f6cg7lzzayrquzqw,1,1,253,253,2021-03-02 08:55:11,2021-03-02 08:55:11,legacy/2026-05-20-pre-v2-import/data/raw/cf/delegation_history.csv
cf,pool1k53pf4wzn263c08e3wr3gttndfecm9f4uzekgctcx947vt7fh2p,1,1,290,290,2021-09-06 08:57:48,2021-09-06 08:57:48,legacy/2026-05-20-pre-v2-import/data/raw/cf/delegation_history.csv
cf,pool1katy7ll0nmasyxy4u84hcqdtvq5ul4x5hh8zt8ggljd0cy6qf75,1,1,300,300,2021-10-27 07:33:57,2021-10-27 07:33:57,legacy/2026-05-20-pre-v2-import/data/raw/cf/delegation_history.csv
cf,pool1kdfznpenxa9wwcz8tweump45k5h78h8hl4slv78fdypsug9ypc6,1,1,285,285,2021-08-11 11:38:58,2021-08-11 11:38:58,legacy/2026-05-20-pre-v2-import/data/raw/cf/delegation_history.csv
cf,pool1kks6sgxvx7p6fe3hhnne68xzwa9jg8qgy50yt3w3lrelvns7390,1,1,363,363,2022-09-04 11:55:05,2022-09-04 11:55:05,legacy/2026-05-20-pre-v2-import/data/raw/cf/delegation_history.csv
cf,pool1kprt6l4quz03dhqx8jw22spdjvp5dkshdnn567vlexqkj35hd8a,1,1,469,469,2024-02-19 18:39:48,2024-02-19 18:39:48,legacy/2026-05-20-pre-v2-import/data/raw/cf/delegation_history.csv
cf,pool1kpzak79fd84mvntd88r8yu0xc624kfaadkyflnvppvx367pympx,1,1,223,223,2020-10-06 16:42:54,2020-10-06 16:42:54,legacy/2026-05-20-pre-v2-import/data/raw/cf/delegation_history.csv
cf,pool1ksfzungz56vxa9sy6hr54v5hf6qx8rmcu6734gqm3qlxucveed6,1,1,287,287,2021-08-22 11:38:15,2021-08-22 11:38:15,legacy/2026-05-20-pre-v2-import/data/raw/cf/delegation_history.csv
cf,pool1ksh2u6kktx74ugv8jadrdqttwyjz9074ke82xt6j0qgfvdn43a5,1,1,234,234,2020-11-28 12:05:41,2020-11-28 12:05:41,legacy/2026-05-20-pre-v2-import/data/raw/cf/delegation_history.csv
cf,pool1ksh2zpeeqe0rpcug63up5l66g3kr5vf58jraeun82rur6m4g6xz,1,1,211,211,2020-08-03 23:08:11,2020-08-03 23:08:11,legacy/2026-05-20-pre-v2-import/data/raw/cf/delegation_history.csv
cf,pool1ktjfay5knnj2m7th8lkrtzf06mllg9s9xqjqmwsjlkyh2uuctjq,1,1,254,254,2021-03-10 01:27:33,2021-03-10 01:27:33,legacy/2026-05-20-pre-v2-import/data/raw/cf/delegation_history.csv
cf,pool1kv53mzjwqjp4aw48rczj8vm6hejwfnfwa634czyx5tw5qq3tata,1,1,494,494,2024-06-21 22:49:54,2024-06-21 22:49:54,legacy/2026-05-20-pre-v2-import/data/raw/cf/delegation_history.csv
cf,pool1kye8kcf76vszynh6qfex5mpjlmw9fn7kphgepvht08dcwgzf9a0,1,1,214,214,2020-08-22 05:59:01,2020-08-22 05:59:01,legacy/2026-05-20-pre-v2-import/data/raw/cf/delegation_history.csv
cf,pool1l0f7d56gwgdyct6vev88mnuf4ankx2fpm53plr8g6rd6zxz6del,1,1,257,257,2021-03-23 17:06:57,2021-03-23 17:06:57,legacy/2026-05-20-pre-v2-import/data/raw/cf/delegation_history.csv
cf,pool1l5kwfudnqrhw3k4lwzcppu36nun9puvvr7xnanuz8a2zx4jaek5,1,1,223,223,2020-10-04 11:54:05,2020-10-04 11:54:05,legacy/2026-05-20-pre-v2-import/data/raw/cf/delegation_history.csv
cf,pool1l6hkustv67tynh66w46mys94wsxhwddgp28k3r5twwlsv80uw0k,1,1,264,264,2021-04-28 10:17:51,2021-04-28 10:17:51,legacy/2026-05-20-pre-v2-import/data/raw/cf/delegation_history.csv
cf,pool1l8myd66tqjk75kh7uk9k8nyl20sd4qs33s4tzzn927ujyl7ahyk,1,1,225,225,2020-10-15 21:22:33,2020-10-15 21:22:33,legacy/2026-05-20-pre-v2-import/data/raw/cf/delegation_history.csv
cf,pool1larpvn53yyufaf8fh89nrrpgruqcq8mgxrtdxp5y87cqse3yfg2,1,1,231,231,2020-11-13 11:20:38,2020-11-13 11:20:38,legacy/2026-05-20-pre-v2-import/data/raw/cf/delegation_history.csv
cf,pool1lfhv4s9pp76krhn5hk2vzmhc5grjwf26nvg02m6f4dc5sk8akt3,1,1,212,212,2020-08-12 17:52:11,2020-08-12 17:52:11,legacy/2026-05-20-pre-v2-import/data/raw/cf/delegation_history.csv
cf,pool1lfq0eh3gykruhnuc84lutfhxupwwxfh3ylfuyrt67khjkcj9r6y,1,1,266,266,2021-05-10 21:17:24,2021-05-10 21:17:24,legacy/2026-05-20-pre-v2-import/data/raw/cf/delegation_history.csv
cf,pool1lk0hu3njxgra3emgfa73268el89qzytecff0fzz982avvjsw3l6,1,1,247,247,2021-02-04 13:13:42,2021-02-04 13:13:42,legacy/2026-05-20-pre-v2-import/data/raw/cf/delegation_history.csv
cf,pool1lkuwrel3s8er6v0snw69gumsaugydz9n0vl87n7mygh576mwcy0,1,1,323,323,2022-02-17 17:14:04,2022-02-17 17:14:04,legacy/2026-05-20-pre-v2-import/data/raw/cf/delegation_history.csv
cf,pool1llxh8l0h8g9ghz3nrzh7ndvev4x43vnk72nsemzm795vxqs6dp8,1,1,213,213,2020-08-17 19:37:26,2020-08-17 19:37:26,legacy/2026-05-20-pre-v2-import/data/raw/cf/delegation_history.csv
cf,pool1lnsufrafdkqsa2hnzrh5c2raq2x0z7dn6nc6g3g4ewvnyz50fqy,1,1,210,210,2020-08-02 00:19:31,2020-08-02 00:19:31,legacy/2026-05-20-pre-v2-import/data/raw/cf/delegation_history.csv
cf,pool1lvh0pd5n8c3cjzhgef9y6vfh7cver24hdve6ysnwpa42ys5emms,1,1,211,211,2020-08-06 18:58:31,2020-08-06 18:58:31,legacy/2026-05-20-pre-v2-import/data/raw/cf/delegation_history.csv
cf,pool1lzrg40g7vwgrxf52h40mjv77wywajekkfr5p63gcaa6gxrnqy2t,1,1,215,215,2020-08-25 11:35:21,2020-08-25 11:35:21,legacy/2026-05-20-pre-v2-import/data/raw/cf/delegation_history.csv
cf,pool1lzupr43772kfux007sdt02vlx7uzmfcplrwmxntdztxmwv9myrj,1,1,242,242,2021-01-07 17:04:42,2021-01-07 17:04:42,legacy/2026-05-20-pre-v2-import/data/raw/cf/delegation_history.csv
cf,pool1m06tlj2ykawzvweacgmhxj43hykczgfuynk2lqzxvshm5lq2lyq,1,1,210,210,2020-08-01 18:43:31,2020-08-01 18:43:31,legacy/2026-05-20-pre-v2-import/data/raw/cf/delegation_history.csv
cf,pool1maknvmsdvk240a7w8rclvq2lu5pzk906cuh9cw7j30z76ff257u,1,1,224,224,2020-10-11 03:28:48,2020-10-11 03:28:48,legacy/2026-05-20-pre-v2-import/data/raw/cf/delegation_history.csv
cf,pool1mcwcfl96ew79rmj4zxehr33p55e4e62dt4whyr2vqesswp9mmvz,1,1,293,293,2021-09-21 11:23:09,2021-09-21 11:23:09,legacy/2026-05-20-pre-v2-import/data/raw/cf/delegation_history.csv
cf,pool1me4w8vugzzt5zqaf3kvngpwdzan79algtgyrs70exr0mjghf2he,1,1,210,210,2020-07-30 22:54:11,2020-07-30 22:54:11,legacy/2026-05-20-pre-v2-import/data/raw/cf/delegation_history.csv
cf,pool1mfm9nf0fc2wknc94dxyedny3vxtmv4t05arq7czyxsmg7qcy76n,1,1,242,242,2021-01-07 15:39:05,2021-01-07 15:39:05,legacy/2026-05-20-pre-v2-import/data/raw/cf/delegation_history.csv
cf,pool1mhww3q6d7qssj5j2add05r7cyr7znyswe2g6vd23anpx5sh6z8d,1,1,316,316,2022-01-14 17:35:58,2022-01-14 17:35:58,legacy/2026-05-20-pre-v2-import/data/raw/cf/delegation_history.csv
cf,pool1mm7avcuw8v6f86esqtt6xx6rkagryrfq22y994snes832rjs2mt,1,1,247,247,2021-02-03 19:36:27,2021-02-03 19:36:27,legacy/2026-05-20-pre-v2-import/data/raw/cf/delegation_history.csv
cf,pool1mmrdxw97yt9q22yaece43h7em2fhsgumrww7za9jdwt9xraehp4,1,1,247,247,2021-02-04 13:42:17,2021-02-04 13:42:17,legacy/2026-05-20-pre-v2-import/data/raw/cf/delegation_history.csv
cf,pool1mn6relcs7dn2fqzfq5yjlwxa49d900p5sdpw62jlx45k2djgwe4,1,1,210,210,2020-07-30 08:41:31,2020-07-30 08:41:31,legacy/2026-05-20-pre-v2-import/data/raw/cf/delegation_history.csv
cf,pool1mqy259k253xryf4hvdq0n72n2uvadcgp34r0fxwpqzm0z5n0qp6,1,2,235,237,2020-12-03 07:12:44,2020-12-12 00:01:18,legacy/2026-05-20-pre-v2-import/data/raw/cf/delegation_history.csv
cf,pool1mrv06cwwdjnp6zz6y8wq7epav5eywka75r2k2xqy58ez6dge9cf,1,1,270,270,2021-05-26 03:33:17,2021-05-26 03:33:17,legacy/2026-05-20-pre-v2-import/data/raw/cf/delegation_history.csv
cf,pool1mrxg6svcug7mc459ce5zum4qd6p0hkfc08jzpphxfnxzz8yf7ll,1,3,388,556,2023-01-09 17:25:47,2025-04-25 14:04:29,legacy/2026-05-20-pre-v2-import/data/raw/cf/delegation_history.csv
cf,pool1mt8sdg37f2h3rypyuc77k7vxrjshtvjw04zdjlae9vdzyt9uu34,1,2,447,498,2023-11-01 17:44:01,2024-07-09 16:53:42,legacy/2026-05-20-pre-v2-import/data/raw/cf/delegation_history.csv
cf,pool1mtvfxpeczh9gkgj42j30c5zgudnt6evns4gny07p8nml2qrthav,1,1,264,264,2021-04-28 10:10:56,2021-04-28 10:10:56,legacy/2026-05-20-pre-v2-import/data/raw/cf/delegation_history.csv
cf,pool1mu55cjeex6ft2pvppurt62gf5uxcx767ktkpj66696hpx6zhsed,1,1,210,210,2020-07-31 17:22:31,2020-07-31 17:22:31,legacy/2026-05-20-pre-v2-import/data/raw/cf/delegation_history.csv
cf,pool1my7sevxtc4dfvj626q0ujqqukntfa2v0uuydq6wd8x8hvml03rn,1,1,242,242,2021-01-10 06:57:21,2021-01-10 06:57:21,legacy/2026-05-20-pre-v2-import/data/raw/cf/delegation_history.csv
cf,pool1n0uxgs5qfk5n9xl7qvq9jt8zuu02cntrsjnjayjlqtejyffnemj,1,1,607,607,2026-01-07 13:06:13,2026-01-07 13:06:13,legacy/2026-05-20-pre-v2-import/data/raw/cf/delegation_history.csv
cf,pool1n4fq4gw6snzqjep3pylj8dc6aaa4xgn78gl58k360dqdw6a58g8,1,1,255,255,2021-03-16 17:34:19,2021-03-16 17:34:19,legacy/2026-05-20-pre-v2-import/data/raw/cf/delegation_history.csv
cf,pool1n7s5kpymwd0zsld8q23tpf7z5esjaqwmnnzzssee5630zpx5ww0,1,1,401,401,2023-03-15 23:54:08,2023-03-15 23:54:08,legacy/2026-05-20-pre-v2-import/data/raw/cf/delegation_history.csv
cf,pool1newmccddazerzanrdeeelvzk6vzh9stxn5n8ravshqa05n0t83u,1,1,420,420,2023-06-14 23:20:52,2023-06-14 23:20:52,legacy/2026-05-20-pre-v2-import/data/raw/cf/delegation_history.csv
cf,pool1ng0wg25mkdkcmryzh5dcw70p0462z7svegxr9c7d2k5cqf9tt2k,1,1,212,212,2020-08-10 21:20:11,2020-08-10 21:20:11,legacy/2026-05-20-pre-v2-import/data/raw/cf/delegation_history.csv
cf,pool1nj6ywxadn9uky0fj457pflc5kdq0q3hz5ke6ut3u3at4k6uucv2,1,1,264,264,2021-04-28 10:28:12,2021-04-28 10:28:12,legacy/2026-05-20-pre-v2-import/data/raw/cf/delegation_history.csv
cf,pool1nnfwte5lhr8rxjye4a8m8krt5fsu6fs2g39g6ccq09nqqf8sekw,1,1,211,211,2020-08-08 15:17:11,2020-08-08 15:17:11,legacy/2026-05-20-pre-v2-import/data/raw/cf/delegation_history.csv
cf,pool1nqheyct9a0mxn80cwp9pd5guncfu3rzwqtmru0l94accz7gjcgl,1,1,451,451,2023-11-20 11:47:10,2023-11-20 11:47:10,legacy/2026-05-20-pre-v2-import/data/raw/cf/delegation_history.csv
cf,pool1nsaul82z7ytu73q96w2wgj8wrardmrzjkuzaankzn0xuqkj70qm,1,1,392,392,2023-01-29 17:54:20,2023-01-29 17:54:20,legacy/2026-05-20-pre-v2-import/data/raw/cf/delegation_history.csv
cf,pool1nss40t2xhh7ntgp8ca73u2xd8kzyn3dgtf9jfh0y57kxul9zt82,1,1,231,231,2020-11-16 06:45:22,2020-11-16 06:45:22,legacy/2026-05-20-pre-v2-import/data/raw/cf/delegation_history.csv
cf,pool1ntwurms3f0j4kqe5wfpg9chlasylp0lmuw72m4fn66vnuyrvs8v,1,1,212,212,2020-08-11 18:59:51,2020-08-11 18:59:51,legacy/2026-05-20-pre-v2-import/data/raw/cf/delegation_history.csv
cf,pool1nux6acnlx0du7ss9fhg2phjlaqe87l4wcurln5r6f0k8xreluez,1,2,236,241,2020-12-08 17:33:47,2021-01-01 01:26:39,legacy/2026-05-20-pre-v2-import/data/raw/cf/delegation_history.csv
cf,pool1p289t8je3ctxklh4ka487cxcrl8yyxzjexgeyyyqkqn0x3yuhus,1,1,285,285,2021-08-11 11:04:41,2021-08-11 11:04:41,legacy/2026-05-20-pre-v2-import/data/raw/cf/delegation_history.csv
cf,pool1p2aax6cfztk6cc02cfhg0pa7432em8a59wdyjatxcd997n7knjs,1,1,367,367,2022-09-27 10:54:13,2022-09-27 10:54:13,legacy/2026-05-20-pre-v2-import/data/raw/cf/delegation_history.csv
cf,pool1p2ldp00jsl5l9xpg9m77zavhqmw7amtg5nlf0jwudlu2zaq389s,1,1,247,247,2021-02-04 13:33:51,2021-02-04 13:33:51,legacy/2026-05-20-pre-v2-import/data/raw/cf/delegation_history.csv
cf,pool1p2wmgvnvxvwyxhy7h6guzjesqwp3ku8t5kskcul69n2k7n7gyk2,1,1,281,281,2021-07-21 19:33:04,2021-07-21 19:33:04,legacy/2026-05-20-pre-v2-import/data/raw/cf/delegation_history.csv
cf,pool1p627hhec2ha6wu6ql377c3hv4mjd26w7ll0xyw2ezgnu6nyl0a4,1,1,234,234,2020-11-30 13:32:02,2020-11-30 13:32:02,legacy/2026-05-20-pre-v2-import/data/raw/cf/delegation_history.csv
cf,pool1p9sda64t6l9802tsu2fj6phvt9xfqgcpjucyr3kek8wzurmn8rz,1,1,210,210,2020-08-03 08:17:31,2020-08-03 08:17:31,legacy/2026-05-20-pre-v2-import/data/raw/cf/delegation_history.csv
cf,pool1p9sjhjx0v3k76wvgdqu7jcks2ra48wqlhc6g0mkewd25k3zcymy,1,1,219,219,2020-09-17 13:48:10,2020-09-17 13:48:10,legacy/2026-05-20-pre-v2-import/data/raw/cf/delegation_history.csv
cf,pool1pf38y47whkqua0pkd7redeh6nhlvff6kckx8x9hxzlx8yakmruz,1,1,213,213,2020-08-14 15:05:13,2020-08-14 15:05:13,legacy/2026-05-20-pre-v2-import/data/raw/cf/delegation_history.csv
cf,pool1pf6yhzdr9vpct5rc3dtwersl4lyuglp80l4jc67kf2qj29xjg2u,1,1,217,217,2020-09-07 17:10:04,2020-09-07 17:10:04,legacy/2026-05-20-pre-v2-import/data/raw/cf/delegation_history.csv
cf,pool1pg2k7lp6w68vlvdycug2ycu3mkrt0z4ftxay4g8zchj87mw6ug8,1,1,210,210,2020-07-30 13:20:11,2020-07-30 13:20:11,legacy/2026-05-20-pre-v2-import/data/raw/cf/delegation_history.csv
cf,pool1phc0dedrry2jp2s2tqngcw87vzx3mychvm7qqe3470etzsf3ph7,1,1,383,383,2022-12-11 21:54:17,2022-12-11 21:54:17,legacy/2026-05-20-pre-v2-import/data/raw/cf/delegation_history.csv
cf,pool1pk7cjkcdsawxf25dwml0ely8vhjx7wp7nqans3jwatanceyqae0,1,1,210,210,2020-07-30 19:30:11,2020-07-30 19:30:11,legacy/2026-05-20-pre-v2-import/data/raw/cf/delegation_history.csv
cf,pool1pn36hexudnjg6uwvxc5tld3ay2g6ty99ardzhn7crhkhzshjpte,1,1,509,509,2024-09-01 23:49:44,2024-09-01 23:49:44,legacy/2026-05-20-pre-v2-import/data/raw/cf/delegation_history.csv
cf,pool1pup39uk3d9hl8vg3v0evn3hxkxygkas0asekng7x9cpx5f2r6d6,1,1,591,591,2025-10-17 04:14:52,2025-10-17 04:14:52,legacy/2026-05-20-pre-v2-import/data/raw/cf/delegation_history.csv
cf,pool1pvu2zdexh8wr4ggmuz90jvqrua6an43qj9m9urs785p8kwjzqwl,1,1,210,210,2020-08-01 17:13:51,2020-08-01 17:13:51,legacy/2026-05-20-pre-v2-import/data/raw/cf/delegation_history.csv
cf,pool1pxw4z2m0lmw422hr32dwyy3uz9436g8p7qdmg2sl2w0m5pyk3yn,1,1,506,506,2024-08-21 00:13:23,2024-08-21 00:13:23,legacy/2026-05-20-pre-v2-import/data/raw/cf/delegation_history.csv
cf,pool1q5za50d3sr707xkmjtyrs0v76ezxyj8g8uhggfk0wfl77aufd9k,1,1,279,279,2021-07-14 08:10:35,2021-07-14 08:10:35,legacy/2026-05-20-pre-v2-import/data/raw/cf/delegation_history.csv
cf,pool1q7ukp0ajfusagaqy8arsxnkk97yl3tqa8aal3sts5tw8kuq4jlw,1,1,212,212,2020-08-12 08:20:11,2020-08-12 08:20:11,legacy/2026-05-20-pre-v2-import/data/raw/cf/delegation_history.csv
cf,pool1qa2h3hha0m5he0429ym7tqvsn89nsddvn7wgkx3v8g6hsstdzc0,1,1,316,316,2022-01-13 09:09:20,2022-01-13 09:09:20,legacy/2026-05-20-pre-v2-import/data/raw/cf/delegation_history.csv
cf,pool1qku2yhky7sv4dfjfv42uyvauhehuqevk25aw952d7ulzqzx3jcu,1,1,537,537,2025-01-20 19:09:51,2025-01-20 19:09:51,legacy/2026-05-20-pre-v2-import/data/raw/cf/delegation_history.csv
cf,pool1qpuzf5kcxrmuf6qg2nnu9cs7hj2d6ke3fwz58l7rlefcy50caaa,1,1,229,229,2020-11-06 19:19:31,2020-11-06 19:19:31,legacy/2026-05-20-pre-v2-import/data/raw/cf/delegation_history.csv
cf,pool1qq76dtlr0m9g6xlvngzq550j86cgtslphyjffz3pgpn7wazatdc,1,1,255,255,2021-03-12 18:19:36,2021-03-12 18:19:36,legacy/2026-05-20-pre-v2-import/data/raw/cf/delegation_history.csv
cf,pool1qqenhz258k5k9nyjull6gkzg7s4f3ae8v7qxwpegeef9v0nsy3e,1,1,298,298,2021-10-13 12:27:52,2021-10-13 12:27:52,legacy/2026-05-20-pre-v2-import/data/raw/cf/delegation_history.csv
cf,pool1qqqg664ad0cd47787e9ksfnl2utwrxfdp6z9av3dq5r9k6qfurw,1,1,210,210,2020-07-30 03:28:31,2020-07-30 03:28:31,legacy/2026-05-20-pre-v2-import/data/raw/cf/delegation_history.csv
cf,pool1qqqq02jxq3q9j93devp9pts90ctm8w3r0rgek97ngujpjgpw46j,1,1,224,224,2020-10-09 14:55:13,2020-10-09 14:55:13,legacy/2026-05-20-pre-v2-import/data/raw/cf/delegation_history.csv
cf,pool1qqqqvmpm9v2l0tkwx4dpzth3g85lapxjug2j6sucnphyqlt4fuu,1,1,242,242,2021-01-07 15:32:47,2021-01-07 15:32:47,legacy/2026-05-20-pre-v2-import/data/raw/cf/delegation_history.csv
cf,pool1qqqqwg5y9jj6uet4amx3mkmzneaxrlhczmpz5admlvddgyhtnug,1,1,275,275,2021-06-24 20:01:48,2021-06-24 20:01:48,legacy/2026-05-20-pre-v2-import/data/raw/cf/delegation_history.csv
cf,pool1qqqz9vlskay2gv3ec5pyck8c2tq9ty7dpfm60x8shvapguhcemt,1,1,210,210,2020-07-30 00:02:11,2020-07-30 00:02:11,legacy/2026-05-20-pre-v2-import/data/raw/cf/delegation_history.csv
cf,pool1qzlw756y0z6ehg9jkerrfrydr7qlvzl5pgset33h3h2akst593a,1,1,318,318,2022-01-22 05:39:54,2022-01-22 05:39:54,legacy/2026-05-20-pre-v2-import/data/raw/cf/delegation_history.csv
cf,pool1qzlw76zztkg02rywyypyw6s0gtkg2zpkaxhl6cq7eauqg8h9659,1,1,318,318,2022-01-21 04:59:26,2022-01-21 04:59:26,legacy/2026-05-20-pre-v2-import/data/raw/cf/delegation_history.csv
cf,pool1r0sxz0hygfc0266lhdclve6j3cwcwlth6dya6uey65yxjnwm7qc,1,1,562,562,2025-05-27 07:11:04,2025-05-27 07:11:04,legacy/2026-05-20-pre-v2-import/data/raw/cf/delegation_history.csv
cf,pool1r2249l40de8nlj77u77yzk8kxl3av4k09ztswcuqfexzcxwx3k8,1,1,212,212,2020-08-13 18:31:11,2020-08-13 18:31:11,legacy/2026-05-20-pre-v2-import/data/raw/cf/delegation_history.csv
cf,pool1r55hyfrd3tw6nzpkvf4rfceh2f04yph92fc462phnd0akp2s5r6,1,1,291,291,2021-09-08 14:58:42,2021-09-08 14:58:42,legacy/2026-05-20-pre-v2-import/data/raw/cf/delegation_history.csv
cf,pool1r88vs06qv3vjrndvhewwhz08zc6ka7eqwxvf4stsj53n50nr8n7,1,1,212,212,2020-08-10 20:23:11,2020-08-10 20:23:11,legacy/2026-05-20-pre-v2-import/data/raw/cf/delegation_history.csv
cf,pool1ra0j0teuuclcsda23w5cjsu8w8tnce7q7us4fdugl24j5f909lt,1,1,212,212,2020-08-09 22:02:31,2020-08-09 22:02:31,legacy/2026-05-20-pre-v2-import/data/raw/cf/delegation_history.csv
cf,pool1ra2su7cvnmr83pu9nvvz4a9carsgc9egc3e5fuk7h9pycyp5ela,1,1,613,613,2026-02-08 16:37:17,2026-02-08 16:37:17,legacy/2026-05-20-pre-v2-import/data/raw/cf/delegation_history.csv
cf,pool1rcj4kw3nepfpwr6s2tzgq3x3emw45n9w58063j98h38rse482k0,1,1,212,212,2020-08-11 23:14:11,2020-08-11 23:14:11,legacy/2026-05-20-pre-v2-import/data/raw/cf/delegation_history.csv
cf,pool1re8cmjt895tpx8dx2veg0cew5yqtxnt82sll03e433a4ugnh9w7,1,1,358,358,2022-08-13 12:09:51,2022-08-13 12:09:51,legacy/2026-05-20-pre-v2-import/data/raw/cf/delegation_history.csv
cf,pool1rjggcpcsr7wfnt4rl67yra2k658yqc9y6h3zzkaq5x9r766zlz7,1,1,289,289,2021-08-29 02:03:40,2021-08-29 02:03:40,legacy/2026-05-20-pre-v2-import/data/raw/cf/delegation_history.csv
cf,pool1rkz43352y9kmsvzqn3wp08t6qfz64j6at4gtmn74ge0tv7hqdhf,1,1,274,274,2021-06-17 20:18:56,2021-06-17 20:18:56,legacy/2026-05-20-pre-v2-import/data/raw/cf/delegation_history.csv
cf,pool1rs8xygd8rdqjjr5ums0w9upw9uwrrkvuvyjvq8wvr3kekhjkpl3,1,1,220,220,2020-09-22 14:55:32,2020-09-22 14:55:32,legacy/2026-05-20-pre-v2-import/data/raw/cf/delegation_history.csv
cf,pool1rtnk3j8jv0wl0qz2j8xq4h5yeh0uvw3xj738fgl6wc4scxenkgz,1,1,276,276,2021-06-25 04:40:57,2021-06-25 04:40:57,legacy/2026-05-20-pre-v2-import/data/raw/cf/delegation_history.csv
cf,pool1rx2ce04meyzjfw7qtspzlk8h863kj5nhwkhts7ja4vtpsk934tg,1,1,211,211,2020-08-06 15:52:31,2020-08-06 15:52:31,legacy/2026-05-20-pre-v2-import/data/raw/cf/delegation_history.csv
cf,pool1rxpysk2ahxz442mqapv4shtrpaddw2lsuufdeg9gsjjn6gjr5tx,1,1,264,264,2021-04-28 10:25:32,2021-04-28 10:25:32,legacy/2026-05-20-pre-v2-import/data/raw/cf/delegation_history.csv
cf,pool1ryqluw3z5nk8ma8snryl74kn5sxfh0cpqwyq4pfc6wgmvp7jd4k,1,1,210,210,2020-08-03 15:44:11,2020-08-03 15:44:11,legacy/2026-05-20-pre-v2-import/data/raw/cf/delegation_history.csv
cf,pool1s2qefm0h0449tdwsh7w6gw7mn9n8d3w48zunslxdazlfghtn4wh,1,1,211,211,2020-08-07 14:05:11,2020-08-07 14:05:11,legacy/2026-05-20-pre-v2-import/data/raw/cf/delegation_history.csv
cf,pool1s2rj8t2a5tfv0rpsfak77g03h96uv3rqxp62t6jm3dh45g2e2pj,1,1,247,247,2021-02-04 01:05:50,2021-02-04 01:05:50,legacy/2026-05-20-pre-v2-import/data/raw/cf/delegation_history.csv
cf,pool1s2wsk5z4u0f2unmfyc8ye705adhwayv0wetlk24sawmyj5u74rn,1,1,264,264,2021-04-28 10:29:35,2021-04-28 10:29:35,legacy/2026-05-20-pre-v2-import/data/raw/cf/delegation_history.csv
cf,pool1s5pue3nn7vegwr327cvnyqmd5h0cvse7wksf6drup89gvgxpr7l,1,1,308,308,2021-12-06 03:02:19,2021-12-06 03:02:19,legacy/2026-05-20-pre-v2-import/data/raw/cf/delegation_history.csv
cf,pool1s7eglqwzl84xgvpr4pptylcgqhkjr4xk8d6y3k22plu3sagms25,1,1,262,262,2021-04-19 18:29:21,2021-04-19 18:29:21,legacy/2026-05-20-pre-v2-import/data/raw/cf/delegation_history.csv
cf,pool1s9gnju7cja28xzdxskms2w4dwtk6w2gegm5k4gcx895f7lmzupq,1,1,242,242,2021-01-07 15:24:46,2021-01-07 15:24:46,legacy/2026-05-20-pre-v2-import/data/raw/cf/delegation_history.csv
cf,pool1s9y50eucftrj0fw786rm3ljedpg8qry4ydq9kx23dv4px9k97t6,1,1,269,269,2021-05-25 14:54:47,2021-05-25 14:54:47,legacy/2026-05-20-pre-v2-import/data/raw/cf/delegation_history.csv
cf,pool1sghwg652uwe7ksmk5laxxft58j6km6prahvnddk3s6zgxek5qen,1,1,248,248,2021-02-05 22:19:05,2021-02-05 22:19:05,legacy/2026-05-20-pre-v2-import/data/raw/cf/delegation_history.csv
cf,pool1sksmrlwwswgg60ak8w67hf5w60h0qztgpv5zg68z06wgzhrhsc9,1,1,211,211,2020-08-05 09:51:31,2020-08-05 09:51:31,legacy/2026-05-20-pre-v2-import/data/raw/cf/delegation_history.csv
cf,pool1sm2kmdn4f9rat3kl67y9drqcnnqc34zg4f4ufmnrfaj45gcv89d,1,1,264,264,2021-04-28 10:30:15,2021-04-28 10:30:15,legacy/2026-05-20-pre-v2-import/data/raw/cf/delegation_history.csv
cf,pool1spus7k8cy5qcs82xhw60dwwk2d4vrfs0m5vr2zst04gtq700gjn,1,1,215,215,2020-08-25 09:00:39,2020-08-25 09:00:39,legacy/2026-05-20-pre-v2-import/data/raw/cf/delegation_history.csv
cf,pool1sr3kmj6equa9h8ey0xdyje94t6rmc9688a5xvk0urynwuqv3z0w,1,1,261,261,2021-04-14 00:25:58,2021-04-14 00:25:58,legacy/2026-05-20-pre-v2-import/data/raw/cf/delegation_history.csv
cf,pool1sr953s548fudyhmfm082xp0mensv2gxzt4qpe466ykw0z3jjzvv,1,1,332,332,2022-04-02 22:12:59,2022-04-02 22:12:59,legacy/2026-05-20-pre-v2-import/data/raw/cf/delegation_history.csv
cf,pool1sysgx87cwxnqy0pqn8g97gdhd0dmre9rw3jvpn2k7apuwa7cgkn,1,1,599,599,2025-11-29 12:21:03,2025-11-29 12:21:03,legacy/2026-05-20-pre-v2-import/data/raw/cf/delegation_history.csv
cf,pool1t74ckqauwmn9ef5ye0h7c5wsgfd36zx24ue9wvj4vj95cl54aff,1,1,230,230,2020-11-10 00:14:59,2020-11-10 00:14:59,legacy/2026-05-20-pre-v2-import/data/raw/cf/delegation_history.csv
cf,pool1t94qdjkuu5qmtpxuljrnsvjdctgf0sr6vfu34eqseztajsxhsw8,1,1,352,352,2022-07-13 15:19:11,2022-07-13 15:19:11,legacy/2026-05-20-pre-v2-import/data/raw/cf/delegation_history.csv
cf,pool1tc2twz6teun8h44djmvvd9dena7rjgnmxuckzc8j77jlzat88q5,1,1,329,329,2022-03-21 12:38:02,2022-03-21 12:38:02,legacy/2026-05-20-pre-v2-import/data/raw/cf/delegation_history.csv
cf,pool1tdvqgy6mq7lx7d345e276xmgmhh3s4zj8dzu6xzq5m7rx4tzkg2,1,1,260,260,2021-04-10 21:28:07,2021-04-10 21:28:07,legacy/2026-05-20-pre-v2-import/data/raw/cf/delegation_history.csv
cf,pool1telljurmr9xs4z4ux7e46m9rgyf042nhwqewyf5t97xswrzwvsu,1,1,279,279,2021-07-14 08:39:30,2021-07-14 08:39:30,legacy/2026-05-20-pre-v2-import/data/raw/cf/delegation_history.csv
cf,pool1tjr4zpndkvwkw3du3fvt59f5men6jhuevt7rpx6xw0wcct5kl04,1,1,236,236,2020-12-07 16:16:18,2020-12-07 16:16:18,legacy/2026-05-20-pre-v2-import/data/raw/cf/delegation_history.csv
cf,pool1tnmd6aq6rn3ctyqqqw8csvl5vlqncx3fwaqk8rsxsmqn5v9e28n,1,1,425,425,2023-07-14 18:45:37,2023-07-14 18:45:37,legacy/2026-05-20-pre-v2-import/data/raw/cf/delegation_history.csv
cf,pool1tpy5yawzpetcverves0h6xdycxgrstehfvrkygydt9jcqxwpw3j,1,1,460,460,2024-01-01 20:25:52,2024-01-01 20:25:52,legacy/2026-05-20-pre-v2-import/data/raw/cf/delegation_history.csv
cf,pool1ts6u8sylpmgqdxcvlc3fhdr4kt5wmz5egch83vtt6rwwwyxtuym,1,1,330,330,2022-03-24 13:21:44,2022-03-24 13:21:44,legacy/2026-05-20-pre-v2-import/data/raw/cf/delegation_history.csv
cf,pool1tx2ewdpde5lk6xy8ge5cu8hr3szj8k42kegrx2sxlw4ngaspfrz,1,1,255,255,2021-03-16 08:21:44,2021-03-16 08:21:44,legacy/2026-05-20-pre-v2-import/data/raw/cf/delegation_history.csv
cf,pool1u2d3guvld9rk0586lyhk2n8kvkzmem7czwdltgem0mgczqd3ygu,1,1,210,210,2020-07-29 23:32:31,2020-07-29 23:32:31,legacy/2026-05-20-pre-v2-import/data/raw/cf/delegation_history.csv
cf,pool1u8yequt4vq3jhajeegc02r3msnne6krayxuzrypaz8jkq5v5pux,1,1,300,300,2021-10-22 23:11:01,2021-10-22 23:11:01,legacy/2026-05-20-pre-v2-import/data/raw/cf/delegation_history.csv
cf,pool1u9gudcfadehlarkh4xdtgrf3zeze978mrnhtrvjdkjwj7wxvcje,1,1,252,252,2021-02-26 12:50:05,2021-02-26 12:50:05,legacy/2026-05-20-pre-v2-import/data/raw/cf/delegation_history.csv
cf,pool1u9vgtxyupd36czsdvh3h9zr8eakdqesug8j6k2nw7nszy97z4m0,1,1,212,212,2020-08-13 07:51:11,2020-08-13 07:51:11,legacy/2026-05-20-pre-v2-import/data/raw/cf/delegation_history.csv
cf,pool1uc7slfp47xzu7egusxlkvm63rxw2dhtm58l8e0m46anhvhaecr2,1,1,216,216,2020-08-29 07:38:23,2020-08-29 07:38:23,legacy/2026-05-20-pre-v2-import/data/raw/cf/delegation_history.csv
cf,pool1ucpygt4ds2ggf5lt8z5kzyvnwwr0ggrtqnl0pgawud5ls2cnnkl,1,1,247,247,2021-02-04 13:25:59,2021-02-04 13:25:59,legacy/2026-05-20-pre-v2-import/data/raw/cf/delegation_history.csv
cf,pool1uct8k7ruvu3dgl9hws4pj3tk9stzpls4evnys4r8q5vj2p9w92w,1,1,453,453,2023-11-27 04:32:20,2023-11-27 04:32:20,legacy/2026-05-20-pre-v2-import/data/raw/cf/delegation_history.csv
cf,pool1udkx9rmgzf08z7zz4p7ykpdqsdv5nf0w8uf38wrsdn5dzk9nq4g,1,1,238,238,2020-12-18 16:34:15,2020-12-18 16:34:15,legacy/2026-05-20-pre-v2-import/data/raw/cf/delegation_history.csv
cf,pool1udwnjxxvwzv05cw70xgt4wedsl7lk8r4xgsw2ws9hmu46zaz2f9,1,1,210,210,2020-07-31 16:11:31,2020-07-31 16:11:31,legacy/2026-05-20-pre-v2-import/data/raw/cf/delegation_history.csv
cf,pool1ue4ngerz28nkpstsr5p53qvl5ulq3jtmllj4my0d0n28yyrn4l4,1,1,389,389,2023-01-13 11:25:34,2023-01-13 11:25:34,legacy/2026-05-20-pre-v2-import/data/raw/cf/delegation_history.csv
cf,pool1ull34uxtt3h37ysxeq6lesp9536kqqetddew882ldawu6yqmsl9,1,1,242,242,2021-01-06 03:01:32,2021-01-06 03:01:32,legacy/2026-05-20-pre-v2-import/data/raw/cf/delegation_history.csv
cf,pool1ulsc7gzslgc8lj2qtuw4zamqaz20377lgx5mrv5q2udnshcr8dl,1,1,231,231,2020-11-11 22:46:26,2020-11-11 22:46:26,legacy/2026-05-20-pre-v2-import/data/raw/cf/delegation_history.csv
cf,pool1umslg2gmre4znj8hsx9x2u4ah4gfw8guv4mjthnjge3k2j5f8cl,1,1,247,247,2021-02-04 13:41:31,2021-02-04 13:41:31,legacy/2026-05-20-pre-v2-import/data/raw/cf/delegation_history.csv
cf,pool1uqehpxy4wst2k5u640wdt9tgmqdd26l0dahgxf3ln70js830xv2,1,1,212,212,2020-08-11 23:09:51,2020-08-11 23:09:51,legacy/2026-05-20-pre-v2-import/data/raw/cf/delegation_history.csv
cf,pool1uqgn8wt3qwaextmmurmcjmk3egwsac6sunyqtrssrdeavlgpyr4,1,1,312,312,2021-12-22 03:55:22,2021-12-22 03:55:22,legacy/2026-05-20-pre-v2-import/data/raw/cf/delegation_history.csv
cf,pool1utqhj9g53a5cwg7tyd8neky7jvjlgzuf470adc0e69cp5uuquzx,1,1,298,298,2021-10-13 11:42:49,2021-10-13 11:42:49,legacy/2026-05-20-pre-v2-import/data/raw/cf/delegation_history.csv
cf,pool1uu35qfkmjyxwpm3pgptfgr0qga9j2fzkc0tsjplcx840x295xj9,1,2,238,323,2020-12-17 18:36:56,2022-02-15 00:43:55,legacy/2026-05-20-pre-v2-import/data/raw/cf/delegation_history.csv
cf,pool1v28xlhk6juevh3ss09vpe78zu7cx6mejr8k8en94scd6v8rrshh,1,1,266,266,2021-05-07 09:56:40,2021-05-07 09:56:40,legacy/2026-05-20-pre-v2-import/data/raw/cf/delegation_history.csv
cf,pool1v4adhelnswa7pwv2njn5h84atw08mlc79ll2ewl2kgxhv3cqwql,1,1,210,210,2020-07-31 19:48:11,2020-07-31 19:48:11,legacy/2026-05-20-pre-v2-import/data/raw/cf/delegation_history.csv
cf,pool1v85cyfgtkhzw3pydfrnjwh2c4yxsy9480898dqc2k8shs6697aj,1,1,213,213,2020-08-14 22:15:13,2020-08-14 22:15:13,legacy/2026-05-20-pre-v2-import/data/raw/cf/delegation_history.csv
cf,pool1vd3rfulk3x3k6mafusvrtnzysx9qkcgcks9an2alcpm55msk63g,1,1,211,211,2020-08-07 12:40:31,2020-08-07 12:40:31,legacy/2026-05-20-pre-v2-import/data/raw/cf/delegation_history.csv
cf,pool1vemm9tq77upd9m6wtu7edw8wtju3ymnuq9wz43cfn35qk26ddqq,1,1,212,212,2020-08-10 22:46:31,2020-08-10 22:46:31,legacy/2026-05-20-pre-v2-import/data/raw/cf/delegation_history.csv
cf,pool1vw0rqsvfx0ngct7gfmlz5j2e4gap6sd9pwrmemhd488eyxvm88r,1,1,233,233,2020-11-26 05:53:15,2020-11-26 05:53:15,legacy/2026-05-20-pre-v2-import/data/raw/cf/delegation_history.csv
cf,pool1vz9txqmdhxwegpy7uzrsap84z309veehqv3uh4s60qwxk0u7h06,1,1,266,266,2021-05-09 16:17:34,2021-05-09 16:17:34,legacy/2026-05-20-pre-v2-import/data/raw/cf/delegation_history.csv
cf,pool1w304gh8xwdcjxumdl5yhvu28j6eax9sf08tu98cp5eth27vy6ez,1,1,220,220,2020-09-22 15:21:31,2020-09-22 15:21:31,legacy/2026-05-20-pre-v2-import/data/raw/cf/delegation_history.csv
cf,pool1w3s6gk83y2g3670emy3yfjw9myz3u4whph7peah653rmsfegyj3,1,1,212,212,2020-08-13 14:56:51,2020-08-13 14:56:51,legacy/2026-05-20-pre-v2-import/data/raw/cf/delegation_history.csv
cf,pool1w4am4s9w4gkt8r0245km62vtnnv9hhq6j68exzh2pyaxxfaq0gc,1,1,234,234,2020-11-30 18:28:11,2020-11-30 18:28:11,legacy/2026-05-20-pre-v2-import/data/raw/cf/delegation_history.csv
cf,pool1wewygdzelh9m4m0kj8u70pmr957lxkzl8km4mttsrdd7wht00vu,1,1,338,338,2022-05-02 22:40:39,2022-05-02 22:40:39,legacy/2026-05-20-pre-v2-import/data/raw/cf/delegation_history.csv
cf,pool1wggqaqs4pw2l4vml0k0p2kmvpq7pme3fl6smwc8cjjhvvuun9ww,1,1,323,323,2022-02-18 18:09:16,2022-02-18 18:09:16,legacy/2026-05-20-pre-v2-import/data/raw/cf/delegation_history.csv
cf,pool1wjext9skqge8x7z5asvvmezlal6npjk8v2aduavt6fehyzhnu5a,1,1,307,307,2021-11-27 09:46:21,2021-11-27 09:46:21,legacy/2026-05-20-pre-v2-import/data/raw/cf/delegation_history.csv
cf,pool1wm89xjqp96t3mlun3pa5suxa3t4s5lluq239en0nxl7pcm5tprc,1,1,211,211,2020-08-04 19:17:51,2020-08-04 19:17:51,legacy/2026-05-20-pre-v2-import/data/raw/cf/delegation_history.csv
cf,pool1wxpzjtfr79pdfs6m6vg6xmcqjh79ff9d6sgzfdpvs2q26swahew,1,1,242,242,2021-01-07 15:40:15,2021-01-07 15:40:15,legacy/2026-05-20-pre-v2-import/data/raw/cf/delegation_history.csv
cf,pool1wyfau3rlkckr3clr4mkyxn9vdlrkup0fj7uyyflfccmms24gm3a,1,1,308,308,2021-12-03 03:24:26,2021-12-03 03:24:26,legacy/2026-05-20-pre-v2-import/data/raw/cf/delegation_history.csv
cf,pool1wym4qkxsvqejxqn4l55y9z708mkxc36qge28qevrvp056fe7dxg,1,1,211,211,2020-08-05 05:04:11,2020-08-05 05:04:11,legacy/2026-05-20-pre-v2-import/data/raw/cf/delegation_history.csv
cf,pool1wz4euuc8r3gfya335gvpxl2nuajkvkjh3d6ylm4w83wcz7lqxc6,1,1,326,326,2022-03-06 14:01:09,2022-03-06 14:01:09,legacy/2026-05-20-pre-v2-import/data/raw/cf/delegation_history.csv
cf,pool1x89ssjp53eczthatft9w74749558nsz3pq5jn056634pgt5m58s,1,1,487,487,2024-05-18 23:34:39,2024-05-18 23:34:39,legacy/2026-05-20-pre-v2-import/data/raw/cf/delegation_history.csv
cf,pool1x8ujs98g90dchw8kvu7u8jzntdh656u376fv7rv62e84jmznsr9,1,1,212,212,2020-08-11 14:04:11,2020-08-11 14:04:11,legacy/2026-05-20-pre-v2-import/data/raw/cf/delegation_history.csv
cf,pool1xdgzul0qespnz56zzrckwf4hcryyql9ypc4tya2dlu9a22h43ag,1,1,244,244,2021-01-20 05:03:19,2021-01-20 05:03:19,legacy/2026-05-20-pre-v2-import/data/raw/cf/delegation_history.csv
cf,pool1xdwe294ntvnken52vsaar7edxpxeths4dvsm84pm4chyq70r0ny,1,1,236,236,2020-12-09 07:23:11,2020-12-09 07:23:11,legacy/2026-05-20-pre-v2-import/data/raw/cf/delegation_history.csv
cf,pool1xlfty06hg6q23qvcaxwv3p9ke7ff9n34qpr8tpxt2zflyq20ceh,1,1,539,539,2025-01-30 06:41:30,2025-01-30 06:41:30,legacy/2026-05-20-pre-v2-import/data/raw/cf/delegation_history.csv
cf,pool1xmftxwzqqkug8uzl2n2yvxhm6k0tx4rjtel92wjgvrlfk0uqy8c,1,1,212,212,2020-08-10 22:16:11,2020-08-10 22:16:11,legacy/2026-05-20-pre-v2-import/data/raw/cf/delegation_history.csv
cf,pool1xrpnsm80uy43tjsa3zlxvmdezlj34ps8y2gna3q93jp4jvzvph9,1,1,276,276,2021-06-26 21:13:32,2021-06-26 21:13:32,legacy/2026-05-20-pre-v2-import/data/raw/cf/delegation_history.csv
cf,pool1xs34q2z06a46nk7hl48d27dj5gzc6hh9trugw2ehs9ajsevqffx,1,1,514,514,2024-09-27 13:44:58,2024-09-27 13:44:58,legacy/2026-05-20-pre-v2-import/data/raw/cf/delegation_history.csv
cf,pool1xsfw7mrqpfgf9ay060ugp46m2eh3uydd35lw9ychcnsrk7mar8l,1,1,279,279,2021-07-10 18:16:53,2021-07-10 18:16:53,legacy/2026-05-20-pre-v2-import/data/raw/cf/delegation_history.csv
cf,pool1xy24e74lkxnu0cm8hp70cfdkdqfj9qm2544wtmeh6swqssq6ltt,1,1,211,211,2020-08-04 02:02:11,2020-08-04 02:02:11,legacy/2026-05-20-pre-v2-import/data/raw/cf/delegation_history.csv
cf,pool1y44fkeps7ftnnf495a7grfrwtt7hxcntaenyzu4x4vah5cud0mt,1,1,264,264,2021-04-28 10:31:06,2021-04-28 10:31:06,legacy/2026-05-20-pre-v2-import/data/raw/cf/delegation_history.csv
cf,pool1y9tz9enfcrcvpxpga3qspfxx3xclns2g74ptqxftdmgq6ghyrn0,1,1,211,211,2020-08-04 20:26:11,2020-08-04 20:26:11,legacy/2026-05-20-pre-v2-import/data/raw/cf/delegation_history.csv
cf,pool1ycn0kca2jx6tw3dy2u4ya8qjjplnp53jt68upg3c2ls5zqst96x,1,1,212,212,2020-08-13 13:30:51,2020-08-13 13:30:51,legacy/2026-05-20-pre-v2-import/data/raw/cf/delegation_history.csv
cf,pool1yd67lvc04eztwrpnefqh3g4dsydmezwgrg6ce4km728v6sg8zwf,1,2,419,421,2023-06-10 16:22:27,2023-06-20 17:29:54,legacy/2026-05-20-pre-v2-import/data/raw/cf/delegation_history.csv
cf,pool1ydmetputlff49n9ry5qjupemx3xwxdapm46je574afxdcy0907y,1,1,217,217,2020-09-04 04:37:06,2020-09-04 04:37:06,legacy/2026-05-20-pre-v2-import/data/raw/cf/delegation_history.csv
cf,pool1yechqtexl9r7esg5scwynqalmjrpd5l69wkwrrw54y0x26eljpq,1,1,247,247,2021-02-04 13:29:01,2021-02-04 13:29:01,legacy/2026-05-20-pre-v2-import/data/raw/cf/delegation_history.csv
cf,pool1yemdr25t4g3ev038yn433dt58d8p52nee7kmcykjlhye6hshu9m,1,1,534,534,2025-01-05 09:36:29,2025-01-05 09:36:29,legacy/2026-05-20-pre-v2-import/data/raw/cf/delegation_history.csv
cf,pool1ykwcqf7r8mj9fmprr9f3y62ftsrlalxm22j383gfpav76ddrc25,1,1,383,383,2022-12-15 16:13:44,2022-12-15 16:13:44,legacy/2026-05-20-pre-v2-import/data/raw/cf/delegation_history.csv
cf,pool1yl46tklt9df02cf653fv74x2klucj3fc6mhm05n3enpk7lgxfjv,1,1,430,430,2023-08-07 10:04:11,2023-08-07 10:04:11,legacy/2026-05-20-pre-v2-import/data/raw/cf/delegation_history.csv
cf,pool1ymfwzsxt35g3gdgp67yr688456km59twr78j05e87y94w04tj9m,1,1,279,279,2021-07-14 08:02:04,2021-07-14 08:02:04,legacy/2026-05-20-pre-v2-import/data/raw/cf/delegation_history.csv
cf,pool1yq8xwvf856x3nyj348ghhwegwl8ggq87gjlp6wgy9ms9xznny84,1,1,264,264,2021-04-28 10:18:41,2021-04-28 10:18:41,legacy/2026-05-20-pre-v2-import/data/raw/cf/delegation_history.csv
cf,pool1ytszp582dm9u5un6mevt9czgcnuqhflwfr9ly4ukpeqcughryqh,1,1,247,247,2021-02-03 15:08:46,2021-02-03 15:08:46,legacy/2026-05-20-pre-v2-import/data/raw/cf/delegation_history.csv
cf,pool1ywt7jqfsmxg0yplku4mtdwtm476rp72z6fns9mhevf7u72pkupj,1,1,279,279,2021-07-14 08:09:39,2021-07-14 08:09:39,legacy/2026-05-20-pre-v2-import/data/raw/cf/delegation_history.csv
cf,pool1yydna77k2j8yq4fw08d202z664g3fvavfvqjg5g4lxmwzsa9k9u,1,1,242,242,2021-01-07 15:41:31,2021-01-07 15:41:31,legacy/2026-05-20-pre-v2-import/data/raw/cf/delegation_history.csv
cf,pool1yyxu7jlq8phs9rn8z6f8487uv358n5lkv3ccg88ff30r56c7ua0,1,1,212,212,2020-08-10 23:28:51,2020-08-10 23:28:51,legacy/2026-05-20-pre-v2-import/data/raw/cf/delegation_history.csv
cf,pool1yz3fnqnsqhqpkc2tjqn4dkws8nnr8a5kcs50g780nh0wk8tgnp2,1,1,212,212,2020-08-13 21:14:51,2020-08-13 21:14:51,legacy/2026-05-20-pre-v2-import/data/raw/cf/delegation_history.csv
cf,pool1z2chgkz58c7dssm2a37kesr4m645pd7eqp4m94c9u87rs8ek2mc,1,1,302,302,2021-11-04 16:47:11,2021-11-04 16:47:11,legacy/2026-05-20-pre-v2-import/data/raw/cf/delegation_history.csv
cf,pool1z2m3n779dyqjat2m8a5vl94nrl43xm2tlk8dtey6txggx0a6fyp,1,1,352,352,2022-07-11 07:12:42,2022-07-11 07:12:42,legacy/2026-05-20-pre-v2-import/data/raw/cf/delegation_history.csv
cf,pool1z5rt6kn6yvuczj44qla73mfyln9l55lw0jkz6x4kjw00u32zec3,1,1,422,422,2023-06-25 11:26:41,2023-06-25 11:26:41,legacy/2026-05-20-pre-v2-import/data/raw/cf/delegation_history.csv
cf,pool1z693lvvpt87rkyn0j6gfy36zlnaw9m9djnsn6a4gy3822vykzau,1,1,262,262,2021-04-20 15:21:26,2021-04-20 15:21:26,legacy/2026-05-20-pre-v2-import/data/raw/cf/delegation_history.csv
cf,pool1z89dx8u42f4cvujvsjupsg50cfgqhjjuaxegvj59h9q9scra5fy,1,1,298,298,2021-10-13 11:43:42,2021-10-13 11:43:42,legacy/2026-05-20-pre-v2-import/data/raw/cf/delegation_history.csv
cf,pool1zfd4yr2m6tsvtasg2dfkt6knesrl86dky4w6dqkgtjzuwxc3zaw,1,1,259,259,2021-04-05 15:04:32,2021-04-05 15:04:32,legacy/2026-05-20-pre-v2-import/data/raw/cf/delegation_history.csv
cf,pool1zfhww5y28t303z6uyq3w47pkhfmxww9dsn89vrxteplg2zjkekl,1,1,257,257,2021-03-23 20:51:01,2021-03-23 20:51:01,legacy/2026-05-20-pre-v2-import/data/raw/cf/delegation_history.csv
cf,pool1zga7fc8swn5l4rha04ddq07m2rc8rh9vxqmc56j4k2l2xy4lw22,1,1,461,461,2024-01-07 15:19:14,2024-01-07 15:19:14,legacy/2026-05-20-pre-v2-import/data/raw/cf/delegation_history.csv
cf,pool1zkdaju2rjefa52uh6yh6etsxla0x6aqs6p6wm245y5szk7k3msd,1,1,384,384,2022-12-18 12:41:13,2022-12-18 12:41:13,legacy/2026-05-20-pre-v2-import/data/raw/cf/delegation_history.csv
cf,pool1zktg0pgr7ay650mvxdvru85cegjqa7vy589heud0565pg6hxhq9,1,1,294,294,2021-09-27 06:35:12,2021-09-27 06:35:12,legacy/2026-05-20-pre-v2-import/data/raw/cf/delegation_history.csv
cf,pool1zmtm8yef7725p9n7x433m50kvv9xpzjujnny9m5t960g5qm30ua,1,1,353,353,2022-07-18 19:47:23,2022-07-18 19:47:23,legacy/2026-05-20-pre-v2-import/data/raw/cf/delegation_history.csv
cf,pool1zrkwh7cmhvx3zvkyr9f0nhnpxscaflhky6edaqzsux5qkj7r5v6,1,1,433,433,2023-08-22 14:50:46,2023-08-22 14:50:46,legacy/2026-05-20-pre-v2-import/data/raw/cf/delegation_history.csv
cf,pool1zsyqzr04g5pr3nv7vfk8ldc3uf0xljc8yftdsqpxxqpychpxj65,1,1,210,210,2020-07-30 06:39:11,2020-07-30 06:39:11,legacy/2026-05-20-pre-v2-import/data/raw/cf/delegation_history.csv
cf,pool1zug38qs8r3ggmzqnqmyxkz34zy3gc9uw3pn59g5gfjwcxdskxjf,1,1,231,231,2020-11-14 15:18:54,2020-11-14 15:18:54,legacy/2026-05-20-pre-v2-import/data/raw/cf/delegation_history.csv
cf,pool1zwqrrwpr5zx7c3f4ukpu4r4fz5c2hkwx9vwqka5068urgqvpjzr,1,1,393,393,2023-01-31 15:22:46,2023-01-31 15:22:46,legacy/2026-05-20-pre-v2-import/data/raw/cf/delegation_history.csv
emurgo,pool1ng3vqzrhn3z45yjdscv3q37n26g2pj3vp99rfkgv6225y8lqg8j,364,409,252,572,2021-02-25 12:36:26,2025-07-18 02:02:14,legacy/2026-05-20-pre-v2-import/data/raw/emurgo/delegation_history.csv
emurgo,pool1uj4u73qgtprqre78q75fq2vkcrpfrcdreqcqkvn6u0m2k6nk2yp,180,200,248,353,2021-02-09 10:22:58,2022-07-17 11:12:06,legacy/2026-05-20-pre-v2-import/data/raw/emurgo/delegation_history.csv
emurgo,pool1xmsdhync6k6grkkj7tuycskjpseykpr24luhlazl5nsngsy87gm,151,169,255,475,2021-03-12 18:01:05,2024-03-19 02:42:45,legacy/2026-05-20-pre-v2-import/data/raw/emurgo/delegation_history.csv
emurgo,pool1zgxvcqf0dvh0ze56ev2ayjvuex3zdd3hgxzdrcezkx497mv3l7s,150,169,244,556,2021-01-18 16:28:11,2025-04-27 07:28:09,legacy/2026-05-20-pre-v2-import/data/raw/emurgo/delegation_history.csv
emurgo,pool13annzt9hjfc822f0ejvxjf7fsmxd6cc28whpk5kagec6ggfmm7u,144,203,248,404,2021-02-07 19:40:18,2023-03-27 10:28:02,legacy/2026-05-20-pre-v2-import/data/raw/emurgo/delegation_history.csv
emurgo,pool1g3ssnndd8e7lcmstkjl9ane9mup0eshv3aklg63u5tznwl4ch87,140,162,239,397,2020-12-26 02:11:39,2023-02-22 20:47:31,legacy/2026-05-20-pre-v2-import/data/raw/emurgo/delegation_history.csv
emurgo,pool16agnvfan65ypnswgg6rml52lqtcqe5guxltexkn82sqgj2crqtx,123,136,240,557,2020-12-27 22:43:48,2025-05-02 20:47:31,legacy/2026-05-20-pre-v2-import/data/raw/emurgo/delegation_history.csv
emurgo,pool1ywpt43nttzjd7883wafg255mh0hmjypwe65ercw6p2sxg5lt7ez,119,128,257,617,2021-03-22 16:02:52,2026-02-24 10:06:04,legacy/2026-05-20-pre-v2-import/data/raw/emurgo/delegation_history.csv
emurgo,pool1ynxx88cq0y8vg8yrq3jrw6epm7rq9a8859v34sq9lzjy7ztg90u,116,127,235,606,2020-12-02 06:48:42,2026-01-02 17:05:17,legacy/2026-05-20-pre-v2-import/data/raw/emurgo/delegation_history.csv
emurgo,pool15wkxegrfflzcyhurrjxsm9ljqtz09xr5rtnqsarnp7hmsz5um3t,106,204,232,542,2020-11-20 18:04:14,2025-02-15 20:40:25,legacy/2026-05-20-pre-v2-import/data/raw/emurgo/delegation_history.csv
emurgo,pool14enw2643rn9nn6yzv60jyz3hj4kxs0jvap87lkgsqykh508jxm6,95,142,237,528,2020-12-16 18:47:46,2024-12-06 18:13:42,legacy/2026-05-20-pre-v2-import/data/raw/emurgo/delegation_history.csv
emurgo,pool1jst7rrhucnp93hepezv5yqy6fx982xs2v0udwfc5ea6my3kfak7,94,106,234,523,2020-11-30 23:41:31,2024-11-12 11:11:07,legacy/2026-05-20-pre-v2-import/data/raw/emurgo/delegation_history.csv
emurgo,pool1lurfk0k0wwx54hlg8a7zp3jtstu57u59aeq7aketl55hknmmtu0,94,105,210,590,2020-07-30 09:27:11,2025-10-14 22:30:19,legacy/2026-05-20-pre-v2-import/data/raw/emurgo/delegation_history.csv
emurgo,pool16kus5xvdysgmtjp0hhlwt72tsm0yn2zcn0a8wg9emc6c75lxvmc,90,97,221,458,2020-09-26 04:47:46,2023-12-23 16:06:48,legacy/2026-05-20-pre-v2-import/data/raw/emurgo/delegation_history.csv
emurgo,pool1s6se64qce5rjjjhh6ufcdnc54p8qg78mlhjm38lymx99sqysvzx,88,93,230,602,2020-11-10 11:01:31,2025-12-11 12:07:40,legacy/2026-05-20-pre-v2-import/data/raw/emurgo/delegation_history.csv
emurgo,pool1gtphgrdj8sluxm9e7ca2spcwcq2p0dxj9zf5v0yv3gsagzq704n,86,93,210,529,2020-07-30 03:44:51,2024-12-13 17:51:20,legacy/2026-05-20-pre-v2-import/data/raw/emurgo/delegation_history.csv
emurgo,pool12z39rkzfylvn9wfe8j6x9ucq6g2l4mw4azj70y0gd8ejczznyj3,83,86,249,489,2021-02-12 11:35:50,2024-05-28 16:28:49,legacy/2026-05-20-pre-v2-import/data/raw/emurgo/delegation_history.csv
emurgo,pool1ekcsyzwexl7p2kwxxh34hy28l6772vrmff7jwmuxsa6u6fzty9z,81,94,211,620,2020-08-06 23:46:31,2026-03-12 18:25:11,legacy/2026-05-20-pre-v2-import/data/raw/emurgo/delegation_history.csv
emurgo,pool14skj6e4rpjanzclx3fc880xnl8xafgg63tmw93t9xspvwx985qu,78,84,229,623,2020-11-06 10:58:22,2026-03-27 15:41:37,legacy/2026-05-20-pre-v2-import/data/raw/emurgo/delegation_history.csv
emurgo,pool12l453n0jtxqq88cgwgr67z06ldyhqqvwxgkn0sgungjfvhtp2el,75,86,231,503,2020-11-13 16:47:27,2024-08-06 14:15:54,legacy/2026-05-20-pre-v2-import/data/raw/emurgo/delegation_history.csv
emurgo,pool1x0qm7xsyh2za3ltprxsgael544je4hg8tc3q3v5gv232z8jt4wp,74,86,212,502,2020-08-12 18:40:11,2024-07-29 19:51:13,legacy/2026-05-20-pre-v2-import/data/raw/emurgo/delegation_history.csv
emurgo,pool1xytvsd9qnvqxpthh9p8k85e823trvn3npxeur8kr9zhkqz5uls9,73,79,235,469,2020-12-02 07:36:04,2024-02-17 08:54:42,legacy/2026-05-20-pre-v2-import/data/raw/emurgo/delegation_history.csv
emurgo,pool1zmfpd5r5vfwjmwm4cgy53exe58h7plnecny3t4948yw7zumzp4c,72,88,244,332,2021-01-16 06:27:15,2022-04-01 03:15:21,legacy/2026-05-20-pre-v2-import/data/raw/emurgo/delegation_history.csv
emurgo,pool1vx9tzlkgafernd9vpjpxkenutx2gncj4yn88fpq69823qlwcqrt,70,76,210,618,2020-07-29 22:24:51,2026-03-02 16:07:24,legacy/2026-05-20-pre-v2-import/data/raw/emurgo/delegation_history.csv
emurgo,pool1qfxukshs4fkcrflzdnxa2fdza5lfvew3y6echg8ckaa4q8m5hyf,67,72,236,442,2020-12-11 01:08:58,2023-10-07 17:01:10,legacy/2026-05-20-pre-v2-import/data/raw/emurgo/delegation_history.csv
emurgo,pool1jeu74g86ys4fekhykqcww99kdsq3nlym8a6kfw8s8ff3vskad70,65,78,210,397,2020-08-03 01:57:31,2023-02-23 12:24:42,legacy/2026-05-20-pre-v2-import/data/raw/emurgo/delegation_history.csv
emurgo,pool15yyxtkhz64p7a8cnax9l7u82s9t9hdhyxsa3tdm977qhgpnsuhq,64,70,210,523,2020-08-01 12:51:31,2024-11-13 20:41:21,legacy/2026-05-20-pre-v2-import/data/raw/emurgo/delegation_history.csv
emurgo,pool1xxhs2zw5xa4g54d5p62j46nlqzwp8jklqvuv2agjlapwjx9qkg9,62,69,210,346,2020-07-29 23:18:51,2022-06-12 11:44:37,legacy/2026-05-20-pre-v2-import/data/raw/emurgo/delegation_history.csv
emurgo,pool108zdflss3ayqlm5c7vr6mtqj2uwl99vk28ur8dv4zswdzt6yauc,61,68,210,543,2020-07-30 04:58:31,2025-02-19 05:10:30,legacy/2026-05-20-pre-v2-import/data/raw/emurgo/delegation_history.csv
emurgo,pool173mzegwuu0pjcrt60ekelzj5haqr8r5e4e0n45qh9jdz7xm5kh8,61,72,210,579,2020-07-30 02:32:31,2025-08-18 01:40:01,legacy/2026-05-20-pre-v2-import/data/raw/emurgo/delegation_history.csv
emurgo,pool1a2nh3ktswllhwf07fjahpdg5mpqyq7j950pyftq9765r6t4cefl,61,66,210,550,2020-07-30 16:54:51,2025-03-26 02:57:35,legacy/2026-05-20-pre-v2-import/data/raw/emurgo/delegation_history.csv
emurgo,pool12vs4c3cm0tr49c7alrevfs0xa5g3s4al4fn46h33e69uusat04v,60,69,210,318,2020-07-31 01:59:31,2022-01-25 04:47:07,legacy/2026-05-20-pre-v2-import/data/raw/emurgo/delegation_history.csv
emurgo,pool16hs0jxw7h6pwg3ru7rcq3yvg4csj7lhmcpj68kqem2sh5nt8mwk,60,108,237,527,2020-12-14 04:41:43,2024-12-04 15:46:58,legacy/2026-05-20-pre-v2-import/data/raw/emurgo/delegation_history.csv
emurgo,pool1qqqqqdk4zhsjuxxd8jyvwncf5eucfskz0xjjj64fdmlgj735lr9,58,66,210,511,2020-07-29 22:57:31,2024-09-14 15:20:02,legacy/2026-05-20-pre-v2-import/data/raw/emurgo/delegation_history.csv
emurgo,pool1m62sl6rauje9cknrkhwl39tc4hujudkd7gp478dpz7tagmjr8wm,57,60,213,435,2020-08-16 11:54:28,2023-08-31 23:38:08,legacy/2026-05-20-pre-v2-import/data/raw/emurgo/delegation_history.csv
emurgo,pool10akpqvczl93ep4rc59c0aqyn3dm0env2ydysuwmdm670wl24pd8,56,62,230,488,2020-11-06 23:23:12,2024-05-20 01:00:23,legacy/2026-05-20-pre-v2-import/data/raw/emurgo/delegation_history.csv
emurgo,pool1qa6lqyu67ghpa0evxfu9nzqkj3h82qpfku82ec79zdwru4pd25m,56,64,225,536,2020-10-15 07:21:00,2025-01-18 03:53:03,legacy/2026-05-20-pre-v2-import/data/raw/emurgo/delegation_history.csv
emurgo,pool1vquhv3kh6xkklckaenl8alyuhfsld57ef5573aqauueyqacx4ak,56,67,210,585,2020-07-30 10:02:51,2025-09-18 21:26:36,legacy/2026-05-20-pre-v2-import/data/raw/emurgo/delegation_history.csv
emurgo,pool1rpjjz68kmmetyxztmrstrwgz8lxf6v0d7vqgw98r5x8rc50jrdf,55,68,242,330,2021-01-06 00:41:56,2022-03-24 02:21:49,legacy/2026-05-20-pre-v2-import/data/raw/emurgo/delegation_history.csv
emurgo,pool1xlphlhnjvfeh40vcqf9fdewztsj6kyxq6604kaccpv00umjfu0d,55,57,248,358,2021-02-04 22:03:01,2022-08-12 08:26:11,legacy/2026-05-20-pre-v2-import/data/raw/emurgo/delegation_history.csv
emurgo,pool19asxjgd6ah9ddzauwede4wpt9vsp6s4ax5nz297wt47evc9sn7z,54,62,233,524,2020-11-23 14:03:38,2024-11-18 00:55:20,legacy/2026-05-20-pre-v2-import/data/raw/emurgo/delegation_history.csv
emurgo,pool18vej0s9gska8c847aj95g9v24duuxg2g63d5cuqngnxew643jw9,53,61,249,529,2021-02-10 09:18:11,2024-12-11 11:37:57,legacy/2026-05-20-pre-v2-import/data/raw/emurgo/delegation_history.csv
emurgo,pool14zdcvdec8qmqzsat5wg3a2h9f0u5yzrgjew534z8u3gs5durnjz,52,56,252,332,2021-02-27 23:01:11,2022-04-04 21:53:09,legacy/2026-05-20-pre-v2-import/data/raw/emurgo/delegation_history.csv
emurgo,pool1gclysx2h7fndj0jdajlmwvqr8q9tzu3rurjknacu0ff954fsg9a,52,66,210,521,2020-07-30 09:52:11,2024-11-04 18:24:21,legacy/2026-05-20-pre-v2-import/data/raw/emurgo/delegation_history.csv
emurgo,pool1w7c2j0px43jmudhf48ezp7dy8j7904c9l3wc7809lhh2z026hch,52,58,215,570,2020-08-25 13:05:57,2025-07-04 00:38:10,legacy/2026-05-20-pre-v2-import/data/raw/emurgo/delegation_history.csv
emurgo,pool12t3zmafwjqms7cuun86uwc8se4na07r3e5xswe86u37djr5f0lx,51,59,234,596,2020-11-29 17:59:01,2025-11-14 09:17:33,legacy/2026-05-20-pre-v2-import/data/raw/emurgo/delegation_history.csv
emurgo,pool195gdnmj6smzuakm4etxsxw3fgh8asqc4awtcskpyfnkpcvh2v8t,50,50,216,326,2020-08-31 15:42:18,2022-03-02 19:50:44,legacy/2026-05-20-pre-v2-import/data/raw/emurgo/delegation_history.csv
emurgo,pool1lhz4gsk5ezdl5s4mv2kxgrkhzzhad6me2v0xmwuyt845vensdlc,48,59,229,603,2020-11-03 06:55:26,2025-12-18 21:42:02,legacy/2026-05-20-pre-v2-import/data/raw/emurgo/delegation_history.csv
emurgo,pool17ahr5ygy48vpdfnatqn2z4wfu2te4quapk2yx3k50ce6kd7feg0,47,51,210,621,2020-08-01 22:22:31,2026-03-19 19:30:09,legacy/2026-05-20-pre-v2-import/data/raw/emurgo/delegation_history.csv
emurgo,pool1nhlv5z2lsptzgcp9ype0mppc7zyndm66ypm4sw5hy27ewdchqx0,47,56,233,505,2020-11-21 22:14:06,2024-08-13 11:31:54,legacy/2026-05-20-pre-v2-import/data/raw/emurgo/delegation_history.csv
emurgo,pool1pshqcksxywy68lt04lw6uf35f4yssekh5dx2mxqmyrukke2z5y3,46,52,210,353,2020-07-31 10:42:11,2022-07-17 10:03:14,legacy/2026-05-20-pre-v2-import/data/raw/emurgo/delegation_history.csv
emurgo,pool1pnzwgsgzd6t4788sfr7dxjyusepyq9xaxnpyfcngewqf29t9ayd,45,70,216,336,2020-08-31 23:07:28,2022-04-21 09:58:19,legacy/2026-05-20-pre-v2-import/data/raw/emurgo/delegation_history.csv
emurgo,pool17rjst78s67lvellg8s586rf076jxa3wnsdz730f4xk2zwuhrtej,44,46,247,600,2021-02-04 11:42:59,2025-12-03 18:44:22,legacy/2026-05-20-pre-v2-import/data/raw/emurgo/delegation_history.csv
emurgo,pool1rjxdqghfjw5rv6lxg8qhedkechvfgnsqhl8rrzwck9g45n43yql,44,61,268,483,2021-05-17 19:04:02,2024-04-25 21:43:58,legacy/2026-05-20-pre-v2-import/data/raw/emurgo/delegation_history.csv
emurgo,pool1sjwdmeme5zs042jzwmdvxshhv27kepxke0mr02f2yzacsyd4wtu,44,52,255,440,2021-03-12 20:51:41,2023-09-27 04:21:20,legacy/2026-05-20-pre-v2-import/data/raw/emurgo/delegation_history.csv
emurgo,pool1hntu7agmt8u5j9c20ejen7dvq0jfkvkpnul3mrdd8tppqvwfvt2,43,46,210,538,2020-08-02 23:44:51,2025-01-28 21:59:04,legacy/2026-05-20-pre-v2-import/data/raw/emurgo/delegation_history.csv
emurgo,pool1pp7tn2w6ken4rpfcjwcdup3g4m5gcdhc9lgvrm3mnxz5stmrhq2,43,53,212,589,2020-08-13 19:43:51,2025-10-09 11:54:39,legacy/2026-05-20-pre-v2-import/data/raw/emurgo/delegation_history.csv
emurgo,pool1qqqqdktl6pq46td0mwut0qn30g7nlue0sete9wxl0hwsq37wrw8,43,54,217,552,2020-09-07 07:15:01,2025-04-09 11:30:41,legacy/2026-05-20-pre-v2-import/data/raw/emurgo/delegation_history.csv
emurgo,pool1qqqyv9pn9typyqwcxqk5ewpxy5p27g5j2ms58hpp2c2kuzs5z77,43,44,210,610,2020-08-01 02:32:31,2026-01-22 07:13:41,legacy/2026-05-20-pre-v2-import/data/raw/emurgo/delegation_history.csv
emurgo,pool1rvng7n968748udkc5rxy4h9zp9hms4s3jsfwuues76ft28uc056,43,47,210,528,2020-07-30 02:19:51,2024-12-07 23:26:24,legacy/2026-05-20-pre-v2-import/data/raw/emurgo/delegation_history.csv
emurgo,pool1xjhzgchsl2ccvc5pj3aqytv9hh0jnaz63wtfnw4th07tjypm46x,42,50,238,589,2020-12-17 22:07:44,2025-10-11 13:51:07,legacy/2026-05-20-pre-v2-import/data/raw/emurgo/delegation_history.csv
emurgo,pool103455uc7a3477q8pdmzvny884qtlv9vhm2csxvqx2cadwuk36sq,41,57,231,569,2020-11-15 20:01:40,2025-06-29 15:02:05,legacy/2026-05-20-pre-v2-import/data/raw/emurgo/delegation_history.csv
emurgo,pool1gppqnqfguctp6gu0q8l5wjhye0ny28yzfx93hkr384cfsezru0f,41,47,230,340,2020-11-11 13:45:15,2022-05-13 19:59:09,legacy/2026-05-20-pre-v2-import/data/raw/emurgo/delegation_history.csv
emurgo,pool1grgycym8cf0xmgjjr7gx7udmkpu93hqaygysy5myx6ghx8dvl5r,40,52,252,364,2021-02-26 12:30:10,2022-09-08 02:37:32,legacy/2026-05-20-pre-v2-import/data/raw/emurgo/delegation_history.csv
emurgo,pool1nudasuv0lljpe0tswcverqvlh0v4226vgnpsuxn0e9nkvnvcvne,40,43,210,549,2020-08-01 09:34:11,2025-03-22 17:07:34,legacy/2026-05-20-pre-v2-import/data/raw/emurgo/delegation_history.csv
emurgo,pool16fyda57p3c8gp5r6gmcq5tvqsp6mnzwvkxswgznkuh8wztrp6vv,39,43,210,438,2020-07-30 05:31:51,2023-09-13 08:38:28,legacy/2026-05-20-pre-v2-import/data/raw/emurgo/delegation_history.csv
emurgo,pool1u99x2rr6trfznwakv0959llmxmtgc2nvanc067uugl3ejuvvnc8,39,41,274,326,2021-06-14 22:45:22,2022-03-02 05:29:38,legacy/2026-05-20-pre-v2-import/data/raw/emurgo/delegation_history.csv
emurgo,pool1uk2f28awascuhrhuwrp7x6y87x8ch33vwx8jtmrysp7l5ngq78j,39,46,227,314,2020-10-27 16:47:49,2021-12-31 22:58:40,legacy/2026-05-20-pre-v2-import/data/raw/emurgo/delegation_history.csv
emurgo,pool1dxwgzj66pual956mnv9delkelg873yvgr2dd8s279m0hxqvr475,38,44,213,499,2020-08-15 15:57:48,2024-07-17 18:47:04,legacy/2026-05-20-pre-v2-import/data/raw/emurgo/delegation_history.csv
emurgo,pool1fys325gzr7kpcjclyy93sx97nm2y4n8raj3830cyez5pqagkfcg,38,41,277,304,2021-07-01 12:34:09,2021-11-15 11:15:25,legacy/2026-05-20-pre-v2-import/data/raw/emurgo/delegation_history.csv
emurgo,pool1u7mqtde27swkarngjsn5mmw3sy20zavlafgqkmg8qv2n2nwga0l,38,43,218,326,2020-09-08 13:55:44,2022-03-02 22:23:54,legacy/2026-05-20-pre-v2-import/data/raw/emurgo/delegation_history.csv
emurgo,pool1uhy50u9y76nd6z2xmzt3mta0yc7g3gdssef8lheyyg7zzymgzm8,38,46,250,327,2021-02-15 19:32:53,2022-03-10 21:21:17,legacy/2026-05-20-pre-v2-import/data/raw/emurgo/delegation_history.csv
emurgo,pool106p2jjwuwagq2as7cdzx4y6cyc2pdj7a3h3vv5cvkvnskegff3w,37,37,212,445,2020-08-13 16:29:51,2023-10-19 20:00:50,legacy/2026-05-20-pre-v2-import/data/raw/emurgo/delegation_history.csv
emurgo,pool17xextu09ghdfcmsq83whq0a45geg83jxe4qt94sevu087tzdzkl,37,39,210,501,2020-07-31 09:52:11,2024-07-24 13:41:17,legacy/2026-05-20-pre-v2-import/data/raw/emurgo/delegation_history.csv
emurgo,pool1aqg6fvhcaulvss2ruvpx6ur9vj7pejvdcxv6xp0qlwuwx94evf0,37,48,210,535,2020-08-01 23:55:31,2025-01-11 11:07:51,legacy/2026-05-20-pre-v2-import/data/raw/emurgo/delegation_history.csv
emurgo,pool1ekhy5xsgjaq38em75vevk8df0k0rljju77tljw288ys5kumqce5,37,38,210,388,2020-07-30 03:02:31,2023-01-09 02:35:19,legacy/2026-05-20-pre-v2-import/data/raw/emurgo/delegation_history.csv
emurgo,pool1qwa8x4u4a2pff0xdv0haxpgk3tyrvl5adl2lpf3ztcftqruhea0,37,39,226,449,2020-10-18 14:37:56,2023-11-10 05:29:00,legacy/2026-05-20-pre-v2-import/data/raw/emurgo/delegation_history.csv
emurgo,pool1ukeqarukv9gxwy9pt8jkr4qvad2yf87758g3xzemmvmtk8lrynp,37,42,210,472,2020-08-01 13:26:51,2024-03-01 07:15:02,legacy/2026-05-20-pre-v2-import/data/raw/emurgo/delegation_history.csv
emurgo,pool128r8qqgl9zgy3ff4759a2qslyauu5takaec3nxx4a6mvj3ys8da,36,48,240,314,2020-12-30 08:13:58,2022-01-03 20:11:12,legacy/2026-05-20-pre-v2-import/data/raw/emurgo/delegation_history.csv
emurgo,pool19w5khsnmu27au0kprw0kjm8jr7knneysj7lfkqvnu66hyz0jxsx,36,41,231,387,2020-11-12 08:39:55,2023-01-01 21:45:41,legacy/2026-05-20-pre-v2-import/data/raw/emurgo/delegation_history.csv
emurgo,pool1ljywsch33t7gaf02aeeqkqpuku0ngpwl9fm04t7u5sl5xyunmgp,36,43,214,527,2020-08-19 15:02:46,2024-12-05 18:59:16,legacy/2026-05-20-pre-v2-import/data/raw/emurgo/delegation_history.csv
emurgo,pool1qqqqpanw9zc0rzh0yp247nzf2s35uvnsm7aaesfl2nnejaev0uc,36,43,210,598,2020-07-31 06:57:31,2025-11-25 01:09:22,legacy/2026-05-20-pre-v2-import/data/raw/emurgo/delegation_history.csv
emurgo,pool15zrkyr0f80hxlt4scv72tej8l8zwrcphmrega9wutqchjekceal,35,37,211,617,2020-08-08 15:46:51,2026-02-26 02:30:45,legacy/2026-05-20-pre-v2-import/data/raw/emurgo/delegation_history.csv
emurgo,pool1c7jrfce3zxkk9s9enzpvwj8fuayvx3pdzc2k2es6mrw6gsfcjep,35,38,247,498,2021-02-01 10:55:39,2024-07-12 11:20:17,legacy/2026-05-20-pre-v2-import/data/raw/emurgo/delegation_history.csv
emurgo,pool1caulv7s08g0jnptzdc69qycptacu7fzahny2epzh7sh9vhqz6xz,35,42,243,492,2021-01-10 22:33:48,2024-06-09 23:28:51,legacy/2026-05-20-pre-v2-import/data/raw/emurgo/delegation_history.csv
emurgo,pool1qqvukkkfr3ux4qylfkrky23f6trl2l6xjluv36z90ax7gfa8yxt,35,36,210,398,2020-07-30 12:51:11,2023-02-27 15:40:16,legacy/2026-05-20-pre-v2-import/data/raw/emurgo/delegation_history.csv
emurgo,pool1wf7wk3802jxtkmek6uprm77cgqx53t4qep9kwkl078w3yw0ff69,35,41,236,526,2020-12-08 04:12:58,2024-11-29 17:40:16,legacy/2026-05-20-pre-v2-import/data/raw/emurgo/delegation_history.csv
emurgo,pool138m7hevnvp664cmtralju857t5k7e4frpnaevtgpuykggr50kne,34,34,261,317,2021-04-13 09:47:40,2022-01-19 01:26:07,legacy/2026-05-20-pre-v2-import/data/raw/emurgo/delegation_history.csv
emurgo,pool16ajaae2n5lsyr4f9k9uz5y8tpf0996tw640dzu7chwp2wdrnz6a,34,40,259,613,2021-03-31 23:59:18,2026-02-04 12:02:25,legacy/2026-05-20-pre-v2-import/data/raw/emurgo/delegation_history.csv
emurgo,pool1a4qtpgce7cu6wzc79fx7qrc3938hkl2gf8c2h5jugvm2gnu86l7,34,38,253,498,2021-03-03 20:25:45,2024-07-13 16:43:41,legacy/2026-05-20-pre-v2-import/data/raw/emurgo/delegation_history.csv
emurgo,pool1druxd2syfrvqvepxh60fz0qhralcesruphh5atujuh0jktjy0ma,34,42,235,309,2020-12-01 22:00:38,2021-12-08 17:29:08,legacy/2026-05-20-pre-v2-import/data/raw/emurgo/delegation_history.csv
emurgo,pool1psk0c2p7pwactw00nkzjexdw0msn7g8nddc06eyvds6yswr3tjg,34,36,271,347,2021-06-02 15:38:15,2022-06-16 23:38:02,legacy/2026-05-20-pre-v2-import/data/raw/emurgo/delegation_history.csv
emurgo,pool1urgvu6zk422j4xwtxa45lzpd6dm25msfthpkezr042secrtuwzc,34,36,263,493,2021-04-23 23:52:34,2024-06-14 05:12:05,legacy/2026-05-20-pre-v2-import/data/raw/emurgo/delegation_history.csv
emurgo,pool1yc6f3cqsc7jfh07hcns64v5cp8720mve870pgxf2wkr3u8l7tse,34,39,242,582,2021-01-06 19:32:41,2025-09-05 15:49:12,legacy/2026-05-20-pre-v2-import/data/raw/emurgo/delegation_history.csv
emurgo,pool1z7n2ruhmxmv77f6cqhd3wsy6774h2wuay77agxuf2y9mj8q55vw,34,41,210,521,2020-07-30 00:48:51,2024-11-03 08:37:39,legacy/2026-05-20-pre-v2-import/data/raw/emurgo/delegation_history.csv
emurgo,pool1zz7x8ergn02chznayj9fjds2gk5q6prmpdr49faspd65kzqsrjs,34,38,212,448,2020-08-10 19:14:51,2023-11-02 02:03:17,legacy/2026-05-20-pre-v2-import/data/raw/emurgo/delegation_history.csv
emurgo,pool1ell3xjtspzzz4vtsatscan6rheltf7j3hh2s8qsam2h3jvcxzm9,33,35,210,278,2020-07-30 11:06:51,2021-07-04 23:00:14,legacy/2026-05-20-pre-v2-import/data/raw/emurgo/delegation_history.csv
emurgo,pool1lhgjma5lejn65er7lxfsqxa0lgcv9r9wrntse9wjm834qp89chh,33,38,251,262,2021-02-23 04:10:11,2021-04-16 13:21:48,legacy/2026-05-20-pre-v2-import/data/raw/emurgo/delegation_history.csv
emurgo,pool1qnrqc7zpwye2r9wtkayh2dryvfqs7unp99f2039duljrsaffq5c,33,221,210,469,2020-07-31 15:04:31,2024-02-18 09:44:33,legacy/2026-05-20-pre-v2-import/data/raw/emurgo/delegation_history.csv
emurgo,pool14zdqqv73f9xa9re9pzc4sjvgmycf0dm4zclj34zupj032ggnjdw,32,35,300,337,2021-10-26 11:58:02,2022-04-26 10:34:34,legacy/2026-05-20-pre-v2-import/data/raw/emurgo/delegation_history.csv
emurgo,pool1ecvcst7k9eul4ggnljh0jw2s5nc2tyfmyzsx3xg3kmmz6ptgfwj,32,36,211,556,2020-08-06 05:52:11,2025-04-28 00:39:22,legacy/2026-05-20-pre-v2-import/data/raw/emurgo/delegation_history.csv
emurgo,pool1k0ucs0fau2vhr3p7qh7mnpfgrllwwda7petxjz2gzzaxkyp8f88,32,34,234,615,2020-11-28 18:26:17,2026-02-14 14:09:19,legacy/2026-05-20-pre-v2-import/data/raw/emurgo/delegation_history.csv
emurgo,pool1k0xa8wlsntmjhtw2shj3tspqd4kjyquw9tuyx5s7zz5jsyw4y2p,32,33,233,306,2020-11-25 18:33:06,2021-11-23 09:03:40,legacy/2026-05-20-pre-v2-import/data/raw/emurgo/delegation_history.csv
emurgo,pool1mut4phum9hegtl8m2r68gpjh5x8w8t6zwf75zrphhp3qwwrrpgt,32,39,212,489,2020-08-11 10:03:51,2024-05-29 19:50:06,legacy/2026-05-20-pre-v2-import/data/raw/emurgo/delegation_history.csv
emurgo,pool1z5uqdk7dzdxaae5633fqfcu2eqzy3a3rgtuvy087fdld7yws0xt,32,34,210,528,2020-07-29 22:30:11,2024-12-06 02:54:47,legacy/2026-05-20-pre-v2-import/data/raw/emurgo/delegation_history.csv
emurgo,pool1ddg6t2h9kj6lqlec4ncjs945lzj43m3ggrgdhf5sgzhtygpkznz,31,32,210,432,2020-08-02 18:07:11,2023-08-15 21:14:51,legacy/2026-05-20-pre-v2-import/data/raw/emurgo/delegation_history.csv
emurgo,pool1ddgcpgjcyawxw95se9x8qnc8gxgwjr4fqrk4vk6v9x47s0ggpjp,31,33,211,270,2020-08-08 04:00:11,2021-05-30 20:21:47,legacy/2026-05-20-pre-v2-import/data/raw/emurgo/delegation_history.csv
emurgo,pool1eqa7kxx4xg35cu4rqj4exkvzhenscgh8wxez0gl7hsagygp79kr,31,32,268,520,2021-05-16 16:03:05,2024-10-31 17:41:34,legacy/2026-05-20-pre-v2-import/data/raw/emurgo/delegation_history.csv
emurgo,pool1vnsfv2qpt5gxte9prupjey8kw7ap7t6c8lc02ks4s3gtqplhgd3,31,34,210,333,2020-07-30 23:45:51,2022-04-08 02:34:49,legacy/2026-05-20-pre-v2-import/data/raw/emurgo/delegation_history.csv
emurgo,pool1yt868wrp9s2x5pehe96del9m3nwasme62yw02vww3kg6zwzspcz,30,41,282,407,2021-07-27 18:11:38,2023-04-12 20:10:32,legacy/2026-05-20-pre-v2-import/data/raw/emurgo/delegation_history.csv
emurgo,pool1calq8kjzrvp83l80rtvgmulausl99q4tjfkz2lp227vkymd5wgg,29,33,249,268,2021-02-10 08:59:44,2021-05-16 02:42:53,legacy/2026-05-20-pre-v2-import/data/raw/emurgo/delegation_history.csv
emurgo,pool1g5gmej3cj67td4pmvmacnls8nuq0gjld2pwfeg3jwpxujdx6lmu,29,31,210,418,2020-07-30 03:39:51,2023-06-09 14:02:45,legacy/2026-05-20-pre-v2-import/data/raw/emurgo/delegation_history.csv
emurgo,pool1jdhjfcu34lq88rypdtslzwyf27uh0h3apcr9mjd68zhc69r29fy,29,114,232,557,2020-11-17 07:11:31,2025-05-03 14:05:11,legacy/2026-05-20-pre-v2-import/data/raw/emurgo/delegation_history.csv
emurgo,pool1tdsrw0n33gmy0mzh7cgtn9p0jy5xwjxaa2s26gn2ewf8kg4nrzx,29,33,231,561,2020-11-15 00:31:04,2025-05-21 14:02:56,legacy/2026-05-20-pre-v2-import/data/raw/emurgo/delegation_history.csv
emurgo,pool1uyvyxt9k9g038h567x8halej4x87j7m4r4zyz9lhv4dcv83husk,29,31,232,366,2020-11-19 22:53:29,2022-09-20 05:20:42,legacy/2026-05-20-pre-v2-import/data/raw/emurgo/delegation_history.csv
emurgo,pool1vev8z03vh7jwx3mfrgzrt9fltt97nupaxv8ffj4r5r8mgwts5ze,29,35,264,589,2021-04-30 05:40:04,2025-10-09 12:19:38,legacy/2026-05-20-pre-v2-import/data/raw/emurgo/delegation_history.csv
emurgo,pool166dkk9kx5y6ug9tnvh0dnvxhwt2yca3g5pd5jaqa8t39cgyqqlr,28,39,210,498,2020-08-01 16:23:31,2024-07-09 11:00:22,legacy/2026-05-20-pre-v2-import/data/raw/emurgo/delegation_history.csv
emurgo,pool1fyp482ntshhm9zfz4nv7pmsaeakscf5mnuzcxuvtqf6t56fc7l0,28,30,210,288,2020-07-31 08:13:31,2021-08-27 06:48:42,legacy/2026-05-20-pre-v2-import/data/raw/emurgo/delegation_history.csv
emurgo,pool1nwt6mxqus3tpzrshky5h5kykz9rjpxmacrvw0z6yak9uk5p5045,28,36,250,369,2021-02-19 08:57:17,2022-10-05 21:36:16,legacy/2026-05-20-pre-v2-import/data/raw/emurgo/delegation_history.csv
emurgo,pool1s0cfkzheywsftgwp0yz7sq4rt5gyf7t5kfwj5a269kpxvndjn6q,28,29,211,612,2020-08-04 00:23:31,2026-02-02 06:37:27,legacy/2026-05-20-pre-v2-import/data/raw/emurgo/delegation_history.csv
emurgo,pool1vh4y864hcq2r66ak37w4dsnkhnsfxaaacs0p5s4vj5676m6txwm,28,33,210,322,2020-08-03 16:08:51,2022-02-14 19:16:06,legacy/2026-05-20-pre-v2-import/data/raw/emurgo/delegation_history.csv
emurgo,pool136wr0g23dw9daekuyqtgk366vywms6meespgpm3hdguxqczaaug,27,29,211,301,2020-08-07 02:16:31,2021-10-29 12:31:11,legacy/2026-05-20-pre-v2-import/data/raw/emurgo/delegation_history.csv
emurgo,pool16tcjctesjnks0p8sfrlf8f3d3vrp2fdn2msy80sgg3cdjtayu3z,27,32,210,386,2020-07-29 23:08:31,2022-12-29 14:24:41,legacy/2026-05-20-pre-v2-import/data/raw/emurgo/delegation_history.csv
emurgo,pool1jt7d6ak3m8gnjyxtuxfswe258xzwda80ndl0a57vv5m2zv8h6at,27,32,210,581,2020-07-31 17:50:51,2025-08-28 14:15:40,legacy/2026-05-20-pre-v2-import/data/raw/emurgo/delegation_history.csv
emurgo,pool1u6kpt8hgqcm596kukj97ghefmxn8ks2cgwg8qqe0gtgscnufk5p,27,31,210,474,2020-07-30 11:57:51,2024-03-15 18:07:07,legacy/2026-05-20-pre-v2-import/data/raw/emurgo/delegation_history.csv
emurgo,pool1uq8l234306m76unyz8kuwnkvmtvazaks6vuvyx3a3khngavvcw0,27,33,210,283,2020-07-30 10:42:31,2021-08-02 08:17:17,legacy/2026-05-20-pre-v2-import/data/raw/emurgo/delegation_history.csv
emurgo,pool1y2gynck9pd4en5rzm0rueqd2qm7sw89aqmkcntd899vv237qj38,27,28,308,336,2021-12-02 03:15:36,2022-04-21 21:02:00,legacy/2026-05-20-pre-v2-import/data/raw/emurgo/delegation_history.csv
emurgo,pool13crd2ljx87988umk22er6ynwadfwdqupdpcq6prc6v59z62kxse,26,26,234,571,2020-11-29 00:44:01,2025-07-11 22:41:06,legacy/2026-05-20-pre-v2-import/data/raw/emurgo/delegation_history.csv
emurgo,pool1jg3fmnmc9n52sgzslhhvhye5e3xeqmrwkekdhh82sma47r47zg0,26,28,216,599,2020-08-29 12:42:39,2025-11-28 20:20:10,legacy/2026-05-20-pre-v2-import/data/raw/emurgo/delegation_history.csv
emurgo,pool1jq7r3evstu2c040vlry8tgvpwf0mfvft86cxecwjpwcuvvqfu2r,26,27,273,501,2021-06-10 02:40:21,2024-07-24 20:18:45,legacy/2026-05-20-pre-v2-import/data/raw/emurgo/delegation_history.csv
emurgo,pool1lqpymyzg9glc88r7urptuv0d8t2tu9ty7xtshvxmgpu0j4lp8p3,26,32,234,282,2020-11-29 17:42:37,2021-07-28 22:29:01,legacy/2026-05-20-pre-v2-import/data/raw/emurgo/delegation_history.csv
emurgo,pool1mh4ng2ldxk4sqfppzu6r4knxrk6e87e9c4wgrred84uy7xauzlh,26,28,269,373,2021-05-24 23:59:38,2022-10-26 23:43:52,legacy/2026-05-20-pre-v2-import/data/raw/emurgo/delegation_history.csv
emurgo,pool1supp67ypelmgzuzqqvarc6czgmg3ggwpnrnfr90xpfcqqf8h05t,26,29,210,282,2020-07-29 23:23:11,2021-07-27 13:23:25,legacy/2026-05-20-pre-v2-import/data/raw/emurgo/delegation_history.csv
emurgo,pool1wxn9nsl8rvxa6r8e5eaak0ml6etfxnz2n9vqrmsw5nzgyexgkrn,26,28,210,542,2020-07-31 18:03:51,2025-02-18 00:22:16,legacy/2026-05-20-pre-v2-import/data/raw/emurgo/delegation_history.csv
emurgo,pool104avq7309gjm0fxms69yqusxy8zf888k4mamngg5vnc6vculpzq,25,33,258,470,2021-03-26 22:48:17,2024-02-24 18:34:55,legacy/2026-05-20-pre-v2-import/data/raw/emurgo/delegation_history.csv
emurgo,pool1cc76kmtcpf6vht32ya5ke9er74dnpy4jh5qpy4klqwp87ygdsu6,25,36,210,319,2020-07-30 00:13:11,2022-01-29 04:11:43,legacy/2026-05-20-pre-v2-import/data/raw/emurgo/delegation_history.csv
emurgo,pool1fxmancs3dmc9l0s7u7zrj8334m9nvzam5t5hnuuf4c7cjr6867m,25,30,243,553,2021-01-11 07:29:42,2025-04-10 19:19:33,legacy/2026-05-20-pre-v2-import/data/raw/emurgo/delegation_history.csv
emurgo,pool1ksrg8a964464las0ymw88slrwxkychjz9lh09lqltu5m7nw3pq0,25,27,215,573,2020-08-28 02:20:18,2025-07-23 17:25:09,legacy/2026-05-20-pre-v2-import/data/raw/emurgo/delegation_history.csv
emurgo,pool1s6x6kltycpxq82hyqhlqllqj3q5l2m8w499gvtu4xrfv29c0q2q,25,28,235,299,2020-12-05 10:39:05,2021-10-18 01:49:03,legacy/2026-05-20-pre-v2-import/data/raw/emurgo/delegation_history.csv
emurgo,pool13t6cwz9hhr8xm29pc94zyg5tx3kteqeu8gw2nc3lhzatqegzp6z,24,24,277,293,2021-07-01 21:58:59,2021-09-19 17:51:09,legacy/2026-05-20-pre-v2-import/data/raw/emurgo/delegation_history.csv
emurgo,pool18v9r8afalh50l4lstct2awdc3zspnvurcs7t45nv29uc2mnxc6c,24,26,210,311,2020-07-30 18:54:11,2021-12-18 13:44:48,legacy/2026-05-20-pre-v2-import/data/raw/emurgo/delegation_history.csv
emurgo,pool1a44j6jas4sjhh3qc96r8rmhsdjxjuntuzxr3440jzwjjcysl9ca,24,25,275,319,2021-06-21 10:24:46,2022-01-30 09:28:01,legacy/2026-05-20-pre-v2-import/data/raw/emurgo/delegation_history.csv
emurgo,pool1fqwnqk3phwa2s5thgym8dw34pv0z67m526uqprnjh93cvzxymef,24,25,241,366,2021-01-04 17:49:37,2022-09-17 22:34:37,legacy/2026-05-20-pre-v2-import/data/raw/emurgo/delegation_history.csv
emurgo,pool1ksazs9mzcuyr3mfrvw48dc5wkgsjceztakymmv7jpxle7l2nfs0,24,27,229,268,2020-11-02 08:56:51,2021-05-15 22:10:18,legacy/2026-05-20-pre-v2-import/data/raw/emurgo/delegation_history.csv
emurgo,pool1ljlmfg7p37ysmea9ra5xqwccue203dpj40w6zlzn5r2cvjrf6tw,24,29,211,319,2020-08-07 05:06:31,2022-01-25 21:53:58,legacy/2026-05-20-pre-v2-import/data/raw/emurgo/delegation_history.csv
emurgo,pool1lskcfz80qg2kr2p6776kl9emjn8ulkqsqse7um7skz4y2lwa0cu,24,28,246,400,2021-01-29 23:01:28,2023-03-07 11:36:41,legacy/2026-05-20-pre-v2-import/data/raw/emurgo/delegation_history.csv
emurgo,pool1lvsa8e0dw6z8g2fkw7prnfa7627wuy5jjexaadck6w5sxw5xkvm,24,25,210,342,2020-07-30 21:57:51,2022-05-22 23:38:31,legacy/2026-05-20-pre-v2-import/data/raw/emurgo/delegation_history.csv
emurgo,pool1mxqjlrfskhd5kql9kak06fpdh8xjwc76gec76p3taqy2qmfzs5z,24,25,211,265,2020-08-06 10:33:11,2021-05-02 21:30:47,legacy/2026-05-20-pre-v2-import/data/raw/emurgo/delegation_history.csv
emurgo,pool1ntfxj2jgvhzen8e86ed679ctukar3vj538ywyyq8ryld66jj4sx,24,35,286,405,2021-08-17 00:41:09,2023-04-03 01:21:44,legacy/2026-05-20-pre-v2-import/data/raw/emurgo/delegation_history.csv
emurgo,pool1xru6f3fflzwkptgm68pncrsncg9ngllv0jk8jnz40m7wusfhazk,24,25,231,439,2020-11-13 02:21:30,2023-09-20 21:38:21,legacy/2026-05-20-pre-v2-import/data/raw/emurgo/delegation_history.csv
emurgo,pool18zf8txwv8lmtpq2src8wrhz0pjut5qft8h5tfxnctwc95r7jvvj,23,24,275,533,2021-06-20 23:10:19,2025-01-01 19:28:53,legacy/2026-05-20-pre-v2-import/data/raw/emurgo/delegation_history.csv
emurgo,pool1fm57fshvdlrgs5pnpk78tnxha0me28equyy96vj0xm85gy5chv0,23,23,252,537,2021-02-28 07:48:23,2025-01-20 15:50:31,legacy/2026-05-20-pre-v2-import/data/raw/emurgo/delegation_history.csv
emurgo,pool1p8fhygz7ga9hghhwmkr64p3ftn77lxu9nyddvsqszattcdyajc0,23,27,244,257,2021-01-17 18:53:44,2021-03-22 02:56:15,legacy/2026-05-20-pre-v2-import/data/raw/emurgo/delegation_history.csv
emurgo,pool1vc8jp7uagxgh8trzx7r260ndcydz89ges8sws05cyv7jj8q8gqs,23,26,210,535,2020-07-31 15:56:31,2025-01-10 10:16:20,legacy/2026-05-20-pre-v2-import/data/raw/emurgo/delegation_history.csv
emurgo,pool1w8ham64lthvzzxzn5hknq4yrj8xt2nark409s2xmntlwvt4ag3r,23,26,210,380,2020-07-30 02:59:51,2022-11-27 09:46:36,legacy/2026-05-20-pre-v2-import/data/raw/emurgo/delegation_history.csv
emurgo,pool1wt0pf4u2xktp0f7apveu242w6nkm4ltk3m8g039lvuhwq4zdtf3,23,27,249,595,2021-02-10 03:06:22,2025-11-08 19:26:28,legacy/2026-05-20-pre-v2-import/data/raw/emurgo/delegation_history.csv
emurgo,pool18wvrpuz4uftxs83gf39ynh7cy3nds8q0hs7u7yuelu4e78w237s,22,22,287,302,2021-08-22 22:48:16,2021-11-02 18:36:38,legacy/2026-05-20-pre-v2-import/data/raw/emurgo/delegation_history.csv
emurgo,pool1afv4cmmjdkujtd5r9t63090a3frwwqy8f3e46gz003vyzjcj63r,22,26,236,266,2020-12-08 16:53:23,2021-05-10 12:19:46,legacy/2026-05-20-pre-v2-import/data/raw/emurgo/delegation_history.csv
emurgo,pool1ctzja2cdwyeqnvehmrlclc5wrn9w9acwklk3acn73jrx56d66vs,22,24,210,485,2020-08-03 14:13:31,2024-05-06 11:05:14,legacy/2026-05-20-pre-v2-import/data/raw/emurgo/delegation_history.csv
emurgo,pool1u0mc9ywfxl529atxyajuz3pgqnwgnk6w7lejjmjg22ucvn7z9vh,22,29,263,319,2021-04-20 23:12:57,2022-01-25 21:51:23,legacy/2026-05-20-pre-v2-import/data/raw/emurgo/delegation_history.csv
emurgo,pool1xn63858ej0gcs4tkjm2e3a2fgjrecfxtvzq3465ypl8ywkx7gcv,22,24,289,331,2021-09-02 20:00:27,2022-03-30 14:23:20,legacy/2026-05-20-pre-v2-import/data/raw/emurgo/delegation_history.csv
emurgo,pool15r7xg0vrrv2yu8wj3866eap8ftkuxvdk5rjz2lh4xajjq5v3p5d,21,25,246,545,2021-01-28 09:24:20,2025-03-02 23:08:25,legacy/2026-05-20-pre-v2-import/data/raw/emurgo/delegation_history.csv
emurgo,pool15zn2lqq4849ujttuthaycpamnyr8ae9k2pn2fkrlfzzsx4ek0tc,21,25,230,350,2020-11-07 00:05:49,2022-06-30 21:28:15,legacy/2026-05-20-pre-v2-import/data/raw/emurgo/delegation_history.csv
emurgo,pool16nz6k74zsm9x5fyh2wa0pt9cn75hfscfvqsxup0vl0vqqthwnkz,21,23,279,305,2021-07-12 16:06:28,2021-11-19 20:10:55,legacy/2026-05-20-pre-v2-import/data/raw/emurgo/delegation_history.csv
emurgo,pool17kew7rtakc7g6qzydntann5umw08xq3ll2j7spk7en4kvff69fa,21,24,231,319,2020-11-13 13:11:31,2022-01-29 23:48:38,legacy/2026-05-20-pre-v2-import/data/raw/emurgo/delegation_history.csv
emurgo,pool189lsf6c2upyhmrzddyvyfjxxkqnte9pw8aqx7f4cuf85sjxlm02,21,26,233,524,2020-11-26 10:10:40,2024-11-17 01:09:50,legacy/2026-05-20-pre-v2-import/data/raw/emurgo/delegation_history.csv
emurgo,pool1c89d4drtwn0048mekkdkzllz559ahnntxelyw2mppxnmc36hjlx,21,26,210,617,2020-07-31 14:57:31,2026-02-24 22:14:58,legacy/2026-05-20-pre-v2-import/data/raw/emurgo/delegation_history.csv
emurgo,pool1eqxnk8mylmksd9amjlyhseax8lcux09ck3etcvlalfzhuu7qvzp,21,24,321,388,2022-02-07 21:27:01,2023-01-10 18:02:58,legacy/2026-05-20-pre-v2-import/data/raw/emurgo/delegation_history.csv
emurgo,pool1jk25l2pejpdzq8vdjlxrr05th49v9tgd78fqrtxvuw3rumpfc6t,21,24,213,318,2020-08-18 19:22:15,2022-01-21 15:12:08,legacy/2026-05-20-pre-v2-import/data/raw/emurgo/delegation_history.csv
emurgo,pool1k633phcvz2hjhj45evwwau4w576jpq83acg5h84w23jauqu56cw,21,23,307,608,2021-11-27 10:24:18,2026-01-10 22:21:35,legacy/2026-05-20-pre-v2-import/data/raw/emurgo/delegation_history.csv
emurgo,pool1ld9hkah2dkzh73pvh9tf6xr0x28us34msv3zcv2sase5vhvq962,21,26,210,542,2020-07-29 23:56:51,2025-02-14 18:51:11,legacy/2026-05-20-pre-v2-import/data/raw/emurgo/delegation_history.csv
emurgo,pool1rkyc3ss904h066sffergss99r9p2kqa4k6ds0g4u5ud4x7yaajd,21,25,210,611,2020-07-30 17:52:51,2026-01-27 11:43:51,legacy/2026-05-20-pre-v2-import/data/raw/emurgo/delegation_history.csv
emurgo,pool1swe9nsv8lzugakjkfv04dn38scmq48wzynmn0lxasupuzmqcgjm,21,30,223,358,2020-10-03 09:37:12,2022-08-11 07:42:09,legacy/2026-05-20-pre-v2-import/data/raw/emurgo/delegation_history.csv
emurgo,pool1ttxtgplmy2v7t9s56gm3xxhsyxe68kpx0vu3utts03p2k4x3avl,21,29,310,331,2021-12-12 03:45:34,2022-03-27 17:26:34,legacy/2026-05-20-pre-v2-import/data/raw/emurgo/delegation_history.csv
emurgo,pool1v4xevkf7fx08pzy7atsk59dds6p0sdyl6xmhwf4mh79x6l5p6kx,21,23,220,259,2020-09-17 23:03:17,2021-04-01 02:31:47,legacy/2026-05-20-pre-v2-import/data/raw/emurgo/delegation_history.csv
emurgo,pool14wk2m2af7y4gk5uzlsmsunn7d9ppldvcxxa5an9r5ywek8330fg,20,22,210,604,2020-07-30 05:24:31,2025-12-22 13:50:36,legacy/2026-05-20-pre-v2-import/data/raw/emurgo/delegation_history.csv
emurgo,pool1a3kdettzvvlqvkl9m9hwe63ggeq5fgvz0twqew5c62dzx99vsed,20,21,216,332,2020-09-02 11:53:37,2022-04-02 20:04:50,legacy/2026-05-20-pre-v2-import/data/raw/emurgo/delegation_history.csv
emurgo,pool1cj8dxjjlyn9xmjavr98ytmvlpd4vwgqp36kq8rl6jjyt6k2adfh,20,22,292,327,2021-09-17 18:36:03,2022-03-07 09:35:17,legacy/2026-05-20-pre-v2-import/data/raw/emurgo/delegation_history.csv
emurgo,pool1ppznyu6qrvlw9uuqa3tslryjd40nh56jyvmaqw6kdf4kzq3y8kh,20,21,229,323,2020-11-06 09:51:04,2022-02-15 19:10:13,legacy/2026-05-20-pre-v2-import/data/raw/emurgo/delegation_history.csv
emurgo,pool1qvhss6kxmtl27nr4ugvypayhvt4a4vzll8p9csdg2v8q7d22llu,20,23,218,409,2020-09-09 17:41:53,2023-04-22 13:00:18,legacy/2026-05-20-pre-v2-import/data/raw/emurgo/delegation_history.csv
emurgo,pool1ua0lx5ap5tj9f5l7tyjflp766ca5yu93djh5hqvm4e0kjgw5k7v,20,23,210,272,2020-07-30 01:20:31,2021-06-05 12:41:18,legacy/2026-05-20-pre-v2-import/data/raw/emurgo/delegation_history.csv
emurgo,pool1vulu80lngn7t3jf3trclavfal7h58p4ap5f849r35z6mkfvac3c,20,21,297,307,2021-10-09 16:34:43,2021-11-28 20:01:49,legacy/2026-05-20-pre-v2-import/data/raw/emurgo/delegation_history.csv
emurgo,pool19r8kcmqpajlm6h5q0lv8jye0q7evdur39wfsgs4z98fcqpz9lct,19,20,234,606,2020-11-30 05:57:49,2026-01-01 11:57:37,legacy/2026-05-20-pre-v2-import/data/raw/emurgo/delegation_history.csv
emurgo,pool1dmpzsnuwxy44ky3dskuhmwpglumy6j0rc5wyfxlu3zym798f79g,19,20,311,362,2021-12-20 11:57:01,2022-09-01 07:27:08,legacy/2026-05-20-pre-v2-import/data/raw/emurgo/delegation_history.csv
emurgo,pool1grhujlggx90ln0jcnrey4adckysxdx6rqfmx9s6fnhtc2g0qym0,19,20,310,330,2021-12-16 17:41:20,2022-03-25 01:11:07,legacy/2026-05-20-pre-v2-import/data/raw/emurgo/delegation_history.csv
emurgo,pool1qgmwcxs8d8qmr0vtvsqd9u8gugrventh5dcqukmu79e2sgfuu8t,19,21,249,592,2021-02-13 15:54:23,2025-10-26 19:01:27,legacy/2026-05-20-pre-v2-import/data/raw/emurgo/delegation_history.csv
emurgo,pool1s3z5qsg75dar26ykyzcz2u8wc2swgq7pyp7f9sdh5n06qh3jhq2,19,20,210,308,2020-07-30 07:54:51,2021-12-03 03:40:49,legacy/2026-05-20-pre-v2-import/data/raw/emurgo/delegation_history.csv
emurgo,pool1zfhcfw8c3lg0vh0fy8h4y8e25cm7ter9e6sxqskpq0lzyy2wzvm,19,19,311,365,2021-12-17 04:04:39,2022-09-17 10:57:14,legacy/2026-05-20-pre-v2-import/data/raw/emurgo/delegation_history.csv
emurgo,pool12mmcc4rc2fzfv7gyv8h06nvnsrm3m7erzdv8x6gzvjxlu2lf09n,18,19,210,608,2020-07-30 01:16:31,2026-01-13 19:33:33,legacy/2026-05-20-pre-v2-import/data/raw/emurgo/delegation_history.csv
emurgo,pool13mas2wthxs28zftxskcsd8t87jk2w9ntc0u5uflt45sh7lcvs8h,18,27,431,545,2023-08-09 10:33:16,2025-03-02 17:27:27,legacy/2026-05-20-pre-v2-import/data/raw/emurgo/delegation_history.csv
emurgo,pool16j3mvwws7zc9pjluyhddgea0tq647v0dh3y4nkcuckg9znjcun2,18,19,307,430,2021-11-27 11:44:34,2023-08-04 17:10:04,legacy/2026-05-20-pre-v2-import/data/raw/emurgo/delegation_history.csv
emurgo,pool170hmssk80z2ameg7jhj5m8psnkjejcc77vfpd0875yggxhhntd0,18,19,253,526,2021-03-02 17:43:32,2024-11-27 05:13:35,legacy/2026-05-20-pre-v2-import/data/raw/emurgo/delegation_history.csv
emurgo,pool18mege8wvzzdvh8cxx6ncnqyvacl4lxukw495c87xmz8qcdl6lj8,18,19,233,411,2020-11-24 16:24:51,2023-05-01 13:15:13,legacy/2026-05-20-pre-v2-import/data/raw/emurgo/delegation_history.csv
emurgo,pool1cjz6kg9a8ug9uk0nc59q60a67c2628ms58rd98gq587jwa2x5qt,18,23,308,409,2021-12-02 18:12:38,2023-04-22 08:52:48,legacy/2026-05-20-pre-v2-import/data/raw/emurgo/delegation_history.csv
emurgo,pool1ea568m9q882n0tx5d4vxff2dmz2n7rq5h62hx5ystq625m4tcfu,18,21,234,602,2020-12-01 15:12:21,2025-12-12 16:36:22,legacy/2026-05-20-pre-v2-import/data/raw/emurgo/delegation_history.csv
emurgo,pool1hkklrx9ac7w57d79mnv76rxlgq4acg5ecwhyep7k3zn0u5cz2k9,18,18,305,587,2021-11-20 22:35:45,2025-09-30 12:32:13,legacy/2026-05-20-pre-v2-import/data/raw/emurgo/delegation_history.csv
emurgo,pool1hwlghkwnjsjk8370qt3dvp23d7urwm36f95fmxcz3np2kghknj9,18,20,210,468,2020-07-31 08:19:31,2024-02-12 01:50:56,legacy/2026-05-20-pre-v2-import/data/raw/emurgo/delegation_history.csv
emurgo,pool1lfvzgsrghmugvpym868mh29288ez0nncz680mamzjygu2jpuwcd,18,20,256,588,2021-03-17 02:00:10,2025-10-02 18:33:47,legacy/2026-05-20-pre-v2-import/data/raw/emurgo/delegation_history.csv
emurgo,pool1nhls8e9swnyshldgjknku4npreax075nw0ltrkmrarh4w3skxt9,18,19,210,323,2020-07-30 07:55:31,2022-02-16 02:53:01,legacy/2026-05-20-pre-v2-import/data/raw/emurgo/delegation_history.csv
emurgo,pool1qq2vm2xpcj9kf42z4cnw3djancv48sx42chwvgxkjq85ceu8k0x,18,23,210,334,2020-08-02 05:10:31,2022-04-14 00:20:07,legacy/2026-05-20-pre-v2-import/data/raw/emurgo/delegation_history.csv
emurgo,pool1zc7vxe3ymyej76h8wu8gm79chtt7w9c3adkza4uhrjvagr9w4zp,18,20,231,328,2020-11-13 20:49:04,2022-03-14 19:32:21,legacy/2026-05-20-pre-v2-import/data/raw/emurgo/delegation_history.csv
emurgo,pool147en6w8f9cplnn5x7qt4ese7fpacmmcwuffrtu0yqxpaz4agppr,17,20,237,332,2020-12-14 14:14:08,2022-04-05 18:43:14,legacy/2026-05-20-pre-v2-import/data/raw/emurgo/delegation_history.csv
emurgo,pool14u30jkg45xwd27kmznz43hxy596lvrrpj0wz8w9a9k97kmt4p2d,17,18,212,437,2020-08-10 15:06:11,2023-09-07 22:34:09,legacy/2026-05-20-pre-v2-import/data/raw/emurgo/delegation_history.csv
emurgo,pool15ccmgcc4k9t8auxw9v4dfjmrl2kqnuevawn8z6n7xv09utw9hh3,17,17,216,380,2020-08-29 02:23:21,2022-11-27 13:38:36,legacy/2026-05-20-pre-v2-import/data/raw/emurgo/delegation_history.csv
emurgo,pool17dag45ldepvckqdxvvppwdy4w8qczsz0awtutqyj2pzashn3ds2,17,17,231,273,2020-11-14 08:07:44,2021-06-12 15:25:27,legacy/2026-05-20-pre-v2-import/data/raw/emurgo/delegation_history.csv
emurgo,pool1ayfjmnrv5vg6tfducvysn360re6qfwuv2rhc4ph6jk33ztuxlhq,17,17,234,538,2020-12-01 18:13:11,2025-01-28 16:11:24,legacy/2026-05-20-pre-v2-import/data/raw/emurgo/delegation_history.csv
emurgo,pool1cuccvs6vdlrxw67kwvzdx3gcl3ha0402mkhhseqmre7u7vdkwev,17,19,210,261,2020-07-30 07:17:31,2021-04-15 12:33:57,legacy/2026-05-20-pre-v2-import/data/raw/emurgo/delegation_history.csv
emurgo,pool1j6zqawj6f58lp4p00t26eqe58gxx4pa3cudlzpkv23y92nlxjzd,17,18,211,295,2020-08-08 15:43:11,2021-09-28 21:33:24,legacy/2026-05-20-pre-v2-import/data/raw/emurgo/delegation_history.csv
emurgo,pool1jz5ljsnj4fzmk84j0wcw9ldy866dn07nzqg2ktyuyjvfvr3jgtq,17,17,234,317,2020-11-30 17:53:11,2022-01-16 17:45:34,legacy/2026-05-20-pre-v2-import/data/raw/emurgo/delegation_history.csv
emurgo,pool1kkfkdces5mdcyc9dn2hgg3463jggjvw3h89nejjarkz25uavaqu,17,18,210,284,2020-07-30 06:13:11,2021-08-08 06:20:00,legacy/2026-05-20-pre-v2-import/data/raw/emurgo/delegation_history.csv
emurgo,pool1qqq6qqa0hpzvumv5p87ynczfmdj557xuwlc3289ke42g72z7f74,17,19,210,539,2020-07-30 00:56:11,2025-01-30 11:58:58,legacy/2026-05-20-pre-v2-import/data/raw/emurgo/delegation_history.csv
emurgo,pool1wz27a9pvd2jat98s375lxaaj7qxy405km4vzp83wn5vtwp59kvh,17,18,213,340,2020-08-18 02:30:46,2022-05-11 12:30:49,legacy/2026-05-20-pre-v2-import/data/raw/emurgo/delegation_history.csv
emurgo,pool1yctcnexnjqq25ve5jh2dh6zswz98leafjcq356lfspsdk9z690e,17,21,278,328,2021-07-09 05:48:02,2022-03-11 23:07:05,legacy/2026-05-20-pre-v2-import/data/raw/emurgo/delegation_history.csv
emurgo,pool1zj4h7kc6v53q9r8x3fwzfuayf2frwme8u5k86gu0uzeeuvqxgul,17,24,245,606,2021-01-24 14:04:16,2026-01-03 17:02:08,legacy/2026-05-20-pre-v2-import/data/raw/emurgo/delegation_history.csv
emurgo,pool120563wl92yssz66evk4u9lxm7zh6gk2wws0zfe8ep4e0gc77ypt,16,18,286,296,2021-08-18 10:01:21,2021-10-05 14:14:24,legacy/2026-05-20-pre-v2-import/data/raw/emurgo/delegation_history.csv
emurgo,pool13r377w5pmy4tmhuvw0cf9q23asslzjytsruwa27tdnflq7hfjgk,16,16,279,305,2021-07-10 22:17:59,2021-11-20 05:32:46,legacy/2026-05-20-pre-v2-import/data/raw/emurgo/delegation_history.csv
emurgo,pool167zl76srpt5a2gthpsq0ye9z4fpray5vsh7xyzcn63hd5mnw7fa,16,17,230,407,2020-11-11 20:30:44,2023-04-13 09:45:32,legacy/2026-05-20-pre-v2-import/data/raw/emurgo/delegation_history.csv
emurgo,pool1ahazpr2yz5gljk2m4q8g7wnmq7m2sr9unhdfmr5arhqrjnntwdz,16,19,258,478,2021-03-29 11:32:55,2024-04-02 18:33:28,legacy/2026-05-20-pre-v2-import/data/raw/emurgo/delegation_history.csv
emurgo,pool1cn0dqtplwf67fds40hgkf0u5rm4q4azev5qutmgkw5hdyvue2ue,16,17,235,317,2020-12-06 07:06:22,2022-01-18 02:58:26,legacy/2026-05-20-pre-v2-import/data/raw/emurgo/delegation_history.csv
emurgo,pool1dxkf7k3qwnpgpxqfye8y9jvk7lver3fk8dq7c4dpzezyyx8cf5c,16,16,210,310,2020-07-30 17:56:51,2021-12-12 02:32:17,legacy/2026-05-20-pre-v2-import/data/raw/emurgo/delegation_history.csv
emurgo,pool1ft4xjlz9uw0r0ewcgtkgeakqrfc5azxmxwsm5pt94dv67mw4rgd,16,20,210,623,2020-08-01 19:31:31,2026-03-27 15:37:49,legacy/2026-05-20-pre-v2-import/data/raw/emurgo/delegation_history.csv
emurgo,pool1lkpj6fa4l0sy39qfvyl4pcsnnd22y8np8j98vzwula2kuxgers4,16,16,214,450,2020-08-23 17:29:26,2023-11-12 01:56:04,legacy/2026-05-20-pre-v2-import/data/raw/emurgo/delegation_history.csv
emurgo,pool1m4enp55hp80tf6xl7k6f6593wnyu3pr83xfvef9x3ktdw9m0em5,16,18,236,444,2020-12-07 11:00:41,2023-10-14 15:57:13,legacy/2026-05-20-pre-v2-import/data/raw/emurgo/delegation_history.csv
emurgo,pool1mkjtce8r8yeku0mmc9vpwl0scuwuwc8lz89ckpj3k0kwgvlunv5,16,16,357,518,2022-08-06 18:15:04,2024-10-19 11:22:02,legacy/2026-05-20-pre-v2-import/data/raw/emurgo/delegation_history.csv
emurgo,pool1pk8mzy6c7ef6m3qxc9gg6flec96pcn4sdd6maakkweyf5whuuu7,16,16,248,262,2021-02-07 15:10:36,2021-04-18 15:25:13,legacy/2026-05-20-pre-v2-import/data/raw/emurgo/delegation_history.csv
emurgo,pool1qqqqrwzy7njvjq9wph7usj5gghm3py9c97688ek8pgc7uem9cfz,16,16,212,343,2020-08-11 23:10:51,2022-05-28 01:51:13,legacy/2026-05-20-pre-v2-import/data/raw/emurgo/delegation_history.csv
emurgo,pool1qqqqzyqf8mlm70883zht60n4q6uqxg4a8x266sewv8ad2grkztl,16,16,210,318,2020-07-31 01:33:31,2022-01-21 18:17:30,legacy/2026-05-20-pre-v2-import/data/raw/emurgo/delegation_history.csv
emurgo,pool1qzz0flh92qkg0mjufaw9j2zk72lmvf5n2kuaslk4f8j4ze362w4,16,18,284,364,2021-08-04 00:49:45,2022-09-08 15:10:10,legacy/2026-05-20-pre-v2-import/data/raw/emurgo/delegation_history.csv
emurgo,pool1rtj8f2pjedcjh78ey2fc4wvatjyeudeam6lsv6snttwuvhn2vsq,16,18,307,333,2021-11-30 12:21:13,2022-04-08 19:01:26,legacy/2026-05-20-pre-v2-import/data/raw/emurgo/delegation_history.csv
emurgo,pool1v5u6wzakuc25q3zpx04t8gjz3rgu60wuxkv2mh5nga23xjkc86s,16,16,306,489,2021-11-25 22:12:15,2024-05-27 18:01:56,legacy/2026-05-20-pre-v2-import/data/raw/emurgo/delegation_history.csv
emurgo,pool13qdkwy5y88ncr5qpjrh8hgtf94d0zw4wuhgezjg3hvlyyrh37c7,15,16,263,552,2021-04-25 20:45:49,2025-04-05 17:34:22,legacy/2026-05-20-pre-v2-import/data/raw/emurgo/delegation_history.csv
emurgo,pool142xwjhpcvtp7tahpmn8tlnek7smefp9wn66z67j8vjpmjxqdg56,15,24,267,547,2021-05-11 00:06:18,2025-03-11 07:23:20,legacy/2026-05-20-pre-v2-import/data/raw/emurgo/delegation_history.csv
emurgo,pool17rns3wjyql9jg9xkzw9h88f0kstd693pm6urwxmvejqgsyjw7ta,15,16,227,260,2020-10-24 17:14:43,2021-04-07 10:51:44,legacy/2026-05-20-pre-v2-import/data/raw/emurgo/delegation_history.csv
emurgo,pool19pyfv4xnln8x4l7auw0n0skk3hd97shun707hrw5d4s553ys74x,15,18,231,590,2020-11-14 15:52:14,2025-10-13 18:32:41,legacy/2026-05-20-pre-v2-import/data/raw/emurgo/delegation_history.csv
emurgo,pool19ru9alj7n5anmzs0f9gpzlj8kaq44yhcp45mldjvldxck8f6yg6,15,22,310,403,2021-12-15 10:15:56,2023-03-22 03:28:03,legacy/2026-05-20-pre-v2-import/data/raw/emurgo/delegation_history.csv
emurgo,pool1jufp9k6gmyusvch65ra8yk2s7wu6cx5fsgnltl83p93ejg6h3xg,15,15,281,488,2021-07-21 01:08:02,2024-05-20 06:15:38,legacy/2026-05-20-pre-v2-import/data/raw/emurgo/delegation_history.csv
emurgo,pool1myvgx4ef424e6nw2strqq7dxcepav52plyyhxrk0avaw7y098l2,15,16,210,525,2020-07-30 05:15:51,2024-11-23 12:32:59,legacy/2026-05-20-pre-v2-import/data/raw/emurgo/delegation_history.csv
emurgo,pool1nz9h4raywm6mu2v8l7htuaqvmn06l3mepuaxynpzlwljsf8txhy,15,15,317,579,2022-01-17 22:26:33,2025-08-21 20:30:05,legacy/2026-05-20-pre-v2-import/data/raw/emurgo/delegation_history.csv
emurgo,pool1tcmk6at0dmkytxgq5j4u7fgsx9kytvfu7gz22lrs8hp9ztu7arw,15,15,252,574,2021-02-26 01:39:24,2025-07-23 22:49:40,legacy/2026-05-20-pre-v2-import/data/raw/emurgo/delegation_history.csv
emurgo,pool1ty7lh3nvtwxlcpqg2x30fkr3j9ys6nprztr9m4zp3aajxyjk2vz,15,16,210,410,2020-07-30 02:35:11,2023-04-28 16:38:35,legacy/2026-05-20-pre-v2-import/data/raw/emurgo/delegation_history.csv
emurgo,pool1xn4kqt45xh3udf87kmtkdfz8xh9qn6trlqsf39eusk23ufmxhgr,15,15,318,408,2022-01-23 16:58:32,2023-04-18 23:48:35,legacy/2026-05-20-pre-v2-import/data/raw/emurgo/delegation_history.csv
emurgo,pool1xtrwqwu6jn896szjwsyxxjczl6hc9sq4lh5ax68f7dt3gc0y9rx,15,17,307,329,2021-11-29 05:09:05,2022-03-20 21:13:09,legacy/2026-05-20-pre-v2-import/data/raw/emurgo/delegation_history.csv
emurgo,pool1yvf4nxph69ztm0tgj73ummxq45kfjhecyad26e3xc2002xgzalg,15,18,308,451,2021-12-02 07:45:29,2023-11-20 22:57:11,legacy/2026-05-20-pre-v2-import/data/raw/emurgo/delegation_history.csv
emurgo,pool1zn9hjcmfddhcp2aj9xxuvz7z40rasyatkgavr8ryyz72qdfwtrj,15,16,249,367,2021-02-13 03:41:31,2022-09-26 02:19:34,legacy/2026-05-20-pre-v2-import/data/raw/emurgo/delegation_history.csv
emurgo,pool15pmdr6nw3g6mmt7regefp2lrx3njah0gpwsnqm794c4wsr23062,14,20,248,325,2021-02-09 16:03:13,2022-02-27 23:04:06,legacy/2026-05-20-pre-v2-import/data/raw/emurgo/delegation_history.csv
emurgo,pool1cyq3v3v43hu7spwlfxdm6vq9djpsjjueerhlu5qr2rvd57vqk84,14,18,317,427,2022-01-19 14:47:25,2023-07-23 19:50:14,legacy/2026-05-20-pre-v2-import/data/raw/emurgo/delegation_history.csv
emurgo,pool1evg78egp8gfqae273kvmmdee2dnt6vty60dpwdespg4hujznh3a,14,15,210,381,2020-08-01 14:51:31,2022-12-02 10:18:06,legacy/2026-05-20-pre-v2-import/data/raw/emurgo/delegation_history.csv
emurgo,pool1fs2m5rmlx66crcwwrrsf2pcxjhvk7kzdurcqusd3v5gm65cufnj,14,14,211,475,2020-08-08 03:37:51,2024-03-19 21:17:20,legacy/2026-05-20-pre-v2-import/data/raw/emurgo/delegation_history.csv
emurgo,pool1j099ctc7kcc9fa78dz5qwsy2g0n96lrgletwxvxmyzh4zd7ck0j,14,18,272,595,2021-06-05 00:55:07,2025-11-07 08:40:45,legacy/2026-05-20-pre-v2-import/data/raw/emurgo/delegation_history.csv
emurgo,pool1jf4kt5qvyx4plvv7gna2y2f7xsjh3mt2szk2ff23ryd8qg826hj,14,16,280,422,2021-07-16 05:08:15,2023-06-29 21:20:41,legacy/2026-05-20-pre-v2-import/data/raw/emurgo/delegation_history.csv
emurgo,pool1jhzf2mm6zdlhl6w89uhgx8nq8p6ykcc86qq58vjy0ejyxrrksfj,14,16,210,360,2020-08-03 07:05:51,2022-08-22 14:26:03,legacy/2026-05-20-pre-v2-import/data/raw/emurgo/delegation_history.csv
emurgo,pool1jjry6f6q0swaq457ft9eclaxaskvrxnpj0v3w8edsyfryml3vj6,14,15,211,448,2020-08-08 08:22:31,2023-11-03 05:12:45,legacy/2026-05-20-pre-v2-import/data/raw/emurgo/delegation_history.csv
emurgo,pool1l5kwfudnqrhw3k4lwzcppu36nun9puvvr7xnanuz8a2zx4jaek5,14,18,223,378,2020-10-03 20:57:19,2022-11-17 02:24:56,legacy/2026-05-20-pre-v2-import/data/raw/emurgo/delegation_history.csv
emurgo,pool1u4sxd6x0qsy7evljt24vtnyhpxd098n609sfcmly6c096mr3jgq,14,17,210,282,2020-07-31 02:36:51,2021-07-27 13:16:31,legacy/2026-05-20-pre-v2-import/data/raw/emurgo/delegation_history.csv
emurgo,pool1vxvdypctdecvc2j7xu9y8h2fdxvkpjy2pp8luwg2h6dx5jlv0nk,14,14,210,331,2020-07-30 16:01:11,2022-03-27 19:51:06,legacy/2026-05-20-pre-v2-import/data/raw/emurgo/delegation_history.csv
emurgo,pool1zk6uxgptztrxxamzd0ugrtu84xg8mjymd2xcdvxqazpruqt9r3x,14,15,231,571,2020-11-13 15:54:26,2025-07-10 14:40:12,legacy/2026-05-20-pre-v2-import/data/raw/emurgo/delegation_history.csv
emurgo,pool10qmnswfc22zm0fscg80gkwqz65ujwjkqmctv8g9l9l58wqtelgg,13,13,210,284,2020-08-02 08:00:51,2021-08-03 22:39:29,legacy/2026-05-20-pre-v2-import/data/raw/emurgo/delegation_history.csv
emurgo,pool15wj590e6gsmpmttrxjd0emck09a0h9tazd2ww77q6duyvg8lyum,13,17,242,443,2021-01-05 22:27:33,2023-10-08 17:30:39,legacy/2026-05-20-pre-v2-import/data/raw/emurgo/delegation_history.csv
emurgo,pool19f6guwy97mmnxg9dz65rxyj8hq07qxud886hamyu4fgfz7dj9gl,13,13,210,391,2020-07-31 10:28:31,2023-01-25 18:02:24,legacy/2026-05-20-pre-v2-import/data/raw/emurgo/delegation_history.csv
emurgo,pool1g8y2gz4sk7xhyaj469jlj3njyu5dlvqa7t7v9c2gk0yc69879z8,13,14,231,380,2020-11-15 15:28:54,2022-11-27 15:16:41,legacy/2026-05-20-pre-v2-import/data/raw/emurgo/delegation_history.csv
emurgo,pool1gqgyta9sku3crjzfl9kj7kxsgfkt98y98yeu09kx22zscrezuj7,13,14,407,614,2023-04-11 14:28:29,2026-02-11 18:18:05,legacy/2026-05-20-pre-v2-import/data/raw/emurgo/delegation_history.csv
emurgo,pool1l0pmgdsymmdntuyan4snj88q8nm9axemwefu5ymkuq2s6gr90cn,13,16,232,316,2020-11-17 12:33:07,2022-01-13 04:09:48,legacy/2026-05-20-pre-v2-import/data/raw/emurgo/delegation_history.csv
emurgo,pool10let2ne3rdnhf6pvhauqcsf7f83hkagp4lfs792frrmu5up7xa7,12,16,256,292,2021-03-17 01:54:08,2021-09-13 12:05:57,legacy/2026-05-20-pre-v2-import/data/raw/emurgo/delegation_history.csv
emurgo,pool14cq4fchmmqjygwjw4zexmqqd6a7caxptjnvseyu6wanjuppv4vk,12,12,323,578,2022-02-17 09:53:19,2025-08-17 19:16:47,legacy/2026-05-20-pre-v2-import/data/raw/emurgo/delegation_history.csv
emurgo,pool17h6slydr6rd9vquqa38p5cf9xqnpc24w6a99rhllcjzljgugx6x,12,14,320,332,2022-01-31 16:37:44,2022-04-02 17:25:21,legacy/2026-05-20-pre-v2-import/data/raw/emurgo/delegation_history.csv
emurgo,pool17qvfg2g843gw6lurru282kkex6vp3pyj6zwj99j4u6k7zvmva5a,12,12,233,385,2020-11-24 16:52:17,2022-12-26 09:16:34,legacy/2026-05-20-pre-v2-import/data/raw/emurgo/delegation_history.csv
emurgo,pool1f488flg33j9vqzdce87t0e0g6mhjj7aacd4209pg93c77lrpywz,12,12,294,299,2021-09-26 11:08:30,2021-10-19 18:26:48,legacy/2026-05-20-pre-v2-import/data/raw/emurgo/delegation_history.csv
emurgo,pool1hht4pctn70tqdsd0zwuxv8d8cz6l5scjzaquty7vamyzy78eqvc,12,12,250,377,2021-02-15 03:01:31,2022-11-16 19:24:45,legacy/2026-05-20-pre-v2-import/data/raw/emurgo/delegation_history.csv
emurgo,pool1hnp560z9e5acwux8tjguxq36j9r255zuf02u7z2d46dvcf5zhns,12,13,253,587,2021-03-03 18:46:28,2025-10-01 18:21:31,legacy/2026-05-20-pre-v2-import/data/raw/emurgo/delegation_history.csv
emurgo,pool1jpz5m45ff4r6tnq7n5tw63fkhpmw3cyv8sn569w24x8lj3kl68c,12,12,228,392,2020-10-30 05:29:04,2023-01-28 07:08:33,legacy/2026-05-20-pre-v2-import/data/raw/emurgo/delegation_history.csv
emurgo,pool1l3fvlzadk5hg78wy3e304s9t8tjzxnu962e2fl7tq8x2yg3mz6l,12,12,212,238,2020-08-09 11:03:11,2020-12-18 21:09:31,legacy/2026-05-20-pre-v2-import/data/raw/emurgo/delegation_history.csv
emurgo,pool1lr5ku0p3jhykdf3a2kcr0tyra30qvzrtl02dr6uyv98rxdsy3k9,12,13,234,309,2020-12-01 00:19:51,2021-12-07 16:33:17,legacy/2026-05-20-pre-v2-import/data/raw/emurgo/delegation_history.csv
emurgo,pool1q0a7a94cfk4ph7gugj636tsuhhd98l2sfjv2adhaff2mvs7kmtl,12,17,238,590,2020-12-21 17:15:21,2025-10-12 18:05:38,legacy/2026-05-20-pre-v2-import/data/raw/emurgo/delegation_history.csv
emurgo,pool1qs6h0y7czzt605kptmrv6cr85kxd6tajr2hs0etvxphv7tr7nqu,12,12,225,461,2020-10-14 11:03:41,2024-01-06 17:17:36,legacy/2026-05-20-pre-v2-import/data/raw/emurgo/delegation_history.csv
emurgo,pool1rct5guwnp6nk9f4ldn5tr3s42j0nm5rxeayv56lxua5ck47ex39,12,15,251,545,2021-02-22 08:48:21,2025-03-03 06:35:50,legacy/2026-05-20-pre-v2-import/data/raw/emurgo/delegation_history.csv
emurgo,pool1t8gjk7jzvujfv9s8q992e6s7tp8na0q3j62g7s4ppzfmccus4jk,12,20,217,324,2020-09-07 21:05:39,2022-02-24 13:38:31,legacy/2026-05-20-pre-v2-import/data/raw/emurgo/delegation_history.csv
emurgo,pool1wwzctexlp70mj00vv65mlhwhwresn58s9x7jl4tswvkg77eu7n7,12,16,244,270,2021-01-20 08:05:57,2021-05-28 19:58:55,legacy/2026-05-20-pre-v2-import/data/raw/emurgo/delegation_history.csv
emurgo,pool13846y7q7tng3endxhet9qdcz5w0fjs09ytcye4dm5g54wmyqeqr,11,11,212,497,2020-08-13 05:41:11,2024-07-06 10:02:58,legacy/2026-05-20-pre-v2-import/data/raw/emurgo/delegation_history.csv
emurgo,pool16knnvtezwzmgpnu8v03wht6y4u7mwfc7qz6y2yk62w4as4qymat,11,12,249,254,2021-02-10 17:25:27,2021-03-09 19:30:57,legacy/2026-05-20-pre-v2-import/data/raw/emurgo/delegation_history.csv
emurgo,pool1853ffwhtuka742fq4av7s3ssdpvzhdkpw53th3es36zkwrllj9g,11,12,308,489,2021-12-02 21:21:49,2024-05-26 14:38:16,legacy/2026-05-20-pre-v2-import/data/raw/emurgo/delegation_history.csv
emurgo,pool1ezh8sewqgzy7267yvy0jssz8q7amce37x3dhmfl22j8lwz6wjrd,11,19,244,335,2021-01-18 18:01:31,2022-04-16 13:45:50,legacy/2026-05-20-pre-v2-import/data/raw/emurgo/delegation_history.csv
emurgo,pool1fh4sh2telea0tfdy39h0drx6uq566yt9gf24edpz7335sclx39z,11,14,218,331,2020-09-09 23:02:43,2022-03-29 00:11:01,legacy/2026-05-20-pre-v2-import/data/raw/emurgo/delegation_history.csv
emurgo,pool1pfprlfz0ywcnewjegazz05ghgcfkvu40v6edsz6yn8w362sdjr8,11,15,215,411,2020-08-27 22:57:19,2023-05-01 06:58:00,legacy/2026-05-20-pre-v2-import/data/raw/emurgo/delegation_history.csv
emurgo,pool1q80jjs53w0fx836n8g38gtdwr8ck5zre3da90peuxn84sj3cu0r,11,34,210,572,2020-07-29 22:56:11,2025-07-15 07:25:58,legacy/2026-05-20-pre-v2-import/data/raw/emurgo/delegation_history.csv
emurgo,pool1qakys0fxx5p2fxcnsc2tyjpqa88q7qgtdh5t3a32hplv6fg25r9,11,13,402,616,2023-03-18 23:21:58,2026-02-21 04:05:20,legacy/2026-05-20-pre-v2-import/data/raw/emurgo/delegation_history.csv
emurgo,pool1qvvn2l690zm3v2p0f3vd66ly6cfs2wjqx34zpqcx5pwsx3eprtp,11,13,318,599,2022-01-24 00:02:05,2025-11-26 06:26:54,legacy/2026-05-20-pre-v2-import/data/raw/emurgo/delegation_history.csv
emurgo,pool1qzlw72zfwhhc0ptvzdpld06szu39x9mlm6782efy6sluz932fx6,11,11,211,318,2020-08-07 08:31:11,2022-01-24 22:03:54,legacy/2026-05-20-pre-v2-import/data/raw/emurgo/delegation_history.csv
emurgo,pool1qzlw7z5mutmd39ldyjnp8n650weqe55z5p8dl3fagac3ge0nx8l,11,16,210,451,2020-07-29 22:13:51,2023-11-20 19:30:54,legacy/2026-05-20-pre-v2-import/data/raw/emurgo/delegation_history.csv
emurgo,pool1qzlwlpcsgflr9z3f24fg836tyq45p0kf5cnrp20s8v0psp6tdkx,11,16,210,360,2020-07-29 22:14:31,2022-08-22 21:52:18,legacy/2026-05-20-pre-v2-import/data/raw/emurgo/delegation_history.csv
emurgo,pool1u8yequt4vq3jhajeegc02r3msnne6krayxuzrypaz8jkq5v5pux,11,14,271,322,2021-06-03 06:28:25,2022-02-14 09:35:05,legacy/2026-05-20-pre-v2-import/data/raw/emurgo/delegation_history.csv
emurgo,pool1vxz0deezj5c2950e7arpzfqxzq8zd9kawsullrzjw5rsq0yhxgr,11,11,210,258,2020-07-30 00:08:31,2021-03-26 23:47:22,legacy/2026-05-20-pre-v2-import/data/raw/emurgo/delegation_history.csv
emurgo,pool1y53awxsm6cmksp8qht8qfq5f5c69t6mrgrdcresk5y0ecv2yj93,11,11,249,317,2021-02-10 16:49:43,2022-01-17 13:58:07,legacy/2026-05-20-pre-v2-import/data/raw/emurgo/delegation_history.csv
emurgo,pool104gtn3hvp9lz5l6wevhjj98e45s7rfaa4zzvk9pex7nn786qncr,10,11,279,408,2021-07-14 15:12:27,2023-04-17 20:22:53,legacy/2026-05-20-pre-v2-import/data/raw/emurgo/delegation_history.csv
emurgo,pool10capak8jppvj8h46e35xdth6h22pahtr3lcgscrpa06jzv0xn8w,10,11,214,331,2020-08-20 09:56:31,2022-03-30 01:07:43,legacy/2026-05-20-pre-v2-import/data/raw/emurgo/delegation_history.csv
emurgo,pool10quq4wlghwrvmhdzc7geq22pyhzegccwj56ax2g8hx0cjfahufs,10,13,210,297,2020-08-02 23:48:51,2021-10-08 18:48:24,legacy/2026-05-20-pre-v2-import/data/raw/emurgo/delegation_history.csv
emurgo,pool10zyf32q3w3n9x940j6yqgkwuegzn77p94wcmpku6gvmrqw8a97d,10,12,224,325,2020-10-11 16:13:18,2022-02-26 04:48:38,legacy/2026-05-20-pre-v2-import/data/raw/emurgo/delegation_history.csv
emurgo,pool15f9qklmaajysmwx9n3rkgc5s2g3rfffz4x8spnedtzdgq43tpe2,10,15,211,383,2020-08-04 18:05:51,2022-12-12 19:04:28,legacy/2026-05-20-pre-v2-import/data/raw/emurgo/delegation_history.csv
emurgo,pool15s7w4spg5ee7n7rprhs0dq78plw2mhjkpu5v97uvl27gz2way7z,10,11,476,617,2024-03-22 00:51:20,2026-02-26 17:42:02,legacy/2026-05-20-pre-v2-import/data/raw/emurgo/delegation_history.csv
emurgo,pool192pfftt48zc4x5aellvpufk6l6zxllpldw0rx82vrhqrqfhhqs2,10,10,501,583,2024-07-27 14:21:28,2025-09-11 15:32:49,legacy/2026-05-20-pre-v2-import/data/raw/emurgo/delegation_history.csv
emurgo,pool1cmaafeyy52ppz62jqmsm20c5p8nua7xx95lkkf96ktmqqj3w5td,10,20,247,482,2021-02-02 17:44:56,2024-04-23 15:50:36,legacy/2026-05-20-pre-v2-import/data/raw/emurgo/delegation_history.csv
emurgo,pool1efxh54fk0dj5uu2e4eu08klxl5ys3saphv3kec33kw3xv8738sc,10,13,236,325,2020-12-09 19:28:37,2022-03-01 19:22:53,legacy/2026-05-20-pre-v2-import/data/raw/emurgo/delegation_history.csv
emurgo,pool1gr7jlqk9kmhwuztdwcwf6nyr2teeq9r8h4y62ev0xrrvyvwly64,10,10,362,415,2022-09-02 18:17:46,2023-05-21 17:39:43,legacy/2026-05-20-pre-v2-import/data/raw/emurgo/delegation_history.csv
emurgo,pool1pclcqwg45da00d4py9qfry3k86w7vkzjgfmvyrpx75g7u8t9nwf,10,14,323,489,2022-02-14 23:43:17,2024-05-26 20:34:26,legacy/2026-05-20-pre-v2-import/data/raw/emurgo/delegation_history.csv
emurgo,pool1pemnlylem2e94xguhd3fytj90848kpv4agvr6rthx2tp58z79ek,10,10,238,525,2020-12-19 08:27:46,2024-11-24 01:25:09,legacy/2026-05-20-pre-v2-import/data/raw/emurgo/delegation_history.csv
emurgo,pool1pu5jlj4q9w9jlxeu370a3c9myx47md5j5m2str0naunn2q3lkdy,10,10,210,280,2020-07-29 22:25:51,2021-07-16 23:46:55,legacy/2026-05-20-pre-v2-import/data/raw/emurgo/delegation_history.csv
emurgo,pool1q9049mstrv5czwyylpf3xen08pmvsfsgtru4wf3zvc9uxat2sm0,10,10,419,585,2023-06-09 22:13:17,2025-09-19 19:15:30,legacy/2026-05-20-pre-v2-import/data/raw/emurgo/delegation_history.csv
emurgo,pool1qqqq4md2rfdt75qvh3x9cgmkrgkl74ctcj3fnxpu3ylcudl22ex,10,12,210,326,2020-08-03 11:44:51,2022-03-02 14:23:51,legacy/2026-05-20-pre-v2-import/data/raw/emurgo/delegation_history.csv
emurgo,pool1r3ax7pd3cgad5kttench60ttr23kvfpx3vzvd6c3azppgw7q93t,10,11,455,543,2023-12-11 15:17:30,2025-02-22 11:22:01,legacy/2026-05-20-pre-v2-import/data/raw/emurgo/delegation_history.csv
emurgo,pool1rj6apcqxcvavaxp22f75zs9upphena7ntsnut2efvq98g4404up,10,10,210,256,2020-08-02 20:26:31,2021-03-18 08:02:12,legacy/2026-05-20-pre-v2-import/data/raw/emurgo/delegation_history.csv
emurgo,pool1s79cqtwk5s24lcske704ckx7k2pagn8hc95rxvy3xfda6r62pg9,10,10,234,250,2020-12-01 16:43:30,2021-02-17 03:42:55,legacy/2026-05-20-pre-v2-import/data/raw/emurgo/delegation_history.csv
emurgo,pool1tpy5yawzpetcverves0h6xdycxgrstehfvrkygydt9jcqxwpw3j,10,10,325,455,2022-02-25 08:48:35,2023-12-09 09:12:14,legacy/2026-05-20-pre-v2-import/data/raw/emurgo/delegation_history.csv
emurgo,pool1w6l6rvhxtym5psec3mvgrjlg28d6hrv8g9jjexadzmxfgndfg2f,10,10,220,317,2020-09-19 10:42:59,2022-01-20 05:57:47,legacy/2026-05-20-pre-v2-import/data/raw/emurgo/delegation_history.csv
emurgo,pool1wyfau3rlkckr3clr4mkyxn9vdlrkup0fj7uyyflfccmms24gm3a,10,10,234,262,2020-11-27 04:09:51,2021-04-20 11:59:51,legacy/2026-05-20-pre-v2-import/data/raw/emurgo/delegation_history.csv
emurgo,pool10tqeu6d03p6rnalqlvdshmpsljxaq2c0ww6draq6xm8lgyl2a3p,9,9,225,572,2020-10-13 21:28:01,2025-07-13 22:35:54,legacy/2026-05-20-pre-v2-import/data/raw/emurgo/delegation_history.csv
emurgo,pool12n6lycv28kjtkzecfz2a3uujyxy6ewuwjcmjq84my67psqmgagv,9,9,219,256,2020-09-15 06:56:16,2021-03-20 08:25:57,legacy/2026-05-20-pre-v2-import/data/raw/emurgo/delegation_history.csv
emurgo,pool14wf6e8l64wktss9f30tjzm5th8u85vlc3sc4ulw87tfqkhdl3x6,9,9,234,235,2020-11-30 16:17:10,2020-12-06 21:19:20,legacy/2026-05-20-pre-v2-import/data/raw/emurgo/delegation_history.csv
emurgo,pool15nww4436eq733eypdq7vnllsnqyrwftw434xkvpm2mc2kfue2ux,9,10,252,365,2021-02-27 12:06:50,2022-09-14 14:03:59,legacy/2026-05-20-pre-v2-import/data/raw/emurgo/delegation_history.csv
emurgo,pool17ynruzy9lvq0x55ks22vtf4lrrdrw2ucydh4tfzhg9kkyeaw8nf,9,13,249,379,2021-02-12 07:43:11,2022-11-22 19:48:12,legacy/2026-05-20-pre-v2-import/data/raw/emurgo/delegation_history.csv
emurgo,pool1c3ecg6h4m73a2mftmdm9mz3gxklxmnzuwzl9e38lzd4y26qcm8a,9,10,232,290,2020-11-20 04:00:15,2021-09-03 16:20:08,legacy/2026-05-20-pre-v2-import/data/raw/emurgo/delegation_history.csv
emurgo,pool1cduc7ut6grhqyavrmm3gzcdf4qfdsjk7vdwcxy9c0r5fyaxh2sq,9,9,217,255,2020-09-03 08:23:35,2021-03-16 04:31:39,legacy/2026-05-20-pre-v2-import/data/raw/emurgo/delegation_history.csv
emurgo,pool1ewrm7y47s9hv6hxku9n5gfnsuspymp0qqpwgvgm9rvm37cek2h6,9,13,301,429,2021-10-31 21:15:26,2023-07-31 21:11:55,legacy/2026-05-20-pre-v2-import/data/raw/emurgo/delegation_history.csv
emurgo,pool1g6g2d09le8hd6nv9jhyavewdnw8tu0ndst4lqysd00ru24cav0a,9,9,210,407,2020-07-30 15:15:11,2023-04-14 14:26:24,legacy/2026-05-20-pre-v2-import/data/raw/emurgo/delegation_history.csv
emurgo,pool1h4gwh638485yd0xcw0pkrm935nvm4aecqsxjx2yzzz0u6dfj73q,9,10,308,324,2021-12-02 05:24:57,2022-02-21 05:00:47,legacy/2026-05-20-pre-v2-import/data/raw/emurgo/delegation_history.csv
emurgo,pool1j6dh3ynys827j38976q0q3s3c9hpzgx40kjcq4472h6m7d3t0hm,9,9,227,323,2020-10-26 20:11:26,2022-02-15 18:42:52,legacy/2026-05-20-pre-v2-import/data/raw/emurgo/delegation_history.csv
emurgo,pool1jql92je87mrx5gpjhmwr6a8a766cktcf5p0p8wd0wxq87nu80yf,9,9,256,327,2021-03-19 08:33:10,2022-03-07 16:38:06,legacy/2026-05-20-pre-v2-import/data/raw/emurgo/delegation_history.csv
emurgo,pool1l06jygvntdfqt77td6g5rp9s4nycue0vq837jmrygyktke23pcy,9,9,252,254,2021-02-26 01:01:11,2021-03-09 23:45:38,legacy/2026-05-20-pre-v2-import/data/raw/emurgo/delegation_history.csv
emurgo,pool1yj9xduuwzvdkcwm2mc9x893zq684x7pyah4ja8zmzplgvxz6wgk,9,10,248,285,2021-02-06 18:38:32,2021-08-09 17:53:20,legacy/2026-05-20-pre-v2-import/data/raw/emurgo/delegation_history.csv
emurgo,pool1zkdc6ve9nndk7vxnjlalhqt4hr5h8auz5qzjk7lrjrqtv23yuy5,9,9,468,603,2024-02-11 00:41:40,2025-12-18 10:54:20,legacy/2026-05-20-pre-v2-import/data/raw/emurgo/delegation_history.csv
emurgo,pool10efuydxjnasr0309lqklmj9xahupdnzqd59r5dqjeh4twz06tr0,8,8,213,387,2020-08-18 11:39:17,2023-01-04 18:20:36,legacy/2026-05-20-pre-v2-import/data/raw/emurgo/delegation_history.csv
emurgo,pool12jnulzs7j8lsku4r2a7q6tee6tt66872vwhqh8jxvgzn6837jtl,8,10,236,343,2020-12-10 06:52:33,2022-05-27 01:13:56,legacy/2026-05-20-pre-v2-import/data/raw/emurgo/delegation_history.csv
emurgo,pool13pt7us94nw782t5v4d89sz8zqn8hcn8r8r7hhph5mvxvvp3c76v,8,8,256,324,2021-03-18 08:38:09,2022-02-22 02:48:35,legacy/2026-05-20-pre-v2-import/data/raw/emurgo/delegation_history.csv
emurgo,pool17taqml487n9t4r9a6ppvf9qv0qlw2lu4zcrzwfdsfcv6xp7uqym,8,8,323,592,2022-02-14 22:59:26,2025-10-24 22:47:15,legacy/2026-05-20-pre-v2-import/data/raw/emurgo/delegation_history.csv
emurgo,pool1a23gmvalpdams9d42t7fur8vmknzjv7wd3nsvuvrc7dv66lnau0,8,9,325,550,2022-02-26 00:55:26,2025-03-28 18:52:44,legacy/2026-05-20-pre-v2-import/data/raw/emurgo/delegation_history.csv
emurgo,pool1d3gckjrphwytzw2uavgkxskwe08msumzsfj4lxnpcnpks3zjml3,8,10,318,548,2022-01-23 01:14:07,2025-03-19 00:15:08,legacy/2026-05-20-pre-v2-import/data/raw/emurgo/delegation_history.csv
emurgo,pool1e4tjrl3ve7dcqwa70pexds6f8llk0txx09gm3r4m472ej4p6473,8,10,231,524,2020-11-16 11:42:33,2024-11-16 16:58:51,legacy/2026-05-20-pre-v2-import/data/raw/emurgo/delegation_history.csv
emurgo,pool1g0nq3m3fnvd245k4favcvutn09vce0yshg535f68d2xa54vy0cc,8,8,234,306,2020-12-01 15:24:51,2021-11-26 16:01:11,legacy/2026-05-20-pre-v2-import/data/raw/emurgo/delegation_history.csv
emurgo,pool1jqw9cv37w0eewvdr36w2kacd2w9wh5uwm2y3vmc0fmdfc0ax26l,8,17,242,255,2021-01-06 09:20:41,2021-03-12 07:18:21,legacy/2026-05-20-pre-v2-import/data/raw/emurgo/delegation_history.csv
emurgo,pool1jx4ss2zjage3cw0wht3450328y82yeprmq4fr3e2qtac2rhezkv,8,10,210,294,2020-07-30 05:39:11,2021-09-23 02:33:21,legacy/2026-05-20-pre-v2-import/data/raw/emurgo/delegation_history.csv
emurgo,pool1k6knum588fm9fe5tmljeytyx65rv6h5jn8au824t86zt62nyd9e,8,8,235,262,2020-12-02 19:25:58,2021-04-16 15:43:17,legacy/2026-05-20-pre-v2-import/data/raw/emurgo/delegation_history.csv
emurgo,pool1k9w9u6rrn4f729hws6crwh4kc9jsdjq0e8q0f64jp0vzyallw02,8,8,296,299,2021-10-06 11:44:59,2021-10-19 19:03:42,legacy/2026-05-20-pre-v2-import/data/raw/emurgo/delegation_history.csv
emurgo,pool1ksh2u6kktx74ugv8jadrdqttwyjz9074ke82xt6j0qgfvdn43a5,8,8,234,253,2020-11-27 01:11:35,2021-03-03 22:56:41,legacy/2026-05-20-pre-v2-import/data/raw/emurgo/delegation_history.csv
emurgo,pool1pmeetaqhlsdc5yj8snp8j46hprs9mzghxcl63vch95trz3xwpln,8,9,322,342,2022-02-11 19:33:43,2022-05-21 07:09:15,legacy/2026-05-20-pre-v2-import/data/raw/emurgo/delegation_history.csv
emurgo,pool1pmrgd8snhv0nnj97xcg70nqqhg0v9g3d0e93jl8vn23wxtsxz53,8,9,224,269,2020-10-09 05:19:17,2021-05-25 09:17:40,legacy/2026-05-20-pre-v2-import/data/raw/emurgo/delegation_history.csv
emurgo,pool1q0memmdw4ktr88fkma53tqgkaqeq3wfc476le59rped4cu8tn4h,8,12,217,323,2020-09-07 19:43:13,2022-02-15 16:42:22,legacy/2026-05-20-pre-v2-import/data/raw/emurgo/delegation_history.csv
emurgo,pool1qqmvjqwzcg3p0x89a9hd6lgwvqq8wy2w6mcx0csaxq4x6xz7qyn,8,8,252,267,2021-02-25 16:08:26,2021-05-11 08:42:30,legacy/2026-05-20-pre-v2-import/data/raw/emurgo/delegation_history.csv
emurgo,pool1srdjughnhp8xnn0wlf7gj7v9k8lmzl9ht4vhksp5qqc66fnpccj,8,9,404,443,2023-03-31 13:03:11,2023-10-12 00:21:24,legacy/2026-05-20-pre-v2-import/data/raw/emurgo/delegation_history.csv
emurgo,pool1ulx9ennungrtcucslrpz93cze5fddlg96h0wwj83p6fpsrvgz2v,8,8,236,255,2020-12-07 19:25:53,2021-03-16 20:54:40,legacy/2026-05-20-pre-v2-import/data/raw/emurgo/delegation_history.csv
emurgo,pool127gdv243hfcrapslaqq0nnh64u2gts72gtrt4888g6g2z0zsu64,7,8,249,342,2021-02-12 13:58:10,2022-05-24 19:42:52,legacy/2026-05-20-pre-v2-import/data/raw/emurgo/delegation_history.csv
emurgo,pool12fclephansjkz0qn339w7mu9jwef2ty439as08avaw7fuyk56j6,7,9,210,235,2020-07-31 00:24:51,2020-12-01 23:55:33,legacy/2026-05-20-pre-v2-import/data/raw/emurgo/delegation_history.csv
emurgo,pool15hx9hze8ulcsw6e7ceelz2pem2g3u9c29wqe4eszkhspj3wcdlx,7,9,321,355,2022-02-08 00:55:00,2022-07-25 07:15:14,legacy/2026-05-20-pre-v2-import/data/raw/emurgo/delegation_history.csv
emurgo,pool15mv5w2vvfv2kplkrt40ylylyvdudv5axq5nyw6ln3v0gkd2auew,7,7,231,259,2020-11-15 13:14:51,2021-04-01 18:37:59,legacy/2026-05-20-pre-v2-import/data/raw/emurgo/delegation_history.csv
emurgo,pool15txd36fltfgc63qq0yxtpqt88eu76s0yhugn9a6q7f4zspq6k5f,7,7,210,420,2020-08-03 06:57:51,2023-06-17 15:24:56,legacy/2026-05-20-pre-v2-import/data/raw/emurgo/delegation_history.csv
emurgo,pool17pv7m8h5dxsyt55upay8n8ake2cgcz4mcr737um2tl8d2wthzqr,7,9,213,354,2020-08-14 22:07:26,2022-07-22 08:13:12,legacy/2026-05-20-pre-v2-import/data/raw/emurgo/delegation_history.csv
emurgo,pool180pfdeg9shtdu47hcjdw2kcxhz7r6pz3juzej8mkdjvtjt7mkm0,7,7,218,271,2020-09-11 21:58:55,2021-06-04 21:43:12,legacy/2026-05-20-pre-v2-import/data/raw/emurgo/delegation_history.csv
emurgo,pool18hzjrr0xhadznttzq0va5vdhz2xyzjrju5ac7ztkwajdg80uvw4,7,8,210,323,2020-07-30 18:55:11,2022-02-18 03:47:17,legacy/2026-05-20-pre-v2-import/data/raw/emurgo/delegation_history.csv
emurgo,pool18j287g2sccele52hhxc0csk2ghfghwndqm9yahdqnhjks840wtq,7,8,286,321,2021-08-14 15:24:45,2022-02-09 20:00:27,legacy/2026-05-20-pre-v2-import/data/raw/emurgo/delegation_history.csv
emurgo,pool190a9js7lk9lvmrngre7w268z9tz9xs9yz77audvw8ag4jerfdhx,7,7,217,235,2020-09-03 03:18:38,2020-12-06 05:56:36,legacy/2026-05-20-pre-v2-import/data/raw/emurgo/delegation_history.csv
emurgo,pool19nw9emug78q4uxwr8lv0glvmmzwr6lhylgy4ztaagjsjvyqjylw,7,14,259,323,2021-04-01 19:22:12,2022-02-15 12:18:05,legacy/2026-05-20-pre-v2-import/data/raw/emurgo/delegation_history.csv
emurgo,pool1cd987kw92e3nmjywcfwfws79a09rwp0p0xj5mdtr39qukxgp9uf,7,8,215,473,2020-08-27 18:28:57,2024-03-08 18:52:08,legacy/2026-05-20-pre-v2-import/data/raw/emurgo/delegation_history.csv
emurgo,pool1cspe7naf0mtntwyysqxk6czah3jlh6v4cja8pdfju932yxsehnm,7,7,350,442,2022-06-30 08:16:14,2023-10-07 15:15:00,legacy/2026-05-20-pre-v2-import/data/raw/emurgo/delegation_history.csv
emurgo,pool1djg8jsygtculv3q2qdrxtnpxfq003pdxcvlw2pvfupq7jm5xpgp,7,8,239,296,2020-12-22 19:03:25,2021-10-04 03:41:22,legacy/2026-05-20-pre-v2-import/data/raw/emurgo/delegation_history.csv
emurgo,pool1e556526sqwugxwnmeumt9lhj5jukklg8vv3ynk75xt9vs7adr5y,7,9,211,264,2020-08-04 21:47:51,2021-04-25 23:07:54,legacy/2026-05-20-pre-v2-import/data/raw/emurgo/delegation_history.csv
emurgo,pool1ea9mdplehlxeqhv8ax9ldh36gltqqma7c5cm30jw09r2y30646r,7,7,233,258,2020-11-24 13:54:51,2021-03-30 18:28:18,legacy/2026-05-20-pre-v2-import/data/raw/emurgo/delegation_history.csv
emurgo,pool1fu567g42mlv9f7enek7zeh94c0aht98w44du7s29t0elzd9yazz,7,7,236,251,2020-12-07 13:57:46,2021-02-21 10:02:18,legacy/2026-05-20-pre-v2-import/data/raw/emurgo/delegation_history.csv
emurgo,pool1gas95lqlch5pj5e4lwg78gxlq7km9xfurfd557x4tgwk5kktd04,7,8,317,389,2022-01-16 22:24:34,2023-01-11 21:27:33,legacy/2026-05-20-pre-v2-import/data/raw/emurgo/delegation_history.csv
emurgo,pool1gsrcrjm6ctkquef6m8jsyvplv0j357hupn92uklqdcm7729ytv6,7,8,303,393,2021-11-09 21:02:55,2023-02-03 15:50:31,legacy/2026-05-20-pre-v2-import/data/raw/emurgo/delegation_history.csv
emurgo,pool1j6490a90qefvsqxdurf99z9ld50rtthaz9ms6c8xh78s52veuq2,7,8,242,282,2021-01-09 10:57:15,2021-07-28 15:41:20,legacy/2026-05-20-pre-v2-import/data/raw/emurgo/delegation_history.csv
emurgo,pool1krznhwu3h5pu2stuslr53z5rme50t6384macsmylcnljwc7yjky,7,7,241,596,2021-01-05 16:44:46,2025-11-12 11:21:11,legacy/2026-05-20-pre-v2-import/data/raw/emurgo/delegation_history.csv
emurgo,pool1llxh8l0h8g9ghz3nrzh7ndvev4x43vnk72nsemzm795vxqs6dp8,7,7,210,229,2020-08-02 11:48:31,2020-11-06 02:00:11,legacy/2026-05-20-pre-v2-import/data/raw/emurgo/delegation_history.csv
emurgo,pool1m0drnjxsvnlesq0rwmur2rh6lenuql57jfzd6cf6aegj2cv7ugy,7,11,493,574,2024-06-18 10:07:17,2025-07-28 06:28:08,legacy/2026-05-20-pre-v2-import/data/raw/emurgo/delegation_history.csv
emurgo,pool1n2yp66zk6m33sg8k20hsvmk9tw7xeeswzdcfxhnx9hm9jkxv5k4,7,8,266,323,2021-05-09 20:28:56,2022-02-18 21:41:26,legacy/2026-05-20-pre-v2-import/data/raw/emurgo/delegation_history.csv
emurgo,pool1qku2yhky7sv4dfjfv42uyvauhehuqevk25aw952d7ulzqzx3jcu,7,8,243,604,2021-01-14 18:24:05,2025-12-22 02:52:45,legacy/2026-05-20-pre-v2-import/data/raw/emurgo/delegation_history.csv
emurgo,pool1qqqqx69ztfvd83rtafs3mk4lwanehrglmp2vwkjpaguecs2t4c2,7,7,317,320,2022-01-18 05:33:38,2022-02-04 16:14:42,legacy/2026-05-20-pre-v2-import/data/raw/emurgo/delegation_history.csv
emurgo,pool1qzlwlyu92fsx94qu6u5nw3sy334f5yat3dv3jgx0grrsv0kp422,7,8,210,318,2020-08-02 12:31:51,2022-01-22 06:21:46,legacy/2026-05-20-pre-v2-import/data/raw/emurgo/delegation_history.csv
emurgo,pool1s2rj8t2a5tfv0rpsfak77g03h96uv3rqxp62t6jm3dh45g2e2pj,7,7,247,263,2021-02-02 15:14:54,2021-04-24 08:38:50,legacy/2026-05-20-pre-v2-import/data/raw/emurgo/delegation_history.csv
emurgo,pool1spus7k8cy5qcs82xhw60dwwk2d4vrfs0m5vr2zst04gtq700gjn,7,7,210,240,2020-07-30 06:46:31,2020-12-31 06:55:04,legacy/2026-05-20-pre-v2-import/data/raw/emurgo/delegation_history.csv
emurgo,pool1sr953s548fudyhmfm082xp0mensv2gxzt4qpe466ykw0z3jjzvv,7,10,212,398,2020-08-12 19:38:31,2023-03-01 17:42:45,legacy/2026-05-20-pre-v2-import/data/raw/emurgo/delegation_history.csv
emurgo,pool1tmt8thfaqeqv499l3s7k5kl64s84nycvnx55ll3ksm9hq50p0ks,7,7,305,402,2021-11-20 21:34:17,2023-03-19 14:50:03,legacy/2026-05-20-pre-v2-import/data/raw/emurgo/delegation_history.csv
emurgo,pool1twu4rn366744tqq9g66ruy3rete6842z7nnm4vy0q5jaqd48867,7,8,210,255,2020-07-30 14:44:31,2021-03-16 21:35:42,legacy/2026-05-20-pre-v2-import/data/raw/emurgo/delegation_history.csv
emurgo,pool1uzla0r73fvpnvxr07m98nfzlxcv3q26mkjz00cqjfh7uqsyjkju,7,7,232,331,2020-11-21 19:42:07,2022-03-31 01:50:44,legacy/2026-05-20-pre-v2-import/data/raw/emurgo/delegation_history.csv
emurgo,pool1vdh6kxcqt9mxavyv80ggnec6jjwms44ms30rhle3lt266aj8jgh,7,9,317,319,2022-01-17 05:48:46,2022-01-30 13:49:09,legacy/2026-05-20-pre-v2-import/data/raw/emurgo/delegation_history.csv
emurgo,pool1w4am4s9w4gkt8r0245km62vtnnv9hhq6j68exzh2pyaxxfaq0gc,7,7,233,254,2020-11-23 08:27:23,2021-03-08 18:50:05,legacy/2026-05-20-pre-v2-import/data/raw/emurgo/delegation_history.csv
emurgo,pool1wjext9skqge8x7z5asvvmezlal6npjk8v2aduavt6fehyzhnu5a,7,8,256,322,2021-03-17 08:12:37,2022-02-14 19:36:50,legacy/2026-05-20-pre-v2-import/data/raw/emurgo/delegation_history.csv
emurgo,pool1xkwnlr34tjrnkz6u4c0p36cju3xuls4dyynsdkf6cv22ksuhz6q,7,7,523,597,2024-11-15 18:24:05,2025-11-19 17:00:19,legacy/2026-05-20-pre-v2-import/data/raw/emurgo/delegation_history.csv
emurgo,pool1yl76e0fhq0kcfy2jqs2mt6hl9xeyrnesehqp0p4s896lwv7hrta,7,9,235,505,2020-12-02 13:44:29,2024-08-13 17:22:48,legacy/2026-05-20-pre-v2-import/data/raw/emurgo/delegation_history.csv
emurgo,pool1030vz0wxheg0dvarr8hmeavelpszmp52qucs68c7wc9uga6n6e4,6,6,266,268,2021-05-08 12:57:50,2021-05-19 02:49:17,legacy/2026-05-20-pre-v2-import/data/raw/emurgo/delegation_history.csv
emurgo,pool10eltx2wej46e62ulmwzm35xfu0azu47yvpjper7gwhncqe74vg6,6,6,250,561,2021-02-15 17:03:24,2025-05-22 13:30:04,legacy/2026-05-20-pre-v2-import/data/raw/emurgo/delegation_history.csv
emurgo,pool10r8gk6z4epj36rluw3klk5k0uzfcdc0rw9cu0zuyxw56quaksrv,6,7,223,395,2020-10-07 06:40:32,2023-02-11 07:25:34,legacy/2026-05-20-pre-v2-import/data/raw/emurgo/delegation_history.csv
emurgo,pool10s6zdzdnncnfc200wnlp9endaeud76v424zdnurx9askwshm02x,6,6,402,406,2023-03-17 19:49:51,2023-04-06 16:55:24,legacy/2026-05-20-pre-v2-import/data/raw/emurgo/delegation_history.csv
emurgo,pool1457cnl7qu568h98xrw8krfnjkhf05mfhaq2l50epwy36yuln20q,6,6,442,583,2023-10-05 03:56:29,2025-09-10 13:12:46,legacy/2026-05-20-pre-v2-import/data/raw/emurgo/delegation_history.csv
emurgo,pool14fjmlppz76667ws3jl5luejf2wgztuhpsftulvh3ucc65anqgve,6,7,256,459,2021-03-21 05:18:37,2023-12-27 06:50:09,legacy/2026-05-20-pre-v2-import/data/raw/emurgo/delegation_history.csv
emurgo,pool14mm59ntjqzphjr6chrww639cdr3yjce4qcwzc5jkk38y22u7uc6,6,6,210,212,2020-07-30 12:18:31,2020-08-11 12:22:31,legacy/2026-05-20-pre-v2-import/data/raw/emurgo/delegation_history.csv
emurgo,pool14rnkjjate6rqa7f9xmezgwne99n8hlahg7ymcyhzkhus758r3h7,6,6,420,469,2023-06-17 15:23:08,2024-02-18 22:52:40,legacy/2026-05-20-pre-v2-import/data/raw/emurgo/delegation_history.csv
emurgo,pool155cu3s06js3llfh07vnzepatfuvt3s5s7uwldt9rzz55wz7pugt,6,7,214,253,2020-08-20 01:23:11,2021-03-03 08:42:23,legacy/2026-05-20-pre-v2-import/data/raw/emurgo/delegation_history.csv
emurgo,pool15cy4p3axu0m6sfrmxsp46z5cevx3ruksfwjl48730cgx24j4ydz,6,6,306,620,2021-11-23 14:52:10,2026-03-15 07:39:06,legacy/2026-05-20-pre-v2-import/data/raw/emurgo/delegation_history.csv
emurgo,pool1a600v0jd2z3yajazd80phln3exekumm7g56d9yvlrh6vx8dx2fc,6,8,217,255,2020-09-03 11:07:28,2021-03-12 06:23:38,legacy/2026-05-20-pre-v2-import/data/raw/emurgo/delegation_history.csv
emurgo,pool1a8n7f97dmgtgrnl53exccknjdchqxrr9508hlxlgqp6xvjmzhej,6,7,445,489,2023-10-18 11:56:52,2024-05-29 08:51:42,legacy/2026-05-20-pre-v2-import/data/raw/emurgo/delegation_history.csv
emurgo,pool1c0xj2fa97zuz4phld87atg6yphz3hju409fm5xgnwuuvqww25qj,6,8,253,457,2021-03-02 20:03:20,2023-12-21 15:55:40,legacy/2026-05-20-pre-v2-import/data/raw/emurgo/delegation_history.csv
emurgo,pool1ccr56kt2f5tzjvztlkf8zhkpvaawkduwfye8ydsk646lz0m4h5x,6,6,254,323,2021-03-09 18:39:09,2022-02-17 22:01:36,legacy/2026-05-20-pre-v2-import/data/raw/emurgo/delegation_history.csv
emurgo,pool1cpr59c88ps8499gtgegr3muhclr7dln35g9a3rqmv4dkxg9n3h8,6,6,323,335,2022-02-16 16:36:43,2022-04-17 22:19:47,legacy/2026-05-20-pre-v2-import/data/raw/emurgo/delegation_history.csv
emurgo,pool1cunvnkjkzh2lna593sjmkylcr3r5rmxdpr8r9u6pfuer72p24x4,6,8,511,557,2024-09-13 21:34:19,2025-05-02 02:31:56,legacy/2026-05-20-pre-v2-import/data/raw/emurgo/delegation_history.csv
emurgo,pool1d76p7zfn2ydq577z4wsvmnl2lx4cxa3s5vplfuhvr8qfw8hd05j,6,6,236,255,2020-12-11 13:06:33,2021-03-16 07:49:02,legacy/2026-05-20-pre-v2-import/data/raw/emurgo/delegation_history.csv
emurgo,pool1eqj3dzpkcklc2r0v8pt8adrhrshq8m4zsev072ga7a52uj5wv5c,6,7,362,536,2022-08-29 14:58:07,2025-01-16 15:09:42,legacy/2026-05-20-pre-v2-import/data/raw/emurgo/delegation_history.csv
emurgo,pool1f2wfjqkf2wx6jq93pdck6hgmy9zgw32lmvrq9zejl7scqxjqfze,6,7,472,557,2024-03-04 09:25:43,2025-05-01 10:26:08,legacy/2026-05-20-pre-v2-import/data/raw/emurgo/delegation_history.csv
emurgo,pool1gxvkc0576e75065p5k0csvwme9y2qrefd5ga66nx0z65xxjt8jk,6,7,464,472,2024-01-23 18:09:09,2024-03-04 09:33:00,legacy/2026-05-20-pre-v2-import/data/raw/emurgo/delegation_history.csv
emurgo,pool1hcg8sa642l0xeygkzvpgn3sfj5s2yeuzpws7a0gypyy7grrjcje,6,6,210,248,2020-07-30 12:58:51,2021-02-09 11:47:45,legacy/2026-05-20-pre-v2-import/data/raw/emurgo/delegation_history.csv
emurgo,pool1ju8f57hyvaa32tp85r468kuedvmjmcy56f8u9968drea57p50l5,6,6,250,435,2021-02-18 00:42:24,2023-09-02 04:16:49,legacy/2026-05-20-pre-v2-import/data/raw/emurgo/delegation_history.csv
emurgo,pool1jyutduy73e5u9877uns3k9rm0tf4r24j8lrn4xtkjpl3q5sn5mw,6,6,210,332,2020-08-03 05:38:31,2022-04-02 12:53:49,legacy/2026-05-20-pre-v2-import/data/raw/emurgo/delegation_history.csv
emurgo,pool1kmsr376syqkluhxvv8k2axugqw7unjmlkwhfxjxtj7cw7qcn0jn,6,7,317,559,2022-01-18 08:59:02,2025-05-10 23:51:58,legacy/2026-05-20-pre-v2-import/data/raw/emurgo/delegation_history.csv
emurgo,pool1kvd03hq8kp0hnxq9lq598a5amrvauj9m386rwx7ydawvjdskwnh,6,6,248,401,2021-02-09 09:56:04,2023-03-11 23:48:43,legacy/2026-05-20-pre-v2-import/data/raw/emurgo/delegation_history.csv
emurgo,pool1l6aeyn35nkqkn9lqqlwqnpraakdzuukjrqprcrj3sctk6hhe32k,6,6,279,468,2021-07-13 13:34:51,2024-02-11 07:08:34,legacy/2026-05-20-pre-v2-import/data/raw/emurgo/delegation_history.csv
emurgo,pool1nhd907krga9dh69kf0jg4tl0764rravepy337gptvsknxyyx94k,6,8,245,419,2021-01-22 14:59:25,2023-06-10 22:20:43,legacy/2026-05-20-pre-v2-import/data/raw/emurgo/delegation_history.csv
emurgo,pool1pf6yhzdr9vpct5rc3dtwersl4lyuglp80l4jc67kf2qj29xjg2u,6,7,214,323,2020-08-23 04:36:10,2022-02-15 15:51:29,legacy/2026-05-20-pre-v2-import/data/raw/emurgo/delegation_history.csv
emurgo,pool1r0sxz0hygfc0266lhdclve6j3cwcwlth6dya6uey65yxjnwm7qc,6,6,259,324,2021-04-02 16:18:15,2022-02-24 21:33:17,legacy/2026-05-20-pre-v2-import/data/raw/emurgo/delegation_history.csv
emurgo,pool1r55hyfrd3tw6nzpkvf4rfceh2f04yph92fc462phnd0akp2s5r6,6,7,256,396,2021-03-20 00:35:46,2023-02-14 22:12:37,legacy/2026-05-20-pre-v2-import/data/raw/emurgo/delegation_history.csv
emurgo,pool1rcd7qslz3xnpnk9u6tcwegy5r2574uf8suqu24ptg637jha3sr5,6,6,219,260,2020-09-15 10:30:05,2021-04-10 16:23:24,legacy/2026-05-20-pre-v2-import/data/raw/emurgo/delegation_history.csv
emurgo,pool1szy2tdjj8a4av365wk3q2fqg9srllmt0383e6v9p664ng076x9e,6,8,326,465,2022-03-02 19:45:03,2024-01-29 03:47:29,legacy/2026-05-20-pre-v2-import/data/raw/emurgo/delegation_history.csv
emurgo,pool1t6n7rysk6wzm9wqxda6zxpzmm3j6256fs3mp06dc26n6503hhj4,6,8,512,614,2024-09-18 14:15:03,2026-02-13 13:21:24,legacy/2026-05-20-pre-v2-import/data/raw/emurgo/delegation_history.csv
emurgo,pool1tdvqgy6mq7lx7d345e276xmgmhh3s4zj8dzu6xzq5m7rx4tzkg2,6,6,255,575,2021-03-15 18:56:24,2025-08-02 15:24:22,legacy/2026-05-20-pre-v2-import/data/raw/emurgo/delegation_history.csv
emurgo,pool1uthdnav2zc2hxpg2hyeyy545lnxtl8lqdcdqxjm0j8t5srmyvzj,6,6,211,266,2020-08-08 05:29:51,2021-05-09 06:30:54,legacy/2026-05-20-pre-v2-import/data/raw/emurgo/delegation_history.csv
emurgo,pool1xj5f7a79lnc9v0gjn00fkf2lyzexngka59tpcew5rrkyqveagpt,6,12,231,331,2020-11-12 07:47:01,2022-03-27 14:39:22,legacy/2026-05-20-pre-v2-import/data/raw/emurgo/delegation_history.csv
emurgo,pool1xppj5zu9kmuqk05u6dtd3dmtj7fl25cvjyzsc95gmfyjywaslnp,6,9,237,268,2020-12-16 00:47:03,2021-05-20 12:57:10,legacy/2026-05-20-pre-v2-import/data/raw/emurgo/delegation_history.csv
emurgo,pool1xs34q2z06a46nk7hl48d27dj5gzc6hh9trugw2ehs9ajsevqffx,6,6,471,612,2024-02-29 12:20:07,2026-01-31 18:06:48,legacy/2026-05-20-pre-v2-import/data/raw/emurgo/delegation_history.csv
emurgo,pool10ysem79xjxd223plxqws0fheawd78znr3qs4h2h422gmxa40amu,5,6,256,325,2021-03-17 16:58:47,2022-02-25 08:47:24,legacy/2026-05-20-pre-v2-import/data/raw/emurgo/delegation_history.csv
emurgo,pool1258yqnsegc3k7raqcdkxu4893aqexxljflmg9g96yfha2qytayv,5,5,263,286,2021-04-22 06:37:12,2021-08-15 17:28:22,legacy/2026-05-20-pre-v2-import/data/raw/emurgo/delegation_history.csv
emurgo,pool12rs385dd534g8gtdtmnvlhq63whdvc6vnuzxa5cpx843zdy73qy,5,5,250,317,2021-02-19 14:11:20,2022-01-17 14:33:38,legacy/2026-05-20-pre-v2-import/data/raw/emurgo/delegation_history.csv
emurgo,pool12vv4c6z7yf8j4m2amzej4j8tn2d4dxklqk5nqztz7wl02gratjp,5,5,253,277,2021-03-06 18:13:44,2021-07-04 21:13:52,legacy/2026-05-20-pre-v2-import/data/raw/emurgo/delegation_history.csv
emurgo,pool13hxlxd6qa68fmfhrvvmasa0mjg30tj9p5v2lmgmgsmrp2rgzkfp,5,5,455,594,2023-12-09 03:18:21,2025-11-01 04:35:39,legacy/2026-05-20-pre-v2-import/data/raw/emurgo/delegation_history.csv
emurgo,pool1429egqgv60r3nxlp6cvs08qcffv7duddjvyjd0pt6wzhj7akda8,5,6,250,484,2021-02-17 22:23:58,2024-05-01 20:57:55,legacy/2026-05-20-pre-v2-import/data/raw/emurgo/delegation_history.csv
emurgo,pool144m894gswuy3se407ma5870nkaw5ylykrak73gf4kpepj50ulfa,5,6,210,290,2020-07-30 10:37:31,2021-09-05 04:55:32,legacy/2026-05-20-pre-v2-import/data/raw/emurgo/delegation_history.csv
emurgo,pool16fa03u6u85ek2q8lryqprngpahglssj5qqh66pfaxf34vgu5rhl,5,6,296,328,2021-10-04 08:41:34,2022-03-14 08:57:48,legacy/2026-05-20-pre-v2-import/data/raw/emurgo/delegation_history.csv
emurgo,pool179rm8hz6zw9v9z5ghs85vf4q7vlanvqurxanxzrszjshwaarkck,5,5,246,256,2021-01-26 17:23:03,2021-03-18 08:36:36,legacy/2026-05-20-pre-v2-import/data/raw/emurgo/delegation_history.csv
emurgo,pool18872nzahx0h2f7j58pxrn5rjektn8na8p4amv08x2xj8qkht30g,5,7,279,341,2021-07-10 14:00:38,2022-05-16 03:03:16,legacy/2026-05-20-pre-v2-import/data/raw/emurgo/delegation_history.csv
emurgo,pool19ae6xhzsscypyha0sszv90xwjsh20hxecxjpcqynshfawvwxqnn,5,5,210,445,2020-07-30 12:34:31,2023-10-18 08:32:39,legacy/2026-05-20-pre-v2-import/data/raw/emurgo/delegation_history.csv
emurgo,pool19lz8nyz0jjpdrdtnjaar4untk4th23gpg5s7aegn7480zff4vgq,5,7,235,269,2020-12-02 14:35:22,2021-05-21 17:01:33,legacy/2026-05-20-pre-v2-import/data/raw/emurgo/delegation_history.csv
emurgo,pool1aq2kqdp9xf9w47vttvmqnahwd4scz2qyddsr9l4mfru4qddg3kr,5,6,334,404,2022-04-13 10:29:24,2023-03-29 07:13:29,legacy/2026-05-20-pre-v2-import/data/raw/emurgo/delegation_history.csv
emurgo,pool1cf7mqj0xd8z4jqhr7nf565mxuvepk8euv5t6ehmuwe49kfz9llr,5,6,262,324,2021-04-16 05:30:35,2022-02-22 22:55:54,legacy/2026-05-20-pre-v2-import/data/raw/emurgo/delegation_history.csv
emurgo,pool1crprz3rdcwvfxmc0s4gxquh3qeqmscww2qfvpl93q52yyn7agsc,5,5,210,239,2020-07-30 13:06:31,2020-12-22 14:41:31,legacy/2026-05-20-pre-v2-import/data/raw/emurgo/delegation_history.csv
emurgo,pool1ddskftmsscw92d7vnj89pldwx5feegkgcmamgt5t0e4lkd7mdp8,5,6,210,213,2020-07-29 22:15:11,2020-08-18 10:00:46,legacy/2026-05-20-pre-v2-import/data/raw/emurgo/delegation_history.csv
emurgo,pool1df9rj4n0t3zlpak7xnh4ue6t3yh9zlw7a02w4l8askp77up25rt,5,7,311,575,2021-12-20 09:43:26,2025-08-01 14:08:57,legacy/2026-05-20-pre-v2-import/data/raw/emurgo/delegation_history.csv
emurgo,pool1dmqzwuql5mylffvn7ln3pr9j7kh4gdsssrmma5wgx56f6rtyf42,5,7,212,406,2020-08-11 13:25:51,2023-04-06 00:28:46,legacy/2026-05-20-pre-v2-import/data/raw/emurgo/delegation_history.csv
emurgo,pool1dqlgn7smehsnj5ztz8almy2036lfhrdjv79nmg9tmje0zzt620h,5,6,215,263,2020-08-24 20:20:24,2021-04-23 16:03:53,legacy/2026-05-20-pre-v2-import/data/raw/emurgo/delegation_history.csv
emurgo,pool1e59h5m5vyggszyafel7zvcnsayt2de7wyxyezlrsmm4a679q3zr,5,5,461,477,2024-01-06 16:16:02,2024-03-29 05:30:03,legacy/2026-05-20-pre-v2-import/data/raw/emurgo/delegation_history.csv
emurgo,pool1f3qeehc4htjqpwv248kf5lfaumd0e84jtze379ev3ywa2w69aam,5,5,296,322,2021-10-07 18:53:29,2022-02-11 07:53:24,legacy/2026-05-20-pre-v2-import/data/raw/emurgo/delegation_history.csv
emurgo,pool1gqvrgg7zycvf65ydkjeph72t0yx0f5ykzd9f477zh4f3smwk997,5,5,212,324,2020-08-09 02:52:31,2022-02-23 23:15:43,legacy/2026-05-20-pre-v2-import/data/raw/emurgo/delegation_history.csv
emurgo,pool1gr5pa4shzsyefw445qrpn5pxnuxa8tuev0jquz04acdx6efjpvg,5,7,305,327,2021-11-18 02:04:01,2022-03-10 00:18:33,legacy/2026-05-20-pre-v2-import/data/raw/emurgo/delegation_history.csv
emurgo,pool1gx6eawfvnhckevmlzhfz9j3uzj92j2wgww0mdd2fu5d4zd4wvaa,5,5,242,331,2021-01-08 09:59:26,2022-03-28 18:35:55,legacy/2026-05-20-pre-v2-import/data/raw/emurgo/delegation_history.csv
emurgo,pool1heks0vmxkfka2amg9c8yn8qdsxvgmzelfx6jhpfkj8ht5mn0r2m,5,5,219,588,2020-09-14 10:10:50,2025-10-02 20:41:14,legacy/2026-05-20-pre-v2-import/data/raw/emurgo/delegation_history.csv
emurgo,pool1hhy7qvgc2lmjlwg8z6yag67yjylrquy9hgxwyhgps5e07m8h0ep,5,7,242,314,2021-01-09 20:05:16,2022-01-02 04:32:44,legacy/2026-05-20-pre-v2-import/data/raw/emurgo/delegation_history.csv
emurgo,pool1hnnfvsq3xlln6vz7d2xmk6kqekd5z4ctmfpdad8g8kr0yk8kdfd,5,5,309,416,2021-12-07 01:56:33,2023-05-26 09:24:27,legacy/2026-05-20-pre-v2-import/data/raw/emurgo/delegation_history.csv
emurgo,pool1hv3yae6keeeu2y7eusejx4swd2myfkurldt7lasn2qu4xk20j8m,5,7,232,317,2020-11-21 18:17:03,2022-01-19 21:59:47,legacy/2026-05-20-pre-v2-import/data/raw/emurgo/delegation_history.csv
emurgo,pool1je2n5smmnyn3lh92xrp8nepjyfp596ypga6pmdecwtcrcj9uvec,5,7,285,323,2021-08-12 08:05:34,2022-02-15 23:20:14,legacy/2026-05-20-pre-v2-import/data/raw/emurgo/delegation_history.csv
emurgo,pool1jgwu8lq3dqddnnx7prymcgcyrqy0fdlghg33he2hmw9t2gma3zd,5,5,210,317,2020-08-01 01:49:51,2022-01-18 07:30:21,legacy/2026-05-20-pre-v2-import/data/raw/emurgo/delegation_history.csv
emurgo,pool1jpezycd8q3l6a255dv8wt7vpt4aay8llqakdn7vkum5swes4hu3,5,5,219,295,2020-09-13 09:49:08,2021-10-02 21:26:08,legacy/2026-05-20-pre-v2-import/data/raw/emurgo/delegation_history.csv
emurgo,pool1ksfzungz56vxa9sy6hr54v5hf6qx8rmcu6734gqm3qlxucveed6,5,5,287,323,2021-08-21 20:23:39,2022-02-19 00:26:45,legacy/2026-05-20-pre-v2-import/data/raw/emurgo/delegation_history.csv
emurgo,pool1l0m820vyqh5pp2yzpw973qzz23neqqd977u0uczh9fs9zqvg0je,5,5,426,536,2023-07-16 09:35:07,2025-01-16 11:12:11,legacy/2026-05-20-pre-v2-import/data/raw/emurgo/delegation_history.csv
emurgo,pool1lrnyqdlrj97d0ju5j6d9xa8prw0xeyumfd53rz5wk3gf7czqzjz,5,5,252,434,2021-02-26 15:53:25,2023-08-25 11:13:48,legacy/2026-05-20-pre-v2-import/data/raw/emurgo/delegation_history.csv
emurgo,pool1ls80gx9sen3qc7s6c7u2ajw6hk8faqanljugcg5tfukp6qscetv,5,5,282,282,2021-07-25 05:22:43,2021-07-28 14:59:35,legacy/2026-05-20-pre-v2-import/data/raw/emurgo/delegation_history.csv
emurgo,pool1meljzszklf23y97ka5sjqwasnel50xe5ar68gz70slm0jmt2wxs,5,15,249,419,2021-02-10 07:07:29,2023-06-13 13:42:43,legacy/2026-05-20-pre-v2-import/data/raw/emurgo/delegation_history.csv
emurgo,pool1mm7avcuw8v6f86esqtt6xx6rkagryrfq22y994snes832rjs2mt,5,5,247,253,2021-01-30 23:45:33,2021-03-03 15:57:32,legacy/2026-05-20-pre-v2-import/data/raw/emurgo/delegation_history.csv
emurgo,pool1mn6relcs7dn2fqzfq5yjlwxa49d900p5sdpw62jlx45k2djgwe4,5,6,210,513,2020-08-03 04:48:31,2024-09-23 07:57:00,legacy/2026-05-20-pre-v2-import/data/raw/emurgo/delegation_history.csv
emurgo,pool1my7sevxtc4dfvj626q0ujqqukntfa2v0uuydq6wd8x8hvml03rn,5,6,244,359,2021-01-16 03:47:58,2022-08-16 19:19:20,legacy/2026-05-20-pre-v2-import/data/raw/emurgo/delegation_history.csv
emurgo,pool1newmccddazerzanrdeeelvzk6vzh9stxn5n8ravshqa05n0t83u,5,6,420,522,2023-06-17 12:41:11,2024-11-10 00:13:04,legacy/2026-05-20-pre-v2-import/data/raw/emurgo/delegation_history.csv
emurgo,pool1nzsjg3cuam3uj39qusn44cs2uj7h30lppqsrqsllwxs2c8fx4xs,5,5,283,291,2021-07-31 02:13:41,2021-09-08 17:27:37,legacy/2026-05-20-pre-v2-import/data/raw/emurgo/delegation_history.csv
emurgo,pool1p5ja48uqc7pjnuqvwu7cgmspvx938qpnf4zqm0x2k0ngkh4lkjx,5,5,253,318,2021-03-02 14:48:07,2022-01-21 09:38:27,legacy/2026-05-20-pre-v2-import/data/raw/emurgo/delegation_history.csv
emurgo,pool1pvu2zdexh8wr4ggmuz90jvqrua6an43qj9m9urs785p8kwjzqwl,5,5,210,210,2020-08-01 07:32:11,2020-08-01 08:43:11,legacy/2026-05-20-pre-v2-import/data/raw/emurgo/delegation_history.csv
emurgo,pool1qkd5y9azf2xx0gmrj68lrkcn59ldjmnpzd3y2rq3tvjp2vqljan,5,5,286,340,2021-08-14 07:10:55,2022-05-11 19:50:40,legacy/2026-05-20-pre-v2-import/data/raw/emurgo/delegation_history.csv
emurgo,pool1re8cmjt895tpx8dx2veg0cew5yqtxnt82sll03e433a4ugnh9w7,5,5,254,334,2021-03-06 23:52:33,2022-04-14 04:05:33,legacy/2026-05-20-pre-v2-import/data/raw/emurgo/delegation_history.csv
emurgo,pool1svv9st22dywp9exwsltt7cdc4v2dyrf4zls00jesv2lzvpz45jh,5,5,236,256,2020-12-07 00:38:31,2021-03-19 20:52:58,legacy/2026-05-20-pre-v2-import/data/raw/emurgo/delegation_history.csv
emurgo,pool1uct8k7ruvu3dgl9hws4pj3tk9stzpls4evnys4r8q5vj2p9w92w,5,5,452,459,2023-11-24 04:26:42,2023-12-29 02:21:20,legacy/2026-05-20-pre-v2-import/data/raw/emurgo/delegation_history.csv
emurgo,pool1ufp38a9zwlvvrzcyxaxdrvav50nd7az5lyuzh4t0h3qp2gqamsx,5,5,242,607,2021-01-10 17:12:53,2026-01-05 12:56:15,legacy/2026-05-20-pre-v2-import/data/raw/emurgo/delegation_history.csv
emurgo,pool1vafsg5t78rnx3qr3fv7ys9h50pnvxqhd4l8tj629l5zk7tc39ch,5,5,291,317,2021-09-08 09:27:32,2022-01-19 14:52:54,legacy/2026-05-20-pre-v2-import/data/raw/emurgo/delegation_history.csv
emurgo,pool1vqm5n5d503uumuc89s5y4wuczrwe3tlgylt2u2uj7y276avr5pl,5,5,318,326,2022-01-23 08:53:54,2022-03-02 14:25:26,legacy/2026-05-20-pre-v2-import/data/raw/emurgo/delegation_history.csv
emurgo,pool1xaudqyen24fz02vhu9qa2ry44suzfk8z3lh7sc6qx7c3gpweww2,5,5,231,266,2020-11-12 19:48:45,2021-05-06 06:05:24,legacy/2026-05-20-pre-v2-import/data/raw/emurgo/delegation_history.csv
emurgo,pool1yr0cv3dtmhcfgqa6yetvmf769ngk89e6tepecmjrmjl2jzcw2lm,5,5,268,573,2021-05-17 14:27:44,2025-07-23 07:14:06,legacy/2026-05-20-pre-v2-import/data/raw/emurgo/delegation_history.csv
emurgo,pool1z56rnzw94rxxm5mwkyxfdwfej5fdh0k7056gqs6whr8tyjn48wq,5,6,300,309,2021-10-23 23:35:41,2021-12-07 02:13:40,legacy/2026-05-20-pre-v2-import/data/raw/emurgo/delegation_history.csv
emurgo,pool1ztk6dcj2nc3plnujf3ek6jqngtx8hcryufz56lyumemlcy2xxn0,5,5,409,458,2023-04-24 10:45:24,2023-12-22 08:02:43,legacy/2026-05-20-pre-v2-import/data/raw/emurgo/delegation_history.csv
emurgo,pool104v7kzpq86r0wnfsz8r7jeld2raap92qq84trjcqk62zyh9akqt,4,5,262,473,2021-04-20 21:37:03,2024-03-06 16:41:15,legacy/2026-05-20-pre-v2-import/data/raw/emurgo/delegation_history.csv
emurgo,pool10jn0wjlh9y3w2ygq84u2llvlnxfz3lc4g0ssqlmpp3w3y2d2lw5,4,5,243,314,2021-01-14 18:31:57,2022-01-03 03:23:59,legacy/2026-05-20-pre-v2-import/data/raw/emurgo/delegation_history.csv
emurgo,pool10mf43thtl3keag50mrlvqa78xkwg7harmu4w5yzr3k7jvw0ap43,4,4,323,324,2022-02-16 23:43:37,2022-02-20 09:40:01,legacy/2026-05-20-pre-v2-import/data/raw/emurgo/delegation_history.csv
emurgo,pool12crd62rxj8yryvshmgwkxza7um3uhaypwdjeel98lnkf529qdw5,4,4,236,260,2020-12-06 22:32:31,2021-04-07 02:30:23,legacy/2026-05-20-pre-v2-import/data/raw/emurgo/delegation_history.csv
emurgo,pool12gqhv4vf0y7vngzd3umchjz3yhkqaaalwzltsngpdykgyud5rhz,4,4,285,296,2021-08-12 05:01:20,2021-10-04 12:38:48,legacy/2026-05-20-pre-v2-import/data/raw/emurgo/delegation_history.csv
emurgo,pool12wpfng6cu7dz38yduaul3ngfm44xhv5xmech68m5fwe4wu77udd,4,5,323,393,2022-02-17 02:05:42,2023-02-02 23:26:44,legacy/2026-05-20-pre-v2-import/data/raw/emurgo/delegation_history.csv
emurgo,pool1398lzhvtaa0hgz305d2jz4urfkwkkt66yv476wqe6att2f7dphh,4,4,407,586,2023-04-12 08:33:43,2025-09-22 01:08:14,legacy/2026-05-20-pre-v2-import/data/raw/emurgo/delegation_history.csv
emurgo,pool13wzpwavanfpkr4r4j30plrlc6dn6p822lkt22zdllmy7q8y7s90,4,4,210,252,2020-07-29 22:55:51,2021-02-26 16:39:27,legacy/2026-05-20-pre-v2-import/data/raw/emurgo/delegation_history.csv
emurgo,pool140hfh3ns34wzjcyz0wcmx3du493cwl3c92hsr0z8kns5gts09gf,4,4,255,265,2021-03-11 23:01:49,2021-05-03 09:59:47,legacy/2026-05-20-pre-v2-import/data/raw/emurgo/delegation_history.csv
emurgo,pool145dkdplkqke4g0unzkjljeh2wr797d08k2jv822rhmmc68xak38,4,4,383,428,2022-12-12 04:46:30,2023-07-25 14:22:16,legacy/2026-05-20-pre-v2-import/data/raw/emurgo/delegation_history.csv
emurgo,pool149d5lzg7m6susau4f4yfdztgkty34qrcdpvd3ygsetmljgxxf8g,4,4,306,317,2021-11-26 17:21:25,2022-01-16 15:56:15,legacy/2026-05-20-pre-v2-import/data/raw/emurgo/delegation_history.csv
emurgo,pool165ljt7xrrpceutz5ppe96suuw0jcnrvhg0f5vu60df0r5mt0x0c,4,4,372,396,2022-10-20 08:59:05,2023-02-19 17:05:21,legacy/2026-05-20-pre-v2-import/data/raw/emurgo/delegation_history.csv
emurgo,pool1668w66pcrdjmavz0c7vym7s4d3xm7578jy0fqzhk55677t4etud,4,5,231,415,2020-11-12 03:39:55,2023-05-24 11:06:12,legacy/2026-05-20-pre-v2-import/data/raw/emurgo/delegation_history.csv
emurgo,pool16pg8zc9zxxfjksquvjs6ljxuy8ng9xf79ekqekap98a8wjzuttg,4,4,252,258,2021-02-28 16:12:02,2021-03-27 03:42:57,legacy/2026-05-20-pre-v2-import/data/raw/emurgo/delegation_history.csv
emurgo,pool17gvd032slmxg267lp8rwcykkfa52txm8ylefhmdsdkytzugrtaw,4,9,251,478,2021-02-24 16:36:17,2024-03-31 15:54:14,legacy/2026-05-20-pre-v2-import/data/raw/emurgo/delegation_history.csv
emurgo,pool17vxhghxt2w2hc8c945ex2wqpwlcz39v6uc3fcxvqln45s8xrdt3,4,4,211,226,2020-08-04 08:44:11,2020-10-18 09:34:22,legacy/2026-05-20-pre-v2-import/data/raw/emurgo/delegation_history.csv
emurgo,pool183j8g5lmry5jsnua6mw5jhwdacwhkrnqfpga49v0qg6wjmwndfv,4,4,210,232,2020-07-30 17:07:31,2020-11-20 00:00:44,legacy/2026-05-20-pre-v2-import/data/raw/emurgo/delegation_history.csv
emurgo,pool1850xvydng5mkjzkwqw6566y7e6hsrgakc3y87jrnqrkrwdjua2p,4,7,260,390,2021-04-08 08:47:56,2023-01-16 20:03:39,legacy/2026-05-20-pre-v2-import/data/raw/emurgo/delegation_history.csv
emurgo,pool18gysxqfwz4j8rm3vlh6677vs9n23prvfr7gwe88mhn5uudgx9ng,4,4,477,568,2024-03-25 22:31:23,2025-06-27 21:39:49,legacy/2026-05-20-pre-v2-import/data/raw/emurgo/delegation_history.csv
emurgo,pool18rhzlrv83a7ygj7cp5uv8dx07qkn5drhe8nh6f3qvhv66xcyj2m,4,6,309,386,2021-12-07 01:58:22,2022-12-26 22:38:20,legacy/2026-05-20-pre-v2-import/data/raw/emurgo/delegation_history.csv
emurgo,pool18vc3pleuqzejkvlkls7qqw3ps9gyygrenqpypma4yp0gjjrm3uf,4,4,210,210,2020-07-30 05:12:11,2020-08-01 14:40:31,legacy/2026-05-20-pre-v2-import/data/raw/emurgo/delegation_history.csv
emurgo,pool18zn7wa345uytjgds9hypn3jugnzqtfm4cny7anskkcmgwwxtwca,4,4,255,259,2021-03-13 21:12:29,2021-04-03 11:01:13,legacy/2026-05-20-pre-v2-import/data/raw/emurgo/delegation_history.csv
emurgo,pool193uec04jldvah7r52q86wl033g4v42x0aste8jfg9999qepaxfp,4,4,374,489,2022-10-29 00:36:18,2024-05-28 15:22:59,legacy/2026-05-20-pre-v2-import/data/raw/emurgo/delegation_history.csv
emurgo,pool1980svf2cxnfy66s5jgjv7y22xud75z9kfe6n0c3y54s62w56435,4,4,253,291,2021-03-04 06:18:28,2021-09-11 03:00:45,legacy/2026-05-20-pre-v2-import/data/raw/emurgo/delegation_history.csv
emurgo,pool1a2gt2mvuf5zvtqlvw2xgks2efze3p4r985ft62q64lua7gx7lal,4,5,323,529,2022-02-19 17:05:39,2024-12-11 03:08:59,legacy/2026-05-20-pre-v2-import/data/raw/emurgo/delegation_history.csv
emurgo,pool1a3u8zuz7fqavxgl48s8k37w8w6njk7zevlzyfjdlzxfexjcue6a,4,4,214,249,2020-08-20 06:34:01,2021-02-11 17:40:48,legacy/2026-05-20-pre-v2-import/data/raw/emurgo/delegation_history.csv
emurgo,pool1ar6nsa2uzng70uf8fdrttu5jhgxzgu2f4za8h845zr435nfcruw,4,4,417,437,2023-06-02 13:48:09,2023-09-08 08:42:42,legacy/2026-05-20-pre-v2-import/data/raw/emurgo/delegation_history.csv
emurgo,pool1c0p84nykx0m4yqs9pkvlgagh3nlnrn77d5zed9kv9ktljh2cjcy,4,4,369,460,2022-10-06 12:45:02,2024-01-04 21:36:51,legacy/2026-05-20-pre-v2-import/data/raw/emurgo/delegation_history.csv
emurgo,pool1c55n72ag3tz8g7rntzuu9a86u7eugsy008xl3xsje8kwgvz2vdz,4,4,212,477,2020-08-12 11:05:11,2024-03-29 12:26:23,legacy/2026-05-20-pre-v2-import/data/raw/emurgo/delegation_history.csv
emurgo,pool1cmqpzlsrrjup8zg6qaperz868u64dlt7uvvdszsr658mvzz9qq0,4,4,258,523,2021-03-27 02:49:36,2024-11-14 17:26:37,legacy/2026-05-20-pre-v2-import/data/raw/emurgo/delegation_history.csv
emurgo,pool1cuqnuz57puz2qd3enr9vtkcp7z92ge4h2ks6j8zzknztx3283q7,4,4,253,255,2021-03-03 21:28:08,2021-03-16 15:40:34,legacy/2026-05-20-pre-v2-import/data/raw/emurgo/delegation_history.csv
emurgo,pool1d2smneyj9wkee0vkqm5se44t4x44fugq2agw7k775s6yqqcu7zr,4,4,250,257,2021-02-19 16:55:54,2021-03-21 21:55:57,legacy/2026-05-20-pre-v2-import/data/raw/emurgo/delegation_history.csv
emurgo,pool1d5lk27jlkaj6dx7ndexjzmdqtt5hnnpx5224awz83ye0v28ve42,4,6,253,389,2021-03-02 09:06:11,2023-01-13 00:56:02,legacy/2026-05-20-pre-v2-import/data/raw/emurgo/delegation_history.csv
emurgo,pool1du3r4a7xq60hg2x0wcz7lw5ya3qs74rk258c8kanp93rsqdqu45,4,4,249,473,2021-02-10 12:44:12,2024-03-09 19:29:49,legacy/2026-05-20-pre-v2-import/data/raw/emurgo/delegation_history.csv
emurgo,pool1dum9ya0d8dufl3alf4xska5acuq3w4p2a6fu5v50jnh9xzexsxt,4,5,253,323,2021-03-03 08:19:20,2022-02-16 00:05:46,legacy/2026-05-20-pre-v2-import/data/raw/emurgo/delegation_history.csv
emurgo,pool1ews5ryrhl5az8egrvun68x2wdhgvthxjtx7m380ksc6rzxkqz2f,4,4,220,392,2020-09-18 00:37:23,2023-01-29 02:46:21,legacy/2026-05-20-pre-v2-import/data/raw/emurgo/delegation_history.csv
emurgo,pool1ffrre548h22n68ln29xph3qezrag3z8ad0kg8yzu6epds3qr58k,4,4,235,251,2020-12-02 07:43:05,2021-02-22 02:16:56,legacy/2026-05-20-pre-v2-import/data/raw/emurgo/delegation_history.csv
emurgo,pool1fk7lk6x7j6jkxuvl0het8nmunra4g7370mw29f286dv9ylegutq,4,5,260,496,2021-04-06 07:19:39,2024-06-30 15:39:10,legacy/2026-05-20-pre-v2-import/data/raw/emurgo/delegation_history.csv
emurgo,pool1fuzqy5r9x98826zv6wp40tr27uplemmstkd57cuw8jh5v5m90vn,4,4,254,498,2021-03-10 15:07:47,2024-07-13 09:09:24,legacy/2026-05-20-pre-v2-import/data/raw/emurgo/delegation_history.csv
emurgo,pool1h6q8jj55dn6727yydlypu0rz4sflf2enxhs0thqydmddgu3shl5,4,6,323,445,2022-02-17 07:34:39,2023-10-20 16:53:13,legacy/2026-05-20-pre-v2-import/data/raw/emurgo/delegation_history.csv
emurgo,pool1huyzkfxwnttj7r4530hv7gc5v6mzk75vuzysc75aemu85mae9vd,4,4,247,568,2021-02-01 17:40:57,2025-06-25 00:53:18,legacy/2026-05-20-pre-v2-import/data/raw/emurgo/delegation_history.csv
emurgo,pool1hysp9sd0h4k8ll8sxnl0k3gqatd9axzjnaxs7488mw9gze40jp9,4,4,262,290,2021-04-16 20:49:56,2021-09-07 12:18:19,legacy/2026-05-20-pre-v2-import/data/raw/emurgo/delegation_history.csv
emurgo,pool1j8355yxxpfuhqyda4lrj8c9cdghaang3wvwge8jq8nlxurvfqv7,4,5,255,315,2021-03-11 23:32:59,2022-01-06 21:55:12,legacy/2026-05-20-pre-v2-import/data/raw/emurgo/delegation_history.csv
emurgo,pool1jv4yvr5edp7qp690hk3qfudwmw28n2wygjxyhaecqkzeqh0wlem,4,5,294,492,2021-09-27 02:17:24,2024-06-12 19:50:19,legacy/2026-05-20-pre-v2-import/data/raw/emurgo/delegation_history.csv
emurgo,pool1jxv3my3c70e8pfr0cgm6esatehey2ml3v0qk8x236aw32eu0fcy,4,4,285,323,2021-08-10 13:15:05,2022-02-17 12:44:51,legacy/2026-05-20-pre-v2-import/data/raw/emurgo/delegation_history.csv
emurgo,pool1k2qhlrrweu8fecd4hx4hn22lv00nrd3rjdxj6durax7m78q7ynu,4,4,338,391,2022-05-04 16:32:05,2023-01-22 18:56:26,legacy/2026-05-20-pre-v2-import/data/raw/emurgo/delegation_history.csv
emurgo,pool1k6altfangsst2mmxg8a9wvg3dppyszu8ckfzd3uv6azgw3z2txy,4,4,245,283,2021-01-23 01:17:52,2021-08-03 07:27:58,legacy/2026-05-20-pre-v2-import/data/raw/emurgo/delegation_history.csv
emurgo,pool1kchver88u3kygsak8wgll7htr8uxn5v35lfrsyy842nkscrzyvj,4,5,249,287,2021-02-12 20:55:38,2021-08-20 12:08:42,legacy/2026-05-20-pre-v2-import/data/raw/emurgo/delegation_history.csv
emurgo,pool1kcnh9avc9jgelajcja7y6wsvjdaulkqj02azcszjvm3pwmksr0l,4,10,248,256,2021-02-08 20:37:13,2021-03-19 01:09:32,legacy/2026-05-20-pre-v2-import/data/raw/emurgo/delegation_history.csv
emurgo,pool1ktgug7wwf9k4hcsuk68ftkh8xs5n0333fzxyw9sagz8njhlskgm,4,4,210,324,2020-07-31 20:17:51,2022-02-20 00:03:27,legacy/2026-05-20-pre-v2-import/data/raw/emurgo/delegation_history.csv
emurgo,pool1lkuwrel3s8er6v0snw69gumsaugydz9n0vl87n7mygh576mwcy0,4,7,280,421,2021-07-18 19:18:01,2023-06-20 09:31:44,legacy/2026-05-20-pre-v2-import/data/raw/emurgo/delegation_history.csv
emurgo,pool1maknvmsdvk240a7w8rclvq2lu5pzk906cuh9cw7j30z76ff257u,4,4,236,429,2020-12-09 13:33:50,2023-08-01 21:48:55,legacy/2026-05-20-pre-v2-import/data/raw/emurgo/delegation_history.csv
emurgo,pool1mc6f3tvzp59yfn2przflkq9q6k00g0hfpyck5t5whjs8qdcjuj3,4,4,228,261,2020-10-31 17:22:55,2021-04-13 05:53:21,legacy/2026-05-20-pre-v2-import/data/raw/emurgo/delegation_history.csv
emurgo,pool1mqy259k253xryf4hvdq0n72n2uvadcgp34r0fxwpqzm0z5n0qp6,4,4,252,255,2021-02-27 08:20:42,2021-03-14 13:30:40,legacy/2026-05-20-pre-v2-import/data/raw/emurgo/delegation_history.csv
emurgo,pool1nh9j5qucsddxkzn3m4dm4gxkhwtpya4wm4e0ye2u0puaqgkcm65,4,4,287,351,2021-08-22 18:43:10,2022-07-05 02:16:02,legacy/2026-05-20-pre-v2-import/data/raw/emurgo/delegation_history.csv
emurgo,pool1ntwurms3f0j4kqe5wfpg9chlasylp0lmuw72m4fn66vnuyrvs8v,4,4,210,535,2020-08-03 21:44:31,2025-01-12 14:48:38,legacy/2026-05-20-pre-v2-import/data/raw/emurgo/delegation_history.csv
emurgo,pool1p3chxyfv5cfk95hwq5zqjuljrpyk3uk5ua5alpn8rjgkkvvy8ne,4,4,323,396,2022-02-19 04:49:43,2023-02-19 19:14:33,legacy/2026-05-20-pre-v2-import/data/raw/emurgo/delegation_history.csv
emurgo,pool1prc9hna2mgamtspchrygc66s9n4tlkvh39e3t9zccef4kzc3ns2,4,5,527,602,2024-12-04 04:49:30,2025-12-11 10:03:11,legacy/2026-05-20-pre-v2-import/data/raw/emurgo/delegation_history.csv
emurgo,pool1qqq9tqyj69j9kygpxza3h82ynh8d0xlueucnu2yqum8nse8hj7y,4,4,255,290,2021-03-14 21:07:09,2021-09-04 17:03:37,legacy/2026-05-20-pre-v2-import/data/raw/emurgo/delegation_history.csv
emurgo,pool1qqqz9vlskay2gv3ec5pyck8c2tq9ty7dpfm60x8shvapguhcemt,4,5,224,260,2020-10-10 11:42:15,2021-04-08 10:34:56,legacy/2026-05-20-pre-v2-import/data/raw/emurgo/delegation_history.csv
emurgo,pool1qzlw7den2mlj0fmm65g0fnf46vyhzkhmdaf0f8v3s6skuue6rlk,4,4,255,318,2021-03-13 18:43:21,2022-01-21 09:08:39,legacy/2026-05-20-pre-v2-import/data/raw/emurgo/delegation_history.csv
emurgo,pool1rvjj8cp3urh7de07pm0ceqha2x4lxws69lhd4429dm6djfjsy4l,4,4,256,396,2021-03-17 16:35:11,2023-02-15 01:26:31,legacy/2026-05-20-pre-v2-import/data/raw/emurgo/delegation_history.csv
emurgo,pool1sj0plznq9nnduxp82aa8crchfety7kzcryqdmn6860xvwwzzc4w,4,4,210,243,2020-08-03 03:09:51,2021-01-15 07:59:03,legacy/2026-05-20-pre-v2-import/data/raw/emurgo/delegation_history.csv
emurgo,pool1twd9vvegn3fqq0f4n08p3aml2ud8q87njs49900rycj4sr5hhcy,4,9,234,271,2020-12-01 21:29:01,2021-05-31 07:04:07,legacy/2026-05-20-pre-v2-import/data/raw/emurgo/delegation_history.csv
emurgo,pool1u9gudcfadehlarkh4xdtgrf3zeze978mrnhtrvjdkjwj7wxvcje,4,6,211,260,2020-08-04 08:05:31,2021-04-10 05:35:07,legacy/2026-05-20-pre-v2-import/data/raw/emurgo/delegation_history.csv
emurgo,pool1ucpygt4ds2ggf5lt8z5kzyvnwwr0ggrtqnl0pgawud5ls2cnnkl,4,4,219,282,2020-09-17 16:41:02,2021-07-26 00:17:26,legacy/2026-05-20-pre-v2-import/data/raw/emurgo/delegation_history.csv
emurgo,pool1uu65k00dp467qsszmqwl6udwnet3zszgx8n3kmn2aq84sae8ha9,4,4,488,502,2024-05-20 18:15:36,2024-08-01 00:59:34,legacy/2026-05-20-pre-v2-import/data/raw/emurgo/delegation_history.csv
emurgo,pool1whmm0hkxunyhxsr6dfjpx2tpvd05qhev820lx9vcmvqa5wjc6nh,4,4,252,602,2021-02-26 20:53:12,2025-12-11 12:18:28,legacy/2026-05-20-pre-v2-import/data/raw/emurgo/delegation_history.csv
emurgo,pool1xftlxx9slpz59thcgtwgdj3k9e0ntn3p4qnmzs3r84dkx0hccjc,4,4,261,378,2021-04-14 07:15:03,2022-11-20 07:27:41,legacy/2026-05-20-pre-v2-import/data/raw/emurgo/delegation_history.csv
emurgo,pool1xrrrr8gldqz8pjxj6j8c638a9py04xuv66kfgn2dlsx9g52te0t,4,4,210,229,2020-08-01 11:47:31,2020-11-06 02:54:32,legacy/2026-05-20-pre-v2-import/data/raw/emurgo/delegation_history.csv
emurgo,pool1yjlmvfck6a2mhup4ljel06r635e9lhs0qsrzu6f2luepvsd42lv,4,4,478,489,2024-03-31 03:31:47,2024-05-29 12:26:24,legacy/2026-05-20-pre-v2-import/data/raw/emurgo/delegation_history.csv
emurgo,pool1zytydvyy3qztrs8l2xyggvkfcjctp23m2hc3aj7sudnzgny79cg,4,4,258,420,2021-03-30 00:29:37,2023-06-19 18:22:31,legacy/2026-05-20-pre-v2-import/data/raw/emurgo/delegation_history.csv
emurgo,pool10fxpa6wkv0wc6wcmahcnz4wvvfx9m7547sevxrge3nfuv7yh8m0,3,7,415,620,2023-05-25 20:22:48,2026-03-11 14:35:39,legacy/2026-05-20-pre-v2-import/data/raw/emurgo/delegation_history.csv
emurgo,pool10vhns8fup6pe9xvjxf4w6h5y66tckgvtjy9ayld6mcg8vv4crdk,3,3,424,453,2023-07-05 12:38:46,2023-11-28 01:32:04,legacy/2026-05-20-pre-v2-import/data/raw/emurgo/delegation_history.csv
emurgo,pool126mkma8nv5axltmz7mmg8qz9e70nmhnf58hwx5772fhwgkhk6ag,3,9,213,561,2020-08-16 09:25:35,2025-05-20 10:31:37,legacy/2026-05-20-pre-v2-import/data/raw/emurgo/delegation_history.csv
emurgo,pool127xwsah7jllutuhen8vl7sve5278h7hhxtnys3cl438dyhuwgjg,3,3,227,276,2020-10-27 18:57:53,2021-06-26 00:53:37,legacy/2026-05-20-pre-v2-import/data/raw/emurgo/delegation_history.csv
emurgo,pool12gfz8p7raqz7tktmmgf6sk3cfwnrzy9m7cz9maum98ujyelhrf8,3,4,255,261,2021-03-13 14:53:54,2021-04-12 14:39:15,legacy/2026-05-20-pre-v2-import/data/raw/emurgo/delegation_history.csv
emurgo,pool12qtv7kyrx8g0d5890alk6dkc6n6nyfx80synspvqafjrqd3ergz,3,4,295,397,2021-10-02 12:19:17,2023-02-20 01:59:08,legacy/2026-05-20-pre-v2-import/data/raw/emurgo/delegation_history.csv
emurgo,pool13xh3tgwzhr3hn25v5m2dnvqnfcmnzghcfah5t7kzufkywuy7w7v,3,5,213,310,2020-08-18 15:58:11,2021-12-12 16:49:22,legacy/2026-05-20-pre-v2-import/data/raw/emurgo/delegation_history.csv
emurgo,pool14msuc40fcjvwl2g6f9p2dxx24ekj7qvemla3pzkke6p86d4swzp,3,4,252,264,2021-02-26 15:54:45,2021-04-26 12:46:16,legacy/2026-05-20-pre-v2-import/data/raw/emurgo/delegation_history.csv
emurgo,pool15ju4ktqmtha9vry4mf44hr2psf807n4achj76z8uhawgw9462kx,3,4,265,273,2021-04-30 22:15:35,2021-06-10 14:57:03,legacy/2026-05-20-pre-v2-import/data/raw/emurgo/delegation_history.csv
emurgo,pool15p326nmjaj47v9u2392tlnngyr5hnj6gru84al3s0akdu9mj004,3,5,252,268,2021-02-26 01:04:54,2021-05-19 17:24:04,legacy/2026-05-20-pre-v2-import/data/raw/emurgo/delegation_history.csv
emurgo,pool15ty42f8jmnd5y3ys5km3y66cy6emnqfx6yfwsm6ral0zwrs3ktj,3,3,418,423,2023-06-09 17:55:07,2023-07-02 18:38:35,legacy/2026-05-20-pre-v2-import/data/raw/emurgo/delegation_history.csv
emurgo,pool15xgej4c7ns20y5pt7dc5vq6yj87ss5sl2ffucmh5j766j90ppur,3,3,266,538,2021-05-06 21:33:59,2025-01-28 16:13:46,legacy/2026-05-20-pre-v2-import/data/raw/emurgo/delegation_history.csv
emurgo,pool1692dxqqcsavymwz28w44t2jhyjnakvj4l3gwz2dqrarmc2k6dkh,3,3,211,294,2020-08-08 16:23:51,2021-09-23 20:48:28,legacy/2026-05-20-pre-v2-import/data/raw/emurgo/delegation_history.csv
emurgo,pool16f95up5u5lyqne5mnxmlhe0rgdgmya27mph288r6gw0ukegjffa,3,3,575,596,2025-07-28 22:18:13,2025-11-12 08:10:17,legacy/2026-05-20-pre-v2-import/data/raw/emurgo/delegation_history.csv
emurgo,pool16r0t5fwwnehltxhh7wfstl8rwvjpz4npdn0s5jd36j0ysflw7ef,3,4,251,393,2021-02-24 01:14:56,2023-02-04 21:12:15,legacy/2026-05-20-pre-v2-import/data/raw/emurgo/delegation_history.csv
emurgo,pool17038jcq6xdgjn0xsjx7m79rx52r7sucqwtr5j20tk23w5mjank3,3,3,212,218,2020-08-10 19:31:51,2020-09-11 10:59:12,legacy/2026-05-20-pre-v2-import/data/raw/emurgo/delegation_history.csv
emurgo,pool17xh922cr9skc0fqk7sr8at6xx6eluh5qyv9p7ca2x0mtc3st0mz,3,6,309,366,2021-12-08 20:02:22,2022-09-18 14:57:20,legacy/2026-05-20-pre-v2-import/data/raw/emurgo/delegation_history.csv
emurgo,pool183usq53j55v86q3eguw37xaqy67au9n5terk474sevuu6jy7266,3,3,244,254,2021-01-20 12:24:39,2021-03-08 21:05:33,legacy/2026-05-20-pre-v2-import/data/raw/emurgo/delegation_history.csv
emurgo,pool187k9uqvh2dacad2qyfyex7ct8q0jxepk45026s9h7mkxx9pn7at,3,5,232,294,2020-11-19 17:18:38,2021-09-27 00:14:45,legacy/2026-05-20-pre-v2-import/data/raw/emurgo/delegation_history.csv
emurgo,pool18p7p752cjnf9z8g70ygkre5cstwmgfatzuqm0tm3n2xf739j8k8,3,4,268,332,2021-05-16 10:36:46,2022-04-01 07:33:02,legacy/2026-05-20-pre-v2-import/data/raw/emurgo/delegation_history.csv
emurgo,pool18qzks8vdf0yu0u5ccf8aaj35q6zfutdcfgrssuvdjmgtyykr922,3,3,224,308,2020-10-09 03:14:17,2021-12-06 02:35:35,legacy/2026-05-20-pre-v2-import/data/raw/emurgo/delegation_history.csv
emurgo,pool197e83k4u53l6txk8yr83007efgavngua8wnwp00w3xrqw3pmr4x,3,3,310,323,2021-12-13 11:27:42,2022-02-16 04:41:05,legacy/2026-05-20-pre-v2-import/data/raw/emurgo/delegation_history.csv
emurgo,pool19ejln2jcpg5dphc8m5nh8sya49sycsqj0v2cjxw6nku966cc8nu,3,3,210,293,2020-07-30 04:16:51,2021-09-21 14:12:04,legacy/2026-05-20-pre-v2-import/data/raw/emurgo/delegation_history.csv
emurgo,pool19uynx6nxcdksmaqdcshjg487fap3rs3axyhrdqa7gdqgzgxss4y,3,3,210,266,2020-07-31 05:12:51,2021-05-07 13:21:51,legacy/2026-05-20-pre-v2-import/data/raw/emurgo/delegation_history.csv
emurgo,pool1a6v2wt0m8wjra80zuw00sfdxn4w52cna96gcaglzvred6gnsusx,3,3,235,250,2020-12-05 06:08:32,2021-02-19 15:27:20,legacy/2026-05-20-pre-v2-import/data/raw/emurgo/delegation_history.csv
emurgo,pool1af7dmzgcyp9kc5lyrtrtpsce58l6j5cjvc8wavkwmzlr53ym50v,3,4,249,323,2021-02-13 15:26:37,2022-02-15 22:26:11,legacy/2026-05-20-pre-v2-import/data/raw/emurgo/delegation_history.csv
emurgo,pool1ahl705cca5twdfmml0ksux606t8vmuemu9vsnf3g94mm7lhnhtv,3,3,210,210,2020-07-31 02:19:11,2020-08-02 14:43:51,legacy/2026-05-20-pre-v2-import/data/raw/emurgo/delegation_history.csv
emurgo,pool1arsqn9w87wpqlm0sre66gs79dcs0jmwulytgke3vut7u62lttu7,3,3,244,253,2021-01-18 01:21:08,2021-03-05 23:04:41,legacy/2026-05-20-pre-v2-import/data/raw/emurgo/delegation_history.csv
emurgo,pool1c2utlagkpht4zj0jetsf245c258geuxnjqp9kf4f2z9rutx9dz4,3,3,290,323,2021-09-04 03:49:03,2022-02-16 22:02:53,legacy/2026-05-20-pre-v2-import/data/raw/emurgo/delegation_history.csv
emurgo,pool1c4padx3e59x8wgxpsh3208rkf8fv4v6ez2rx503de93n2jl0njw,3,3,253,262,2021-03-02 18:24:33,2021-04-16 03:12:25,legacy/2026-05-20-pre-v2-import/data/raw/emurgo/delegation_history.csv
emurgo,pool1d6x9pl4uz5daucpaql34ma2aewrxnlkcrkuahf9ut6ruxzakrw7,3,3,246,248,2021-01-26 21:02:52,2021-02-08 22:35:14,legacy/2026-05-20-pre-v2-import/data/raw/emurgo/delegation_history.csv
emurgo,pool1dj4l8qma9zzqqzhsawdkvxrs7qyqyv70kn56ywdqqazscvcqvva,3,3,210,257,2020-08-02 17:15:11,2021-03-24 01:35:57,legacy/2026-05-20-pre-v2-import/data/raw/emurgo/delegation_history.csv
emurgo,pool1dkww2vlysa8lsnuf5rca979zdsyr3zvt59hu7e420yxfunkka2z,3,3,214,250,2020-08-20 17:33:20,2021-02-16 06:20:37,legacy/2026-05-20-pre-v2-import/data/raw/emurgo/delegation_history.csv
emurgo,pool1dny787kkt067gfl0rts25rlq32v8npc2fmxvg70nkgt66vhp8e0,3,3,262,262,2021-04-16 15:13:54,2021-04-20 19:51:39,legacy/2026-05-20-pre-v2-import/data/raw/emurgo/delegation_history.csv
emurgo,pool1e8vr85ank99g6fx2r7tjel2mh2jyfppnqy6nmp8vr0arys65n05,3,3,210,253,2020-08-01 06:01:31,2021-03-04 13:32:34,legacy/2026-05-20-pre-v2-import/data/raw/emurgo/delegation_history.csv
emurgo,pool1ev8fwfccn8gr0zcz3uyps0t0mcrefc6s95wjc6aed3ngc86y5rk,3,3,241,256,2021-01-05 14:00:54,2021-03-17 15:04:28,legacy/2026-05-20-pre-v2-import/data/raw/emurgo/delegation_history.csv
emurgo,pool1ex7p88tnq3d6d3dsqtlc3632tp2t8eurc352mwf9phu3w8n3vz7,3,3,299,393,2021-10-18 07:20:44,2023-02-03 05:45:26,legacy/2026-05-20-pre-v2-import/data/raw/emurgo/delegation_history.csv
emurgo,pool1ey0gxeyesszrsshc6zjlzamr7z0f2d29e3ut0ppg4j4gxduyn5r,3,3,256,271,2021-03-16 23:27:46,2021-05-31 02:03:29,legacy/2026-05-20-pre-v2-import/data/raw/emurgo/delegation_history.csv
emurgo,pool1ey45kz6cwxxzgz6dfy89srvwcfzkmv3ea8g3jxkxmtr9zk5ayeu,3,3,301,303,2021-10-29 18:20:35,2021-11-10 15:01:27,legacy/2026-05-20-pre-v2-import/data/raw/emurgo/delegation_history.csv
emurgo,pool1f4rs6v0cpsqa09ueddp6hhl8xwdwtdqglvcuce26srxdwmzxl6v,3,3,237,331,2020-12-15 14:18:08,2022-03-29 20:59:01,legacy/2026-05-20-pre-v2-import/data/raw/emurgo/delegation_history.csv
emurgo,pool1fxlf6mqxeuptm7ztwdpp2zdwm7tsfcy3fweu7euyf6aduuh6u42,3,4,255,256,2021-03-16 17:09:51,2021-03-19 04:36:59,legacy/2026-05-20-pre-v2-import/data/raw/emurgo/delegation_history.csv
emurgo,pool1g4th3pqfzh4zajzrhlh8y6wpuztrkzxwt5wd7q578894j06gwfc,3,4,341,398,2022-05-20 06:40:45,2023-02-26 23:48:04,legacy/2026-05-20-pre-v2-import/data/raw/emurgo/delegation_history.csv
emurgo,pool1gpz25s2aasmqnh9tg8a2rxmyxuvmj5s779htxk295e9ajnzjflc,3,3,234,254,2020-11-30 02:12:21,2021-03-09 12:57:26,legacy/2026-05-20-pre-v2-import/data/raw/emurgo/delegation_history.csv
emurgo,pool1gx2pz27mgupdqynr54s57jrepc3n28yx0wlx0j5ypka55aan9qx,3,11,210,253,2020-07-31 23:07:31,2021-03-03 20:35:57,legacy/2026-05-20-pre-v2-import/data/raw/emurgo/delegation_history.csv
emurgo,pool1h3aejp7fln74mwaraqjn65ve3j5zwqr7wk0pasct87wpkv0aspm,3,3,248,259,2021-02-06 20:22:13,2021-03-31 22:42:22,legacy/2026-05-20-pre-v2-import/data/raw/emurgo/delegation_history.csv
emurgo,pool1h7yfyd5uty3dn40yqj4hx0yaha6md7uy97sup86xccrpv84xydm,3,3,266,266,2021-05-06 08:44:28,2021-05-08 01:13:57,legacy/2026-05-20-pre-v2-import/data/raw/emurgo/delegation_history.csv
emurgo,pool1helzgcd9sjm9xtyh9mw2wy06gekh6r52s6mx987q0p8lvklwura,3,3,241,323,2021-01-04 12:34:13,2022-02-17 07:41:01,legacy/2026-05-20-pre-v2-import/data/raw/emurgo/delegation_history.csv
emurgo,pool1hjjj584gq0ynqf06g036a4a0stpm90asrdfskpasqjxf5948ygv,3,3,248,265,2021-02-09 15:43:16,2021-05-03 18:30:04,legacy/2026-05-20-pre-v2-import/data/raw/emurgo/delegation_history.csv
emurgo,pool1hrv8gtrm0dgjg6zyss5uwa4nkruzfnh5vrdkr2sayj7x2nw6mjc,3,3,258,283,2021-03-29 14:42:30,2021-07-31 11:10:07,legacy/2026-05-20-pre-v2-import/data/raw/emurgo/delegation_history.csv
emurgo,pool1hvevy8qu5lwg7ul66xmzvwv8zwdgdradsg9ncvrflm7dvy407e0,3,4,443,526,2023-10-10 05:19:10,2024-11-27 09:48:54,legacy/2026-05-20-pre-v2-import/data/raw/emurgo/delegation_history.csv
emurgo,pool1jj2hvts3ryffy5txm7w0am3zt7s7sehdf8rrwfesjmr7shv0mgl,3,3,243,255,2021-01-14 16:52:33,2021-03-13 03:23:33,legacy/2026-05-20-pre-v2-import/data/raw/emurgo/delegation_history.csv
emurgo,pool1jslaut45plz6ek7grjyzxz6kzgerr7p5204h9sprh3msw6d8yht,3,3,290,290,2021-09-03 08:16:26,2021-09-05 23:54:43,legacy/2026-05-20-pre-v2-import/data/raw/emurgo/delegation_history.csv
emurgo,pool1k0xrqp03mn9u3q3sadndd6vu9udl5v38xpzyw0shm8sskuxw2av,3,3,210,589,2020-08-02 04:36:51,2025-10-08 04:59:12,legacy/2026-05-20-pre-v2-import/data/raw/emurgo/delegation_history.csv
emurgo,pool1kncthgd5fqw8d7hpz08wnmpdqh0e88s5trgl97palhsgj5h3xen,3,3,250,253,2021-02-16 06:44:54,2021-03-04 07:15:09,legacy/2026-05-20-pre-v2-import/data/raw/emurgo/delegation_history.csv
emurgo,pool1kprt6l4quz03dhqx8jw22spdjvp5dkshdnn567vlexqkj35hd8a,3,3,262,534,2021-04-19 13:20:57,2025-01-05 01:43:23,legacy/2026-05-20-pre-v2-import/data/raw/emurgo/delegation_history.csv
emurgo,pool1kx0jm9ycs3t99tnwafw6w72jkdlzhj5ltxe2nrzkd9x2u5x343h,3,3,495,527,2024-06-23 21:59:00,2024-12-03 12:20:08,legacy/2026-05-20-pre-v2-import/data/raw/emurgo/delegation_history.csv
emurgo,pool1l4synes9s3swlf5r5rsfpede3582r4km2wd94xctceyaudv9zx3,3,8,262,472,2021-04-17 13:53:36,2024-03-01 16:34:10,legacy/2026-05-20-pre-v2-import/data/raw/emurgo/delegation_history.csv
emurgo,pool1lllmq2jgcqrag5c77lpc5m34fsqn63leadyx9tzx842n66ly3ql,3,4,210,245,2020-07-30 02:40:51,2021-01-25 21:11:12,legacy/2026-05-20-pre-v2-import/data/raw/emurgo/delegation_history.csv
emurgo,pool1mfm9nf0fc2wknc94dxyedny3vxtmv4t05arq7czyxsmg7qcy76n,3,3,238,286,2020-12-21 15:19:06,2021-08-16 05:33:32,legacy/2026-05-20-pre-v2-import/data/raw/emurgo/delegation_history.csv
emurgo,pool1mhww3q6d7qssj5j2add05r7cyr7znyswe2g6vd23anpx5sh6z8d,3,3,261,386,2021-04-15 17:33:38,2022-12-29 18:18:55,legacy/2026-05-20-pre-v2-import/data/raw/emurgo/delegation_history.csv
emurgo,pool1n5shd9xdt4s2gm27fxcnuejaqhhmpepn6chw2c82kqnuzdtpsem,3,3,244,298,2021-01-18 13:35:55,2021-10-14 14:06:25,legacy/2026-05-20-pre-v2-import/data/raw/emurgo/delegation_history.csv
emurgo,pool1nl74emh67vuyt8cgv6gwhjnrctxgrpqlrdzznj4l3lh5j8lj3ah,3,3,210,212,2020-08-01 22:02:11,2020-08-12 09:52:31,legacy/2026-05-20-pre-v2-import/data/raw/emurgo/delegation_history.csv
emurgo,pool1p9sda64t6l9802tsu2fj6phvt9xfqgcpjucyr3kek8wzurmn8rz,3,3,210,258,2020-07-30 21:08:11,2021-03-31 13:51:10,legacy/2026-05-20-pre-v2-import/data/raw/emurgo/delegation_history.csv
emurgo,pool1p9sjhjx0v3k76wvgdqu7jcks2ra48wqlhc6g0mkewd25k3zcymy,3,4,231,264,2020-11-12 01:06:17,2021-04-28 12:36:28,legacy/2026-05-20-pre-v2-import/data/raw/emurgo/delegation_history.csv
emurgo,pool1pk7cjkcdsawxf25dwml0ely8vhjx7wp7nqans3jwatanceyqae0,3,3,234,251,2020-12-01 00:12:00,2021-02-21 19:50:42,legacy/2026-05-20-pre-v2-import/data/raw/emurgo/delegation_history.csv
emurgo,pool1pmm654jfx088td54ekkkd0j28x6r5gnjdhnutzggursrxjnpk2y,3,4,494,523,2024-06-23 00:21:38,2024-11-11 02:46:16,legacy/2026-05-20-pre-v2-import/data/raw/emurgo/delegation_history.csv
emurgo,pool1q66d2n39uvln4hazyzv8fyq977mpqus78sjd2369qfn7cptdeyh,3,3,210,210,2020-07-31 17:07:51,2020-08-02 08:07:31,legacy/2026-05-20-pre-v2-import/data/raw/emurgo/delegation_history.csv
emurgo,pool1q7wrwstqkzhrffdzpw8ftfd4epmxywdjnp8384atjcnezchv242,3,3,258,429,2021-03-30 09:45:05,2023-07-30 09:00:34,legacy/2026-05-20-pre-v2-import/data/raw/emurgo/delegation_history.csv
emurgo,pool1q8a7ym63gurl72wr32je0tv0lp4p2uh8vzzc6rn6un7ryslvqmu,3,3,385,417,2022-12-22 21:27:06,2023-06-01 10:48:54,legacy/2026-05-20-pre-v2-import/data/raw/emurgo/delegation_history.csv
emurgo,pool1qdjx5xeeu6288ftmhmdr0c6mazkua7m07cydmr78ymfhz7jj7g4,3,3,254,538,2021-03-09 08:25:48,2025-01-28 16:04:31,legacy/2026-05-20-pre-v2-import/data/raw/emurgo/delegation_history.csv
emurgo,pool1qlpen2kkw8yc0pjyjjcg4zlswhrahf73f99y3ae85kjy6leqk7l,3,3,258,270,2021-03-30 19:19:09,2021-05-27 18:46:41,legacy/2026-05-20-pre-v2-import/data/raw/emurgo/delegation_history.csv
emurgo,pool1qqq6qpcq3tvnqzy7r03dush0qk9vrr88v85d6fj3ws9h5zj0h8w,3,3,272,284,2021-06-05 07:48:08,2021-08-07 22:42:09,legacy/2026-05-20-pre-v2-import/data/raw/emurgo/delegation_history.csv
emurgo,pool1qqqqvmpm9v2l0tkwx4dpzth3g85lapxjug2j6sucnphyqlt4fuu,3,3,217,259,2020-09-07 18:49:31,2021-04-02 20:36:07,legacy/2026-05-20-pre-v2-import/data/raw/emurgo/delegation_history.csv
emurgo,pool1r0dcmvzsldk06yagudxaajqjuzhvwlzcnaclcwtvm8v4qmsn7l0,3,3,287,298,2021-08-23 15:39:18,2021-10-13 04:58:44,legacy/2026-05-20-pre-v2-import/data/raw/emurgo/delegation_history.csv
emurgo,pool1r8938r4ts8f4t8nsp9xl9dktzapt7f67jgpsp4wrju39xrdnaye,3,5,210,585,2020-07-31 11:32:11,2025-09-17 15:48:50,legacy/2026-05-20-pre-v2-import/data/raw/emurgo/delegation_history.csv
emurgo,pool1ra2su7cvnmr83pu9nvvz4a9carsgc9egc3e5fuk7h9pycyp5ela,3,3,589,599,2025-10-11 01:41:01,2025-11-28 11:09:05,legacy/2026-05-20-pre-v2-import/data/raw/emurgo/delegation_history.csv
emurgo,pool1rcj4kw3nepfpwr6s2tzgq3x3emw45n9w58063j98h38rse482k0,3,3,212,224,2020-08-11 20:29:31,2020-10-11 17:11:13,legacy/2026-05-20-pre-v2-import/data/raw/emurgo/delegation_history.csv
emurgo,pool1rhq7qyw4y2s80gstyevm6rhz2lsdsrcstawunxx5eld8csvuvlu,3,3,285,297,2021-08-12 16:51:13,2021-10-10 16:55:32,legacy/2026-05-20-pre-v2-import/data/raw/emurgo/delegation_history.csv
emurgo,pool1s5pue3nn7vegwr327cvnyqmd5h0cvse7wksf6drup89gvgxpr7l,3,3,285,328,2021-08-10 12:16:40,2022-03-12 17:02:56,legacy/2026-05-20-pre-v2-import/data/raw/emurgo/delegation_history.csv
emurgo,pool1sm2kmdn4f9rat3kl67y9drqcnnqc34zg4f4ufmnrfaj45gcv89d,3,6,253,396,2021-03-03 16:50:44,2023-02-15 01:27:15,legacy/2026-05-20-pre-v2-import/data/raw/emurgo/delegation_history.csv
emurgo,pool1t9m69j5thv2ke9jt9hhsgxlag44z7erp2s2ukcpruwhwqarc9np,3,3,251,254,2021-02-24 20:03:52,2021-03-09 12:45:22,legacy/2026-05-20-pre-v2-import/data/raw/emurgo/delegation_history.csv
emurgo,pool1u3v7s93f2d968a8kce6zgfmckfx56ly626jkml6jv7tgweplrn8,3,4,210,260,2020-07-30 12:05:51,2021-04-09 14:22:45,legacy/2026-05-20-pre-v2-import/data/raw/emurgo/delegation_history.csv
emurgo,pool1uaa3le5zjzjtzacvglgv9sha2pz8zlegl8udy9z8lhddcgufzlx,3,3,264,264,2021-04-26 07:00:58,2021-04-27 05:45:58,legacy/2026-05-20-pre-v2-import/data/raw/emurgo/delegation_history.csv
emurgo,pool1ud4u9r3tce5dum63lsg3xc8nn8ycl2llx5g3qpf6ukc4k0gcfy7,3,7,248,255,2021-02-09 07:40:17,2021-03-12 11:11:08,legacy/2026-05-20-pre-v2-import/data/raw/emurgo/delegation_history.csv
emurgo,pool1udkx9rmgzf08z7zz4p7ykpdqsdv5nf0w8uf38wrsdn5dzk9nq4g,3,3,232,250,2020-11-20 12:52:52,2021-02-15 22:02:55,legacy/2026-05-20-pre-v2-import/data/raw/emurgo/delegation_history.csv
emurgo,pool1ugwj76z4cx6sywscud8ntd2m9tg3gyesmnnl35qr2l5mu06pe3x,3,3,270,270,2021-05-26 08:56:21,2021-05-29 01:28:58,legacy/2026-05-20-pre-v2-import/data/raw/emurgo/delegation_history.csv
emurgo,pool1ujcu3myfg9wwvdyh2ks653954lamtufy3lefjs73jrr327q53j4,3,3,255,255,2021-03-12 11:08:35,2021-03-13 18:56:22,legacy/2026-05-20-pre-v2-import/data/raw/emurgo/delegation_history.csv
emurgo,pool1uu35qfkmjyxwpm3pgptfgr0qga9j2fzkc0tsjplcx840x295xj9,3,3,247,300,2021-02-02 18:40:57,2021-10-24 18:30:07,legacy/2026-05-20-pre-v2-import/data/raw/emurgo/delegation_history.csv
emurgo,pool1vc8jhqtwjrjwsfk6a0enx47hd2ufg98c34ta6lvl0zv0uhpech9,3,6,210,323,2020-07-30 19:57:51,2022-02-15 17:43:04,legacy/2026-05-20-pre-v2-import/data/raw/emurgo/delegation_history.csv
emurgo,pool1vtpn0drn5t39frknedmqq2jkhsfstwketsnvdm7cjzz674s30v2,3,3,422,468,2023-06-26 17:09:37,2024-02-14 21:39:53,legacy/2026-05-20-pre-v2-import/data/raw/emurgo/delegation_history.csv
emurgo,pool1we0xjccr3vc4ypnmhzsgwp7sxpsytu8dtv0syeqmtrllvcex68q,3,3,219,603,2020-09-15 06:44:51,2025-12-16 17:35:05,legacy/2026-05-20-pre-v2-import/data/raw/emurgo/delegation_history.csv
emurgo,pool1wll3vr4v605eap9hpjfpda5cjegqfkjt8hrz3kkxpnffqejhav3,3,3,232,246,2020-11-21 16:48:38,2021-01-29 20:25:37,legacy/2026-05-20-pre-v2-import/data/raw/emurgo/delegation_history.csv
emurgo,pool1xlfty06hg6q23qvcaxwv3p9ke7ff9n34qpr8tpxt2zflyq20ceh,3,3,534,539,2025-01-05 15:13:10,2025-02-02 18:39:57,legacy/2026-05-20-pre-v2-import/data/raw/emurgo/delegation_history.csv
emurgo,pool1y0lq6rjckxxly36gf3wdsxzjzg97mq9c90una3vfq8pu77g7zkf,3,3,231,276,2020-11-15 21:59:21,2021-06-25 12:59:30,legacy/2026-05-20-pre-v2-import/data/raw/emurgo/delegation_history.csv
emurgo,pool1yet04d4ykpp7me8uc2jx2glxrx88kt9uhmv6jeh7xkmtu5zucna,3,3,233,265,2020-11-23 14:08:09,2021-05-01 23:54:12,legacy/2026-05-20-pre-v2-import/data/raw/emurgo/delegation_history.csv
emurgo,pool1yhd6a8vvp0r0ads36j4zjwx7juztf6cgpa2fqm9dm0st790ptf2,3,3,250,251,2021-02-19 07:51:31,2021-02-21 21:41:56,legacy/2026-05-20-pre-v2-import/data/raw/emurgo/delegation_history.csv
emurgo,pool1yl46tklt9df02cf653fv74x2klucj3fc6mhm05n3enpk7lgxfjv,3,3,428,431,2023-07-28 09:24:14,2023-08-13 21:32:16,legacy/2026-05-20-pre-v2-import/data/raw/emurgo/delegation_history.csv
emurgo,pool1yxhf37v04q6cyrf8a4g64xsmvepwg5t2zc0qcquqjlph55ye2ef,3,3,217,235,2020-09-06 12:26:12,2020-12-03 01:28:53,legacy/2026-05-20-pre-v2-import/data/raw/emurgo/delegation_history.csv
emurgo,pool1zfhww5y28t303z6uyq3w47pkhfmxww9dsn89vrxteplg2zjkekl,3,4,253,275,2021-03-04 00:45:57,2021-06-23 05:00:16,legacy/2026-05-20-pre-v2-import/data/raw/emurgo/delegation_history.csv
emurgo,pool1zmtm8yef7725p9n7x433m50kvv9xpzjujnny9m5t960g5qm30ua,3,3,254,353,2021-03-07 10:14:51,2022-07-18 19:47:23,legacy/2026-05-20-pre-v2-import/data/raw/emurgo/delegation_history.csv
emurgo,pool1030as3pp5684ghgf4kzcpv4p2jnmkmme7j363t95690zwxp7wa0,2,2,290,595,2021-09-07 04:54:20,2025-11-10 12:59:31,legacy/2026-05-20-pre-v2-import/data/raw/emurgo/delegation_history.csv
emurgo,pool109s7c6kn6ugxjnf8d46s9h3nnezs3d77yu80scs9sjppqa0qkyn,2,2,234,253,2020-11-29 01:42:21,2021-03-05 23:47:55,legacy/2026-05-20-pre-v2-import/data/raw/emurgo/delegation_history.csv
emurgo,pool10hex9l4wjgqarvhr94xgyh9frv5lhtajhrj4dah0kl65jtws30k,2,2,255,271,2021-03-12 10:54:39,2021-06-03 22:29:26,legacy/2026-05-20-pre-v2-import/data/raw/emurgo/delegation_history.csv
emurgo,pool10p3g22454ly7eaurlur5wc9d9ual2fnfwy7a6e7k09z3yf929k9,2,2,210,254,2020-08-03 14:58:11,2021-03-09 21:44:51,legacy/2026-05-20-pre-v2-import/data/raw/emurgo/delegation_history.csv
emurgo,pool10p6wd9k0fwk2zqkqnqr8efyr7gms627ujk9dxgk6majskhawr6r,2,3,392,472,2023-01-28 19:59:34,2024-03-02 15:24:47,legacy/2026-05-20-pre-v2-import/data/raw/emurgo/delegation_history.csv
emurgo,pool10w6dqsuflhrczmvle5awchzcteskxke3ce0anmnvza2n2uv3u2f,2,2,213,217,2020-08-16 22:52:37,2020-09-03 15:17:33,legacy/2026-05-20-pre-v2-import/data/raw/emurgo/delegation_history.csv
emurgo,pool10ya6hxrssmyhl560gqyalhqxudkgfjdlc0e4krww6wweyaeajs8,2,2,291,524,2021-09-12 02:36:56,2024-11-19 19:37:46,legacy/2026-05-20-pre-v2-import/data/raw/emurgo/delegation_history.csv
emurgo,pool12eht6dqxpzqj87xuextrpufz2gxmt4reuesuw26r2utzw0kw906,2,2,454,463,2023-12-05 08:35:51,2024-01-16 16:40:27,legacy/2026-05-20-pre-v2-import/data/raw/emurgo/delegation_history.csv
emurgo,pool12n59qv09v4de7c703ka7xym2ggpa9500cnwst5evm7st6anvaj4,2,2,211,212,2020-08-08 13:45:31,2020-08-13 17:01:11,legacy/2026-05-20-pre-v2-import/data/raw/emurgo/delegation_history.csv
emurgo,pool12ur7gf2psr2grf83u6gturpv2je6vxq9rkg8malygdxqkwnqc5h,2,2,323,331,2022-02-17 18:22:55,2022-03-26 23:17:39,legacy/2026-05-20-pre-v2-import/data/raw/emurgo/delegation_history.csv
emurgo,pool12yscr8j3zs34ewxrwlk0p2w5uvgcnrzywpp78ddjsj8kxd530f9,2,2,275,578,2021-06-22 22:59:54,2025-08-14 13:02:21,legacy/2026-05-20-pre-v2-import/data/raw/emurgo/delegation_history.csv
emurgo,pool130sxcuaxh2yc4chs68c4jsep4v7zfhgdqutm60ngdvt9sa2ga06,2,2,215,247,2020-08-23 23:27:50,2021-01-31 05:15:27,legacy/2026-05-20-pre-v2-import/data/raw/emurgo/delegation_history.csv
emurgo,pool1378u3xd5h393n0dwqszfw4dmen5vlmnm2fsdczd3v92n6dlw6qm,2,2,210,213,2020-07-30 10:53:51,2020-08-14 22:09:39,legacy/2026-05-20-pre-v2-import/data/raw/emurgo/delegation_history.csv
emurgo,pool13fg83xz9t4yunpzjmcras7kqpyssl6247uqva53s6jntskmhvc7,2,2,247,253,2021-01-31 18:57:04,2021-03-03 23:09:39,legacy/2026-05-20-pre-v2-import/data/raw/emurgo/delegation_history.csv
emurgo,pool13n4jzw847sspllczxgnza7vkq80m8px7mpvwnsqthyy2790vmyc,2,2,210,210,2020-07-29 23:02:31,2020-07-30 02:45:31,legacy/2026-05-20-pre-v2-import/data/raw/emurgo/delegation_history.csv
emurgo,pool13pclvkwxee4znt7qc55k8ny89zvdkvfrt04dtd99zjm5vs2tws5,2,2,239,296,2020-12-23 03:44:09,2021-10-07 07:22:56,legacy/2026-05-20-pre-v2-import/data/raw/emurgo/delegation_history.csv
emurgo,pool13q0r47yq43jljm9lnwza8uz57u420wuuwllrvkalxm6vwn2dq5n,2,2,210,243,2020-08-01 02:27:51,2021-01-14 09:46:31,legacy/2026-05-20-pre-v2-import/data/raw/emurgo/delegation_history.csv
emurgo,pool13qze0weztaxl9uje7gjryzs85mwlx0cn9pgdnkdxs3xvu78tsr3,2,2,250,305,2021-02-17 06:42:38,2021-11-17 23:07:23,legacy/2026-05-20-pre-v2-import/data/raw/emurgo/delegation_history.csv
emurgo,pool13vc4ekwpky5vtnl8pyj60phkmwtv7gsthn4g525udt7mjycs85v,2,3,354,442,2022-07-20 12:58:59,2023-10-05 12:42:42,legacy/2026-05-20-pre-v2-import/data/raw/emurgo/delegation_history.csv
emurgo,pool13zh79cqv3y36cgknzagwegp8y0kuzel2j046jmup97hhjwk5myw,2,2,217,217,2020-09-06 06:26:00,2020-09-06 06:29:39,legacy/2026-05-20-pre-v2-import/data/raw/emurgo/delegation_history.csv
emurgo,pool14cautfm2e8jxv79tv59grnryjxs8f2wewz66wup695xgu7wjnvr,2,2,251,261,2021-02-24 12:24:26,2021-04-13 16:01:21,legacy/2026-05-20-pre-v2-import/data/raw/emurgo/delegation_history.csv
emurgo,pool14gu2yv67enp56dym7ww2d0d72723kgrcqsuau5nxjv9ryt004rt,2,2,212,212,2020-08-09 10:45:31,2020-08-12 20:36:51,legacy/2026-05-20-pre-v2-import/data/raw/emurgo/delegation_history.csv
emurgo,pool14hsxa2zfwzvy9ncdjwnx0xkcltjmdydeayxfju7suuuewv0dnke,2,2,211,548,2020-08-07 14:15:51,2025-03-20 04:19:49,legacy/2026-05-20-pre-v2-import/data/raw/emurgo/delegation_history.csv
emurgo,pool14mma26pz4v888lrxtlzm22vjd68h5hd89kj7jaag6knx7x3k5ed,2,2,303,309,2021-11-09 03:47:57,2021-12-09 17:33:24,legacy/2026-05-20-pre-v2-import/data/raw/emurgo/delegation_history.csv
emurgo,pool14n77mmxh6a2d9k05jamzdwsws2ayvkyje8uc7led958p63at3aj,2,3,281,293,2021-07-23 18:02:38,2021-09-19 20:35:20,legacy/2026-05-20-pre-v2-import/data/raw/emurgo/delegation_history.csv
emurgo,pool14qpadfdjzw6jkwxy67uhey6tjpyppsmwgz5awfsxwrtpsecslpc,2,2,573,575,2025-07-18 23:28:54,2025-08-01 21:57:35,legacy/2026-05-20-pre-v2-import/data/raw/emurgo/delegation_history.csv
emurgo,pool150hft90uw7tzr9uvj7tqkjp4u98a9hl20llj3n9ew76kkfm768r,2,2,261,339,2021-04-15 14:43:06,2022-05-06 01:07:14,legacy/2026-05-20-pre-v2-import/data/raw/emurgo/delegation_history.csv
emurgo,pool153sc4fct34a680nyfj4084w8dpax6c0zt0js8zqvg3sj7wtk486,2,2,535,536,2025-01-12 13:52:59,2025-01-19 03:54:44,legacy/2026-05-20-pre-v2-import/data/raw/emurgo/delegation_history.csv
emurgo,pool15676jwlm6gancffzs2jg9vf5xwzmspyktw75dl4kaucyst4qt8q,2,2,261,352,2021-04-14 09:22:00,2022-07-10 22:39:07,legacy/2026-05-20-pre-v2-import/data/raw/emurgo/delegation_history.csv
emurgo,pool157e2zadjusu6esf9mmx37nf63ep2gazdeln5mh04ylpcvz59g5c,2,2,236,236,2020-12-07 12:02:08,2020-12-08 07:54:51,legacy/2026-05-20-pre-v2-import/data/raw/emurgo/delegation_history.csv
emurgo,pool157g225wjz7a0hp2g7t5j7g94dd3esr26xg90rnr9gq3js8ep0v5,2,2,335,361,2022-04-20 21:19:56,2022-08-27 12:53:46,legacy/2026-05-20-pre-v2-import/data/raw/emurgo/delegation_history.csv
emurgo,pool15a04yc72q4tfkwaweu86l0764urswee8c3zxperyrdq4kx8nvua,2,2,296,403,2021-10-04 08:58:51,2023-03-22 15:13:26,legacy/2026-05-20-pre-v2-import/data/raw/emurgo/delegation_history.csv
emurgo,pool15fn9e84lmcp88z6yldagdele2lq0kqremlf0j96v7cj0jj6v22l,2,2,327,329,2022-03-07 14:02:31,2022-03-21 13:11:18,legacy/2026-05-20-pre-v2-import/data/raw/emurgo/delegation_history.csv
emurgo,pool15mfkj8sl7estcmmd5a07afrx5f4hlz3pcr6p6ay5pfmrjfl2hlf,2,2,237,246,2020-12-12 02:42:29,2021-01-30 21:29:27,legacy/2026-05-20-pre-v2-import/data/raw/emurgo/delegation_history.csv
emurgo,pool15v22rpfg6qx9l0gx0m955gfv7tes0jpa9sy0gjs3a04lv6x9jdr,2,2,447,507,2023-10-30 10:57:09,2024-08-27 21:36:45,legacy/2026-05-20-pre-v2-import/data/raw/emurgo/delegation_history.csv
emurgo,pool16e2x06wk8ufyakgrzq0c9p5tmfhl6w0c80raxr0xtg5g7aakhgh,2,2,284,323,2021-08-05 15:19:03,2022-02-17 11:33:51,legacy/2026-05-20-pre-v2-import/data/raw/emurgo/delegation_history.csv
emurgo,pool16jefdagcsgzyek9jytzfezx5ajvfkytjgghaps64hzz6uzkpc0e,2,2,269,269,2021-05-22 04:48:57,2021-05-22 04:59:26,legacy/2026-05-20-pre-v2-import/data/raw/emurgo/delegation_history.csv
emurgo,pool16pk3nc2g7580vwurn7t6qfjge70cc8ylvqkt0cnzsnktc5j38qp,2,5,243,292,2021-01-15 14:40:29,2021-09-15 01:04:47,legacy/2026-05-20-pre-v2-import/data/raw/emurgo/delegation_history.csv
emurgo,pool16sjl6t8exdrenygxhramgc7vs7hjv7ga35caj4cexgzdk7mrpxr,2,2,283,283,2021-07-30 10:44:45,2021-07-30 13:39:18,legacy/2026-05-20-pre-v2-import/data/raw/emurgo/delegation_history.csv
emurgo,pool17e4rdh59t4fmn4g3p02xvs853katrjzge830tsmd3sfdc645yvt,2,2,240,275,2020-12-30 00:53:05,2021-06-20 04:18:06,legacy/2026-05-20-pre-v2-import/data/raw/emurgo/delegation_history.csv
emurgo,pool17tfres65n2elunrcmkg3t24s48j8mh5kklzrg6pzcu42x7shmrv,2,2,267,271,2021-05-13 09:46:11,2021-06-02 15:45:48,legacy/2026-05-20-pre-v2-import/data/raw/emurgo/delegation_history.csv
emurgo,pool180fejev4xgwe2y53ky0pxvgxr3wcvkweu6feq5mdljfzcsmtg6u,2,2,470,471,2024-02-22 07:04:41,2024-02-25 23:31:19,legacy/2026-05-20-pre-v2-import/data/raw/emurgo/delegation_history.csv
emurgo,pool1829u4wxz0hdatsc0sczd0r3362wxk82qlqncjw5ksx7ngne07w0,2,2,241,244,2021-01-05 21:04:56,2021-01-18 17:03:35,legacy/2026-05-20-pre-v2-import/data/raw/emurgo/delegation_history.csv
emurgo,pool189lfh7azuvxu0hyskwahnp35rtez0mzhsmule3742p3jkza00cq,2,2,567,569,2025-06-19 08:15:11,2025-07-03 09:50:10,legacy/2026-05-20-pre-v2-import/data/raw/emurgo/delegation_history.csv
emurgo,pool18axt9r7z8eg0udd9xxzc4r2u9x322wfrtq3928jzye4ey3jytgq,2,2,210,210,2020-07-30 04:20:51,2020-07-31 19:37:51,legacy/2026-05-20-pre-v2-import/data/raw/emurgo/delegation_history.csv
emurgo,pool18hk4akqtnktgsptxll625lksugwpc4r30nzjgz4pxtufqgw5gdd,2,2,280,280,2021-07-19 20:21:05,2021-07-19 20:21:05,legacy/2026-05-20-pre-v2-import/data/raw/emurgo/delegation_history.csv
emurgo,pool18r2y72aue5nmv489xtnfxl36vzusq95qst6urd87yd5hgzms04c,2,2,291,323,2021-09-11 12:16:23,2022-02-15 08:57:27,legacy/2026-05-20-pre-v2-import/data/raw/emurgo/delegation_history.csv
emurgo,pool18xyhhrlxp6svh3rpr8fe8ts88ymn7xatgd74305t8548ccgtacq,2,2,253,277,2021-03-04 20:05:25,2021-07-04 00:10:06,legacy/2026-05-20-pre-v2-import/data/raw/emurgo/delegation_history.csv
emurgo,pool18xysavc2dazzvc7xaqyh6t966zlawgupkdzyfc0yspt76ggxw6g,2,3,253,375,2021-03-05 05:09:25,2022-11-06 16:20:42,legacy/2026-05-20-pre-v2-import/data/raw/emurgo/delegation_history.csv
emurgo,pool194lhpd5e6a8n8n0zce5hg9f5279pqecd86yl0ytf8nztk2x9unv,2,2,436,494,2023-09-03 06:59:09,2024-06-19 17:00:03,legacy/2026-05-20-pre-v2-import/data/raw/emurgo/delegation_history.csv
emurgo,pool194usk2h8vcq6yw89xs5asrvw22g08kcfy72xyfrnnkg6qrhtlfw,2,2,214,222,2020-08-19 09:19:01,2020-10-01 15:08:22,legacy/2026-05-20-pre-v2-import/data/raw/emurgo/delegation_history.csv
emurgo,pool19gzu2dyp0g9e0nsvtg34fdhrtgr8c5jq37nscalqkh3hsjmas69,2,3,355,362,2022-07-27 06:11:38,2022-08-29 16:18:43,legacy/2026-05-20-pre-v2-import/data/raw/emurgo/delegation_history.csv
emurgo,pool19k4azhj8tye5wwy5pfj7q6m938m8fg5nglds5dkhtfwnvcg3s0k,2,2,254,276,2021-03-08 07:34:24,2021-06-28 04:29:39,legacy/2026-05-20-pre-v2-import/data/raw/emurgo/delegation_history.csv
emurgo,pool19kqzpht4lz9q0pc26f3nvw0ggwznv3xfhhvm2wlkxce4srjm5p8,2,2,210,210,2020-07-30 09:25:51,2020-07-31 10:12:51,legacy/2026-05-20-pre-v2-import/data/raw/emurgo/delegation_history.csv
emurgo,pool19peeq2czwunkwe3s70yuvwpsrqcyndlqnxvt67usz98px57z7fk,2,6,383,471,2022-12-12 10:40:58,2024-02-25 20:01:11,legacy/2026-05-20-pre-v2-import/data/raw/emurgo/delegation_history.csv
emurgo,pool19q034g07ka2ltwc3wwjeu79w29nlafc0w2ppne5ppu5wud60rgq,2,2,323,347,2022-02-17 00:49:04,2022-06-19 17:12:13,legacy/2026-05-20-pre-v2-import/data/raw/emurgo/delegation_history.csv
emurgo,pool19ut4284xy9p82dd0cglzxweddfqw73yennkjk6mmp650chnr6lz,2,2,216,456,2020-08-31 23:00:27,2023-12-12 19:33:50,legacy/2026-05-20-pre-v2-import/data/raw/emurgo/delegation_history.csv
emurgo,pool1a5njhrg4s74vgynnae0hht04wgmcf75kwen3676jhrr5v3s8ecq,2,2,211,211,2020-08-05 07:54:31,2020-08-05 18:56:51,legacy/2026-05-20-pre-v2-import/data/raw/emurgo/delegation_history.csv
emurgo,pool1a6ccp9fpgn40r2jl7fapjv3224swqf72z5gt4cgwctnk5etfjlr,2,2,210,289,2020-07-30 02:34:31,2021-09-02 12:23:20,legacy/2026-05-20-pre-v2-import/data/raw/emurgo/delegation_history.csv
emurgo,pool1c25428845rm7sp2cja9jgahpr5kll29srjdzzh84pu84uzanqfc,2,2,211,255,2020-08-07 01:56:11,2021-03-14 09:08:49,legacy/2026-05-20-pre-v2-import/data/raw/emurgo/delegation_history.csv
emurgo,pool1c2wf97p3j9gfvfjshj99ufxerpy3aznm8tzr2fd0ua465s26th4,2,2,252,264,2021-02-26 01:17:13,2021-04-26 04:14:58,legacy/2026-05-20-pre-v2-import/data/raw/emurgo/delegation_history.csv
emurgo,pool1c38rf777lz0lweuz856xtetz2p2tfq04xfles089839tclt4dp3,2,2,257,283,2021-03-24 16:33:20,2021-08-03 18:19:08,legacy/2026-05-20-pre-v2-import/data/raw/emurgo/delegation_history.csv
emurgo,pool1c4y0lwrzus07c34py4x03juzqwa38zmvd0tc7ld5hp77qwpp5qe,2,2,214,223,2020-08-19 00:52:21,2020-10-04 18:19:02,legacy/2026-05-20-pre-v2-import/data/raw/emurgo/delegation_history.csv
emurgo,pool1cadtxkx0lkrq5refcn8p3ueujn4r0wvuk57f6efwflj22gg0qqw,2,6,213,254,2020-08-14 11:05:57,2021-03-07 14:44:30,legacy/2026-05-20-pre-v2-import/data/raw/emurgo/delegation_history.csv
emurgo,pool1cg559cdc25fkvs73umj6w5nxlwy3mpmj02xt7p4v69eqs5ncz9k,2,2,323,374,2022-02-16 18:45:41,2022-11-01 15:36:38,legacy/2026-05-20-pre-v2-import/data/raw/emurgo/delegation_history.csv
emurgo,pool1czg8a3gg33aujkkcf9wrnr8zf4qq9qn0rrkh04umrg60k0vyvdl,2,2,211,217,2020-08-04 01:51:11,2020-09-03 14:41:58,legacy/2026-05-20-pre-v2-import/data/raw/emurgo/delegation_history.csv
emurgo,pool1dcjycc5mvj9svh9ys482078mnqutu48k3zj7uqzswj7m54a7hzr,2,2,287,287,2021-08-20 05:07:13,2021-08-23 14:47:55,legacy/2026-05-20-pre-v2-import/data/raw/emurgo/delegation_history.csv
emurgo,pool1dhf4dt395f0c0ujnscazvzvw73ynzgwvtf5k4y9c907hwjdyaq4,2,4,265,283,2021-05-02 04:28:59,2021-07-30 00:56:22,legacy/2026-05-20-pre-v2-import/data/raw/emurgo/delegation_history.csv
emurgo,pool1dqhaw0h2f4ehpdhh57quszcj22qhkglhg6yvaf39w3clxdl2kpy,2,2,303,401,2021-11-10 05:51:40,2023-03-14 17:23:19,legacy/2026-05-20-pre-v2-import/data/raw/emurgo/delegation_history.csv
emurgo,pool1ds7rtjqxauff54ny4avs7qxmvchepuv6u79kgg0sf84mjlhxznp,2,2,402,408,2023-03-17 22:56:58,2023-04-18 18:34:14,legacy/2026-05-20-pre-v2-import/data/raw/emurgo/delegation_history.csv
emurgo,pool1dww6s8stvm7dl2n8740s3v5rnxmsuqcl8jcnu64g7cds5w29pft,2,2,253,466,2021-03-06 18:10:39,2024-01-31 12:37:29,legacy/2026-05-20-pre-v2-import/data/raw/emurgo/delegation_history.csv
emurgo,pool1dy7tz7eyf2qal2jcns4qwm4xqn34gc4rj9dz34kfs6zuju477k7,2,2,210,210,2020-07-31 18:59:11,2020-08-01 10:23:31,legacy/2026-05-20-pre-v2-import/data/raw/emurgo/delegation_history.csv
emurgo,pool1e2tl2w0x4puw0f7c04mznq4qz6kxjkwhvuvusgf2fgu7q4d6ghv,2,2,388,441,2023-01-08 21:16:58,2023-09-30 20:25:55,legacy/2026-05-20-pre-v2-import/data/raw/emurgo/delegation_history.csv
emurgo,pool1e6chrtr2p5ycvppuye3x82ytp84ycw0pes6zmkw972upz3g8wms,2,2,214,248,2020-08-22 07:17:21,2021-02-07 16:48:27,legacy/2026-05-20-pre-v2-import/data/raw/emurgo/delegation_history.csv
emurgo,pool1e9tp0emvvg9sc4ds9h4nhwk8qpn6869qwnas2qywu9ep2reaaxe,2,2,254,275,2021-03-09 22:21:31,2021-06-22 08:54:35,legacy/2026-05-20-pre-v2-import/data/raw/emurgo/delegation_history.csv
emurgo,pool1efcy26vzdpn42c042ylynmx568m0csfle5yvkumh3v5xjhdraxk,2,2,233,312,2020-11-26 18:52:48,2021-12-22 03:38:20,legacy/2026-05-20-pre-v2-import/data/raw/emurgo/delegation_history.csv
emurgo,pool1egunxfppwtglyu3t864uq76y0zu05s7pjda3e9g95nwlwc5ye2h,2,4,252,329,2021-03-01 11:49:10,2022-03-17 06:35:05,legacy/2026-05-20-pre-v2-import/data/raw/emurgo/delegation_history.csv
emurgo,pool1ek2m5zuydqcgqv3s5mlh55tr8gp76yuxe4hj4s7xtxajyc94rx3,2,2,212,223,2020-08-12 03:25:11,2020-10-04 06:57:19,legacy/2026-05-20-pre-v2-import/data/raw/emurgo/delegation_history.csv
emurgo,pool1enul577he3e0s500lv8z98m6k936uecz2rpckxxmmk8c7k0n2rd,2,2,253,412,2021-03-05 09:01:11,2023-05-06 14:49:57,legacy/2026-05-20-pre-v2-import/data/raw/emurgo/delegation_history.csv
emurgo,pool1esrdl3mj4pflc70p2rx5trz920v8d4796m6h2yqwpq39x5dmmxg,2,2,318,319,2022-01-25 13:39:38,2022-01-29 06:02:33,legacy/2026-05-20-pre-v2-import/data/raw/emurgo/delegation_history.csv
emurgo,pool1f22470gz0h9zvr5asy86p8gx397qq8sdz5yxn6998hc82h8ds04,2,3,210,210,2020-07-30 11:58:31,2020-08-03 16:12:51,legacy/2026-05-20-pre-v2-import/data/raw/emurgo/delegation_history.csv
emurgo,pool1ff9edraw8jjzguvyr4lkm2x0ce9lmr8sewwdgs76x9d879n7sxz,2,3,294,353,2021-09-23 06:09:06,2022-07-16 21:49:20,legacy/2026-05-20-pre-v2-import/data/raw/emurgo/delegation_history.csv
emurgo,pool1fg5fs0jks9459pf5qxvdvv3l7rzemj0q8e2lt6unxx5m7fv3tzn,2,2,260,268,2021-04-07 15:13:28,2021-05-17 07:06:48,legacy/2026-05-20-pre-v2-import/data/raw/emurgo/delegation_history.csv
emurgo,pool1fv9f8phzn7hp623ypw6ctf73a98hd7nrh8wm7glpcuhf64856g2,2,2,396,454,2023-02-15 15:55:03,2023-12-05 14:36:05,legacy/2026-05-20-pre-v2-import/data/raw/emurgo/delegation_history.csv
emurgo,pool1g0hsnjnt0du3kp33gjua3npncngr3yg4ak2zfdhd4zvmy6r8hyd,2,3,242,257,2021-01-07 04:49:08,2021-03-22 11:50:17,legacy/2026-05-20-pre-v2-import/data/raw/emurgo/delegation_history.csv
emurgo,pool1g77ac5d7efytjc2rc3c8lnwl9snmlp8p7858fp06teqv6pcf694,2,3,258,270,2021-03-29 02:00:28,2021-05-26 06:14:36,legacy/2026-05-20-pre-v2-import/data/raw/emurgo/delegation_history.csv
emurgo,pool1gha260s6hx855p49fc735w78p0kcp4hyxl8glymp5k5muk9jkgm,2,4,267,289,2021-05-12 04:37:00,2021-09-02 18:29:49,legacy/2026-05-20-pre-v2-import/data/raw/emurgo/delegation_history.csv
emurgo,pool1grvc8ee54v6hm0aynfdqanugez2sjjdaya2fxcug7lhu73dnrl7,2,2,250,261,2021-02-19 07:19:14,2021-04-14 02:55:00,legacy/2026-05-20-pre-v2-import/data/raw/emurgo/delegation_history.csv
emurgo,pool1gu33fszp9ek0w9fkdt2xpnp4vznvvv2vhktc0dypa8fr53lc9pc,2,2,211,294,2020-08-08 01:04:11,2021-09-23 10:31:21,legacy/2026-05-20-pre-v2-import/data/raw/emurgo/delegation_history.csv
emurgo,pool1h0anq89dytn6vtm0afhreyawcnn0w99w7e4s4q5w0yh3ymzh94s,2,2,210,244,2020-07-30 10:41:11,2021-01-19 13:29:17,legacy/2026-05-20-pre-v2-import/data/raw/emurgo/delegation_history.csv
emurgo,pool1h0v99elmvl50rqk778ue6g49r3mtgq3z4draq6pzy0nqv000frd,2,12,251,267,2021-02-23 14:45:58,2021-05-12 16:13:42,legacy/2026-05-20-pre-v2-import/data/raw/emurgo/delegation_history.csv
emurgo,pool1h5jtxde8j86qrnqzj32ugn480u7gw5xw8wqy5d227rl3vfg58qz,2,2,212,259,2020-08-13 14:02:51,2021-04-04 07:49:40,legacy/2026-05-20-pre-v2-import/data/raw/emurgo/delegation_history.csv
emurgo,pool1ha4z9zne9z7he43qf0tzv9pdq8cdj63xfrj8s246u89lkcwmq7w,2,2,268,324,2021-05-17 00:13:28,2022-02-21 06:33:39,legacy/2026-05-20-pre-v2-import/data/raw/emurgo/delegation_history.csv
emurgo,pool1hcjc7d8g0awkledqs4ne8chl4gqmcc57yucexw2pyzll7eq84af,2,8,253,272,2021-03-04 01:26:28,2021-06-06 12:30:04,legacy/2026-05-20-pre-v2-import/data/raw/emurgo/delegation_history.csv
emurgo,pool1hfn7yuwfyhmmqe4qpaxfewuly7cnemc6kqkv5npytj9vcrskh6j,2,2,247,250,2021-01-31 13:20:51,2021-02-15 01:04:47,legacy/2026-05-20-pre-v2-import/data/raw/emurgo/delegation_history.csv
emurgo,pool1j3umdcuxcewcxz98wm3sx5xqwgxx0v7z376xyjfq4jgejpvv8fz,2,2,317,317,2022-01-17 22:19:36,2022-01-18 12:17:22,legacy/2026-05-20-pre-v2-import/data/raw/emurgo/delegation_history.csv
emurgo,pool1j4nkshfytq8tww99ttfwvrmv8n7yq2tvuw0xlphelzzw6vfghwq,2,6,284,427,2021-08-05 06:46:09,2023-07-21 10:14:47,legacy/2026-05-20-pre-v2-import/data/raw/emurgo/delegation_history.csv
emurgo,pool1j742gcsul7u8c05rsqmkgpkvj5qadj0pew69nctu6crqy9wjjn4,2,2,406,459,2023-04-07 16:44:30,2023-12-28 00:44:02,legacy/2026-05-20-pre-v2-import/data/raw/emurgo/delegation_history.csv
emurgo,pool1j8grqucdwwcr0cwzxrtw30vqcptg0jdlrmauq5w7ytvqx6nf5np,2,2,252,262,2021-02-24 22:40:30,2021-04-20 15:37:07,legacy/2026-05-20-pre-v2-import/data/raw/emurgo/delegation_history.csv
emurgo,pool1jdeg5kn8m77t873vufp9hty99fl0f3huvf8uzylk2ydz50l6a22,2,2,286,306,2021-08-17 03:26:11,2021-11-23 20:01:08,legacy/2026-05-20-pre-v2-import/data/raw/emurgo/delegation_history.csv
emurgo,pool1jezf7dcx26edfpxmpuh05yen64a9cj44xm2ggsapcxrtqewfek2,2,2,236,252,2020-12-07 10:53:53,2021-02-27 10:00:46,legacy/2026-05-20-pre-v2-import/data/raw/emurgo/delegation_history.csv
emurgo,pool1jm220zs5txnxe6nt89hajtm6hwsf902e2dwjrtfuq33uw835g65,2,2,211,341,2020-08-04 00:56:31,2022-05-20 16:08:47,legacy/2026-05-20-pre-v2-import/data/raw/emurgo/delegation_history.csv
emurgo,pool1jqfk2y5wked4sjpx9sqxn6dmut8hq2n9qlreymqtpxuc5l38fl0,2,2,281,281,2021-07-20 13:40:36,2021-07-20 14:12:48,legacy/2026-05-20-pre-v2-import/data/raw/emurgo/delegation_history.csv
emurgo,pool1jrn3nlmzt4r99fh5z450nnwqerwljzn426ffknfs9x8gcqgffst,2,2,289,323,2021-09-02 03:39:37,2022-02-16 18:36:27,legacy/2026-05-20-pre-v2-import/data/raw/emurgo/delegation_history.csv
emurgo,pool1kck3hegpzrc96s29x8egn6jmrajdrvslqldyl09sntu2sw4urst,2,2,286,286,2021-08-14 08:05:29,2021-08-14 19:04:17,legacy/2026-05-20-pre-v2-import/data/raw/emurgo/delegation_history.csv
emurgo,pool1keasvddt9vndl8jyhg204s6kqusv5zgzg3kk3l3g949ew402ahe,2,3,379,458,2022-11-23 16:00:27,2023-12-26 20:16:36,legacy/2026-05-20-pre-v2-import/data/raw/emurgo/delegation_history.csv
emurgo,pool1kffetqjt06qvk4995tz3e3q9h3c8cdq9eedrz8qr3ynnc63qckz,2,2,250,349,2021-02-17 14:28:35,2022-06-29 19:48:57,legacy/2026-05-20-pre-v2-import/data/raw/emurgo/delegation_history.csv
emurgo,pool1khgrpe9tann7ywfppvd0zn46jyd03yqnaea98hnhqunewechx5u,2,2,213,213,2020-08-14 00:07:04,2020-08-14 05:02:10,legacy/2026-05-20-pre-v2-import/data/raw/emurgo/delegation_history.csv
emurgo,pool1khku6wh5mh3xprdw3crqye0mzwzhk3cxzv2unnusa0c0sjqac2g,2,2,292,293,2021-09-13 14:58:54,2021-09-18 09:37:39,legacy/2026-05-20-pre-v2-import/data/raw/emurgo/delegation_history.csv
emurgo,pool1kterawv22xya864tqjy9pq2ftmuptlggywtqt3p7adexg7qyl6u,2,2,235,241,2020-12-02 00:53:14,2021-01-02 19:12:51,legacy/2026-05-20-pre-v2-import/data/raw/emurgo/delegation_history.csv
emurgo,pool1l0qnutsvgcljl9nrkf2gn9hwffg0uss22fuwtluv6lmqqx33alt,2,3,211,213,2020-08-04 13:05:51,2020-08-14 14:24:51,legacy/2026-05-20-pre-v2-import/data/raw/emurgo/delegation_history.csv
emurgo,pool1lhvpgr8lhsf6h03v9zqxm74pa63rdxx4yuvkqfw4tv9fua8t37a,2,2,250,274,2021-02-17 05:57:04,2021-06-18 03:41:06,legacy/2026-05-20-pre-v2-import/data/raw/emurgo/delegation_history.csv
emurgo,pool1lhwzsyhh7dmw9wuz7qxnml2z5ef5303lp7jxgss2qnat22sprgx,2,2,223,253,2020-10-05 21:23:46,2021-03-06 10:03:31,legacy/2026-05-20-pre-v2-import/data/raw/emurgo/delegation_history.csv
emurgo,pool1lp9wmr8dkcceta5we999nvlfh9um06cd6sggtt5523eawf7mtg4,2,2,525,572,2024-11-23 17:18:32,2025-07-14 01:29:10,legacy/2026-05-20-pre-v2-import/data/raw/emurgo/delegation_history.csv
emurgo,pool1m83drqwlugdt9jn7jkz8hx3pne53acfkd539d9cj8yr92dr4k9y,2,3,210,255,2020-08-03 18:59:51,2021-03-13 15:42:34,legacy/2026-05-20-pre-v2-import/data/raw/emurgo/delegation_history.csv
emurgo,pool1mcvq2z34f9cfdmkd97famsh20ekqtndw246ny5e8ug3mxfdf4zq,2,3,210,220,2020-07-30 07:06:11,2020-09-19 10:29:15,legacy/2026-05-20-pre-v2-import/data/raw/emurgo/delegation_history.csv
emurgo,pool1mdyuct0kgd0hcjjnea999me5dxqpepr4y8du4smegfm3vlr37w5,2,5,381,476,2022-12-04 10:43:55,2024-03-25 05:57:42,legacy/2026-05-20-pre-v2-import/data/raw/emurgo/delegation_history.csv
emurgo,pool1mfgqn8n658vjdcvg3xgtr3qyet64fht0dzsukqeznxw36z8g2k6,2,2,251,251,2021-02-20 10:28:44,2021-02-22 09:27:32,legacy/2026-05-20-pre-v2-import/data/raw/emurgo/delegation_history.csv
emurgo,pool1mrv06cwwdjnp6zz6y8wq7epav5eywka75r2k2xqy58ez6dge9cf,2,4,261,413,2021-04-12 16:31:23,2023-05-13 10:31:31,legacy/2026-05-20-pre-v2-import/data/raw/emurgo/delegation_history.csv
emurgo,pool1mscll7kd2y9c56kv7thv7kv99wjvrr72uwpmuhphaltjz0pkuqa,2,3,248,414,2021-02-06 23:15:07,2023-05-16 18:57:20,legacy/2026-05-20-pre-v2-import/data/raw/emurgo/delegation_history.csv
emurgo,pool1mt8sdg37f2h3rypyuc77k7vxrjshtvjw04zdjlae9vdzyt9uu34,2,2,480,493,2024-04-10 19:15:26,2024-06-17 20:44:58,legacy/2026-05-20-pre-v2-import/data/raw/emurgo/delegation_history.csv
emurgo,pool1mvl09pgsejrudghjhq79qurugrvqy3pceznp7f9vz63n7ku7jqx,2,3,317,352,2022-01-16 12:26:23,2022-07-14 15:04:34,legacy/2026-05-20-pre-v2-import/data/raw/emurgo/delegation_history.csv
emurgo,pool1n353xqapcq8wtyskm8cj4g04t8rv03lteyl30c42zug7kzv8vqz,2,6,280,389,2021-07-19 19:16:43,2023-01-13 17:33:44,legacy/2026-05-20-pre-v2-import/data/raw/emurgo/delegation_history.csv
emurgo,pool1n7s5kpymwd0zsld8q23tpf7z5esjaqwmnnzzssee5630zpx5ww0,2,2,393,472,2023-01-31 21:49:44,2024-03-03 14:17:00,legacy/2026-05-20-pre-v2-import/data/raw/emurgo/delegation_history.csv
emurgo,pool1n940lfxkd7z73qzj5y554yrletrmgg5x2eya9tpglh3uwcqfnud,2,2,316,338,2022-01-12 19:47:26,2022-05-01 20:41:23,legacy/2026-05-20-pre-v2-import/data/raw/emurgo/delegation_history.csv
emurgo,pool1njhlmv87adsanft5sjuvz5a9pgyew76mxqa0w9c762af570g5ht,2,3,327,372,2022-03-08 11:17:25,2022-10-18 09:58:22,legacy/2026-05-20-pre-v2-import/data/raw/emurgo/delegation_history.csv
emurgo,pool1nqm7rm98j5z027kdfcf09kunacz2w672xzx2ucdxacs954r5dul,2,2,324,331,2022-02-22 02:21:23,2022-03-29 17:22:05,legacy/2026-05-20-pre-v2-import/data/raw/emurgo/delegation_history.csv
emurgo,pool1nr2pl3yqx65hq6y2r8unlnrejfkypeh84zezf44u7glcz50yzet,2,4,251,281,2021-02-23 18:03:20,2021-07-23 12:49:43,legacy/2026-05-20-pre-v2-import/data/raw/emurgo/delegation_history.csv
emurgo,pool1num5a9mvz02pncerh6d8xdcvd7474l9p44jkrwk8srzz7563yrj,2,2,210,210,2020-08-01 22:55:51,2020-08-02 03:38:51,legacy/2026-05-20-pre-v2-import/data/raw/emurgo/delegation_history.csv
emurgo,pool1nyf8x2xrlmfqwy9shqrlx2csentnzyjmxr0r3w0ljuaqz5ek7qz,2,2,270,272,2021-05-26 08:26:54,2021-06-09 08:19:00,legacy/2026-05-20-pre-v2-import/data/raw/emurgo/delegation_history.csv
emurgo,pool1p2wmgvnvxvwyxhy7h6guzjesqwp3ku8t5kskcul69n2k7n7gyk2,2,2,285,290,2021-08-10 06:05:47,2021-09-05 02:56:11,legacy/2026-05-20-pre-v2-import/data/raw/emurgo/delegation_history.csv
emurgo,pool1p42f6kw9lkgw5tn77kqyrc22zrs4uq298p468gacwzw6gq0ckq2,2,2,267,267,2021-05-11 06:15:45,2021-05-11 09:39:56,legacy/2026-05-20-pre-v2-import/data/raw/emurgo/delegation_history.csv
emurgo,pool1pdsnzs8aft7hfq3xcmvgltt9vmncwsvsw955p29nra8g5hves4x,2,2,264,266,2021-04-29 17:42:41,2021-05-07 12:10:07,legacy/2026-05-20-pre-v2-import/data/raw/emurgo/delegation_history.csv
emurgo,pool1pgdw8zfuwjkqhkl5fycfkdplkwqkmwvx7gsr2rkvvpnf23wwg8r,2,2,236,247,2020-12-08 22:50:01,2021-01-31 21:00:37,legacy/2026-05-20-pre-v2-import/data/raw/emurgo/delegation_history.csv
emurgo,pool1phdz6sn3xs9fyytvhqpjc945jytmya6j4v8l3v7ksyczzdplawf,2,2,253,255,2021-03-05 10:07:57,2021-03-14 07:32:14,legacy/2026-05-20-pre-v2-import/data/raw/emurgo/delegation_history.csv
emurgo,pool1ps39v4j035ejzrga2qt56cfhjuwx38wved8rd0mujtyh6r5mt3c,2,2,210,211,2020-08-02 21:12:11,2020-08-07 10:32:51,legacy/2026-05-20-pre-v2-import/data/raw/emurgo/delegation_history.csv
emurgo,pool1psr42v6rvv3raeqsg9ru2zy5dp4cchlde8hw9xthrpstx5wz7wk,2,2,315,455,2022-01-06 20:19:08,2023-12-10 05:58:00,legacy/2026-05-20-pre-v2-import/data/raw/emurgo/delegation_history.csv
emurgo,pool1pzqdfptvl5f8vh28az37jag2wkfmqz9x8d6eufl8y0z9q34hlr7,2,2,244,280,2021-01-19 21:09:17,2021-07-17 21:39:09,legacy/2026-05-20-pre-v2-import/data/raw/emurgo/delegation_history.csv
emurgo,pool1q0jmr57udknpq8k5qtgt5vgdjq9pzrzevf68966wxn8zgz7qy3w,2,2,245,253,2021-01-23 21:56:30,2021-03-06 17:22:27,legacy/2026-05-20-pre-v2-import/data/raw/emurgo/delegation_history.csv
emurgo,pool1q2fh3cl6rx0wv5gry4qx5l4h65qpjf7x99xmq66nqj2fj5g6u9z,2,5,316,538,2022-01-12 08:16:31,2025-01-29 02:23:51,legacy/2026-05-20-pre-v2-import/data/raw/emurgo/delegation_history.csv
emurgo,pool1q3xdrewrldt06rpjx6pzguzm847ujxnmajxrsr7dsthscz4htlv,2,2,210,210,2020-07-29 22:47:51,2020-07-30 21:37:51,legacy/2026-05-20-pre-v2-import/data/raw/emurgo/delegation_history.csv
emurgo,pool1qq76dtlr0m9g6xlvngzq550j86cgtslphyjffz3pgpn7wazatdc,2,2,255,394,2021-03-13 13:06:36,2023-02-07 07:20:05,legacy/2026-05-20-pre-v2-import/data/raw/emurgo/delegation_history.csv
emurgo,pool1qqenhz258k5k9nyjull6gkzg7s4f3ae8v7qxwpegeef9v0nsy3e,2,4,229,357,2020-11-04 17:57:30,2022-08-08 18:00:37,legacy/2026-05-20-pre-v2-import/data/raw/emurgo/delegation_history.csv
emurgo,pool1qqq0c53vaf5ju0n3fvujmyxwca0yhp65930evw9lngmr5705csz,2,2,210,262,2020-07-31 14:41:11,2021-04-18 18:33:30,legacy/2026-05-20-pre-v2-import/data/raw/emurgo/delegation_history.csv
emurgo,pool1qzlw76zztkg02rywyypyw6s0gtkg2zpkaxhl6cq7eauqg8h9659,2,2,318,319,2022-01-25 08:55:57,2022-01-26 06:14:46,legacy/2026-05-20-pre-v2-import/data/raw/emurgo/delegation_history.csv
emurgo,pool1r5srulgd6gpav0sympqrkt9f4ykl06lh9sgk0p20r54v7759kws,2,2,323,323,2022-02-15 22:02:37,2022-02-18 14:52:28,legacy/2026-05-20-pre-v2-import/data/raw/emurgo/delegation_history.csv
emurgo,pool1r6lp6uumua0kvs069y0k5kh3t7acvv4pz9pfw3zs6rmmcs52z4z,2,3,218,244,2020-09-08 15:10:13,2021-01-16 14:25:57,legacy/2026-05-20-pre-v2-import/data/raw/emurgo/delegation_history.csv
emurgo,pool1r88vs06qv3vjrndvhewwhz08zc6ka7eqwxvf4stsj53n50nr8n7,2,2,252,262,2021-02-25 03:58:26,2021-04-16 00:58:04,legacy/2026-05-20-pre-v2-import/data/raw/emurgo/delegation_history.csv
emurgo,pool1r8lmsrdure385hz647kl2qjhyyxkdle4au5krjcsqed4x8227k3,2,2,416,436,2023-05-25 23:18:15,2023-09-04 12:08:26,legacy/2026-05-20-pre-v2-import/data/raw/emurgo/delegation_history.csv
emurgo,pool1r8zkh6zns7rtpvwa466qf8a0dgqd7r9zmu27qkcyw25xv46y97s,2,2,277,331,2021-07-02 07:54:45,2022-03-29 21:59:38,legacy/2026-05-20-pre-v2-import/data/raw/emurgo/delegation_history.csv
emurgo,pool1ra0j0teuuclcsda23w5cjsu8w8tnce7q7us4fdugl24j5f909lt,2,2,212,213,2020-08-12 16:36:11,2020-08-15 13:41:08,legacy/2026-05-20-pre-v2-import/data/raw/emurgo/delegation_history.csv
emurgo,pool1rd0cadxrmef8fl99e2ms3tytzq874m2ahraaexfrhpnr67d7s8a,2,2,210,229,2020-08-02 01:39:31,2020-11-06 21:23:31,legacy/2026-05-20-pre-v2-import/data/raw/emurgo/delegation_history.csv
emurgo,pool1rjggcpcsr7wfnt4rl67yra2k658yqc9y6h3zzkaq5x9r766zlz7,2,2,288,289,2021-08-26 06:24:05,2021-08-29 02:03:40,legacy/2026-05-20-pre-v2-import/data/raw/emurgo/delegation_history.csv
emurgo,pool1rlg6ytznuzx7dwhyypfuusx4crm7pdftx04h9zr82pdrv0tve0z,2,3,217,248,2020-09-03 07:09:15,2021-02-08 11:51:31,legacy/2026-05-20-pre-v2-import/data/raw/emurgo/delegation_history.csv
emurgo,pool1rmpv0h0pecysach8tj06vxx9wku2pdm74mk9cunx759v58q0hu2,2,3,424,562,2023-07-09 14:28:18,2025-05-24 22:08:35,legacy/2026-05-20-pre-v2-import/data/raw/emurgo/delegation_history.csv
emurgo,pool1rshru8pm6y0jy7jncmt6qzfs8u4f5qa5gvyh38kgec767t20z3d,2,2,210,210,2020-07-30 19:19:31,2020-08-03 02:44:11,legacy/2026-05-20-pre-v2-import/data/raw/emurgo/delegation_history.csv
emurgo,pool1rx2745qj65qrgcutmpydv9k3ld930puq52t7skcd3ennqh550zc,2,2,285,373,2021-08-10 13:37:44,2022-10-24 07:18:52,legacy/2026-05-20-pre-v2-import/data/raw/emurgo/delegation_history.csv
emurgo,pool1spqkpaezku3knl9ug7txrlyzr8kkvdr0h75yyz262cx6gls6zlm,2,3,255,255,2021-03-12 00:02:15,2021-03-13 00:45:41,legacy/2026-05-20-pre-v2-import/data/raw/emurgo/delegation_history.csv
emurgo,pool1sx4e8rvx2xdxgkww2fpjtmvrnaftfrtfge29xcn72hh7kch5snf,2,2,210,210,2020-07-29 23:25:11,2020-08-01 20:45:11,legacy/2026-05-20-pre-v2-import/data/raw/emurgo/delegation_history.csv
emurgo,pool1sxzhjdhcc8724zfkut4jxs5l8x7udngfqncat4jvl0s5ka9l2xa,2,3,211,211,2020-08-05 00:46:51,2020-08-06 23:27:31,legacy/2026-05-20-pre-v2-import/data/raw/emurgo/delegation_history.csv
emurgo,pool1t0jheek3yftf0a9dgzgr2hc2wttwrcjyd5whdrek4ggcc5famre,2,4,310,431,2021-12-12 16:10:35,2023-08-10 22:01:02,legacy/2026-05-20-pre-v2-import/data/raw/emurgo/delegation_history.csv
emurgo,pool1tddw42ypqdhrrqjhsnugz9paa7tufvrtwgcj82g2mrqqjkfxa42,2,2,210,210,2020-07-30 18:43:11,2020-08-01 04:34:11,legacy/2026-05-20-pre-v2-import/data/raw/emurgo/delegation_history.csv
emurgo,pool1tjp3sxlh2v5eeh67utm9flrgan32m4ynem7qdmkrfqanjcgut2e,2,3,274,277,2021-06-15 05:36:25,2021-06-30 22:56:49,legacy/2026-05-20-pre-v2-import/data/raw/emurgo/delegation_history.csv
emurgo,pool1tkexntwvhg0fqs2xnm7xg6ljqzjkpk0pl4nxxe3nf48ux8nucqy,2,2,255,266,2021-03-16 03:44:24,2021-05-10 08:00:29,legacy/2026-05-20-pre-v2-import/data/raw/emurgo/delegation_history.csv
emurgo,pool1tpr44v3pxth9j0ff246dvsryxpanxwx52f024ws3ecvn72sgv55,2,2,212,578,2020-08-11 03:43:11,2025-08-17 20:14:13,legacy/2026-05-20-pre-v2-import/data/raw/emurgo/delegation_history.csv
emurgo,pool1ts6u8sylpmgqdxcvlc3fhdr4kt5wmz5egch83vtt6rwwwyxtuym,2,2,330,332,2022-03-24 13:21:44,2022-04-04 21:55:22,legacy/2026-05-20-pre-v2-import/data/raw/emurgo/delegation_history.csv
emurgo,pool1tx2ewdpde5lk6xy8ge5cu8hr3szj8k42kegrx2sxlw4ngaspfrz,2,2,248,255,2021-02-05 09:28:46,2021-03-16 08:21:44,legacy/2026-05-20-pre-v2-import/data/raw/emurgo/delegation_history.csv
emurgo,pool1uautzneywzapn03te7q3sd737xdfejgjlu4mdfjz7mweq92dugg,2,2,231,267,2020-11-12 03:59:29,2021-05-15 01:18:23,legacy/2026-05-20-pre-v2-import/data/raw/emurgo/delegation_history.csv
emurgo,pool1ujk88muru82e2z3lap9n5j63q30ekqwjmvvpyyu4kjkfg0hdyle,2,2,340,341,2022-05-13 21:02:50,2022-05-16 22:45:39,legacy/2026-05-20-pre-v2-import/data/raw/emurgo/delegation_history.csv
emurgo,pool1uqrecfnsa6pqd2tz60r0lcj4kunhc4rrw8lldrpdvfx9qfjd6n0,2,2,253,285,2021-03-03 21:59:40,2021-08-11 09:12:42,legacy/2026-05-20-pre-v2-import/data/raw/emurgo/delegation_history.csv
emurgo,pool1uy8ws63cmz37gaunkhuehynvr4a0yakw2yv0vfjs704326nte98,2,2,215,216,2020-08-26 16:41:05,2020-08-30 08:34:45,legacy/2026-05-20-pre-v2-import/data/raw/emurgo/delegation_history.csv
emurgo,pool1v4wgyctxyxlcf90qtgflznv5f4fcm6cy0z80mchctekt20d3cww,2,4,210,323,2020-07-29 23:30:51,2022-02-19 10:02:18,legacy/2026-05-20-pre-v2-import/data/raw/emurgo/delegation_history.csv
emurgo,pool1vdcu0y6ujrwmnv4u50j6upxkjug7cx7zsaynjvgkcm2ycmajelc,2,2,234,268,2020-12-01 14:01:31,2021-05-20 12:50:34,legacy/2026-05-20-pre-v2-import/data/raw/emurgo/delegation_history.csv
emurgo,pool1vflcm2fde9qyzcr0lkkv4httte3xep6sycasrtaxw6rt2me3vwp,2,2,325,326,2022-03-01 10:53:15,2022-03-02 00:37:45,legacy/2026-05-20-pre-v2-import/data/raw/emurgo/delegation_history.csv
emurgo,pool1vm3rcng5f729uuhehfq0ael0pw9x9dlukqkdlmk2fnakxt3jxyj,2,2,265,266,2021-05-05 20:25:46,2021-05-10 21:31:14,legacy/2026-05-20-pre-v2-import/data/raw/emurgo/delegation_history.csv
emurgo,pool1vsuq3gtdvvsyma3gvz58chk8u4gu5yd03w8ptfks3ttxwpfvf0e,2,2,231,257,2020-11-16 14:12:40,2021-03-23 01:05:43,legacy/2026-05-20-pre-v2-import/data/raw/emurgo/delegation_history.csv
emurgo,pool1w304gh8xwdcjxumdl5yhvu28j6eax9sf08tu98cp5eth27vy6ez,2,2,220,220,2020-09-22 15:21:31,2020-09-22 15:22:27,legacy/2026-05-20-pre-v2-import/data/raw/emurgo/delegation_history.csv
emurgo,pool1w7pt822hfgw30xnkwpjzz0sr5psejksqdcdw4l0ms33lsgynp2e,2,4,233,245,2020-11-24 13:31:02,2021-01-24 14:00:05,legacy/2026-05-20-pre-v2-import/data/raw/emurgo/delegation_history.csv
emurgo,pool1w9yeaaadjz9563tf2h7katrlujvxnywda8el8z66h02ckccx95x,2,4,253,260,2021-03-04 12:29:40,2021-04-07 14:12:32,legacy/2026-05-20-pre-v2-import/data/raw/emurgo/delegation_history.csv
emurgo,pool1wnshjhwqv9j7fgd4tkynpsqr0xczns4pghljy5j4z4qjj7qy4d4,2,2,239,242,2020-12-22 18:24:23,2021-01-10 21:24:28,legacy/2026-05-20-pre-v2-import/data/raw/emurgo/delegation_history.csv
emurgo,pool1wpzr2xafvtne6cnvlyzjqf8dlj2dg7tgkv3vu4zt687266ep7wg,2,2,269,277,2021-05-25 17:48:12,2021-06-30 01:05:10,legacy/2026-05-20-pre-v2-import/data/raw/emurgo/delegation_history.csv
emurgo,pool1ww8szkqd5mxajl5yf7csff30su5k23g9dk24npwkvp8rvdsn3l9,2,2,210,222,2020-07-30 18:33:11,2020-09-28 07:58:23,legacy/2026-05-20-pre-v2-import/data/raw/emurgo/delegation_history.csv
emurgo,pool1wxusu5xzdz8hmjsr450ur3hrdrehv3fxmhxppgra2fprqnjftwd,2,2,369,387,2022-10-07 10:22:21,2023-01-03 05:59:48,legacy/2026-05-20-pre-v2-import/data/raw/emurgo/delegation_history.csv
emurgo,pool1x5dfpgp987e4jhxvgczr3wv50nv2pwd873tlx3uthvcasm422q6,2,2,323,332,2022-02-16 11:30:55,2022-04-01 08:29:11,legacy/2026-05-20-pre-v2-import/data/raw/emurgo/delegation_history.csv
emurgo,pool1x96hyvvamshl5ymcpdshz4ymqjp33vvz9s8dx06xxwpzzkhgra7,2,2,288,288,2021-08-24 07:23:45,2021-08-27 16:03:42,legacy/2026-05-20-pre-v2-import/data/raw/emurgo/delegation_history.csv
emurgo,pool1x9gsnq9pnu9vexrkc7009x4ak0d62vkm72my6vhfyqwj6sp5445,2,2,315,316,2022-01-06 17:17:57,2022-01-15 02:46:49,legacy/2026-05-20-pre-v2-import/data/raw/emurgo/delegation_history.csv
emurgo,pool1x9q4jf3zwftwygeeulku8xtlywmtmzwxjk2g3fz3j5mlwjqnr3p,2,2,354,381,2022-07-22 15:39:59,2022-12-04 00:17:36,legacy/2026-05-20-pre-v2-import/data/raw/emurgo/delegation_history.csv
emurgo,pool1xfkn3229pxwfmaula9vk9se4ur5x5pvxn78m7j63etgcczdhcs9,2,2,253,266,2021-03-04 04:34:47,2021-05-10 06:33:39,legacy/2026-05-20-pre-v2-import/data/raw/emurgo/delegation_history.csv
emurgo,pool1xsyl4mgg08httw4mw7z2tjnzm839e7rh8es5sngwqmvgq2qk235,2,2,210,235,2020-07-30 06:53:11,2020-12-02 01:19:45,legacy/2026-05-20-pre-v2-import/data/raw/emurgo/delegation_history.csv
emurgo,pool1y0d0lthqzxs82q0y3z3jk99pjav7s7agpefdaxqxuz407r5f7m3,2,2,323,329,2022-02-16 11:31:23,2022-03-16 23:38:24,legacy/2026-05-20-pre-v2-import/data/raw/emurgo/delegation_history.csv
emurgo,pool1y9tz9enfcrcvpxpga3qspfxx3xclns2g74ptqxftdmgq6ghyrn0,2,2,210,210,2020-07-31 03:03:51,2020-07-31 18:23:51,legacy/2026-05-20-pre-v2-import/data/raw/emurgo/delegation_history.csv
emurgo,pool1yam2wu7nw384zjtset09u4ef75uy840mjru39nuhm0xaqj8lw78,2,2,210,471,2020-08-02 03:06:31,2024-02-28 04:07:38,legacy/2026-05-20-pre-v2-import/data/raw/emurgo/delegation_history.csv
emurgo,pool1ydmetputlff49n9ry5qjupemx3xwxdapm46je574afxdcy0907y,2,2,216,241,2020-08-29 05:27:34,2021-01-04 18:22:47,legacy/2026-05-20-pre-v2-import/data/raw/emurgo/delegation_history.csv
emurgo,pool1yk2lpf0lg9zl84hwp85pcfyghhlzq7gqfmdxxkndec23288wlgl,2,2,287,287,2021-08-19 13:12:48,2021-08-20 09:12:31,legacy/2026-05-20-pre-v2-import/data/raw/emurgo/delegation_history.csv
emurgo,pool1ykwcqf7r8mj9fmprr9f3y62ftsrlalxm22j383gfpav76ddrc25,2,3,277,395,2021-07-03 21:25:01,2023-02-11 17:15:17,legacy/2026-05-20-pre-v2-import/data/raw/emurgo/delegation_history.csv
emurgo,pool1ytszp582dm9u5un6mevt9czgcnuqhflwfr9ly4ukpeqcughryqh,2,18,246,439,2021-01-30 21:41:21,2023-09-18 15:39:35,legacy/2026-05-20-pre-v2-import/data/raw/emurgo/delegation_history.csv
emurgo,pool1z2m3n779dyqjat2m8a5vl94nrl43xm2tlk8dtey6txggx0a6fyp,2,2,353,354,2022-07-19 08:11:08,2022-07-22 11:35:43,legacy/2026-05-20-pre-v2-import/data/raw/emurgo/delegation_history.csv
emurgo,pool1z9m2kxeat06t30yf6ar7sqpert0cjdgxzcv2dv36dcwcqcqtgk4,2,2,500,510,2024-07-20 02:35:30,2024-09-11 10:53:15,legacy/2026-05-20-pre-v2-import/data/raw/emurgo/delegation_history.csv
emurgo,pool1zdtqtsu3l3ytatzyvrq48d4mpnll9c5evwfq6taxkmn9vvdz839,2,2,300,421,2021-10-24 07:48:52,2023-06-23 07:27:31,legacy/2026-05-20-pre-v2-import/data/raw/emurgo/delegation_history.csv
emurgo,pool1zeya2r53sxmqh2ux3ssfsrqerergnw2hjxmp63r83ntwverpqwm,2,2,383,591,2022-12-16 12:45:12,2025-10-21 18:55:47,legacy/2026-05-20-pre-v2-import/data/raw/emurgo/delegation_history.csv
emurgo,pool1zkdaju2rjefa52uh6yh6etsxla0x6aqs6p6wm245y5szk7k3msd,2,2,323,331,2022-02-18 21:54:34,2022-03-27 21:15:03,legacy/2026-05-20-pre-v2-import/data/raw/emurgo/delegation_history.csv
emurgo,pool1zkuqlvymj4q6y7r20hd8c5tp0ru6emcca7wf34c5dawjukusvzr,2,3,342,466,2022-05-21 12:28:16,2024-01-31 08:58:26,legacy/2026-05-20-pre-v2-import/data/raw/emurgo/delegation_history.csv
emurgo,pool1zpkqlcpu5gyk0s5e9263y5n7vzmkgrtpca0u4xpxan02w8ld0nr,2,2,366,386,2022-09-19 07:59:50,2022-12-28 18:34:42,legacy/2026-05-20-pre-v2-import/data/raw/emurgo/delegation_history.csv
emurgo,pool1zrkwh7cmhvx3zvkyr9f0nhnpxscaflhky6edaqzsux5qkj7r5v6,2,2,433,436,2023-08-22 14:50:46,2023-09-04 15:16:50,legacy/2026-05-20-pre-v2-import/data/raw/emurgo/delegation_history.csv
emurgo,pool1zt2d9aa8ck62uyy985yny47hr0f6cmf2hnxzke0up0lc7zcp65f,2,2,278,451,2021-07-05 17:02:57,2023-11-17 07:10:38,legacy/2026-05-20-pre-v2-import/data/raw/emurgo/delegation_history.csv
emurgo,pool1zwqrrwpr5zx7c3f4ukpu4r4fz5c2hkwx9vwqka5068urgqvpjzr,2,2,330,393,2022-03-26 19:06:05,2023-01-31 22:50:54,legacy/2026-05-20-pre-v2-import/data/raw/emurgo/delegation_history.csv
emurgo,pool104re5tajgh4mpp7c744khap56lf609cfjlna5ysjkum8qn8fel9,1,1,212,212,2020-08-12 09:46:31,2020-08-12 09:46:31,legacy/2026-05-20-pre-v2-import/data/raw/emurgo/delegation_history.csv
emurgo,pool10etudcty0dwyl0t40hdmdpry6484ezyk6w0fd97l04k5gwzeege,1,1,464,464,2024-01-21 15:08:57,2024-01-21 15:08:57,legacy/2026-05-20-pre-v2-import/data/raw/emurgo/delegation_history.csv
emurgo,pool10jqlkjfn2rtlc6hp95p8k4h04h3dfmdcgnga6umwp2rpukpg20l,1,1,391,391,2023-01-22 04:29:52,2023-01-22 04:29:52,legacy/2026-05-20-pre-v2-import/data/raw/emurgo/delegation_history.csv
emurgo,pool10k5ushs6d60827ezmncrd88gg8jnzzxc26jahaf5x4arqzyf5me,1,1,241,241,2021-01-05 19:40:53,2021-01-05 19:40:53,legacy/2026-05-20-pre-v2-import/data/raw/emurgo/delegation_history.csv
emurgo,pool10kjjh9zfs77vzxpp4qpdxwvnh3x8zdf8qcv7pckvdhw02fu6unz,1,1,468,468,2024-02-13 06:45:31,2024-02-13 06:45:31,legacy/2026-05-20-pre-v2-import/data/raw/emurgo/delegation_history.csv
emurgo,pool10ljdn3zwsh7vjkxf6t250423l5qy487x83st7m8a53jxznrkw5g,1,1,254,254,2021-03-08 00:21:07,2021-03-08 00:21:07,legacy/2026-05-20-pre-v2-import/data/raw/emurgo/delegation_history.csv
emurgo,pool10nwac5phcc4vkjvux5mw6gvdzlxurkd944e5yx9yyfa8sqs35t7,1,1,268,268,2021-05-20 13:25:27,2021-05-20 13:25:27,legacy/2026-05-20-pre-v2-import/data/raw/emurgo/delegation_history.csv
emurgo,pool10q33p4hx4wqum6thmglw7z5l2vaay4w6m5cdq8fnurw7vjdppcf,1,3,334,439,2022-04-11 06:25:25,2023-09-18 07:27:15,legacy/2026-05-20-pre-v2-import/data/raw/emurgo/delegation_history.csv
emurgo,pool10uqmvhr7uys3uqu866phsysrv257nje52jmay255gdps509jj5n,1,1,244,244,2021-01-16 16:03:44,2021-01-16 16:03:44,legacy/2026-05-20-pre-v2-import/data/raw/emurgo/delegation_history.csv
emurgo,pool10wcmpvjmmv7ph7cz2263f52yckvnnwu5kdppwqgu74s2qhe7l7m,1,1,259,259,2021-04-05 20:04:14,2021-04-05 20:04:14,legacy/2026-05-20-pre-v2-import/data/raw/emurgo/delegation_history.csv
emurgo,pool1223lffkp6apdunf3prnfz5cra8fy2m2sdkazkls2wky3wdguw59,1,1,210,210,2020-08-03 17:21:51,2020-08-03 17:21:51,legacy/2026-05-20-pre-v2-import/data/raw/emurgo/delegation_history.csv
emurgo,pool124lm97s6f4satl7xz0ulzgg6tv30tskry3zcntwrz68n60v5yne,1,1,210,210,2020-07-29 22:32:31,2020-07-29 22:32:31,legacy/2026-05-20-pre-v2-import/data/raw/emurgo/delegation_history.csv
emurgo,pool12584mjtgz3fhgpx823qht56gycnfnezg6aqqthazv4qdxkd5c46,1,1,250,250,2021-02-19 13:01:43,2021-02-19 13:01:43,legacy/2026-05-20-pre-v2-import/data/raw/emurgo/delegation_history.csv
emurgo,pool125kh7e0y9lwya4sz5etmsk7hvga9jtfpuhw00vz9zvk6sh8xh5r,1,1,334,334,2022-04-14 05:12:18,2022-04-14 05:12:18,legacy/2026-05-20-pre-v2-import/data/raw/emurgo/delegation_history.csv
emurgo,pool1263z8symvqmmsg876y2lzluv29am2v9fpzka9sf3nrhz7uwlzap,1,1,421,421,2023-06-23 18:31:44,2023-06-23 18:31:44,legacy/2026-05-20-pre-v2-import/data/raw/emurgo/delegation_history.csv
emurgo,pool128zxs504x4ulqjkyml5vmcgc99md0zc9327578m6t82txvgg4tv,1,1,328,328,2022-03-12 08:15:58,2022-03-12 08:15:58,legacy/2026-05-20-pre-v2-import/data/raw/emurgo/delegation_history.csv
emurgo,pool12967a8v8vaz5d7pvphhdnmq0slrg4d3n0wp772fgm04e2g2m9gv,1,1,255,255,2021-03-16 04:56:31,2021-03-16 04:56:31,legacy/2026-05-20-pre-v2-import/data/raw/emurgo/delegation_history.csv
emurgo,pool12ame5t8hdltyl30npznvhn23kxnvthk82j9p7dr4uew3y92uqes,1,1,257,257,2021-03-24 18:05:36,2021-03-24 18:05:36,legacy/2026-05-20-pre-v2-import/data/raw/emurgo/delegation_history.csv
emurgo,pool12ehtdu5hfffpeqg968gtpqcnjv7hwfj3tshxcw8lg37tqcquhaq,1,1,242,242,2021-01-09 21:57:46,2021-01-09 21:57:46,legacy/2026-05-20-pre-v2-import/data/raw/emurgo/delegation_history.csv
emurgo,pool12ep0z3h2qhfcmsl7h7ldpgf4cfjlur9v9lqwl8xjwd3qked73f5,1,1,225,225,2020-10-16 21:30:15,2020-10-16 21:30:15,legacy/2026-05-20-pre-v2-import/data/raw/emurgo/delegation_history.csv
emurgo,pool12hh4dvqyxhlv3lu9mkyvpnskma642fj3zv3s8xlau42ak9m60hf,1,1,282,282,2021-07-25 00:08:29,2021-07-25 00:08:29,legacy/2026-05-20-pre-v2-import/data/raw/emurgo/delegation_history.csv
emurgo,pool12lsfsh2s8yt8dvrt9m8kgrgr6ktntngvn2vad60xlqz7kxz9fxr,1,1,231,231,2020-11-12 15:09:26,2020-11-12 15:09:26,legacy/2026-05-20-pre-v2-import/data/raw/emurgo/delegation_history.csv
emurgo,pool12nz4esgsex6zdq9q0208gw9zkdrt3f42rrkefzaxqaqzzlwjku7,1,1,221,221,2020-09-27 21:43:20,2020-09-27 21:43:20,legacy/2026-05-20-pre-v2-import/data/raw/emurgo/delegation_history.csv
emurgo,pool12pk63q22re4up2dg86tyjwthuauqu0ryq3jlxs9v29zk68cpugl,1,1,591,591,2025-10-20 22:43:22,2025-10-20 22:43:22,legacy/2026-05-20-pre-v2-import/data/raw/emurgo/delegation_history.csv
emurgo,pool12u28yewx8ycf6dj77lzpj6vvhjwp6veh6kxpc63h8fqnqqtlwmu,1,1,268,268,2021-05-15 21:52:43,2021-05-15 21:52:43,legacy/2026-05-20-pre-v2-import/data/raw/emurgo/delegation_history.csv
emurgo,pool130f7tnlumxe5yuzsqqphy00cal8yugh5x66zgnz48zqyypns0k3,1,1,210,210,2020-07-30 01:42:31,2020-07-30 01:42:31,legacy/2026-05-20-pre-v2-import/data/raw/emurgo/delegation_history.csv
emurgo,pool137j9xuzycq4jxfpsmjnc75w2wnpz68khlwvsh69kt5negg6ldhg,1,1,292,292,2021-09-13 02:51:27,2021-09-13 02:51:27,legacy/2026-05-20-pre-v2-import/data/raw/emurgo/delegation_history.csv
emurgo,pool138e249zh9l93azsf2pf7wyhxyayzcxdhsrg3vqpfx665c8xa348,1,1,210,210,2020-08-01 16:20:11,2020-08-01 16:20:11,legacy/2026-05-20-pre-v2-import/data/raw/emurgo/delegation_history.csv
emurgo,pool139ffqrvyqu9sgsekk3pu9t7jxx872w655vses7d4q4sxxyd257a,1,1,288,288,2021-08-27 07:54:41,2021-08-27 07:54:41,legacy/2026-05-20-pre-v2-import/data/raw/emurgo/delegation_history.csv
emurgo,pool13kd6k66rrrhsh4s9px92qxymsrkjcjy336lpg80tt38lk6r799y,1,1,234,234,2020-12-01 18:14:01,2020-12-01 18:14:01,legacy/2026-05-20-pre-v2-import/data/raw/emurgo/delegation_history.csv
emurgo,pool13l0j202yexqh6l0awtee9g354244gmfze09utxz0sn7p7r3ev3m,1,1,253,253,2021-03-06 09:30:14,2021-03-06 09:30:14,legacy/2026-05-20-pre-v2-import/data/raw/emurgo/delegation_history.csv
emurgo,pool13mjxg33urh0xquvw33kjn85yw7j42uwqw0pvh8s6c67rszr7ssz,1,1,325,325,2022-02-27 13:08:29,2022-02-27 13:08:29,legacy/2026-05-20-pre-v2-import/data/raw/emurgo/delegation_history.csv
emurgo,pool13s6u5zjngelr5uddhqygqqf5tcup0g3ajenma6amy9zuu7e97gm,1,1,268,268,2021-05-17 03:59:09,2021-05-17 03:59:09,legacy/2026-05-20-pre-v2-import/data/raw/emurgo/delegation_history.csv
emurgo,pool13uqms6fsaqmlmt6zr8z3v59a6k0e2u2npnfnufer4mesz74nry0,1,1,327,327,2022-03-08 05:43:38,2022-03-08 05:43:38,legacy/2026-05-20-pre-v2-import/data/raw/emurgo/delegation_history.csv
emurgo,pool13wwxqu7sj9cunca3gc8lunqtz8e5un9phrhq52870ful6jw6usm,1,1,249,249,2021-02-10 04:29:33,2021-02-10 04:29:33,legacy/2026-05-20-pre-v2-import/data/raw/emurgo/delegation_history.csv
emurgo,pool13yzvp89kl94wa9lrd2wadrtlj227uslz6w5g0vl9djpey2klq2v,1,2,263,263,2021-04-22 21:04:57,2021-04-23 11:44:16,legacy/2026-05-20-pre-v2-import/data/raw/emurgo/delegation_history.csv
emurgo,pool13zdrhek6m4n947grhrm0772zt09lrm2vzkffsla25e7yq6xqjkg,1,1,323,323,2022-02-17 14:52:22,2022-02-17 14:52:22,legacy/2026-05-20-pre-v2-import/data/raw/emurgo/delegation_history.csv
emurgo,pool13zq5jktx7xmngfer82nkrs8aqjklmydntxdqzttas328yuttgx6,1,1,265,265,2021-05-02 15:07:01,2021-05-02 15:07:01,legacy/2026-05-20-pre-v2-import/data/raw/emurgo/delegation_history.csv
emurgo,pool140x77a7cz2j689lmxf836qpjtc3y83rka28v6gpswxdw2mag62e,1,1,253,253,2021-03-03 21:14:32,2021-03-03 21:14:32,legacy/2026-05-20-pre-v2-import/data/raw/emurgo/delegation_history.csv
emurgo,pool142cpn2gm89q72srv9pt7jtt7p7yg43a8ltfqhz3jp3t3xuh7x48,1,1,210,210,2020-07-31 03:05:11,2020-07-31 03:05:11,legacy/2026-05-20-pre-v2-import/data/raw/emurgo/delegation_history.csv
emurgo,pool143x8nhnr3j9mpzvhayuaen0y8l350guj6yd8mhmhhuupvuah3hh,1,1,304,304,2021-11-14 22:47:47,2021-11-14 22:47:47,legacy/2026-05-20-pre-v2-import/data/raw/emurgo/delegation_history.csv
emurgo,pool1442wwr8zzdpcu8uwnglackzr3u5ggrmfxsjja0s7aef66hk2fuc,1,1,265,265,2021-05-04 13:07:19,2021-05-04 13:07:19,legacy/2026-05-20-pre-v2-import/data/raw/emurgo/delegation_history.csv
emurgo,pool144cfav5vd6vwaej6cspzea3pjfvdcjg86uzv9phxegz87ynw2zz,1,1,221,221,2020-09-25 07:44:08,2020-09-25 07:44:08,legacy/2026-05-20-pre-v2-import/data/raw/emurgo/delegation_history.csv
emurgo,pool1484zq40k4xg69t55z4fqz78zz6j3t9pvlw4jd635w692xhfzkka,1,1,258,258,2021-03-29 01:42:14,2021-03-29 01:42:14,legacy/2026-05-20-pre-v2-import/data/raw/emurgo/delegation_history.csv
emurgo,pool14a39gegmmc0xp7u3vr2lxggpphjm97nef6d35ytrukfwqvavj8j,1,1,271,271,2021-06-03 13:23:37,2021-06-03 13:23:37,legacy/2026-05-20-pre-v2-import/data/raw/emurgo/delegation_history.csv
emurgo,pool14g73qj0qz05ymqg7dp9kxdu8jr7uuzm6z6n3jwxpvqskghhmhng,1,1,210,210,2020-08-01 20:00:11,2020-08-01 20:00:11,legacy/2026-05-20-pre-v2-import/data/raw/emurgo/delegation_history.csv
emurgo,pool14ga7m2hv6y89u4jv9yf8mf28tjs078j43l5h4zgpxqp7q6ey4d6,1,1,210,210,2020-07-29 23:14:11,2020-07-29 23:14:11,legacy/2026-05-20-pre-v2-import/data/raw/emurgo/delegation_history.csv
emurgo,pool14gw9d5yhxf5t6k68tqvpa95hragu78yuyr7lm9gz9d9dx2yz9s4,1,1,253,253,2021-03-03 20:16:26,2021-03-03 20:16:26,legacy/2026-05-20-pre-v2-import/data/raw/emurgo/delegation_history.csv
emurgo,pool14hhs6ruwnuaf4fzsmx89mvmjl2qhyy5jnzyk2le03886kj6z9yp,1,1,284,284,2021-08-04 05:02:59,2021-08-04 05:02:59,legacy/2026-05-20-pre-v2-import/data/raw/emurgo/delegation_history.csv
emurgo,pool14kddecyyn0vjm07kr7vctnqnn3dt668dna63epdly220z4kgss7,1,1,330,330,2022-03-26 15:29:36,2022-03-26 15:29:36,legacy/2026-05-20-pre-v2-import/data/raw/emurgo/delegation_history.csv
emurgo,pool14ku0z9rx9yx34zl00jtxtpyv6ehytfl8fewztavx7qvju7nrtr8,1,1,223,223,2020-10-07 19:52:29,2020-10-07 19:52:29,legacy/2026-05-20-pre-v2-import/data/raw/emurgo/delegation_history.csv
emurgo,pool14lka9609z3f9kpj0cy2kddupypg0mw2sevehu949hwccsrghrym,1,1,273,273,2021-06-12 15:35:44,2021-06-12 15:35:44,legacy/2026-05-20-pre-v2-import/data/raw/emurgo/delegation_history.csv
emurgo,pool14lr9ef5a22ng5xcu2rhpkkc86u5fp24r5gnj6hvnjxmsv8t8rtj,1,2,217,227,2020-09-05 00:46:04,2020-10-26 06:22:30,legacy/2026-05-20-pre-v2-import/data/raw/emurgo/delegation_history.csv
emurgo,pool14qugk4juy7ds52glqhuveyntrmzr6ymaswyjhj9k53k3qdnfwpf,1,1,210,210,2020-08-01 07:43:51,2020-08-01 07:43:51,legacy/2026-05-20-pre-v2-import/data/raw/emurgo/delegation_history.csv
emurgo,pool14vc8rpu8uuvl2jns8g3qlllm84u5kfmfkr5k09vzfjlyxe5mlfv,1,1,236,236,2020-12-09 12:15:24,2020-12-09 12:15:24,legacy/2026-05-20-pre-v2-import/data/raw/emurgo/delegation_history.csv
emurgo,pool14xrvhggk8ftp9qwkaes882890zcatea89y7ay8thu8kvspmk705,1,1,276,276,2021-06-27 13:37:04,2021-06-27 13:37:04,legacy/2026-05-20-pre-v2-import/data/raw/emurgo/delegation_history.csv
emurgo,pool14y230zspjkhezehue4p2d9q87xh3p8a0vnpugzdty7gwcruepps,1,1,214,214,2020-08-23 19:00:16,2020-08-23 19:00:16,legacy/2026-05-20-pre-v2-import/data/raw/emurgo/delegation_history.csv
emurgo,pool150n38x8gquu4yt5s0s6m3ajjqe89y68x96dh32tq8a4es2l6dvp,1,1,219,219,2020-09-16 14:07:13,2020-09-16 14:07:13,legacy/2026-05-20-pre-v2-import/data/raw/emurgo/delegation_history.csv
emurgo,pool1522rtve5zlgnlh3zm5a4mcy3u7gpndg3kkac3xyzxmp6x6weca3,1,1,541,541,2025-02-09 06:00:04,2025-02-09 06:00:04,legacy/2026-05-20-pre-v2-import/data/raw/emurgo/delegation_history.csv
emurgo,pool1525d8qqw9cjykckqk9dgz6xmxdevm68zyspz90ac58p4v2gr6zm,1,1,254,254,2021-03-07 14:10:35,2021-03-07 14:10:35,legacy/2026-05-20-pre-v2-import/data/raw/emurgo/delegation_history.csv
emurgo,pool152ha79a677s2skr5n9cethtg549nljxm2vlzqfgaf8hq67q3790,1,1,210,210,2020-07-30 10:58:51,2020-07-30 10:58:51,legacy/2026-05-20-pre-v2-import/data/raw/emurgo/delegation_history.csv
emurgo,pool152ns2rs77pscm3mtmnymhwsvq8uglcdc3cvucvsc4jkds5k4te5,1,3,251,251,2021-02-23 03:05:30,2021-02-23 03:52:21,legacy/2026-05-20-pre-v2-import/data/raw/emurgo/delegation_history.csv
emurgo,pool153dhk7t4yxagany2dyglnenh3h9hgunnjjr2magfuf3hqgdphc3,1,1,262,262,2021-04-16 04:46:04,2021-04-16 04:46:04,legacy/2026-05-20-pre-v2-import/data/raw/emurgo/delegation_history.csv
emurgo,pool153lhpqpcms4a73metcjd439h8yzvht2yyjluuav9vfsv75gtf7l,1,1,303,303,2021-11-07 08:01:42,2021-11-07 08:01:42,legacy/2026-05-20-pre-v2-import/data/raw/emurgo/delegation_history.csv
emurgo,pool154hq0j6u6ydz62mtlu7xaj78mhreyp0zsv2kq7f0qmne2fu4t7y,1,2,379,533,2022-11-24 05:05:16,2025-01-02 07:51:57,legacy/2026-05-20-pre-v2-import/data/raw/emurgo/delegation_history.csv
emurgo,pool154sjkrwdu80wp6mnjvkwk55aj53l4v37z4zwulfak74vcxg60x0,1,1,254,254,2021-03-11 12:17:49,2021-03-11 12:17:49,legacy/2026-05-20-pre-v2-import/data/raw/emurgo/delegation_history.csv
emurgo,pool155x3l57d4xu52t93f9r55cqaysej4pc2dl3jkc9d6w5ckyu6u7n,1,1,323,323,2022-02-19 00:17:00,2022-02-19 00:17:00,legacy/2026-05-20-pre-v2-import/data/raw/emurgo/delegation_history.csv
emurgo,pool1568zhphxsnj5mfszwgta5zlvulu67g8f4jn6d3xs2tvas8ffu76,1,1,405,405,2023-04-04 12:43:47,2023-04-04 12:43:47,legacy/2026-05-20-pre-v2-import/data/raw/emurgo/delegation_history.csv
emurgo,pool159ygj92rz4td2pk0zrz7c2k6z8wu32rq7pcj47elymexs8nlkzl,1,1,272,272,2021-06-06 07:51:42,2021-06-06 07:51:42,legacy/2026-05-20-pre-v2-import/data/raw/emurgo/delegation_history.csv
emurgo,pool15d62znf04qymt6ve536tt5y9ky979ly4um5zmgz9m850vu7wuv7,1,1,259,259,2021-04-02 05:59:37,2021-04-02 05:59:37,legacy/2026-05-20-pre-v2-import/data/raw/emurgo/delegation_history.csv
emurgo,pool15d6xp2dhv8n8kx8syc4drruqyclkkmg58se6npeevhkdxprjq5q,1,1,258,258,2021-03-31 03:59:47,2021-03-31 03:59:47,legacy/2026-05-20-pre-v2-import/data/raw/emurgo/delegation_history.csv
emurgo,pool15em5uvfe8ujs3ny6ydcnynazvxhnk7dq9hu8zp4qf5jmknx32jn,1,1,287,287,2021-08-22 18:11:48,2021-08-22 18:11:48,legacy/2026-05-20-pre-v2-import/data/raw/emurgo/delegation_history.csv
emurgo,pool15fxktqvd92sq8plh3rjdrksumt9p8rzsayfk4akv2hng5r8ukha,1,2,422,468,2023-06-25 11:56:05,2024-02-10 21:16:00,legacy/2026-05-20-pre-v2-import/data/raw/emurgo/delegation_history.csv
emurgo,pool15g3cwwmd3qks03ztl5464j044jasn3dcs6zcgpxtxadfj86lvf2,1,1,366,366,2022-09-20 14:08:19,2022-09-20 14:08:19,legacy/2026-05-20-pre-v2-import/data/raw/emurgo/delegation_history.csv
emurgo,pool15j6hdfel6c6zcr8gu39qgp5xkrs264yn9hm8ynhaydjtxvmznxq,1,2,248,248,2021-02-05 08:08:18,2021-02-05 08:27:16,legacy/2026-05-20-pre-v2-import/data/raw/emurgo/delegation_history.csv
emurgo,pool15jy6drcgudfn9vuueeap74fu88vr7r0z9wnd9xs92awrwlrwdmp,1,1,355,355,2022-07-29 06:50:09,2022-07-29 06:50:09,legacy/2026-05-20-pre-v2-import/data/raw/emurgo/delegation_history.csv
emurgo,pool15kmauzzxvy423nxuf58gpyhrs8wngpvmvkzw4ncte2mmjn2wpvt,1,1,304,304,2021-11-12 20:07:42,2021-11-12 20:07:42,legacy/2026-05-20-pre-v2-import/data/raw/emurgo/delegation_history.csv
emurgo,pool15krrlqfd3uc8nea2tw8z3wl2v0fny4enhu3q892988zv7dhv0vk,1,1,323,323,2022-02-16 16:54:51,2022-02-16 16:54:51,legacy/2026-05-20-pre-v2-import/data/raw/emurgo/delegation_history.csv
emurgo,pool15m78a3nfcepn8ekyzx6sa8yexg7cqseer2ktu26f7l9jjq0e502,1,1,212,212,2020-08-13 08:01:31,2020-08-13 08:01:31,legacy/2026-05-20-pre-v2-import/data/raw/emurgo/delegation_history.csv
emurgo,pool15n83v7qy2pzd6fmh84mrewe70cmdr372wey48g8wjndrvxywfaa,1,1,244,244,2021-01-16 04:28:11,2021-01-16 04:28:11,legacy/2026-05-20-pre-v2-import/data/raw/emurgo/delegation_history.csv
emurgo,pool15z87p296y3m7eq8pwuu8qs6h2v4d2ctnx3yd2vqpl6txkkdvl5h,1,1,403,403,2023-03-26 08:45:11,2023-03-26 08:45:11,legacy/2026-05-20-pre-v2-import/data/raw/emurgo/delegation_history.csv
emurgo,pool15zl6h526rcp836t6l94zk5mfrqlp4tvrq87xlnthzagwjyhrlna,1,1,210,210,2020-07-31 22:53:11,2020-07-31 22:53:11,legacy/2026-05-20-pre-v2-import/data/raw/emurgo/delegation_history.csv
emurgo,pool163q9zuwpt9wr8rruuhw2mz6w6em25mhtrv58f8nz9aywj7vzer7,1,2,251,253,2021-02-21 21:09:11,2021-03-01 21:47:37,legacy/2026-05-20-pre-v2-import/data/raw/emurgo/delegation_history.csv
emurgo,pool163zy9c8e9dqhxgzuf6rqnn2gewasn37mewq9wpxz90sl7rtj60h,1,1,349,349,2022-06-26 11:04:58,2022-06-26 11:04:58,legacy/2026-05-20-pre-v2-import/data/raw/emurgo/delegation_history.csv
emurgo,pool1656z5w4rg98fkuczztxsvksqj3pl8lzvmhrce4v8n07hqt0gayg,1,1,267,267,2021-05-10 22:46:35,2021-05-10 22:46:35,legacy/2026-05-20-pre-v2-import/data/raw/emurgo/delegation_history.csv
emurgo,pool166vvvlk496szmtn4uz6wgcq6djryjk70grpap02yxyspjzkr490,1,1,238,238,2020-12-17 21:24:09,2020-12-17 21:24:09,legacy/2026-05-20-pre-v2-import/data/raw/emurgo/delegation_history.csv
emurgo,pool167qekemyleju9g7eugaguqxh5telvmmmrs3a7sp897f6za308hg,1,1,479,479,2024-04-05 12:41:59,2024-04-05 12:41:59,legacy/2026-05-20-pre-v2-import/data/raw/emurgo/delegation_history.csv
emurgo,pool16arep9k87sf5f3k3y8287jh7tfd73r9acu7ql3mtl3ply52ywnm,1,2,252,252,2021-02-25 15:15:40,2021-02-25 15:19:09,legacy/2026-05-20-pre-v2-import/data/raw/emurgo/delegation_history.csv
emurgo,pool16azs8wsv28h54zleuvr7hq2tuecsqa5kuzj2rgpxxjxfc0k06el,1,1,273,273,2021-06-10 03:36:56,2021-06-10 03:36:56,legacy/2026-05-20-pre-v2-import/data/raw/emurgo/delegation_history.csv
emurgo,pool16j6wmwsljcc2qn6dr2d6akjas3er887vhekyej77ynyjvh2fj5n,1,1,251,251,2021-02-22 14:06:11,2021-02-22 14:06:11,legacy/2026-05-20-pre-v2-import/data/raw/emurgo/delegation_history.csv
emurgo,pool16lwqfp7cpvzwn6mhu0gj3h4aa5k6j9my0he4mgjjva5f7vvnkw2,1,2,400,446,2023-03-10 06:48:35,2023-10-25 20:19:07,legacy/2026-05-20-pre-v2-import/data/raw/emurgo/delegation_history.csv
emurgo,pool16qfhnv7uw68vu2397tpqk66rf4uaekdmz6ckgh56vt2sqn44jya,1,1,254,254,2021-03-08 01:49:10,2021-03-08 01:49:10,legacy/2026-05-20-pre-v2-import/data/raw/emurgo/delegation_history.csv
emurgo,pool16v0jqnz2zuqsdrf6z94ec5rx9ds0xeghsvmddauzt6j5w2u7lsm,1,1,251,251,2021-02-24 08:29:49,2021-02-24 08:29:49,legacy/2026-05-20-pre-v2-import/data/raw/emurgo/delegation_history.csv
emurgo,pool16xpa8km92m0cq9unn84cezy8ygl2mr90t5qvvauswfm9yqyj524,1,4,336,479,2022-04-22 07:56:19,2024-04-05 18:12:27,legacy/2026-05-20-pre-v2-import/data/raw/emurgo/delegation_history.csv
emurgo,pool175gxtzacpcm90adjpvlhjmfpj4ft2a3zuqsgm558hf3q7ra2vf9,1,5,305,490,2021-11-18 08:09:38,2024-05-30 15:16:36,legacy/2026-05-20-pre-v2-import/data/raw/emurgo/delegation_history.csv
emurgo,pool17ajuw0arwq8klfe4xy8tcqj4yetp8kerl4amzn5dsnne20wlnsa,1,2,251,253,2021-02-24 13:52:13,2021-03-04 20:28:35,legacy/2026-05-20-pre-v2-import/data/raw/emurgo/delegation_history.csv
emurgo,pool17k0rf90x8qcre7nrw5x4mgsfgy49njyqdq884qunm4fkslu6nye,1,1,211,211,2020-08-06 04:38:51,2020-08-06 04:38:51,legacy/2026-05-20-pre-v2-import/data/raw/emurgo/delegation_history.csv
emurgo,pool17r3u34ywld6sehe9dd5t40ygq7rmc6yfw2k0h0hpllznwlmwsnn,1,1,323,323,2022-02-17 03:46:14,2022-02-17 03:46:14,legacy/2026-05-20-pre-v2-import/data/raw/emurgo/delegation_history.csv
emurgo,pool17s3mr9c4ejjfq20dz0ls9ggskc770kt267s9xmw93payzdswwgg,1,1,284,284,2021-08-05 01:47:10,2021-08-05 01:47:10,legacy/2026-05-20-pre-v2-import/data/raw/emurgo/delegation_history.csv
emurgo,pool183tuc6uqs2q8tzekn4559pwmrg8ukss2fdwvtumrcdjh6j8qsu0,1,1,213,213,2020-08-16 22:13:22,2020-08-16 22:13:22,legacy/2026-05-20-pre-v2-import/data/raw/emurgo/delegation_history.csv
emurgo,pool1867sv2tgcq2cjmyhqgsfveekmsy5zksld69zhgrlkluukfydq29,1,1,573,573,2025-07-21 12:52:47,2025-07-21 12:52:47,legacy/2026-05-20-pre-v2-import/data/raw/emurgo/delegation_history.csv
emurgo,pool189j5mz6wa0gfrakwvn2tar7qt309qxrmsgde5v6qwm892n6re3v,1,1,264,264,2021-04-26 07:21:08,2021-04-26 07:21:08,legacy/2026-05-20-pre-v2-import/data/raw/emurgo/delegation_history.csv
emurgo,pool18cx6qhjeynrsd7pvcrv7e3y65ksyzguaep2427zumc8t2qzxvsk,1,1,397,397,2023-02-24 10:37:30,2023-02-24 10:37:30,legacy/2026-05-20-pre-v2-import/data/raw/emurgo/delegation_history.csv
emurgo,pool18eg6yk8m5jmy50rhywkjwrsuawrzzcr88p9h2pu5v0rj2mxsv5y,1,1,210,210,2020-07-30 05:48:11,2020-07-30 05:48:11,legacy/2026-05-20-pre-v2-import/data/raw/emurgo/delegation_history.csv
emurgo,pool18en4vtxkjt3u5x6ctu9l3nqmr6pm3r7akxgu84450xdvkr4j827,1,1,210,210,2020-07-31 23:19:31,2020-07-31 23:19:31,legacy/2026-05-20-pre-v2-import/data/raw/emurgo/delegation_history.csv
emurgo,pool18gys2arurr8su3qssvh7vjcn42k5clgrvdxah8mxcg5xquvfu8p,1,1,251,251,2021-02-22 11:33:18,2021-02-22 11:33:18,legacy/2026-05-20-pre-v2-import/data/raw/emurgo/delegation_history.csv
emurgo,pool18hkq2t8ss45h4fkr92f52flhc4mpzedx5mcz4xhnpj0dzp76028,1,1,210,210,2020-08-01 14:46:11,2020-08-01 14:46:11,legacy/2026-05-20-pre-v2-import/data/raw/emurgo/delegation_history.csv
emurgo,pool18kv6jmmtks4jwyt8tpvfc2kakh6wkcggjtehyj78yk9r7t2t2ex,1,1,254,254,2021-03-10 21:27:59,2021-03-10 21:27:59,legacy/2026-05-20-pre-v2-import/data/raw/emurgo/delegation_history.csv
emurgo,pool18ljuhhw27t85zddz0pvsmsjsz5k0mlz03pzsxgh8qarcsw5wycc,1,1,409,409,2023-04-23 05:49:29,2023-04-23 05:49:29,legacy/2026-05-20-pre-v2-import/data/raw/emurgo/delegation_history.csv
emurgo,pool18mnua97ndq302yw2c6aaw6msx5rgf79mfnk4xe5y92tvjl45etl,1,1,533,533,2025-01-03 13:14:27,2025-01-03 13:14:27,legacy/2026-05-20-pre-v2-import/data/raw/emurgo/delegation_history.csv
emurgo,pool18n5hw3960p7su9dvw08w3nf7sgky52qzwkpatv3zsf52qy0vnk6,1,1,285,285,2021-08-09 09:54:04,2021-08-09 09:54:04,legacy/2026-05-20-pre-v2-import/data/raw/emurgo/delegation_history.csv
emurgo,pool18qahj5ggudguk69g9aaztf5dvapmazql4hdvd7v0947j7gy4wqf,1,1,408,408,2023-04-20 16:57:44,2023-04-20 16:57:44,legacy/2026-05-20-pre-v2-import/data/raw/emurgo/delegation_history.csv
emurgo,pool18qddv82sx8p22uxzdrf0qx9lkewxadlr9ef45kpcf7dzz3n56qv,1,1,520,520,2024-10-29 21:34:47,2024-10-29 21:34:47,legacy/2026-05-20-pre-v2-import/data/raw/emurgo/delegation_history.csv
emurgo,pool18sqt4qwprlt6ytg8pu2qpz262j9vhlzmtwn2fwvhpcnzc0u5ynw,1,1,210,210,2020-08-02 23:28:11,2020-08-02 23:28:11,legacy/2026-05-20-pre-v2-import/data/raw/emurgo/delegation_history.csv
emurgo,pool18t0u9vf408ftjf9xdpj47gdwkeq3jz3jqyshumm7fvtfkcq7ul7,1,1,492,492,2024-06-13 21:24:59,2024-06-13 21:24:59,legacy/2026-05-20-pre-v2-import/data/raw/emurgo/delegation_history.csv
emurgo,pool18tdd78q5vgr9qy2lun7m8srmnuc3h2mg6vqe66gezjh4glujje3,1,1,224,224,2020-10-11 13:42:37,2020-10-11 13:42:37,legacy/2026-05-20-pre-v2-import/data/raw/emurgo/delegation_history.csv
emurgo,pool18ufrgfgmslekdxnk9v9345qvhrr7vfgzkvneqtwm7unnwaht6ww,1,1,500,500,2024-07-23 21:38:51,2024-07-23 21:38:51,legacy/2026-05-20-pre-v2-import/data/raw/emurgo/delegation_history.csv
emurgo,pool18yvq2jh6z2dyx99fsqv68qfpeqgnkkvxeptkxmp4etnxjhfqald,1,1,212,212,2020-08-09 19:52:51,2020-08-09 19:52:51,legacy/2026-05-20-pre-v2-import/data/raw/emurgo/delegation_history.csv
emurgo,pool18zle0sy2ex0z3nccd60tz030reg4hn6020fesjt7lcfzz5mmay6,1,1,414,414,2023-05-16 13:14:24,2023-05-16 13:14:24,legacy/2026-05-20-pre-v2-import/data/raw/emurgo/delegation_history.csv
emurgo,pool193rdch53x9c53rmftlqgzj22vmz6w8z8hhut2ckzd2zej45zpap,1,1,478,478,2024-03-30 21:59:54,2024-03-30 21:59:54,legacy/2026-05-20-pre-v2-import/data/raw/emurgo/delegation_history.csv
emurgo,pool196e8g7evuyf84jz4gr6f4xacudmupxs3ad323krx9e4xse6cf8y,1,1,210,210,2020-07-31 04:53:31,2020-07-31 04:53:31,legacy/2026-05-20-pre-v2-import/data/raw/emurgo/delegation_history.csv
emurgo,pool199a44nvtjr0c5xlanz4p5c0nywu8l6k5hz3t2he0hq7wvljnsrt,1,1,476,476,2024-03-22 09:47:33,2024-03-22 09:47:33,legacy/2026-05-20-pre-v2-import/data/raw/emurgo/delegation_history.csv
emurgo,pool19a88drt8dx3wu29e85vcl96wjsjt9vlnlj5tr4ydjqq86sfa84w,1,1,211,211,2020-08-06 16:53:51,2020-08-06 16:53:51,legacy/2026-05-20-pre-v2-import/data/raw/emurgo/delegation_history.csv
emurgo,pool19aw7zl62a72fy0vz2g8tj7raxzqhw2775ynymyvaeayvk8xf9er,1,1,394,394,2023-02-08 01:10:49,2023-02-08 01:10:49,legacy/2026-05-20-pre-v2-import/data/raw/emurgo/delegation_history.csv
emurgo,pool19ht066hngsjfnv3mfsc8u9fgzl4w5qcrmh8l6zppwph6s2t7jn4,1,1,267,267,2021-05-12 00:59:53,2021-05-12 00:59:53,legacy/2026-05-20-pre-v2-import/data/raw/emurgo/delegation_history.csv
emurgo,pool19huja8uuhc98rxajduh7yexg982rt3qv6slwpf3r7ug5ke37g0g,1,1,217,217,2020-09-07 14:21:36,2020-09-07 14:21:36,legacy/2026-05-20-pre-v2-import/data/raw/emurgo/delegation_history.csv
emurgo,pool19huts3m38qd9ptd385g8am699jhn3xrews0ycxsz3z05s4h9qdv,1,1,257,257,2021-03-22 21:24:28,2021-03-22 21:24:28,legacy/2026-05-20-pre-v2-import/data/raw/emurgo/delegation_history.csv
emurgo,pool19mn930ryxlnhujfdygtpj83gm5rkmzx87rqvf9ysjtlrgxxepj2,1,1,241,241,2021-01-01 16:31:47,2021-01-01 16:31:47,legacy/2026-05-20-pre-v2-import/data/raw/emurgo/delegation_history.csv
emurgo,pool19nrqgmwwz8xu939ulpskuky2qq5z36v4jtnwcs69qr7xy4j495y,1,1,216,216,2020-08-31 18:18:52,2020-08-31 18:18:52,legacy/2026-05-20-pre-v2-import/data/raw/emurgo/delegation_history.csv
emurgo,pool19r33az023gn3n8p2x35hq00j2dxc8vwln0nanpcfuvc8759cvkz,1,1,237,237,2020-12-15 04:03:18,2020-12-15 04:03:18,legacy/2026-05-20-pre-v2-import/data/raw/emurgo/delegation_history.csv
emurgo,pool19seeqvu6hfr3qru6kx3rp4khymssa82j00jfm3d6k3ua590wdwv,1,2,340,399,2022-05-11 11:08:45,2023-03-02 09:09:02,legacy/2026-05-20-pre-v2-import/data/raw/emurgo/delegation_history.csv
emurgo,pool19v4jgpxxl72eaq8pefctatvts3gkhtyzd8nwvzskkm3mkdv2tpy,1,1,501,501,2024-07-25 16:30:27,2024-07-25 16:30:27,legacy/2026-05-20-pre-v2-import/data/raw/emurgo/delegation_history.csv
emurgo,pool19vpp0udh6qtu5dv9dwssamqsttx7z7n9ml2wed67j0pdkck9vnj,1,1,211,211,2020-08-04 20:03:51,2020-08-04 20:03:51,legacy/2026-05-20-pre-v2-import/data/raw/emurgo/delegation_history.csv
emurgo,pool19wpsykyg3gy7s34kx36vvs4dfcv2anggmta372jdv5lgqx0gs2t,1,1,212,212,2020-08-10 23:47:11,2020-08-10 23:47:11,legacy/2026-05-20-pre-v2-import/data/raw/emurgo/delegation_history.csv
emurgo,pool19wr27r3dqt77nd0qv7zcwzajw8fl3y0v69x5pf63sznuugg9p35,1,1,211,211,2020-08-06 21:17:51,2020-08-06 21:17:51,legacy/2026-05-20-pre-v2-import/data/raw/emurgo/delegation_history.csv
emurgo,pool19xyfanyp28j6j07dxgwdjp0wur6seqmyyu64qgzstzl7s47pvpj,1,1,535,535,2025-01-13 02:54:49,2025-01-13 02:54:49,legacy/2026-05-20-pre-v2-import/data/raw/emurgo/delegation_history.csv
emurgo,pool1a205rushcdw9qrtduady7l62cv2n4twvfuhfzx2ywrjlvsuuur5,1,1,212,212,2020-08-09 03:43:51,2020-08-09 03:43:51,legacy/2026-05-20-pre-v2-import/data/raw/emurgo/delegation_history.csv
emurgo,pool1a23v7jcg9dfl66mz4ftw42xc2gzufwrdxqxzltcesue4jn0pd5r,1,1,255,255,2021-03-12 10:50:09,2021-03-12 10:50:09,legacy/2026-05-20-pre-v2-import/data/raw/emurgo/delegation_history.csv
emurgo,pool1a3ekt9me035qgju0en2w39vjns9ggtewnc9fugsmpgczvgtl6u9,1,2,287,287,2021-08-23 09:37:48,2021-08-23 09:40:03,legacy/2026-05-20-pre-v2-import/data/raw/emurgo/delegation_history.csv
emurgo,pool1a58fg4u3mcr2zwyqlc4dqd6mnwqjmcussmpmcml9lrmszwedmfy,1,1,210,210,2020-07-31 21:58:31,2020-07-31 21:58:31,legacy/2026-05-20-pre-v2-import/data/raw/emurgo/delegation_history.csv
emurgo,pool1a5jd3x2udlvpm9mt4gpau4jlags6qtth6jdsguryh2zy27f5ttj,1,1,317,317,2022-01-19 08:28:07,2022-01-19 08:28:07,legacy/2026-05-20-pre-v2-import/data/raw/emurgo/delegation_history.csv
emurgo,pool1a9cerx2tpjjp0acla2zs8zwggjlp0phqqauxzkkm5vk963608aw,1,1,402,402,2023-03-19 03:31:50,2023-03-19 03:31:50,legacy/2026-05-20-pre-v2-import/data/raw/emurgo/delegation_history.csv
emurgo,pool1ac0erf0qsxt9v75gmch3rq9548m889s7tshpwppp5wgqy5j32mh,1,1,262,262,2021-04-19 11:06:37,2021-04-19 11:06:37,legacy/2026-05-20-pre-v2-import/data/raw/emurgo/delegation_history.csv
emurgo,pool1adhpjj009c0jekumqswj5jux6nvrw7v2k0wlu57vfjh7gd5wyh9,1,1,297,297,2021-10-10 12:46:41,2021-10-10 12:46:41,legacy/2026-05-20-pre-v2-import/data/raw/emurgo/delegation_history.csv
emurgo,pool1ag6ae29hrcjhcjaqp56hwhwj9geszjerwqrkjz6xndmcq3u9k80,1,1,213,213,2020-08-16 12:58:55,2020-08-16 12:58:55,legacy/2026-05-20-pre-v2-import/data/raw/emurgo/delegation_history.csv
emurgo,pool1apupv5qtfp2aa2xlrzzjzx0uj686g3n695a329nq8j5jvvzumz0,1,1,389,389,2023-01-14 09:17:34,2023-01-14 09:17:34,legacy/2026-05-20-pre-v2-import/data/raw/emurgo/delegation_history.csv
emurgo,pool1aqt8ycgfpavswxxs7m7n8rz4atqlanpcmf73gq50rmr8um7nde8,1,1,234,234,2020-12-01 07:31:55,2020-12-01 07:31:55,legacy/2026-05-20-pre-v2-import/data/raw/emurgo/delegation_history.csv
emurgo,pool1art4z0ztc6kkzj8awrru6j2pv2eher45wca94ph954mnk7844n0,1,1,210,210,2020-07-30 18:04:51,2020-07-30 18:04:51,legacy/2026-05-20-pre-v2-import/data/raw/emurgo/delegation_history.csv
emurgo,pool1ases3nklh6gyjf74r7dqm89exjfd520z9cefqru959wcccmrdlk,1,1,569,569,2025-07-01 08:06:04,2025-07-01 08:06:04,legacy/2026-05-20-pre-v2-import/data/raw/emurgo/delegation_history.csv
emurgo,pool1axdf4rwjfsd5agnl2na2t73emm2sae078nxeyf3mf4c6vhh0dwm,1,1,302,302,2021-11-05 03:05:45,2021-11-05 03:05:45,legacy/2026-05-20-pre-v2-import/data/raw/emurgo/delegation_history.csv
emurgo,pool1c2wa8326fulnkq42uerra78pue48pdwsqru2dhp5xrhsgzqmlsc,1,3,337,367,2022-04-30 02:28:18,2022-09-27 21:12:01,legacy/2026-05-20-pre-v2-import/data/raw/emurgo/delegation_history.csv
emurgo,pool1c30lqt59t8sjn5lg04r5wk5eucxa5h9cj05xs9gzc8lngl4cmta,1,1,450,450,2023-11-16 12:08:52,2023-11-16 12:08:52,legacy/2026-05-20-pre-v2-import/data/raw/emurgo/delegation_history.csv
emurgo,pool1c3kxs76qj58284f923cx7ed8vw25en3nfghyurv0z9m2g3x9c4j,1,1,531,531,2024-12-22 05:26:09,2024-12-22 05:26:09,legacy/2026-05-20-pre-v2-import/data/raw/emurgo/delegation_history.csv
emurgo,pool1c86ul4pnqvu7jzag8fjdy6dgrn6pt4ad4vmyq038hyg0wl2kaed,1,1,607,607,2026-01-08 15:18:30,2026-01-08 15:18:30,legacy/2026-05-20-pre-v2-import/data/raw/emurgo/delegation_history.csv
emurgo,pool1c8k78ny3xvsfgenhf4yzvpzwgzxmz0t0um0h2xnn2q83vjdr5dj,1,1,210,210,2020-07-31 13:03:31,2020-07-31 13:03:31,legacy/2026-05-20-pre-v2-import/data/raw/emurgo/delegation_history.csv
emurgo,pool1chtam5czevzk2ttctvltpsc8twlwf6zzyh7kj3jkz72gks975sn,1,1,257,257,2021-03-23 21:09:06,2021-03-23 21:09:06,legacy/2026-05-20-pre-v2-import/data/raw/emurgo/delegation_history.csv
emurgo,pool1cj2uh0ylps28czcjslnz85v2zyf8mld0w5tuqp3amxk4jjwfkgd,1,1,253,253,2021-03-03 21:52:49,2021-03-03 21:52:49,legacy/2026-05-20-pre-v2-import/data/raw/emurgo/delegation_history.csv
emurgo,pool1cla5u6tuqeupjd7ckhhrws0y66ej6u3ks5kd0sukgc5cvrspdq0,1,1,262,262,2021-04-16 02:47:36,2021-04-16 02:47:36,legacy/2026-05-20-pre-v2-import/data/raw/emurgo/delegation_history.csv
emurgo,pool1cq25dmlt5974x8tqg3e4dlzvrxefcce2atpnwlfp7ad5ugec9fp,1,1,364,364,2022-09-09 19:29:23,2022-09-09 19:29:23,legacy/2026-05-20-pre-v2-import/data/raw/emurgo/delegation_history.csv
emurgo,pool1crts5gmqr34gsrn6wvrhfs9yqp0ynu8t2t4r350xp80s6pc56ue,1,2,330,383,2022-03-23 02:03:40,2022-12-16 09:38:27,legacy/2026-05-20-pre-v2-import/data/raw/emurgo/delegation_history.csv
emurgo,pool1ct346jetdmd2nn3475ckgehmgvgrwah4lu0rtgy374wvu6ka27q,1,1,275,275,2021-06-19 22:43:53,2021-06-19 22:43:53,legacy/2026-05-20-pre-v2-import/data/raw/emurgo/delegation_history.csv
emurgo,pool1ct59zfxfvtv74k3mmukq5faq7kc48wuxrstyxtd02pxluwf6mkh,1,1,357,357,2022-08-07 12:13:59,2022-08-07 12:13:59,legacy/2026-05-20-pre-v2-import/data/raw/emurgo/delegation_history.csv
emurgo,pool1ctxzwfw9gxcrnv3l5rpm80vxxc264acvvpkv8gcj7cf3vk6uzce,1,1,212,212,2020-08-10 05:06:51,2020-08-10 05:06:51,legacy/2026-05-20-pre-v2-import/data/raw/emurgo/delegation_history.csv
emurgo,pool1cus3lsxn962f3tx30shytad9u8487jpnqz6875tahxr26waf2dv,1,1,276,276,2021-06-28 09:36:15,2021-06-28 09:36:15,legacy/2026-05-20-pre-v2-import/data/raw/emurgo/delegation_history.csv
emurgo,pool1cuzhrcpp676p4u9yk2vrtj7utmq2dy4ey56uw6znml2f5hrpgpw,1,1,210,210,2020-08-01 11:10:31,2020-08-01 11:10:31,legacy/2026-05-20-pre-v2-import/data/raw/emurgo/delegation_history.csv
emurgo,pool1cx79cuquzjdm0c6xk3ace333zcq83v44p68vx7edpfufzkp8m35,1,1,234,234,2020-12-01 14:20:41,2020-12-01 14:20:41,legacy/2026-05-20-pre-v2-import/data/raw/emurgo/delegation_history.csv
emurgo,pool1czuxqfhx2fs6q6vw0z0u9c93eumvs45nm0cu65tqvaqq65zu9yq,1,1,211,211,2020-08-07 00:12:11,2020-08-07 00:12:11,legacy/2026-05-20-pre-v2-import/data/raw/emurgo/delegation_history.csv
emurgo,pool1d04sakv5um2c8yrp3lm9ncncupgl7f7zw0lz2yuz3jrzsxvf42n,1,1,291,291,2021-09-10 13:21:26,2021-09-10 13:21:26,legacy/2026-05-20-pre-v2-import/data/raw/emurgo/delegation_history.csv
emurgo,pool1d25d0c06al8geglarw7yd4nqh65nws82d7v04yrv2eec7rwcjlk,1,1,255,255,2021-03-12 23:19:16,2021-03-12 23:19:16,legacy/2026-05-20-pre-v2-import/data/raw/emurgo/delegation_history.csv
emurgo,pool1d2cl6yayuxp0wv0v7dtvu0s52vglg0x4z2lz27d6x4ewj72nk2a,1,1,234,234,2020-12-01 17:26:27,2020-12-01 17:26:27,legacy/2026-05-20-pre-v2-import/data/raw/emurgo/delegation_history.csv
emurgo,pool1d42r0zln3kvvc54w4945735gnrm635as8hj8zy38tjprw2l49rd,1,2,389,389,2023-01-13 07:16:07,2023-01-13 07:16:15,legacy/2026-05-20-pre-v2-import/data/raw/emurgo/delegation_history.csv
emurgo,pool1ddghnthymd3duklvx5pfunymqg29xe4vlmy89u2efyjdktn33kz,1,5,232,237,2020-11-19 16:16:23,2020-12-16 00:04:51,legacy/2026-05-20-pre-v2-import/data/raw/emurgo/delegation_history.csv
emurgo,pool1de64gn0cm6uz73s48vs0t4chvm02efcppzwf89uy2ejny2nwgsq,1,1,251,251,2021-02-21 14:55:20,2021-02-21 14:55:20,legacy/2026-05-20-pre-v2-import/data/raw/emurgo/delegation_history.csv
emurgo,pool1denmfptpdhy2vp8q92ttrmalf3kynyv7aguudqzeq83d7zpcaeq,1,1,215,215,2020-08-27 22:44:56,2020-08-27 22:44:56,legacy/2026-05-20-pre-v2-import/data/raw/emurgo/delegation_history.csv
emurgo,pool1dfg7g6u6vvs4av77frff5f2zejznmjmvtewhxzyg5h3p5m3we65,1,1,212,212,2020-08-10 19:24:51,2020-08-10 19:24:51,legacy/2026-05-20-pre-v2-import/data/raw/emurgo/delegation_history.csv
emurgo,pool1dghwejqptsjtf9k8paspg9rhl8humxx0nh7sk37j0ada2dr9mqh,1,1,610,610,2026-01-24 11:39:39,2026-01-24 11:39:39,legacy/2026-05-20-pre-v2-import/data/raw/emurgo/delegation_history.csv
emurgo,pool1dnszy9spu7m4u9s8jqh95myuqapujwcju593eqczgl56khllyuc,1,1,256,256,2021-03-18 13:18:50,2021-03-18 13:18:50,legacy/2026-05-20-pre-v2-import/data/raw/emurgo/delegation_history.csv
emurgo,pool1dpu6kslgxlg3ccrwxldl8e6r7ylnq0yalafmucp0yc7k6qegtt0,1,2,256,309,2021-03-17 18:43:35,2021-12-07 05:11:58,legacy/2026-05-20-pre-v2-import/data/raw/emurgo/delegation_history.csv
emurgo,pool1drkls8s0zzjydyv3qpjsdj58w3sw02w9wg0pckrsnuazyef2hca,1,2,372,448,2022-10-20 09:11:25,2023-11-06 18:06:32,legacy/2026-05-20-pre-v2-import/data/raw/emurgo/delegation_history.csv
emurgo,pool1drrfl4ef8uwaqsyjpssdp8epsflnwdjdku0gx7ycc6qnsqfqv32,1,1,269,269,2021-05-24 21:20:53,2021-05-24 21:20:53,legacy/2026-05-20-pre-v2-import/data/raw/emurgo/delegation_history.csv
emurgo,pool1dsqcnwp40t0wc8cd2efp8mfsa9055g09wl5mnzs7kxmfze6mfgf,1,1,327,327,2022-03-11 18:46:46,2022-03-11 18:46:46,legacy/2026-05-20-pre-v2-import/data/raw/emurgo/delegation_history.csv
emurgo,pool1dswpls43u0s6cpt0dh2d6npm0rnxh5qcjm9xax9y6fp3uq880xm,1,1,534,534,2025-01-05 15:11:07,2025-01-05 15:11:07,legacy/2026-05-20-pre-v2-import/data/raw/emurgo/delegation_history.csv
emurgo,pool1duzuav0k4r8jx9hx7c3avpyr2c9hc4muf0nv6f2n6ea47e9x5zf,1,1,210,210,2020-07-30 07:06:11,2020-07-30 07:06:11,legacy/2026-05-20-pre-v2-import/data/raw/emurgo/delegation_history.csv
emurgo,pool1dv7s5fn4m9dee8ncvx5hktfmsnx6agydhn798rfdqjazuwr84gc,1,1,324,324,2022-02-21 06:22:01,2022-02-21 06:22:01,legacy/2026-05-20-pre-v2-import/data/raw/emurgo/delegation_history.csv
emurgo,pool1dwz6exl0220n6zm5pp9ehnn4g2vtrwtxem0nvgcrl6amvnryp2g,1,1,255,255,2021-03-14 21:23:28,2021-03-14 21:23:28,legacy/2026-05-20-pre-v2-import/data/raw/emurgo/delegation_history.csv
emurgo,pool1dx5t3yqhzh3v5ch7add7836tg0ey255tjz87spjvws4j2gjp9yg,1,2,262,262,2021-04-19 20:34:36,2021-04-19 20:36:00,legacy/2026-05-20-pre-v2-import/data/raw/emurgo/delegation_history.csv
emurgo,pool1dxq8g3qvz0een52jv8yzagmq8ym9lxq073yc40mhlvm5skffhfw,1,1,215,215,2020-08-26 19:17:04,2020-08-26 19:17:04,legacy/2026-05-20-pre-v2-import/data/raw/emurgo/delegation_history.csv
emurgo,pool1dzp3lpf0f55ez4lsjy0tw36xkydchnr9cplnhfl2zd53qwdhq7q,1,1,258,258,2021-03-28 14:54:25,2021-03-28 14:54:25,legacy/2026-05-20-pre-v2-import/data/raw/emurgo/delegation_history.csv
emurgo,pool1e2w8t3hucc5hfhw8k6r69er3y5kqs9dj9um65l5qe3a82nl25zn,1,2,255,260,2021-03-15 00:50:32,2021-04-06 18:50:09,legacy/2026-05-20-pre-v2-import/data/raw/emurgo/delegation_history.csv
emurgo,pool1e3y7u0rtq2zskc7ansvtrd4p3vtv9hglyztzcvsvlk22w9t40v0,1,1,320,320,2022-02-04 07:41:33,2022-02-04 07:41:33,legacy/2026-05-20-pre-v2-import/data/raw/emurgo/delegation_history.csv
emurgo,pool1e603j2p4q346w8knqt2a8c96n8t9l5u4qdrv4kk50qvpgvh8hax,1,1,308,308,2021-12-02 00:00:06,2021-12-02 00:00:06,legacy/2026-05-20-pre-v2-import/data/raw/emurgo/delegation_history.csv
emurgo,pool1e8hyjnlqpm5r7we5r9yk6n0kuh0l7f9w2dpylph6u4jtsstntgx,1,1,212,212,2020-08-13 02:15:31,2020-08-13 02:15:31,legacy/2026-05-20-pre-v2-import/data/raw/emurgo/delegation_history.csv
emurgo,pool1e98xlcgj80c3rdmm27v5hnvrdtut52e65uk0ema7ctfag596vr2,1,1,255,255,2021-03-13 02:42:05,2021-03-13 02:42:05,legacy/2026-05-20-pre-v2-import/data/raw/emurgo/delegation_history.csv
emurgo,pool1ea34czsr90yc63fmv4gj4tetp7ds7c4jhpj6vqg4yw40wvygdl3,1,1,340,340,2022-05-13 20:31:45,2022-05-13 20:31:45,legacy/2026-05-20-pre-v2-import/data/raw/emurgo/delegation_history.csv
emurgo,pool1eapprh7uyz8f90maft8r2k2v3a6jyv58eatgyz3lsfrqggkc8fq,1,1,409,409,2023-04-24 06:24:56,2023-04-24 06:24:56,legacy/2026-05-20-pre-v2-import/data/raw/emurgo/delegation_history.csv
emurgo,pool1efj8td645z33mr8h0ww5y5s0lz6jwj7e54cj4mv44s2269r7d4f,1,1,215,215,2020-08-28 17:25:52,2020-08-28 17:25:52,legacy/2026-05-20-pre-v2-import/data/raw/emurgo/delegation_history.csv
emurgo,pool1efzvmtxl4n9z8ylegk9jhctclu44z7k0qg82mp2kp2ytqa9xgf0,1,1,210,210,2020-07-30 22:13:11,2020-07-30 22:13:11,legacy/2026-05-20-pre-v2-import/data/raw/emurgo/delegation_history.csv
emurgo,pool1el6ze57482qzf830l6h2y9uj0l9fr5g7xzur89d4d806y896vgf,1,1,256,256,2021-03-19 06:48:48,2021-03-19 06:48:48,legacy/2026-05-20-pre-v2-import/data/raw/emurgo/delegation_history.csv
emurgo,pool1epqdygzumryx7w9kk5l76gfjsvzuesmeh3u3tfjmmdsw65ja7k3,1,1,373,373,2022-10-26 15:52:42,2022-10-26 15:52:42,legacy/2026-05-20-pre-v2-import/data/raw/emurgo/delegation_history.csv
emurgo,pool1es94p2rp672w2lmv538ecnv9tf368kje7tmg7vca75z3vazs34z,1,1,269,269,2021-05-24 07:54:37,2021-05-24 07:54:37,legacy/2026-05-20-pre-v2-import/data/raw/emurgo/delegation_history.csv
emurgo,pool1etfar35l4tf6vam3gvqf5dnaq7levz32vgw4p00jzk7q7twg2te,1,1,212,212,2020-08-12 04:59:31,2020-08-12 04:59:31,legacy/2026-05-20-pre-v2-import/data/raw/emurgo/delegation_history.csv
emurgo,pool1eu8knr403p82ythegskwmf8w6v8l2w858d8jz7qvvqzj7ryech4,1,2,416,481,2023-05-30 13:51:56,2024-04-15 20:52:04,legacy/2026-05-20-pre-v2-import/data/raw/emurgo/delegation_history.csv
emurgo,pool1ew3heaxhwgseza42s9pzwk97efqp9q6n6ra9j334uu5zggdzrsm,1,2,253,257,2021-03-04 11:28:04,2021-03-22 13:00:02,legacy/2026-05-20-pre-v2-import/data/raw/emurgo/delegation_history.csv
emurgo,pool1ey3d522fefeuxvqrymw9l8wyevuu7my9t2uz2m0lmwfgjg060qr,1,1,241,241,2021-01-05 04:24:25,2021-01-05 04:24:25,legacy/2026-05-20-pre-v2-import/data/raw/emurgo/delegation_history.csv
emurgo,pool1ez2sr7r6tzfa6s7zwrkxqx5layzmke2znsya3w6t9al0sv0332y,1,1,262,262,2021-04-20 20:49:49,2021-04-20 20:49:49,legacy/2026-05-20-pre-v2-import/data/raw/emurgo/delegation_history.csv
emurgo,pool1f4lvg6px40kelh4kala6jxn6fnugtyhrtw6hgzgr7ar7ymtr7jd,1,1,211,211,2020-08-05 21:51:31,2020-08-05 21:51:31,legacy/2026-05-20-pre-v2-import/data/raw/emurgo/delegation_history.csv
emurgo,pool1f6lnuxzw90mmd399nxqjvzyyxgmf4h3cp7j6pp5s7xmps86arct,1,1,356,356,2022-07-30 09:58:21,2022-07-30 09:58:21,legacy/2026-05-20-pre-v2-import/data/raw/emurgo/delegation_history.csv
emurgo,pool1f6ltd3rd3e69klr32r0xw7h59lc76lhc9l705d380lj76d926du,1,2,459,500,2023-12-27 22:34:32,2024-07-22 15:01:34,legacy/2026-05-20-pre-v2-import/data/raw/emurgo/delegation_history.csv
emurgo,pool1favrzvccjq5ctetwurtrcxe734c7zlh60f4d62av6art527tssd,1,1,210,210,2020-07-30 14:08:11,2020-07-30 14:08:11,legacy/2026-05-20-pre-v2-import/data/raw/emurgo/delegation_history.csv
emurgo,pool1fg42yz0qpu5jd0gd3g5xty4mm6jdxkje8szag8h798nyyxw6zd3,1,1,267,267,2021-05-11 04:43:29,2021-05-11 04:43:29,legacy/2026-05-20-pre-v2-import/data/raw/emurgo/delegation_history.csv
emurgo,pool1fl0gdfcmzg4jf3hw839epdteuazm23nff44vddap00r0sm5gvvk,1,4,338,475,2022-05-01 11:44:53,2024-03-16 09:34:25,legacy/2026-05-20-pre-v2-import/data/raw/emurgo/delegation_history.csv
emurgo,pool1fmcv9p7vv754rwc0p6ud2mgm76vnn0gq0gngrk7rq400vsvhsvs,1,1,234,234,2020-11-28 14:59:01,2020-11-28 14:59:01,legacy/2026-05-20-pre-v2-import/data/raw/emurgo/delegation_history.csv
emurgo,pool1fmykj5jqxtpxu0285209ar37taw52p68q87nmg6vpckhwrtje5w,1,2,212,352,2020-08-13 21:30:31,2022-07-14 11:44:21,legacy/2026-05-20-pre-v2-import/data/raw/emurgo/delegation_history.csv
emurgo,pool1fr8ug253hlv0pt4sxu3w20r03pnpkh2wpedegp55t8nsx28rkma,1,1,494,494,2024-06-23 00:53:18,2024-06-23 00:53:18,legacy/2026-05-20-pre-v2-import/data/raw/emurgo/delegation_history.csv
emurgo,pool1ft6jvmft8tg3lwzg6wfsprlex3ncuq5cnckwycavqk5q63jhrhv,1,1,304,304,2021-11-14 04:36:22,2021-11-14 04:36:22,legacy/2026-05-20-pre-v2-import/data/raw/emurgo/delegation_history.csv
emurgo,pool1ftfgs9lp0l4l07glvemrzu86pqvxrvzsn85lc3hathlq5ddsw49,1,1,210,210,2020-08-03 06:22:31,2020-08-03 06:22:31,legacy/2026-05-20-pre-v2-import/data/raw/emurgo/delegation_history.csv
emurgo,pool1fu69ry8k9qxfque9hng3lxcq7g30pykg38mtahah8x4mzpgls3k,1,1,280,280,2021-07-18 19:09:09,2021-07-18 19:09:09,legacy/2026-05-20-pre-v2-import/data/raw/emurgo/delegation_history.csv
emurgo,pool1fu6ppur5uumrpydpeswzrvfg4epr68xw39aar9rcu56tk5ukat3,1,1,331,331,2022-03-27 18:48:39,2022-03-27 18:48:39,legacy/2026-05-20-pre-v2-import/data/raw/emurgo/delegation_history.csv
emurgo,pool1fxm9hx6n5lahvlp3rrkvz30j2e3x4a08q3cu78678g32zqfmv4a,1,1,249,249,2021-02-13 14:33:57,2021-02-13 14:33:57,legacy/2026-05-20-pre-v2-import/data/raw/emurgo/delegation_history.csv
emurgo,pool1g2htk67ngtrw5mz6npgu3tugmcuqfgu0lxm8m26d7x79w75xupn,1,1,321,321,2022-02-05 15:31:26,2022-02-05 15:31:26,legacy/2026-05-20-pre-v2-import/data/raw/emurgo/delegation_history.csv
emurgo,pool1g637quu9s4v8e30s8y2jg8zfejsne9s8mg985q62y8jfu4khtqg,1,1,249,249,2021-02-11 08:12:38,2021-02-11 08:12:38,legacy/2026-05-20-pre-v2-import/data/raw/emurgo/delegation_history.csv
emurgo,pool1g79uyzvt9mm3z7jdcxnp36n4egm4z6l8c6n9l2mk8ae2yf5zman,1,1,319,319,2022-01-28 09:36:13,2022-01-28 09:36:13,legacy/2026-05-20-pre-v2-import/data/raw/emurgo/delegation_history.csv
emurgo,pool1g9v6nnrn8x7jcj26mqernsh3h97g6gyhamttzg8q39yvjr60g7k,1,1,325,325,2022-02-28 01:40:56,2022-02-28 01:40:56,legacy/2026-05-20-pre-v2-import/data/raw/emurgo/delegation_history.csv
emurgo,pool1gduk8s5stt3uej5nl9vs7marx8jjyeadwz3505gzvuqey2lch35,1,1,375,375,2022-11-03 00:19:19,2022-11-03 00:19:19,legacy/2026-05-20-pre-v2-import/data/raw/emurgo/delegation_history.csv
emurgo,pool1gf8a46j6hvhad8e48hez4084x34snpua8k7t3kzy9w42q6w60z8,1,1,504,504,2024-08-11 12:36:38,2024-08-11 12:36:38,legacy/2026-05-20-pre-v2-import/data/raw/emurgo/delegation_history.csv
emurgo,pool1ggx3akymhzl5d7r8jd4cc2nmnvl8t8gkrerd2cwvd0vc29lwje9,1,2,262,283,2021-04-16 22:51:58,2021-07-31 15:11:14,legacy/2026-05-20-pre-v2-import/data/raw/emurgo/delegation_history.csv
emurgo,pool1ghkvvv54d5463ymc44922ld927wtcaxm0e9ej67sh9fp62q6s9e,1,1,253,253,2021-03-03 22:18:22,2021-03-03 22:18:22,legacy/2026-05-20-pre-v2-import/data/raw/emurgo/delegation_history.csv
emurgo,pool1ghsq6nqsdmxxep9jrfml0j6jk935uhq7d9l5a0ltllev7nk2fa0,1,1,271,271,2021-06-02 11:24:22,2021-06-02 11:24:22,legacy/2026-05-20-pre-v2-import/data/raw/emurgo/delegation_history.csv
emurgo,pool1gjmerqh4wxl553enqeqgc6m3r3gt6yspdg29jy6nuypa6k2tpdt,1,1,235,235,2020-12-06 13:24:51,2020-12-06 13:24:51,legacy/2026-05-20-pre-v2-import/data/raw/emurgo/delegation_history.csv
emurgo,pool1glnff4fwpzc6v43kcpu3re7ag2p2l0z4t0x0mg3v83f0qeg58yy,1,1,304,304,2021-11-15 09:20:58,2021-11-15 09:20:58,legacy/2026-05-20-pre-v2-import/data/raw/emurgo/delegation_history.csv
emurgo,pool1gn5txrx7ay0pxs7cj70ewxpqx64sqnptnkc4u3zghxv8y2y9sxr,1,3,271,328,2021-06-02 02:52:12,2022-03-12 00:36:00,legacy/2026-05-20-pre-v2-import/data/raw/emurgo/delegation_history.csv
emurgo,pool1gplusrfxc087ep94rata3m02qpyqa6a6g4wezxf4fwwnczzyg3l,1,1,489,489,2024-05-24 23:06:09,2024-05-24 23:06:09,legacy/2026-05-20-pre-v2-import/data/raw/emurgo/delegation_history.csv
emurgo,pool1grz62pdyyakffeymsjxpkz4x9382y3zhfa8zu28tk2fpqxm6p5l,1,1,317,317,2022-01-17 16:47:35,2022-01-17 16:47:35,legacy/2026-05-20-pre-v2-import/data/raw/emurgo/delegation_history.csv
emurgo,pool1gwnu7f7qgaruxph8gn3u28qphvquvnj63elyd3r0nndacj9g9pa,1,1,210,210,2020-08-03 14:27:31,2020-08-03 14:27:31,legacy/2026-05-20-pre-v2-import/data/raw/emurgo/delegation_history.csv
emurgo,pool1gxqgry4s75sx455a4hh0fx3qm5ckx5jl5tryn6zu77yg7y5pgsj,1,2,251,260,2021-02-20 11:56:56,2021-04-09 10:34:48,legacy/2026-05-20-pre-v2-import/data/raw/emurgo/delegation_history.csv
emurgo,pool1h0524mtazrjnzqh5e4u060jsfk8lpsqqjfpa5gygjwuhqu34wvt,1,1,253,253,2021-03-02 09:38:31,2021-03-02 09:38:31,legacy/2026-05-20-pre-v2-import/data/raw/emurgo/delegation_history.csv
emurgo,pool1h40kkf28nr3amhs6nsmqn75aderg6cutmygr47czu2dw2dxzvgm,1,2,256,389,2021-03-21 14:43:40,2023-01-11 14:18:37,legacy/2026-05-20-pre-v2-import/data/raw/emurgo/delegation_history.csv
emurgo,pool1h40xjqda9wmw9cff5jss3ww9npujkhlvg6xjy9l5ujsu5rqlw28,1,1,520,520,2024-10-29 21:32:20,2024-10-29 21:32:20,legacy/2026-05-20-pre-v2-import/data/raw/emurgo/delegation_history.csv
emurgo,pool1h44uqhtu5gxh4kkfw3kddjmg4nug4fwnchalj8j04k7vj5kjrnt,1,1,212,212,2020-08-13 15:03:31,2020-08-13 15:03:31,legacy/2026-05-20-pre-v2-import/data/raw/emurgo/delegation_history.csv
emurgo,pool1hdglvd3xn5m0glqx3l8cy73ajdlxzn7ztlvzwuythj95kwnmvwe,1,1,250,250,2021-02-18 02:22:33,2021-02-18 02:22:33,legacy/2026-05-20-pre-v2-import/data/raw/emurgo/delegation_history.csv
emurgo,pool1hkpgddlnya3pgktj3sxdraa8x8400vhaphcudvym9ye22esak43,1,1,212,212,2020-08-13 13:48:11,2020-08-13 13:48:11,legacy/2026-05-20-pre-v2-import/data/raw/emurgo/delegation_history.csv
emurgo,pool1hqwxta8p0j8ffkyle5mf6yg80tucqzh8q9mszws60xe5ja06nwa,1,1,253,253,2021-03-05 07:03:04,2021-03-05 07:03:04,legacy/2026-05-20-pre-v2-import/data/raw/emurgo/delegation_history.csv
emurgo,pool1hrfv7z55k4m2q6ghemu56r3zkw7dt5wd5xay5yw7an7p7aw33ac,1,2,523,523,2024-11-15 02:57:57,2024-11-15 02:58:56,legacy/2026-05-20-pre-v2-import/data/raw/emurgo/delegation_history.csv
emurgo,pool1hsq2jrulgj97tna2femdhsfn2wurkkwt8uk9uvs42h9zs0a783p,1,1,215,215,2020-08-24 21:33:03,2020-08-24 21:33:03,legacy/2026-05-20-pre-v2-import/data/raw/emurgo/delegation_history.csv
emurgo,pool1hup05mr0g5uq3ng2xd4qpp83dhfyssxruunapthyumv5x63krug,1,1,226,226,2020-10-22 02:51:31,2020-10-22 02:51:31,legacy/2026-05-20-pre-v2-import/data/raw/emurgo/delegation_history.csv
emurgo,pool1hw3cgyx7tvxh2fpd46k9sqgruu5pfnzt4nxuyv2w7nlmusutda2,1,1,250,250,2021-02-18 11:39:07,2021-02-18 11:39:07,legacy/2026-05-20-pre-v2-import/data/raw/emurgo/delegation_history.csv
emurgo,pool1hxdcr4u22lytge79hr5hds39e90jsdmhafphdgnn4hlqvl4qlt7,1,1,444,444,2023-10-13 10:33:38,2023-10-13 10:33:38,legacy/2026-05-20-pre-v2-import/data/raw/emurgo/delegation_history.csv
emurgo,pool1j7sphrhrqtlj32k3alhnnnp3pfxq0n6mwels9ysnfaw563wpue7,1,1,323,323,2022-02-16 01:39:35,2022-02-16 01:39:35,legacy/2026-05-20-pre-v2-import/data/raw/emurgo/delegation_history.csv
emurgo,pool1j8zhlvakd29yup5xmxtyhrmeh24udqrgkwdp99d9tx356wpjarn,1,1,454,454,2023-12-04 21:03:49,2023-12-04 21:03:49,legacy/2026-05-20-pre-v2-import/data/raw/emurgo/delegation_history.csv
emurgo,pool1jf32ru0d9mcre5pp7yundjdfcz8qlhmw4f5cftgh8vkqy8scj09,1,1,412,412,2023-05-08 01:41:42,2023-05-08 01:41:42,legacy/2026-05-20-pre-v2-import/data/raw/emurgo/delegation_history.csv
emurgo,pool1jhh5u4q6r6ym8rl7lcf9qc8lgsds8sxh0kl6lajkh5wkgkq6efy,1,1,210,210,2020-07-30 16:17:11,2020-07-30 16:17:11,legacy/2026-05-20-pre-v2-import/data/raw/emurgo/delegation_history.csv
emurgo,pool1jmx55w5ydjkn4xd58gmr9xgt5t46ngs48aek779t92e7zcqfw97,1,1,372,372,2022-10-21 19:29:33,2022-10-21 19:29:33,legacy/2026-05-20-pre-v2-import/data/raw/emurgo/delegation_history.csv
emurgo,pool1jpfk79j3vzx3hnpqshl99m90qk3jsj4hg0pmxc8szz4juz8d653,1,2,258,261,2021-03-27 00:24:34,2021-04-15 19:17:01,legacy/2026-05-20-pre-v2-import/data/raw/emurgo/delegation_history.csv
emurgo,pool1jqssxka8hu94aj6f4w3s8l5m6juqmx0hk3ges48jfac6zngmkh8,1,1,507,507,2024-08-25 17:39:05,2024-08-25 17:39:05,legacy/2026-05-20-pre-v2-import/data/raw/emurgo/delegation_history.csv
emurgo,pool1jqxp8hn0ywdrg3clzha9c2u7qh3zsh68u55wh50vdmecupc5rxs,1,1,261,261,2021-04-12 10:46:34,2021-04-12 10:46:34,legacy/2026-05-20-pre-v2-import/data/raw/emurgo/delegation_history.csv
emurgo,pool1js570lkcs6t3pwsj3eda0zz43mc5gm922ae5rdxcfn84gu5uyrg,1,1,226,226,2020-10-22 12:03:24,2020-10-22 12:03:24,legacy/2026-05-20-pre-v2-import/data/raw/emurgo/delegation_history.csv
emurgo,pool1js763t3yw63ffsxqpume8974z03hdlm4nddnezhfla6dskln37v,1,1,242,242,2021-01-07 09:55:41,2021-01-07 09:55:41,legacy/2026-05-20-pre-v2-import/data/raw/emurgo/delegation_history.csv
emurgo,pool1jsxk3ymqv2gdc6mhqk52544g2aun4zhq5wgx6n32l5s3jlne70n,1,1,330,330,2022-03-22 07:59:44,2022-03-22 07:59:44,legacy/2026-05-20-pre-v2-import/data/raw/emurgo/delegation_history.csv
emurgo,pool1jug4sp78wkx4fd90vh2ljaq5xqvv6kksjg4ckz7c68ga6fllyvu,1,2,320,365,2022-02-04 08:06:54,2022-09-13 07:34:17,legacy/2026-05-20-pre-v2-import/data/raw/emurgo/delegation_history.csv
emurgo,pool1k2yfr7tapqzfgdn7vq2u44225rtqxctelr6dp0xjqggrwnx9hnw,1,1,416,416,2023-05-28 10:46:17,2023-05-28 10:46:17,legacy/2026-05-20-pre-v2-import/data/raw/emurgo/delegation_history.csv
emurgo,pool1k3nkfa5ugavrpd9nwd3s6yyx454qxnquxwmux4rzfunl7q0z38t,1,1,578,578,2025-08-15 00:08:07,2025-08-15 00:08:07,legacy/2026-05-20-pre-v2-import/data/raw/emurgo/delegation_history.csv
emurgo,pool1k3wpsc8q8za2qeptx5kv73r76hs5gvp59gga6ad6u5hnj3scy3q,1,1,235,235,2020-12-03 12:31:42,2020-12-03 12:31:42,legacy/2026-05-20-pre-v2-import/data/raw/emurgo/delegation_history.csv
emurgo,pool1k4ejdzlnd83l8f8xm5t0m4uv5q0tzexpm23f6cg7lzzayrquzqw,1,1,257,257,2021-03-23 02:37:48,2021-03-23 02:37:48,legacy/2026-05-20-pre-v2-import/data/raw/emurgo/delegation_history.csv
emurgo,pool1k6jheduzrrahqc3nt3htpqhphne74l224fc45yqzqfg9j2j2qqc,1,1,323,323,2022-02-15 02:42:33,2022-02-15 02:42:33,legacy/2026-05-20-pre-v2-import/data/raw/emurgo/delegation_history.csv
emurgo,pool1k6zdhtvhtfyrgmkmsd0lmxzzeeh46jd37yktscaxpry9vwaxq9x,1,1,345,345,2022-06-09 17:23:33,2022-06-09 17:23:33,legacy/2026-05-20-pre-v2-import/data/raw/emurgo/delegation_history.csv
emurgo,pool1k8mxlherc4vmfk9pmxs0rk27qmu3sqy0gsdck4gwduz57xsepak,1,3,297,451,2021-10-08 05:59:51,2023-11-17 15:46:53,legacy/2026-05-20-pre-v2-import/data/raw/emurgo/delegation_history.csv
emurgo,pool1k99yncea8tq9pfeks3yymyj6fwjf4apx0s490j09m4y66vtyufr,1,1,281,281,2021-07-23 12:47:50,2021-07-23 12:47:50,legacy/2026-05-20-pre-v2-import/data/raw/emurgo/delegation_history.csv
emurgo,pool1k9yt0fqk5czmajcjvqnwc6w9k5rcc40xe9kq05asd43c2xsw58f,1,1,212,212,2020-08-09 09:48:31,2020-08-09 09:48:31,legacy/2026-05-20-pre-v2-import/data/raw/emurgo/delegation_history.csv
emurgo,pool1katy7ll0nmasyxy4u84hcqdtvq5ul4x5hh8zt8ggljd0cy6qf75,1,1,323,323,2022-02-17 18:40:22,2022-02-17 18:40:22,legacy/2026-05-20-pre-v2-import/data/raw/emurgo/delegation_history.csv
emurgo,pool1kdfrzk74f4salnv0679z4f8nurxgau6zh9y4gedskzevuxdt8xe,1,1,293,293,2021-09-20 19:57:25,2021-09-20 19:57:25,legacy/2026-05-20-pre-v2-import/data/raw/emurgo/delegation_history.csv
emurgo,pool1kfu02878dsz2l2pml9r42fvh32l4zn3msjvgfx077q3yx2xgul8,1,1,271,271,2021-05-31 09:48:10,2021-05-31 09:48:10,legacy/2026-05-20-pre-v2-import/data/raw/emurgo/delegation_history.csv
emurgo,pool1kjd9ff9u5ytq4atavv2dfsg3pvxqw8d50642pzmpn386zel0ka8,1,1,221,221,2020-09-27 09:38:35,2020-09-27 09:38:35,legacy/2026-05-20-pre-v2-import/data/raw/emurgo/delegation_history.csv
emurgo,pool1kkwd6say8twq3z9e36v57adw02j2x52ascd6eumxy5zd66qm4fa,1,1,256,256,2021-03-20 10:45:39,2021-03-20 10:45:39,legacy/2026-05-20-pre-v2-import/data/raw/emurgo/delegation_history.csv
emurgo,pool1kpzak79fd84mvntd88r8yu0xc624kfaadkyflnvppvx367pympx,1,1,223,223,2020-10-06 16:42:54,2020-10-06 16:42:54,legacy/2026-05-20-pre-v2-import/data/raw/emurgo/delegation_history.csv
emurgo,pool1kqrsr700m267q9tz4pw4rjeg69nkahk5wuy3kkw479y56fqfy9t,1,1,277,277,2021-07-02 18:49:38,2021-07-02 18:49:38,legacy/2026-05-20-pre-v2-import/data/raw/emurgo/delegation_history.csv
emurgo,pool1ktmkc46nvn5m4uxt94jm3pq9y9mxzytkjcjjkk6887tnjf7atqy,1,1,246,246,2021-01-30 15:23:52,2021-01-30 15:23:52,legacy/2026-05-20-pre-v2-import/data/raw/emurgo/delegation_history.csv
emurgo,pool1ku2ppcx5zgas98hfrl23xtak8u2wj3hsy3hglxhg9xp4qck5awm,1,1,210,210,2020-07-30 03:19:31,2020-07-30 03:19:31,legacy/2026-05-20-pre-v2-import/data/raw/emurgo/delegation_history.csv
emurgo,pool1kv53mzjwqjp4aw48rczj8vm6hejwfnfwa634czyx5tw5qq3tata,1,1,362,362,2022-08-28 22:11:32,2022-08-28 22:11:32,legacy/2026-05-20-pre-v2-import/data/raw/emurgo/delegation_history.csv
emurgo,pool1l37xvdpcl49kr3wscpjp9pr854g06nnjrlndtu3h7k6pvfapgap,1,2,253,255,2021-03-04 23:19:04,2021-03-13 09:53:49,legacy/2026-05-20-pre-v2-import/data/raw/emurgo/delegation_history.csv
emurgo,pool1l5t2lytxxx7jn0ujd5ssmfzaf24g2gjzjeddqmqjgun0z7r3gwv,1,1,263,263,2021-04-25 18:36:21,2021-04-25 18:36:21,legacy/2026-05-20-pre-v2-import/data/raw/emurgo/delegation_history.csv
emurgo,pool1l6946mnu54f6v0we4xzra8kwm68ch7fphhxvgytd0m4lzk3pats,1,2,377,377,2022-11-14 06:21:28,2022-11-16 16:54:13,legacy/2026-05-20-pre-v2-import/data/raw/emurgo/delegation_history.csv
emurgo,pool1l8myd66tqjk75kh7uk9k8nyl20sd4qs33s4tzzn927ujyl7ahyk,1,1,226,226,2020-10-19 18:59:39,2020-10-19 18:59:39,legacy/2026-05-20-pre-v2-import/data/raw/emurgo/delegation_history.csv
emurgo,pool1la0t0gsskwejyfca5lchw5aqd5g8hknxdu6tuyqp0ttjxl6zt35,1,1,284,284,2021-08-08 00:27:48,2021-08-08 00:27:48,legacy/2026-05-20-pre-v2-import/data/raw/emurgo/delegation_history.csv
emurgo,pool1larpvn53yyufaf8fh89nrrpgruqcq8mgxrtdxp5y87cqse3yfg2,1,1,231,231,2020-11-14 06:49:23,2020-11-14 06:49:23,legacy/2026-05-20-pre-v2-import/data/raw/emurgo/delegation_history.csv
emurgo,pool1lcl9j8zzqtcd4g2gf5zgexcqmnmjtvje707hupngymjhq43yk3s,1,1,210,210,2020-08-02 21:31:31,2020-08-02 21:31:31,legacy/2026-05-20-pre-v2-import/data/raw/emurgo/delegation_history.csv
emurgo,pool1lfq0eh3gykruhnuc84lutfhxupwwxfh3ylfuyrt67khjkcj9r6y,1,1,266,266,2021-05-10 21:17:24,2021-05-10 21:17:24,legacy/2026-05-20-pre-v2-import/data/raw/emurgo/delegation_history.csv
emurgo,pool1lfzvl4q8nemdajv4sa4sa8nc9rfkdv8fj33alpjt26r86q9wy4m,1,1,401,401,2023-03-14 20:38:01,2023-03-14 20:38:01,legacy/2026-05-20-pre-v2-import/data/raw/emurgo/delegation_history.csv
emurgo,pool1lgzryt60tckrjspn7z0gxup6ms6srd2xmtl9y7wvt5fsxnd2qxh,1,1,329,329,2022-03-17 17:54:09,2022-03-17 17:54:09,legacy/2026-05-20-pre-v2-import/data/raw/emurgo/delegation_history.csv
emurgo,pool1lmqvtamlkm4vdcq3yjs2zxhsx2ejy9tafs66zsmpwvk3jq0zhyu,1,1,212,212,2020-08-12 11:04:11,2020-08-12 11:04:11,legacy/2026-05-20-pre-v2-import/data/raw/emurgo/delegation_history.csv
emurgo,pool1lqeg5d3jpwr3nvra568nk28sr8lttyr6cf4yyssdx6qtxea9nmr,1,1,236,236,2020-12-09 12:08:36,2020-12-09 12:08:36,legacy/2026-05-20-pre-v2-import/data/raw/emurgo/delegation_history.csv
emurgo,pool1lqucyxuvjktfmpf7fd28j54cfgamyrxed344vnwlm9wqkwjeqwk,1,1,255,255,2021-03-12 01:41:38,2021-03-12 01:41:38,legacy/2026-05-20-pre-v2-import/data/raw/emurgo/delegation_history.csv
emurgo,pool1lr0wunp76zfedxk7qvreekyvvdr4n0s2mm5g458n7akrvmdnfwl,1,1,247,247,2021-02-02 08:55:54,2021-02-02 08:55:54,legacy/2026-05-20-pre-v2-import/data/raw/emurgo/delegation_history.csv
emurgo,pool1lr9vvcf5r5jgkgv5ly7z2lh068ymzg4xmqk5f8pu2k23vt25x7a,1,1,270,270,2021-05-30 14:56:00,2021-05-30 14:56:00,legacy/2026-05-20-pre-v2-import/data/raw/emurgo/delegation_history.csv
emurgo,pool1lssudmnyy4vlzrvpmw4539xwklnx0lm2murc9t7n25u9sg2ce3n,1,1,212,212,2020-08-09 15:46:51,2020-08-09 15:46:51,legacy/2026-05-20-pre-v2-import/data/raw/emurgo/delegation_history.csv
emurgo,pool1lwhj7qrymcxq8hdqq478pf90x87nl8f6m4t63a2epaeagthkmfc,1,1,252,252,2021-02-27 02:44:34,2021-02-27 02:44:34,legacy/2026-05-20-pre-v2-import/data/raw/emurgo/delegation_history.csv
emurgo,pool1lxqewhueg4hzyad766zhdwsjet5348ww8mzejf6fprxaw8wfq5s,1,1,544,544,2025-02-26 01:26:04,2025-02-26 01:26:04,legacy/2026-05-20-pre-v2-import/data/raw/emurgo/delegation_history.csv
emurgo,pool1lychj3krdah22cjhxguzhfx7qhwlfgl7t9fv42pcems9zvknahx,1,2,345,346,2022-06-05 06:13:16,2022-06-10 17:13:32,legacy/2026-05-20-pre-v2-import/data/raw/emurgo/delegation_history.csv
emurgo,pool1lzrg40g7vwgrxf52h40mjv77wywajekkfr5p63gcaa6gxrnqy2t,1,2,261,282,2021-04-11 13:17:39,2021-07-25 12:11:31,legacy/2026-05-20-pre-v2-import/data/raw/emurgo/delegation_history.csv
emurgo,pool1lzupr43772kfux007sdt02vlx7uzmfcplrwmxntdztxmwv9myrj,1,1,248,248,2021-02-08 22:43:01,2021-02-08 22:43:01,legacy/2026-05-20-pre-v2-import/data/raw/emurgo/delegation_history.csv
emurgo,pool1m3gg43uhtetn4hmw79u8836dyq8qe4cex8qnn6mks5egza7n6tp,1,1,413,413,2023-05-14 21:21:48,2023-05-14 21:21:48,legacy/2026-05-20-pre-v2-import/data/raw/emurgo/delegation_history.csv
emurgo,pool1m3h5p82m6v99nda37rmed8vrkqt43e2a8d89k76gw5ets0gdyag,1,1,347,347,2022-06-18 21:39:11,2022-06-18 21:39:11,legacy/2026-05-20-pre-v2-import/data/raw/emurgo/delegation_history.csv
emurgo,pool1m4nc6ea8htk9t58yx43sqluln7cp2a6qmzq257uudrvtkue8vw3,1,2,311,312,2021-12-16 22:57:01,2021-12-22 21:20:35,legacy/2026-05-20-pre-v2-import/data/raw/emurgo/delegation_history.csv
emurgo,pool1m7vr5mjsvs82kh5yp95pr9s5wdldf2v8r6rmpv8z57ypxmrkqsa,1,1,250,250,2021-02-17 15:52:03,2021-02-17 15:52:03,legacy/2026-05-20-pre-v2-import/data/raw/emurgo/delegation_history.csv
emurgo,pool1me4w8vugzzt5zqaf3kvngpwdzan79algtgyrs70exr0mjghf2he,1,1,210,210,2020-08-02 17:57:51,2020-08-02 17:57:51,legacy/2026-05-20-pre-v2-import/data/raw/emurgo/delegation_history.csv
emurgo,pool1mg37s4w4uzsmw27nsnz2mwfll8sdawngvy3n657t7nd0yjcd77e,1,1,294,294,2021-09-27 02:54:05,2021-09-27 02:54:05,legacy/2026-05-20-pre-v2-import/data/raw/emurgo/delegation_history.csv
emurgo,pool1mgpcx225587y9uf2zcwrputd3kj70jfpf654ca86dehuw5qk5pf,1,1,330,330,2022-03-22 04:18:29,2022-03-22 04:18:29,legacy/2026-05-20-pre-v2-import/data/raw/emurgo/delegation_history.csv
emurgo,pool1mjehcx2qu7trxuzugdywuvdyqs8zx8kph23y6c7hhx69z50acun,1,1,279,279,2021-07-11 02:09:16,2021-07-11 02:09:16,legacy/2026-05-20-pre-v2-import/data/raw/emurgo/delegation_history.csv
emurgo,pool1mkprng8gaw4uzkd0x9ppjw5y52gv2qnwuet9dtvmdy6fkjuv9u3,1,1,421,421,2023-06-22 08:13:36,2023-06-22 08:13:36,legacy/2026-05-20-pre-v2-import/data/raw/emurgo/delegation_history.csv
emurgo,pool1mldur87x0z7j5wrfw0uh04twv0jem4c0cafsl3lhexfnka2ngxh,1,1,210,210,2020-07-31 00:36:11,2020-07-31 00:36:11,legacy/2026-05-20-pre-v2-import/data/raw/emurgo/delegation_history.csv
emurgo,pool1mmrdxw97yt9q22yaece43h7em2fhsgumrww7za9jdwt9xraehp4,1,1,229,229,2020-11-02 18:21:26,2020-11-02 18:21:26,legacy/2026-05-20-pre-v2-import/data/raw/emurgo/delegation_history.csv
emurgo,pool1mn0ydnu5tt4w80y3dxdsajddhdz03p6mudk8vlh55r5exqywxhh,1,1,210,210,2020-07-30 15:17:11,2020-07-30 15:17:11,legacy/2026-05-20-pre-v2-import/data/raw/emurgo/delegation_history.csv
emurgo,pool1mnalcegg8lv2rkf3hqnwva2fxg75j3hs9mdzqc3tvxpjzcpmvcc,1,1,225,225,2020-10-13 17:17:42,2020-10-13 17:17:42,legacy/2026-05-20-pre-v2-import/data/raw/emurgo/delegation_history.csv
emurgo,pool1mnj07j4n605djnx42n4q88j5k0yvarp7lqmc4388du3rwnljenz,1,2,416,416,2023-05-29 05:31:32,2023-05-29 05:32:11,legacy/2026-05-20-pre-v2-import/data/raw/emurgo/delegation_history.csv
emurgo,pool1mq2q0fjekk5lt8j2krryf5rvwx5z4l5l0r6afhhj0mtg23ylyuk,1,1,449,449,2023-11-10 03:21:03,2023-11-10 03:21:03,legacy/2026-05-20-pre-v2-import/data/raw/emurgo/delegation_history.csv
emurgo,pool1mrxg6svcug7mc459ce5zum4qd6p0hkfc08jzpphxfnxzz8yf7ll,1,1,470,470,2024-02-20 09:35:10,2024-02-20 09:35:10,legacy/2026-05-20-pre-v2-import/data/raw/emurgo/delegation_history.csv
emurgo,pool1msu99d564nlvplp8dcvhrupl5ducflzqk4lmjazpcw8nu7znftq,1,2,351,394,2022-07-05 13:34:31,2023-02-05 09:24:27,legacy/2026-05-20-pre-v2-import/data/raw/emurgo/delegation_history.csv
emurgo,pool1mtvfxpeczh9gkgj42j30c5zgudnt6evns4gny07p8nml2qrthav,1,1,270,270,2021-05-26 03:50:08,2021-05-26 03:50:08,legacy/2026-05-20-pre-v2-import/data/raw/emurgo/delegation_history.csv
emurgo,pool1mukzsec605hfk2tsx4r4xd2rjfjytua8puge5pa0g82rgqm0kt9,1,3,359,449,2022-08-13 22:29:49,2023-11-07 13:13:09,legacy/2026-05-20-pre-v2-import/data/raw/emurgo/delegation_history.csv
emurgo,pool1mw8jpnmxd22vw4h68uqw70nx24vfju4aav9rznesc4vnjnt68g4,1,1,275,275,2021-06-21 04:47:37,2021-06-21 04:47:37,legacy/2026-05-20-pre-v2-import/data/raw/emurgo/delegation_history.csv
emurgo,pool1mwp8ewtzmun0426v9z0h9um2amswgfzn78rckfl2fc3t5sy0m5g,1,1,262,262,2021-04-18 03:19:08,2021-04-18 03:19:08,legacy/2026-05-20-pre-v2-import/data/raw/emurgo/delegation_history.csv
emurgo,pool1mzry5s8pkfy42ul2xevaq7dk6qae8247hqd8serm3ms06glvny0,1,1,219,219,2020-09-14 10:24:20,2020-09-14 10:24:20,legacy/2026-05-20-pre-v2-import/data/raw/emurgo/delegation_history.csv
emurgo,pool1n2j7zmw69gf3weqp3wae234p3lykjks49c84mleqgmnmg4jht3y,1,1,239,239,2020-12-26 03:48:09,2020-12-26 03:48:09,legacy/2026-05-20-pre-v2-import/data/raw/emurgo/delegation_history.csv
emurgo,pool1n4fq4gw6snzqjep3pylj8dc6aaa4xgn78gl58k360dqdw6a58g8,1,1,256,256,2021-03-16 23:51:48,2021-03-16 23:51:48,legacy/2026-05-20-pre-v2-import/data/raw/emurgo/delegation_history.csv
emurgo,pool1n5ytegzw3enscfw4t8wsjytrz228agvm9c3xaarce7pgjzftdtx,1,1,223,223,2020-10-07 16:13:07,2020-10-07 16:13:07,legacy/2026-05-20-pre-v2-import/data/raw/emurgo/delegation_history.csv
emurgo,pool1n6qqnvjfzskcq9zdld5pnp8q3ktd28pqsh5tkmvarqcayr76puv,1,1,276,276,2021-06-25 16:36:52,2021-06-25 16:36:52,legacy/2026-05-20-pre-v2-import/data/raw/emurgo/delegation_history.csv
emurgo,pool1n73klrhjp7ez9fxvzkwpfk96xd6752urpyu9nncqdw93jdu07s0,1,1,253,253,2021-03-03 00:38:12,2021-03-03 00:38:12,legacy/2026-05-20-pre-v2-import/data/raw/emurgo/delegation_history.csv
emurgo,pool1n96ql32ct37n8w0l9ddhnc2t8tv0uyd6kuhzua8uxy63xs35wgl,1,1,223,223,2020-10-02 22:14:25,2020-10-02 22:14:25,legacy/2026-05-20-pre-v2-import/data/raw/emurgo/delegation_history.csv
emurgo,pool1nc95eljl5eyqx3atc5r29snhr53tkpv8k8krue5zsu5p78vu2ct,1,1,213,213,2020-08-18 10:26:19,2020-08-18 10:26:19,legacy/2026-05-20-pre-v2-import/data/raw/emurgo/delegation_history.csv
emurgo,pool1nkupy99hkqqqzdsenxrgenpf05auqa45e27tzlqqya70kjwjphn,1,1,333,333,2022-04-05 22:45:52,2022-04-05 22:45:52,legacy/2026-05-20-pre-v2-import/data/raw/emurgo/delegation_history.csv
emurgo,pool1nncdkshmqynzv3ledrlnan542qercf4h8xydjjylkg0xu62fk6y,1,1,211,211,2020-08-08 17:06:51,2020-08-08 17:06:51,legacy/2026-05-20-pre-v2-import/data/raw/emurgo/delegation_history.csv
emurgo,pool1nnfwte5lhr8rxjye4a8m8krt5fsu6fs2g39g6ccq09nqqf8sekw,1,1,211,211,2020-08-08 00:41:31,2020-08-08 00:41:31,legacy/2026-05-20-pre-v2-import/data/raw/emurgo/delegation_history.csv
emurgo,pool1nsaul82z7ytu73q96w2wgj8wrardmrzjkuzaankzn0xuqkj70qm,1,1,361,361,2022-08-24 20:28:54,2022-08-24 20:28:54,legacy/2026-05-20-pre-v2-import/data/raw/emurgo/delegation_history.csv
emurgo,pool1nt2cscruqlyaweml7sffh0fqqgw9vxddceukedxkecq8wyfrha4,1,1,326,326,2022-03-02 10:38:55,2022-03-02 10:38:55,legacy/2026-05-20-pre-v2-import/data/raw/emurgo/delegation_history.csv
emurgo,pool1nusynxpeg9u8ea7s9snmc7cf25apfk0guzdu4dwxz0uwjr378xt,1,1,265,265,2021-04-30 22:51:50,2021-04-30 22:51:50,legacy/2026-05-20-pre-v2-import/data/raw/emurgo/delegation_history.csv
emurgo,pool1nux6acnlx0du7ss9fhg2phjlaqe87l4wcurln5r6f0k8xreluez,1,1,223,223,2020-10-07 17:25:42,2020-10-07 17:25:42,legacy/2026-05-20-pre-v2-import/data/raw/emurgo/delegation_history.csv
emurgo,pool1nydxffhrmpn0ft6wpg4l6cwp2jr2glxvx5hxr69xknl0s5p603w,1,1,220,220,2020-09-22 09:08:28,2020-09-22 09:08:28,legacy/2026-05-20-pre-v2-import/data/raw/emurgo/delegation_history.csv
emurgo,pool1nzws82fwk9wcvjgqf2wvq4v2ay929tpspy677xa9z82lquhhazn,1,1,244,244,2021-01-20 09:41:31,2021-01-20 09:41:31,legacy/2026-05-20-pre-v2-import/data/raw/emurgo/delegation_history.csv
emurgo,pool1p0wrhcvusryxv3nw2a77arezpf5qdadpt6fxprsf3ph9s3k7qq6,1,1,486,486,2024-05-14 19:32:15,2024-05-14 19:32:15,legacy/2026-05-20-pre-v2-import/data/raw/emurgo/delegation_history.csv
emurgo,pool1p0yjehcxtkd84d9fsj3jy7gl9rvvrg5v8q73we2dz0yzxmgx4dv,1,1,418,418,2023-06-05 02:19:47,2023-06-05 02:19:47,legacy/2026-05-20-pre-v2-import/data/raw/emurgo/delegation_history.csv
emurgo,pool1p2xlupmtnsc640q6efjre9rk0fjlfn0srgh7f735qx0r5kznfrl,1,1,381,381,2022-12-05 15:12:15,2022-12-05 15:12:15,legacy/2026-05-20-pre-v2-import/data/raw/emurgo/delegation_history.csv
emurgo,pool1pfdd8d8n7jx0xnk4uev3x36se87c747w6l2d5x7fanh5w9evhw2,1,1,253,253,2021-03-03 07:40:53,2021-03-03 07:40:53,legacy/2026-05-20-pre-v2-import/data/raw/emurgo/delegation_history.csv
emurgo,pool1pgjmfyr8uj8794w38xjyyu5sq797wef068eu3elcqaa6s75s432,1,1,263,263,2021-04-22 21:55:09,2021-04-22 21:55:09,legacy/2026-05-20-pre-v2-import/data/raw/emurgo/delegation_history.csv
emurgo,pool1pgnhp0rwruxw8mz7z2k5273dyqn4aqpujmd6lqgf3dt5z333a9w,1,1,211,211,2020-08-06 12:25:11,2020-08-06 12:25:11,legacy/2026-05-20-pre-v2-import/data/raw/emurgo/delegation_history.csv
emurgo,pool1phc0dedrry2jp2s2tqngcw87vzx3mychvm7qqe3470etzsf3ph7,1,1,529,529,2024-12-11 01:42:00,2024-12-11 01:42:00,legacy/2026-05-20-pre-v2-import/data/raw/emurgo/delegation_history.csv
emurgo,pool1pn36hexudnjg6uwvxc5tld3ay2g6ty99ardzhn7crhkhzshjpte,1,1,506,506,2024-08-18 20:42:48,2024-08-18 20:42:48,legacy/2026-05-20-pre-v2-import/data/raw/emurgo/delegation_history.csv
emurgo,pool1ppqdq5yfkkllrcj0u47pakg9e4ha568pz3a9kkrr6w2kyw8gxv7,1,1,240,240,2020-12-31 16:40:14,2020-12-31 16:40:14,legacy/2026-05-20-pre-v2-import/data/raw/emurgo/delegation_history.csv
emurgo,pool1pqm2cev326p2mrruzw9xru65uvt3r7f0rdf5gtx54zdskxqhmur,1,1,487,487,2024-05-15 08:58:05,2024-05-15 08:58:05,legacy/2026-05-20-pre-v2-import/data/raw/emurgo/delegation_history.csv
emurgo,pool1ps3quyamsmn5cvp403tgjzgpfwha5u4dr2zc3wtts5kgqc078se,1,2,253,253,2021-03-03 17:18:37,2021-03-03 20:48:41,legacy/2026-05-20-pre-v2-import/data/raw/emurgo/delegation_history.csv
emurgo,pool1ptzt9j6y4jefzkq4vj3z7wa4h492ktlkecggseqvc8f060xuved,1,1,486,486,2024-05-11 19:43:21,2024-05-11 19:43:21,legacy/2026-05-20-pre-v2-import/data/raw/emurgo/delegation_history.csv
emurgo,pool1pu49urd00qf9zzeghrks03tvszzvrdzecw649ag5dwd07snx69n,1,1,244,244,2021-01-18 22:59:17,2021-01-18 22:59:17,legacy/2026-05-20-pre-v2-import/data/raw/emurgo/delegation_history.csv
emurgo,pool1pxw4z2m0lmw422hr32dwyy3uz9436g8p7qdmg2sl2w0m5pyk3yn,1,1,256,256,2021-03-21 14:27:23,2021-03-21 14:27:23,legacy/2026-05-20-pre-v2-import/data/raw/emurgo/delegation_history.csv
emurgo,pool1py2uxkvuj926h42s40wxl26dh0ggaq882v4m0hkd99m86vzmwnz,1,1,259,259,2021-04-02 21:10:21,2021-04-02 21:10:21,legacy/2026-05-20-pre-v2-import/data/raw/emurgo/delegation_history.csv
emurgo,pool1pzcv2snyufcnjvd6nhnn069ujxyagh4lvzvrewxu0c6hxdnw7yl,1,1,211,211,2020-08-04 22:51:51,2020-08-04 22:51:51,legacy/2026-05-20-pre-v2-import/data/raw/emurgo/delegation_history.csv
emurgo,pool1pzkgztz8y8tgd9tpfu7umep97x7m0c5ck0dpn2vqtf202fyhfv5,1,1,220,220,2020-09-22 00:25:26,2020-09-22 00:25:26,legacy/2026-05-20-pre-v2-import/data/raw/emurgo/delegation_history.csv
emurgo,pool1q5sspejl875flc0z6wh9y9zxkgqnk0y3aaw8jc0pkxs6cpavm4q,1,1,404,404,2023-03-29 19:13:02,2023-03-29 19:13:02,legacy/2026-05-20-pre-v2-import/data/raw/emurgo/delegation_history.csv
emurgo,pool1q5za50d3sr707xkmjtyrs0v76ezxyj8g8uhggfk0wfl77aufd9k,1,1,268,268,2021-05-17 00:36:30,2021-05-17 00:36:30,legacy/2026-05-20-pre-v2-import/data/raw/emurgo/delegation_history.csv
emurgo,pool1q6lzp5x6tqg04chsxakupgq6x829nsx2dk5w8h043fnajm8d3uj,1,1,464,464,2024-01-22 03:32:44,2024-01-22 03:32:44,legacy/2026-05-20-pre-v2-import/data/raw/emurgo/delegation_history.csv
emurgo,pool1q78mtn420rhjjwghfmlwuyasj3eq655nhhq3sxkyh3w77dj8zy8,1,1,270,270,2021-05-26 00:43:24,2021-05-26 00:43:24,legacy/2026-05-20-pre-v2-import/data/raw/emurgo/delegation_history.csv
emurgo,pool1q7ukp0ajfusagaqy8arsxnkk97yl3tqa8aal3sts5tw8kuq4jlw,1,1,210,210,2020-07-31 18:56:51,2020-07-31 18:56:51,legacy/2026-05-20-pre-v2-import/data/raw/emurgo/delegation_history.csv
emurgo,pool1qcfzjvw0em6g02pwjqpnfh6260epge5ll3z37ckhcylsjuktkvp,1,1,249,249,2021-02-14 09:23:29,2021-02-14 09:23:29,legacy/2026-05-20-pre-v2-import/data/raw/emurgo/delegation_history.csv
emurgo,pool1qp7ge7rwk8ht63v8z6vkyw3g8em5qr5k0z0l6ta8mxjtzx4dzy8,1,1,261,261,2021-04-11 02:29:01,2021-04-11 02:29:01,legacy/2026-05-20-pre-v2-import/data/raw/emurgo/delegation_history.csv
emurgo,pool1qqq6qzgsa8n2uvy7pusk4fnxnwd8zx7xylycednw3ugmqxk9mps,1,1,210,210,2020-07-29 23:06:51,2020-07-29 23:06:51,legacy/2026-05-20-pre-v2-import/data/raw/emurgo/delegation_history.csv
emurgo,pool1qqqq58jy30weq2an3px3maljdmawcwh6ml4hr8m9euq9z2n7wyz,1,1,222,222,2020-10-01 15:30:07,2020-10-01 15:30:07,legacy/2026-05-20-pre-v2-import/data/raw/emurgo/delegation_history.csv
emurgo,pool1qqqqz3pw0vzm8ks7ljnsfvp72pgra55q7rz378uvjjaajzrgj7m,1,2,212,213,2020-08-12 22:00:51,2020-08-14 15:37:48,legacy/2026-05-20-pre-v2-import/data/raw/emurgo/delegation_history.csv
emurgo,pool1qsxhnvr03tg6jj7cl0y74jd63n85fgejm8tlqq7ct7fexfygkye,1,4,323,498,2022-02-15 07:08:09,2024-07-09 15:44:44,legacy/2026-05-20-pre-v2-import/data/raw/emurgo/delegation_history.csv
emurgo,pool1qtrlex4p7s2uskt0p9tldz3eprda73vd5ngfh6fam4sgkpmazfx,1,1,501,501,2024-07-24 06:03:51,2024-07-24 06:03:51,legacy/2026-05-20-pre-v2-import/data/raw/emurgo/delegation_history.csv
emurgo,pool1qtvd8qypfyh3c5tr7vyya7kc65vz0erutstr2y2nu000shrg0uj,1,1,399,399,2023-03-02 16:50:22,2023-03-02 16:50:22,legacy/2026-05-20-pre-v2-import/data/raw/emurgo/delegation_history.csv
emurgo,pool1qvudfuw9ar47up5fugs53s2g84q3c4v86z4es6uwsfzzs89rwha,1,1,370,370,2022-10-09 15:38:53,2022-10-09 15:38:53,legacy/2026-05-20-pre-v2-import/data/raw/emurgo/delegation_history.csv
emurgo,pool1qzlw756y0z6ehg9jkerrfrydr7qlvzl5pgset33h3h2akst593a,1,1,318,318,2022-01-22 23:13:48,2022-01-22 23:13:48,legacy/2026-05-20-pre-v2-import/data/raw/emurgo/delegation_history.csv
emurgo,pool1qznyv8g4vxv8ys05rs6dgtzutqc2z9gs6vq85vkn8uq8u0c83we,1,1,298,298,2021-10-13 01:53:53,2021-10-13 01:53:53,legacy/2026-05-20-pre-v2-import/data/raw/emurgo/delegation_history.csv
emurgo,pool1r4hj35clvexkq0j0cagcxrt9945cp7agzslvjxpfa9fg62qpemv,1,1,237,237,2020-12-16 15:28:34,2020-12-16 15:28:34,legacy/2026-05-20-pre-v2-import/data/raw/emurgo/delegation_history.csv
emurgo,pool1r5dqwfl3etjylqqsj8lzhqx4tz0nllkjf3sz4r0heke2xs5kwap,1,1,279,279,2021-07-14 02:03:03,2021-07-14 02:03:03,legacy/2026-05-20-pre-v2-import/data/raw/emurgo/delegation_history.csv
emurgo,pool1r7l3z2wd4c9zra9e702maavxym7y385lpx328mm29flc7jw9c02,1,1,358,358,2022-08-13 04:31:30,2022-08-13 04:31:30,legacy/2026-05-20-pre-v2-import/data/raw/emurgo/delegation_history.csv
emurgo,pool1rdlpngqqd54x2ek7s9m8hl5yrc7dx5mlm9wtdqatldm5jfrcgqt,1,1,233,233,2020-11-24 05:37:13,2020-11-24 05:37:13,legacy/2026-05-20-pre-v2-import/data/raw/emurgo/delegation_history.csv
emurgo,pool1rj8zkzk3dm0lmnjtafczqfp8sshmang8gg85eypjeh2e6cve0vl,1,2,221,226,2020-09-23 10:04:14,2020-10-21 10:19:32,legacy/2026-05-20-pre-v2-import/data/raw/emurgo/delegation_history.csv
emurgo,pool1rjv02n5qtyden5frvyy34udlz3nqtkyu742mghcsww8nk4qycsh,1,1,210,210,2020-07-30 05:48:11,2020-07-30 05:48:11,legacy/2026-05-20-pre-v2-import/data/raw/emurgo/delegation_history.csv
emurgo,pool1rpcweq9gcqlr27s6wjm67djmm2f2l5a72zusp3f25344kaxuqcd,1,1,248,248,2021-02-09 13:40:14,2021-02-09 13:40:14,legacy/2026-05-20-pre-v2-import/data/raw/emurgo/delegation_history.csv
emurgo,pool1ruq6tvalrt7uu4u2j9eugvf0h9z00yjggagpyd0qjmmywa6za7y,1,2,242,247,2021-01-10 21:33:06,2021-02-04 19:37:38,legacy/2026-05-20-pre-v2-import/data/raw/emurgo/delegation_history.csv
emurgo,pool1ryqluw3z5nk8ma8snryl74kn5sxfh0cpqwyq4pfc6wgmvp7jd4k,1,1,210,210,2020-07-30 13:17:31,2020-07-30 13:17:31,legacy/2026-05-20-pre-v2-import/data/raw/emurgo/delegation_history.csv
emurgo,pool1rzgmxrfvrp4ch9wj96rjun6f3959k0tu08xyxn8sf5zyz9qmzrl,1,1,387,387,2023-01-05 17:47:46,2023-01-05 17:47:46,legacy/2026-05-20-pre-v2-import/data/raw/emurgo/delegation_history.csv
emurgo,pool1s04pdfl3sv5gzuc80322rc4ne0xs7gekux7gtckvvwt7qutjy6w,1,1,468,468,2024-02-13 07:14:58,2024-02-13 07:14:58,legacy/2026-05-20-pre-v2-import/data/raw/emurgo/delegation_history.csv
emurgo,pool1s2wsk5z4u0f2unmfyc8ye705adhwayv0wetlk24sawmyj5u74rn,1,1,255,255,2021-03-12 09:14:27,2021-03-12 09:14:27,legacy/2026-05-20-pre-v2-import/data/raw/emurgo/delegation_history.csv
emurgo,pool1s54847dyrcpgxjvsjvhjjqjrkz3x6vevy77xaqje5nugxhp6j2g,1,2,252,289,2021-02-25 16:55:35,2021-09-02 17:54:44,legacy/2026-05-20-pre-v2-import/data/raw/emurgo/delegation_history.csv
emurgo,pool1s7eglqwzl84xgvpr4pptylcgqhkjr4xk8d6y3k22plu3sagms25,1,1,261,261,2021-04-15 05:09:15,2021-04-15 05:09:15,legacy/2026-05-20-pre-v2-import/data/raw/emurgo/delegation_history.csv
emurgo,pool1s8ppansy64zhy8e3gmuyltx3hzf5f9zws27v9lewhazyw3gmp7e,1,5,260,321,2021-04-06 06:19:58,2022-02-08 03:41:50,legacy/2026-05-20-pre-v2-import/data/raw/emurgo/delegation_history.csv
emurgo,pool1sffl322qgsrsmkcedzzwk05396dkmj56pcepqvj6px3n2re3qu4,1,1,210,210,2020-08-02 23:33:31,2020-08-02 23:33:31,legacy/2026-05-20-pre-v2-import/data/raw/emurgo/delegation_history.csv
emurgo,pool1sghwg652uwe7ksmk5laxxft58j6km6prahvnddk3s6zgxek5qen,1,1,251,251,2021-02-21 04:30:11,2021-02-21 04:30:11,legacy/2026-05-20-pre-v2-import/data/raw/emurgo/delegation_history.csv
emurgo,pool1sj4l2jrykge07u4ke7unxyxpma0qara9x828xpvck6ev68zlvn3,1,2,255,279,2021-03-16 01:43:55,2021-07-12 03:40:23,legacy/2026-05-20-pre-v2-import/data/raw/emurgo/delegation_history.csv
emurgo,pool1sks9qwpygf9vmgeuh4n4a3s36k35c3qnz7pd4qqvw5825x62y3y,1,1,211,211,2020-08-04 00:32:11,2020-08-04 00:32:11,legacy/2026-05-20-pre-v2-import/data/raw/emurgo/delegation_history.csv
emurgo,pool1smy2r8jdvgna5ykhe8rrch7h4qalyfafyzyh0rmanmq0jxptww7,1,1,359,359,2022-08-14 08:05:30,2022-08-14 08:05:30,legacy/2026-05-20-pre-v2-import/data/raw/emurgo/delegation_history.csv
emurgo,pool1snyaulmp94axe7ltmqzlkztqn9axt5ykprjtxh3qgn35cred9pf,1,1,212,212,2020-08-10 02:02:31,2020-08-10 02:02:31,legacy/2026-05-20-pre-v2-import/data/raw/emurgo/delegation_history.csv
emurgo,pool1svszcjg5xaxt5mq7ue2llm26ndt74dslvev04g6kwdmvyf0t657,1,1,370,370,2022-10-09 13:53:02,2022-10-09 13:53:02,legacy/2026-05-20-pre-v2-import/data/raw/emurgo/delegation_history.csv
emurgo,pool1sxhe2036yj3r6mvyhjx6g9xyj447nnxld6rytarprylmk99lsvm,1,1,251,251,2021-02-21 10:59:47,2021-02-21 10:59:47,legacy/2026-05-20-pre-v2-import/data/raw/emurgo/delegation_history.csv
emurgo,pool1sxj5qufj25ssfk83jjxp4tw2py7vfceta63p2u8ymugtga9us8t,1,1,285,285,2021-08-13 21:21:42,2021-08-13 21:21:42,legacy/2026-05-20-pre-v2-import/data/raw/emurgo/delegation_history.csv
emurgo,pool1sysgx87cwxnqy0pqn8g97gdhd0dmre9rw3jvpn2k7apuwa7cgkn,1,1,601,601,2025-12-09 18:05:25,2025-12-09 18:05:25,legacy/2026-05-20-pre-v2-import/data/raw/emurgo/delegation_history.csv
emurgo,pool1t0ugaqv8wp7gczrt2jxmu57nj70agy3nu8dd9ayaljwxu45hfh8,1,1,329,329,2022-03-19 02:30:31,2022-03-19 02:30:31,legacy/2026-05-20-pre-v2-import/data/raw/emurgo/delegation_history.csv
emurgo,pool1t74ckqauwmn9ef5ye0h7c5wsgfd36zx24ue9wvj4vj95cl54aff,1,1,376,376,2022-11-06 23:47:27,2022-11-06 23:47:27,legacy/2026-05-20-pre-v2-import/data/raw/emurgo/delegation_history.csv
emurgo,pool1t847w2hfv33qrra7q33nzq8epvcxv6ydshcq7w7j23c87xv2c2k,1,1,560,560,2025-05-15 10:25:49,2025-05-15 10:25:49,legacy/2026-05-20-pre-v2-import/data/raw/emurgo/delegation_history.csv
emurgo,pool1tah22gjtc7ntrdezv49hysegcwpzafea35t6f4hn3wr2y4hz3vz,1,1,256,256,2021-03-21 13:38:25,2021-03-21 13:38:25,legacy/2026-05-20-pre-v2-import/data/raw/emurgo/delegation_history.csv
emurgo,pool1tay8z4sq4a4gmyhnygyt0t5j84z8epwjra06wq28jnnmschkkuu,1,5,318,528,2022-01-21 09:38:27,2024-12-10 21:42:43,legacy/2026-05-20-pre-v2-import/data/raw/emurgo/delegation_history.csv
emurgo,pool1tdjjgjfwzl842nrzplkfakj4y7y4000cd8dxm2zjtlrjugt2aac,1,1,258,258,2021-03-26 23:49:24,2021-03-26 23:49:24,legacy/2026-05-20-pre-v2-import/data/raw/emurgo/delegation_history.csv
emurgo,pool1tez268q6v9afz54csn2lg95kw7yyjykc3px8ry5gwkk656azfnz,1,1,273,273,2021-06-11 21:18:53,2021-06-11 21:18:53,legacy/2026-05-20-pre-v2-import/data/raw/emurgo/delegation_history.csv
emurgo,pool1tfuznvd3pkkwt96qwzurvzmf34zgut0uzap9c3skq7p4262stsx,1,1,254,254,2021-03-07 12:31:23,2021-03-07 12:31:23,legacy/2026-05-20-pre-v2-import/data/raw/emurgo/delegation_history.csv
emurgo,pool1tj3u8pz6732uy2ut3s90e0j880jyu9j0ve9vtu9zj5xzglhdlqy,1,1,299,299,2021-10-18 14:07:00,2021-10-18 14:07:00,legacy/2026-05-20-pre-v2-import/data/raw/emurgo/delegation_history.csv
emurgo,pool1tnmd6aq6rn3ctyqqqw8csvl5vlqncx3fwaqk8rsxsmqn5v9e28n,1,1,420,420,2023-06-16 14:38:53,2023-06-16 14:38:53,legacy/2026-05-20-pre-v2-import/data/raw/emurgo/delegation_history.csv
emurgo,pool1tnymyv08dl3k9wyfz040vq626542ztm60wwyu7szwl5l6x9h3vl,1,1,486,486,2024-05-13 04:10:19,2024-05-13 04:10:19,legacy/2026-05-20-pre-v2-import/data/raw/emurgo/delegation_history.csv
emurgo,pool1tp7fzx8w3lrwwuwff9x7nlqr4r5n0awpq0krwnahvj387n7y22h,1,2,285,531,2021-08-13 06:26:10,2024-12-23 21:58:56,legacy/2026-05-20-pre-v2-import/data/raw/emurgo/delegation_history.csv
emurgo,pool1tx6e7gewsrcceejwpa69vrhlhay6862amaks095pmw9jxulwhvx,1,1,265,265,2021-04-30 23:57:53,2021-04-30 23:57:53,legacy/2026-05-20-pre-v2-import/data/raw/emurgo/delegation_history.csv
emurgo,pool1txdcwt6z4dud7ppf6xhtlcks4qt8degt5gcf0ffjjy45v7jzkcx,1,1,225,225,2020-10-14 14:00:21,2020-10-14 14:00:21,legacy/2026-05-20-pre-v2-import/data/raw/emurgo/delegation_history.csv
emurgo,pool1txtq2n2jefg7rqja2ls69qfc7tke2ll9xvxd3dwj3tcfstmjgsu,1,1,210,210,2020-07-30 21:08:31,2020-07-30 21:08:31,legacy/2026-05-20-pre-v2-import/data/raw/emurgo/delegation_history.csv
emurgo,pool1u0u2s080a5plun4acn6s70xa3q98ct7skt88l7w6nnwwyl9ecym,1,1,470,470,2024-02-23 07:08:52,2024-02-23 07:08:52,legacy/2026-05-20-pre-v2-import/data/raw/emurgo/delegation_history.csv
emurgo,pool1u2j98kgj8uj7zr7g3deuezfv7hzv3ercnetxd5c9ppjh23x20qg,1,1,611,611,2026-01-28 13:09:05,2026-01-28 13:09:05,legacy/2026-05-20-pre-v2-import/data/raw/emurgo/delegation_history.csv
emurgo,pool1u32s3ry3vjhqwhcrqz7p5u35cvzrx4tvdwydgvq6qm8720qrg0s,1,1,213,213,2020-08-15 02:47:04,2020-08-15 02:47:04,legacy/2026-05-20-pre-v2-import/data/raw/emurgo/delegation_history.csv
emurgo,pool1u53apdhreh9fjmxtrctx3kezhjduc4m2f7cfd09yd7p6jkc6k2z,1,1,361,361,2022-08-25 00:12:55,2022-08-25 00:12:55,legacy/2026-05-20-pre-v2-import/data/raw/emurgo/delegation_history.csv
emurgo,pool1u899yml96tf2cf4zkw4490mnhf832pk6fefnaluvt7487jmqzhg,1,1,253,253,2021-03-05 22:17:40,2021-03-05 22:17:40,legacy/2026-05-20-pre-v2-import/data/raw/emurgo/delegation_history.csv
emurgo,pool1udr30lxsqa799lyl9haxf0wzg8qsz3xaf2gtpqf4n2s064jrvsj,1,1,281,281,2021-07-22 13:58:44,2021-07-22 13:58:44,legacy/2026-05-20-pre-v2-import/data/raw/emurgo/delegation_history.csv
emurgo,pool1udwnjxxvwzv05cw70xgt4wedsl7lk8r4xgsw2ws9hmu46zaz2f9,1,1,213,213,2020-08-14 08:04:28,2020-08-14 08:04:28,legacy/2026-05-20-pre-v2-import/data/raw/emurgo/delegation_history.csv
emurgo,pool1umflj8hjq873fs9r6aq2zvgs88zrs5xjswn2znkdaehlz2eqy59,1,1,264,264,2021-04-29 20:00:31,2021-04-29 20:00:31,legacy/2026-05-20-pre-v2-import/data/raw/emurgo/delegation_history.csv
emurgo,pool1umslg2gmre4znj8hsx9x2u4ah4gfw8guv4mjthnjge3k2j5f8cl,1,1,227,227,2020-10-23 07:36:12,2020-10-23 07:36:12,legacy/2026-05-20-pre-v2-import/data/raw/emurgo/delegation_history.csv
emurgo,pool1uqehpxy4wst2k5u640wdt9tgmqdd26l0dahgxf3ln70js830xv2,1,1,212,212,2020-08-11 02:44:31,2020-08-11 02:44:31,legacy/2026-05-20-pre-v2-import/data/raw/emurgo/delegation_history.csv
emurgo,pool1uqgn8wt3qwaextmmurmcjmk3egwsac6sunyqtrssrdeavlgpyr4,1,2,315,345,2022-01-10 20:05:40,2022-06-05 04:56:42,legacy/2026-05-20-pre-v2-import/data/raw/emurgo/delegation_history.csv
emurgo,pool1utqhj9g53a5cwg7tyd8neky7jvjlgzuf470adc0e69cp5uuquzx,1,1,259,259,2021-04-05 08:50:51,2021-04-05 08:50:51,legacy/2026-05-20-pre-v2-import/data/raw/emurgo/delegation_history.csv
emurgo,pool1v28xlhk6juevh3ss09vpe78zu7cx6mejr8k8en94scd6v8rrshh,1,1,266,266,2021-05-07 16:00:46,2021-05-07 16:00:46,legacy/2026-05-20-pre-v2-import/data/raw/emurgo/delegation_history.csv
emurgo,pool1v4adhelnswa7pwv2njn5h84atw08mlc79ll2ewl2kgxhv3cqwql,1,1,210,210,2020-07-30 06:03:31,2020-07-30 06:03:31,legacy/2026-05-20-pre-v2-import/data/raw/emurgo/delegation_history.csv
emurgo,pool1v4ny7uguujzuthgpf23qwrgwaf2r6xx4cf5eu90ngrey60rf2hu,1,1,262,262,2021-04-18 02:01:27,2021-04-18 02:01:27,legacy/2026-05-20-pre-v2-import/data/raw/emurgo/delegation_history.csv
emurgo,pool1v8gvy6tjp8x8wg5h4jw20p9up04lxgw0l0lgery9mz4h7h9x25n,1,1,580,580,2025-08-23 12:00:36,2025-08-23 12:00:36,legacy/2026-05-20-pre-v2-import/data/raw/emurgo/delegation_history.csv
emurgo,pool1vd3rfulk3x3k6mafusvrtnzysx9qkcgcks9an2alcpm55msk63g,1,1,210,210,2020-08-01 00:29:31,2020-08-01 00:29:31,legacy/2026-05-20-pre-v2-import/data/raw/emurgo/delegation_history.csv
emurgo,pool1vernpfxctyv20kzhfh65jy6j9pggqu53dk2uhs8vmxkxw57t2fp,1,1,323,323,2022-02-17 03:00:51,2022-02-17 03:00:51,legacy/2026-05-20-pre-v2-import/data/raw/emurgo/delegation_history.csv
emurgo,pool1vfayajkdc0gw876lax5va6ygpfpsd8kz73k4y977emm3clnxlm5,1,1,323,323,2022-02-19 09:00:12,2022-02-19 09:00:12,legacy/2026-05-20-pre-v2-import/data/raw/emurgo/delegation_history.csv
emurgo,pool1vkngxunyagwen690yn36pa2v6jecyxgeavl9nva9dwzhu22fzt7,1,1,257,257,2021-03-23 19:17:29,2021-03-23 19:17:29,legacy/2026-05-20-pre-v2-import/data/raw/emurgo/delegation_history.csv
emurgo,pool1vr8yc6ds47hzfgqxu9tzxdwze6x82fetqdps7vvmcdav6rlzd3x,1,1,210,210,2020-08-01 02:40:31,2020-08-01 02:40:31,legacy/2026-05-20-pre-v2-import/data/raw/emurgo/delegation_history.csv
emurgo,pool1vvesqladm29fuzrv93px5qse0upw82a579lz9063xsfrz7yef7z,1,1,255,255,2021-03-12 15:47:13,2021-03-12 15:47:13,legacy/2026-05-20-pre-v2-import/data/raw/emurgo/delegation_history.csv
emurgo,pool1w2hc8xqzxpjw7dxwq65krmq79zswvvdmsgs8p04djwt8vm84qmv,1,1,251,251,2021-02-23 01:25:02,2021-02-23 01:25:02,legacy/2026-05-20-pre-v2-import/data/raw/emurgo/delegation_history.csv
emurgo,pool1w728ekz4fs2f33qmqf7047hvwsmarjrv5l575ncnh7hkc0zdhgz,1,4,364,492,2022-09-09 08:35:26,2024-06-10 05:15:21,legacy/2026-05-20-pre-v2-import/data/raw/emurgo/delegation_history.csv
emurgo,pool1we9umarzn0l6jp8mcm98y28lxuuzcurzpjldnjwtgdhgw068mnr,1,1,416,416,2023-05-28 10:03:44,2023-05-28 10:03:44,legacy/2026-05-20-pre-v2-import/data/raw/emurgo/delegation_history.csv
emurgo,pool1welc4vthqtkvcf2e4adza90np6p7v7c4dmkmf567w3xr7ffqd72,1,1,211,211,2020-08-06 23:16:11,2020-08-06 23:16:11,legacy/2026-05-20-pre-v2-import/data/raw/emurgo/delegation_history.csv
emurgo,pool1wewygdzelh9m4m0kj8u70pmr957lxkzl8km4mttsrdd7wht00vu,1,2,335,335,2022-04-16 12:41:50,2022-04-16 12:56:16,legacy/2026-05-20-pre-v2-import/data/raw/emurgo/delegation_history.csv
emurgo,pool1wjsshqjpl3n6zlscnfvyy9gxklkav2dvfyprfye6l0kewyvv6yj,1,1,254,254,2021-03-10 00:11:02,2021-03-10 00:11:02,legacy/2026-05-20-pre-v2-import/data/raw/emurgo/delegation_history.csv
emurgo,pool1wm5quxelvgk8q50jyfznf9asvelp9zf0tk2wu4jazlw9yj4uctw,1,1,323,323,2022-02-15 09:04:01,2022-02-15 09:04:01,legacy/2026-05-20-pre-v2-import/data/raw/emurgo/delegation_history.csv
emurgo,pool1wm89xjqp96t3mlun3pa5suxa3t4s5lluq239en0nxl7pcm5tprc,1,1,210,210,2020-08-03 02:22:31,2020-08-03 02:22:31,legacy/2026-05-20-pre-v2-import/data/raw/emurgo/delegation_history.csv
emurgo,pool1wp7vqk4mkx0w0wxzpy8avhft4qwcg60xldwem2uh9n4pw777fhz,1,3,307,363,2021-11-27 07:54:34,2022-09-03 10:38:41,legacy/2026-05-20-pre-v2-import/data/raw/emurgo/delegation_history.csv
emurgo,pool1wpmjtfqcwvtcs9znpuulk99yk2zz6pfh0c4k9f2xlcspgqjndk2,1,1,268,268,2021-05-20 14:04:53,2021-05-20 14:04:53,legacy/2026-05-20-pre-v2-import/data/raw/emurgo/delegation_history.csv
emurgo,pool1wrjg8fts9cus0eq8jyf5wqsfe64e8tvrquxgff3tyze4qal4hwq,1,1,212,212,2020-08-10 18:48:11,2020-08-10 18:48:11,legacy/2026-05-20-pre-v2-import/data/raw/emurgo/delegation_history.csv
emurgo,pool1wuu2at4ccsqnlaw9q080wz7y0hq7m5utclffjfn3g0vd2j9xs8j,1,2,263,263,2021-04-22 15:22:19,2021-04-22 15:38:27,legacy/2026-05-20-pre-v2-import/data/raw/emurgo/delegation_history.csv
emurgo,pool1wym4qkxsvqejxqn4l55y9z708mkxc36qge28qevrvp056fe7dxg,1,1,211,211,2020-08-06 10:08:11,2020-08-06 10:08:11,legacy/2026-05-20-pre-v2-import/data/raw/emurgo/delegation_history.csv
emurgo,pool1x0necz9ktlnah9505f3fkdncrlepz0q2gyfp4r7pjxnq53qw5kx,1,1,486,486,2024-05-09 21:55:50,2024-05-09 21:55:50,legacy/2026-05-20-pre-v2-import/data/raw/emurgo/delegation_history.csv
emurgo,pool1x2h98z6e5xvrg5zw3v3dlu8hqdtj6lhp6r3w5ge7rvcqcx3pafq,1,1,234,234,2020-11-29 01:43:59,2020-11-29 01:43:59,legacy/2026-05-20-pre-v2-import/data/raw/emurgo/delegation_history.csv
emurgo,pool1x4vcdmm394m9d80le2sv6wc66snp9849h2964389u4uz654lzma,1,1,265,265,2021-05-03 19:33:05,2021-05-03 19:33:05,legacy/2026-05-20-pre-v2-import/data/raw/emurgo/delegation_history.csv
emurgo,pool1x7j89z3n7y7g8syk06nahcrwkdphhw6dymt8r3gf8ulyksrzh5t,1,1,323,323,2022-02-14 21:57:39,2022-02-14 21:57:39,legacy/2026-05-20-pre-v2-import/data/raw/emurgo/delegation_history.csv
emurgo,pool1x9kerklpmyrzx22z944l9n8x9gn8s597vqy4hsllujetue8e5g8,1,1,262,262,2021-04-19 20:31:51,2021-04-19 20:31:51,legacy/2026-05-20-pre-v2-import/data/raw/emurgo/delegation_history.csv
emurgo,pool1xcn2yddehm5ncjx0p24vkguth4rta7zv3getcztflxs3kh9rexd,1,1,254,254,2021-03-10 21:20:09,2021-03-10 21:20:09,legacy/2026-05-20-pre-v2-import/data/raw/emurgo/delegation_history.csv
emurgo,pool1xdgzul0qespnz56zzrckwf4hcryyql9ypc4tya2dlu9a22h43ag,1,1,256,256,2021-03-18 21:02:33,2021-03-18 21:02:33,legacy/2026-05-20-pre-v2-import/data/raw/emurgo/delegation_history.csv
emurgo,pool1xg45qcpkd2nutsr8kz8r00myly65gnvqdkejfa7r32g65zl68as,1,1,336,336,2022-04-23 05:16:12,2022-04-23 05:16:12,legacy/2026-05-20-pre-v2-import/data/raw/emurgo/delegation_history.csv
emurgo,pool1xgwvxpas3r8nvg9z0f5cdcyr56whynkl9dpa0ukpq4ztjfspk9r,1,1,253,253,2021-03-04 20:22:44,2021-03-04 20:22:44,legacy/2026-05-20-pre-v2-import/data/raw/emurgo/delegation_history.csv
emurgo,pool1xjqn3ghstsmq5urntzvrhvkx7zjt5jugt3ssnh4munaxkk8ykm6,1,1,262,262,2021-04-19 20:55:36,2021-04-19 20:55:36,legacy/2026-05-20-pre-v2-import/data/raw/emurgo/delegation_history.csv
emurgo,pool1xl208zapjg640pwk94ay8l5wk6ulfxfz6uhsw5uxlun6kxjvh8u,1,1,261,261,2021-04-11 10:43:13,2021-04-11 10:43:13,legacy/2026-05-20-pre-v2-import/data/raw/emurgo/delegation_history.csv
emurgo,pool1xmn8ag7jctcpdqk9jtrzk9s7qgs4f3cehkxhtelgpag6c7fjxdm,1,1,287,287,2021-08-20 22:39:42,2021-08-20 22:39:42,legacy/2026-05-20-pre-v2-import/data/raw/emurgo/delegation_history.csv
emurgo,pool1xnd57s77mw76wv2xhe0uatrm82qtdugq623rxszygys428a6aqp,1,1,258,258,2021-03-29 12:48:11,2021-03-29 12:48:11,legacy/2026-05-20-pre-v2-import/data/raw/emurgo/delegation_history.csv
emurgo,pool1xpfe5q3v3axrjdc8h38taaa93frq3m9pfewxk46x4r6jgy2yj5n,1,2,356,419,2022-08-01 20:27:33,2023-06-10 22:19:42,legacy/2026-05-20-pre-v2-import/data/raw/emurgo/delegation_history.csv
emurgo,pool1xsfw7mrqpfgf9ay060ugp46m2eh3uydd35lw9ychcnsrk7mar8l,1,2,279,304,2021-07-12 08:21:48,2021-11-12 09:09:45,legacy/2026-05-20-pre-v2-import/data/raw/emurgo/delegation_history.csv
emurgo,pool1xsrcztc0td5cx2wafkumwayw02nq0z67ta6vpte3swz7g4ta2f2,1,2,345,407,2022-06-08 16:22:40,2023-04-13 09:39:20,legacy/2026-05-20-pre-v2-import/data/raw/emurgo/delegation_history.csv
emurgo,pool1xt7mjrtnsew3v33lu8sf93upf20sxhmcrfnpm82ra46yxk7uy45,1,1,429,429,2023-08-03 08:59:57,2023-08-03 08:59:57,legacy/2026-05-20-pre-v2-import/data/raw/emurgo/delegation_history.csv
emurgo,pool1xvaagsvl9prlr20hvg2qv434yss5c88r2ml6n43wcpepxmw85lj,1,1,484,484,2024-04-30 11:56:08,2024-04-30 11:56:08,legacy/2026-05-20-pre-v2-import/data/raw/emurgo/delegation_history.csv
emurgo,pool1xwqye6mlftwjg706acz5fjqz7gmf4qdye99zsjl03a4ru68ghee,1,1,213,213,2020-08-14 11:48:33,2020-08-14 11:48:33,legacy/2026-05-20-pre-v2-import/data/raw/emurgo/delegation_history.csv
emurgo,pool1xxvcz8dem4xufzn74v2y7fs709mfw3tpq963thzg5en5jrkv67a,1,1,221,221,2020-09-22 22:05:03,2020-09-22 22:05:03,legacy/2026-05-20-pre-v2-import/data/raw/emurgo/delegation_history.csv
emurgo,pool1xyx655q6ch4d99fuewwtkdwjx5tvfr0rzqvmwehm2cpzj7e2wgl,1,1,239,239,2020-12-23 20:36:57,2020-12-23 20:36:57,legacy/2026-05-20-pre-v2-import/data/raw/emurgo/delegation_history.csv
emurgo,pool1xz8v2md8pvplvnsyvj25th8dd54je90wzt5sk3ame6ks6w3t0dg,1,1,324,324,2022-02-24 21:33:13,2022-02-24 21:33:13,legacy/2026-05-20-pre-v2-import/data/raw/emurgo/delegation_history.csv
emurgo,pool1y24nj4qdkg35nvvnfawukauggsxrxuy74876cplmxsee29w5axc,1,1,524,524,2024-11-18 21:34:52,2024-11-18 21:34:52,legacy/2026-05-20-pre-v2-import/data/raw/emurgo/delegation_history.csv
emurgo,pool1y44fkeps7ftnnf495a7grfrwtt7hxcntaenyzu4x4vah5cud0mt,1,1,248,248,2021-02-08 14:45:45,2021-02-08 14:45:45,legacy/2026-05-20-pre-v2-import/data/raw/emurgo/delegation_history.csv
emurgo,pool1y6gjnv4qqzwt8ctsf45f36a8vqn7wrlcvnmcft9drfjrgs2shaq,1,2,380,425,2022-11-27 16:05:43,2023-07-14 05:22:24,legacy/2026-05-20-pre-v2-import/data/raw/emurgo/delegation_history.csv
emurgo,pool1ycn0kca2jx6tw3dy2u4ya8qjjplnp53jt68upg3c2ls5zqst96x,1,1,213,213,2020-08-17 08:58:55,2020-08-17 08:58:55,legacy/2026-05-20-pre-v2-import/data/raw/emurgo/delegation_history.csv
emurgo,pool1yd67lvc04eztwrpnefqh3g4dsydmezwgrg6ce4km728v6sg8zwf,1,1,457,457,2023-12-17 06:41:47,2023-12-17 06:41:47,legacy/2026-05-20-pre-v2-import/data/raw/emurgo/delegation_history.csv
emurgo,pool1yd8c34rhfr9daa5vgwzncsgpyx34l4ttstmhegp3ux24gujl55s,1,1,388,388,2023-01-10 19:22:27,2023-01-10 19:22:27,legacy/2026-05-20-pre-v2-import/data/raw/emurgo/delegation_history.csv
emurgo,pool1yk8yr5wl94gu5dnfck38q89lcghkmgd8aeykrlm7w3qc703alar,1,1,330,330,2022-03-23 04:18:25,2022-03-23 04:18:25,legacy/2026-05-20-pre-v2-import/data/raw/emurgo/delegation_history.csv
emurgo,pool1yl9plldxt500xfkfu6n3wggvnzcs5rshjyxq4dkea6m0kt7qg9v,1,2,407,407,2023-04-13 09:32:19,2023-04-13 09:34:11,legacy/2026-05-20-pre-v2-import/data/raw/emurgo/delegation_history.csv
emurgo,pool1yq8xwvf856x3nyj348ghhwegwl8ggq87gjlp6wgy9ms9xznny84,1,1,256,256,2021-03-18 17:59:02,2021-03-18 17:59:02,legacy/2026-05-20-pre-v2-import/data/raw/emurgo/delegation_history.csv
emurgo,pool1ywt7jqfsmxg0yplku4mtdwtm476rp72z6fns9mhevf7u72pkupj,1,1,211,211,2020-08-04 12:57:31,2020-08-04 12:57:31,legacy/2026-05-20-pre-v2-import/data/raw/emurgo/delegation_history.csv
emurgo,pool1z0s54ay6htstx35zv856h9pccmcvc5f93a0va02j33c6xc4prjg,1,1,213,213,2020-08-18 07:30:24,2020-08-18 07:30:24,legacy/2026-05-20-pre-v2-import/data/raw/emurgo/delegation_history.csv
emurgo,pool1z5h4jhmhqrd2ndrhn3w7kr8nvcqwunds53hrs6vpzr882x4n3la,1,1,253,253,2021-03-04 06:13:24,2021-03-04 06:13:24,legacy/2026-05-20-pre-v2-import/data/raw/emurgo/delegation_history.csv
emurgo,pool1z5rt6kn6yvuczj44qla73mfyln9l55lw0jkz6x4kjw00u32zec3,1,1,449,449,2023-11-08 17:13:03,2023-11-08 17:13:03,legacy/2026-05-20-pre-v2-import/data/raw/emurgo/delegation_history.csv
emurgo,pool1z89dx8u42f4cvujvsjupsg50cfgqhjjuaxegvj59h9q9scra5fy,1,1,257,257,2021-03-26 03:26:20,2021-03-26 03:26:20,legacy/2026-05-20-pre-v2-import/data/raw/emurgo/delegation_history.csv
emurgo,pool1zfd4yr2m6tsvtasg2dfkt6knesrl86dky4w6dqkgtjzuwxc3zaw,1,1,245,245,2021-01-22 04:37:54,2021-01-22 04:37:54,legacy/2026-05-20-pre-v2-import/data/raw/emurgo/delegation_history.csv
emurgo,pool1zg0s9m7pzxmxkrgdh9k6cfc8aqqxwp53whs7nnx274m8xhdszkj,1,1,215,215,2020-08-27 16:40:49,2020-08-27 16:40:49,legacy/2026-05-20-pre-v2-import/data/raw/emurgo/delegation_history.csv
emurgo,pool1zht8n9qyssc4y2vrqap8acn6jf6jpqktq3tnlu0mkhq5vm8sv2x,1,2,250,251,2021-02-16 22:23:22,2021-02-24 18:34:52,legacy/2026-05-20-pre-v2-import/data/raw/emurgo/delegation_history.csv
emurgo,pool1zvm45jj5wz6kgfr2xfg75rx0auzxaedu4ulddhnrzk4uwuyuvpn,1,2,278,516,2021-07-05 10:13:33,2024-10-10 01:31:08,legacy/2026-05-20-pre-v2-import/data/raw/emurgo/delegation_history.csv
emurgo,pool1zwftnuzv7rtssdj3kn5j9m2al5t36hjexps7snzu7fzvzjjn95x,1,1,446,446,2023-10-24 23:53:24,2023-10-24 23:53:24,legacy/2026-05-20-pre-v2-import/data/raw/emurgo/delegation_history.csv
fourth_entry_781m,pool1ng3vqzrhn3z45yjdscv3q37n26g2pj3vp99rfkgv6225y8lqg8j,364,409,252,572,2021-02-25 12:36:26,2025-07-18 02:02:14,legacy/2026-05-20-pre-v2-import/data/raw/emurgo2/delegation_history.csv
fourth_entry_781m,pool1uj4u73qgtprqre78q75fq2vkcrpfrcdreqcqkvn6u0m2k6nk2yp,180,200,248,353,2021-02-09 10:22:58,2022-07-17 11:12:06,legacy/2026-05-20-pre-v2-import/data/raw/emurgo2/delegation_history.csv
fourth_entry_781m,pool1xmsdhync6k6grkkj7tuycskjpseykpr24luhlazl5nsngsy87gm,151,169,255,475,2021-03-12 18:01:05,2024-03-19 02:42:45,legacy/2026-05-20-pre-v2-import/data/raw/emurgo2/delegation_history.csv
fourth_entry_781m,pool1zgxvcqf0dvh0ze56ev2ayjvuex3zdd3hgxzdrcezkx497mv3l7s,150,169,244,556,2021-01-18 16:28:11,2025-04-27 07:28:09,legacy/2026-05-20-pre-v2-import/data/raw/emurgo2/delegation_history.csv
fourth_entry_781m,pool13annzt9hjfc822f0ejvxjf7fsmxd6cc28whpk5kagec6ggfmm7u,144,203,248,404,2021-02-07 19:40:18,2023-03-27 10:28:02,legacy/2026-05-20-pre-v2-import/data/raw/emurgo2/delegation_history.csv
fourth_entry_781m,pool1g3ssnndd8e7lcmstkjl9ane9mup0eshv3aklg63u5tznwl4ch87,140,162,239,397,2020-12-26 02:11:39,2023-02-22 20:47:31,legacy/2026-05-20-pre-v2-import/data/raw/emurgo2/delegation_history.csv
fourth_entry_781m,pool16agnvfan65ypnswgg6rml52lqtcqe5guxltexkn82sqgj2crqtx,123,136,240,557,2020-12-27 22:43:48,2025-05-02 20:47:31,legacy/2026-05-20-pre-v2-import/data/raw/emurgo2/delegation_history.csv
fourth_entry_781m,pool1ywpt43nttzjd7883wafg255mh0hmjypwe65ercw6p2sxg5lt7ez,119,128,257,617,2021-03-22 16:02:52,2026-02-24 10:06:04,legacy/2026-05-20-pre-v2-import/data/raw/emurgo2/delegation_history.csv
fourth_entry_781m,pool1ynxx88cq0y8vg8yrq3jrw6epm7rq9a8859v34sq9lzjy7ztg90u,116,127,235,606,2020-12-02 06:48:42,2026-01-02 17:05:17,legacy/2026-05-20-pre-v2-import/data/raw/emurgo2/delegation_history.csv
fourth_entry_781m,pool15wkxegrfflzcyhurrjxsm9ljqtz09xr5rtnqsarnp7hmsz5um3t,106,204,232,542,2020-11-20 18:04:14,2025-02-15 20:40:25,legacy/2026-05-20-pre-v2-import/data/raw/emurgo2/delegation_history.csv
fourth_entry_781m,pool14enw2643rn9nn6yzv60jyz3hj4kxs0jvap87lkgsqykh508jxm6,95,142,237,528,2020-12-16 18:47:46,2024-12-06 18:13:42,legacy/2026-05-20-pre-v2-import/data/raw/emurgo2/delegation_history.csv
fourth_entry_781m,pool1jst7rrhucnp93hepezv5yqy6fx982xs2v0udwfc5ea6my3kfak7,94,106,234,523,2020-11-30 23:41:31,2024-11-12 11:11:07,legacy/2026-05-20-pre-v2-import/data/raw/emurgo2/delegation_history.csv
fourth_entry_781m,pool1lurfk0k0wwx54hlg8a7zp3jtstu57u59aeq7aketl55hknmmtu0,94,105,210,590,2020-07-30 09:27:11,2025-10-14 22:30:19,legacy/2026-05-20-pre-v2-import/data/raw/emurgo2/delegation_history.csv
fourth_entry_781m,pool16kus5xvdysgmtjp0hhlwt72tsm0yn2zcn0a8wg9emc6c75lxvmc,90,97,221,458,2020-09-26 04:47:46,2023-12-23 16:06:48,legacy/2026-05-20-pre-v2-import/data/raw/emurgo2/delegation_history.csv
fourth_entry_781m,pool1s6se64qce5rjjjhh6ufcdnc54p8qg78mlhjm38lymx99sqysvzx,88,93,230,602,2020-11-10 11:01:31,2025-12-11 12:07:40,legacy/2026-05-20-pre-v2-import/data/raw/emurgo2/delegation_history.csv
fourth_entry_781m,pool1gtphgrdj8sluxm9e7ca2spcwcq2p0dxj9zf5v0yv3gsagzq704n,86,93,210,529,2020-07-30 03:44:51,2024-12-13 17:51:20,legacy/2026-05-20-pre-v2-import/data/raw/emurgo2/delegation_history.csv
fourth_entry_781m,pool12z39rkzfylvn9wfe8j6x9ucq6g2l4mw4azj70y0gd8ejczznyj3,83,86,249,489,2021-02-12 11:35:50,2024-05-28 16:28:49,legacy/2026-05-20-pre-v2-import/data/raw/emurgo2/delegation_history.csv
fourth_entry_781m,pool1ekcsyzwexl7p2kwxxh34hy28l6772vrmff7jwmuxsa6u6fzty9z,81,94,211,620,2020-08-06 23:46:31,2026-03-12 18:25:11,legacy/2026-05-20-pre-v2-import/data/raw/emurgo2/delegation_history.csv
fourth_entry_781m,pool14skj6e4rpjanzclx3fc880xnl8xafgg63tmw93t9xspvwx985qu,78,84,229,623,2020-11-06 10:58:22,2026-03-27 15:41:37,legacy/2026-05-20-pre-v2-import/data/raw/emurgo2/delegation_history.csv
fourth_entry_781m,pool12l453n0jtxqq88cgwgr67z06ldyhqqvwxgkn0sgungjfvhtp2el,75,86,231,503,2020-11-13 16:47:27,2024-08-06 14:15:54,legacy/2026-05-20-pre-v2-import/data/raw/emurgo2/delegation_history.csv
fourth_entry_781m,pool1x0qm7xsyh2za3ltprxsgael544je4hg8tc3q3v5gv232z8jt4wp,74,86,212,502,2020-08-12 18:40:11,2024-07-29 19:51:13,legacy/2026-05-20-pre-v2-import/data/raw/emurgo2/delegation_history.csv
fourth_entry_781m,pool1xytvsd9qnvqxpthh9p8k85e823trvn3npxeur8kr9zhkqz5uls9,73,79,235,469,2020-12-02 07:36:04,2024-02-17 08:54:42,legacy/2026-05-20-pre-v2-import/data/raw/emurgo2/delegation_history.csv
fourth_entry_781m,pool1zmfpd5r5vfwjmwm4cgy53exe58h7plnecny3t4948yw7zumzp4c,72,88,244,332,2021-01-16 06:27:15,2022-04-01 03:15:21,legacy/2026-05-20-pre-v2-import/data/raw/emurgo2/delegation_history.csv
fourth_entry_781m,pool1vx9tzlkgafernd9vpjpxkenutx2gncj4yn88fpq69823qlwcqrt,70,76,210,618,2020-07-29 22:24:51,2026-03-02 16:07:24,legacy/2026-05-20-pre-v2-import/data/raw/emurgo2/delegation_history.csv
fourth_entry_781m,pool1qfxukshs4fkcrflzdnxa2fdza5lfvew3y6echg8ckaa4q8m5hyf,67,72,236,442,2020-12-11 01:08:58,2023-10-07 17:01:10,legacy/2026-05-20-pre-v2-import/data/raw/emurgo2/delegation_history.csv
fourth_entry_781m,pool1jeu74g86ys4fekhykqcww99kdsq3nlym8a6kfw8s8ff3vskad70,65,78,210,397,2020-08-03 01:57:31,2023-02-23 12:24:42,legacy/2026-05-20-pre-v2-import/data/raw/emurgo2/delegation_history.csv
fourth_entry_781m,pool15yyxtkhz64p7a8cnax9l7u82s9t9hdhyxsa3tdm977qhgpnsuhq,64,70,210,523,2020-08-01 12:51:31,2024-11-13 20:41:21,legacy/2026-05-20-pre-v2-import/data/raw/emurgo2/delegation_history.csv
fourth_entry_781m,pool1xxhs2zw5xa4g54d5p62j46nlqzwp8jklqvuv2agjlapwjx9qkg9,62,69,210,346,2020-07-29 23:18:51,2022-06-12 11:44:37,legacy/2026-05-20-pre-v2-import/data/raw/emurgo2/delegation_history.csv
fourth_entry_781m,pool108zdflss3ayqlm5c7vr6mtqj2uwl99vk28ur8dv4zswdzt6yauc,61,68,210,543,2020-07-30 04:58:31,2025-02-19 05:10:30,legacy/2026-05-20-pre-v2-import/data/raw/emurgo2/delegation_history.csv
fourth_entry_781m,pool173mzegwuu0pjcrt60ekelzj5haqr8r5e4e0n45qh9jdz7xm5kh8,61,72,210,579,2020-07-30 02:32:31,2025-08-18 01:40:01,legacy/2026-05-20-pre-v2-import/data/raw/emurgo2/delegation_history.csv
fourth_entry_781m,pool1a2nh3ktswllhwf07fjahpdg5mpqyq7j950pyftq9765r6t4cefl,61,66,210,550,2020-07-30 16:54:51,2025-03-26 02:57:35,legacy/2026-05-20-pre-v2-import/data/raw/emurgo2/delegation_history.csv
fourth_entry_781m,pool12vs4c3cm0tr49c7alrevfs0xa5g3s4al4fn46h33e69uusat04v,60,69,210,318,2020-07-31 01:59:31,2022-01-25 04:47:07,legacy/2026-05-20-pre-v2-import/data/raw/emurgo2/delegation_history.csv
fourth_entry_781m,pool16hs0jxw7h6pwg3ru7rcq3yvg4csj7lhmcpj68kqem2sh5nt8mwk,60,108,237,527,2020-12-14 04:41:43,2024-12-04 15:46:58,legacy/2026-05-20-pre-v2-import/data/raw/emurgo2/delegation_history.csv
fourth_entry_781m,pool1qqqqqdk4zhsjuxxd8jyvwncf5eucfskz0xjjj64fdmlgj735lr9,58,66,210,511,2020-07-29 22:57:31,2024-09-14 15:20:02,legacy/2026-05-20-pre-v2-import/data/raw/emurgo2/delegation_history.csv
fourth_entry_781m,pool1m62sl6rauje9cknrkhwl39tc4hujudkd7gp478dpz7tagmjr8wm,57,60,213,435,2020-08-16 11:54:28,2023-08-31 23:38:08,legacy/2026-05-20-pre-v2-import/data/raw/emurgo2/delegation_history.csv
fourth_entry_781m,pool10akpqvczl93ep4rc59c0aqyn3dm0env2ydysuwmdm670wl24pd8,56,62,230,488,2020-11-06 23:23:12,2024-05-20 01:00:23,legacy/2026-05-20-pre-v2-import/data/raw/emurgo2/delegation_history.csv
fourth_entry_781m,pool1qa6lqyu67ghpa0evxfu9nzqkj3h82qpfku82ec79zdwru4pd25m,56,64,225,536,2020-10-15 07:21:00,2025-01-18 03:53:03,legacy/2026-05-20-pre-v2-import/data/raw/emurgo2/delegation_history.csv
fourth_entry_781m,pool1vquhv3kh6xkklckaenl8alyuhfsld57ef5573aqauueyqacx4ak,56,67,210,585,2020-07-30 10:02:51,2025-09-18 21:26:36,legacy/2026-05-20-pre-v2-import/data/raw/emurgo2/delegation_history.csv
fourth_entry_781m,pool1rpjjz68kmmetyxztmrstrwgz8lxf6v0d7vqgw98r5x8rc50jrdf,55,68,242,330,2021-01-06 00:41:56,2022-03-24 02:21:49,legacy/2026-05-20-pre-v2-import/data/raw/emurgo2/delegation_history.csv
fourth_entry_781m,pool1xlphlhnjvfeh40vcqf9fdewztsj6kyxq6604kaccpv00umjfu0d,55,57,248,358,2021-02-04 22:03:01,2022-08-12 08:26:11,legacy/2026-05-20-pre-v2-import/data/raw/emurgo2/delegation_history.csv
fourth_entry_781m,pool19asxjgd6ah9ddzauwede4wpt9vsp6s4ax5nz297wt47evc9sn7z,54,62,233,524,2020-11-23 14:03:38,2024-11-18 00:55:20,legacy/2026-05-20-pre-v2-import/data/raw/emurgo2/delegation_history.csv
fourth_entry_781m,pool18vej0s9gska8c847aj95g9v24duuxg2g63d5cuqngnxew643jw9,53,61,249,529,2021-02-10 09:18:11,2024-12-11 11:37:57,legacy/2026-05-20-pre-v2-import/data/raw/emurgo2/delegation_history.csv
fourth_entry_781m,pool14zdcvdec8qmqzsat5wg3a2h9f0u5yzrgjew534z8u3gs5durnjz,52,56,252,332,2021-02-27 23:01:11,2022-04-04 21:53:09,legacy/2026-05-20-pre-v2-import/data/raw/emurgo2/delegation_history.csv
fourth_entry_781m,pool1gclysx2h7fndj0jdajlmwvqr8q9tzu3rurjknacu0ff954fsg9a,52,66,210,521,2020-07-30 09:52:11,2024-11-04 18:24:21,legacy/2026-05-20-pre-v2-import/data/raw/emurgo2/delegation_history.csv
fourth_entry_781m,pool1w7c2j0px43jmudhf48ezp7dy8j7904c9l3wc7809lhh2z026hch,52,58,215,570,2020-08-25 13:05:57,2025-07-04 00:38:10,legacy/2026-05-20-pre-v2-import/data/raw/emurgo2/delegation_history.csv
fourth_entry_781m,pool12t3zmafwjqms7cuun86uwc8se4na07r3e5xswe86u37djr5f0lx,51,59,234,596,2020-11-29 17:59:01,2025-11-14 09:17:33,legacy/2026-05-20-pre-v2-import/data/raw/emurgo2/delegation_history.csv
fourth_entry_781m,pool195gdnmj6smzuakm4etxsxw3fgh8asqc4awtcskpyfnkpcvh2v8t,50,50,216,326,2020-08-31 15:42:18,2022-03-02 19:50:44,legacy/2026-05-20-pre-v2-import/data/raw/emurgo2/delegation_history.csv
fourth_entry_781m,pool1lhz4gsk5ezdl5s4mv2kxgrkhzzhad6me2v0xmwuyt845vensdlc,48,59,229,603,2020-11-03 06:55:26,2025-12-18 21:42:02,legacy/2026-05-20-pre-v2-import/data/raw/emurgo2/delegation_history.csv
fourth_entry_781m,pool17ahr5ygy48vpdfnatqn2z4wfu2te4quapk2yx3k50ce6kd7feg0,47,51,210,621,2020-08-01 22:22:31,2026-03-19 19:30:09,legacy/2026-05-20-pre-v2-import/data/raw/emurgo2/delegation_history.csv
fourth_entry_781m,pool1nhlv5z2lsptzgcp9ype0mppc7zyndm66ypm4sw5hy27ewdchqx0,47,56,233,505,2020-11-21 22:14:06,2024-08-13 11:31:54,legacy/2026-05-20-pre-v2-import/data/raw/emurgo2/delegation_history.csv
fourth_entry_781m,pool1pshqcksxywy68lt04lw6uf35f4yssekh5dx2mxqmyrukke2z5y3,46,52,210,353,2020-07-31 10:42:11,2022-07-17 10:03:14,legacy/2026-05-20-pre-v2-import/data/raw/emurgo2/delegation_history.csv
fourth_entry_781m,pool1pnzwgsgzd6t4788sfr7dxjyusepyq9xaxnpyfcngewqf29t9ayd,45,70,216,336,2020-08-31 23:07:28,2022-04-21 09:58:19,legacy/2026-05-20-pre-v2-import/data/raw/emurgo2/delegation_history.csv
fourth_entry_781m,pool17rjst78s67lvellg8s586rf076jxa3wnsdz730f4xk2zwuhrtej,44,46,247,600,2021-02-04 11:42:59,2025-12-03 18:44:22,legacy/2026-05-20-pre-v2-import/data/raw/emurgo2/delegation_history.csv
fourth_entry_781m,pool1rjxdqghfjw5rv6lxg8qhedkechvfgnsqhl8rrzwck9g45n43yql,44,61,268,483,2021-05-17 19:04:02,2024-04-25 21:43:58,legacy/2026-05-20-pre-v2-import/data/raw/emurgo2/delegation_history.csv
fourth_entry_781m,pool1sjwdmeme5zs042jzwmdvxshhv27kepxke0mr02f2yzacsyd4wtu,44,52,255,440,2021-03-12 20:51:41,2023-09-27 04:21:20,legacy/2026-05-20-pre-v2-import/data/raw/emurgo2/delegation_history.csv
fourth_entry_781m,pool1hntu7agmt8u5j9c20ejen7dvq0jfkvkpnul3mrdd8tppqvwfvt2,43,46,210,538,2020-08-02 23:44:51,2025-01-28 21:59:04,legacy/2026-05-20-pre-v2-import/data/raw/emurgo2/delegation_history.csv
fourth_entry_781m,pool1pp7tn2w6ken4rpfcjwcdup3g4m5gcdhc9lgvrm3mnxz5stmrhq2,43,53,212,589,2020-08-13 19:43:51,2025-10-09 11:54:39,legacy/2026-05-20-pre-v2-import/data/raw/emurgo2/delegation_history.csv
fourth_entry_781m,pool1qqqqdktl6pq46td0mwut0qn30g7nlue0sete9wxl0hwsq37wrw8,43,54,217,552,2020-09-07 07:15:01,2025-04-09 11:30:41,legacy/2026-05-20-pre-v2-import/data/raw/emurgo2/delegation_history.csv
fourth_entry_781m,pool1qqqyv9pn9typyqwcxqk5ewpxy5p27g5j2ms58hpp2c2kuzs5z77,43,44,210,610,2020-08-01 02:32:31,2026-01-22 07:13:41,legacy/2026-05-20-pre-v2-import/data/raw/emurgo2/delegation_history.csv
fourth_entry_781m,pool1rvng7n968748udkc5rxy4h9zp9hms4s3jsfwuues76ft28uc056,43,47,210,528,2020-07-30 02:19:51,2024-12-07 23:26:24,legacy/2026-05-20-pre-v2-import/data/raw/emurgo2/delegation_history.csv
fourth_entry_781m,pool1xjhzgchsl2ccvc5pj3aqytv9hh0jnaz63wtfnw4th07tjypm46x,42,50,238,589,2020-12-17 22:07:44,2025-10-11 13:51:07,legacy/2026-05-20-pre-v2-import/data/raw/emurgo2/delegation_history.csv
fourth_entry_781m,pool103455uc7a3477q8pdmzvny884qtlv9vhm2csxvqx2cadwuk36sq,41,57,231,569,2020-11-15 20:01:40,2025-06-29 15:02:05,legacy/2026-05-20-pre-v2-import/data/raw/emurgo2/delegation_history.csv
fourth_entry_781m,pool1gppqnqfguctp6gu0q8l5wjhye0ny28yzfx93hkr384cfsezru0f,41,47,230,340,2020-11-11 13:45:15,2022-05-13 19:59:09,legacy/2026-05-20-pre-v2-import/data/raw/emurgo2/delegation_history.csv
fourth_entry_781m,pool1grgycym8cf0xmgjjr7gx7udmkpu93hqaygysy5myx6ghx8dvl5r,40,52,252,364,2021-02-26 12:30:10,2022-09-08 02:37:32,legacy/2026-05-20-pre-v2-import/data/raw/emurgo2/delegation_history.csv
fourth_entry_781m,pool1nudasuv0lljpe0tswcverqvlh0v4226vgnpsuxn0e9nkvnvcvne,40,43,210,549,2020-08-01 09:34:11,2025-03-22 17:07:34,legacy/2026-05-20-pre-v2-import/data/raw/emurgo2/delegation_history.csv
fourth_entry_781m,pool16fyda57p3c8gp5r6gmcq5tvqsp6mnzwvkxswgznkuh8wztrp6vv,39,43,210,438,2020-07-30 05:31:51,2023-09-13 08:38:28,legacy/2026-05-20-pre-v2-import/data/raw/emurgo2/delegation_history.csv
fourth_entry_781m,pool1u99x2rr6trfznwakv0959llmxmtgc2nvanc067uugl3ejuvvnc8,39,41,274,326,2021-06-14 22:45:22,2022-03-02 05:29:38,legacy/2026-05-20-pre-v2-import/data/raw/emurgo2/delegation_history.csv
fourth_entry_781m,pool1uk2f28awascuhrhuwrp7x6y87x8ch33vwx8jtmrysp7l5ngq78j,39,46,227,314,2020-10-27 16:47:49,2021-12-31 22:58:40,legacy/2026-05-20-pre-v2-import/data/raw/emurgo2/delegation_history.csv
fourth_entry_781m,pool1dxwgzj66pual956mnv9delkelg873yvgr2dd8s279m0hxqvr475,38,44,213,499,2020-08-15 15:57:48,2024-07-17 18:47:04,legacy/2026-05-20-pre-v2-import/data/raw/emurgo2/delegation_history.csv
fourth_entry_781m,pool1fys325gzr7kpcjclyy93sx97nm2y4n8raj3830cyez5pqagkfcg,38,41,277,304,2021-07-01 12:34:09,2021-11-15 11:15:25,legacy/2026-05-20-pre-v2-import/data/raw/emurgo2/delegation_history.csv
fourth_entry_781m,pool1u7mqtde27swkarngjsn5mmw3sy20zavlafgqkmg8qv2n2nwga0l,38,43,218,326,2020-09-08 13:55:44,2022-03-02 22:23:54,legacy/2026-05-20-pre-v2-import/data/raw/emurgo2/delegation_history.csv
fourth_entry_781m,pool1uhy50u9y76nd6z2xmzt3mta0yc7g3gdssef8lheyyg7zzymgzm8,38,46,250,327,2021-02-15 19:32:53,2022-03-10 21:21:17,legacy/2026-05-20-pre-v2-import/data/raw/emurgo2/delegation_history.csv
fourth_entry_781m,pool106p2jjwuwagq2as7cdzx4y6cyc2pdj7a3h3vv5cvkvnskegff3w,37,37,212,445,2020-08-13 16:29:51,2023-10-19 20:00:50,legacy/2026-05-20-pre-v2-import/data/raw/emurgo2/delegation_history.csv
fourth_entry_781m,pool17xextu09ghdfcmsq83whq0a45geg83jxe4qt94sevu087tzdzkl,37,39,210,501,2020-07-31 09:52:11,2024-07-24 13:41:17,legacy/2026-05-20-pre-v2-import/data/raw/emurgo2/delegation_history.csv
fourth_entry_781m,pool1aqg6fvhcaulvss2ruvpx6ur9vj7pejvdcxv6xp0qlwuwx94evf0,37,48,210,535,2020-08-01 23:55:31,2025-01-11 11:07:51,legacy/2026-05-20-pre-v2-import/data/raw/emurgo2/delegation_history.csv
fourth_entry_781m,pool1ekhy5xsgjaq38em75vevk8df0k0rljju77tljw288ys5kumqce5,37,38,210,388,2020-07-30 03:02:31,2023-01-09 02:35:19,legacy/2026-05-20-pre-v2-import/data/raw/emurgo2/delegation_history.csv
fourth_entry_781m,pool1qwa8x4u4a2pff0xdv0haxpgk3tyrvl5adl2lpf3ztcftqruhea0,37,39,226,449,2020-10-18 14:37:56,2023-11-10 05:29:00,legacy/2026-05-20-pre-v2-import/data/raw/emurgo2/delegation_history.csv
fourth_entry_781m,pool1ukeqarukv9gxwy9pt8jkr4qvad2yf87758g3xzemmvmtk8lrynp,37,42,210,472,2020-08-01 13:26:51,2024-03-01 07:15:02,legacy/2026-05-20-pre-v2-import/data/raw/emurgo2/delegation_history.csv
fourth_entry_781m,pool128r8qqgl9zgy3ff4759a2qslyauu5takaec3nxx4a6mvj3ys8da,36,48,240,314,2020-12-30 08:13:58,2022-01-03 20:11:12,legacy/2026-05-20-pre-v2-import/data/raw/emurgo2/delegation_history.csv
fourth_entry_781m,pool19w5khsnmu27au0kprw0kjm8jr7knneysj7lfkqvnu66hyz0jxsx,36,41,231,387,2020-11-12 08:39:55,2023-01-01 21:45:41,legacy/2026-05-20-pre-v2-import/data/raw/emurgo2/delegation_history.csv
fourth_entry_781m,pool1ljywsch33t7gaf02aeeqkqpuku0ngpwl9fm04t7u5sl5xyunmgp,36,43,214,527,2020-08-19 15:02:46,2024-12-05 18:59:16,legacy/2026-05-20-pre-v2-import/data/raw/emurgo2/delegation_history.csv
fourth_entry_781m,pool1qqqqpanw9zc0rzh0yp247nzf2s35uvnsm7aaesfl2nnejaev0uc,36,43,210,598,2020-07-31 06:57:31,2025-11-25 01:09:22,legacy/2026-05-20-pre-v2-import/data/raw/emurgo2/delegation_history.csv
fourth_entry_781m,pool15zrkyr0f80hxlt4scv72tej8l8zwrcphmrega9wutqchjekceal,35,37,211,617,2020-08-08 15:46:51,2026-02-26 02:30:45,legacy/2026-05-20-pre-v2-import/data/raw/emurgo2/delegation_history.csv
fourth_entry_781m,pool1c7jrfce3zxkk9s9enzpvwj8fuayvx3pdzc2k2es6mrw6gsfcjep,35,38,247,498,2021-02-01 10:55:39,2024-07-12 11:20:17,legacy/2026-05-20-pre-v2-import/data/raw/emurgo2/delegation_history.csv
fourth_entry_781m,pool1caulv7s08g0jnptzdc69qycptacu7fzahny2epzh7sh9vhqz6xz,35,42,243,492,2021-01-10 22:33:48,2024-06-09 23:28:51,legacy/2026-05-20-pre-v2-import/data/raw/emurgo2/delegation_history.csv
fourth_entry_781m,pool1qqvukkkfr3ux4qylfkrky23f6trl2l6xjluv36z90ax7gfa8yxt,35,36,210,398,2020-07-30 12:51:11,2023-02-27 15:40:16,legacy/2026-05-20-pre-v2-import/data/raw/emurgo2/delegation_history.csv
fourth_entry_781m,pool1wf7wk3802jxtkmek6uprm77cgqx53t4qep9kwkl078w3yw0ff69,35,41,236,526,2020-12-08 04:12:58,2024-11-29 17:40:16,legacy/2026-05-20-pre-v2-import/data/raw/emurgo2/delegation_history.csv
fourth_entry_781m,pool138m7hevnvp664cmtralju857t5k7e4frpnaevtgpuykggr50kne,34,34,261,317,2021-04-13 09:47:40,2022-01-19 01:26:07,legacy/2026-05-20-pre-v2-import/data/raw/emurgo2/delegation_history.csv
fourth_entry_781m,pool16ajaae2n5lsyr4f9k9uz5y8tpf0996tw640dzu7chwp2wdrnz6a,34,40,259,613,2021-03-31 23:59:18,2026-02-04 12:02:25,legacy/2026-05-20-pre-v2-import/data/raw/emurgo2/delegation_history.csv
fourth_entry_781m,pool1a4qtpgce7cu6wzc79fx7qrc3938hkl2gf8c2h5jugvm2gnu86l7,34,38,253,498,2021-03-03 20:25:45,2024-07-13 16:43:41,legacy/2026-05-20-pre-v2-import/data/raw/emurgo2/delegation_history.csv
fourth_entry_781m,pool1druxd2syfrvqvepxh60fz0qhralcesruphh5atujuh0jktjy0ma,34,42,235,309,2020-12-01 22:00:38,2021-12-08 17:29:08,legacy/2026-05-20-pre-v2-import/data/raw/emurgo2/delegation_history.csv
fourth_entry_781m,pool1psk0c2p7pwactw00nkzjexdw0msn7g8nddc06eyvds6yswr3tjg,34,36,271,347,2021-06-02 15:38:15,2022-06-16 23:38:02,legacy/2026-05-20-pre-v2-import/data/raw/emurgo2/delegation_history.csv
fourth_entry_781m,pool1urgvu6zk422j4xwtxa45lzpd6dm25msfthpkezr042secrtuwzc,34,36,263,493,2021-04-23 23:52:34,2024-06-14 05:12:05,legacy/2026-05-20-pre-v2-import/data/raw/emurgo2/delegation_history.csv
fourth_entry_781m,pool1yc6f3cqsc7jfh07hcns64v5cp8720mve870pgxf2wkr3u8l7tse,34,39,242,582,2021-01-06 19:32:41,2025-09-05 15:49:12,legacy/2026-05-20-pre-v2-import/data/raw/emurgo2/delegation_history.csv
fourth_entry_781m,pool1z7n2ruhmxmv77f6cqhd3wsy6774h2wuay77agxuf2y9mj8q55vw,34,41,210,521,2020-07-30 00:48:51,2024-11-03 08:37:39,legacy/2026-05-20-pre-v2-import/data/raw/emurgo2/delegation_history.csv
fourth_entry_781m,pool1zz7x8ergn02chznayj9fjds2gk5q6prmpdr49faspd65kzqsrjs,34,38,212,448,2020-08-10 19:14:51,2023-11-02 02:03:17,legacy/2026-05-20-pre-v2-import/data/raw/emurgo2/delegation_history.csv
fourth_entry_781m,pool1ell3xjtspzzz4vtsatscan6rheltf7j3hh2s8qsam2h3jvcxzm9,33,35,210,278,2020-07-30 11:06:51,2021-07-04 23:00:14,legacy/2026-05-20-pre-v2-import/data/raw/emurgo2/delegation_history.csv
fourth_entry_781m,pool1lhgjma5lejn65er7lxfsqxa0lgcv9r9wrntse9wjm834qp89chh,33,38,251,262,2021-02-23 04:10:11,2021-04-16 13:21:48,legacy/2026-05-20-pre-v2-import/data/raw/emurgo2/delegation_history.csv
fourth_entry_781m,pool1qnrqc7zpwye2r9wtkayh2dryvfqs7unp99f2039duljrsaffq5c,33,221,210,469,2020-07-31 15:04:31,2024-02-18 09:44:33,legacy/2026-05-20-pre-v2-import/data/raw/emurgo2/delegation_history.csv
fourth_entry_781m,pool14zdqqv73f9xa9re9pzc4sjvgmycf0dm4zclj34zupj032ggnjdw,32,35,300,337,2021-10-26 11:58:02,2022-04-26 10:34:34,legacy/2026-05-20-pre-v2-import/data/raw/emurgo2/delegation_history.csv
fourth_entry_781m,pool1ecvcst7k9eul4ggnljh0jw2s5nc2tyfmyzsx3xg3kmmz6ptgfwj,32,36,211,556,2020-08-06 05:52:11,2025-04-28 00:39:22,legacy/2026-05-20-pre-v2-import/data/raw/emurgo2/delegation_history.csv
fourth_entry_781m,pool1k0ucs0fau2vhr3p7qh7mnpfgrllwwda7petxjz2gzzaxkyp8f88,32,34,234,615,2020-11-28 18:26:17,2026-02-14 14:09:19,legacy/2026-05-20-pre-v2-import/data/raw/emurgo2/delegation_history.csv
fourth_entry_781m,pool1k0xa8wlsntmjhtw2shj3tspqd4kjyquw9tuyx5s7zz5jsyw4y2p,32,33,233,306,2020-11-25 18:33:06,2021-11-23 09:03:40,legacy/2026-05-20-pre-v2-import/data/raw/emurgo2/delegation_history.csv
fourth_entry_781m,pool1mut4phum9hegtl8m2r68gpjh5x8w8t6zwf75zrphhp3qwwrrpgt,32,39,212,489,2020-08-11 10:03:51,2024-05-29 19:50:06,legacy/2026-05-20-pre-v2-import/data/raw/emurgo2/delegation_history.csv
fourth_entry_781m,pool1z5uqdk7dzdxaae5633fqfcu2eqzy3a3rgtuvy087fdld7yws0xt,32,34,210,528,2020-07-29 22:30:11,2024-12-06 02:54:47,legacy/2026-05-20-pre-v2-import/data/raw/emurgo2/delegation_history.csv
fourth_entry_781m,pool1ddg6t2h9kj6lqlec4ncjs945lzj43m3ggrgdhf5sgzhtygpkznz,31,32,210,432,2020-08-02 18:07:11,2023-08-15 21:14:51,legacy/2026-05-20-pre-v2-import/data/raw/emurgo2/delegation_history.csv
fourth_entry_781m,pool1ddgcpgjcyawxw95se9x8qnc8gxgwjr4fqrk4vk6v9x47s0ggpjp,31,33,211,270,2020-08-08 04:00:11,2021-05-30 20:21:47,legacy/2026-05-20-pre-v2-import/data/raw/emurgo2/delegation_history.csv
fourth_entry_781m,pool1eqa7kxx4xg35cu4rqj4exkvzhenscgh8wxez0gl7hsagygp79kr,31,32,268,520,2021-05-16 16:03:05,2024-10-31 17:41:34,legacy/2026-05-20-pre-v2-import/data/raw/emurgo2/delegation_history.csv
fourth_entry_781m,pool1vnsfv2qpt5gxte9prupjey8kw7ap7t6c8lc02ks4s3gtqplhgd3,31,34,210,333,2020-07-30 23:45:51,2022-04-08 02:34:49,legacy/2026-05-20-pre-v2-import/data/raw/emurgo2/delegation_history.csv
fourth_entry_781m,pool1yt868wrp9s2x5pehe96del9m3nwasme62yw02vww3kg6zwzspcz,30,41,282,407,2021-07-27 18:11:38,2023-04-12 20:10:32,legacy/2026-05-20-pre-v2-import/data/raw/emurgo2/delegation_history.csv
fourth_entry_781m,pool1calq8kjzrvp83l80rtvgmulausl99q4tjfkz2lp227vkymd5wgg,29,33,249,268,2021-02-10 08:59:44,2021-05-16 02:42:53,legacy/2026-05-20-pre-v2-import/data/raw/emurgo2/delegation_history.csv
fourth_entry_781m,pool1g5gmej3cj67td4pmvmacnls8nuq0gjld2pwfeg3jwpxujdx6lmu,29,31,210,418,2020-07-30 03:39:51,2023-06-09 14:02:45,legacy/2026-05-20-pre-v2-import/data/raw/emurgo2/delegation_history.csv
fourth_entry_781m,pool1jdhjfcu34lq88rypdtslzwyf27uh0h3apcr9mjd68zhc69r29fy,29,114,232,557,2020-11-17 07:11:31,2025-05-03 14:05:11,legacy/2026-05-20-pre-v2-import/data/raw/emurgo2/delegation_history.csv
fourth_entry_781m,pool1tdsrw0n33gmy0mzh7cgtn9p0jy5xwjxaa2s26gn2ewf8kg4nrzx,29,33,231,561,2020-11-15 00:31:04,2025-05-21 14:02:56,legacy/2026-05-20-pre-v2-import/data/raw/emurgo2/delegation_history.csv
fourth_entry_781m,pool1uyvyxt9k9g038h567x8halej4x87j7m4r4zyz9lhv4dcv83husk,29,31,232,366,2020-11-19 22:53:29,2022-09-20 05:20:42,legacy/2026-05-20-pre-v2-import/data/raw/emurgo2/delegation_history.csv
fourth_entry_781m,pool1vev8z03vh7jwx3mfrgzrt9fltt97nupaxv8ffj4r5r8mgwts5ze,29,35,264,589,2021-04-30 05:40:04,2025-10-09 12:19:38,legacy/2026-05-20-pre-v2-import/data/raw/emurgo2/delegation_history.csv
fourth_entry_781m,pool166dkk9kx5y6ug9tnvh0dnvxhwt2yca3g5pd5jaqa8t39cgyqqlr,28,39,210,498,2020-08-01 16:23:31,2024-07-09 11:00:22,legacy/2026-05-20-pre-v2-import/data/raw/emurgo2/delegation_history.csv
fourth_entry_781m,pool1fyp482ntshhm9zfz4nv7pmsaeakscf5mnuzcxuvtqf6t56fc7l0,28,30,210,288,2020-07-31 08:13:31,2021-08-27 06:48:42,legacy/2026-05-20-pre-v2-import/data/raw/emurgo2/delegation_history.csv
fourth_entry_781m,pool1nwt6mxqus3tpzrshky5h5kykz9rjpxmacrvw0z6yak9uk5p5045,28,36,250,369,2021-02-19 08:57:17,2022-10-05 21:36:16,legacy/2026-05-20-pre-v2-import/data/raw/emurgo2/delegation_history.csv
fourth_entry_781m,pool1s0cfkzheywsftgwp0yz7sq4rt5gyf7t5kfwj5a269kpxvndjn6q,28,29,211,612,2020-08-04 00:23:31,2026-02-02 06:37:27,legacy/2026-05-20-pre-v2-import/data/raw/emurgo2/delegation_history.csv
fourth_entry_781m,pool1vh4y864hcq2r66ak37w4dsnkhnsfxaaacs0p5s4vj5676m6txwm,28,33,210,322,2020-08-03 16:08:51,2022-02-14 19:16:06,legacy/2026-05-20-pre-v2-import/data/raw/emurgo2/delegation_history.csv
fourth_entry_781m,pool136wr0g23dw9daekuyqtgk366vywms6meespgpm3hdguxqczaaug,27,29,211,301,2020-08-07 02:16:31,2021-10-29 12:31:11,legacy/2026-05-20-pre-v2-import/data/raw/emurgo2/delegation_history.csv
fourth_entry_781m,pool16tcjctesjnks0p8sfrlf8f3d3vrp2fdn2msy80sgg3cdjtayu3z,27,32,210,386,2020-07-29 23:08:31,2022-12-29 14:24:41,legacy/2026-05-20-pre-v2-import/data/raw/emurgo2/delegation_history.csv
fourth_entry_781m,pool1jt7d6ak3m8gnjyxtuxfswe258xzwda80ndl0a57vv5m2zv8h6at,27,32,210,581,2020-07-31 17:50:51,2025-08-28 14:15:40,legacy/2026-05-20-pre-v2-import/data/raw/emurgo2/delegation_history.csv
fourth_entry_781m,pool1u6kpt8hgqcm596kukj97ghefmxn8ks2cgwg8qqe0gtgscnufk5p,27,31,210,474,2020-07-30 11:57:51,2024-03-15 18:07:07,legacy/2026-05-20-pre-v2-import/data/raw/emurgo2/delegation_history.csv
fourth_entry_781m,pool1uq8l234306m76unyz8kuwnkvmtvazaks6vuvyx3a3khngavvcw0,27,33,210,283,2020-07-30 10:42:31,2021-08-02 08:17:17,legacy/2026-05-20-pre-v2-import/data/raw/emurgo2/delegation_history.csv
fourth_entry_781m,pool1y2gynck9pd4en5rzm0rueqd2qm7sw89aqmkcntd899vv237qj38,27,28,308,336,2021-12-02 03:15:36,2022-04-21 21:02:00,legacy/2026-05-20-pre-v2-import/data/raw/emurgo2/delegation_history.csv
fourth_entry_781m,pool13crd2ljx87988umk22er6ynwadfwdqupdpcq6prc6v59z62kxse,26,26,234,571,2020-11-29 00:44:01,2025-07-11 22:41:06,legacy/2026-05-20-pre-v2-import/data/raw/emurgo2/delegation_history.csv
fourth_entry_781m,pool1jg3fmnmc9n52sgzslhhvhye5e3xeqmrwkekdhh82sma47r47zg0,26,28,216,599,2020-08-29 12:42:39,2025-11-28 20:20:10,legacy/2026-05-20-pre-v2-import/data/raw/emurgo2/delegation_history.csv
fourth_entry_781m,pool1jq7r3evstu2c040vlry8tgvpwf0mfvft86cxecwjpwcuvvqfu2r,26,27,273,501,2021-06-10 02:40:21,2024-07-24 20:18:45,legacy/2026-05-20-pre-v2-import/data/raw/emurgo2/delegation_history.csv
fourth_entry_781m,pool1lqpymyzg9glc88r7urptuv0d8t2tu9ty7xtshvxmgpu0j4lp8p3,26,32,234,282,2020-11-29 17:42:37,2021-07-28 22:29:01,legacy/2026-05-20-pre-v2-import/data/raw/emurgo2/delegation_history.csv
fourth_entry_781m,pool1mh4ng2ldxk4sqfppzu6r4knxrk6e87e9c4wgrred84uy7xauzlh,26,28,269,373,2021-05-24 23:59:38,2022-10-26 23:43:52,legacy/2026-05-20-pre-v2-import/data/raw/emurgo2/delegation_history.csv
fourth_entry_781m,pool1supp67ypelmgzuzqqvarc6czgmg3ggwpnrnfr90xpfcqqf8h05t,26,29,210,282,2020-07-29 23:23:11,2021-07-27 13:23:25,legacy/2026-05-20-pre-v2-import/data/raw/emurgo2/delegation_history.csv
fourth_entry_781m,pool1wxn9nsl8rvxa6r8e5eaak0ml6etfxnz2n9vqrmsw5nzgyexgkrn,26,28,210,542,2020-07-31 18:03:51,2025-02-18 00:22:16,legacy/2026-05-20-pre-v2-import/data/raw/emurgo2/delegation_history.csv
fourth_entry_781m,pool104avq7309gjm0fxms69yqusxy8zf888k4mamngg5vnc6vculpzq,25,33,258,470,2021-03-26 22:48:17,2024-02-24 18:34:55,legacy/2026-05-20-pre-v2-import/data/raw/emurgo2/delegation_history.csv
fourth_entry_781m,pool1cc76kmtcpf6vht32ya5ke9er74dnpy4jh5qpy4klqwp87ygdsu6,25,36,210,319,2020-07-30 00:13:11,2022-01-29 04:11:43,legacy/2026-05-20-pre-v2-import/data/raw/emurgo2/delegation_history.csv
fourth_entry_781m,pool1fxmancs3dmc9l0s7u7zrj8334m9nvzam5t5hnuuf4c7cjr6867m,25,30,243,553,2021-01-11 07:29:42,2025-04-10 19:19:33,legacy/2026-05-20-pre-v2-import/data/raw/emurgo2/delegation_history.csv
fourth_entry_781m,pool1ksrg8a964464las0ymw88slrwxkychjz9lh09lqltu5m7nw3pq0,25,27,215,573,2020-08-28 02:20:18,2025-07-23 17:25:09,legacy/2026-05-20-pre-v2-import/data/raw/emurgo2/delegation_history.csv
fourth_entry_781m,pool1s6x6kltycpxq82hyqhlqllqj3q5l2m8w499gvtu4xrfv29c0q2q,25,28,235,299,2020-12-05 10:39:05,2021-10-18 01:49:03,legacy/2026-05-20-pre-v2-import/data/raw/emurgo2/delegation_history.csv
fourth_entry_781m,pool13t6cwz9hhr8xm29pc94zyg5tx3kteqeu8gw2nc3lhzatqegzp6z,24,24,277,293,2021-07-01 21:58:59,2021-09-19 17:51:09,legacy/2026-05-20-pre-v2-import/data/raw/emurgo2/delegation_history.csv
fourth_entry_781m,pool18v9r8afalh50l4lstct2awdc3zspnvurcs7t45nv29uc2mnxc6c,24,26,210,311,2020-07-30 18:54:11,2021-12-18 13:44:48,legacy/2026-05-20-pre-v2-import/data/raw/emurgo2/delegation_history.csv
fourth_entry_781m,pool1a44j6jas4sjhh3qc96r8rmhsdjxjuntuzxr3440jzwjjcysl9ca,24,25,275,319,2021-06-21 10:24:46,2022-01-30 09:28:01,legacy/2026-05-20-pre-v2-import/data/raw/emurgo2/delegation_history.csv
fourth_entry_781m,pool1fqwnqk3phwa2s5thgym8dw34pv0z67m526uqprnjh93cvzxymef,24,25,241,366,2021-01-04 17:49:37,2022-09-17 22:34:37,legacy/2026-05-20-pre-v2-import/data/raw/emurgo2/delegation_history.csv
fourth_entry_781m,pool1ksazs9mzcuyr3mfrvw48dc5wkgsjceztakymmv7jpxle7l2nfs0,24,27,229,268,2020-11-02 08:56:51,2021-05-15 22:10:18,legacy/2026-05-20-pre-v2-import/data/raw/emurgo2/delegation_history.csv
fourth_entry_781m,pool1ljlmfg7p37ysmea9ra5xqwccue203dpj40w6zlzn5r2cvjrf6tw,24,29,211,319,2020-08-07 05:06:31,2022-01-25 21:53:58,legacy/2026-05-20-pre-v2-import/data/raw/emurgo2/delegation_history.csv
fourth_entry_781m,pool1lskcfz80qg2kr2p6776kl9emjn8ulkqsqse7um7skz4y2lwa0cu,24,28,246,400,2021-01-29 23:01:28,2023-03-07 11:36:41,legacy/2026-05-20-pre-v2-import/data/raw/emurgo2/delegation_history.csv
fourth_entry_781m,pool1lvsa8e0dw6z8g2fkw7prnfa7627wuy5jjexaadck6w5sxw5xkvm,24,25,210,342,2020-07-30 21:57:51,2022-05-22 23:38:31,legacy/2026-05-20-pre-v2-import/data/raw/emurgo2/delegation_history.csv
fourth_entry_781m,pool1mxqjlrfskhd5kql9kak06fpdh8xjwc76gec76p3taqy2qmfzs5z,24,25,211,265,2020-08-06 10:33:11,2021-05-02 21:30:47,legacy/2026-05-20-pre-v2-import/data/raw/emurgo2/delegation_history.csv
fourth_entry_781m,pool1ntfxj2jgvhzen8e86ed679ctukar3vj538ywyyq8ryld66jj4sx,24,35,286,405,2021-08-17 00:41:09,2023-04-03 01:21:44,legacy/2026-05-20-pre-v2-import/data/raw/emurgo2/delegation_history.csv
fourth_entry_781m,pool1xru6f3fflzwkptgm68pncrsncg9ngllv0jk8jnz40m7wusfhazk,24,25,231,439,2020-11-13 02:21:30,2023-09-20 21:38:21,legacy/2026-05-20-pre-v2-import/data/raw/emurgo2/delegation_history.csv
fourth_entry_781m,pool18zf8txwv8lmtpq2src8wrhz0pjut5qft8h5tfxnctwc95r7jvvj,23,24,275,533,2021-06-20 23:10:19,2025-01-01 19:28:53,legacy/2026-05-20-pre-v2-import/data/raw/emurgo2/delegation_history.csv
fourth_entry_781m,pool1fm57fshvdlrgs5pnpk78tnxha0me28equyy96vj0xm85gy5chv0,23,23,252,537,2021-02-28 07:48:23,2025-01-20 15:50:31,legacy/2026-05-20-pre-v2-import/data/raw/emurgo2/delegation_history.csv
fourth_entry_781m,pool1p8fhygz7ga9hghhwmkr64p3ftn77lxu9nyddvsqszattcdyajc0,23,27,244,257,2021-01-17 18:53:44,2021-03-22 02:56:15,legacy/2026-05-20-pre-v2-import/data/raw/emurgo2/delegation_history.csv
fourth_entry_781m,pool1vc8jp7uagxgh8trzx7r260ndcydz89ges8sws05cyv7jj8q8gqs,23,26,210,535,2020-07-31 15:56:31,2025-01-10 10:16:20,legacy/2026-05-20-pre-v2-import/data/raw/emurgo2/delegation_history.csv
fourth_entry_781m,pool1w8ham64lthvzzxzn5hknq4yrj8xt2nark409s2xmntlwvt4ag3r,23,26,210,380,2020-07-30 02:59:51,2022-11-27 09:46:36,legacy/2026-05-20-pre-v2-import/data/raw/emurgo2/delegation_history.csv
fourth_entry_781m,pool1wt0pf4u2xktp0f7apveu242w6nkm4ltk3m8g039lvuhwq4zdtf3,23,27,249,595,2021-02-10 03:06:22,2025-11-08 19:26:28,legacy/2026-05-20-pre-v2-import/data/raw/emurgo2/delegation_history.csv
fourth_entry_781m,pool18wvrpuz4uftxs83gf39ynh7cy3nds8q0hs7u7yuelu4e78w237s,22,22,287,302,2021-08-22 22:48:16,2021-11-02 18:36:38,legacy/2026-05-20-pre-v2-import/data/raw/emurgo2/delegation_history.csv
fourth_entry_781m,pool1afv4cmmjdkujtd5r9t63090a3frwwqy8f3e46gz003vyzjcj63r,22,26,236,266,2020-12-08 16:53:23,2021-05-10 12:19:46,legacy/2026-05-20-pre-v2-import/data/raw/emurgo2/delegation_history.csv
fourth_entry_781m,pool1ctzja2cdwyeqnvehmrlclc5wrn9w9acwklk3acn73jrx56d66vs,22,24,210,485,2020-08-03 14:13:31,2024-05-06 11:05:14,legacy/2026-05-20-pre-v2-import/data/raw/emurgo2/delegation_history.csv
fourth_entry_781m,pool1u0mc9ywfxl529atxyajuz3pgqnwgnk6w7lejjmjg22ucvn7z9vh,22,29,263,319,2021-04-20 23:12:57,2022-01-25 21:51:23,legacy/2026-05-20-pre-v2-import/data/raw/emurgo2/delegation_history.csv
fourth_entry_781m,pool1xn63858ej0gcs4tkjm2e3a2fgjrecfxtvzq3465ypl8ywkx7gcv,22,24,289,331,2021-09-02 20:00:27,2022-03-30 14:23:20,legacy/2026-05-20-pre-v2-import/data/raw/emurgo2/delegation_history.csv
fourth_entry_781m,pool15r7xg0vrrv2yu8wj3866eap8ftkuxvdk5rjz2lh4xajjq5v3p5d,21,25,246,545,2021-01-28 09:24:20,2025-03-02 23:08:25,legacy/2026-05-20-pre-v2-import/data/raw/emurgo2/delegation_history.csv
fourth_entry_781m,pool15zn2lqq4849ujttuthaycpamnyr8ae9k2pn2fkrlfzzsx4ek0tc,21,25,230,350,2020-11-07 00:05:49,2022-06-30 21:28:15,legacy/2026-05-20-pre-v2-import/data/raw/emurgo2/delegation_history.csv
fourth_entry_781m,pool16nz6k74zsm9x5fyh2wa0pt9cn75hfscfvqsxup0vl0vqqthwnkz,21,23,279,305,2021-07-12 16:06:28,2021-11-19 20:10:55,legacy/2026-05-20-pre-v2-import/data/raw/emurgo2/delegation_history.csv
fourth_entry_781m,pool17kew7rtakc7g6qzydntann5umw08xq3ll2j7spk7en4kvff69fa,21,24,231,319,2020-11-13 13:11:31,2022-01-29 23:48:38,legacy/2026-05-20-pre-v2-import/data/raw/emurgo2/delegation_history.csv
fourth_entry_781m,pool189lsf6c2upyhmrzddyvyfjxxkqnte9pw8aqx7f4cuf85sjxlm02,21,26,233,524,2020-11-26 10:10:40,2024-11-17 01:09:50,legacy/2026-05-20-pre-v2-import/data/raw/emurgo2/delegation_history.csv
fourth_entry_781m,pool1c89d4drtwn0048mekkdkzllz559ahnntxelyw2mppxnmc36hjlx,21,26,210,617,2020-07-31 14:57:31,2026-02-24 22:14:58,legacy/2026-05-20-pre-v2-import/data/raw/emurgo2/delegation_history.csv
fourth_entry_781m,pool1eqxnk8mylmksd9amjlyhseax8lcux09ck3etcvlalfzhuu7qvzp,21,24,321,388,2022-02-07 21:27:01,2023-01-10 18:02:58,legacy/2026-05-20-pre-v2-import/data/raw/emurgo2/delegation_history.csv
fourth_entry_781m,pool1jk25l2pejpdzq8vdjlxrr05th49v9tgd78fqrtxvuw3rumpfc6t,21,24,213,318,2020-08-18 19:22:15,2022-01-21 15:12:08,legacy/2026-05-20-pre-v2-import/data/raw/emurgo2/delegation_history.csv
fourth_entry_781m,pool1k633phcvz2hjhj45evwwau4w576jpq83acg5h84w23jauqu56cw,21,23,307,608,2021-11-27 10:24:18,2026-01-10 22:21:35,legacy/2026-05-20-pre-v2-import/data/raw/emurgo2/delegation_history.csv
fourth_entry_781m,pool1ld9hkah2dkzh73pvh9tf6xr0x28us34msv3zcv2sase5vhvq962,21,26,210,542,2020-07-29 23:56:51,2025-02-14 18:51:11,legacy/2026-05-20-pre-v2-import/data/raw/emurgo2/delegation_history.csv
fourth_entry_781m,pool1rkyc3ss904h066sffergss99r9p2kqa4k6ds0g4u5ud4x7yaajd,21,25,210,611,2020-07-30 17:52:51,2026-01-27 11:43:51,legacy/2026-05-20-pre-v2-import/data/raw/emurgo2/delegation_history.csv
fourth_entry_781m,pool1swe9nsv8lzugakjkfv04dn38scmq48wzynmn0lxasupuzmqcgjm,21,30,223,358,2020-10-03 09:37:12,2022-08-11 07:42:09,legacy/2026-05-20-pre-v2-import/data/raw/emurgo2/delegation_history.csv
fourth_entry_781m,pool1ttxtgplmy2v7t9s56gm3xxhsyxe68kpx0vu3utts03p2k4x3avl,21,29,310,331,2021-12-12 03:45:34,2022-03-27 17:26:34,legacy/2026-05-20-pre-v2-import/data/raw/emurgo2/delegation_history.csv
fourth_entry_781m,pool1v4xevkf7fx08pzy7atsk59dds6p0sdyl6xmhwf4mh79x6l5p6kx,21,23,220,259,2020-09-17 23:03:17,2021-04-01 02:31:47,legacy/2026-05-20-pre-v2-import/data/raw/emurgo2/delegation_history.csv
fourth_entry_781m,pool14wk2m2af7y4gk5uzlsmsunn7d9ppldvcxxa5an9r5ywek8330fg,20,22,210,604,2020-07-30 05:24:31,2025-12-22 13:50:36,legacy/2026-05-20-pre-v2-import/data/raw/emurgo2/delegation_history.csv
fourth_entry_781m,pool1a3kdettzvvlqvkl9m9hwe63ggeq5fgvz0twqew5c62dzx99vsed,20,21,216,332,2020-09-02 11:53:37,2022-04-02 20:04:50,legacy/2026-05-20-pre-v2-import/data/raw/emurgo2/delegation_history.csv
fourth_entry_781m,pool1cj8dxjjlyn9xmjavr98ytmvlpd4vwgqp36kq8rl6jjyt6k2adfh,20,22,292,327,2021-09-17 18:36:03,2022-03-07 09:35:17,legacy/2026-05-20-pre-v2-import/data/raw/emurgo2/delegation_history.csv
fourth_entry_781m,pool1ppznyu6qrvlw9uuqa3tslryjd40nh56jyvmaqw6kdf4kzq3y8kh,20,21,229,323,2020-11-06 09:51:04,2022-02-15 19:10:13,legacy/2026-05-20-pre-v2-import/data/raw/emurgo2/delegation_history.csv
fourth_entry_781m,pool1qvhss6kxmtl27nr4ugvypayhvt4a4vzll8p9csdg2v8q7d22llu,20,23,218,409,2020-09-09 17:41:53,2023-04-22 13:00:18,legacy/2026-05-20-pre-v2-import/data/raw/emurgo2/delegation_history.csv
fourth_entry_781m,pool1ua0lx5ap5tj9f5l7tyjflp766ca5yu93djh5hqvm4e0kjgw5k7v,20,23,210,272,2020-07-30 01:20:31,2021-06-05 12:41:18,legacy/2026-05-20-pre-v2-import/data/raw/emurgo2/delegation_history.csv
fourth_entry_781m,pool1vulu80lngn7t3jf3trclavfal7h58p4ap5f849r35z6mkfvac3c,20,21,297,307,2021-10-09 16:34:43,2021-11-28 20:01:49,legacy/2026-05-20-pre-v2-import/data/raw/emurgo2/delegation_history.csv
fourth_entry_781m,pool19r8kcmqpajlm6h5q0lv8jye0q7evdur39wfsgs4z98fcqpz9lct,19,20,234,606,2020-11-30 05:57:49,2026-01-01 11:57:37,legacy/2026-05-20-pre-v2-import/data/raw/emurgo2/delegation_history.csv
fourth_entry_781m,pool1dmpzsnuwxy44ky3dskuhmwpglumy6j0rc5wyfxlu3zym798f79g,19,20,311,362,2021-12-20 11:57:01,2022-09-01 07:27:08,legacy/2026-05-20-pre-v2-import/data/raw/emurgo2/delegation_history.csv
fourth_entry_781m,pool1grhujlggx90ln0jcnrey4adckysxdx6rqfmx9s6fnhtc2g0qym0,19,20,310,330,2021-12-16 17:41:20,2022-03-25 01:11:07,legacy/2026-05-20-pre-v2-import/data/raw/emurgo2/delegation_history.csv
fourth_entry_781m,pool1qgmwcxs8d8qmr0vtvsqd9u8gugrventh5dcqukmu79e2sgfuu8t,19,21,249,592,2021-02-13 15:54:23,2025-10-26 19:01:27,legacy/2026-05-20-pre-v2-import/data/raw/emurgo2/delegation_history.csv
fourth_entry_781m,pool1s3z5qsg75dar26ykyzcz2u8wc2swgq7pyp7f9sdh5n06qh3jhq2,19,20,210,308,2020-07-30 07:54:51,2021-12-03 03:40:49,legacy/2026-05-20-pre-v2-import/data/raw/emurgo2/delegation_history.csv
fourth_entry_781m,pool1zfhcfw8c3lg0vh0fy8h4y8e25cm7ter9e6sxqskpq0lzyy2wzvm,19,19,311,365,2021-12-17 04:04:39,2022-09-17 10:57:14,legacy/2026-05-20-pre-v2-import/data/raw/emurgo2/delegation_history.csv
fourth_entry_781m,pool12mmcc4rc2fzfv7gyv8h06nvnsrm3m7erzdv8x6gzvjxlu2lf09n,18,19,210,608,2020-07-30 01:16:31,2026-01-13 19:33:33,legacy/2026-05-20-pre-v2-import/data/raw/emurgo2/delegation_history.csv
fourth_entry_781m,pool13mas2wthxs28zftxskcsd8t87jk2w9ntc0u5uflt45sh7lcvs8h,18,27,431,545,2023-08-09 10:33:16,2025-03-02 17:27:27,legacy/2026-05-20-pre-v2-import/data/raw/emurgo2/delegation_history.csv
fourth_entry_781m,pool16j3mvwws7zc9pjluyhddgea0tq647v0dh3y4nkcuckg9znjcun2,18,19,307,430,2021-11-27 11:44:34,2023-08-04 17:10:04,legacy/2026-05-20-pre-v2-import/data/raw/emurgo2/delegation_history.csv
fourth_entry_781m,pool170hmssk80z2ameg7jhj5m8psnkjejcc77vfpd0875yggxhhntd0,18,19,253,526,2021-03-02 17:43:32,2024-11-27 05:13:35,legacy/2026-05-20-pre-v2-import/data/raw/emurgo2/delegation_history.csv
fourth_entry_781m,pool18mege8wvzzdvh8cxx6ncnqyvacl4lxukw495c87xmz8qcdl6lj8,18,19,233,411,2020-11-24 16:24:51,2023-05-01 13:15:13,legacy/2026-05-20-pre-v2-import/data/raw/emurgo2/delegation_history.csv
fourth_entry_781m,pool1cjz6kg9a8ug9uk0nc59q60a67c2628ms58rd98gq587jwa2x5qt,18,23,308,409,2021-12-02 18:12:38,2023-04-22 08:52:48,legacy/2026-05-20-pre-v2-import/data/raw/emurgo2/delegation_history.csv
fourth_entry_781m,pool1ea568m9q882n0tx5d4vxff2dmz2n7rq5h62hx5ystq625m4tcfu,18,21,234,602,2020-12-01 15:12:21,2025-12-12 16:36:22,legacy/2026-05-20-pre-v2-import/data/raw/emurgo2/delegation_history.csv
fourth_entry_781m,pool1hkklrx9ac7w57d79mnv76rxlgq4acg5ecwhyep7k3zn0u5cz2k9,18,18,305,587,2021-11-20 22:35:45,2025-09-30 12:32:13,legacy/2026-05-20-pre-v2-import/data/raw/emurgo2/delegation_history.csv
fourth_entry_781m,pool1hwlghkwnjsjk8370qt3dvp23d7urwm36f95fmxcz3np2kghknj9,18,20,210,468,2020-07-31 08:19:31,2024-02-12 01:50:56,legacy/2026-05-20-pre-v2-import/data/raw/emurgo2/delegation_history.csv
fourth_entry_781m,pool1lfvzgsrghmugvpym868mh29288ez0nncz680mamzjygu2jpuwcd,18,20,256,588,2021-03-17 02:00:10,2025-10-02 18:33:47,legacy/2026-05-20-pre-v2-import/data/raw/emurgo2/delegation_history.csv
fourth_entry_781m,pool1nhls8e9swnyshldgjknku4npreax075nw0ltrkmrarh4w3skxt9,18,19,210,323,2020-07-30 07:55:31,2022-02-16 02:53:01,legacy/2026-05-20-pre-v2-import/data/raw/emurgo2/delegation_history.csv
fourth_entry_781m,pool1qq2vm2xpcj9kf42z4cnw3djancv48sx42chwvgxkjq85ceu8k0x,18,23,210,334,2020-08-02 05:10:31,2022-04-14 00:20:07,legacy/2026-05-20-pre-v2-import/data/raw/emurgo2/delegation_history.csv
fourth_entry_781m,pool1zc7vxe3ymyej76h8wu8gm79chtt7w9c3adkza4uhrjvagr9w4zp,18,20,231,328,2020-11-13 20:49:04,2022-03-14 19:32:21,legacy/2026-05-20-pre-v2-import/data/raw/emurgo2/delegation_history.csv
fourth_entry_781m,pool147en6w8f9cplnn5x7qt4ese7fpacmmcwuffrtu0yqxpaz4agppr,17,20,237,332,2020-12-14 14:14:08,2022-04-05 18:43:14,legacy/2026-05-20-pre-v2-import/data/raw/emurgo2/delegation_history.csv
fourth_entry_781m,pool14u30jkg45xwd27kmznz43hxy596lvrrpj0wz8w9a9k97kmt4p2d,17,18,212,437,2020-08-10 15:06:11,2023-09-07 22:34:09,legacy/2026-05-20-pre-v2-import/data/raw/emurgo2/delegation_history.csv
fourth_entry_781m,pool15ccmgcc4k9t8auxw9v4dfjmrl2kqnuevawn8z6n7xv09utw9hh3,17,17,216,380,2020-08-29 02:23:21,2022-11-27 13:38:36,legacy/2026-05-20-pre-v2-import/data/raw/emurgo2/delegation_history.csv
fourth_entry_781m,pool17dag45ldepvckqdxvvppwdy4w8qczsz0awtutqyj2pzashn3ds2,17,17,231,273,2020-11-14 08:07:44,2021-06-12 15:25:27,legacy/2026-05-20-pre-v2-import/data/raw/emurgo2/delegation_history.csv
fourth_entry_781m,pool1ayfjmnrv5vg6tfducvysn360re6qfwuv2rhc4ph6jk33ztuxlhq,17,17,234,538,2020-12-01 18:13:11,2025-01-28 16:11:24,legacy/2026-05-20-pre-v2-import/data/raw/emurgo2/delegation_history.csv
fourth_entry_781m,pool1cuccvs6vdlrxw67kwvzdx3gcl3ha0402mkhhseqmre7u7vdkwev,17,19,210,261,2020-07-30 07:17:31,2021-04-15 12:33:57,legacy/2026-05-20-pre-v2-import/data/raw/emurgo2/delegation_history.csv
fourth_entry_781m,pool1j6zqawj6f58lp4p00t26eqe58gxx4pa3cudlzpkv23y92nlxjzd,17,18,211,295,2020-08-08 15:43:11,2021-09-28 21:33:24,legacy/2026-05-20-pre-v2-import/data/raw/emurgo2/delegation_history.csv
fourth_entry_781m,pool1jz5ljsnj4fzmk84j0wcw9ldy866dn07nzqg2ktyuyjvfvr3jgtq,17,17,234,317,2020-11-30 17:53:11,2022-01-16 17:45:34,legacy/2026-05-20-pre-v2-import/data/raw/emurgo2/delegation_history.csv
fourth_entry_781m,pool1kkfkdces5mdcyc9dn2hgg3463jggjvw3h89nejjarkz25uavaqu,17,18,210,284,2020-07-30 06:13:11,2021-08-08 06:20:00,legacy/2026-05-20-pre-v2-import/data/raw/emurgo2/delegation_history.csv
fourth_entry_781m,pool1qqq6qqa0hpzvumv5p87ynczfmdj557xuwlc3289ke42g72z7f74,17,19,210,539,2020-07-30 00:56:11,2025-01-30 11:58:58,legacy/2026-05-20-pre-v2-import/data/raw/emurgo2/delegation_history.csv
fourth_entry_781m,pool1wz27a9pvd2jat98s375lxaaj7qxy405km4vzp83wn5vtwp59kvh,17,18,213,340,2020-08-18 02:30:46,2022-05-11 12:30:49,legacy/2026-05-20-pre-v2-import/data/raw/emurgo2/delegation_history.csv
fourth_entry_781m,pool1yctcnexnjqq25ve5jh2dh6zswz98leafjcq356lfspsdk9z690e,17,21,278,328,2021-07-09 05:48:02,2022-03-11 23:07:05,legacy/2026-05-20-pre-v2-import/data/raw/emurgo2/delegation_history.csv
fourth_entry_781m,pool1zj4h7kc6v53q9r8x3fwzfuayf2frwme8u5k86gu0uzeeuvqxgul,17,24,245,606,2021-01-24 14:04:16,2026-01-03 17:02:08,legacy/2026-05-20-pre-v2-import/data/raw/emurgo2/delegation_history.csv
fourth_entry_781m,pool120563wl92yssz66evk4u9lxm7zh6gk2wws0zfe8ep4e0gc77ypt,16,18,286,296,2021-08-18 10:01:21,2021-10-05 14:14:24,legacy/2026-05-20-pre-v2-import/data/raw/emurgo2/delegation_history.csv
fourth_entry_781m,pool13r377w5pmy4tmhuvw0cf9q23asslzjytsruwa27tdnflq7hfjgk,16,16,279,305,2021-07-10 22:17:59,2021-11-20 05:32:46,legacy/2026-05-20-pre-v2-import/data/raw/emurgo2/delegation_history.csv
fourth_entry_781m,pool167zl76srpt5a2gthpsq0ye9z4fpray5vsh7xyzcn63hd5mnw7fa,16,17,230,407,2020-11-11 20:30:44,2023-04-13 09:45:32,legacy/2026-05-20-pre-v2-import/data/raw/emurgo2/delegation_history.csv
fourth_entry_781m,pool1ahazpr2yz5gljk2m4q8g7wnmq7m2sr9unhdfmr5arhqrjnntwdz,16,19,258,478,2021-03-29 11:32:55,2024-04-02 18:33:28,legacy/2026-05-20-pre-v2-import/data/raw/emurgo2/delegation_history.csv
fourth_entry_781m,pool1cn0dqtplwf67fds40hgkf0u5rm4q4azev5qutmgkw5hdyvue2ue,16,17,235,317,2020-12-06 07:06:22,2022-01-18 02:58:26,legacy/2026-05-20-pre-v2-import/data/raw/emurgo2/delegation_history.csv
fourth_entry_781m,pool1dxkf7k3qwnpgpxqfye8y9jvk7lver3fk8dq7c4dpzezyyx8cf5c,16,16,210,310,2020-07-30 17:56:51,2021-12-12 02:32:17,legacy/2026-05-20-pre-v2-import/data/raw/emurgo2/delegation_history.csv
fourth_entry_781m,pool1ft4xjlz9uw0r0ewcgtkgeakqrfc5azxmxwsm5pt94dv67mw4rgd,16,20,210,623,2020-08-01 19:31:31,2026-03-27 15:37:49,legacy/2026-05-20-pre-v2-import/data/raw/emurgo2/delegation_history.csv
fourth_entry_781m,pool1lkpj6fa4l0sy39qfvyl4pcsnnd22y8np8j98vzwula2kuxgers4,16,16,214,450,2020-08-23 17:29:26,2023-11-12 01:56:04,legacy/2026-05-20-pre-v2-import/data/raw/emurgo2/delegation_history.csv
fourth_entry_781m,pool1m4enp55hp80tf6xl7k6f6593wnyu3pr83xfvef9x3ktdw9m0em5,16,18,236,444,2020-12-07 11:00:41,2023-10-14 15:57:13,legacy/2026-05-20-pre-v2-import/data/raw/emurgo2/delegation_history.csv
fourth_entry_781m,pool1mkjtce8r8yeku0mmc9vpwl0scuwuwc8lz89ckpj3k0kwgvlunv5,16,16,357,518,2022-08-06 18:15:04,2024-10-19 11:22:02,legacy/2026-05-20-pre-v2-import/data/raw/emurgo2/delegation_history.csv
fourth_entry_781m,pool1pk8mzy6c7ef6m3qxc9gg6flec96pcn4sdd6maakkweyf5whuuu7,16,16,248,262,2021-02-07 15:10:36,2021-04-18 15:25:13,legacy/2026-05-20-pre-v2-import/data/raw/emurgo2/delegation_history.csv
fourth_entry_781m,pool1qqqqrwzy7njvjq9wph7usj5gghm3py9c97688ek8pgc7uem9cfz,16,16,212,343,2020-08-11 23:10:51,2022-05-28 01:51:13,legacy/2026-05-20-pre-v2-import/data/raw/emurgo2/delegation_history.csv
fourth_entry_781m,pool1qqqqzyqf8mlm70883zht60n4q6uqxg4a8x266sewv8ad2grkztl,16,16,210,318,2020-07-31 01:33:31,2022-01-21 18:17:30,legacy/2026-05-20-pre-v2-import/data/raw/emurgo2/delegation_history.csv
fourth_entry_781m,pool1qzz0flh92qkg0mjufaw9j2zk72lmvf5n2kuaslk4f8j4ze362w4,16,18,284,364,2021-08-04 00:49:45,2022-09-08 15:10:10,legacy/2026-05-20-pre-v2-import/data/raw/emurgo2/delegation_history.csv
fourth_entry_781m,pool1rtj8f2pjedcjh78ey2fc4wvatjyeudeam6lsv6snttwuvhn2vsq,16,18,307,333,2021-11-30 12:21:13,2022-04-08 19:01:26,legacy/2026-05-20-pre-v2-import/data/raw/emurgo2/delegation_history.csv
fourth_entry_781m,pool1v5u6wzakuc25q3zpx04t8gjz3rgu60wuxkv2mh5nga23xjkc86s,16,16,306,489,2021-11-25 22:12:15,2024-05-27 18:01:56,legacy/2026-05-20-pre-v2-import/data/raw/emurgo2/delegation_history.csv
fourth_entry_781m,pool13qdkwy5y88ncr5qpjrh8hgtf94d0zw4wuhgezjg3hvlyyrh37c7,15,16,263,552,2021-04-25 20:45:49,2025-04-05 17:34:22,legacy/2026-05-20-pre-v2-import/data/raw/emurgo2/delegation_history.csv
fourth_entry_781m,pool142xwjhpcvtp7tahpmn8tlnek7smefp9wn66z67j8vjpmjxqdg56,15,24,267,547,2021-05-11 00:06:18,2025-03-11 07:23:20,legacy/2026-05-20-pre-v2-import/data/raw/emurgo2/delegation_history.csv
fourth_entry_781m,pool17rns3wjyql9jg9xkzw9h88f0kstd693pm6urwxmvejqgsyjw7ta,15,16,227,260,2020-10-24 17:14:43,2021-04-07 10:51:44,legacy/2026-05-20-pre-v2-import/data/raw/emurgo2/delegation_history.csv
fourth_entry_781m,pool19pyfv4xnln8x4l7auw0n0skk3hd97shun707hrw5d4s553ys74x,15,18,231,590,2020-11-14 15:52:14,2025-10-13 18:32:41,legacy/2026-05-20-pre-v2-import/data/raw/emurgo2/delegation_history.csv
fourth_entry_781m,pool19ru9alj7n5anmzs0f9gpzlj8kaq44yhcp45mldjvldxck8f6yg6,15,22,310,403,2021-12-15 10:15:56,2023-03-22 03:28:03,legacy/2026-05-20-pre-v2-import/data/raw/emurgo2/delegation_history.csv
fourth_entry_781m,pool1jufp9k6gmyusvch65ra8yk2s7wu6cx5fsgnltl83p93ejg6h3xg,15,15,281,488,2021-07-21 01:08:02,2024-05-20 06:15:38,legacy/2026-05-20-pre-v2-import/data/raw/emurgo2/delegation_history.csv
fourth_entry_781m,pool1myvgx4ef424e6nw2strqq7dxcepav52plyyhxrk0avaw7y098l2,15,16,210,525,2020-07-30 05:15:51,2024-11-23 12:32:59,legacy/2026-05-20-pre-v2-import/data/raw/emurgo2/delegation_history.csv
fourth_entry_781m,pool1nz9h4raywm6mu2v8l7htuaqvmn06l3mepuaxynpzlwljsf8txhy,15,15,317,579,2022-01-17 22:26:33,2025-08-21 20:30:05,legacy/2026-05-20-pre-v2-import/data/raw/emurgo2/delegation_history.csv
fourth_entry_781m,pool1tcmk6at0dmkytxgq5j4u7fgsx9kytvfu7gz22lrs8hp9ztu7arw,15,15,252,574,2021-02-26 01:39:24,2025-07-23 22:49:40,legacy/2026-05-20-pre-v2-import/data/raw/emurgo2/delegation_history.csv
fourth_entry_781m,pool1ty7lh3nvtwxlcpqg2x30fkr3j9ys6nprztr9m4zp3aajxyjk2vz,15,16,210,410,2020-07-30 02:35:11,2023-04-28 16:38:35,legacy/2026-05-20-pre-v2-import/data/raw/emurgo2/delegation_history.csv
fourth_entry_781m,pool1xn4kqt45xh3udf87kmtkdfz8xh9qn6trlqsf39eusk23ufmxhgr,15,15,318,408,2022-01-23 16:58:32,2023-04-18 23:48:35,legacy/2026-05-20-pre-v2-import/data/raw/emurgo2/delegation_history.csv
fourth_entry_781m,pool1xtrwqwu6jn896szjwsyxxjczl6hc9sq4lh5ax68f7dt3gc0y9rx,15,17,307,329,2021-11-29 05:09:05,2022-03-20 21:13:09,legacy/2026-05-20-pre-v2-import/data/raw/emurgo2/delegation_history.csv
fourth_entry_781m,pool1yvf4nxph69ztm0tgj73ummxq45kfjhecyad26e3xc2002xgzalg,15,18,308,451,2021-12-02 07:45:29,2023-11-20 22:57:11,legacy/2026-05-20-pre-v2-import/data/raw/emurgo2/delegation_history.csv
fourth_entry_781m,pool1zn9hjcmfddhcp2aj9xxuvz7z40rasyatkgavr8ryyz72qdfwtrj,15,16,249,367,2021-02-13 03:41:31,2022-09-26 02:19:34,legacy/2026-05-20-pre-v2-import/data/raw/emurgo2/delegation_history.csv
fourth_entry_781m,pool15pmdr6nw3g6mmt7regefp2lrx3njah0gpwsnqm794c4wsr23062,14,20,248,325,2021-02-09 16:03:13,2022-02-27 23:04:06,legacy/2026-05-20-pre-v2-import/data/raw/emurgo2/delegation_history.csv
fourth_entry_781m,pool1cyq3v3v43hu7spwlfxdm6vq9djpsjjueerhlu5qr2rvd57vqk84,14,18,317,427,2022-01-19 14:47:25,2023-07-23 19:50:14,legacy/2026-05-20-pre-v2-import/data/raw/emurgo2/delegation_history.csv
fourth_entry_781m,pool1evg78egp8gfqae273kvmmdee2dnt6vty60dpwdespg4hujznh3a,14,15,210,381,2020-08-01 14:51:31,2022-12-02 10:18:06,legacy/2026-05-20-pre-v2-import/data/raw/emurgo2/delegation_history.csv
fourth_entry_781m,pool1fs2m5rmlx66crcwwrrsf2pcxjhvk7kzdurcqusd3v5gm65cufnj,14,14,211,475,2020-08-08 03:37:51,2024-03-19 21:17:20,legacy/2026-05-20-pre-v2-import/data/raw/emurgo2/delegation_history.csv
fourth_entry_781m,pool1j099ctc7kcc9fa78dz5qwsy2g0n96lrgletwxvxmyzh4zd7ck0j,14,18,272,595,2021-06-05 00:55:07,2025-11-07 08:40:45,legacy/2026-05-20-pre-v2-import/data/raw/emurgo2/delegation_history.csv
fourth_entry_781m,pool1jf4kt5qvyx4plvv7gna2y2f7xsjh3mt2szk2ff23ryd8qg826hj,14,16,280,422,2021-07-16 05:08:15,2023-06-29 21:20:41,legacy/2026-05-20-pre-v2-import/data/raw/emurgo2/delegation_history.csv
fourth_entry_781m,pool1jhzf2mm6zdlhl6w89uhgx8nq8p6ykcc86qq58vjy0ejyxrrksfj,14,16,210,360,2020-08-03 07:05:51,2022-08-22 14:26:03,legacy/2026-05-20-pre-v2-import/data/raw/emurgo2/delegation_history.csv
fourth_entry_781m,pool1jjry6f6q0swaq457ft9eclaxaskvrxnpj0v3w8edsyfryml3vj6,14,15,211,448,2020-08-08 08:22:31,2023-11-03 05:12:45,legacy/2026-05-20-pre-v2-import/data/raw/emurgo2/delegation_history.csv
fourth_entry_781m,pool1l5kwfudnqrhw3k4lwzcppu36nun9puvvr7xnanuz8a2zx4jaek5,14,18,223,378,2020-10-03 20:57:19,2022-11-17 02:24:56,legacy/2026-05-20-pre-v2-import/data/raw/emurgo2/delegation_history.csv
fourth_entry_781m,pool1u4sxd6x0qsy7evljt24vtnyhpxd098n609sfcmly6c096mr3jgq,14,17,210,282,2020-07-31 02:36:51,2021-07-27 13:16:31,legacy/2026-05-20-pre-v2-import/data/raw/emurgo2/delegation_history.csv
fourth_entry_781m,pool1vxvdypctdecvc2j7xu9y8h2fdxvkpjy2pp8luwg2h6dx5jlv0nk,14,14,210,331,2020-07-30 16:01:11,2022-03-27 19:51:06,legacy/2026-05-20-pre-v2-import/data/raw/emurgo2/delegation_history.csv
fourth_entry_781m,pool1zk6uxgptztrxxamzd0ugrtu84xg8mjymd2xcdvxqazpruqt9r3x,14,15,231,571,2020-11-13 15:54:26,2025-07-10 14:40:12,legacy/2026-05-20-pre-v2-import/data/raw/emurgo2/delegation_history.csv
fourth_entry_781m,pool10qmnswfc22zm0fscg80gkwqz65ujwjkqmctv8g9l9l58wqtelgg,13,13,210,284,2020-08-02 08:00:51,2021-08-03 22:39:29,legacy/2026-05-20-pre-v2-import/data/raw/emurgo2/delegation_history.csv
fourth_entry_781m,pool15wj590e6gsmpmttrxjd0emck09a0h9tazd2ww77q6duyvg8lyum,13,17,242,443,2021-01-05 22:27:33,2023-10-08 17:30:39,legacy/2026-05-20-pre-v2-import/data/raw/emurgo2/delegation_history.csv
fourth_entry_781m,pool19f6guwy97mmnxg9dz65rxyj8hq07qxud886hamyu4fgfz7dj9gl,13,13,210,391,2020-07-31 10:28:31,2023-01-25 18:02:24,legacy/2026-05-20-pre-v2-import/data/raw/emurgo2/delegation_history.csv
fourth_entry_781m,pool1g8y2gz4sk7xhyaj469jlj3njyu5dlvqa7t7v9c2gk0yc69879z8,13,14,231,380,2020-11-15 15:28:54,2022-11-27 15:16:41,legacy/2026-05-20-pre-v2-import/data/raw/emurgo2/delegation_history.csv
fourth_entry_781m,pool1gqgyta9sku3crjzfl9kj7kxsgfkt98y98yeu09kx22zscrezuj7,13,14,407,614,2023-04-11 14:28:29,2026-02-11 18:18:05,legacy/2026-05-20-pre-v2-import/data/raw/emurgo2/delegation_history.csv
fourth_entry_781m,pool1l0pmgdsymmdntuyan4snj88q8nm9axemwefu5ymkuq2s6gr90cn,13,16,232,316,2020-11-17 12:33:07,2022-01-13 04:09:48,legacy/2026-05-20-pre-v2-import/data/raw/emurgo2/delegation_history.csv
fourth_entry_781m,pool10let2ne3rdnhf6pvhauqcsf7f83hkagp4lfs792frrmu5up7xa7,12,16,256,292,2021-03-17 01:54:08,2021-09-13 12:05:57,legacy/2026-05-20-pre-v2-import/data/raw/emurgo2/delegation_history.csv
fourth_entry_781m,pool14cq4fchmmqjygwjw4zexmqqd6a7caxptjnvseyu6wanjuppv4vk,12,12,323,578,2022-02-17 09:53:19,2025-08-17 19:16:47,legacy/2026-05-20-pre-v2-import/data/raw/emurgo2/delegation_history.csv
fourth_entry_781m,pool17h6slydr6rd9vquqa38p5cf9xqnpc24w6a99rhllcjzljgugx6x,12,14,320,332,2022-01-31 16:37:44,2022-04-02 17:25:21,legacy/2026-05-20-pre-v2-import/data/raw/emurgo2/delegation_history.csv
fourth_entry_781m,pool17qvfg2g843gw6lurru282kkex6vp3pyj6zwj99j4u6k7zvmva5a,12,12,233,385,2020-11-24 16:52:17,2022-12-26 09:16:34,legacy/2026-05-20-pre-v2-import/data/raw/emurgo2/delegation_history.csv
fourth_entry_781m,pool1f488flg33j9vqzdce87t0e0g6mhjj7aacd4209pg93c77lrpywz,12,12,294,299,2021-09-26 11:08:30,2021-10-19 18:26:48,legacy/2026-05-20-pre-v2-import/data/raw/emurgo2/delegation_history.csv
fourth_entry_781m,pool1hht4pctn70tqdsd0zwuxv8d8cz6l5scjzaquty7vamyzy78eqvc,12,12,250,377,2021-02-15 03:01:31,2022-11-16 19:24:45,legacy/2026-05-20-pre-v2-import/data/raw/emurgo2/delegation_history.csv
fourth_entry_781m,pool1hnp560z9e5acwux8tjguxq36j9r255zuf02u7z2d46dvcf5zhns,12,13,253,587,2021-03-03 18:46:28,2025-10-01 18:21:31,legacy/2026-05-20-pre-v2-import/data/raw/emurgo2/delegation_history.csv
fourth_entry_781m,pool1jpz5m45ff4r6tnq7n5tw63fkhpmw3cyv8sn569w24x8lj3kl68c,12,12,228,392,2020-10-30 05:29:04,2023-01-28 07:08:33,legacy/2026-05-20-pre-v2-import/data/raw/emurgo2/delegation_history.csv
fourth_entry_781m,pool1l3fvlzadk5hg78wy3e304s9t8tjzxnu962e2fl7tq8x2yg3mz6l,12,12,212,238,2020-08-09 11:03:11,2020-12-18 21:09:31,legacy/2026-05-20-pre-v2-import/data/raw/emurgo2/delegation_history.csv
fourth_entry_781m,pool1lr5ku0p3jhykdf3a2kcr0tyra30qvzrtl02dr6uyv98rxdsy3k9,12,13,234,309,2020-12-01 00:19:51,2021-12-07 16:33:17,legacy/2026-05-20-pre-v2-import/data/raw/emurgo2/delegation_history.csv
fourth_entry_781m,pool1q0a7a94cfk4ph7gugj636tsuhhd98l2sfjv2adhaff2mvs7kmtl,12,17,238,590,2020-12-21 17:15:21,2025-10-12 18:05:38,legacy/2026-05-20-pre-v2-import/data/raw/emurgo2/delegation_history.csv
fourth_entry_781m,pool1qs6h0y7czzt605kptmrv6cr85kxd6tajr2hs0etvxphv7tr7nqu,12,12,225,461,2020-10-14 11:03:41,2024-01-06 17:17:36,legacy/2026-05-20-pre-v2-import/data/raw/emurgo2/delegation_history.csv
fourth_entry_781m,pool1rct5guwnp6nk9f4ldn5tr3s42j0nm5rxeayv56lxua5ck47ex39,12,15,251,545,2021-02-22 08:48:21,2025-03-03 06:35:50,legacy/2026-05-20-pre-v2-import/data/raw/emurgo2/delegation_history.csv
fourth_entry_781m,pool1t8gjk7jzvujfv9s8q992e6s7tp8na0q3j62g7s4ppzfmccus4jk,12,20,217,324,2020-09-07 21:05:39,2022-02-24 13:38:31,legacy/2026-05-20-pre-v2-import/data/raw/emurgo2/delegation_history.csv
fourth_entry_781m,pool1wwzctexlp70mj00vv65mlhwhwresn58s9x7jl4tswvkg77eu7n7,12,16,244,270,2021-01-20 08:05:57,2021-05-28 19:58:55,legacy/2026-05-20-pre-v2-import/data/raw/emurgo2/delegation_history.csv
fourth_entry_781m,pool13846y7q7tng3endxhet9qdcz5w0fjs09ytcye4dm5g54wmyqeqr,11,11,212,497,2020-08-13 05:41:11,2024-07-06 10:02:58,legacy/2026-05-20-pre-v2-import/data/raw/emurgo2/delegation_history.csv
fourth_entry_781m,pool16knnvtezwzmgpnu8v03wht6y4u7mwfc7qz6y2yk62w4as4qymat,11,12,249,254,2021-02-10 17:25:27,2021-03-09 19:30:57,legacy/2026-05-20-pre-v2-import/data/raw/emurgo2/delegation_history.csv
fourth_entry_781m,pool1853ffwhtuka742fq4av7s3ssdpvzhdkpw53th3es36zkwrllj9g,11,12,308,489,2021-12-02 21:21:49,2024-05-26 14:38:16,legacy/2026-05-20-pre-v2-import/data/raw/emurgo2/delegation_history.csv
fourth_entry_781m,pool1ezh8sewqgzy7267yvy0jssz8q7amce37x3dhmfl22j8lwz6wjrd,11,19,244,335,2021-01-18 18:01:31,2022-04-16 13:45:50,legacy/2026-05-20-pre-v2-import/data/raw/emurgo2/delegation_history.csv
fourth_entry_781m,pool1fh4sh2telea0tfdy39h0drx6uq566yt9gf24edpz7335sclx39z,11,14,218,331,2020-09-09 23:02:43,2022-03-29 00:11:01,legacy/2026-05-20-pre-v2-import/data/raw/emurgo2/delegation_history.csv
fourth_entry_781m,pool1pfprlfz0ywcnewjegazz05ghgcfkvu40v6edsz6yn8w362sdjr8,11,15,215,411,2020-08-27 22:57:19,2023-05-01 06:58:00,legacy/2026-05-20-pre-v2-import/data/raw/emurgo2/delegation_history.csv
fourth_entry_781m,pool1q80jjs53w0fx836n8g38gtdwr8ck5zre3da90peuxn84sj3cu0r,11,34,210,572,2020-07-29 22:56:11,2025-07-15 07:25:58,legacy/2026-05-20-pre-v2-import/data/raw/emurgo2/delegation_history.csv
fourth_entry_781m,pool1qakys0fxx5p2fxcnsc2tyjpqa88q7qgtdh5t3a32hplv6fg25r9,11,13,402,616,2023-03-18 23:21:58,2026-02-21 04:05:20,legacy/2026-05-20-pre-v2-import/data/raw/emurgo2/delegation_history.csv
fourth_entry_781m,pool1qvvn2l690zm3v2p0f3vd66ly6cfs2wjqx34zpqcx5pwsx3eprtp,11,13,318,599,2022-01-24 00:02:05,2025-11-26 06:26:54,legacy/2026-05-20-pre-v2-import/data/raw/emurgo2/delegation_history.csv
fourth_entry_781m,pool1qzlw72zfwhhc0ptvzdpld06szu39x9mlm6782efy6sluz932fx6,11,11,211,318,2020-08-07 08:31:11,2022-01-24 22:03:54,legacy/2026-05-20-pre-v2-import/data/raw/emurgo2/delegation_history.csv
fourth_entry_781m,pool1qzlw7z5mutmd39ldyjnp8n650weqe55z5p8dl3fagac3ge0nx8l,11,16,210,451,2020-07-29 22:13:51,2023-11-20 19:30:54,legacy/2026-05-20-pre-v2-import/data/raw/emurgo2/delegation_history.csv
fourth_entry_781m,pool1qzlwlpcsgflr9z3f24fg836tyq45p0kf5cnrp20s8v0psp6tdkx,11,16,210,360,2020-07-29 22:14:31,2022-08-22 21:52:18,legacy/2026-05-20-pre-v2-import/data/raw/emurgo2/delegation_history.csv
fourth_entry_781m,pool1u8yequt4vq3jhajeegc02r3msnne6krayxuzrypaz8jkq5v5pux,11,14,271,322,2021-06-03 06:28:25,2022-02-14 09:35:05,legacy/2026-05-20-pre-v2-import/data/raw/emurgo2/delegation_history.csv
fourth_entry_781m,pool1vxz0deezj5c2950e7arpzfqxzq8zd9kawsullrzjw5rsq0yhxgr,11,11,210,258,2020-07-30 00:08:31,2021-03-26 23:47:22,legacy/2026-05-20-pre-v2-import/data/raw/emurgo2/delegation_history.csv
fourth_entry_781m,pool1y53awxsm6cmksp8qht8qfq5f5c69t6mrgrdcresk5y0ecv2yj93,11,11,249,317,2021-02-10 16:49:43,2022-01-17 13:58:07,legacy/2026-05-20-pre-v2-import/data/raw/emurgo2/delegation_history.csv
fourth_entry_781m,pool104gtn3hvp9lz5l6wevhjj98e45s7rfaa4zzvk9pex7nn786qncr,10,11,279,408,2021-07-14 15:12:27,2023-04-17 20:22:53,legacy/2026-05-20-pre-v2-import/data/raw/emurgo2/delegation_history.csv
fourth_entry_781m,pool10capak8jppvj8h46e35xdth6h22pahtr3lcgscrpa06jzv0xn8w,10,11,214,331,2020-08-20 09:56:31,2022-03-30 01:07:43,legacy/2026-05-20-pre-v2-import/data/raw/emurgo2/delegation_history.csv
fourth_entry_781m,pool10quq4wlghwrvmhdzc7geq22pyhzegccwj56ax2g8hx0cjfahufs,10,13,210,297,2020-08-02 23:48:51,2021-10-08 18:48:24,legacy/2026-05-20-pre-v2-import/data/raw/emurgo2/delegation_history.csv
fourth_entry_781m,pool10zyf32q3w3n9x940j6yqgkwuegzn77p94wcmpku6gvmrqw8a97d,10,12,224,325,2020-10-11 16:13:18,2022-02-26 04:48:38,legacy/2026-05-20-pre-v2-import/data/raw/emurgo2/delegation_history.csv
fourth_entry_781m,pool15f9qklmaajysmwx9n3rkgc5s2g3rfffz4x8spnedtzdgq43tpe2,10,15,211,383,2020-08-04 18:05:51,2022-12-12 19:04:28,legacy/2026-05-20-pre-v2-import/data/raw/emurgo2/delegation_history.csv
fourth_entry_781m,pool15s7w4spg5ee7n7rprhs0dq78plw2mhjkpu5v97uvl27gz2way7z,10,11,476,617,2024-03-22 00:51:20,2026-02-26 17:42:02,legacy/2026-05-20-pre-v2-import/data/raw/emurgo2/delegation_history.csv
fourth_entry_781m,pool192pfftt48zc4x5aellvpufk6l6zxllpldw0rx82vrhqrqfhhqs2,10,10,501,583,2024-07-27 14:21:28,2025-09-11 15:32:49,legacy/2026-05-20-pre-v2-import/data/raw/emurgo2/delegation_history.csv
fourth_entry_781m,pool1cmaafeyy52ppz62jqmsm20c5p8nua7xx95lkkf96ktmqqj3w5td,10,20,247,482,2021-02-02 17:44:56,2024-04-23 15:50:36,legacy/2026-05-20-pre-v2-import/data/raw/emurgo2/delegation_history.csv
fourth_entry_781m,pool1efxh54fk0dj5uu2e4eu08klxl5ys3saphv3kec33kw3xv8738sc,10,13,236,325,2020-12-09 19:28:37,2022-03-01 19:22:53,legacy/2026-05-20-pre-v2-import/data/raw/emurgo2/delegation_history.csv
fourth_entry_781m,pool1gr7jlqk9kmhwuztdwcwf6nyr2teeq9r8h4y62ev0xrrvyvwly64,10,10,362,415,2022-09-02 18:17:46,2023-05-21 17:39:43,legacy/2026-05-20-pre-v2-import/data/raw/emurgo2/delegation_history.csv
fourth_entry_781m,pool1pclcqwg45da00d4py9qfry3k86w7vkzjgfmvyrpx75g7u8t9nwf,10,14,323,489,2022-02-14 23:43:17,2024-05-26 20:34:26,legacy/2026-05-20-pre-v2-import/data/raw/emurgo2/delegation_history.csv
fourth_entry_781m,pool1pemnlylem2e94xguhd3fytj90848kpv4agvr6rthx2tp58z79ek,10,10,238,525,2020-12-19 08:27:46,2024-11-24 01:25:09,legacy/2026-05-20-pre-v2-import/data/raw/emurgo2/delegation_history.csv
fourth_entry_781m,pool1pu5jlj4q9w9jlxeu370a3c9myx47md5j5m2str0naunn2q3lkdy,10,10,210,280,2020-07-29 22:25:51,2021-07-16 23:46:55,legacy/2026-05-20-pre-v2-import/data/raw/emurgo2/delegation_history.csv
fourth_entry_781m,pool1q9049mstrv5czwyylpf3xen08pmvsfsgtru4wf3zvc9uxat2sm0,10,10,419,585,2023-06-09 22:13:17,2025-09-19 19:15:30,legacy/2026-05-20-pre-v2-import/data/raw/emurgo2/delegation_history.csv
fourth_entry_781m,pool1qqqq4md2rfdt75qvh3x9cgmkrgkl74ctcj3fnxpu3ylcudl22ex,10,12,210,326,2020-08-03 11:44:51,2022-03-02 14:23:51,legacy/2026-05-20-pre-v2-import/data/raw/emurgo2/delegation_history.csv
fourth_entry_781m,pool1r3ax7pd3cgad5kttench60ttr23kvfpx3vzvd6c3azppgw7q93t,10,11,455,543,2023-12-11 15:17:30,2025-02-22 11:22:01,legacy/2026-05-20-pre-v2-import/data/raw/emurgo2/delegation_history.csv
fourth_entry_781m,pool1rj6apcqxcvavaxp22f75zs9upphena7ntsnut2efvq98g4404up,10,10,210,256,2020-08-02 20:26:31,2021-03-18 08:02:12,legacy/2026-05-20-pre-v2-import/data/raw/emurgo2/delegation_history.csv
fourth_entry_781m,pool1s79cqtwk5s24lcske704ckx7k2pagn8hc95rxvy3xfda6r62pg9,10,10,234,250,2020-12-01 16:43:30,2021-02-17 03:42:55,legacy/2026-05-20-pre-v2-import/data/raw/emurgo2/delegation_history.csv
fourth_entry_781m,pool1tpy5yawzpetcverves0h6xdycxgrstehfvrkygydt9jcqxwpw3j,10,10,325,455,2022-02-25 08:48:35,2023-12-09 09:12:14,legacy/2026-05-20-pre-v2-import/data/raw/emurgo2/delegation_history.csv
fourth_entry_781m,pool1w6l6rvhxtym5psec3mvgrjlg28d6hrv8g9jjexadzmxfgndfg2f,10,10,220,317,2020-09-19 10:42:59,2022-01-20 05:57:47,legacy/2026-05-20-pre-v2-import/data/raw/emurgo2/delegation_history.csv
fourth_entry_781m,pool1wyfau3rlkckr3clr4mkyxn9vdlrkup0fj7uyyflfccmms24gm3a,10,10,234,262,2020-11-27 04:09:51,2021-04-20 11:59:51,legacy/2026-05-20-pre-v2-import/data/raw/emurgo2/delegation_history.csv
fourth_entry_781m,pool10tqeu6d03p6rnalqlvdshmpsljxaq2c0ww6draq6xm8lgyl2a3p,9,9,225,572,2020-10-13 21:28:01,2025-07-13 22:35:54,legacy/2026-05-20-pre-v2-import/data/raw/emurgo2/delegation_history.csv
fourth_entry_781m,pool12n6lycv28kjtkzecfz2a3uujyxy6ewuwjcmjq84my67psqmgagv,9,9,219,256,2020-09-15 06:56:16,2021-03-20 08:25:57,legacy/2026-05-20-pre-v2-import/data/raw/emurgo2/delegation_history.csv
fourth_entry_781m,pool14wf6e8l64wktss9f30tjzm5th8u85vlc3sc4ulw87tfqkhdl3x6,9,9,234,235,2020-11-30 16:17:10,2020-12-06 21:19:20,legacy/2026-05-20-pre-v2-import/data/raw/emurgo2/delegation_history.csv
fourth_entry_781m,pool15nww4436eq733eypdq7vnllsnqyrwftw434xkvpm2mc2kfue2ux,9,10,252,365,2021-02-27 12:06:50,2022-09-14 14:03:59,legacy/2026-05-20-pre-v2-import/data/raw/emurgo2/delegation_history.csv
fourth_entry_781m,pool17ynruzy9lvq0x55ks22vtf4lrrdrw2ucydh4tfzhg9kkyeaw8nf,9,13,249,379,2021-02-12 07:43:11,2022-11-22 19:48:12,legacy/2026-05-20-pre-v2-import/data/raw/emurgo2/delegation_history.csv
fourth_entry_781m,pool1c3ecg6h4m73a2mftmdm9mz3gxklxmnzuwzl9e38lzd4y26qcm8a,9,10,232,290,2020-11-20 04:00:15,2021-09-03 16:20:08,legacy/2026-05-20-pre-v2-import/data/raw/emurgo2/delegation_history.csv
fourth_entry_781m,pool1cduc7ut6grhqyavrmm3gzcdf4qfdsjk7vdwcxy9c0r5fyaxh2sq,9,9,217,255,2020-09-03 08:23:35,2021-03-16 04:31:39,legacy/2026-05-20-pre-v2-import/data/raw/emurgo2/delegation_history.csv
fourth_entry_781m,pool1ewrm7y47s9hv6hxku9n5gfnsuspymp0qqpwgvgm9rvm37cek2h6,9,13,301,429,2021-10-31 21:15:26,2023-07-31 21:11:55,legacy/2026-05-20-pre-v2-import/data/raw/emurgo2/delegation_history.csv
fourth_entry_781m,pool1g6g2d09le8hd6nv9jhyavewdnw8tu0ndst4lqysd00ru24cav0a,9,9,210,407,2020-07-30 15:15:11,2023-04-14 14:26:24,legacy/2026-05-20-pre-v2-import/data/raw/emurgo2/delegation_history.csv
fourth_entry_781m,pool1h4gwh638485yd0xcw0pkrm935nvm4aecqsxjx2yzzz0u6dfj73q,9,10,308,324,2021-12-02 05:24:57,2022-02-21 05:00:47,legacy/2026-05-20-pre-v2-import/data/raw/emurgo2/delegation_history.csv
fourth_entry_781m,pool1j6dh3ynys827j38976q0q3s3c9hpzgx40kjcq4472h6m7d3t0hm,9,9,227,323,2020-10-26 20:11:26,2022-02-15 18:42:52,legacy/2026-05-20-pre-v2-import/data/raw/emurgo2/delegation_history.csv
fourth_entry_781m,pool1jql92je87mrx5gpjhmwr6a8a766cktcf5p0p8wd0wxq87nu80yf,9,9,256,327,2021-03-19 08:33:10,2022-03-07 16:38:06,legacy/2026-05-20-pre-v2-import/data/raw/emurgo2/delegation_history.csv
fourth_entry_781m,pool1l06jygvntdfqt77td6g5rp9s4nycue0vq837jmrygyktke23pcy,9,9,252,254,2021-02-26 01:01:11,2021-03-09 23:45:38,legacy/2026-05-20-pre-v2-import/data/raw/emurgo2/delegation_history.csv
fourth_entry_781m,pool1yj9xduuwzvdkcwm2mc9x893zq684x7pyah4ja8zmzplgvxz6wgk,9,10,248,285,2021-02-06 18:38:32,2021-08-09 17:53:20,legacy/2026-05-20-pre-v2-import/data/raw/emurgo2/delegation_history.csv
fourth_entry_781m,pool1zkdc6ve9nndk7vxnjlalhqt4hr5h8auz5qzjk7lrjrqtv23yuy5,9,9,468,603,2024-02-11 00:41:40,2025-12-18 10:54:20,legacy/2026-05-20-pre-v2-import/data/raw/emurgo2/delegation_history.csv
fourth_entry_781m,pool10efuydxjnasr0309lqklmj9xahupdnzqd59r5dqjeh4twz06tr0,8,8,213,387,2020-08-18 11:39:17,2023-01-04 18:20:36,legacy/2026-05-20-pre-v2-import/data/raw/emurgo2/delegation_history.csv
fourth_entry_781m,pool12jnulzs7j8lsku4r2a7q6tee6tt66872vwhqh8jxvgzn6837jtl,8,10,236,343,2020-12-10 06:52:33,2022-05-27 01:13:56,legacy/2026-05-20-pre-v2-import/data/raw/emurgo2/delegation_history.csv
fourth_entry_781m,pool13pt7us94nw782t5v4d89sz8zqn8hcn8r8r7hhph5mvxvvp3c76v,8,8,256,324,2021-03-18 08:38:09,2022-02-22 02:48:35,legacy/2026-05-20-pre-v2-import/data/raw/emurgo2/delegation_history.csv
fourth_entry_781m,pool17taqml487n9t4r9a6ppvf9qv0qlw2lu4zcrzwfdsfcv6xp7uqym,8,8,323,592,2022-02-14 22:59:26,2025-10-24 22:47:15,legacy/2026-05-20-pre-v2-import/data/raw/emurgo2/delegation_history.csv
fourth_entry_781m,pool1a23gmvalpdams9d42t7fur8vmknzjv7wd3nsvuvrc7dv66lnau0,8,9,325,550,2022-02-26 00:55:26,2025-03-28 18:52:44,legacy/2026-05-20-pre-v2-import/data/raw/emurgo2/delegation_history.csv
fourth_entry_781m,pool1d3gckjrphwytzw2uavgkxskwe08msumzsfj4lxnpcnpks3zjml3,8,10,318,548,2022-01-23 01:14:07,2025-03-19 00:15:08,legacy/2026-05-20-pre-v2-import/data/raw/emurgo2/delegation_history.csv
fourth_entry_781m,pool1e4tjrl3ve7dcqwa70pexds6f8llk0txx09gm3r4m472ej4p6473,8,10,231,524,2020-11-16 11:42:33,2024-11-16 16:58:51,legacy/2026-05-20-pre-v2-import/data/raw/emurgo2/delegation_history.csv
fourth_entry_781m,pool1g0nq3m3fnvd245k4favcvutn09vce0yshg535f68d2xa54vy0cc,8,8,234,306,2020-12-01 15:24:51,2021-11-26 16:01:11,legacy/2026-05-20-pre-v2-import/data/raw/emurgo2/delegation_history.csv
fourth_entry_781m,pool1jqw9cv37w0eewvdr36w2kacd2w9wh5uwm2y3vmc0fmdfc0ax26l,8,17,242,255,2021-01-06 09:20:41,2021-03-12 07:18:21,legacy/2026-05-20-pre-v2-import/data/raw/emurgo2/delegation_history.csv
fourth_entry_781m,pool1jx4ss2zjage3cw0wht3450328y82yeprmq4fr3e2qtac2rhezkv,8,10,210,294,2020-07-30 05:39:11,2021-09-23 02:33:21,legacy/2026-05-20-pre-v2-import/data/raw/emurgo2/delegation_history.csv
fourth_entry_781m,pool1k6knum588fm9fe5tmljeytyx65rv6h5jn8au824t86zt62nyd9e,8,8,235,262,2020-12-02 19:25:58,2021-04-16 15:43:17,legacy/2026-05-20-pre-v2-import/data/raw/emurgo2/delegation_history.csv
fourth_entry_781m,pool1k9w9u6rrn4f729hws6crwh4kc9jsdjq0e8q0f64jp0vzyallw02,8,8,296,299,2021-10-06 11:44:59,2021-10-19 19:03:42,legacy/2026-05-20-pre-v2-import/data/raw/emurgo2/delegation_history.csv
fourth_entry_781m,pool1ksh2u6kktx74ugv8jadrdqttwyjz9074ke82xt6j0qgfvdn43a5,8,8,234,253,2020-11-27 01:11:35,2021-03-03 22:56:41,legacy/2026-05-20-pre-v2-import/data/raw/emurgo2/delegation_history.csv
fourth_entry_781m,pool1pmeetaqhlsdc5yj8snp8j46hprs9mzghxcl63vch95trz3xwpln,8,9,322,342,2022-02-11 19:33:43,2022-05-21 07:09:15,legacy/2026-05-20-pre-v2-import/data/raw/emurgo2/delegation_history.csv
fourth_entry_781m,pool1pmrgd8snhv0nnj97xcg70nqqhg0v9g3d0e93jl8vn23wxtsxz53,8,9,224,269,2020-10-09 05:19:17,2021-05-25 09:17:40,legacy/2026-05-20-pre-v2-import/data/raw/emurgo2/delegation_history.csv
fourth_entry_781m,pool1q0memmdw4ktr88fkma53tqgkaqeq3wfc476le59rped4cu8tn4h,8,12,217,323,2020-09-07 19:43:13,2022-02-15 16:42:22,legacy/2026-05-20-pre-v2-import/data/raw/emurgo2/delegation_history.csv
fourth_entry_781m,pool1qqmvjqwzcg3p0x89a9hd6lgwvqq8wy2w6mcx0csaxq4x6xz7qyn,8,8,252,267,2021-02-25 16:08:26,2021-05-11 08:42:30,legacy/2026-05-20-pre-v2-import/data/raw/emurgo2/delegation_history.csv
fourth_entry_781m,pool1srdjughnhp8xnn0wlf7gj7v9k8lmzl9ht4vhksp5qqc66fnpccj,8,9,404,443,2023-03-31 13:03:11,2023-10-12 00:21:24,legacy/2026-05-20-pre-v2-import/data/raw/emurgo2/delegation_history.csv
fourth_entry_781m,pool1ulx9ennungrtcucslrpz93cze5fddlg96h0wwj83p6fpsrvgz2v,8,8,236,255,2020-12-07 19:25:53,2021-03-16 20:54:40,legacy/2026-05-20-pre-v2-import/data/raw/emurgo2/delegation_history.csv
fourth_entry_781m,pool127gdv243hfcrapslaqq0nnh64u2gts72gtrt4888g6g2z0zsu64,7,8,249,342,2021-02-12 13:58:10,2022-05-24 19:42:52,legacy/2026-05-20-pre-v2-import/data/raw/emurgo2/delegation_history.csv
fourth_entry_781m,pool12fclephansjkz0qn339w7mu9jwef2ty439as08avaw7fuyk56j6,7,9,210,235,2020-07-31 00:24:51,2020-12-01 23:55:33,legacy/2026-05-20-pre-v2-import/data/raw/emurgo2/delegation_history.csv
fourth_entry_781m,pool15hx9hze8ulcsw6e7ceelz2pem2g3u9c29wqe4eszkhspj3wcdlx,7,9,321,355,2022-02-08 00:55:00,2022-07-25 07:15:14,legacy/2026-05-20-pre-v2-import/data/raw/emurgo2/delegation_history.csv
fourth_entry_781m,pool15mv5w2vvfv2kplkrt40ylylyvdudv5axq5nyw6ln3v0gkd2auew,7,7,231,259,2020-11-15 13:14:51,2021-04-01 18:37:59,legacy/2026-05-20-pre-v2-import/data/raw/emurgo2/delegation_history.csv
fourth_entry_781m,pool15txd36fltfgc63qq0yxtpqt88eu76s0yhugn9a6q7f4zspq6k5f,7,7,210,420,2020-08-03 06:57:51,2023-06-17 15:24:56,legacy/2026-05-20-pre-v2-import/data/raw/emurgo2/delegation_history.csv
fourth_entry_781m,pool17pv7m8h5dxsyt55upay8n8ake2cgcz4mcr737um2tl8d2wthzqr,7,9,213,354,2020-08-14 22:07:26,2022-07-22 08:13:12,legacy/2026-05-20-pre-v2-import/data/raw/emurgo2/delegation_history.csv
fourth_entry_781m,pool180pfdeg9shtdu47hcjdw2kcxhz7r6pz3juzej8mkdjvtjt7mkm0,7,7,218,271,2020-09-11 21:58:55,2021-06-04 21:43:12,legacy/2026-05-20-pre-v2-import/data/raw/emurgo2/delegation_history.csv
fourth_entry_781m,pool18hzjrr0xhadznttzq0va5vdhz2xyzjrju5ac7ztkwajdg80uvw4,7,8,210,323,2020-07-30 18:55:11,2022-02-18 03:47:17,legacy/2026-05-20-pre-v2-import/data/raw/emurgo2/delegation_history.csv
fourth_entry_781m,pool18j287g2sccele52hhxc0csk2ghfghwndqm9yahdqnhjks840wtq,7,8,286,321,2021-08-14 15:24:45,2022-02-09 20:00:27,legacy/2026-05-20-pre-v2-import/data/raw/emurgo2/delegation_history.csv
fourth_entry_781m,pool190a9js7lk9lvmrngre7w268z9tz9xs9yz77audvw8ag4jerfdhx,7,7,217,235,2020-09-03 03:18:38,2020-12-06 05:56:36,legacy/2026-05-20-pre-v2-import/data/raw/emurgo2/delegation_history.csv
fourth_entry_781m,pool19nw9emug78q4uxwr8lv0glvmmzwr6lhylgy4ztaagjsjvyqjylw,7,14,259,323,2021-04-01 19:22:12,2022-02-15 12:18:05,legacy/2026-05-20-pre-v2-import/data/raw/emurgo2/delegation_history.csv
fourth_entry_781m,pool1cd987kw92e3nmjywcfwfws79a09rwp0p0xj5mdtr39qukxgp9uf,7,8,215,473,2020-08-27 18:28:57,2024-03-08 18:52:08,legacy/2026-05-20-pre-v2-import/data/raw/emurgo2/delegation_history.csv
fourth_entry_781m,pool1cspe7naf0mtntwyysqxk6czah3jlh6v4cja8pdfju932yxsehnm,7,7,350,442,2022-06-30 08:16:14,2023-10-07 15:15:00,legacy/2026-05-20-pre-v2-import/data/raw/emurgo2/delegation_history.csv
fourth_entry_781m,pool1djg8jsygtculv3q2qdrxtnpxfq003pdxcvlw2pvfupq7jm5xpgp,7,8,239,296,2020-12-22 19:03:25,2021-10-04 03:41:22,legacy/2026-05-20-pre-v2-import/data/raw/emurgo2/delegation_history.csv
fourth_entry_781m,pool1e556526sqwugxwnmeumt9lhj5jukklg8vv3ynk75xt9vs7adr5y,7,9,211,264,2020-08-04 21:47:51,2021-04-25 23:07:54,legacy/2026-05-20-pre-v2-import/data/raw/emurgo2/delegation_history.csv
fourth_entry_781m,pool1ea9mdplehlxeqhv8ax9ldh36gltqqma7c5cm30jw09r2y30646r,7,7,233,258,2020-11-24 13:54:51,2021-03-30 18:28:18,legacy/2026-05-20-pre-v2-import/data/raw/emurgo2/delegation_history.csv
fourth_entry_781m,pool1fu567g42mlv9f7enek7zeh94c0aht98w44du7s29t0elzd9yazz,7,7,236,251,2020-12-07 13:57:46,2021-02-21 10:02:18,legacy/2026-05-20-pre-v2-import/data/raw/emurgo2/delegation_history.csv
fourth_entry_781m,pool1gas95lqlch5pj5e4lwg78gxlq7km9xfurfd557x4tgwk5kktd04,7,8,317,389,2022-01-16 22:24:34,2023-01-11 21:27:33,legacy/2026-05-20-pre-v2-import/data/raw/emurgo2/delegation_history.csv
fourth_entry_781m,pool1gsrcrjm6ctkquef6m8jsyvplv0j357hupn92uklqdcm7729ytv6,7,8,303,393,2021-11-09 21:02:55,2023-02-03 15:50:31,legacy/2026-05-20-pre-v2-import/data/raw/emurgo2/delegation_history.csv
fourth_entry_781m,pool1j6490a90qefvsqxdurf99z9ld50rtthaz9ms6c8xh78s52veuq2,7,8,242,282,2021-01-09 10:57:15,2021-07-28 15:41:20,legacy/2026-05-20-pre-v2-import/data/raw/emurgo2/delegation_history.csv
fourth_entry_781m,pool1krznhwu3h5pu2stuslr53z5rme50t6384macsmylcnljwc7yjky,7,7,241,596,2021-01-05 16:44:46,2025-11-12 11:21:11,legacy/2026-05-20-pre-v2-import/data/raw/emurgo2/delegation_history.csv
fourth_entry_781m,pool1llxh8l0h8g9ghz3nrzh7ndvev4x43vnk72nsemzm795vxqs6dp8,7,7,210,229,2020-08-02 11:48:31,2020-11-06 02:00:11,legacy/2026-05-20-pre-v2-import/data/raw/emurgo2/delegation_history.csv
fourth_entry_781m,pool1m0drnjxsvnlesq0rwmur2rh6lenuql57jfzd6cf6aegj2cv7ugy,7,11,493,574,2024-06-18 10:07:17,2025-07-28 06:28:08,legacy/2026-05-20-pre-v2-import/data/raw/emurgo2/delegation_history.csv
fourth_entry_781m,pool1n2yp66zk6m33sg8k20hsvmk9tw7xeeswzdcfxhnx9hm9jkxv5k4,7,8,266,323,2021-05-09 20:28:56,2022-02-18 21:41:26,legacy/2026-05-20-pre-v2-import/data/raw/emurgo2/delegation_history.csv
fourth_entry_781m,pool1qku2yhky7sv4dfjfv42uyvauhehuqevk25aw952d7ulzqzx3jcu,7,8,243,604,2021-01-14 18:24:05,2025-12-22 02:52:45,legacy/2026-05-20-pre-v2-import/data/raw/emurgo2/delegation_history.csv
fourth_entry_781m,pool1qqqqx69ztfvd83rtafs3mk4lwanehrglmp2vwkjpaguecs2t4c2,7,7,317,320,2022-01-18 05:33:38,2022-02-04 16:14:42,legacy/2026-05-20-pre-v2-import/data/raw/emurgo2/delegation_history.csv
fourth_entry_781m,pool1qzlwlyu92fsx94qu6u5nw3sy334f5yat3dv3jgx0grrsv0kp422,7,8,210,318,2020-08-02 12:31:51,2022-01-22 06:21:46,legacy/2026-05-20-pre-v2-import/data/raw/emurgo2/delegation_history.csv
fourth_entry_781m,pool1s2rj8t2a5tfv0rpsfak77g03h96uv3rqxp62t6jm3dh45g2e2pj,7,7,247,263,2021-02-02 15:14:54,2021-04-24 08:38:50,legacy/2026-05-20-pre-v2-import/data/raw/emurgo2/delegation_history.csv
fourth_entry_781m,pool1spus7k8cy5qcs82xhw60dwwk2d4vrfs0m5vr2zst04gtq700gjn,7,7,210,240,2020-07-30 06:46:31,2020-12-31 06:55:04,legacy/2026-05-20-pre-v2-import/data/raw/emurgo2/delegation_history.csv
fourth_entry_781m,pool1sr953s548fudyhmfm082xp0mensv2gxzt4qpe466ykw0z3jjzvv,7,10,212,398,2020-08-12 19:38:31,2023-03-01 17:42:45,legacy/2026-05-20-pre-v2-import/data/raw/emurgo2/delegation_history.csv
fourth_entry_781m,pool1tmt8thfaqeqv499l3s7k5kl64s84nycvnx55ll3ksm9hq50p0ks,7,7,305,402,2021-11-20 21:34:17,2023-03-19 14:50:03,legacy/2026-05-20-pre-v2-import/data/raw/emurgo2/delegation_history.csv
fourth_entry_781m,pool1twu4rn366744tqq9g66ruy3rete6842z7nnm4vy0q5jaqd48867,7,8,210,255,2020-07-30 14:44:31,2021-03-16 21:35:42,legacy/2026-05-20-pre-v2-import/data/raw/emurgo2/delegation_history.csv
fourth_entry_781m,pool1uzla0r73fvpnvxr07m98nfzlxcv3q26mkjz00cqjfh7uqsyjkju,7,7,232,331,2020-11-21 19:42:07,2022-03-31 01:50:44,legacy/2026-05-20-pre-v2-import/data/raw/emurgo2/delegation_history.csv
fourth_entry_781m,pool1vdh6kxcqt9mxavyv80ggnec6jjwms44ms30rhle3lt266aj8jgh,7,9,317,319,2022-01-17 05:48:46,2022-01-30 13:49:09,legacy/2026-05-20-pre-v2-import/data/raw/emurgo2/delegation_history.csv
fourth_entry_781m,pool1w4am4s9w4gkt8r0245km62vtnnv9hhq6j68exzh2pyaxxfaq0gc,7,7,233,254,2020-11-23 08:27:23,2021-03-08 18:50:05,legacy/2026-05-20-pre-v2-import/data/raw/emurgo2/delegation_history.csv
fourth_entry_781m,pool1wjext9skqge8x7z5asvvmezlal6npjk8v2aduavt6fehyzhnu5a,7,8,256,322,2021-03-17 08:12:37,2022-02-14 19:36:50,legacy/2026-05-20-pre-v2-import/data/raw/emurgo2/delegation_history.csv
fourth_entry_781m,pool1xkwnlr34tjrnkz6u4c0p36cju3xuls4dyynsdkf6cv22ksuhz6q,7,7,523,597,2024-11-15 18:24:05,2025-11-19 17:00:19,legacy/2026-05-20-pre-v2-import/data/raw/emurgo2/delegation_history.csv
fourth_entry_781m,pool1yl76e0fhq0kcfy2jqs2mt6hl9xeyrnesehqp0p4s896lwv7hrta,7,9,235,505,2020-12-02 13:44:29,2024-08-13 17:22:48,legacy/2026-05-20-pre-v2-import/data/raw/emurgo2/delegation_history.csv
fourth_entry_781m,pool1030vz0wxheg0dvarr8hmeavelpszmp52qucs68c7wc9uga6n6e4,6,6,266,268,2021-05-08 12:57:50,2021-05-19 02:49:17,legacy/2026-05-20-pre-v2-import/data/raw/emurgo2/delegation_history.csv
fourth_entry_781m,pool10eltx2wej46e62ulmwzm35xfu0azu47yvpjper7gwhncqe74vg6,6,6,250,561,2021-02-15 17:03:24,2025-05-22 13:30:04,legacy/2026-05-20-pre-v2-import/data/raw/emurgo2/delegation_history.csv
fourth_entry_781m,pool10r8gk6z4epj36rluw3klk5k0uzfcdc0rw9cu0zuyxw56quaksrv,6,7,223,395,2020-10-07 06:40:32,2023-02-11 07:25:34,legacy/2026-05-20-pre-v2-import/data/raw/emurgo2/delegation_history.csv
fourth_entry_781m,pool10s6zdzdnncnfc200wnlp9endaeud76v424zdnurx9askwshm02x,6,6,402,406,2023-03-17 19:49:51,2023-04-06 16:55:24,legacy/2026-05-20-pre-v2-import/data/raw/emurgo2/delegation_history.csv
fourth_entry_781m,pool1457cnl7qu568h98xrw8krfnjkhf05mfhaq2l50epwy36yuln20q,6,6,442,583,2023-10-05 03:56:29,2025-09-10 13:12:46,legacy/2026-05-20-pre-v2-import/data/raw/emurgo2/delegation_history.csv
fourth_entry_781m,pool14fjmlppz76667ws3jl5luejf2wgztuhpsftulvh3ucc65anqgve,6,7,256,459,2021-03-21 05:18:37,2023-12-27 06:50:09,legacy/2026-05-20-pre-v2-import/data/raw/emurgo2/delegation_history.csv
fourth_entry_781m,pool14mm59ntjqzphjr6chrww639cdr3yjce4qcwzc5jkk38y22u7uc6,6,6,210,212,2020-07-30 12:18:31,2020-08-11 12:22:31,legacy/2026-05-20-pre-v2-import/data/raw/emurgo2/delegation_history.csv
fourth_entry_781m,pool14rnkjjate6rqa7f9xmezgwne99n8hlahg7ymcyhzkhus758r3h7,6,6,420,469,2023-06-17 15:23:08,2024-02-18 22:52:40,legacy/2026-05-20-pre-v2-import/data/raw/emurgo2/delegation_history.csv
fourth_entry_781m,pool155cu3s06js3llfh07vnzepatfuvt3s5s7uwldt9rzz55wz7pugt,6,7,214,253,2020-08-20 01:23:11,2021-03-03 08:42:23,legacy/2026-05-20-pre-v2-import/data/raw/emurgo2/delegation_history.csv
fourth_entry_781m,pool15cy4p3axu0m6sfrmxsp46z5cevx3ruksfwjl48730cgx24j4ydz,6,6,306,620,2021-11-23 14:52:10,2026-03-15 07:39:06,legacy/2026-05-20-pre-v2-import/data/raw/emurgo2/delegation_history.csv
fourth_entry_781m,pool1a600v0jd2z3yajazd80phln3exekumm7g56d9yvlrh6vx8dx2fc,6,8,217,255,2020-09-03 11:07:28,2021-03-12 06:23:38,legacy/2026-05-20-pre-v2-import/data/raw/emurgo2/delegation_history.csv
fourth_entry_781m,pool1a8n7f97dmgtgrnl53exccknjdchqxrr9508hlxlgqp6xvjmzhej,6,7,445,489,2023-10-18 11:56:52,2024-05-29 08:51:42,legacy/2026-05-20-pre-v2-import/data/raw/emurgo2/delegation_history.csv
fourth_entry_781m,pool1c0xj2fa97zuz4phld87atg6yphz3hju409fm5xgnwuuvqww25qj,6,8,253,457,2021-03-02 20:03:20,2023-12-21 15:55:40,legacy/2026-05-20-pre-v2-import/data/raw/emurgo2/delegation_history.csv
fourth_entry_781m,pool1ccr56kt2f5tzjvztlkf8zhkpvaawkduwfye8ydsk646lz0m4h5x,6,6,254,323,2021-03-09 18:39:09,2022-02-17 22:01:36,legacy/2026-05-20-pre-v2-import/data/raw/emurgo2/delegation_history.csv
fourth_entry_781m,pool1cpr59c88ps8499gtgegr3muhclr7dln35g9a3rqmv4dkxg9n3h8,6,6,323,335,2022-02-16 16:36:43,2022-04-17 22:19:47,legacy/2026-05-20-pre-v2-import/data/raw/emurgo2/delegation_history.csv
fourth_entry_781m,pool1cunvnkjkzh2lna593sjmkylcr3r5rmxdpr8r9u6pfuer72p24x4,6,8,511,557,2024-09-13 21:34:19,2025-05-02 02:31:56,legacy/2026-05-20-pre-v2-import/data/raw/emurgo2/delegation_history.csv
fourth_entry_781m,pool1d76p7zfn2ydq577z4wsvmnl2lx4cxa3s5vplfuhvr8qfw8hd05j,6,6,236,255,2020-12-11 13:06:33,2021-03-16 07:49:02,legacy/2026-05-20-pre-v2-import/data/raw/emurgo2/delegation_history.csv
fourth_entry_781m,pool1eqj3dzpkcklc2r0v8pt8adrhrshq8m4zsev072ga7a52uj5wv5c,6,7,362,536,2022-08-29 14:58:07,2025-01-16 15:09:42,legacy/2026-05-20-pre-v2-import/data/raw/emurgo2/delegation_history.csv
fourth_entry_781m,pool1f2wfjqkf2wx6jq93pdck6hgmy9zgw32lmvrq9zejl7scqxjqfze,6,7,472,557,2024-03-04 09:25:43,2025-05-01 10:26:08,legacy/2026-05-20-pre-v2-import/data/raw/emurgo2/delegation_history.csv
fourth_entry_781m,pool1gxvkc0576e75065p5k0csvwme9y2qrefd5ga66nx0z65xxjt8jk,6,7,464,472,2024-01-23 18:09:09,2024-03-04 09:33:00,legacy/2026-05-20-pre-v2-import/data/raw/emurgo2/delegation_history.csv
fourth_entry_781m,pool1hcg8sa642l0xeygkzvpgn3sfj5s2yeuzpws7a0gypyy7grrjcje,6,6,210,248,2020-07-30 12:58:51,2021-02-09 11:47:45,legacy/2026-05-20-pre-v2-import/data/raw/emurgo2/delegation_history.csv
fourth_entry_781m,pool1ju8f57hyvaa32tp85r468kuedvmjmcy56f8u9968drea57p50l5,6,6,250,435,2021-02-18 00:42:24,2023-09-02 04:16:49,legacy/2026-05-20-pre-v2-import/data/raw/emurgo2/delegation_history.csv
fourth_entry_781m,pool1jyutduy73e5u9877uns3k9rm0tf4r24j8lrn4xtkjpl3q5sn5mw,6,6,210,332,2020-08-03 05:38:31,2022-04-02 12:53:49,legacy/2026-05-20-pre-v2-import/data/raw/emurgo2/delegation_history.csv
fourth_entry_781m,pool1kmsr376syqkluhxvv8k2axugqw7unjmlkwhfxjxtj7cw7qcn0jn,6,7,317,559,2022-01-18 08:59:02,2025-05-10 23:51:58,legacy/2026-05-20-pre-v2-import/data/raw/emurgo2/delegation_history.csv
fourth_entry_781m,pool1kvd03hq8kp0hnxq9lq598a5amrvauj9m386rwx7ydawvjdskwnh,6,6,248,401,2021-02-09 09:56:04,2023-03-11 23:48:43,legacy/2026-05-20-pre-v2-import/data/raw/emurgo2/delegation_history.csv
fourth_entry_781m,pool1l6aeyn35nkqkn9lqqlwqnpraakdzuukjrqprcrj3sctk6hhe32k,6,6,279,468,2021-07-13 13:34:51,2024-02-11 07:08:34,legacy/2026-05-20-pre-v2-import/data/raw/emurgo2/delegation_history.csv
fourth_entry_781m,pool1nhd907krga9dh69kf0jg4tl0764rravepy337gptvsknxyyx94k,6,8,245,419,2021-01-22 14:59:25,2023-06-10 22:20:43,legacy/2026-05-20-pre-v2-import/data/raw/emurgo2/delegation_history.csv
fourth_entry_781m,pool1pf6yhzdr9vpct5rc3dtwersl4lyuglp80l4jc67kf2qj29xjg2u,6,7,214,323,2020-08-23 04:36:10,2022-02-15 15:51:29,legacy/2026-05-20-pre-v2-import/data/raw/emurgo2/delegation_history.csv
fourth_entry_781m,pool1r0sxz0hygfc0266lhdclve6j3cwcwlth6dya6uey65yxjnwm7qc,6,6,259,324,2021-04-02 16:18:15,2022-02-24 21:33:17,legacy/2026-05-20-pre-v2-import/data/raw/emurgo2/delegation_history.csv
fourth_entry_781m,pool1r55hyfrd3tw6nzpkvf4rfceh2f04yph92fc462phnd0akp2s5r6,6,7,256,396,2021-03-20 00:35:46,2023-02-14 22:12:37,legacy/2026-05-20-pre-v2-import/data/raw/emurgo2/delegation_history.csv
fourth_entry_781m,pool1rcd7qslz3xnpnk9u6tcwegy5r2574uf8suqu24ptg637jha3sr5,6,6,219,260,2020-09-15 10:30:05,2021-04-10 16:23:24,legacy/2026-05-20-pre-v2-import/data/raw/emurgo2/delegation_history.csv
fourth_entry_781m,pool1szy2tdjj8a4av365wk3q2fqg9srllmt0383e6v9p664ng076x9e,6,8,326,465,2022-03-02 19:45:03,2024-01-29 03:47:29,legacy/2026-05-20-pre-v2-import/data/raw/emurgo2/delegation_history.csv
fourth_entry_781m,pool1t6n7rysk6wzm9wqxda6zxpzmm3j6256fs3mp06dc26n6503hhj4,6,8,512,614,2024-09-18 14:15:03,2026-02-13 13:21:24,legacy/2026-05-20-pre-v2-import/data/raw/emurgo2/delegation_history.csv
fourth_entry_781m,pool1tdvqgy6mq7lx7d345e276xmgmhh3s4zj8dzu6xzq5m7rx4tzkg2,6,6,255,575,2021-03-15 18:56:24,2025-08-02 15:24:22,legacy/2026-05-20-pre-v2-import/data/raw/emurgo2/delegation_history.csv
fourth_entry_781m,pool1uthdnav2zc2hxpg2hyeyy545lnxtl8lqdcdqxjm0j8t5srmyvzj,6,6,211,266,2020-08-08 05:29:51,2021-05-09 06:30:54,legacy/2026-05-20-pre-v2-import/data/raw/emurgo2/delegation_history.csv
fourth_entry_781m,pool1xj5f7a79lnc9v0gjn00fkf2lyzexngka59tpcew5rrkyqveagpt,6,12,231,331,2020-11-12 07:47:01,2022-03-27 14:39:22,legacy/2026-05-20-pre-v2-import/data/raw/emurgo2/delegation_history.csv
fourth_entry_781m,pool1xppj5zu9kmuqk05u6dtd3dmtj7fl25cvjyzsc95gmfyjywaslnp,6,9,237,268,2020-12-16 00:47:03,2021-05-20 12:57:10,legacy/2026-05-20-pre-v2-import/data/raw/emurgo2/delegation_history.csv
fourth_entry_781m,pool1xs34q2z06a46nk7hl48d27dj5gzc6hh9trugw2ehs9ajsevqffx,6,6,471,612,2024-02-29 12:20:07,2026-01-31 18:06:48,legacy/2026-05-20-pre-v2-import/data/raw/emurgo2/delegation_history.csv
fourth_entry_781m,pool10ysem79xjxd223plxqws0fheawd78znr3qs4h2h422gmxa40amu,5,6,256,325,2021-03-17 16:58:47,2022-02-25 08:47:24,legacy/2026-05-20-pre-v2-import/data/raw/emurgo2/delegation_history.csv
fourth_entry_781m,pool1258yqnsegc3k7raqcdkxu4893aqexxljflmg9g96yfha2qytayv,5,5,263,286,2021-04-22 06:37:12,2021-08-15 17:28:22,legacy/2026-05-20-pre-v2-import/data/raw/emurgo2/delegation_history.csv
fourth_entry_781m,pool12rs385dd534g8gtdtmnvlhq63whdvc6vnuzxa5cpx843zdy73qy,5,5,250,317,2021-02-19 14:11:20,2022-01-17 14:33:38,legacy/2026-05-20-pre-v2-import/data/raw/emurgo2/delegation_history.csv
fourth_entry_781m,pool12vv4c6z7yf8j4m2amzej4j8tn2d4dxklqk5nqztz7wl02gratjp,5,5,253,277,2021-03-06 18:13:44,2021-07-04 21:13:52,legacy/2026-05-20-pre-v2-import/data/raw/emurgo2/delegation_history.csv
fourth_entry_781m,pool13hxlxd6qa68fmfhrvvmasa0mjg30tj9p5v2lmgmgsmrp2rgzkfp,5,5,455,594,2023-12-09 03:18:21,2025-11-01 04:35:39,legacy/2026-05-20-pre-v2-import/data/raw/emurgo2/delegation_history.csv
fourth_entry_781m,pool1429egqgv60r3nxlp6cvs08qcffv7duddjvyjd0pt6wzhj7akda8,5,6,250,484,2021-02-17 22:23:58,2024-05-01 20:57:55,legacy/2026-05-20-pre-v2-import/data/raw/emurgo2/delegation_history.csv
fourth_entry_781m,pool144m894gswuy3se407ma5870nkaw5ylykrak73gf4kpepj50ulfa,5,6,210,290,2020-07-30 10:37:31,2021-09-05 04:55:32,legacy/2026-05-20-pre-v2-import/data/raw/emurgo2/delegation_history.csv
fourth_entry_781m,pool16fa03u6u85ek2q8lryqprngpahglssj5qqh66pfaxf34vgu5rhl,5,6,296,328,2021-10-04 08:41:34,2022-03-14 08:57:48,legacy/2026-05-20-pre-v2-import/data/raw/emurgo2/delegation_history.csv
fourth_entry_781m,pool179rm8hz6zw9v9z5ghs85vf4q7vlanvqurxanxzrszjshwaarkck,5,5,246,256,2021-01-26 17:23:03,2021-03-18 08:36:36,legacy/2026-05-20-pre-v2-import/data/raw/emurgo2/delegation_history.csv
fourth_entry_781m,pool18872nzahx0h2f7j58pxrn5rjektn8na8p4amv08x2xj8qkht30g,5,7,279,341,2021-07-10 14:00:38,2022-05-16 03:03:16,legacy/2026-05-20-pre-v2-import/data/raw/emurgo2/delegation_history.csv
fourth_entry_781m,pool19ae6xhzsscypyha0sszv90xwjsh20hxecxjpcqynshfawvwxqnn,5,5,210,445,2020-07-30 12:34:31,2023-10-18 08:32:39,legacy/2026-05-20-pre-v2-import/data/raw/emurgo2/delegation_history.csv
fourth_entry_781m,pool19lz8nyz0jjpdrdtnjaar4untk4th23gpg5s7aegn7480zff4vgq,5,7,235,269,2020-12-02 14:35:22,2021-05-21 17:01:33,legacy/2026-05-20-pre-v2-import/data/raw/emurgo2/delegation_history.csv
fourth_entry_781m,pool1aq2kqdp9xf9w47vttvmqnahwd4scz2qyddsr9l4mfru4qddg3kr,5,6,334,404,2022-04-13 10:29:24,2023-03-29 07:13:29,legacy/2026-05-20-pre-v2-import/data/raw/emurgo2/delegation_history.csv
fourth_entry_781m,pool1cf7mqj0xd8z4jqhr7nf565mxuvepk8euv5t6ehmuwe49kfz9llr,5,6,262,324,2021-04-16 05:30:35,2022-02-22 22:55:54,legacy/2026-05-20-pre-v2-import/data/raw/emurgo2/delegation_history.csv
fourth_entry_781m,pool1crprz3rdcwvfxmc0s4gxquh3qeqmscww2qfvpl93q52yyn7agsc,5,5,210,239,2020-07-30 13:06:31,2020-12-22 14:41:31,legacy/2026-05-20-pre-v2-import/data/raw/emurgo2/delegation_history.csv
fourth_entry_781m,pool1ddskftmsscw92d7vnj89pldwx5feegkgcmamgt5t0e4lkd7mdp8,5,6,210,213,2020-07-29 22:15:11,2020-08-18 10:00:46,legacy/2026-05-20-pre-v2-import/data/raw/emurgo2/delegation_history.csv
fourth_entry_781m,pool1df9rj4n0t3zlpak7xnh4ue6t3yh9zlw7a02w4l8askp77up25rt,5,7,311,575,2021-12-20 09:43:26,2025-08-01 14:08:57,legacy/2026-05-20-pre-v2-import/data/raw/emurgo2/delegation_history.csv
fourth_entry_781m,pool1dmqzwuql5mylffvn7ln3pr9j7kh4gdsssrmma5wgx56f6rtyf42,5,7,212,406,2020-08-11 13:25:51,2023-04-06 00:28:46,legacy/2026-05-20-pre-v2-import/data/raw/emurgo2/delegation_history.csv
fourth_entry_781m,pool1dqlgn7smehsnj5ztz8almy2036lfhrdjv79nmg9tmje0zzt620h,5,6,215,263,2020-08-24 20:20:24,2021-04-23 16:03:53,legacy/2026-05-20-pre-v2-import/data/raw/emurgo2/delegation_history.csv
fourth_entry_781m,pool1e59h5m5vyggszyafel7zvcnsayt2de7wyxyezlrsmm4a679q3zr,5,5,461,477,2024-01-06 16:16:02,2024-03-29 05:30:03,legacy/2026-05-20-pre-v2-import/data/raw/emurgo2/delegation_history.csv
fourth_entry_781m,pool1f3qeehc4htjqpwv248kf5lfaumd0e84jtze379ev3ywa2w69aam,5,5,296,322,2021-10-07 18:53:29,2022-02-11 07:53:24,legacy/2026-05-20-pre-v2-import/data/raw/emurgo2/delegation_history.csv
fourth_entry_781m,pool1gqvrgg7zycvf65ydkjeph72t0yx0f5ykzd9f477zh4f3smwk997,5,5,212,324,2020-08-09 02:52:31,2022-02-23 23:15:43,legacy/2026-05-20-pre-v2-import/data/raw/emurgo2/delegation_history.csv
fourth_entry_781m,pool1gr5pa4shzsyefw445qrpn5pxnuxa8tuev0jquz04acdx6efjpvg,5,7,305,327,2021-11-18 02:04:01,2022-03-10 00:18:33,legacy/2026-05-20-pre-v2-import/data/raw/emurgo2/delegation_history.csv
fourth_entry_781m,pool1gx6eawfvnhckevmlzhfz9j3uzj92j2wgww0mdd2fu5d4zd4wvaa,5,5,242,331,2021-01-08 09:59:26,2022-03-28 18:35:55,legacy/2026-05-20-pre-v2-import/data/raw/emurgo2/delegation_history.csv
fourth_entry_781m,pool1heks0vmxkfka2amg9c8yn8qdsxvgmzelfx6jhpfkj8ht5mn0r2m,5,5,219,588,2020-09-14 10:10:50,2025-10-02 20:41:14,legacy/2026-05-20-pre-v2-import/data/raw/emurgo2/delegation_history.csv
fourth_entry_781m,pool1hhy7qvgc2lmjlwg8z6yag67yjylrquy9hgxwyhgps5e07m8h0ep,5,7,242,314,2021-01-09 20:05:16,2022-01-02 04:32:44,legacy/2026-05-20-pre-v2-import/data/raw/emurgo2/delegation_history.csv
fourth_entry_781m,pool1hnnfvsq3xlln6vz7d2xmk6kqekd5z4ctmfpdad8g8kr0yk8kdfd,5,5,309,416,2021-12-07 01:56:33,2023-05-26 09:24:27,legacy/2026-05-20-pre-v2-import/data/raw/emurgo2/delegation_history.csv
fourth_entry_781m,pool1hv3yae6keeeu2y7eusejx4swd2myfkurldt7lasn2qu4xk20j8m,5,7,232,317,2020-11-21 18:17:03,2022-01-19 21:59:47,legacy/2026-05-20-pre-v2-import/data/raw/emurgo2/delegation_history.csv
fourth_entry_781m,pool1je2n5smmnyn3lh92xrp8nepjyfp596ypga6pmdecwtcrcj9uvec,5,7,285,323,2021-08-12 08:05:34,2022-02-15 23:20:14,legacy/2026-05-20-pre-v2-import/data/raw/emurgo2/delegation_history.csv
fourth_entry_781m,pool1jgwu8lq3dqddnnx7prymcgcyrqy0fdlghg33he2hmw9t2gma3zd,5,5,210,317,2020-08-01 01:49:51,2022-01-18 07:30:21,legacy/2026-05-20-pre-v2-import/data/raw/emurgo2/delegation_history.csv
fourth_entry_781m,pool1jpezycd8q3l6a255dv8wt7vpt4aay8llqakdn7vkum5swes4hu3,5,5,219,295,2020-09-13 09:49:08,2021-10-02 21:26:08,legacy/2026-05-20-pre-v2-import/data/raw/emurgo2/delegation_history.csv
fourth_entry_781m,pool1ksfzungz56vxa9sy6hr54v5hf6qx8rmcu6734gqm3qlxucveed6,5,5,287,323,2021-08-21 20:23:39,2022-02-19 00:26:45,legacy/2026-05-20-pre-v2-import/data/raw/emurgo2/delegation_history.csv
fourth_entry_781m,pool1l0m820vyqh5pp2yzpw973qzz23neqqd977u0uczh9fs9zqvg0je,5,5,426,536,2023-07-16 09:35:07,2025-01-16 11:12:11,legacy/2026-05-20-pre-v2-import/data/raw/emurgo2/delegation_history.csv
fourth_entry_781m,pool1lrnyqdlrj97d0ju5j6d9xa8prw0xeyumfd53rz5wk3gf7czqzjz,5,5,252,434,2021-02-26 15:53:25,2023-08-25 11:13:48,legacy/2026-05-20-pre-v2-import/data/raw/emurgo2/delegation_history.csv
fourth_entry_781m,pool1ls80gx9sen3qc7s6c7u2ajw6hk8faqanljugcg5tfukp6qscetv,5,5,282,282,2021-07-25 05:22:43,2021-07-28 14:59:35,legacy/2026-05-20-pre-v2-import/data/raw/emurgo2/delegation_history.csv
fourth_entry_781m,pool1meljzszklf23y97ka5sjqwasnel50xe5ar68gz70slm0jmt2wxs,5,15,249,419,2021-02-10 07:07:29,2023-06-13 13:42:43,legacy/2026-05-20-pre-v2-import/data/raw/emurgo2/delegation_history.csv
fourth_entry_781m,pool1mm7avcuw8v6f86esqtt6xx6rkagryrfq22y994snes832rjs2mt,5,5,247,253,2021-01-30 23:45:33,2021-03-03 15:57:32,legacy/2026-05-20-pre-v2-import/data/raw/emurgo2/delegation_history.csv
fourth_entry_781m,pool1mn6relcs7dn2fqzfq5yjlwxa49d900p5sdpw62jlx45k2djgwe4,5,6,210,513,2020-08-03 04:48:31,2024-09-23 07:57:00,legacy/2026-05-20-pre-v2-import/data/raw/emurgo2/delegation_history.csv
fourth_entry_781m,pool1my7sevxtc4dfvj626q0ujqqukntfa2v0uuydq6wd8x8hvml03rn,5,6,244,359,2021-01-16 03:47:58,2022-08-16 19:19:20,legacy/2026-05-20-pre-v2-import/data/raw/emurgo2/delegation_history.csv
fourth_entry_781m,pool1newmccddazerzanrdeeelvzk6vzh9stxn5n8ravshqa05n0t83u,5,6,420,522,2023-06-17 12:41:11,2024-11-10 00:13:04,legacy/2026-05-20-pre-v2-import/data/raw/emurgo2/delegation_history.csv
fourth_entry_781m,pool1nzsjg3cuam3uj39qusn44cs2uj7h30lppqsrqsllwxs2c8fx4xs,5,5,283,291,2021-07-31 02:13:41,2021-09-08 17:27:37,legacy/2026-05-20-pre-v2-import/data/raw/emurgo2/delegation_history.csv
fourth_entry_781m,pool1p5ja48uqc7pjnuqvwu7cgmspvx938qpnf4zqm0x2k0ngkh4lkjx,5,5,253,318,2021-03-02 14:48:07,2022-01-21 09:38:27,legacy/2026-05-20-pre-v2-import/data/raw/emurgo2/delegation_history.csv
fourth_entry_781m,pool1pvu2zdexh8wr4ggmuz90jvqrua6an43qj9m9urs785p8kwjzqwl,5,5,210,210,2020-08-01 07:32:11,2020-08-01 08:43:11,legacy/2026-05-20-pre-v2-import/data/raw/emurgo2/delegation_history.csv
fourth_entry_781m,pool1qkd5y9azf2xx0gmrj68lrkcn59ldjmnpzd3y2rq3tvjp2vqljan,5,5,286,340,2021-08-14 07:10:55,2022-05-11 19:50:40,legacy/2026-05-20-pre-v2-import/data/raw/emurgo2/delegation_history.csv
fourth_entry_781m,pool1re8cmjt895tpx8dx2veg0cew5yqtxnt82sll03e433a4ugnh9w7,5,5,254,334,2021-03-06 23:52:33,2022-04-14 04:05:33,legacy/2026-05-20-pre-v2-import/data/raw/emurgo2/delegation_history.csv
fourth_entry_781m,pool1svv9st22dywp9exwsltt7cdc4v2dyrf4zls00jesv2lzvpz45jh,5,5,236,256,2020-12-07 00:38:31,2021-03-19 20:52:58,legacy/2026-05-20-pre-v2-import/data/raw/emurgo2/delegation_history.csv
fourth_entry_781m,pool1uct8k7ruvu3dgl9hws4pj3tk9stzpls4evnys4r8q5vj2p9w92w,5,5,452,459,2023-11-24 04:26:42,2023-12-29 02:21:20,legacy/2026-05-20-pre-v2-import/data/raw/emurgo2/delegation_history.csv
fourth_entry_781m,pool1ufp38a9zwlvvrzcyxaxdrvav50nd7az5lyuzh4t0h3qp2gqamsx,5,5,242,607,2021-01-10 17:12:53,2026-01-05 12:56:15,legacy/2026-05-20-pre-v2-import/data/raw/emurgo2/delegation_history.csv
fourth_entry_781m,pool1vafsg5t78rnx3qr3fv7ys9h50pnvxqhd4l8tj629l5zk7tc39ch,5,5,291,317,2021-09-08 09:27:32,2022-01-19 14:52:54,legacy/2026-05-20-pre-v2-import/data/raw/emurgo2/delegation_history.csv
fourth_entry_781m,pool1vqm5n5d503uumuc89s5y4wuczrwe3tlgylt2u2uj7y276avr5pl,5,5,318,326,2022-01-23 08:53:54,2022-03-02 14:25:26,legacy/2026-05-20-pre-v2-import/data/raw/emurgo2/delegation_history.csv
fourth_entry_781m,pool1xaudqyen24fz02vhu9qa2ry44suzfk8z3lh7sc6qx7c3gpweww2,5,5,231,266,2020-11-12 19:48:45,2021-05-06 06:05:24,legacy/2026-05-20-pre-v2-import/data/raw/emurgo2/delegation_history.csv
fourth_entry_781m,pool1yr0cv3dtmhcfgqa6yetvmf769ngk89e6tepecmjrmjl2jzcw2lm,5,5,268,573,2021-05-17 14:27:44,2025-07-23 07:14:06,legacy/2026-05-20-pre-v2-import/data/raw/emurgo2/delegation_history.csv
fourth_entry_781m,pool1z56rnzw94rxxm5mwkyxfdwfej5fdh0k7056gqs6whr8tyjn48wq,5,6,300,309,2021-10-23 23:35:41,2021-12-07 02:13:40,legacy/2026-05-20-pre-v2-import/data/raw/emurgo2/delegation_history.csv
fourth_entry_781m,pool1ztk6dcj2nc3plnujf3ek6jqngtx8hcryufz56lyumemlcy2xxn0,5,5,409,458,2023-04-24 10:45:24,2023-12-22 08:02:43,legacy/2026-05-20-pre-v2-import/data/raw/emurgo2/delegation_history.csv
fourth_entry_781m,pool104v7kzpq86r0wnfsz8r7jeld2raap92qq84trjcqk62zyh9akqt,4,5,262,473,2021-04-20 21:37:03,2024-03-06 16:41:15,legacy/2026-05-20-pre-v2-import/data/raw/emurgo2/delegation_history.csv
fourth_entry_781m,pool10jn0wjlh9y3w2ygq84u2llvlnxfz3lc4g0ssqlmpp3w3y2d2lw5,4,5,243,314,2021-01-14 18:31:57,2022-01-03 03:23:59,legacy/2026-05-20-pre-v2-import/data/raw/emurgo2/delegation_history.csv
fourth_entry_781m,pool10mf43thtl3keag50mrlvqa78xkwg7harmu4w5yzr3k7jvw0ap43,4,4,323,324,2022-02-16 23:43:37,2022-02-20 09:40:01,legacy/2026-05-20-pre-v2-import/data/raw/emurgo2/delegation_history.csv
fourth_entry_781m,pool12crd62rxj8yryvshmgwkxza7um3uhaypwdjeel98lnkf529qdw5,4,4,236,260,2020-12-06 22:32:31,2021-04-07 02:30:23,legacy/2026-05-20-pre-v2-import/data/raw/emurgo2/delegation_history.csv
fourth_entry_781m,pool12gqhv4vf0y7vngzd3umchjz3yhkqaaalwzltsngpdykgyud5rhz,4,4,285,296,2021-08-12 05:01:20,2021-10-04 12:38:48,legacy/2026-05-20-pre-v2-import/data/raw/emurgo2/delegation_history.csv
fourth_entry_781m,pool12wpfng6cu7dz38yduaul3ngfm44xhv5xmech68m5fwe4wu77udd,4,5,323,393,2022-02-17 02:05:42,2023-02-02 23:26:44,legacy/2026-05-20-pre-v2-import/data/raw/emurgo2/delegation_history.csv
fourth_entry_781m,pool1398lzhvtaa0hgz305d2jz4urfkwkkt66yv476wqe6att2f7dphh,4,4,407,586,2023-04-12 08:33:43,2025-09-22 01:08:14,legacy/2026-05-20-pre-v2-import/data/raw/emurgo2/delegation_history.csv
fourth_entry_781m,pool13wzpwavanfpkr4r4j30plrlc6dn6p822lkt22zdllmy7q8y7s90,4,4,210,252,2020-07-29 22:55:51,2021-02-26 16:39:27,legacy/2026-05-20-pre-v2-import/data/raw/emurgo2/delegation_history.csv
fourth_entry_781m,pool140hfh3ns34wzjcyz0wcmx3du493cwl3c92hsr0z8kns5gts09gf,4,4,255,265,2021-03-11 23:01:49,2021-05-03 09:59:47,legacy/2026-05-20-pre-v2-import/data/raw/emurgo2/delegation_history.csv
fourth_entry_781m,pool145dkdplkqke4g0unzkjljeh2wr797d08k2jv822rhmmc68xak38,4,4,383,428,2022-12-12 04:46:30,2023-07-25 14:22:16,legacy/2026-05-20-pre-v2-import/data/raw/emurgo2/delegation_history.csv
fourth_entry_781m,pool149d5lzg7m6susau4f4yfdztgkty34qrcdpvd3ygsetmljgxxf8g,4,4,306,317,2021-11-26 17:21:25,2022-01-16 15:56:15,legacy/2026-05-20-pre-v2-import/data/raw/emurgo2/delegation_history.csv
fourth_entry_781m,pool165ljt7xrrpceutz5ppe96suuw0jcnrvhg0f5vu60df0r5mt0x0c,4,4,372,396,2022-10-20 08:59:05,2023-02-19 17:05:21,legacy/2026-05-20-pre-v2-import/data/raw/emurgo2/delegation_history.csv
fourth_entry_781m,pool1668w66pcrdjmavz0c7vym7s4d3xm7578jy0fqzhk55677t4etud,4,5,231,415,2020-11-12 03:39:55,2023-05-24 11:06:12,legacy/2026-05-20-pre-v2-import/data/raw/emurgo2/delegation_history.csv
fourth_entry_781m,pool16pg8zc9zxxfjksquvjs6ljxuy8ng9xf79ekqekap98a8wjzuttg,4,4,252,258,2021-02-28 16:12:02,2021-03-27 03:42:57,legacy/2026-05-20-pre-v2-import/data/raw/emurgo2/delegation_history.csv
fourth_entry_781m,pool17gvd032slmxg267lp8rwcykkfa52txm8ylefhmdsdkytzugrtaw,4,9,251,478,2021-02-24 16:36:17,2024-03-31 15:54:14,legacy/2026-05-20-pre-v2-import/data/raw/emurgo2/delegation_history.csv
fourth_entry_781m,pool17vxhghxt2w2hc8c945ex2wqpwlcz39v6uc3fcxvqln45s8xrdt3,4,4,211,226,2020-08-04 08:44:11,2020-10-18 09:34:22,legacy/2026-05-20-pre-v2-import/data/raw/emurgo2/delegation_history.csv
fourth_entry_781m,pool183j8g5lmry5jsnua6mw5jhwdacwhkrnqfpga49v0qg6wjmwndfv,4,4,210,232,2020-07-30 17:07:31,2020-11-20 00:00:44,legacy/2026-05-20-pre-v2-import/data/raw/emurgo2/delegation_history.csv
fourth_entry_781m,pool1850xvydng5mkjzkwqw6566y7e6hsrgakc3y87jrnqrkrwdjua2p,4,7,260,390,2021-04-08 08:47:56,2023-01-16 20:03:39,legacy/2026-05-20-pre-v2-import/data/raw/emurgo2/delegation_history.csv
fourth_entry_781m,pool18gysxqfwz4j8rm3vlh6677vs9n23prvfr7gwe88mhn5uudgx9ng,4,4,477,568,2024-03-25 22:31:23,2025-06-27 21:39:49,legacy/2026-05-20-pre-v2-import/data/raw/emurgo2/delegation_history.csv
fourth_entry_781m,pool18rhzlrv83a7ygj7cp5uv8dx07qkn5drhe8nh6f3qvhv66xcyj2m,4,6,309,386,2021-12-07 01:58:22,2022-12-26 22:38:20,legacy/2026-05-20-pre-v2-import/data/raw/emurgo2/delegation_history.csv
fourth_entry_781m,pool18vc3pleuqzejkvlkls7qqw3ps9gyygrenqpypma4yp0gjjrm3uf,4,4,210,210,2020-07-30 05:12:11,2020-08-01 14:40:31,legacy/2026-05-20-pre-v2-import/data/raw/emurgo2/delegation_history.csv
fourth_entry_781m,pool18zn7wa345uytjgds9hypn3jugnzqtfm4cny7anskkcmgwwxtwca,4,4,255,259,2021-03-13 21:12:29,2021-04-03 11:01:13,legacy/2026-05-20-pre-v2-import/data/raw/emurgo2/delegation_history.csv
fourth_entry_781m,pool193uec04jldvah7r52q86wl033g4v42x0aste8jfg9999qepaxfp,4,4,374,489,2022-10-29 00:36:18,2024-05-28 15:22:59,legacy/2026-05-20-pre-v2-import/data/raw/emurgo2/delegation_history.csv
fourth_entry_781m,pool1980svf2cxnfy66s5jgjv7y22xud75z9kfe6n0c3y54s62w56435,4,4,253,291,2021-03-04 06:18:28,2021-09-11 03:00:45,legacy/2026-05-20-pre-v2-import/data/raw/emurgo2/delegation_history.csv
fourth_entry_781m,pool1a2gt2mvuf5zvtqlvw2xgks2efze3p4r985ft62q64lua7gx7lal,4,5,323,529,2022-02-19 17:05:39,2024-12-11 03:08:59,legacy/2026-05-20-pre-v2-import/data/raw/emurgo2/delegation_history.csv
fourth_entry_781m,pool1a3u8zuz7fqavxgl48s8k37w8w6njk7zevlzyfjdlzxfexjcue6a,4,4,214,249,2020-08-20 06:34:01,2021-02-11 17:40:48,legacy/2026-05-20-pre-v2-import/data/raw/emurgo2/delegation_history.csv
fourth_entry_781m,pool1ar6nsa2uzng70uf8fdrttu5jhgxzgu2f4za8h845zr435nfcruw,4,4,417,437,2023-06-02 13:48:09,2023-09-08 08:42:42,legacy/2026-05-20-pre-v2-import/data/raw/emurgo2/delegation_history.csv
fourth_entry_781m,pool1c0p84nykx0m4yqs9pkvlgagh3nlnrn77d5zed9kv9ktljh2cjcy,4,4,369,460,2022-10-06 12:45:02,2024-01-04 21:36:51,legacy/2026-05-20-pre-v2-import/data/raw/emurgo2/delegation_history.csv
fourth_entry_781m,pool1c55n72ag3tz8g7rntzuu9a86u7eugsy008xl3xsje8kwgvz2vdz,4,4,212,477,2020-08-12 11:05:11,2024-03-29 12:26:23,legacy/2026-05-20-pre-v2-import/data/raw/emurgo2/delegation_history.csv
fourth_entry_781m,pool1cmqpzlsrrjup8zg6qaperz868u64dlt7uvvdszsr658mvzz9qq0,4,4,258,523,2021-03-27 02:49:36,2024-11-14 17:26:37,legacy/2026-05-20-pre-v2-import/data/raw/emurgo2/delegation_history.csv
fourth_entry_781m,pool1cuqnuz57puz2qd3enr9vtkcp7z92ge4h2ks6j8zzknztx3283q7,4,4,253,255,2021-03-03 21:28:08,2021-03-16 15:40:34,legacy/2026-05-20-pre-v2-import/data/raw/emurgo2/delegation_history.csv
fourth_entry_781m,pool1d2smneyj9wkee0vkqm5se44t4x44fugq2agw7k775s6yqqcu7zr,4,4,250,257,2021-02-19 16:55:54,2021-03-21 21:55:57,legacy/2026-05-20-pre-v2-import/data/raw/emurgo2/delegation_history.csv
fourth_entry_781m,pool1d5lk27jlkaj6dx7ndexjzmdqtt5hnnpx5224awz83ye0v28ve42,4,6,253,389,2021-03-02 09:06:11,2023-01-13 00:56:02,legacy/2026-05-20-pre-v2-import/data/raw/emurgo2/delegation_history.csv
fourth_entry_781m,pool1du3r4a7xq60hg2x0wcz7lw5ya3qs74rk258c8kanp93rsqdqu45,4,4,249,473,2021-02-10 12:44:12,2024-03-09 19:29:49,legacy/2026-05-20-pre-v2-import/data/raw/emurgo2/delegation_history.csv
fourth_entry_781m,pool1dum9ya0d8dufl3alf4xska5acuq3w4p2a6fu5v50jnh9xzexsxt,4,5,253,323,2021-03-03 08:19:20,2022-02-16 00:05:46,legacy/2026-05-20-pre-v2-import/data/raw/emurgo2/delegation_history.csv
fourth_entry_781m,pool1ews5ryrhl5az8egrvun68x2wdhgvthxjtx7m380ksc6rzxkqz2f,4,4,220,392,2020-09-18 00:37:23,2023-01-29 02:46:21,legacy/2026-05-20-pre-v2-import/data/raw/emurgo2/delegation_history.csv
fourth_entry_781m,pool1ffrre548h22n68ln29xph3qezrag3z8ad0kg8yzu6epds3qr58k,4,4,235,251,2020-12-02 07:43:05,2021-02-22 02:16:56,legacy/2026-05-20-pre-v2-import/data/raw/emurgo2/delegation_history.csv
fourth_entry_781m,pool1fk7lk6x7j6jkxuvl0het8nmunra4g7370mw29f286dv9ylegutq,4,5,260,496,2021-04-06 07:19:39,2024-06-30 15:39:10,legacy/2026-05-20-pre-v2-import/data/raw/emurgo2/delegation_history.csv
fourth_entry_781m,pool1fuzqy5r9x98826zv6wp40tr27uplemmstkd57cuw8jh5v5m90vn,4,4,254,498,2021-03-10 15:07:47,2024-07-13 09:09:24,legacy/2026-05-20-pre-v2-import/data/raw/emurgo2/delegation_history.csv
fourth_entry_781m,pool1h6q8jj55dn6727yydlypu0rz4sflf2enxhs0thqydmddgu3shl5,4,6,323,445,2022-02-17 07:34:39,2023-10-20 16:53:13,legacy/2026-05-20-pre-v2-import/data/raw/emurgo2/delegation_history.csv
fourth_entry_781m,pool1huyzkfxwnttj7r4530hv7gc5v6mzk75vuzysc75aemu85mae9vd,4,4,247,568,2021-02-01 17:40:57,2025-06-25 00:53:18,legacy/2026-05-20-pre-v2-import/data/raw/emurgo2/delegation_history.csv
fourth_entry_781m,pool1hysp9sd0h4k8ll8sxnl0k3gqatd9axzjnaxs7488mw9gze40jp9,4,4,262,290,2021-04-16 20:49:56,2021-09-07 12:18:19,legacy/2026-05-20-pre-v2-import/data/raw/emurgo2/delegation_history.csv
fourth_entry_781m,pool1j8355yxxpfuhqyda4lrj8c9cdghaang3wvwge8jq8nlxurvfqv7,4,5,255,315,2021-03-11 23:32:59,2022-01-06 21:55:12,legacy/2026-05-20-pre-v2-import/data/raw/emurgo2/delegation_history.csv
fourth_entry_781m,pool1jv4yvr5edp7qp690hk3qfudwmw28n2wygjxyhaecqkzeqh0wlem,4,5,294,492,2021-09-27 02:17:24,2024-06-12 19:50:19,legacy/2026-05-20-pre-v2-import/data/raw/emurgo2/delegation_history.csv
fourth_entry_781m,pool1jxv3my3c70e8pfr0cgm6esatehey2ml3v0qk8x236aw32eu0fcy,4,4,285,323,2021-08-10 13:15:05,2022-02-17 12:44:51,legacy/2026-05-20-pre-v2-import/data/raw/emurgo2/delegation_history.csv
fourth_entry_781m,pool1k2qhlrrweu8fecd4hx4hn22lv00nrd3rjdxj6durax7m78q7ynu,4,4,338,391,2022-05-04 16:32:05,2023-01-22 18:56:26,legacy/2026-05-20-pre-v2-import/data/raw/emurgo2/delegation_history.csv
fourth_entry_781m,pool1k6altfangsst2mmxg8a9wvg3dppyszu8ckfzd3uv6azgw3z2txy,4,4,245,283,2021-01-23 01:17:52,2021-08-03 07:27:58,legacy/2026-05-20-pre-v2-import/data/raw/emurgo2/delegation_history.csv
fourth_entry_781m,pool1kchver88u3kygsak8wgll7htr8uxn5v35lfrsyy842nkscrzyvj,4,5,249,287,2021-02-12 20:55:38,2021-08-20 12:08:42,legacy/2026-05-20-pre-v2-import/data/raw/emurgo2/delegation_history.csv
fourth_entry_781m,pool1kcnh9avc9jgelajcja7y6wsvjdaulkqj02azcszjvm3pwmksr0l,4,10,248,256,2021-02-08 20:37:13,2021-03-19 01:09:32,legacy/2026-05-20-pre-v2-import/data/raw/emurgo2/delegation_history.csv
fourth_entry_781m,pool1ktgug7wwf9k4hcsuk68ftkh8xs5n0333fzxyw9sagz8njhlskgm,4,4,210,324,2020-07-31 20:17:51,2022-02-20 00:03:27,legacy/2026-05-20-pre-v2-import/data/raw/emurgo2/delegation_history.csv
fourth_entry_781m,pool1lkuwrel3s8er6v0snw69gumsaugydz9n0vl87n7mygh576mwcy0,4,7,280,421,2021-07-18 19:18:01,2023-06-20 09:31:44,legacy/2026-05-20-pre-v2-import/data/raw/emurgo2/delegation_history.csv
fourth_entry_781m,pool1maknvmsdvk240a7w8rclvq2lu5pzk906cuh9cw7j30z76ff257u,4,4,236,429,2020-12-09 13:33:50,2023-08-01 21:48:55,legacy/2026-05-20-pre-v2-import/data/raw/emurgo2/delegation_history.csv
fourth_entry_781m,pool1mc6f3tvzp59yfn2przflkq9q6k00g0hfpyck5t5whjs8qdcjuj3,4,4,228,261,2020-10-31 17:22:55,2021-04-13 05:53:21,legacy/2026-05-20-pre-v2-import/data/raw/emurgo2/delegation_history.csv
fourth_entry_781m,pool1mqy259k253xryf4hvdq0n72n2uvadcgp34r0fxwpqzm0z5n0qp6,4,4,252,255,2021-02-27 08:20:42,2021-03-14 13:30:40,legacy/2026-05-20-pre-v2-import/data/raw/emurgo2/delegation_history.csv
fourth_entry_781m,pool1nh9j5qucsddxkzn3m4dm4gxkhwtpya4wm4e0ye2u0puaqgkcm65,4,4,287,351,2021-08-22 18:43:10,2022-07-05 02:16:02,legacy/2026-05-20-pre-v2-import/data/raw/emurgo2/delegation_history.csv
fourth_entry_781m,pool1ntwurms3f0j4kqe5wfpg9chlasylp0lmuw72m4fn66vnuyrvs8v,4,4,210,535,2020-08-03 21:44:31,2025-01-12 14:48:38,legacy/2026-05-20-pre-v2-import/data/raw/emurgo2/delegation_history.csv
fourth_entry_781m,pool1p3chxyfv5cfk95hwq5zqjuljrpyk3uk5ua5alpn8rjgkkvvy8ne,4,4,323,396,2022-02-19 04:49:43,2023-02-19 19:14:33,legacy/2026-05-20-pre-v2-import/data/raw/emurgo2/delegation_history.csv
fourth_entry_781m,pool1prc9hna2mgamtspchrygc66s9n4tlkvh39e3t9zccef4kzc3ns2,4,5,527,602,2024-12-04 04:49:30,2025-12-11 10:03:11,legacy/2026-05-20-pre-v2-import/data/raw/emurgo2/delegation_history.csv
fourth_entry_781m,pool1qqq9tqyj69j9kygpxza3h82ynh8d0xlueucnu2yqum8nse8hj7y,4,4,255,290,2021-03-14 21:07:09,2021-09-04 17:03:37,legacy/2026-05-20-pre-v2-import/data/raw/emurgo2/delegation_history.csv
fourth_entry_781m,pool1qqqz9vlskay2gv3ec5pyck8c2tq9ty7dpfm60x8shvapguhcemt,4,5,224,260,2020-10-10 11:42:15,2021-04-08 10:34:56,legacy/2026-05-20-pre-v2-import/data/raw/emurgo2/delegation_history.csv
fourth_entry_781m,pool1qzlw7den2mlj0fmm65g0fnf46vyhzkhmdaf0f8v3s6skuue6rlk,4,4,255,318,2021-03-13 18:43:21,2022-01-21 09:08:39,legacy/2026-05-20-pre-v2-import/data/raw/emurgo2/delegation_history.csv
fourth_entry_781m,pool1rvjj8cp3urh7de07pm0ceqha2x4lxws69lhd4429dm6djfjsy4l,4,4,256,396,2021-03-17 16:35:11,2023-02-15 01:26:31,legacy/2026-05-20-pre-v2-import/data/raw/emurgo2/delegation_history.csv
fourth_entry_781m,pool1sj0plznq9nnduxp82aa8crchfety7kzcryqdmn6860xvwwzzc4w,4,4,210,243,2020-08-03 03:09:51,2021-01-15 07:59:03,legacy/2026-05-20-pre-v2-import/data/raw/emurgo2/delegation_history.csv
fourth_entry_781m,pool1twd9vvegn3fqq0f4n08p3aml2ud8q87njs49900rycj4sr5hhcy,4,9,234,271,2020-12-01 21:29:01,2021-05-31 07:04:07,legacy/2026-05-20-pre-v2-import/data/raw/emurgo2/delegation_history.csv
fourth_entry_781m,pool1u9gudcfadehlarkh4xdtgrf3zeze978mrnhtrvjdkjwj7wxvcje,4,6,211,260,2020-08-04 08:05:31,2021-04-10 05:35:07,legacy/2026-05-20-pre-v2-import/data/raw/emurgo2/delegation_history.csv
fourth_entry_781m,pool1ucpygt4ds2ggf5lt8z5kzyvnwwr0ggrtqnl0pgawud5ls2cnnkl,4,4,219,282,2020-09-17 16:41:02,2021-07-26 00:17:26,legacy/2026-05-20-pre-v2-import/data/raw/emurgo2/delegation_history.csv
fourth_entry_781m,pool1uu65k00dp467qsszmqwl6udwnet3zszgx8n3kmn2aq84sae8ha9,4,4,488,502,2024-05-20 18:15:36,2024-08-01 00:59:34,legacy/2026-05-20-pre-v2-import/data/raw/emurgo2/delegation_history.csv
fourth_entry_781m,pool1whmm0hkxunyhxsr6dfjpx2tpvd05qhev820lx9vcmvqa5wjc6nh,4,4,252,602,2021-02-26 20:53:12,2025-12-11 12:18:28,legacy/2026-05-20-pre-v2-import/data/raw/emurgo2/delegation_history.csv
fourth_entry_781m,pool1xftlxx9slpz59thcgtwgdj3k9e0ntn3p4qnmzs3r84dkx0hccjc,4,4,261,378,2021-04-14 07:15:03,2022-11-20 07:27:41,legacy/2026-05-20-pre-v2-import/data/raw/emurgo2/delegation_history.csv
fourth_entry_781m,pool1xrrrr8gldqz8pjxj6j8c638a9py04xuv66kfgn2dlsx9g52te0t,4,4,210,229,2020-08-01 11:47:31,2020-11-06 02:54:32,legacy/2026-05-20-pre-v2-import/data/raw/emurgo2/delegation_history.csv
fourth_entry_781m,pool1yjlmvfck6a2mhup4ljel06r635e9lhs0qsrzu6f2luepvsd42lv,4,4,478,489,2024-03-31 03:31:47,2024-05-29 12:26:24,legacy/2026-05-20-pre-v2-import/data/raw/emurgo2/delegation_history.csv
fourth_entry_781m,pool1zytydvyy3qztrs8l2xyggvkfcjctp23m2hc3aj7sudnzgny79cg,4,4,258,420,2021-03-30 00:29:37,2023-06-19 18:22:31,legacy/2026-05-20-pre-v2-import/data/raw/emurgo2/delegation_history.csv
fourth_entry_781m,pool10fxpa6wkv0wc6wcmahcnz4wvvfx9m7547sevxrge3nfuv7yh8m0,3,7,415,620,2023-05-25 20:22:48,2026-03-11 14:35:39,legacy/2026-05-20-pre-v2-import/data/raw/emurgo2/delegation_history.csv
fourth_entry_781m,pool10vhns8fup6pe9xvjxf4w6h5y66tckgvtjy9ayld6mcg8vv4crdk,3,3,424,453,2023-07-05 12:38:46,2023-11-28 01:32:04,legacy/2026-05-20-pre-v2-import/data/raw/emurgo2/delegation_history.csv
fourth_entry_781m,pool126mkma8nv5axltmz7mmg8qz9e70nmhnf58hwx5772fhwgkhk6ag,3,9,213,561,2020-08-16 09:25:35,2025-05-20 10:31:37,legacy/2026-05-20-pre-v2-import/data/raw/emurgo2/delegation_history.csv
fourth_entry_781m,pool127xwsah7jllutuhen8vl7sve5278h7hhxtnys3cl438dyhuwgjg,3,3,227,276,2020-10-27 18:57:53,2021-06-26 00:53:37,legacy/2026-05-20-pre-v2-import/data/raw/emurgo2/delegation_history.csv
fourth_entry_781m,pool12gfz8p7raqz7tktmmgf6sk3cfwnrzy9m7cz9maum98ujyelhrf8,3,4,255,261,2021-03-13 14:53:54,2021-04-12 14:39:15,legacy/2026-05-20-pre-v2-import/data/raw/emurgo2/delegation_history.csv
fourth_entry_781m,pool12qtv7kyrx8g0d5890alk6dkc6n6nyfx80synspvqafjrqd3ergz,3,4,295,397,2021-10-02 12:19:17,2023-02-20 01:59:08,legacy/2026-05-20-pre-v2-import/data/raw/emurgo2/delegation_history.csv
fourth_entry_781m,pool13xh3tgwzhr3hn25v5m2dnvqnfcmnzghcfah5t7kzufkywuy7w7v,3,5,213,310,2020-08-18 15:58:11,2021-12-12 16:49:22,legacy/2026-05-20-pre-v2-import/data/raw/emurgo2/delegation_history.csv
fourth_entry_781m,pool14msuc40fcjvwl2g6f9p2dxx24ekj7qvemla3pzkke6p86d4swzp,3,4,252,264,2021-02-26 15:54:45,2021-04-26 12:46:16,legacy/2026-05-20-pre-v2-import/data/raw/emurgo2/delegation_history.csv
fourth_entry_781m,pool15ju4ktqmtha9vry4mf44hr2psf807n4achj76z8uhawgw9462kx,3,4,265,273,2021-04-30 22:15:35,2021-06-10 14:57:03,legacy/2026-05-20-pre-v2-import/data/raw/emurgo2/delegation_history.csv
fourth_entry_781m,pool15p326nmjaj47v9u2392tlnngyr5hnj6gru84al3s0akdu9mj004,3,5,252,268,2021-02-26 01:04:54,2021-05-19 17:24:04,legacy/2026-05-20-pre-v2-import/data/raw/emurgo2/delegation_history.csv
fourth_entry_781m,pool15ty42f8jmnd5y3ys5km3y66cy6emnqfx6yfwsm6ral0zwrs3ktj,3,3,418,423,2023-06-09 17:55:07,2023-07-02 18:38:35,legacy/2026-05-20-pre-v2-import/data/raw/emurgo2/delegation_history.csv
fourth_entry_781m,pool15xgej4c7ns20y5pt7dc5vq6yj87ss5sl2ffucmh5j766j90ppur,3,3,266,538,2021-05-06 21:33:59,2025-01-28 16:13:46,legacy/2026-05-20-pre-v2-import/data/raw/emurgo2/delegation_history.csv
fourth_entry_781m,pool1692dxqqcsavymwz28w44t2jhyjnakvj4l3gwz2dqrarmc2k6dkh,3,3,211,294,2020-08-08 16:23:51,2021-09-23 20:48:28,legacy/2026-05-20-pre-v2-import/data/raw/emurgo2/delegation_history.csv
fourth_entry_781m,pool16f95up5u5lyqne5mnxmlhe0rgdgmya27mph288r6gw0ukegjffa,3,3,575,596,2025-07-28 22:18:13,2025-11-12 08:10:17,legacy/2026-05-20-pre-v2-import/data/raw/emurgo2/delegation_history.csv
fourth_entry_781m,pool16r0t5fwwnehltxhh7wfstl8rwvjpz4npdn0s5jd36j0ysflw7ef,3,4,251,393,2021-02-24 01:14:56,2023-02-04 21:12:15,legacy/2026-05-20-pre-v2-import/data/raw/emurgo2/delegation_history.csv
fourth_entry_781m,pool17038jcq6xdgjn0xsjx7m79rx52r7sucqwtr5j20tk23w5mjank3,3,3,212,218,2020-08-10 19:31:51,2020-09-11 10:59:12,legacy/2026-05-20-pre-v2-import/data/raw/emurgo2/delegation_history.csv
fourth_entry_781m,pool17xh922cr9skc0fqk7sr8at6xx6eluh5qyv9p7ca2x0mtc3st0mz,3,6,309,366,2021-12-08 20:02:22,2022-09-18 14:57:20,legacy/2026-05-20-pre-v2-import/data/raw/emurgo2/delegation_history.csv
fourth_entry_781m,pool183usq53j55v86q3eguw37xaqy67au9n5terk474sevuu6jy7266,3,3,244,254,2021-01-20 12:24:39,2021-03-08 21:05:33,legacy/2026-05-20-pre-v2-import/data/raw/emurgo2/delegation_history.csv
fourth_entry_781m,pool187k9uqvh2dacad2qyfyex7ct8q0jxepk45026s9h7mkxx9pn7at,3,5,232,294,2020-11-19 17:18:38,2021-09-27 00:14:45,legacy/2026-05-20-pre-v2-import/data/raw/emurgo2/delegation_history.csv
fourth_entry_781m,pool18p7p752cjnf9z8g70ygkre5cstwmgfatzuqm0tm3n2xf739j8k8,3,4,268,332,2021-05-16 10:36:46,2022-04-01 07:33:02,legacy/2026-05-20-pre-v2-import/data/raw/emurgo2/delegation_history.csv
fourth_entry_781m,pool18qzks8vdf0yu0u5ccf8aaj35q6zfutdcfgrssuvdjmgtyykr922,3,3,224,308,2020-10-09 03:14:17,2021-12-06 02:35:35,legacy/2026-05-20-pre-v2-import/data/raw/emurgo2/delegation_history.csv
fourth_entry_781m,pool197e83k4u53l6txk8yr83007efgavngua8wnwp00w3xrqw3pmr4x,3,3,310,323,2021-12-13 11:27:42,2022-02-16 04:41:05,legacy/2026-05-20-pre-v2-import/data/raw/emurgo2/delegation_history.csv
fourth_entry_781m,pool19ejln2jcpg5dphc8m5nh8sya49sycsqj0v2cjxw6nku966cc8nu,3,3,210,293,2020-07-30 04:16:51,2021-09-21 14:12:04,legacy/2026-05-20-pre-v2-import/data/raw/emurgo2/delegation_history.csv
fourth_entry_781m,pool19uynx6nxcdksmaqdcshjg487fap3rs3axyhrdqa7gdqgzgxss4y,3,3,210,266,2020-07-31 05:12:51,2021-05-07 13:21:51,legacy/2026-05-20-pre-v2-import/data/raw/emurgo2/delegation_history.csv
fourth_entry_781m,pool1a6v2wt0m8wjra80zuw00sfdxn4w52cna96gcaglzvred6gnsusx,3,3,235,250,2020-12-05 06:08:32,2021-02-19 15:27:20,legacy/2026-05-20-pre-v2-import/data/raw/emurgo2/delegation_history.csv
fourth_entry_781m,pool1af7dmzgcyp9kc5lyrtrtpsce58l6j5cjvc8wavkwmzlr53ym50v,3,4,249,323,2021-02-13 15:26:37,2022-02-15 22:26:11,legacy/2026-05-20-pre-v2-import/data/raw/emurgo2/delegation_history.csv
fourth_entry_781m,pool1ahl705cca5twdfmml0ksux606t8vmuemu9vsnf3g94mm7lhnhtv,3,3,210,210,2020-07-31 02:19:11,2020-08-02 14:43:51,legacy/2026-05-20-pre-v2-import/data/raw/emurgo2/delegation_history.csv
fourth_entry_781m,pool1arsqn9w87wpqlm0sre66gs79dcs0jmwulytgke3vut7u62lttu7,3,3,244,253,2021-01-18 01:21:08,2021-03-05 23:04:41,legacy/2026-05-20-pre-v2-import/data/raw/emurgo2/delegation_history.csv
fourth_entry_781m,pool1c2utlagkpht4zj0jetsf245c258geuxnjqp9kf4f2z9rutx9dz4,3,3,290,323,2021-09-04 03:49:03,2022-02-16 22:02:53,legacy/2026-05-20-pre-v2-import/data/raw/emurgo2/delegation_history.csv
fourth_entry_781m,pool1c4padx3e59x8wgxpsh3208rkf8fv4v6ez2rx503de93n2jl0njw,3,3,253,262,2021-03-02 18:24:33,2021-04-16 03:12:25,legacy/2026-05-20-pre-v2-import/data/raw/emurgo2/delegation_history.csv
fourth_entry_781m,pool1d6x9pl4uz5daucpaql34ma2aewrxnlkcrkuahf9ut6ruxzakrw7,3,3,246,248,2021-01-26 21:02:52,2021-02-08 22:35:14,legacy/2026-05-20-pre-v2-import/data/raw/emurgo2/delegation_history.csv
fourth_entry_781m,pool1dj4l8qma9zzqqzhsawdkvxrs7qyqyv70kn56ywdqqazscvcqvva,3,3,210,257,2020-08-02 17:15:11,2021-03-24 01:35:57,legacy/2026-05-20-pre-v2-import/data/raw/emurgo2/delegation_history.csv
fourth_entry_781m,pool1dkww2vlysa8lsnuf5rca979zdsyr3zvt59hu7e420yxfunkka2z,3,3,214,250,2020-08-20 17:33:20,2021-02-16 06:20:37,legacy/2026-05-20-pre-v2-import/data/raw/emurgo2/delegation_history.csv
fourth_entry_781m,pool1dny787kkt067gfl0rts25rlq32v8npc2fmxvg70nkgt66vhp8e0,3,3,262,262,2021-04-16 15:13:54,2021-04-20 19:51:39,legacy/2026-05-20-pre-v2-import/data/raw/emurgo2/delegation_history.csv
fourth_entry_781m,pool1e8vr85ank99g6fx2r7tjel2mh2jyfppnqy6nmp8vr0arys65n05,3,3,210,253,2020-08-01 06:01:31,2021-03-04 13:32:34,legacy/2026-05-20-pre-v2-import/data/raw/emurgo2/delegation_history.csv
fourth_entry_781m,pool1ev8fwfccn8gr0zcz3uyps0t0mcrefc6s95wjc6aed3ngc86y5rk,3,3,241,256,2021-01-05 14:00:54,2021-03-17 15:04:28,legacy/2026-05-20-pre-v2-import/data/raw/emurgo2/delegation_history.csv
fourth_entry_781m,pool1ex7p88tnq3d6d3dsqtlc3632tp2t8eurc352mwf9phu3w8n3vz7,3,3,299,393,2021-10-18 07:20:44,2023-02-03 05:45:26,legacy/2026-05-20-pre-v2-import/data/raw/emurgo2/delegation_history.csv
fourth_entry_781m,pool1ey0gxeyesszrsshc6zjlzamr7z0f2d29e3ut0ppg4j4gxduyn5r,3,3,256,271,2021-03-16 23:27:46,2021-05-31 02:03:29,legacy/2026-05-20-pre-v2-import/data/raw/emurgo2/delegation_history.csv
fourth_entry_781m,pool1ey45kz6cwxxzgz6dfy89srvwcfzkmv3ea8g3jxkxmtr9zk5ayeu,3,3,301,303,2021-10-29 18:20:35,2021-11-10 15:01:27,legacy/2026-05-20-pre-v2-import/data/raw/emurgo2/delegation_history.csv
fourth_entry_781m,pool1f4rs6v0cpsqa09ueddp6hhl8xwdwtdqglvcuce26srxdwmzxl6v,3,3,237,331,2020-12-15 14:18:08,2022-03-29 20:59:01,legacy/2026-05-20-pre-v2-import/data/raw/emurgo2/delegation_history.csv
fourth_entry_781m,pool1fxlf6mqxeuptm7ztwdpp2zdwm7tsfcy3fweu7euyf6aduuh6u42,3,4,255,256,2021-03-16 17:09:51,2021-03-19 04:36:59,legacy/2026-05-20-pre-v2-import/data/raw/emurgo2/delegation_history.csv
fourth_entry_781m,pool1g4th3pqfzh4zajzrhlh8y6wpuztrkzxwt5wd7q578894j06gwfc,3,4,341,398,2022-05-20 06:40:45,2023-02-26 23:48:04,legacy/2026-05-20-pre-v2-import/data/raw/emurgo2/delegation_history.csv
fourth_entry_781m,pool1gpz25s2aasmqnh9tg8a2rxmyxuvmj5s779htxk295e9ajnzjflc,3,3,234,254,2020-11-30 02:12:21,2021-03-09 12:57:26,legacy/2026-05-20-pre-v2-import/data/raw/emurgo2/delegation_history.csv
fourth_entry_781m,pool1gx2pz27mgupdqynr54s57jrepc3n28yx0wlx0j5ypka55aan9qx,3,11,210,253,2020-07-31 23:07:31,2021-03-03 20:35:57,legacy/2026-05-20-pre-v2-import/data/raw/emurgo2/delegation_history.csv
fourth_entry_781m,pool1h3aejp7fln74mwaraqjn65ve3j5zwqr7wk0pasct87wpkv0aspm,3,3,248,259,2021-02-06 20:22:13,2021-03-31 22:42:22,legacy/2026-05-20-pre-v2-import/data/raw/emurgo2/delegation_history.csv
fourth_entry_781m,pool1h7yfyd5uty3dn40yqj4hx0yaha6md7uy97sup86xccrpv84xydm,3,3,266,266,2021-05-06 08:44:28,2021-05-08 01:13:57,legacy/2026-05-20-pre-v2-import/data/raw/emurgo2/delegation_history.csv
fourth_entry_781m,pool1helzgcd9sjm9xtyh9mw2wy06gekh6r52s6mx987q0p8lvklwura,3,3,241,323,2021-01-04 12:34:13,2022-02-17 07:41:01,legacy/2026-05-20-pre-v2-import/data/raw/emurgo2/delegation_history.csv
fourth_entry_781m,pool1hjjj584gq0ynqf06g036a4a0stpm90asrdfskpasqjxf5948ygv,3,3,248,265,2021-02-09 15:43:16,2021-05-03 18:30:04,legacy/2026-05-20-pre-v2-import/data/raw/emurgo2/delegation_history.csv
fourth_entry_781m,pool1hrv8gtrm0dgjg6zyss5uwa4nkruzfnh5vrdkr2sayj7x2nw6mjc,3,3,258,283,2021-03-29 14:42:30,2021-07-31 11:10:07,legacy/2026-05-20-pre-v2-import/data/raw/emurgo2/delegation_history.csv
fourth_entry_781m,pool1hvevy8qu5lwg7ul66xmzvwv8zwdgdradsg9ncvrflm7dvy407e0,3,4,443,526,2023-10-10 05:19:10,2024-11-27 09:48:54,legacy/2026-05-20-pre-v2-import/data/raw/emurgo2/delegation_history.csv
fourth_entry_781m,pool1jj2hvts3ryffy5txm7w0am3zt7s7sehdf8rrwfesjmr7shv0mgl,3,3,243,255,2021-01-14 16:52:33,2021-03-13 03:23:33,legacy/2026-05-20-pre-v2-import/data/raw/emurgo2/delegation_history.csv
fourth_entry_781m,pool1jslaut45plz6ek7grjyzxz6kzgerr7p5204h9sprh3msw6d8yht,3,3,290,290,2021-09-03 08:16:26,2021-09-05 23:54:43,legacy/2026-05-20-pre-v2-import/data/raw/emurgo2/delegation_history.csv
fourth_entry_781m,pool1k0xrqp03mn9u3q3sadndd6vu9udl5v38xpzyw0shm8sskuxw2av,3,3,210,589,2020-08-02 04:36:51,2025-10-08 04:59:12,legacy/2026-05-20-pre-v2-import/data/raw/emurgo2/delegation_history.csv
fourth_entry_781m,pool1kncthgd5fqw8d7hpz08wnmpdqh0e88s5trgl97palhsgj5h3xen,3,3,250,253,2021-02-16 06:44:54,2021-03-04 07:15:09,legacy/2026-05-20-pre-v2-import/data/raw/emurgo2/delegation_history.csv
fourth_entry_781m,pool1kprt6l4quz03dhqx8jw22spdjvp5dkshdnn567vlexqkj35hd8a,3,3,262,534,2021-04-19 13:20:57,2025-01-05 01:43:23,legacy/2026-05-20-pre-v2-import/data/raw/emurgo2/delegation_history.csv
fourth_entry_781m,pool1kx0jm9ycs3t99tnwafw6w72jkdlzhj5ltxe2nrzkd9x2u5x343h,3,3,495,527,2024-06-23 21:59:00,2024-12-03 12:20:08,legacy/2026-05-20-pre-v2-import/data/raw/emurgo2/delegation_history.csv
fourth_entry_781m,pool1l4synes9s3swlf5r5rsfpede3582r4km2wd94xctceyaudv9zx3,3,8,262,472,2021-04-17 13:53:36,2024-03-01 16:34:10,legacy/2026-05-20-pre-v2-import/data/raw/emurgo2/delegation_history.csv
fourth_entry_781m,pool1lllmq2jgcqrag5c77lpc5m34fsqn63leadyx9tzx842n66ly3ql,3,4,210,245,2020-07-30 02:40:51,2021-01-25 21:11:12,legacy/2026-05-20-pre-v2-import/data/raw/emurgo2/delegation_history.csv
fourth_entry_781m,pool1mfm9nf0fc2wknc94dxyedny3vxtmv4t05arq7czyxsmg7qcy76n,3,3,238,286,2020-12-21 15:19:06,2021-08-16 05:33:32,legacy/2026-05-20-pre-v2-import/data/raw/emurgo2/delegation_history.csv
fourth_entry_781m,pool1mhww3q6d7qssj5j2add05r7cyr7znyswe2g6vd23anpx5sh6z8d,3,3,261,386,2021-04-15 17:33:38,2022-12-29 18:18:55,legacy/2026-05-20-pre-v2-import/data/raw/emurgo2/delegation_history.csv
fourth_entry_781m,pool1n5shd9xdt4s2gm27fxcnuejaqhhmpepn6chw2c82kqnuzdtpsem,3,3,244,298,2021-01-18 13:35:55,2021-10-14 14:06:25,legacy/2026-05-20-pre-v2-import/data/raw/emurgo2/delegation_history.csv
fourth_entry_781m,pool1nl74emh67vuyt8cgv6gwhjnrctxgrpqlrdzznj4l3lh5j8lj3ah,3,3,210,212,2020-08-01 22:02:11,2020-08-12 09:52:31,legacy/2026-05-20-pre-v2-import/data/raw/emurgo2/delegation_history.csv
fourth_entry_781m,pool1p9sda64t6l9802tsu2fj6phvt9xfqgcpjucyr3kek8wzurmn8rz,3,3,210,258,2020-07-30 21:08:11,2021-03-31 13:51:10,legacy/2026-05-20-pre-v2-import/data/raw/emurgo2/delegation_history.csv
fourth_entry_781m,pool1p9sjhjx0v3k76wvgdqu7jcks2ra48wqlhc6g0mkewd25k3zcymy,3,4,231,264,2020-11-12 01:06:17,2021-04-28 12:36:28,legacy/2026-05-20-pre-v2-import/data/raw/emurgo2/delegation_history.csv
fourth_entry_781m,pool1pk7cjkcdsawxf25dwml0ely8vhjx7wp7nqans3jwatanceyqae0,3,3,234,251,2020-12-01 00:12:00,2021-02-21 19:50:42,legacy/2026-05-20-pre-v2-import/data/raw/emurgo2/delegation_history.csv
fourth_entry_781m,pool1pmm654jfx088td54ekkkd0j28x6r5gnjdhnutzggursrxjnpk2y,3,4,494,523,2024-06-23 00:21:38,2024-11-11 02:46:16,legacy/2026-05-20-pre-v2-import/data/raw/emurgo2/delegation_history.csv
fourth_entry_781m,pool1q66d2n39uvln4hazyzv8fyq977mpqus78sjd2369qfn7cptdeyh,3,3,210,210,2020-07-31 17:07:51,2020-08-02 08:07:31,legacy/2026-05-20-pre-v2-import/data/raw/emurgo2/delegation_history.csv
fourth_entry_781m,pool1q7wrwstqkzhrffdzpw8ftfd4epmxywdjnp8384atjcnezchv242,3,3,258,429,2021-03-30 09:45:05,2023-07-30 09:00:34,legacy/2026-05-20-pre-v2-import/data/raw/emurgo2/delegation_history.csv
fourth_entry_781m,pool1q8a7ym63gurl72wr32je0tv0lp4p2uh8vzzc6rn6un7ryslvqmu,3,3,385,417,2022-12-22 21:27:06,2023-06-01 10:48:54,legacy/2026-05-20-pre-v2-import/data/raw/emurgo2/delegation_history.csv
fourth_entry_781m,pool1qdjx5xeeu6288ftmhmdr0c6mazkua7m07cydmr78ymfhz7jj7g4,3,3,254,538,2021-03-09 08:25:48,2025-01-28 16:04:31,legacy/2026-05-20-pre-v2-import/data/raw/emurgo2/delegation_history.csv
fourth_entry_781m,pool1qlpen2kkw8yc0pjyjjcg4zlswhrahf73f99y3ae85kjy6leqk7l,3,3,258,270,2021-03-30 19:19:09,2021-05-27 18:46:41,legacy/2026-05-20-pre-v2-import/data/raw/emurgo2/delegation_history.csv
fourth_entry_781m,pool1qqq6qpcq3tvnqzy7r03dush0qk9vrr88v85d6fj3ws9h5zj0h8w,3,3,272,284,2021-06-05 07:48:08,2021-08-07 22:42:09,legacy/2026-05-20-pre-v2-import/data/raw/emurgo2/delegation_history.csv
fourth_entry_781m,pool1qqqqvmpm9v2l0tkwx4dpzth3g85lapxjug2j6sucnphyqlt4fuu,3,3,217,259,2020-09-07 18:49:31,2021-04-02 20:36:07,legacy/2026-05-20-pre-v2-import/data/raw/emurgo2/delegation_history.csv
fourth_entry_781m,pool1r0dcmvzsldk06yagudxaajqjuzhvwlzcnaclcwtvm8v4qmsn7l0,3,3,287,298,2021-08-23 15:39:18,2021-10-13 04:58:44,legacy/2026-05-20-pre-v2-import/data/raw/emurgo2/delegation_history.csv
fourth_entry_781m,pool1r8938r4ts8f4t8nsp9xl9dktzapt7f67jgpsp4wrju39xrdnaye,3,5,210,585,2020-07-31 11:32:11,2025-09-17 15:48:50,legacy/2026-05-20-pre-v2-import/data/raw/emurgo2/delegation_history.csv
fourth_entry_781m,pool1ra2su7cvnmr83pu9nvvz4a9carsgc9egc3e5fuk7h9pycyp5ela,3,3,589,599,2025-10-11 01:41:01,2025-11-28 11:09:05,legacy/2026-05-20-pre-v2-import/data/raw/emurgo2/delegation_history.csv
fourth_entry_781m,pool1rcj4kw3nepfpwr6s2tzgq3x3emw45n9w58063j98h38rse482k0,3,3,212,224,2020-08-11 20:29:31,2020-10-11 17:11:13,legacy/2026-05-20-pre-v2-import/data/raw/emurgo2/delegation_history.csv
fourth_entry_781m,pool1rhq7qyw4y2s80gstyevm6rhz2lsdsrcstawunxx5eld8csvuvlu,3,3,285,297,2021-08-12 16:51:13,2021-10-10 16:55:32,legacy/2026-05-20-pre-v2-import/data/raw/emurgo2/delegation_history.csv
fourth_entry_781m,pool1s5pue3nn7vegwr327cvnyqmd5h0cvse7wksf6drup89gvgxpr7l,3,3,285,328,2021-08-10 12:16:40,2022-03-12 17:02:56,legacy/2026-05-20-pre-v2-import/data/raw/emurgo2/delegation_history.csv
fourth_entry_781m,pool1sm2kmdn4f9rat3kl67y9drqcnnqc34zg4f4ufmnrfaj45gcv89d,3,6,253,396,2021-03-03 16:50:44,2023-02-15 01:27:15,legacy/2026-05-20-pre-v2-import/data/raw/emurgo2/delegation_history.csv
fourth_entry_781m,pool1t9m69j5thv2ke9jt9hhsgxlag44z7erp2s2ukcpruwhwqarc9np,3,3,251,254,2021-02-24 20:03:52,2021-03-09 12:45:22,legacy/2026-05-20-pre-v2-import/data/raw/emurgo2/delegation_history.csv
fourth_entry_781m,pool1u3v7s93f2d968a8kce6zgfmckfx56ly626jkml6jv7tgweplrn8,3,4,210,260,2020-07-30 12:05:51,2021-04-09 14:22:45,legacy/2026-05-20-pre-v2-import/data/raw/emurgo2/delegation_history.csv
fourth_entry_781m,pool1uaa3le5zjzjtzacvglgv9sha2pz8zlegl8udy9z8lhddcgufzlx,3,3,264,264,2021-04-26 07:00:58,2021-04-27 05:45:58,legacy/2026-05-20-pre-v2-import/data/raw/emurgo2/delegation_history.csv
fourth_entry_781m,pool1ud4u9r3tce5dum63lsg3xc8nn8ycl2llx5g3qpf6ukc4k0gcfy7,3,7,248,255,2021-02-09 07:40:17,2021-03-12 11:11:08,legacy/2026-05-20-pre-v2-import/data/raw/emurgo2/delegation_history.csv
fourth_entry_781m,pool1udkx9rmgzf08z7zz4p7ykpdqsdv5nf0w8uf38wrsdn5dzk9nq4g,3,3,232,250,2020-11-20 12:52:52,2021-02-15 22:02:55,legacy/2026-05-20-pre-v2-import/data/raw/emurgo2/delegation_history.csv
fourth_entry_781m,pool1ugwj76z4cx6sywscud8ntd2m9tg3gyesmnnl35qr2l5mu06pe3x,3,3,270,270,2021-05-26 08:56:21,2021-05-29 01:28:58,legacy/2026-05-20-pre-v2-import/data/raw/emurgo2/delegation_history.csv
fourth_entry_781m,pool1ujcu3myfg9wwvdyh2ks653954lamtufy3lefjs73jrr327q53j4,3,3,255,255,2021-03-12 11:08:35,2021-03-13 18:56:22,legacy/2026-05-20-pre-v2-import/data/raw/emurgo2/delegation_history.csv
fourth_entry_781m,pool1uu35qfkmjyxwpm3pgptfgr0qga9j2fzkc0tsjplcx840x295xj9,3,3,247,300,2021-02-02 18:40:57,2021-10-24 18:30:07,legacy/2026-05-20-pre-v2-import/data/raw/emurgo2/delegation_history.csv
fourth_entry_781m,pool1vc8jhqtwjrjwsfk6a0enx47hd2ufg98c34ta6lvl0zv0uhpech9,3,6,210,323,2020-07-30 19:57:51,2022-02-15 17:43:04,legacy/2026-05-20-pre-v2-import/data/raw/emurgo2/delegation_history.csv
fourth_entry_781m,pool1vtpn0drn5t39frknedmqq2jkhsfstwketsnvdm7cjzz674s30v2,3,3,422,468,2023-06-26 17:09:37,2024-02-14 21:39:53,legacy/2026-05-20-pre-v2-import/data/raw/emurgo2/delegation_history.csv
fourth_entry_781m,pool1we0xjccr3vc4ypnmhzsgwp7sxpsytu8dtv0syeqmtrllvcex68q,3,3,219,603,2020-09-15 06:44:51,2025-12-16 17:35:05,legacy/2026-05-20-pre-v2-import/data/raw/emurgo2/delegation_history.csv
fourth_entry_781m,pool1wll3vr4v605eap9hpjfpda5cjegqfkjt8hrz3kkxpnffqejhav3,3,3,232,246,2020-11-21 16:48:38,2021-01-29 20:25:37,legacy/2026-05-20-pre-v2-import/data/raw/emurgo2/delegation_history.csv
fourth_entry_781m,pool1xlfty06hg6q23qvcaxwv3p9ke7ff9n34qpr8tpxt2zflyq20ceh,3,3,534,539,2025-01-05 15:13:10,2025-02-02 18:39:57,legacy/2026-05-20-pre-v2-import/data/raw/emurgo2/delegation_history.csv
fourth_entry_781m,pool1y0lq6rjckxxly36gf3wdsxzjzg97mq9c90una3vfq8pu77g7zkf,3,3,231,276,2020-11-15 21:59:21,2021-06-25 12:59:30,legacy/2026-05-20-pre-v2-import/data/raw/emurgo2/delegation_history.csv
fourth_entry_781m,pool1yet04d4ykpp7me8uc2jx2glxrx88kt9uhmv6jeh7xkmtu5zucna,3,3,233,265,2020-11-23 14:08:09,2021-05-01 23:54:12,legacy/2026-05-20-pre-v2-import/data/raw/emurgo2/delegation_history.csv
fourth_entry_781m,pool1yhd6a8vvp0r0ads36j4zjwx7juztf6cgpa2fqm9dm0st790ptf2,3,3,250,251,2021-02-19 07:51:31,2021-02-21 21:41:56,legacy/2026-05-20-pre-v2-import/data/raw/emurgo2/delegation_history.csv
fourth_entry_781m,pool1yl46tklt9df02cf653fv74x2klucj3fc6mhm05n3enpk7lgxfjv,3,3,428,431,2023-07-28 09:24:14,2023-08-13 21:32:16,legacy/2026-05-20-pre-v2-import/data/raw/emurgo2/delegation_history.csv
fourth_entry_781m,pool1yxhf37v04q6cyrf8a4g64xsmvepwg5t2zc0qcquqjlph55ye2ef,3,3,217,235,2020-09-06 12:26:12,2020-12-03 01:28:53,legacy/2026-05-20-pre-v2-import/data/raw/emurgo2/delegation_history.csv
fourth_entry_781m,pool1zfhww5y28t303z6uyq3w47pkhfmxww9dsn89vrxteplg2zjkekl,3,4,253,275,2021-03-04 00:45:57,2021-06-23 05:00:16,legacy/2026-05-20-pre-v2-import/data/raw/emurgo2/delegation_history.csv
fourth_entry_781m,pool1zmtm8yef7725p9n7x433m50kvv9xpzjujnny9m5t960g5qm30ua,3,3,254,353,2021-03-07 10:14:51,2022-07-18 19:47:23,legacy/2026-05-20-pre-v2-import/data/raw/emurgo2/delegation_history.csv
fourth_entry_781m,pool1030as3pp5684ghgf4kzcpv4p2jnmkmme7j363t95690zwxp7wa0,2,2,290,595,2021-09-07 04:54:20,2025-11-10 12:59:31,legacy/2026-05-20-pre-v2-import/data/raw/emurgo2/delegation_history.csv
fourth_entry_781m,pool109s7c6kn6ugxjnf8d46s9h3nnezs3d77yu80scs9sjppqa0qkyn,2,2,234,253,2020-11-29 01:42:21,2021-03-05 23:47:55,legacy/2026-05-20-pre-v2-import/data/raw/emurgo2/delegation_history.csv
fourth_entry_781m,pool10hex9l4wjgqarvhr94xgyh9frv5lhtajhrj4dah0kl65jtws30k,2,2,255,271,2021-03-12 10:54:39,2021-06-03 22:29:26,legacy/2026-05-20-pre-v2-import/data/raw/emurgo2/delegation_history.csv
fourth_entry_781m,pool10p3g22454ly7eaurlur5wc9d9ual2fnfwy7a6e7k09z3yf929k9,2,2,210,254,2020-08-03 14:58:11,2021-03-09 21:44:51,legacy/2026-05-20-pre-v2-import/data/raw/emurgo2/delegation_history.csv
fourth_entry_781m,pool10p6wd9k0fwk2zqkqnqr8efyr7gms627ujk9dxgk6majskhawr6r,2,3,392,472,2023-01-28 19:59:34,2024-03-02 15:24:47,legacy/2026-05-20-pre-v2-import/data/raw/emurgo2/delegation_history.csv
fourth_entry_781m,pool10w6dqsuflhrczmvle5awchzcteskxke3ce0anmnvza2n2uv3u2f,2,2,213,217,2020-08-16 22:52:37,2020-09-03 15:17:33,legacy/2026-05-20-pre-v2-import/data/raw/emurgo2/delegation_history.csv
fourth_entry_781m,pool10ya6hxrssmyhl560gqyalhqxudkgfjdlc0e4krww6wweyaeajs8,2,2,291,524,2021-09-12 02:36:56,2024-11-19 19:37:46,legacy/2026-05-20-pre-v2-import/data/raw/emurgo2/delegation_history.csv
fourth_entry_781m,pool12eht6dqxpzqj87xuextrpufz2gxmt4reuesuw26r2utzw0kw906,2,2,454,463,2023-12-05 08:35:51,2024-01-16 16:40:27,legacy/2026-05-20-pre-v2-import/data/raw/emurgo2/delegation_history.csv
fourth_entry_781m,pool12n59qv09v4de7c703ka7xym2ggpa9500cnwst5evm7st6anvaj4,2,2,211,212,2020-08-08 13:45:31,2020-08-13 17:01:11,legacy/2026-05-20-pre-v2-import/data/raw/emurgo2/delegation_history.csv
fourth_entry_781m,pool12ur7gf2psr2grf83u6gturpv2je6vxq9rkg8malygdxqkwnqc5h,2,2,323,331,2022-02-17 18:22:55,2022-03-26 23:17:39,legacy/2026-05-20-pre-v2-import/data/raw/emurgo2/delegation_history.csv
fourth_entry_781m,pool12yscr8j3zs34ewxrwlk0p2w5uvgcnrzywpp78ddjsj8kxd530f9,2,2,275,578,2021-06-22 22:59:54,2025-08-14 13:02:21,legacy/2026-05-20-pre-v2-import/data/raw/emurgo2/delegation_history.csv
fourth_entry_781m,pool130sxcuaxh2yc4chs68c4jsep4v7zfhgdqutm60ngdvt9sa2ga06,2,2,215,247,2020-08-23 23:27:50,2021-01-31 05:15:27,legacy/2026-05-20-pre-v2-import/data/raw/emurgo2/delegation_history.csv
fourth_entry_781m,pool1378u3xd5h393n0dwqszfw4dmen5vlmnm2fsdczd3v92n6dlw6qm,2,2,210,213,2020-07-30 10:53:51,2020-08-14 22:09:39,legacy/2026-05-20-pre-v2-import/data/raw/emurgo2/delegation_history.csv
fourth_entry_781m,pool13fg83xz9t4yunpzjmcras7kqpyssl6247uqva53s6jntskmhvc7,2,2,247,253,2021-01-31 18:57:04,2021-03-03 23:09:39,legacy/2026-05-20-pre-v2-import/data/raw/emurgo2/delegation_history.csv
fourth_entry_781m,pool13n4jzw847sspllczxgnza7vkq80m8px7mpvwnsqthyy2790vmyc,2,2,210,210,2020-07-29 23:02:31,2020-07-30 02:45:31,legacy/2026-05-20-pre-v2-import/data/raw/emurgo2/delegation_history.csv
fourth_entry_781m,pool13pclvkwxee4znt7qc55k8ny89zvdkvfrt04dtd99zjm5vs2tws5,2,2,239,296,2020-12-23 03:44:09,2021-10-07 07:22:56,legacy/2026-05-20-pre-v2-import/data/raw/emurgo2/delegation_history.csv
fourth_entry_781m,pool13q0r47yq43jljm9lnwza8uz57u420wuuwllrvkalxm6vwn2dq5n,2,2,210,243,2020-08-01 02:27:51,2021-01-14 09:46:31,legacy/2026-05-20-pre-v2-import/data/raw/emurgo2/delegation_history.csv
fourth_entry_781m,pool13qze0weztaxl9uje7gjryzs85mwlx0cn9pgdnkdxs3xvu78tsr3,2,2,250,305,2021-02-17 06:42:38,2021-11-17 23:07:23,legacy/2026-05-20-pre-v2-import/data/raw/emurgo2/delegation_history.csv
fourth_entry_781m,pool13vc4ekwpky5vtnl8pyj60phkmwtv7gsthn4g525udt7mjycs85v,2,3,354,442,2022-07-20 12:58:59,2023-10-05 12:42:42,legacy/2026-05-20-pre-v2-import/data/raw/emurgo2/delegation_history.csv
fourth_entry_781m,pool13zh79cqv3y36cgknzagwegp8y0kuzel2j046jmup97hhjwk5myw,2,2,217,217,2020-09-06 06:26:00,2020-09-06 06:29:39,legacy/2026-05-20-pre-v2-import/data/raw/emurgo2/delegation_history.csv
fourth_entry_781m,pool14cautfm2e8jxv79tv59grnryjxs8f2wewz66wup695xgu7wjnvr,2,2,251,261,2021-02-24 12:24:26,2021-04-13 16:01:21,legacy/2026-05-20-pre-v2-import/data/raw/emurgo2/delegation_history.csv
fourth_entry_781m,pool14gu2yv67enp56dym7ww2d0d72723kgrcqsuau5nxjv9ryt004rt,2,2,212,212,2020-08-09 10:45:31,2020-08-12 20:36:51,legacy/2026-05-20-pre-v2-import/data/raw/emurgo2/delegation_history.csv
fourth_entry_781m,pool14hsxa2zfwzvy9ncdjwnx0xkcltjmdydeayxfju7suuuewv0dnke,2,2,211,548,2020-08-07 14:15:51,2025-03-20 04:19:49,legacy/2026-05-20-pre-v2-import/data/raw/emurgo2/delegation_history.csv
fourth_entry_781m,pool14mma26pz4v888lrxtlzm22vjd68h5hd89kj7jaag6knx7x3k5ed,2,2,303,309,2021-11-09 03:47:57,2021-12-09 17:33:24,legacy/2026-05-20-pre-v2-import/data/raw/emurgo2/delegation_history.csv
fourth_entry_781m,pool14n77mmxh6a2d9k05jamzdwsws2ayvkyje8uc7led958p63at3aj,2,3,281,293,2021-07-23 18:02:38,2021-09-19 20:35:20,legacy/2026-05-20-pre-v2-import/data/raw/emurgo2/delegation_history.csv
fourth_entry_781m,pool14qpadfdjzw6jkwxy67uhey6tjpyppsmwgz5awfsxwrtpsecslpc,2,2,573,575,2025-07-18 23:28:54,2025-08-01 21:57:35,legacy/2026-05-20-pre-v2-import/data/raw/emurgo2/delegation_history.csv
fourth_entry_781m,pool150hft90uw7tzr9uvj7tqkjp4u98a9hl20llj3n9ew76kkfm768r,2,2,261,339,2021-04-15 14:43:06,2022-05-06 01:07:14,legacy/2026-05-20-pre-v2-import/data/raw/emurgo2/delegation_history.csv
fourth_entry_781m,pool153sc4fct34a680nyfj4084w8dpax6c0zt0js8zqvg3sj7wtk486,2,2,535,536,2025-01-12 13:52:59,2025-01-19 03:54:44,legacy/2026-05-20-pre-v2-import/data/raw/emurgo2/delegation_history.csv
fourth_entry_781m,pool15676jwlm6gancffzs2jg9vf5xwzmspyktw75dl4kaucyst4qt8q,2,2,261,352,2021-04-14 09:22:00,2022-07-10 22:39:07,legacy/2026-05-20-pre-v2-import/data/raw/emurgo2/delegation_history.csv
fourth_entry_781m,pool157e2zadjusu6esf9mmx37nf63ep2gazdeln5mh04ylpcvz59g5c,2,2,236,236,2020-12-07 12:02:08,2020-12-08 07:54:51,legacy/2026-05-20-pre-v2-import/data/raw/emurgo2/delegation_history.csv
fourth_entry_781m,pool157g225wjz7a0hp2g7t5j7g94dd3esr26xg90rnr9gq3js8ep0v5,2,2,335,361,2022-04-20 21:19:56,2022-08-27 12:53:46,legacy/2026-05-20-pre-v2-import/data/raw/emurgo2/delegation_history.csv
fourth_entry_781m,pool15a04yc72q4tfkwaweu86l0764urswee8c3zxperyrdq4kx8nvua,2,2,296,403,2021-10-04 08:58:51,2023-03-22 15:13:26,legacy/2026-05-20-pre-v2-import/data/raw/emurgo2/delegation_history.csv
fourth_entry_781m,pool15fn9e84lmcp88z6yldagdele2lq0kqremlf0j96v7cj0jj6v22l,2,2,327,329,2022-03-07 14:02:31,2022-03-21 13:11:18,legacy/2026-05-20-pre-v2-import/data/raw/emurgo2/delegation_history.csv
fourth_entry_781m,pool15mfkj8sl7estcmmd5a07afrx5f4hlz3pcr6p6ay5pfmrjfl2hlf,2,2,237,246,2020-12-12 02:42:29,2021-01-30 21:29:27,legacy/2026-05-20-pre-v2-import/data/raw/emurgo2/delegation_history.csv
fourth_entry_781m,pool15v22rpfg6qx9l0gx0m955gfv7tes0jpa9sy0gjs3a04lv6x9jdr,2,2,447,507,2023-10-30 10:57:09,2024-08-27 21:36:45,legacy/2026-05-20-pre-v2-import/data/raw/emurgo2/delegation_history.csv
fourth_entry_781m,pool16e2x06wk8ufyakgrzq0c9p5tmfhl6w0c80raxr0xtg5g7aakhgh,2,2,284,323,2021-08-05 15:19:03,2022-02-17 11:33:51,legacy/2026-05-20-pre-v2-import/data/raw/emurgo2/delegation_history.csv
fourth_entry_781m,pool16jefdagcsgzyek9jytzfezx5ajvfkytjgghaps64hzz6uzkpc0e,2,2,269,269,2021-05-22 04:48:57,2021-05-22 04:59:26,legacy/2026-05-20-pre-v2-import/data/raw/emurgo2/delegation_history.csv
fourth_entry_781m,pool16pk3nc2g7580vwurn7t6qfjge70cc8ylvqkt0cnzsnktc5j38qp,2,5,243,292,2021-01-15 14:40:29,2021-09-15 01:04:47,legacy/2026-05-20-pre-v2-import/data/raw/emurgo2/delegation_history.csv
fourth_entry_781m,pool16sjl6t8exdrenygxhramgc7vs7hjv7ga35caj4cexgzdk7mrpxr,2,2,283,283,2021-07-30 10:44:45,2021-07-30 13:39:18,legacy/2026-05-20-pre-v2-import/data/raw/emurgo2/delegation_history.csv
fourth_entry_781m,pool17e4rdh59t4fmn4g3p02xvs853katrjzge830tsmd3sfdc645yvt,2,2,240,275,2020-12-30 00:53:05,2021-06-20 04:18:06,legacy/2026-05-20-pre-v2-import/data/raw/emurgo2/delegation_history.csv
fourth_entry_781m,pool17tfres65n2elunrcmkg3t24s48j8mh5kklzrg6pzcu42x7shmrv,2,2,267,271,2021-05-13 09:46:11,2021-06-02 15:45:48,legacy/2026-05-20-pre-v2-import/data/raw/emurgo2/delegation_history.csv
fourth_entry_781m,pool180fejev4xgwe2y53ky0pxvgxr3wcvkweu6feq5mdljfzcsmtg6u,2,2,470,471,2024-02-22 07:04:41,2024-02-25 23:31:19,legacy/2026-05-20-pre-v2-import/data/raw/emurgo2/delegation_history.csv
fourth_entry_781m,pool1829u4wxz0hdatsc0sczd0r3362wxk82qlqncjw5ksx7ngne07w0,2,2,241,244,2021-01-05 21:04:56,2021-01-18 17:03:35,legacy/2026-05-20-pre-v2-import/data/raw/emurgo2/delegation_history.csv
fourth_entry_781m,pool189lfh7azuvxu0hyskwahnp35rtez0mzhsmule3742p3jkza00cq,2,2,567,569,2025-06-19 08:15:11,2025-07-03 09:50:10,legacy/2026-05-20-pre-v2-import/data/raw/emurgo2/delegation_history.csv
fourth_entry_781m,pool18axt9r7z8eg0udd9xxzc4r2u9x322wfrtq3928jzye4ey3jytgq,2,2,210,210,2020-07-30 04:20:51,2020-07-31 19:37:51,legacy/2026-05-20-pre-v2-import/data/raw/emurgo2/delegation_history.csv
fourth_entry_781m,pool18hk4akqtnktgsptxll625lksugwpc4r30nzjgz4pxtufqgw5gdd,2,2,280,280,2021-07-19 20:21:05,2021-07-19 20:21:05,legacy/2026-05-20-pre-v2-import/data/raw/emurgo2/delegation_history.csv
fourth_entry_781m,pool18r2y72aue5nmv489xtnfxl36vzusq95qst6urd87yd5hgzms04c,2,2,291,323,2021-09-11 12:16:23,2022-02-15 08:57:27,legacy/2026-05-20-pre-v2-import/data/raw/emurgo2/delegation_history.csv
fourth_entry_781m,pool18xyhhrlxp6svh3rpr8fe8ts88ymn7xatgd74305t8548ccgtacq,2,2,253,277,2021-03-04 20:05:25,2021-07-04 00:10:06,legacy/2026-05-20-pre-v2-import/data/raw/emurgo2/delegation_history.csv
fourth_entry_781m,pool18xysavc2dazzvc7xaqyh6t966zlawgupkdzyfc0yspt76ggxw6g,2,3,253,375,2021-03-05 05:09:25,2022-11-06 16:20:42,legacy/2026-05-20-pre-v2-import/data/raw/emurgo2/delegation_history.csv
fourth_entry_781m,pool194lhpd5e6a8n8n0zce5hg9f5279pqecd86yl0ytf8nztk2x9unv,2,2,436,494,2023-09-03 06:59:09,2024-06-19 17:00:03,legacy/2026-05-20-pre-v2-import/data/raw/emurgo2/delegation_history.csv
fourth_entry_781m,pool194usk2h8vcq6yw89xs5asrvw22g08kcfy72xyfrnnkg6qrhtlfw,2,2,214,222,2020-08-19 09:19:01,2020-10-01 15:08:22,legacy/2026-05-20-pre-v2-import/data/raw/emurgo2/delegation_history.csv
fourth_entry_781m,pool19gzu2dyp0g9e0nsvtg34fdhrtgr8c5jq37nscalqkh3hsjmas69,2,3,355,362,2022-07-27 06:11:38,2022-08-29 16:18:43,legacy/2026-05-20-pre-v2-import/data/raw/emurgo2/delegation_history.csv
fourth_entry_781m,pool19k4azhj8tye5wwy5pfj7q6m938m8fg5nglds5dkhtfwnvcg3s0k,2,2,254,276,2021-03-08 07:34:24,2021-06-28 04:29:39,legacy/2026-05-20-pre-v2-import/data/raw/emurgo2/delegation_history.csv
fourth_entry_781m,pool19kqzpht4lz9q0pc26f3nvw0ggwznv3xfhhvm2wlkxce4srjm5p8,2,2,210,210,2020-07-30 09:25:51,2020-07-31 10:12:51,legacy/2026-05-20-pre-v2-import/data/raw/emurgo2/delegation_history.csv
fourth_entry_781m,pool19peeq2czwunkwe3s70yuvwpsrqcyndlqnxvt67usz98px57z7fk,2,6,383,471,2022-12-12 10:40:58,2024-02-25 20:01:11,legacy/2026-05-20-pre-v2-import/data/raw/emurgo2/delegation_history.csv
fourth_entry_781m,pool19q034g07ka2ltwc3wwjeu79w29nlafc0w2ppne5ppu5wud60rgq,2,2,323,347,2022-02-17 00:49:04,2022-06-19 17:12:13,legacy/2026-05-20-pre-v2-import/data/raw/emurgo2/delegation_history.csv
fourth_entry_781m,pool19ut4284xy9p82dd0cglzxweddfqw73yennkjk6mmp650chnr6lz,2,2,216,456,2020-08-31 23:00:27,2023-12-12 19:33:50,legacy/2026-05-20-pre-v2-import/data/raw/emurgo2/delegation_history.csv
fourth_entry_781m,pool1a5njhrg4s74vgynnae0hht04wgmcf75kwen3676jhrr5v3s8ecq,2,2,211,211,2020-08-05 07:54:31,2020-08-05 18:56:51,legacy/2026-05-20-pre-v2-import/data/raw/emurgo2/delegation_history.csv
fourth_entry_781m,pool1a6ccp9fpgn40r2jl7fapjv3224swqf72z5gt4cgwctnk5etfjlr,2,2,210,289,2020-07-30 02:34:31,2021-09-02 12:23:20,legacy/2026-05-20-pre-v2-import/data/raw/emurgo2/delegation_history.csv
fourth_entry_781m,pool1c25428845rm7sp2cja9jgahpr5kll29srjdzzh84pu84uzanqfc,2,2,211,255,2020-08-07 01:56:11,2021-03-14 09:08:49,legacy/2026-05-20-pre-v2-import/data/raw/emurgo2/delegation_history.csv
fourth_entry_781m,pool1c2wf97p3j9gfvfjshj99ufxerpy3aznm8tzr2fd0ua465s26th4,2,2,252,264,2021-02-26 01:17:13,2021-04-26 04:14:58,legacy/2026-05-20-pre-v2-import/data/raw/emurgo2/delegation_history.csv
fourth_entry_781m,pool1c38rf777lz0lweuz856xtetz2p2tfq04xfles089839tclt4dp3,2,2,257,283,2021-03-24 16:33:20,2021-08-03 18:19:08,legacy/2026-05-20-pre-v2-import/data/raw/emurgo2/delegation_history.csv
fourth_entry_781m,pool1c4y0lwrzus07c34py4x03juzqwa38zmvd0tc7ld5hp77qwpp5qe,2,2,214,223,2020-08-19 00:52:21,2020-10-04 18:19:02,legacy/2026-05-20-pre-v2-import/data/raw/emurgo2/delegation_history.csv
fourth_entry_781m,pool1cadtxkx0lkrq5refcn8p3ueujn4r0wvuk57f6efwflj22gg0qqw,2,6,213,254,2020-08-14 11:05:57,2021-03-07 14:44:30,legacy/2026-05-20-pre-v2-import/data/raw/emurgo2/delegation_history.csv
fourth_entry_781m,pool1cg559cdc25fkvs73umj6w5nxlwy3mpmj02xt7p4v69eqs5ncz9k,2,2,323,374,2022-02-16 18:45:41,2022-11-01 15:36:38,legacy/2026-05-20-pre-v2-import/data/raw/emurgo2/delegation_history.csv
fourth_entry_781m,pool1czg8a3gg33aujkkcf9wrnr8zf4qq9qn0rrkh04umrg60k0vyvdl,2,2,211,217,2020-08-04 01:51:11,2020-09-03 14:41:58,legacy/2026-05-20-pre-v2-import/data/raw/emurgo2/delegation_history.csv
fourth_entry_781m,pool1dcjycc5mvj9svh9ys482078mnqutu48k3zj7uqzswj7m54a7hzr,2,2,287,287,2021-08-20 05:07:13,2021-08-23 14:47:55,legacy/2026-05-20-pre-v2-import/data/raw/emurgo2/delegation_history.csv
fourth_entry_781m,pool1dhf4dt395f0c0ujnscazvzvw73ynzgwvtf5k4y9c907hwjdyaq4,2,4,265,283,2021-05-02 04:28:59,2021-07-30 00:56:22,legacy/2026-05-20-pre-v2-import/data/raw/emurgo2/delegation_history.csv
fourth_entry_781m,pool1dqhaw0h2f4ehpdhh57quszcj22qhkglhg6yvaf39w3clxdl2kpy,2,2,303,401,2021-11-10 05:51:40,2023-03-14 17:23:19,legacy/2026-05-20-pre-v2-import/data/raw/emurgo2/delegation_history.csv
fourth_entry_781m,pool1ds7rtjqxauff54ny4avs7qxmvchepuv6u79kgg0sf84mjlhxznp,2,2,402,408,2023-03-17 22:56:58,2023-04-18 18:34:14,legacy/2026-05-20-pre-v2-import/data/raw/emurgo2/delegation_history.csv
fourth_entry_781m,pool1dww6s8stvm7dl2n8740s3v5rnxmsuqcl8jcnu64g7cds5w29pft,2,2,253,466,2021-03-06 18:10:39,2024-01-31 12:37:29,legacy/2026-05-20-pre-v2-import/data/raw/emurgo2/delegation_history.csv
fourth_entry_781m,pool1dy7tz7eyf2qal2jcns4qwm4xqn34gc4rj9dz34kfs6zuju477k7,2,2,210,210,2020-07-31 18:59:11,2020-08-01 10:23:31,legacy/2026-05-20-pre-v2-import/data/raw/emurgo2/delegation_history.csv
fourth_entry_781m,pool1e2tl2w0x4puw0f7c04mznq4qz6kxjkwhvuvusgf2fgu7q4d6ghv,2,2,388,441,2023-01-08 21:16:58,2023-09-30 20:25:55,legacy/2026-05-20-pre-v2-import/data/raw/emurgo2/delegation_history.csv
fourth_entry_781m,pool1e6chrtr2p5ycvppuye3x82ytp84ycw0pes6zmkw972upz3g8wms,2,2,214,248,2020-08-22 07:17:21,2021-02-07 16:48:27,legacy/2026-05-20-pre-v2-import/data/raw/emurgo2/delegation_history.csv
fourth_entry_781m,pool1e9tp0emvvg9sc4ds9h4nhwk8qpn6869qwnas2qywu9ep2reaaxe,2,2,254,275,2021-03-09 22:21:31,2021-06-22 08:54:35,legacy/2026-05-20-pre-v2-import/data/raw/emurgo2/delegation_history.csv
fourth_entry_781m,pool1efcy26vzdpn42c042ylynmx568m0csfle5yvkumh3v5xjhdraxk,2,2,233,312,2020-11-26 18:52:48,2021-12-22 03:38:20,legacy/2026-05-20-pre-v2-import/data/raw/emurgo2/delegation_history.csv
fourth_entry_781m,pool1egunxfppwtglyu3t864uq76y0zu05s7pjda3e9g95nwlwc5ye2h,2,4,252,329,2021-03-01 11:49:10,2022-03-17 06:35:05,legacy/2026-05-20-pre-v2-import/data/raw/emurgo2/delegation_history.csv
fourth_entry_781m,pool1ek2m5zuydqcgqv3s5mlh55tr8gp76yuxe4hj4s7xtxajyc94rx3,2,2,212,223,2020-08-12 03:25:11,2020-10-04 06:57:19,legacy/2026-05-20-pre-v2-import/data/raw/emurgo2/delegation_history.csv
fourth_entry_781m,pool1enul577he3e0s500lv8z98m6k936uecz2rpckxxmmk8c7k0n2rd,2,2,253,412,2021-03-05 09:01:11,2023-05-06 14:49:57,legacy/2026-05-20-pre-v2-import/data/raw/emurgo2/delegation_history.csv
fourth_entry_781m,pool1esrdl3mj4pflc70p2rx5trz920v8d4796m6h2yqwpq39x5dmmxg,2,2,318,319,2022-01-25 13:39:38,2022-01-29 06:02:33,legacy/2026-05-20-pre-v2-import/data/raw/emurgo2/delegation_history.csv
fourth_entry_781m,pool1f22470gz0h9zvr5asy86p8gx397qq8sdz5yxn6998hc82h8ds04,2,3,210,210,2020-07-30 11:58:31,2020-08-03 16:12:51,legacy/2026-05-20-pre-v2-import/data/raw/emurgo2/delegation_history.csv
fourth_entry_781m,pool1ff9edraw8jjzguvyr4lkm2x0ce9lmr8sewwdgs76x9d879n7sxz,2,3,294,353,2021-09-23 06:09:06,2022-07-16 21:49:20,legacy/2026-05-20-pre-v2-import/data/raw/emurgo2/delegation_history.csv
fourth_entry_781m,pool1fg5fs0jks9459pf5qxvdvv3l7rzemj0q8e2lt6unxx5m7fv3tzn,2,2,260,268,2021-04-07 15:13:28,2021-05-17 07:06:48,legacy/2026-05-20-pre-v2-import/data/raw/emurgo2/delegation_history.csv
fourth_entry_781m,pool1fv9f8phzn7hp623ypw6ctf73a98hd7nrh8wm7glpcuhf64856g2,2,2,396,454,2023-02-15 15:55:03,2023-12-05 14:36:05,legacy/2026-05-20-pre-v2-import/data/raw/emurgo2/delegation_history.csv
fourth_entry_781m,pool1g0hsnjnt0du3kp33gjua3npncngr3yg4ak2zfdhd4zvmy6r8hyd,2,3,242,257,2021-01-07 04:49:08,2021-03-22 11:50:17,legacy/2026-05-20-pre-v2-import/data/raw/emurgo2/delegation_history.csv
fourth_entry_781m,pool1g77ac5d7efytjc2rc3c8lnwl9snmlp8p7858fp06teqv6pcf694,2,3,258,270,2021-03-29 02:00:28,2021-05-26 06:14:36,legacy/2026-05-20-pre-v2-import/data/raw/emurgo2/delegation_history.csv
fourth_entry_781m,pool1gha260s6hx855p49fc735w78p0kcp4hyxl8glymp5k5muk9jkgm,2,4,267,289,2021-05-12 04:37:00,2021-09-02 18:29:49,legacy/2026-05-20-pre-v2-import/data/raw/emurgo2/delegation_history.csv
fourth_entry_781m,pool1grvc8ee54v6hm0aynfdqanugez2sjjdaya2fxcug7lhu73dnrl7,2,2,250,261,2021-02-19 07:19:14,2021-04-14 02:55:00,legacy/2026-05-20-pre-v2-import/data/raw/emurgo2/delegation_history.csv
fourth_entry_781m,pool1gu33fszp9ek0w9fkdt2xpnp4vznvvv2vhktc0dypa8fr53lc9pc,2,2,211,294,2020-08-08 01:04:11,2021-09-23 10:31:21,legacy/2026-05-20-pre-v2-import/data/raw/emurgo2/delegation_history.csv
fourth_entry_781m,pool1h0anq89dytn6vtm0afhreyawcnn0w99w7e4s4q5w0yh3ymzh94s,2,2,210,244,2020-07-30 10:41:11,2021-01-19 13:29:17,legacy/2026-05-20-pre-v2-import/data/raw/emurgo2/delegation_history.csv
fourth_entry_781m,pool1h0v99elmvl50rqk778ue6g49r3mtgq3z4draq6pzy0nqv000frd,2,12,251,267,2021-02-23 14:45:58,2021-05-12 16:13:42,legacy/2026-05-20-pre-v2-import/data/raw/emurgo2/delegation_history.csv
fourth_entry_781m,pool1h5jtxde8j86qrnqzj32ugn480u7gw5xw8wqy5d227rl3vfg58qz,2,2,212,259,2020-08-13 14:02:51,2021-04-04 07:49:40,legacy/2026-05-20-pre-v2-import/data/raw/emurgo2/delegation_history.csv
fourth_entry_781m,pool1ha4z9zne9z7he43qf0tzv9pdq8cdj63xfrj8s246u89lkcwmq7w,2,2,268,324,2021-05-17 00:13:28,2022-02-21 06:33:39,legacy/2026-05-20-pre-v2-import/data/raw/emurgo2/delegation_history.csv
fourth_entry_781m,pool1hcjc7d8g0awkledqs4ne8chl4gqmcc57yucexw2pyzll7eq84af,2,8,253,272,2021-03-04 01:26:28,2021-06-06 12:30:04,legacy/2026-05-20-pre-v2-import/data/raw/emurgo2/delegation_history.csv
fourth_entry_781m,pool1hfn7yuwfyhmmqe4qpaxfewuly7cnemc6kqkv5npytj9vcrskh6j,2,2,247,250,2021-01-31 13:20:51,2021-02-15 01:04:47,legacy/2026-05-20-pre-v2-import/data/raw/emurgo2/delegation_history.csv
fourth_entry_781m,pool1j3umdcuxcewcxz98wm3sx5xqwgxx0v7z376xyjfq4jgejpvv8fz,2,2,317,317,2022-01-17 22:19:36,2022-01-18 12:17:22,legacy/2026-05-20-pre-v2-import/data/raw/emurgo2/delegation_history.csv
fourth_entry_781m,pool1j4nkshfytq8tww99ttfwvrmv8n7yq2tvuw0xlphelzzw6vfghwq,2,6,284,427,2021-08-05 06:46:09,2023-07-21 10:14:47,legacy/2026-05-20-pre-v2-import/data/raw/emurgo2/delegation_history.csv
fourth_entry_781m,pool1j742gcsul7u8c05rsqmkgpkvj5qadj0pew69nctu6crqy9wjjn4,2,2,406,459,2023-04-07 16:44:30,2023-12-28 00:44:02,legacy/2026-05-20-pre-v2-import/data/raw/emurgo2/delegation_history.csv
fourth_entry_781m,pool1j8grqucdwwcr0cwzxrtw30vqcptg0jdlrmauq5w7ytvqx6nf5np,2,2,252,262,2021-02-24 22:40:30,2021-04-20 15:37:07,legacy/2026-05-20-pre-v2-import/data/raw/emurgo2/delegation_history.csv
fourth_entry_781m,pool1jdeg5kn8m77t873vufp9hty99fl0f3huvf8uzylk2ydz50l6a22,2,2,286,306,2021-08-17 03:26:11,2021-11-23 20:01:08,legacy/2026-05-20-pre-v2-import/data/raw/emurgo2/delegation_history.csv
fourth_entry_781m,pool1jezf7dcx26edfpxmpuh05yen64a9cj44xm2ggsapcxrtqewfek2,2,2,236,252,2020-12-07 10:53:53,2021-02-27 10:00:46,legacy/2026-05-20-pre-v2-import/data/raw/emurgo2/delegation_history.csv
fourth_entry_781m,pool1jm220zs5txnxe6nt89hajtm6hwsf902e2dwjrtfuq33uw835g65,2,2,211,341,2020-08-04 00:56:31,2022-05-20 16:08:47,legacy/2026-05-20-pre-v2-import/data/raw/emurgo2/delegation_history.csv
fourth_entry_781m,pool1jqfk2y5wked4sjpx9sqxn6dmut8hq2n9qlreymqtpxuc5l38fl0,2,2,281,281,2021-07-20 13:40:36,2021-07-20 14:12:48,legacy/2026-05-20-pre-v2-import/data/raw/emurgo2/delegation_history.csv
fourth_entry_781m,pool1jrn3nlmzt4r99fh5z450nnwqerwljzn426ffknfs9x8gcqgffst,2,2,289,323,2021-09-02 03:39:37,2022-02-16 18:36:27,legacy/2026-05-20-pre-v2-import/data/raw/emurgo2/delegation_history.csv
fourth_entry_781m,pool1kck3hegpzrc96s29x8egn6jmrajdrvslqldyl09sntu2sw4urst,2,2,286,286,2021-08-14 08:05:29,2021-08-14 19:04:17,legacy/2026-05-20-pre-v2-import/data/raw/emurgo2/delegation_history.csv
fourth_entry_781m,pool1keasvddt9vndl8jyhg204s6kqusv5zgzg3kk3l3g949ew402ahe,2,3,379,458,2022-11-23 16:00:27,2023-12-26 20:16:36,legacy/2026-05-20-pre-v2-import/data/raw/emurgo2/delegation_history.csv
fourth_entry_781m,pool1kffetqjt06qvk4995tz3e3q9h3c8cdq9eedrz8qr3ynnc63qckz,2,2,250,349,2021-02-17 14:28:35,2022-06-29 19:48:57,legacy/2026-05-20-pre-v2-import/data/raw/emurgo2/delegation_history.csv
fourth_entry_781m,pool1khgrpe9tann7ywfppvd0zn46jyd03yqnaea98hnhqunewechx5u,2,2,213,213,2020-08-14 00:07:04,2020-08-14 05:02:10,legacy/2026-05-20-pre-v2-import/data/raw/emurgo2/delegation_history.csv
fourth_entry_781m,pool1khku6wh5mh3xprdw3crqye0mzwzhk3cxzv2unnusa0c0sjqac2g,2,2,292,293,2021-09-13 14:58:54,2021-09-18 09:37:39,legacy/2026-05-20-pre-v2-import/data/raw/emurgo2/delegation_history.csv
fourth_entry_781m,pool1kterawv22xya864tqjy9pq2ftmuptlggywtqt3p7adexg7qyl6u,2,2,235,241,2020-12-02 00:53:14,2021-01-02 19:12:51,legacy/2026-05-20-pre-v2-import/data/raw/emurgo2/delegation_history.csv
fourth_entry_781m,pool1l0qnutsvgcljl9nrkf2gn9hwffg0uss22fuwtluv6lmqqx33alt,2,3,211,213,2020-08-04 13:05:51,2020-08-14 14:24:51,legacy/2026-05-20-pre-v2-import/data/raw/emurgo2/delegation_history.csv
fourth_entry_781m,pool1lhvpgr8lhsf6h03v9zqxm74pa63rdxx4yuvkqfw4tv9fua8t37a,2,2,250,274,2021-02-17 05:57:04,2021-06-18 03:41:06,legacy/2026-05-20-pre-v2-import/data/raw/emurgo2/delegation_history.csv
fourth_entry_781m,pool1lhwzsyhh7dmw9wuz7qxnml2z5ef5303lp7jxgss2qnat22sprgx,2,2,223,253,2020-10-05 21:23:46,2021-03-06 10:03:31,legacy/2026-05-20-pre-v2-import/data/raw/emurgo2/delegation_history.csv
fourth_entry_781m,pool1lp9wmr8dkcceta5we999nvlfh9um06cd6sggtt5523eawf7mtg4,2,2,525,572,2024-11-23 17:18:32,2025-07-14 01:29:10,legacy/2026-05-20-pre-v2-import/data/raw/emurgo2/delegation_history.csv
fourth_entry_781m,pool1m83drqwlugdt9jn7jkz8hx3pne53acfkd539d9cj8yr92dr4k9y,2,3,210,255,2020-08-03 18:59:51,2021-03-13 15:42:34,legacy/2026-05-20-pre-v2-import/data/raw/emurgo2/delegation_history.csv
fourth_entry_781m,pool1mcvq2z34f9cfdmkd97famsh20ekqtndw246ny5e8ug3mxfdf4zq,2,3,210,220,2020-07-30 07:06:11,2020-09-19 10:29:15,legacy/2026-05-20-pre-v2-import/data/raw/emurgo2/delegation_history.csv
fourth_entry_781m,pool1mdyuct0kgd0hcjjnea999me5dxqpepr4y8du4smegfm3vlr37w5,2,5,381,476,2022-12-04 10:43:55,2024-03-25 05:57:42,legacy/2026-05-20-pre-v2-import/data/raw/emurgo2/delegation_history.csv
fourth_entry_781m,pool1mfgqn8n658vjdcvg3xgtr3qyet64fht0dzsukqeznxw36z8g2k6,2,2,251,251,2021-02-20 10:28:44,2021-02-22 09:27:32,legacy/2026-05-20-pre-v2-import/data/raw/emurgo2/delegation_history.csv
fourth_entry_781m,pool1mrv06cwwdjnp6zz6y8wq7epav5eywka75r2k2xqy58ez6dge9cf,2,4,261,413,2021-04-12 16:31:23,2023-05-13 10:31:31,legacy/2026-05-20-pre-v2-import/data/raw/emurgo2/delegation_history.csv
fourth_entry_781m,pool1mscll7kd2y9c56kv7thv7kv99wjvrr72uwpmuhphaltjz0pkuqa,2,3,248,414,2021-02-06 23:15:07,2023-05-16 18:57:20,legacy/2026-05-20-pre-v2-import/data/raw/emurgo2/delegation_history.csv
fourth_entry_781m,pool1mt8sdg37f2h3rypyuc77k7vxrjshtvjw04zdjlae9vdzyt9uu34,2,2,480,493,2024-04-10 19:15:26,2024-06-17 20:44:58,legacy/2026-05-20-pre-v2-import/data/raw/emurgo2/delegation_history.csv
fourth_entry_781m,pool1mvl09pgsejrudghjhq79qurugrvqy3pceznp7f9vz63n7ku7jqx,2,3,317,352,2022-01-16 12:26:23,2022-07-14 15:04:34,legacy/2026-05-20-pre-v2-import/data/raw/emurgo2/delegation_history.csv
fourth_entry_781m,pool1n353xqapcq8wtyskm8cj4g04t8rv03lteyl30c42zug7kzv8vqz,2,6,280,389,2021-07-19 19:16:43,2023-01-13 17:33:44,legacy/2026-05-20-pre-v2-import/data/raw/emurgo2/delegation_history.csv
fourth_entry_781m,pool1n7s5kpymwd0zsld8q23tpf7z5esjaqwmnnzzssee5630zpx5ww0,2,2,393,472,2023-01-31 21:49:44,2024-03-03 14:17:00,legacy/2026-05-20-pre-v2-import/data/raw/emurgo2/delegation_history.csv
fourth_entry_781m,pool1n940lfxkd7z73qzj5y554yrletrmgg5x2eya9tpglh3uwcqfnud,2,2,316,338,2022-01-12 19:47:26,2022-05-01 20:41:23,legacy/2026-05-20-pre-v2-import/data/raw/emurgo2/delegation_history.csv
fourth_entry_781m,pool1njhlmv87adsanft5sjuvz5a9pgyew76mxqa0w9c762af570g5ht,2,3,327,372,2022-03-08 11:17:25,2022-10-18 09:58:22,legacy/2026-05-20-pre-v2-import/data/raw/emurgo2/delegation_history.csv
fourth_entry_781m,pool1nqm7rm98j5z027kdfcf09kunacz2w672xzx2ucdxacs954r5dul,2,2,324,331,2022-02-22 02:21:23,2022-03-29 17:22:05,legacy/2026-05-20-pre-v2-import/data/raw/emurgo2/delegation_history.csv
fourth_entry_781m,pool1nr2pl3yqx65hq6y2r8unlnrejfkypeh84zezf44u7glcz50yzet,2,4,251,281,2021-02-23 18:03:20,2021-07-23 12:49:43,legacy/2026-05-20-pre-v2-import/data/raw/emurgo2/delegation_history.csv
fourth_entry_781m,pool1num5a9mvz02pncerh6d8xdcvd7474l9p44jkrwk8srzz7563yrj,2,2,210,210,2020-08-01 22:55:51,2020-08-02 03:38:51,legacy/2026-05-20-pre-v2-import/data/raw/emurgo2/delegation_history.csv
fourth_entry_781m,pool1nyf8x2xrlmfqwy9shqrlx2csentnzyjmxr0r3w0ljuaqz5ek7qz,2,2,270,272,2021-05-26 08:26:54,2021-06-09 08:19:00,legacy/2026-05-20-pre-v2-import/data/raw/emurgo2/delegation_history.csv
fourth_entry_781m,pool1p2wmgvnvxvwyxhy7h6guzjesqwp3ku8t5kskcul69n2k7n7gyk2,2,2,285,290,2021-08-10 06:05:47,2021-09-05 02:56:11,legacy/2026-05-20-pre-v2-import/data/raw/emurgo2/delegation_history.csv
fourth_entry_781m,pool1p42f6kw9lkgw5tn77kqyrc22zrs4uq298p468gacwzw6gq0ckq2,2,2,267,267,2021-05-11 06:15:45,2021-05-11 09:39:56,legacy/2026-05-20-pre-v2-import/data/raw/emurgo2/delegation_history.csv
fourth_entry_781m,pool1pdsnzs8aft7hfq3xcmvgltt9vmncwsvsw955p29nra8g5hves4x,2,2,264,266,2021-04-29 17:42:41,2021-05-07 12:10:07,legacy/2026-05-20-pre-v2-import/data/raw/emurgo2/delegation_history.csv
fourth_entry_781m,pool1pgdw8zfuwjkqhkl5fycfkdplkwqkmwvx7gsr2rkvvpnf23wwg8r,2,2,236,247,2020-12-08 22:50:01,2021-01-31 21:00:37,legacy/2026-05-20-pre-v2-import/data/raw/emurgo2/delegation_history.csv
fourth_entry_781m,pool1phdz6sn3xs9fyytvhqpjc945jytmya6j4v8l3v7ksyczzdplawf,2,2,253,255,2021-03-05 10:07:57,2021-03-14 07:32:14,legacy/2026-05-20-pre-v2-import/data/raw/emurgo2/delegation_history.csv
fourth_entry_781m,pool1ps39v4j035ejzrga2qt56cfhjuwx38wved8rd0mujtyh6r5mt3c,2,2,210,211,2020-08-02 21:12:11,2020-08-07 10:32:51,legacy/2026-05-20-pre-v2-import/data/raw/emurgo2/delegation_history.csv
fourth_entry_781m,pool1psr42v6rvv3raeqsg9ru2zy5dp4cchlde8hw9xthrpstx5wz7wk,2,2,315,455,2022-01-06 20:19:08,2023-12-10 05:58:00,legacy/2026-05-20-pre-v2-import/data/raw/emurgo2/delegation_history.csv
fourth_entry_781m,pool1pzqdfptvl5f8vh28az37jag2wkfmqz9x8d6eufl8y0z9q34hlr7,2,2,244,280,2021-01-19 21:09:17,2021-07-17 21:39:09,legacy/2026-05-20-pre-v2-import/data/raw/emurgo2/delegation_history.csv
fourth_entry_781m,pool1q0jmr57udknpq8k5qtgt5vgdjq9pzrzevf68966wxn8zgz7qy3w,2,2,245,253,2021-01-23 21:56:30,2021-03-06 17:22:27,legacy/2026-05-20-pre-v2-import/data/raw/emurgo2/delegation_history.csv
fourth_entry_781m,pool1q2fh3cl6rx0wv5gry4qx5l4h65qpjf7x99xmq66nqj2fj5g6u9z,2,5,316,538,2022-01-12 08:16:31,2025-01-29 02:23:51,legacy/2026-05-20-pre-v2-import/data/raw/emurgo2/delegation_history.csv
fourth_entry_781m,pool1q3xdrewrldt06rpjx6pzguzm847ujxnmajxrsr7dsthscz4htlv,2,2,210,210,2020-07-29 22:47:51,2020-07-30 21:37:51,legacy/2026-05-20-pre-v2-import/data/raw/emurgo2/delegation_history.csv
fourth_entry_781m,pool1qq76dtlr0m9g6xlvngzq550j86cgtslphyjffz3pgpn7wazatdc,2,2,255,394,2021-03-13 13:06:36,2023-02-07 07:20:05,legacy/2026-05-20-pre-v2-import/data/raw/emurgo2/delegation_history.csv
fourth_entry_781m,pool1qqenhz258k5k9nyjull6gkzg7s4f3ae8v7qxwpegeef9v0nsy3e,2,4,229,357,2020-11-04 17:57:30,2022-08-08 18:00:37,legacy/2026-05-20-pre-v2-import/data/raw/emurgo2/delegation_history.csv
fourth_entry_781m,pool1qqq0c53vaf5ju0n3fvujmyxwca0yhp65930evw9lngmr5705csz,2,2,210,262,2020-07-31 14:41:11,2021-04-18 18:33:30,legacy/2026-05-20-pre-v2-import/data/raw/emurgo2/delegation_history.csv
fourth_entry_781m,pool1qzlw76zztkg02rywyypyw6s0gtkg2zpkaxhl6cq7eauqg8h9659,2,2,318,319,2022-01-25 08:55:57,2022-01-26 06:14:46,legacy/2026-05-20-pre-v2-import/data/raw/emurgo2/delegation_history.csv
fourth_entry_781m,pool1r5srulgd6gpav0sympqrkt9f4ykl06lh9sgk0p20r54v7759kws,2,2,323,323,2022-02-15 22:02:37,2022-02-18 14:52:28,legacy/2026-05-20-pre-v2-import/data/raw/emurgo2/delegation_history.csv
fourth_entry_781m,pool1r6lp6uumua0kvs069y0k5kh3t7acvv4pz9pfw3zs6rmmcs52z4z,2,3,218,244,2020-09-08 15:10:13,2021-01-16 14:25:57,legacy/2026-05-20-pre-v2-import/data/raw/emurgo2/delegation_history.csv
fourth_entry_781m,pool1r88vs06qv3vjrndvhewwhz08zc6ka7eqwxvf4stsj53n50nr8n7,2,2,252,262,2021-02-25 03:58:26,2021-04-16 00:58:04,legacy/2026-05-20-pre-v2-import/data/raw/emurgo2/delegation_history.csv
fourth_entry_781m,pool1r8lmsrdure385hz647kl2qjhyyxkdle4au5krjcsqed4x8227k3,2,2,416,436,2023-05-25 23:18:15,2023-09-04 12:08:26,legacy/2026-05-20-pre-v2-import/data/raw/emurgo2/delegation_history.csv
fourth_entry_781m,pool1r8zkh6zns7rtpvwa466qf8a0dgqd7r9zmu27qkcyw25xv46y97s,2,2,277,331,2021-07-02 07:54:45,2022-03-29 21:59:38,legacy/2026-05-20-pre-v2-import/data/raw/emurgo2/delegation_history.csv
fourth_entry_781m,pool1ra0j0teuuclcsda23w5cjsu8w8tnce7q7us4fdugl24j5f909lt,2,2,212,213,2020-08-12 16:36:11,2020-08-15 13:41:08,legacy/2026-05-20-pre-v2-import/data/raw/emurgo2/delegation_history.csv
fourth_entry_781m,pool1rd0cadxrmef8fl99e2ms3tytzq874m2ahraaexfrhpnr67d7s8a,2,2,210,229,2020-08-02 01:39:31,2020-11-06 21:23:31,legacy/2026-05-20-pre-v2-import/data/raw/emurgo2/delegation_history.csv
fourth_entry_781m,pool1rjggcpcsr7wfnt4rl67yra2k658yqc9y6h3zzkaq5x9r766zlz7,2,2,288,289,2021-08-26 06:24:05,2021-08-29 02:03:40,legacy/2026-05-20-pre-v2-import/data/raw/emurgo2/delegation_history.csv
fourth_entry_781m,pool1rlg6ytznuzx7dwhyypfuusx4crm7pdftx04h9zr82pdrv0tve0z,2,3,217,248,2020-09-03 07:09:15,2021-02-08 11:51:31,legacy/2026-05-20-pre-v2-import/data/raw/emurgo2/delegation_history.csv
fourth_entry_781m,pool1rmpv0h0pecysach8tj06vxx9wku2pdm74mk9cunx759v58q0hu2,2,3,424,562,2023-07-09 14:28:18,2025-05-24 22:08:35,legacy/2026-05-20-pre-v2-import/data/raw/emurgo2/delegation_history.csv
fourth_entry_781m,pool1rshru8pm6y0jy7jncmt6qzfs8u4f5qa5gvyh38kgec767t20z3d,2,2,210,210,2020-07-30 19:19:31,2020-08-03 02:44:11,legacy/2026-05-20-pre-v2-import/data/raw/emurgo2/delegation_history.csv
fourth_entry_781m,pool1rx2745qj65qrgcutmpydv9k3ld930puq52t7skcd3ennqh550zc,2,2,285,373,2021-08-10 13:37:44,2022-10-24 07:18:52,legacy/2026-05-20-pre-v2-import/data/raw/emurgo2/delegation_history.csv
fourth_entry_781m,pool1spqkpaezku3knl9ug7txrlyzr8kkvdr0h75yyz262cx6gls6zlm,2,3,255,255,2021-03-12 00:02:15,2021-03-13 00:45:41,legacy/2026-05-20-pre-v2-import/data/raw/emurgo2/delegation_history.csv
fourth_entry_781m,pool1sx4e8rvx2xdxgkww2fpjtmvrnaftfrtfge29xcn72hh7kch5snf,2,2,210,210,2020-07-29 23:25:11,2020-08-01 20:45:11,legacy/2026-05-20-pre-v2-import/data/raw/emurgo2/delegation_history.csv
fourth_entry_781m,pool1sxzhjdhcc8724zfkut4jxs5l8x7udngfqncat4jvl0s5ka9l2xa,2,3,211,211,2020-08-05 00:46:51,2020-08-06 23:27:31,legacy/2026-05-20-pre-v2-import/data/raw/emurgo2/delegation_history.csv
fourth_entry_781m,pool1t0jheek3yftf0a9dgzgr2hc2wttwrcjyd5whdrek4ggcc5famre,2,4,310,431,2021-12-12 16:10:35,2023-08-10 22:01:02,legacy/2026-05-20-pre-v2-import/data/raw/emurgo2/delegation_history.csv
fourth_entry_781m,pool1tddw42ypqdhrrqjhsnugz9paa7tufvrtwgcj82g2mrqqjkfxa42,2,2,210,210,2020-07-30 18:43:11,2020-08-01 04:34:11,legacy/2026-05-20-pre-v2-import/data/raw/emurgo2/delegation_history.csv
fourth_entry_781m,pool1tjp3sxlh2v5eeh67utm9flrgan32m4ynem7qdmkrfqanjcgut2e,2,3,274,277,2021-06-15 05:36:25,2021-06-30 22:56:49,legacy/2026-05-20-pre-v2-import/data/raw/emurgo2/delegation_history.csv
fourth_entry_781m,pool1tkexntwvhg0fqs2xnm7xg6ljqzjkpk0pl4nxxe3nf48ux8nucqy,2,2,255,266,2021-03-16 03:44:24,2021-05-10 08:00:29,legacy/2026-05-20-pre-v2-import/data/raw/emurgo2/delegation_history.csv
fourth_entry_781m,pool1tpr44v3pxth9j0ff246dvsryxpanxwx52f024ws3ecvn72sgv55,2,2,212,578,2020-08-11 03:43:11,2025-08-17 20:14:13,legacy/2026-05-20-pre-v2-import/data/raw/emurgo2/delegation_history.csv
fourth_entry_781m,pool1ts6u8sylpmgqdxcvlc3fhdr4kt5wmz5egch83vtt6rwwwyxtuym,2,2,330,332,2022-03-24 13:21:44,2022-04-04 21:55:22,legacy/2026-05-20-pre-v2-import/data/raw/emurgo2/delegation_history.csv
fourth_entry_781m,pool1tx2ewdpde5lk6xy8ge5cu8hr3szj8k42kegrx2sxlw4ngaspfrz,2,2,248,255,2021-02-05 09:28:46,2021-03-16 08:21:44,legacy/2026-05-20-pre-v2-import/data/raw/emurgo2/delegation_history.csv
fourth_entry_781m,pool1uautzneywzapn03te7q3sd737xdfejgjlu4mdfjz7mweq92dugg,2,2,231,267,2020-11-12 03:59:29,2021-05-15 01:18:23,legacy/2026-05-20-pre-v2-import/data/raw/emurgo2/delegation_history.csv
fourth_entry_781m,pool1ujk88muru82e2z3lap9n5j63q30ekqwjmvvpyyu4kjkfg0hdyle,2,2,340,341,2022-05-13 21:02:50,2022-05-16 22:45:39,legacy/2026-05-20-pre-v2-import/data/raw/emurgo2/delegation_history.csv
fourth_entry_781m,pool1uqrecfnsa6pqd2tz60r0lcj4kunhc4rrw8lldrpdvfx9qfjd6n0,2,2,253,285,2021-03-03 21:59:40,2021-08-11 09:12:42,legacy/2026-05-20-pre-v2-import/data/raw/emurgo2/delegation_history.csv
fourth_entry_781m,pool1uy8ws63cmz37gaunkhuehynvr4a0yakw2yv0vfjs704326nte98,2,2,215,216,2020-08-26 16:41:05,2020-08-30 08:34:45,legacy/2026-05-20-pre-v2-import/data/raw/emurgo2/delegation_history.csv
fourth_entry_781m,pool1v4wgyctxyxlcf90qtgflznv5f4fcm6cy0z80mchctekt20d3cww,2,4,210,323,2020-07-29 23:30:51,2022-02-19 10:02:18,legacy/2026-05-20-pre-v2-import/data/raw/emurgo2/delegation_history.csv
fourth_entry_781m,pool1vdcu0y6ujrwmnv4u50j6upxkjug7cx7zsaynjvgkcm2ycmajelc,2,2,234,268,2020-12-01 14:01:31,2021-05-20 12:50:34,legacy/2026-05-20-pre-v2-import/data/raw/emurgo2/delegation_history.csv
fourth_entry_781m,pool1vflcm2fde9qyzcr0lkkv4httte3xep6sycasrtaxw6rt2me3vwp,2,2,325,326,2022-03-01 10:53:15,2022-03-02 00:37:45,legacy/2026-05-20-pre-v2-import/data/raw/emurgo2/delegation_history.csv
fourth_entry_781m,pool1vm3rcng5f729uuhehfq0ael0pw9x9dlukqkdlmk2fnakxt3jxyj,2,2,265,266,2021-05-05 20:25:46,2021-05-10 21:31:14,legacy/2026-05-20-pre-v2-import/data/raw/emurgo2/delegation_history.csv
fourth_entry_781m,pool1vsuq3gtdvvsyma3gvz58chk8u4gu5yd03w8ptfks3ttxwpfvf0e,2,2,231,257,2020-11-16 14:12:40,2021-03-23 01:05:43,legacy/2026-05-20-pre-v2-import/data/raw/emurgo2/delegation_history.csv
fourth_entry_781m,pool1w304gh8xwdcjxumdl5yhvu28j6eax9sf08tu98cp5eth27vy6ez,2,2,220,220,2020-09-22 15:21:31,2020-09-22 15:22:27,legacy/2026-05-20-pre-v2-import/data/raw/emurgo2/delegation_history.csv
fourth_entry_781m,pool1w7pt822hfgw30xnkwpjzz0sr5psejksqdcdw4l0ms33lsgynp2e,2,4,233,245,2020-11-24 13:31:02,2021-01-24 14:00:05,legacy/2026-05-20-pre-v2-import/data/raw/emurgo2/delegation_history.csv
fourth_entry_781m,pool1w9yeaaadjz9563tf2h7katrlujvxnywda8el8z66h02ckccx95x,2,4,253,260,2021-03-04 12:29:40,2021-04-07 14:12:32,legacy/2026-05-20-pre-v2-import/data/raw/emurgo2/delegation_history.csv
fourth_entry_781m,pool1wnshjhwqv9j7fgd4tkynpsqr0xczns4pghljy5j4z4qjj7qy4d4,2,2,239,242,2020-12-22 18:24:23,2021-01-10 21:24:28,legacy/2026-05-20-pre-v2-import/data/raw/emurgo2/delegation_history.csv
fourth_entry_781m,pool1wpzr2xafvtne6cnvlyzjqf8dlj2dg7tgkv3vu4zt687266ep7wg,2,2,269,277,2021-05-25 17:48:12,2021-06-30 01:05:10,legacy/2026-05-20-pre-v2-import/data/raw/emurgo2/delegation_history.csv
fourth_entry_781m,pool1ww8szkqd5mxajl5yf7csff30su5k23g9dk24npwkvp8rvdsn3l9,2,2,210,222,2020-07-30 18:33:11,2020-09-28 07:58:23,legacy/2026-05-20-pre-v2-import/data/raw/emurgo2/delegation_history.csv
fourth_entry_781m,pool1wxusu5xzdz8hmjsr450ur3hrdrehv3fxmhxppgra2fprqnjftwd,2,2,369,387,2022-10-07 10:22:21,2023-01-03 05:59:48,legacy/2026-05-20-pre-v2-import/data/raw/emurgo2/delegation_history.csv
fourth_entry_781m,pool1x5dfpgp987e4jhxvgczr3wv50nv2pwd873tlx3uthvcasm422q6,2,2,323,332,2022-02-16 11:30:55,2022-04-01 08:29:11,legacy/2026-05-20-pre-v2-import/data/raw/emurgo2/delegation_history.csv
fourth_entry_781m,pool1x96hyvvamshl5ymcpdshz4ymqjp33vvz9s8dx06xxwpzzkhgra7,2,2,288,288,2021-08-24 07:23:45,2021-08-27 16:03:42,legacy/2026-05-20-pre-v2-import/data/raw/emurgo2/delegation_history.csv
fourth_entry_781m,pool1x9gsnq9pnu9vexrkc7009x4ak0d62vkm72my6vhfyqwj6sp5445,2,2,315,316,2022-01-06 17:17:57,2022-01-15 02:46:49,legacy/2026-05-20-pre-v2-import/data/raw/emurgo2/delegation_history.csv
fourth_entry_781m,pool1x9q4jf3zwftwygeeulku8xtlywmtmzwxjk2g3fz3j5mlwjqnr3p,2,2,354,381,2022-07-22 15:39:59,2022-12-04 00:17:36,legacy/2026-05-20-pre-v2-import/data/raw/emurgo2/delegation_history.csv
fourth_entry_781m,pool1xfkn3229pxwfmaula9vk9se4ur5x5pvxn78m7j63etgcczdhcs9,2,2,253,266,2021-03-04 04:34:47,2021-05-10 06:33:39,legacy/2026-05-20-pre-v2-import/data/raw/emurgo2/delegation_history.csv
fourth_entry_781m,pool1xsyl4mgg08httw4mw7z2tjnzm839e7rh8es5sngwqmvgq2qk235,2,2,210,235,2020-07-30 06:53:11,2020-12-02 01:19:45,legacy/2026-05-20-pre-v2-import/data/raw/emurgo2/delegation_history.csv
fourth_entry_781m,pool1y0d0lthqzxs82q0y3z3jk99pjav7s7agpefdaxqxuz407r5f7m3,2,2,323,329,2022-02-16 11:31:23,2022-03-16 23:38:24,legacy/2026-05-20-pre-v2-import/data/raw/emurgo2/delegation_history.csv
fourth_entry_781m,pool1y9tz9enfcrcvpxpga3qspfxx3xclns2g74ptqxftdmgq6ghyrn0,2,2,210,210,2020-07-31 03:03:51,2020-07-31 18:23:51,legacy/2026-05-20-pre-v2-import/data/raw/emurgo2/delegation_history.csv
fourth_entry_781m,pool1yam2wu7nw384zjtset09u4ef75uy840mjru39nuhm0xaqj8lw78,2,2,210,471,2020-08-02 03:06:31,2024-02-28 04:07:38,legacy/2026-05-20-pre-v2-import/data/raw/emurgo2/delegation_history.csv
fourth_entry_781m,pool1ydmetputlff49n9ry5qjupemx3xwxdapm46je574afxdcy0907y,2,2,216,241,2020-08-29 05:27:34,2021-01-04 18:22:47,legacy/2026-05-20-pre-v2-import/data/raw/emurgo2/delegation_history.csv
fourth_entry_781m,pool1yk2lpf0lg9zl84hwp85pcfyghhlzq7gqfmdxxkndec23288wlgl,2,2,287,287,2021-08-19 13:12:48,2021-08-20 09:12:31,legacy/2026-05-20-pre-v2-import/data/raw/emurgo2/delegation_history.csv
fourth_entry_781m,pool1ykwcqf7r8mj9fmprr9f3y62ftsrlalxm22j383gfpav76ddrc25,2,3,277,395,2021-07-03 21:25:01,2023-02-11 17:15:17,legacy/2026-05-20-pre-v2-import/data/raw/emurgo2/delegation_history.csv
fourth_entry_781m,pool1ytszp582dm9u5un6mevt9czgcnuqhflwfr9ly4ukpeqcughryqh,2,18,246,439,2021-01-30 21:41:21,2023-09-18 15:39:35,legacy/2026-05-20-pre-v2-import/data/raw/emurgo2/delegation_history.csv
fourth_entry_781m,pool1z2m3n779dyqjat2m8a5vl94nrl43xm2tlk8dtey6txggx0a6fyp,2,2,353,354,2022-07-19 08:11:08,2022-07-22 11:35:43,legacy/2026-05-20-pre-v2-import/data/raw/emurgo2/delegation_history.csv
fourth_entry_781m,pool1z9m2kxeat06t30yf6ar7sqpert0cjdgxzcv2dv36dcwcqcqtgk4,2,2,500,510,2024-07-20 02:35:30,2024-09-11 10:53:15,legacy/2026-05-20-pre-v2-import/data/raw/emurgo2/delegation_history.csv
fourth_entry_781m,pool1zdtqtsu3l3ytatzyvrq48d4mpnll9c5evwfq6taxkmn9vvdz839,2,2,300,421,2021-10-24 07:48:52,2023-06-23 07:27:31,legacy/2026-05-20-pre-v2-import/data/raw/emurgo2/delegation_history.csv
fourth_entry_781m,pool1zeya2r53sxmqh2ux3ssfsrqerergnw2hjxmp63r83ntwverpqwm,2,2,383,591,2022-12-16 12:45:12,2025-10-21 18:55:47,legacy/2026-05-20-pre-v2-import/data/raw/emurgo2/delegation_history.csv
fourth_entry_781m,pool1zkdaju2rjefa52uh6yh6etsxla0x6aqs6p6wm245y5szk7k3msd,2,2,323,331,2022-02-18 21:54:34,2022-03-27 21:15:03,legacy/2026-05-20-pre-v2-import/data/raw/emurgo2/delegation_history.csv
fourth_entry_781m,pool1zkuqlvymj4q6y7r20hd8c5tp0ru6emcca7wf34c5dawjukusvzr,2,3,342,466,2022-05-21 12:28:16,2024-01-31 08:58:26,legacy/2026-05-20-pre-v2-import/data/raw/emurgo2/delegation_history.csv
fourth_entry_781m,pool1zpkqlcpu5gyk0s5e9263y5n7vzmkgrtpca0u4xpxan02w8ld0nr,2,2,366,386,2022-09-19 07:59:50,2022-12-28 18:34:42,legacy/2026-05-20-pre-v2-import/data/raw/emurgo2/delegation_history.csv
fourth_entry_781m,pool1zrkwh7cmhvx3zvkyr9f0nhnpxscaflhky6edaqzsux5qkj7r5v6,2,2,433,436,2023-08-22 14:50:46,2023-09-04 15:16:50,legacy/2026-05-20-pre-v2-import/data/raw/emurgo2/delegation_history.csv
fourth_entry_781m,pool1zt2d9aa8ck62uyy985yny47hr0f6cmf2hnxzke0up0lc7zcp65f,2,2,278,451,2021-07-05 17:02:57,2023-11-17 07:10:38,legacy/2026-05-20-pre-v2-import/data/raw/emurgo2/delegation_history.csv
fourth_entry_781m,pool1zwqrrwpr5zx7c3f4ukpu4r4fz5c2hkwx9vwqka5068urgqvpjzr,2,2,330,393,2022-03-26 19:06:05,2023-01-31 22:50:54,legacy/2026-05-20-pre-v2-import/data/raw/emurgo2/delegation_history.csv
fourth_entry_781m,pool104re5tajgh4mpp7c744khap56lf609cfjlna5ysjkum8qn8fel9,1,1,212,212,2020-08-12 09:46:31,2020-08-12 09:46:31,legacy/2026-05-20-pre-v2-import/data/raw/emurgo2/delegation_history.csv
fourth_entry_781m,pool10etudcty0dwyl0t40hdmdpry6484ezyk6w0fd97l04k5gwzeege,1,1,464,464,2024-01-21 15:08:57,2024-01-21 15:08:57,legacy/2026-05-20-pre-v2-import/data/raw/emurgo2/delegation_history.csv
fourth_entry_781m,pool10jqlkjfn2rtlc6hp95p8k4h04h3dfmdcgnga6umwp2rpukpg20l,1,1,391,391,2023-01-22 04:29:52,2023-01-22 04:29:52,legacy/2026-05-20-pre-v2-import/data/raw/emurgo2/delegation_history.csv
fourth_entry_781m,pool10k5ushs6d60827ezmncrd88gg8jnzzxc26jahaf5x4arqzyf5me,1,1,241,241,2021-01-05 19:40:53,2021-01-05 19:40:53,legacy/2026-05-20-pre-v2-import/data/raw/emurgo2/delegation_history.csv
fourth_entry_781m,pool10kjjh9zfs77vzxpp4qpdxwvnh3x8zdf8qcv7pckvdhw02fu6unz,1,1,468,468,2024-02-13 06:45:31,2024-02-13 06:45:31,legacy/2026-05-20-pre-v2-import/data/raw/emurgo2/delegation_history.csv
fourth_entry_781m,pool10ljdn3zwsh7vjkxf6t250423l5qy487x83st7m8a53jxznrkw5g,1,1,254,254,2021-03-08 00:21:07,2021-03-08 00:21:07,legacy/2026-05-20-pre-v2-import/data/raw/emurgo2/delegation_history.csv
fourth_entry_781m,pool10nwac5phcc4vkjvux5mw6gvdzlxurkd944e5yx9yyfa8sqs35t7,1,1,268,268,2021-05-20 13:25:27,2021-05-20 13:25:27,legacy/2026-05-20-pre-v2-import/data/raw/emurgo2/delegation_history.csv
fourth_entry_781m,pool10q33p4hx4wqum6thmglw7z5l2vaay4w6m5cdq8fnurw7vjdppcf,1,3,334,439,2022-04-11 06:25:25,2023-09-18 07:27:15,legacy/2026-05-20-pre-v2-import/data/raw/emurgo2/delegation_history.csv
fourth_entry_781m,pool10uqmvhr7uys3uqu866phsysrv257nje52jmay255gdps509jj5n,1,1,244,244,2021-01-16 16:03:44,2021-01-16 16:03:44,legacy/2026-05-20-pre-v2-import/data/raw/emurgo2/delegation_history.csv
fourth_entry_781m,pool10wcmpvjmmv7ph7cz2263f52yckvnnwu5kdppwqgu74s2qhe7l7m,1,1,259,259,2021-04-05 20:04:14,2021-04-05 20:04:14,legacy/2026-05-20-pre-v2-import/data/raw/emurgo2/delegation_history.csv
fourth_entry_781m,pool1223lffkp6apdunf3prnfz5cra8fy2m2sdkazkls2wky3wdguw59,1,1,210,210,2020-08-03 17:21:51,2020-08-03 17:21:51,legacy/2026-05-20-pre-v2-import/data/raw/emurgo2/delegation_history.csv
fourth_entry_781m,pool124lm97s6f4satl7xz0ulzgg6tv30tskry3zcntwrz68n60v5yne,1,1,210,210,2020-07-29 22:32:31,2020-07-29 22:32:31,legacy/2026-05-20-pre-v2-import/data/raw/emurgo2/delegation_history.csv
fourth_entry_781m,pool12584mjtgz3fhgpx823qht56gycnfnezg6aqqthazv4qdxkd5c46,1,1,250,250,2021-02-19 13:01:43,2021-02-19 13:01:43,legacy/2026-05-20-pre-v2-import/data/raw/emurgo2/delegation_history.csv
fourth_entry_781m,pool125kh7e0y9lwya4sz5etmsk7hvga9jtfpuhw00vz9zvk6sh8xh5r,1,1,334,334,2022-04-14 05:12:18,2022-04-14 05:12:18,legacy/2026-05-20-pre-v2-import/data/raw/emurgo2/delegation_history.csv
fourth_entry_781m,pool1263z8symvqmmsg876y2lzluv29am2v9fpzka9sf3nrhz7uwlzap,1,1,421,421,2023-06-23 18:31:44,2023-06-23 18:31:44,legacy/2026-05-20-pre-v2-import/data/raw/emurgo2/delegation_history.csv
fourth_entry_781m,pool128zxs504x4ulqjkyml5vmcgc99md0zc9327578m6t82txvgg4tv,1,1,328,328,2022-03-12 08:15:58,2022-03-12 08:15:58,legacy/2026-05-20-pre-v2-import/data/raw/emurgo2/delegation_history.csv
fourth_entry_781m,pool12967a8v8vaz5d7pvphhdnmq0slrg4d3n0wp772fgm04e2g2m9gv,1,1,255,255,2021-03-16 04:56:31,2021-03-16 04:56:31,legacy/2026-05-20-pre-v2-import/data/raw/emurgo2/delegation_history.csv
fourth_entry_781m,pool12ame5t8hdltyl30npznvhn23kxnvthk82j9p7dr4uew3y92uqes,1,1,257,257,2021-03-24 18:05:36,2021-03-24 18:05:36,legacy/2026-05-20-pre-v2-import/data/raw/emurgo2/delegation_history.csv
fourth_entry_781m,pool12ehtdu5hfffpeqg968gtpqcnjv7hwfj3tshxcw8lg37tqcquhaq,1,1,242,242,2021-01-09 21:57:46,2021-01-09 21:57:46,legacy/2026-05-20-pre-v2-import/data/raw/emurgo2/delegation_history.csv
fourth_entry_781m,pool12ep0z3h2qhfcmsl7h7ldpgf4cfjlur9v9lqwl8xjwd3qked73f5,1,1,225,225,2020-10-16 21:30:15,2020-10-16 21:30:15,legacy/2026-05-20-pre-v2-import/data/raw/emurgo2/delegation_history.csv
fourth_entry_781m,pool12hh4dvqyxhlv3lu9mkyvpnskma642fj3zv3s8xlau42ak9m60hf,1,1,282,282,2021-07-25 00:08:29,2021-07-25 00:08:29,legacy/2026-05-20-pre-v2-import/data/raw/emurgo2/delegation_history.csv
fourth_entry_781m,pool12lsfsh2s8yt8dvrt9m8kgrgr6ktntngvn2vad60xlqz7kxz9fxr,1,1,231,231,2020-11-12 15:09:26,2020-11-12 15:09:26,legacy/2026-05-20-pre-v2-import/data/raw/emurgo2/delegation_history.csv
fourth_entry_781m,pool12nz4esgsex6zdq9q0208gw9zkdrt3f42rrkefzaxqaqzzlwjku7,1,1,221,221,2020-09-27 21:43:20,2020-09-27 21:43:20,legacy/2026-05-20-pre-v2-import/data/raw/emurgo2/delegation_history.csv
fourth_entry_781m,pool12pk63q22re4up2dg86tyjwthuauqu0ryq3jlxs9v29zk68cpugl,1,1,591,591,2025-10-20 22:43:22,2025-10-20 22:43:22,legacy/2026-05-20-pre-v2-import/data/raw/emurgo2/delegation_history.csv
fourth_entry_781m,pool12u28yewx8ycf6dj77lzpj6vvhjwp6veh6kxpc63h8fqnqqtlwmu,1,1,268,268,2021-05-15 21:52:43,2021-05-15 21:52:43,legacy/2026-05-20-pre-v2-import/data/raw/emurgo2/delegation_history.csv
fourth_entry_781m,pool130f7tnlumxe5yuzsqqphy00cal8yugh5x66zgnz48zqyypns0k3,1,1,210,210,2020-07-30 01:42:31,2020-07-30 01:42:31,legacy/2026-05-20-pre-v2-import/data/raw/emurgo2/delegation_history.csv
fourth_entry_781m,pool137j9xuzycq4jxfpsmjnc75w2wnpz68khlwvsh69kt5negg6ldhg,1,1,292,292,2021-09-13 02:51:27,2021-09-13 02:51:27,legacy/2026-05-20-pre-v2-import/data/raw/emurgo2/delegation_history.csv
fourth_entry_781m,pool138e249zh9l93azsf2pf7wyhxyayzcxdhsrg3vqpfx665c8xa348,1,1,210,210,2020-08-01 16:20:11,2020-08-01 16:20:11,legacy/2026-05-20-pre-v2-import/data/raw/emurgo2/delegation_history.csv
fourth_entry_781m,pool139ffqrvyqu9sgsekk3pu9t7jxx872w655vses7d4q4sxxyd257a,1,1,288,288,2021-08-27 07:54:41,2021-08-27 07:54:41,legacy/2026-05-20-pre-v2-import/data/raw/emurgo2/delegation_history.csv
fourth_entry_781m,pool13kd6k66rrrhsh4s9px92qxymsrkjcjy336lpg80tt38lk6r799y,1,1,234,234,2020-12-01 18:14:01,2020-12-01 18:14:01,legacy/2026-05-20-pre-v2-import/data/raw/emurgo2/delegation_history.csv
fourth_entry_781m,pool13l0j202yexqh6l0awtee9g354244gmfze09utxz0sn7p7r3ev3m,1,1,253,253,2021-03-06 09:30:14,2021-03-06 09:30:14,legacy/2026-05-20-pre-v2-import/data/raw/emurgo2/delegation_history.csv
fourth_entry_781m,pool13mjxg33urh0xquvw33kjn85yw7j42uwqw0pvh8s6c67rszr7ssz,1,1,325,325,2022-02-27 13:08:29,2022-02-27 13:08:29,legacy/2026-05-20-pre-v2-import/data/raw/emurgo2/delegation_history.csv
fourth_entry_781m,pool13s6u5zjngelr5uddhqygqqf5tcup0g3ajenma6amy9zuu7e97gm,1,1,268,268,2021-05-17 03:59:09,2021-05-17 03:59:09,legacy/2026-05-20-pre-v2-import/data/raw/emurgo2/delegation_history.csv
fourth_entry_781m,pool13uqms6fsaqmlmt6zr8z3v59a6k0e2u2npnfnufer4mesz74nry0,1,1,327,327,2022-03-08 05:43:38,2022-03-08 05:43:38,legacy/2026-05-20-pre-v2-import/data/raw/emurgo2/delegation_history.csv
fourth_entry_781m,pool13wwxqu7sj9cunca3gc8lunqtz8e5un9phrhq52870ful6jw6usm,1,1,249,249,2021-02-10 04:29:33,2021-02-10 04:29:33,legacy/2026-05-20-pre-v2-import/data/raw/emurgo2/delegation_history.csv
fourth_entry_781m,pool13yzvp89kl94wa9lrd2wadrtlj227uslz6w5g0vl9djpey2klq2v,1,2,263,263,2021-04-22 21:04:57,2021-04-23 11:44:16,legacy/2026-05-20-pre-v2-import/data/raw/emurgo2/delegation_history.csv
fourth_entry_781m,pool13zdrhek6m4n947grhrm0772zt09lrm2vzkffsla25e7yq6xqjkg,1,1,323,323,2022-02-17 14:52:22,2022-02-17 14:52:22,legacy/2026-05-20-pre-v2-import/data/raw/emurgo2/delegation_history.csv
fourth_entry_781m,pool13zq5jktx7xmngfer82nkrs8aqjklmydntxdqzttas328yuttgx6,1,1,265,265,2021-05-02 15:07:01,2021-05-02 15:07:01,legacy/2026-05-20-pre-v2-import/data/raw/emurgo2/delegation_history.csv
fourth_entry_781m,pool140x77a7cz2j689lmxf836qpjtc3y83rka28v6gpswxdw2mag62e,1,1,253,253,2021-03-03 21:14:32,2021-03-03 21:14:32,legacy/2026-05-20-pre-v2-import/data/raw/emurgo2/delegation_history.csv
fourth_entry_781m,pool142cpn2gm89q72srv9pt7jtt7p7yg43a8ltfqhz3jp3t3xuh7x48,1,1,210,210,2020-07-31 03:05:11,2020-07-31 03:05:11,legacy/2026-05-20-pre-v2-import/data/raw/emurgo2/delegation_history.csv
fourth_entry_781m,pool143x8nhnr3j9mpzvhayuaen0y8l350guj6yd8mhmhhuupvuah3hh,1,1,304,304,2021-11-14 22:47:47,2021-11-14 22:47:47,legacy/2026-05-20-pre-v2-import/data/raw/emurgo2/delegation_history.csv
fourth_entry_781m,pool1442wwr8zzdpcu8uwnglackzr3u5ggrmfxsjja0s7aef66hk2fuc,1,1,265,265,2021-05-04 13:07:19,2021-05-04 13:07:19,legacy/2026-05-20-pre-v2-import/data/raw/emurgo2/delegation_history.csv
fourth_entry_781m,pool144cfav5vd6vwaej6cspzea3pjfvdcjg86uzv9phxegz87ynw2zz,1,1,221,221,2020-09-25 07:44:08,2020-09-25 07:44:08,legacy/2026-05-20-pre-v2-import/data/raw/emurgo2/delegation_history.csv
fourth_entry_781m,pool1484zq40k4xg69t55z4fqz78zz6j3t9pvlw4jd635w692xhfzkka,1,1,258,258,2021-03-29 01:42:14,2021-03-29 01:42:14,legacy/2026-05-20-pre-v2-import/data/raw/emurgo2/delegation_history.csv
fourth_entry_781m,pool14a39gegmmc0xp7u3vr2lxggpphjm97nef6d35ytrukfwqvavj8j,1,1,271,271,2021-06-03 13:23:37,2021-06-03 13:23:37,legacy/2026-05-20-pre-v2-import/data/raw/emurgo2/delegation_history.csv
fourth_entry_781m,pool14g73qj0qz05ymqg7dp9kxdu8jr7uuzm6z6n3jwxpvqskghhmhng,1,1,210,210,2020-08-01 20:00:11,2020-08-01 20:00:11,legacy/2026-05-20-pre-v2-import/data/raw/emurgo2/delegation_history.csv
fourth_entry_781m,pool14ga7m2hv6y89u4jv9yf8mf28tjs078j43l5h4zgpxqp7q6ey4d6,1,1,210,210,2020-07-29 23:14:11,2020-07-29 23:14:11,legacy/2026-05-20-pre-v2-import/data/raw/emurgo2/delegation_history.csv
fourth_entry_781m,pool14gw9d5yhxf5t6k68tqvpa95hragu78yuyr7lm9gz9d9dx2yz9s4,1,1,253,253,2021-03-03 20:16:26,2021-03-03 20:16:26,legacy/2026-05-20-pre-v2-import/data/raw/emurgo2/delegation_history.csv
fourth_entry_781m,pool14hhs6ruwnuaf4fzsmx89mvmjl2qhyy5jnzyk2le03886kj6z9yp,1,1,284,284,2021-08-04 05:02:59,2021-08-04 05:02:59,legacy/2026-05-20-pre-v2-import/data/raw/emurgo2/delegation_history.csv
fourth_entry_781m,pool14kddecyyn0vjm07kr7vctnqnn3dt668dna63epdly220z4kgss7,1,1,330,330,2022-03-26 15:29:36,2022-03-26 15:29:36,legacy/2026-05-20-pre-v2-import/data/raw/emurgo2/delegation_history.csv
fourth_entry_781m,pool14ku0z9rx9yx34zl00jtxtpyv6ehytfl8fewztavx7qvju7nrtr8,1,1,223,223,2020-10-07 19:52:29,2020-10-07 19:52:29,legacy/2026-05-20-pre-v2-import/data/raw/emurgo2/delegation_history.csv
fourth_entry_781m,pool14lka9609z3f9kpj0cy2kddupypg0mw2sevehu949hwccsrghrym,1,1,273,273,2021-06-12 15:35:44,2021-06-12 15:35:44,legacy/2026-05-20-pre-v2-import/data/raw/emurgo2/delegation_history.csv
fourth_entry_781m,pool14lr9ef5a22ng5xcu2rhpkkc86u5fp24r5gnj6hvnjxmsv8t8rtj,1,2,217,227,2020-09-05 00:46:04,2020-10-26 06:22:30,legacy/2026-05-20-pre-v2-import/data/raw/emurgo2/delegation_history.csv
fourth_entry_781m,pool14qugk4juy7ds52glqhuveyntrmzr6ymaswyjhj9k53k3qdnfwpf,1,1,210,210,2020-08-01 07:43:51,2020-08-01 07:43:51,legacy/2026-05-20-pre-v2-import/data/raw/emurgo2/delegation_history.csv
fourth_entry_781m,pool14vc8rpu8uuvl2jns8g3qlllm84u5kfmfkr5k09vzfjlyxe5mlfv,1,1,236,236,2020-12-09 12:15:24,2020-12-09 12:15:24,legacy/2026-05-20-pre-v2-import/data/raw/emurgo2/delegation_history.csv
fourth_entry_781m,pool14xrvhggk8ftp9qwkaes882890zcatea89y7ay8thu8kvspmk705,1,1,276,276,2021-06-27 13:37:04,2021-06-27 13:37:04,legacy/2026-05-20-pre-v2-import/data/raw/emurgo2/delegation_history.csv
fourth_entry_781m,pool14y230zspjkhezehue4p2d9q87xh3p8a0vnpugzdty7gwcruepps,1,1,214,214,2020-08-23 19:00:16,2020-08-23 19:00:16,legacy/2026-05-20-pre-v2-import/data/raw/emurgo2/delegation_history.csv
fourth_entry_781m,pool150n38x8gquu4yt5s0s6m3ajjqe89y68x96dh32tq8a4es2l6dvp,1,1,219,219,2020-09-16 14:07:13,2020-09-16 14:07:13,legacy/2026-05-20-pre-v2-import/data/raw/emurgo2/delegation_history.csv
fourth_entry_781m,pool1522rtve5zlgnlh3zm5a4mcy3u7gpndg3kkac3xyzxmp6x6weca3,1,1,541,541,2025-02-09 06:00:04,2025-02-09 06:00:04,legacy/2026-05-20-pre-v2-import/data/raw/emurgo2/delegation_history.csv
fourth_entry_781m,pool1525d8qqw9cjykckqk9dgz6xmxdevm68zyspz90ac58p4v2gr6zm,1,1,254,254,2021-03-07 14:10:35,2021-03-07 14:10:35,legacy/2026-05-20-pre-v2-import/data/raw/emurgo2/delegation_history.csv
fourth_entry_781m,pool152ha79a677s2skr5n9cethtg549nljxm2vlzqfgaf8hq67q3790,1,1,210,210,2020-07-30 10:58:51,2020-07-30 10:58:51,legacy/2026-05-20-pre-v2-import/data/raw/emurgo2/delegation_history.csv
fourth_entry_781m,pool152ns2rs77pscm3mtmnymhwsvq8uglcdc3cvucvsc4jkds5k4te5,1,3,251,251,2021-02-23 03:05:30,2021-02-23 03:52:21,legacy/2026-05-20-pre-v2-import/data/raw/emurgo2/delegation_history.csv
fourth_entry_781m,pool153dhk7t4yxagany2dyglnenh3h9hgunnjjr2magfuf3hqgdphc3,1,1,262,262,2021-04-16 04:46:04,2021-04-16 04:46:04,legacy/2026-05-20-pre-v2-import/data/raw/emurgo2/delegation_history.csv
fourth_entry_781m,pool153lhpqpcms4a73metcjd439h8yzvht2yyjluuav9vfsv75gtf7l,1,1,303,303,2021-11-07 08:01:42,2021-11-07 08:01:42,legacy/2026-05-20-pre-v2-import/data/raw/emurgo2/delegation_history.csv
fourth_entry_781m,pool154hq0j6u6ydz62mtlu7xaj78mhreyp0zsv2kq7f0qmne2fu4t7y,1,2,379,533,2022-11-24 05:05:16,2025-01-02 07:51:57,legacy/2026-05-20-pre-v2-import/data/raw/emurgo2/delegation_history.csv
fourth_entry_781m,pool154sjkrwdu80wp6mnjvkwk55aj53l4v37z4zwulfak74vcxg60x0,1,1,254,254,2021-03-11 12:17:49,2021-03-11 12:17:49,legacy/2026-05-20-pre-v2-import/data/raw/emurgo2/delegation_history.csv
fourth_entry_781m,pool155x3l57d4xu52t93f9r55cqaysej4pc2dl3jkc9d6w5ckyu6u7n,1,1,323,323,2022-02-19 00:17:00,2022-02-19 00:17:00,legacy/2026-05-20-pre-v2-import/data/raw/emurgo2/delegation_history.csv
fourth_entry_781m,pool1568zhphxsnj5mfszwgta5zlvulu67g8f4jn6d3xs2tvas8ffu76,1,1,405,405,2023-04-04 12:43:47,2023-04-04 12:43:47,legacy/2026-05-20-pre-v2-import/data/raw/emurgo2/delegation_history.csv
fourth_entry_781m,pool159ygj92rz4td2pk0zrz7c2k6z8wu32rq7pcj47elymexs8nlkzl,1,1,272,272,2021-06-06 07:51:42,2021-06-06 07:51:42,legacy/2026-05-20-pre-v2-import/data/raw/emurgo2/delegation_history.csv
fourth_entry_781m,pool15d62znf04qymt6ve536tt5y9ky979ly4um5zmgz9m850vu7wuv7,1,1,259,259,2021-04-02 05:59:37,2021-04-02 05:59:37,legacy/2026-05-20-pre-v2-import/data/raw/emurgo2/delegation_history.csv
fourth_entry_781m,pool15d6xp2dhv8n8kx8syc4drruqyclkkmg58se6npeevhkdxprjq5q,1,1,258,258,2021-03-31 03:59:47,2021-03-31 03:59:47,legacy/2026-05-20-pre-v2-import/data/raw/emurgo2/delegation_history.csv
fourth_entry_781m,pool15em5uvfe8ujs3ny6ydcnynazvxhnk7dq9hu8zp4qf5jmknx32jn,1,1,287,287,2021-08-22 18:11:48,2021-08-22 18:11:48,legacy/2026-05-20-pre-v2-import/data/raw/emurgo2/delegation_history.csv
fourth_entry_781m,pool15fxktqvd92sq8plh3rjdrksumt9p8rzsayfk4akv2hng5r8ukha,1,2,422,468,2023-06-25 11:56:05,2024-02-10 21:16:00,legacy/2026-05-20-pre-v2-import/data/raw/emurgo2/delegation_history.csv
fourth_entry_781m,pool15g3cwwmd3qks03ztl5464j044jasn3dcs6zcgpxtxadfj86lvf2,1,1,366,366,2022-09-20 14:08:19,2022-09-20 14:08:19,legacy/2026-05-20-pre-v2-import/data/raw/emurgo2/delegation_history.csv
fourth_entry_781m,pool15j6hdfel6c6zcr8gu39qgp5xkrs264yn9hm8ynhaydjtxvmznxq,1,2,248,248,2021-02-05 08:08:18,2021-02-05 08:27:16,legacy/2026-05-20-pre-v2-import/data/raw/emurgo2/delegation_history.csv
fourth_entry_781m,pool15jy6drcgudfn9vuueeap74fu88vr7r0z9wnd9xs92awrwlrwdmp,1,1,355,355,2022-07-29 06:50:09,2022-07-29 06:50:09,legacy/2026-05-20-pre-v2-import/data/raw/emurgo2/delegation_history.csv
fourth_entry_781m,pool15kmauzzxvy423nxuf58gpyhrs8wngpvmvkzw4ncte2mmjn2wpvt,1,1,304,304,2021-11-12 20:07:42,2021-11-12 20:07:42,legacy/2026-05-20-pre-v2-import/data/raw/emurgo2/delegation_history.csv
fourth_entry_781m,pool15krrlqfd3uc8nea2tw8z3wl2v0fny4enhu3q892988zv7dhv0vk,1,1,323,323,2022-02-16 16:54:51,2022-02-16 16:54:51,legacy/2026-05-20-pre-v2-import/data/raw/emurgo2/delegation_history.csv
fourth_entry_781m,pool15m78a3nfcepn8ekyzx6sa8yexg7cqseer2ktu26f7l9jjq0e502,1,1,212,212,2020-08-13 08:01:31,2020-08-13 08:01:31,legacy/2026-05-20-pre-v2-import/data/raw/emurgo2/delegation_history.csv
fourth_entry_781m,pool15n83v7qy2pzd6fmh84mrewe70cmdr372wey48g8wjndrvxywfaa,1,1,244,244,2021-01-16 04:28:11,2021-01-16 04:28:11,legacy/2026-05-20-pre-v2-import/data/raw/emurgo2/delegation_history.csv
fourth_entry_781m,pool15z87p296y3m7eq8pwuu8qs6h2v4d2ctnx3yd2vqpl6txkkdvl5h,1,1,403,403,2023-03-26 08:45:11,2023-03-26 08:45:11,legacy/2026-05-20-pre-v2-import/data/raw/emurgo2/delegation_history.csv
fourth_entry_781m,pool15zl6h526rcp836t6l94zk5mfrqlp4tvrq87xlnthzagwjyhrlna,1,1,210,210,2020-07-31 22:53:11,2020-07-31 22:53:11,legacy/2026-05-20-pre-v2-import/data/raw/emurgo2/delegation_history.csv
fourth_entry_781m,pool163q9zuwpt9wr8rruuhw2mz6w6em25mhtrv58f8nz9aywj7vzer7,1,2,251,253,2021-02-21 21:09:11,2021-03-01 21:47:37,legacy/2026-05-20-pre-v2-import/data/raw/emurgo2/delegation_history.csv
fourth_entry_781m,pool163zy9c8e9dqhxgzuf6rqnn2gewasn37mewq9wpxz90sl7rtj60h,1,1,349,349,2022-06-26 11:04:58,2022-06-26 11:04:58,legacy/2026-05-20-pre-v2-import/data/raw/emurgo2/delegation_history.csv
fourth_entry_781m,pool1656z5w4rg98fkuczztxsvksqj3pl8lzvmhrce4v8n07hqt0gayg,1,1,267,267,2021-05-10 22:46:35,2021-05-10 22:46:35,legacy/2026-05-20-pre-v2-import/data/raw/emurgo2/delegation_history.csv
fourth_entry_781m,pool166vvvlk496szmtn4uz6wgcq6djryjk70grpap02yxyspjzkr490,1,1,238,238,2020-12-17 21:24:09,2020-12-17 21:24:09,legacy/2026-05-20-pre-v2-import/data/raw/emurgo2/delegation_history.csv
fourth_entry_781m,pool167qekemyleju9g7eugaguqxh5telvmmmrs3a7sp897f6za308hg,1,1,479,479,2024-04-05 12:41:59,2024-04-05 12:41:59,legacy/2026-05-20-pre-v2-import/data/raw/emurgo2/delegation_history.csv
fourth_entry_781m,pool16arep9k87sf5f3k3y8287jh7tfd73r9acu7ql3mtl3ply52ywnm,1,2,252,252,2021-02-25 15:15:40,2021-02-25 15:19:09,legacy/2026-05-20-pre-v2-import/data/raw/emurgo2/delegation_history.csv
fourth_entry_781m,pool16azs8wsv28h54zleuvr7hq2tuecsqa5kuzj2rgpxxjxfc0k06el,1,1,273,273,2021-06-10 03:36:56,2021-06-10 03:36:56,legacy/2026-05-20-pre-v2-import/data/raw/emurgo2/delegation_history.csv
fourth_entry_781m,pool16j6wmwsljcc2qn6dr2d6akjas3er887vhekyej77ynyjvh2fj5n,1,1,251,251,2021-02-22 14:06:11,2021-02-22 14:06:11,legacy/2026-05-20-pre-v2-import/data/raw/emurgo2/delegation_history.csv
fourth_entry_781m,pool16lwqfp7cpvzwn6mhu0gj3h4aa5k6j9my0he4mgjjva5f7vvnkw2,1,2,400,446,2023-03-10 06:48:35,2023-10-25 20:19:07,legacy/2026-05-20-pre-v2-import/data/raw/emurgo2/delegation_history.csv
fourth_entry_781m,pool16qfhnv7uw68vu2397tpqk66rf4uaekdmz6ckgh56vt2sqn44jya,1,1,254,254,2021-03-08 01:49:10,2021-03-08 01:49:10,legacy/2026-05-20-pre-v2-import/data/raw/emurgo2/delegation_history.csv
fourth_entry_781m,pool16v0jqnz2zuqsdrf6z94ec5rx9ds0xeghsvmddauzt6j5w2u7lsm,1,1,251,251,2021-02-24 08:29:49,2021-02-24 08:29:49,legacy/2026-05-20-pre-v2-import/data/raw/emurgo2/delegation_history.csv
fourth_entry_781m,pool16xpa8km92m0cq9unn84cezy8ygl2mr90t5qvvauswfm9yqyj524,1,4,336,479,2022-04-22 07:56:19,2024-04-05 18:12:27,legacy/2026-05-20-pre-v2-import/data/raw/emurgo2/delegation_history.csv
fourth_entry_781m,pool175gxtzacpcm90adjpvlhjmfpj4ft2a3zuqsgm558hf3q7ra2vf9,1,5,305,490,2021-11-18 08:09:38,2024-05-30 15:16:36,legacy/2026-05-20-pre-v2-import/data/raw/emurgo2/delegation_history.csv
fourth_entry_781m,pool17ajuw0arwq8klfe4xy8tcqj4yetp8kerl4amzn5dsnne20wlnsa,1,2,251,253,2021-02-24 13:52:13,2021-03-04 20:28:35,legacy/2026-05-20-pre-v2-import/data/raw/emurgo2/delegation_history.csv
fourth_entry_781m,pool17k0rf90x8qcre7nrw5x4mgsfgy49njyqdq884qunm4fkslu6nye,1,1,211,211,2020-08-06 04:38:51,2020-08-06 04:38:51,legacy/2026-05-20-pre-v2-import/data/raw/emurgo2/delegation_history.csv
fourth_entry_781m,pool17r3u34ywld6sehe9dd5t40ygq7rmc6yfw2k0h0hpllznwlmwsnn,1,1,323,323,2022-02-17 03:46:14,2022-02-17 03:46:14,legacy/2026-05-20-pre-v2-import/data/raw/emurgo2/delegation_history.csv
fourth_entry_781m,pool17s3mr9c4ejjfq20dz0ls9ggskc770kt267s9xmw93payzdswwgg,1,1,284,284,2021-08-05 01:47:10,2021-08-05 01:47:10,legacy/2026-05-20-pre-v2-import/data/raw/emurgo2/delegation_history.csv
fourth_entry_781m,pool183tuc6uqs2q8tzekn4559pwmrg8ukss2fdwvtumrcdjh6j8qsu0,1,1,213,213,2020-08-16 22:13:22,2020-08-16 22:13:22,legacy/2026-05-20-pre-v2-import/data/raw/emurgo2/delegation_history.csv
fourth_entry_781m,pool1867sv2tgcq2cjmyhqgsfveekmsy5zksld69zhgrlkluukfydq29,1,1,573,573,2025-07-21 12:52:47,2025-07-21 12:52:47,legacy/2026-05-20-pre-v2-import/data/raw/emurgo2/delegation_history.csv
fourth_entry_781m,pool189j5mz6wa0gfrakwvn2tar7qt309qxrmsgde5v6qwm892n6re3v,1,1,264,264,2021-04-26 07:21:08,2021-04-26 07:21:08,legacy/2026-05-20-pre-v2-import/data/raw/emurgo2/delegation_history.csv
fourth_entry_781m,pool18cx6qhjeynrsd7pvcrv7e3y65ksyzguaep2427zumc8t2qzxvsk,1,1,397,397,2023-02-24 10:37:30,2023-02-24 10:37:30,legacy/2026-05-20-pre-v2-import/data/raw/emurgo2/delegation_history.csv
fourth_entry_781m,pool18eg6yk8m5jmy50rhywkjwrsuawrzzcr88p9h2pu5v0rj2mxsv5y,1,1,210,210,2020-07-30 05:48:11,2020-07-30 05:48:11,legacy/2026-05-20-pre-v2-import/data/raw/emurgo2/delegation_history.csv
fourth_entry_781m,pool18en4vtxkjt3u5x6ctu9l3nqmr6pm3r7akxgu84450xdvkr4j827,1,1,210,210,2020-07-31 23:19:31,2020-07-31 23:19:31,legacy/2026-05-20-pre-v2-import/data/raw/emurgo2/delegation_history.csv
fourth_entry_781m,pool18gys2arurr8su3qssvh7vjcn42k5clgrvdxah8mxcg5xquvfu8p,1,1,251,251,2021-02-22 11:33:18,2021-02-22 11:33:18,legacy/2026-05-20-pre-v2-import/data/raw/emurgo2/delegation_history.csv
fourth_entry_781m,pool18hkq2t8ss45h4fkr92f52flhc4mpzedx5mcz4xhnpj0dzp76028,1,1,210,210,2020-08-01 14:46:11,2020-08-01 14:46:11,legacy/2026-05-20-pre-v2-import/data/raw/emurgo2/delegation_history.csv
fourth_entry_781m,pool18kv6jmmtks4jwyt8tpvfc2kakh6wkcggjtehyj78yk9r7t2t2ex,1,1,254,254,2021-03-10 21:27:59,2021-03-10 21:27:59,legacy/2026-05-20-pre-v2-import/data/raw/emurgo2/delegation_history.csv
fourth_entry_781m,pool18ljuhhw27t85zddz0pvsmsjsz5k0mlz03pzsxgh8qarcsw5wycc,1,1,409,409,2023-04-23 05:49:29,2023-04-23 05:49:29,legacy/2026-05-20-pre-v2-import/data/raw/emurgo2/delegation_history.csv
fourth_entry_781m,pool18mnua97ndq302yw2c6aaw6msx5rgf79mfnk4xe5y92tvjl45etl,1,1,533,533,2025-01-03 13:14:27,2025-01-03 13:14:27,legacy/2026-05-20-pre-v2-import/data/raw/emurgo2/delegation_history.csv
fourth_entry_781m,pool18n5hw3960p7su9dvw08w3nf7sgky52qzwkpatv3zsf52qy0vnk6,1,1,285,285,2021-08-09 09:54:04,2021-08-09 09:54:04,legacy/2026-05-20-pre-v2-import/data/raw/emurgo2/delegation_history.csv
fourth_entry_781m,pool18qahj5ggudguk69g9aaztf5dvapmazql4hdvd7v0947j7gy4wqf,1,1,408,408,2023-04-20 16:57:44,2023-04-20 16:57:44,legacy/2026-05-20-pre-v2-import/data/raw/emurgo2/delegation_history.csv
fourth_entry_781m,pool18qddv82sx8p22uxzdrf0qx9lkewxadlr9ef45kpcf7dzz3n56qv,1,1,520,520,2024-10-29 21:34:47,2024-10-29 21:34:47,legacy/2026-05-20-pre-v2-import/data/raw/emurgo2/delegation_history.csv
fourth_entry_781m,pool18sqt4qwprlt6ytg8pu2qpz262j9vhlzmtwn2fwvhpcnzc0u5ynw,1,1,210,210,2020-08-02 23:28:11,2020-08-02 23:28:11,legacy/2026-05-20-pre-v2-import/data/raw/emurgo2/delegation_history.csv
fourth_entry_781m,pool18t0u9vf408ftjf9xdpj47gdwkeq3jz3jqyshumm7fvtfkcq7ul7,1,1,492,492,2024-06-13 21:24:59,2024-06-13 21:24:59,legacy/2026-05-20-pre-v2-import/data/raw/emurgo2/delegation_history.csv
fourth_entry_781m,pool18tdd78q5vgr9qy2lun7m8srmnuc3h2mg6vqe66gezjh4glujje3,1,1,224,224,2020-10-11 13:42:37,2020-10-11 13:42:37,legacy/2026-05-20-pre-v2-import/data/raw/emurgo2/delegation_history.csv
fourth_entry_781m,pool18ufrgfgmslekdxnk9v9345qvhrr7vfgzkvneqtwm7unnwaht6ww,1,1,500,500,2024-07-23 21:38:51,2024-07-23 21:38:51,legacy/2026-05-20-pre-v2-import/data/raw/emurgo2/delegation_history.csv
fourth_entry_781m,pool18yvq2jh6z2dyx99fsqv68qfpeqgnkkvxeptkxmp4etnxjhfqald,1,1,212,212,2020-08-09 19:52:51,2020-08-09 19:52:51,legacy/2026-05-20-pre-v2-import/data/raw/emurgo2/delegation_history.csv
fourth_entry_781m,pool18zle0sy2ex0z3nccd60tz030reg4hn6020fesjt7lcfzz5mmay6,1,1,414,414,2023-05-16 13:14:24,2023-05-16 13:14:24,legacy/2026-05-20-pre-v2-import/data/raw/emurgo2/delegation_history.csv
fourth_entry_781m,pool193rdch53x9c53rmftlqgzj22vmz6w8z8hhut2ckzd2zej45zpap,1,1,478,478,2024-03-30 21:59:54,2024-03-30 21:59:54,legacy/2026-05-20-pre-v2-import/data/raw/emurgo2/delegation_history.csv
fourth_entry_781m,pool196e8g7evuyf84jz4gr6f4xacudmupxs3ad323krx9e4xse6cf8y,1,1,210,210,2020-07-31 04:53:31,2020-07-31 04:53:31,legacy/2026-05-20-pre-v2-import/data/raw/emurgo2/delegation_history.csv
fourth_entry_781m,pool199a44nvtjr0c5xlanz4p5c0nywu8l6k5hz3t2he0hq7wvljnsrt,1,1,476,476,2024-03-22 09:47:33,2024-03-22 09:47:33,legacy/2026-05-20-pre-v2-import/data/raw/emurgo2/delegation_history.csv
fourth_entry_781m,pool19a88drt8dx3wu29e85vcl96wjsjt9vlnlj5tr4ydjqq86sfa84w,1,1,211,211,2020-08-06 16:53:51,2020-08-06 16:53:51,legacy/2026-05-20-pre-v2-import/data/raw/emurgo2/delegation_history.csv
fourth_entry_781m,pool19aw7zl62a72fy0vz2g8tj7raxzqhw2775ynymyvaeayvk8xf9er,1,1,394,394,2023-02-08 01:10:49,2023-02-08 01:10:49,legacy/2026-05-20-pre-v2-import/data/raw/emurgo2/delegation_history.csv
fourth_entry_781m,pool19ht066hngsjfnv3mfsc8u9fgzl4w5qcrmh8l6zppwph6s2t7jn4,1,1,267,267,2021-05-12 00:59:53,2021-05-12 00:59:53,legacy/2026-05-20-pre-v2-import/data/raw/emurgo2/delegation_history.csv
fourth_entry_781m,pool19huja8uuhc98rxajduh7yexg982rt3qv6slwpf3r7ug5ke37g0g,1,1,217,217,2020-09-07 14:21:36,2020-09-07 14:21:36,legacy/2026-05-20-pre-v2-import/data/raw/emurgo2/delegation_history.csv
fourth_entry_781m,pool19huts3m38qd9ptd385g8am699jhn3xrews0ycxsz3z05s4h9qdv,1,1,257,257,2021-03-22 21:24:28,2021-03-22 21:24:28,legacy/2026-05-20-pre-v2-import/data/raw/emurgo2/delegation_history.csv
fourth_entry_781m,pool19mn930ryxlnhujfdygtpj83gm5rkmzx87rqvf9ysjtlrgxxepj2,1,1,241,241,2021-01-01 16:31:47,2021-01-01 16:31:47,legacy/2026-05-20-pre-v2-import/data/raw/emurgo2/delegation_history.csv
fourth_entry_781m,pool19nrqgmwwz8xu939ulpskuky2qq5z36v4jtnwcs69qr7xy4j495y,1,1,216,216,2020-08-31 18:18:52,2020-08-31 18:18:52,legacy/2026-05-20-pre-v2-import/data/raw/emurgo2/delegation_history.csv
fourth_entry_781m,pool19r33az023gn3n8p2x35hq00j2dxc8vwln0nanpcfuvc8759cvkz,1,1,237,237,2020-12-15 04:03:18,2020-12-15 04:03:18,legacy/2026-05-20-pre-v2-import/data/raw/emurgo2/delegation_history.csv
fourth_entry_781m,pool19seeqvu6hfr3qru6kx3rp4khymssa82j00jfm3d6k3ua590wdwv,1,2,340,399,2022-05-11 11:08:45,2023-03-02 09:09:02,legacy/2026-05-20-pre-v2-import/data/raw/emurgo2/delegation_history.csv
fourth_entry_781m,pool19v4jgpxxl72eaq8pefctatvts3gkhtyzd8nwvzskkm3mkdv2tpy,1,1,501,501,2024-07-25 16:30:27,2024-07-25 16:30:27,legacy/2026-05-20-pre-v2-import/data/raw/emurgo2/delegation_history.csv
fourth_entry_781m,pool19vpp0udh6qtu5dv9dwssamqsttx7z7n9ml2wed67j0pdkck9vnj,1,1,211,211,2020-08-04 20:03:51,2020-08-04 20:03:51,legacy/2026-05-20-pre-v2-import/data/raw/emurgo2/delegation_history.csv
fourth_entry_781m,pool19wpsykyg3gy7s34kx36vvs4dfcv2anggmta372jdv5lgqx0gs2t,1,1,212,212,2020-08-10 23:47:11,2020-08-10 23:47:11,legacy/2026-05-20-pre-v2-import/data/raw/emurgo2/delegation_history.csv
fourth_entry_781m,pool19wr27r3dqt77nd0qv7zcwzajw8fl3y0v69x5pf63sznuugg9p35,1,1,211,211,2020-08-06 21:17:51,2020-08-06 21:17:51,legacy/2026-05-20-pre-v2-import/data/raw/emurgo2/delegation_history.csv
fourth_entry_781m,pool19xyfanyp28j6j07dxgwdjp0wur6seqmyyu64qgzstzl7s47pvpj,1,1,535,535,2025-01-13 02:54:49,2025-01-13 02:54:49,legacy/2026-05-20-pre-v2-import/data/raw/emurgo2/delegation_history.csv
fourth_entry_781m,pool1a205rushcdw9qrtduady7l62cv2n4twvfuhfzx2ywrjlvsuuur5,1,1,212,212,2020-08-09 03:43:51,2020-08-09 03:43:51,legacy/2026-05-20-pre-v2-import/data/raw/emurgo2/delegation_history.csv
fourth_entry_781m,pool1a23v7jcg9dfl66mz4ftw42xc2gzufwrdxqxzltcesue4jn0pd5r,1,1,255,255,2021-03-12 10:50:09,2021-03-12 10:50:09,legacy/2026-05-20-pre-v2-import/data/raw/emurgo2/delegation_history.csv
fourth_entry_781m,pool1a3ekt9me035qgju0en2w39vjns9ggtewnc9fugsmpgczvgtl6u9,1,2,287,287,2021-08-23 09:37:48,2021-08-23 09:40:03,legacy/2026-05-20-pre-v2-import/data/raw/emurgo2/delegation_history.csv
fourth_entry_781m,pool1a58fg4u3mcr2zwyqlc4dqd6mnwqjmcussmpmcml9lrmszwedmfy,1,1,210,210,2020-07-31 21:58:31,2020-07-31 21:58:31,legacy/2026-05-20-pre-v2-import/data/raw/emurgo2/delegation_history.csv
fourth_entry_781m,pool1a5jd3x2udlvpm9mt4gpau4jlags6qtth6jdsguryh2zy27f5ttj,1,1,317,317,2022-01-19 08:28:07,2022-01-19 08:28:07,legacy/2026-05-20-pre-v2-import/data/raw/emurgo2/delegation_history.csv
fourth_entry_781m,pool1a9cerx2tpjjp0acla2zs8zwggjlp0phqqauxzkkm5vk963608aw,1,1,402,402,2023-03-19 03:31:50,2023-03-19 03:31:50,legacy/2026-05-20-pre-v2-import/data/raw/emurgo2/delegation_history.csv
fourth_entry_781m,pool1ac0erf0qsxt9v75gmch3rq9548m889s7tshpwppp5wgqy5j32mh,1,1,262,262,2021-04-19 11:06:37,2021-04-19 11:06:37,legacy/2026-05-20-pre-v2-import/data/raw/emurgo2/delegation_history.csv
fourth_entry_781m,pool1adhpjj009c0jekumqswj5jux6nvrw7v2k0wlu57vfjh7gd5wyh9,1,1,297,297,2021-10-10 12:46:41,2021-10-10 12:46:41,legacy/2026-05-20-pre-v2-import/data/raw/emurgo2/delegation_history.csv
fourth_entry_781m,pool1ag6ae29hrcjhcjaqp56hwhwj9geszjerwqrkjz6xndmcq3u9k80,1,1,213,213,2020-08-16 12:58:55,2020-08-16 12:58:55,legacy/2026-05-20-pre-v2-import/data/raw/emurgo2/delegation_history.csv
fourth_entry_781m,pool1apupv5qtfp2aa2xlrzzjzx0uj686g3n695a329nq8j5jvvzumz0,1,1,389,389,2023-01-14 09:17:34,2023-01-14 09:17:34,legacy/2026-05-20-pre-v2-import/data/raw/emurgo2/delegation_history.csv
fourth_entry_781m,pool1aqt8ycgfpavswxxs7m7n8rz4atqlanpcmf73gq50rmr8um7nde8,1,1,234,234,2020-12-01 07:31:55,2020-12-01 07:31:55,legacy/2026-05-20-pre-v2-import/data/raw/emurgo2/delegation_history.csv
fourth_entry_781m,pool1art4z0ztc6kkzj8awrru6j2pv2eher45wca94ph954mnk7844n0,1,1,210,210,2020-07-30 18:04:51,2020-07-30 18:04:51,legacy/2026-05-20-pre-v2-import/data/raw/emurgo2/delegation_history.csv
fourth_entry_781m,pool1ases3nklh6gyjf74r7dqm89exjfd520z9cefqru959wcccmrdlk,1,1,569,569,2025-07-01 08:06:04,2025-07-01 08:06:04,legacy/2026-05-20-pre-v2-import/data/raw/emurgo2/delegation_history.csv
fourth_entry_781m,pool1axdf4rwjfsd5agnl2na2t73emm2sae078nxeyf3mf4c6vhh0dwm,1,1,302,302,2021-11-05 03:05:45,2021-11-05 03:05:45,legacy/2026-05-20-pre-v2-import/data/raw/emurgo2/delegation_history.csv
fourth_entry_781m,pool1c2wa8326fulnkq42uerra78pue48pdwsqru2dhp5xrhsgzqmlsc,1,3,337,367,2022-04-30 02:28:18,2022-09-27 21:12:01,legacy/2026-05-20-pre-v2-import/data/raw/emurgo2/delegation_history.csv
fourth_entry_781m,pool1c30lqt59t8sjn5lg04r5wk5eucxa5h9cj05xs9gzc8lngl4cmta,1,1,450,450,2023-11-16 12:08:52,2023-11-16 12:08:52,legacy/2026-05-20-pre-v2-import/data/raw/emurgo2/delegation_history.csv
fourth_entry_781m,pool1c3kxs76qj58284f923cx7ed8vw25en3nfghyurv0z9m2g3x9c4j,1,1,531,531,2024-12-22 05:26:09,2024-12-22 05:26:09,legacy/2026-05-20-pre-v2-import/data/raw/emurgo2/delegation_history.csv
fourth_entry_781m,pool1c86ul4pnqvu7jzag8fjdy6dgrn6pt4ad4vmyq038hyg0wl2kaed,1,1,607,607,2026-01-08 15:18:30,2026-01-08 15:18:30,legacy/2026-05-20-pre-v2-import/data/raw/emurgo2/delegation_history.csv
fourth_entry_781m,pool1c8k78ny3xvsfgenhf4yzvpzwgzxmz0t0um0h2xnn2q83vjdr5dj,1,1,210,210,2020-07-31 13:03:31,2020-07-31 13:03:31,legacy/2026-05-20-pre-v2-import/data/raw/emurgo2/delegation_history.csv
fourth_entry_781m,pool1chtam5czevzk2ttctvltpsc8twlwf6zzyh7kj3jkz72gks975sn,1,1,257,257,2021-03-23 21:09:06,2021-03-23 21:09:06,legacy/2026-05-20-pre-v2-import/data/raw/emurgo2/delegation_history.csv
fourth_entry_781m,pool1cj2uh0ylps28czcjslnz85v2zyf8mld0w5tuqp3amxk4jjwfkgd,1,1,253,253,2021-03-03 21:52:49,2021-03-03 21:52:49,legacy/2026-05-20-pre-v2-import/data/raw/emurgo2/delegation_history.csv
fourth_entry_781m,pool1cla5u6tuqeupjd7ckhhrws0y66ej6u3ks5kd0sukgc5cvrspdq0,1,1,262,262,2021-04-16 02:47:36,2021-04-16 02:47:36,legacy/2026-05-20-pre-v2-import/data/raw/emurgo2/delegation_history.csv
fourth_entry_781m,pool1cq25dmlt5974x8tqg3e4dlzvrxefcce2atpnwlfp7ad5ugec9fp,1,1,364,364,2022-09-09 19:29:23,2022-09-09 19:29:23,legacy/2026-05-20-pre-v2-import/data/raw/emurgo2/delegation_history.csv
fourth_entry_781m,pool1crts5gmqr34gsrn6wvrhfs9yqp0ynu8t2t4r350xp80s6pc56ue,1,2,330,383,2022-03-23 02:03:40,2022-12-16 09:38:27,legacy/2026-05-20-pre-v2-import/data/raw/emurgo2/delegation_history.csv
fourth_entry_781m,pool1ct346jetdmd2nn3475ckgehmgvgrwah4lu0rtgy374wvu6ka27q,1,1,275,275,2021-06-19 22:43:53,2021-06-19 22:43:53,legacy/2026-05-20-pre-v2-import/data/raw/emurgo2/delegation_history.csv
fourth_entry_781m,pool1ct59zfxfvtv74k3mmukq5faq7kc48wuxrstyxtd02pxluwf6mkh,1,1,357,357,2022-08-07 12:13:59,2022-08-07 12:13:59,legacy/2026-05-20-pre-v2-import/data/raw/emurgo2/delegation_history.csv
fourth_entry_781m,pool1ctxzwfw9gxcrnv3l5rpm80vxxc264acvvpkv8gcj7cf3vk6uzce,1,1,212,212,2020-08-10 05:06:51,2020-08-10 05:06:51,legacy/2026-05-20-pre-v2-import/data/raw/emurgo2/delegation_history.csv
fourth_entry_781m,pool1cus3lsxn962f3tx30shytad9u8487jpnqz6875tahxr26waf2dv,1,1,276,276,2021-06-28 09:36:15,2021-06-28 09:36:15,legacy/2026-05-20-pre-v2-import/data/raw/emurgo2/delegation_history.csv
fourth_entry_781m,pool1cuzhrcpp676p4u9yk2vrtj7utmq2dy4ey56uw6znml2f5hrpgpw,1,1,210,210,2020-08-01 11:10:31,2020-08-01 11:10:31,legacy/2026-05-20-pre-v2-import/data/raw/emurgo2/delegation_history.csv
fourth_entry_781m,pool1cx79cuquzjdm0c6xk3ace333zcq83v44p68vx7edpfufzkp8m35,1,1,234,234,2020-12-01 14:20:41,2020-12-01 14:20:41,legacy/2026-05-20-pre-v2-import/data/raw/emurgo2/delegation_history.csv
fourth_entry_781m,pool1czuxqfhx2fs6q6vw0z0u9c93eumvs45nm0cu65tqvaqq65zu9yq,1,1,211,211,2020-08-07 00:12:11,2020-08-07 00:12:11,legacy/2026-05-20-pre-v2-import/data/raw/emurgo2/delegation_history.csv
fourth_entry_781m,pool1d04sakv5um2c8yrp3lm9ncncupgl7f7zw0lz2yuz3jrzsxvf42n,1,1,291,291,2021-09-10 13:21:26,2021-09-10 13:21:26,legacy/2026-05-20-pre-v2-import/data/raw/emurgo2/delegation_history.csv
fourth_entry_781m,pool1d25d0c06al8geglarw7yd4nqh65nws82d7v04yrv2eec7rwcjlk,1,1,255,255,2021-03-12 23:19:16,2021-03-12 23:19:16,legacy/2026-05-20-pre-v2-import/data/raw/emurgo2/delegation_history.csv
fourth_entry_781m,pool1d2cl6yayuxp0wv0v7dtvu0s52vglg0x4z2lz27d6x4ewj72nk2a,1,1,234,234,2020-12-01 17:26:27,2020-12-01 17:26:27,legacy/2026-05-20-pre-v2-import/data/raw/emurgo2/delegation_history.csv
fourth_entry_781m,pool1d42r0zln3kvvc54w4945735gnrm635as8hj8zy38tjprw2l49rd,1,2,389,389,2023-01-13 07:16:07,2023-01-13 07:16:15,legacy/2026-05-20-pre-v2-import/data/raw/emurgo2/delegation_history.csv
fourth_entry_781m,pool1ddghnthymd3duklvx5pfunymqg29xe4vlmy89u2efyjdktn33kz,1,5,232,237,2020-11-19 16:16:23,2020-12-16 00:04:51,legacy/2026-05-20-pre-v2-import/data/raw/emurgo2/delegation_history.csv
fourth_entry_781m,pool1de64gn0cm6uz73s48vs0t4chvm02efcppzwf89uy2ejny2nwgsq,1,1,251,251,2021-02-21 14:55:20,2021-02-21 14:55:20,legacy/2026-05-20-pre-v2-import/data/raw/emurgo2/delegation_history.csv
fourth_entry_781m,pool1denmfptpdhy2vp8q92ttrmalf3kynyv7aguudqzeq83d7zpcaeq,1,1,215,215,2020-08-27 22:44:56,2020-08-27 22:44:56,legacy/2026-05-20-pre-v2-import/data/raw/emurgo2/delegation_history.csv
fourth_entry_781m,pool1dfg7g6u6vvs4av77frff5f2zejznmjmvtewhxzyg5h3p5m3we65,1,1,212,212,2020-08-10 19:24:51,2020-08-10 19:24:51,legacy/2026-05-20-pre-v2-import/data/raw/emurgo2/delegation_history.csv
fourth_entry_781m,pool1dghwejqptsjtf9k8paspg9rhl8humxx0nh7sk37j0ada2dr9mqh,1,1,610,610,2026-01-24 11:39:39,2026-01-24 11:39:39,legacy/2026-05-20-pre-v2-import/data/raw/emurgo2/delegation_history.csv
fourth_entry_781m,pool1dnszy9spu7m4u9s8jqh95myuqapujwcju593eqczgl56khllyuc,1,1,256,256,2021-03-18 13:18:50,2021-03-18 13:18:50,legacy/2026-05-20-pre-v2-import/data/raw/emurgo2/delegation_history.csv
fourth_entry_781m,pool1dpu6kslgxlg3ccrwxldl8e6r7ylnq0yalafmucp0yc7k6qegtt0,1,2,256,309,2021-03-17 18:43:35,2021-12-07 05:11:58,legacy/2026-05-20-pre-v2-import/data/raw/emurgo2/delegation_history.csv
fourth_entry_781m,pool1drkls8s0zzjydyv3qpjsdj58w3sw02w9wg0pckrsnuazyef2hca,1,2,372,448,2022-10-20 09:11:25,2023-11-06 18:06:32,legacy/2026-05-20-pre-v2-import/data/raw/emurgo2/delegation_history.csv
fourth_entry_781m,pool1drrfl4ef8uwaqsyjpssdp8epsflnwdjdku0gx7ycc6qnsqfqv32,1,1,269,269,2021-05-24 21:20:53,2021-05-24 21:20:53,legacy/2026-05-20-pre-v2-import/data/raw/emurgo2/delegation_history.csv
fourth_entry_781m,pool1dsqcnwp40t0wc8cd2efp8mfsa9055g09wl5mnzs7kxmfze6mfgf,1,1,327,327,2022-03-11 18:46:46,2022-03-11 18:46:46,legacy/2026-05-20-pre-v2-import/data/raw/emurgo2/delegation_history.csv
fourth_entry_781m,pool1dswpls43u0s6cpt0dh2d6npm0rnxh5qcjm9xax9y6fp3uq880xm,1,1,534,534,2025-01-05 15:11:07,2025-01-05 15:11:07,legacy/2026-05-20-pre-v2-import/data/raw/emurgo2/delegation_history.csv
fourth_entry_781m,pool1duzuav0k4r8jx9hx7c3avpyr2c9hc4muf0nv6f2n6ea47e9x5zf,1,1,210,210,2020-07-30 07:06:11,2020-07-30 07:06:11,legacy/2026-05-20-pre-v2-import/data/raw/emurgo2/delegation_history.csv
fourth_entry_781m,pool1dv7s5fn4m9dee8ncvx5hktfmsnx6agydhn798rfdqjazuwr84gc,1,1,324,324,2022-02-21 06:22:01,2022-02-21 06:22:01,legacy/2026-05-20-pre-v2-import/data/raw/emurgo2/delegation_history.csv
fourth_entry_781m,pool1dwz6exl0220n6zm5pp9ehnn4g2vtrwtxem0nvgcrl6amvnryp2g,1,1,255,255,2021-03-14 21:23:28,2021-03-14 21:23:28,legacy/2026-05-20-pre-v2-import/data/raw/emurgo2/delegation_history.csv
fourth_entry_781m,pool1dx5t3yqhzh3v5ch7add7836tg0ey255tjz87spjvws4j2gjp9yg,1,2,262,262,2021-04-19 20:34:36,2021-04-19 20:36:00,legacy/2026-05-20-pre-v2-import/data/raw/emurgo2/delegation_history.csv
fourth_entry_781m,pool1dxq8g3qvz0een52jv8yzagmq8ym9lxq073yc40mhlvm5skffhfw,1,1,215,215,2020-08-26 19:17:04,2020-08-26 19:17:04,legacy/2026-05-20-pre-v2-import/data/raw/emurgo2/delegation_history.csv
fourth_entry_781m,pool1dzp3lpf0f55ez4lsjy0tw36xkydchnr9cplnhfl2zd53qwdhq7q,1,1,258,258,2021-03-28 14:54:25,2021-03-28 14:54:25,legacy/2026-05-20-pre-v2-import/data/raw/emurgo2/delegation_history.csv
fourth_entry_781m,pool1e2w8t3hucc5hfhw8k6r69er3y5kqs9dj9um65l5qe3a82nl25zn,1,2,255,260,2021-03-15 00:50:32,2021-04-06 18:50:09,legacy/2026-05-20-pre-v2-import/data/raw/emurgo2/delegation_history.csv
fourth_entry_781m,pool1e3y7u0rtq2zskc7ansvtrd4p3vtv9hglyztzcvsvlk22w9t40v0,1,1,320,320,2022-02-04 07:41:33,2022-02-04 07:41:33,legacy/2026-05-20-pre-v2-import/data/raw/emurgo2/delegation_history.csv
fourth_entry_781m,pool1e603j2p4q346w8knqt2a8c96n8t9l5u4qdrv4kk50qvpgvh8hax,1,1,308,308,2021-12-02 00:00:06,2021-12-02 00:00:06,legacy/2026-05-20-pre-v2-import/data/raw/emurgo2/delegation_history.csv
fourth_entry_781m,pool1e8hyjnlqpm5r7we5r9yk6n0kuh0l7f9w2dpylph6u4jtsstntgx,1,1,212,212,2020-08-13 02:15:31,2020-08-13 02:15:31,legacy/2026-05-20-pre-v2-import/data/raw/emurgo2/delegation_history.csv
fourth_entry_781m,pool1e98xlcgj80c3rdmm27v5hnvrdtut52e65uk0ema7ctfag596vr2,1,1,255,255,2021-03-13 02:42:05,2021-03-13 02:42:05,legacy/2026-05-20-pre-v2-import/data/raw/emurgo2/delegation_history.csv
fourth_entry_781m,pool1ea34czsr90yc63fmv4gj4tetp7ds7c4jhpj6vqg4yw40wvygdl3,1,1,340,340,2022-05-13 20:31:45,2022-05-13 20:31:45,legacy/2026-05-20-pre-v2-import/data/raw/emurgo2/delegation_history.csv
fourth_entry_781m,pool1eapprh7uyz8f90maft8r2k2v3a6jyv58eatgyz3lsfrqggkc8fq,1,1,409,409,2023-04-24 06:24:56,2023-04-24 06:24:56,legacy/2026-05-20-pre-v2-import/data/raw/emurgo2/delegation_history.csv
fourth_entry_781m,pool1efj8td645z33mr8h0ww5y5s0lz6jwj7e54cj4mv44s2269r7d4f,1,1,215,215,2020-08-28 17:25:52,2020-08-28 17:25:52,legacy/2026-05-20-pre-v2-import/data/raw/emurgo2/delegation_history.csv
fourth_entry_781m,pool1efzvmtxl4n9z8ylegk9jhctclu44z7k0qg82mp2kp2ytqa9xgf0,1,1,210,210,2020-07-30 22:13:11,2020-07-30 22:13:11,legacy/2026-05-20-pre-v2-import/data/raw/emurgo2/delegation_history.csv
fourth_entry_781m,pool1el6ze57482qzf830l6h2y9uj0l9fr5g7xzur89d4d806y896vgf,1,1,256,256,2021-03-19 06:48:48,2021-03-19 06:48:48,legacy/2026-05-20-pre-v2-import/data/raw/emurgo2/delegation_history.csv
fourth_entry_781m,pool1epqdygzumryx7w9kk5l76gfjsvzuesmeh3u3tfjmmdsw65ja7k3,1,1,373,373,2022-10-26 15:52:42,2022-10-26 15:52:42,legacy/2026-05-20-pre-v2-import/data/raw/emurgo2/delegation_history.csv
fourth_entry_781m,pool1es94p2rp672w2lmv538ecnv9tf368kje7tmg7vca75z3vazs34z,1,1,269,269,2021-05-24 07:54:37,2021-05-24 07:54:37,legacy/2026-05-20-pre-v2-import/data/raw/emurgo2/delegation_history.csv
fourth_entry_781m,pool1etfar35l4tf6vam3gvqf5dnaq7levz32vgw4p00jzk7q7twg2te,1,1,212,212,2020-08-12 04:59:31,2020-08-12 04:59:31,legacy/2026-05-20-pre-v2-import/data/raw/emurgo2/delegation_history.csv
fourth_entry_781m,pool1eu8knr403p82ythegskwmf8w6v8l2w858d8jz7qvvqzj7ryech4,1,2,416,481,2023-05-30 13:51:56,2024-04-15 20:52:04,legacy/2026-05-20-pre-v2-import/data/raw/emurgo2/delegation_history.csv
fourth_entry_781m,pool1ew3heaxhwgseza42s9pzwk97efqp9q6n6ra9j334uu5zggdzrsm,1,2,253,257,2021-03-04 11:28:04,2021-03-22 13:00:02,legacy/2026-05-20-pre-v2-import/data/raw/emurgo2/delegation_history.csv
fourth_entry_781m,pool1ey3d522fefeuxvqrymw9l8wyevuu7my9t2uz2m0lmwfgjg060qr,1,1,241,241,2021-01-05 04:24:25,2021-01-05 04:24:25,legacy/2026-05-20-pre-v2-import/data/raw/emurgo2/delegation_history.csv
fourth_entry_781m,pool1ez2sr7r6tzfa6s7zwrkxqx5layzmke2znsya3w6t9al0sv0332y,1,1,262,262,2021-04-20 20:49:49,2021-04-20 20:49:49,legacy/2026-05-20-pre-v2-import/data/raw/emurgo2/delegation_history.csv
fourth_entry_781m,pool1f4lvg6px40kelh4kala6jxn6fnugtyhrtw6hgzgr7ar7ymtr7jd,1,1,211,211,2020-08-05 21:51:31,2020-08-05 21:51:31,legacy/2026-05-20-pre-v2-import/data/raw/emurgo2/delegation_history.csv
fourth_entry_781m,pool1f6lnuxzw90mmd399nxqjvzyyxgmf4h3cp7j6pp5s7xmps86arct,1,1,356,356,2022-07-30 09:58:21,2022-07-30 09:58:21,legacy/2026-05-20-pre-v2-import/data/raw/emurgo2/delegation_history.csv
fourth_entry_781m,pool1f6ltd3rd3e69klr32r0xw7h59lc76lhc9l705d380lj76d926du,1,2,459,500,2023-12-27 22:34:32,2024-07-22 15:01:34,legacy/2026-05-20-pre-v2-import/data/raw/emurgo2/delegation_history.csv
fourth_entry_781m,pool1favrzvccjq5ctetwurtrcxe734c7zlh60f4d62av6art527tssd,1,1,210,210,2020-07-30 14:08:11,2020-07-30 14:08:11,legacy/2026-05-20-pre-v2-import/data/raw/emurgo2/delegation_history.csv
fourth_entry_781m,pool1fg42yz0qpu5jd0gd3g5xty4mm6jdxkje8szag8h798nyyxw6zd3,1,1,267,267,2021-05-11 04:43:29,2021-05-11 04:43:29,legacy/2026-05-20-pre-v2-import/data/raw/emurgo2/delegation_history.csv
fourth_entry_781m,pool1fl0gdfcmzg4jf3hw839epdteuazm23nff44vddap00r0sm5gvvk,1,4,338,475,2022-05-01 11:44:53,2024-03-16 09:34:25,legacy/2026-05-20-pre-v2-import/data/raw/emurgo2/delegation_history.csv
fourth_entry_781m,pool1fmcv9p7vv754rwc0p6ud2mgm76vnn0gq0gngrk7rq400vsvhsvs,1,1,234,234,2020-11-28 14:59:01,2020-11-28 14:59:01,legacy/2026-05-20-pre-v2-import/data/raw/emurgo2/delegation_history.csv
fourth_entry_781m,pool1fmykj5jqxtpxu0285209ar37taw52p68q87nmg6vpckhwrtje5w,1,2,212,352,2020-08-13 21:30:31,2022-07-14 11:44:21,legacy/2026-05-20-pre-v2-import/data/raw/emurgo2/delegation_history.csv
fourth_entry_781m,pool1fr8ug253hlv0pt4sxu3w20r03pnpkh2wpedegp55t8nsx28rkma,1,1,494,494,2024-06-23 00:53:18,2024-06-23 00:53:18,legacy/2026-05-20-pre-v2-import/data/raw/emurgo2/delegation_history.csv
fourth_entry_781m,pool1ft6jvmft8tg3lwzg6wfsprlex3ncuq5cnckwycavqk5q63jhrhv,1,1,304,304,2021-11-14 04:36:22,2021-11-14 04:36:22,legacy/2026-05-20-pre-v2-import/data/raw/emurgo2/delegation_history.csv
fourth_entry_781m,pool1ftfgs9lp0l4l07glvemrzu86pqvxrvzsn85lc3hathlq5ddsw49,1,1,210,210,2020-08-03 06:22:31,2020-08-03 06:22:31,legacy/2026-05-20-pre-v2-import/data/raw/emurgo2/delegation_history.csv
fourth_entry_781m,pool1fu69ry8k9qxfque9hng3lxcq7g30pykg38mtahah8x4mzpgls3k,1,1,280,280,2021-07-18 19:09:09,2021-07-18 19:09:09,legacy/2026-05-20-pre-v2-import/data/raw/emurgo2/delegation_history.csv
fourth_entry_781m,pool1fu6ppur5uumrpydpeswzrvfg4epr68xw39aar9rcu56tk5ukat3,1,1,331,331,2022-03-27 18:48:39,2022-03-27 18:48:39,legacy/2026-05-20-pre-v2-import/data/raw/emurgo2/delegation_history.csv
fourth_entry_781m,pool1fxm9hx6n5lahvlp3rrkvz30j2e3x4a08q3cu78678g32zqfmv4a,1,1,249,249,2021-02-13 14:33:57,2021-02-13 14:33:57,legacy/2026-05-20-pre-v2-import/data/raw/emurgo2/delegation_history.csv
fourth_entry_781m,pool1g2htk67ngtrw5mz6npgu3tugmcuqfgu0lxm8m26d7x79w75xupn,1,1,321,321,2022-02-05 15:31:26,2022-02-05 15:31:26,legacy/2026-05-20-pre-v2-import/data/raw/emurgo2/delegation_history.csv
fourth_entry_781m,pool1g637quu9s4v8e30s8y2jg8zfejsne9s8mg985q62y8jfu4khtqg,1,1,249,249,2021-02-11 08:12:38,2021-02-11 08:12:38,legacy/2026-05-20-pre-v2-import/data/raw/emurgo2/delegation_history.csv
fourth_entry_781m,pool1g79uyzvt9mm3z7jdcxnp36n4egm4z6l8c6n9l2mk8ae2yf5zman,1,1,319,319,2022-01-28 09:36:13,2022-01-28 09:36:13,legacy/2026-05-20-pre-v2-import/data/raw/emurgo2/delegation_history.csv
fourth_entry_781m,pool1g9v6nnrn8x7jcj26mqernsh3h97g6gyhamttzg8q39yvjr60g7k,1,1,325,325,2022-02-28 01:40:56,2022-02-28 01:40:56,legacy/2026-05-20-pre-v2-import/data/raw/emurgo2/delegation_history.csv
fourth_entry_781m,pool1gduk8s5stt3uej5nl9vs7marx8jjyeadwz3505gzvuqey2lch35,1,1,375,375,2022-11-03 00:19:19,2022-11-03 00:19:19,legacy/2026-05-20-pre-v2-import/data/raw/emurgo2/delegation_history.csv
fourth_entry_781m,pool1gf8a46j6hvhad8e48hez4084x34snpua8k7t3kzy9w42q6w60z8,1,1,504,504,2024-08-11 12:36:38,2024-08-11 12:36:38,legacy/2026-05-20-pre-v2-import/data/raw/emurgo2/delegation_history.csv
fourth_entry_781m,pool1ggx3akymhzl5d7r8jd4cc2nmnvl8t8gkrerd2cwvd0vc29lwje9,1,2,262,283,2021-04-16 22:51:58,2021-07-31 15:11:14,legacy/2026-05-20-pre-v2-import/data/raw/emurgo2/delegation_history.csv
fourth_entry_781m,pool1ghkvvv54d5463ymc44922ld927wtcaxm0e9ej67sh9fp62q6s9e,1,1,253,253,2021-03-03 22:18:22,2021-03-03 22:18:22,legacy/2026-05-20-pre-v2-import/data/raw/emurgo2/delegation_history.csv
fourth_entry_781m,pool1ghsq6nqsdmxxep9jrfml0j6jk935uhq7d9l5a0ltllev7nk2fa0,1,1,271,271,2021-06-02 11:24:22,2021-06-02 11:24:22,legacy/2026-05-20-pre-v2-import/data/raw/emurgo2/delegation_history.csv
fourth_entry_781m,pool1gjmerqh4wxl553enqeqgc6m3r3gt6yspdg29jy6nuypa6k2tpdt,1,1,235,235,2020-12-06 13:24:51,2020-12-06 13:24:51,legacy/2026-05-20-pre-v2-import/data/raw/emurgo2/delegation_history.csv
fourth_entry_781m,pool1glnff4fwpzc6v43kcpu3re7ag2p2l0z4t0x0mg3v83f0qeg58yy,1,1,304,304,2021-11-15 09:20:58,2021-11-15 09:20:58,legacy/2026-05-20-pre-v2-import/data/raw/emurgo2/delegation_history.csv
fourth_entry_781m,pool1gn5txrx7ay0pxs7cj70ewxpqx64sqnptnkc4u3zghxv8y2y9sxr,1,3,271,328,2021-06-02 02:52:12,2022-03-12 00:36:00,legacy/2026-05-20-pre-v2-import/data/raw/emurgo2/delegation_history.csv
fourth_entry_781m,pool1gplusrfxc087ep94rata3m02qpyqa6a6g4wezxf4fwwnczzyg3l,1,1,489,489,2024-05-24 23:06:09,2024-05-24 23:06:09,legacy/2026-05-20-pre-v2-import/data/raw/emurgo2/delegation_history.csv
fourth_entry_781m,pool1grz62pdyyakffeymsjxpkz4x9382y3zhfa8zu28tk2fpqxm6p5l,1,1,317,317,2022-01-17 16:47:35,2022-01-17 16:47:35,legacy/2026-05-20-pre-v2-import/data/raw/emurgo2/delegation_history.csv
fourth_entry_781m,pool1gwnu7f7qgaruxph8gn3u28qphvquvnj63elyd3r0nndacj9g9pa,1,1,210,210,2020-08-03 14:27:31,2020-08-03 14:27:31,legacy/2026-05-20-pre-v2-import/data/raw/emurgo2/delegation_history.csv
fourth_entry_781m,pool1gxqgry4s75sx455a4hh0fx3qm5ckx5jl5tryn6zu77yg7y5pgsj,1,2,251,260,2021-02-20 11:56:56,2021-04-09 10:34:48,legacy/2026-05-20-pre-v2-import/data/raw/emurgo2/delegation_history.csv
fourth_entry_781m,pool1h0524mtazrjnzqh5e4u060jsfk8lpsqqjfpa5gygjwuhqu34wvt,1,1,253,253,2021-03-02 09:38:31,2021-03-02 09:38:31,legacy/2026-05-20-pre-v2-import/data/raw/emurgo2/delegation_history.csv
fourth_entry_781m,pool1h40kkf28nr3amhs6nsmqn75aderg6cutmygr47czu2dw2dxzvgm,1,2,256,389,2021-03-21 14:43:40,2023-01-11 14:18:37,legacy/2026-05-20-pre-v2-import/data/raw/emurgo2/delegation_history.csv
fourth_entry_781m,pool1h40xjqda9wmw9cff5jss3ww9npujkhlvg6xjy9l5ujsu5rqlw28,1,1,520,520,2024-10-29 21:32:20,2024-10-29 21:32:20,legacy/2026-05-20-pre-v2-import/data/raw/emurgo2/delegation_history.csv
fourth_entry_781m,pool1h44uqhtu5gxh4kkfw3kddjmg4nug4fwnchalj8j04k7vj5kjrnt,1,1,212,212,2020-08-13 15:03:31,2020-08-13 15:03:31,legacy/2026-05-20-pre-v2-import/data/raw/emurgo2/delegation_history.csv
fourth_entry_781m,pool1hdglvd3xn5m0glqx3l8cy73ajdlxzn7ztlvzwuythj95kwnmvwe,1,1,250,250,2021-02-18 02:22:33,2021-02-18 02:22:33,legacy/2026-05-20-pre-v2-import/data/raw/emurgo2/delegation_history.csv
fourth_entry_781m,pool1hkpgddlnya3pgktj3sxdraa8x8400vhaphcudvym9ye22esak43,1,1,212,212,2020-08-13 13:48:11,2020-08-13 13:48:11,legacy/2026-05-20-pre-v2-import/data/raw/emurgo2/delegation_history.csv
fourth_entry_781m,pool1hqwxta8p0j8ffkyle5mf6yg80tucqzh8q9mszws60xe5ja06nwa,1,1,253,253,2021-03-05 07:03:04,2021-03-05 07:03:04,legacy/2026-05-20-pre-v2-import/data/raw/emurgo2/delegation_history.csv
fourth_entry_781m,pool1hrfv7z55k4m2q6ghemu56r3zkw7dt5wd5xay5yw7an7p7aw33ac,1,2,523,523,2024-11-15 02:57:57,2024-11-15 02:58:56,legacy/2026-05-20-pre-v2-import/data/raw/emurgo2/delegation_history.csv
fourth_entry_781m,pool1hsq2jrulgj97tna2femdhsfn2wurkkwt8uk9uvs42h9zs0a783p,1,1,215,215,2020-08-24 21:33:03,2020-08-24 21:33:03,legacy/2026-05-20-pre-v2-import/data/raw/emurgo2/delegation_history.csv
fourth_entry_781m,pool1hup05mr0g5uq3ng2xd4qpp83dhfyssxruunapthyumv5x63krug,1,1,226,226,2020-10-22 02:51:31,2020-10-22 02:51:31,legacy/2026-05-20-pre-v2-import/data/raw/emurgo2/delegation_history.csv
fourth_entry_781m,pool1hw3cgyx7tvxh2fpd46k9sqgruu5pfnzt4nxuyv2w7nlmusutda2,1,1,250,250,2021-02-18 11:39:07,2021-02-18 11:39:07,legacy/2026-05-20-pre-v2-import/data/raw/emurgo2/delegation_history.csv
fourth_entry_781m,pool1hxdcr4u22lytge79hr5hds39e90jsdmhafphdgnn4hlqvl4qlt7,1,1,444,444,2023-10-13 10:33:38,2023-10-13 10:33:38,legacy/2026-05-20-pre-v2-import/data/raw/emurgo2/delegation_history.csv
fourth_entry_781m,pool1j7sphrhrqtlj32k3alhnnnp3pfxq0n6mwels9ysnfaw563wpue7,1,1,323,323,2022-02-16 01:39:35,2022-02-16 01:39:35,legacy/2026-05-20-pre-v2-import/data/raw/emurgo2/delegation_history.csv
fourth_entry_781m,pool1j8zhlvakd29yup5xmxtyhrmeh24udqrgkwdp99d9tx356wpjarn,1,1,454,454,2023-12-04 21:03:49,2023-12-04 21:03:49,legacy/2026-05-20-pre-v2-import/data/raw/emurgo2/delegation_history.csv
fourth_entry_781m,pool1jf32ru0d9mcre5pp7yundjdfcz8qlhmw4f5cftgh8vkqy8scj09,1,1,412,412,2023-05-08 01:41:42,2023-05-08 01:41:42,legacy/2026-05-20-pre-v2-import/data/raw/emurgo2/delegation_history.csv
fourth_entry_781m,pool1jhh5u4q6r6ym8rl7lcf9qc8lgsds8sxh0kl6lajkh5wkgkq6efy,1,1,210,210,2020-07-30 16:17:11,2020-07-30 16:17:11,legacy/2026-05-20-pre-v2-import/data/raw/emurgo2/delegation_history.csv
fourth_entry_781m,pool1jmx55w5ydjkn4xd58gmr9xgt5t46ngs48aek779t92e7zcqfw97,1,1,372,372,2022-10-21 19:29:33,2022-10-21 19:29:33,legacy/2026-05-20-pre-v2-import/data/raw/emurgo2/delegation_history.csv
fourth_entry_781m,pool1jpfk79j3vzx3hnpqshl99m90qk3jsj4hg0pmxc8szz4juz8d653,1,2,258,261,2021-03-27 00:24:34,2021-04-15 19:17:01,legacy/2026-05-20-pre-v2-import/data/raw/emurgo2/delegation_history.csv
fourth_entry_781m,pool1jqssxka8hu94aj6f4w3s8l5m6juqmx0hk3ges48jfac6zngmkh8,1,1,507,507,2024-08-25 17:39:05,2024-08-25 17:39:05,legacy/2026-05-20-pre-v2-import/data/raw/emurgo2/delegation_history.csv
fourth_entry_781m,pool1jqxp8hn0ywdrg3clzha9c2u7qh3zsh68u55wh50vdmecupc5rxs,1,1,261,261,2021-04-12 10:46:34,2021-04-12 10:46:34,legacy/2026-05-20-pre-v2-import/data/raw/emurgo2/delegation_history.csv
fourth_entry_781m,pool1js570lkcs6t3pwsj3eda0zz43mc5gm922ae5rdxcfn84gu5uyrg,1,1,226,226,2020-10-22 12:03:24,2020-10-22 12:03:24,legacy/2026-05-20-pre-v2-import/data/raw/emurgo2/delegation_history.csv
fourth_entry_781m,pool1js763t3yw63ffsxqpume8974z03hdlm4nddnezhfla6dskln37v,1,1,242,242,2021-01-07 09:55:41,2021-01-07 09:55:41,legacy/2026-05-20-pre-v2-import/data/raw/emurgo2/delegation_history.csv
fourth_entry_781m,pool1jsxk3ymqv2gdc6mhqk52544g2aun4zhq5wgx6n32l5s3jlne70n,1,1,330,330,2022-03-22 07:59:44,2022-03-22 07:59:44,legacy/2026-05-20-pre-v2-import/data/raw/emurgo2/delegation_history.csv
fourth_entry_781m,pool1jug4sp78wkx4fd90vh2ljaq5xqvv6kksjg4ckz7c68ga6fllyvu,1,2,320,365,2022-02-04 08:06:54,2022-09-13 07:34:17,legacy/2026-05-20-pre-v2-import/data/raw/emurgo2/delegation_history.csv
fourth_entry_781m,pool1k2yfr7tapqzfgdn7vq2u44225rtqxctelr6dp0xjqggrwnx9hnw,1,1,416,416,2023-05-28 10:46:17,2023-05-28 10:46:17,legacy/2026-05-20-pre-v2-import/data/raw/emurgo2/delegation_history.csv
fourth_entry_781m,pool1k3nkfa5ugavrpd9nwd3s6yyx454qxnquxwmux4rzfunl7q0z38t,1,1,578,578,2025-08-15 00:08:07,2025-08-15 00:08:07,legacy/2026-05-20-pre-v2-import/data/raw/emurgo2/delegation_history.csv
fourth_entry_781m,pool1k3wpsc8q8za2qeptx5kv73r76hs5gvp59gga6ad6u5hnj3scy3q,1,1,235,235,2020-12-03 12:31:42,2020-12-03 12:31:42,legacy/2026-05-20-pre-v2-import/data/raw/emurgo2/delegation_history.csv
fourth_entry_781m,pool1k4ejdzlnd83l8f8xm5t0m4uv5q0tzexpm23f6cg7lzzayrquzqw,1,1,257,257,2021-03-23 02:37:48,2021-03-23 02:37:48,legacy/2026-05-20-pre-v2-import/data/raw/emurgo2/delegation_history.csv
fourth_entry_781m,pool1k6jheduzrrahqc3nt3htpqhphne74l224fc45yqzqfg9j2j2qqc,1,1,323,323,2022-02-15 02:42:33,2022-02-15 02:42:33,legacy/2026-05-20-pre-v2-import/data/raw/emurgo2/delegation_history.csv
fourth_entry_781m,pool1k6zdhtvhtfyrgmkmsd0lmxzzeeh46jd37yktscaxpry9vwaxq9x,1,1,345,345,2022-06-09 17:23:33,2022-06-09 17:23:33,legacy/2026-05-20-pre-v2-import/data/raw/emurgo2/delegation_history.csv
fourth_entry_781m,pool1k8mxlherc4vmfk9pmxs0rk27qmu3sqy0gsdck4gwduz57xsepak,1,3,297,451,2021-10-08 05:59:51,2023-11-17 15:46:53,legacy/2026-05-20-pre-v2-import/data/raw/emurgo2/delegation_history.csv
fourth_entry_781m,pool1k99yncea8tq9pfeks3yymyj6fwjf4apx0s490j09m4y66vtyufr,1,1,281,281,2021-07-23 12:47:50,2021-07-23 12:47:50,legacy/2026-05-20-pre-v2-import/data/raw/emurgo2/delegation_history.csv
fourth_entry_781m,pool1k9yt0fqk5czmajcjvqnwc6w9k5rcc40xe9kq05asd43c2xsw58f,1,1,212,212,2020-08-09 09:48:31,2020-08-09 09:48:31,legacy/2026-05-20-pre-v2-import/data/raw/emurgo2/delegation_history.csv
fourth_entry_781m,pool1katy7ll0nmasyxy4u84hcqdtvq5ul4x5hh8zt8ggljd0cy6qf75,1,1,323,323,2022-02-17 18:40:22,2022-02-17 18:40:22,legacy/2026-05-20-pre-v2-import/data/raw/emurgo2/delegation_history.csv
fourth_entry_781m,pool1kdfrzk74f4salnv0679z4f8nurxgau6zh9y4gedskzevuxdt8xe,1,1,293,293,2021-09-20 19:57:25,2021-09-20 19:57:25,legacy/2026-05-20-pre-v2-import/data/raw/emurgo2/delegation_history.csv
fourth_entry_781m,pool1kfu02878dsz2l2pml9r42fvh32l4zn3msjvgfx077q3yx2xgul8,1,1,271,271,2021-05-31 09:48:10,2021-05-31 09:48:10,legacy/2026-05-20-pre-v2-import/data/raw/emurgo2/delegation_history.csv
fourth_entry_781m,pool1kjd9ff9u5ytq4atavv2dfsg3pvxqw8d50642pzmpn386zel0ka8,1,1,221,221,2020-09-27 09:38:35,2020-09-27 09:38:35,legacy/2026-05-20-pre-v2-import/data/raw/emurgo2/delegation_history.csv
fourth_entry_781m,pool1kkwd6say8twq3z9e36v57adw02j2x52ascd6eumxy5zd66qm4fa,1,1,256,256,2021-03-20 10:45:39,2021-03-20 10:45:39,legacy/2026-05-20-pre-v2-import/data/raw/emurgo2/delegation_history.csv
fourth_entry_781m,pool1kpzak79fd84mvntd88r8yu0xc624kfaadkyflnvppvx367pympx,1,1,223,223,2020-10-06 16:42:54,2020-10-06 16:42:54,legacy/2026-05-20-pre-v2-import/data/raw/emurgo2/delegation_history.csv
fourth_entry_781m,pool1kqrsr700m267q9tz4pw4rjeg69nkahk5wuy3kkw479y56fqfy9t,1,1,277,277,2021-07-02 18:49:38,2021-07-02 18:49:38,legacy/2026-05-20-pre-v2-import/data/raw/emurgo2/delegation_history.csv
fourth_entry_781m,pool1ktmkc46nvn5m4uxt94jm3pq9y9mxzytkjcjjkk6887tnjf7atqy,1,1,246,246,2021-01-30 15:23:52,2021-01-30 15:23:52,legacy/2026-05-20-pre-v2-import/data/raw/emurgo2/delegation_history.csv
fourth_entry_781m,pool1ku2ppcx5zgas98hfrl23xtak8u2wj3hsy3hglxhg9xp4qck5awm,1,1,210,210,2020-07-30 03:19:31,2020-07-30 03:19:31,legacy/2026-05-20-pre-v2-import/data/raw/emurgo2/delegation_history.csv
fourth_entry_781m,pool1kv53mzjwqjp4aw48rczj8vm6hejwfnfwa634czyx5tw5qq3tata,1,1,362,362,2022-08-28 22:11:32,2022-08-28 22:11:32,legacy/2026-05-20-pre-v2-import/data/raw/emurgo2/delegation_history.csv
fourth_entry_781m,pool1l37xvdpcl49kr3wscpjp9pr854g06nnjrlndtu3h7k6pvfapgap,1,2,253,255,2021-03-04 23:19:04,2021-03-13 09:53:49,legacy/2026-05-20-pre-v2-import/data/raw/emurgo2/delegation_history.csv
fourth_entry_781m,pool1l5t2lytxxx7jn0ujd5ssmfzaf24g2gjzjeddqmqjgun0z7r3gwv,1,1,263,263,2021-04-25 18:36:21,2021-04-25 18:36:21,legacy/2026-05-20-pre-v2-import/data/raw/emurgo2/delegation_history.csv
fourth_entry_781m,pool1l6946mnu54f6v0we4xzra8kwm68ch7fphhxvgytd0m4lzk3pats,1,2,377,377,2022-11-14 06:21:28,2022-11-16 16:54:13,legacy/2026-05-20-pre-v2-import/data/raw/emurgo2/delegation_history.csv
fourth_entry_781m,pool1l8myd66tqjk75kh7uk9k8nyl20sd4qs33s4tzzn927ujyl7ahyk,1,1,226,226,2020-10-19 18:59:39,2020-10-19 18:59:39,legacy/2026-05-20-pre-v2-import/data/raw/emurgo2/delegation_history.csv
fourth_entry_781m,pool1la0t0gsskwejyfca5lchw5aqd5g8hknxdu6tuyqp0ttjxl6zt35,1,1,284,284,2021-08-08 00:27:48,2021-08-08 00:27:48,legacy/2026-05-20-pre-v2-import/data/raw/emurgo2/delegation_history.csv
fourth_entry_781m,pool1larpvn53yyufaf8fh89nrrpgruqcq8mgxrtdxp5y87cqse3yfg2,1,1,231,231,2020-11-14 06:49:23,2020-11-14 06:49:23,legacy/2026-05-20-pre-v2-import/data/raw/emurgo2/delegation_history.csv
fourth_entry_781m,pool1lcl9j8zzqtcd4g2gf5zgexcqmnmjtvje707hupngymjhq43yk3s,1,1,210,210,2020-08-02 21:31:31,2020-08-02 21:31:31,legacy/2026-05-20-pre-v2-import/data/raw/emurgo2/delegation_history.csv
fourth_entry_781m,pool1lfq0eh3gykruhnuc84lutfhxupwwxfh3ylfuyrt67khjkcj9r6y,1,1,266,266,2021-05-10 21:17:24,2021-05-10 21:17:24,legacy/2026-05-20-pre-v2-import/data/raw/emurgo2/delegation_history.csv
fourth_entry_781m,pool1lfzvl4q8nemdajv4sa4sa8nc9rfkdv8fj33alpjt26r86q9wy4m,1,1,401,401,2023-03-14 20:38:01,2023-03-14 20:38:01,legacy/2026-05-20-pre-v2-import/data/raw/emurgo2/delegation_history.csv
fourth_entry_781m,pool1lgzryt60tckrjspn7z0gxup6ms6srd2xmtl9y7wvt5fsxnd2qxh,1,1,329,329,2022-03-17 17:54:09,2022-03-17 17:54:09,legacy/2026-05-20-pre-v2-import/data/raw/emurgo2/delegation_history.csv
fourth_entry_781m,pool1lmqvtamlkm4vdcq3yjs2zxhsx2ejy9tafs66zsmpwvk3jq0zhyu,1,1,212,212,2020-08-12 11:04:11,2020-08-12 11:04:11,legacy/2026-05-20-pre-v2-import/data/raw/emurgo2/delegation_history.csv
fourth_entry_781m,pool1lqeg5d3jpwr3nvra568nk28sr8lttyr6cf4yyssdx6qtxea9nmr,1,1,236,236,2020-12-09 12:08:36,2020-12-09 12:08:36,legacy/2026-05-20-pre-v2-import/data/raw/emurgo2/delegation_history.csv
fourth_entry_781m,pool1lqucyxuvjktfmpf7fd28j54cfgamyrxed344vnwlm9wqkwjeqwk,1,1,255,255,2021-03-12 01:41:38,2021-03-12 01:41:38,legacy/2026-05-20-pre-v2-import/data/raw/emurgo2/delegation_history.csv
fourth_entry_781m,pool1lr0wunp76zfedxk7qvreekyvvdr4n0s2mm5g458n7akrvmdnfwl,1,1,247,247,2021-02-02 08:55:54,2021-02-02 08:55:54,legacy/2026-05-20-pre-v2-import/data/raw/emurgo2/delegation_history.csv
fourth_entry_781m,pool1lr9vvcf5r5jgkgv5ly7z2lh068ymzg4xmqk5f8pu2k23vt25x7a,1,1,270,270,2021-05-30 14:56:00,2021-05-30 14:56:00,legacy/2026-05-20-pre-v2-import/data/raw/emurgo2/delegation_history.csv
fourth_entry_781m,pool1lssudmnyy4vlzrvpmw4539xwklnx0lm2murc9t7n25u9sg2ce3n,1,1,212,212,2020-08-09 15:46:51,2020-08-09 15:46:51,legacy/2026-05-20-pre-v2-import/data/raw/emurgo2/delegation_history.csv
fourth_entry_781m,pool1lwhj7qrymcxq8hdqq478pf90x87nl8f6m4t63a2epaeagthkmfc,1,1,252,252,2021-02-27 02:44:34,2021-02-27 02:44:34,legacy/2026-05-20-pre-v2-import/data/raw/emurgo2/delegation_history.csv
fourth_entry_781m,pool1lxqewhueg4hzyad766zhdwsjet5348ww8mzejf6fprxaw8wfq5s,1,1,544,544,2025-02-26 01:26:04,2025-02-26 01:26:04,legacy/2026-05-20-pre-v2-import/data/raw/emurgo2/delegation_history.csv
fourth_entry_781m,pool1lychj3krdah22cjhxguzhfx7qhwlfgl7t9fv42pcems9zvknahx,1,2,345,346,2022-06-05 06:13:16,2022-06-10 17:13:32,legacy/2026-05-20-pre-v2-import/data/raw/emurgo2/delegation_history.csv
fourth_entry_781m,pool1lzrg40g7vwgrxf52h40mjv77wywajekkfr5p63gcaa6gxrnqy2t,1,2,261,282,2021-04-11 13:17:39,2021-07-25 12:11:31,legacy/2026-05-20-pre-v2-import/data/raw/emurgo2/delegation_history.csv
fourth_entry_781m,pool1lzupr43772kfux007sdt02vlx7uzmfcplrwmxntdztxmwv9myrj,1,1,248,248,2021-02-08 22:43:01,2021-02-08 22:43:01,legacy/2026-05-20-pre-v2-import/data/raw/emurgo2/delegation_history.csv
fourth_entry_781m,pool1m3gg43uhtetn4hmw79u8836dyq8qe4cex8qnn6mks5egza7n6tp,1,1,413,413,2023-05-14 21:21:48,2023-05-14 21:21:48,legacy/2026-05-20-pre-v2-import/data/raw/emurgo2/delegation_history.csv
fourth_entry_781m,pool1m3h5p82m6v99nda37rmed8vrkqt43e2a8d89k76gw5ets0gdyag,1,1,347,347,2022-06-18 21:39:11,2022-06-18 21:39:11,legacy/2026-05-20-pre-v2-import/data/raw/emurgo2/delegation_history.csv
fourth_entry_781m,pool1m4nc6ea8htk9t58yx43sqluln7cp2a6qmzq257uudrvtkue8vw3,1,2,311,312,2021-12-16 22:57:01,2021-12-22 21:20:35,legacy/2026-05-20-pre-v2-import/data/raw/emurgo2/delegation_history.csv
fourth_entry_781m,pool1m7vr5mjsvs82kh5yp95pr9s5wdldf2v8r6rmpv8z57ypxmrkqsa,1,1,250,250,2021-02-17 15:52:03,2021-02-17 15:52:03,legacy/2026-05-20-pre-v2-import/data/raw/emurgo2/delegation_history.csv
fourth_entry_781m,pool1me4w8vugzzt5zqaf3kvngpwdzan79algtgyrs70exr0mjghf2he,1,1,210,210,2020-08-02 17:57:51,2020-08-02 17:57:51,legacy/2026-05-20-pre-v2-import/data/raw/emurgo2/delegation_history.csv
fourth_entry_781m,pool1mg37s4w4uzsmw27nsnz2mwfll8sdawngvy3n657t7nd0yjcd77e,1,1,294,294,2021-09-27 02:54:05,2021-09-27 02:54:05,legacy/2026-05-20-pre-v2-import/data/raw/emurgo2/delegation_history.csv
fourth_entry_781m,pool1mgpcx225587y9uf2zcwrputd3kj70jfpf654ca86dehuw5qk5pf,1,1,330,330,2022-03-22 04:18:29,2022-03-22 04:18:29,legacy/2026-05-20-pre-v2-import/data/raw/emurgo2/delegation_history.csv
fourth_entry_781m,pool1mjehcx2qu7trxuzugdywuvdyqs8zx8kph23y6c7hhx69z50acun,1,1,279,279,2021-07-11 02:09:16,2021-07-11 02:09:16,legacy/2026-05-20-pre-v2-import/data/raw/emurgo2/delegation_history.csv
fourth_entry_781m,pool1mkprng8gaw4uzkd0x9ppjw5y52gv2qnwuet9dtvmdy6fkjuv9u3,1,1,421,421,2023-06-22 08:13:36,2023-06-22 08:13:36,legacy/2026-05-20-pre-v2-import/data/raw/emurgo2/delegation_history.csv
fourth_entry_781m,pool1mldur87x0z7j5wrfw0uh04twv0jem4c0cafsl3lhexfnka2ngxh,1,1,210,210,2020-07-31 00:36:11,2020-07-31 00:36:11,legacy/2026-05-20-pre-v2-import/data/raw/emurgo2/delegation_history.csv
fourth_entry_781m,pool1mmrdxw97yt9q22yaece43h7em2fhsgumrww7za9jdwt9xraehp4,1,1,229,229,2020-11-02 18:21:26,2020-11-02 18:21:26,legacy/2026-05-20-pre-v2-import/data/raw/emurgo2/delegation_history.csv
fourth_entry_781m,pool1mn0ydnu5tt4w80y3dxdsajddhdz03p6mudk8vlh55r5exqywxhh,1,1,210,210,2020-07-30 15:17:11,2020-07-30 15:17:11,legacy/2026-05-20-pre-v2-import/data/raw/emurgo2/delegation_history.csv
fourth_entry_781m,pool1mnalcegg8lv2rkf3hqnwva2fxg75j3hs9mdzqc3tvxpjzcpmvcc,1,1,225,225,2020-10-13 17:17:42,2020-10-13 17:17:42,legacy/2026-05-20-pre-v2-import/data/raw/emurgo2/delegation_history.csv
fourth_entry_781m,pool1mnj07j4n605djnx42n4q88j5k0yvarp7lqmc4388du3rwnljenz,1,2,416,416,2023-05-29 05:31:32,2023-05-29 05:32:11,legacy/2026-05-20-pre-v2-import/data/raw/emurgo2/delegation_history.csv
fourth_entry_781m,pool1mq2q0fjekk5lt8j2krryf5rvwx5z4l5l0r6afhhj0mtg23ylyuk,1,1,449,449,2023-11-10 03:21:03,2023-11-10 03:21:03,legacy/2026-05-20-pre-v2-import/data/raw/emurgo2/delegation_history.csv
fourth_entry_781m,pool1mrxg6svcug7mc459ce5zum4qd6p0hkfc08jzpphxfnxzz8yf7ll,1,1,470,470,2024-02-20 09:35:10,2024-02-20 09:35:10,legacy/2026-05-20-pre-v2-import/data/raw/emurgo2/delegation_history.csv
fourth_entry_781m,pool1msu99d564nlvplp8dcvhrupl5ducflzqk4lmjazpcw8nu7znftq,1,2,351,394,2022-07-05 13:34:31,2023-02-05 09:24:27,legacy/2026-05-20-pre-v2-import/data/raw/emurgo2/delegation_history.csv
fourth_entry_781m,pool1mtvfxpeczh9gkgj42j30c5zgudnt6evns4gny07p8nml2qrthav,1,1,270,270,2021-05-26 03:50:08,2021-05-26 03:50:08,legacy/2026-05-20-pre-v2-import/data/raw/emurgo2/delegation_history.csv
fourth_entry_781m,pool1mukzsec605hfk2tsx4r4xd2rjfjytua8puge5pa0g82rgqm0kt9,1,3,359,449,2022-08-13 22:29:49,2023-11-07 13:13:09,legacy/2026-05-20-pre-v2-import/data/raw/emurgo2/delegation_history.csv
fourth_entry_781m,pool1mw8jpnmxd22vw4h68uqw70nx24vfju4aav9rznesc4vnjnt68g4,1,1,275,275,2021-06-21 04:47:37,2021-06-21 04:47:37,legacy/2026-05-20-pre-v2-import/data/raw/emurgo2/delegation_history.csv
fourth_entry_781m,pool1mwp8ewtzmun0426v9z0h9um2amswgfzn78rckfl2fc3t5sy0m5g,1,1,262,262,2021-04-18 03:19:08,2021-04-18 03:19:08,legacy/2026-05-20-pre-v2-import/data/raw/emurgo2/delegation_history.csv
fourth_entry_781m,pool1mzry5s8pkfy42ul2xevaq7dk6qae8247hqd8serm3ms06glvny0,1,1,219,219,2020-09-14 10:24:20,2020-09-14 10:24:20,legacy/2026-05-20-pre-v2-import/data/raw/emurgo2/delegation_history.csv
fourth_entry_781m,pool1n2j7zmw69gf3weqp3wae234p3lykjks49c84mleqgmnmg4jht3y,1,1,239,239,2020-12-26 03:48:09,2020-12-26 03:48:09,legacy/2026-05-20-pre-v2-import/data/raw/emurgo2/delegation_history.csv
fourth_entry_781m,pool1n4fq4gw6snzqjep3pylj8dc6aaa4xgn78gl58k360dqdw6a58g8,1,1,256,256,2021-03-16 23:51:48,2021-03-16 23:51:48,legacy/2026-05-20-pre-v2-import/data/raw/emurgo2/delegation_history.csv
fourth_entry_781m,pool1n5ytegzw3enscfw4t8wsjytrz228agvm9c3xaarce7pgjzftdtx,1,1,223,223,2020-10-07 16:13:07,2020-10-07 16:13:07,legacy/2026-05-20-pre-v2-import/data/raw/emurgo2/delegation_history.csv
fourth_entry_781m,pool1n6qqnvjfzskcq9zdld5pnp8q3ktd28pqsh5tkmvarqcayr76puv,1,1,276,276,2021-06-25 16:36:52,2021-06-25 16:36:52,legacy/2026-05-20-pre-v2-import/data/raw/emurgo2/delegation_history.csv
fourth_entry_781m,pool1n73klrhjp7ez9fxvzkwpfk96xd6752urpyu9nncqdw93jdu07s0,1,1,253,253,2021-03-03 00:38:12,2021-03-03 00:38:12,legacy/2026-05-20-pre-v2-import/data/raw/emurgo2/delegation_history.csv
fourth_entry_781m,pool1n96ql32ct37n8w0l9ddhnc2t8tv0uyd6kuhzua8uxy63xs35wgl,1,1,223,223,2020-10-02 22:14:25,2020-10-02 22:14:25,legacy/2026-05-20-pre-v2-import/data/raw/emurgo2/delegation_history.csv
fourth_entry_781m,pool1nc95eljl5eyqx3atc5r29snhr53tkpv8k8krue5zsu5p78vu2ct,1,1,213,213,2020-08-18 10:26:19,2020-08-18 10:26:19,legacy/2026-05-20-pre-v2-import/data/raw/emurgo2/delegation_history.csv
fourth_entry_781m,pool1nkupy99hkqqqzdsenxrgenpf05auqa45e27tzlqqya70kjwjphn,1,1,333,333,2022-04-05 22:45:52,2022-04-05 22:45:52,legacy/2026-05-20-pre-v2-import/data/raw/emurgo2/delegation_history.csv
fourth_entry_781m,pool1nncdkshmqynzv3ledrlnan542qercf4h8xydjjylkg0xu62fk6y,1,1,211,211,2020-08-08 17:06:51,2020-08-08 17:06:51,legacy/2026-05-20-pre-v2-import/data/raw/emurgo2/delegation_history.csv
fourth_entry_781m,pool1nnfwte5lhr8rxjye4a8m8krt5fsu6fs2g39g6ccq09nqqf8sekw,1,1,211,211,2020-08-08 00:41:31,2020-08-08 00:41:31,legacy/2026-05-20-pre-v2-import/data/raw/emurgo2/delegation_history.csv
fourth_entry_781m,pool1nsaul82z7ytu73q96w2wgj8wrardmrzjkuzaankzn0xuqkj70qm,1,1,361,361,2022-08-24 20:28:54,2022-08-24 20:28:54,legacy/2026-05-20-pre-v2-import/data/raw/emurgo2/delegation_history.csv
fourth_entry_781m,pool1nt2cscruqlyaweml7sffh0fqqgw9vxddceukedxkecq8wyfrha4,1,1,326,326,2022-03-02 10:38:55,2022-03-02 10:38:55,legacy/2026-05-20-pre-v2-import/data/raw/emurgo2/delegation_history.csv
fourth_entry_781m,pool1nusynxpeg9u8ea7s9snmc7cf25apfk0guzdu4dwxz0uwjr378xt,1,1,265,265,2021-04-30 22:51:50,2021-04-30 22:51:50,legacy/2026-05-20-pre-v2-import/data/raw/emurgo2/delegation_history.csv
fourth_entry_781m,pool1nux6acnlx0du7ss9fhg2phjlaqe87l4wcurln5r6f0k8xreluez,1,1,223,223,2020-10-07 17:25:42,2020-10-07 17:25:42,legacy/2026-05-20-pre-v2-import/data/raw/emurgo2/delegation_history.csv
fourth_entry_781m,pool1nydxffhrmpn0ft6wpg4l6cwp2jr2glxvx5hxr69xknl0s5p603w,1,1,220,220,2020-09-22 09:08:28,2020-09-22 09:08:28,legacy/2026-05-20-pre-v2-import/data/raw/emurgo2/delegation_history.csv
fourth_entry_781m,pool1nzws82fwk9wcvjgqf2wvq4v2ay929tpspy677xa9z82lquhhazn,1,1,244,244,2021-01-20 09:41:31,2021-01-20 09:41:31,legacy/2026-05-20-pre-v2-import/data/raw/emurgo2/delegation_history.csv
fourth_entry_781m,pool1p0wrhcvusryxv3nw2a77arezpf5qdadpt6fxprsf3ph9s3k7qq6,1,1,486,486,2024-05-14 19:32:15,2024-05-14 19:32:15,legacy/2026-05-20-pre-v2-import/data/raw/emurgo2/delegation_history.csv
fourth_entry_781m,pool1p0yjehcxtkd84d9fsj3jy7gl9rvvrg5v8q73we2dz0yzxmgx4dv,1,1,418,418,2023-06-05 02:19:47,2023-06-05 02:19:47,legacy/2026-05-20-pre-v2-import/data/raw/emurgo2/delegation_history.csv
fourth_entry_781m,pool1p2xlupmtnsc640q6efjre9rk0fjlfn0srgh7f735qx0r5kznfrl,1,1,381,381,2022-12-05 15:12:15,2022-12-05 15:12:15,legacy/2026-05-20-pre-v2-import/data/raw/emurgo2/delegation_history.csv
fourth_entry_781m,pool1pfdd8d8n7jx0xnk4uev3x36se87c747w6l2d5x7fanh5w9evhw2,1,1,253,253,2021-03-03 07:40:53,2021-03-03 07:40:53,legacy/2026-05-20-pre-v2-import/data/raw/emurgo2/delegation_history.csv
fourth_entry_781m,pool1pgjmfyr8uj8794w38xjyyu5sq797wef068eu3elcqaa6s75s432,1,1,263,263,2021-04-22 21:55:09,2021-04-22 21:55:09,legacy/2026-05-20-pre-v2-import/data/raw/emurgo2/delegation_history.csv
fourth_entry_781m,pool1pgnhp0rwruxw8mz7z2k5273dyqn4aqpujmd6lqgf3dt5z333a9w,1,1,211,211,2020-08-06 12:25:11,2020-08-06 12:25:11,legacy/2026-05-20-pre-v2-import/data/raw/emurgo2/delegation_history.csv
fourth_entry_781m,pool1phc0dedrry2jp2s2tqngcw87vzx3mychvm7qqe3470etzsf3ph7,1,1,529,529,2024-12-11 01:42:00,2024-12-11 01:42:00,legacy/2026-05-20-pre-v2-import/data/raw/emurgo2/delegation_history.csv
fourth_entry_781m,pool1pn36hexudnjg6uwvxc5tld3ay2g6ty99ardzhn7crhkhzshjpte,1,1,506,506,2024-08-18 20:42:48,2024-08-18 20:42:48,legacy/2026-05-20-pre-v2-import/data/raw/emurgo2/delegation_history.csv
fourth_entry_781m,pool1ppqdq5yfkkllrcj0u47pakg9e4ha568pz3a9kkrr6w2kyw8gxv7,1,1,240,240,2020-12-31 16:40:14,2020-12-31 16:40:14,legacy/2026-05-20-pre-v2-import/data/raw/emurgo2/delegation_history.csv
fourth_entry_781m,pool1pqm2cev326p2mrruzw9xru65uvt3r7f0rdf5gtx54zdskxqhmur,1,1,487,487,2024-05-15 08:58:05,2024-05-15 08:58:05,legacy/2026-05-20-pre-v2-import/data/raw/emurgo2/delegation_history.csv
fourth_entry_781m,pool1ps3quyamsmn5cvp403tgjzgpfwha5u4dr2zc3wtts5kgqc078se,1,2,253,253,2021-03-03 17:18:37,2021-03-03 20:48:41,legacy/2026-05-20-pre-v2-import/data/raw/emurgo2/delegation_history.csv
fourth_entry_781m,pool1ptzt9j6y4jefzkq4vj3z7wa4h492ktlkecggseqvc8f060xuved,1,1,486,486,2024-05-11 19:43:21,2024-05-11 19:43:21,legacy/2026-05-20-pre-v2-import/data/raw/emurgo2/delegation_history.csv
fourth_entry_781m,pool1pu49urd00qf9zzeghrks03tvszzvrdzecw649ag5dwd07snx69n,1,1,244,244,2021-01-18 22:59:17,2021-01-18 22:59:17,legacy/2026-05-20-pre-v2-import/data/raw/emurgo2/delegation_history.csv
fourth_entry_781m,pool1pxw4z2m0lmw422hr32dwyy3uz9436g8p7qdmg2sl2w0m5pyk3yn,1,1,256,256,2021-03-21 14:27:23,2021-03-21 14:27:23,legacy/2026-05-20-pre-v2-import/data/raw/emurgo2/delegation_history.csv
fourth_entry_781m,pool1py2uxkvuj926h42s40wxl26dh0ggaq882v4m0hkd99m86vzmwnz,1,1,259,259,2021-04-02 21:10:21,2021-04-02 21:10:21,legacy/2026-05-20-pre-v2-import/data/raw/emurgo2/delegation_history.csv
fourth_entry_781m,pool1pzcv2snyufcnjvd6nhnn069ujxyagh4lvzvrewxu0c6hxdnw7yl,1,1,211,211,2020-08-04 22:51:51,2020-08-04 22:51:51,legacy/2026-05-20-pre-v2-import/data/raw/emurgo2/delegation_history.csv
fourth_entry_781m,pool1pzkgztz8y8tgd9tpfu7umep97x7m0c5ck0dpn2vqtf202fyhfv5,1,1,220,220,2020-09-22 00:25:26,2020-09-22 00:25:26,legacy/2026-05-20-pre-v2-import/data/raw/emurgo2/delegation_history.csv
fourth_entry_781m,pool1q5sspejl875flc0z6wh9y9zxkgqnk0y3aaw8jc0pkxs6cpavm4q,1,1,404,404,2023-03-29 19:13:02,2023-03-29 19:13:02,legacy/2026-05-20-pre-v2-import/data/raw/emurgo2/delegation_history.csv
fourth_entry_781m,pool1q5za50d3sr707xkmjtyrs0v76ezxyj8g8uhggfk0wfl77aufd9k,1,1,268,268,2021-05-17 00:36:30,2021-05-17 00:36:30,legacy/2026-05-20-pre-v2-import/data/raw/emurgo2/delegation_history.csv
fourth_entry_781m,pool1q6lzp5x6tqg04chsxakupgq6x829nsx2dk5w8h043fnajm8d3uj,1,1,464,464,2024-01-22 03:32:44,2024-01-22 03:32:44,legacy/2026-05-20-pre-v2-import/data/raw/emurgo2/delegation_history.csv
fourth_entry_781m,pool1q78mtn420rhjjwghfmlwuyasj3eq655nhhq3sxkyh3w77dj8zy8,1,1,270,270,2021-05-26 00:43:24,2021-05-26 00:43:24,legacy/2026-05-20-pre-v2-import/data/raw/emurgo2/delegation_history.csv
fourth_entry_781m,pool1q7ukp0ajfusagaqy8arsxnkk97yl3tqa8aal3sts5tw8kuq4jlw,1,1,210,210,2020-07-31 18:56:51,2020-07-31 18:56:51,legacy/2026-05-20-pre-v2-import/data/raw/emurgo2/delegation_history.csv
fourth_entry_781m,pool1qcfzjvw0em6g02pwjqpnfh6260epge5ll3z37ckhcylsjuktkvp,1,1,249,249,2021-02-14 09:23:29,2021-02-14 09:23:29,legacy/2026-05-20-pre-v2-import/data/raw/emurgo2/delegation_history.csv
fourth_entry_781m,pool1qp7ge7rwk8ht63v8z6vkyw3g8em5qr5k0z0l6ta8mxjtzx4dzy8,1,1,261,261,2021-04-11 02:29:01,2021-04-11 02:29:01,legacy/2026-05-20-pre-v2-import/data/raw/emurgo2/delegation_history.csv
fourth_entry_781m,pool1qqq6qzgsa8n2uvy7pusk4fnxnwd8zx7xylycednw3ugmqxk9mps,1,1,210,210,2020-07-29 23:06:51,2020-07-29 23:06:51,legacy/2026-05-20-pre-v2-import/data/raw/emurgo2/delegation_history.csv
fourth_entry_781m,pool1qqqq58jy30weq2an3px3maljdmawcwh6ml4hr8m9euq9z2n7wyz,1,1,222,222,2020-10-01 15:30:07,2020-10-01 15:30:07,legacy/2026-05-20-pre-v2-import/data/raw/emurgo2/delegation_history.csv
fourth_entry_781m,pool1qqqqz3pw0vzm8ks7ljnsfvp72pgra55q7rz378uvjjaajzrgj7m,1,2,212,213,2020-08-12 22:00:51,2020-08-14 15:37:48,legacy/2026-05-20-pre-v2-import/data/raw/emurgo2/delegation_history.csv
fourth_entry_781m,pool1qsxhnvr03tg6jj7cl0y74jd63n85fgejm8tlqq7ct7fexfygkye,1,4,323,498,2022-02-15 07:08:09,2024-07-09 15:44:44,legacy/2026-05-20-pre-v2-import/data/raw/emurgo2/delegation_history.csv
fourth_entry_781m,pool1qtrlex4p7s2uskt0p9tldz3eprda73vd5ngfh6fam4sgkpmazfx,1,1,501,501,2024-07-24 06:03:51,2024-07-24 06:03:51,legacy/2026-05-20-pre-v2-import/data/raw/emurgo2/delegation_history.csv
fourth_entry_781m,pool1qtvd8qypfyh3c5tr7vyya7kc65vz0erutstr2y2nu000shrg0uj,1,1,399,399,2023-03-02 16:50:22,2023-03-02 16:50:22,legacy/2026-05-20-pre-v2-import/data/raw/emurgo2/delegation_history.csv
fourth_entry_781m,pool1qvudfuw9ar47up5fugs53s2g84q3c4v86z4es6uwsfzzs89rwha,1,1,370,370,2022-10-09 15:38:53,2022-10-09 15:38:53,legacy/2026-05-20-pre-v2-import/data/raw/emurgo2/delegation_history.csv
fourth_entry_781m,pool1qzlw756y0z6ehg9jkerrfrydr7qlvzl5pgset33h3h2akst593a,1,1,318,318,2022-01-22 23:13:48,2022-01-22 23:13:48,legacy/2026-05-20-pre-v2-import/data/raw/emurgo2/delegation_history.csv
fourth_entry_781m,pool1qznyv8g4vxv8ys05rs6dgtzutqc2z9gs6vq85vkn8uq8u0c83we,1,1,298,298,2021-10-13 01:53:53,2021-10-13 01:53:53,legacy/2026-05-20-pre-v2-import/data/raw/emurgo2/delegation_history.csv
fourth_entry_781m,pool1r4hj35clvexkq0j0cagcxrt9945cp7agzslvjxpfa9fg62qpemv,1,1,237,237,2020-12-16 15:28:34,2020-12-16 15:28:34,legacy/2026-05-20-pre-v2-import/data/raw/emurgo2/delegation_history.csv
fourth_entry_781m,pool1r5dqwfl3etjylqqsj8lzhqx4tz0nllkjf3sz4r0heke2xs5kwap,1,1,279,279,2021-07-14 02:03:03,2021-07-14 02:03:03,legacy/2026-05-20-pre-v2-import/data/raw/emurgo2/delegation_history.csv
fourth_entry_781m,pool1r7l3z2wd4c9zra9e702maavxym7y385lpx328mm29flc7jw9c02,1,1,358,358,2022-08-13 04:31:30,2022-08-13 04:31:30,legacy/2026-05-20-pre-v2-import/data/raw/emurgo2/delegation_history.csv
fourth_entry_781m,pool1rdlpngqqd54x2ek7s9m8hl5yrc7dx5mlm9wtdqatldm5jfrcgqt,1,1,233,233,2020-11-24 05:37:13,2020-11-24 05:37:13,legacy/2026-05-20-pre-v2-import/data/raw/emurgo2/delegation_history.csv
fourth_entry_781m,pool1rj8zkzk3dm0lmnjtafczqfp8sshmang8gg85eypjeh2e6cve0vl,1,2,221,226,2020-09-23 10:04:14,2020-10-21 10:19:32,legacy/2026-05-20-pre-v2-import/data/raw/emurgo2/delegation_history.csv
fourth_entry_781m,pool1rjv02n5qtyden5frvyy34udlz3nqtkyu742mghcsww8nk4qycsh,1,1,210,210,2020-07-30 05:48:11,2020-07-30 05:48:11,legacy/2026-05-20-pre-v2-import/data/raw/emurgo2/delegation_history.csv
fourth_entry_781m,pool1rpcweq9gcqlr27s6wjm67djmm2f2l5a72zusp3f25344kaxuqcd,1,1,248,248,2021-02-09 13:40:14,2021-02-09 13:40:14,legacy/2026-05-20-pre-v2-import/data/raw/emurgo2/delegation_history.csv
fourth_entry_781m,pool1ruq6tvalrt7uu4u2j9eugvf0h9z00yjggagpyd0qjmmywa6za7y,1,2,242,247,2021-01-10 21:33:06,2021-02-04 19:37:38,legacy/2026-05-20-pre-v2-import/data/raw/emurgo2/delegation_history.csv
fourth_entry_781m,pool1ryqluw3z5nk8ma8snryl74kn5sxfh0cpqwyq4pfc6wgmvp7jd4k,1,1,210,210,2020-07-30 13:17:31,2020-07-30 13:17:31,legacy/2026-05-20-pre-v2-import/data/raw/emurgo2/delegation_history.csv
fourth_entry_781m,pool1rzgmxrfvrp4ch9wj96rjun6f3959k0tu08xyxn8sf5zyz9qmzrl,1,1,387,387,2023-01-05 17:47:46,2023-01-05 17:47:46,legacy/2026-05-20-pre-v2-import/data/raw/emurgo2/delegation_history.csv
fourth_entry_781m,pool1s04pdfl3sv5gzuc80322rc4ne0xs7gekux7gtckvvwt7qutjy6w,1,1,468,468,2024-02-13 07:14:58,2024-02-13 07:14:58,legacy/2026-05-20-pre-v2-import/data/raw/emurgo2/delegation_history.csv
fourth_entry_781m,pool1s2wsk5z4u0f2unmfyc8ye705adhwayv0wetlk24sawmyj5u74rn,1,1,255,255,2021-03-12 09:14:27,2021-03-12 09:14:27,legacy/2026-05-20-pre-v2-import/data/raw/emurgo2/delegation_history.csv
fourth_entry_781m,pool1s54847dyrcpgxjvsjvhjjqjrkz3x6vevy77xaqje5nugxhp6j2g,1,2,252,289,2021-02-25 16:55:35,2021-09-02 17:54:44,legacy/2026-05-20-pre-v2-import/data/raw/emurgo2/delegation_history.csv
fourth_entry_781m,pool1s7eglqwzl84xgvpr4pptylcgqhkjr4xk8d6y3k22plu3sagms25,1,1,261,261,2021-04-15 05:09:15,2021-04-15 05:09:15,legacy/2026-05-20-pre-v2-import/data/raw/emurgo2/delegation_history.csv
fourth_entry_781m,pool1s8ppansy64zhy8e3gmuyltx3hzf5f9zws27v9lewhazyw3gmp7e,1,5,260,321,2021-04-06 06:19:58,2022-02-08 03:41:50,legacy/2026-05-20-pre-v2-import/data/raw/emurgo2/delegation_history.csv
fourth_entry_781m,pool1sffl322qgsrsmkcedzzwk05396dkmj56pcepqvj6px3n2re3qu4,1,1,210,210,2020-08-02 23:33:31,2020-08-02 23:33:31,legacy/2026-05-20-pre-v2-import/data/raw/emurgo2/delegation_history.csv
fourth_entry_781m,pool1sghwg652uwe7ksmk5laxxft58j6km6prahvnddk3s6zgxek5qen,1,1,251,251,2021-02-21 04:30:11,2021-02-21 04:30:11,legacy/2026-05-20-pre-v2-import/data/raw/emurgo2/delegation_history.csv
fourth_entry_781m,pool1sj4l2jrykge07u4ke7unxyxpma0qara9x828xpvck6ev68zlvn3,1,2,255,279,2021-03-16 01:43:55,2021-07-12 03:40:23,legacy/2026-05-20-pre-v2-import/data/raw/emurgo2/delegation_history.csv
fourth_entry_781m,pool1sks9qwpygf9vmgeuh4n4a3s36k35c3qnz7pd4qqvw5825x62y3y,1,1,211,211,2020-08-04 00:32:11,2020-08-04 00:32:11,legacy/2026-05-20-pre-v2-import/data/raw/emurgo2/delegation_history.csv
fourth_entry_781m,pool1smy2r8jdvgna5ykhe8rrch7h4qalyfafyzyh0rmanmq0jxptww7,1,1,359,359,2022-08-14 08:05:30,2022-08-14 08:05:30,legacy/2026-05-20-pre-v2-import/data/raw/emurgo2/delegation_history.csv
fourth_entry_781m,pool1snyaulmp94axe7ltmqzlkztqn9axt5ykprjtxh3qgn35cred9pf,1,1,212,212,2020-08-10 02:02:31,2020-08-10 02:02:31,legacy/2026-05-20-pre-v2-import/data/raw/emurgo2/delegation_history.csv
fourth_entry_781m,pool1svszcjg5xaxt5mq7ue2llm26ndt74dslvev04g6kwdmvyf0t657,1,1,370,370,2022-10-09 13:53:02,2022-10-09 13:53:02,legacy/2026-05-20-pre-v2-import/data/raw/emurgo2/delegation_history.csv
fourth_entry_781m,pool1sxhe2036yj3r6mvyhjx6g9xyj447nnxld6rytarprylmk99lsvm,1,1,251,251,2021-02-21 10:59:47,2021-02-21 10:59:47,legacy/2026-05-20-pre-v2-import/data/raw/emurgo2/delegation_history.csv
fourth_entry_781m,pool1sxj5qufj25ssfk83jjxp4tw2py7vfceta63p2u8ymugtga9us8t,1,1,285,285,2021-08-13 21:21:42,2021-08-13 21:21:42,legacy/2026-05-20-pre-v2-import/data/raw/emurgo2/delegation_history.csv
fourth_entry_781m,pool1sysgx87cwxnqy0pqn8g97gdhd0dmre9rw3jvpn2k7apuwa7cgkn,1,1,601,601,2025-12-09 18:05:25,2025-12-09 18:05:25,legacy/2026-05-20-pre-v2-import/data/raw/emurgo2/delegation_history.csv
fourth_entry_781m,pool1t0ugaqv8wp7gczrt2jxmu57nj70agy3nu8dd9ayaljwxu45hfh8,1,1,329,329,2022-03-19 02:30:31,2022-03-19 02:30:31,legacy/2026-05-20-pre-v2-import/data/raw/emurgo2/delegation_history.csv
fourth_entry_781m,pool1t74ckqauwmn9ef5ye0h7c5wsgfd36zx24ue9wvj4vj95cl54aff,1,1,376,376,2022-11-06 23:47:27,2022-11-06 23:47:27,legacy/2026-05-20-pre-v2-import/data/raw/emurgo2/delegation_history.csv
fourth_entry_781m,pool1t847w2hfv33qrra7q33nzq8epvcxv6ydshcq7w7j23c87xv2c2k,1,1,560,560,2025-05-15 10:25:49,2025-05-15 10:25:49,legacy/2026-05-20-pre-v2-import/data/raw/emurgo2/delegation_history.csv
fourth_entry_781m,pool1tah22gjtc7ntrdezv49hysegcwpzafea35t6f4hn3wr2y4hz3vz,1,1,256,256,2021-03-21 13:38:25,2021-03-21 13:38:25,legacy/2026-05-20-pre-v2-import/data/raw/emurgo2/delegation_history.csv
fourth_entry_781m,pool1tay8z4sq4a4gmyhnygyt0t5j84z8epwjra06wq28jnnmschkkuu,1,5,318,528,2022-01-21 09:38:27,2024-12-10 21:42:43,legacy/2026-05-20-pre-v2-import/data/raw/emurgo2/delegation_history.csv
fourth_entry_781m,pool1tdjjgjfwzl842nrzplkfakj4y7y4000cd8dxm2zjtlrjugt2aac,1,1,258,258,2021-03-26 23:49:24,2021-03-26 23:49:24,legacy/2026-05-20-pre-v2-import/data/raw/emurgo2/delegation_history.csv
fourth_entry_781m,pool1tez268q6v9afz54csn2lg95kw7yyjykc3px8ry5gwkk656azfnz,1,1,273,273,2021-06-11 21:18:53,2021-06-11 21:18:53,legacy/2026-05-20-pre-v2-import/data/raw/emurgo2/delegation_history.csv
fourth_entry_781m,pool1tfuznvd3pkkwt96qwzurvzmf34zgut0uzap9c3skq7p4262stsx,1,1,254,254,2021-03-07 12:31:23,2021-03-07 12:31:23,legacy/2026-05-20-pre-v2-import/data/raw/emurgo2/delegation_history.csv
fourth_entry_781m,pool1tj3u8pz6732uy2ut3s90e0j880jyu9j0ve9vtu9zj5xzglhdlqy,1,1,299,299,2021-10-18 14:07:00,2021-10-18 14:07:00,legacy/2026-05-20-pre-v2-import/data/raw/emurgo2/delegation_history.csv
fourth_entry_781m,pool1tnmd6aq6rn3ctyqqqw8csvl5vlqncx3fwaqk8rsxsmqn5v9e28n,1,1,420,420,2023-06-16 14:38:53,2023-06-16 14:38:53,legacy/2026-05-20-pre-v2-import/data/raw/emurgo2/delegation_history.csv
fourth_entry_781m,pool1tnymyv08dl3k9wyfz040vq626542ztm60wwyu7szwl5l6x9h3vl,1,1,486,486,2024-05-13 04:10:19,2024-05-13 04:10:19,legacy/2026-05-20-pre-v2-import/data/raw/emurgo2/delegation_history.csv
fourth_entry_781m,pool1tp7fzx8w3lrwwuwff9x7nlqr4r5n0awpq0krwnahvj387n7y22h,1,2,285,531,2021-08-13 06:26:10,2024-12-23 21:58:56,legacy/2026-05-20-pre-v2-import/data/raw/emurgo2/delegation_history.csv
fourth_entry_781m,pool1tx6e7gewsrcceejwpa69vrhlhay6862amaks095pmw9jxulwhvx,1,1,265,265,2021-04-30 23:57:53,2021-04-30 23:57:53,legacy/2026-05-20-pre-v2-import/data/raw/emurgo2/delegation_history.csv
fourth_entry_781m,pool1txdcwt6z4dud7ppf6xhtlcks4qt8degt5gcf0ffjjy45v7jzkcx,1,1,225,225,2020-10-14 14:00:21,2020-10-14 14:00:21,legacy/2026-05-20-pre-v2-import/data/raw/emurgo2/delegation_history.csv
fourth_entry_781m,pool1txtq2n2jefg7rqja2ls69qfc7tke2ll9xvxd3dwj3tcfstmjgsu,1,1,210,210,2020-07-30 21:08:31,2020-07-30 21:08:31,legacy/2026-05-20-pre-v2-import/data/raw/emurgo2/delegation_history.csv
fourth_entry_781m,pool1u0u2s080a5plun4acn6s70xa3q98ct7skt88l7w6nnwwyl9ecym,1,1,470,470,2024-02-23 07:08:52,2024-02-23 07:08:52,legacy/2026-05-20-pre-v2-import/data/raw/emurgo2/delegation_history.csv
fourth_entry_781m,pool1u2j98kgj8uj7zr7g3deuezfv7hzv3ercnetxd5c9ppjh23x20qg,1,1,611,611,2026-01-28 13:09:05,2026-01-28 13:09:05,legacy/2026-05-20-pre-v2-import/data/raw/emurgo2/delegation_history.csv
fourth_entry_781m,pool1u32s3ry3vjhqwhcrqz7p5u35cvzrx4tvdwydgvq6qm8720qrg0s,1,1,213,213,2020-08-15 02:47:04,2020-08-15 02:47:04,legacy/2026-05-20-pre-v2-import/data/raw/emurgo2/delegation_history.csv
fourth_entry_781m,pool1u53apdhreh9fjmxtrctx3kezhjduc4m2f7cfd09yd7p6jkc6k2z,1,1,361,361,2022-08-25 00:12:55,2022-08-25 00:12:55,legacy/2026-05-20-pre-v2-import/data/raw/emurgo2/delegation_history.csv
fourth_entry_781m,pool1u899yml96tf2cf4zkw4490mnhf832pk6fefnaluvt7487jmqzhg,1,1,253,253,2021-03-05 22:17:40,2021-03-05 22:17:40,legacy/2026-05-20-pre-v2-import/data/raw/emurgo2/delegation_history.csv
fourth_entry_781m,pool1udr30lxsqa799lyl9haxf0wzg8qsz3xaf2gtpqf4n2s064jrvsj,1,1,281,281,2021-07-22 13:58:44,2021-07-22 13:58:44,legacy/2026-05-20-pre-v2-import/data/raw/emurgo2/delegation_history.csv
fourth_entry_781m,pool1udwnjxxvwzv05cw70xgt4wedsl7lk8r4xgsw2ws9hmu46zaz2f9,1,1,213,213,2020-08-14 08:04:28,2020-08-14 08:04:28,legacy/2026-05-20-pre-v2-import/data/raw/emurgo2/delegation_history.csv
fourth_entry_781m,pool1umflj8hjq873fs9r6aq2zvgs88zrs5xjswn2znkdaehlz2eqy59,1,1,264,264,2021-04-29 20:00:31,2021-04-29 20:00:31,legacy/2026-05-20-pre-v2-import/data/raw/emurgo2/delegation_history.csv
fourth_entry_781m,pool1umslg2gmre4znj8hsx9x2u4ah4gfw8guv4mjthnjge3k2j5f8cl,1,1,227,227,2020-10-23 07:36:12,2020-10-23 07:36:12,legacy/2026-05-20-pre-v2-import/data/raw/emurgo2/delegation_history.csv
fourth_entry_781m,pool1uqehpxy4wst2k5u640wdt9tgmqdd26l0dahgxf3ln70js830xv2,1,1,212,212,2020-08-11 02:44:31,2020-08-11 02:44:31,legacy/2026-05-20-pre-v2-import/data/raw/emurgo2/delegation_history.csv
fourth_entry_781m,pool1uqgn8wt3qwaextmmurmcjmk3egwsac6sunyqtrssrdeavlgpyr4,1,2,315,345,2022-01-10 20:05:40,2022-06-05 04:56:42,legacy/2026-05-20-pre-v2-import/data/raw/emurgo2/delegation_history.csv
fourth_entry_781m,pool1utqhj9g53a5cwg7tyd8neky7jvjlgzuf470adc0e69cp5uuquzx,1,1,259,259,2021-04-05 08:50:51,2021-04-05 08:50:51,legacy/2026-05-20-pre-v2-import/data/raw/emurgo2/delegation_history.csv
fourth_entry_781m,pool1v28xlhk6juevh3ss09vpe78zu7cx6mejr8k8en94scd6v8rrshh,1,1,266,266,2021-05-07 16:00:46,2021-05-07 16:00:46,legacy/2026-05-20-pre-v2-import/data/raw/emurgo2/delegation_history.csv
fourth_entry_781m,pool1v4adhelnswa7pwv2njn5h84atw08mlc79ll2ewl2kgxhv3cqwql,1,1,210,210,2020-07-30 06:03:31,2020-07-30 06:03:31,legacy/2026-05-20-pre-v2-import/data/raw/emurgo2/delegation_history.csv
fourth_entry_781m,pool1v4ny7uguujzuthgpf23qwrgwaf2r6xx4cf5eu90ngrey60rf2hu,1,1,262,262,2021-04-18 02:01:27,2021-04-18 02:01:27,legacy/2026-05-20-pre-v2-import/data/raw/emurgo2/delegation_history.csv
fourth_entry_781m,pool1v8gvy6tjp8x8wg5h4jw20p9up04lxgw0l0lgery9mz4h7h9x25n,1,1,580,580,2025-08-23 12:00:36,2025-08-23 12:00:36,legacy/2026-05-20-pre-v2-import/data/raw/emurgo2/delegation_history.csv
fourth_entry_781m,pool1vd3rfulk3x3k6mafusvrtnzysx9qkcgcks9an2alcpm55msk63g,1,1,210,210,2020-08-01 00:29:31,2020-08-01 00:29:31,legacy/2026-05-20-pre-v2-import/data/raw/emurgo2/delegation_history.csv
fourth_entry_781m,pool1vernpfxctyv20kzhfh65jy6j9pggqu53dk2uhs8vmxkxw57t2fp,1,1,323,323,2022-02-17 03:00:51,2022-02-17 03:00:51,legacy/2026-05-20-pre-v2-import/data/raw/emurgo2/delegation_history.csv
fourth_entry_781m,pool1vfayajkdc0gw876lax5va6ygpfpsd8kz73k4y977emm3clnxlm5,1,1,323,323,2022-02-19 09:00:12,2022-02-19 09:00:12,legacy/2026-05-20-pre-v2-import/data/raw/emurgo2/delegation_history.csv
fourth_entry_781m,pool1vkngxunyagwen690yn36pa2v6jecyxgeavl9nva9dwzhu22fzt7,1,1,257,257,2021-03-23 19:17:29,2021-03-23 19:17:29,legacy/2026-05-20-pre-v2-import/data/raw/emurgo2/delegation_history.csv
fourth_entry_781m,pool1vr8yc6ds47hzfgqxu9tzxdwze6x82fetqdps7vvmcdav6rlzd3x,1,1,210,210,2020-08-01 02:40:31,2020-08-01 02:40:31,legacy/2026-05-20-pre-v2-import/data/raw/emurgo2/delegation_history.csv
fourth_entry_781m,pool1vvesqladm29fuzrv93px5qse0upw82a579lz9063xsfrz7yef7z,1,1,255,255,2021-03-12 15:47:13,2021-03-12 15:47:13,legacy/2026-05-20-pre-v2-import/data/raw/emurgo2/delegation_history.csv
fourth_entry_781m,pool1w2hc8xqzxpjw7dxwq65krmq79zswvvdmsgs8p04djwt8vm84qmv,1,1,251,251,2021-02-23 01:25:02,2021-02-23 01:25:02,legacy/2026-05-20-pre-v2-import/data/raw/emurgo2/delegation_history.csv
fourth_entry_781m,pool1w728ekz4fs2f33qmqf7047hvwsmarjrv5l575ncnh7hkc0zdhgz,1,4,364,492,2022-09-09 08:35:26,2024-06-10 05:15:21,legacy/2026-05-20-pre-v2-import/data/raw/emurgo2/delegation_history.csv
fourth_entry_781m,pool1we9umarzn0l6jp8mcm98y28lxuuzcurzpjldnjwtgdhgw068mnr,1,1,416,416,2023-05-28 10:03:44,2023-05-28 10:03:44,legacy/2026-05-20-pre-v2-import/data/raw/emurgo2/delegation_history.csv
fourth_entry_781m,pool1welc4vthqtkvcf2e4adza90np6p7v7c4dmkmf567w3xr7ffqd72,1,1,211,211,2020-08-06 23:16:11,2020-08-06 23:16:11,legacy/2026-05-20-pre-v2-import/data/raw/emurgo2/delegation_history.csv
fourth_entry_781m,pool1wewygdzelh9m4m0kj8u70pmr957lxkzl8km4mttsrdd7wht00vu,1,2,335,335,2022-04-16 12:41:50,2022-04-16 12:56:16,legacy/2026-05-20-pre-v2-import/data/raw/emurgo2/delegation_history.csv
fourth_entry_781m,pool1wjsshqjpl3n6zlscnfvyy9gxklkav2dvfyprfye6l0kewyvv6yj,1,1,254,254,2021-03-10 00:11:02,2021-03-10 00:11:02,legacy/2026-05-20-pre-v2-import/data/raw/emurgo2/delegation_history.csv
fourth_entry_781m,pool1wm5quxelvgk8q50jyfznf9asvelp9zf0tk2wu4jazlw9yj4uctw,1,1,323,323,2022-02-15 09:04:01,2022-02-15 09:04:01,legacy/2026-05-20-pre-v2-import/data/raw/emurgo2/delegation_history.csv
fourth_entry_781m,pool1wm89xjqp96t3mlun3pa5suxa3t4s5lluq239en0nxl7pcm5tprc,1,1,210,210,2020-08-03 02:22:31,2020-08-03 02:22:31,legacy/2026-05-20-pre-v2-import/data/raw/emurgo2/delegation_history.csv
fourth_entry_781m,pool1wp7vqk4mkx0w0wxzpy8avhft4qwcg60xldwem2uh9n4pw777fhz,1,3,307,363,2021-11-27 07:54:34,2022-09-03 10:38:41,legacy/2026-05-20-pre-v2-import/data/raw/emurgo2/delegation_history.csv
fourth_entry_781m,pool1wpmjtfqcwvtcs9znpuulk99yk2zz6pfh0c4k9f2xlcspgqjndk2,1,1,268,268,2021-05-20 14:04:53,2021-05-20 14:04:53,legacy/2026-05-20-pre-v2-import/data/raw/emurgo2/delegation_history.csv
fourth_entry_781m,pool1wrjg8fts9cus0eq8jyf5wqsfe64e8tvrquxgff3tyze4qal4hwq,1,1,212,212,2020-08-10 18:48:11,2020-08-10 18:48:11,legacy/2026-05-20-pre-v2-import/data/raw/emurgo2/delegation_history.csv
fourth_entry_781m,pool1wuu2at4ccsqnlaw9q080wz7y0hq7m5utclffjfn3g0vd2j9xs8j,1,2,263,263,2021-04-22 15:22:19,2021-04-22 15:38:27,legacy/2026-05-20-pre-v2-import/data/raw/emurgo2/delegation_history.csv
fourth_entry_781m,pool1wym4qkxsvqejxqn4l55y9z708mkxc36qge28qevrvp056fe7dxg,1,1,211,211,2020-08-06 10:08:11,2020-08-06 10:08:11,legacy/2026-05-20-pre-v2-import/data/raw/emurgo2/delegation_history.csv
fourth_entry_781m,pool1x0necz9ktlnah9505f3fkdncrlepz0q2gyfp4r7pjxnq53qw5kx,1,1,486,486,2024-05-09 21:55:50,2024-05-09 21:55:50,legacy/2026-05-20-pre-v2-import/data/raw/emurgo2/delegation_history.csv
fourth_entry_781m,pool1x2h98z6e5xvrg5zw3v3dlu8hqdtj6lhp6r3w5ge7rvcqcx3pafq,1,1,234,234,2020-11-29 01:43:59,2020-11-29 01:43:59,legacy/2026-05-20-pre-v2-import/data/raw/emurgo2/delegation_history.csv
fourth_entry_781m,pool1x4vcdmm394m9d80le2sv6wc66snp9849h2964389u4uz654lzma,1,1,265,265,2021-05-03 19:33:05,2021-05-03 19:33:05,legacy/2026-05-20-pre-v2-import/data/raw/emurgo2/delegation_history.csv
fourth_entry_781m,pool1x7j89z3n7y7g8syk06nahcrwkdphhw6dymt8r3gf8ulyksrzh5t,1,1,323,323,2022-02-14 21:57:39,2022-02-14 21:57:39,legacy/2026-05-20-pre-v2-import/data/raw/emurgo2/delegation_history.csv
fourth_entry_781m,pool1x9kerklpmyrzx22z944l9n8x9gn8s597vqy4hsllujetue8e5g8,1,1,262,262,2021-04-19 20:31:51,2021-04-19 20:31:51,legacy/2026-05-20-pre-v2-import/data/raw/emurgo2/delegation_history.csv
fourth_entry_781m,pool1xcn2yddehm5ncjx0p24vkguth4rta7zv3getcztflxs3kh9rexd,1,1,254,254,2021-03-10 21:20:09,2021-03-10 21:20:09,legacy/2026-05-20-pre-v2-import/data/raw/emurgo2/delegation_history.csv
fourth_entry_781m,pool1xdgzul0qespnz56zzrckwf4hcryyql9ypc4tya2dlu9a22h43ag,1,1,256,256,2021-03-18 21:02:33,2021-03-18 21:02:33,legacy/2026-05-20-pre-v2-import/data/raw/emurgo2/delegation_history.csv
fourth_entry_781m,pool1xg45qcpkd2nutsr8kz8r00myly65gnvqdkejfa7r32g65zl68as,1,1,336,336,2022-04-23 05:16:12,2022-04-23 05:16:12,legacy/2026-05-20-pre-v2-import/data/raw/emurgo2/delegation_history.csv
fourth_entry_781m,pool1xgwvxpas3r8nvg9z0f5cdcyr56whynkl9dpa0ukpq4ztjfspk9r,1,1,253,253,2021-03-04 20:22:44,2021-03-04 20:22:44,legacy/2026-05-20-pre-v2-import/data/raw/emurgo2/delegation_history.csv
fourth_entry_781m,pool1xjqn3ghstsmq5urntzvrhvkx7zjt5jugt3ssnh4munaxkk8ykm6,1,1,262,262,2021-04-19 20:55:36,2021-04-19 20:55:36,legacy/2026-05-20-pre-v2-import/data/raw/emurgo2/delegation_history.csv
fourth_entry_781m,pool1xl208zapjg640pwk94ay8l5wk6ulfxfz6uhsw5uxlun6kxjvh8u,1,1,261,261,2021-04-11 10:43:13,2021-04-11 10:43:13,legacy/2026-05-20-pre-v2-import/data/raw/emurgo2/delegation_history.csv
fourth_entry_781m,pool1xmn8ag7jctcpdqk9jtrzk9s7qgs4f3cehkxhtelgpag6c7fjxdm,1,1,287,287,2021-08-20 22:39:42,2021-08-20 22:39:42,legacy/2026-05-20-pre-v2-import/data/raw/emurgo2/delegation_history.csv
fourth_entry_781m,pool1xnd57s77mw76wv2xhe0uatrm82qtdugq623rxszygys428a6aqp,1,1,258,258,2021-03-29 12:48:11,2021-03-29 12:48:11,legacy/2026-05-20-pre-v2-import/data/raw/emurgo2/delegation_history.csv
fourth_entry_781m,pool1xpfe5q3v3axrjdc8h38taaa93frq3m9pfewxk46x4r6jgy2yj5n,1,2,356,419,2022-08-01 20:27:33,2023-06-10 22:19:42,legacy/2026-05-20-pre-v2-import/data/raw/emurgo2/delegation_history.csv
fourth_entry_781m,pool1xsfw7mrqpfgf9ay060ugp46m2eh3uydd35lw9ychcnsrk7mar8l,1,2,279,304,2021-07-12 08:21:48,2021-11-12 09:09:45,legacy/2026-05-20-pre-v2-import/data/raw/emurgo2/delegation_history.csv
fourth_entry_781m,pool1xsrcztc0td5cx2wafkumwayw02nq0z67ta6vpte3swz7g4ta2f2,1,2,345,407,2022-06-08 16:22:40,2023-04-13 09:39:20,legacy/2026-05-20-pre-v2-import/data/raw/emurgo2/delegation_history.csv
fourth_entry_781m,pool1xt7mjrtnsew3v33lu8sf93upf20sxhmcrfnpm82ra46yxk7uy45,1,1,429,429,2023-08-03 08:59:57,2023-08-03 08:59:57,legacy/2026-05-20-pre-v2-import/data/raw/emurgo2/delegation_history.csv
fourth_entry_781m,pool1xvaagsvl9prlr20hvg2qv434yss5c88r2ml6n43wcpepxmw85lj,1,1,484,484,2024-04-30 11:56:08,2024-04-30 11:56:08,legacy/2026-05-20-pre-v2-import/data/raw/emurgo2/delegation_history.csv
fourth_entry_781m,pool1xwqye6mlftwjg706acz5fjqz7gmf4qdye99zsjl03a4ru68ghee,1,1,213,213,2020-08-14 11:48:33,2020-08-14 11:48:33,legacy/2026-05-20-pre-v2-import/data/raw/emurgo2/delegation_history.csv
fourth_entry_781m,pool1xxvcz8dem4xufzn74v2y7fs709mfw3tpq963thzg5en5jrkv67a,1,1,221,221,2020-09-22 22:05:03,2020-09-22 22:05:03,legacy/2026-05-20-pre-v2-import/data/raw/emurgo2/delegation_history.csv
fourth_entry_781m,pool1xyx655q6ch4d99fuewwtkdwjx5tvfr0rzqvmwehm2cpzj7e2wgl,1,1,239,239,2020-12-23 20:36:57,2020-12-23 20:36:57,legacy/2026-05-20-pre-v2-import/data/raw/emurgo2/delegation_history.csv
fourth_entry_781m,pool1xz8v2md8pvplvnsyvj25th8dd54je90wzt5sk3ame6ks6w3t0dg,1,1,324,324,2022-02-24 21:33:13,2022-02-24 21:33:13,legacy/2026-05-20-pre-v2-import/data/raw/emurgo2/delegation_history.csv
fourth_entry_781m,pool1y24nj4qdkg35nvvnfawukauggsxrxuy74876cplmxsee29w5axc,1,1,524,524,2024-11-18 21:34:52,2024-11-18 21:34:52,legacy/2026-05-20-pre-v2-import/data/raw/emurgo2/delegation_history.csv
fourth_entry_781m,pool1y44fkeps7ftnnf495a7grfrwtt7hxcntaenyzu4x4vah5cud0mt,1,1,248,248,2021-02-08 14:45:45,2021-02-08 14:45:45,legacy/2026-05-20-pre-v2-import/data/raw/emurgo2/delegation_history.csv
fourth_entry_781m,pool1y6gjnv4qqzwt8ctsf45f36a8vqn7wrlcvnmcft9drfjrgs2shaq,1,2,380,425,2022-11-27 16:05:43,2023-07-14 05:22:24,legacy/2026-05-20-pre-v2-import/data/raw/emurgo2/delegation_history.csv
fourth_entry_781m,pool1ycn0kca2jx6tw3dy2u4ya8qjjplnp53jt68upg3c2ls5zqst96x,1,1,213,213,2020-08-17 08:58:55,2020-08-17 08:58:55,legacy/2026-05-20-pre-v2-import/data/raw/emurgo2/delegation_history.csv
fourth_entry_781m,pool1yd67lvc04eztwrpnefqh3g4dsydmezwgrg6ce4km728v6sg8zwf,1,1,457,457,2023-12-17 06:41:47,2023-12-17 06:41:47,legacy/2026-05-20-pre-v2-import/data/raw/emurgo2/delegation_history.csv
fourth_entry_781m,pool1yd8c34rhfr9daa5vgwzncsgpyx34l4ttstmhegp3ux24gujl55s,1,1,388,388,2023-01-10 19:22:27,2023-01-10 19:22:27,legacy/2026-05-20-pre-v2-import/data/raw/emurgo2/delegation_history.csv
fourth_entry_781m,pool1yk8yr5wl94gu5dnfck38q89lcghkmgd8aeykrlm7w3qc703alar,1,1,330,330,2022-03-23 04:18:25,2022-03-23 04:18:25,legacy/2026-05-20-pre-v2-import/data/raw/emurgo2/delegation_history.csv
fourth_entry_781m,pool1yl9plldxt500xfkfu6n3wggvnzcs5rshjyxq4dkea6m0kt7qg9v,1,2,407,407,2023-04-13 09:32:19,2023-04-13 09:34:11,legacy/2026-05-20-pre-v2-import/data/raw/emurgo2/delegation_history.csv
fourth_entry_781m,pool1yq8xwvf856x3nyj348ghhwegwl8ggq87gjlp6wgy9ms9xznny84,1,1,256,256,2021-03-18 17:59:02,2021-03-18 17:59:02,legacy/2026-05-20-pre-v2-import/data/raw/emurgo2/delegation_history.csv
fourth_entry_781m,pool1ywt7jqfsmxg0yplku4mtdwtm476rp72z6fns9mhevf7u72pkupj,1,1,211,211,2020-08-04 12:57:31,2020-08-04 12:57:31,legacy/2026-05-20-pre-v2-import/data/raw/emurgo2/delegation_history.csv
fourth_entry_781m,pool1z0s54ay6htstx35zv856h9pccmcvc5f93a0va02j33c6xc4prjg,1,1,213,213,2020-08-18 07:30:24,2020-08-18 07:30:24,legacy/2026-05-20-pre-v2-import/data/raw/emurgo2/delegation_history.csv
fourth_entry_781m,pool1z5h4jhmhqrd2ndrhn3w7kr8nvcqwunds53hrs6vpzr882x4n3la,1,1,253,253,2021-03-04 06:13:24,2021-03-04 06:13:24,legacy/2026-05-20-pre-v2-import/data/raw/emurgo2/delegation_history.csv
fourth_entry_781m,pool1z5rt6kn6yvuczj44qla73mfyln9l55lw0jkz6x4kjw00u32zec3,1,1,449,449,2023-11-08 17:13:03,2023-11-08 17:13:03,legacy/2026-05-20-pre-v2-import/data/raw/emurgo2/delegation_history.csv
fourth_entry_781m,pool1z89dx8u42f4cvujvsjupsg50cfgqhjjuaxegvj59h9q9scra5fy,1,1,257,257,2021-03-26 03:26:20,2021-03-26 03:26:20,legacy/2026-05-20-pre-v2-import/data/raw/emurgo2/delegation_history.csv
fourth_entry_781m,pool1zfd4yr2m6tsvtasg2dfkt6knesrl86dky4w6dqkgtjzuwxc3zaw,1,1,245,245,2021-01-22 04:37:54,2021-01-22 04:37:54,legacy/2026-05-20-pre-v2-import/data/raw/emurgo2/delegation_history.csv
fourth_entry_781m,pool1zg0s9m7pzxmxkrgdh9k6cfc8aqqxwp53whs7nnx274m8xhdszkj,1,1,215,215,2020-08-27 16:40:49,2020-08-27 16:40:49,legacy/2026-05-20-pre-v2-import/data/raw/emurgo2/delegation_history.csv
fourth_entry_781m,pool1zht8n9qyssc4y2vrqap8acn6jf6jpqktq3tnlu0mkhq5vm8sv2x,1,2,250,251,2021-02-16 22:23:22,2021-02-24 18:34:52,legacy/2026-05-20-pre-v2-import/data/raw/emurgo2/delegation_history.csv
fourth_entry_781m,pool1zvm45jj5wz6kgfr2xfg75rx0auzxaedu4ulddhnrzk4uwuyuvpn,1,2,278,516,2021-07-05 10:13:33,2024-10-10 01:31:08,legacy/2026-05-20-pre-v2-import/data/raw/emurgo2/delegation_history.csv
fourth_entry_781m,pool1zwftnuzv7rtssdj3kn5j9m2al5t36hjexps7snzu7fzvzjjn95x,1,1,446,446,2023-10-24 23:53:24,2023-10-24 23:53:24,legacy/2026-05-20-pre-v2-import/data/raw/emurgo2/delegation_history.csv
iog,pool1uj4u73qgtprqre78q75fq2vkcrpfrcdreqcqkvn6u0m2k6nk2yp,860,937,248,432,2021-02-09 10:01:49,2023-08-15 07:14:59,legacy/2026-05-20-pre-v2-import/data/raw/iog/delegation_history.csv
iog,pool1zgxvcqf0dvh0ze56ev2ayjvuex3zdd3hgxzdrcezkx497mv3l7s,510,541,244,555,2021-01-18 13:34:26,2025-04-21 15:56:39,legacy/2026-05-20-pre-v2-import/data/raw/iog/delegation_history.csv
iog,pool1ng3vqzrhn3z45yjdscv3q37n26g2pj3vp99rfkgv6225y8lqg8j,482,534,252,574,2021-02-25 16:16:35,2025-07-23 22:40:39,legacy/2026-05-20-pre-v2-import/data/raw/iog/delegation_history.csv
iog,pool1g3ssnndd8e7lcmstkjl9ane9mup0eshv3aklg63u5tznwl4ch87,350,375,239,400,2020-12-26 20:11:48,2023-03-09 16:29:03,legacy/2026-05-20-pre-v2-import/data/raw/iog/delegation_history.csv
iog,pool13annzt9hjfc822f0ejvxjf7fsmxd6cc28whpk5kagec6ggfmm7u,292,435,248,409,2021-02-06 19:38:44,2023-04-22 15:18:28,legacy/2026-05-20-pre-v2-import/data/raw/iog/delegation_history.csv
iog,pool1ynxx88cq0y8vg8yrq3jrw6epm7rq9a8859v34sq9lzjy7ztg90u,257,276,241,606,2021-01-05 16:57:56,2026-01-01 00:24:33,legacy/2026-05-20-pre-v2-import/data/raw/iog/delegation_history.csv
iog,pool1jst7rrhucnp93hepezv5yqy6fx982xs2v0udwfc5ea6my3kfak7,253,272,234,525,2020-11-30 18:48:11,2024-11-21 00:38:59,legacy/2026-05-20-pre-v2-import/data/raw/iog/delegation_history.csv
iog,pool1xmsdhync6k6grkkj7tuycskjpseykpr24luhlazl5nsngsy87gm,253,281,255,482,2021-03-12 19:44:23,2024-04-20 19:33:11,legacy/2026-05-20-pre-v2-import/data/raw/iog/delegation_history.csv
iog,pool16agnvfan65ypnswgg6rml52lqtcqe5guxltexkn82sqgj2crqtx,219,240,238,622,2020-12-20 15:22:15,2026-03-22 01:57:00,legacy/2026-05-20-pre-v2-import/data/raw/iog/delegation_history.csv
iog,pool1zmfpd5r5vfwjmwm4cgy53exe58h7plnecny3t4948yw7zumzp4c,212,248,244,362,2021-01-15 23:31:31,2022-08-30 10:33:39,legacy/2026-05-20-pre-v2-import/data/raw/iog/delegation_history.csv
iog,pool1ywpt43nttzjd7883wafg255mh0hmjypwe65ercw6p2sxg5lt7ez,193,220,256,620,2021-03-17 18:23:44,2026-03-12 12:48:16,legacy/2026-05-20-pre-v2-import/data/raw/iog/delegation_history.csv
iog,pool16kus5xvdysgmtjp0hhlwt72tsm0yn2zcn0a8wg9emc6c75lxvmc,187,205,210,557,2020-07-30 04:46:31,2025-05-02 16:31:27,legacy/2026-05-20-pre-v2-import/data/raw/iog/delegation_history.csv
iog,pool1s6se64qce5rjjjhh6ufcdnc54p8qg78mlhjm38lymx99sqysvzx,176,192,235,582,2020-12-03 12:50:27,2025-09-04 21:16:17,legacy/2026-05-20-pre-v2-import/data/raw/iog/delegation_history.csv
iog,pool14enw2643rn9nn6yzv60jyz3hj4kxs0jvap87lkgsqykh508jxm6,173,251,238,472,2020-12-17 17:31:18,2024-03-03 22:11:44,legacy/2026-05-20-pre-v2-import/data/raw/iog/delegation_history.csv
iog,pool1gtphgrdj8sluxm9e7ca2spcwcq2p0dxj9zf5v0yv3gsagzq704n,156,171,210,587,2020-07-30 19:45:11,2025-09-28 14:48:18,legacy/2026-05-20-pre-v2-import/data/raw/iog/delegation_history.csv
iog,pool12l453n0jtxqq88cgwgr67z06ldyhqqvwxgkn0sgungjfvhtp2el,151,164,231,504,2020-11-13 14:13:06,2024-08-09 14:08:17,legacy/2026-05-20-pre-v2-import/data/raw/iog/delegation_history.csv
iog,pool15wkxegrfflzcyhurrjxsm9ljqtz09xr5rtnqsarnp7hmsz5um3t,151,254,232,622,2020-11-20 16:46:12,2026-03-23 05:00:01,legacy/2026-05-20-pre-v2-import/data/raw/iog/delegation_history.csv
iog,pool14skj6e4rpjanzclx3fc880xnl8xafgg63tmw93t9xspvwx985qu,143,159,229,623,2020-11-06 10:07:31,2026-03-27 15:41:37,legacy/2026-05-20-pre-v2-import/data/raw/iog/delegation_history.csv
iog,pool1lurfk0k0wwx54hlg8a7zp3jtstu57u59aeq7aketl55hknmmtu0,142,152,234,589,2020-11-27 01:18:29,2025-10-11 06:26:02,legacy/2026-05-20-pre-v2-import/data/raw/iog/delegation_history.csv
iog,pool1m62sl6rauje9cknrkhwl39tc4hujudkd7gp478dpz7tagmjr8wm,131,144,210,385,2020-07-31 11:56:11,2022-12-24 22:45:53,legacy/2026-05-20-pre-v2-import/data/raw/iog/delegation_history.csv
iog,pool1x0qm7xsyh2za3ltprxsgael544je4hg8tc3q3v5gv232z8jt4wp,129,140,212,453,2020-08-11 16:17:51,2023-11-29 10:42:46,legacy/2026-05-20-pre-v2-import/data/raw/iog/delegation_history.csv
iog,pool12z39rkzfylvn9wfe8j6x9ucq6g2l4mw4azj70y0gd8ejczznyj3,116,148,249,563,2021-02-11 20:41:31,2025-05-29 21:53:16,legacy/2026-05-20-pre-v2-import/data/raw/iog/delegation_history.csv
iog,pool1rpjjz68kmmetyxztmrstrwgz8lxf6v0d7vqgw98r5x8rc50jrdf,115,131,242,428,2021-01-06 20:41:56,2023-07-24 23:28:21,legacy/2026-05-20-pre-v2-import/data/raw/iog/delegation_history.csv
iog,pool1pnzwgsgzd6t4788sfr7dxjyusepyq9xaxnpyfcngewqf29t9ayd,113,167,215,584,2020-08-28 12:44:15,2025-09-14 04:21:59,legacy/2026-05-20-pre-v2-import/data/raw/iog/delegation_history.csv
iog,pool1gclysx2h7fndj0jdajlmwvqr8q9tzu3rurjknacu0ff954fsg9a,112,124,210,605,2020-07-30 06:38:51,2025-12-25 23:02:19,legacy/2026-05-20-pre-v2-import/data/raw/iog/delegation_history.csv
iog,pool1a2nh3ktswllhwf07fjahpdg5mpqyq7j950pyftq9765r6t4cefl,110,120,210,585,2020-07-30 02:48:31,2025-09-21 00:43:24,legacy/2026-05-20-pre-v2-import/data/raw/iog/delegation_history.csv
iog,pool1ekcsyzwexl7p2kwxxh34hy28l6772vrmff7jwmuxsa6u6fzty9z,109,128,210,617,2020-08-01 09:49:51,2026-02-27 13:01:12,legacy/2026-05-20-pre-v2-import/data/raw/iog/delegation_history.csv
iog,pool1xytvsd9qnvqxpthh9p8k85e823trvn3npxeur8kr9zhkqz5uls9,108,118,233,611,2020-11-22 04:31:11,2026-01-25 22:52:09,legacy/2026-05-20-pre-v2-import/data/raw/iog/delegation_history.csv
iog,pool1xxhs2zw5xa4g54d5p62j46nlqzwp8jklqvuv2agjlapwjx9qkg9,107,113,210,342,2020-07-29 23:47:51,2022-05-23 01:41:29,legacy/2026-05-20-pre-v2-import/data/raw/iog/delegation_history.csv
iog,pool19asxjgd6ah9ddzauwede4wpt9vsp6s4ax5nz297wt47evc9sn7z,106,113,233,524,2020-11-23 14:03:38,2024-11-19 22:07:37,legacy/2026-05-20-pre-v2-import/data/raw/iog/delegation_history.csv
iog,pool173mzegwuu0pjcrt60ekelzj5haqr8r5e4e0n45qh9jdz7xm5kh8,105,129,210,620,2020-07-30 02:55:11,2026-03-12 07:22:05,legacy/2026-05-20-pre-v2-import/data/raw/iog/delegation_history.csv
iog,pool108zdflss3ayqlm5c7vr6mtqj2uwl99vk28ur8dv4zswdzt6yauc,103,112,210,402,2020-08-03 15:46:31,2023-03-19 21:00:06,legacy/2026-05-20-pre-v2-import/data/raw/iog/delegation_history.csv
iog,pool1vquhv3kh6xkklckaenl8alyuhfsld57ef5573aqauueyqacx4ak,103,126,210,542,2020-08-01 15:05:31,2025-02-17 12:07:48,legacy/2026-05-20-pre-v2-import/data/raw/iog/delegation_history.csv
iog,pool1qfxukshs4fkcrflzdnxa2fdza5lfvew3y6echg8ckaa4q8m5hyf,102,117,223,479,2020-10-02 21:44:51,2024-04-07 23:33:26,legacy/2026-05-20-pre-v2-import/data/raw/iog/delegation_history.csv
iog,pool1qqqqdktl6pq46td0mwut0qn30g7nlue0sete9wxl0hwsq37wrw8,101,121,210,530,2020-07-30 13:32:31,2024-12-19 04:55:16,legacy/2026-05-20-pre-v2-import/data/raw/iog/delegation_history.csv
iog,pool12vs4c3cm0tr49c7alrevfs0xa5g3s4al4fn46h33e69uusat04v,96,112,210,602,2020-07-30 14:33:11,2025-12-11 00:04:31,legacy/2026-05-20-pre-v2-import/data/raw/iog/delegation_history.csv
iog,pool1dxwgzj66pual956mnv9delkelg873yvgr2dd8s279m0hxqvr475,93,102,211,600,2020-08-08 11:00:31,2025-12-02 05:30:54,legacy/2026-05-20-pre-v2-import/data/raw/iog/delegation_history.csv
iog,pool1nhlv5z2lsptzgcp9ype0mppc7zyndm66ypm4sw5hy27ewdchqx0,91,106,232,323,2020-11-17 22:09:22,2022-02-16 17:29:34,legacy/2026-05-20-pre-v2-import/data/raw/iog/delegation_history.csv
iog,pool1qqqqqdk4zhsjuxxd8jyvwncf5eucfskz0xjjj64fdmlgj735lr9,90,103,210,598,2020-07-29 23:30:11,2025-11-24 10:23:26,legacy/2026-05-20-pre-v2-import/data/raw/iog/delegation_history.csv
iog,pool10akpqvczl93ep4rc59c0aqyn3dm0env2ydysuwmdm670wl24pd8,89,100,230,472,2020-11-10 10:21:14,2024-03-02 14:55:42,legacy/2026-05-20-pre-v2-import/data/raw/iog/delegation_history.csv
iog,pool12t3zmafwjqms7cuun86uwc8se4na07r3e5xswe86u37djr5f0lx,89,99,220,543,2020-09-18 10:40:49,2025-02-20 01:09:31,legacy/2026-05-20-pre-v2-import/data/raw/iog/delegation_history.csv
iog,pool18vej0s9gska8c847aj95g9v24duuxg2g63d5cuqngnxew643jw9,88,95,249,617,2021-02-11 09:02:20,2026-02-23 22:11:35,legacy/2026-05-20-pre-v2-import/data/raw/iog/delegation_history.csv
iog,pool1jeu74g86ys4fekhykqcww99kdsq3nlym8a6kfw8s8ff3vskad70,88,104,212,601,2020-08-09 04:12:31,2025-12-09 20:12:54,legacy/2026-05-20-pre-v2-import/data/raw/iog/delegation_history.csv
iog,pool1sjwdmeme5zs042jzwmdvxshhv27kepxke0mr02f2yzacsyd4wtu,88,94,255,440,2021-03-12 20:51:41,2023-09-27 04:21:20,legacy/2026-05-20-pre-v2-import/data/raw/iog/delegation_history.csv
iog,pool1yc6f3cqsc7jfh07hcns64v5cp8720mve870pgxf2wkr3u8l7tse,88,99,242,510,2021-01-06 19:32:41,2024-09-08 18:25:30,legacy/2026-05-20-pre-v2-import/data/raw/iog/delegation_history.csv
iog,pool1qwa8x4u4a2pff0xdv0haxpgk3tyrvl5adl2lpf3ztcftqruhea0,87,91,210,607,2020-08-01 14:17:11,2026-01-06 19:53:43,legacy/2026-05-20-pre-v2-import/data/raw/iog/delegation_history.csv
iog,pool19w5khsnmu27au0kprw0kjm8jr7knneysj7lfkqvnu66hyz0jxsx,84,98,231,601,2020-11-13 09:14:23,2025-12-08 14:28:18,legacy/2026-05-20-pre-v2-import/data/raw/iog/delegation_history.csv
iog,pool1vx9tzlkgafernd9vpjpxkenutx2gncj4yn88fpq69823qlwcqrt,84,90,210,618,2020-07-29 22:19:31,2026-03-02 01:31:15,legacy/2026-05-20-pre-v2-import/data/raw/iog/delegation_history.csv
iog,pool16hs0jxw7h6pwg3ru7rcq3yvg4csj7lhmcpj68kqem2sh5nt8mwk,83,143,235,354,2020-12-03 17:53:58,2022-07-23 18:32:20,legacy/2026-05-20-pre-v2-import/data/raw/iog/delegation_history.csv
iog,pool1caulv7s08g0jnptzdc69qycptacu7fzahny2epzh7sh9vhqz6xz,82,102,243,541,2021-01-10 22:33:48,2025-02-13 18:19:41,legacy/2026-05-20-pre-v2-import/data/raw/iog/delegation_history.csv
iog,pool15zrkyr0f80hxlt4scv72tej8l8zwrcphmrega9wutqchjekceal,80,88,211,606,2020-08-05 10:49:51,2026-01-01 20:23:52,legacy/2026-05-20-pre-v2-import/data/raw/iog/delegation_history.csv
iog,pool1gppqnqfguctp6gu0q8l5wjhye0ny28yzfx93hkr384cfsezru0f,80,86,230,539,2020-11-11 02:05:41,2025-01-30 04:57:02,legacy/2026-05-20-pre-v2-import/data/raw/iog/delegation_history.csv
iog,pool195gdnmj6smzuakm4etxsxw3fgh8asqc4awtcskpyfnkpcvh2v8t,78,82,210,388,2020-07-30 01:13:51,2023-01-05 22:41:01,legacy/2026-05-20-pre-v2-import/data/raw/iog/delegation_history.csv
iog,pool1fxmancs3dmc9l0s7u7zrj8334m9nvzam5t5hnuuf4c7cjr6867m,78,101,243,553,2021-01-10 23:07:08,2025-04-10 19:19:33,legacy/2026-05-20-pre-v2-import/data/raw/iog/delegation_history.csv
iog,pool1uk2f28awascuhrhuwrp7x6y87x8ch33vwx8jtmrysp7l5ngq78j,78,89,211,415,2020-08-05 14:33:11,2023-05-23 11:23:50,legacy/2026-05-20-pre-v2-import/data/raw/iog/delegation_history.csv
iog,pool14zdcvdec8qmqzsat5wg3a2h9f0u5yzrgjew534z8u3gs5durnjz,77,88,252,584,2021-02-27 09:31:13,2025-09-14 18:23:08,legacy/2026-05-20-pre-v2-import/data/raw/iog/delegation_history.csv
iog,pool17ahr5ygy48vpdfnatqn2z4wfu2te4quapk2yx3k50ce6kd7feg0,77,88,211,615,2020-08-06 16:40:51,2026-02-17 20:38:23,legacy/2026-05-20-pre-v2-import/data/raw/iog/delegation_history.csv
iog,pool1qa6lqyu67ghpa0evxfu9nzqkj3h82qpfku82ec79zdwru4pd25m,75,87,251,538,2021-02-20 09:28:06,2025-01-24 22:08:46,legacy/2026-05-20-pre-v2-import/data/raw/iog/delegation_history.csv
iog,pool1qqqqpanw9zc0rzh0yp247nzf2s35uvnsm7aaesfl2nnejaev0uc,75,84,211,618,2020-08-04 10:16:31,2026-03-02 21:28:22,legacy/2026-05-20-pre-v2-import/data/raw/iog/delegation_history.csv
iog,pool1wf7wk3802jxtkmek6uprm77cgqx53t4qep9kwkl078w3yw0ff69,75,86,236,484,2020-12-08 18:36:16,2024-05-01 02:03:39,legacy/2026-05-20-pre-v2-import/data/raw/iog/delegation_history.csv
iog,pool103455uc7a3477q8pdmzvny884qtlv9vhm2csxvqx2cadwuk36sq,74,81,233,536,2020-11-24 15:42:47,2025-01-17 15:00:59,legacy/2026-05-20-pre-v2-import/data/raw/iog/delegation_history.csv
iog,pool1xlphlhnjvfeh40vcqf9fdewztsj6kyxq6604kaccpv00umjfu0d,74,82,222,358,2020-10-01 20:07:21,2022-08-12 08:26:11,legacy/2026-05-20-pre-v2-import/data/raw/iog/delegation_history.csv
iog,pool17xextu09ghdfcmsq83whq0a45geg83jxe4qt94sevu087tzdzkl,71,75,215,427,2020-08-26 18:43:44,2023-07-21 04:03:07,legacy/2026-05-20-pre-v2-import/data/raw/iog/delegation_history.csv
iog,pool1fyp482ntshhm9zfz4nv7pmsaeakscf5mnuzcxuvtqf6t56fc7l0,71,80,216,304,2020-08-31 18:41:41,2021-11-16 00:05:58,legacy/2026-05-20-pre-v2-import/data/raw/iog/delegation_history.csv
iog,pool1uhy50u9y76nd6z2xmzt3mta0yc7g3gdssef8lheyyg7zzymgzm8,71,79,250,578,2021-02-15 19:32:53,2025-08-15 13:34:04,legacy/2026-05-20-pre-v2-import/data/raw/iog/delegation_history.csv
iog,pool1ddg6t2h9kj6lqlec4ncjs945lzj43m3ggrgdhf5sgzhtygpkznz,69,77,210,585,2020-08-02 22:15:51,2025-09-20 05:12:08,legacy/2026-05-20-pre-v2-import/data/raw/iog/delegation_history.csv
iog,pool1w7c2j0px43jmudhf48ezp7dy8j7904c9l3wc7809lhh2z026hch,69,80,215,576,2020-08-27 16:38:16,2025-08-07 15:04:54,legacy/2026-05-20-pre-v2-import/data/raw/iog/delegation_history.csv
iog,pool15yyxtkhz64p7a8cnax9l7u82s9t9hdhyxsa3tdm977qhgpnsuhq,68,72,211,523,2020-08-07 13:56:31,2024-11-13 20:41:21,legacy/2026-05-20-pre-v2-import/data/raw/iog/delegation_history.csv
iog,pool1qqqyv9pn9typyqwcxqk5ewpxy5p27g5j2ms58hpp2c2kuzs5z77,68,76,210,622,2020-07-30 06:51:51,2026-03-22 21:49:04,legacy/2026-05-20-pre-v2-import/data/raw/iog/delegation_history.csv
iog,pool1hntu7agmt8u5j9c20ejen7dvq0jfkvkpnul3mrdd8tppqvwfvt2,67,73,211,559,2020-08-04 14:51:51,2025-05-13 09:19:42,legacy/2026-05-20-pre-v2-import/data/raw/iog/delegation_history.csv
iog,pool1lhz4gsk5ezdl5s4mv2kxgrkhzzhad6me2v0xmwuyt845vensdlc,67,83,229,561,2020-11-05 19:07:58,2025-05-22 21:21:23,legacy/2026-05-20-pre-v2-import/data/raw/iog/delegation_history.csv
iog,pool1pshqcksxywy68lt04lw6uf35f4yssekh5dx2mxqmyrukke2z5y3,67,68,210,460,2020-08-03 04:31:11,2024-01-05 12:13:36,legacy/2026-05-20-pre-v2-import/data/raw/iog/delegation_history.csv
iog,pool1u99x2rr6trfznwakv0959llmxmtgc2nvanc067uugl3ejuvvnc8,67,75,271,325,2021-05-31 00:08:24,2022-02-28 08:01:38,legacy/2026-05-20-pre-v2-import/data/raw/iog/delegation_history.csv
iog,pool1wwzctexlp70mj00vv65mlhwhwresn58s9x7jl4tswvkg77eu7n7,66,67,234,270,2020-12-01 18:18:47,2021-05-28 19:58:55,legacy/2026-05-20-pre-v2-import/data/raw/iog/delegation_history.csv
iog,pool1grgycym8cf0xmgjjr7gx7udmkpu93hqaygysy5myx6ghx8dvl5r,64,81,249,622,2021-02-12 18:53:40,2026-03-22 19:39:43,legacy/2026-05-20-pre-v2-import/data/raw/iog/delegation_history.csv
iog,pool17rjst78s67lvellg8s586rf076jxa3wnsdz730f4xk2zwuhrtej,63,67,247,600,2021-01-31 15:24:11,2025-12-03 18:44:22,legacy/2026-05-20-pre-v2-import/data/raw/iog/delegation_history.csv
iog,pool1a4qtpgce7cu6wzc79fx7qrc3938hkl2gf8c2h5jugvm2gnu86l7,63,70,253,546,2021-03-03 20:25:45,2025-03-07 21:24:52,legacy/2026-05-20-pre-v2-import/data/raw/iog/delegation_history.csv
iog,pool1calq8kjzrvp83l80rtvgmulausl99q4tjfkz2lp227vkymd5wgg,63,76,249,342,2021-02-10 01:05:44,2022-05-23 16:06:25,legacy/2026-05-20-pre-v2-import/data/raw/iog/delegation_history.csv
iog,pool1pp7tn2w6ken4rpfcjwcdup3g4m5gcdhc9lgvrm3mnxz5stmrhq2,63,78,212,533,2020-08-13 18:50:31,2025-01-04 07:18:12,legacy/2026-05-20-pre-v2-import/data/raw/iog/delegation_history.csv
iog,pool1lqpymyzg9glc88r7urptuv0d8t2tu9ty7xtshvxmgpu0j4lp8p3,61,69,234,438,2020-11-30 19:46:12,2023-09-13 08:01:26,legacy/2026-05-20-pre-v2-import/data/raw/iog/delegation_history.csv
iog,pool1uq8l234306m76unyz8kuwnkvmtvazaks6vuvyx3a3khngavvcw0,61,72,210,585,2020-07-30 18:19:11,2025-09-20 05:00:02,legacy/2026-05-20-pre-v2-import/data/raw/iog/delegation_history.csv
iog,pool1nudasuv0lljpe0tswcverqvlh0v4226vgnpsuxn0e9nkvnvcvne,60,68,211,397,2020-08-08 00:25:51,2023-02-21 17:10:42,legacy/2026-05-20-pre-v2-import/data/raw/iog/delegation_history.csv
iog,pool128r8qqgl9zgy3ff4759a2qslyauu5takaec3nxx4a6mvj3ys8da,59,68,236,376,2020-12-07 14:32:08,2022-11-10 01:52:30,legacy/2026-05-20-pre-v2-import/data/raw/iog/delegation_history.csv
iog,pool1druxd2syfrvqvepxh60fz0qhralcesruphh5atujuh0jktjy0ma,59,70,217,359,2020-09-03 19:19:53,2022-08-14 21:18:05,legacy/2026-05-20-pre-v2-import/data/raw/iog/delegation_history.csv
iog,pool1u7mqtde27swkarngjsn5mmw3sy20zavlafgqkmg8qv2n2nwga0l,59,66,221,500,2020-09-27 21:37:03,2024-07-22 03:01:23,legacy/2026-05-20-pre-v2-import/data/raw/iog/delegation_history.csv
iog,pool1afv4cmmjdkujtd5r9t63090a3frwwqy8f3e46gz003vyzjcj63r,58,63,210,266,2020-07-31 02:49:31,2021-05-10 12:19:46,legacy/2026-05-20-pre-v2-import/data/raw/iog/delegation_history.csv
iog,pool1rjxdqghfjw5rv6lxg8qhedkechvfgnsqhl8rrzwck9g45n43yql,58,71,254,588,2021-03-07 20:48:11,2025-10-03 16:00:17,legacy/2026-05-20-pre-v2-import/data/raw/iog/delegation_history.csv
iog,pool1u6kpt8hgqcm596kukj97ghefmxn8ks2cgwg8qqe0gtgscnufk5p,58,66,211,527,2020-08-08 15:26:11,2024-12-02 16:52:05,legacy/2026-05-20-pre-v2-import/data/raw/iog/delegation_history.csv
iog,pool166dkk9kx5y6ug9tnvh0dnvxhwt2yca3g5pd5jaqa8t39cgyqqlr,57,62,211,600,2020-08-04 07:06:11,2025-12-02 18:41:43,legacy/2026-05-20-pre-v2-import/data/raw/iog/delegation_history.csv
iog,pool1c7jrfce3zxkk9s9enzpvwj8fuayvx3pdzc2k2es6mrw6gsfcjep,57,62,243,434,2021-01-11 00:43:59,2023-08-24 16:20:32,legacy/2026-05-20-pre-v2-import/data/raw/iog/delegation_history.csv
iog,pool1xjhzgchsl2ccvc5pj3aqytv9hh0jnaz63wtfnw4th07tjypm46x,57,64,238,587,2020-12-17 22:07:44,2025-10-01 19:28:32,legacy/2026-05-20-pre-v2-import/data/raw/iog/delegation_history.csv
iog,pool138m7hevnvp664cmtralju857t5k7e4frpnaevtgpuykggr50kne,56,61,261,475,2021-04-11 02:30:31,2024-03-17 03:40:26,legacy/2026-05-20-pre-v2-import/data/raw/iog/delegation_history.csv
iog,pool1rvng7n968748udkc5rxy4h9zp9hms4s3jsfwuues76ft28uc056,56,62,210,528,2020-07-30 02:19:51,2024-12-07 23:26:24,legacy/2026-05-20-pre-v2-import/data/raw/iog/delegation_history.csv
iog,pool1lhgjma5lejn65er7lxfsqxa0lgcv9r9wrntse9wjm834qp89chh,55,63,251,273,2021-02-21 00:06:57,2021-06-10 19:37:27,legacy/2026-05-20-pre-v2-import/data/raw/iog/delegation_history.csv
iog,pool1zz7x8ergn02chznayj9fjds2gk5q6prmpdr49faspd65kzqsrjs,54,62,214,417,2020-08-21 19:24:51,2023-05-31 21:20:23,legacy/2026-05-20-pre-v2-import/data/raw/iog/delegation_history.csv
iog,pool1ddgcpgjcyawxw95se9x8qnc8gxgwjr4fqrk4vk6v9x47s0ggpjp,53,56,211,269,2020-08-08 04:00:11,2021-05-25 12:14:50,legacy/2026-05-20-pre-v2-import/data/raw/iog/delegation_history.csv
iog,pool1vh4y864hcq2r66ak37w4dsnkhnsfxaaacs0p5s4vj5676m6txwm,53,60,211,620,2020-08-07 21:45:31,2026-03-15 06:39:29,legacy/2026-05-20-pre-v2-import/data/raw/iog/delegation_history.csv
iog,pool1eqa7kxx4xg35cu4rqj4exkvzhenscgh8wxez0gl7hsagygp79kr,52,56,264,540,2021-04-26 22:28:08,2025-02-06 00:08:35,legacy/2026-05-20-pre-v2-import/data/raw/iog/delegation_history.csv
iog,pool1ksazs9mzcuyr3mfrvw48dc5wkgsjceztakymmv7jpxle7l2nfs0,52,56,229,450,2020-11-03 16:12:51,2023-11-16 13:36:38,legacy/2026-05-20-pre-v2-import/data/raw/iog/delegation_history.csv
iog,pool1fqwnqk3phwa2s5thgym8dw34pv0z67m526uqprnjh93cvzxymef,51,58,241,363,2021-01-04 21:28:36,2022-09-03 21:02:24,legacy/2026-05-20-pre-v2-import/data/raw/iog/delegation_history.csv
iog,pool1mxqjlrfskhd5kql9kak06fpdh8xjwc76gec76p3taqy2qmfzs5z,51,55,211,285,2020-08-06 17:45:51,2021-08-13 08:20:55,legacy/2026-05-20-pre-v2-import/data/raw/iog/delegation_history.csv
iog,pool1nwt6mxqus3tpzrshky5h5kykz9rjpxmacrvw0z6yak9uk5p5045,51,59,249,330,2021-02-13 16:11:00,2022-03-22 21:56:00,legacy/2026-05-20-pre-v2-import/data/raw/iog/delegation_history.csv
iog,pool1psk0c2p7pwactw00nkzjexdw0msn7g8nddc06eyvds6yswr3tjg,51,54,271,457,2021-06-02 15:38:15,2023-12-17 23:56:04,legacy/2026-05-20-pre-v2-import/data/raw/iog/delegation_history.csv
iog,pool13crd2ljx87988umk22er6ynwadfwdqupdpcq6prc6v59z62kxse,50,53,234,586,2020-11-29 17:29:57,2025-09-24 10:25:29,legacy/2026-05-20-pre-v2-import/data/raw/iog/delegation_history.csv
iog,pool1fys325gzr7kpcjclyy93sx97nm2y4n8raj3830cyez5pqagkfcg,49,51,277,309,2021-06-30 04:59:44,2021-12-08 00:50:17,legacy/2026-05-20-pre-v2-import/data/raw/iog/delegation_history.csv
iog,pool1k0xa8wlsntmjhtw2shj3tspqd4kjyquw9tuyx5s7zz5jsyw4y2p,49,50,233,266,2020-11-23 06:25:56,2021-05-09 08:43:29,legacy/2026-05-20-pre-v2-import/data/raw/iog/delegation_history.csv
iog,pool1ld9hkah2dkzh73pvh9tf6xr0x28us34msv3zcv2sase5vhvq962,49,57,210,352,2020-07-30 01:44:11,2022-07-11 13:10:44,legacy/2026-05-20-pre-v2-import/data/raw/iog/delegation_history.csv
iog,pool1m4enp55hp80tf6xl7k6f6593wnyu3pr83xfvef9x3ktdw9m0em5,49,53,244,405,2021-01-18 04:22:18,2023-04-04 06:17:22,legacy/2026-05-20-pre-v2-import/data/raw/iog/delegation_history.csv
iog,pool136wr0g23dw9daekuyqtgk366vywms6meespgpm3hdguxqczaaug,48,48,211,323,2020-08-07 09:53:31,2022-02-15 23:14:26,legacy/2026-05-20-pre-v2-import/data/raw/iog/delegation_history.csv
iog,pool16ajaae2n5lsyr4f9k9uz5y8tpf0996tw640dzu7chwp2wdrnz6a,48,55,259,613,2021-03-31 23:59:18,2026-02-07 16:59:20,legacy/2026-05-20-pre-v2-import/data/raw/iog/delegation_history.csv
iog,pool1aqg6fvhcaulvss2ruvpx6ur9vj7pejvdcxv6xp0qlwuwx94evf0,48,61,216,586,2020-09-02 03:50:43,2025-09-21 23:06:21,legacy/2026-05-20-pre-v2-import/data/raw/iog/delegation_history.csv
iog,pool1ksrg8a964464las0ymw88slrwxkychjz9lh09lqltu5m7nw3pq0,48,51,224,577,2020-10-09 13:34:51,2025-08-09 03:01:32,legacy/2026-05-20-pre-v2-import/data/raw/iog/delegation_history.csv
iog,pool1ukeqarukv9gxwy9pt8jkr4qvad2yf87758g3xzemmvmtk8lrynp,48,57,231,470,2020-11-12 19:09:37,2024-02-21 10:56:41,legacy/2026-05-20-pre-v2-import/data/raw/iog/delegation_history.csv
iog,pool1ljlmfg7p37ysmea9ra5xqwccue203dpj40w6zlzn5r2cvjrf6tw,45,52,210,534,2020-07-30 01:34:11,2025-01-07 16:05:48,legacy/2026-05-20-pre-v2-import/data/raw/iog/delegation_history.csv
iog,pool1mut4phum9hegtl8m2r68gpjh5x8w8t6zwf75zrphhp3qwwrrpgt,45,51,212,475,2020-08-11 20:05:31,2024-03-19 14:38:25,legacy/2026-05-20-pre-v2-import/data/raw/iog/delegation_history.csv
iog,pool1uyvyxt9k9g038h567x8halej4x87j7m4r4zyz9lhv4dcv83husk,45,49,232,366,2020-11-19 22:53:29,2022-09-22 19:40:06,legacy/2026-05-20-pre-v2-import/data/raw/iog/delegation_history.csv
iog,pool104avq7309gjm0fxms69yqusxy8zf888k4mamngg5vnc6vculpzq,44,51,258,524,2021-03-27 08:36:20,2024-11-19 01:36:58,legacy/2026-05-20-pre-v2-import/data/raw/iog/delegation_history.csv
iog,pool18v9r8afalh50l4lstct2awdc3zspnvurcs7t45nv29uc2mnxc6c,44,50,210,323,2020-07-31 03:38:31,2022-02-16 00:48:23,legacy/2026-05-20-pre-v2-import/data/raw/iog/delegation_history.csv
iog,pool1jk25l2pejpdzq8vdjlxrr05th49v9tgd78fqrtxvuw3rumpfc6t,44,48,243,425,2021-01-11 01:11:06,2023-07-13 21:34:07,legacy/2026-05-20-pre-v2-import/data/raw/iog/delegation_history.csv
iog,pool1mh4ng2ldxk4sqfppzu6r4knxrk6e87e9c4wgrred84uy7xauzlh,44,46,269,619,2021-05-24 11:59:03,2026-03-06 02:42:23,legacy/2026-05-20-pre-v2-import/data/raw/iog/delegation_history.csv
iog,pool1vev8z03vh7jwx3mfrgzrt9fltt97nupaxv8ffj4r5r8mgwts5ze,44,52,264,588,2021-04-30 05:40:04,2025-10-02 01:11:07,legacy/2026-05-20-pre-v2-import/data/raw/iog/delegation_history.csv
iog,pool1urgvu6zk422j4xwtxa45lzpd6dm25msfthpkezr042secrtuwzc,43,48,262,568,2021-04-20 00:13:35,2025-06-25 01:30:11,legacy/2026-05-20-pre-v2-import/data/raw/iog/delegation_history.csv
iog,pool15r7xg0vrrv2yu8wj3866eap8ftkuxvdk5rjz2lh4xajjq5v3p5d,42,48,246,481,2021-01-30 14:54:35,2024-04-17 06:14:41,legacy/2026-05-20-pre-v2-import/data/raw/iog/delegation_history.csv
iog,pool1ekhy5xsgjaq38em75vevk8df0k0rljju77tljw288ys5kumqce5,42,43,210,388,2020-07-30 05:14:31,2023-01-09 02:35:19,legacy/2026-05-20-pre-v2-import/data/raw/iog/delegation_history.csv
iog,pool1lskcfz80qg2kr2p6776kl9emjn8ulkqsqse7um7skz4y2lwa0cu,42,45,250,468,2021-02-17 03:35:28,2024-02-14 09:12:20,legacy/2026-05-20-pre-v2-import/data/raw/iog/delegation_history.csv
iog,pool1qnrqc7zpwye2r9wtkayh2dryvfqs7unp99f2039duljrsaffq5c,42,234,210,530,2020-07-31 07:10:11,2024-12-20 17:05:42,legacy/2026-05-20-pre-v2-import/data/raw/iog/delegation_history.csv
iog,pool1supp67ypelmgzuzqqvarc6czgmg3ggwpnrnfr90xpfcqqf8h05t,42,45,210,357,2020-07-30 03:51:31,2022-08-08 02:26:02,legacy/2026-05-20-pre-v2-import/data/raw/iog/delegation_history.csv
iog,pool106p2jjwuwagq2as7cdzx4y6cyc2pdj7a3h3vv5cvkvnskegff3w,41,43,212,445,2020-08-13 18:41:31,2023-10-19 20:00:50,legacy/2026-05-20-pre-v2-import/data/raw/iog/delegation_history.csv
iog,pool1cc76kmtcpf6vht32ya5ke9er74dnpy4jh5qpy4klqwp87ygdsu6,41,48,210,323,2020-08-01 14:06:31,2022-02-15 21:53:33,legacy/2026-05-20-pre-v2-import/data/raw/iog/delegation_history.csv
iog,pool1lvsa8e0dw6z8g2fkw7prnfa7627wuy5jjexaadck6w5sxw5xkvm,41,47,210,567,2020-07-30 13:00:51,2025-06-23 03:57:45,legacy/2026-05-20-pre-v2-import/data/raw/iog/delegation_history.csv
iog,pool1tdsrw0n33gmy0mzh7cgtn9p0jy5xwjxaa2s26gn2ewf8kg4nrzx,41,45,231,553,2020-11-15 00:34:15,2025-04-12 22:44:08,legacy/2026-05-20-pre-v2-import/data/raw/iog/delegation_history.csv
iog,pool1wxn9nsl8rvxa6r8e5eaak0ml6etfxnz2n9vqrmsw5nzgyexgkrn,41,43,210,330,2020-08-02 18:31:51,2022-03-22 21:16:07,legacy/2026-05-20-pre-v2-import/data/raw/iog/delegation_history.csv
iog,pool1z5uqdk7dzdxaae5633fqfcu2eqzy3a3rgtuvy087fdld7yws0xt,41,46,210,477,2020-07-29 22:30:11,2024-03-29 01:32:48,legacy/2026-05-20-pre-v2-import/data/raw/iog/delegation_history.csv
iog,pool1jt7d6ak3m8gnjyxtuxfswe258xzwda80ndl0a57vv5m2zv8h6at,40,57,210,414,2020-07-31 17:56:51,2023-05-18 15:28:43,legacy/2026-05-20-pre-v2-import/data/raw/iog/delegation_history.csv
iog,pool1qqq6qqa0hpzvumv5p87ynczfmdj557xuwlc3289ke42g72z7f74,40,43,210,337,2020-07-30 01:17:51,2022-04-27 09:56:53,legacy/2026-05-20-pre-v2-import/data/raw/iog/delegation_history.csv
iog,pool16knnvtezwzmgpnu8v03wht6y4u7mwfc7qz6y2yk62w4as4qymat,39,44,247,294,2021-01-31 03:45:18,2021-09-24 13:19:48,legacy/2026-05-20-pre-v2-import/data/raw/iog/delegation_history.csv
iog,pool1qgmwcxs8d8qmr0vtvsqd9u8gugrventh5dcqukmu79e2sgfuu8t,39,50,250,592,2021-02-16 13:01:39,2025-10-26 19:01:27,legacy/2026-05-20-pre-v2-import/data/raw/iog/delegation_history.csv
iog,pool1xru6f3fflzwkptgm68pncrsncg9ngllv0jk8jnz40m7wusfhazk,39,42,227,456,2020-10-24 20:43:22,2023-12-13 23:27:34,legacy/2026-05-20-pre-v2-import/data/raw/iog/delegation_history.csv
iog,pool189lsf6c2upyhmrzddyvyfjxxkqnte9pw8aqx7f4cuf85sjxlm02,38,48,234,556,2020-11-30 17:00:30,2025-04-25 10:30:20,legacy/2026-05-20-pre-v2-import/data/raw/iog/delegation_history.csv
iog,pool1jdhjfcu34lq88rypdtslzwyf27uh0h3apcr9mjd68zhc69r29fy,38,124,232,416,2020-11-17 21:56:39,2023-05-26 17:48:00,legacy/2026-05-20-pre-v2-import/data/raw/iog/delegation_history.csv
iog,pool1k0ucs0fau2vhr3p7qh7mnpfgrllwwda7petxjz2gzzaxkyp8f88,38,41,212,574,2020-08-10 12:58:51,2025-07-26 07:35:18,legacy/2026-05-20-pre-v2-import/data/raw/iog/delegation_history.csv
iog,pool1z7n2ruhmxmv77f6cqhd3wsy6774h2wuay77agxuf2y9mj8q55vw,38,42,210,545,2020-07-30 03:45:31,2025-03-03 08:38:48,legacy/2026-05-20-pre-v2-import/data/raw/iog/delegation_history.csv
iog,pool1l5kwfudnqrhw3k4lwzcppu36nun9puvvr7xnanuz8a2zx4jaek5,37,47,223,357,2020-10-04 15:27:00,2022-08-06 02:50:26,legacy/2026-05-20-pre-v2-import/data/raw/iog/delegation_history.csv
iog,pool1s6x6kltycpxq82hyqhlqllqj3q5l2m8w499gvtu4xrfv29c0q2q,37,39,236,369,2020-12-07 17:47:31,2022-10-03 19:51:16,legacy/2026-05-20-pre-v2-import/data/raw/iog/delegation_history.csv
iog,pool1yvf4nxph69ztm0tgj73ummxq45kfjhecyad26e3xc2002xgzalg,37,42,307,524,2021-11-27 05:42:39,2024-11-16 16:41:18,legacy/2026-05-20-pre-v2-import/data/raw/iog/delegation_history.csv
iog,pool14zdqqv73f9xa9re9pzc4sjvgmycf0dm4zclj34zupj032ggnjdw,36,37,300,325,2021-10-25 21:11:47,2022-03-01 18:40:23,legacy/2026-05-20-pre-v2-import/data/raw/iog/delegation_history.csv
iog,pool15ccmgcc4k9t8auxw9v4dfjmrl2kqnuevawn8z6n7xv09utw9hh3,36,40,210,418,2020-07-30 14:13:31,2023-06-09 09:31:17,legacy/2026-05-20-pre-v2-import/data/raw/iog/delegation_history.csv
iog,pool1ecvcst7k9eul4ggnljh0jw2s5nc2tyfmyzsx3xg3kmmz6ptgfwj,36,41,211,315,2020-08-05 20:07:11,2022-01-09 22:50:16,legacy/2026-05-20-pre-v2-import/data/raw/iog/delegation_history.csv
iog,pool1ctzja2cdwyeqnvehmrlclc5wrn9w9acwklk3acn73jrx56d66vs,35,38,210,541,2020-07-30 14:26:51,2025-02-10 04:15:57,legacy/2026-05-20-pre-v2-import/data/raw/iog/delegation_history.csv
iog,pool1qq2vm2xpcj9kf42z4cnw3djancv48sx42chwvgxkjq85ceu8k0x,35,41,210,379,2020-07-31 08:04:11,2022-11-22 11:43:13,legacy/2026-05-20-pre-v2-import/data/raw/iog/delegation_history.csv
iog,pool1qqvukkkfr3ux4qylfkrky23f6trl2l6xjluv36z90ax7gfa8yxt,35,38,215,351,2020-08-27 08:22:02,2022-07-05 15:50:38,legacy/2026-05-20-pre-v2-import/data/raw/iog/delegation_history.csv
iog,pool1u4sxd6x0qsy7evljt24vtnyhpxd098n609sfcmly6c096mr3jgq,35,42,210,321,2020-07-31 02:36:51,2022-02-09 01:22:12,legacy/2026-05-20-pre-v2-import/data/raw/iog/delegation_history.csv
iog,pool1wt0pf4u2xktp0f7apveu242w6nkm4ltk3m8g039lvuhwq4zdtf3,35,38,249,595,2021-02-10 03:06:22,2025-11-08 19:26:28,legacy/2026-05-20-pre-v2-import/data/raw/iog/delegation_history.csv
iog,pool1yt868wrp9s2x5pehe96del9m3nwasme62yw02vww3kg6zwzspcz,35,37,289,362,2021-08-29 07:07:06,2022-08-29 02:39:17,legacy/2026-05-20-pre-v2-import/data/raw/iog/delegation_history.csv
iog,pool15zn2lqq4849ujttuthaycpamnyr8ae9k2pn2fkrlfzzsx4ek0tc,34,41,230,350,2020-11-07 00:05:49,2022-06-30 21:28:15,legacy/2026-05-20-pre-v2-import/data/raw/iog/delegation_history.csv
iog,pool16fyda57p3c8gp5r6gmcq5tvqsp6mnzwvkxswgznkuh8wztrp6vv,34,37,210,586,2020-07-29 23:27:31,2025-09-25 12:44:24,legacy/2026-05-20-pre-v2-import/data/raw/iog/delegation_history.csv
iog,pool16j3mvwws7zc9pjluyhddgea0tq647v0dh3y4nkcuckg9znjcun2,34,37,306,398,2021-11-23 17:32:32,2023-02-28 01:37:12,legacy/2026-05-20-pre-v2-import/data/raw/iog/delegation_history.csv
iog,pool16nz6k74zsm9x5fyh2wa0pt9cn75hfscfvqsxup0vl0vqqthwnkz,34,36,279,301,2021-07-13 13:28:27,2021-10-28 17:28:32,legacy/2026-05-20-pre-v2-import/data/raw/iog/delegation_history.csv
iog,pool19r8kcmqpajlm6h5q0lv8jye0q7evdur39wfsgs4z98fcqpz9lct,34,40,232,459,2020-11-21 21:16:03,2023-12-30 01:33:53,legacy/2026-05-20-pre-v2-import/data/raw/iog/delegation_history.csv
iog,pool16tcjctesjnks0p8sfrlf8f3d3vrp2fdn2msy80sgg3cdjtayu3z,33,42,210,285,2020-07-30 00:51:51,2021-08-09 20:10:14,legacy/2026-05-20-pre-v2-import/data/raw/iog/delegation_history.csv
iog,pool17kew7rtakc7g6qzydntann5umw08xq3ll2j7spk7en4kvff69fa,33,34,231,318,2020-11-13 13:11:31,2022-01-23 19:33:29,legacy/2026-05-20-pre-v2-import/data/raw/iog/delegation_history.csv
iog,pool1a3kdettzvvlqvkl9m9hwe63ggeq5fgvz0twqew5c62dzx99vsed,33,34,216,325,2020-09-02 11:53:37,2022-02-28 22:48:04,legacy/2026-05-20-pre-v2-import/data/raw/iog/delegation_history.csv
iog,pool1p8fhygz7ga9hghhwmkr64p3ftn77lxu9nyddvsqszattcdyajc0,33,36,235,336,2020-12-02 04:44:08,2022-04-21 00:23:37,legacy/2026-05-20-pre-v2-import/data/raw/iog/delegation_history.csv
iog,pool1qqqq4md2rfdt75qvh3x9cgmkrgkl74ctcj3fnxpu3ylcudl22ex,33,46,210,358,2020-07-30 02:25:31,2022-08-09 04:43:49,legacy/2026-05-20-pre-v2-import/data/raw/iog/delegation_history.csv
iog,pool10capak8jppvj8h46e35xdth6h22pahtr3lcgscrpa06jzv0xn8w,32,35,210,472,2020-07-30 19:23:31,2024-03-03 16:55:33,legacy/2026-05-20-pre-v2-import/data/raw/iog/delegation_history.csv
iog,pool1a44j6jas4sjhh3qc96r8rmhsdjxjuntuzxr3440jzwjjcysl9ca,32,33,276,322,2021-06-27 23:01:14,2022-02-13 23:02:55,legacy/2026-05-20-pre-v2-import/data/raw/iog/delegation_history.csv
iog,pool1cn0dqtplwf67fds40hgkf0u5rm4q4azev5qutmgkw5hdyvue2ue,32,33,234,387,2020-11-27 17:24:25,2023-01-02 13:46:25,legacy/2026-05-20-pre-v2-import/data/raw/iog/delegation_history.csv
iog,pool1jq7r3evstu2c040vlry8tgvpwf0mfvft86cxecwjpwcuvvqfu2r,32,34,273,460,2021-06-11 16:31:40,2024-01-05 15:13:36,legacy/2026-05-20-pre-v2-import/data/raw/iog/delegation_history.csv
iog,pool1qqqqzyqf8mlm70883zht60n4q6uqxg4a8x266sewv8ad2grkztl,32,37,210,482,2020-07-30 05:40:51,2024-04-24 21:29:22,legacy/2026-05-20-pre-v2-import/data/raw/iog/delegation_history.csv
iog,pool1zc7vxe3ymyej76h8wu8gm79chtt7w9c3adkza4uhrjvagr9w4zp,32,41,231,534,2020-11-13 01:52:31,2025-01-05 23:43:39,legacy/2026-05-20-pre-v2-import/data/raw/iog/delegation_history.csv
iog,pool17dag45ldepvckqdxvvppwdy4w8qczsz0awtutqyj2pzashn3ds2,31,32,230,273,2020-11-07 11:06:14,2021-06-12 15:25:27,legacy/2026-05-20-pre-v2-import/data/raw/iog/delegation_history.csv
iog,pool1dmpzsnuwxy44ky3dskuhmwpglumy6j0rc5wyfxlu3zym798f79g,31,32,310,386,2021-12-13 22:28:49,2022-12-27 20:55:15,legacy/2026-05-20-pre-v2-import/data/raw/iog/delegation_history.csv
iog,pool1ty7lh3nvtwxlcpqg2x30fkr3j9ys6nprztr9m4zp3aajxyjk2vz,31,31,234,387,2020-11-30 18:50:41,2023-01-05 10:30:16,legacy/2026-05-20-pre-v2-import/data/raw/iog/delegation_history.csv
iog,pool1u0mc9ywfxl529atxyajuz3pgqnwgnk6w7lejjmjg22ucvn7z9vh,31,39,256,400,2021-03-20 01:11:50,2023-03-09 03:55:41,legacy/2026-05-20-pre-v2-import/data/raw/iog/delegation_history.csv
iog,pool147en6w8f9cplnn5x7qt4ese7fpacmmcwuffrtu0yqxpaz4agppr,30,39,242,476,2021-01-07 12:05:15,2024-03-23 21:25:34,legacy/2026-05-20-pre-v2-import/data/raw/iog/delegation_history.csv
iog,pool1cjz6kg9a8ug9uk0nc59q60a67c2628ms58rd98gq587jwa2x5qt,30,33,308,425,2021-12-02 19:16:39,2023-07-12 16:43:40,legacy/2026-05-20-pre-v2-import/data/raw/iog/delegation_history.csv
iog,pool1ell3xjtspzzz4vtsatscan6rheltf7j3hh2s8qsam2h3jvcxzm9,30,32,210,474,2020-08-02 02:56:31,2024-03-12 07:41:54,legacy/2026-05-20-pre-v2-import/data/raw/iog/delegation_history.csv
iog,pool1qvhss6kxmtl27nr4ugvypayhvt4a4vzll8p9csdg2v8q7d22llu,30,31,210,323,2020-07-31 02:31:11,2022-02-18 02:34:35,legacy/2026-05-20-pre-v2-import/data/raw/iog/delegation_history.csv
iog,pool1v4xevkf7fx08pzy7atsk59dds6p0sdyl6xmhwf4mh79x6l5p6kx,30,31,216,296,2020-09-01 05:30:22,2021-10-03 22:34:47,legacy/2026-05-20-pre-v2-import/data/raw/iog/delegation_history.csv
iog,pool19pyfv4xnln8x4l7auw0n0skk3hd97shun707hrw5d4s553ys74x,29,32,231,590,2020-11-13 17:38:11,2025-10-13 18:32:41,legacy/2026-05-20-pre-v2-import/data/raw/iog/delegation_history.csv
iog,pool1jg3fmnmc9n52sgzslhhvhye5e3xeqmrwkekdhh82sma47r47zg0,29,32,216,428,2020-08-29 12:04:03,2023-07-28 10:29:37,legacy/2026-05-20-pre-v2-import/data/raw/iog/delegation_history.csv
iog,pool1ljywsch33t7gaf02aeeqkqpuku0ngpwl9fm04t7u5sl5xyunmgp,29,32,212,527,2020-08-12 04:44:51,2024-12-04 00:03:14,legacy/2026-05-20-pre-v2-import/data/raw/iog/delegation_history.csv
iog,pool1nhls8e9swnyshldgjknku4npreax075nw0ltrkmrarh4w3skxt9,29,36,210,350,2020-07-30 04:36:51,2022-07-04 11:14:12,legacy/2026-05-20-pre-v2-import/data/raw/iog/delegation_history.csv
iog,pool1ntfxj2jgvhzen8e86ed679ctukar3vj538ywyyq8ryld66jj4sx,29,37,273,405,2021-06-13 17:44:36,2023-04-03 01:21:44,legacy/2026-05-20-pre-v2-import/data/raw/iog/delegation_history.csv
iog,pool1ppznyu6qrvlw9uuqa3tslryjd40nh56jyvmaqw6kdf4kzq3y8kh,29,33,229,514,2020-11-06 06:37:56,2024-09-30 17:13:59,legacy/2026-05-20-pre-v2-import/data/raw/iog/delegation_history.csv
iog,pool1swe9nsv8lzugakjkfv04dn38scmq48wzynmn0lxasupuzmqcgjm,29,30,210,315,2020-07-30 05:28:11,2022-01-06 16:57:16,legacy/2026-05-20-pre-v2-import/data/raw/iog/delegation_history.csv
iog,pool1ua0lx5ap5tj9f5l7tyjflp766ca5yu93djh5hqvm4e0kjgw5k7v,29,31,210,330,2020-07-30 04:42:11,2022-03-22 10:02:43,legacy/2026-05-20-pre-v2-import/data/raw/iog/delegation_history.csv
iog,pool1vc8jp7uagxgh8trzx7r260ndcydz89ges8sws05cyv7jj8q8gqs,29,31,210,535,2020-07-31 15:56:31,2025-01-10 10:16:20,legacy/2026-05-20-pre-v2-import/data/raw/iog/delegation_history.csv
iog,pool1zn9hjcmfddhcp2aj9xxuvz7z40rasyatkgavr8ryyz72qdfwtrj,29,29,251,367,2021-02-23 07:58:06,2022-09-26 02:19:34,legacy/2026-05-20-pre-v2-import/data/raw/iog/delegation_history.csv
iog,pool13r377w5pmy4tmhuvw0cf9q23asslzjytsruwa27tdnflq7hfjgk,28,28,278,301,2021-07-07 11:15:23,2021-10-28 16:58:33,legacy/2026-05-20-pre-v2-import/data/raw/iog/delegation_history.csv
iog,pool1rkyc3ss904h066sffergss99r9p2kqa4k6ds0g4u5ud4x7yaajd,28,30,210,320,2020-07-30 05:36:31,2022-02-01 00:23:59,legacy/2026-05-20-pre-v2-import/data/raw/iog/delegation_history.csv
iog,pool1w8ham64lthvzzxzn5hknq4yrj8xt2nark409s2xmntlwvt4ag3r,28,34,210,472,2020-07-30 02:59:51,2024-03-03 12:08:22,legacy/2026-05-20-pre-v2-import/data/raw/iog/delegation_history.csv
iog,pool1zfhcfw8c3lg0vh0fy8h4y8e25cm7ter9e6sxqskpq0lzyy2wzvm,28,30,310,365,2021-12-16 02:12:55,2022-09-14 21:11:46,legacy/2026-05-20-pre-v2-import/data/raw/iog/delegation_history.csv
iog,pool120563wl92yssz66evk4u9lxm7zh6gk2wws0zfe8ep4e0gc77ypt,27,28,285,303,2021-08-10 18:59:54,2021-11-10 01:42:20,legacy/2026-05-20-pre-v2-import/data/raw/iog/delegation_history.csv
iog,pool13mas2wthxs28zftxskcsd8t87jk2w9ntc0u5uflt45sh7lcvs8h,27,33,431,593,2023-08-09 13:43:48,2025-10-31 06:28:53,legacy/2026-05-20-pre-v2-import/data/raw/iog/delegation_history.csv
iog,pool142xwjhpcvtp7tahpmn8tlnek7smefp9wn66z67j8vjpmjxqdg56,27,30,267,562,2021-05-11 00:06:18,2025-05-26 01:13:45,legacy/2026-05-20-pre-v2-import/data/raw/iog/delegation_history.csv
iog,pool14wk2m2af7y4gk5uzlsmsunn7d9ppldvcxxa5an9r5ywek8330fg,27,29,210,602,2020-07-30 05:24:31,2025-12-14 20:22:28,legacy/2026-05-20-pre-v2-import/data/raw/iog/delegation_history.csv
iog,pool17rns3wjyql9jg9xkzw9h88f0kstd693pm6urwxmvejqgsyjw7ta,27,28,212,269,2020-08-08 23:14:31,2021-05-24 03:36:23,legacy/2026-05-20-pre-v2-import/data/raw/iog/delegation_history.csv
iog,pool1ea568m9q882n0tx5d4vxff2dmz2n7rq5h62hx5ystq625m4tcfu,27,31,234,435,2020-12-01 02:48:45,2023-08-31 15:42:30,legacy/2026-05-20-pre-v2-import/data/raw/iog/delegation_history.csv
iog,pool1ft4xjlz9uw0r0ewcgtkgeakqrfc5azxmxwsm5pt94dv67mw4rgd,27,28,210,578,2020-07-29 23:55:31,2025-08-16 16:02:06,legacy/2026-05-20-pre-v2-import/data/raw/iog/delegation_history.csv
iog,pool1s0cfkzheywsftgwp0yz7sq4rt5gyf7t5kfwj5a269kpxvndjn6q,27,30,210,613,2020-07-30 03:12:11,2026-02-04 05:03:24,legacy/2026-05-20-pre-v2-import/data/raw/iog/delegation_history.csv
iog,pool13t6cwz9hhr8xm29pc94zyg5tx3kteqeu8gw2nc3lhzatqegzp6z,26,26,277,293,2021-07-02 05:29:54,2021-09-20 08:21:56,legacy/2026-05-20-pre-v2-import/data/raw/iog/delegation_history.csv
iog,pool17qvfg2g843gw6lurru282kkex6vp3pyj6zwj99j4u6k7zvmva5a,26,28,232,314,2020-11-21 12:16:40,2022-01-05 00:30:33,legacy/2026-05-20-pre-v2-import/data/raw/iog/delegation_history.csv
iog,pool1ewrm7y47s9hv6hxku9n5gfnsuspymp0qqpwgvgm9rvm37cek2h6,26,31,323,603,2022-02-14 22:04:07,2025-12-20 03:10:47,legacy/2026-05-20-pre-v2-import/data/raw/iog/delegation_history.csv
iog,pool1fm57fshvdlrgs5pnpk78tnxha0me28equyy96vj0xm85gy5chv0,26,31,252,339,2021-02-28 07:48:23,2022-05-07 07:08:13,legacy/2026-05-20-pre-v2-import/data/raw/iog/delegation_history.csv
iog,pool1jz5ljsnj4fzmk84j0wcw9ldy866dn07nzqg2ktyuyjvfvr3jgtq,26,29,235,387,2020-12-02 05:22:44,2023-01-02 00:12:25,legacy/2026-05-20-pre-v2-import/data/raw/iog/delegation_history.csv
iog,pool1pfprlfz0ywcnewjegazz05ghgcfkvu40v6edsz6yn8w362sdjr8,26,31,213,472,2020-08-15 15:49:17,2024-03-04 13:12:21,legacy/2026-05-20-pre-v2-import/data/raw/iog/delegation_history.csv
iog,pool1qzlw7z5mutmd39ldyjnp8n650weqe55z5p8dl3fagac3ge0nx8l,26,31,210,434,2020-07-30 01:12:31,2023-08-28 02:40:35,legacy/2026-05-20-pre-v2-import/data/raw/iog/delegation_history.csv
iog,pool1s3z5qsg75dar26ykyzcz2u8wc2swgq7pyp7f9sdh5n06qh3jhq2,26,29,210,346,2020-07-30 00:17:51,2022-06-10 07:10:13,legacy/2026-05-20-pre-v2-import/data/raw/iog/delegation_history.csv
iog,pool1vnsfv2qpt5gxte9prupjey8kw7ap7t6c8lc02ks4s3gtqplhgd3,26,27,210,273,2020-07-30 01:34:11,2021-06-10 16:13:41,legacy/2026-05-20-pre-v2-import/data/raw/iog/delegation_history.csv
iog,pool1y2gynck9pd4en5rzm0rueqd2qm7sw89aqmkcntd899vv237qj38,26,30,308,332,2021-12-02 00:34:31,2022-04-05 15:15:43,legacy/2026-05-20-pre-v2-import/data/raw/iog/delegation_history.csv
iog,pool1zj4h7kc6v53q9r8x3fwzfuayf2frwme8u5k86gu0uzeeuvqxgul,26,32,247,606,2021-02-04 18:05:24,2026-01-03 17:02:08,legacy/2026-05-20-pre-v2-import/data/raw/iog/delegation_history.csv
iog,pool18zf8txwv8lmtpq2src8wrhz0pjut5qft8h5tfxnctwc95r7jvvj,25,30,284,554,2021-08-08 17:48:22,2025-04-16 14:55:17,legacy/2026-05-20-pre-v2-import/data/raw/iog/delegation_history.csv
iog,pool1cj8dxjjlyn9xmjavr98ytmvlpd4vwgqp36kq8rl6jjyt6k2adfh,25,26,301,327,2021-10-30 13:02:12,2022-03-09 01:50:54,legacy/2026-05-20-pre-v2-import/data/raw/iog/delegation_history.csv
iog,pool1hht4pctn70tqdsd0zwuxv8d8cz6l5scjzaquty7vamyzy78eqvc,25,25,210,328,2020-07-30 06:39:11,2022-03-13 22:24:27,legacy/2026-05-20-pre-v2-import/data/raw/iog/delegation_history.csv
iog,pool1jhzf2mm6zdlhl6w89uhgx8nq8p6ykcc86qq58vjy0ejyxrrksfj,25,33,210,457,2020-07-29 22:30:31,2023-12-18 16:52:06,legacy/2026-05-20-pre-v2-import/data/raw/iog/delegation_history.csv
iog,pool1lfvzgsrghmugvpym868mh29288ez0nncz680mamzjygu2jpuwcd,25,26,274,588,2021-06-17 15:08:53,2025-10-02 18:33:47,legacy/2026-05-20-pre-v2-import/data/raw/iog/delegation_history.csv
iog,pool1xn4kqt45xh3udf87kmtkdfz8xh9qn6trlqsf39eusk23ufmxhgr,25,26,318,457,2022-01-21 02:01:04,2023-12-21 16:35:04,legacy/2026-05-20-pre-v2-import/data/raw/iog/delegation_history.csv
iog,pool14u30jkg45xwd27kmznz43hxy596lvrrpj0wz8w9a9k97kmt4p2d,24,25,215,503,2020-08-27 21:20:44,2024-08-07 02:25:06,legacy/2026-05-20-pre-v2-import/data/raw/iog/delegation_history.csv
iog,pool18wvrpuz4uftxs83gf39ynh7cy3nds8q0hs7u7yuelu4e78w237s,24,24,280,301,2021-07-14 23:18:55,2021-10-28 17:13:21,legacy/2026-05-20-pre-v2-import/data/raw/iog/delegation_history.csv
iog,pool1ezh8sewqgzy7267yvy0jssz8q7amce37x3dhmfl22j8lwz6wjrd,24,33,245,337,2021-01-25 03:42:22,2022-04-30 00:09:17,legacy/2026-05-20-pre-v2-import/data/raw/iog/delegation_history.csv
iog,pool1g5gmej3cj67td4pmvmacnls8nuq0gjld2pwfeg3jwpxujdx6lmu,24,26,213,374,2020-08-14 17:17:04,2022-10-29 13:54:35,legacy/2026-05-20-pre-v2-import/data/raw/iog/delegation_history.csv
iog,pool1l3fvlzadk5hg78wy3e304s9t8tjzxnu962e2fl7tq8x2yg3mz6l,24,25,211,238,2020-08-07 19:46:11,2020-12-18 21:09:31,legacy/2026-05-20-pre-v2-import/data/raw/iog/delegation_history.csv
iog,pool1qzlw72zfwhhc0ptvzdpld06szu39x9mlm6782efy6sluz932fx6,24,25,213,318,2020-08-16 04:36:42,2022-01-24 22:03:54,legacy/2026-05-20-pre-v2-import/data/raw/iog/delegation_history.csv
iog,pool1ttxtgplmy2v7t9s56gm3xxhsyxe68kpx0vu3utts03p2k4x3avl,24,35,310,326,2021-12-12 05:32:08,2022-03-06 20:33:32,legacy/2026-05-20-pre-v2-import/data/raw/iog/delegation_history.csv
iog,pool1yctcnexnjqq25ve5jh2dh6zswz98leafjcq356lfspsdk9z690e,24,26,290,323,2021-09-06 20:22:30,2022-02-14 23:55:52,legacy/2026-05-20-pre-v2-import/data/raw/iog/delegation_history.csv
iog,pool15wj590e6gsmpmttrxjd0emck09a0h9tazd2ww77q6duyvg8lyum,23,33,248,318,2021-02-06 17:33:28,2022-01-21 05:08:22,legacy/2026-05-20-pre-v2-import/data/raw/iog/delegation_history.csv
iog,pool1pclcqwg45da00d4py9qfry3k86w7vkzjgfmvyrpx75g7u8t9nwf,23,30,277,542,2021-07-04 00:45:58,2025-02-16 08:43:24,legacy/2026-05-20-pre-v2-import/data/raw/iog/delegation_history.csv
iog,pool1qs6h0y7czzt605kptmrv6cr85kxd6tajr2hs0etvxphv7tr7nqu,23,25,225,465,2020-10-14 11:03:41,2024-01-27 17:15:54,legacy/2026-05-20-pre-v2-import/data/raw/iog/delegation_history.csv
iog,pool1xn63858ej0gcs4tkjm2e3a2fgjrecfxtvzq3465ypl8ywkx7gcv,23,24,292,340,2021-09-17 18:09:37,2022-05-13 11:02:13,legacy/2026-05-20-pre-v2-import/data/raw/iog/delegation_history.csv
iog,pool12mmcc4rc2fzfv7gyv8h06nvnsrm3m7erzdv8x6gzvjxlu2lf09n,22,23,210,609,2020-08-03 21:26:51,2026-01-16 17:05:45,legacy/2026-05-20-pre-v2-import/data/raw/iog/delegation_history.csv
iog,pool14cq4fchmmqjygwjw4zexmqqd6a7caxptjnvseyu6wanjuppv4vk,22,22,323,602,2022-02-15 14:43:09,2025-12-15 10:24:24,legacy/2026-05-20-pre-v2-import/data/raw/iog/delegation_history.csv
iog,pool18mege8wvzzdvh8cxx6ncnqyvacl4lxukw495c87xmz8qcdl6lj8,22,25,233,281,2020-11-24 16:24:51,2021-07-24 14:06:39,legacy/2026-05-20-pre-v2-import/data/raw/iog/delegation_history.csv
iog,pool1hkklrx9ac7w57d79mnv76rxlgq4acg5ecwhyep7k3zn0u5cz2k9,22,23,226,587,2020-10-22 03:48:26,2025-09-30 12:32:13,legacy/2026-05-20-pre-v2-import/data/raw/iog/delegation_history.csv
iog,pool1pk8mzy6c7ef6m3qxc9gg6flec96pcn4sdd6maakkweyf5whuuu7,22,25,248,258,2021-02-09 02:58:08,2021-03-27 01:28:26,legacy/2026-05-20-pre-v2-import/data/raw/iog/delegation_history.csv
iog,pool1s2rj8t2a5tfv0rpsfak77g03h96uv3rqxp62t6jm3dh45g2e2pj,22,23,242,425,2021-01-06 17:44:51,2023-07-11 10:38:17,legacy/2026-05-20-pre-v2-import/data/raw/iog/delegation_history.csv
iog,pool1wz27a9pvd2jat98s375lxaaj7qxy405km4vzp83wn5vtwp59kvh,22,27,213,339,2020-08-17 00:37:26,2022-05-06 21:30:37,legacy/2026-05-20-pre-v2-import/data/raw/iog/delegation_history.csv
iog,pool15pmdr6nw3g6mmt7regefp2lrx3njah0gpwsnqm794c4wsr23062,21,27,274,328,2021-06-17 20:40:29,2022-03-12 02:58:39,legacy/2026-05-20-pre-v2-import/data/raw/iog/delegation_history.csv
iog,pool1jql92je87mrx5gpjhmwr6a8a766cktcf5p0p8wd0wxq87nu80yf,21,22,249,386,2021-02-11 19:04:38,2022-12-26 23:45:04,legacy/2026-05-20-pre-v2-import/data/raw/iog/delegation_history.csv
iog,pool1jqw9cv37w0eewvdr36w2kacd2w9wh5uwm2y3vmc0fmdfc0ax26l,21,30,217,258,2020-09-04 15:05:55,2021-03-28 00:27:44,legacy/2026-05-20-pre-v2-import/data/raw/iog/delegation_history.csv
iog,pool1l0pmgdsymmdntuyan4snj88q8nm9axemwefu5ymkuq2s6gr90cn,21,23,230,285,2020-11-08 20:35:31,2021-08-09 15:07:48,legacy/2026-05-20-pre-v2-import/data/raw/iog/delegation_history.csv
iog,pool1qqqqrwzy7njvjq9wph7usj5gghm3py9c97688ek8pgc7uem9cfz,21,27,210,318,2020-08-02 11:26:51,2022-01-25 01:55:16,legacy/2026-05-20-pre-v2-import/data/raw/iog/delegation_history.csv
iog,pool1tcmk6at0dmkytxgq5j4u7fgsx9kytvfu7gz22lrs8hp9ztu7arw,21,23,252,574,2021-02-26 01:37:37,2025-07-23 22:49:40,legacy/2026-05-20-pre-v2-import/data/raw/iog/delegation_history.csv
iog,pool1y53awxsm6cmksp8qht8qfq5f5c69t6mrgrdcresk5y0ecv2yj93,21,21,210,318,2020-07-30 05:34:11,2022-01-23 11:45:59,legacy/2026-05-20-pre-v2-import/data/raw/iog/delegation_history.csv
iog,pool15f9qklmaajysmwx9n3rkgc5s2g3rfffz4x8spnedtzdgq43tpe2,20,27,233,338,2020-11-24 15:41:59,2022-05-05 10:47:15,legacy/2026-05-20-pre-v2-import/data/raw/iog/delegation_history.csv
iog,pool167zl76srpt5a2gthpsq0ye9z4fpray5vsh7xyzcn63hd5mnw7fa,20,22,230,265,2020-11-11 20:23:57,2021-05-02 18:41:49,legacy/2026-05-20-pre-v2-import/data/raw/iog/delegation_history.csv
iog,pool192pfftt48zc4x5aellvpufk6l6zxllpldw0rx82vrhqrqfhhqs2,20,20,502,567,2024-08-02 08:15:40,2025-06-20 20:29:06,legacy/2026-05-20-pre-v2-import/data/raw/iog/delegation_history.csv
iog,pool19f6guwy97mmnxg9dz65rxyj8hq07qxud886hamyu4fgfz7dj9gl,20,22,234,620,2020-12-01 09:24:37,2026-03-14 08:08:34,legacy/2026-05-20-pre-v2-import/data/raw/iog/delegation_history.csv
iog,pool1a23gmvalpdams9d42t7fur8vmknzjv7wd3nsvuvrc7dv66lnau0,20,24,325,613,2022-02-26 00:55:26,2026-02-07 01:33:55,legacy/2026-05-20-pre-v2-import/data/raw/iog/delegation_history.csv
iog,pool1ahazpr2yz5gljk2m4q8g7wnmq7m2sr9unhdfmr5arhqrjnntwdz,20,22,265,547,2021-05-01 02:58:35,2025-03-10 21:58:48,legacy/2026-05-20-pre-v2-import/data/raw/iog/delegation_history.csv
iog,pool1cmaafeyy52ppz62jqmsm20c5p8nua7xx95lkkf96ktmqqj3w5td,20,23,255,536,2021-03-13 19:52:05,2025-01-15 09:53:59,legacy/2026-05-20-pre-v2-import/data/raw/iog/delegation_history.csv
iog,pool1e4tjrl3ve7dcqwa70pexds6f8llk0txx09gm3r4m472ej4p6473,20,20,231,325,2020-11-15 07:20:55,2022-02-26 13:31:19,legacy/2026-05-20-pre-v2-import/data/raw/iog/delegation_history.csv
iog,pool1f488flg33j9vqzdce87t0e0g6mhjj7aacd4209pg93c77lrpywz,20,20,280,302,2021-07-19 03:12:44,2021-11-02 16:03:25,legacy/2026-05-20-pre-v2-import/data/raw/iog/delegation_history.csv
iog,pool1fs2m5rmlx66crcwwrrsf2pcxjhvk7kzdurcqusd3v5gm65cufnj,20,24,216,278,2020-08-30 05:29:40,2021-07-07 05:07:23,legacy/2026-05-20-pre-v2-import/data/raw/iog/delegation_history.csv
iog,pool1g8y2gz4sk7xhyaj469jlj3njyu5dlvqa7t7v9c2gk0yc69879z8,20,21,233,329,2020-11-22 14:32:22,2022-03-17 06:55:39,legacy/2026-05-20-pre-v2-import/data/raw/iog/delegation_history.csv
iog,pool1hwlghkwnjsjk8370qt3dvp23d7urwm36f95fmxcz3np2kghknj9,20,22,210,476,2020-07-30 17:38:51,2024-03-22 16:50:13,legacy/2026-05-20-pre-v2-import/data/raw/iog/delegation_history.csv
iog,pool1jpz5m45ff4r6tnq7n5tw63fkhpmw3cyv8sn569w24x8lj3kl68c,20,23,234,402,2020-12-01 02:56:22,2023-03-18 14:41:16,legacy/2026-05-20-pre-v2-import/data/raw/iog/delegation_history.csv
iog,pool1vulu80lngn7t3jf3trclavfal7h58p4ap5f849r35z6mkfvac3c,20,21,297,301,2021-10-11 02:59:28,2021-10-28 14:34:05,legacy/2026-05-20-pre-v2-import/data/raw/iog/delegation_history.csv
iog,pool1ayfjmnrv5vg6tfducvysn360re6qfwuv2rhc4ph6jk33ztuxlhq,19,19,235,538,2020-12-05 11:37:43,2025-01-28 16:11:24,legacy/2026-05-20-pre-v2-import/data/raw/iog/delegation_history.csv
iog,pool1cduc7ut6grhqyavrmm3gzcdf4qfdsjk7vdwcxy9c0r5fyaxh2sq,19,21,216,255,2020-09-01 19:22:23,2021-03-16 12:17:16,legacy/2026-05-20-pre-v2-import/data/raw/iog/delegation_history.csv
iog,pool1cuccvs6vdlrxw67kwvzdx3gcl3ha0402mkhhseqmre7u7vdkwev,19,19,210,262,2020-07-30 05:48:11,2021-04-17 08:42:23,legacy/2026-05-20-pre-v2-import/data/raw/iog/delegation_history.csv
iog,pool1eqxnk8mylmksd9amjlyhseax8lcux09ck3etcvlalfzhuu7qvzp,19,23,321,365,2022-02-08 06:27:23,2022-09-17 12:46:41,legacy/2026-05-20-pre-v2-import/data/raw/iog/delegation_history.csv
iog,pool1evg78egp8gfqae273kvmmdee2dnt6vty60dpwdespg4hujznh3a,19,21,211,456,2020-08-03 21:58:31,2023-12-13 23:38:37,legacy/2026-05-20-pre-v2-import/data/raw/iog/delegation_history.csv
iog,pool1g6g2d09le8hd6nv9jhyavewdnw8tu0ndst4lqysd00ru24cav0a,19,19,210,292,2020-08-03 20:57:11,2021-09-13 07:44:25,legacy/2026-05-20-pre-v2-import/data/raw/iog/delegation_history.csv
iog,pool1kkfkdces5mdcyc9dn2hgg3463jggjvw3h89nejjarkz25uavaqu,19,22,210,323,2020-07-30 03:08:51,2022-02-16 14:07:15,legacy/2026-05-20-pre-v2-import/data/raw/iog/delegation_history.csv
iog,pool1mm7avcuw8v6f86esqtt6xx6rkagryrfq22y994snes832rjs2mt,19,21,246,259,2021-01-29 10:28:23,2021-04-01 08:36:09,legacy/2026-05-20-pre-v2-import/data/raw/iog/delegation_history.csv
iog,pool1q0a7a94cfk4ph7gugj636tsuhhd98l2sfjv2adhaff2mvs7kmtl,19,20,238,577,2020-12-19 00:50:13,2025-08-11 17:39:19,legacy/2026-05-20-pre-v2-import/data/raw/iog/delegation_history.csv
iog,pool1qzz0flh92qkg0mjufaw9j2zk72lmvf5n2kuaslk4f8j4ze362w4,19,20,287,437,2021-08-19 15:25:04,2023-09-09 19:48:33,legacy/2026-05-20-pre-v2-import/data/raw/iog/delegation_history.csv
iog,pool1v5u6wzakuc25q3zpx04t8gjz3rgu60wuxkv2mh5nga23xjkc86s,19,19,306,576,2021-11-25 22:12:15,2025-08-06 06:20:23,legacy/2026-05-20-pre-v2-import/data/raw/iog/delegation_history.csv
iog,pool1wyfau3rlkckr3clr4mkyxn9vdlrkup0fj7uyyflfccmms24gm3a,19,19,233,262,2020-11-22 01:19:08,2021-04-20 11:59:51,legacy/2026-05-20-pre-v2-import/data/raw/iog/delegation_history.csv
iog,pool1zk6uxgptztrxxamzd0ugrtu84xg8mjymd2xcdvxqazpruqt9r3x,19,20,230,336,2020-11-11 20:19:26,2022-04-21 07:55:31,legacy/2026-05-20-pre-v2-import/data/raw/iog/delegation_history.csv
iog,pool10qmnswfc22zm0fscg80gkwqz65ujwjkqmctv8g9l9l58wqtelgg,18,18,212,286,2020-08-13 15:47:51,2021-08-18 13:44:19,legacy/2026-05-20-pre-v2-import/data/raw/iog/delegation_history.csv
iog,pool1cd987kw92e3nmjywcfwfws79a09rwp0p0xj5mdtr39qukxgp9uf,18,19,213,488,2020-08-18 15:50:02,2024-05-20 05:35:27,legacy/2026-05-20-pre-v2-import/data/raw/iog/delegation_history.csv
iog,pool1dxkf7k3qwnpgpxqfye8y9jvk7lver3fk8dq7c4dpzezyyx8cf5c,18,20,210,334,2020-07-30 06:22:31,2022-04-12 03:56:55,legacy/2026-05-20-pre-v2-import/data/raw/iog/delegation_history.csv
iog,pool1lr5ku0p3jhykdf3a2kcr0tyra30qvzrtl02dr6uyv98rxdsy3k9,18,19,235,274,2020-12-02 04:04:50,2021-06-15 19:53:19,legacy/2026-05-20-pre-v2-import/data/raw/iog/delegation_history.csv
iog,pool1nz9h4raywm6mu2v8l7htuaqvmn06l3mepuaxynpzlwljsf8txhy,18,19,317,478,2022-01-19 07:12:20,2024-04-03 16:57:45,legacy/2026-05-20-pre-v2-import/data/raw/iog/delegation_history.csv
iog,pool1qakys0fxx5p2fxcnsc2tyjpqa88q7qgtdh5t3a32hplv6fg25r9,18,22,454,560,2023-12-04 14:19:23,2025-05-15 18:19:38,legacy/2026-05-20-pre-v2-import/data/raw/iog/delegation_history.csv
iog,pool1030vz0wxheg0dvarr8hmeavelpszmp52qucs68c7wc9uga6n6e4,17,18,266,268,2021-05-06 20:52:05,2021-05-18 18:29:48,legacy/2026-05-20-pre-v2-import/data/raw/iog/delegation_history.csv
iog,pool13qdkwy5y88ncr5qpjrh8hgtf94d0zw4wuhgezjg3hvlyyrh37c7,17,18,253,506,2021-03-04 17:25:56,2024-08-20 17:32:17,legacy/2026-05-20-pre-v2-import/data/raw/iog/delegation_history.csv
iog,pool170hmssk80z2ameg7jhj5m8psnkjejcc77vfpd0875yggxhhntd0,17,18,251,557,2021-02-22 03:23:00,2025-05-03 21:03:15,legacy/2026-05-20-pre-v2-import/data/raw/iog/delegation_history.csv
iog,pool17h6slydr6rd9vquqa38p5cf9xqnpc24w6a99rhllcjzljgugx6x,17,18,320,342,2022-01-31 19:57:57,2022-05-23 09:26:01,legacy/2026-05-20-pre-v2-import/data/raw/iog/delegation_history.csv
iog,pool1j6dh3ynys827j38976q0q3s3c9hpzgx40kjcq4472h6m7d3t0hm,17,18,229,324,2020-11-02 00:56:34,2022-02-20 14:40:18,legacy/2026-05-20-pre-v2-import/data/raw/iog/delegation_history.csv
iog,pool1jjry6f6q0swaq457ft9eclaxaskvrxnpj0v3w8edsyfryml3vj6,17,19,210,600,2020-07-31 19:45:31,2025-12-02 05:33:29,legacy/2026-05-20-pre-v2-import/data/raw/iog/delegation_history.csv
iog,pool1jyutduy73e5u9877uns3k9rm0tf4r24j8lrn4xtkjpl3q5sn5mw,17,18,210,357,2020-08-01 04:52:11,2022-08-06 15:22:29,legacy/2026-05-20-pre-v2-import/data/raw/iog/delegation_history.csv
iog,pool1k633phcvz2hjhj45evwwau4w576jpq83acg5h84w23jauqu56cw,17,19,305,604,2021-11-20 00:39:52,2025-12-20 23:40:57,legacy/2026-05-20-pre-v2-import/data/raw/iog/delegation_history.csv
iog,pool1k6knum588fm9fe5tmljeytyx65rv6h5jn8au824t86zt62nyd9e,17,17,235,324,2020-12-06 18:02:02,2022-02-22 20:46:53,legacy/2026-05-20-pre-v2-import/data/raw/iog/delegation_history.csv
iog,pool1twd9vvegn3fqq0f4n08p3aml2ud8q87njs49900rycj4sr5hhcy,17,23,240,323,2020-12-30 00:22:28,2022-02-15 12:04:00,legacy/2026-05-20-pre-v2-import/data/raw/iog/delegation_history.csv
iog,pool10let2ne3rdnhf6pvhauqcsf7f83hkagp4lfs792frrmu5up7xa7,16,17,285,294,2021-08-11 07:42:43,2021-09-25 02:09:56,legacy/2026-05-20-pre-v2-import/data/raw/iog/delegation_history.csv
iog,pool10quq4wlghwrvmhdzc7geq22pyhzegccwj56ax2g8hx0cjfahufs,16,23,210,580,2020-08-02 23:48:51,2025-08-23 00:16:49,legacy/2026-05-20-pre-v2-import/data/raw/iog/delegation_history.csv
iog,pool127gdv243hfcrapslaqq0nnh64u2gts72gtrt4888g6g2z0zsu64,16,25,251,439,2021-02-22 19:05:13,2023-09-19 19:17:20,legacy/2026-05-20-pre-v2-import/data/raw/iog/delegation_history.csv
iog,pool15mv5w2vvfv2kplkrt40ylylyvdudv5axq5nyw6ln3v0gkd2auew,16,19,211,394,2020-08-07 06:26:51,2023-02-05 08:23:06,legacy/2026-05-20-pre-v2-import/data/raw/iog/delegation_history.csv
iog,pool17taqml487n9t4r9a6ppvf9qv0qlw2lu4zcrzwfdsfcv6xp7uqym,16,17,284,474,2021-08-05 17:18:45,2024-03-13 22:51:00,legacy/2026-05-20-pre-v2-import/data/raw/iog/delegation_history.csv
iog,pool1853ffwhtuka742fq4av7s3ssdpvzhdkpw53th3es36zkwrllj9g,16,18,307,459,2021-12-01 04:38:42,2023-12-29 02:55:11,legacy/2026-05-20-pre-v2-import/data/raw/iog/delegation_history.csv
iog,pool1cyq3v3v43hu7spwlfxdm6vq9djpsjjueerhlu5qr2rvd57vqk84,16,17,318,406,2022-01-24 04:18:35,2023-04-07 15:47:27,legacy/2026-05-20-pre-v2-import/data/raw/iog/delegation_history.csv
iog,pool1e556526sqwugxwnmeumt9lhj5jukklg8vv3ynk75xt9vs7adr5y,16,19,210,527,2020-07-29 23:34:51,2024-12-02 05:01:58,legacy/2026-05-20-pre-v2-import/data/raw/iog/delegation_history.csv
iog,pool1grhujlggx90ln0jcnrey4adckysxdx6rqfmx9s6fnhtc2g0qym0,16,17,310,326,2021-12-16 17:41:20,2022-03-02 18:42:58,legacy/2026-05-20-pre-v2-import/data/raw/iog/delegation_history.csv
iog,pool1j6zqawj6f58lp4p00t26eqe58gxx4pa3cudlzpkv23y92nlxjzd,16,16,231,295,2020-11-12 06:07:44,2021-09-28 21:33:24,legacy/2026-05-20-pre-v2-import/data/raw/iog/delegation_history.csv
iog,pool1kmsr376syqkluhxvv8k2axugqw7unjmlkwhfxjxtj7cw7qcn0jn,16,17,242,559,2021-01-08 15:25:21,2025-05-10 23:51:58,legacy/2026-05-20-pre-v2-import/data/raw/iog/delegation_history.csv
iog,pool1l6aeyn35nkqkn9lqqlwqnpraakdzuukjrqprcrj3sctk6hhe32k,16,18,255,525,2021-03-12 20:39:51,2024-11-21 21:01:22,legacy/2026-05-20-pre-v2-import/data/raw/iog/delegation_history.csv
iog,pool1pmm654jfx088td54ekkkd0j28x6r5gnjdhnutzggursrxjnpk2y,16,17,491,579,2024-06-06 13:47:17,2025-08-19 06:03:36,legacy/2026-05-20-pre-v2-import/data/raw/iog/delegation_history.csv
iog,pool1qkd5y9azf2xx0gmrj68lrkcn59ldjmnpzd3y2rq3tvjp2vqljan,16,16,286,379,2021-08-14 07:10:55,2022-11-26 21:37:16,legacy/2026-05-20-pre-v2-import/data/raw/iog/delegation_history.csv
iog,pool1qqmvjqwzcg3p0x89a9hd6lgwvqq8wy2w6mcx0csaxq4x6xz7qyn,16,16,250,259,2021-02-15 16:22:36,2021-04-02 06:03:35,legacy/2026-05-20-pre-v2-import/data/raw/iog/delegation_history.csv
iog,pool1rj6apcqxcvavaxp22f75zs9upphena7ntsnut2efvq98g4404up,16,16,210,448,2020-08-01 08:23:51,2023-11-03 12:24:17,legacy/2026-05-20-pre-v2-import/data/raw/iog/delegation_history.csv
iog,pool1xtrwqwu6jn896szjwsyxxjczl6hc9sq4lh5ax68f7dt3gc0y9rx,16,17,307,329,2021-11-29 05:09:05,2022-03-20 21:13:09,legacy/2026-05-20-pre-v2-import/data/raw/iog/delegation_history.csv
iog,pool12jnulzs7j8lsku4r2a7q6tee6tt66872vwhqh8jxvgzn6837jtl,15,17,232,417,2020-11-20 04:23:01,2023-06-03 08:32:23,legacy/2026-05-20-pre-v2-import/data/raw/iog/delegation_history.csv
iog,pool12n6lycv28kjtkzecfz2a3uujyxy6ewuwjcmjq84my67psqmgagv,15,16,211,317,2020-08-05 08:33:11,2022-01-20 03:14:17,legacy/2026-05-20-pre-v2-import/data/raw/iog/delegation_history.csv
iog,pool15nww4436eq733eypdq7vnllsnqyrwftw434xkvpm2mc2kfue2ux,15,18,249,339,2021-02-10 17:45:45,2022-05-10 01:02:38,legacy/2026-05-20-pre-v2-import/data/raw/iog/delegation_history.csv
iog,pool1dqlgn7smehsnj5ztz8almy2036lfhrdjv79nmg9tmje0zzt620h,15,17,215,328,2020-08-24 20:20:24,2022-03-12 20:32:53,legacy/2026-05-20-pre-v2-import/data/raw/iog/delegation_history.csv
iog,pool1efxh54fk0dj5uu2e4eu08klxl5ys3saphv3kec33kw3xv8738sc,15,16,235,327,2020-12-05 02:23:31,2022-03-10 12:16:23,legacy/2026-05-20-pre-v2-import/data/raw/iog/delegation_history.csv
iog,pool1ffrre548h22n68ln29xph3qezrag3z8ad0kg8yzu6epds3qr58k,15,15,242,330,2021-01-09 19:20:54,2022-03-25 14:01:04,legacy/2026-05-20-pre-v2-import/data/raw/iog/delegation_history.csv
iog,pool1fh4sh2telea0tfdy39h0drx6uq566yt9gf24edpz7335sclx39z,15,17,210,338,2020-07-30 05:43:11,2022-05-05 00:00:49,legacy/2026-05-20-pre-v2-import/data/raw/iog/delegation_history.csv
iog,pool1mkjtce8r8yeku0mmc9vpwl0scuwuwc8lz89ckpj3k0kwgvlunv5,15,17,360,448,2022-08-21 20:39:52,2023-11-06 03:23:48,legacy/2026-05-20-pre-v2-import/data/raw/iog/delegation_history.csv
iog,pool1n2yp66zk6m33sg8k20hsvmk9tw7xeeswzdcfxhnx9hm9jkxv5k4,15,17,266,323,2021-05-09 17:51:14,2022-02-18 22:11:06,legacy/2026-05-20-pre-v2-import/data/raw/iog/delegation_history.csv
iog,pool1qzlwlpcsgflr9z3f24fg836tyq45p0kf5cnrp20s8v0psp6tdkx,15,17,233,349,2020-11-22 06:03:59,2022-06-25 08:42:55,legacy/2026-05-20-pre-v2-import/data/raw/iog/delegation_history.csv
iog,pool1qzlwlyu92fsx94qu6u5nw3sy334f5yat3dv3jgx0grrsv0kp422,15,16,210,318,2020-07-31 02:33:31,2022-01-22 22:38:20,legacy/2026-05-20-pre-v2-import/data/raw/iog/delegation_history.csv
iog,pool1s79cqtwk5s24lcske704ckx7k2pagn8hc95rxvy3xfda6r62pg9,15,17,240,255,2020-12-30 15:15:54,2021-03-14 23:40:39,legacy/2026-05-20-pre-v2-import/data/raw/iog/delegation_history.csv
iog,pool1t8gjk7jzvujfv9s8q992e6s7tp8na0q3j62g7s4ppzfmccus4jk,15,17,226,490,2020-10-18 05:09:21,2024-06-02 15:30:50,legacy/2026-05-20-pre-v2-import/data/raw/iog/delegation_history.csv
iog,pool1tpy5yawzpetcverves0h6xdycxgrstehfvrkygydt9jcqxwpw3j,15,15,222,460,2020-09-29 03:33:02,2024-01-04 18:21:36,legacy/2026-05-20-pre-v2-import/data/raw/iog/delegation_history.csv
iog,pool1vafsg5t78rnx3qr3fv7ys9h50pnvxqhd4l8tj629l5zk7tc39ch,15,15,210,317,2020-07-30 21:06:51,2022-01-17 13:41:11,legacy/2026-05-20-pre-v2-import/data/raw/iog/delegation_history.csv
iog,pool1arsqn9w87wpqlm0sre66gs79dcs0jmwulytgke3vut7u62lttu7,14,14,212,600,2020-08-11 22:21:11,2025-12-04 01:33:46,legacy/2026-05-20-pre-v2-import/data/raw/iog/delegation_history.csv
iog,pool1gqgyta9sku3crjzfl9kj7kxsgfkt98y98yeu09kx22zscrezuj7,14,15,338,599,2022-05-05 19:47:13,2025-11-27 00:27:05,legacy/2026-05-20-pre-v2-import/data/raw/iog/delegation_history.csv
iog,pool1j099ctc7kcc9fa78dz5qwsy2g0n96lrgletwxvxmyzh4zd7ck0j,14,17,315,574,2022-01-07 16:29:30,2025-07-28 16:36:03,legacy/2026-05-20-pre-v2-import/data/raw/iog/delegation_history.csv
iog,pool1k9w9u6rrn4f729hws6crwh4kc9jsdjq0e8q0f64jp0vzyallw02,14,14,296,299,2021-10-06 02:56:43,2021-10-19 16:05:31,legacy/2026-05-20-pre-v2-import/data/raw/iog/delegation_history.csv
iog,pool1l06jygvntdfqt77td6g5rp9s4nycue0vq837jmrygyktke23pcy,14,17,242,254,2021-01-06 03:40:38,2021-03-11 06:15:12,legacy/2026-05-20-pre-v2-import/data/raw/iog/delegation_history.csv
iog,pool1lkpj6fa4l0sy39qfvyl4pcsnnd22y8np8j98vzwula2kuxgers4,14,16,217,254,2020-09-02 22:27:59,2021-03-07 10:48:50,legacy/2026-05-20-pre-v2-import/data/raw/iog/delegation_history.csv
iog,pool1rtj8f2pjedcjh78ey2fc4wvatjyeudeam6lsv6snttwuvhn2vsq,14,18,304,339,2021-11-16 16:32:11,2022-05-07 01:11:07,legacy/2026-05-20-pre-v2-import/data/raw/iog/delegation_history.csv
iog,pool1vtpn0drn5t39frknedmqq2jkhsfstwketsnvdm7cjzz674s30v2,14,14,318,478,2022-01-23 13:17:00,2024-04-04 20:57:50,legacy/2026-05-20-pre-v2-import/data/raw/iog/delegation_history.csv
iog,pool1vxvdypctdecvc2j7xu9y8h2fdxvkpjy2pp8luwg2h6dx5jlv0nk,14,14,210,331,2020-07-30 06:16:31,2022-03-27 19:51:06,legacy/2026-05-20-pre-v2-import/data/raw/iog/delegation_history.csv
iog,pool10efuydxjnasr0309lqklmj9xahupdnzqd59r5dqjeh4twz06tr0,13,15,218,343,2020-09-10 05:23:44,2022-05-30 14:47:31,legacy/2026-05-20-pre-v2-import/data/raw/iog/delegation_history.csv
iog,pool15hx9hze8ulcsw6e7ceelz2pem2g3u9c29wqe4eszkhspj3wcdlx,13,14,320,331,2022-02-04 20:57:41,2022-03-28 02:39:45,legacy/2026-05-20-pre-v2-import/data/raw/iog/delegation_history.csv
iog,pool18j287g2sccele52hhxc0csk2ghfghwndqm9yahdqnhjks840wtq,13,16,287,336,2021-08-18 23:23:57,2022-04-25 01:09:25,legacy/2026-05-20-pre-v2-import/data/raw/iog/delegation_history.csv
iog,pool19ru9alj7n5anmzs0f9gpzlj8kaq44yhcp45mldjvldxck8f6yg6,13,16,325,370,2022-02-27 23:02:51,2022-10-07 22:35:46,legacy/2026-05-20-pre-v2-import/data/raw/iog/delegation_history.csv
iog,pool1c89d4drtwn0048mekkdkzllz559ahnntxelyw2mppxnmc36hjlx,13,13,211,615,2020-08-06 04:10:31,2026-02-15 12:49:17,legacy/2026-05-20-pre-v2-import/data/raw/iog/delegation_history.csv
iog,pool1d3gckjrphwytzw2uavgkxskwe08msumzsfj4lxnpcnpks3zjml3,13,13,318,398,2022-01-21 16:27:50,2023-02-26 08:46:34,legacy/2026-05-20-pre-v2-import/data/raw/iog/delegation_history.csv
iog,pool1q0jmr57udknpq8k5qtgt5vgdjq9pzrzevf68966wxn8zgz7qy3w,13,17,244,578,2021-01-16 03:55:57,2025-08-15 02:12:46,legacy/2026-05-20-pre-v2-import/data/raw/iog/delegation_history.csv
iog,pool1vdh6kxcqt9mxavyv80ggnec6jjwms44ms30rhle3lt266aj8jgh,13,13,317,320,2022-01-18 18:14:29,2022-02-01 11:41:53,legacy/2026-05-20-pre-v2-import/data/raw/iog/delegation_history.csv
iog,pool1whmm0hkxunyhxsr6dfjpx2tpvd05qhev820lx9vcmvqa5wjc6nh,13,14,252,574,2021-02-25 03:47:24,2025-07-24 01:06:08,legacy/2026-05-20-pre-v2-import/data/raw/iog/delegation_history.csv
iog,pool1yet04d4ykpp7me8uc2jx2glxrx88kt9uhmv6jeh7xkmtu5zucna,13,13,233,267,2020-11-23 14:08:09,2021-05-15 08:19:38,legacy/2026-05-20-pre-v2-import/data/raw/iog/delegation_history.csv
iog,pool104gtn3hvp9lz5l6wevhjj98e45s7rfaa4zzvk9pex7nn786qncr,12,15,281,576,2021-07-23 11:39:14,2025-08-03 11:24:06,legacy/2026-05-20-pre-v2-import/data/raw/iog/delegation_history.csv
iog,pool10tqeu6d03p6rnalqlvdshmpsljxaq2c0ww6draq6xm8lgyl2a3p,12,15,224,463,2020-10-08 11:08:11,2024-01-16 19:03:12,legacy/2026-05-20-pre-v2-import/data/raw/iog/delegation_history.csv
iog,pool13pt7us94nw782t5v4d89sz8zqn8hcn8r8r7hhph5mvxvvp3c76v,12,12,250,601,2021-02-15 02:48:14,2025-12-10 07:14:03,legacy/2026-05-20-pre-v2-import/data/raw/iog/delegation_history.csv
iog,pool16fa03u6u85ek2q8lryqprngpahglssj5qqh66pfaxf34vgu5rhl,12,14,296,328,2021-10-04 08:43:15,2022-03-14 08:57:48,legacy/2026-05-20-pre-v2-import/data/raw/iog/delegation_history.csv
iog,pool17pv7m8h5dxsyt55upay8n8ake2cgcz4mcr737um2tl8d2wthzqr,12,15,213,354,2020-08-16 00:11:53,2022-07-22 08:13:12,legacy/2026-05-20-pre-v2-import/data/raw/iog/delegation_history.csv
iog,pool19lz8nyz0jjpdrdtnjaar4untk4th23gpg5s7aegn7480zff4vgq,12,58,241,617,2021-01-05 20:03:28,2026-02-26 06:20:54,legacy/2026-05-20-pre-v2-import/data/raw/iog/delegation_history.csv
iog,pool1c3ecg6h4m73a2mftmdm9mz3gxklxmnzuwzl9e38lzd4y26qcm8a,12,12,233,256,2020-11-25 20:25:49,2021-03-17 07:29:59,legacy/2026-05-20-pre-v2-import/data/raw/iog/delegation_history.csv
iog,pool1c55n72ag3tz8g7rntzuu9a86u7eugsy008xl3xsje8kwgvz2vdz,12,12,212,486,2020-08-12 11:05:11,2024-05-12 06:10:45,legacy/2026-05-20-pre-v2-import/data/raw/iog/delegation_history.csv
iog,pool1f2wfjqkf2wx6jq93pdck6hgmy9zgw32lmvrq9zejl7scqxjqfze,12,13,468,558,2024-02-10 19:41:34,2025-05-08 17:30:44,legacy/2026-05-20-pre-v2-import/data/raw/iog/delegation_history.csv
iog,pool1kchver88u3kygsak8wgll7htr8uxn5v35lfrsyy842nkscrzyvj,12,13,217,388,2020-09-02 22:24:02,2023-01-09 19:55:10,legacy/2026-05-20-pre-v2-import/data/raw/iog/delegation_history.csv
iog,pool1w4am4s9w4gkt8r0245km62vtnnv9hhq6j68exzh2pyaxxfaq0gc,12,12,234,255,2020-11-28 19:47:21,2021-03-14 21:59:21,legacy/2026-05-20-pre-v2-import/data/raw/iog/delegation_history.csv
iog,pool1w6l6rvhxtym5psec3mvgrjlg28d6hrv8g9jjexadzmxfgndfg2f,12,12,230,591,2020-11-11 20:45:10,2025-10-21 00:52:08,legacy/2026-05-20-pre-v2-import/data/raw/iog/delegation_history.csv
iog,pool1zytydvyy3qztrs8l2xyggvkfcjctp23m2hc3aj7sudnzgny79cg,12,13,258,524,2021-03-30 00:29:37,2024-11-18 03:46:53,legacy/2026-05-20-pre-v2-import/data/raw/iog/delegation_history.csv
iog,pool10hex9l4wjgqarvhr94xgyh9frv5lhtajhrj4dah0kl65jtws30k,11,12,237,546,2020-12-12 07:09:56,2025-03-10 00:25:34,legacy/2026-05-20-pre-v2-import/data/raw/iog/delegation_history.csv
iog,pool127xwsah7jllutuhen8vl7sve5278h7hhxtnys3cl438dyhuwgjg,11,11,227,304,2020-10-27 18:57:53,2021-11-16 07:09:16,legacy/2026-05-20-pre-v2-import/data/raw/iog/delegation_history.csv
iog,pool13wzpwavanfpkr4r4j30plrlc6dn6p822lkt22zdllmy7q8y7s90,11,21,238,254,2020-12-16 22:58:48,2021-03-11 07:30:37,legacy/2026-05-20-pre-v2-import/data/raw/iog/delegation_history.csv
iog,pool165ljt7xrrpceutz5ppe96suuw0jcnrvhg0f5vu60df0r5mt0x0c,11,11,368,487,2022-10-01 13:05:32,2024-05-15 17:31:01,legacy/2026-05-20-pre-v2-import/data/raw/iog/delegation_history.csv
iog,pool18zn7wa345uytjgds9hypn3jugnzqtfm4cny7anskkcmgwwxtwca,11,12,245,258,2021-01-21 01:41:05,2021-03-27 22:13:23,legacy/2026-05-20-pre-v2-import/data/raw/iog/delegation_history.csv
iog,pool1crprz3rdcwvfxmc0s4gxquh3qeqmscww2qfvpl93q52yyn7agsc,11,11,210,250,2020-07-30 14:20:31,2021-02-17 19:20:40,legacy/2026-05-20-pre-v2-import/data/raw/iog/delegation_history.csv
iog,pool1dmqzwuql5mylffvn7ln3pr9j7kh4gdsssrmma5wgx56f6rtyf42,11,16,211,406,2020-08-04 01:29:31,2023-04-06 00:28:46,legacy/2026-05-20-pre-v2-import/data/raw/iog/delegation_history.csv
iog,pool1gsrcrjm6ctkquef6m8jsyvplv0j357hupn92uklqdcm7729ytv6,11,14,303,398,2021-11-09 19:15:42,2023-03-01 02:13:55,legacy/2026-05-20-pre-v2-import/data/raw/iog/delegation_history.csv
iog,pool1hnp560z9e5acwux8tjguxq36j9r255zuf02u7z2d46dvcf5zhns,11,12,232,596,2020-11-17 19:03:38,2025-11-15 09:05:06,legacy/2026-05-20-pre-v2-import/data/raw/iog/delegation_history.csv
iog,pool1jf4kt5qvyx4plvv7gna2y2f7xsjh3mt2szk2ff23ryd8qg826hj,11,12,287,449,2021-08-22 15:23:35,2023-11-07 08:11:52,legacy/2026-05-20-pre-v2-import/data/raw/iog/delegation_history.csv
iog,pool1jufp9k6gmyusvch65ra8yk2s7wu6cx5fsgnltl83p93ejg6h3xg,11,11,281,364,2021-07-22 17:10:16,2022-09-12 11:06:43,legacy/2026-05-20-pre-v2-import/data/raw/iog/delegation_history.csv
iog,pool1ksh2u6kktx74ugv8jadrdqttwyjz9074ke82xt6j0qgfvdn43a5,11,12,234,254,2020-11-28 07:30:41,2021-03-09 22:28:43,legacy/2026-05-20-pre-v2-import/data/raw/iog/delegation_history.csv
iog,pool1mc6f3tvzp59yfn2przflkq9q6k00g0hfpyck5t5whjs8qdcjuj3,11,11,218,259,2020-09-09 09:36:14,2021-04-04 16:28:44,legacy/2026-05-20-pre-v2-import/data/raw/iog/delegation_history.csv
iog,pool1myvgx4ef424e6nw2strqq7dxcepav52plyyhxrk0avaw7y098l2,11,11,210,431,2020-07-30 05:15:51,2023-08-11 12:37:07,legacy/2026-05-20-pre-v2-import/data/raw/iog/delegation_history.csv
iog,pool1p5ja48uqc7pjnuqvwu7cgmspvx938qpnf4zqm0x2k0ngkh4lkjx,11,13,248,329,2021-02-07 04:22:10,2022-03-17 10:22:10,legacy/2026-05-20-pre-v2-import/data/raw/iog/delegation_history.csv
iog,pool1qku2yhky7sv4dfjfv42uyvauhehuqevk25aw952d7ulzqzx3jcu,11,12,239,545,2020-12-26 21:03:43,2025-03-03 03:35:03,legacy/2026-05-20-pre-v2-import/data/raw/iog/delegation_history.csv
iog,pool1qvvn2l690zm3v2p0f3vd66ly6cfs2wjqx34zpqcx5pwsx3eprtp,11,11,211,560,2020-08-08 07:24:51,2025-05-16 04:09:34,legacy/2026-05-20-pre-v2-import/data/raw/iog/delegation_history.csv
iog,pool1rct5guwnp6nk9f4ldn5tr3s42j0nm5rxeayv56lxua5ck47ex39,11,14,250,328,2021-02-16 06:49:30,2022-03-14 10:05:41,legacy/2026-05-20-pre-v2-import/data/raw/iog/delegation_history.csv
iog,pool1svv9st22dywp9exwsltt7cdc4v2dyrf4zls00jesv2lzvpz45jh,11,11,232,256,2020-11-20 19:09:23,2021-03-19 20:56:34,legacy/2026-05-20-pre-v2-import/data/raw/iog/delegation_history.csv
iog,pool1tdvqgy6mq7lx7d345e276xmgmhh3s4zj8dzu6xzq5m7rx4tzkg2,11,12,259,575,2021-04-02 02:32:02,2025-08-02 15:24:22,legacy/2026-05-20-pre-v2-import/data/raw/iog/delegation_history.csv
iog,pool1tmt8thfaqeqv499l3s7k5kl64s84nycvnx55ll3ksm9hq50p0ks,11,12,305,432,2021-11-19 08:22:39,2023-08-17 18:26:01,legacy/2026-05-20-pre-v2-import/data/raw/iog/delegation_history.csv
iog,pool1uzla0r73fvpnvxr07m98nfzlxcv3q26mkjz00cqjfh7uqsyjkju,11,14,232,377,2020-11-21 18:33:16,2022-11-14 00:50:27,legacy/2026-05-20-pre-v2-import/data/raw/iog/delegation_history.csv
iog,pool14fjmlppz76667ws3jl5luejf2wgztuhpsftulvh3ucc65anqgve,10,12,256,459,2021-03-21 05:18:37,2023-12-27 06:50:09,legacy/2026-05-20-pre-v2-import/data/raw/iog/delegation_history.csv
iog,pool1a8n7f97dmgtgrnl53exccknjdchqxrr9508hlxlgqp6xvjmzhej,10,11,454,551,2023-12-06 11:02:41,2025-04-02 21:17:36,legacy/2026-05-20-pre-v2-import/data/raw/iog/delegation_history.csv
iog,pool1d76p7zfn2ydq577z4wsvmnl2lx4cxa3s5vplfuhvr8qfw8hd05j,10,11,242,287,2021-01-06 08:11:04,2021-08-23 17:02:37,legacy/2026-05-20-pre-v2-import/data/raw/iog/delegation_history.csv
iog,pool1djg8jsygtculv3q2qdrxtnpxfq003pdxcvlw2pvfupq7jm5xpgp,10,11,210,280,2020-07-31 13:27:31,2021-07-14 22:09:32,legacy/2026-05-20-pre-v2-import/data/raw/iog/delegation_history.csv
iog,pool1fu69ry8k9qxfque9hng3lxcq7g30pykg38mtahah8x4mzpgls3k,10,10,259,331,2021-04-01 10:37:07,2022-03-27 10:36:41,legacy/2026-05-20-pre-v2-import/data/raw/iog/delegation_history.csv
iog,pool1je2n5smmnyn3lh92xrp8nepjyfp596ypga6pmdecwtcrcj9uvec,10,14,286,425,2021-08-14 12:47:59,2023-07-10 19:45:25,legacy/2026-05-20-pre-v2-import/data/raw/iog/delegation_history.csv
iog,pool1jgwu8lq3dqddnnx7prymcgcyrqy0fdlghg33he2hmw9t2gma3zd,10,11,252,340,2021-02-26 06:04:45,2022-05-15 05:37:26,legacy/2026-05-20-pre-v2-import/data/raw/iog/delegation_history.csv
iog,pool1krznhwu3h5pu2stuslr53z5rme50t6384macsmylcnljwc7yjky,10,11,210,378,2020-08-03 16:54:11,2022-11-17 16:05:58,legacy/2026-05-20-pre-v2-import/data/raw/iog/delegation_history.csv
iog,pool1pmrgd8snhv0nnj97xcg70nqqhg0v9g3d0e93jl8vn23wxtsxz53,10,10,210,268,2020-07-30 01:47:51,2021-05-20 18:44:44,legacy/2026-05-20-pre-v2-import/data/raw/iog/delegation_history.csv
iog,pool1pu5jlj4q9w9jlxeu370a3c9myx47md5j5m2str0naunn2q3lkdy,10,10,210,265,2020-07-29 22:25:51,2021-05-05 20:25:46,legacy/2026-05-20-pre-v2-import/data/raw/iog/delegation_history.csv
iog,pool1q80jjs53w0fx836n8g38gtdwr8ck5zre3da90peuxn84sj3cu0r,10,37,210,583,2020-07-29 22:04:31,2025-09-11 18:46:15,legacy/2026-05-20-pre-v2-import/data/raw/iog/delegation_history.csv
iog,pool1szy2tdjj8a4av365wk3q2fqg9srllmt0383e6v9p664ng076x9e,10,13,326,465,2022-03-02 07:40:42,2024-01-29 03:47:29,legacy/2026-05-20-pre-v2-import/data/raw/iog/delegation_history.csv
iog,pool1xcn2yddehm5ncjx0p24vkguth4rta7zv3getcztflxs3kh9rexd,10,10,251,396,2021-02-21 01:05:31,2023-02-19 11:35:54,legacy/2026-05-20-pre-v2-import/data/raw/iog/delegation_history.csv
iog,pool1xftlxx9slpz59thcgtwgdj3k9e0ntn3p4qnmzs3r84dkx0hccjc,10,16,247,523,2021-02-04 19:38:34,2024-11-11 16:30:33,legacy/2026-05-20-pre-v2-import/data/raw/iog/delegation_history.csv
iog,pool10zyf32q3w3n9x940j6yqgkwuegzn77p94wcmpku6gvmrqw8a97d,9,9,230,525,2020-11-07 12:57:21,2024-11-24 03:58:04,legacy/2026-05-20-pre-v2-import/data/raw/iog/delegation_history.csv
iog,pool1429egqgv60r3nxlp6cvs08qcffv7duddjvyjd0pt6wzhj7akda8,9,10,248,415,2021-02-08 15:56:58,2023-05-23 20:05:01,legacy/2026-05-20-pre-v2-import/data/raw/iog/delegation_history.csv
iog,pool14rnkjjate6rqa7f9xmezgwne99n8hlahg7ymcyhzkhus758r3h7,9,11,420,497,2023-06-15 11:43:24,2024-07-07 10:00:13,legacy/2026-05-20-pre-v2-import/data/raw/iog/delegation_history.csv
iog,pool14wf6e8l64wktss9f30tjzm5th8u85vlc3sc4ulw87tfqkhdl3x6,9,10,234,286,2020-11-30 21:23:11,2021-08-17 05:59:47,legacy/2026-05-20-pre-v2-import/data/raw/iog/delegation_history.csv
iog,pool15j6hdfel6c6zcr8gu39qgp5xkrs264yn9hm8ynhaydjtxvmznxq,9,11,248,267,2021-02-05 06:30:36,2021-05-15 01:08:14,legacy/2026-05-20-pre-v2-import/data/raw/iog/delegation_history.csv
iog,pool19ht066hngsjfnv3mfsc8u9fgzl4w5qcrmh8l6zppwph6s2t7jn4,9,10,217,256,2020-09-04 23:40:47,2021-03-19 17:23:52,legacy/2026-05-20-pre-v2-import/data/raw/iog/delegation_history.csv
iog,pool1gqvrgg7zycvf65ydkjeph72t0yx0f5ykzd9f477zh4f3smwk997,9,9,213,365,2020-08-17 09:40:24,2022-09-15 01:56:10,legacy/2026-05-20-pre-v2-import/data/raw/iog/delegation_history.csv
iog,pool1h4gwh638485yd0xcw0pkrm935nvm4aecqsxjx2yzzz0u6dfj73q,9,10,314,324,2022-01-02 10:17:16,2022-02-24 15:17:56,legacy/2026-05-20-pre-v2-import/data/raw/iog/delegation_history.csv
iog,pool1helzgcd9sjm9xtyh9mw2wy06gekh6r52s6mx987q0p8lvklwura,9,9,250,324,2021-02-16 13:00:24,2022-02-22 19:07:49,legacy/2026-05-20-pre-v2-import/data/raw/iog/delegation_history.csv
iog,pool1ju8f57hyvaa32tp85r468kuedvmjmcy56f8u9968drea57p50l5,9,9,255,435,2021-03-16 05:30:49,2023-09-02 04:16:49,legacy/2026-05-20-pre-v2-import/data/raw/iog/delegation_history.csv
iog,pool1pemnlylem2e94xguhd3fytj90848kpv4agvr6rthx2tp58z79ek,9,9,238,279,2020-12-20 15:16:00,2021-07-10 04:27:21,legacy/2026-05-20-pre-v2-import/data/raw/iog/delegation_history.csv
iog,pool1qqq0c53vaf5ju0n3fvujmyxwca0yhp65930evw9lngmr5705csz,9,9,210,568,2020-07-30 17:09:11,2025-06-26 21:02:29,legacy/2026-05-20-pre-v2-import/data/raw/iog/delegation_history.csv
iog,pool1qqq9tqyj69j9kygpxza3h82ynh8d0xlueucnu2yqum8nse8hj7y,9,12,244,333,2021-01-19 18:57:22,2022-04-06 22:57:07,legacy/2026-05-20-pre-v2-import/data/raw/iog/delegation_history.csv
iog,pool1qqqqx69ztfvd83rtafs3mk4lwanehrglmp2vwkjpaguecs2t4c2,9,11,211,319,2020-08-06 11:06:11,2022-01-27 21:09:21,legacy/2026-05-20-pre-v2-import/data/raw/iog/delegation_history.csv
iog,pool1r3ax7pd3cgad5kttench60ttr23kvfpx3vzvd6c3azppgw7q93t,9,10,456,524,2023-12-12 12:44:26,2024-11-15 22:18:09,legacy/2026-05-20-pre-v2-import/data/raw/iog/delegation_history.csv
iog,pool1xppj5zu9kmuqk05u6dtd3dmtj7fl25cvjyzsc95gmfyjywaslnp,9,13,215,268,2020-08-24 00:29:28,2021-05-20 12:57:10,legacy/2026-05-20-pre-v2-import/data/raw/iog/delegation_history.csv
iog,pool1z56rnzw94rxxm5mwkyxfdwfej5fdh0k7056gqs6whr8tyjn48wq,9,11,300,308,2021-10-23 23:35:41,2021-12-06 19:27:22,legacy/2026-05-20-pre-v2-import/data/raw/iog/delegation_history.csv
iog,pool13846y7q7tng3endxhet9qdcz5w0fjs09ytcye4dm5g54wmyqeqr,8,8,234,361,2020-11-27 20:01:12,2022-08-24 20:08:10,legacy/2026-05-20-pre-v2-import/data/raw/iog/delegation_history.csv
iog,pool1668w66pcrdjmavz0c7vym7s4d3xm7578jy0fqzhk55677t4etud,8,15,231,539,2020-11-12 00:43:42,2025-01-30 23:07:06,legacy/2026-05-20-pre-v2-import/data/raw/iog/delegation_history.csv
iog,pool179rm8hz6zw9v9z5ghs85vf4q7vlanvqurxanxzrszjshwaarkck,8,8,246,296,2021-01-29 04:51:22,2021-10-06 20:39:46,legacy/2026-05-20-pre-v2-import/data/raw/iog/delegation_history.csv
iog,pool183usq53j55v86q3eguw37xaqy67au9n5terk474sevuu6jy7266,8,9,243,253,2021-01-11 01:53:34,2021-03-01 22:13:53,legacy/2026-05-20-pre-v2-import/data/raw/iog/delegation_history.csv
iog,pool18gysxqfwz4j8rm3vlh6677vs9n23prvfr7gwe88mhn5uudgx9ng,8,8,473,573,2024-03-07 18:04:24,2025-07-20 13:13:49,legacy/2026-05-20-pre-v2-import/data/raw/iog/delegation_history.csv
iog,pool19nw9emug78q4uxwr8lv0glvmmzwr6lhylgy4ztaagjsjvyqjylw,8,9,270,364,2021-05-26 18:16:47,2022-09-09 12:16:03,legacy/2026-05-20-pre-v2-import/data/raw/iog/delegation_history.csv
iog,pool1a2gt2mvuf5zvtqlvw2xgks2efze3p4r985ft62q64lua7gx7lal,8,8,211,529,2020-08-07 08:17:51,2024-12-11 03:08:59,legacy/2026-05-20-pre-v2-import/data/raw/iog/delegation_history.csv
iog,pool1cunvnkjkzh2lna593sjmkylcr3r5rmxdpr8r9u6pfuer72p24x4,8,9,507,539,2024-08-27 08:26:21,2025-02-03 15:43:06,legacy/2026-05-20-pre-v2-import/data/raw/iog/delegation_history.csv
iog,pool1dj4l8qma9zzqqzhsawdkvxrs7qyqyv70kn56ywdqqazscvcqvva,8,9,210,258,2020-07-30 16:28:51,2021-03-28 14:29:39,legacy/2026-05-20-pre-v2-import/data/raw/iog/delegation_history.csv
iog,pool1dkww2vlysa8lsnuf5rca979zdsyr3zvt59hu7e420yxfunkka2z,8,8,216,285,2020-08-30 09:36:36,2021-08-10 12:56:13,legacy/2026-05-20-pre-v2-import/data/raw/iog/delegation_history.csv
iog,pool1fu567g42mlv9f7enek7zeh94c0aht98w44du7s29t0elzd9yazz,8,8,236,259,2020-12-06 23:33:06,2021-04-03 04:53:35,legacy/2026-05-20-pre-v2-import/data/raw/iog/delegation_history.csv
iog,pool1g0nq3m3fnvd245k4favcvutn09vce0yshg535f68d2xa54vy0cc,8,8,233,257,2020-11-26 07:24:31,2021-03-24 18:39:02,legacy/2026-05-20-pre-v2-import/data/raw/iog/delegation_history.csv
iog,pool1heks0vmxkfka2amg9c8yn8qdsxvgmzelfx6jhpfkj8ht5mn0r2m,8,15,230,547,2020-11-10 14:38:11,2025-03-11 06:15:14,legacy/2026-05-20-pre-v2-import/data/raw/iog/delegation_history.csv
iog,pool1jj2hvts3ryffy5txm7w0am3zt7s7sehdf8rrwfesjmr7shv0mgl,8,10,230,426,2020-11-09 15:48:02,2023-07-19 14:17:44,legacy/2026-05-20-pre-v2-import/data/raw/iog/delegation_history.csv
iog,pool1jxv3my3c70e8pfr0cgm6esatehey2ml3v0qk8x236aw32eu0fcy,8,8,287,451,2021-08-21 09:55:02,2023-11-19 17:44:45,legacy/2026-05-20-pre-v2-import/data/raw/iog/delegation_history.csv
iog,pool1kvd03hq8kp0hnxq9lq598a5amrvauj9m386rwx7ydawvjdskwnh,8,17,226,516,2020-10-18 18:52:39,2024-10-07 10:31:17,legacy/2026-05-20-pre-v2-import/data/raw/iog/delegation_history.csv
iog,pool1lrnyqdlrj97d0ju5j6d9xa8prw0xeyumfd53rz5wk3gf7czqzjz,8,9,250,323,2021-02-15 10:27:35,2022-02-17 13:36:24,legacy/2026-05-20-pre-v2-import/data/raw/iog/delegation_history.csv
iog,pool1p3chxyfv5cfk95hwq5zqjuljrpyk3uk5ua5alpn8rjgkkvvy8ne,8,9,325,390,2022-02-24 22:07:40,2023-01-19 20:50:05,legacy/2026-05-20-pre-v2-import/data/raw/iog/delegation_history.csv
iog,pool1q9049mstrv5czwyylpf3xen08pmvsfsgtru4wf3zvc9uxat2sm0,8,8,419,585,2023-06-10 04:12:39,2025-09-19 19:15:30,legacy/2026-05-20-pre-v2-import/data/raw/iog/delegation_history.csv
iog,pool1qdjx5xeeu6288ftmhmdr0c6mazkua7m07cydmr78ymfhz7jj7g4,8,9,234,538,2020-11-27 05:51:31,2025-01-28 16:04:31,legacy/2026-05-20-pre-v2-import/data/raw/iog/delegation_history.csv
iog,pool1r55hyfrd3tw6nzpkvf4rfceh2f04yph92fc462phnd0akp2s5r6,8,8,253,564,2021-03-03 13:00:23,2025-06-06 09:43:31,legacy/2026-05-20-pre-v2-import/data/raw/iog/delegation_history.csv
iog,pool1xkwnlr34tjrnkz6u4c0p36cju3xuls4dyynsdkf6cv22ksuhz6q,8,8,523,597,2024-11-10 21:49:47,2025-11-19 17:00:19,legacy/2026-05-20-pre-v2-import/data/raw/iog/delegation_history.csv
iog,pool1y0lq6rjckxxly36gf3wdsxzjzg97mq9c90una3vfq8pu77g7zkf,8,10,217,276,2020-09-06 03:49:05,2021-06-25 12:59:30,legacy/2026-05-20-pre-v2-import/data/raw/iog/delegation_history.csv
iog,pool1yl76e0fhq0kcfy2jqs2mt6hl9xeyrnesehqp0p4s896lwv7hrta,8,10,235,455,2020-12-02 13:44:29,2023-12-10 16:34:21,legacy/2026-05-20-pre-v2-import/data/raw/iog/delegation_history.csv
iog,pool1z9m2kxeat06t30yf6ar7sqpert0cjdgxzcv2dv36dcwcqcqtgk4,8,8,468,523,2024-02-13 21:04:30,2024-11-12 13:41:19,legacy/2026-05-20-pre-v2-import/data/raw/iog/delegation_history.csv
iog,pool10jn0wjlh9y3w2ygq84u2llvlnxfz3lc4g0ssqlmpp3w3y2d2lw5,7,8,236,314,2020-12-06 23:56:06,2022-01-03 03:23:59,legacy/2026-05-20-pre-v2-import/data/raw/iog/delegation_history.csv
iog,pool10kjjh9zfs77vzxpp4qpdxwvnh3x8zdf8qcv7pckvdhw02fu6unz,7,7,468,487,2024-02-13 06:45:31,2024-05-15 14:01:39,legacy/2026-05-20-pre-v2-import/data/raw/iog/delegation_history.csv
iog,pool140hfh3ns34wzjcyz0wcmx3du493cwl3c92hsr0z8kns5gts09gf,7,8,247,269,2021-02-03 00:19:03,2021-05-22 17:03:31,legacy/2026-05-20-pre-v2-import/data/raw/iog/delegation_history.csv
iog,pool15s7w4spg5ee7n7rprhs0dq78plw2mhjkpu5v97uvl27gz2way7z,7,7,476,585,2024-03-22 00:51:20,2025-09-19 17:46:50,legacy/2026-05-20-pre-v2-import/data/raw/iog/delegation_history.csv
iog,pool15txd36fltfgc63qq0yxtpqt88eu76s0yhugn9a6q7f4zspq6k5f,7,7,248,417,2021-02-09 14:25:57,2023-06-03 09:44:16,legacy/2026-05-20-pre-v2-import/data/raw/iog/delegation_history.csv
iog,pool17xh922cr9skc0fqk7sr8at6xx6eluh5qyv9p7ca2x0mtc3st0mz,7,10,312,538,2021-12-26 00:50:32,2025-01-28 11:01:15,legacy/2026-05-20-pre-v2-import/data/raw/iog/delegation_history.csv
iog,pool190a9js7lk9lvmrngre7w268z9tz9xs9yz77audvw8ag4jerfdhx,7,8,210,238,2020-07-29 23:12:11,2020-12-21 20:22:33,legacy/2026-05-20-pre-v2-import/data/raw/iog/delegation_history.csv
iog,pool19uynx6nxcdksmaqdcshjg487fap3rs3axyhrdqa7gdqgzgxss4y,7,7,234,266,2020-11-27 10:56:30,2021-05-07 13:21:51,legacy/2026-05-20-pre-v2-import/data/raw/iog/delegation_history.csv
iog,pool1aq2kqdp9xf9w47vttvmqnahwd4scz2qyddsr9l4mfru4qddg3kr,7,7,323,396,2022-02-17 19:17:32,2023-02-15 22:01:42,legacy/2026-05-20-pre-v2-import/data/raw/iog/delegation_history.csv
iog,pool1cg559cdc25fkvs73umj6w5nxlwy3mpmj02xt7p4v69eqs5ncz9k,7,8,323,404,2022-02-14 23:02:04,2023-03-30 18:12:00,legacy/2026-05-20-pre-v2-import/data/raw/iog/delegation_history.csv
iog,pool1df9rj4n0t3zlpak7xnh4ue6t3yh9zlw7a02w4l8askp77up25rt,7,9,210,378,2020-07-29 22:35:51,2022-11-19 03:31:28,legacy/2026-05-20-pre-v2-import/data/raw/iog/delegation_history.csv
iog,pool1e8vr85ank99g6fx2r7tjel2mh2jyfppnqy6nmp8vr0arys65n05,7,13,235,311,2020-12-05 09:07:51,2021-12-21 13:42:15,legacy/2026-05-20-pre-v2-import/data/raw/iog/delegation_history.csv
iog,pool1ea9mdplehlxeqhv8ax9ldh36gltqqma7c5cm30jw09r2y30646r,7,7,234,251,2020-11-28 15:33:11,2021-02-22 01:17:26,legacy/2026-05-20-pre-v2-import/data/raw/iog/delegation_history.csv
iog,pool1esrdl3mj4pflc70p2rx5trz920v8d4796m6h2yqwpq39x5dmmxg,7,7,318,328,2022-01-25 13:39:38,2022-03-13 00:45:17,legacy/2026-05-20-pre-v2-import/data/raw/iog/delegation_history.csv
iog,pool1ews5ryrhl5az8egrvun68x2wdhgvthxjtx7m380ksc6rzxkqz2f,7,9,220,294,2020-09-18 00:37:23,2021-09-24 15:14:50,legacy/2026-05-20-pre-v2-import/data/raw/iog/delegation_history.csv
iog,pool1fuzqy5r9x98826zv6wp40tr27uplemmstkd57cuw8jh5v5m90vn,7,7,231,498,2020-11-16 21:22:22,2024-07-13 09:09:24,legacy/2026-05-20-pre-v2-import/data/raw/iog/delegation_history.csv
iog,pool1g4th3pqfzh4zajzrhlh8y6wpuztrkzxwt5wd7q578894j06gwfc,7,7,323,354,2022-02-17 08:33:52,2022-07-22 01:31:22,legacy/2026-05-20-pre-v2-import/data/raw/iog/delegation_history.csv
iog,pool1gas95lqlch5pj5e4lwg78gxlq7km9xfurfd557x4tgwk5kktd04,7,8,317,403,2022-01-16 22:24:34,2023-03-25 00:14:40,legacy/2026-05-20-pre-v2-import/data/raw/iog/delegation_history.csv
iog,pool1gpz25s2aasmqnh9tg8a2rxmyxuvmj5s779htxk295e9ajnzjflc,7,8,232,326,2020-11-21 12:44:34,2022-03-03 00:34:28,legacy/2026-05-20-pre-v2-import/data/raw/iog/delegation_history.csv
iog,pool1gr5pa4shzsyefw445qrpn5pxnuxa8tuev0jquz04acdx6efjpvg,7,9,303,327,2021-11-11 04:33:07,2022-03-10 00:18:33,legacy/2026-05-20-pre-v2-import/data/raw/iog/delegation_history.csv
iog,pool1hnnfvsq3xlln6vz7d2xmk6kqekd5z4ctmfpdad8g8kr0yk8kdfd,7,10,309,538,2021-12-07 02:45:07,2025-01-26 18:24:12,legacy/2026-05-20-pre-v2-import/data/raw/iog/delegation_history.csv
iog,pool1j3umdcuxcewcxz98wm3sx5xqwgxx0v7z376xyjfq4jgejpvv8fz,7,7,308,317,2021-12-05 20:38:35,2022-01-19 21:48:57,legacy/2026-05-20-pre-v2-import/data/raw/iog/delegation_history.csv
iog,pool1kncthgd5fqw8d7hpz08wnmpdqh0e88s5trgl97palhsgj5h3xen,7,7,249,253,2021-02-10 06:54:51,2021-03-02 08:52:40,legacy/2026-05-20-pre-v2-import/data/raw/iog/delegation_history.csv
iog,pool1ktgug7wwf9k4hcsuk68ftkh8xs5n0333fzxyw9sagz8njhlskgm,7,7,222,323,2020-09-29 19:39:32,2022-02-19 06:30:30,legacy/2026-05-20-pre-v2-import/data/raw/iog/delegation_history.csv
iog,pool1q7wrwstqkzhrffdzpw8ftfd4epmxywdjnp8384atjcnezchv242,7,8,324,428,2022-02-22 07:09:15,2023-07-26 03:50:47,legacy/2026-05-20-pre-v2-import/data/raw/iog/delegation_history.csv
iog,pool1sj0plznq9nnduxp82aa8crchfety7kzcryqdmn6860xvwwzzc4w,7,7,227,287,2020-10-26 01:34:51,2021-08-20 08:11:07,legacy/2026-05-20-pre-v2-import/data/raw/iog/delegation_history.csv
iog,pool1smy2r8jdvgna5ykhe8rrch7h4qalyfafyzyh0rmanmq0jxptww7,7,7,210,250,2020-07-30 03:05:51,2021-02-16 03:51:26,legacy/2026-05-20-pre-v2-import/data/raw/iog/delegation_history.csv
iog,pool1uautzneywzapn03te7q3sd737xdfejgjlu4mdfjz7mweq92dugg,7,12,233,309,2020-11-23 04:00:27,2021-12-11 05:04:17,legacy/2026-05-20-pre-v2-import/data/raw/iog/delegation_history.csv
iog,pool1ufp38a9zwlvvrzcyxaxdrvav50nd7az5lyuzh4t0h3qp2gqamsx,7,7,242,607,2021-01-10 17:18:02,2026-01-05 12:56:15,legacy/2026-05-20-pre-v2-import/data/raw/iog/delegation_history.csv
iog,pool1ujcu3myfg9wwvdyh2ks653954lamtufy3lefjs73jrr327q53j4,7,8,255,264,2021-03-12 16:37:37,2021-04-27 21:09:03,legacy/2026-05-20-pre-v2-import/data/raw/iog/delegation_history.csv
iog,pool1ulx9ennungrtcucslrpz93cze5fddlg96h0wwj83p6fpsrvgz2v,7,8,243,263,2021-01-14 13:05:28,2021-04-21 20:55:03,legacy/2026-05-20-pre-v2-import/data/raw/iog/delegation_history.csv
iog,pool1vqm5n5d503uumuc89s5y4wuczrwe3tlgylt2u2uj7y276avr5pl,7,9,290,393,2021-09-03 18:19:50,2023-02-03 15:24:02,legacy/2026-05-20-pre-v2-import/data/raw/iog/delegation_history.csv
iog,pool1xaudqyen24fz02vhu9qa2ry44suzfk8z3lh7sc6qx7c3gpweww2,7,8,233,293,2020-11-26 11:21:02,2021-09-21 03:52:52,legacy/2026-05-20-pre-v2-import/data/raw/iog/delegation_history.csv
iog,pool1xs34q2z06a46nk7hl48d27dj5gzc6hh9trugw2ehs9ajsevqffx,7,7,471,613,2024-02-27 11:01:08,2026-02-07 17:01:41,legacy/2026-05-20-pre-v2-import/data/raw/iog/delegation_history.csv
iog,pool10etudcty0dwyl0t40hdmdpry6484ezyk6w0fd97l04k5gwzeege,6,8,419,473,2023-06-11 05:13:04,2024-03-10 05:56:23,legacy/2026-05-20-pre-v2-import/data/raw/iog/delegation_history.csv
iog,pool10mf43thtl3keag50mrlvqa78xkwg7harmu4w5yzr3k7jvw0ap43,6,6,323,327,2022-02-15 23:42:59,2022-03-09 07:53:39,legacy/2026-05-20-pre-v2-import/data/raw/iog/delegation_history.csv
iog,pool155cu3s06js3llfh07vnzepatfuvt3s5s7uwldt9rzz55wz7pugt,6,6,210,575,2020-07-31 03:51:51,2025-07-31 00:38:29,legacy/2026-05-20-pre-v2-import/data/raw/iog/delegation_history.csv
iog,pool157e2zadjusu6esf9mmx37nf63ep2gazdeln5mh04ylpcvz59g5c,6,6,235,242,2020-12-02 11:28:32,2021-01-06 15:14:51,legacy/2026-05-20-pre-v2-import/data/raw/iog/delegation_history.csv
iog,pool17vxhghxt2w2hc8c945ex2wqpwlcz39v6uc3fcxvqln45s8xrdt3,6,7,211,235,2020-08-04 09:15:31,2020-12-02 02:46:36,legacy/2026-05-20-pre-v2-import/data/raw/iog/delegation_history.csv
iog,pool17ynruzy9lvq0x55ks22vtf4lrrdrw2ucydh4tfzhg9kkyeaw8nf,6,11,234,323,2020-11-29 12:07:04,2022-02-17 17:21:30,legacy/2026-05-20-pre-v2-import/data/raw/iog/delegation_history.csv
iog,pool18872nzahx0h2f7j58pxrn5rjektn8na8p4amv08x2xj8qkht30g,6,6,272,331,2021-06-09 21:25:42,2022-03-28 09:37:27,legacy/2026-05-20-pre-v2-import/data/raw/iog/delegation_history.csv
iog,pool18hzjrr0xhadznttzq0va5vdhz2xyzjrju5ac7ztkwajdg80uvw4,6,10,210,261,2020-07-30 03:59:51,2021-04-10 22:35:34,legacy/2026-05-20-pre-v2-import/data/raw/iog/delegation_history.csv
iog,pool18rhzlrv83a7ygj7cp5uv8dx07qkn5drhe8nh6f3qvhv66xcyj2m,6,7,247,325,2021-02-01 04:59:35,2022-02-25 01:16:46,legacy/2026-05-20-pre-v2-import/data/raw/iog/delegation_history.csv
iog,pool1a3u8zuz7fqavxgl48s8k37w8w6njk7zevlzyfjdlzxfexjcue6a,6,8,210,252,2020-07-29 22:56:31,2021-02-26 01:45:48,legacy/2026-05-20-pre-v2-import/data/raw/iog/delegation_history.csv
iog,pool1c2wf97p3j9gfvfjshj99ufxerpy3aznm8tzr2fd0ua465s26th4,6,6,239,270,2020-12-24 18:12:06,2021-05-30 02:31:14,legacy/2026-05-20-pre-v2-import/data/raw/iog/delegation_history.csv
iog,pool1cuqnuz57puz2qd3enr9vtkcp7z92ge4h2ks6j8zzknztx3283q7,6,7,232,364,2020-11-20 22:34:41,2022-09-10 10:55:25,legacy/2026-05-20-pre-v2-import/data/raw/iog/delegation_history.csv
iog,pool1ddskftmsscw92d7vnj89pldwx5feegkgcmamgt5t0e4lkd7mdp8,6,7,210,213,2020-07-29 22:16:51,2020-08-18 10:00:46,legacy/2026-05-20-pre-v2-import/data/raw/iog/delegation_history.csv
iog,pool1de64gn0cm6uz73s48vs0t4chvm02efcppzwf89uy2ejny2nwgsq,6,7,249,314,2021-02-10 03:51:29,2022-01-04 18:04:31,legacy/2026-05-20-pre-v2-import/data/raw/iog/delegation_history.csv
iog,pool1dum9ya0d8dufl3alf4xska5acuq3w4p2a6fu5v50jnh9xzexsxt,6,7,250,384,2021-02-17 19:12:52,2022-12-18 03:28:59,legacy/2026-05-20-pre-v2-import/data/raw/iog/delegation_history.csv
iog,pool1ev8fwfccn8gr0zcz3uyps0t0mcrefc6s95wjc6aed3ngc86y5rk,6,12,235,258,2020-12-04 09:43:58,2021-03-28 14:45:27,legacy/2026-05-20-pre-v2-import/data/raw/iog/delegation_history.csv
iog,pool1g79uyzvt9mm3z7jdcxnp36n4egm4z6l8c6n9l2mk8ae2yf5zman,6,6,252,319,2021-02-25 03:53:53,2022-01-28 09:36:13,legacy/2026-05-20-pre-v2-import/data/raw/iog/delegation_history.csv
iog,pool1gx6eawfvnhckevmlzhfz9j3uzj92j2wgww0mdd2fu5d4zd4wvaa,6,6,242,331,2021-01-08 09:59:26,2022-03-28 18:35:55,legacy/2026-05-20-pre-v2-import/data/raw/iog/delegation_history.csv
iog,pool1h3aejp7fln74mwaraqjn65ve3j5zwqr7wk0pasct87wpkv0aspm,6,6,248,261,2021-02-06 04:15:09,2021-04-15 15:47:08,legacy/2026-05-20-pre-v2-import/data/raw/iog/delegation_history.csv
iog,pool1hfn7yuwfyhmmqe4qpaxfewuly7cnemc6kqkv5npytj9vcrskh6j,6,8,248,256,2021-02-05 15:19:20,2021-03-16 22:42:01,legacy/2026-05-20-pre-v2-import/data/raw/iog/delegation_history.csv
iog,pool1hjjj584gq0ynqf06g036a4a0stpm90asrdfskpasqjxf5948ygv,6,6,210,279,2020-07-30 15:56:31,2021-07-10 06:21:24,legacy/2026-05-20-pre-v2-import/data/raw/iog/delegation_history.csv
iog,pool1j6490a90qefvsqxdurf99z9ld50rtthaz9ms6c8xh78s52veuq2,6,8,247,323,2021-02-03 11:26:12,2022-02-18 03:17:55,legacy/2026-05-20-pre-v2-import/data/raw/iog/delegation_history.csv
iog,pool1k2qhlrrweu8fecd4hx4hn22lv00nrd3rjdxj6durax7m78q7ynu,6,6,331,389,2022-03-31 20:55:25,2023-01-14 02:03:08,legacy/2026-05-20-pre-v2-import/data/raw/iog/delegation_history.csv
iog,pool1k6altfangsst2mmxg8a9wvg3dppyszu8ckfzd3uv6azgw3z2txy,6,7,234,265,2020-11-28 17:17:21,2021-05-03 18:47:01,legacy/2026-05-20-pre-v2-import/data/raw/iog/delegation_history.csv
iog,pool1kx0jm9ycs3t99tnwafw6w72jkdlzhj5ltxe2nrzkd9x2u5x343h,6,6,523,577,2024-11-14 08:32:12,2025-08-08 03:06:36,legacy/2026-05-20-pre-v2-import/data/raw/iog/delegation_history.csv
iog,pool1lqucyxuvjktfmpf7fd28j54cfgamyrxed344vnwlm9wqkwjeqwk,6,6,243,266,2021-01-10 23:09:13,2021-05-05 23:12:06,legacy/2026-05-20-pre-v2-import/data/raw/iog/delegation_history.csv
iog,pool1lzupr43772kfux007sdt02vlx7uzmfcplrwmxntdztxmwv9myrj,6,6,248,250,2021-02-08 08:02:36,2021-02-18 22:11:53,legacy/2026-05-20-pre-v2-import/data/raw/iog/delegation_history.csv
iog,pool1m0drnjxsvnlesq0rwmur2rh6lenuql57jfzd6cf6aegj2cv7ugy,6,6,503,577,2024-08-05 14:58:09,2025-08-09 10:23:00,legacy/2026-05-20-pre-v2-import/data/raw/iog/delegation_history.csv
iog,pool1m3gg43uhtetn4hmw79u8836dyq8qe4cex8qnn6mks5egza7n6tp,6,9,272,445,2021-06-07 16:31:52,2023-10-18 01:06:49,legacy/2026-05-20-pre-v2-import/data/raw/iog/delegation_history.csv
iog,pool1mg37s4w4uzsmw27nsnz2mwfll8sdawngvy3n657t7nd0yjcd77e,6,6,294,380,2021-09-24 02:00:03,2022-11-26 23:35:40,legacy/2026-05-20-pre-v2-import/data/raw/iog/delegation_history.csv
iog,pool1mqy259k253xryf4hvdq0n72n2uvadcgp34r0fxwpqzm0z5n0qp6,6,6,248,255,2021-02-07 04:44:13,2021-03-12 02:21:48,legacy/2026-05-20-pre-v2-import/data/raw/iog/delegation_history.csv
iog,pool1newmccddazerzanrdeeelvzk6vzh9stxn5n8ravshqa05n0t83u,6,7,420,442,2023-06-15 17:05:01,2023-10-04 18:50:59,legacy/2026-05-20-pre-v2-import/data/raw/iog/delegation_history.csv
iog,pool1nux6acnlx0du7ss9fhg2phjlaqe87l4wcurln5r6f0k8xreluez,6,7,238,324,2020-12-17 11:31:56,2022-02-24 08:24:27,legacy/2026-05-20-pre-v2-import/data/raw/iog/delegation_history.csv
iog,pool1pk7cjkcdsawxf25dwml0ely8vhjx7wp7nqans3jwatanceyqae0,6,8,235,281,2020-12-06 04:27:53,2021-07-22 02:43:47,legacy/2026-05-20-pre-v2-import/data/raw/iog/delegation_history.csv
iog,pool1pmeetaqhlsdc5yj8snp8j46hprs9mzghxcl63vch95trz3xwpln,6,6,319,341,2022-01-26 21:54:52,2022-05-15 22:01:44,legacy/2026-05-20-pre-v2-import/data/raw/iog/delegation_history.csv
iog,pool1q0memmdw4ktr88fkma53tqgkaqeq3wfc476le59rped4cu8tn4h,6,7,237,323,2020-12-16 18:12:15,2022-02-17 09:01:10,legacy/2026-05-20-pre-v2-import/data/raw/iog/delegation_history.csv
iog,pool1qzlw7den2mlj0fmm65g0fnf46vyhzkhmdaf0f8v3s6skuue6rlk,6,6,247,525,2021-02-01 17:39:23,2024-11-23 02:28:47,legacy/2026-05-20-pre-v2-import/data/raw/iog/delegation_history.csv
iog,pool1r0sxz0hygfc0266lhdclve6j3cwcwlth6dya6uey65yxjnwm7qc,6,7,251,552,2021-02-20 03:52:49,2025-04-06 19:32:04,legacy/2026-05-20-pre-v2-import/data/raw/iog/delegation_history.csv
iog,pool1rcd7qslz3xnpnk9u6tcwegy5r2574uf8suqu24ptg637jha3sr5,6,6,235,256,2020-12-01 22:27:48,2021-03-20 15:57:43,legacy/2026-05-20-pre-v2-import/data/raw/iog/delegation_history.csv
iog,pool1sr953s548fudyhmfm082xp0mensv2gxzt4qpe466ykw0z3jjzvv,6,6,323,363,2022-02-15 20:14:18,2022-09-05 01:23:39,legacy/2026-05-20-pre-v2-import/data/raw/iog/delegation_history.csv
iog,pool1t6n7rysk6wzm9wqxda6zxpzmm3j6256fs3mp06dc26n6503hhj4,6,6,522,601,2024-11-10 13:13:03,2025-12-06 22:06:50,legacy/2026-05-20-pre-v2-import/data/raw/iog/delegation_history.csv
iog,pool1uthdnav2zc2hxpg2hyeyy545lnxtl8lqdcdqxjm0j8t5srmyvzj,6,6,212,266,2020-08-11 05:01:31,2021-05-09 06:30:54,legacy/2026-05-20-pre-v2-import/data/raw/iog/delegation_history.csv
iog,pool1vxz0deezj5c2950e7arpzfqxzq8zd9kawsullrzjw5rsq0yhxgr,6,7,210,258,2020-07-30 01:13:51,2021-03-26 23:47:22,legacy/2026-05-20-pre-v2-import/data/raw/iog/delegation_history.csv
iog,pool1wll3vr4v605eap9hpjfpda5cjegqfkjt8hrz3kkxpnffqejhav3,6,6,246,533,2021-01-26 18:21:40,2025-01-02 17:40:47,legacy/2026-05-20-pre-v2-import/data/raw/iog/delegation_history.csv
iog,pool1wm89xjqp96t3mlun3pa5suxa3t4s5lluq239en0nxl7pcm5tprc,6,7,213,264,2020-08-15 00:23:44,2021-04-25 23:46:00,legacy/2026-05-20-pre-v2-import/data/raw/iog/delegation_history.csv
iog,pool1x5dfpgp987e4jhxvgczr3wv50nv2pwd873tlx3uthvcasm422q6,6,6,265,368,2021-05-04 18:04:30,2022-10-02 12:57:43,legacy/2026-05-20-pre-v2-import/data/raw/iog/delegation_history.csv
iog,pool1yhd6a8vvp0r0ads36j4zjwx7juztf6cgpa2fqm9dm0st790ptf2,6,6,249,256,2021-02-10 04:18:08,2021-03-19 06:13:23,legacy/2026-05-20-pre-v2-import/data/raw/iog/delegation_history.csv
iog,pool1ztk6dcj2nc3plnujf3ek6jqngtx8hcryufz56lyumemlcy2xxn0,6,8,425,479,2023-07-10 15:27:51,2024-04-08 09:38:42,legacy/2026-05-20-pre-v2-import/data/raw/iog/delegation_history.csv
iog,pool10s6zdzdnncnfc200wnlp9endaeud76v424zdnurx9askwshm02x,5,5,401,405,2023-03-15 21:07:15,2023-04-01 01:45:48,legacy/2026-05-20-pre-v2-import/data/raw/iog/delegation_history.csv
iog,pool12ame5t8hdltyl30npznvhn23kxnvthk82j9p7dr4uew3y92uqes,5,6,257,278,2021-03-24 18:05:36,2021-07-08 08:07:27,legacy/2026-05-20-pre-v2-import/data/raw/iog/delegation_history.csv
iog,pool12rs385dd534g8gtdtmnvlhq63whdvc6vnuzxa5cpx843zdy73qy,5,5,263,316,2021-04-25 03:52:38,2022-01-13 16:10:27,legacy/2026-05-20-pre-v2-import/data/raw/iog/delegation_history.csv
iog,pool12wpfng6cu7dz38yduaul3ngfm44xhv5xmech68m5fwe4wu77udd,5,5,323,328,2022-02-16 09:24:23,2022-03-15 13:57:08,legacy/2026-05-20-pre-v2-import/data/raw/iog/delegation_history.csv
iog,pool1398lzhvtaa0hgz305d2jz4urfkwkkt66yv476wqe6att2f7dphh,5,5,396,586,2023-02-19 10:22:51,2025-09-22 01:08:14,legacy/2026-05-20-pre-v2-import/data/raw/iog/delegation_history.csv
iog,pool13hxlxd6qa68fmfhrvvmasa0mjg30tj9p5v2lmgmgsmrp2rgzkfp,5,5,455,592,2023-12-11 02:22:28,2025-10-24 01:19:47,legacy/2026-05-20-pre-v2-import/data/raw/iog/delegation_history.csv
iog,pool145dkdplkqke4g0unzkjljeh2wr797d08k2jv822rhmmc68xak38,5,5,385,396,2022-12-23 13:45:55,2023-02-18 04:57:13,legacy/2026-05-20-pre-v2-import/data/raw/iog/delegation_history.csv
iog,pool14g73qj0qz05ymqg7dp9kxdu8jr7uuzm6z6n3jwxpvqskghhmhng,5,5,210,214,2020-07-30 06:43:31,2020-08-23 19:34:01,legacy/2026-05-20-pre-v2-import/data/raw/iog/delegation_history.csv
iog,pool15d6xp2dhv8n8kx8syc4drruqyclkkmg58se6npeevhkdxprjq5q,5,5,248,258,2021-02-08 00:10:47,2021-03-31 03:59:47,legacy/2026-05-20-pre-v2-import/data/raw/iog/delegation_history.csv
iog,pool16pg8zc9zxxfjksquvjs6ljxuy8ng9xf79ekqekap98a8wjzuttg,5,5,252,265,2021-02-28 16:12:02,2021-05-05 05:10:12,legacy/2026-05-20-pre-v2-import/data/raw/iog/delegation_history.csv
iog,pool18qddv82sx8p22uxzdrf0qx9lkewxadlr9ef45kpcf7dzz3n56qv,5,6,291,574,2021-09-08 20:23:10,2025-07-23 21:48:26,legacy/2026-05-20-pre-v2-import/data/raw/iog/delegation_history.csv
iog,pool18r2y72aue5nmv489xtnfxl36vzusq95qst6urd87yd5hgzms04c,5,5,291,323,2021-09-11 12:16:23,2022-02-15 08:57:27,legacy/2026-05-20-pre-v2-import/data/raw/iog/delegation_history.csv
iog,pool18xyhhrlxp6svh3rpr8fe8ts88ymn7xatgd74305t8548ccgtacq,5,5,251,277,2021-02-24 20:26:22,2021-07-04 00:10:06,legacy/2026-05-20-pre-v2-import/data/raw/iog/delegation_history.csv
iog,pool18zle0sy2ex0z3nccd60tz030reg4hn6020fesjt7lcfzz5mmay6,5,5,413,414,2023-05-15 20:04:26,2023-05-20 03:46:23,legacy/2026-05-20-pre-v2-import/data/raw/iog/delegation_history.csv
iog,pool193uec04jldvah7r52q86wl033g4v42x0aste8jfg9999qepaxfp,5,5,438,559,2023-09-15 19:52:24,2025-05-13 13:02:39,legacy/2026-05-20-pre-v2-import/data/raw/iog/delegation_history.csv
iog,pool1a600v0jd2z3yajazd80phln3exekumm7g56d9yvlrh6vx8dx2fc,5,6,210,249,2020-08-01 08:07:31,2021-02-13 05:04:45,legacy/2026-05-20-pre-v2-import/data/raw/iog/delegation_history.csv
iog,pool1a6v2wt0m8wjra80zuw00sfdxn4w52cna96gcaglzvred6gnsusx,5,6,218,304,2020-09-09 00:20:13,2021-11-16 07:00:57,legacy/2026-05-20-pre-v2-import/data/raw/iog/delegation_history.csv
iog,pool1c2utlagkpht4zj0jetsf245c258geuxnjqp9kf4f2z9rutx9dz4,5,6,270,309,2021-05-30 20:05:07,2021-12-11 18:22:50,legacy/2026-05-20-pre-v2-import/data/raw/iog/delegation_history.csv
iog,pool1c2wa8326fulnkq42uerra78pue48pdwsqru2dhp5xrhsgzqmlsc,5,7,323,468,2022-02-15 05:35:29,2024-02-09 22:21:40,legacy/2026-05-20-pre-v2-import/data/raw/iog/delegation_history.csv
iog,pool1d6x9pl4uz5daucpaql34ma2aewrxnlkcrkuahf9ut6ruxzakrw7,5,6,248,249,2021-02-07 09:53:43,2021-02-12 04:47:58,legacy/2026-05-20-pre-v2-import/data/raw/iog/delegation_history.csv
iog,pool1dqhaw0h2f4ehpdhh57quszcj22qhkglhg6yvaf39w3clxdl2kpy,5,5,303,426,2021-11-10 05:51:40,2023-07-16 23:05:56,legacy/2026-05-20-pre-v2-import/data/raw/iog/delegation_history.csv
iog,pool1eqj3dzpkcklc2r0v8pt8adrhrshq8m4zsev072ga7a52uj5wv5c,5,5,248,515,2021-02-07 05:56:28,2024-10-04 02:16:47,legacy/2026-05-20-pre-v2-import/data/raw/iog/delegation_history.csv
iog,pool1gr7jlqk9kmhwuztdwcwf6nyr2teeq9r8h4y62ev0xrrvyvwly64,5,5,362,415,2022-09-02 18:17:46,2023-05-22 03:19:48,legacy/2026-05-20-pre-v2-import/data/raw/iog/delegation_history.csv
iog,pool1hrv8gtrm0dgjg6zyss5uwa4nkruzfnh5vrdkr2sayj7x2nw6mjc,5,5,258,410,2021-03-29 14:42:30,2023-04-29 22:34:47,legacy/2026-05-20-pre-v2-import/data/raw/iog/delegation_history.csv
iog,pool1jm220zs5txnxe6nt89hajtm6hwsf902e2dwjrtfuq33uw835g65,5,11,228,329,2020-10-31 22:39:35,2022-03-21 19:09:37,legacy/2026-05-20-pre-v2-import/data/raw/iog/delegation_history.csv
iog,pool1kjd9ff9u5ytq4atavv2dfsg3pvxqw8d50642pzmpn386zel0ka8,5,6,213,250,2020-08-18 03:17:48,2021-02-15 13:49:20,legacy/2026-05-20-pre-v2-import/data/raw/iog/delegation_history.csv
iog,pool1kv53mzjwqjp4aw48rczj8vm6hejwfnfwa634czyx5tw5qq3tata,5,5,243,323,2021-01-14 16:51:20,2022-02-19 18:53:47,legacy/2026-05-20-pre-v2-import/data/raw/iog/delegation_history.csv
iog,pool1ls80gx9sen3qc7s6c7u2ajw6hk8faqanljugcg5tfukp6qscetv,5,6,282,342,2021-07-25 00:47:59,2022-05-24 22:03:13,legacy/2026-05-20-pre-v2-import/data/raw/iog/delegation_history.csv
iog,pool1mscll7kd2y9c56kv7thv7kv99wjvrr72uwpmuhphaltjz0pkuqa,5,5,243,338,2021-01-14 12:26:42,2022-05-05 02:25:00,legacy/2026-05-20-pre-v2-import/data/raw/iog/delegation_history.csv
iog,pool1nkupy99hkqqqzdsenxrgenpf05auqa45e27tzlqqya70kjwjphn,5,6,300,333,2021-10-23 12:18:29,2022-04-05 22:45:52,legacy/2026-05-20-pre-v2-import/data/raw/iog/delegation_history.csv
iog,pool1nncdkshmqynzv3ledrlnan542qercf4h8xydjjylkg0xu62fk6y,5,5,211,221,2020-08-04 12:10:31,2020-09-27 20:03:20,legacy/2026-05-20-pre-v2-import/data/raw/iog/delegation_history.csv
iog,pool1nyf8x2xrlmfqwy9shqrlx2csentnzyjmxr0r3w0ljuaqz5ek7qz,5,5,272,392,2021-06-05 00:40:51,2023-01-26 04:42:12,legacy/2026-05-20-pre-v2-import/data/raw/iog/delegation_history.csv
iog,pool1nzsjg3cuam3uj39qusn44cs2uj7h30lppqsrqsllwxs2c8fx4xs,5,5,281,299,2021-07-23 11:19:48,2021-10-18 16:44:51,legacy/2026-05-20-pre-v2-import/data/raw/iog/delegation_history.csv
iog,pool1p2wmgvnvxvwyxhy7h6guzjesqwp3ku8t5kskcul69n2k7n7gyk2,5,5,285,294,2021-08-11 00:48:01,2021-09-24 13:08:47,legacy/2026-05-20-pre-v2-import/data/raw/iog/delegation_history.csv
iog,pool1pf6yhzdr9vpct5rc3dtwersl4lyuglp80l4jc67kf2qj29xjg2u,5,9,251,256,2021-02-24 14:45:51,2021-03-20 10:20:26,legacy/2026-05-20-pre-v2-import/data/raw/iog/delegation_history.csv
iog,pool1prc9hna2mgamtspchrygc66s9n4tlkvh39e3t9zccef4kzc3ns2,5,6,527,610,2024-12-01 20:23:11,2026-01-22 21:08:16,legacy/2026-05-20-pre-v2-import/data/raw/iog/delegation_history.csv
iog,pool1q2fh3cl6rx0wv5gry4qx5l4h65qpjf7x99xmq66nqj2fj5g6u9z,5,5,476,543,2024-03-25 01:07:38,2025-02-23 19:37:35,legacy/2026-05-20-pre-v2-import/data/raw/iog/delegation_history.csv
iog,pool1r0dcmvzsldk06yagudxaajqjuzhvwlzcnaclcwtvm8v4qmsn7l0,5,7,250,298,2021-02-15 18:57:04,2021-10-13 04:58:44,legacy/2026-05-20-pre-v2-import/data/raw/iog/delegation_history.csv
iog,pool1r88vs06qv3vjrndvhewwhz08zc6ka7eqwxvf4stsj53n50nr8n7,5,5,252,262,2021-02-25 03:58:26,2021-04-16 00:58:04,legacy/2026-05-20-pre-v2-import/data/raw/iog/delegation_history.csv
iog,pool1s5pue3nn7vegwr327cvnyqmd5h0cvse7wksf6drup89gvgxpr7l,5,5,283,333,2021-07-30 02:25:20,2022-04-07 20:03:52,legacy/2026-05-20-pre-v2-import/data/raw/iog/delegation_history.csv
iog,pool1sx4e8rvx2xdxgkww2fpjtmvrnaftfrtfge29xcn72hh7kch5snf,5,5,211,263,2020-08-06 18:14:51,2021-04-20 23:58:02,legacy/2026-05-20-pre-v2-import/data/raw/iog/delegation_history.csv
iog,pool1t9m69j5thv2ke9jt9hhsgxlag44z7erp2s2ukcpruwhwqarc9np,5,5,239,254,2020-12-26 02:46:18,2021-03-10 17:06:22,legacy/2026-05-20-pre-v2-import/data/raw/iog/delegation_history.csv
iog,pool1tpr44v3pxth9j0ff246dvsryxpanxwx52f024ws3ecvn72sgv55,5,5,221,587,2020-09-24 03:31:43,2025-09-28 13:18:07,legacy/2026-05-20-pre-v2-import/data/raw/iog/delegation_history.csv
iog,pool1u8yequt4vq3jhajeegc02r3msnne6krayxuzrypaz8jkq5v5pux,5,7,271,292,2021-06-02 22:31:43,2021-09-14 11:37:58,legacy/2026-05-20-pre-v2-import/data/raw/iog/delegation_history.csv
iog,pool1u9gudcfadehlarkh4xdtgrf3zeze978mrnhtrvjdkjwj7wxvcje,5,6,243,265,2021-01-14 22:50:46,2021-05-03 17:16:29,legacy/2026-05-20-pre-v2-import/data/raw/iog/delegation_history.csv
iog,pool1w9yeaaadjz9563tf2h7katrlujvxnywda8el8z66h02ckccx95x,5,8,245,297,2021-01-24 16:19:12,2021-10-09 17:02:49,legacy/2026-05-20-pre-v2-import/data/raw/iog/delegation_history.csv
iog,pool1wjsshqjpl3n6zlscnfvyy9gxklkav2dvfyprfye6l0kewyvv6yj,5,5,210,323,2020-07-30 00:12:11,2022-02-17 14:46:37,legacy/2026-05-20-pre-v2-import/data/raw/iog/delegation_history.csv
iog,pool1yj9xduuwzvdkcwm2mc9x893zq684x7pyah4ja8zmzplgvxz6wgk,5,7,252,300,2021-03-01 16:35:04,2021-10-27 07:31:54,legacy/2026-05-20-pre-v2-import/data/raw/iog/delegation_history.csv
iog,pool1yr0cv3dtmhcfgqa6yetvmf769ngk89e6tepecmjrmjl2jzcw2lm,5,5,296,567,2021-10-04 13:38:24,2025-06-23 13:40:15,legacy/2026-05-20-pre-v2-import/data/raw/iog/delegation_history.csv
iog,pool1zfhww5y28t303z6uyq3w47pkhfmxww9dsn89vrxteplg2zjkekl,5,6,253,286,2021-03-04 00:45:57,2021-08-14 03:26:55,legacy/2026-05-20-pre-v2-import/data/raw/iog/delegation_history.csv
iog,pool1zkdc6ve9nndk7vxnjlalhqt4hr5h8auz5qzjk7lrjrqtv23yuy5,5,6,474,536,2024-03-14 18:55:56,2025-01-19 18:18:44,legacy/2026-05-20-pre-v2-import/data/raw/iog/delegation_history.csv
iog,pool104v7kzpq86r0wnfsz8r7jeld2raap92qq84trjcqk62zyh9akqt,4,4,262,323,2021-04-20 13:34:17,2022-02-15 02:34:20,legacy/2026-05-20-pre-v2-import/data/raw/iog/delegation_history.csv
iog,pool10eltx2wej46e62ulmwzm35xfu0azu47yvpjper7gwhncqe74vg6,4,4,252,501,2021-02-26 01:16:06,2024-07-27 00:43:08,legacy/2026-05-20-pre-v2-import/data/raw/iog/delegation_history.csv
iog,pool1258yqnsegc3k7raqcdkxu4893aqexxljflmg9g96yfha2qytayv,4,4,265,269,2021-05-01 09:12:10,2021-05-22 13:07:34,legacy/2026-05-20-pre-v2-import/data/raw/iog/delegation_history.csv
iog,pool12ehtdu5hfffpeqg968gtpqcnjv7hwfj3tshxcw8lg37tqcquhaq,4,4,236,244,2020-12-10 19:06:50,2021-01-19 08:24:23,legacy/2026-05-20-pre-v2-import/data/raw/iog/delegation_history.csv
iog,pool12gfz8p7raqz7tktmmgf6sk3cfwnrzy9m7cz9maum98ujyelhrf8,4,6,249,261,2021-02-10 12:51:58,2021-04-12 14:39:15,legacy/2026-05-20-pre-v2-import/data/raw/iog/delegation_history.csv
iog,pool12vv4c6z7yf8j4m2amzej4j8tn2d4dxklqk5nqztz7wl02gratjp,4,5,249,268,2021-02-10 12:33:11,2021-05-16 01:05:20,legacy/2026-05-20-pre-v2-import/data/raw/iog/delegation_history.csv
iog,pool12yscr8j3zs34ewxrwlk0p2w5uvgcnrzywpp78ddjsj8kxd530f9,4,4,259,578,2021-04-05 18:53:00,2025-08-14 12:52:16,legacy/2026-05-20-pre-v2-import/data/raw/iog/delegation_history.csv
iog,pool130sxcuaxh2yc4chs68c4jsep4v7zfhgdqutm60ngdvt9sa2ga06,4,4,233,250,2020-11-26 00:23:06,2021-02-15 20:57:26,legacy/2026-05-20-pre-v2-import/data/raw/iog/delegation_history.csv
iog,pool13xh3tgwzhr3hn25v5m2dnvqnfcmnzghcfah5t7kzufkywuy7w7v,4,6,226,323,2020-10-19 13:07:25,2022-02-16 19:47:50,legacy/2026-05-20-pre-v2-import/data/raw/iog/delegation_history.csv
iog,pool1457cnl7qu568h98xrw8krfnjkhf05mfhaq2l50epwy36yuln20q,4,4,446,503,2023-10-23 12:40:44,2024-08-06 17:39:03,legacy/2026-05-20-pre-v2-import/data/raw/iog/delegation_history.csv
iog,pool15cy4p3axu0m6sfrmxsp46z5cevx3ruksfwjl48730cgx24j4ydz,4,5,523,593,2024-11-11 19:38:29,2025-10-30 01:07:39,legacy/2026-05-20-pre-v2-import/data/raw/iog/delegation_history.csv
iog,pool15fn9e84lmcp88z6yldagdele2lq0kqremlf0j96v7cj0jj6v22l,4,4,319,335,2022-01-30 19:52:37,2022-04-15 23:27:19,legacy/2026-05-20-pre-v2-import/data/raw/iog/delegation_history.csv
iog,pool15kmauzzxvy423nxuf58gpyhrs8wngpvmvkzw4ncte2mmjn2wpvt,4,4,302,323,2021-11-06 07:05:37,2022-02-16 10:05:16,legacy/2026-05-20-pre-v2-import/data/raw/iog/delegation_history.csv
iog,pool15mfkj8sl7estcmmd5a07afrx5f4hlz3pcr6p6ay5pfmrjfl2hlf,4,4,211,248,2020-08-07 01:00:31,2021-02-05 22:41:15,legacy/2026-05-20-pre-v2-import/data/raw/iog/delegation_history.csv
iog,pool15p326nmjaj47v9u2392tlnngyr5hnj6gru84al3s0akdu9mj004,4,4,247,256,2021-02-04 14:28:44,2021-03-18 10:47:15,legacy/2026-05-20-pre-v2-import/data/raw/iog/delegation_history.csv
iog,pool16f95up5u5lyqne5mnxmlhe0rgdgmya27mph288r6gw0ukegjffa,4,4,559,579,2025-05-11 19:05:55,2025-08-21 17:18:17,legacy/2026-05-20-pre-v2-import/data/raw/iog/delegation_history.csv
iog,pool16peur3vpmak6c579excrqumfz9486zd56svshdclhre3cv5z848,4,4,249,306,2021-02-14 03:33:11,2021-11-24 16:43:35,legacy/2026-05-20-pre-v2-import/data/raw/iog/delegation_history.csv
iog,pool17e4rdh59t4fmn4g3p02xvs853katrjzge830tsmd3sfdc645yvt,4,5,226,332,2020-10-19 23:57:21,2022-04-02 10:39:38,legacy/2026-05-20-pre-v2-import/data/raw/iog/delegation_history.csv
iog,pool17r3u34ywld6sehe9dd5t40ygq7rmc6yfw2k0h0hpllznwlmwsnn,4,4,323,400,2022-02-19 05:48:36,2023-03-09 16:24:14,legacy/2026-05-20-pre-v2-import/data/raw/iog/delegation_history.csv
iog,pool180pfdeg9shtdu47hcjdw2kcxhz7r6pz3juzej8mkdjvtjt7mkm0,4,4,249,268,2021-02-09 22:02:29,2021-05-17 05:18:01,legacy/2026-05-20-pre-v2-import/data/raw/iog/delegation_history.csv
iog,pool1980svf2cxnfy66s5jgjv7y22xud75z9kfe6n0c3y54s62w56435,4,4,291,447,2021-09-11 03:00:45,2023-10-30 12:56:47,legacy/2026-05-20-pre-v2-import/data/raw/iog/delegation_history.csv
iog,pool1cspe7naf0mtntwyysqxk6czah3jlh6v4cja8pdfju932yxsehnm,4,4,373,480,2022-10-24 16:18:59,2024-04-11 23:43:21,legacy/2026-05-20-pre-v2-import/data/raw/iog/delegation_history.csv
iog,pool1d2smneyj9wkee0vkqm5se44t4x44fugq2agw7k775s6yqqcu7zr,4,5,253,279,2021-03-02 15:36:29,2021-07-10 11:39:06,legacy/2026-05-20-pre-v2-import/data/raw/iog/delegation_history.csv
iog,pool1dy7tz7eyf2qal2jcns4qwm4xqn34gc4rj9dz34kfs6zuju477k7,4,4,233,251,2020-11-24 16:05:00,2021-02-24 15:48:09,legacy/2026-05-20-pre-v2-import/data/raw/iog/delegation_history.csv
iog,pool1e59h5m5vyggszyafel7zvcnsayt2de7wyxyezlrsmm4a679q3zr,4,4,461,479,2024-01-06 16:16:02,2024-04-07 17:13:35,legacy/2026-05-20-pre-v2-import/data/raw/iog/delegation_history.csv
iog,pool1e9tp0emvvg9sc4ds9h4nhwk8qpn6869qwnas2qywu9ep2reaaxe,4,4,253,255,2021-03-04 02:41:00,2021-03-11 21:58:18,legacy/2026-05-20-pre-v2-import/data/raw/iog/delegation_history.csv
iog,pool1etfar35l4tf6vam3gvqf5dnaq7levz32vgw4p00jzk7q7twg2te,4,5,210,266,2020-07-31 10:25:51,2021-05-06 22:12:24,legacy/2026-05-20-pre-v2-import/data/raw/iog/delegation_history.csv
iog,pool1ey45kz6cwxxzgz6dfy89srvwcfzkmv3ea8g3jxkxmtr9zk5ayeu,4,4,300,302,2021-10-27 21:42:27,2021-11-03 20:12:14,legacy/2026-05-20-pre-v2-import/data/raw/iog/delegation_history.csv
iog,pool1f3qeehc4htjqpwv248kf5lfaumd0e84jtze379ev3ywa2w69aam,4,4,296,322,2021-10-07 18:53:29,2022-02-14 13:09:17,legacy/2026-05-20-pre-v2-import/data/raw/iog/delegation_history.csv
iog,pool1f4rs6v0cpsqa09ueddp6hhl8xwdwtdqglvcuce26srxdwmzxl6v,4,5,244,331,2021-01-20 05:21:31,2022-03-29 07:12:01,legacy/2026-05-20-pre-v2-import/data/raw/iog/delegation_history.csv
iog,pool1frz0ds4nhg4t0e30jadc5kwx35kzj2vfp9eak9ehh2727m4dqnv,4,7,284,538,2021-08-04 21:47:11,2025-01-24 23:59:34,legacy/2026-05-20-pre-v2-import/data/raw/iog/delegation_history.csv
iog,pool1fxlf6mqxeuptm7ztwdpp2zdwm7tsfcy3fweu7euyf6aduuh6u42,4,5,255,295,2021-03-16 06:59:55,2021-09-29 06:51:10,legacy/2026-05-20-pre-v2-import/data/raw/iog/delegation_history.csv
iog,pool1gu33fszp9ek0w9fkdt2xpnp4vznvvv2vhktc0dypa8fr53lc9pc,4,5,210,308,2020-08-03 01:31:11,2021-12-06 17:53:30,legacy/2026-05-20-pre-v2-import/data/raw/iog/delegation_history.csv
iog,pool1hqwxta8p0j8ffkyle5mf6yg80tucqzh8q9mszws60xe5ja06nwa,4,4,250,254,2021-02-17 00:53:22,2021-03-10 02:23:36,legacy/2026-05-20-pre-v2-import/data/raw/iog/delegation_history.csv
iog,pool1j742gcsul7u8c05rsqmkgpkvj5qadj0pew69nctu6crqy9wjjn4,4,9,254,514,2021-03-09 22:39:32,2024-10-01 13:43:23,legacy/2026-05-20-pre-v2-import/data/raw/iog/delegation_history.csv
iog,pool1j8355yxxpfuhqyda4lrj8c9cdghaang3wvwge8jq8nlxurvfqv7,4,4,255,474,2021-03-12 11:05:54,2024-03-13 23:41:26,legacy/2026-05-20-pre-v2-import/data/raw/iog/delegation_history.csv
iog,pool1jpezycd8q3l6a255dv8wt7vpt4aay8llqakdn7vkum5swes4hu3,4,4,236,270,2020-12-08 18:59:08,2021-05-28 22:52:51,legacy/2026-05-20-pre-v2-import/data/raw/iog/delegation_history.csv
iog,pool1jslaut45plz6ek7grjyzxz6kzgerr7p5204h9sprh3msw6d8yht,4,4,290,293,2021-09-03 00:14:02,2021-09-18 10:08:03,legacy/2026-05-20-pre-v2-import/data/raw/iog/delegation_history.csv
iog,pool1kcnh9avc9jgelajcja7y6wsvjdaulkqj02azcszjvm3pwmksr0l,4,7,233,263,2020-11-25 21:04:41,2021-04-24 05:48:17,legacy/2026-05-20-pre-v2-import/data/raw/iog/delegation_history.csv
iog,pool1larpvn53yyufaf8fh89nrrpgruqcq8mgxrtdxp5y87cqse3yfg2,4,5,231,317,2020-11-13 11:20:38,2022-01-17 13:55:11,legacy/2026-05-20-pre-v2-import/data/raw/iog/delegation_history.csv
iog,pool1m83drqwlugdt9jn7jkz8hx3pne53acfkd539d9cj8yr92dr4k9y,4,4,210,253,2020-07-30 01:12:31,2021-03-05 02:44:02,legacy/2026-05-20-pre-v2-import/data/raw/iog/delegation_history.csv
iog,pool1mfgqn8n658vjdcvg3xgtr3qyet64fht0dzsukqeznxw36z8g2k6,4,5,236,540,2020-12-07 05:04:26,2025-02-08 20:42:52,legacy/2026-05-20-pre-v2-import/data/raw/iog/delegation_history.csv
iog,pool1mhww3q6d7qssj5j2add05r7cyr7znyswe2g6vd23anpx5sh6z8d,4,4,337,500,2022-04-29 05:08:05,2024-07-18 22:05:44,legacy/2026-05-20-pre-v2-import/data/raw/iog/delegation_history.csv
iog,pool1mt8sdg37f2h3rypyuc77k7vxrjshtvjw04zdjlae9vdzyt9uu34,4,5,447,586,2023-11-01 17:44:01,2025-09-26 10:04:37,legacy/2026-05-20-pre-v2-import/data/raw/iog/delegation_history.csv
iog,pool1n500map6vvxwkxnrw5m9vgmjqrmtaxuuxkgqvzz7699c7qc550v,4,9,241,259,2021-01-01 21:49:38,2021-04-04 03:57:27,legacy/2026-05-20-pre-v2-import/data/raw/iog/delegation_history.csv
iog,pool1n7s5kpymwd0zsld8q23tpf7z5esjaqwmnnzzssee5630zpx5ww0,4,4,393,472,2023-01-31 21:49:44,2024-03-03 14:17:00,legacy/2026-05-20-pre-v2-import/data/raw/iog/delegation_history.csv
iog,pool1nhd907krga9dh69kf0jg4tl0764rravepy337gptvsknxyyx94k,4,4,230,273,2020-11-10 00:14:17,2021-06-09 23:00:06,legacy/2026-05-20-pre-v2-import/data/raw/iog/delegation_history.csv
iog,pool1p9sjhjx0v3k76wvgdqu7jcks2ra48wqlhc6g0mkewd25k3zcymy,4,5,214,264,2020-08-20 15:08:36,2021-04-28 12:36:28,legacy/2026-05-20-pre-v2-import/data/raw/iog/delegation_history.csv
iog,pool1phc0dedrry2jp2s2tqngcw87vzx3mychvm7qqe3470etzsf3ph7,4,4,383,401,2022-12-11 21:54:17,2023-03-16 18:22:15,legacy/2026-05-20-pre-v2-import/data/raw/iog/delegation_history.csv
iog,pool1phdz6sn3xs9fyytvhqpjc945jytmya6j4v8l3v7ksyczzdplawf,4,4,249,255,2021-02-11 10:52:47,2021-03-14 07:32:14,legacy/2026-05-20-pre-v2-import/data/raw/iog/delegation_history.csv
iog,pool1pzqdfptvl5f8vh28az37jag2wkfmqz9x8d6eufl8y0z9q34hlr7,4,10,244,280,2021-01-19 09:24:51,2021-07-17 21:39:09,legacy/2026-05-20-pre-v2-import/data/raw/iog/delegation_history.csv
iog,pool1qqenhz258k5k9nyjull6gkzg7s4f3ae8v7qxwpegeef9v0nsy3e,4,5,249,323,2021-02-12 10:14:51,2022-02-19 12:09:43,legacy/2026-05-20-pre-v2-import/data/raw/iog/delegation_history.csv
iog,pool1qqq6qpcq3tvnqzy7r03dush0qk9vrr88v85d6fj3ws9h5zj0h8w,4,4,251,284,2021-02-21 10:55:42,2021-08-07 22:42:09,legacy/2026-05-20-pre-v2-import/data/raw/iog/delegation_history.csv
iog,pool1qqqz9vlskay2gv3ec5pyck8c2tq9ty7dpfm60x8shvapguhcemt,4,5,245,260,2021-01-21 18:40:48,2021-04-08 10:34:56,legacy/2026-05-20-pre-v2-import/data/raw/iog/delegation_history.csv
iog,pool1ra2su7cvnmr83pu9nvvz4a9carsgc9egc3e5fuk7h9pycyp5ela,4,4,588,615,2025-10-06 21:04:42,2026-02-14 11:57:44,legacy/2026-05-20-pre-v2-import/data/raw/iog/delegation_history.csv
iog,pool1re8cmjt895tpx8dx2veg0cew5yqtxnt82sll03e433a4ugnh9w7,4,4,249,358,2021-02-14 15:14:51,2022-08-13 12:09:51,legacy/2026-05-20-pre-v2-import/data/raw/iog/delegation_history.csv
iog,pool1s7eglqwzl84xgvpr4pptylcgqhkjr4xk8d6y3k22plu3sagms25,4,5,250,289,2021-02-16 21:31:31,2021-08-29 04:52:15,legacy/2026-05-20-pre-v2-import/data/raw/iog/delegation_history.csv
iog,pool1s9y50eucftrj0fw786rm3ljedpg8qry4ydq9kx23dv4px9k97t6,4,4,253,315,2021-03-02 20:13:50,2022-01-06 14:12:32,legacy/2026-05-20-pre-v2-import/data/raw/iog/delegation_history.csv
iog,pool1spus7k8cy5qcs82xhw60dwwk2d4vrfs0m5vr2zst04gtq700gjn,4,4,211,253,2020-08-06 11:10:11,2021-03-04 13:47:50,legacy/2026-05-20-pre-v2-import/data/raw/iog/delegation_history.csv
iog,pool1srdjughnhp8xnn0wlf7gj7v9k8lmzl9ht4vhksp5qqc66fnpccj,4,5,405,438,2023-04-03 21:10:13,2023-09-16 11:19:44,legacy/2026-05-20-pre-v2-import/data/raw/iog/delegation_history.csv
iog,pool1tjr4zpndkvwkw3du3fvt59f5men6jhuevt7rpx6xw0wcct5kl04,4,6,262,326,2021-04-16 15:48:10,2022-03-05 02:17:25,legacy/2026-05-20-pre-v2-import/data/raw/iog/delegation_history.csv
iog,pool1tkexntwvhg0fqs2xnm7xg6ljqzjkpk0pl4nxxe3nf48ux8nucqy,4,4,252,266,2021-02-27 04:41:32,2021-05-10 08:06:36,legacy/2026-05-20-pre-v2-import/data/raw/iog/delegation_history.csv
iog,pool1udkx9rmgzf08z7zz4p7ykpdqsdv5nf0w8uf38wrsdn5dzk9nq4g,4,5,232,267,2020-11-19 02:18:53,2021-05-14 17:31:32,legacy/2026-05-20-pre-v2-import/data/raw/iog/delegation_history.csv
iog,pool1uu35qfkmjyxwpm3pgptfgr0qga9j2fzkc0tsjplcx840x295xj9,4,4,239,252,2020-12-26 17:35:53,2021-02-25 23:51:20,legacy/2026-05-20-pre-v2-import/data/raw/iog/delegation_history.csv
iog,pool1v4wgyctxyxlcf90qtgflznv5f4fcm6cy0z80mchctekt20d3cww,4,5,210,323,2020-07-29 23:30:51,2022-02-18 01:53:57,legacy/2026-05-20-pre-v2-import/data/raw/iog/delegation_history.csv
iog,pool1v6mdg9xm9a80js00zx53c6nagcw5m0m970nm4my4pkrlyxq707e,4,7,211,306,2020-08-04 01:12:11,2021-11-22 01:13:47,legacy/2026-05-20-pre-v2-import/data/raw/iog/delegation_history.csv
iog,pool1we0xjccr3vc4ypnmhzsgwp7sxpsytu8dtv0syeqmtrllvcex68q,4,5,220,323,2020-09-18 16:23:54,2022-02-19 18:58:24,legacy/2026-05-20-pre-v2-import/data/raw/iog/delegation_history.csv
iog,pool1xfkn3229pxwfmaula9vk9se4ur5x5pvxn78m7j63etgcczdhcs9,4,4,253,274,2021-03-03 23:57:22,2021-06-19 20:39:32,legacy/2026-05-20-pre-v2-import/data/raw/iog/delegation_history.csv
iog,pool1xlfty06hg6q23qvcaxwv3p9ke7ff9n34qpr8tpxt2zflyq20ceh,4,4,333,537,2022-04-10 03:49:45,2025-01-23 10:22:42,legacy/2026-05-20-pre-v2-import/data/raw/iog/delegation_history.csv
iog,pool1xyx655q6ch4d99fuewwtkdwjx5tvfr0rzqvmwehm2cpzj7e2wgl,4,4,239,251,2020-12-23 20:36:57,2021-02-24 18:16:07,legacy/2026-05-20-pre-v2-import/data/raw/iog/delegation_history.csv
iog,pool1ykwcqf7r8mj9fmprr9f3y62ftsrlalxm22j383gfpav76ddrc25,4,4,309,327,2021-12-09 11:54:51,2022-03-07 17:22:39,legacy/2026-05-20-pre-v2-import/data/raw/iog/delegation_history.csv
iog,pool1yxhf37v04q6cyrf8a4g64xsmvepwg5t2zc0qcquqjlph55ye2ef,4,4,210,240,2020-07-31 03:32:51,2020-12-31 20:23:36,legacy/2026-05-20-pre-v2-import/data/raw/iog/delegation_history.csv
iog,pool1zdtqtsu3l3ytatzyvrq48d4mpnll9c5evwfq6taxkmn9vvdz839,4,5,296,358,2021-10-04 08:43:15,2022-08-13 09:53:13,legacy/2026-05-20-pre-v2-import/data/raw/iog/delegation_history.csv
iog,pool1zrkwh7cmhvx3zvkyr9f0nhnpxscaflhky6edaqzsux5qkj7r5v6,4,4,434,435,2023-08-27 15:15:04,2023-08-30 23:18:11,legacy/2026-05-20-pre-v2-import/data/raw/iog/delegation_history.csv
iog,pool1zug38qs8r3ggmzqnqmyxkz34zy3gc9uw3pn59g5gfjwcxdskxjf,4,7,230,250,2020-11-11 17:08:57,2021-02-17 14:46:42,legacy/2026-05-20-pre-v2-import/data/raw/iog/delegation_history.csv
iog,pool10p3g22454ly7eaurlur5wc9d9ual2fnfwy7a6e7k09z3yf929k9,3,3,250,276,2021-02-17 23:10:24,2021-06-27 14:30:42,legacy/2026-05-20-pre-v2-import/data/raw/iog/delegation_history.csv
iog,pool10ysem79xjxd223plxqws0fheawd78znr3qs4h2h422gmxa40amu,3,3,256,257,2021-03-19 15:07:04,2021-03-22 12:57:20,legacy/2026-05-20-pre-v2-import/data/raw/iog/delegation_history.csv
iog,pool124lm97s6f4satl7xz0ulzgg6tv30tskry3zcntwrz68n60v5yne,3,3,210,210,2020-07-29 22:32:31,2020-08-02 11:04:11,legacy/2026-05-20-pre-v2-import/data/raw/iog/delegation_history.csv
iog,pool12584mjtgz3fhgpx823qht56gycnfnezg6aqqthazv4qdxkd5c46,3,3,245,261,2021-01-21 11:07:16,2021-04-13 20:41:17,legacy/2026-05-20-pre-v2-import/data/raw/iog/delegation_history.csv
iog,pool12fzerww0hmk0fyvaujz5t2kg6hl4n8daz85rqy5jk8qk58r59y6,3,3,268,334,2021-05-16 08:26:08,2022-04-12 15:07:02,legacy/2026-05-20-pre-v2-import/data/raw/iog/delegation_history.csv
iog,pool12hh4dvqyxhlv3lu9mkyvpnskma642fj3zv3s8xlau42ak9m60hf,3,4,235,253,2020-12-03 09:39:14,2021-03-02 00:56:31,legacy/2026-05-20-pre-v2-import/data/raw/iog/delegation_history.csv
iog,pool13kd6k66rrrhsh4s9px92qxymsrkjcjy336lpg80tt38lk6r799y,3,3,216,234,2020-09-02 11:08:00,2020-12-01 18:14:01,legacy/2026-05-20-pre-v2-import/data/raw/iog/delegation_history.csv
iog,pool13l0j202yexqh6l0awtee9g354244gmfze09utxz0sn7p7r3ev3m,3,3,210,253,2020-07-30 05:23:11,2021-03-06 09:30:14,legacy/2026-05-20-pre-v2-import/data/raw/iog/delegation_history.csv
iog,pool140x77a7cz2j689lmxf836qpjtc3y83rka28v6gpswxdw2mag62e,3,3,211,249,2020-08-07 06:34:51,2021-02-13 19:56:17,legacy/2026-05-20-pre-v2-import/data/raw/iog/delegation_history.csv
iog,pool1442wwr8zzdpcu8uwnglackzr3u5ggrmfxsjja0s7aef66hk2fuc,3,3,265,542,2021-05-04 13:07:19,2025-02-15 14:11:26,legacy/2026-05-20-pre-v2-import/data/raw/iog/delegation_history.csv
iog,pool14ku0z9rx9yx34zl00jtxtpyv6ehytfl8fewztavx7qvju7nrtr8,3,3,210,224,2020-08-02 15:44:51,2020-10-09 18:55:00,legacy/2026-05-20-pre-v2-import/data/raw/iog/delegation_history.csv
iog,pool14mm59ntjqzphjr6chrww639cdr3yjce4qcwzc5jkk38y22u7uc6,3,3,212,220,2020-08-11 12:22:31,2020-09-22 17:15:14,legacy/2026-05-20-pre-v2-import/data/raw/iog/delegation_history.csv
iog,pool14z5zuqy98d956cktyjuztaj7u4a4wje88c8ewznqdh6uxwlpnj4,3,3,213,254,2020-08-13 21:48:11,2021-03-10 21:54:04,legacy/2026-05-20-pre-v2-import/data/raw/iog/delegation_history.csv
iog,pool1525d8qqw9cjykckqk9dgz6xmxdevm68zyspz90ac58p4v2gr6zm,3,3,252,264,2021-02-28 22:47:37,2021-04-29 12:01:56,legacy/2026-05-20-pre-v2-import/data/raw/iog/delegation_history.csv
iog,pool154sjkrwdu80wp6mnjvkwk55aj53l4v37z4zwulfak74vcxg60x0,3,4,212,253,2020-08-09 09:35:31,2021-03-04 10:40:08,legacy/2026-05-20-pre-v2-import/data/raw/iog/delegation_history.csv
iog,pool15a04yc72q4tfkwaweu86l0764urswee8c3zxperyrdq4kx8nvua,3,3,261,326,2021-04-12 18:06:40,2022-03-05 23:09:04,legacy/2026-05-20-pre-v2-import/data/raw/iog/delegation_history.csv
iog,pool15v22rpfg6qx9l0gx0m955gfv7tes0jpa9sy0gjs3a04lv6x9jdr,3,4,433,458,2023-08-20 08:20:52,2023-12-26 17:56:42,legacy/2026-05-20-pre-v2-import/data/raw/iog/delegation_history.csv
iog,pool15xgej4c7ns20y5pt7dc5vq6yj87ss5sl2ffucmh5j766j90ppur,3,3,290,538,2021-09-07 07:11:44,2025-01-28 16:13:46,legacy/2026-05-20-pre-v2-import/data/raw/iog/delegation_history.csv
iog,pool17038jcq6xdgjn0xsjx7m79rx52r7sucqwtr5j20tk23w5mjank3,3,4,212,232,2020-08-09 03:30:31,2020-11-16 23:26:18,legacy/2026-05-20-pre-v2-import/data/raw/iog/delegation_history.csv
iog,pool1835qw65tsy3x7mta5dfdmfq4mvqzn9cpvf9keaca0nqgvguk7j5,3,5,250,447,2021-02-15 06:27:27,2023-11-01 16:31:10,legacy/2026-05-20-pre-v2-import/data/raw/iog/delegation_history.csv
iog,pool1850xvydng5mkjzkwqw6566y7e6hsrgakc3y87jrnqrkrwdjua2p,3,3,271,387,2021-06-01 21:53:46,2023-01-04 06:45:05,legacy/2026-05-20-pre-v2-import/data/raw/iog/delegation_history.csv
iog,pool18ufrgfgmslekdxnk9v9345qvhrr7vfgzkvneqtwm7unnwaht6ww,3,3,502,588,2024-07-31 10:12:27,2025-10-04 04:44:53,legacy/2026-05-20-pre-v2-import/data/raw/iog/delegation_history.csv
iog,pool19frt3kaxxk4vr4x3wnaapntu0ul0dsesu77wfqaawc5h5ffgfgt,3,3,211,337,2020-08-08 02:56:11,2022-04-29 14:04:10,legacy/2026-05-20-pre-v2-import/data/raw/iog/delegation_history.csv
iog,pool19huja8uuhc98rxajduh7yexg982rt3qv6slwpf3r7ug5ke37g0g,3,3,232,258,2020-11-20 22:21:02,2021-03-27 05:23:08,legacy/2026-05-20-pre-v2-import/data/raw/iog/delegation_history.csv
iog,pool19wpsykyg3gy7s34kx36vvs4dfcv2anggmta372jdv5lgqx0gs2t,3,3,211,223,2020-08-07 14:02:11,2020-10-06 10:51:18,legacy/2026-05-20-pre-v2-import/data/raw/iog/delegation_history.csv
iog,pool19xyfanyp28j6j07dxgwdjp0wur6seqmyyu64qgzstzl7s47pvpj,3,3,266,290,2021-05-08 19:03:36,2021-09-03 08:14:19,legacy/2026-05-20-pre-v2-import/data/raw/iog/delegation_history.csv
iog,pool1a6ysvnx24xsjh2f6ehgmx7yu9q45fd7lsk88v2swxkek7pkxtgp,3,3,247,320,2021-02-04 18:12:56,2022-02-04 07:38:16,legacy/2026-05-20-pre-v2-import/data/raw/iog/delegation_history.csv
iog,pool1a9cerx2tpjjp0acla2zs8zwggjlp0phqqauxzkkm5vk963608aw,3,3,344,394,2022-06-03 07:07:29,2023-02-04 23:13:39,legacy/2026-05-20-pre-v2-import/data/raw/iog/delegation_history.csv
iog,pool1aqt8ycgfpavswxxs7m7n8rz4atqlanpcmf73gq50rmr8um7nde8,3,3,234,249,2020-11-27 12:49:01,2021-02-12 19:31:14,legacy/2026-05-20-pre-v2-import/data/raw/iog/delegation_history.csv
iog,pool1ar6nsa2uzng70uf8fdrttu5jhgxzgu2f4za8h845zr435nfcruw,3,3,410,437,2023-04-28 13:43:19,2023-09-09 06:56:35,legacy/2026-05-20-pre-v2-import/data/raw/iog/delegation_history.csv
iog,pool1c0p84nykx0m4yqs9pkvlgagh3nlnrn77d5zed9kv9ktljh2cjcy,3,4,340,482,2022-05-11 06:39:47,2024-04-23 06:13:28,legacy/2026-05-20-pre-v2-import/data/raw/iog/delegation_history.csv
iog,pool1c0xj2fa97zuz4phld87atg6yphz3hju409fm5xgnwuuvqww25qj,3,6,261,457,2021-04-14 09:32:14,2023-12-21 15:55:40,legacy/2026-05-20-pre-v2-import/data/raw/iog/delegation_history.csv
iog,pool1c25428845rm7sp2cja9jgahpr5kll29srjdzzh84pu84uzanqfc,3,3,211,272,2020-08-04 21:48:11,2021-06-09 06:51:32,legacy/2026-05-20-pre-v2-import/data/raw/iog/delegation_history.csv
iog,pool1ccr56kt2f5tzjvztlkf8zhkpvaawkduwfye8ydsk646lz0m4h5x,3,3,287,294,2021-08-23 12:36:25,2021-09-26 07:41:58,legacy/2026-05-20-pre-v2-import/data/raw/iog/delegation_history.csv
iog,pool1cf7mqj0xd8z4jqhr7nf565mxuvepk8euv5t6ehmuwe49kfz9llr,3,3,312,419,2021-12-24 19:34:11,2023-06-10 22:53:21,legacy/2026-05-20-pre-v2-import/data/raw/iog/delegation_history.csv
iog,pool1cj2uh0ylps28czcjslnz85v2zyf8mld0w5tuqp3amxk4jjwfkgd,3,3,248,252,2021-02-09 02:25:45,2021-02-26 09:53:57,legacy/2026-05-20-pre-v2-import/data/raw/iog/delegation_history.csv
iog,pool1cmqpzlsrrjup8zg6qaperz868u64dlt7uvvdszsr658mvzz9qq0,3,4,287,397,2021-08-19 13:10:11,2023-02-22 22:06:41,legacy/2026-05-20-pre-v2-import/data/raw/iog/delegation_history.csv
iog,pool1du3r4a7xq60hg2x0wcz7lw5ya3qs74rk258c8kanp93rsqdqu45,3,4,246,249,2021-01-28 19:44:10,2021-02-11 09:29:42,legacy/2026-05-20-pre-v2-import/data/raw/iog/delegation_history.csv
iog,pool1ex7p88tnq3d6d3dsqtlc3632tp2t8eurc352mwf9phu3w8n3vz7,3,4,327,393,2022-03-10 20:16:19,2023-02-03 05:45:26,legacy/2026-05-20-pre-v2-import/data/raw/iog/delegation_history.csv
iog,pool1fg5fs0jks9459pf5qxvdvv3l7rzemj0q8e2lt6unxx5m7fv3tzn,3,3,260,262,2021-04-07 14:37:25,2021-04-16 17:00:44,legacy/2026-05-20-pre-v2-import/data/raw/iog/delegation_history.csv
iog,pool1fn8mfqp4jt6097ygqrze5rjzg3y5s8fktxszqgs9mg22jvr42dx,3,4,256,279,2021-03-20 17:30:24,2021-07-10 16:24:24,legacy/2026-05-20-pre-v2-import/data/raw/iog/delegation_history.csv
iog,pool1fpu5xurq3jx5rn626ejcx0dzzzk5lmtvdl2qkj9l4kw2sjp50dz,3,5,232,358,2020-11-21 10:51:49,2022-08-09 14:22:18,legacy/2026-05-20-pre-v2-import/data/raw/iog/delegation_history.csv
iog,pool1fv9f8phzn7hp623ypw6ctf73a98hd7nrh8wm7glpcuhf64856g2,3,8,226,545,2020-10-19 22:05:54,2025-03-04 22:20:59,legacy/2026-05-20-pre-v2-import/data/raw/iog/delegation_history.csv
iog,pool1gwnu7f7qgaruxph8gn3u28qphvquvnj63elyd3r0nndacj9g9pa,3,3,210,269,2020-07-30 11:20:11,2021-05-25 05:29:31,legacy/2026-05-20-pre-v2-import/data/raw/iog/delegation_history.csv
iog,pool1gxvkc0576e75065p5k0csvwme9y2qrefd5ga66nx0z65xxjt8jk,3,3,468,516,2024-02-11 23:22:08,2024-10-06 23:32:48,legacy/2026-05-20-pre-v2-import/data/raw/iog/delegation_history.csv
iog,pool1h0anq89dytn6vtm0afhreyawcnn0w99w7e4s4q5w0yh3ymzh94s,3,3,210,210,2020-07-30 03:19:31,2020-08-02 06:30:31,legacy/2026-05-20-pre-v2-import/data/raw/iog/delegation_history.csv
iog,pool1h0v99elmvl50rqk778ue6g49r3mtgq3z4draq6pzy0nqv000frd,3,8,251,463,2021-02-24 16:09:16,2024-01-20 04:12:47,legacy/2026-05-20-pre-v2-import/data/raw/iog/delegation_history.csv
iog,pool1hhy7qvgc2lmjlwg8z6yag67yjylrquy9hgxwyhgps5e07m8h0ep,3,4,261,273,2021-04-11 01:03:13,2021-06-11 19:40:53,legacy/2026-05-20-pre-v2-import/data/raw/iog/delegation_history.csv
iog,pool1hsq2jrulgj97tna2femdhsfn2wurkkwt8uk9uvs42h9zs0a783p,3,3,214,266,2020-08-22 02:15:41,2021-05-09 08:44:37,legacy/2026-05-20-pre-v2-import/data/raw/iog/delegation_history.csv
iog,pool1k0xrqp03mn9u3q3sadndd6vu9udl5v38xpzyw0shm8sskuxw2av,3,3,211,242,2020-08-06 13:39:11,2021-01-06 05:12:41,legacy/2026-05-20-pre-v2-import/data/raw/iog/delegation_history.csv
iog,pool1kffetqjt06qvk4995tz3e3q9h3c8cdq9eedrz8qr3ynnc63qckz,3,3,249,254,2021-02-10 01:55:00,2021-03-08 20:27:03,legacy/2026-05-20-pre-v2-import/data/raw/iog/delegation_history.csv
iog,pool1kprt6l4quz03dhqx8jw22spdjvp5dkshdnn567vlexqkj35hd8a,3,3,527,538,2024-12-01 18:46:31,2025-01-26 15:15:11,legacy/2026-05-20-pre-v2-import/data/raw/iog/delegation_history.csv
iog,pool1ksfzungz56vxa9sy6hr54v5hf6qx8rmcu6734gqm3qlxucveed6,3,4,290,421,2021-09-06 09:17:04,2023-06-20 18:04:59,legacy/2026-05-20-pre-v2-import/data/raw/iog/delegation_history.csv
iog,pool1l37xvdpcl49kr3wscpjp9pr854g06nnjrlndtu3h7k6pvfapgap,3,4,237,460,2020-12-16 10:15:42,2024-01-02 02:45:37,legacy/2026-05-20-pre-v2-import/data/raw/iog/delegation_history.csv
iog,pool1lkuwrel3s8er6v0snw69gumsaugydz9n0vl87n7mygh576mwcy0,3,4,280,392,2021-07-18 19:18:01,2023-01-26 21:40:39,legacy/2026-05-20-pre-v2-import/data/raw/iog/delegation_history.csv
iog,pool1lllmq2jgcqrag5c77lpc5m34fsqn63leadyx9tzx842n66ly3ql,3,3,245,387,2021-01-25 21:11:12,2023-01-01 12:52:27,legacy/2026-05-20-pre-v2-import/data/raw/iog/delegation_history.csv
iog,pool1m3h5p82m6v99nda37rmed8vrkqt43e2a8d89k76gw5ets0gdyag,3,3,307,592,2021-11-26 23:23:02,2025-10-22 17:55:51,legacy/2026-05-20-pre-v2-import/data/raw/iog/delegation_history.csv
iog,pool1mc4h5pk0juqfd5lj08d09d9tfeyd86v7se4kq2jyu9j0jy8ey4y,3,3,233,323,2020-11-22 00:57:42,2022-02-19 14:22:55,legacy/2026-05-20-pre-v2-import/data/raw/iog/delegation_history.csv
iog,pool1mwp8ewtzmun0426v9z0h9um2amswgfzn78rckfl2fc3t5sy0m5g,3,3,232,262,2020-11-16 22:31:59,2021-04-18 03:19:08,legacy/2026-05-20-pre-v2-import/data/raw/iog/delegation_history.csv
iog,pool1n5shd9xdt4s2gm27fxcnuejaqhhmpepn6chw2c82kqnuzdtpsem,3,3,244,272,2021-01-18 16:25:57,2021-06-08 14:47:53,legacy/2026-05-20-pre-v2-import/data/raw/iog/delegation_history.csv
iog,pool1n92phm2qkyq458vppqccf9emtx3l2z7wgwfyjt5elu9772gda2j,3,3,241,262,2021-01-04 00:03:28,2021-04-19 08:34:22,legacy/2026-05-20-pre-v2-import/data/raw/iog/delegation_history.csv
iog,pool1nqm7rm98j5z027kdfcf09kunacz2w672xzx2ucdxacs954r5dul,3,3,328,463,2022-03-14 18:26:46,2024-01-20 01:54:35,legacy/2026-05-20-pre-v2-import/data/raw/iog/delegation_history.csv
iog,pool1ntr0gyvdenpqm9uwwguaw028ayuuck2vx580l2r3radvg6m38pl,3,3,248,249,2021-02-07 20:37:23,2021-02-13 19:21:13,legacy/2026-05-20-pre-v2-import/data/raw/iog/delegation_history.csv
iog,pool1p9sda64t6l9802tsu2fj6phvt9xfqgcpjucyr3kek8wzurmn8rz,3,3,210,252,2020-07-30 04:39:11,2021-02-24 22:02:25,legacy/2026-05-20-pre-v2-import/data/raw/iog/delegation_history.csv
iog,pool1pzkgztz8y8tgd9tpfu7umep97x7m0c5ck0dpn2vqtf202fyhfv5,3,3,220,259,2020-09-22 00:25:26,2021-04-03 19:35:33,legacy/2026-05-20-pre-v2-import/data/raw/iog/delegation_history.csv
iog,pool1q5za50d3sr707xkmjtyrs0v76ezxyj8g8uhggfk0wfl77aufd9k,3,7,249,323,2021-02-14 17:25:22,2022-02-18 18:33:12,legacy/2026-05-20-pre-v2-import/data/raw/iog/delegation_history.csv
iog,pool1q66d2n39uvln4hazyzv8fyq977mpqus78sjd2369qfn7cptdeyh,3,3,210,230,2020-07-30 00:01:51,2020-11-07 01:29:08,legacy/2026-05-20-pre-v2-import/data/raw/iog/delegation_history.csv
iog,pool1qadgwr92pgx0yz3u9n63f0s9ugryaud6wxers850z6sfu06y3rg,3,3,261,328,2021-04-12 03:07:12,2022-03-16 12:56:22,legacy/2026-05-20-pre-v2-import/data/raw/iog/delegation_history.csv
iog,pool1qzlw756y0z6ehg9jkerrfrydr7qlvzl5pgset33h3h2akst593a,3,3,318,320,2022-01-22 01:21:09,2022-02-02 10:57:26,legacy/2026-05-20-pre-v2-import/data/raw/iog/delegation_history.csv
iog,pool1qzlw76zztkg02rywyypyw6s0gtkg2zpkaxhl6cq7eauqg8h9659,3,4,318,319,2022-01-23 12:55:33,2022-01-26 23:47:33,legacy/2026-05-20-pre-v2-import/data/raw/iog/delegation_history.csv
iog,pool1qznyv8g4vxv8ys05rs6dgtzutqc2z9gs6vq85vkn8uq8u0c83we,3,3,286,297,2021-08-17 20:34:42,2021-10-09 18:43:25,legacy/2026-05-20-pre-v2-import/data/raw/iog/delegation_history.csv
iog,pool1r4rwd64q8xk36m6w2vsq48zfcmfxj0dxypcqdpmy2hnwg9vwv59,3,3,210,210,2020-07-30 08:03:51,2020-07-30 19:28:31,legacy/2026-05-20-pre-v2-import/data/raw/iog/delegation_history.csv
iog,pool1r8lmsrdure385hz647kl2qjhyyxkdle4au5krjcsqed4x8227k3,3,3,430,460,2023-08-05 08:01:25,2024-01-02 20:06:32,legacy/2026-05-20-pre-v2-import/data/raw/iog/delegation_history.csv
iog,pool1rc5a3yqa4w692649vnazcw5h9azeldc3gc6gkdk9ctlnzwsgqtd,3,3,248,252,2021-02-09 01:06:38,2021-02-28 22:05:45,legacy/2026-05-20-pre-v2-import/data/raw/iog/delegation_history.csv
iog,pool1rhq7qyw4y2s80gstyevm6rhz2lsdsrcstawunxx5eld8csvuvlu,3,3,283,297,2021-07-30 13:45:02,2021-10-10 16:55:32,legacy/2026-05-20-pre-v2-import/data/raw/iog/delegation_history.csv
iog,pool1rkz43352y9kmsvzqn3wp08t6qfz64j6at4gtmn74ge0tv7hqdhf,3,3,274,276,2021-06-17 20:18:56,2021-06-27 17:28:01,legacy/2026-05-20-pre-v2-import/data/raw/iog/delegation_history.csv
iog,pool1rvjj8cp3urh7de07pm0ceqha2x4lxws69lhd4429dm6djfjsy4l,3,3,248,258,2021-02-09 12:00:00,2021-03-28 09:04:49,legacy/2026-05-20-pre-v2-import/data/raw/iog/delegation_history.csv
iog,pool1s04pdfl3sv5gzuc80322rc4ne0xs7gekux7gtckvvwt7qutjy6w,3,8,251,257,2021-02-20 21:54:56,2021-03-26 05:10:24,legacy/2026-05-20-pre-v2-import/data/raw/iog/delegation_history.csv
iog,pool1sks9qwpygf9vmgeuh4n4a3s36k35c3qnz7pd4qqvw5825x62y3y,3,3,211,266,2020-08-07 10:09:51,2021-05-10 05:59:28,legacy/2026-05-20-pre-v2-import/data/raw/iog/delegation_history.csv
iog,pool1t0jheek3yftf0a9dgzgr2hc2wttwrcjyd5whdrek4ggcc5famre,3,4,422,463,2023-06-28 09:21:09,2024-01-19 08:01:10,legacy/2026-05-20-pre-v2-import/data/raw/iog/delegation_history.csv
iog,pool1twu4rn366744tqq9g66ruy3rete6842z7nnm4vy0q5jaqd48867,3,3,210,254,2020-07-31 08:29:11,2021-03-09 12:13:09,legacy/2026-05-20-pre-v2-import/data/raw/iog/delegation_history.csv
iog,pool1tx6e7gewsrcceejwpa69vrhlhay6862amaks095pmw9jxulwhvx,3,3,252,265,2021-02-28 09:52:15,2021-05-01 00:09:24,legacy/2026-05-20-pre-v2-import/data/raw/iog/delegation_history.csv
iog,pool1u2d3guvld9rk0586lyhk2n8kvkzmem7czwdltgem0mgczqd3ygu,3,3,210,247,2020-07-31 16:47:51,2021-02-04 08:24:16,legacy/2026-05-20-pre-v2-import/data/raw/iog/delegation_history.csv
iog,pool1ucpygt4ds2ggf5lt8z5kzyvnwwr0ggrtqnl0pgawud5ls2cnnkl,3,3,222,272,2020-09-28 11:13:11,2021-06-08 01:22:05,legacy/2026-05-20-pre-v2-import/data/raw/iog/delegation_history.csv
iog,pool1ud4u9r3tce5dum63lsg3xc8nn8ycl2llx5g3qpf6ukc4k0gcfy7,3,8,248,345,2021-02-09 07:40:17,2022-06-09 02:00:52,legacy/2026-05-20-pre-v2-import/data/raw/iog/delegation_history.csv
iog,pool1ujk88muru82e2z3lap9n5j63q30ekqwjmvvpyyu4kjkfg0hdyle,3,3,340,342,2022-05-15 21:43:38,2022-05-20 23:12:58,legacy/2026-05-20-pre-v2-import/data/raw/iog/delegation_history.csv
iog,pool1uqgn8wt3qwaextmmurmcjmk3egwsac6sunyqtrssrdeavlgpyr4,3,3,250,347,2021-02-18 21:57:04,2022-06-15 22:59:18,legacy/2026-05-20-pre-v2-import/data/raw/iog/delegation_history.csv
iog,pool1uu65k00dp467qsszmqwl6udwnet3zszgx8n3kmn2aq84sae8ha9,3,3,488,502,2024-05-20 18:15:36,2024-08-01 00:59:34,legacy/2026-05-20-pre-v2-import/data/raw/iog/delegation_history.csv
iog,pool1wjext9skqge8x7z5asvvmezlal6npjk8v2aduavt6fehyzhnu5a,3,4,252,257,2021-03-01 14:30:31,2021-03-22 09:49:12,legacy/2026-05-20-pre-v2-import/data/raw/iog/delegation_history.csv
iog,pool1wm5quxelvgk8q50jyfznf9asvelp9zf0tk2wu4jazlw9yj4uctw,3,3,293,331,2021-09-18 17:51:29,2022-03-29 16:08:21,legacy/2026-05-20-pre-v2-import/data/raw/iog/delegation_history.csv
iog,pool1wnshjhwqv9j7fgd4tkynpsqr0xczns4pghljy5j4z4qjj7qy4d4,3,4,241,252,2021-01-01 22:49:31,2021-03-01 05:45:40,legacy/2026-05-20-pre-v2-import/data/raw/iog/delegation_history.csv
iog,pool1x9gsnq9pnu9vexrkc7009x4ak0d62vkm72my6vhfyqwj6sp5445,3,3,315,316,2022-01-06 17:17:57,2022-01-15 02:46:49,legacy/2026-05-20-pre-v2-import/data/raw/iog/delegation_history.csv
iog,pool1xgwvxpas3r8nvg9z0f5cdcyr56whynkl9dpa0ukpq4ztjfspk9r,3,3,253,342,2021-03-05 14:38:22,2022-05-24 20:12:56,legacy/2026-05-20-pre-v2-import/data/raw/iog/delegation_history.csv
iog,pool1xj5f7a79lnc9v0gjn00fkf2lyzexngka59tpcew5rrkyqveagpt,3,6,231,309,2020-11-14 17:34:24,2021-12-08 05:29:30,legacy/2026-05-20-pre-v2-import/data/raw/iog/delegation_history.csv
iog,pool1xrpnsm80uy43tjsa3zlxvmdezlj34ps8y2gna3q93jp4jvzvph9,3,3,275,286,2021-06-22 16:10:40,2021-08-15 09:54:58,legacy/2026-05-20-pre-v2-import/data/raw/iog/delegation_history.csv
iog,pool1xrrrr8gldqz8pjxj6j8c638a9py04xuv66kfgn2dlsx9g52te0t,3,3,212,234,2020-08-11 14:06:51,2020-11-27 04:52:20,legacy/2026-05-20-pre-v2-import/data/raw/iog/delegation_history.csv
iog,pool1ytszp582dm9u5un6mevt9czgcnuqhflwfr9ly4ukpeqcughryqh,3,3,247,257,2021-02-02 04:44:16,2021-03-25 00:30:36,legacy/2026-05-20-pre-v2-import/data/raw/iog/delegation_history.csv
iog,pool1yufvmm7p27tewl4uumqkt3zzlnf39jhp6w2lt673kpyjck0h9q3,3,3,211,211,2020-08-04 16:30:31,2020-08-08 09:17:51,legacy/2026-05-20-pre-v2-import/data/raw/iog/delegation_history.csv
iog,pool1ywt7jqfsmxg0yplku4mtdwtm476rp72z6fns9mhevf7u72pkupj,3,3,221,250,2020-09-27 14:59:56,2021-02-15 02:27:25,legacy/2026-05-20-pre-v2-import/data/raw/iog/delegation_history.csv
iog,pool1zeya2r53sxmqh2ux3ssfsrqerergnw2hjxmp63r83ntwverpqwm,3,3,250,268,2021-02-16 20:36:23,2021-05-16 03:48:04,legacy/2026-05-20-pre-v2-import/data/raw/iog/delegation_history.csv
iog,pool1zht8n9qyssc4y2vrqap8acn6jf6jpqktq3tnlu0mkhq5vm8sv2x,3,4,250,253,2021-02-15 21:09:20,2021-03-02 00:17:24,legacy/2026-05-20-pre-v2-import/data/raw/iog/delegation_history.csv
iog,pool1zmtm8yef7725p9n7x433m50kvv9xpzjujnny9m5t960g5qm30ua,3,3,262,326,2021-04-17 18:16:40,2022-03-02 05:57:27,legacy/2026-05-20-pre-v2-import/data/raw/iog/delegation_history.csv
iog,pool10jd7mphm0mmrnfvyytzs3tfrmjmtkvalfx8nql7tae06v0rkjk3,2,2,254,255,2021-03-07 16:49:28,2021-03-12 06:44:17,legacy/2026-05-20-pre-v2-import/data/raw/iog/delegation_history.csv
iog,pool10q2fhzwe4f5k2llny65z5z2fuhrpk3x56fdc0782djdq58p9uee,2,2,285,295,2021-08-09 08:15:08,2021-09-30 16:41:43,legacy/2026-05-20-pre-v2-import/data/raw/iog/delegation_history.csv
iog,pool125kh7e0y9lwya4sz5etmsk7hvga9jtfpuhw00vz9zvk6sh8xh5r,2,2,568,606,2025-06-28 14:56:04,2026-01-01 19:09:28,legacy/2026-05-20-pre-v2-import/data/raw/iog/delegation_history.csv
iog,pool126mkma8nv5axltmz7mmg8qz9e70nmhnf58hwx5772fhwgkhk6ag,2,2,210,217,2020-07-31 00:39:51,2020-09-06 06:37:06,legacy/2026-05-20-pre-v2-import/data/raw/iog/delegation_history.csv
iog,pool12crd62rxj8yryvshmgwkxza7um3uhaypwdjeel98lnkf529qdw5,2,3,249,260,2021-02-12 10:13:11,2021-04-07 02:30:23,legacy/2026-05-20-pre-v2-import/data/raw/iog/delegation_history.csv
iog,pool12eht6dqxpzqj87xuextrpufz2gxmt4reuesuw26r2utzw0kw906,2,2,415,454,2023-05-23 16:39:10,2023-12-05 08:35:51,legacy/2026-05-20-pre-v2-import/data/raw/iog/delegation_history.csv
iog,pool12fclephansjkz0qn339w7mu9jwef2ty439as08avaw7fuyk56j6,2,2,223,260,2020-10-05 20:05:49,2021-04-06 21:41:05,legacy/2026-05-20-pre-v2-import/data/raw/iog/delegation_history.csv
iog,pool12u28yewx8ycf6dj77lzpj6vvhjwp6veh6kxpc63h8fqnqqtlwmu,2,2,267,268,2021-05-15 19:15:10,2021-05-15 21:52:43,legacy/2026-05-20-pre-v2-import/data/raw/iog/delegation_history.csv
iog,pool12ur7gf2psr2grf83u6gturpv2je6vxq9rkg8malygdxqkwnqc5h,2,2,324,332,2022-02-22 19:41:05,2022-04-02 04:36:36,legacy/2026-05-20-pre-v2-import/data/raw/iog/delegation_history.csv
iog,pool137j9xuzycq4jxfpsmjnc75w2wnpz68khlwvsh69kt5negg6ldhg,2,2,304,323,2021-11-14 21:37:29,2022-02-19 02:42:33,legacy/2026-05-20-pre-v2-import/data/raw/iog/delegation_history.csv
iog,pool139q8kztma4y347zvf4je8y3yc7fdf3zhmn6l48qaaflcw630gr7,2,6,229,250,2020-11-02 08:43:58,2021-02-19 20:58:00,legacy/2026-05-20-pre-v2-import/data/raw/iog/delegation_history.csv
iog,pool13gdtqme63jprkug3j4wzslhmu0yk4kdx323rtxpjuz7rqv3yyes,2,2,210,210,2020-07-29 22:50:51,2020-07-30 05:32:11,legacy/2026-05-20-pre-v2-import/data/raw/iog/delegation_history.csv
iog,pool13l9hxj5dke9yd8xrxtfdkxgppj4wdyy52k99jded9f4kv5ce7al,2,3,439,586,2023-09-20 18:41:19,2025-09-25 17:15:14,legacy/2026-05-20-pre-v2-import/data/raw/iog/delegation_history.csv
iog,pool14as6j8nxp5zwxh599jm4jhvn06p9arexazcjf24vpeajcesxeja,2,3,246,258,2021-01-27 23:40:13,2021-03-29 00:39:38,legacy/2026-05-20-pre-v2-import/data/raw/iog/delegation_history.csv
iog,pool14cteh4nuwyvqadavujaf8qy05g208y66ddmct4vwlzurj0zluet,2,2,262,265,2021-04-17 22:12:21,2021-05-05 20:48:07,legacy/2026-05-20-pre-v2-import/data/raw/iog/delegation_history.csv
iog,pool14ga7m2hv6y89u4jv9yf8mf28tjs078j43l5h4zgpxqp7q6ey4d6,2,2,210,224,2020-07-29 23:14:11,2020-10-08 15:42:04,legacy/2026-05-20-pre-v2-import/data/raw/iog/delegation_history.csv
iog,pool14lr9ef5a22ng5xcu2rhpkkc86u5fp24r5gnj6hvnjxmsv8t8rtj,2,3,251,252,2021-02-20 04:48:43,2021-03-01 07:21:44,legacy/2026-05-20-pre-v2-import/data/raw/iog/delegation_history.csv
iog,pool14msuc40fcjvwl2g6f9p2dxx24ekj7qvemla3pzkke6p86d4swzp,2,2,248,256,2021-02-07 02:41:27,2021-03-17 14:06:23,legacy/2026-05-20-pre-v2-import/data/raw/iog/delegation_history.csv
iog,pool14n77mmxh6a2d9k05jamzdwsws2ayvkyje8uc7led958p63at3aj,2,2,277,293,2021-07-03 15:39:57,2021-09-19 20:35:20,legacy/2026-05-20-pre-v2-import/data/raw/iog/delegation_history.csv
iog,pool14pp4yawyt9nqqzles0azyel4smzcy55ath07zzt4pk9pw6t8vwx,2,2,252,253,2021-02-28 14:54:51,2021-03-04 18:57:37,legacy/2026-05-20-pre-v2-import/data/raw/iog/delegation_history.csv
iog,pool14ujg8l2x6fm5jm07jd6jftktt35dzsnefl2jmx9d8vr4cxxkt5d,2,2,253,255,2021-03-06 05:03:37,2021-03-13 19:25:32,legacy/2026-05-20-pre-v2-import/data/raw/iog/delegation_history.csv
iog,pool150hft90uw7tzr9uvj7tqkjp4u98a9hl20llj3n9ew76kkfm768r,2,2,210,252,2020-07-30 12:56:11,2021-02-28 19:53:54,legacy/2026-05-20-pre-v2-import/data/raw/iog/delegation_history.csv
iog,pool153dhk7t4yxagany2dyglnenh3h9hgunnjjr2magfuf3hqgdphc3,2,2,262,262,2021-04-16 04:46:04,2021-04-16 15:49:44,legacy/2026-05-20-pre-v2-import/data/raw/iog/delegation_history.csv
iog,pool153sc4fct34a680nyfj4084w8dpax6c0zt0js8zqvg3sj7wtk486,2,2,536,549,2025-01-19 03:54:44,2025-03-24 10:01:06,legacy/2026-05-20-pre-v2-import/data/raw/iog/delegation_history.csv
iog,pool154hq0j6u6ydz62mtlu7xaj78mhreyp0zsv2kq7f0qmne2fu4t7y,2,2,526,533,2024-11-29 12:22:25,2025-01-02 08:01:25,legacy/2026-05-20-pre-v2-import/data/raw/iog/delegation_history.csv
iog,pool15676jwlm6gancffzs2jg9vf5xwzmspyktw75dl4kaucyst4qt8q,2,2,261,352,2021-04-14 09:22:00,2022-07-10 22:39:07,legacy/2026-05-20-pre-v2-import/data/raw/iog/delegation_history.csv
iog,pool157g225wjz7a0hp2g7t5j7g94dd3esr26xg90rnr9gq3js8ep0v5,2,3,335,363,2022-04-18 23:42:41,2022-09-04 21:04:51,legacy/2026-05-20-pre-v2-import/data/raw/iog/delegation_history.csv
iog,pool158ag8p06qm4apd750ekep6een9cdldqsq434ll2mp0ykgunmguy,2,3,210,325,2020-08-01 03:11:11,2022-02-27 07:56:36,legacy/2026-05-20-pre-v2-import/data/raw/iog/delegation_history.csv
iog,pool15ty42f8jmnd5y3ys5km3y66cy6emnqfx6yfwsm6ral0zwrs3ktj,2,2,420,420,2023-06-16 01:55:36,2023-06-19 20:27:50,legacy/2026-05-20-pre-v2-import/data/raw/iog/delegation_history.csv
iog,pool1628y4cuysuspjhcfhmx3te5ctd2vhuak9eft757947zsz5rtx8h,2,2,324,328,2022-02-20 08:29:13,2022-03-12 11:58:44,legacy/2026-05-20-pre-v2-import/data/raw/iog/delegation_history.csv
iog,pool167rklq6c7hj8nt3g880x94pn2wc8kgqx5s8ml988y0qcccr6qsl,2,2,260,265,2021-04-09 03:08:43,2021-05-03 10:22:15,legacy/2026-05-20-pre-v2-import/data/raw/iog/delegation_history.csv
iog,pool1692dxqqcsavymwz28w44t2jhyjnakvj4l3gwz2dqrarmc2k6dkh,2,2,213,213,2020-08-14 03:40:02,2020-08-14 03:41:31,legacy/2026-05-20-pre-v2-import/data/raw/iog/delegation_history.csv
iog,pool16l9ph0cm42qk4h8wqlka3fw7ws7rvnj5n59xzy8ky4l8gnudugk,2,8,250,582,2021-02-18 19:52:59,2025-09-03 05:45:22,legacy/2026-05-20-pre-v2-import/data/raw/iog/delegation_history.csv
iog,pool16r0t5fwwnehltxhh7wfstl8rwvjpz4npdn0s5jd36j0ysflw7ef,2,2,251,286,2021-02-24 14:51:34,2021-08-15 13:13:18,legacy/2026-05-20-pre-v2-import/data/raw/iog/delegation_history.csv
iog,pool16zx2pradv3pdv6tkp2dnll3d7u8sdwld884f228xl62vy2msdt0,2,3,248,268,2021-02-08 17:18:10,2021-05-19 14:28:38,legacy/2026-05-20-pre-v2-import/data/raw/iog/delegation_history.csv
iog,pool17ajuw0arwq8klfe4xy8tcqj4yetp8kerl4amzn5dsnne20wlnsa,2,2,249,254,2021-02-13 22:08:05,2021-03-09 22:24:45,legacy/2026-05-20-pre-v2-import/data/raw/iog/delegation_history.csv
iog,pool17gvd032slmxg267lp8rwcykkfa52txm8ylefhmdsdkytzugrtaw,2,2,211,251,2020-08-08 21:31:31,2021-02-24 11:11:31,legacy/2026-05-20-pre-v2-import/data/raw/iog/delegation_history.csv
iog,pool17tfres65n2elunrcmkg3t24s48j8mh5kklzrg6pzcu42x7shmrv,2,2,255,270,2021-03-15 17:27:19,2021-05-26 10:42:06,legacy/2026-05-20-pre-v2-import/data/raw/iog/delegation_history.csv
iog,pool17y0uw9jraxxtqk4mhgkhkye2v6jqzn84u8hl68l9xwq3cvm2vqw,2,2,216,249,2020-08-28 22:33:58,2021-02-14 18:46:02,legacy/2026-05-20-pre-v2-import/data/raw/iog/delegation_history.csv
iog,pool180fejev4xgwe2y53ky0pxvgxr3wcvkweu6feq5mdljfzcsmtg6u,2,2,471,478,2024-02-25 23:31:19,2024-03-31 00:02:54,legacy/2026-05-20-pre-v2-import/data/raw/iog/delegation_history.csv
iog,pool1829u4wxz0hdatsc0sczd0r3362wxk82qlqncjw5ksx7ngne07w0,2,2,238,244,2020-12-21 00:25:24,2021-01-18 17:03:35,legacy/2026-05-20-pre-v2-import/data/raw/iog/delegation_history.csv
iog,pool183tuc6uqs2q8tzekn4559pwmrg8ukss2fdwvtumrcdjh6j8qsu0,2,2,213,233,2020-08-16 22:13:22,2020-11-22 12:47:13,legacy/2026-05-20-pre-v2-import/data/raw/iog/delegation_history.csv
iog,pool18gys2arurr8su3qssvh7vjcn42k5clgrvdxah8mxcg5xquvfu8p,2,2,247,257,2021-02-04 19:13:27,2021-03-26 15:24:12,legacy/2026-05-20-pre-v2-import/data/raw/iog/delegation_history.csv
iog,pool18qlwnav8ca79dqlw5grnt96f0pxe4awdyvrdpxde89ln7th9utp,2,13,253,364,2021-03-02 21:36:58,2022-09-12 15:09:34,legacy/2026-05-20-pre-v2-import/data/raw/iog/delegation_history.csv
iog,pool18xykgvvvxej2e5ap04ks72d8fdke4qsqeh30satznyrtj88634d,2,3,210,402,2020-07-30 05:36:51,2023-03-19 16:41:34,legacy/2026-05-20-pre-v2-import/data/raw/iog/delegation_history.csv
iog,pool197e83k4u53l6txk8yr83007efgavngua8wnwp00w3xrqw3pmr4x,2,2,309,310,2021-12-10 02:31:42,2021-12-13 11:27:42,legacy/2026-05-20-pre-v2-import/data/raw/iog/delegation_history.csv
iog,pool199a44nvtjr0c5xlanz4p5c0nywu8l6k5hz3t2he0hq7wvljnsrt,2,2,476,556,2024-03-23 11:03:12,2025-04-26 02:35:43,legacy/2026-05-20-pre-v2-import/data/raw/iog/delegation_history.csv
iog,pool19ae6xhzsscypyha0sszv90xwjsh20hxecxjpcqynshfawvwxqnn,2,2,254,296,2021-03-11 17:01:29,2021-10-07 14:35:19,legacy/2026-05-20-pre-v2-import/data/raw/iog/delegation_history.csv
iog,pool19ghp59ea95dd9v86lzq6k2xl65ftmg5a578zq8h9d0ptwu4dekf,2,2,250,250,2021-02-17 13:48:39,2021-02-17 13:48:39,legacy/2026-05-20-pre-v2-import/data/raw/iog/delegation_history.csv
iog,pool19k4azhj8tye5wwy5pfj7q6m938m8fg5nglds5dkhtfwnvcg3s0k,2,2,259,286,2021-04-05 15:52:57,2021-08-18 18:58:54,legacy/2026-05-20-pre-v2-import/data/raw/iog/delegation_history.csv
iog,pool19k9grwq9cdswn4k7vxzmwcls24jj3466g4s4xr5vucehcqpslfy,2,2,254,535,2021-03-08 22:43:55,2025-01-13 04:57:03,legacy/2026-05-20-pre-v2-import/data/raw/iog/delegation_history.csv
iog,pool19n5ml38q5uedy8kgwwwtlsa3p9tmfcef0lfjp42k7j9d5mpgs2m,2,2,282,298,2021-07-28 21:09:46,2021-10-15 05:20:25,legacy/2026-05-20-pre-v2-import/data/raw/iog/delegation_history.csv
iog,pool19peeq2czwunkwe3s70yuvwpsrqcyndlqnxvt67usz98px57z7fk,2,2,455,457,2023-12-08 16:59:31,2023-12-17 21:34:57,legacy/2026-05-20-pre-v2-import/data/raw/iog/delegation_history.csv
iog,pool19vpp0udh6qtu5dv9dwssamqsttx7z7n9ml2wed67j0pdkck9vnj,2,2,210,260,2020-08-03 15:51:51,2021-04-06 03:42:20,legacy/2026-05-20-pre-v2-import/data/raw/iog/delegation_history.csv
iog,pool1a6ccp9fpgn40r2jl7fapjv3224swqf72z5gt4cgwctnk5etfjlr,2,2,247,259,2021-01-31 20:40:59,2021-04-01 20:43:01,legacy/2026-05-20-pre-v2-import/data/raw/iog/delegation_history.csv
iog,pool1adhpjj009c0jekumqswj5jux6nvrw7v2k0wlu57vfjh7gd5wyh9,2,2,290,297,2021-09-04 14:03:53,2021-10-10 12:46:41,legacy/2026-05-20-pre-v2-import/data/raw/iog/delegation_history.csv
iog,pool1af7dmzgcyp9kc5lyrtrtpsce58l6j5cjvc8wavkwmzlr53ym50v,2,3,249,299,2021-02-13 15:26:37,2021-10-18 06:42:11,legacy/2026-05-20-pre-v2-import/data/raw/iog/delegation_history.csv
iog,pool1augg8mngjqjmxr8zypdqx7066f67q5cjcuwf738ja7csynadd99,2,2,211,217,2020-08-08 12:55:31,2020-09-03 13:24:02,legacy/2026-05-20-pre-v2-import/data/raw/iog/delegation_history.csv
iog,pool1axeed9wqmyvm8ttgdkpazx5dr0e6ezhucnzarpua0zpdg8ycqwl,2,2,250,252,2021-02-16 03:37:17,2021-02-27 15:42:09,legacy/2026-05-20-pre-v2-import/data/raw/iog/delegation_history.csv
iog,pool1c8k78ny3xvsfgenhf4yzvpzwgzxmz0t0um0h2xnn2q83vjdr5dj,2,2,210,210,2020-07-29 23:47:11,2020-08-02 02:50:31,legacy/2026-05-20-pre-v2-import/data/raw/iog/delegation_history.csv
iog,pool1chtam5czevzk2ttctvltpsc8twlwf6zzyh7kj3jkz72gks975sn,2,2,254,257,2021-03-11 10:58:50,2021-03-23 21:09:06,legacy/2026-05-20-pre-v2-import/data/raw/iog/delegation_history.csv
iog,pool1cpqpw923842ple6gnkjl0k2z238uwm4s8xh53ryzxcavu89rp9p,2,2,294,297,2021-09-23 00:10:13,2021-10-08 22:56:25,legacy/2026-05-20-pre-v2-import/data/raw/iog/delegation_history.csv
iog,pool1cpr59c88ps8499gtgegr3muhclr7dln35g9a3rqmv4dkxg9n3h8,2,2,323,323,2022-02-15 15:26:41,2022-02-19 07:58:07,legacy/2026-05-20-pre-v2-import/data/raw/iog/delegation_history.csv
iog,pool1cq25dmlt5974x8tqg3e4dlzvrxefcce2atpnwlfp7ad5ugec9fp,2,2,266,297,2021-05-07 04:58:15,2021-10-08 13:03:21,legacy/2026-05-20-pre-v2-import/data/raw/iog/delegation_history.csv
iog,pool1cyha5jsy6g06w699tw4awy2jw7gxj0azm38yzetr7zls7rkl0t0,2,2,211,248,2020-08-06 12:20:11,2021-02-09 20:56:52,legacy/2026-05-20-pre-v2-import/data/raw/iog/delegation_history.csv
iog,pool1d2cl6yayuxp0wv0v7dtvu0s52vglg0x4z2lz27d6x4ewj72nk2a,2,2,237,253,2020-12-15 16:56:11,2021-03-05 12:05:08,legacy/2026-05-20-pre-v2-import/data/raw/iog/delegation_history.csv
iog,pool1d5lk27jlkaj6dx7ndexjzmdqtt5hnnpx5224awz83ye0v28ve42,2,2,253,254,2021-03-02 12:08:17,2021-03-08 13:02:33,legacy/2026-05-20-pre-v2-import/data/raw/iog/delegation_history.csv
iog,pool1d7kyk2sypjq8ka8s5ud28vsa7dd5f3n6u5hu96rzsfwh5z0g4l7,2,2,279,280,2021-07-13 04:34:17,2021-07-19 02:26:40,legacy/2026-05-20-pre-v2-import/data/raw/iog/delegation_history.csv
iog,pool1dcjycc5mvj9svh9ys482078mnqutu48k3zj7uqzswj7m54a7hzr,2,2,287,292,2021-08-23 14:47:55,2021-09-14 14:15:07,legacy/2026-05-20-pre-v2-import/data/raw/iog/delegation_history.csv
iog,pool1dfg7g6u6vvs4av77frff5f2zejznmjmvtewhxzyg5h3p5m3we65,2,2,215,218,2020-08-24 09:46:38,2020-09-12 10:54:23,legacy/2026-05-20-pre-v2-import/data/raw/iog/delegation_history.csv
iog,pool1dghwejqptsjtf9k8paspg9rhl8humxx0nh7sk37j0ada2dr9mqh,2,2,616,617,2026-02-23 09:04:16,2026-02-26 01:46:02,legacy/2026-05-20-pre-v2-import/data/raw/iog/delegation_history.csv
iog,pool1dhf4dt395f0c0ujnscazvzvw73ynzgwvtf5k4y9c907hwjdyaq4,2,4,270,283,2021-05-27 15:55:12,2021-07-30 00:56:22,legacy/2026-05-20-pre-v2-import/data/raw/iog/delegation_history.csv
iog,pool1dpu6kslgxlg3ccrwxldl8e6r7ylnq0yalafmucp0yc7k6qegtt0,2,2,311,321,2021-12-20 12:45:15,2022-02-06 19:51:32,legacy/2026-05-20-pre-v2-import/data/raw/iog/delegation_history.csv
iog,pool1drrfl4ef8uwaqsyjpssdp8epsflnwdjdku0gx7ycc6qnsqfqv32,2,2,258,269,2021-03-30 03:46:11,2021-05-24 21:20:53,legacy/2026-05-20-pre-v2-import/data/raw/iog/delegation_history.csv
iog,pool1dsqcnwp40t0wc8cd2efp8mfsa9055g09wl5mnzs7kxmfze6mfgf,2,2,323,326,2022-02-16 03:27:45,2022-03-02 02:47:39,legacy/2026-05-20-pre-v2-import/data/raw/iog/delegation_history.csv
iog,pool1dswpls43u0s6cpt0dh2d6npm0rnxh5qcjm9xax9y6fp3uq880xm,2,2,536,537,2025-01-16 07:33:11,2025-01-20 00:49:37,legacy/2026-05-20-pre-v2-import/data/raw/iog/delegation_history.csv
iog,pool1e2w8t3hucc5hfhw8k6r69er3y5kqs9dj9um65l5qe3a82nl25zn,2,3,255,260,2021-03-15 00:50:32,2021-04-06 18:50:09,legacy/2026-05-20-pre-v2-import/data/raw/iog/delegation_history.csv
iog,pool1e98xlcgj80c3rdmm27v5hnvrdtut52e65uk0ema7ctfag596vr2,2,2,239,296,2020-12-26 20:43:23,2021-10-06 06:43:42,legacy/2026-05-20-pre-v2-import/data/raw/iog/delegation_history.csv
iog,pool1eaeynp2hs06v4x8q65jfm2xqcd3dc80rv220gmxvwg8m5sd6e7a,2,2,488,511,2024-05-24 02:02:54,2024-09-16 11:57:14,legacy/2026-05-20-pre-v2-import/data/raw/iog/delegation_history.csv
iog,pool1el6ze57482qzf830l6h2y9uj0l9fr5g7xzur89d4d806y896vgf,2,3,225,249,2020-10-14 06:15:59,2021-02-10 17:26:18,legacy/2026-05-20-pre-v2-import/data/raw/iog/delegation_history.csv
iog,pool1extjc7jrlwyy3w2emwca7sgwlpreej6stmcpm8t6qev4zq7qwxc,2,2,492,502,2024-06-11 19:47:25,2024-08-01 22:05:39,legacy/2026-05-20-pre-v2-import/data/raw/iog/delegation_history.csv
iog,pool1ey0gxeyesszrsshc6zjlzamr7z0f2d29e3ut0ppg4j4gxduyn5r,2,2,256,270,2021-03-16 23:27:46,2021-05-25 21:48:31,legacy/2026-05-20-pre-v2-import/data/raw/iog/delegation_history.csv
iog,pool1ey3d522fefeuxvqrymw9l8wyevuu7my9t2uz2m0lmwfgjg060qr,2,2,210,249,2020-07-30 02:36:31,2021-02-13 01:53:05,legacy/2026-05-20-pre-v2-import/data/raw/iog/delegation_history.csv
iog,pool1f6lnuxzw90mmd399nxqjvzyyxgmf4h3cp7j6pp5s7xmps86arct,2,2,499,586,2024-07-15 19:44:45,2025-09-21 22:23:42,legacy/2026-05-20-pre-v2-import/data/raw/iog/delegation_history.csv
iog,pool1fk7lk6x7j6jkxuvl0het8nmunra4g7370mw29f286dv9ylegutq,2,2,260,331,2021-04-06 00:41:35,2022-03-31 18:10:38,legacy/2026-05-20-pre-v2-import/data/raw/iog/delegation_history.csv
iog,pool1fspfv7z8l8755une5vt8drk7aufenxlucnl0p09sy8vxjw5kz3y,2,3,249,254,2021-02-13 05:30:58,2021-03-11 05:08:08,legacy/2026-05-20-pre-v2-import/data/raw/iog/delegation_history.csv
iog,pool1fvxfg0pcr4umked5cx7jgczdajp70hrz5fsutzk338u0jljlfpy,2,2,292,307,2021-09-14 02:17:24,2021-11-29 16:31:05,legacy/2026-05-20-pre-v2-import/data/raw/iog/delegation_history.csv
iog,pool1fwh9zp2hw7ppkna86n7m7ycgz66dnkdhhyqqahhv362agxj2u7g,2,2,312,323,2021-12-22 02:13:47,2022-02-16 06:44:01,legacy/2026-05-20-pre-v2-import/data/raw/iog/delegation_history.csv
iog,pool1fy5aaf5gz2646dghhm8u899mj6hyznn428sqhdx3tmqmsdy6rcz,2,2,253,268,2021-03-02 00:20:00,2021-05-17 12:14:49,legacy/2026-05-20-pre-v2-import/data/raw/iog/delegation_history.csv
iog,pool1g0hsnjnt0du3kp33gjua3npncngr3yg4ak2zfdhd4zvmy6r8hyd,2,3,242,256,2021-01-07 04:49:08,2021-03-20 10:28:48,legacy/2026-05-20-pre-v2-import/data/raw/iog/delegation_history.csv
iog,pool1g9v6nnrn8x7jcj26mqernsh3h97g6gyhamttzg8q39yvjr60g7k,2,2,285,291,2021-08-10 12:20:38,2021-09-12 09:38:17,legacy/2026-05-20-pre-v2-import/data/raw/iog/delegation_history.csv
iog,pool1gf8a46j6hvhad8e48hez4084x34snpua8k7t3kzy9w42q6w60z8,2,2,506,510,2024-08-18 08:31:23,2024-09-07 16:04:28,legacy/2026-05-20-pre-v2-import/data/raw/iog/delegation_history.csv
iog,pool1gha260s6hx855p49fc735w78p0kcp4hyxl8glymp5k5muk9jkgm,2,2,267,268,2021-05-13 07:32:53,2021-05-19 20:30:46,legacy/2026-05-20-pre-v2-import/data/raw/iog/delegation_history.csv
iog,pool1gjmerqh4wxl553enqeqgc6m3r3gt6yspdg29jy6nuypa6k2tpdt,2,2,220,235,2020-09-18 07:31:24,2020-12-02 05:11:01,legacy/2026-05-20-pre-v2-import/data/raw/iog/delegation_history.csv
iog,pool1gplusrfxc087ep94rata3m02qpyqa6a6g4wezxf4fwwnczzyg3l,2,2,489,490,2024-05-24 23:06:09,2024-06-02 20:20:38,legacy/2026-05-20-pre-v2-import/data/raw/iog/delegation_history.csv
iog,pool1h5jtxde8j86qrnqzj32ugn480u7gw5xw8wqy5d227rl3vfg58qz,2,2,260,309,2021-04-05 23:18:40,2021-12-09 02:03:30,legacy/2026-05-20-pre-v2-import/data/raw/iog/delegation_history.csv
iog,pool1h7yfyd5uty3dn40yqj4hx0yaha6md7uy97sup86xccrpv84xydm,2,2,250,266,2021-02-18 17:37:48,2021-05-06 13:56:06,legacy/2026-05-20-pre-v2-import/data/raw/iog/delegation_history.csv
iog,pool1ha4z9zne9z7he43qf0tzv9pdq8cdj63xfrj8s246u89lkcwmq7w,2,2,256,323,2021-03-21 20:15:52,2022-02-17 05:18:22,legacy/2026-05-20-pre-v2-import/data/raw/iog/delegation_history.csv
iog,pool1hcg8sa642l0xeygkzvpgn3sfj5s2yeuzpws7a0gypyy7grrjcje,2,2,240,248,2020-12-29 00:53:21,2021-02-09 11:47:45,legacy/2026-05-20-pre-v2-import/data/raw/iog/delegation_history.csv
iog,pool1hdglvd3xn5m0glqx3l8cy73ajdlxzn7ztlvzwuythj95kwnmvwe,2,2,213,250,2020-08-16 04:41:31,2021-02-18 02:22:33,legacy/2026-05-20-pre-v2-import/data/raw/iog/delegation_history.csv
iog,pool1her5uyhxcxeyxws60jrft4kkczc2uxyz3z2sq24582z9kvwsng0,2,5,251,290,2021-02-23 05:07:53,2021-09-06 00:27:29,legacy/2026-05-20-pre-v2-import/data/raw/iog/delegation_history.csv
iog,pool1hmsu89xujecvetms68tn2ehfmq7yqvgl6xsf796z4v9ukzdqlp6,2,2,211,212,2020-08-08 09:08:31,2020-08-10 19:22:11,legacy/2026-05-20-pre-v2-import/data/raw/iog/delegation_history.csv
iog,pool1huyzkfxwnttj7r4530hv7gc5v6mzk75vuzysc75aemu85mae9vd,2,2,248,253,2021-02-09 20:10:47,2021-03-02 22:55:50,legacy/2026-05-20-pre-v2-import/data/raw/iog/delegation_history.csv
iog,pool1hv3yae6keeeu2y7eusejx4swd2myfkurldt7lasn2qu4xk20j8m,2,3,244,282,2021-01-17 23:08:11,2021-07-25 10:08:07,legacy/2026-05-20-pre-v2-import/data/raw/iog/delegation_history.csv
iog,pool1hy08gpvzkutxkg3ccxwmkzqaun9cd0styl4dtpqp2yxq2rjxehj,2,2,245,251,2021-01-22 23:39:49,2021-02-20 10:37:46,legacy/2026-05-20-pre-v2-import/data/raw/iog/delegation_history.csv
iog,pool1hysp9sd0h4k8ll8sxnl0k3gqatd9axzjnaxs7488mw9gze40jp9,2,3,263,323,2021-04-22 13:55:05,2022-02-18 12:26:39,legacy/2026-05-20-pre-v2-import/data/raw/iog/delegation_history.csv
iog,pool1j5zdx73kk2w53vd5qqw3wqehywh2tpljltfy3rdmuuge5k7pg8m,2,2,481,516,2024-04-17 22:29:37,2024-10-11 17:12:28,legacy/2026-05-20-pre-v2-import/data/raw/iog/delegation_history.csv
iog,pool1j7sphrhrqtlj32k3alhnnnp3pfxq0n6mwels9ysnfaw563wpue7,2,2,285,323,2021-08-11 10:52:45,2022-02-16 01:39:35,legacy/2026-05-20-pre-v2-import/data/raw/iog/delegation_history.csv
iog,pool1j8grqucdwwcr0cwzxrtw30vqcptg0jdlrmauq5w7ytvqx6nf5np,2,2,250,253,2021-02-15 10:51:53,2021-03-02 08:27:14,legacy/2026-05-20-pre-v2-import/data/raw/iog/delegation_history.csv
iog,pool1jdeg5kn8m77t873vufp9hty99fl0f3huvf8uzylk2ydz50l6a22,2,2,286,306,2021-08-17 03:26:11,2021-11-24 06:44:34,legacy/2026-05-20-pre-v2-import/data/raw/iog/delegation_history.csv
iog,pool1jqssxka8hu94aj6f4w3s8l5m6juqmx0hk3ges48jfac6zngmkh8,2,2,335,384,2022-04-18 04:25:16,2022-12-16 22:16:53,legacy/2026-05-20-pre-v2-import/data/raw/iog/delegation_history.csv
iog,pool1jx4ss2zjage3cw0wht3450328y82yeprmq4fr3e2qtac2rhezkv,2,2,210,215,2020-07-30 18:16:11,2020-08-25 18:28:15,legacy/2026-05-20-pre-v2-import/data/raw/iog/delegation_history.csv
iog,pool1k468tmpfxqexnwyf3y7e3syglyxzmuqggmjm3cc4gy3skmm557a,2,3,299,305,2021-10-21 17:31:17,2021-11-17 00:41:22,legacy/2026-05-20-pre-v2-import/data/raw/iog/delegation_history.csv
iog,pool1k99yncea8tq9pfeks3yymyj6fwjf4apx0s490j09m4y66vtyufr,2,2,275,279,2021-06-22 18:31:45,2021-07-11 22:39:13,legacy/2026-05-20-pre-v2-import/data/raw/iog/delegation_history.csv
iog,pool1kez2gdqpwq2d3xd5k5q4enea59sp8tmgqsyt0rtmgxvuyykz8qg,2,2,247,270,2021-01-31 04:34:07,2021-05-25 22:58:54,legacy/2026-05-20-pre-v2-import/data/raw/iog/delegation_history.csv
iog,pool1kjcnrqhv5dqds32qy8qsc8ffswy20kwvf04f73td3nuezvgl9nn,2,4,251,266,2021-02-22 00:47:44,2021-05-06 21:09:26,legacy/2026-05-20-pre-v2-import/data/raw/iog/delegation_history.csv
iog,pool1kkwd6say8twq3z9e36v57adw02j2x52ascd6eumxy5zd66qm4fa,2,2,226,242,2020-10-18 23:55:05,2021-01-06 13:40:03,legacy/2026-05-20-pre-v2-import/data/raw/iog/delegation_history.csv
iog,pool1kterawv22xya864tqjy9pq2ftmuptlggywtqt3p7adexg7qyl6u,2,2,234,235,2020-12-01 09:35:41,2020-12-02 00:53:14,legacy/2026-05-20-pre-v2-import/data/raw/iog/delegation_history.csv
iog,pool1ktmkc46nvn5m4uxt94jm3pq9y9mxzytkjcjjkk6887tnjf7atqy,2,4,246,249,2021-01-28 20:30:24,2021-02-12 04:13:11,legacy/2026-05-20-pre-v2-import/data/raw/iog/delegation_history.csv
iog,pool1l0m820vyqh5pp2yzpw973qzz23neqqd977u0uczh9fs9zqvg0je,2,2,426,433,2023-07-15 10:36:31,2023-08-23 12:53:20,legacy/2026-05-20-pre-v2-import/data/raw/iog/delegation_history.csv
iog,pool1l3u6jww4npkx2e0utcsmkhwjjgnp43w62exrqwzm8wudg0457e5,2,7,250,316,2021-02-19 07:18:11,2022-01-11 09:33:59,legacy/2026-05-20-pre-v2-import/data/raw/iog/delegation_history.csv
iog,pool1l54qvzlg2jfalkcram9kxsa8vcmgy0fz845q5gptjq8k20kzg2r,2,2,329,329,2022-03-18 22:41:50,2022-03-20 17:36:00,legacy/2026-05-20-pre-v2-import/data/raw/iog/delegation_history.csv
iog,pool1l5t2lytxxx7jn0ujd5ssmfzaf24g2gjzjeddqmqjgun0z7r3gwv,2,2,242,274,2021-01-08 19:47:26,2021-06-17 15:29:14,legacy/2026-05-20-pre-v2-import/data/raw/iog/delegation_history.csv
iog,pool1lgdk6s5d6flv2sj0cgzz5es5vly8lg88k2e7457tc44hjf8pffk,2,2,210,213,2020-07-29 23:15:11,2020-08-17 00:08:33,legacy/2026-05-20-pre-v2-import/data/raw/iog/delegation_history.csv
iog,pool1lhwzsyhh7dmw9wuz7qxnml2z5ef5303lp7jxgss2qnat22sprgx,2,2,223,253,2020-10-05 21:23:46,2021-03-06 10:03:31,legacy/2026-05-20-pre-v2-import/data/raw/iog/delegation_history.csv
iog,pool1llxh8l0h8g9ghz3nrzh7ndvev4x43vnk72nsemzm795vxqs6dp8,2,2,245,249,2021-01-20 22:16:59,2021-02-13 05:07:09,legacy/2026-05-20-pre-v2-import/data/raw/iog/delegation_history.csv
iog,pool1lp9wmr8dkcceta5we999nvlfh9um06cd6sggtt5523eawf7mtg4,2,2,545,572,2025-03-05 01:44:55,2025-07-15 08:17:07,legacy/2026-05-20-pre-v2-import/data/raw/iog/delegation_history.csv
iog,pool1lqeg5d3jpwr3nvra568nk28sr8lttyr6cf4yyssdx6qtxea9nmr,2,2,252,264,2021-02-25 21:57:41,2021-04-26 05:19:16,legacy/2026-05-20-pre-v2-import/data/raw/iog/delegation_history.csv
iog,pool1lr9vvcf5r5jgkgv5ly7z2lh068ymzg4xmqk5f8pu2k23vt25x7a,2,2,262,323,2021-04-16 10:47:22,2022-02-15 08:52:49,legacy/2026-05-20-pre-v2-import/data/raw/iog/delegation_history.csv
iog,pool1lvh0pd5n8c3cjzhgef9y6vfh7cver24hdve6ysnwpa42ys5emms,2,2,213,270,2020-08-15 23:53:22,2021-05-26 13:50:03,legacy/2026-05-20-pre-v2-import/data/raw/iog/delegation_history.csv
iog,pool1lwhj7qrymcxq8hdqq478pf90x87nl8f6m4t63a2epaeagthkmfc,2,2,252,252,2021-02-25 14:49:41,2021-02-27 02:44:34,legacy/2026-05-20-pre-v2-import/data/raw/iog/delegation_history.csv
iog,pool1lzrg40g7vwgrxf52h40mjv77wywajekkfr5p63gcaa6gxrnqy2t,2,3,219,282,2020-09-14 21:45:19,2021-07-25 12:11:31,legacy/2026-05-20-pre-v2-import/data/raw/iog/delegation_history.csv
iog,pool1maknvmsdvk240a7w8rclvq2lu5pzk906cuh9cw7j30z76ff257u,2,2,236,236,2020-12-09 09:25:57,2020-12-10 13:19:40,legacy/2026-05-20-pre-v2-import/data/raw/iog/delegation_history.csv
iog,pool1mdyuct0kgd0hcjjnea999me5dxqpepr4y8du4smegfm3vlr37w5,2,2,381,387,2022-12-03 23:24:28,2023-01-03 02:57:25,legacy/2026-05-20-pre-v2-import/data/raw/iog/delegation_history.csv
iog,pool1mrv06cwwdjnp6zz6y8wq7epav5eywka75r2k2xqy58ez6dge9cf,2,4,261,337,2021-04-12 16:31:23,2022-04-27 23:23:44,legacy/2026-05-20-pre-v2-import/data/raw/iog/delegation_history.csv
iog,pool1msh7sfurmkgcqswwqg5guf3cxgqz4rkkc57g6f9te5u6y385hhj,2,2,261,261,2021-04-11 07:13:04,2021-04-12 20:01:11,legacy/2026-05-20-pre-v2-import/data/raw/iog/delegation_history.csv
iog,pool1mvl09pgsejrudghjhq79qurugrvqy3pceznp7f9vz63n7ku7jqx,2,3,317,317,2022-01-18 23:49:50,2022-01-19 05:49:09,legacy/2026-05-20-pre-v2-import/data/raw/iog/delegation_history.csv
iog,pool1my7sevxtc4dfvj626q0ujqqukntfa2v0uuydq6wd8x8hvml03rn,2,3,242,271,2021-01-06 14:09:39,2021-06-02 11:07:06,legacy/2026-05-20-pre-v2-import/data/raw/iog/delegation_history.csv
iog,pool1n0uxgs5qfk5n9xl7qvq9jt8zuu02cntrsjnjayjlqtejyffnemj,2,2,606,607,2026-01-01 18:00:59,2026-01-08 16:47:51,legacy/2026-05-20-pre-v2-import/data/raw/iog/delegation_history.csv
iog,pool1n6z7rf722heq35v2dxvstfwezgdt8cv0mftpv4r9jay3wjk2kkt,2,2,380,411,2022-12-01 14:23:26,2023-05-02 11:27:29,legacy/2026-05-20-pre-v2-import/data/raw/iog/delegation_history.csv
iog,pool1n940lfxkd7z73qzj5y554yrletrmgg5x2eya9tpglh3uwcqfnud,2,2,338,410,2022-05-01 20:41:23,2023-04-27 02:13:25,legacy/2026-05-20-pre-v2-import/data/raw/iog/delegation_history.csv
iog,pool1n96ql32ct37n8w0l9ddhnc2t8tv0uyd6kuhzua8uxy63xs35wgl,2,2,223,499,2020-10-02 22:14:25,2024-07-15 16:52:09,legacy/2026-05-20-pre-v2-import/data/raw/iog/delegation_history.csv
iog,pool1njhlmv87adsanft5sjuvz5a9pgyew76mxqa0w9c762af570g5ht,2,3,327,372,2022-03-08 11:17:25,2022-10-18 09:58:22,legacy/2026-05-20-pre-v2-import/data/raw/iog/delegation_history.csv
iog,pool1nsaul82z7ytu73q96w2wgj8wrardmrzjkuzaankzn0xuqkj70qm,2,2,361,389,2022-08-24 20:28:54,2023-01-14 09:45:35,legacy/2026-05-20-pre-v2-import/data/raw/iog/delegation_history.csv
iog,pool1p2aax6cfztk6cc02cfhg0pa7432em8a59wdyjatxcd997n7knjs,2,2,369,371,2022-10-05 04:12:09,2022-10-13 20:28:11,legacy/2026-05-20-pre-v2-import/data/raw/iog/delegation_history.csv
iog,pool1p555cu7d33j4356yz4wr5k5nvw4pshkjtg28z7cky9y7qf9h309,2,2,250,255,2021-02-14 22:31:34,2021-03-16 21:34:23,legacy/2026-05-20-pre-v2-import/data/raw/iog/delegation_history.csv
iog,pool1pgxhjjyxs7mcyzu09w2ghnpaed4t28d3thfmrqp7mtwh78rn9jn,2,2,243,244,2021-01-14 21:46:18,2021-01-15 23:25:35,legacy/2026-05-20-pre-v2-import/data/raw/iog/delegation_history.csv
iog,pool1pn36hexudnjg6uwvxc5tld3ay2g6ty99ardzhn7crhkhzshjpte,2,2,506,506,2024-08-18 20:42:48,2024-08-21 02:16:58,legacy/2026-05-20-pre-v2-import/data/raw/iog/delegation_history.csv
iog,pool1ppqdq5yfkkllrcj0u47pakg9e4ha568pz3a9kkrr6w2kyw8gxv7,2,3,231,325,2020-11-16 09:53:51,2022-02-25 08:56:29,legacy/2026-05-20-pre-v2-import/data/raw/iog/delegation_history.csv
iog,pool1pqm2cev326p2mrruzw9xru65uvt3r7f0rdf5gtx54zdskxqhmur,2,2,487,490,2024-05-15 08:58:05,2024-06-02 23:44:18,legacy/2026-05-20-pre-v2-import/data/raw/iog/delegation_history.csv
iog,pool1ps2yl6axlh5uzzst99xzkk7x0fhlmr7x033j7cmmm82x2a9n8lj,2,2,355,397,2022-07-28 13:49:27,2023-02-23 20:09:27,legacy/2026-05-20-pre-v2-import/data/raw/iog/delegation_history.csv
iog,pool1psr42v6rvv3raeqsg9ru2zy5dp4cchlde8hw9xthrpstx5wz7wk,2,3,331,449,2022-03-28 09:51:58,2023-11-07 19:15:47,legacy/2026-05-20-pre-v2-import/data/raw/iog/delegation_history.csv
iog,pool1q6lzp5x6tqg04chsxakupgq6x829nsx2dk5w8h043fnajm8d3uj,2,2,459,464,2023-12-29 20:36:48,2024-01-22 03:32:44,legacy/2026-05-20-pre-v2-import/data/raw/iog/delegation_history.csv
iog,pool1q8a7ym63gurl72wr32je0tv0lp4p2uh8vzzc6rn6un7ryslvqmu,2,2,385,526,2022-12-22 21:27:06,2024-11-30 07:24:10,legacy/2026-05-20-pre-v2-import/data/raw/iog/delegation_history.csv
iog,pool1q9kwa675j2z53jecrs6pn3fqsc9ypxrsypu5dgu6hammqkagy22,2,2,323,323,2022-02-15 18:48:03,2022-02-17 00:45:30,legacy/2026-05-20-pre-v2-import/data/raw/iog/delegation_history.csv
iog,pool1qq76dtlr0m9g6xlvngzq550j86cgtslphyjffz3pgpn7wazatdc,2,2,224,227,2020-10-08 17:33:44,2020-10-25 11:40:53,legacy/2026-05-20-pre-v2-import/data/raw/iog/delegation_history.csv
iog,pool1qqlf3epa7m8780p2jx5689u2ql06tw026l5377tptk2zswrc645,2,2,234,253,2020-11-29 01:39:29,2021-03-04 02:12:33,legacy/2026-05-20-pre-v2-import/data/raw/iog/delegation_history.csv
iog,pool1qqqqrmhdc59mxjygmnhrlz6x08l4w4qgs3jqd5fhps8gcghjh4t,2,2,210,211,2020-08-01 03:41:11,2020-08-06 22:20:31,legacy/2026-05-20-pre-v2-import/data/raw/iog/delegation_history.csv
iog,pool1qqqqvmpm9v2l0tkwx4dpzth3g85lapxjug2j6sucnphyqlt4fuu,2,2,246,264,2021-01-30 06:39:43,2021-04-27 01:58:20,legacy/2026-05-20-pre-v2-import/data/raw/iog/delegation_history.csv
iog,pool1qqqqz3pw0vzm8ks7ljnsfvp72pgra55q7rz378uvjjaajzrgj7m,2,2,210,210,2020-08-02 05:36:31,2020-08-03 20:35:51,legacy/2026-05-20-pre-v2-import/data/raw/iog/delegation_history.csv
iog,pool1qqqqzzh4xgtq4d2d5sxzhed3yut3g33tkege0ta2gu9asw0lnwp,2,2,210,211,2020-08-02 01:21:51,2020-08-07 23:02:31,legacy/2026-05-20-pre-v2-import/data/raw/iog/delegation_history.csv
iog,pool1qzlw7pfxtp5xjxe9jv9ntmzqhmdav46c7ylf7ycra2qmctqgr2h,2,2,248,250,2021-02-09 00:44:50,2021-02-16 17:32:37,legacy/2026-05-20-pre-v2-import/data/raw/iog/delegation_history.csv
iog,pool1r4hj35clvexkq0j0cagcxrt9945cp7agzslvjxpfa9fg62qpemv,2,2,236,249,2020-12-11 19:36:36,2021-02-11 22:39:03,legacy/2026-05-20-pre-v2-import/data/raw/iog/delegation_history.csv
iog,pool1r8938r4ts8f4t8nsp9xl9dktzapt7f67jgpsp4wrju39xrdnaye,2,3,238,324,2020-12-20 17:56:17,2022-02-20 10:29:04,legacy/2026-05-20-pre-v2-import/data/raw/iog/delegation_history.csv
iog,pool1rjv02n5qtyden5frvyy34udlz3nqtkyu742mghcsww8nk4qycsh,2,2,210,253,2020-08-01 23:00:51,2021-03-03 14:18:10,legacy/2026-05-20-pre-v2-import/data/raw/iog/delegation_history.csv
iog,pool1rshru8pm6y0jy7jncmt6qzfs8u4f5qa5gvyh38kgec767t20z3d,2,2,210,249,2020-08-03 10:15:31,2021-02-10 21:36:15,legacy/2026-05-20-pre-v2-import/data/raw/iog/delegation_history.csv
iog,pool1sf784g6eje8vzq9f5wu583eurhfq2ee9hzyhl46yezkuqqtmw07,2,2,252,313,2021-03-01 02:08:29,2021-12-27 01:51:01,legacy/2026-05-20-pre-v2-import/data/raw/iog/delegation_history.csv
iog,pool1t847w2hfv33qrra7q33nzq8epvcxv6ydshcq7w7j23c87xv2c2k,2,2,261,264,2021-04-13 17:33:58,2021-04-27 22:17:16,legacy/2026-05-20-pre-v2-import/data/raw/iog/delegation_history.csv
iog,pool1tc2twz6teun8h44djmvvd9dena7rjgnmxuckzc8j77jlzat88q5,2,2,341,342,2022-05-20 07:43:46,2022-05-21 17:55:28,legacy/2026-05-20-pre-v2-import/data/raw/iog/delegation_history.csv
iog,pool1tdjjgjfwzl842nrzplkfakj4y7y4000cd8dxm2zjtlrjugt2aac,2,2,258,258,2021-03-26 23:49:24,2021-03-30 18:29:34,legacy/2026-05-20-pre-v2-import/data/raw/iog/delegation_history.csv
iog,pool1ts6u8sylpmgqdxcvlc3fhdr4kt5wmz5egch83vtt6rwwwyxtuym,2,2,330,332,2022-03-24 13:21:44,2022-04-04 21:55:22,legacy/2026-05-20-pre-v2-import/data/raw/iog/delegation_history.csv
iog,pool1u9vgtxyupd36czsdvh3h9zr8eakdqesug8j6k2nw7nszy97z4m0,2,2,212,212,2020-08-10 19:41:51,2020-08-13 07:51:11,legacy/2026-05-20-pre-v2-import/data/raw/iog/delegation_history.csv
iog,pool1uaa3le5zjzjtzacvglgv9sha2pz8zlegl8udy9z8lhddcgufzlx,2,2,251,264,2021-02-22 00:46:25,2021-04-26 11:34:06,legacy/2026-05-20-pre-v2-import/data/raw/iog/delegation_history.csv
iog,pool1uc7slfp47xzu7egusxlkvm63rxw2dhtm58l8e0m46anhvhaecr2,2,2,259,259,2021-04-05 18:15:44,2021-04-05 18:31:11,legacy/2026-05-20-pre-v2-import/data/raw/iog/delegation_history.csv
iog,pool1uct8k7ruvu3dgl9hws4pj3tk9stzpls4evnys4r8q5vj2p9w92w,2,3,454,470,2023-12-02 01:58:20,2024-02-19 22:20:59,legacy/2026-05-20-pre-v2-import/data/raw/iog/delegation_history.csv
iog,pool1uqrecfnsa6pqd2tz60r0lcj4kunhc4rrw8lldrpdvfx9qfjd6n0,2,2,240,263,2020-12-31 12:59:09,2021-04-25 12:43:43,legacy/2026-05-20-pre-v2-import/data/raw/iog/delegation_history.csv
iog,pool1v4adhelnswa7pwv2njn5h84atw08mlc79ll2ewl2kgxhv3cqwql,2,2,210,212,2020-07-30 05:39:11,2020-08-12 22:09:11,legacy/2026-05-20-pre-v2-import/data/raw/iog/delegation_history.csv
iog,pool1w7avkl9cszkmx96zn8cfgrwj5quqh6ehdmjp9ejszuhegtevrcc,2,2,264,264,2021-04-27 14:16:55,2021-04-27 17:25:18,legacy/2026-05-20-pre-v2-import/data/raw/iog/delegation_history.csv
iog,pool1wese6np3cptssf8rd8gn49259dj7u225dujj07tqgtnqytgp6xx,2,2,212,245,2020-08-13 12:36:31,2021-01-21 07:38:49,legacy/2026-05-20-pre-v2-import/data/raw/iog/delegation_history.csv
iog,pool1whk6lawmfz4zq5fw8zghglp23452gnm9zgs59nqafhpexwcvute,2,2,212,213,2020-08-12 13:33:31,2020-08-16 00:04:28,legacy/2026-05-20-pre-v2-import/data/raw/iog/delegation_history.csv
iog,pool1wpmjtfqcwvtcs9znpuulk99yk2zz6pfh0c4k9f2xlcspgqjndk2,2,4,251,382,2021-02-23 15:44:51,2022-12-11 15:22:17,legacy/2026-05-20-pre-v2-import/data/raw/iog/delegation_history.csv
iog,pool1wpzr2xafvtne6cnvlyzjqf8dlj2dg7tgkv3vu4zt687266ep7wg,2,2,269,277,2021-05-25 17:48:12,2021-06-30 01:05:10,legacy/2026-05-20-pre-v2-import/data/raw/iog/delegation_history.csv
iog,pool1wym4qkxsvqejxqn4l55y9z708mkxc36qge28qevrvp056fe7dxg,2,2,210,210,2020-07-30 07:29:31,2020-07-30 15:30:31,legacy/2026-05-20-pre-v2-import/data/raw/iog/delegation_history.csv
iog,pool1x0zhj6mavt2atvf4yenz6ql3m98pda8l6gmrscfhu9lvzy46y5k,2,4,256,320,2021-03-17 10:34:38,2022-02-04 01:06:47,legacy/2026-05-20-pre-v2-import/data/raw/iog/delegation_history.csv
iog,pool1x3ygjnc4q7akd4axphpztl88fu8k2rt6tuxucsrmhe7tvvggr57,2,2,210,211,2020-07-30 22:20:11,2020-08-08 09:50:31,legacy/2026-05-20-pre-v2-import/data/raw/iog/delegation_history.csv
iog,pool1xcslzgl6t2pcdr0u8ef2zkjhdyxy8xmgvzp0mcdgrw4k5gtg94s,2,2,454,529,2023-12-05 14:22:59,2024-12-14 17:05:48,legacy/2026-05-20-pre-v2-import/data/raw/iog/delegation_history.csv
iog,pool1xdgzul0qespnz56zzrckwf4hcryyql9ypc4tya2dlu9a22h43ag,2,2,246,251,2021-01-27 14:26:20,2021-02-20 15:56:31,legacy/2026-05-20-pre-v2-import/data/raw/iog/delegation_history.csv
iog,pool1xxvcz8dem4xufzn74v2y7fs709mfw3tpq963thzg5en5jrkv67a,2,2,234,251,2020-12-01 06:03:39,2021-02-20 19:51:30,legacy/2026-05-20-pre-v2-import/data/raw/iog/delegation_history.csv
iog,pool1yaa5mte7s5y5gyktj3ccjxkqf9dptpu52x9us2ecmjnqw29ja2v,2,9,284,328,2021-08-06 22:49:54,2022-03-13 08:57:51,legacy/2026-05-20-pre-v2-import/data/raw/iog/delegation_history.csv
iog,pool1yd67lvc04eztwrpnefqh3g4dsydmezwgrg6ce4km728v6sg8zwf,2,2,457,459,2023-12-17 06:41:47,2023-12-30 11:46:49,legacy/2026-05-20-pre-v2-import/data/raw/iog/delegation_history.csv
iog,pool1yjlmvfck6a2mhup4ljel06r635e9lhs0qsrzu6f2luepvsd42lv,2,5,313,488,2021-12-28 21:36:08,2024-05-24 11:01:46,legacy/2026-05-20-pre-v2-import/data/raw/iog/delegation_history.csv
iog,pool1yl46tklt9df02cf653fv74x2klucj3fc6mhm05n3enpk7lgxfjv,2,2,429,429,2023-08-01 06:50:29,2023-08-03 16:37:38,legacy/2026-05-20-pre-v2-import/data/raw/iog/delegation_history.csv
iog,pool1yyv7vx5zhhsd60jp4tl72vpznwvpvjp35m4z7jr42ugkxmndyv5,2,2,237,239,2020-12-12 11:24:05,2020-12-26 15:02:46,legacy/2026-05-20-pre-v2-import/data/raw/iog/delegation_history.csv
iog,pool1z2m3n779dyqjat2m8a5vl94nrl43xm2tlk8dtey6txggx0a6fyp,2,2,354,354,2022-07-21 00:17:58,2022-07-22 11:35:43,legacy/2026-05-20-pre-v2-import/data/raw/iog/delegation_history.csv
iog,pool1z5rt6kn6yvuczj44qla73mfyln9l55lw0jkz6x4kjw00u32zec3,2,2,435,449,2023-09-02 18:35:27,2023-11-09 00:39:11,legacy/2026-05-20-pre-v2-import/data/raw/iog/delegation_history.csv
iog,pool1z89dx8u42f4cvujvsjupsg50cfgqhjjuaxegvj59h9q9scra5fy,2,2,257,267,2021-03-26 10:15:57,2021-05-14 12:32:44,legacy/2026-05-20-pre-v2-import/data/raw/iog/delegation_history.csv
iog,pool1zkdaju2rjefa52uh6yh6etsxla0x6aqs6p6wm245y5szk7k3msd,2,2,266,323,2021-05-07 18:13:52,2022-02-18 21:54:34,legacy/2026-05-20-pre-v2-import/data/raw/iog/delegation_history.csv
iog,pool1zpkqlcpu5gyk0s5e9263y5n7vzmkgrtpca0u4xpxan02w8ld0nr,2,2,366,381,2022-09-18 21:43:02,2022-12-02 03:22:01,legacy/2026-05-20-pre-v2-import/data/raw/iog/delegation_history.csv
iog,pool1zt2d9aa8ck62uyy985yny47hr0f6cmf2hnxzke0up0lc7zcp65f,2,2,259,278,2021-04-05 21:05:33,2021-07-05 17:02:57,legacy/2026-05-20-pre-v2-import/data/raw/iog/delegation_history.csv
iog,pool1zwqrrwpr5zx7c3f4ukpu4r4fz5c2hkwx9vwqka5068urgqvpjzr,2,2,332,394,2022-04-03 18:36:04,2023-02-07 09:12:32,legacy/2026-05-20-pre-v2-import/data/raw/iog/delegation_history.csv
iog,pool104fdj0xdhr8cqedwn0lf8dk206ryn62kn8mtyym020nuxthjgvj,1,1,210,210,2020-07-30 02:30:51,2020-07-30 02:30:51,legacy/2026-05-20-pre-v2-import/data/raw/iog/delegation_history.csv
iog,pool104re5tajgh4mpp7c744khap56lf609cfjlna5ysjkum8qn8fel9,1,2,210,246,2020-07-30 02:33:51,2021-01-29 16:48:23,legacy/2026-05-20-pre-v2-import/data/raw/iog/delegation_history.csv
iog,pool104yydru8l6rjg0c9jryy9luw2s7r9ye4u5x835kvhkngy24986h,1,2,252,252,2021-02-25 10:47:38,2021-02-25 11:05:30,legacy/2026-05-20-pre-v2-import/data/raw/iog/delegation_history.csv
iog,pool10cz0gm5zu74clhrxp9mm7ulslves04wyfxaqzr4sjr2zv7qjpnv,1,1,245,245,2021-01-25 06:44:38,2021-01-25 06:44:38,legacy/2026-05-20-pre-v2-import/data/raw/iog/delegation_history.csv
iog,pool10dwjth7esfw5gc036vu6l6csnvn6elqax0d3kh8t65rxyewk2g3,1,1,211,211,2020-08-08 12:16:31,2020-08-08 12:16:31,legacy/2026-05-20-pre-v2-import/data/raw/iog/delegation_history.csv
iog,pool10h6v4zk95z9nckm3c9qhvz0he7a4f9ydk8ry5gnpp4cqz94uaeg,1,1,250,250,2021-02-17 07:50:02,2021-02-17 07:50:02,legacy/2026-05-20-pre-v2-import/data/raw/iog/delegation_history.csv
iog,pool10jqlkjfn2rtlc6hp95p8k4h04h3dfmdcgnga6umwp2rpukpg20l,1,1,403,403,2023-03-26 08:34:54,2023-03-26 08:34:54,legacy/2026-05-20-pre-v2-import/data/raw/iog/delegation_history.csv
iog,pool10ljdn3zwsh7vjkxf6t250423l5qy487x83st7m8a53jxznrkw5g,1,1,250,250,2021-02-14 23:02:14,2021-02-14 23:02:14,legacy/2026-05-20-pre-v2-import/data/raw/iog/delegation_history.csv
iog,pool10p6wd9k0fwk2zqkqnqr8efyr7gms627ujk9dxgk6majskhawr6r,1,1,389,389,2023-01-15 21:08:21,2023-01-15 21:08:21,legacy/2026-05-20-pre-v2-import/data/raw/iog/delegation_history.csv
iog,pool10uqmvhr7uys3uqu866phsysrv257nje52jmay255gdps509jj5n,1,1,244,244,2021-01-16 16:03:44,2021-01-16 16:03:44,legacy/2026-05-20-pre-v2-import/data/raw/iog/delegation_history.csv
iog,pool10vhns8fup6pe9xvjxf4w6h5y66tckgvtjy9ayld6mcg8vv4crdk,1,1,428,428,2023-07-27 23:31:38,2023-07-27 23:31:38,legacy/2026-05-20-pre-v2-import/data/raw/iog/delegation_history.csv
iog,pool10wcmpvjmmv7ph7cz2263f52yckvnnwu5kdppwqgu74s2qhe7l7m,1,1,252,252,2021-02-25 21:50:05,2021-02-25 21:50:05,legacy/2026-05-20-pre-v2-import/data/raw/iog/delegation_history.csv
iog,pool10ya6hxrssmyhl560gqyalhqxudkgfjdlc0e4krww6wweyaeajs8,1,1,285,285,2021-08-09 11:46:19,2021-08-09 11:46:19,legacy/2026-05-20-pre-v2-import/data/raw/iog/delegation_history.csv
iog,pool122gklgk6gep3dm5grag0kavzzxcwk4kxxrqegfygghjpgch6pns,1,1,223,223,2020-10-04 21:07:10,2020-10-04 21:07:10,legacy/2026-05-20-pre-v2-import/data/raw/iog/delegation_history.csv
iog,pool122y8c6dqkf864l0uxxnz8uz60dcrxvdm5w6j302z7ft0265f3xu,1,1,251,251,2021-02-24 10:23:36,2021-02-24 10:23:36,legacy/2026-05-20-pre-v2-import/data/raw/iog/delegation_history.csv
iog,pool12967a8v8vaz5d7pvphhdnmq0slrg4d3n0wp772fgm04e2g2m9gv,1,1,255,255,2021-03-16 04:56:31,2021-03-16 04:56:31,legacy/2026-05-20-pre-v2-import/data/raw/iog/delegation_history.csv
iog,pool129h7fcs8yjks48u2e69ehe72w7zp0f08rn6squtazateyfu8ms8,1,1,250,250,2021-02-19 21:22:37,2021-02-19 21:22:37,legacy/2026-05-20-pre-v2-import/data/raw/iog/delegation_history.csv
iog,pool12dcwy586prq83qggtfvaxwdpys9dw4sl2yahrdjyjxsqzcq84rk,1,1,292,292,2021-09-15 12:37:36,2021-09-15 12:37:36,legacy/2026-05-20-pre-v2-import/data/raw/iog/delegation_history.csv
iog,pool12e8xz54gjtcz6dzkhua9uq9dp23cqcmf6xc4929t4ep4ketccsm,1,1,475,475,2024-03-18 06:05:16,2024-03-18 06:05:16,legacy/2026-05-20-pre-v2-import/data/raw/iog/delegation_history.csv
iog,pool12ep0z3h2qhfcmsl7h7ldpgf4cfjlur9v9lqwl8xjwd3qked73f5,1,1,249,249,2021-02-13 01:00:54,2021-02-13 01:00:54,legacy/2026-05-20-pre-v2-import/data/raw/iog/delegation_history.csv
iog,pool12f2r9xf4wvht030xwjhpjvy5yptr275qr2qcydnx57jkxyfzz2w,1,1,250,250,2021-02-15 02:05:56,2021-02-15 02:05:56,legacy/2026-05-20-pre-v2-import/data/raw/iog/delegation_history.csv
iog,pool12gqhv4vf0y7vngzd3umchjz3yhkqaaalwzltsngpdykgyud5rhz,1,1,285,285,2021-08-13 01:39:55,2021-08-13 01:39:55,legacy/2026-05-20-pre-v2-import/data/raw/iog/delegation_history.csv
iog,pool12pwp8hln0cjsxv0h2a0463qsakkhwetfhyqw7vzmpwd2jdj86n6,1,1,297,297,2021-10-08 01:56:35,2021-10-08 01:56:35,legacy/2026-05-20-pre-v2-import/data/raw/iog/delegation_history.csv
iog,pool12qr5swatvpn54yqqmnk58kphzl9dz7ugtdmrw7jtltdpuyy89dq,1,1,212,212,2020-08-12 12:12:11,2020-08-12 12:12:11,legacy/2026-05-20-pre-v2-import/data/raw/iog/delegation_history.csv
iog,pool12qtv7kyrx8g0d5890alk6dkc6n6nyfx80synspvqafjrqd3ergz,1,1,296,296,2021-10-04 02:39:56,2021-10-04 02:39:56,legacy/2026-05-20-pre-v2-import/data/raw/iog/delegation_history.csv
iog,pool12r08n33avu33ncstukwxyr440mgaazmuclay38v0yt34xytu2dq,1,1,232,232,2020-11-17 22:52:20,2020-11-17 22:52:20,legacy/2026-05-20-pre-v2-import/data/raw/iog/delegation_history.csv
iog,pool12rruj0mjqzaf8ryg7ny0x77y80lpdxd7zh4kgg5zyy0r2rzue0q,1,2,307,325,2021-11-30 03:24:16,2022-02-25 00:49:04,legacy/2026-05-20-pre-v2-import/data/raw/iog/delegation_history.csv
iog,pool12v3gg565p4qept6v4eymucxvd6ppj6pwes4mhnkhmreqkc6a3xx,1,2,251,251,2021-02-20 21:13:00,2021-02-20 21:13:58,legacy/2026-05-20-pre-v2-import/data/raw/iog/delegation_history.csv
iog,pool1307ttu8qk8umyjq4gtrkchyk28shwyfrdkrcgjfmpnuvshxm0wd,1,1,267,267,2021-05-12 21:32:36,2021-05-12 21:32:36,legacy/2026-05-20-pre-v2-import/data/raw/iog/delegation_history.csv
iog,pool130f7tnlumxe5yuzsqqphy00cal8yugh5x66zgnz48zqyypns0k3,1,1,210,210,2020-07-30 01:05:11,2020-07-30 01:05:11,legacy/2026-05-20-pre-v2-import/data/raw/iog/delegation_history.csv
iog,pool135h773klt7djljmyawkh88e8qc457wxqfhc6j9h6y9n4y3sgh7t,1,1,452,452,2023-11-26 14:28:53,2023-11-26 14:28:53,legacy/2026-05-20-pre-v2-import/data/raw/iog/delegation_history.csv
iog,pool136ahugdvaenv8ed0d3m9af4dxxtzu7u3vpfq4mxk7qq6xuvd0ca,1,1,210,210,2020-07-31 21:38:31,2020-07-31 21:38:31,legacy/2026-05-20-pre-v2-import/data/raw/iog/delegation_history.csv
iog,pool137x32lrkprphrd0aa8x4jqz98z6lc0wawlc88hdjeps4qe408ad,1,1,455,455,2023-12-10 18:28:55,2023-12-10 18:28:55,legacy/2026-05-20-pre-v2-import/data/raw/iog/delegation_history.csv
iog,pool13daql23lkcwwj0gsz0dnu9tu20pugpswfped3kp05ekxkgmcumt,1,1,499,499,2024-07-18 04:15:49,2024-07-18 04:15:49,legacy/2026-05-20-pre-v2-import/data/raw/iog/delegation_history.csv
iog,pool13emfyzp87amgcma2sr7v3cdk4l4asy548yuhqv4p5xgw2zjal5j,1,1,285,285,2021-08-10 03:30:38,2021-08-10 03:30:38,legacy/2026-05-20-pre-v2-import/data/raw/iog/delegation_history.csv
iog,pool13ew2l5glvzj6l8r0qkjqchxjyg7tzmv604zh4y68kvhf5x5skgu,1,1,474,474,2024-03-14 04:21:58,2024-03-14 04:21:58,legacy/2026-05-20-pre-v2-import/data/raw/iog/delegation_history.csv
iog,pool13fg83xz9t4yunpzjmcras7kqpyssl6247uqva53s6jntskmhvc7,1,1,234,234,2020-11-30 17:13:22,2020-11-30 17:13:22,legacy/2026-05-20-pre-v2-import/data/raw/iog/delegation_history.csv
iog,pool13m5c3jtlvg2mgk5chl5zu8adsdk47qumlpxmuspcd3855m8t73r,1,1,252,252,2021-02-25 16:27:17,2021-02-25 16:27:17,legacy/2026-05-20-pre-v2-import/data/raw/iog/delegation_history.csv
iog,pool13mgf226yj5a3kwcjfnguw2qpna2uv07w7gfn07g49kwd6tkmzsp,1,1,210,210,2020-07-30 11:38:51,2020-07-30 11:38:51,legacy/2026-05-20-pre-v2-import/data/raw/iog/delegation_history.csv
iog,pool13mjxg33urh0xquvw33kjn85yw7j42uwqw0pvh8s6c67rszr7ssz,1,1,325,325,2022-02-27 13:08:29,2022-02-27 13:08:29,legacy/2026-05-20-pre-v2-import/data/raw/iog/delegation_history.csv
iog,pool13n4jzw847sspllczxgnza7vkq80m8px7mpvwnsqthyy2790vmyc,1,1,212,212,2020-08-09 21:18:51,2020-08-09 21:18:51,legacy/2026-05-20-pre-v2-import/data/raw/iog/delegation_history.csv
iog,pool13p67qys4zaa52phfv39dd7da5zh2vvr26gt7fwmx20slj6e6pmd,1,3,258,258,2021-03-26 23:08:40,2021-03-28 07:50:40,legacy/2026-05-20-pre-v2-import/data/raw/iog/delegation_history.csv
iog,pool13qze0weztaxl9uje7gjryzs85mwlx0cn9pgdnkdxs3xvu78tsr3,1,1,257,257,2021-03-21 22:52:43,2021-03-21 22:52:43,legacy/2026-05-20-pre-v2-import/data/raw/iog/delegation_history.csv
iog,pool13ucz6778ywff5pmcag4pcknq9gm6j04qtgh65cu9c5mt73t5ulv,1,1,235,235,2020-12-05 12:54:40,2020-12-05 12:54:40,legacy/2026-05-20-pre-v2-import/data/raw/iog/delegation_history.csv
iog,pool13uqms6fsaqmlmt6zr8z3v59a6k0e2u2npnfnufer4mesz74nry0,1,1,327,327,2022-03-08 05:43:38,2022-03-08 05:43:38,legacy/2026-05-20-pre-v2-import/data/raw/iog/delegation_history.csv
iog,pool13vkkap4sd24pr4m5aw8r5y8rkn3sgdkduphd0f9cvxp5s4r83x2,1,1,361,361,2022-08-27 06:06:44,2022-08-27 06:06:44,legacy/2026-05-20-pre-v2-import/data/raw/iog/delegation_history.csv
iog,pool13xj62peuvfhdx25ll39rx0wef04zmnm3e4rpzw62vn7esdscfaa,1,1,252,252,2021-02-24 21:47:13,2021-02-24 21:47:13,legacy/2026-05-20-pre-v2-import/data/raw/iog/delegation_history.csv
iog,pool13ygf6ae5d2e0577s2gwg259v7xaaqun9084ppudu6kqt6yqf2sf,1,1,254,254,2021-03-08 20:10:37,2021-03-08 20:10:37,legacy/2026-05-20-pre-v2-import/data/raw/iog/delegation_history.csv
iog,pool13z7wkesw6fm7r2ea7pwuuqc968d0rd620t47sfyqg2c0v0k67ak,1,1,243,243,2021-01-13 20:09:43,2021-01-13 20:09:43,legacy/2026-05-20-pre-v2-import/data/raw/iog/delegation_history.csv
iog,pool13zdrhek6m4n947grhrm0772zt09lrm2vzkffsla25e7yq6xqjkg,1,1,317,317,2022-01-19 23:09:25,2022-01-19 23:09:25,legacy/2026-05-20-pre-v2-import/data/raw/iog/delegation_history.csv
iog,pool142cpn2gm89q72srv9pt7jtt7p7yg43a8ltfqhz3jp3t3xuh7x48,1,1,210,210,2020-07-31 03:05:11,2020-07-31 03:05:11,legacy/2026-05-20-pre-v2-import/data/raw/iog/delegation_history.csv
iog,pool144cfav5vd6vwaej6cspzea3pjfvdcjg86uzv9phxegz87ynw2zz,1,1,221,221,2020-09-25 07:44:08,2020-09-25 07:44:08,legacy/2026-05-20-pre-v2-import/data/raw/iog/delegation_history.csv
iog,pool144m894gswuy3se407ma5870nkaw5ylykrak73gf4kpepj50ulfa,1,1,212,212,2020-08-12 13:24:31,2020-08-12 13:24:31,legacy/2026-05-20-pre-v2-import/data/raw/iog/delegation_history.csv
iog,pool145ak0czqxe97ef38zjupk0pz5yk7pahcyrdfee2lrnsnwawj6dc,1,1,271,271,2021-06-01 04:33:31,2021-06-01 04:33:31,legacy/2026-05-20-pre-v2-import/data/raw/iog/delegation_history.csv
iog,pool14a39gegmmc0xp7u3vr2lxggpphjm97nef6d35ytrukfwqvavj8j,1,1,271,271,2021-06-03 13:23:37,2021-06-03 13:23:37,legacy/2026-05-20-pre-v2-import/data/raw/iog/delegation_history.csv
iog,pool14e7g4xmj77s7sy5uajwvdmvejmjcvhkf449tasq3tz80gv098t8,1,1,251,251,2021-02-24 01:34:55,2021-02-24 01:34:55,legacy/2026-05-20-pre-v2-import/data/raw/iog/delegation_history.csv
iog,pool14exgv53wem2jwutrqpsdxtrl4hweefymltq02xt72z60x8ge4qf,1,1,320,320,2022-01-31 00:04:40,2022-01-31 00:04:40,legacy/2026-05-20-pre-v2-import/data/raw/iog/delegation_history.csv
iog,pool14h9dm54ajt2nfr2znllm6cqan2q24f3s4t0m6mr8k633gz47mp2,1,1,212,212,2020-08-12 13:50:11,2020-08-12 13:50:11,legacy/2026-05-20-pre-v2-import/data/raw/iog/delegation_history.csv
iog,pool14kg79f3v5lqfvp5etqvmy6m9kuzpnd80w5cl44qrl8tpuk00quc,1,1,216,216,2020-09-01 08:16:30,2020-09-01 08:16:30,legacy/2026-05-20-pre-v2-import/data/raw/iog/delegation_history.csv
iog,pool14lka9609z3f9kpj0cy2kddupypg0mw2sevehu949hwccsrghrym,1,1,273,273,2021-06-12 15:35:44,2021-06-12 15:35:44,legacy/2026-05-20-pre-v2-import/data/raw/iog/delegation_history.csv
iog,pool14mfyw7sm2md5svfwh8wf3qpmfqhr8egl6d7j8e5pwpg7vf0crz5,1,1,272,272,2021-06-07 12:34:37,2021-06-07 12:34:37,legacy/2026-05-20-pre-v2-import/data/raw/iog/delegation_history.csv
iog,pool14mma26pz4v888lrxtlzm22vjd68h5hd89kj7jaag6knx7x3k5ed,1,1,323,323,2022-02-16 20:25:44,2022-02-16 20:25:44,legacy/2026-05-20-pre-v2-import/data/raw/iog/delegation_history.csv
iog,pool14ngh35fdapsa5sdtvr88vysakvafu0es9ltpquqzr6h56r6dh0h,1,1,210,210,2020-07-30 14:12:11,2020-07-30 14:12:11,legacy/2026-05-20-pre-v2-import/data/raw/iog/delegation_history.csv
iog,pool14pxhk34wlpu2azrnwy9ah8hrzxgffhqthcxcp620209eupfjfcn,1,1,486,486,2024-05-14 20:35:59,2024-05-14 20:35:59,legacy/2026-05-20-pre-v2-import/data/raw/iog/delegation_history.csv
iog,pool14qpadfdjzw6jkwxy67uhey6tjpyppsmwgz5awfsxwrtpsecslpc,1,1,572,572,2025-07-17 13:11:20,2025-07-17 13:11:20,legacy/2026-05-20-pre-v2-import/data/raw/iog/delegation_history.csv
iog,pool14vc8rpu8uuvl2jns8g3qlllm84u5kfmfkr5k09vzfjlyxe5mlfv,1,1,236,236,2020-12-09 03:35:03,2020-12-09 03:35:03,legacy/2026-05-20-pre-v2-import/data/raw/iog/delegation_history.csv
iog,pool14y230zspjkhezehue4p2d9q87xh3p8a0vnpugzdty7gwcruepps,1,1,214,214,2020-08-23 19:00:16,2020-08-23 19:00:16,legacy/2026-05-20-pre-v2-import/data/raw/iog/delegation_history.csv
iog,pool1500emvz794ertxvjtgfj9wecr6ndhhdvqlveapjnr0clsxr9lpp,1,1,224,224,2020-10-08 22:41:31,2020-10-08 22:41:31,legacy/2026-05-20-pre-v2-import/data/raw/iog/delegation_history.csv
iog,pool150n38x8gquu4yt5s0s6m3ajjqe89y68x96dh32tq8a4es2l6dvp,1,1,219,219,2020-09-16 14:07:13,2020-09-16 14:07:13,legacy/2026-05-20-pre-v2-import/data/raw/iog/delegation_history.csv
iog,pool1522rtve5zlgnlh3zm5a4mcy3u7gpndg3kkac3xyzxmp6x6weca3,1,1,479,479,2024-04-05 01:18:23,2024-04-05 01:18:23,legacy/2026-05-20-pre-v2-import/data/raw/iog/delegation_history.csv
iog,pool152ha79a677s2skr5n9cethtg549nljxm2vlzqfgaf8hq67q3790,1,1,211,211,2020-08-06 17:31:11,2020-08-06 17:31:11,legacy/2026-05-20-pre-v2-import/data/raw/iog/delegation_history.csv
iog,pool152ns2rs77pscm3mtmnymhwsvq8uglcdc3cvucvsc4jkds5k4te5,1,1,240,240,2020-12-30 20:29:34,2020-12-30 20:29:34,legacy/2026-05-20-pre-v2-import/data/raw/iog/delegation_history.csv
iog,pool154xmvhp4jnz7phwcla09uvzqnn3ch54lh2yzrt2znxdgc4trp8x,1,1,613,613,2026-02-08 16:47:52,2026-02-08 16:47:52,legacy/2026-05-20-pre-v2-import/data/raw/iog/delegation_history.csv
iog,pool155x3l57d4xu52t93f9r55cqaysej4pc2dl3jkc9d6w5ckyu6u7n,1,1,324,324,2022-02-20 16:18:24,2022-02-20 16:18:24,legacy/2026-05-20-pre-v2-import/data/raw/iog/delegation_history.csv
iog,pool159ygj92rz4td2pk0zrz7c2k6z8wu32rq7pcj47elymexs8nlkzl,1,1,272,272,2021-06-06 07:51:42,2021-06-06 07:51:42,legacy/2026-05-20-pre-v2-import/data/raw/iog/delegation_history.csv
iog,pool15d62znf04qymt6ve536tt5y9ky979ly4um5zmgz9m850vu7wuv7,1,1,259,259,2021-04-02 05:59:37,2021-04-02 05:59:37,legacy/2026-05-20-pre-v2-import/data/raw/iog/delegation_history.csv
iog,pool15em5uvfe8ujs3ny6ydcnynazvxhnk7dq9hu8zp4qf5jmknx32jn,1,1,282,282,2021-07-28 02:56:42,2021-07-28 02:56:42,legacy/2026-05-20-pre-v2-import/data/raw/iog/delegation_history.csv
iog,pool15fxktqvd92sq8plh3rjdrksumt9p8rzsayfk4akv2hng5r8ukha,1,1,408,408,2023-04-19 04:30:07,2023-04-19 04:30:07,legacy/2026-05-20-pre-v2-import/data/raw/iog/delegation_history.csv
iog,pool15j75tejwunwz2a4rw787h9z0zwghjeazm65n4jamsgnd7xa87d8,1,1,249,249,2021-02-13 21:29:28,2021-02-13 21:29:28,legacy/2026-05-20-pre-v2-import/data/raw/iog/delegation_history.csv
iog,pool15jy6drcgudfn9vuueeap74fu88vr7r0z9wnd9xs92awrwlrwdmp,1,1,355,355,2022-07-29 06:50:09,2022-07-29 06:50:09,legacy/2026-05-20-pre-v2-import/data/raw/iog/delegation_history.csv
iog,pool15jzfzmh3s4vnhm2qm3p5e0632kv8nuw2luxarqrzpa8a6cgnthk,1,1,244,244,2021-01-18 20:19:33,2021-01-18 20:19:33,legacy/2026-05-20-pre-v2-import/data/raw/iog/delegation_history.csv
iog,pool15ku704knemz35g8qavzj0tx4jrl947qs9zc6t0vflhlj6lp2ud5,1,2,270,271,2021-05-26 02:31:43,2021-05-31 23:34:31,legacy/2026-05-20-pre-v2-import/data/raw/iog/delegation_history.csv
iog,pool15szqnwzxu6dgc0emrga2yrjksj76pke4f663ecpyvlhpxq3wpf5,1,1,311,311,2021-12-19 00:29:18,2021-12-19 00:29:18,legacy/2026-05-20-pre-v2-import/data/raw/iog/delegation_history.csv
iog,pool15xsnapsr0fyfjywqnqug0dn4hpv70ayehz8frk9qrgzass43wsx,1,1,249,249,2021-02-12 05:28:48,2021-02-12 05:28:48,legacy/2026-05-20-pre-v2-import/data/raw/iog/delegation_history.csv
iog,pool15xy7ljyr733vtpvh65mpaq0lt5u9jqsr6u8urmjq7rxh6ne904c,1,1,247,247,2021-01-31 22:32:21,2021-01-31 22:32:21,legacy/2026-05-20-pre-v2-import/data/raw/iog/delegation_history.csv
iog,pool15z87p296y3m7eq8pwuu8qs6h2v4d2ctnx3yd2vqpl6txkkdvl5h,1,1,274,274,2021-06-15 12:16:40,2021-06-15 12:16:40,legacy/2026-05-20-pre-v2-import/data/raw/iog/delegation_history.csv
iog,pool168t0xlm0dtdgf7d5w2mrm7ulsw4czpw297yvrpke9pmjcc9hz7k,1,2,245,245,2021-01-21 07:35:50,2021-01-21 07:44:34,legacy/2026-05-20-pre-v2-import/data/raw/iog/delegation_history.csv
iog,pool16cdtqyk0fvxzfkhjg3esjcuty4tnlpds5lj0lkmqmwdjyzaj7p8,1,1,547,547,2025-03-14 02:09:16,2025-03-14 02:09:16,legacy/2026-05-20-pre-v2-import/data/raw/iog/delegation_history.csv
iog,pool16dxn8c697qrqtzl3xe695trtde2hvgw0qtd65208ruaq70hv4ud,1,1,210,210,2020-08-03 11:05:51,2020-08-03 11:05:51,legacy/2026-05-20-pre-v2-import/data/raw/iog/delegation_history.csv
iog,pool16j6wmwsljcc2qn6dr2d6akjas3er887vhekyej77ynyjvh2fj5n,1,1,252,252,2021-02-25 03:55:04,2021-02-25 03:55:04,legacy/2026-05-20-pre-v2-import/data/raw/iog/delegation_history.csv
iog,pool16jczz0dlv557vgywgftd4m3vwnwjnl38wpn7wu5gqryz7aedahd,1,1,250,250,2021-02-19 04:03:36,2021-02-19 04:03:36,legacy/2026-05-20-pre-v2-import/data/raw/iog/delegation_history.csv
iog,pool16jefdagcsgzyek9jytzfezx5ajvfkytjgghaps64hzz6uzkpc0e,1,2,266,323,2021-05-08 07:15:57,2022-02-17 11:57:35,legacy/2026-05-20-pre-v2-import/data/raw/iog/delegation_history.csv
iog,pool16lwqfp7cpvzwn6mhu0gj3h4aa5k6j9my0he4mgjjva5f7vvnkw2,1,3,254,326,2021-03-10 21:46:52,2022-03-03 23:38:16,legacy/2026-05-20-pre-v2-import/data/raw/iog/delegation_history.csv
iog,pool16nnl8ymck6c20x86lfd5p9q3yp9w749cam26y985459ww6kjtz8,1,1,248,248,2021-02-08 11:08:49,2021-02-08 11:08:49,legacy/2026-05-20-pre-v2-import/data/raw/iog/delegation_history.csv
iog,pool16p0mlm0acj3nvl4yxunnanf0fjewk7udj6wmkpvvupa5grx344k,1,1,394,394,2023-02-06 14:23:24,2023-02-06 14:23:24,legacy/2026-05-20-pre-v2-import/data/raw/iog/delegation_history.csv
iog,pool16p8y0pzx8yx7vz6eqksw9xjhh3tzeymvxcstrgtk8ncw75356yw,1,1,556,556,2025-04-26 05:34:53,2025-04-26 05:34:53,legacy/2026-05-20-pre-v2-import/data/raw/iog/delegation_history.csv
iog,pool16qfhnv7uw68vu2397tpqk66rf4uaekdmz6ckgh56vt2sqn44jya,1,1,254,254,2021-03-08 01:49:10,2021-03-08 01:49:10,legacy/2026-05-20-pre-v2-import/data/raw/iog/delegation_history.csv
iog,pool16sgz8tde9q7ldszg2gx22enxfzd6rx8w6gg6vg3jxl49gdsf5e0,1,1,253,253,2021-03-06 04:09:03,2021-03-06 04:09:03,legacy/2026-05-20-pre-v2-import/data/raw/iog/delegation_history.csv
iog,pool16sjl6t8exdrenygxhramgc7vs7hjv7ga35caj4cexgzdk7mrpxr,1,2,252,299,2021-02-25 13:38:40,2021-10-20 11:33:43,legacy/2026-05-20-pre-v2-import/data/raw/iog/delegation_history.csv
iog,pool16wt6mzvytu9key68efv7cx6zfkqn0d9kzlnt746cyuv0zj3nxh8,1,1,249,249,2021-02-13 02:19:51,2021-02-13 02:19:51,legacy/2026-05-20-pre-v2-import/data/raw/iog/delegation_history.csv
iog,pool16zjsdvuxa39w9k48c9ds7sne4c9lhclmmcly53cdat4nu7l36f6,1,1,283,283,2021-07-31 15:26:08,2021-07-31 15:26:08,legacy/2026-05-20-pre-v2-import/data/raw/iog/delegation_history.csv
iog,pool170028ak8q37qf4e5lf7z8eyuscgcrqgzn9lh58a4g9ngzd83a0h,1,1,231,231,2020-11-16 02:18:11,2020-11-16 02:18:11,legacy/2026-05-20-pre-v2-import/data/raw/iog/delegation_history.csv
iog,pool178j8pevk04pay4lgz29c9y52k30xql7uaj5zdsqzpa9jwkuhqn5,1,1,211,211,2020-08-07 05:31:11,2020-08-07 05:31:11,legacy/2026-05-20-pre-v2-import/data/raw/iog/delegation_history.csv
iog,pool178yk6ddgn3z0d04mmdcth430hpp4pyx06jyelvh6xdkngm68rmk,1,1,288,288,2021-08-27 10:47:27,2021-08-27 10:47:27,legacy/2026-05-20-pre-v2-import/data/raw/iog/delegation_history.csv
iog,pool17aqvu5856kvgxtkd6l3v5wmncexp4tf88pyz3qamlpjlyuwn4vj,1,1,252,252,2021-02-26 18:59:08,2021-02-26 18:59:08,legacy/2026-05-20-pre-v2-import/data/raw/iog/delegation_history.csv
iog,pool17fprny0y0fnchln8k002lfpv60szulsuqrezpsfuhl7kqhrm9dh,1,2,252,252,2021-02-26 09:12:30,2021-02-27 14:53:50,legacy/2026-05-20-pre-v2-import/data/raw/iog/delegation_history.csv
iog,pool17n47upcpnzsdks0yd409nf79sg6hqy73twg87eddwh24uj745rt,1,1,361,361,2022-08-26 08:29:17,2022-08-26 08:29:17,legacy/2026-05-20-pre-v2-import/data/raw/iog/delegation_history.csv
iog,pool17p4ue73dvnjcnz25996uzpg50cy89l829ltjceee5mc3s2p502n,1,1,281,281,2021-07-20 16:41:34,2021-07-20 16:41:34,legacy/2026-05-20-pre-v2-import/data/raw/iog/delegation_history.csv
iog,pool17p8a9e5ljeucdvmsl62a667y7lwwx9xzwzjulwu7df2q7854mh4,1,1,395,395,2023-02-10 15:21:31,2023-02-10 15:21:31,legacy/2026-05-20-pre-v2-import/data/raw/iog/delegation_history.csv
iog,pool17s3mr9c4ejjfq20dz0ls9ggskc770kt267s9xmw93payzdswwgg,1,1,428,428,2023-07-29 06:50:10,2023-07-29 06:50:10,legacy/2026-05-20-pre-v2-import/data/raw/iog/delegation_history.csv
iog,pool183j8g5lmry5jsnua6mw5jhwdacwhkrnqfpga49v0qg6wjmwndfv,1,1,211,211,2020-08-03 21:53:51,2020-08-03 21:53:51,legacy/2026-05-20-pre-v2-import/data/raw/iog/delegation_history.csv
iog,pool188rwerlxm4se6qzlz7g9mh3zrccuh492ma0wemuuvyf3zgstqy4,1,1,251,251,2021-02-22 18:05:48,2021-02-22 18:05:48,legacy/2026-05-20-pre-v2-import/data/raw/iog/delegation_history.csv
iog,pool189j5mz6wa0gfrakwvn2tar7qt309qxrmsgde5v6qwm892n6re3v,1,1,269,269,2021-05-24 12:23:19,2021-05-24 12:23:19,legacy/2026-05-20-pre-v2-import/data/raw/iog/delegation_history.csv
iog,pool189lfh7azuvxu0hyskwahnp35rtez0mzhsmule3742p3jkza00cq,1,1,578,578,2025-08-13 19:07:20,2025-08-13 19:07:20,legacy/2026-05-20-pre-v2-import/data/raw/iog/delegation_history.csv
iog,pool18cx6qhjeynrsd7pvcrv7e3y65ksyzguaep2427zumc8t2qzxvsk,1,3,383,397,2022-12-14 02:35:43,2023-02-22 05:57:45,legacy/2026-05-20-pre-v2-import/data/raw/iog/delegation_history.csv
iog,pool18e0uhtm4pspfrnktwguypytjfgwz6dw6zzn3gulpdjfx7qd0439,1,2,254,327,2021-03-07 12:54:15,2022-03-10 10:29:52,legacy/2026-05-20-pre-v2-import/data/raw/iog/delegation_history.csv
iog,pool18gg869xqpx2vf4u8tnsqeep7txv24yw7tmcd7fv6tqdagznda9p,1,6,253,256,2021-03-03 16:34:11,2021-03-20 19:04:51,legacy/2026-05-20-pre-v2-import/data/raw/iog/delegation_history.csv
iog,pool18gxqszcsk9yt0jsnzc293556x5t0cd0xdepr69wta9rh23349j5,1,1,253,253,2021-03-04 23:22:28,2021-03-04 23:22:28,legacy/2026-05-20-pre-v2-import/data/raw/iog/delegation_history.csv
iog,pool18hk4akqtnktgsptxll625lksugwpc4r30nzjgz4pxtufqgw5gdd,1,1,280,280,2021-07-19 20:21:05,2021-07-19 20:21:05,legacy/2026-05-20-pre-v2-import/data/raw/iog/delegation_history.csv
iog,pool18hkq2t8ss45h4fkr92f52flhc4mpzedx5mcz4xhnpj0dzp76028,1,1,290,290,2021-09-04 11:53:38,2021-09-04 11:53:38,legacy/2026-05-20-pre-v2-import/data/raw/iog/delegation_history.csv
iog,pool18kv6jmmtks4jwyt8tpvfc2kakh6wkcggjtehyj78yk9r7t2t2ex,1,1,257,257,2021-03-22 09:07:02,2021-03-22 09:07:02,legacy/2026-05-20-pre-v2-import/data/raw/iog/delegation_history.csv
iog,pool18p7p752cjnf9z8g70ygkre5cstwmgfatzuqm0tm3n2xf739j8k8,1,1,268,268,2021-05-16 12:07:03,2021-05-16 12:07:03,legacy/2026-05-20-pre-v2-import/data/raw/iog/delegation_history.csv
iog,pool18pnta4kfff66kq5shjrdsdr8ce2heu38t6x5nv7hylrcc0hpksk,1,1,281,281,2021-07-20 17:28:55,2021-07-20 17:28:55,legacy/2026-05-20-pre-v2-import/data/raw/iog/delegation_history.csv
iog,pool18q92uyx3973u3qt64nxf8p7us58gwkytrn0c3ed2a99s5uc9usc,1,1,210,210,2020-08-01 09:07:31,2020-08-01 09:07:31,legacy/2026-05-20-pre-v2-import/data/raw/iog/delegation_history.csv
iog,pool18qahj5ggudguk69g9aaztf5dvapmazql4hdvd7v0947j7gy4wqf,1,1,538,538,2025-01-26 12:00:08,2025-01-26 12:00:08,legacy/2026-05-20-pre-v2-import/data/raw/iog/delegation_history.csv
iog,pool18qmfd3ljn2dynsw6f8knt04m6cyhe6jmtz54mfw8mun7u9vqqx6,1,1,394,394,2023-02-06 00:57:48,2023-02-06 00:57:48,legacy/2026-05-20-pre-v2-import/data/raw/iog/delegation_history.csv
iog,pool18t0u9vf408ftjf9xdpj47gdwkeq3jz3jqyshumm7fvtfkcq7ul7,1,1,486,486,2024-05-11 16:25:27,2024-05-11 16:25:27,legacy/2026-05-20-pre-v2-import/data/raw/iog/delegation_history.csv
iog,pool18vc3pleuqzejkvlkls7qqw3ps9gyygrenqpypma4yp0gjjrm3uf,1,1,210,210,2020-07-30 05:12:11,2020-07-30 05:12:11,legacy/2026-05-20-pre-v2-import/data/raw/iog/delegation_history.csv
iog,pool18xysavc2dazzvc7xaqyh6t966zlawgupkdzyfc0yspt76ggxw6g,1,1,312,312,2021-12-26 18:10:21,2021-12-26 18:10:21,legacy/2026-05-20-pre-v2-import/data/raw/iog/delegation_history.csv
iog,pool194lhpd5e6a8n8n0zce5hg9f5279pqecd86yl0ytf8nztk2x9unv,1,1,436,436,2023-09-03 06:59:09,2023-09-03 06:59:09,legacy/2026-05-20-pre-v2-import/data/raw/iog/delegation_history.csv
iog,pool197rexraxmzk5mv36h2yfy8p4lwxzlqyenjk50r0q8dchz4gp26j,1,2,242,246,2021-01-09 01:39:18,2021-01-28 01:46:38,legacy/2026-05-20-pre-v2-import/data/raw/iog/delegation_history.csv
iog,pool19a88drt8dx3wu29e85vcl96wjsjt9vlnlj5tr4ydjqq86sfa84w,1,1,244,244,2021-01-19 17:17:45,2021-01-19 17:17:45,legacy/2026-05-20-pre-v2-import/data/raw/iog/delegation_history.csv
iog,pool19ejln2jcpg5dphc8m5nh8sya49sycsqj0v2cjxw6nku966cc8nu,1,2,263,326,2021-04-21 06:25:21,2022-03-04 01:55:23,legacy/2026-05-20-pre-v2-import/data/raw/iog/delegation_history.csv
iog,pool19m70myhhv6a74fu66patflmy3ug7c97q98nx6247xsunw0pl9m6,1,1,250,250,2021-02-16 06:21:56,2021-02-16 06:21:56,legacy/2026-05-20-pre-v2-import/data/raw/iog/delegation_history.csv
iog,pool19nrqgmwwz8xu939ulpskuky2qq5z36v4jtnwcs69qr7xy4j495y,1,1,216,216,2020-08-31 18:18:52,2020-08-31 18:18:52,legacy/2026-05-20-pre-v2-import/data/raw/iog/delegation_history.csv
iog,pool19qtdcswwfvuvqvr95yfpk68nhmulpe4yh6xg482v22q6ut0m9hl,1,1,248,248,2021-02-08 13:33:39,2021-02-08 13:33:39,legacy/2026-05-20-pre-v2-import/data/raw/iog/delegation_history.csv
iog,pool19tgayrt6zusdfjgtpga5mxjh6s4ep7t7es8t5d6ee4u5qtf65n4,1,1,249,249,2021-02-14 09:43:00,2021-02-14 09:43:00,legacy/2026-05-20-pre-v2-import/data/raw/iog/delegation_history.csv
iog,pool19v4jgpxxl72eaq8pefctatvts3gkhtyzd8nwvzskkm3mkdv2tpy,1,1,501,501,2024-07-25 16:30:27,2024-07-25 16:30:27,legacy/2026-05-20-pre-v2-import/data/raw/iog/delegation_history.csv
iog,pool19wr27r3dqt77nd0qv7zcwzajw8fl3y0v69x5pf63sznuugg9p35,1,1,212,212,2020-08-11 21:14:11,2020-08-11 21:14:11,legacy/2026-05-20-pre-v2-import/data/raw/iog/delegation_history.csv
iog,pool1a205rushcdw9qrtduady7l62cv2n4twvfuhfzx2ywrjlvsuuur5,1,1,217,217,2020-09-05 10:03:18,2020-09-05 10:03:18,legacy/2026-05-20-pre-v2-import/data/raw/iog/delegation_history.csv
iog,pool1a3ekt9me035qgju0en2w39vjns9ggtewnc9fugsmpgczvgtl6u9,1,1,269,269,2021-05-23 20:17:17,2021-05-23 20:17:17,legacy/2026-05-20-pre-v2-import/data/raw/iog/delegation_history.csv
iog,pool1a58fg4u3mcr2zwyqlc4dqd6mnwqjmcussmpmcml9lrmszwedmfy,1,1,210,210,2020-07-31 05:41:11,2020-07-31 05:41:11,legacy/2026-05-20-pre-v2-import/data/raw/iog/delegation_history.csv
iog,pool1a5jd3x2udlvpm9mt4gpau4jlags6qtth6jdsguryh2zy27f5ttj,1,1,317,317,2022-01-19 08:28:07,2022-01-19 08:28:07,legacy/2026-05-20-pre-v2-import/data/raw/iog/delegation_history.csv
iog,pool1a8902n5s5z8cgehphzj8ujwv6wf7dycnrdx4ekfz9cwmwj2fenu,1,1,255,255,2021-03-14 00:00:06,2021-03-14 00:00:06,legacy/2026-05-20-pre-v2-import/data/raw/iog/delegation_history.csv
iog,pool1agk62kg0s9606v78exurl53mqsdu44d6qeuzypur5e7ku6gpgzp,1,1,323,323,2022-02-17 07:34:00,2022-02-17 07:34:00,legacy/2026-05-20-pre-v2-import/data/raw/iog/delegation_history.csv
iog,pool1agwy5atgc4ptg3whplaxyz28g4dgvsna8auktszctkq8xmtl7dh,1,1,592,592,2025-10-22 02:43:15,2025-10-22 02:43:15,legacy/2026-05-20-pre-v2-import/data/raw/iog/delegation_history.csv
iog,pool1ahl705cca5twdfmml0ksux606t8vmuemu9vsnf3g94mm7lhnhtv,1,1,212,212,2020-08-13 09:12:51,2020-08-13 09:12:51,legacy/2026-05-20-pre-v2-import/data/raw/iog/delegation_history.csv
iog,pool1aj697twgk5kt7c6kjtkpwejqqhljvf3hzsmsamswzy42v24cw5h,1,1,266,266,2021-05-08 01:22:47,2021-05-08 01:22:47,legacy/2026-05-20-pre-v2-import/data/raw/iog/delegation_history.csv
iog,pool1am3frzvad5tnhr8gqmfmcza8wrsy75ljlcdhn622c0u9c3sr7v5,1,1,213,213,2020-08-16 11:30:24,2020-08-16 11:30:24,legacy/2026-05-20-pre-v2-import/data/raw/iog/delegation_history.csv
iog,pool1asfgkqtmjuusclgx72xpzvpw336gkulchtstsx9lsj9uqzjckv0,1,1,291,291,2021-09-09 00:10:43,2021-09-09 00:10:43,legacy/2026-05-20-pre-v2-import/data/raw/iog/delegation_history.csv
iog,pool1ax8znp3yeeh0udrr2vvtm4wkxjldwv4mywycn573km7fu20y5xa,1,1,251,251,2021-02-20 17:46:36,2021-02-20 17:46:36,legacy/2026-05-20-pre-v2-import/data/raw/iog/delegation_history.csv
iog,pool1c4padx3e59x8wgxpsh3208rkf8fv4v6ez2rx503de93n2jl0njw,1,1,248,248,2021-02-09 09:37:59,2021-02-09 09:37:59,legacy/2026-05-20-pre-v2-import/data/raw/iog/delegation_history.csv
iog,pool1c4y0lwrzus07c34py4x03juzqwa38zmvd0tc7ld5hp77qwpp5qe,1,1,223,223,2020-10-04 18:19:02,2020-10-04 18:19:02,legacy/2026-05-20-pre-v2-import/data/raw/iog/delegation_history.csv
iog,pool1c86ul4pnqvu7jzag8fjdy6dgrn6pt4ad4vmyq038hyg0wl2kaed,1,1,431,431,2023-08-09 17:28:13,2023-08-09 17:28:13,legacy/2026-05-20-pre-v2-import/data/raw/iog/delegation_history.csv
iog,pool1cljrz5vyw7jp2mp23nt9ywn2wdg5ulamhalw6d3mng326laxs77,1,1,250,250,2021-02-16 22:13:19,2021-02-16 22:13:19,legacy/2026-05-20-pre-v2-import/data/raw/iog/delegation_history.csv
iog,pool1crts5gmqr34gsrn6wvrhfs9yqp0ynu8t2t4r350xp80s6pc56ue,1,1,293,293,2021-09-19 16:15:51,2021-09-19 16:15:51,legacy/2026-05-20-pre-v2-import/data/raw/iog/delegation_history.csv
iog,pool1ct59zfxfvtv74k3mmukq5faq7kc48wuxrstyxtd02pxluwf6mkh,1,1,316,316,2022-01-15 03:54:14,2022-01-15 03:54:14,legacy/2026-05-20-pre-v2-import/data/raw/iog/delegation_history.csv
iog,pool1cuxntl7ppq6g9992cphc7t7xt6hghmevgu3u2d0tczps5hu6070,1,2,210,213,2020-08-02 22:36:51,2020-08-13 22:28:33,legacy/2026-05-20-pre-v2-import/data/raw/iog/delegation_history.csv
iog,pool1cuzhrcpp676p4u9yk2vrtj7utmq2dy4ey56uw6znml2f5hrpgpw,1,1,211,211,2020-08-08 07:01:51,2020-08-08 07:01:51,legacy/2026-05-20-pre-v2-import/data/raw/iog/delegation_history.csv
iog,pool1cyetkjtz5ly62hrukr2acyw0t8x9fczn0lkw0ech5x6wjt6xd9z,1,1,211,211,2020-08-07 15:32:11,2020-08-07 15:32:11,legacy/2026-05-20-pre-v2-import/data/raw/iog/delegation_history.csv
iog,pool1d04sakv5um2c8yrp3lm9ncncupgl7f7zw0lz2yuz3jrzsxvf42n,1,1,291,291,2021-09-10 13:21:26,2021-09-10 13:21:26,legacy/2026-05-20-pre-v2-import/data/raw/iog/delegation_history.csv
iog,pool1d09rylh8tvkz3mt6uql73jfzrydq3j6ezswxp9a73vm95e3659g,1,1,248,248,2021-02-09 06:06:56,2021-02-09 06:06:56,legacy/2026-05-20-pre-v2-import/data/raw/iog/delegation_history.csv
iog,pool1d0m6dxdvqcltvyvjjha2v5hyq4rxf4xzs7j95v00hpxvzuu7wqp,1,1,244,244,2021-01-17 20:23:49,2021-01-17 20:23:49,legacy/2026-05-20-pre-v2-import/data/raw/iog/delegation_history.csv
iog,pool1d0ze7l6t8gjng564zsfyd7uw7snenpsjh9dacawdpr9g27djq8f,1,1,230,230,2020-11-10 17:40:07,2020-11-10 17:40:07,legacy/2026-05-20-pre-v2-import/data/raw/iog/delegation_history.csv
iog,pool1d5zrmzgskqzse485j7p5cly2290xyffr2tyq9d8ngkzyxjjxwtm,1,1,252,252,2021-02-25 03:46:42,2021-02-25 03:46:42,legacy/2026-05-20-pre-v2-import/data/raw/iog/delegation_history.csv
iog,pool1d667gxendhtww73876gztgal56zhyt57rtcmev4r5a6sgcrm3v9,1,1,210,210,2020-07-30 06:36:51,2020-07-30 06:36:51,legacy/2026-05-20-pre-v2-import/data/raw/iog/delegation_history.csv
iog,pool1df62yqh0jyl8zq96e6v5aph04l6pr3jnant35xnhv4ndg0l2uej,1,1,257,257,2021-03-22 20:42:25,2021-03-22 20:42:25,legacy/2026-05-20-pre-v2-import/data/raw/iog/delegation_history.csv
iog,pool1dny787kkt067gfl0rts25rlq32v8npc2fmxvg70nkgt66vhp8e0,1,1,262,262,2021-04-17 10:06:41,2021-04-17 10:06:41,legacy/2026-05-20-pre-v2-import/data/raw/iog/delegation_history.csv
iog,pool1dq5wfv7sg636rjdmmzh2qgsrz7g2xf6gupll99n4ee5mkzxmae9,1,1,214,214,2020-08-23 11:46:25,2020-08-23 11:46:25,legacy/2026-05-20-pre-v2-import/data/raw/iog/delegation_history.csv
iog,pool1drkls8s0zzjydyv3qpjsdj58w3sw02w9wg0pckrsnuazyef2hca,1,1,368,368,2022-09-30 13:57:48,2022-09-30 13:57:48,legacy/2026-05-20-pre-v2-import/data/raw/iog/delegation_history.csv
iog,pool1dsqxx4ehzudlaygj5p75eptkdz3kzwcck9qrft4aq02a5vf8agf,1,1,210,210,2020-07-31 20:59:31,2020-07-31 20:59:31,legacy/2026-05-20-pre-v2-import/data/raw/iog/delegation_history.csv
iog,pool1dtpmhyl59nxcptphk6a8l43vg540r6jnssrvwf4gcl7dc6uxzyy,1,1,314,314,2022-01-04 13:32:18,2022-01-04 13:32:18,legacy/2026-05-20-pre-v2-import/data/raw/iog/delegation_history.csv
iog,pool1dwthjmzrkm5q42yqa3x50jaye6pg57n7t569c44an6hzsg8qake,1,1,380,380,2022-11-28 21:38:37,2022-11-28 21:38:37,legacy/2026-05-20-pre-v2-import/data/raw/iog/delegation_history.csv
iog,pool1dww6s8stvm7dl2n8740s3v5rnxmsuqcl8jcnu64g7cds5w29pft,1,1,350,350,2022-07-03 03:09:17,2022-07-03 03:09:17,legacy/2026-05-20-pre-v2-import/data/raw/iog/delegation_history.csv
iog,pool1dwz6exl0220n6zm5pp9ehnn4g2vtrwtxem0nvgcrl6amvnryp2g,1,1,255,255,2021-03-14 21:23:28,2021-03-14 21:23:28,legacy/2026-05-20-pre-v2-import/data/raw/iog/delegation_history.csv
iog,pool1dx5t3yqhzh3v5ch7add7836tg0ey255tjz87spjvws4j2gjp9yg,1,1,283,283,2021-08-03 02:16:40,2021-08-03 02:16:40,legacy/2026-05-20-pre-v2-import/data/raw/iog/delegation_history.csv
iog,pool1dxq8g3qvz0een52jv8yzagmq8ym9lxq073yc40mhlvm5skffhfw,1,1,215,215,2020-08-26 19:17:04,2020-08-26 19:17:04,legacy/2026-05-20-pre-v2-import/data/raw/iog/delegation_history.csv
iog,pool1e68hwymvfqxss0v29tgu95j0q8rv79z76l54wm4s0625klfq6y6,1,1,242,242,2021-01-10 03:03:44,2021-01-10 03:03:44,legacy/2026-05-20-pre-v2-import/data/raw/iog/delegation_history.csv
iog,pool1e6chrtr2p5ycvppuye3x82ytp84ycw0pes6zmkw972upz3g8wms,1,1,214,214,2020-08-22 07:17:21,2020-08-22 07:17:21,legacy/2026-05-20-pre-v2-import/data/raw/iog/delegation_history.csv
iog,pool1ea34czsr90yc63fmv4gj4tetp7ds7c4jhpj6vqg4yw40wvygdl3,1,1,340,340,2022-05-13 20:31:45,2022-05-13 20:31:45,legacy/2026-05-20-pre-v2-import/data/raw/iog/delegation_history.csv
iog,pool1eal2z34ugj8a0ckykd6xx45dz6jwdgz4cuvutk320cp4w8t2sm4,1,1,266,266,2021-05-06 20:14:57,2021-05-06 20:14:57,legacy/2026-05-20-pre-v2-import/data/raw/iog/delegation_history.csv
iog,pool1eapprh7uyz8f90maft8r2k2v3a6jyv58eatgyz3lsfrqggkc8fq,1,1,409,409,2023-04-24 06:24:56,2023-04-24 06:24:56,legacy/2026-05-20-pre-v2-import/data/raw/iog/delegation_history.csv
iog,pool1efacpnedlfrhe9sa6s4jzq839s5q4qdrl70em0za57xg6t38d3s,1,1,266,266,2021-05-09 15:47:34,2021-05-09 15:47:34,legacy/2026-05-20-pre-v2-import/data/raw/iog/delegation_history.csv
iog,pool1efcy26vzdpn42c042ylynmx568m0csfle5yvkumh3v5xjhdraxk,1,1,233,233,2020-11-26 18:52:48,2020-11-26 18:52:48,legacy/2026-05-20-pre-v2-import/data/raw/iog/delegation_history.csv
iog,pool1efj8td645z33mr8h0ww5y5s0lz6jwj7e54cj4mv44s2269r7d4f,1,1,211,211,2020-08-04 01:43:31,2020-08-04 01:43:31,legacy/2026-05-20-pre-v2-import/data/raw/iog/delegation_history.csv
iog,pool1efzvmtxl4n9z8ylegk9jhctclu44z7k0qg82mp2kp2ytqa9xgf0,1,1,210,210,2020-07-30 13:20:31,2020-07-30 13:20:31,legacy/2026-05-20-pre-v2-import/data/raw/iog/delegation_history.csv
iog,pool1egunxfppwtglyu3t864uq76y0zu05s7pjda3e9g95nwlwc5ye2h,1,1,530,530,2024-12-16 21:42:12,2024-12-16 21:42:12,legacy/2026-05-20-pre-v2-import/data/raw/iog/delegation_history.csv
iog,pool1ej26ntx26lz2k0lagcqc8ww9gyrc04gnvjz6gqdlhy58sg5yfwa,1,1,270,270,2021-05-27 23:22:00,2021-05-27 23:22:00,legacy/2026-05-20-pre-v2-import/data/raw/iog/delegation_history.csv
iog,pool1enul577he3e0s500lv8z98m6k936uecz2rpckxxmmk8c7k0n2rd,1,1,413,413,2023-05-11 12:22:35,2023-05-11 12:22:35,legacy/2026-05-20-pre-v2-import/data/raw/iog/delegation_history.csv
iog,pool1es94p2rp672w2lmv538ecnv9tf368kje7tmg7vca75z3vazs34z,1,1,269,269,2021-05-24 09:38:18,2021-05-24 09:38:18,legacy/2026-05-20-pre-v2-import/data/raw/iog/delegation_history.csv
iog,pool1esd3cqme3zzvvdnsx3p6ywudn6p86mqyz7fpvqpegxv2qzmtes0,1,1,589,589,2025-10-09 12:23:59,2025-10-09 12:23:59,legacy/2026-05-20-pre-v2-import/data/raw/iog/delegation_history.csv
iog,pool1esgq3g4ll90ylfqg4rvdft06cdppyqc8urancufle6yrgpp5grw,1,1,232,232,2020-11-17 17:12:15,2020-11-17 17:12:15,legacy/2026-05-20-pre-v2-import/data/raw/iog/delegation_history.csv
iog,pool1et8qw5ejgl5qqq8v4gdfset78gjcphh88cc2xajykggau8vps0j,1,1,390,390,2023-01-17 10:46:10,2023-01-17 10:46:10,legacy/2026-05-20-pre-v2-import/data/raw/iog/delegation_history.csv
iog,pool1ewd9g9zcz6tvlytk0plfj3e8jq645l0xr4n62epa49dgv9h43an,1,1,249,249,2021-02-11 15:21:18,2021-02-11 15:21:18,legacy/2026-05-20-pre-v2-import/data/raw/iog/delegation_history.csv
iog,pool1ex3e0w92rktrqvyen48dl58cp8efp7vfn3ealgdd8fkhqqychgd,1,1,281,281,2021-07-23 22:19:49,2021-07-23 22:19:49,legacy/2026-05-20-pre-v2-import/data/raw/iog/delegation_history.csv
iog,pool1f6zwfx8a8pnfusuv7fj8h8uusln49sl45hdpzfz7965ag00wycf,1,1,293,293,2021-09-21 19:18:53,2021-09-21 19:18:53,legacy/2026-05-20-pre-v2-import/data/raw/iog/delegation_history.csv
iog,pool1fcp4d2pxh0e7q5ju63sjqcdpxpr3pvxg6ykl23t6c97d7dnvjvw,1,1,398,398,2023-02-27 19:01:31,2023-02-27 19:01:31,legacy/2026-05-20-pre-v2-import/data/raw/iog/delegation_history.csv
iog,pool1ferfwtmcjm9rxc00ugtdwrm9m042jf4xjvse6a8u5smxqt0pwnx,1,1,401,401,2023-03-13 17:45:29,2023-03-13 17:45:29,legacy/2026-05-20-pre-v2-import/data/raw/iog/delegation_history.csv
iog,pool1fg42yz0qpu5jd0gd3g5xty4mm6jdxkje8szag8h798nyyxw6zd3,1,1,218,218,2020-09-08 03:06:36,2020-09-08 03:06:36,legacy/2026-05-20-pre-v2-import/data/raw/iog/delegation_history.csv
iog,pool1fmgus36uc0jf0wlspfvzwfn04mz34kwrensmqgfzkv7t58dejw4,1,1,245,245,2021-01-21 01:13:02,2021-01-21 01:13:02,legacy/2026-05-20-pre-v2-import/data/raw/iog/delegation_history.csv
iog,pool1fmrd4ds793ja4c5muy7hwj6q7kssuhtx22em4udmvx6957z9m0u,1,6,254,307,2021-03-08 04:47:06,2021-11-30 20:43:26,legacy/2026-05-20-pre-v2-import/data/raw/iog/delegation_history.csv
iog,pool1fr8ug253hlv0pt4sxu3w20r03pnpkh2wpedegp55t8nsx28rkma,1,1,505,505,2024-08-16 14:39:33,2024-08-16 14:39:33,legacy/2026-05-20-pre-v2-import/data/raw/iog/delegation_history.csv
iog,pool1ft6jvmft8tg3lwzg6wfsprlex3ncuq5cnckwycavqk5q63jhrhv,1,1,304,304,2021-11-12 13:24:45,2021-11-12 13:24:45,legacy/2026-05-20-pre-v2-import/data/raw/iog/delegation_history.csv
iog,pool1ftfgs9lp0l4l07glvemrzu86pqvxrvzsn85lc3hathlq5ddsw49,1,1,212,212,2020-08-13 14:55:31,2020-08-13 14:55:31,legacy/2026-05-20-pre-v2-import/data/raw/iog/delegation_history.csv
iog,pool1fttmappcugymuqxvayq2uew72cd8qej2gc5c9ajexsckswj3qza,1,2,495,495,2024-06-24 14:29:57,2024-06-25 19:56:09,legacy/2026-05-20-pre-v2-import/data/raw/iog/delegation_history.csv
iog,pool1fxl5v404w7rjk6k4xlhxqp2mcp7t6quu7amyddmnqhy5vn40h5y,1,1,210,210,2020-07-30 00:22:11,2020-07-30 00:22:11,legacy/2026-05-20-pre-v2-import/data/raw/iog/delegation_history.csv
iog,pool1g36eg8e6tr6sur6y3cfpd8lglny3axh6pgka3acpnfyh22svdth,1,1,220,220,2020-09-18 23:28:58,2020-09-18 23:28:58,legacy/2026-05-20-pre-v2-import/data/raw/iog/delegation_history.csv
iog,pool1g58rl2yvgf3ewek4psqjlh77q8z2m9f3rjz4mpf0zemmvrmn0et,1,1,242,242,2021-01-07 21:25:08,2021-01-07 21:25:08,legacy/2026-05-20-pre-v2-import/data/raw/iog/delegation_history.csv
iog,pool1g5hzwhlsya3pqxzkkf97308z4zp0kl5hjdaypaqd3fwjgkaq4hk,1,1,252,252,2021-02-28 16:06:25,2021-02-28 16:06:25,legacy/2026-05-20-pre-v2-import/data/raw/iog/delegation_history.csv
iog,pool1g637quu9s4v8e30s8y2jg8zfejsne9s8mg985q62y8jfu4khtqg,1,1,249,249,2021-02-11 08:12:38,2021-02-11 08:12:38,legacy/2026-05-20-pre-v2-import/data/raw/iog/delegation_history.csv
iog,pool1gaztx97t53k47fr7282d70tje8323vvzx8pshgts30t9krw62tm,1,1,471,471,2024-02-25 15:09:57,2024-02-25 15:09:57,legacy/2026-05-20-pre-v2-import/data/raw/iog/delegation_history.csv
iog,pool1gcqq0gt4hmgvq942x0s57lf3f4mhtexuuzgjrsmtj0kmsmqz32z,1,1,248,248,2021-02-09 14:36:43,2021-02-09 14:36:43,legacy/2026-05-20-pre-v2-import/data/raw/iog/delegation_history.csv
iog,pool1ggx3akymhzl5d7r8jd4cc2nmnvl8t8gkrerd2cwvd0vc29lwje9,1,2,262,283,2021-04-16 22:51:58,2021-07-31 15:11:14,legacy/2026-05-20-pre-v2-import/data/raw/iog/delegation_history.csv
iog,pool1gh06f56tnkj6uhlfrlntwnczlfm6tszmm6umga3anevn2tvcds4,1,1,323,323,2022-02-17 17:17:33,2022-02-17 17:17:33,legacy/2026-05-20-pre-v2-import/data/raw/iog/delegation_history.csv
iog,pool1glw78uuh552fkhu9v236qla6q4xef7qtx3z9h6e2mahhj5c392j,1,1,249,249,2021-02-11 11:23:47,2021-02-11 11:23:47,legacy/2026-05-20-pre-v2-import/data/raw/iog/delegation_history.csv
iog,pool1gm4mcrf8mytfetsj6ykulrmv4j70y7fhceawgdg2h09t5rtt7cf,1,1,323,323,2022-02-16 00:54:45,2022-02-16 00:54:45,legacy/2026-05-20-pre-v2-import/data/raw/iog/delegation_history.csv
iog,pool1gn5txrx7ay0pxs7cj70ewxpqx64sqnptnkc4u3zghxv8y2y9sxr,1,1,281,281,2021-07-23 00:43:45,2021-07-23 00:43:45,legacy/2026-05-20-pre-v2-import/data/raw/iog/delegation_history.csv
iog,pool1gqf605yxhmyfasdjhf8yxcesztgzuek9gfuvy2dnyj5cyp8zga3,1,1,325,325,2022-03-01 18:16:46,2022-03-01 18:16:46,legacy/2026-05-20-pre-v2-import/data/raw/iog/delegation_history.csv
iog,pool1grvc8ee54v6hm0aynfdqanugez2sjjdaya2fxcug7lhu73dnrl7,1,1,250,250,2021-02-19 07:19:14,2021-02-19 07:19:14,legacy/2026-05-20-pre-v2-import/data/raw/iog/delegation_history.csv
iog,pool1grz62pdyyakffeymsjxpkz4x9382y3zhfa8zu28tk2fpqxm6p5l,1,1,330,330,2022-03-24 11:21:43,2022-03-24 11:21:43,legacy/2026-05-20-pre-v2-import/data/raw/iog/delegation_history.csv
iog,pool1gslrt6mmljsqkzft6nd0q7w7g2fyhxpxx6sj4ff68x22kwx6unm,1,1,545,545,2025-03-03 03:01:19,2025-03-03 03:01:19,legacy/2026-05-20-pre-v2-import/data/raw/iog/delegation_history.csv
iog,pool1gu0jszyrg82ah4qhusx7lm90gsx5n9czsa48ast8tfegg5ztzuc,1,4,232,280,2020-11-18 06:45:08,2021-07-17 05:02:43,legacy/2026-05-20-pre-v2-import/data/raw/iog/delegation_history.csv
iog,pool1gx2pz27mgupdqynr54s57jrepc3n28yx0wlx0j5ypka55aan9qx,1,1,213,213,2020-08-16 13:10:46,2020-08-16 13:10:46,legacy/2026-05-20-pre-v2-import/data/raw/iog/delegation_history.csv
iog,pool1h0524mtazrjnzqh5e4u060jsfk8lpsqqjfpa5gygjwuhqu34wvt,1,1,259,259,2021-04-01 07:48:51,2021-04-01 07:48:51,legacy/2026-05-20-pre-v2-import/data/raw/iog/delegation_history.csv
iog,pool1h08araxldht60j00vp8lzllmwyevjwqd5zwyprc62536gk4s5ge,1,1,210,210,2020-07-30 18:22:11,2020-07-30 18:22:11,legacy/2026-05-20-pre-v2-import/data/raw/iog/delegation_history.csv
iog,pool1h290edu6y50y09ulac7t6krculahk9fjwzvx4hqeqc7l2ruttku,1,1,328,328,2022-03-15 23:51:18,2022-03-15 23:51:18,legacy/2026-05-20-pre-v2-import/data/raw/iog/delegation_history.csv
iog,pool1h40kkf28nr3amhs6nsmqn75aderg6cutmygr47czu2dw2dxzvgm,1,1,323,323,2022-02-15 09:23:26,2022-02-15 09:23:26,legacy/2026-05-20-pre-v2-import/data/raw/iog/delegation_history.csv
iog,pool1h6q8jj55dn6727yydlypu0rz4sflf2enxhs0thqydmddgu3shl5,1,2,323,323,2022-02-18 21:14:55,2022-02-18 21:14:55,legacy/2026-05-20-pre-v2-import/data/raw/iog/delegation_history.csv
iog,pool1h85s0f86k4hsceqdpr906d8e99vn4yqu4ewd236ajlxpwxavz6h,1,1,211,211,2020-08-04 10:57:51,2020-08-04 10:57:51,legacy/2026-05-20-pre-v2-import/data/raw/iog/delegation_history.csv
iog,pool1hcjc7d8g0awkledqs4ne8chl4gqmcc57yucexw2pyzll7eq84af,1,1,257,257,2021-03-23 18:01:06,2021-03-23 18:01:06,legacy/2026-05-20-pre-v2-import/data/raw/iog/delegation_history.csv
iog,pool1hdug72ukeepdxqxz0new8e3nhq5cykkn3prky9wgrz5tgyf4ty2,1,2,266,292,2021-05-07 13:36:52,2021-09-14 00:38:50,legacy/2026-05-20-pre-v2-import/data/raw/iog/delegation_history.csv
iog,pool1hhlzudyzp80xch7r0vamq58hpdnspagutvgqwptsmr0tk2425vf,1,1,210,210,2020-07-30 22:16:31,2020-07-30 22:16:31,legacy/2026-05-20-pre-v2-import/data/raw/iog/delegation_history.csv
iog,pool1hkpgddlnya3pgktj3sxdraa8x8400vhaphcudvym9ye22esak43,1,1,212,212,2020-08-13 13:48:11,2020-08-13 13:48:11,legacy/2026-05-20-pre-v2-import/data/raw/iog/delegation_history.csv
iog,pool1hrfv7z55k4m2q6ghemu56r3zkw7dt5wd5xay5yw7an7p7aw33ac,1,1,528,528,2024-12-06 22:10:08,2024-12-06 22:10:08,legacy/2026-05-20-pre-v2-import/data/raw/iog/delegation_history.csv
iog,pool1hrn5rm7e02r90hvt5l5fwmujul39y0cpkxn2t7avn6hqwt3m9j3,1,1,213,213,2020-08-17 12:59:39,2020-08-17 12:59:39,legacy/2026-05-20-pre-v2-import/data/raw/iog/delegation_history.csv
iog,pool1htf4qwm5t82mefqkns5p7d5w30rk8xdduty434vchq2hcvwt6ka,1,1,241,241,2021-01-02 18:45:17,2021-01-02 18:45:17,legacy/2026-05-20-pre-v2-import/data/raw/iog/delegation_history.csv
iog,pool1hup05mr0g5uq3ng2xd4qpp83dhfyssxruunapthyumv5x63krug,1,1,226,226,2020-10-22 02:51:31,2020-10-22 02:51:31,legacy/2026-05-20-pre-v2-import/data/raw/iog/delegation_history.csv
iog,pool1hut596zjmx2eunuwt8vjnh953ezgtvc3cwv3nat8cepsc2jeaxe,1,1,291,291,2021-09-09 13:23:49,2021-09-09 13:23:49,legacy/2026-05-20-pre-v2-import/data/raw/iog/delegation_history.csv
iog,pool1hvevy8qu5lwg7ul66xmzvwv8zwdgdradsg9ncvrflm7dvy407e0,1,1,526,526,2024-11-27 09:43:03,2024-11-27 09:43:03,legacy/2026-05-20-pre-v2-import/data/raw/iog/delegation_history.csv
iog,pool1hxdcr4u22lytge79hr5hds39e90jsdmhafphdgnn4hlqvl4qlt7,1,1,444,444,2023-10-13 10:33:38,2023-10-13 10:33:38,legacy/2026-05-20-pre-v2-import/data/raw/iog/delegation_history.csv
iog,pool1j4kazqs4673dlq07pfwnqm6zmaga99as9ktv2h9k02f7vtrn85q,1,1,227,227,2020-10-26 21:34:13,2020-10-26 21:34:13,legacy/2026-05-20-pre-v2-import/data/raw/iog/delegation_history.csv
iog,pool1jhh5u4q6r6ym8rl7lcf9qc8lgsds8sxh0kl6lajkh5wkgkq6efy,1,1,210,210,2020-07-30 23:56:31,2020-07-30 23:56:31,legacy/2026-05-20-pre-v2-import/data/raw/iog/delegation_history.csv
iog,pool1jldq2rf7y2ukm2t8ds8d9upzgdgv07jhkckl0mvedwhxx5nkugt,1,1,584,584,2025-09-11 22:19:19,2025-09-11 22:19:19,legacy/2026-05-20-pre-v2-import/data/raw/iog/delegation_history.csv
iog,pool1jmx55w5ydjkn4xd58gmr9xgt5t46ngs48aek779t92e7zcqfw97,1,1,383,383,2022-12-13 22:08:43,2022-12-13 22:08:43,legacy/2026-05-20-pre-v2-import/data/raw/iog/delegation_history.csv
iog,pool1jpfk79j3vzx3hnpqshl99m90qk3jsj4hg0pmxc8szz4juz8d653,1,2,258,261,2021-03-27 00:24:34,2021-04-15 19:17:01,legacy/2026-05-20-pre-v2-import/data/raw/iog/delegation_history.csv
iog,pool1jr90qgglajrga8pftpt6eevtrpxnznjkg7gvrqnehm64qmg8m7s,1,1,276,276,2021-06-25 07:37:21,2021-06-25 07:37:21,legacy/2026-05-20-pre-v2-import/data/raw/iog/delegation_history.csv
iog,pool1jre4hpk3hwzlzh64nfsjkhe6gp4006sy2v8ktqre2qth7uswrtf,1,1,210,210,2020-07-30 00:55:11,2020-07-30 00:55:11,legacy/2026-05-20-pre-v2-import/data/raw/iog/delegation_history.csv
iog,pool1jrn3nlmzt4r99fh5z450nnwqerwljzn426ffknfs9x8gcqgffst,1,2,395,406,2023-02-14 16:03:21,2023-04-09 12:32:20,legacy/2026-05-20-pre-v2-import/data/raw/iog/delegation_history.csv
iog,pool1jrst9acplgqk95469zu68xv5xj802lqxe682jjsd39z26ddj8ur,1,1,260,260,2021-04-09 17:31:44,2021-04-09 17:31:44,legacy/2026-05-20-pre-v2-import/data/raw/iog/delegation_history.csv
iog,pool1js763t3yw63ffsxqpume8974z03hdlm4nddnezhfla6dskln37v,1,1,242,242,2021-01-07 09:55:41,2021-01-07 09:55:41,legacy/2026-05-20-pre-v2-import/data/raw/iog/delegation_history.csv
iog,pool1jsv2hveu0n6sw7zesdcmc8cfle2xp5w7ma6qlt4xvh62cxly5wc,1,1,266,266,2021-05-09 08:46:23,2021-05-09 08:46:23,legacy/2026-05-20-pre-v2-import/data/raw/iog/delegation_history.csv
iog,pool1jv4yvr5edp7qp690hk3qfudwmw28n2wygjxyhaecqkzeqh0wlem,1,1,306,306,2021-11-22 23:58:35,2021-11-22 23:58:35,legacy/2026-05-20-pre-v2-import/data/raw/iog/delegation_history.csv
iog,pool1jzvjnmsquaw4psvjudkehqp8lmz77lf28h4ldqr6n72us3plkpl,1,1,258,258,2021-03-30 18:37:13,2021-03-30 18:37:13,legacy/2026-05-20-pre-v2-import/data/raw/iog/delegation_history.csv
iog,pool1k3sjc2sypvtrgne7gc7mlgv5pfu2pn4zdlyky9tkxzmckcp9mxr,1,1,235,235,2020-12-03 09:50:32,2020-12-03 09:50:32,legacy/2026-05-20-pre-v2-import/data/raw/iog/delegation_history.csv
iog,pool1k3wpsc8q8za2qeptx5kv73r76hs5gvp59gga6ad6u5hnj3scy3q,1,1,261,261,2021-04-11 14:07:30,2021-04-11 14:07:30,legacy/2026-05-20-pre-v2-import/data/raw/iog/delegation_history.csv
iog,pool1k4ejdzlnd83l8f8xm5t0m4uv5q0tzexpm23f6cg7lzzayrquzqw,1,2,258,296,2021-03-29 14:39:36,2021-10-05 04:50:16,legacy/2026-05-20-pre-v2-import/data/raw/iog/delegation_history.csv
iog,pool1k53pf4wzn263c08e3wr3gttndfecm9f4uzekgctcx947vt7fh2p,1,1,283,283,2021-07-30 00:02:05,2021-07-30 00:02:05,legacy/2026-05-20-pre-v2-import/data/raw/iog/delegation_history.csv
iog,pool1k6zdhtvhtfyrgmkmsd0lmxzzeeh46jd37yktscaxpry9vwaxq9x,1,1,345,345,2022-06-09 17:23:33,2022-06-09 17:23:33,legacy/2026-05-20-pre-v2-import/data/raw/iog/delegation_history.csv
iog,pool1k7ku4sqvepztwqfvqj7wjadcsw96mancwyf8spty9tm0jfnwls9,1,1,287,287,2021-08-23 15:26:18,2021-08-23 15:26:18,legacy/2026-05-20-pre-v2-import/data/raw/iog/delegation_history.csv
iog,pool1k7mczy6zuwaen62s7gzh0ct3uh3y6qf7nqcpzk29thcqq73gfqd,1,1,236,236,2020-12-09 00:45:16,2020-12-09 00:45:16,legacy/2026-05-20-pre-v2-import/data/raw/iog/delegation_history.csv
iog,pool1k8w7ylxa542hwymnwmuumpnudz7j9ae582wqecxv9n24zu8fptq,1,1,339,339,2022-05-08 18:04:03,2022-05-08 18:04:03,legacy/2026-05-20-pre-v2-import/data/raw/iog/delegation_history.csv
iog,pool1k9yt0fqk5czmajcjvqnwc6w9k5rcc40xe9kq05asd43c2xsw58f,1,1,213,213,2020-08-14 09:24:51,2020-08-14 09:24:51,legacy/2026-05-20-pre-v2-import/data/raw/iog/delegation_history.csv
iog,pool1kal8xswwnj473gwva4rnfsh75aqlkr3g709xqr8evkqhw8j7msu,1,1,250,250,2021-02-15 15:42:37,2021-02-15 15:42:37,legacy/2026-05-20-pre-v2-import/data/raw/iog/delegation_history.csv
iog,pool1kdfrzk74f4salnv0679z4f8nurxgau6zh9y4gedskzevuxdt8xe,1,1,290,290,2021-09-03 19:10:33,2021-09-03 19:10:33,legacy/2026-05-20-pre-v2-import/data/raw/iog/delegation_history.csv
iog,pool1keasvddt9vndl8jyhg204s6kqusv5zgzg3kk3l3g949ew402ahe,1,1,466,466,2024-02-01 11:14:14,2024-02-01 11:14:14,legacy/2026-05-20-pre-v2-import/data/raw/iog/delegation_history.csv
iog,pool1kezxjgklzx3zf83y9wzsa63esajfgaz0wyjjyag44lmz22ptvks,1,1,326,326,2022-03-04 15:30:42,2022-03-04 15:30:42,legacy/2026-05-20-pre-v2-import/data/raw/iog/delegation_history.csv
iog,pool1kkmk9dnzrrjtnsejttydecmq63x4dpkln70yfledaednj7mf7rk,1,1,568,568,2025-06-25 01:46:35,2025-06-25 01:46:35,legacy/2026-05-20-pre-v2-import/data/raw/iog/delegation_history.csv
iog,pool1kks6sgxvx7p6fe3hhnne68xzwa9jg8qgy50yt3w3lrelvns7390,1,3,249,455,2021-02-12 01:21:31,2023-12-06 23:22:36,legacy/2026-05-20-pre-v2-import/data/raw/iog/delegation_history.csv
iog,pool1kp7au7kju3v23yth6nsse4jhxzweud48nmc7m6akpdq57ztq4zv,1,1,265,265,2021-05-04 15:12:41,2021-05-04 15:12:41,legacy/2026-05-20-pre-v2-import/data/raw/iog/delegation_history.csv
iog,pool1ksh2zpeeqe0rpcug63up5l66g3kr5vf58jraeun82rur6m4g6xz,1,1,300,300,2021-10-23 02:33:04,2021-10-23 02:33:04,legacy/2026-05-20-pre-v2-import/data/raw/iog/delegation_history.csv
iog,pool1kzyukfavxv9sdrsnmxchvh9qng39uy6yg78tdqskaum9khnrvj7,1,1,299,299,2021-10-20 02:20:13,2021-10-20 02:20:13,legacy/2026-05-20-pre-v2-import/data/raw/iog/delegation_history.csv
iog,pool1l29evaq9jz5k8r5t2jx2q7vjcamwlk3754h4p7xen0mn6f3le20,1,1,323,323,2022-02-16 19:56:46,2022-02-16 19:56:46,legacy/2026-05-20-pre-v2-import/data/raw/iog/delegation_history.csv
iog,pool1l2t9xjhx3m3sesjcece9mgz6xk7rwq3rhj3sv0durtmrvdujc46,1,1,401,401,2023-03-16 16:25:49,2023-03-16 16:25:49,legacy/2026-05-20-pre-v2-import/data/raw/iog/delegation_history.csv
iog,pool1l3rf0h8s6fdw8g4vy8qg7fw3wwj8jdm3hg0wwwycnvj8xcl2ps8,1,1,211,211,2020-08-07 14:42:31,2020-08-07 14:42:31,legacy/2026-05-20-pre-v2-import/data/raw/iog/delegation_history.csv
iog,pool1l4synes9s3swlf5r5rsfpede3582r4km2wd94xctceyaudv9zx3,1,1,274,274,2021-06-19 11:50:53,2021-06-19 11:50:53,legacy/2026-05-20-pre-v2-import/data/raw/iog/delegation_history.csv
iog,pool1l8myd66tqjk75kh7uk9k8nyl20sd4qs33s4tzzn927ujyl7ahyk,1,2,215,215,2020-08-25 21:25:32,2020-08-26 08:46:43,legacy/2026-05-20-pre-v2-import/data/raw/iog/delegation_history.csv
iog,pool1lcl9j8zzqtcd4g2gf5zgexcqmnmjtvje707hupngymjhq43yk3s,1,1,212,212,2020-08-09 00:05:11,2020-08-09 00:05:11,legacy/2026-05-20-pre-v2-import/data/raw/iog/delegation_history.csv
iog,pool1lhvpgr8lhsf6h03v9zqxm74pa63rdxx4yuvkqfw4tv9fua8t37a,1,2,236,542,2020-12-10 03:54:26,2025-02-16 08:12:27,legacy/2026-05-20-pre-v2-import/data/raw/iog/delegation_history.csv
iog,pool1ljqjqskd4f4zekzddw204u5xtzhyz2cllq5v5dmn27zdwf9c70f,1,1,475,475,2024-03-19 07:34:16,2024-03-19 07:34:16,legacy/2026-05-20-pre-v2-import/data/raw/iog/delegation_history.csv
iog,pool1lmqvtamlkm4vdcq3yjs2zxhsx2ejy9tafs66zsmpwvk3jq0zhyu,1,1,211,211,2020-08-07 04:57:51,2020-08-07 04:57:51,legacy/2026-05-20-pre-v2-import/data/raw/iog/delegation_history.csv
iog,pool1ln2899n8knvks7j6qh5j7852hn4850p5kucj5cgtj767s86gd7d,1,1,245,245,2021-01-24 08:28:19,2021-01-24 08:28:19,legacy/2026-05-20-pre-v2-import/data/raw/iog/delegation_history.csv
iog,pool1lnk67xp7jsc2e3yyun3fpaqvkx0f3c8q0ml29ge85udeghn2gvn,1,1,423,423,2023-07-03 15:15:13,2023-07-03 15:15:13,legacy/2026-05-20-pre-v2-import/data/raw/iog/delegation_history.csv
iog,pool1lny2fx0ywywfkg7lzxul8gu4snl50wculalmwe8k7hkec29zlh6,1,1,254,254,2021-03-09 19:18:02,2021-03-09 19:18:02,legacy/2026-05-20-pre-v2-import/data/raw/iog/delegation_history.csv
iog,pool1lq7t0qg273vp8t2wzmeyj7sdq2vhu2v87jjplgurpfxcs9afnr3,1,1,211,211,2020-08-06 17:13:51,2020-08-06 17:13:51,legacy/2026-05-20-pre-v2-import/data/raw/iog/delegation_history.csv
iog,pool1lssudmnyy4vlzrvpmw4539xwklnx0lm2murc9t7n25u9sg2ce3n,1,1,226,226,2020-10-20 18:49:29,2020-10-20 18:49:29,legacy/2026-05-20-pre-v2-import/data/raw/iog/delegation_history.csv
iog,pool1lxqewhueg4hzyad766zhdwsjet5348ww8mzejf6fprxaw8wfq5s,1,1,544,544,2025-02-26 01:26:04,2025-02-26 01:26:04,legacy/2026-05-20-pre-v2-import/data/raw/iog/delegation_history.csv
iog,pool1lym9xt9e88y2emmlh2nlefyrq933a3eda2xhrvrzxurk7s5h8e7,1,1,275,275,2021-06-21 00:39:44,2021-06-21 00:39:44,legacy/2026-05-20-pre-v2-import/data/raw/iog/delegation_history.csv
iog,pool1m4r66650ugw2xshz3gtred6wdxcn65v48r0r6p4vy64dy276q8h,1,1,250,250,2021-02-16 22:14:42,2021-02-16 22:14:42,legacy/2026-05-20-pre-v2-import/data/raw/iog/delegation_history.csv
iog,pool1m7nt2fdv50gr67fn4feezdtnypzpfdx2vcd6v9qdjr59zvw9pvs,1,1,257,257,2021-03-24 21:04:28,2021-03-24 21:04:28,legacy/2026-05-20-pre-v2-import/data/raw/iog/delegation_history.csv
iog,pool1m7vr5mjsvs82kh5yp95pr9s5wdldf2v8r6rmpv8z57ypxmrkqsa,1,1,249,249,2021-02-12 11:44:57,2021-02-12 11:44:57,legacy/2026-05-20-pre-v2-import/data/raw/iog/delegation_history.csv
iog,pool1mcvq2z34f9cfdmkd97famsh20ekqtndw246ny5e8ug3mxfdf4zq,1,1,247,247,2021-02-03 09:27:47,2021-02-03 09:27:47,legacy/2026-05-20-pre-v2-import/data/raw/iog/delegation_history.csv
iog,pool1me4w8vugzzt5zqaf3kvngpwdzan79algtgyrs70exr0mjghf2he,1,1,210,210,2020-08-01 02:14:51,2020-08-01 02:14:51,legacy/2026-05-20-pre-v2-import/data/raw/iog/delegation_history.csv
iog,pool1meljzszklf23y97ka5sjqwasnel50xe5ar68gz70slm0jmt2wxs,1,2,249,419,2021-02-10 19:26:31,2023-06-13 13:42:43,legacy/2026-05-20-pre-v2-import/data/raw/iog/delegation_history.csv
iog,pool1mfm9nf0fc2wknc94dxyedny3vxtmv4t05arq7czyxsmg7qcy76n,1,1,246,246,2021-01-26 21:49:43,2021-01-26 21:49:43,legacy/2026-05-20-pre-v2-import/data/raw/iog/delegation_history.csv
iog,pool1mgd8j96nt5jfxsyrkhqt4v2k2zhg04pkej0da2uxmcfm5jmp4cy,1,1,245,245,2021-01-25 06:29:14,2021-01-25 06:29:14,legacy/2026-05-20-pre-v2-import/data/raw/iog/delegation_history.csv
iog,pool1mk9k389xy5szdzyc0fpty66fu93rhwnar3202vy0d7w9ue2rycu,1,1,307,307,2021-12-01 01:35:34,2021-12-01 01:35:34,legacy/2026-05-20-pre-v2-import/data/raw/iog/delegation_history.csv
iog,pool1mkprng8gaw4uzkd0x9ppjw5y52gv2qnwuet9dtvmdy6fkjuv9u3,1,1,421,421,2023-06-22 08:13:36,2023-06-22 08:13:36,legacy/2026-05-20-pre-v2-import/data/raw/iog/delegation_history.csv
iog,pool1mldur87x0z7j5wrfw0uh04twv0jem4c0cafsl3lhexfnka2ngxh,1,2,210,213,2020-07-31 18:56:31,2020-08-15 11:30:46,legacy/2026-05-20-pre-v2-import/data/raw/iog/delegation_history.csv
iog,pool1mn6relcs7dn2fqzfq5yjlwxa49d900p5sdpw62jlx45k2djgwe4,1,1,571,571,2025-07-13 14:54:50,2025-07-13 14:54:50,legacy/2026-05-20-pre-v2-import/data/raw/iog/delegation_history.csv
iog,pool1mnalcegg8lv2rkf3hqnwva2fxg75j3hs9mdzqc3tvxpjzcpmvcc,1,1,252,252,2021-02-24 21:51:57,2021-02-24 21:51:57,legacy/2026-05-20-pre-v2-import/data/raw/iog/delegation_history.csv
iog,pool1mnhywmx87p5dlsk86szshumnn5pljdnacr0e8zsq2v32ckh5wyf,1,1,270,270,2021-05-27 22:42:53,2021-05-27 22:42:53,legacy/2026-05-20-pre-v2-import/data/raw/iog/delegation_history.csv
iog,pool1mq2q0fjekk5lt8j2krryf5rvwx5z4l5l0r6afhhj0mtg23ylyuk,1,1,449,449,2023-11-10 03:21:03,2023-11-10 03:21:03,legacy/2026-05-20-pre-v2-import/data/raw/iog/delegation_history.csv
iog,pool1mtxmk0skqkr5y0wxnxps4n35j6wn9q8dfr82y423vvlp53vccux,1,1,398,398,2023-02-27 19:07:33,2023-02-27 19:07:33,legacy/2026-05-20-pre-v2-import/data/raw/iog/delegation_history.csv
iog,pool1mugxe86p0p6fzeesthdzkuk3h9xtndf4my9cznmxtmpvujzlw4f,1,1,210,210,2020-08-01 23:15:51,2020-08-01 23:15:51,legacy/2026-05-20-pre-v2-import/data/raw/iog/delegation_history.csv
iog,pool1munms54eag8ul80zm9gprjjachydm0ex52vjfzsrcjwpcdavcdd,1,1,316,316,2022-01-11 14:26:02,2022-01-11 14:26:02,legacy/2026-05-20-pre-v2-import/data/raw/iog/delegation_history.csv
iog,pool1muqaevafaztxkcmkumndhpeellmjedmf5w63w3ek2g965mp6ne7,1,5,247,263,2021-01-31 20:59:17,2021-04-25 20:10:35,legacy/2026-05-20-pre-v2-import/data/raw/iog/delegation_history.csv
iog,pool1n353xqapcq8wtyskm8cj4g04t8rv03lteyl30c42zug7kzv8vqz,1,2,281,305,2021-07-20 02:09:54,2021-11-17 01:37:09,legacy/2026-05-20-pre-v2-import/data/raw/iog/delegation_history.csv
iog,pool1n38p88x37klt80cg4qhgps7786svg5aupg0xejuvernhz84wwsj,1,1,306,306,2021-11-25 22:28:39,2021-11-25 22:28:39,legacy/2026-05-20-pre-v2-import/data/raw/iog/delegation_history.csv
iog,pool1n3sjq3qvu5vvcd6aud6ndcwq7r3ghmkafcg60gznlwfrk2ucxku,1,1,407,407,2023-04-11 01:56:58,2023-04-11 01:56:58,legacy/2026-05-20-pre-v2-import/data/raw/iog/delegation_history.csv
iog,pool1n407tju6ysxeh5phal6pcqkcku3wzacxpreua292ms04xzraq6n,1,1,260,260,2021-04-07 20:41:33,2021-04-07 20:41:33,legacy/2026-05-20-pre-v2-import/data/raw/iog/delegation_history.csv
iog,pool1n4fq4gw6snzqjep3pylj8dc6aaa4xgn78gl58k360dqdw6a58g8,1,1,256,256,2021-03-16 23:51:48,2021-03-16 23:51:48,legacy/2026-05-20-pre-v2-import/data/raw/iog/delegation_history.csv
iog,pool1n5kljtvdhg29vrhr6uefqk76dpepzfwuvsw8zd0z5yqfuqj7x8a,1,1,211,211,2020-08-03 21:52:31,2020-08-03 21:52:31,legacy/2026-05-20-pre-v2-import/data/raw/iog/delegation_history.csv
iog,pool1n6qqnvjfzskcq9zdld5pnp8q3ktd28pqsh5tkmvarqcayr76puv,1,1,247,247,2021-02-03 17:50:37,2021-02-03 17:50:37,legacy/2026-05-20-pre-v2-import/data/raw/iog/delegation_history.csv
iog,pool1n73klrhjp7ez9fxvzkwpfk96xd6752urpyu9nncqdw93jdu07s0,1,1,253,253,2021-03-03 00:29:29,2021-03-03 00:29:29,legacy/2026-05-20-pre-v2-import/data/raw/iog/delegation_history.csv
iog,pool1nc8vcafsgemc2jx7mmze3sppakahrl4z5qqauw6znr93jfyqv6j,1,1,252,252,2021-02-24 21:58:12,2021-02-24 21:58:12,legacy/2026-05-20-pre-v2-import/data/raw/iog/delegation_history.csv
iog,pool1nchr83fc0hrykvhlnh64n3wlt5vkdu727xjep59znrwzs589jdd,1,2,276,278,2021-06-24 22:54:45,2021-07-06 07:31:52,legacy/2026-05-20-pre-v2-import/data/raw/iog/delegation_history.csv
iog,pool1ndtsklata6rphamr6jw2p3ltnzayq3pezhg0djvn7n5js8rqlzh,1,1,234,234,2020-11-30 21:15:41,2020-11-30 21:15:41,legacy/2026-05-20-pre-v2-import/data/raw/iog/delegation_history.csv
iog,pool1nfdx3fdeng9cs4pz6ug3lm6phc4vxy5n8tvah88sjf3rjv3tr63,1,1,231,231,2020-11-12 20:09:03,2020-11-12 20:09:03,legacy/2026-05-20-pre-v2-import/data/raw/iog/delegation_history.csv
iog,pool1nhhsh9yhlrvj9e3nce0zpx0xm2xlt6tx7gqakhr6hjc8wy84sat,1,1,550,550,2025-03-27 15:53:28,2025-03-27 15:53:28,legacy/2026-05-20-pre-v2-import/data/raw/iog/delegation_history.csv
iog,pool1nj6ywxadn9uky0fj457pflc5kdq0q3hz5ke6ut3u3at4k6uucv2,1,2,250,297,2021-02-16 22:28:23,2021-10-11 02:53:01,legacy/2026-05-20-pre-v2-import/data/raw/iog/delegation_history.csv
iog,pool1nl74emh67vuyt8cgv6gwhjnrctxgrpqlrdzznj4l3lh5j8lj3ah,1,1,250,250,2021-02-15 09:40:17,2021-02-15 09:40:17,legacy/2026-05-20-pre-v2-import/data/raw/iog/delegation_history.csv
iog,pool1nnfwte5lhr8rxjye4a8m8krt5fsu6fs2g39g6ccq09nqqf8sekw,1,1,211,211,2020-08-08 00:41:31,2020-08-08 00:41:31,legacy/2026-05-20-pre-v2-import/data/raw/iog/delegation_history.csv
iog,pool1nusynxpeg9u8ea7s9snmc7cf25apfk0guzdu4dwxz0uwjr378xt,1,1,265,265,2021-04-30 22:51:50,2021-04-30 22:51:50,legacy/2026-05-20-pre-v2-import/data/raw/iog/delegation_history.csv
iog,pool1nzws82fwk9wcvjgqf2wvq4v2ay929tpspy677xa9z82lquhhazn,1,2,237,240,2020-12-16 14:39:51,2020-12-29 15:59:31,legacy/2026-05-20-pre-v2-import/data/raw/iog/delegation_history.csv
iog,pool1p42f6kw9lkgw5tn77kqyrc22zrs4uq298p468gacwzw6gq0ckq2,1,1,267,267,2021-05-12 02:26:41,2021-05-12 02:26:41,legacy/2026-05-20-pre-v2-import/data/raw/iog/delegation_history.csv
iog,pool1p6x3d9ztfeljqcww8zdt9crdtsvsqszdhf56qwvg32elsy8e38v,1,1,275,275,2021-06-22 14:38:17,2021-06-22 14:38:17,legacy/2026-05-20-pre-v2-import/data/raw/iog/delegation_history.csv
iog,pool1pdsnzs8aft7hfq3xcmvgltt9vmncwsvsw955p29nra8g5hves4x,1,1,260,260,2021-04-10 04:43:50,2021-04-10 04:43:50,legacy/2026-05-20-pre-v2-import/data/raw/iog/delegation_history.csv
iog,pool1pfdd8d8n7jx0xnk4uev3x36se87c747w6l2d5x7fanh5w9evhw2,1,1,253,253,2021-03-03 07:48:03,2021-03-03 07:48:03,legacy/2026-05-20-pre-v2-import/data/raw/iog/delegation_history.csv
iog,pool1pgdw8zfuwjkqhkl5fycfkdplkwqkmwvx7gsr2rkvvpnf23wwg8r,1,1,247,247,2021-01-31 21:00:37,2021-01-31 21:00:37,legacy/2026-05-20-pre-v2-import/data/raw/iog/delegation_history.csv
iog,pool1pgnhp0rwruxw8mz7z2k5273dyqn4aqpujmd6lqgf3dt5z333a9w,1,1,210,210,2020-08-03 03:40:51,2020-08-03 03:40:51,legacy/2026-05-20-pre-v2-import/data/raw/iog/delegation_history.csv
iog,pool1pgx683rwwxe2g8j7kdufmaz075fd4gvsj8c7cuwjwa6ecm7nnm2,1,1,252,252,2021-02-26 07:58:51,2021-02-26 07:58:51,legacy/2026-05-20-pre-v2-import/data/raw/iog/delegation_history.csv
iog,pool1ps39v4j035ejzrga2qt56cfhjuwx38wved8rd0mujtyh6r5mt3c,1,1,211,211,2020-08-07 10:32:51,2020-08-07 10:32:51,legacy/2026-05-20-pre-v2-import/data/raw/iog/delegation_history.csv
iog,pool1pvu2zdexh8wr4ggmuz90jvqrua6an43qj9m9urs785p8kwjzqwl,1,1,210,210,2020-07-31 04:08:51,2020-07-31 04:08:51,legacy/2026-05-20-pre-v2-import/data/raw/iog/delegation_history.csv
iog,pool1pxw4z2m0lmw422hr32dwyy3uz9436g8p7qdmg2sl2w0m5pyk3yn,1,1,254,254,2021-03-10 23:14:15,2021-03-10 23:14:15,legacy/2026-05-20-pre-v2-import/data/raw/iog/delegation_history.csv
iog,pool1py2uxkvuj926h42s40wxl26dh0ggaq882v4m0hkd99m86vzmwnz,1,1,242,242,2021-01-09 07:09:13,2021-01-09 07:09:13,legacy/2026-05-20-pre-v2-import/data/raw/iog/delegation_history.csv
iog,pool1q2df2q5mra65jwt7uy7ll8yt25dvnvh43zm2e20w0gxtxh896gt,1,1,212,212,2020-08-13 13:29:51,2020-08-13 13:29:51,legacy/2026-05-20-pre-v2-import/data/raw/iog/delegation_history.csv
iog,pool1q7ukp0ajfusagaqy8arsxnkk97yl3tqa8aal3sts5tw8kuq4jlw,1,1,210,210,2020-07-31 16:38:51,2020-07-31 16:38:51,legacy/2026-05-20-pre-v2-import/data/raw/iog/delegation_history.csv
iog,pool1qaxrj6n50naglqmzj5puq5sd0awgy9wnqmykpwmcah4vzhndpve,1,1,451,451,2023-11-21 04:35:16,2023-11-21 04:35:16,legacy/2026-05-20-pre-v2-import/data/raw/iog/delegation_history.csv
iog,pool1qcdw8uk5d9ehldhccy926u886qhr07xa354yrkamdde0qku53nx,1,1,218,218,2020-09-12 12:13:05,2020-09-12 12:13:05,legacy/2026-05-20-pre-v2-import/data/raw/iog/delegation_history.csv
iog,pool1qg0g6hv2e50wevkqj34g0cya4f9audctayzp8wqwhxtdjnhn3tt,1,1,258,258,2021-03-29 13:14:39,2021-03-29 13:14:39,legacy/2026-05-20-pre-v2-import/data/raw/iog/delegation_history.csv
iog,pool1qhs3cf9ymc2nvmrd2j8cs36cj9jdqgnqk6s9ngyvy2lz5s8rak8,1,1,538,538,2025-01-26 00:17:15,2025-01-26 00:17:15,legacy/2026-05-20-pre-v2-import/data/raw/iog/delegation_history.csv
iog,pool1qlxxw3zlgx0kgv2cel0n6z3a6yjs0w8grwtp5xwna8fm2g5tsda,1,1,250,250,2021-02-16 22:06:11,2021-02-16 22:06:11,legacy/2026-05-20-pre-v2-import/data/raw/iog/delegation_history.csv
iog,pool1qn2ttstgt94fuqp5wev9ja6cr7k3q29r9v65fgdtp5jtk0uxs37,1,1,216,216,2020-08-30 16:49:03,2020-08-30 16:49:03,legacy/2026-05-20-pre-v2-import/data/raw/iog/delegation_history.csv
iog,pool1qp7ge7rwk8ht63v8z6vkyw3g8em5qr5k0z0l6ta8mxjtzx4dzy8,1,1,261,261,2021-04-11 02:29:01,2021-04-11 02:29:01,legacy/2026-05-20-pre-v2-import/data/raw/iog/delegation_history.csv
iog,pool1qprj52nh0j32p5vq290rludcfz58kujyszt5ztfvj2ymx43649f,1,1,250,250,2021-02-18 19:58:33,2021-02-18 19:58:33,legacy/2026-05-20-pre-v2-import/data/raw/iog/delegation_history.csv
iog,pool1qpuzf5kcxrmuf6qg2nnu9cs7hj2d6ke3fwz58l7rlefcy50caaa,1,1,212,212,2020-08-13 06:55:31,2020-08-13 06:55:31,legacy/2026-05-20-pre-v2-import/data/raw/iog/delegation_history.csv
iog,pool1qqq6qzgsa8n2uvy7pusk4fnxnwd8zx7xylycednw3ugmqxk9mps,1,1,210,210,2020-07-30 00:56:51,2020-07-30 00:56:51,legacy/2026-05-20-pre-v2-import/data/raw/iog/delegation_history.csv
iog,pool1qqqq58jy30weq2an3px3maljdmawcwh6ml4hr8m9euq9z2n7wyz,1,1,224,224,2020-10-07 21:52:04,2020-10-07 21:52:04,legacy/2026-05-20-pre-v2-import/data/raw/iog/delegation_history.csv
iog,pool1qqqqwg5y9jj6uet4amx3mkmzneaxrlhczmpz5admlvddgyhtnug,1,1,211,211,2020-08-05 18:20:31,2020-08-05 18:20:31,legacy/2026-05-20-pre-v2-import/data/raw/iog/delegation_history.csv
iog,pool1qqqrutr85x04emqsnlacgz6drtzpvp8v3kmlkw8gpnzry67qeuz,1,1,210,210,2020-07-30 00:28:11,2020-07-30 00:28:11,legacy/2026-05-20-pre-v2-import/data/raw/iog/delegation_history.csv
iog,pool1qrcuca3cuqye7zgnzceagjzmdxmft648zk4l5jtzutr65g8j9ax,1,1,245,245,2021-01-23 22:47:43,2021-01-23 22:47:43,legacy/2026-05-20-pre-v2-import/data/raw/iog/delegation_history.csv
iog,pool1qtrmcca06yuu5tm9zfv6hantkm2xqhl24hnmg8knmx7pjt2cw7m,1,3,332,509,2022-04-05 02:07:11,2024-09-05 13:17:22,legacy/2026-05-20-pre-v2-import/data/raw/iog/delegation_history.csv
iog,pool1qu09ve95eqz4mgygn8a85jhhpce6578lvfvs3ltv5flt5xv66vk,1,1,296,296,2021-10-03 18:55:19,2021-10-03 18:55:19,legacy/2026-05-20-pre-v2-import/data/raw/iog/delegation_history.csv
iog,pool1qu48wpwwarmkewhlwge9xs87sgt8gdnqq26nnre2v6c8up4fxwr,1,1,247,247,2021-02-04 11:38:32,2021-02-04 11:38:32,legacy/2026-05-20-pre-v2-import/data/raw/iog/delegation_history.csv
iog,pool1qvudfuw9ar47up5fugs53s2g84q3c4v86z4es6uwsfzzs89rwha,1,1,370,370,2022-10-09 15:38:53,2022-10-09 15:38:53,legacy/2026-05-20-pre-v2-import/data/raw/iog/delegation_history.csv
iog,pool1qzphrndnev2rxx6ve5a6cd5jwjgx5fkg5qrqf6dj0pvfq92qgsk,1,1,249,249,2021-02-11 01:47:45,2021-02-11 01:47:45,legacy/2026-05-20-pre-v2-import/data/raw/iog/delegation_history.csv
iog,pool1r5srulgd6gpav0sympqrkt9f4ykl06lh9sgk0p20r54v7759kws,1,1,323,323,2022-02-19 20:49:14,2022-02-19 20:49:14,legacy/2026-05-20-pre-v2-import/data/raw/iog/delegation_history.csv
iog,pool1r7l3z2wd4c9zra9e702maavxym7y385lpx328mm29flc7jw9c02,1,1,358,358,2022-08-13 04:31:30,2022-08-13 04:31:30,legacy/2026-05-20-pre-v2-import/data/raw/iog/delegation_history.csv
iog,pool1r8zkh6zns7rtpvwa466qf8a0dgqd7r9zmu27qkcyw25xv46y97s,1,1,324,324,2022-02-23 11:39:05,2022-02-23 11:39:05,legacy/2026-05-20-pre-v2-import/data/raw/iog/delegation_history.csv
iog,pool1r9qyjstrc050njg8lm7wxy5874mgu322vyljntdsm5qgxvjcewv,1,1,235,235,2020-12-06 02:01:14,2020-12-06 02:01:14,legacy/2026-05-20-pre-v2-import/data/raw/iog/delegation_history.csv
iog,pool1ra0j0teuuclcsda23w5cjsu8w8tnce7q7us4fdugl24j5f909lt,1,2,214,221,2020-08-21 10:46:56,2020-09-23 13:56:34,legacy/2026-05-20-pre-v2-import/data/raw/iog/delegation_history.csv
iog,pool1rcj4kw3nepfpwr6s2tzgq3x3emw45n9w58063j98h38rse482k0,1,1,212,212,2020-08-09 17:51:31,2020-08-09 17:51:31,legacy/2026-05-20-pre-v2-import/data/raw/iog/delegation_history.csv
iog,pool1rcq8vnrl52890nvt0300w7rgqkuk4az98kd9zcvu43agk3u84ms,1,1,268,268,2021-05-16 01:37:01,2021-05-16 01:37:01,legacy/2026-05-20-pre-v2-import/data/raw/iog/delegation_history.csv
iog,pool1rdlpngqqd54x2ek7s9m8hl5yrc7dx5mlm9wtdqatldm5jfrcgqt,1,1,235,235,2020-12-02 02:13:12,2020-12-02 02:13:12,legacy/2026-05-20-pre-v2-import/data/raw/iog/delegation_history.csv
iog,pool1rj8zkzk3dm0lmnjtafczqfp8sshmang8gg85eypjeh2e6cve0vl,1,2,221,226,2020-09-23 10:04:14,2020-10-21 10:19:32,legacy/2026-05-20-pre-v2-import/data/raw/iog/delegation_history.csv
iog,pool1rjggcpcsr7wfnt4rl67yra2k658yqc9y6h3zzkaq5x9r766zlz7,1,1,289,289,2021-09-01 07:11:10,2021-09-01 07:11:10,legacy/2026-05-20-pre-v2-import/data/raw/iog/delegation_history.csv
iog,pool1rpcweq9gcqlr27s6wjm67djmm2f2l5a72zusp3f25344kaxuqcd,1,1,248,248,2021-02-09 13:40:14,2021-02-09 13:40:14,legacy/2026-05-20-pre-v2-import/data/raw/iog/delegation_history.csv
iog,pool1rq6c8ntlsh2xl3le0utg4fpxqhag7fdlpzdykcld7dh9gtz8fxt,1,1,262,262,2021-04-18 04:19:21,2021-04-18 04:19:21,legacy/2026-05-20-pre-v2-import/data/raw/iog/delegation_history.csv
iog,pool1rqgf6qd0p3wyf9dxf2w7qcddvgg4vu56l35ez2xqemhqun2gn7y,1,1,251,251,2021-02-24 15:17:09,2021-02-24 15:17:09,legacy/2026-05-20-pre-v2-import/data/raw/iog/delegation_history.csv
iog,pool1rv3f2ctg35ke7t5azmaha6393skhvnhwedh96e6r703tg00wp77,1,1,317,317,2022-01-18 22:30:30,2022-01-18 22:30:30,legacy/2026-05-20-pre-v2-import/data/raw/iog/delegation_history.csv
iog,pool1rwqzqvkykz3xqqqv7k3k5vxswjd64ez7jwfxymdw58xs2xtlx7r,1,1,217,217,2020-09-03 08:02:25,2020-09-03 08:02:25,legacy/2026-05-20-pre-v2-import/data/raw/iog/delegation_history.csv
iog,pool1s09jaeq38rlfp3wtedlc82fwgu7xkl9mv7fqgu87qnggzzrqy6g,1,1,365,365,2022-09-13 15:32:29,2022-09-13 15:32:29,legacy/2026-05-20-pre-v2-import/data/raw/iog/delegation_history.csv
iog,pool1s5la93en4mmj3933c22h8uuysqyl3axt308m45tmg6x673a6fhk,1,1,291,291,2021-09-11 03:59:22,2021-09-11 03:59:22,legacy/2026-05-20-pre-v2-import/data/raw/iog/delegation_history.csv
iog,pool1s6s6eyve0lmc4e0emzf2l68n9ya0rhrpdcq0jmkmmmxv2rkrx42,1,1,249,249,2021-02-12 00:52:38,2021-02-12 00:52:38,legacy/2026-05-20-pre-v2-import/data/raw/iog/delegation_history.csv
iog,pool1sffl322qgsrsmkcedzzwk05396dkmj56pcepqvj6px3n2re3qu4,1,1,210,210,2020-08-02 23:33:31,2020-08-02 23:33:31,legacy/2026-05-20-pre-v2-import/data/raw/iog/delegation_history.csv
iog,pool1sghwg652uwe7ksmk5laxxft58j6km6prahvnddk3s6zgxek5qen,1,1,251,251,2021-02-21 04:30:11,2021-02-21 04:30:11,legacy/2026-05-20-pre-v2-import/data/raw/iog/delegation_history.csv
iog,pool1sjqkktr2uhgpu2tuy8hsz4eupqpup0r79yy83weu3hk22na5c7w,1,1,465,465,2024-01-29 16:54:39,2024-01-29 16:54:39,legacy/2026-05-20-pre-v2-import/data/raw/iog/delegation_history.csv
iog,pool1sm2kmdn4f9rat3kl67y9drqcnnqc34zg4f4ufmnrfaj45gcv89d,1,8,246,323,2021-01-29 15:16:38,2022-02-15 18:48:03,legacy/2026-05-20-pre-v2-import/data/raw/iog/delegation_history.csv
iog,pool1sm5m0qqcjcd2qc4z6e4mxxwkfspptnvpukxy2umnwkm3c345neu,1,1,210,210,2020-07-31 22:35:31,2020-07-31 22:35:31,legacy/2026-05-20-pre-v2-import/data/raw/iog/delegation_history.csv
iog,pool1spqkpaezku3knl9ug7txrlyzr8kkvdr0h75yyz262cx6gls6zlm,1,2,255,255,2021-03-12 00:02:15,2021-03-12 01:45:15,legacy/2026-05-20-pre-v2-import/data/raw/iog/delegation_history.csv
iog,pool1sysgx87cwxnqy0pqn8g97gdhd0dmre9rw3jvpn2k7apuwa7cgkn,1,1,601,601,2025-12-07 17:53:14,2025-12-07 17:53:14,legacy/2026-05-20-pre-v2-import/data/raw/iog/delegation_history.csv
iog,pool1t490d5nsl9v354mrppk4j8hla4n60gxjn206jfaxh4jts93tqpp,1,1,256,256,2021-03-18 19:53:45,2021-03-18 19:53:45,legacy/2026-05-20-pre-v2-import/data/raw/iog/delegation_history.csv
iog,pool1t6tyc9menh5uax38j89jgdyj0maz6e4mgx90n7xkcl7mu8fzqxu,1,1,432,432,2023-08-15 03:51:04,2023-08-15 03:51:04,legacy/2026-05-20-pre-v2-import/data/raw/iog/delegation_history.csv
iog,pool1t8dkgz58qcqlak6nn5l5j4qqwvewwmjx85fxtsykk6w9j2e0ng2,1,1,318,318,2022-01-21 02:59:11,2022-01-21 02:59:11,legacy/2026-05-20-pre-v2-import/data/raw/iog/delegation_history.csv
iog,pool1t9ckjy949dk97prfs6any8xdjyq9du6prnplx06n4fcn5jgukhc,1,1,253,253,2021-03-06 06:05:38,2021-03-06 06:05:38,legacy/2026-05-20-pre-v2-import/data/raw/iog/delegation_history.csv
iog,pool1tcwq7fgekt4qqh09csv9dz3ny0t69hwm9hq7dgua3rxsyk0d9ce,1,1,323,323,2022-02-19 18:18:37,2022-02-19 18:18:37,legacy/2026-05-20-pre-v2-import/data/raw/iog/delegation_history.csv
iog,pool1tdh56dcqs0sjeq4ehfdamlnzvxkrr5zgsysnhlkphzdzwmw4nvw,1,1,462,462,2024-01-12 01:33:53,2024-01-12 01:33:53,legacy/2026-05-20-pre-v2-import/data/raw/iog/delegation_history.csv
iog,pool1tdtzmmmak0tkte2j2hr223dfnqpdy85ypd66tddwywpeuknn2pn,1,1,384,384,2022-12-21 18:55:11,2022-12-21 18:55:11,legacy/2026-05-20-pre-v2-import/data/raw/iog/delegation_history.csv
iog,pool1tez268q6v9afz54csn2lg95kw7yyjykc3px8ry5gwkk656azfnz,1,1,250,250,2021-02-14 22:28:31,2021-02-14 22:28:31,legacy/2026-05-20-pre-v2-import/data/raw/iog/delegation_history.csv
iog,pool1thmyhzux99vty9h4y57dfc6mjwu80na79wyq33trc4z3qem7luu,1,1,213,213,2020-08-18 11:40:46,2020-08-18 11:40:46,legacy/2026-05-20-pre-v2-import/data/raw/iog/delegation_history.csv
iog,pool1tjp3sxlh2v5eeh67utm9flrgan32m4ynem7qdmkrfqanjcgut2e,1,1,274,274,2021-06-15 05:36:25,2021-06-15 05:36:25,legacy/2026-05-20-pre-v2-import/data/raw/iog/delegation_history.csv
iog,pool1tk2ghnep6a4q84e0gcz69kafpmqqea3qpmrenn6pfwkzyn3sul5,1,1,248,248,2021-02-04 22:49:50,2021-02-04 22:49:50,legacy/2026-05-20-pre-v2-import/data/raw/iog/delegation_history.csv
iog,pool1tnmd6aq6rn3ctyqqqw8csvl5vlqncx3fwaqk8rsxsmqn5v9e28n,1,1,525,525,2024-11-22 11:31:46,2024-11-22 11:31:46,legacy/2026-05-20-pre-v2-import/data/raw/iog/delegation_history.csv
iog,pool1tqywsutw3wtgcvzrljdacgwmv5kfzm8f0ladml5frkckccd72gg,1,1,267,267,2021-05-15 14:47:39,2021-05-15 14:47:39,legacy/2026-05-20-pre-v2-import/data/raw/iog/delegation_history.csv
iog,pool1tre4d457z9wpw2sckg98yrc3ppu3ydd07a6h53yvqd77z4h3yh5,1,1,265,265,2021-05-01 21:37:36,2021-05-01 21:37:36,legacy/2026-05-20-pre-v2-import/data/raw/iog/delegation_history.csv
iog,pool1u0u2s080a5plun4acn6s70xa3q98ct7skt88l7w6nnwwyl9ecym,1,1,470,470,2024-02-23 07:08:52,2024-02-23 07:08:52,legacy/2026-05-20-pre-v2-import/data/raw/iog/delegation_history.csv
iog,pool1u32s3ry3vjhqwhcrqz7p5u35cvzrx4tvdwydgvq6qm8720qrg0s,1,1,218,218,2020-09-09 00:45:41,2020-09-09 00:45:41,legacy/2026-05-20-pre-v2-import/data/raw/iog/delegation_history.csv
iog,pool1u3v7s93f2d968a8kce6zgfmckfx56ly626jkml6jv7tgweplrn8,1,1,251,251,2021-02-24 21:32:20,2021-02-24 21:32:20,legacy/2026-05-20-pre-v2-import/data/raw/iog/delegation_history.csv
iog,pool1u53apdhreh9fjmxtrctx3kezhjduc4m2f7cfd09yd7p6jkc6k2z,1,1,361,361,2022-08-25 00:12:55,2022-08-25 00:12:55,legacy/2026-05-20-pre-v2-import/data/raw/iog/delegation_history.csv
iog,pool1udv42vs52wg34268zkfsgtrzuvyskphfavaf3n8tmf4tugm7et0,1,1,253,253,2021-03-06 04:20:24,2021-03-06 04:20:24,legacy/2026-05-20-pre-v2-import/data/raw/iog/delegation_history.csv
iog,pool1ue4ngerz28nkpstsr5p53qvl5ulq3jtmllj4my0d0n28yyrn4l4,1,1,389,389,2023-01-13 11:25:34,2023-01-13 11:25:34,legacy/2026-05-20-pre-v2-import/data/raw/iog/delegation_history.csv
iog,pool1umflj8hjq873fs9r6aq2zvgs88zrs5xjswn2znkdaehlz2eqy59,1,1,264,264,2021-04-29 20:00:31,2021-04-29 20:00:31,legacy/2026-05-20-pre-v2-import/data/raw/iog/delegation_history.csv
iog,pool1umslg2gmre4znj8hsx9x2u4ah4gfw8guv4mjthnjge3k2j5f8cl,1,1,257,257,2021-03-22 05:54:22,2021-03-22 05:54:22,legacy/2026-05-20-pre-v2-import/data/raw/iog/delegation_history.csv
iog,pool1up53z2kadt6l5xs359ckx477rpyvyg3favh25qrhqt2ujclpq3h,1,1,267,267,2021-05-14 12:01:37,2021-05-14 12:01:37,legacy/2026-05-20-pre-v2-import/data/raw/iog/delegation_history.csv
iog,pool1uqehpxy4wst2k5u640wdt9tgmqdd26l0dahgxf3ln70js830xv2,1,1,211,211,2020-08-07 04:26:11,2020-08-07 04:26:11,legacy/2026-05-20-pre-v2-import/data/raw/iog/delegation_history.csv
iog,pool1utqhj9g53a5cwg7tyd8neky7jvjlgzuf470adc0e69cp5uuquzx,1,1,259,259,2021-04-05 08:50:51,2021-04-05 08:50:51,legacy/2026-05-20-pre-v2-import/data/raw/iog/delegation_history.csv
iog,pool1uy8ws63cmz37gaunkhuehynvr4a0yakw2yv0vfjs704326nte98,1,1,212,212,2020-08-09 21:51:51,2020-08-09 21:51:51,legacy/2026-05-20-pre-v2-import/data/raw/iog/delegation_history.csv
iog,pool1v3rzrj25ak30dhuyrupkxeddttetxzh4cz9ccpjlfxuh6d85d58,1,1,440,440,2023-09-25 04:19:34,2023-09-25 04:19:34,legacy/2026-05-20-pre-v2-import/data/raw/iog/delegation_history.csv
iog,pool1vc8jhqtwjrjwsfk6a0enx47hd2ufg98c34ta6lvl0zv0uhpech9,1,2,210,213,2020-07-31 05:03:51,2020-08-14 16:21:31,legacy/2026-05-20-pre-v2-import/data/raw/iog/delegation_history.csv
iog,pool1vdcu0y6ujrwmnv4u50j6upxkjug7cx7zsaynjvgkcm2ycmajelc,1,1,251,251,2021-02-20 19:46:32,2021-02-20 19:46:32,legacy/2026-05-20-pre-v2-import/data/raw/iog/delegation_history.csv
iog,pool1vernpfxctyv20kzhfh65jy6j9pggqu53dk2uhs8vmxkxw57t2fp,1,1,323,323,2022-02-17 03:00:51,2022-02-17 03:00:51,legacy/2026-05-20-pre-v2-import/data/raw/iog/delegation_history.csv
iog,pool1vfayajkdc0gw876lax5va6ygpfpsd8kz73k4y977emm3clnxlm5,1,1,323,323,2022-02-17 22:58:13,2022-02-17 22:58:13,legacy/2026-05-20-pre-v2-import/data/raw/iog/delegation_history.csv
iog,pool1vfk2rjpkjaux6u8waahdz4urv9fucr80uvumvtvxcsddxkny593,1,1,363,363,2022-09-07 08:56:19,2022-09-07 08:56:19,legacy/2026-05-20-pre-v2-import/data/raw/iog/delegation_history.csv
iog,pool1vgcwg06lyydtnukylyxfw8mclr2quc2wuhtlqzvr3ul9jnply9x,1,1,267,267,2021-05-15 01:21:42,2021-05-15 01:21:42,legacy/2026-05-20-pre-v2-import/data/raw/iog/delegation_history.csv
iog,pool1vgn0eerhcs9pfrmftlxjmc2sm0t4vmhrqyma0hk6spc6geahrck,1,1,247,247,2021-02-04 01:48:09,2021-02-04 01:48:09,legacy/2026-05-20-pre-v2-import/data/raw/iog/delegation_history.csv
iog,pool1vkc0dvuf8rxrch87umfayacgglrh8f88ef0f64xrdue5u2xjwfm,1,1,236,236,2020-12-08 15:21:43,2020-12-08 15:21:43,legacy/2026-05-20-pre-v2-import/data/raw/iog/delegation_history.csv
iog,pool1vm3rcng5f729uuhehfq0ael0pw9x9dlukqkdlmk2fnakxt3jxyj,1,1,265,265,2021-05-05 20:25:46,2021-05-05 20:25:46,legacy/2026-05-20-pre-v2-import/data/raw/iog/delegation_history.csv
iog,pool1vpa84enqxhh5hnyypeqfshsgqhnjfzyddgq7z4tfmavh68c9s9p,1,2,262,328,2021-04-19 01:43:32,2022-03-14 20:23:01,legacy/2026-05-20-pre-v2-import/data/raw/iog/delegation_history.csv
iog,pool1vq0zje42hmm83pczyf5w467m76x779glymsk2c7zcm2wgnct4pc,1,1,210,210,2020-08-02 03:42:31,2020-08-02 03:42:31,legacy/2026-05-20-pre-v2-import/data/raw/iog/delegation_history.csv
iog,pool1vsuq3gtdvvsyma3gvz58chk8u4gu5yd03w8ptfks3ttxwpfvf0e,1,1,227,227,2020-10-25 05:20:14,2020-10-25 05:20:14,legacy/2026-05-20-pre-v2-import/data/raw/iog/delegation_history.csv
iog,pool1vtf34mujsfrr8wesg8nvmnupk7npz7f287whltv2ga4wc2728mf,1,1,466,466,2024-02-01 02:08:22,2024-02-01 02:08:22,legacy/2026-05-20-pre-v2-import/data/raw/iog/delegation_history.csv
iog,pool1vvesqladm29fuzrv93px5qse0upw82a579lz9063xsfrz7yef7z,1,9,254,270,2021-03-07 09:10:38,2021-05-28 06:29:43,legacy/2026-05-20-pre-v2-import/data/raw/iog/delegation_history.csv
iog,pool1vvh72z8dktfy2x965w0yp5psmnyv3845pmm37nerhl6jk6m2njw,1,1,248,248,2021-02-08 04:11:39,2021-02-08 04:11:39,legacy/2026-05-20-pre-v2-import/data/raw/iog/delegation_history.csv
iog,pool1w2alpqttaulpukcrz0j902kk8wmq68q9qm50c6npaypk7yypy5a,1,1,365,365,2022-09-14 12:13:13,2022-09-14 12:13:13,legacy/2026-05-20-pre-v2-import/data/raw/iog/delegation_history.csv
iog,pool1w2duw0lk7lxjpfqjguxvtp0znhaqf8l2yvzcfd72l8fuk0h77gy,1,1,521,521,2024-11-01 16:32:31,2024-11-01 16:32:31,legacy/2026-05-20-pre-v2-import/data/raw/iog/delegation_history.csv
iog,pool1w2hc8xqzxpjw7dxwq65krmq79zswvvdmsgs8p04djwt8vm84qmv,1,1,251,251,2021-02-23 03:33:27,2021-02-23 03:33:27,legacy/2026-05-20-pre-v2-import/data/raw/iog/delegation_history.csv
iog,pool1w4k38v33hm00f488leycy7x4r77c6zgax2w30whtrkf4uh9agpy,1,1,323,323,2022-02-15 23:17:33,2022-02-15 23:17:33,legacy/2026-05-20-pre-v2-import/data/raw/iog/delegation_history.csv
iog,pool1w50f20mpxwtal3plsqmgrx2xxlg84hn7ep0fhlcajkhu77k8tfp,1,2,250,270,2021-02-15 05:37:04,2021-05-27 05:06:41,legacy/2026-05-20-pre-v2-import/data/raw/iog/delegation_history.csv
iog,pool1w7pt822hfgw30xnkwpjzz0sr5psejksqdcdw4l0ms33lsgynp2e,1,1,257,257,2021-03-24 19:01:17,2021-03-24 19:01:17,legacy/2026-05-20-pre-v2-import/data/raw/iog/delegation_history.csv
iog,pool1we9umarzn0l6jp8mcm98y28lxuuzcurzpjldnjwtgdhgw068mnr,1,1,594,594,2025-11-05 14:03:52,2025-11-05 14:03:52,legacy/2026-05-20-pre-v2-import/data/raw/iog/delegation_history.csv
iog,pool1whzghlghkuqn8qf3ehpm3a4rugv0xxmgzau43zqer2awy2rngef,1,1,248,248,2021-02-05 22:03:43,2021-02-05 22:03:43,legacy/2026-05-20-pre-v2-import/data/raw/iog/delegation_history.csv
iog,pool1wn5cmtuzkgqfnh6htjplu7uleq5qxk4thc6wtm2fjrgmspqutaj,1,1,367,367,2022-09-24 06:39:24,2022-09-24 06:39:24,legacy/2026-05-20-pre-v2-import/data/raw/iog/delegation_history.csv
iog,pool1wsr9ehtfvc4cs3rzfv65jjv7w7pe3xngw58mtt0ex4jck5frw79,1,1,255,255,2021-03-16 01:44:14,2021-03-16 01:44:14,legacy/2026-05-20-pre-v2-import/data/raw/iog/delegation_history.csv
iog,pool1wts9wudkagw3dtryqszqwwma50hn4llav48axwpqkpg9v09pq4z,1,1,260,260,2021-04-06 02:26:57,2021-04-06 02:26:57,legacy/2026-05-20-pre-v2-import/data/raw/iog/delegation_history.csv
iog,pool1ww2x7t5u6vvfs0z7s34p6hcts29ynytgvxnw5szmqazhcq928vp,1,1,235,235,2020-12-02 21:30:03,2020-12-02 21:30:03,legacy/2026-05-20-pre-v2-import/data/raw/iog/delegation_history.csv
iog,pool1ww8szkqd5mxajl5yf7csff30su5k23g9dk24npwkvp8rvdsn3l9,1,1,222,222,2020-09-28 07:58:23,2020-09-28 07:58:23,legacy/2026-05-20-pre-v2-import/data/raw/iog/delegation_history.csv
iog,pool1wxusu5xzdz8hmjsr450ur3hrdrehv3fxmhxppgra2fprqnjftwd,1,1,369,369,2022-10-07 10:22:21,2022-10-07 10:22:21,legacy/2026-05-20-pre-v2-import/data/raw/iog/delegation_history.csv
iog,pool1x2h98z6e5xvrg5zw3v3dlu8hqdtj6lhp6r3w5ge7rvcqcx3pafq,1,1,234,234,2020-12-01 01:34:01,2020-12-01 01:34:01,legacy/2026-05-20-pre-v2-import/data/raw/iog/delegation_history.csv
iog,pool1x3wuw3ungmrq5padffsqne82fx5uesy6dc2qmj83xyanq4rgnz0,1,1,225,225,2020-10-16 20:12:05,2020-10-16 20:12:05,legacy/2026-05-20-pre-v2-import/data/raw/iog/delegation_history.csv
iog,pool1x8ujs98g90dchw8kvu7u8jzntdh656u376fv7rv62e84jmznsr9,1,1,217,217,2020-09-07 08:06:49,2020-09-07 08:06:49,legacy/2026-05-20-pre-v2-import/data/raw/iog/delegation_history.csv
iog,pool1x8z226hvsvw6l80f5qu0j6qlqustjcudna30pvk54tgqwd8lche,1,1,372,372,2022-10-19 14:15:45,2022-10-19 14:15:45,legacy/2026-05-20-pre-v2-import/data/raw/iog/delegation_history.csv
iog,pool1x9l9avk84wwu062687eel4jcdlt8t3ud27tq6rc0ulp9yq4p2v9,1,2,216,230,2020-09-02 03:56:52,2020-11-11 12:35:39,legacy/2026-05-20-pre-v2-import/data/raw/iog/delegation_history.csv
iog,pool1x9q4jf3zwftwygeeulku8xtlywmtmzwxjk2g3fz3j5mlwjqnr3p,1,1,354,354,2022-07-22 15:39:59,2022-07-22 15:39:59,legacy/2026-05-20-pre-v2-import/data/raw/iog/delegation_history.csv
iog,pool1xa5ra6y09xq20hp3msdxxlmtd2gghsz4w2xm6ut5j8f62c7avv8,1,2,251,262,2021-02-21 02:24:16,2021-04-20 16:27:14,legacy/2026-05-20-pre-v2-import/data/raw/iog/delegation_history.csv
iog,pool1xc4lghvqtllp7jqql7c5vjqp5qfqnp6de3rwvrxvv9nukn200fv,1,1,249,249,2021-02-14 19:14:13,2021-02-14 19:14:13,legacy/2026-05-20-pre-v2-import/data/raw/iog/delegation_history.csv
iog,pool1xg45qcpkd2nutsr8kz8r00myly65gnvqdkejfa7r32g65zl68as,1,1,336,336,2022-04-23 05:16:12,2022-04-23 05:16:12,legacy/2026-05-20-pre-v2-import/data/raw/iog/delegation_history.csv
iog,pool1xk3ck79lra9c9x5c684lylvg8vlexmh0eh7w90t6s0zvw6k5vn7,1,1,250,250,2021-02-16 22:12:05,2021-02-16 22:12:05,legacy/2026-05-20-pre-v2-import/data/raw/iog/delegation_history.csv
iog,pool1xl208zapjg640pwk94ay8l5wk6ulfxfz6uhsw5uxlun6kxjvh8u,1,1,261,261,2021-04-11 10:43:13,2021-04-11 10:43:13,legacy/2026-05-20-pre-v2-import/data/raw/iog/delegation_history.csv
iog,pool1xmftxwzqqkug8uzl2n2yvxhm6k0tx4rjtel92wjgvrlfk0uqy8c,1,1,211,211,2020-08-07 00:26:51,2020-08-07 00:26:51,legacy/2026-05-20-pre-v2-import/data/raw/iog/delegation_history.csv
iog,pool1xnd57s77mw76wv2xhe0uatrm82qtdugq623rxszygys428a6aqp,1,1,258,258,2021-03-29 12:48:11,2021-03-29 12:48:11,legacy/2026-05-20-pre-v2-import/data/raw/iog/delegation_history.csv
iog,pool1xsfw7mrqpfgf9ay060ugp46m2eh3uydd35lw9ychcnsrk7mar8l,1,2,279,304,2021-07-12 08:21:48,2021-11-12 09:09:45,legacy/2026-05-20-pre-v2-import/data/raw/iog/delegation_history.csv
iog,pool1xsyl4mgg08httw4mw7z2tjnzm839e7rh8es5sngwqmvgq2qk235,1,1,235,235,2020-12-02 01:19:45,2020-12-02 01:19:45,legacy/2026-05-20-pre-v2-import/data/raw/iog/delegation_history.csv
iog,pool1xt7mjrtnsew3v33lu8sf93upf20sxhmcrfnpm82ra46yxk7uy45,1,1,429,429,2023-08-03 08:59:57,2023-08-03 08:59:57,legacy/2026-05-20-pre-v2-import/data/raw/iog/delegation_history.csv
iog,pool1xt8ap3qu32mxan6kahesqx5kek4lw52u5hqp2zpsdgskca56ahe,1,1,225,225,2020-10-13 13:31:52,2020-10-13 13:31:52,legacy/2026-05-20-pre-v2-import/data/raw/iog/delegation_history.csv
iog,pool1xwqye6mlftwjg706acz5fjqz7gmf4qdye99zsjl03a4ru68ghee,1,1,213,213,2020-08-14 11:48:33,2020-08-14 11:48:33,legacy/2026-05-20-pre-v2-import/data/raw/iog/delegation_history.csv
iog,pool1y0d0lthqzxs82q0y3z3jk99pjav7s7agpefdaxqxuz407r5f7m3,1,2,325,325,2022-02-25 00:31:51,2022-02-28 09:48:40,legacy/2026-05-20-pre-v2-import/data/raw/iog/delegation_history.csv
iog,pool1y24nj4qdkg35nvvnfawukauggsxrxuy74876cplmxsee29w5axc,1,1,524,524,2024-11-16 16:00:29,2024-11-16 16:00:29,legacy/2026-05-20-pre-v2-import/data/raw/iog/delegation_history.csv
iog,pool1y44fkeps7ftnnf495a7grfrwtt7hxcntaenyzu4x4vah5cud0mt,1,1,249,249,2021-02-12 12:06:24,2021-02-12 12:06:24,legacy/2026-05-20-pre-v2-import/data/raw/iog/delegation_history.csv
iog,pool1y5vdjz0g88h8m4m4eye3w2jch0pn88k0p44005g5dd05wr2f8vn,1,1,255,255,2021-03-13 08:57:21,2021-03-13 08:57:21,legacy/2026-05-20-pre-v2-import/data/raw/iog/delegation_history.csv
iog,pool1y7cmg3cvsndh3nsll0llw7asdz4mferag09kqzw24g6jx2ce5ws,1,1,323,323,2022-02-18 12:16:11,2022-02-18 12:16:11,legacy/2026-05-20-pre-v2-import/data/raw/iog/delegation_history.csv
iog,pool1y9tz9enfcrcvpxpga3qspfxx3xclns2g74ptqxftdmgq6ghyrn0,1,1,210,210,2020-07-31 18:23:51,2020-07-31 18:23:51,legacy/2026-05-20-pre-v2-import/data/raw/iog/delegation_history.csv
iog,pool1yaapy9ew5cs3qvv69zxxwq8pn3jk8cylt9k7s4ejvv2tsu4czh2,1,2,313,325,2021-12-28 13:29:45,2022-03-01 12:40:24,legacy/2026-05-20-pre-v2-import/data/raw/iog/delegation_history.csv
iog,pool1yayk5ynr2ly74szrc4n4zprx0wwn2zwhjaa88hsccwku5qa4mzd,1,1,212,212,2020-08-09 17:46:51,2020-08-09 17:46:51,legacy/2026-05-20-pre-v2-import/data/raw/iog/delegation_history.csv
iog,pool1yd6syfzp0868rtv8xcft03kzw0a4sqrvt0rtywuj2k4lcrtputx,1,2,267,267,2021-05-11 16:44:11,2021-05-13 18:32:16,legacy/2026-05-20-pre-v2-import/data/raw/iog/delegation_history.csv
iog,pool1yd8c34rhfr9daa5vgwzncsgpyx34l4ttstmhegp3ux24gujl55s,1,1,388,388,2023-01-10 19:22:27,2023-01-10 19:22:27,legacy/2026-05-20-pre-v2-import/data/raw/iog/delegation_history.csv
iog,pool1ydmetputlff49n9ry5qjupemx3xwxdapm46je574afxdcy0907y,1,1,216,216,2020-08-29 05:27:34,2020-08-29 05:27:34,legacy/2026-05-20-pre-v2-import/data/raw/iog/delegation_history.csv
iog,pool1ydz2znwyh3409v55r3psgc70w2ykvqjkkagx3f5ep96vgp0vlmr,1,1,251,251,2021-02-23 15:17:46,2021-02-23 15:17:46,legacy/2026-05-20-pre-v2-import/data/raw/iog/delegation_history.csv
iog,pool1ye4zrxf0w7d7drq5wmat36dlzq270dxy9rhgcwufnaja644vwr9,1,1,267,267,2021-05-11 00:14:55,2021-05-11 00:14:55,legacy/2026-05-20-pre-v2-import/data/raw/iog/delegation_history.csv
iog,pool1yenqraf3znn07qmvtd8wg23fymsr0vsme7ry2475r48vk6ss0z2,1,1,256,256,2021-03-20 02:35:45,2021-03-20 02:35:45,legacy/2026-05-20-pre-v2-import/data/raw/iog/delegation_history.csv
iog,pool1ygsyw93csvam58nf63gttknj9dvj3zxh54h4eh0kals7kdf0nx6,1,2,307,323,2021-11-30 04:03:34,2022-02-15 08:55:21,legacy/2026-05-20-pre-v2-import/data/raw/iog/delegation_history.csv
iog,pool1yl9plldxt500xfkfu6n3wggvnzcs5rshjyxq4dkea6m0kt7qg9v,1,2,407,407,2023-04-13 09:32:19,2023-04-13 09:34:11,legacy/2026-05-20-pre-v2-import/data/raw/iog/delegation_history.csv
iog,pool1ymfwzsxt35g3gdgp67yr688456km59twr78j05e87y94w04tj9m,1,1,252,252,2021-02-25 17:01:48,2021-02-25 17:01:48,legacy/2026-05-20-pre-v2-import/data/raw/iog/delegation_history.csv
iog,pool1yq8xwvf856x3nyj348ghhwegwl8ggq87gjlp6wgy9ms9xznny84,1,1,256,256,2021-03-18 17:59:02,2021-03-18 17:59:02,legacy/2026-05-20-pre-v2-import/data/raw/iog/delegation_history.csv
iog,pool1yrtj6js86tse28varme8k6at8jqsg3xkv7cn8pl2azwhwdtujgl,1,1,242,242,2021-01-05 21:50:03,2021-01-05 21:50:03,legacy/2026-05-20-pre-v2-import/data/raw/iog/delegation_history.csv
iog,pool1yv4s4v3rjgzfwj4zxm8sy24e2vq6zaexp8eudyrk9rx7yhwaxke,1,1,291,291,2021-09-12 19:47:10,2021-09-12 19:47:10,legacy/2026-05-20-pre-v2-import/data/raw/iog/delegation_history.csv
iog,pool1yz3fnqnsqhqpkc2tjqn4dkws8nnr8a5kcs50g780nh0wk8tgnp2,1,1,211,211,2020-08-05 12:42:11,2020-08-05 12:42:11,legacy/2026-05-20-pre-v2-import/data/raw/iog/delegation_history.csv
iog,pool1z033qtxzsn7c9az4fzz8z0ewnynzcuq2dy54v6tfyqz5vfjkmv0,1,1,214,214,2020-08-23 20:32:21,2020-08-23 20:32:21,legacy/2026-05-20-pre-v2-import/data/raw/iog/delegation_history.csv
iog,pool1z5h4jhmhqrd2ndrhn3w7kr8nvcqwunds53hrs6vpzr882x4n3la,1,1,253,253,2021-03-04 06:13:24,2021-03-04 06:13:24,legacy/2026-05-20-pre-v2-import/data/raw/iog/delegation_history.csv
iog,pool1zg0s9m7pzxmxkrgdh9k6cfc8aqqxwp53whs7nnx274m8xhdszkj,1,1,210,210,2020-08-02 21:25:31,2020-08-02 21:25:31,legacy/2026-05-20-pre-v2-import/data/raw/iog/delegation_history.csv
iog,pool1zlay6evs7sf7td5e46xgt8pjaap8a9dcrut8ux3dc0p0zsku8zp,1,1,292,292,2021-09-15 15:56:10,2021-09-15 15:56:10,legacy/2026-05-20-pre-v2-import/data/raw/iog/delegation_history.csv
iog,pool1zsyqzr04g5pr3nv7vfk8ldc3uf0xljc8yftdsqpxxqpychpxj65,1,1,210,210,2020-07-30 00:01:11,2020-07-30 00:01:11,legacy/2026-05-20-pre-v2-import/data/raw/iog/delegation_history.csv
iog,pool1zwftnuzv7rtssdj3kn5j9m2al5t36hjexps7snzu7fzvzjjn95x,1,2,441,446,2023-09-30 03:41:28,2023-10-24 12:54:22,legacy/2026-05-20-pre-v2-import/data/raw/iog/delegation_history.csv
iog,pool1zy4arks3chpruyt32p0mhwqu3qpdgyx7nejrw06nqu3uzfuv3aw,1,1,458,458,2023-12-22 18:55:37,2023-12-22 18:55:37,legacy/2026-05-20-pre-v2-import/data/raw/iog/delegation_history.csv
iog,pool1zzhmjc2emc85m67gtp4qvdzcfqhak0n9m08vqmuq3l42qalr3qw,1,1,294,294,2021-09-24 12:10:13,2021-09-24 12:10:13,legacy/2026-05-20-pre-v2-import/data/raw/iog/delegation_history.csv
