snapshot_utc,trace_schema,pool_id_bech32,link_role,linked_stake_address,min_trace_depth,root_combo,pool_active_epoch_no,pledge_lovelace,registration_tx_hash
2026-06-11T13:49:08Z,abcde_forensics_stage_founders_depth14,pool100wj94uzf54vup2hdzk0afng4dhjaqggt7j434mtgm8v2gfvfgp,owner,stake1u9nc4zs4wapwzg6lmrmc8uulngg5slphtd9zl8hzptsdhrcsph992,14,iog,257,4000000000,2bf7e8879972f66ed6071d3e175cc014f471e0c6f53dce0840a1e879b27cae6a
2026-06-11T13:49:08Z,abcde_forensics_stage_founders_depth14,pool100wj94uzf54vup2hdzk0afng4dhjaqggt7j434mtgm8v2gfvfgp,reward_address,stake1u9nc4zs4wapwzg6lmrmc8uulngg5slphtd9zl8hzptsdhrcsph992,14,iog,257,4000000000,2bf7e8879972f66ed6071d3e175cc014f471e0c6f53dce0840a1e879b27cae6a
2026-06-11T13:49:08Z,abcde_forensics_stage_founders_depth14,pool1026f3pyjhxjafmtjyyny5ytuh2kraxakfa8eu5h844uv2upzxvq,owner,stake1uxxqarsyyu6dt2c558qeza8fzwdsnqtkhdhts88gs8vy6sqfl3dq7,14,iog,291,1300000000,040b6a39b97c3e4f1c400b3c16e5ddfa3fb49d570bc95626964eb94b5a7299bb
2026-06-11T13:49:08Z,abcde_forensics_stage_founders_depth14,pool1026f3pyjhxjafmtjyyny5ytuh2kraxakfa8eu5h844uv2upzxvq,reward_address,stake1uxxqarsyyu6dt2c558qeza8fzwdsnqtkhdhts88gs8vy6sqfl3dq7,14,iog,291,1300000000,040b6a39b97c3e4f1c400b3c16e5ddfa3fb49d570bc95626964eb94b5a7299bb
2026-06-11T13:49:08Z,abcde_forensics_stage_founders_depth14,pool1030as3pp5684ghgf4kzcpv4p2jnmkmme7j363t95690zwxp7wa0,owner,stake1uxrjlu4pm3heypftm6cys8pznnxzguc3welsrkj44dvf38qtz8kg7,13,iog,593,50000000000,9540613db01b506f7ad6b5a57128201a69967a816cc51b83d0f5f649f7d9c460
2026-06-11T13:49:08Z,abcde_forensics_stage_founders_depth14,pool1030as3pp5684ghgf4kzcpv4p2jnmkmme7j363t95690zwxp7wa0,reward_address,stake1uxrjlu4pm3heypftm6cys8pznnxzguc3welsrkj44dvf38qtz8kg7,13,iog,593,50000000000,9540613db01b506f7ad6b5a57128201a69967a816cc51b83d0f5f649f7d9c460
2026-06-11T13:49:08Z,abcde_forensics_stage_founders_depth14,pool104avq7309gjm0fxms69yqusxy8zf888k4mamngg5vnc6vculpzq,owner,stake1u98yqse2nnvz06ayha9n4tmrfmmdk0sunhlgk9vdms6v9dqjgytla,14,iog,382,1000000000,f8945f9a0294bc3387a6b0ba1e9af9f0278892f6adb974329dfef6321ee65af8
2026-06-11T13:49:08Z,abcde_forensics_stage_founders_depth14,pool104avq7309gjm0fxms69yqusxy8zf888k4mamngg5vnc6vculpzq,reward_address,stake1uxcmc9r2t7cxs0zw8qm8ztg3twvxryzghsc8eszek6kuwms23gya4,12,iog,382,1000000000,f8945f9a0294bc3387a6b0ba1e9af9f0278892f6adb974329dfef6321ee65af8
2026-06-11T13:49:08Z,abcde_forensics_stage_founders_depth14,pool104v7kzpq86r0wnfsz8r7jeld2raap92qq84trjcqk62zyh9akqt,owner,stake1ux5m5uxees449gxfz534vvg6yw2c62chdua3nxlf7cu6p3gxn4ts9,14,iog,452,60000000000,ee3875c41591dd87841debff9738a9a3ce37a5a2d53784fb50247e826c3cf84c
2026-06-11T13:49:08Z,abcde_forensics_stage_founders_depth14,pool1098vxc5r287wuac36fkmuyzcfqu8vpz3qflxccs4s2smumhujtv,owner,stake1u8q6xmnlahyhsh8y5wyrq4pc4lgaqte7syuu62njefulxcs675p89,14,iog,250,85000000000,f529ba6ebde5ea83bb7cc820bfbf465853e5ed00754fa769c51a4cc0c98e4b6b
2026-06-11T13:49:08Z,abcde_forensics_stage_founders_depth14,pool1098vxc5r287wuac36fkmuyzcfqu8vpz3qflxccs4s2smumhujtv,reward_address,stake1u8q6xmnlahyhsh8y5wyrq4pc4lgaqte7syuu62njefulxcs675p89,14,iog,250,85000000000,f529ba6ebde5ea83bb7cc820bfbf465853e5ed00754fa769c51a4cc0c98e4b6b
2026-06-11T13:49:08Z,abcde_forensics_stage_founders_depth14,pool109ee6weyn52awvu30gspwmp6xwws98z0dhzcw2dqupc6vv6mkg6,owner,stake1u9mrqwgg2ajt2mmg6er5ga3jyz67ur84nh7hlaycy6mgykqcvv4s9,14,iog,267,2000000000,ce8c68a4e8fa979f6298f37aab667ff592f74967fc845914e83263e0192dfe45
2026-06-11T13:49:08Z,abcde_forensics_stage_founders_depth14,pool10jqlkjfn2rtlc6hp95p8k4h04h3dfmdcgnga6umwp2rpukpg20l,owner,stake1u836amyawqqsxcqnw3jlkse8y57mfxglmz24rtz83a9v7mc24c5lk,14,emurgo+iog,287,410000000000,e230fad837166468af75cd4ae5d6cbefe8639512e7907b9d12632aa263236c81
2026-06-11T13:49:08Z,abcde_forensics_stage_founders_depth14,pool10k5ushs6d60827ezmncrd88gg8jnzzxc26jahaf5x4arqzyf5me,owner,stake1uy0lccxfra0j2e5fzte6ah8c9qf8dh2zv737ezrflt9z7zgl850cw,14,iog,249,50000000000,dff065f5bfedc2cd4892e665dd7903918b7f72eed8df5cdc44a057eb7b3d262e
2026-06-11T13:49:08Z,abcde_forensics_stage_founders_depth14,pool10kz2qk2d5zxl4c5u3pv5n0uwrvz7h804tza9r03w4tgggl7faqa,owner,stake1u8ptq2j9mh7kgk8k0wnp3cqrjspnlwtyzq6exsgtl4gnuwgxlf4eg,14,iog,257,12100000000,626918ac890ecb1c8feb2882159a58e8e1630d980811f0df9d9d4b742183a081
2026-06-11T13:49:08Z,abcde_forensics_stage_founders_depth14,pool10kz2qk2d5zxl4c5u3pv5n0uwrvz7h804tza9r03w4tgggl7faqa,reward_address,stake1u8ptq2j9mh7kgk8k0wnp3cqrjspnlwtyzq6exsgtl4gnuwgxlf4eg,14,iog,257,12100000000,626918ac890ecb1c8feb2882159a58e8e1630d980811f0df9d9d4b742183a081
2026-06-11T13:49:08Z,abcde_forensics_stage_founders_depth14,pool10nug2zc80t6tz64awqr0362kfsh6yvje6xz2a6appzhzwe25nc5,owner,stake1uy0za4wvttuden693t8ug6dtfepxrsyeh9w9ry9qhmj907srzdvpc,13,iog,252,12000000000,6daf21a3f60192fb8a476279fcacf1bbf38c6af3e4dde3ac1fd47863904bfef8
2026-06-11T13:49:08Z,abcde_forensics_stage_founders_depth14,pool10nug2zc80t6tz64awqr0362kfsh6yvje6xz2a6appzhzwe25nc5,reward_address,stake1uy0za4wvttuden693t8ug6dtfepxrsyeh9w9ry9qhmj907srzdvpc,13,iog,252,12000000000,6daf21a3f60192fb8a476279fcacf1bbf38c6af3e4dde3ac1fd47863904bfef8
2026-06-11T13:49:08Z,abcde_forensics_stage_founders_depth14,pool10r8gk6z4epj36rluw3klk5k0uzfcdc0rw9cu0zuyxw56quaksrv,owner,stake1uyy4t4prkjg2mxtc7n4kjkx3ahv6yjtkn5f2r9nas2ramqs3kvcge,12,emurgo+iog,325,0,7d33b9b649c38aa0da34c19dd9fc5a3d2c9b06d103eba02966b2539460158cf7
2026-06-11T13:49:08Z,abcde_forensics_stage_founders_depth14,pool10r8gk6z4epj36rluw3klk5k0uzfcdc0rw9cu0zuyxw56quaksrv,reward_address,stake1uyy4t4prkjg2mxtc7n4kjkx3ahv6yjtkn5f2r9nas2ramqs3kvcge,12,emurgo+iog,325,0,7d33b9b649c38aa0da34c19dd9fc5a3d2c9b06d103eba02966b2539460158cf7
2026-06-11T13:49:08Z,abcde_forensics_stage_founders_depth14,pool10v6uh7yan2dg8utwpgurj6th3u3s3q3m2lcg8z9mxtncvx72dhc,owner,stake1u9ztvucmdrsmvcs5pv8e638ec26080cn2lckgnjfx3samzgqr5e47,14,iog,220,100025042945,742ceacf53654721d42f51999a3c6279067653c3b85885228dc2346642812c28
2026-06-11T13:49:08Z,abcde_forensics_stage_founders_depth14,pool10v6uh7yan2dg8utwpgurj6th3u3s3q3m2lcg8z9mxtncvx72dhc,reward_address,stake1u9ztvucmdrsmvcs5pv8e638ec26080cn2lckgnjfx3samzgqr5e47,14,iog,220,100025042945,742ceacf53654721d42f51999a3c6279067653c3b85885228dc2346642812c28
2026-06-11T13:49:08Z,abcde_forensics_stage_founders_depth14,pool10wcmpvjmmv7ph7cz2263f52yckvnnwu5kdppwqgu74s2qhe7l7m,owner,stake1u8h59hsymts5qlv59ejeclgtv5qxgrsvf6w8n4cqzfluqjcjlzt87,11,iog,629,200000000000,3dc0a3b6430a64e681de3bc70b5c9345c09a27608d3527c43c34544e842a8ccd
2026-06-11T13:49:08Z,abcde_forensics_stage_founders_depth14,pool10wcmpvjmmv7ph7cz2263f52yckvnnwu5kdppwqgu74s2qhe7l7m,reward_address,stake1u9rcajtxq3sdacs4k2yqvwe4nww2w07hgqr0ta7wh7u209suelpfa,14,iog,629,200000000000,3dc0a3b6430a64e681de3bc70b5c9345c09a27608d3527c43c34544e842a8ccd
2026-06-11T13:49:08Z,abcde_forensics_stage_founders_depth14,pool10yn7pv2l2y0pnfgdmuzxhlepxcl5g0g5ruagzl3jeqx7ytvrlyx,owner,stake1uyzymrugkx9srtd2hkkm9kh7xec3ff9gda3j8sm7rfxkmucg00w83,12,iog,235,20069502835,051fd960c0b2e29e1911f4a0640edc63263c95b1aad0f7d01ef603b2dbc33935
2026-06-11T13:49:08Z,abcde_forensics_stage_founders_depth14,pool10yn7pv2l2y0pnfgdmuzxhlepxcl5g0g5ruagzl3jeqx7ytvrlyx,reward_address,stake1uyzymrugkx9srtd2hkkm9kh7xec3ff9gda3j8sm7rfxkmucg00w83,12,iog,235,20069502835,051fd960c0b2e29e1911f4a0640edc63263c95b1aad0f7d01ef603b2dbc33935
2026-06-11T13:49:08Z,abcde_forensics_stage_founders_depth14,pool10ysem79xjxd223plxqws0fheawd78znr3qs4h2h422gmxa40amu,owner,stake1uyj24yz4ck24dm47hun3dmmavvedlg7fqhuhl6tkj598yjslq2nfk,13,iog,317,3100000000,12f2a4978fb0bce6e20bb02047134b5c362fc5a52eccde2e962252aee19d9fd3
2026-06-11T13:49:08Z,abcde_forensics_stage_founders_depth14,pool10ysem79xjxd223plxqws0fheawd78znr3qs4h2h422gmxa40amu,reward_address,stake1uyj24yz4ck24dm47hun3dmmavvedlg7fqhuhl6tkj598yjslq2nfk,13,iog,317,3100000000,12f2a4978fb0bce6e20bb02047134b5c362fc5a52eccde2e962252aee19d9fd3
2026-06-11T13:49:08Z,abcde_forensics_stage_founders_depth14,pool122pmneflla304ptc7s5ws948u28zaek08k6hk3fmw8rgkzmgect,owner,stake1uy2phkdymerc50scrdul944k68zxkaw7ueul7jnnuwx53kch3puv3,14,iog,302,3100000000,07e1f12b19d852f9f8fffdf207918de8564aa42057003e128cb5be474b9a1e2e
2026-06-11T13:49:08Z,abcde_forensics_stage_founders_depth14,pool122pmneflla304ptc7s5ws948u28zaek08k6hk3fmw8rgkzmgect,reward_address,stake1uy2phkdymerc50scrdul944k68zxkaw7ueul7jnnuwx53kch3puv3,14,iog,302,3100000000,07e1f12b19d852f9f8fffdf207918de8564aa42057003e128cb5be474b9a1e2e
2026-06-11T13:49:08Z,abcde_forensics_stage_founders_depth14,pool123fz95jxlu2fgqteredsqxml553rt9lsu9ef352kagm7qlejem4,owner,stake1u958hx0ff42nn7l7wve2wp748c6c6kplh7t45l703wm6hsgmhttwk,14,iog,318,7495000000,59616984805a01ef6091f0343fb5c72cd8b1ef747feafb4ded2c9b202f311755
2026-06-11T13:49:08Z,abcde_forensics_stage_founders_depth14,pool123fz95jxlu2fgqteredsqxml553rt9lsu9ef352kagm7qlejem4,reward_address,stake1u958hx0ff42nn7l7wve2wp748c6c6kplh7t45l703wm6hsgmhttwk,14,iog,318,7495000000,59616984805a01ef6091f0343fb5c72cd8b1ef747feafb4ded2c9b202f311755
2026-06-11T13:49:08Z,abcde_forensics_stage_founders_depth14,pool125mzd9dmxlkvg0g3fuwl96rxd4jmzha77d9evnetldzl66lvpvz,owner,stake1uxx5lr3f60dvua7yj4wqanvml9puyz59dlcnf4ev37s47uqqcwexw,14,iog,299,15000000000,5abcfacf9bfe4f320634338d575aff368a3fc175f4d3769dc47a2e3c355fa84f
2026-06-11T13:49:08Z,abcde_forensics_stage_founders_depth14,pool126f65lklaqw39jgx9wl8klqtx99evewxk0x5yc2jzzp5wfs8fde,owner,stake1uyy93axth2t74fjp2jucg9axxr9un9kzty986t8dsnwlhyg77l4rv,13,iog,420,119000000000,29281e1d7ae38ae62afd6398455f494b94b130e645f0513b17d6e7755d3a753d
2026-06-11T13:49:08Z,abcde_forensics_stage_founders_depth14,pool126f65lklaqw39jgx9wl8klqtx99evewxk0x5yc2jzzp5wfs8fde,reward_address,stake1uyy93axth2t74fjp2jucg9axxr9un9kzty986t8dsnwlhyg77l4rv,13,iog,420,119000000000,29281e1d7ae38ae62afd6398455f494b94b130e645f0513b17d6e7755d3a753d
2026-06-11T13:49:08Z,abcde_forensics_stage_founders_depth14,pool126ut5j5qz5wg09sjxrjugmjhqyslgam9cyj7a275y99l6n3gql0,owner,stake1u9qkfa9vwpt38w8xa4zzwkzae9c6dd3qk5n4ctupzgplvgs9m566c,14,emurgo+iog,252,10000000000,5e83dbdb62817e508be327d6efb704bce916abccdececf510c9868f033742507
2026-06-11T13:49:08Z,abcde_forensics_stage_founders_depth14,pool126ut5j5qz5wg09sjxrjugmjhqyslgam9cyj7a275y99l6n3gql0,reward_address,stake1u9qkfa9vwpt38w8xa4zzwkzae9c6dd3qk5n4ctupzgplvgs9m566c,14,emurgo+iog,252,10000000000,5e83dbdb62817e508be327d6efb704bce916abccdececf510c9868f033742507
2026-06-11T13:49:08Z,abcde_forensics_stage_founders_depth14,pool127gdv243hfcrapslaqq0nnh64u2gts72gtrt4888g6g2z0zsu64,owner,stake1uyp27qs7gtr8j0l2p74atxsm88kp6yg65qkvj75pd4fmdlgm3242m,14,iog,540,28000000000,6e1d0da06753f47eea1befc3d80e60745b75abe4e027c616db56f44a6f6326e9
2026-06-11T13:49:08Z,abcde_forensics_stage_founders_depth14,pool127gdv243hfcrapslaqq0nnh64u2gts72gtrt4888g6g2z0zsu64,reward_address,stake1uyp27qs7gtr8j0l2p74atxsm88kp6yg65qkvj75pd4fmdlgm3242m,14,iog,540,28000000000,6e1d0da06753f47eea1befc3d80e60745b75abe4e027c616db56f44a6f6326e9
2026-06-11T13:49:08Z,abcde_forensics_stage_founders_depth14,pool128547e6j6z3cgwsh9y0aqy4cu4u2ng7e9nf8ktsjcwrjjpxmk4u,owner,stake1uxu4qq76vdc3rh2s2hnjvqmf7jvyqvej5x7wlfqpascu8csnxux4s,13,iog,293,145000000000,3d9bb2db9c89ebf82b7e254cb4d72af98a86e9211ef8ac40ed7b77ac7076fae8
2026-06-11T13:49:08Z,abcde_forensics_stage_founders_depth14,pool128547e6j6z3cgwsh9y0aqy4cu4u2ng7e9nf8ktsjcwrjjpxmk4u,reward_address,stake1uxu4qq76vdc3rh2s2hnjvqmf7jvyqvej5x7wlfqpascu8csnxux4s,13,iog,293,145000000000,3d9bb2db9c89ebf82b7e254cb4d72af98a86e9211ef8ac40ed7b77ac7076fae8
2026-06-11T13:49:08Z,abcde_forensics_stage_founders_depth14,pool128r8qqgl9zgy3ff4759a2qslyauu5takaec3nxx4a6mvj3ys8da,owner,stake1uype2al6wjlj3f6qg5sjqwhxnkygkde6qj7gnyq8wzzrfwqvv6wzm,14,emurgo+iog,321,1000000,2305143b286306f1d120db10d7b505fddbad54e47e8a1c8c59e06b3e8ab8ef46
2026-06-11T13:49:08Z,abcde_forensics_stage_founders_depth14,pool128r8qqgl9zgy3ff4759a2qslyauu5takaec3nxx4a6mvj3ys8da,reward_address,stake1uype2al6wjlj3f6qg5sjqwhxnkygkde6qj7gnyq8wzzrfwqvv6wzm,14,emurgo+iog,321,1000000,2305143b286306f1d120db10d7b505fddbad54e47e8a1c8c59e06b3e8ab8ef46
2026-06-11T13:49:08Z,abcde_forensics_stage_founders_depth14,pool129557r2j5fdr4hjjz3e2n3t4ypt9rvkpy56pq3y7rsw7jzvalq0,owner,stake1uxy8dahd9h4nzhnwdhrfgt7rjfu4vr6thx6szxx30v7ax5sm3nwh0,13,iog,276,104000000000,239445bf53b7c833e33aa28d9b56557220369171ab13cc154152f3ec9ff3f0b4
2026-06-11T13:49:08Z,abcde_forensics_stage_founders_depth14,pool129557r2j5fdr4hjjz3e2n3t4ypt9rvkpy56pq3y7rsw7jzvalq0,reward_address,stake1uxy8dahd9h4nzhnwdhrfgt7rjfu4vr6thx6szxx30v7ax5sm3nwh0,13,iog,276,104000000000,239445bf53b7c833e33aa28d9b56557220369171ab13cc154152f3ec9ff3f0b4
2026-06-11T13:49:08Z,abcde_forensics_stage_founders_depth14,pool12a4mx8ztxg7dwatm6lmfm36q7eyygkt3y3h29tklvcp6vyxp0nt,owner,stake1ux3ek4u93zqlykr24jjd6emvhyalc0kgwu2qq4ddkfz53gqqc5l8m,13,iog,323,50000000000,d7541470f78470aadaa53e3773e5eff840e4f3c225c1e34650d65d15ca8d4f29
2026-06-11T13:49:08Z,abcde_forensics_stage_founders_depth14,pool12ame5t8hdltyl30npznvhn23kxnvthk82j9p7dr4uew3y92uqes,owner,stake1uytgfrmzzq23sp4ppytqd2tegjeuvpc3y3sjkquzv689cfc66p7zd,14,iog,281,30000000000,bb761a94d875b96b1b8855fdfca923c8b2aac1eeb998990c9f3a533e0ff427c8
2026-06-11T13:49:08Z,abcde_forensics_stage_founders_depth14,pool12ame5t8hdltyl30npznvhn23kxnvthk82j9p7dr4uew3y92uqes,reward_address,stake1uytgfrmzzq23sp4ppytqd2tegjeuvpc3y3sjkquzv689cfc66p7zd,14,iog,281,30000000000,bb761a94d875b96b1b8855fdfca923c8b2aac1eeb998990c9f3a533e0ff427c8
2026-06-11T13:49:08Z,abcde_forensics_stage_founders_depth14,pool12g8krdmrtuch7zy7fjx3ggtaysa70dkgqv5taz948ay4jtty4x3,owner,stake1u8rqqhh45eujzvr6sr00awveurnhqw62l22ewj6h6lepssg30yh37,13,emurgo+iog,256,100000000,cc08a390b555f892dd8e72634e5b8950dde751ef0e0a3ae0b2924344508a472e
2026-06-11T13:49:08Z,abcde_forensics_stage_founders_depth14,pool12g8krdmrtuch7zy7fjx3ggtaysa70dkgqv5taz948ay4jtty4x3,reward_address,stake1u8rqqhh45eujzvr6sr00awveurnhqw62l22ewj6h6lepssg30yh37,13,emurgo+iog,256,100000000,cc08a390b555f892dd8e72634e5b8950dde751ef0e0a3ae0b2924344508a472e
2026-06-11T13:49:08Z,abcde_forensics_stage_founders_depth14,pool12gfz8p7raqz7tktmmgf6sk3cfwnrzy9m7cz9maum98ujyelhrf8,owner,stake1uyehfpp5d80gtk9sgc5zn427ldezkuaf4wtc9c92j6dnj4smt8kk8,14,iog,247,50000000000,033a5e6d47a215211d83dde40e00bd5d40d8ef310951752c22523bc2ef5586aa
2026-06-11T13:49:08Z,abcde_forensics_stage_founders_depth14,pool12gfz8p7raqz7tktmmgf6sk3cfwnrzy9m7cz9maum98ujyelhrf8,reward_address,stake1uyehfpp5d80gtk9sgc5zn427ldezkuaf4wtc9c92j6dnj4smt8kk8,14,iog,247,50000000000,033a5e6d47a215211d83dde40e00bd5d40d8ef310951752c22523bc2ef5586aa
2026-06-11T13:49:08Z,abcde_forensics_stage_founders_depth14,pool12h63026uqx73v83zjtw8f07tnq2pmg6jredmqlyjd99tjdlal4w,owner,stake1u985vnday3mzpd49gnwgumd2an4awu06fucgnechekh88usjrtcz4,14,iog,298,25005000000,4baa83d4d7a746b887f2895973f9147e90e997e2b7528e5ce672ce55ac40fc06
2026-06-11T13:49:08Z,abcde_forensics_stage_founders_depth14,pool12h63026uqx73v83zjtw8f07tnq2pmg6jredmqlyjd99tjdlal4w,reward_address,stake1u985vnday3mzpd49gnwgumd2an4awu06fucgnechekh88usjrtcz4,14,iog,298,25005000000,4baa83d4d7a746b887f2895973f9147e90e997e2b7528e5ce672ce55ac40fc06
2026-06-11T13:49:08Z,abcde_forensics_stage_founders_depth14,pool12hmkuq2khrwaqz44aajawp0n92mpyk3nhexgujd9xtu3q4exnau,owner,stake1uywgypf6fafj077rkjd08v4ry98ea3x7njvzaz749nj3hacgga77s,14,iog,285,1000000000,4338e177009be94e0d1851a5cbfe763989fdac46fbe4a21e549bb948b43c2da0
2026-06-11T13:49:08Z,abcde_forensics_stage_founders_depth14,pool12hmkuq2khrwaqz44aajawp0n92mpyk3nhexgujd9xtu3q4exnau,reward_address,stake1uywgypf6fafj077rkjd08v4ry98ea3x7njvzaz749nj3hacgga77s,14,iog,285,1000000000,4338e177009be94e0d1851a5cbfe763989fdac46fbe4a21e549bb948b43c2da0
2026-06-11T13:49:08Z,abcde_forensics_stage_founders_depth14,pool12n59qv09v4de7c703ka7xym2ggpa9500cnwst5evm7st6anvaj4,owner,stake1u9xmwcj93ev7j7g8sm4278ulcwfzwgtyspq9x6yyzvv2q0gjslq5u,14,emurgo,218,2030000000,78078f31a17ba17dd321781a35246c6e92c85ee7e62fad4f24b88c595dc92576
2026-06-11T13:49:08Z,abcde_forensics_stage_founders_depth14,pool12n59qv09v4de7c703ka7xym2ggpa9500cnwst5evm7st6anvaj4,reward_address,stake1u9xmwcj93ev7j7g8sm4278ulcwfzwgtyspq9x6yyzvv2q0gjslq5u,14,emurgo,218,2030000000,78078f31a17ba17dd321781a35246c6e92c85ee7e62fad4f24b88c595dc92576
2026-06-11T13:49:08Z,abcde_forensics_stage_founders_depth14,pool12ppnqj78z7fnztw7rwg2gd0e0zpr3mq9gs3hgxe0n6fhkzfmzu4,owner,stake1u8h8m8vqvkkgrq6snt7yv9ln7nvfks3syx38skkh0c84weccexapq,14,iog,263,25000000000,e979536680a81be4c369277729ae7c741a013b98b9f41045420177ae7d8feda5
2026-06-11T13:49:08Z,abcde_forensics_stage_founders_depth14,pool12ppnqj78z7fnztw7rwg2gd0e0zpr3mq9gs3hgxe0n6fhkzfmzu4,reward_address,stake1u8h8m8vqvkkgrq6snt7yv9ln7nvfks3syx38skkh0c84weccexapq,14,iog,263,25000000000,e979536680a81be4c369277729ae7c741a013b98b9f41045420177ae7d8feda5
2026-06-11T13:49:08Z,abcde_forensics_stage_founders_depth14,pool12pupdkq80hxxcje94kjgc75x9vsqsgaz65upnmx7k7zmvc3rpd5,owner,stake1u8stfpfxglcfj3k3hverf2cx9emq5wa95e4fm3hpwf9pqvsrxkrs6,14,iog,259,1000000000,6f03eceae3b6c2ef6f80dfcfded31116d8ed90292642e7a9e77ef3b16543c0b7
2026-06-11T13:49:08Z,abcde_forensics_stage_founders_depth14,pool12pupdkq80hxxcje94kjgc75x9vsqsgaz65upnmx7k7zmvc3rpd5,reward_address,stake1u8stfpfxglcfj3k3hverf2cx9emq5wa95e4fm3hpwf9pqvsrxkrs6,14,iog,259,1000000000,6f03eceae3b6c2ef6f80dfcfded31116d8ed90292642e7a9e77ef3b16543c0b7
2026-06-11T13:49:08Z,abcde_forensics_stage_founders_depth14,pool12rt30v5khmh2y9nap3ffe6envd89lq9qf8f4usr0enwwzzwktsu,owner,stake1uxwlxkfgxh2alfdywg7hw30cze4ujdpgr5rv482elqr7zucy96l80,14,iog,529,0,26c63c57e9b79dd2b5a7b9df2fad7bba7964bd5a27e915d0b1e9295937a0de14
2026-06-11T13:49:08Z,abcde_forensics_stage_founders_depth14,pool12u28yewx8ycf6dj77lzpj6vvhjwp6veh6kxpc63h8fqnqqtlwmu,owner,stake1uytvhxd5dxl7urxt5azejkzp4l5tgy9740gwjr7rluynzpsxc46pc,13,iog,324,60000000000,ebb09f4d7729d39fa346533bda5ae53a12fc4b43490fad1bf5ddd9af151fdab6
2026-06-11T13:49:08Z,abcde_forensics_stage_founders_depth14,pool12vk3een3z43fhc8aph3276g0p0ehj3wrh3qt4xmaxa72sqnkqfq,owner,stake1u8yemttwe80g4p9rqk2ykvssc8x86d92umdffnq9d2hwv8qn55esx,14,iog,258,500000000,02b64725483f3f7c679497521bc484d28dc7e402cdce8f379586fedee8d8f1c4
2026-06-11T13:49:08Z,abcde_forensics_stage_founders_depth14,pool12vk3een3z43fhc8aph3276g0p0ehj3wrh3qt4xmaxa72sqnkqfq,reward_address,stake1u8yemttwe80g4p9rqk2ykvssc8x86d92umdffnq9d2hwv8qn55esx,14,iog,258,500000000,02b64725483f3f7c679497521bc484d28dc7e402cdce8f379586fedee8d8f1c4
2026-06-11T13:49:08Z,abcde_forensics_stage_founders_depth14,pool12wpfng6cu7dz38yduaul3ngfm44xhv5xmech68m5fwe4wu77udd,owner,stake1u87djlkkkfehdmxq5zu4nwg7np065kyrr3j38wagcsr56pqc3u0zj,14,iog,448,50000000000,5efd35a8a5ad21a686aa9c24a1531f996e577a7012d85107f75ccdc0bd4ce903
2026-06-11T13:49:08Z,abcde_forensics_stage_founders_depth14,pool12yfqjghmn47qajajqduf2rd83qxtdhva8j0qdctmla4v5w3mhq4,owner,stake1u8z5fnuj82m98a0dmsjgkx3wwduxlftrg9e49y5073ncjugyqppdd,12,iog,335,31544000000,0681519bca838f01a51bec7f7f20f81941a8ac94f734d2c37aa0d77d71aab96a
2026-06-11T13:49:08Z,abcde_forensics_stage_founders_depth14,pool12yfqjghmn47qajajqduf2rd83qxtdhva8j0qdctmla4v5w3mhq4,reward_address,stake1u8z5fnuj82m98a0dmsjgkx3wwduxlftrg9e49y5073ncjugyqppdd,12,iog,335,31544000000,0681519bca838f01a51bec7f7f20f81941a8ac94f734d2c37aa0d77d71aab96a
2026-06-11T13:49:08Z,abcde_forensics_stage_founders_depth14,pool12yscr8j3zs34ewxrwlk0p2w5uvgcnrzywpp78ddjsj8kxd530f9,owner,stake1ux004w06sylwm95rh3g2lp3vqhv8gjlxk53vaa6hdr99feq5m04wr,14,iog,510,50000000000,f8d5ff728768765891b63db271674ce1fa3365eec9a6d4f4ba0acae057cc086b
2026-06-11T13:49:08Z,abcde_forensics_stage_founders_depth14,pool12yscr8j3zs34ewxrwlk0p2w5uvgcnrzywpp78ddjsj8kxd530f9,owner,stake1uy5vhphkhgca5eyal99n74v4a82n72m2w8q9t504nrg27ag0nv5qy,13,iog,510,50000000000,f8d5ff728768765891b63db271674ce1fa3365eec9a6d4f4ba0acae057cc086b
2026-06-11T13:49:08Z,abcde_forensics_stage_founders_depth14,pool12yscr8j3zs34ewxrwlk0p2w5uvgcnrzywpp78ddjsj8kxd530f9,reward_address,stake1uy5vhphkhgca5eyal99n74v4a82n72m2w8q9t504nrg27ag0nv5qy,13,iog,510,50000000000,f8d5ff728768765891b63db271674ce1fa3365eec9a6d4f4ba0acae057cc086b
2026-06-11T13:49:08Z,abcde_forensics_stage_founders_depth14,pool12zcqkql458zh0pxvpw9qad8mceccdatk2lm0cpxfql557lhve8y,owner,stake1uy5367f79xq3ef4r8gx6ecs0mcmkvkzd66mzpeur7z9ynqg96379z,13,iog,277,2000000,d2c9ee915345a714a1168aee6ebe206684e2b0249b396bddfef545c8c4700958
2026-06-11T13:49:08Z,abcde_forensics_stage_founders_depth14,pool12zcqkql458zh0pxvpw9qad8mceccdatk2lm0cpxfql557lhve8y,reward_address,stake1uy5367f79xq3ef4r8gx6ecs0mcmkvkzd66mzpeur7z9ynqg96379z,13,iog,277,2000000,d2c9ee915345a714a1168aee6ebe206684e2b0249b396bddfef545c8c4700958
2026-06-11T13:49:08Z,abcde_forensics_stage_founders_depth14,pool12zl8dzkz00qjzhfjd2d3838ellvs6na3x84hnafhk4vtzz8nwk6,owner,stake1ux6z0943pwp6qzud4p2nqvzsx0h9h4gkj35eg0umwxy7hwc8kw5ma,12,emurgo+iog,260,1000000000,e7baace44861a7f79057ec64b65bf1372cd9844ebc28d6cf47b823ce6ab21ebe
2026-06-11T13:49:08Z,abcde_forensics_stage_founders_depth14,pool12zl8dzkz00qjzhfjd2d3838ellvs6na3x84hnafhk4vtzz8nwk6,reward_address,stake1ux6z0943pwp6qzud4p2nqvzsx0h9h4gkj35eg0umwxy7hwc8kw5ma,12,emurgo+iog,260,1000000000,e7baace44861a7f79057ec64b65bf1372cd9844ebc28d6cf47b823ce6ab21ebe
2026-06-11T13:49:08Z,abcde_forensics_stage_founders_depth14,pool1307ttu8qk8umyjq4gtrkchyk28shwyfrdkrcgjfmpnuvshxm0wd,owner,stake1u8dxfhvdc293qc5xd2kvuquaqzztxlkc3uxjh3xtkxwgwgqju5alv,13,iog,271,1000000000,eae1b8dbad5621d04f7d0a7660da07a3ea2eb3d94a1a684ad216833893f21f0f
2026-06-11T13:49:08Z,abcde_forensics_stage_founders_depth14,pool1307ttu8qk8umyjq4gtrkchyk28shwyfrdkrcgjfmpnuvshxm0wd,reward_address,stake1u8dxfhvdc293qc5xd2kvuquaqzztxlkc3uxjh3xtkxwgwgqju5alv,13,iog,271,1000000000,eae1b8dbad5621d04f7d0a7660da07a3ea2eb3d94a1a684ad216833893f21f0f
2026-06-11T13:49:08Z,abcde_forensics_stage_founders_depth14,pool130sxcuaxh2yc4chs68c4jsep4v7zfhgdqutm60ngdvt9sa2ga06,owner,stake1u9c6rvjumdprervwt0g09m9zw6h6nrdy9ps99d2xaus65agdejxqd,14,iog,312,600000000,f4a24e5b487b3abd8952c6fd590bf7f9445a12e5e644dbd6fb5a8d17dc6227f7
2026-06-11T13:49:08Z,abcde_forensics_stage_founders_depth14,pool130sxcuaxh2yc4chs68c4jsep4v7zfhgdqutm60ngdvt9sa2ga06,reward_address,stake1u9c6rvjumdprervwt0g09m9zw6h6nrdy9ps99d2xaus65agdejxqd,14,iog,312,600000000,f4a24e5b487b3abd8952c6fd590bf7f9445a12e5e644dbd6fb5a8d17dc6227f7
2026-06-11T13:49:08Z,abcde_forensics_stage_founders_depth14,pool1328ql2v48e4q93eml8r5w8qgcg8yqe7ved90la3qrjmw7pnty9l,owner,stake1uxrxxpu87enldzrjcrsce3j4482c6jas9vwn34xrnuyp68cukg3zz,12,emurgo+iog,265,63000000000000,2cfd2cede25959b1493e7e438fde71f020675ab4b7dbfe3f4f4e6108d213b553
2026-06-11T13:49:08Z,abcde_forensics_stage_founders_depth14,pool1328ql2v48e4q93eml8r5w8qgcg8yqe7ved90la3qrjmw7pnty9l,reward_address,stake1uxrxxpu87enldzrjcrsce3j4482c6jas9vwn34xrnuyp68cukg3zz,12,emurgo+iog,265,63000000000000,2cfd2cede25959b1493e7e438fde71f020675ab4b7dbfe3f4f4e6108d213b553
2026-06-11T13:49:08Z,abcde_forensics_stage_founders_depth14,pool132tyjuruq8lajz9gpg5fh4h0nyqu8rz0t6ja3vnufgm3yqrdv6d,owner,stake1uy25wc99qzdn6ve7lg4kq2vayzt0nr2pglkvvvuyq2zaczc3xmdkw,14,iog,256,6000000000,9bbbe4fb4b62031c8559ec4d67fed2787c3324ef2718fdc9d6a9a51a1f007fa2
2026-06-11T13:49:08Z,abcde_forensics_stage_founders_depth14,pool132tyjuruq8lajz9gpg5fh4h0nyqu8rz0t6ja3vnufgm3yqrdv6d,reward_address,stake1uy25wc99qzdn6ve7lg4kq2vayzt0nr2pglkvvvuyq2zaczc3xmdkw,14,iog,256,6000000000,9bbbe4fb4b62031c8559ec4d67fed2787c3324ef2718fdc9d6a9a51a1f007fa2
2026-06-11T13:49:08Z,abcde_forensics_stage_founders_depth14,pool136ahugdvaenv8ed0d3m9af4dxxtzu7u3vpfq4mxk7qq6xuvd0ca,owner,stake1uxyqh3s0nyxezt3nxfy4ehjkkjxkqrst727pjwj5yud0l0qeurehw,13,iog,290,50000000000,6b2d4429ed375bcfa75104c705380e27ecd8893de6f2d19e4d9cfb6eab9579ca
2026-06-11T13:49:08Z,abcde_forensics_stage_founders_depth14,pool136ahugdvaenv8ed0d3m9af4dxxtzu7u3vpfq4mxk7qq6xuvd0ca,reward_address,stake1uxyqh3s0nyxezt3nxfy4ehjkkjxkqrst727pjwj5yud0l0qeurehw,13,iog,290,50000000000,6b2d4429ed375bcfa75104c705380e27ecd8893de6f2d19e4d9cfb6eab9579ca
2026-06-11T13:49:08Z,abcde_forensics_stage_founders_depth14,pool136mu955m4fl6stzq9rjrsww92xftwnjr85997zykeqylc9h3k8u,owner,stake1u9tdw3q96q8r883g7y9crss5nx3fmnr4a3d02a2g0yv25pg6ye6l4,14,iog,258,100000000,ab0be39b30a4e3189c26294273a573410c77b1568d5f8d06ec6bb64434328e6a
2026-06-11T13:49:08Z,abcde_forensics_stage_founders_depth14,pool136mu955m4fl6stzq9rjrsww92xftwnjr85997zykeqylc9h3k8u,reward_address,stake1u9tdw3q96q8r883g7y9crss5nx3fmnr4a3d02a2g0yv25pg6ye6l4,14,iog,258,100000000,ab0be39b30a4e3189c26294273a573410c77b1568d5f8d06ec6bb64434328e6a
2026-06-11T13:49:08Z,abcde_forensics_stage_founders_depth14,pool137cuaqqktk0rhh3a9zj4rchr75qm07pgzgekprle5qyq2xk2nzq,owner,stake1uxy8wc2emslpu9nq8mdxghpluwtqn5fkcfcjnlhttrzuhwscz5r7y,14,iog,256,100000000000,43e6a2702592858d0f520d857f199a2983a6bcea95da855c1cbd2b6e510b1ad5
2026-06-11T13:49:08Z,abcde_forensics_stage_founders_depth14,pool137j9xuzycq4jxfpsmjnc75w2wnpz68khlwvsh69kt5negg6ldhg,owner,stake1u9j8wcngzeely688sqgs5gfdggnjfdgzq7v8gjkq0mc2p9cecsrn7,14,iog,448,50000000,0c70198656c005631afca603bddcd4f3c495d8e9fd7e7805e1f010398a8c81c7
2026-06-11T13:49:08Z,abcde_forensics_stage_founders_depth14,pool137j9xuzycq4jxfpsmjnc75w2wnpz68khlwvsh69kt5negg6ldhg,reward_address,stake1u9j8wcngzeely688sqgs5gfdggnjfdgzq7v8gjkq0mc2p9cecsrn7,14,iog,448,50000000,0c70198656c005631afca603bddcd4f3c495d8e9fd7e7805e1f010398a8c81c7
2026-06-11T13:49:08Z,abcde_forensics_stage_founders_depth14,pool139q8kztma4y347zvf4je8y3yc7fdf3zhmn6l48qaaflcw630gr7,owner,stake1u99tqu6rjmn3xduwkf9nd8d9x0esnh663quzaxtl6ren0estmss7t,11,iog,251,100000000000,ddfc5bc034884705c0d2cbfeb4c031afbe42d718ed6c3509c664866057c5e9c3
2026-06-11T13:49:08Z,abcde_forensics_stage_founders_depth14,pool139q8kztma4y347zvf4je8y3yc7fdf3zhmn6l48qaaflcw630gr7,reward_address,stake1u99tqu6rjmn3xduwkf9nd8d9x0esnh663quzaxtl6ren0estmss7t,11,iog,251,100000000000,ddfc5bc034884705c0d2cbfeb4c031afbe42d718ed6c3509c664866057c5e9c3
2026-06-11T13:49:08Z,abcde_forensics_stage_founders_depth14,pool13c9mnvfx4nvwvkszxcprwlv60fh3tteef50hhhv9yxptsua2v70,owner,stake1uyf7u0a3vhlfdn7qvkgf04fppjgfydmvhj9vzrs5894xgwsa6j5je,14,iog,335,68000000000000,fe4da7c25ccd0c88ca172578b8e0f8565041cd3015c56b80b345a3a39f73a326
2026-06-11T13:49:08Z,abcde_forensics_stage_founders_depth14,pool13g9r3ljwukvfq0eqhrwfk73ux3vl6gsvphyr92jm3pyrj8j7ush,owner,stake1uyz6m0fmdju9cs4tlg0pdpnw78vp9xzx22af2wtgflkfsjgj9kuyc,14,iog,261,1000000,30f8e5e6ef1fc4177c40e447eae56c0f598a9bf541fa4f9edfccd480eb726c51
2026-06-11T13:49:08Z,abcde_forensics_stage_founders_depth14,pool13g9r3ljwukvfq0eqhrwfk73ux3vl6gsvphyr92jm3pyrj8j7ush,reward_address,stake1uyz6m0fmdju9cs4tlg0pdpnw78vp9xzx22af2wtgflkfsjgj9kuyc,14,iog,261,1000000,30f8e5e6ef1fc4177c40e447eae56c0f598a9bf541fa4f9edfccd480eb726c51
2026-06-11T13:49:08Z,abcde_forensics_stage_founders_depth14,pool13gyxktxqh8umjn3dh2uk9nucacnegl0ppcsfg236hkfhcg8asxf,owner,stake1u9le7xw8uk60dnvvsstd5yn3v7pcpcnyjd2ae0605j40a5smdu0uf,14,iog,254,50000000,a377d5864c4440ca5abd4a8209085ef94518760ab9502752131c394ec9170c87
2026-06-11T13:49:08Z,abcde_forensics_stage_founders_depth14,pool13gyxktxqh8umjn3dh2uk9nucacnegl0ppcsfg236hkfhcg8asxf,reward_address,stake1u9le7xw8uk60dnvvsstd5yn3v7pcpcnyjd2ae0605j40a5smdu0uf,14,iog,254,50000000,a377d5864c4440ca5abd4a8209085ef94518760ab9502752131c394ec9170c87
2026-06-11T13:49:08Z,abcde_forensics_stage_founders_depth14,pool13mjxg33urh0xquvw33kjn85yw7j42uwqw0pvh8s6c67rszr7ssz,owner,stake1uyax0umt7xcyk5ah7x482eu9yu6v2e8xzw65zjfp0988f5sj5rls5,14,iog,309,30000000000,06586d1fd6843387b8ff93d4d4ca6c7ed55bc5c08227d5d095d3e6b1a8af4d03
2026-06-11T13:49:08Z,abcde_forensics_stage_founders_depth14,pool13mjxg33urh0xquvw33kjn85yw7j42uwqw0pvh8s6c67rszr7ssz,reward_address,stake1uyax0umt7xcyk5ah7x482eu9yu6v2e8xzw65zjfp0988f5sj5rls5,14,iog,309,30000000000,06586d1fd6843387b8ff93d4d4ca6c7ed55bc5c08227d5d095d3e6b1a8af4d03
2026-06-11T13:49:08Z,abcde_forensics_stage_founders_depth14,pool13nxvgx29ce2mn45ngcj0qmj567sy6qhg8gllve0e84w2gdp6fqh,owner,stake1u802wx76yzgf7kjn0ptyf9nxa53plkzwmj93xu4edk2m04s5mpugx,14,iog,278,10000000,2e2b5ad290197ffee182e3836402d03fa16d311bcc57d80a063f0479e823fcb5
2026-06-11T13:49:08Z,abcde_forensics_stage_founders_depth14,pool13nxvgx29ce2mn45ngcj0qmj567sy6qhg8gllve0e84w2gdp6fqh,reward_address,stake1u802wx76yzgf7kjn0ptyf9nxa53plkzwmj93xu4edk2m04s5mpugx,14,iog,278,10000000,2e2b5ad290197ffee182e3836402d03fa16d311bcc57d80a063f0479e823fcb5
2026-06-11T13:49:08Z,abcde_forensics_stage_founders_depth14,pool13qzk5az6sx77lk2nt8zruu0t2tsyepu9q73yaz8l8j3uqxqh9wh,owner,stake1uyreh5d79mmh6hp4t4ez8vn4zvvchpfxh2wxfuc007teqxs0t0ncx,14,iog,246,75000000000,20c780ab9badf5fe6832efd78a79beb516f8f84559baa00dcfdcbaf2a3d31983
2026-06-11T13:49:08Z,abcde_forensics_stage_founders_depth14,pool13s20ka2n9tj7vsjgxnhdy4w5x2cv2eyhqqjzmc5u8h8mjumu6v4,owner,stake1u9rpsstzhc0dxkjza3cd4nx0gdnuylmxmuz9h3mknmxhsdsl8y5yz,13,iog,265,9000000,4d7c163efd52f8338200b0ede08d3994378e2e96dd8b74c5ced97cb338c7c4a5
2026-06-11T13:49:08Z,abcde_forensics_stage_founders_depth14,pool13s20ka2n9tj7vsjgxnhdy4w5x2cv2eyhqqjzmc5u8h8mjumu6v4,reward_address,stake1u9rpsstzhc0dxkjza3cd4nx0gdnuylmxmuz9h3mknmxhsdsl8y5yz,13,iog,265,9000000,4d7c163efd52f8338200b0ede08d3994378e2e96dd8b74c5ced97cb338c7c4a5
2026-06-11T13:49:08Z,abcde_forensics_stage_founders_depth14,pool13s6u5zjngelr5uddhqygqqf5tcup0g3ajenma6amy9zuu7e97gm,owner,stake1uy85drnl3egqck3rhghynkxhypfmz5dwmftamjh35y8004g7rv2ua,13,emurgo+iog,473,200000000000,d8b9b152de890e83fff83d9b43a4aa832154120f62557e9f35f23f3e8dc913b3
2026-06-11T13:49:08Z,abcde_forensics_stage_founders_depth14,pool13s6u5zjngelr5uddhqygqqf5tcup0g3ajenma6amy9zuu7e97gm,reward_address,stake1uy85drnl3egqck3rhghynkxhypfmz5dwmftamjh35y8004g7rv2ua,13,emurgo+iog,473,200000000000,d8b9b152de890e83fff83d9b43a4aa832154120f62557e9f35f23f3e8dc913b3
2026-06-11T13:49:08Z,abcde_forensics_stage_founders_depth14,pool13swkukm53su9nkwah6mduyxyqk00vh9g85hum8hmmkvekc6ygjh,owner,stake1uxcmcx7dqhxhs4aljxswhcttps70gp8pac507n6npk9musqtl9cdf,14,iog,260,750000000,7d65f0eaaf370d21a435a04c2ef82552029fe9558a570661e73fc45700064d55
2026-06-11T13:49:08Z,abcde_forensics_stage_founders_depth14,pool13swkukm53su9nkwah6mduyxyqk00vh9g85hum8hmmkvekc6ygjh,reward_address,stake1uxcmcx7dqhxhs4aljxswhcttps70gp8pac507n6npk9musqtl9cdf,14,iog,260,750000000,7d65f0eaaf370d21a435a04c2ef82552029fe9558a570661e73fc45700064d55
2026-06-11T13:49:08Z,abcde_forensics_stage_founders_depth14,pool13wzpwavanfpkr4r4j30plrlc6dn6p822lkt22zdllmy7q8y7s90,owner,stake1uyrcr530pwf30z80tl3d08duy4u8rqd7767zsrxskh4t7tg0m7ex6,14,iog,288,50000000,fd5660985c078d3cacd36e40afa1c8a8bf2dd9d4ecf452fb99806d3e4a5a3dbf
2026-06-11T13:49:08Z,abcde_forensics_stage_founders_depth14,pool13wzpwavanfpkr4r4j30plrlc6dn6p822lkt22zdllmy7q8y7s90,reward_address,stake1uyrcr530pwf30z80tl3d08duy4u8rqd7767zsrxskh4t7tg0m7ex6,14,iog,288,50000000,fd5660985c078d3cacd36e40afa1c8a8bf2dd9d4ecf452fb99806d3e4a5a3dbf
2026-06-11T13:49:08Z,abcde_forensics_stage_founders_depth14,pool13ygs5zpxe7j6c7zh2u3tcgyrhm03y6lpjpwgra6v8ykszrhvzyl,owner,stake1uyzleu2qhmjmaf8qf7sfqhvw55m4ttyfmwygjt0s98uyd7qtystt3,13,iog,251,100000000,603a6d981e8b06440f31bf5753f568291d20c8b27ff34c730ad2d7200cdd1de0
2026-06-11T13:49:08Z,abcde_forensics_stage_founders_depth14,pool13ygs5zpxe7j6c7zh2u3tcgyrhm03y6lpjpwgra6v8ykszrhvzyl,reward_address,stake1uyzleu2qhmjmaf8qf7sfqhvw55m4ttyfmwygjt0s98uyd7qtystt3,13,iog,251,100000000,603a6d981e8b06440f31bf5753f568291d20c8b27ff34c730ad2d7200cdd1de0
2026-06-11T13:49:08Z,abcde_forensics_stage_founders_depth14,pool13yzvp89kl94wa9lrd2wadrtlj227uslz6w5g0vl9djpey2klq2v,owner,stake1uymmjwzgs89tqwsmmzmrawm0mnlp5f43j66mhtc2t8hz4xq73m30y,12,emurgo+iog,264,1000000000,40cc24d4f159f999c690a60cbcd283cfb008473061c0054eede5f4e61fad6a6e
2026-06-11T13:49:08Z,abcde_forensics_stage_founders_depth14,pool13yzvp89kl94wa9lrd2wadrtlj227uslz6w5g0vl9djpey2klq2v,reward_address,stake1uymmjwzgs89tqwsmmzmrawm0mnlp5f43j66mhtc2t8hz4xq73m30y,12,emurgo+iog,264,1000000000,40cc24d4f159f999c690a60cbcd283cfb008473061c0054eede5f4e61fad6a6e
2026-06-11T13:49:08Z,abcde_forensics_stage_founders_depth14,pool13zh79cqv3y36cgknzagwegp8y0kuzel2j046jmup97hhjwk5myw,owner,stake1u9xmwcj93ev7j7g8sm4278ulcwfzwgtyspq9x6yyzvv2q0gjslq5u,14,emurgo,341,100000000,439c73aa32529ab40da943777df49f7710ec130a4a735454c542632a6956dd65
2026-06-11T13:49:08Z,abcde_forensics_stage_founders_depth14,pool13zh79cqv3y36cgknzagwegp8y0kuzel2j046jmup97hhjwk5myw,reward_address,stake1u9xmwcj93ev7j7g8sm4278ulcwfzwgtyspq9x6yyzvv2q0gjslq5u,14,emurgo,341,100000000,439c73aa32529ab40da943777df49f7710ec130a4a735454c542632a6956dd65
2026-06-11T13:49:08Z,abcde_forensics_stage_founders_depth14,pool13zq5jktx7xmngfer82nkrs8aqjklmydntxdqzttas328yuttgx6,owner,stake1u94judytylwrhg7kj75l3gxvvnq9723xpn8mvu25dpwcaycm8ze8r,14,emurgo,614,100000000,01acba744ba1373b8ce16fbbf651a66f94ea051161c208db48fd87dff424edaf
2026-06-11T13:49:08Z,abcde_forensics_stage_founders_depth14,pool13zq5jktx7xmngfer82nkrs8aqjklmydntxdqzttas328yuttgx6,reward_address,stake1u94judytylwrhg7kj75l3gxvvnq9723xpn8mvu25dpwcaycm8ze8r,14,emurgo,614,100000000,01acba744ba1373b8ce16fbbf651a66f94ea051161c208db48fd87dff424edaf
2026-06-11T13:49:08Z,abcde_forensics_stage_founders_depth14,pool14048xr6uxg2hcakgwevh6zmsj02sw4xsyaxk033dws6tjnaljup,owner,stake1uygx6cz4du9g8fjx6c56f2nl5fpgc5hvk0g0aut8kcl5yfcwrxgs7,13,iog,294,125000000000,199b1a2df326aebd0db2d04a0f062b27f6fa259f23c644ffaeed1c76076432ce
2026-06-11T13:49:08Z,abcde_forensics_stage_founders_depth14,pool14048xr6uxg2hcakgwevh6zmsj02sw4xsyaxk033dws6tjnaljup,owner,stake1uyn3lz5dvszjagyuuwe6uxvl4hfmg3mlpn9l36w5lf4axgsjurw75,14,iog,294,125000000000,199b1a2df326aebd0db2d04a0f062b27f6fa259f23c644ffaeed1c76076432ce
2026-06-11T13:49:08Z,abcde_forensics_stage_founders_depth14,pool1442wwr8zzdpcu8uwnglackzr3u5ggrmfxsjja0s7aef66hk2fuc,owner,stake1u84mq4xuvxcuz54ayxc7uywl0umjp9d2qdcjgph5sc3xtkgmzusfp,14,iog,510,20000000000,217946905eb42ed88ed297e81807812c8a0e1cd2bb30cf5f1c00b8b527a03617
2026-06-11T13:49:08Z,abcde_forensics_stage_founders_depth14,pool1442wwr8zzdpcu8uwnglackzr3u5ggrmfxsjja0s7aef66hk2fuc,owner,stake1uyuzk0k2e6jrqlp0hswsu9s834rzmmy2kpvsshdx6wt3hdggc0yud,13,iog,510,20000000000,217946905eb42ed88ed297e81807812c8a0e1cd2bb30cf5f1c00b8b527a03617
2026-06-11T13:49:08Z,abcde_forensics_stage_founders_depth14,pool1457cnl7qu568h98xrw8krfnjkhf05mfhaq2l50epwy36yuln20q,owner,stake1u8avmrd9jng4vu2a2eucdwuqlqu4v3335nh0g3fzuwjfcyqgrhyk3,14,iog,548,35000000000000,9e99deaa187cb6a7fcbd262fa7c98261befb1d59d7be0aa7270a470d4a8c6504
2026-06-11T13:49:08Z,abcde_forensics_stage_founders_depth14,pool1457cnl7qu568h98xrw8krfnjkhf05mfhaq2l50epwy36yuln20q,reward_address,stake1u8avmrd9jng4vu2a2eucdwuqlqu4v3335nh0g3fzuwjfcyqgrhyk3,14,iog,548,35000000000000,9e99deaa187cb6a7fcbd262fa7c98261befb1d59d7be0aa7270a470d4a8c6504
2026-06-11T13:49:08Z,abcde_forensics_stage_founders_depth14,pool145jmeyyer5qeqwta6ezghfwxuvn46eudkghjw4zzwr79xj3cxqc,owner,stake1uy52tplf2gm6wskcp3p37kpupvplp7xz68uklz223gc7dzgkfacs2,14,iog,262,2000000000,3fe91c672d779f2ce5e31e14c5d10fac82697fb4ff5395559e6c759c04c49c77
2026-06-11T13:49:08Z,abcde_forensics_stage_founders_depth14,pool145jmeyyer5qeqwta6ezghfwxuvn46eudkghjw4zzwr79xj3cxqc,reward_address,stake1uy52tplf2gm6wskcp3p37kpupvplp7xz68uklz223gc7dzgkfacs2,14,iog,262,2000000000,3fe91c672d779f2ce5e31e14c5d10fac82697fb4ff5395559e6c759c04c49c77
2026-06-11T13:49:08Z,abcde_forensics_stage_founders_depth14,pool145syjlq30ph60rwwutnuxf73p029vag7tq7tv4jfj07nkh6spvs,owner,stake1ux57tvdgwuk7625lnnk9pl6a6glsturt6zrudk8dw9cx75cx44wdc,13,iog,271,11000000000,9c0bed8b5c16f37e0a821eab1ce88c891e8cb9c2fbae107998541bd35c255aa0
2026-06-11T13:49:08Z,abcde_forensics_stage_founders_depth14,pool145syjlq30ph60rwwutnuxf73p029vag7tq7tv4jfj07nkh6spvs,reward_address,stake1ux57tvdgwuk7625lnnk9pl6a6glsturt6zrudk8dw9cx75cx44wdc,13,iog,271,11000000000,9c0bed8b5c16f37e0a821eab1ce88c891e8cb9c2fbae107998541bd35c255aa0
2026-06-11T13:49:08Z,abcde_forensics_stage_founders_depth14,pool146tvhyjes5recygg5sfwsy97rpcadr9tdhlmdmwm4jddkd784p2,owner,stake1uykz4cwtvvk0uwh0l00w78dhy3kcmt5djmfv3drcspfztzqwldqxm,14,iog,303,16000000000,2b4606103a2ffb6187b1887233596daa8ec2a7451e2ff997bf7094ba5d109ee8
2026-06-11T13:49:08Z,abcde_forensics_stage_founders_depth14,pool146tvhyjes5recygg5sfwsy97rpcadr9tdhlmdmwm4jddkd784p2,reward_address,stake1uykz4cwtvvk0uwh0l00w78dhy3kcmt5djmfv3drcspfztzqwldqxm,14,iog,303,16000000000,2b4606103a2ffb6187b1887233596daa8ec2a7451e2ff997bf7094ba5d109ee8
2026-06-11T13:49:08Z,abcde_forensics_stage_founders_depth14,pool147en6w8f9cplnn5x7qt4ese7fpacmmcwuffrtu0yqxpaz4agppr,owner,stake1u8l64ehdvs94hwfle3a7zj4ns5fv9ph6xk8rgj8yfzttcmc5wjr40,14,iog,590,37000000000,da4cb5e06b852b771599fd1b8e5ea299fcc6c670a65b2b659c5bf55f0fcf68e0
2026-06-11T13:49:08Z,abcde_forensics_stage_founders_depth14,pool147en6w8f9cplnn5x7qt4ese7fpacmmcwuffrtu0yqxpaz4agppr,reward_address,stake1u8l64ehdvs94hwfle3a7zj4ns5fv9ph6xk8rgj8yfzttcmc5wjr40,14,iog,590,37000000000,da4cb5e06b852b771599fd1b8e5ea299fcc6c670a65b2b659c5bf55f0fcf68e0
2026-06-11T13:49:08Z,abcde_forensics_stage_founders_depth14,pool1484zq40k4xg69t55z4fqz78zz6j3t9pvlw4jd635w692xhfzkka,owner,stake1uy559uc9tnqmlrvkt44n5p4n58we58wd9dynmat0u3e6fvctra4yt,14,emurgo,264,30000000000,bf34032b5e6c7a3c1d9d254756218a6648a1a8528de0f8c3666bfcbe42bd300b
2026-06-11T13:49:08Z,abcde_forensics_stage_founders_depth14,pool1484zq40k4xg69t55z4fqz78zz6j3t9pvlw4jd635w692xhfzkka,reward_address,stake1uy559uc9tnqmlrvkt44n5p4n58we58wd9dynmat0u3e6fvctra4yt,14,emurgo,264,30000000000,bf34032b5e6c7a3c1d9d254756218a6648a1a8528de0f8c3666bfcbe42bd300b
2026-06-11T13:49:08Z,abcde_forensics_stage_founders_depth14,pool14a39gegmmc0xp7u3vr2lxggpphjm97nef6d35ytrukfwqvavj8j,owner,stake1uyqfezefvvh7sg2jeyd765dlqjfq9r60l72d2fpz2jgw6hsnzu99c,14,iog,321,5000000000,baa425803bdf89889d2f6f33550e3203b29ddc6b5e6abf9e3385c297db86f6fd
2026-06-11T13:49:08Z,abcde_forensics_stage_founders_depth14,pool14a39gegmmc0xp7u3vr2lxggpphjm97nef6d35ytrukfwqvavj8j,reward_address,stake1uyqfezefvvh7sg2jeyd765dlqjfq9r60l72d2fpz2jgw6hsnzu99c,14,iog,321,5000000000,baa425803bdf89889d2f6f33550e3203b29ddc6b5e6abf9e3385c297db86f6fd
2026-06-11T13:49:08Z,abcde_forensics_stage_founders_depth14,pool14acgepf3pp9djz9unwk43j8u2z445xk8d0wx2ffwt8thv4nzna3,owner,stake1u8phjmptednxr5yqr4pa0rndhuktdma5hjm7xgq32d26knch6tafx,13,iog,254,500000000,f6e659ac0d42770430a7ea15ca61319d6999c4362999af6c010cba7c3de3fc53
2026-06-11T13:49:08Z,abcde_forensics_stage_founders_depth14,pool14acgepf3pp9djz9unwk43j8u2z445xk8d0wx2ffwt8thv4nzna3,reward_address,stake1u8phjmptednxr5yqr4pa0rndhuktdma5hjm7xgq32d26knch6tafx,13,iog,254,500000000,f6e659ac0d42770430a7ea15ca61319d6999c4362999af6c010cba7c3de3fc53
2026-06-11T13:49:08Z,abcde_forensics_stage_founders_depth14,pool14cq4fchmmqjygwjw4zexmqqd6a7caxptjnvseyu6wanjuppv4vk,owner,stake1u8vvxlwjg54d0g6cffg5rank07es0d3rfgyelm7rfyq3uyq7ln9ur,14,iog,533,3000000000000,cc6b443d5903f66b5070b293f6456d3362d0e089499beacd98454807985d4e0c
2026-06-11T13:49:08Z,abcde_forensics_stage_founders_depth14,pool14cq4fchmmqjygwjw4zexmqqd6a7caxptjnvseyu6wanjuppv4vk,owner,stake1u9qy3jjnm5jwrc0q29sk5gxtw9zh3zffl4zr7v4q4keyhlqzlr0wl,13,emurgo+iog,533,3000000000000,cc6b443d5903f66b5070b293f6456d3362d0e089499beacd98454807985d4e0c
2026-06-11T13:49:08Z,abcde_forensics_stage_founders_depth14,pool14cteh4nuwyvqadavujaf8qy05g208y66ddmct4vwlzurj0zluet,owner,stake1u9jscvhh7wcd95trfcwqwymm924a6wfdndkkrkkf6qs2rqs5ddd7p,12,iog,289,1000000000,665688def2597c0fb40b37cd77f221df3666c3704964ac49dd2fcc104c66cac9
2026-06-11T13:49:08Z,abcde_forensics_stage_founders_depth14,pool14cx2egf7wfe6fsc6r7fna7sjj6zuxa0q0rlg2cf8tqy06w0pej3,owner,stake1u9jhfz585nvunvfyq8scyqaw9q9u7d8sv5azg4q362uv32q2fhdla,12,iog,258,1999000000,975ff0c0a5398aa5203d77c567e5e63b07f6c8e6cc82dfcfba2f938d729a84df
2026-06-11T13:49:08Z,abcde_forensics_stage_founders_depth14,pool14cx2egf7wfe6fsc6r7fna7sjj6zuxa0q0rlg2cf8tqy06w0pej3,reward_address,stake1u9jhfz585nvunvfyq8scyqaw9q9u7d8sv5azg4q362uv32q2fhdla,12,iog,258,1999000000,975ff0c0a5398aa5203d77c567e5e63b07f6c8e6cc82dfcfba2f938d729a84df
2026-06-11T13:49:08Z,abcde_forensics_stage_founders_depth14,pool14dswwngc8j92uek927jced2lfc7c4pa4ss9gry9nu9rhkc7a055,owner,stake1uxqhggk8fffmv860yu0kv23e037vvh9l2wvw7u9yqyv8uncz7msul,14,iog,485,100000000000,d6249ee172a94e516570ad8e66516d3a484e0baae335690627dfc8d512a4b370
2026-06-11T13:49:08Z,abcde_forensics_stage_founders_depth14,pool14dswwngc8j92uek927jced2lfc7c4pa4ss9gry9nu9rhkc7a055,reward_address,stake1uxqhggk8fffmv860yu0kv23e037vvh9l2wvw7u9yqyv8uncz7msul,14,iog,485,100000000000,d6249ee172a94e516570ad8e66516d3a484e0baae335690627dfc8d512a4b370
2026-06-11T13:49:08Z,abcde_forensics_stage_founders_depth14,pool14e7g4xmj77s7sy5uajwvdmvejmjcvhkf449tasq3tz80gv098t8,owner,stake1uxc8hkjeup6mkyc4t4q7dq803dlumsxw38mqk3qn5av9m6cfxjcuh,11,iog,255,50000000000,9f513db5043a9d1c7f522fa23ee5a731d23e3258763db68c665a45bc8b1baaeb
2026-06-11T13:49:08Z,abcde_forensics_stage_founders_depth14,pool14e7g4xmj77s7sy5uajwvdmvejmjcvhkf449tasq3tz80gv098t8,reward_address,stake1uxc8hkjeup6mkyc4t4q7dq803dlumsxw38mqk3qn5av9m6cfxjcuh,11,iog,255,50000000000,9f513db5043a9d1c7f522fa23ee5a731d23e3258763db68c665a45bc8b1baaeb
2026-06-11T13:49:08Z,abcde_forensics_stage_founders_depth14,pool14g7yxpecpp2vt25nc7mjtf8q5g8n362wxksvpxz5fht35khqs0t,owner,stake1uyxdtz0qhwh2u4e952wr67j4uw7kuynlvdw8nrj9tr65wkqq3vxrk,13,iog,249,10000000,19f06e4d184a706e1516e741bc4a975d9ed7d3e5346f814a9f9c52aec70f0655
2026-06-11T13:49:08Z,abcde_forensics_stage_founders_depth14,pool14g7yxpecpp2vt25nc7mjtf8q5g8n362wxksvpxz5fht35khqs0t,reward_address,stake1uyxdtz0qhwh2u4e952wr67j4uw7kuynlvdw8nrj9tr65wkqq3vxrk,13,iog,249,10000000,19f06e4d184a706e1516e741bc4a975d9ed7d3e5346f814a9f9c52aec70f0655
2026-06-11T13:49:08Z,abcde_forensics_stage_founders_depth14,pool14gu2yv67enp56dym7ww2d0d72723kgrcqsuau5nxjv9ryt004rt,owner,stake1ux5lpgdt4rcn0sc5vxe8ker7c3a3gs2ddq6v2prgmfgvg3qz7tpk9,14,iog,242,11000000000,c872eeb80cc221cf66d9d5693bf38b125932b7ecc126282c0e4b7b1171e64968
2026-06-11T13:49:08Z,abcde_forensics_stage_founders_depth14,pool14gu2yv67enp56dym7ww2d0d72723kgrcqsuau5nxjv9ryt004rt,reward_address,stake1ux5lpgdt4rcn0sc5vxe8ker7c3a3gs2ddq6v2prgmfgvg3qz7tpk9,14,iog,242,11000000000,c872eeb80cc221cf66d9d5693bf38b125932b7ecc126282c0e4b7b1171e64968
2026-06-11T13:49:08Z,abcde_forensics_stage_founders_depth14,pool14gzj8a99u43j2gu3z0wcyedvdca27m2lx7msqxywl3lrcyrvmys,owner,stake1ux8exujsz7gevfc20jxqws6w5k6u9pe7echke2fs0u7nmfshys39a,14,iog,236,0,71db6f8da9018be729db395ef98a950147edee455d5c0128246851a37d67df9f
2026-06-11T13:49:08Z,abcde_forensics_stage_founders_depth14,pool14gzj8a99u43j2gu3z0wcyedvdca27m2lx7msqxywl3lrcyrvmys,reward_address,stake1ux8exujsz7gevfc20jxqws6w5k6u9pe7echke2fs0u7nmfshys39a,14,iog,236,0,71db6f8da9018be729db395ef98a950147edee455d5c0128246851a37d67df9f
2026-06-11T13:49:08Z,abcde_forensics_stage_founders_depth14,pool14hpc9wgnwy0w3jrlcqwftyufm8xs5qena4sax5hx7e5q703uuml,owner,stake1u8uq45vjmh8lpdcuddscxy0eeqe43wzwsv8srw2gff92y9cxsqzp2,13,iog,261,1000000000,a7ec5db5bcfa5568d6f70cd2e20e8a7518bced2a974fb48679b6153e96e15472
2026-06-11T13:49:08Z,abcde_forensics_stage_founders_depth14,pool14hpc9wgnwy0w3jrlcqwftyufm8xs5qena4sax5hx7e5q703uuml,reward_address,stake1u8uq45vjmh8lpdcuddscxy0eeqe43wzwsv8srw2gff92y9cxsqzp2,13,iog,261,1000000000,a7ec5db5bcfa5568d6f70cd2e20e8a7518bced2a974fb48679b6153e96e15472
2026-06-11T13:49:08Z,abcde_forensics_stage_founders_depth14,pool14ku0z9rx9yx34zl00jtxtpyv6ehytfl8fewztavx7qvju7nrtr8,owner,stake1u9z07jwyrlyh57dsvhmmdlt555vpvwdrky0ykf4le4k7zuc3pvuy0,14,iog,381,0,3e9e60ba3d9807475234d4df7b095e34fdbbdf0c11d4839ca0cd64b0c04d4fed
2026-06-11T13:49:08Z,abcde_forensics_stage_founders_depth14,pool14ku0z9rx9yx34zl00jtxtpyv6ehytfl8fewztavx7qvju7nrtr8,reward_address,stake1u9z07jwyrlyh57dsvhmmdlt555vpvwdrky0ykf4le4k7zuc3pvuy0,14,iog,381,0,3e9e60ba3d9807475234d4df7b095e34fdbbdf0c11d4839ca0cd64b0c04d4fed
2026-06-11T13:49:08Z,abcde_forensics_stage_founders_depth14,pool14l293trv4pdm7uv7pfunq3sawyvf8m00qlfuahenc3uyujqnstf,owner,stake1uy9mkjmzds9f5j6a5ck4ytz9zyve9kjtaj3exvs640h4vyc5r39j3,12,iog,283,50000000000,c8c9c813014f5fe0e8445238cfa4a36b6cbb35fae8bdd85c73435a21c9a691b3
2026-06-11T13:49:08Z,abcde_forensics_stage_founders_depth14,pool14lka9609z3f9kpj0cy2kddupypg0mw2sevehu949hwccsrghrym,owner,stake1u8euea5ft5vnhnlwsq4y5mttvaehy924q8vtxsfkzspdstcgndy5q,13,iog,277,1400000000,72b04aefb396e36472e28fcf1df9e4925ea745ffb54710a6dd2c6b143bdde22d
2026-06-11T13:49:08Z,abcde_forensics_stage_founders_depth14,pool14lka9609z3f9kpj0cy2kddupypg0mw2sevehu949hwccsrghrym,reward_address,stake1u8euea5ft5vnhnlwsq4y5mttvaehy924q8vtxsfkzspdstcgndy5q,13,iog,277,1400000000,72b04aefb396e36472e28fcf1df9e4925ea745ffb54710a6dd2c6b143bdde22d
2026-06-11T13:49:08Z,abcde_forensics_stage_founders_depth14,pool14llguwz2vrz2pey2s8kavqjz6nfttvwx08ydq4xgg90fcncn80x,owner,stake1uyeng44vcrsgs8ydm6sns2wrannwaj742rwlr6clsnjk3dqpdu6a0,13,emurgo+iog,253,40000000,b7ab574ee32bf71541f344566b36b07dd0504c72a08ea097f5e4adfae89f005a
2026-06-11T13:49:08Z,abcde_forensics_stage_founders_depth14,pool14llguwz2vrz2pey2s8kavqjz6nfttvwx08ydq4xgg90fcncn80x,reward_address,stake1uyeng44vcrsgs8ydm6sns2wrannwaj742rwlr6clsnjk3dqpdu6a0,13,emurgo+iog,253,40000000,b7ab574ee32bf71541f344566b36b07dd0504c72a08ea097f5e4adfae89f005a
2026-06-11T13:49:08Z,abcde_forensics_stage_founders_depth14,pool14mfyw7sm2md5svfwh8wf3qpmfqhr8egl6d7j8e5pwpg7vf0crz5,owner,stake1uy6yy4rsj85fh74h8glt6yzwz74f0y9zzr7ju2acaze6ugc3zp88g,9,iog,304,60000000000,07453fde811e66b56679c0f57219003ef08c65d739e7353381152d99f81c50f8
2026-06-11T13:49:08Z,abcde_forensics_stage_founders_depth14,pool14mfyw7sm2md5svfwh8wf3qpmfqhr8egl6d7j8e5pwpg7vf0crz5,reward_address,stake1uy6yy4rsj85fh74h8glt6yzwz74f0y9zzr7ju2acaze6ugc3zp88g,9,iog,304,60000000000,07453fde811e66b56679c0f57219003ef08c65d739e7353381152d99f81c50f8
2026-06-11T13:49:08Z,abcde_forensics_stage_founders_depth14,pool14nzt6708j4jgu5f5ajxgp0pdfp42jqraum585dy2r7vt5zulyd8,owner,stake1u8hsru6wvcfrzuz595um9glwjgqm7gxzys0mg6vv4vwq0fq8xmf9t,13,iog,261,4500000000,0938f729273e7152808670660a4e1f51c5ea823d2b08b7ae0e260c149d9e9dc1
2026-06-11T13:49:08Z,abcde_forensics_stage_founders_depth14,pool14nzt6708j4jgu5f5ajxgp0pdfp42jqraum585dy2r7vt5zulyd8,reward_address,stake1u8hsru6wvcfrzuz595um9glwjgqm7gxzys0mg6vv4vwq0fq8xmf9t,13,iog,261,4500000000,0938f729273e7152808670660a4e1f51c5ea823d2b08b7ae0e260c149d9e9dc1
2026-06-11T13:49:08Z,abcde_forensics_stage_founders_depth14,pool14pgflx8fvx94yrfz429w37m4n44kpnzldnfwwrjvs4cz24q22nl,owner,stake1u86ygflegyxxsjhazl77vgcy5tcqy4lqhm0cu3ea9j4n3uq6n06n8,14,iog,255,30000000000,cecc7069c9ed66f18cbdc3a180cb38c925b1b777a516c48e6d658ca2bcec354c
2026-06-11T13:49:08Z,abcde_forensics_stage_founders_depth14,pool14pgflx8fvx94yrfz429w37m4n44kpnzldnfwwrjvs4cz24q22nl,owner,stake1u8lh6n5jrypgltdd4hx0s5vm2xaxnsxankuags8ehp7j9yst2m3v4,14,iog,255,30000000000,cecc7069c9ed66f18cbdc3a180cb38c925b1b777a516c48e6d658ca2bcec354c
2026-06-11T13:49:08Z,abcde_forensics_stage_founders_depth14,pool14pgflx8fvx94yrfz429w37m4n44kpnzldnfwwrjvs4cz24q22nl,reward_address,stake1u86ygflegyxxsjhazl77vgcy5tcqy4lqhm0cu3ea9j4n3uq6n06n8,14,iog,255,30000000000,cecc7069c9ed66f18cbdc3a180cb38c925b1b777a516c48e6d658ca2bcec354c
2026-06-11T13:49:08Z,abcde_forensics_stage_founders_depth14,pool14pwff25hl70dusazjckjqvzft35ew67t33x49hwjm5j7y675ere,owner,stake1u88rtazu4wawqt2g2ckpglj3k2mc6wl65nkqqrjqxc75y6sgqkm7c,14,iog,269,100000000,d6a40c6478206cc6e05ca642cea8a0a105f5a9157831bf06888ef79cba711787
2026-06-11T13:49:08Z,abcde_forensics_stage_founders_depth14,pool14pwff25hl70dusazjckjqvzft35ew67t33x49hwjm5j7y675ere,reward_address,stake1u88rtazu4wawqt2g2ckpglj3k2mc6wl65nkqqrjqxc75y6sgqkm7c,14,iog,269,100000000,d6a40c6478206cc6e05ca642cea8a0a105f5a9157831bf06888ef79cba711787
2026-06-11T13:49:08Z,abcde_forensics_stage_founders_depth14,pool14rpgdxcawg7zjqv0xl793nhmle76n6r5kqe3j2mvvkdg5llxzg3,owner,stake1u9zxd068lpqw4sfr72r3luy9p2wsrvvunh3yy5ly7wsrvvqtgay53,12,emurgo+iog,259,52000000000,f2e59578bf8a8b627a52ea54b77b320bfa5241a94ad90b96e92c400df8a9b2e0
2026-06-11T13:49:08Z,abcde_forensics_stage_founders_depth14,pool14sy680gu86suhqvnnxt2mwehhzwzqk3wf6uf3xqhm2km655vnz9,owner,stake1uyncmxwncfkjhplzagmx0fc2e337jw9sr2afg9vlvssl55gy5sx78,13,iog,392,1000000000,2dc276bd82032fa7032fa1745cf5810c0adfd7d59d47c9f69b4f2f9d127592e2
2026-06-11T13:49:08Z,abcde_forensics_stage_founders_depth14,pool14sy680gu86suhqvnnxt2mwehhzwzqk3wf6uf3xqhm2km655vnz9,reward_address,stake1uyncmxwncfkjhplzagmx0fc2e337jw9sr2afg9vlvssl55gy5sx78,13,iog,392,1000000000,2dc276bd82032fa7032fa1745cf5810c0adfd7d59d47c9f69b4f2f9d127592e2
2026-06-11T13:49:08Z,abcde_forensics_stage_founders_depth14,pool14vtv7kae9z8rqaevzp6d3v0fsj6qch5agjy8w2v0tl6wyt9a7jx,owner,stake1uxj8nvvyfwqfury0cy0e072t4azgcr5uhdm8npnkyas6tjsm7892f,13,iog,268,0,0edf942a0a4ff23670eb8b8f28201d8d617261d0c7071466a6cf141c50505630
2026-06-11T13:49:08Z,abcde_forensics_stage_founders_depth14,pool14vtv7kae9z8rqaevzp6d3v0fsj6qch5agjy8w2v0tl6wyt9a7jx,reward_address,stake1ux4qa730565pnc4v8l89xyf3c3sy6yr6n9ggtddvkfgpkrsrm804h,13,iog,268,0,0edf942a0a4ff23670eb8b8f28201d8d617261d0c7071466a6cf141c50505630
2026-06-11T13:49:08Z,abcde_forensics_stage_founders_depth14,pool14wlry07ztuujxw7lkcpms78jdznp6u0mhhhuhm2crsf7xczldtx,owner,stake1u9mrdcu9648v8gftc3pgjt2q4nj0kdc3zw78yk4yfrsds5qgmkst8,14,iog,272,500000000,0801aa1c8e7a0eeb2531dcb7ace0107f0c3f6545dec243cbc8841db7e50916af
2026-06-11T13:49:08Z,abcde_forensics_stage_founders_depth14,pool14wlry07ztuujxw7lkcpms78jdznp6u0mhhhuhm2crsf7xczldtx,reward_address,stake1u9mrdcu9648v8gftc3pgjt2q4nj0kdc3zw78yk4yfrsds5qgmkst8,14,iog,272,500000000,0801aa1c8e7a0eeb2531dcb7ace0107f0c3f6545dec243cbc8841db7e50916af
2026-06-11T13:49:08Z,abcde_forensics_stage_founders_depth14,pool14z5zuqy98d956cktyjuztaj7u4a4wje88c8ewznqdh6uxwlpnj4,owner,stake1u96ypvc320c86qkd33f8usz3gatcfr8979es4g7zq090rwqsmmwlz,12,emurgo+iog,253,200000000000,0d5d9119ebbc1ece8174e42f5ded600735129c1353ea8517f0c38cb3bcac9681
2026-06-11T13:49:08Z,abcde_forensics_stage_founders_depth14,pool14z5zuqy98d956cktyjuztaj7u4a4wje88c8ewznqdh6uxwlpnj4,reward_address,stake1u96ypvc320c86qkd33f8usz3gatcfr8979es4g7zq090rwqsmmwlz,12,emurgo+iog,253,200000000000,0d5d9119ebbc1ece8174e42f5ded600735129c1353ea8517f0c38cb3bcac9681
2026-06-11T13:49:08Z,abcde_forensics_stage_founders_depth14,pool14zx5y80c5m5x5hch6e57pck6rlxfwlkvjujhypzzkne65mdl588,owner,stake1uxe8fqp6thtkhs4x2tjq07g65z39xkxy686jeryxq6azkdgw5kg9u,13,iog,296,0,76174fc737a15cb3e3d6ce0bf831929241f6905581e3e4c404a38c1283eff2d9
2026-06-11T13:49:08Z,abcde_forensics_stage_founders_depth14,pool14zx5y80c5m5x5hch6e57pck6rlxfwlkvjujhypzzkne65mdl588,reward_address,stake1uxe8fqp6thtkhs4x2tjq07g65z39xkxy686jeryxq6azkdgw5kg9u,13,iog,296,0,76174fc737a15cb3e3d6ce0bf831929241f6905581e3e4c404a38c1283eff2d9
2026-06-11T13:49:08Z,abcde_forensics_stage_founders_depth14,pool150tmra3wtm5vhwpn7ndku3djcw030mkvr54ph7gvgp7ugeq0m5m,owner,stake1u9dhu9wdcdv2meh98tajlaa8v5gemwemdvx5ga5zeapd40camm2r0,13,iog,265,63000000000000,5960d9edffea8779fdafc3af99c86a8ee24bcd023c190bc24091d3101e277745
2026-06-11T13:49:08Z,abcde_forensics_stage_founders_depth14,pool150tmra3wtm5vhwpn7ndku3djcw030mkvr54ph7gvgp7ugeq0m5m,reward_address,stake1u9dhu9wdcdv2meh98tajlaa8v5gemwemdvx5ga5zeapd40camm2r0,13,iog,265,63000000000000,5960d9edffea8779fdafc3af99c86a8ee24bcd023c190bc24091d3101e277745
2026-06-11T13:49:08Z,abcde_forensics_stage_founders_depth14,pool154kk65lzfuwq4zhp8s3fj0m5e5rf0gr5a38v83r9ldy6w8vmw5u,owner,stake1u9ypl3v044fhl4nmzskyedyenprkk9km484z8c5rzdyy4ccthv0l5,14,iog,253,100000000,9b69868229002547d502d7749d39cb58476d69b491af6d9a0d01cc5c9ff5145c
2026-06-11T13:49:08Z,abcde_forensics_stage_founders_depth14,pool154kk65lzfuwq4zhp8s3fj0m5e5rf0gr5a38v83r9ldy6w8vmw5u,reward_address,stake1u9ypl3v044fhl4nmzskyedyenprkk9km484z8c5rzdyy4ccthv0l5,14,iog,253,100000000,9b69868229002547d502d7749d39cb58476d69b491af6d9a0d01cc5c9ff5145c
2026-06-11T13:49:08Z,abcde_forensics_stage_founders_depth14,pool154tctt8r4je5perl9emrdyx4uc0p645vufr8432uu3ed64n5yxm,owner,stake1ux3j0rm6075f2tuat43jgg72aruzf0wd7rut2q7nmmetv5qvgca8j,14,iog,305,1000000000,23856906a772cebc348d6bac9b8fca17d7d9dd9b22c21ea835d716b08be045da
2026-06-11T13:49:08Z,abcde_forensics_stage_founders_depth14,pool154tctt8r4je5perl9emrdyx4uc0p645vufr8432uu3ed64n5yxm,reward_address,stake1ux3j0rm6075f2tuat43jgg72aruzf0wd7rut2q7nmmetv5qvgca8j,14,iog,305,1000000000,23856906a772cebc348d6bac9b8fca17d7d9dd9b22c21ea835d716b08be045da
2026-06-11T13:49:08Z,abcde_forensics_stage_founders_depth14,pool155x3l57d4xu52t93f9r55cqaysej4pc2dl3jkc9d6w5ckyu6u7n,owner,stake1uxt8dhqkawp2428cekmhvdy8g77yxqzm8dwntna6axctmlg2t6zln,14,iog,432,5000000000,3ff8fef74e7f4b7c1de51e38fdd414a50e7ff2474b2ebfe561bb55bd1490861f
2026-06-11T13:49:08Z,abcde_forensics_stage_founders_depth14,pool155x3l57d4xu52t93f9r55cqaysej4pc2dl3jkc9d6w5ckyu6u7n,reward_address,stake1uxt8dhqkawp2428cekmhvdy8g77yxqzm8dwntna6axctmlg2t6zln,14,iog,432,5000000000,3ff8fef74e7f4b7c1de51e38fdd414a50e7ff2474b2ebfe561bb55bd1490861f
2026-06-11T13:49:08Z,abcde_forensics_stage_founders_depth14,pool15676jwlm6gancffzs2jg9vf5xwzmspyktw75dl4kaucyst4qt8q,owner,stake1u9cu4lh8ug82fplz6urhxf380c3e2ezw62y42s5yrdxdfpg737eq8,14,iog,546,4000000000,e75d36a52350cd11ee3d326f88a1812b63bd6233724af1acf2d369142212076a
2026-06-11T13:49:08Z,abcde_forensics_stage_founders_depth14,pool15676jwlm6gancffzs2jg9vf5xwzmspyktw75dl4kaucyst4qt8q,reward_address,stake1u9cu4lh8ug82fplz6urhxf380c3e2ezw62y42s5yrdxdfpg737eq8,14,iog,546,4000000000,e75d36a52350cd11ee3d326f88a1812b63bd6233724af1acf2d369142212076a
2026-06-11T13:49:08Z,abcde_forensics_stage_founders_depth14,pool156wg3relgtlhwu55z3wpqurtaprguefe9tzrakhuqyyc60553au,owner,stake1ux0rmxrsrcl8fulqu8u08p5p8gmjpcp7263srlcen9jy48sdz2a3p,14,iog,323,500000000000,f29275a0c9e5db745fb52b821cb2659d8d3c94441415d1f66c4352ae873929f6
2026-06-11T13:49:08Z,abcde_forensics_stage_founders_depth14,pool15j6hdfel6c6zcr8gu39qgp5xkrs264yn9hm8ynhaydjtxvmznxq,owner,stake1uynwwu36rspfld2s4fn7cgr6q3k449jkt5mqt5dwgptt8rgxsds24,12,emurgo+iog,528,20000000000,85848bb8d0f5a88739d080053dbe0c968c36dc394eb8cf7575ec6dc3a2a75179
2026-06-11T13:49:08Z,abcde_forensics_stage_founders_depth14,pool15j6hdfel6c6zcr8gu39qgp5xkrs264yn9hm8ynhaydjtxvmznxq,reward_address,stake1uynwwu36rspfld2s4fn7cgr6q3k449jkt5mqt5dwgptt8rgxsds24,12,emurgo+iog,528,20000000000,85848bb8d0f5a88739d080053dbe0c968c36dc394eb8cf7575ec6dc3a2a75179
2026-06-11T13:49:08Z,abcde_forensics_stage_founders_depth14,pool15ku704knemz35g8qavzj0tx4jrl947qs9zc6t0vflhlj6lp2ud5,owner,stake1u8q75lnxesfrsz72222a4fnjfj2d2h0kgex77juedu53wpc69fv3l,14,iog,319,5000000,5543136b3b3468b1ca47812d132f27e4b55734bc88d9af85fa944233c24fdbb9
2026-06-11T13:49:08Z,abcde_forensics_stage_founders_depth14,pool15ku704knemz35g8qavzj0tx4jrl947qs9zc6t0vflhlj6lp2ud5,reward_address,stake1u8q75lnxesfrsz72222a4fnjfj2d2h0kgex77juedu53wpc69fv3l,14,iog,319,5000000,5543136b3b3468b1ca47812d132f27e4b55734bc88d9af85fa944233c24fdbb9
2026-06-11T13:49:08Z,abcde_forensics_stage_founders_depth14,pool15l4plz3r2lm5x48lz78ph7qh8w89zd7ewrg62gvwv7u7kw6tmns,owner,stake1u9flppu3f2q9k5rnpfuzclzf8u07ral8ww4zv9gsg2af9vctw98fx,13,iog,251,25000000000,0d784a5cc52891c49083efaecfc640456ebeae1fd62dcf82d31b9bede1237a7e
2026-06-11T13:49:08Z,abcde_forensics_stage_founders_depth14,pool15l4plz3r2lm5x48lz78ph7qh8w89zd7ewrg62gvwv7u7kw6tmns,reward_address,stake1u9flppu3f2q9k5rnpfuzclzf8u07ral8ww4zv9gsg2af9vctw98fx,13,iog,251,25000000000,0d784a5cc52891c49083efaecfc640456ebeae1fd62dcf82d31b9bede1237a7e
2026-06-11T13:49:08Z,abcde_forensics_stage_founders_depth14,pool15m2c9krv4lvxrxzwcvlncjah4v0ps0g8rx4ujg63m5kaw8rfzz9,owner,stake1u9gdt32dw58r7h5p4xtmlqg0y96c87ap9d2hc004esd2pvqpnh39n,13,iog,214,0,e7fec562f0656fb1f4670582b278b1b2039a9e9340397283915d7803bc101704
2026-06-11T13:49:08Z,abcde_forensics_stage_founders_depth14,pool15m2c9krv4lvxrxzwcvlncjah4v0ps0g8rx4ujg63m5kaw8rfzz9,reward_address,stake1u9gdt32dw58r7h5p4xtmlqg0y96c87ap9d2hc004esd2pvqpnh39n,13,iog,214,0,e7fec562f0656fb1f4670582b278b1b2039a9e9340397283915d7803bc101704
2026-06-11T13:49:08Z,abcde_forensics_stage_founders_depth14,pool15mkly3gw008dmxfrh9eycl5aguyfm0rhdlup2hzukjkrsfdxqew,owner,stake1uxfw2xtecy5sf3v3080cf55avcddsrhjt0k97z0l3qkj86gzaeene,13,iog,482,500000000,b6791ee21e7a8e068a15f7107c50a374cead35a3af0087a04953d550c67fd42c
2026-06-11T13:49:08Z,abcde_forensics_stage_founders_depth14,pool15mkly3gw008dmxfrh9eycl5aguyfm0rhdlup2hzukjkrsfdxqew,reward_address,stake1uxfw2xtecy5sf3v3080cf55avcddsrhjt0k97z0l3qkj86gzaeene,13,iog,482,500000000,b6791ee21e7a8e068a15f7107c50a374cead35a3af0087a04953d550c67fd42c
2026-06-11T13:49:08Z,abcde_forensics_stage_founders_depth14,pool15ngqkccnl4pe35xldrmt6m6q6fcqcnyjvhdac20600gwxdqhr4w,owner,stake1u9zstulrg3t70mmp7und5uwt8qr2c3zrtarraaq5rm9l9sg7p4a3h,12,iog,260,10000000000,3d734dc022d578ed7d6636901168d94a5bc5b429709ec02b02e393da617fc83d
2026-06-11T13:49:08Z,abcde_forensics_stage_founders_depth14,pool15ngqkccnl4pe35xldrmt6m6q6fcqcnyjvhdac20600gwxdqhr4w,reward_address,stake1u9zstulrg3t70mmp7und5uwt8qr2c3zrtarraaq5rm9l9sg7p4a3h,12,iog,260,10000000000,3d734dc022d578ed7d6636901168d94a5bc5b429709ec02b02e393da617fc83d
2026-06-11T13:49:08Z,abcde_forensics_stage_founders_depth14,pool15nww4436eq733eypdq7vnllsnqyrwftw434xkvpm2mc2kfue2ux,owner,stake1uxmul3qqqrhe92ys8lu06fgwn4lhxms6zs4wfrat476y0usj7pq8m,14,iog,373,1000000000000,3077fb9553d402fc9ca100efe76315850f0980e9392d8d19373b096955c3a176
2026-06-11T13:49:08Z,abcde_forensics_stage_founders_depth14,pool15nww4436eq733eypdq7vnllsnqyrwftw434xkvpm2mc2kfue2ux,reward_address,stake1uxmul3qqqrhe92ys8lu06fgwn4lhxms6zs4wfrat476y0usj7pq8m,14,iog,373,1000000000000,3077fb9553d402fc9ca100efe76315850f0980e9392d8d19373b096955c3a176
2026-06-11T13:49:08Z,abcde_forensics_stage_founders_depth14,pool15plk69huszwt6mpamzacu07un6r5u89vhfyq5dvm8u39yhqq2dc,owner,stake1ux5ak2awetx83agf528cae2f0swdkx939ghsh937ctsy5vg7n043y,13,iog,580,100000000,151051a0d11849b93ad1a57fddeeee59b74b1dd257804c10f6f5580d216c2a39
2026-06-11T13:49:08Z,abcde_forensics_stage_founders_depth14,pool15plk69huszwt6mpamzacu07un6r5u89vhfyq5dvm8u39yhqq2dc,reward_address,stake1ux5ak2awetx83agf528cae2f0swdkx939ghsh937ctsy5vg7n043y,13,iog,580,100000000,151051a0d11849b93ad1a57fddeeee59b74b1dd257804c10f6f5580d216c2a39
2026-06-11T13:49:08Z,abcde_forensics_stage_founders_depth14,pool15pmdr6nw3g6mmt7regefp2lrx3njah0gpwsnqm794c4wsr23062,owner,stake1u8s43wa8qjrrqgas90dn68fa4edt63cl7jkjqlrsnmx405qdhswge,13,iog,516,100000000000,faef8cc158f868c4e1b85da230c646fc6baf8c6e91da73aac5f5c10f20d62b54
2026-06-11T13:49:08Z,abcde_forensics_stage_founders_depth14,pool15pmdr6nw3g6mmt7regefp2lrx3njah0gpwsnqm794c4wsr23062,reward_address,stake1u8s43wa8qjrrqgas90dn68fa4edt63cl7jkjqlrsnmx405qdhswge,13,iog,516,100000000000,faef8cc158f868c4e1b85da230c646fc6baf8c6e91da73aac5f5c10f20d62b54
2026-06-11T13:49:08Z,abcde_forensics_stage_founders_depth14,pool15qpzcchpqrqcjuxkfl4h6ruvpzh7yc0y63p475j546f2wrkdyvc,owner,stake1u9v4tvtyxm47u8q2xax6e89t67zuudnj6r0hn5j2x0yfvkqxp9s0l,14,iog,389,5000000000,5c4d44b9c3514c3e1eda04c67b076018edd951d7df56b26bbabf2cf0eae1cbfa
2026-06-11T13:49:08Z,abcde_forensics_stage_founders_depth14,pool15r7xg0vrrv2yu8wj3866eap8ftkuxvdk5rjz2lh4xajjq5v3p5d,reward_address,stake1uxcmc9r2t7cxs0zw8qm8ztg3twvxryzghsc8eszek6kuwms23gya4,12,iog,382,1000000000,916b59e098adeacea5ce793a01d8b2fefac0e6259c60a2668f31cde0f5e23746
2026-06-11T13:49:08Z,abcde_forensics_stage_founders_depth14,pool15ud5hthetfx6avs3ulm0w8gwga75p565zpphruyjl4k7sq3phlm,owner,stake1uycn6eazm8pu3028zhem4tgwq5my5k5gmhs60yhw3lsur0c76e5n9,13,iog,211,5000000000,592e25ac1ab57cfbdc22c9d4f2b51f57a0933aba0eaf70ddbc24227a70a65be6
2026-06-11T13:49:08Z,abcde_forensics_stage_founders_depth14,pool15ud5hthetfx6avs3ulm0w8gwga75p565zpphruyjl4k7sq3phlm,reward_address,stake1uycn6eazm8pu3028zhem4tgwq5my5k5gmhs60yhw3lsur0c76e5n9,13,iog,211,5000000000,592e25ac1ab57cfbdc22c9d4f2b51f57a0933aba0eaf70ddbc24227a70a65be6
2026-06-11T13:49:08Z,abcde_forensics_stage_founders_depth14,pool15uuf0sz5w0kp50wmflxml8ffnz880402nvj54e40e7l8x06y5e6,owner,stake1u8r8d0p4syya2vz02x8j8zq4k4fmd97rkpucck0syw9hs0qnc0qns,14,iog,292,20246000000,614e2f4eb00cce1d4b3abe66ce715611ce8c2b5662a5381c0437cfb293c19527
2026-06-11T13:49:08Z,abcde_forensics_stage_founders_depth14,pool15uuf0sz5w0kp50wmflxml8ffnz880402nvj54e40e7l8x06y5e6,reward_address,stake1u8r8d0p4syya2vz02x8j8zq4k4fmd97rkpucck0syw9hs0qnc0qns,14,iog,292,20246000000,614e2f4eb00cce1d4b3abe66ce715611ce8c2b5662a5381c0437cfb293c19527
2026-06-11T13:49:08Z,abcde_forensics_stage_founders_depth14,pool15vx3vhdgdj3cp87duenh9nm8ygwt7cyath5ekmlvhym7wc0tkae,owner,stake1u9hxvfdvnykmczkczpxcj77vh2jdt4ecuzfzl0jfje9lvss7jnnrn,14,iog,265,1000000,33be53408f623303f532a05c18e9af2c696b1df1b94b47a7de6e6405255df2e5
2026-06-11T13:49:08Z,abcde_forensics_stage_founders_depth14,pool15vx3vhdgdj3cp87duenh9nm8ygwt7cyath5ekmlvhym7wc0tkae,reward_address,stake1u9hxvfdvnykmczkczpxcj77vh2jdt4ecuzfzl0jfje9lvss7jnnrn,14,iog,265,1000000,33be53408f623303f532a05c18e9af2c696b1df1b94b47a7de6e6405255df2e5
2026-06-11T13:49:08Z,abcde_forensics_stage_founders_depth14,pool15z87p296y3m7eq8pwuu8qs6h2v4d2ctnx3yd2vqpl6txkkdvl5h,owner,stake1u9ynl9j3fdsasy9mvva24tsfcxuff7jqlfwyckt5vzd9nnsgd8nmx,12,iog,463,10000000000,0fd7c993df634a502e4e8cdaef826be197b4718ab31879ea1e0fd5fd7189b144
2026-06-11T13:49:08Z,abcde_forensics_stage_founders_depth14,pool15z87p296y3m7eq8pwuu8qs6h2v4d2ctnx3yd2vqpl6txkkdvl5h,reward_address,stake1u9ynl9j3fdsasy9mvva24tsfcxuff7jqlfwyckt5vzd9nnsgd8nmx,12,iog,463,10000000000,0fd7c993df634a502e4e8cdaef826be197b4718ab31879ea1e0fd5fd7189b144
2026-06-11T13:49:08Z,abcde_forensics_stage_founders_depth14,pool1628y4cuysuspjhcfhmx3te5ctd2vhuak9eft757947zsz5rtx8h,owner,stake1u8mtgu02v2p970hgtadx46jcmmtdukvnpshusw7h08jqvrqx0ees6,13,iog,389,20000000000,d32677ddb6fef0fb72964c4369a1c1d5185aa95ad3505b1265c07fad8295baff
2026-06-11T13:49:08Z,abcde_forensics_stage_founders_depth14,pool1628y4cuysuspjhcfhmx3te5ctd2vhuak9eft757947zsz5rtx8h,reward_address,stake1u8mtgu02v2p970hgtadx46jcmmtdukvnpshusw7h08jqvrqx0ees6,13,iog,389,20000000000,d32677ddb6fef0fb72964c4369a1c1d5185aa95ad3505b1265c07fad8295baff
2026-06-11T13:49:08Z,abcde_forensics_stage_founders_depth14,pool164g26r07tugjhpvj94n6v29gtrg4pu6pjcyf6lq4j670u990ztk,owner,stake1uyqahj94j69ln39ahz6qsme5utdalyzc58qt4ymzerzytjccautga,14,iog,266,200000000,f841074640e2f260edeb28898ca0bac317863d986c15c3433d265d07e9fb1fc5
2026-06-11T13:49:08Z,abcde_forensics_stage_founders_depth14,pool164g26r07tugjhpvj94n6v29gtrg4pu6pjcyf6lq4j670u990ztk,reward_address,stake1uyqahj94j69ln39ahz6qsme5utdalyzc58qt4ymzerzytjccautga,14,iog,266,200000000,f841074640e2f260edeb28898ca0bac317863d986c15c3433d265d07e9fb1fc5
2026-06-11T13:49:08Z,abcde_forensics_stage_founders_depth14,pool1668w66pcrdjmavz0c7vym7s4d3xm7578jy0fqzhk55677t4etud,owner,stake1uyccu9r3d2jvk925mpkqvl5kmycau3wxtxj05muhqgkm80g56lsy2,10,emurgo+iog,540,100000000000,b3dd11434f0025b43af6dabcf2c6480f117b4b5a300cd7f91926f572acc2e97c
2026-06-11T13:49:08Z,abcde_forensics_stage_founders_depth14,pool1668w66pcrdjmavz0c7vym7s4d3xm7578jy0fqzhk55677t4etud,reward_address,stake1uyccu9r3d2jvk925mpkqvl5kmycau3wxtxj05muhqgkm80g56lsy2,10,emurgo+iog,540,100000000000,b3dd11434f0025b43af6dabcf2c6480f117b4b5a300cd7f91926f572acc2e97c
2026-06-11T13:49:08Z,abcde_forensics_stage_founders_depth14,pool166dkk9kx5y6ug9tnvh0dnvxhwt2yca3g5pd5jaqa8t39cgyqqlr,owner,stake1u9qu5mz78rfe9agmer60ncpk5ym68j0pusn8jd7cq32ggac927fnl,14,iog,451,401000000000,b514a2a489b0c9cd36a0e3bb545c72e4380aab0d3eb2a2fcfd4ac45d91cfa2d1
2026-06-11T13:49:08Z,abcde_forensics_stage_founders_depth14,pool167rklq6c7hj8nt3g880x94pn2wc8kgqx5s8ml988y0qcccr6qsl,owner,stake1u847sq355fx3xtsz8rm37pvgcg4asvv5kkamh2v9rmpljhg5492h2,10,iog,309,70000000000,479aa70b216a9916121c71b5cc1659d205c9124fce0a328e07ffaf6d63660d1f
2026-06-11T13:49:08Z,abcde_forensics_stage_founders_depth14,pool167rklq6c7hj8nt3g880x94pn2wc8kgqx5s8ml988y0qcccr6qsl,owner,stake1u9z877h7ztr6dh8rt3kgqn4xnenwychw3zxfgdgwah0ne5gwn8ah8,13,iog,309,70000000000,479aa70b216a9916121c71b5cc1659d205c9124fce0a328e07ffaf6d63660d1f
2026-06-11T13:49:08Z,abcde_forensics_stage_founders_depth14,pool167sj6agas2g83hlzh79p5uzmrv8dr7k2y9jx9akx456es867vyw,owner,stake1uy4g39avkvrch75a9v5mmj2v9645w7eema5uqfzdu9mpc7g3c93as,14,iog,251,250000000,05c18d951f5c9ea21af6bc5f1351de37c0097e062b02a19abd6b37c5bfa64d5f
2026-06-11T13:49:08Z,abcde_forensics_stage_founders_depth14,pool167sj6agas2g83hlzh79p5uzmrv8dr7k2y9jx9akx456es867vyw,reward_address,stake1uy4g39avkvrch75a9v5mmj2v9645w7eema5uqfzdu9mpc7g3c93as,14,iog,251,250000000,05c18d951f5c9ea21af6bc5f1351de37c0097e062b02a19abd6b37c5bfa64d5f
2026-06-11T13:49:08Z,abcde_forensics_stage_founders_depth14,pool167zl76srpt5a2gthpsq0ye9z4fpray5vsh7xyzcn63hd5mnw7fa,reward_address,stake1uxcmc9r2t7cxs0zw8qm8ztg3twvxryzghsc8eszek6kuwms23gya4,12,iog,382,1000000000,96b7078ec94195c18b2a4c925bf8b0d395226c640384f5a80c006e6ef7394ce5
2026-06-11T13:49:08Z,abcde_forensics_stage_founders_depth14,pool1693h5jn424n7kazynt4h9r6fe8u8wtsp7us2me60msq5kpv390n,owner,stake1uyuda5vyy4lqhuhvp78t39y7fnktu65tnve6exdphy44pqsqzqq6y,14,iog,302,26169000000,2139ebca3a69662dd9dc0380dedf6260c15bdf27439e4dda81bb942145461857
2026-06-11T13:49:08Z,abcde_forensics_stage_founders_depth14,pool1693h5jn424n7kazynt4h9r6fe8u8wtsp7us2me60msq5kpv390n,reward_address,stake1uyuda5vyy4lqhuhvp78t39y7fnktu65tnve6exdphy44pqsqzqq6y,14,iog,302,26169000000,2139ebca3a69662dd9dc0380dedf6260c15bdf27439e4dda81bb942145461857
2026-06-11T13:49:08Z,abcde_forensics_stage_founders_depth14,pool169mewaur9ma6ffw6x90xhjj0sk9j8yu3ynqz20jh03dj20syqwc,owner,stake1u85hudg9z675gud6rv7e63ftk5qd85rqw05g3rx4u45jdwstf79h0,12,iog,267,9680000000,6f55cdbbe31eb38caea83b98830bff6f83a689aa09b3f84d3711078c7a798020
2026-06-11T13:49:08Z,abcde_forensics_stage_founders_depth14,pool169mewaur9ma6ffw6x90xhjj0sk9j8yu3ynqz20jh03dj20syqwc,reward_address,stake1u85hudg9z675gud6rv7e63ftk5qd85rqw05g3rx4u45jdwstf79h0,12,iog,267,9680000000,6f55cdbbe31eb38caea83b98830bff6f83a689aa09b3f84d3711078c7a798020
2026-06-11T13:49:08Z,abcde_forensics_stage_founders_depth14,pool169t8r0420lfrgr47c46kym3na4r2vqvla5wtahl7z9akgwr8eqf,owner,stake1uy00hea728esyg404kggmr52tkptcux98mzrjcy393h9aagn9nypd,13,iog,323,9000000000,a748b30ed323c4b82ead767b807897bef6b762112f7539fa5fef1a0aeb0d3b77
2026-06-11T13:49:08Z,abcde_forensics_stage_founders_depth14,pool169t8r0420lfrgr47c46kym3na4r2vqvla5wtahl7z9akgwr8eqf,reward_address,stake1uy00hea728esyg404kggmr52tkptcux98mzrjcy393h9aagn9nypd,13,iog,323,9000000000,a748b30ed323c4b82ead767b807897bef6b762112f7539fa5fef1a0aeb0d3b77
2026-06-11T13:49:08Z,abcde_forensics_stage_founders_depth14,pool169ys5c50sk66ayy99jtjfmj0a367wkv3hm9c5d0qg7w2u7ya5zz,owner,stake1u8jlumwc48dtnjeqqt00c242u2hvfc6qsf4d9c3gagceykstpzf8a,13,iog,254,5063417955,d2d0430bf766319c0a2d935607e3983aeaa96430c9df1b292bf46727a6448c13
2026-06-11T13:49:08Z,abcde_forensics_stage_founders_depth14,pool169ys5c50sk66ayy99jtjfmj0a367wkv3hm9c5d0qg7w2u7ya5zz,reward_address,stake1u8jlumwc48dtnjeqqt00c242u2hvfc6qsf4d9c3gagceykstpzf8a,13,iog,254,5063417955,d2d0430bf766319c0a2d935607e3983aeaa96430c9df1b292bf46727a6448c13
2026-06-11T13:49:08Z,abcde_forensics_stage_founders_depth14,pool16ajaae2n5lsyr4f9k9uz5y8tpf0996tw640dzu7chwp2wdrnz6a,owner,stake1uy00vzm77fnygza838phkjg4p8yh2hz5uaqfmhx3mh4q45sdx30d3,12,emurgo+iog,638,1000000000,d1d9ca89a8fa2a3979f7d3d45e0ea3f29e787b70ad94e4284a7e98ded01c8baa
2026-06-11T13:49:08Z,abcde_forensics_stage_founders_depth14,pool16ajaae2n5lsyr4f9k9uz5y8tpf0996tw640dzu7chwp2wdrnz6a,reward_address,stake1uy00vzm77fnygza838phkjg4p8yh2hz5uaqfmhx3mh4q45sdx30d3,12,emurgo+iog,638,1000000000,d1d9ca89a8fa2a3979f7d3d45e0ea3f29e787b70ad94e4284a7e98ded01c8baa
2026-06-11T13:49:08Z,abcde_forensics_stage_founders_depth14,pool16alzznqwyruzqq044jmsg24l67telql87cqeal9wmjldyryp3yu,owner,stake1uxnd83y75pmj8sknttxm06c5uxzqnqvwdzszpenkkps29cs25af5d,13,iog,252,120000000000,a081b4ca1f467fca0bc5fae8e82e0c3a550637cf3e2a161448afa9d2a848ed22
2026-06-11T13:49:08Z,abcde_forensics_stage_founders_depth14,pool16az8esp0qgrt3vwnpqmn2n2z3h7nexrhm4qn8xrr4sds6tj0dxa,owner,stake1u9p5futnwvavsgu3cn0dmnhctgeclvsrj60yj9jpj7dwpmswjudcm,13,iog,374,0,6bc6300bc2661ca775612735bca036527ef4be2d8a64ec347d003abdd0d51a40
2026-06-11T13:49:08Z,abcde_forensics_stage_founders_depth14,pool16az8esp0qgrt3vwnpqmn2n2z3h7nexrhm4qn8xrr4sds6tj0dxa,reward_address,stake1u9p5futnwvavsgu3cn0dmnhctgeclvsrj60yj9jpj7dwpmswjudcm,13,iog,374,0,6bc6300bc2661ca775612735bca036527ef4be2d8a64ec347d003abdd0d51a40
2026-06-11T13:49:08Z,abcde_forensics_stage_founders_depth14,pool16cdtqyk0fvxzfkhjg3esjcuty4tnlpds5lj0lkmqmwdjyzaj7p8,owner,stake1uytyq97kc5xc6uwy9vt0xskhfaesv3q49efxgmhrengxpec3j5cta,14,iog,533,75000000000,583fa8cc0a2528b20b5f375f06dc31dbdee87f61af0c2c1e3924f0765d36132a
2026-06-11T13:49:08Z,abcde_forensics_stage_founders_depth14,pool16cdtqyk0fvxzfkhjg3esjcuty4tnlpds5lj0lkmqmwdjyzaj7p8,reward_address,stake1uytyq97kc5xc6uwy9vt0xskhfaesv3q49efxgmhrengxpec3j5cta,14,iog,533,75000000000,583fa8cc0a2528b20b5f375f06dc31dbdee87f61af0c2c1e3924f0765d36132a
2026-06-11T13:49:08Z,abcde_forensics_stage_founders_depth14,pool16dk66d47thmteth783kt2cw9uh0zc4xsdvlqrwadz7vnyaev8cv,owner,stake1ux5ysm0rf7glfxjyf7j3s45cq7lctm68hr9tcyufrt4hcmg2qz8hm,13,iog,257,2000000000,cebf2acc2bf26632df2aacbc29c66bbb4d9a662b6d31e62de05d5dc5c5867889
2026-06-11T13:49:08Z,abcde_forensics_stage_founders_depth14,pool16dk66d47thmteth783kt2cw9uh0zc4xsdvlqrwadz7vnyaev8cv,reward_address,stake1ux5ysm0rf7glfxjyf7j3s45cq7lctm68hr9tcyufrt4hcmg2qz8hm,13,iog,257,2000000000,cebf2acc2bf26632df2aacbc29c66bbb4d9a662b6d31e62de05d5dc5c5867889
2026-06-11T13:49:08Z,abcde_forensics_stage_founders_depth14,pool16hs0jxw7h6pwg3ru7rcq3yvg4csj7lhmcpj68kqem2sh5nt8mwk,reward_address,stake1uxcmc9r2t7cxs0zw8qm8ztg3twvxryzghsc8eszek6kuwms23gya4,12,iog,382,1000000000,e670d01718873868d5ec09a4ff507cac4a28188e30fcc80c1363fb91eb8e8fe8
2026-06-11T13:49:08Z,abcde_forensics_stage_founders_depth14,pool16j6wmwsljcc2qn6dr2d6akjas3er887vhekyej77ynyjvh2fj5n,reward_address,stake1uyxly5vahyxxd8ygjaz2z9twpjw479m4z5ytemthy8w8g3sc62f06,14,iog,254,100000000000,799e106432f8301b6298b4763ee86aa81b5c5c80b70c2d4d232401e3b8ba8576
2026-06-11T13:49:08Z,abcde_forensics_stage_founders_depth14,pool16jczz0dlv557vgywgftd4m3vwnwjnl38wpn7wu5gqryz7aedahd,owner,stake1ux96kkp027k0gsv3hprglauqsu5w6yaks2z2sjm6gdqmfks6h4tf4,12,iog,252,71000000000,70e73bea706278dc03f46419aa4b2e2c19002590f7b69a50083ef9c37a213fa3
2026-06-11T13:49:08Z,abcde_forensics_stage_founders_depth14,pool16jczz0dlv557vgywgftd4m3vwnwjnl38wpn7wu5gqryz7aedahd,reward_address,stake1ux96kkp027k0gsv3hprglauqsu5w6yaks2z2sjm6gdqmfks6h4tf4,12,iog,252,71000000000,70e73bea706278dc03f46419aa4b2e2c19002590f7b69a50083ef9c37a213fa3
2026-06-11T13:49:08Z,abcde_forensics_stage_founders_depth14,pool16jefdagcsgzyek9jytzfezx5ajvfkytjgghaps64hzz6uzkpc0e,owner,stake1uy8rz3xy3r73x0tpaj2axfkssyk7ct6vju0a9grn6666rmqf8h553,12,iog,292,12400000000,cc34d47e75067aa45fccd67dbf1b83c7dd5766139182a3b201d33e052abfe326
2026-06-11T13:49:08Z,abcde_forensics_stage_founders_depth14,pool16jefdagcsgzyek9jytzfezx5ajvfkytjgghaps64hzz6uzkpc0e,reward_address,stake1uy8rz3xy3r73x0tpaj2axfkssyk7ct6vju0a9grn6666rmqf8h553,12,iog,292,12400000000,cc34d47e75067aa45fccd67dbf1b83c7dd5766139182a3b201d33e052abfe326
2026-06-11T13:49:08Z,abcde_forensics_stage_founders_depth14,pool16l9ph0cm42qk4h8wqlka3fw7ws7rvnj5n59xzy8ky4l8gnudugk,owner,stake1u8kzed0l34dl2ckhhc57rlhzx7tjzfel3gpcnhv0c46jm7sh837j7,11,iog,583,4500000000,f91ce9627f7962ecd41a4e0c51d8ef7e831abf8a70e7eb2c83d070c6aa398841
2026-06-11T13:49:08Z,abcde_forensics_stage_founders_depth14,pool16l9ph0cm42qk4h8wqlka3fw7ws7rvnj5n59xzy8ky4l8gnudugk,reward_address,stake1u8kzed0l34dl2ckhhc57rlhzx7tjzfel3gpcnhv0c46jm7sh837j7,11,iog,583,4500000000,f91ce9627f7962ecd41a4e0c51d8ef7e831abf8a70e7eb2c83d070c6aa398841
2026-06-11T13:49:08Z,abcde_forensics_stage_founders_depth14,pool16lsx9mj2s2wr337hv9402enw0886d09grx5c0d4pk97w63kjn2a,owner,stake1u8jc3t505tgunlu2e4a4syzdwdyn79yztawmg6894rhtc9ss22z9r,13,emurgo+iog,361,25000000000,f9aa02d9b0b5c2393b7ebf9bf14a312e59dec333cdbf16bfc0a5428ff4b8828a
2026-06-11T13:49:08Z,abcde_forensics_stage_founders_depth14,pool16lsx9mj2s2wr337hv9402enw0886d09grx5c0d4pk97w63kjn2a,owner,stake1uyzatcw4zkuu2p9a66zkzpgvstre0w067amet2dnhjq8fjq5ru7y2,14,iog,361,25000000000,f9aa02d9b0b5c2393b7ebf9bf14a312e59dec333cdbf16bfc0a5428ff4b8828a
2026-06-11T13:49:08Z,abcde_forensics_stage_founders_depth14,pool16lsx9mj2s2wr337hv9402enw0886d09grx5c0d4pk97w63kjn2a,reward_address,stake1uyzatcw4zkuu2p9a66zkzpgvstre0w067amet2dnhjq8fjq5ru7y2,14,iog,361,25000000000,f9aa02d9b0b5c2393b7ebf9bf14a312e59dec333cdbf16bfc0a5428ff4b8828a
2026-06-11T13:49:08Z,abcde_forensics_stage_founders_depth14,pool16m6c5rcpm63k2606lkqadg3x5pykjwr4pthhj9h4ancquafwhjl,owner,stake1uxpcq4mjdf8u6ddc9z2tvfk2x6cmrsdlcfu6hymxh66c48sdvhfgr,14,iog,269,100000000,cf44ca7a503891dcd1c9a2cc7c3591232617a314b8017297b2cba99d33dd6cbc
2026-06-11T13:49:08Z,abcde_forensics_stage_founders_depth14,pool16m6c5rcpm63k2606lkqadg3x5pykjwr4pthhj9h4ancquafwhjl,reward_address,stake1uxpcq4mjdf8u6ddc9z2tvfk2x6cmrsdlcfu6hymxh66c48sdvhfgr,14,iog,269,100000000,cf44ca7a503891dcd1c9a2cc7c3591232617a314b8017297b2cba99d33dd6cbc
2026-06-11T13:49:08Z,abcde_forensics_stage_founders_depth14,pool16m8xz3av9e3lwnxgu0jfnuwckgayev63zpzcu56hsxx7vy4eqzn,owner,stake1uylmnyl2ywwnccpems96y8rc04s8yz3cz2sdhc5ucfecz6qw277ut,13,iog,303,550000000000,b846533863a09200a7c6bcfc25a502d40f058378d31acd76a35779f2786fab52
2026-06-11T13:49:08Z,abcde_forensics_stage_founders_depth14,pool16m8xz3av9e3lwnxgu0jfnuwckgayev63zpzcu56hsxx7vy4eqzn,reward_address,stake1uylmnyl2ywwnccpems96y8rc04s8yz3cz2sdhc5ucfecz6qw277ut,13,iog,303,550000000000,b846533863a09200a7c6bcfc25a502d40f058378d31acd76a35779f2786fab52
2026-06-11T13:49:08Z,abcde_forensics_stage_founders_depth14,pool16p6u0qmyyndyqvcjt5luxzrk7nnynk56cjxddeh85lt753tach8,owner,stake1u9qhf7nkjquuc7gvyd78h7efefe468la3jkdy7knr7uh2ycup7fyz,14,iog,259,1000000000,b12c7b8b1f5d86a1226512391c9b4e0e11829d4783971dea6a78c247b56fa620
2026-06-11T13:49:08Z,abcde_forensics_stage_founders_depth14,pool16p6u0qmyyndyqvcjt5luxzrk7nnynk56cjxddeh85lt753tach8,reward_address,stake1u9qhf7nkjquuc7gvyd78h7efefe468la3jkdy7knr7uh2ycup7fyz,14,iog,259,1000000000,b12c7b8b1f5d86a1226512391c9b4e0e11829d4783971dea6a78c247b56fa620
2026-06-11T13:49:08Z,abcde_forensics_stage_founders_depth14,pool16p7t60zfvdda4l47khsd9jwwszysxxed50lxxg76lzuyvqg26nm,owner,stake1u83qg75p0pyutdc62x9gf0z5eanyf7k5zvtem6eena0h6cql3hxlk,13,emurgo+iog,403,100000000000,14acdaaa213f3372c7498a154daa338771c46bd8c7421ba13108f56e83e02d73
2026-06-11T13:49:08Z,abcde_forensics_stage_founders_depth14,pool16p7t60zfvdda4l47khsd9jwwszysxxed50lxxg76lzuyvqg26nm,reward_address,stake1u83qg75p0pyutdc62x9gf0z5eanyf7k5zvtem6eena0h6cql3hxlk,13,emurgo+iog,403,100000000000,14acdaaa213f3372c7498a154daa338771c46bd8c7421ba13108f56e83e02d73
2026-06-11T13:49:08Z,abcde_forensics_stage_founders_depth14,pool16peur3vpmak6c579excrqumfz9486zd56svshdclhre3cv5z848,owner,stake1u9gdt32dw58r7h5p4xtmlqg0y96c87ap9d2hc004esd2pvqpnh39n,13,iog,328,600000000000,5ce902634762521cb5083be6833fa94ad8028fde8a4626730560ba2e5e6ec191
2026-06-11T13:49:08Z,abcde_forensics_stage_founders_depth14,pool16pg8zc9zxxfjksquvjs6ljxuy8ng9xf79ekqekap98a8wjzuttg,owner,stake1u8k43c2c04m7z6ddyg6sdh66an369e29vctsrphznr4tyzcn545ua,14,iog,369,1000000,2738531994e9ee5a1b6ffed91e221b179830a2501d3a2d386b8cbcddf352be1b
2026-06-11T13:49:08Z,abcde_forensics_stage_founders_depth14,pool16pg8zc9zxxfjksquvjs6ljxuy8ng9xf79ekqekap98a8wjzuttg,owner,stake1ux3vp8dkpkpnfnmyc7q9zyr8f9g46a6hw8lz5rea6pwa62g835had,12,iog,369,1000000,2738531994e9ee5a1b6ffed91e221b179830a2501d3a2d386b8cbcddf352be1b
2026-06-11T13:49:08Z,abcde_forensics_stage_founders_depth14,pool16pg8zc9zxxfjksquvjs6ljxuy8ng9xf79ekqekap98a8wjzuttg,reward_address,stake1ux3vp8dkpkpnfnmyc7q9zyr8f9g46a6hw8lz5rea6pwa62g835had,12,iog,369,1000000,2738531994e9ee5a1b6ffed91e221b179830a2501d3a2d386b8cbcddf352be1b
2026-06-11T13:49:08Z,abcde_forensics_stage_founders_depth14,pool16r0t5fwwnehltxhh7wfstl8rwvjpz4npdn0s5jd36j0ysflw7ef,owner,stake1uyl4ympr6kqvqemvc0pmyx39tauj6v9qw6mfc2mxt64adxgqm6cxg,13,emurgo+iog,382,100000000000,2c26e9473f28381fde69658432aeb2e8784efa1c80a751b15f34e7466858389c
2026-06-11T13:49:08Z,abcde_forensics_stage_founders_depth14,pool16r36znhvh3h2lk55vu89hsx3ug94sx2etqv9s2006d8awufhaz7,owner,stake1uyqhlh84w8lswl8x4ssst9q9czuy2av88m29fnahewj7xlgj9zaae,13,iog,260,0,ce07460853ae8e4219e104e7f9c5b0d4d0b978ac4fd5997bbdd654f49e450897
2026-06-11T13:49:08Z,abcde_forensics_stage_founders_depth14,pool16r36znhvh3h2lk55vu89hsx3ug94sx2etqv9s2006d8awufhaz7,reward_address,stake1uyqhlh84w8lswl8x4ssst9q9czuy2av88m29fnahewj7xlgj9zaae,13,iog,260,0,ce07460853ae8e4219e104e7f9c5b0d4d0b978ac4fd5997bbdd654f49e450897
2026-06-11T13:49:08Z,abcde_forensics_stage_founders_depth14,pool16r6g7plyuh4cqs9f3qy97l4rh5edwx3w9xvd205mhj2e58cpp28,owner,stake1u8mpuh8edfzsfxkun76qj2ajjzt4dj077l6srjj35q4ennsutx4m5,14,iog,621,10000000000000,87baa2eae4458b6a7abad6850cbf7299e9a0299438998faf4b37727a021d0f48
2026-06-11T13:49:08Z,abcde_forensics_stage_founders_depth14,pool16r6g7plyuh4cqs9f3qy97l4rh5edwx3w9xvd205mhj2e58cpp28,reward_address,stake1u8mpuh8edfzsfxkun76qj2ajjzt4dj077l6srjj35q4ennsutx4m5,14,iog,621,10000000000000,87baa2eae4458b6a7abad6850cbf7299e9a0299438998faf4b37727a021d0f48
2026-06-11T13:49:08Z,abcde_forensics_stage_founders_depth14,pool16rq0nmr3pr202a7dcf9507gy5u3sh9j6dw8jjwp3dg4qc6cqj0f,owner,stake1u9m3pg39rymq0pnw9yp8jk5x40nukxuk7k3yesdypnkz0qc7gwlfj,14,iog,256,3000000000,454961f1bef589e1dd8aa4e41a823d2e800d75e14e485f4ffbe14c49a205669f
2026-06-11T13:49:08Z,abcde_forensics_stage_founders_depth14,pool16rq0nmr3pr202a7dcf9507gy5u3sh9j6dw8jjwp3dg4qc6cqj0f,reward_address,stake1u9m3pg39rymq0pnw9yp8jk5x40nukxuk7k3yesdypnkz0qc7gwlfj,14,iog,256,3000000000,454961f1bef589e1dd8aa4e41a823d2e800d75e14e485f4ffbe14c49a205669f
2026-06-11T13:49:08Z,abcde_forensics_stage_founders_depth14,pool16u0wt20kh7fv5h78ruuxpuxgxs4vdfmjfwdy6gqchz45v8skm8j,owner,stake1u9ypne5cmlcq896gk3p34v8yd8l28s06sjn60vtl9mg56cg6ewesg,14,iog,265,1000000000,766d5e8a82fbce92792755d3c8b5da3beaee7ee2d249e3f9be1fd424034b5717
2026-06-11T13:49:08Z,abcde_forensics_stage_founders_depth14,pool16u0wt20kh7fv5h78ruuxpuxgxs4vdfmjfwdy6gqchz45v8skm8j,reward_address,stake1u9ypne5cmlcq896gk3p34v8yd8l28s06sjn60vtl9mg56cg6ewesg,14,iog,265,1000000000,766d5e8a82fbce92792755d3c8b5da3beaee7ee2d249e3f9be1fd424034b5717
2026-06-11T13:49:08Z,abcde_forensics_stage_founders_depth14,pool16u5trhs7ysdh2e8aadk0p8xp52sczl8s29ay6ythv3sxujmdfeu,owner,stake1u9nr4ra3ez8hc9gxn7htkwda3v62dnms25sytk3q0uws80czpja3x,12,iog,387,0,de696abbe427110d1453cee8cb79219b7656f9f88aad88898d2ee0f1f855f379
2026-06-11T13:49:08Z,abcde_forensics_stage_founders_depth14,pool16u5trhs7ysdh2e8aadk0p8xp52sczl8s29ay6ythv3sxujmdfeu,owner,stake1uyy3wq6uj7d4muaryxturw2k6vzyvf8mckxc034cht7kaeczm0v74,13,iog,387,0,de696abbe427110d1453cee8cb79219b7656f9f88aad88898d2ee0f1f855f379
2026-06-11T13:49:08Z,abcde_forensics_stage_founders_depth14,pool16w2y9xnpdjt22klzhuwcz9jpvyyq8640mepljcwx4mjmsvpqk0y,owner,stake1uxsw53e2md849hehwwnxmgexf4wgtt0qfnlsxr0rxk39ttsd2ljyy,14,iog,371,53000000000,df1dea128158629f2d786488fe88acc909fea964ba8793cccbb9967388003875
2026-06-11T13:49:08Z,abcde_forensics_stage_founders_depth14,pool16wt6mzvytu9key68efv7cx6zfkqn0d9kzlnt746cyuv0zj3nxh8,owner,stake1u9p5mj8k24rty9j7netnnzanvyjfcxnasjj55pwc980ydds886f45,13,iog,524,10000000000,9338779a0d8ea4d2b1de0ef847fe7348fc8d0bf1446ca28e0a80307a89e9b661
2026-06-11T13:49:08Z,abcde_forensics_stage_founders_depth14,pool16wt6mzvytu9key68efv7cx6zfkqn0d9kzlnt746cyuv0zj3nxh8,reward_address,stake1u9p5mj8k24rty9j7netnnzanvyjfcxnasjj55pwc980ydds886f45,13,iog,524,10000000000,9338779a0d8ea4d2b1de0ef847fe7348fc8d0bf1446ca28e0a80307a89e9b661
2026-06-11T13:49:08Z,abcde_forensics_stage_founders_depth14,pool16wz7g5qp6y5m0qp3c28543rpzqsaw6w9kcxlhy5zslnwq4qglcw,owner,stake1uy2h3346sphs952t2095fjjzu43wqch0axx8ffzrx45uc6smzf3f9,14,iog,275,10000000000,a2b6b08b18032ef5849ca596c71e6c8ae6e343694ecc482b2e69e2827a93d1e7
2026-06-11T13:49:08Z,abcde_forensics_stage_founders_depth14,pool16wz7g5qp6y5m0qp3c28543rpzqsaw6w9kcxlhy5zslnwq4qglcw,reward_address,stake1uy2h3346sphs952t2095fjjzu43wqch0axx8ffzrx45uc6smzf3f9,14,iog,275,10000000000,a2b6b08b18032ef5849ca596c71e6c8ae6e343694ecc482b2e69e2827a93d1e7
2026-06-11T13:49:08Z,abcde_forensics_stage_founders_depth14,pool16zjsdvuxa39w9k48c9ds7sne4c9lhclmmcly53cdat4nu7l36f6,owner,stake1uyp5g3z3kweqpdr35lkjs2jvdj6atgfzwnhytdar7n8gyscm0g9p8,14,iog,396,100000000,9e70aac5f0f287dec2367a1cebcd7b51970bc987da5fb90224f9389081b863bc
2026-06-11T13:49:08Z,abcde_forensics_stage_founders_depth14,pool16zjsdvuxa39w9k48c9ds7sne4c9lhclmmcly53cdat4nu7l36f6,reward_address,stake1uyp5g3z3kweqpdr35lkjs2jvdj6atgfzwnhytdar7n8gyscm0g9p8,14,iog,396,100000000,9e70aac5f0f287dec2367a1cebcd7b51970bc987da5fb90224f9389081b863bc
2026-06-11T13:49:08Z,abcde_forensics_stage_founders_depth14,pool16zx2pradv3pdv6tkp2dnll3d7u8sdwld884f228xl62vy2msdt0,owner,stake1u9llkshjux74pjlv0ttx0a504h9r7nasccdlfz5yac2wq0qt2k508,14,iog,269,50000000000,cad2511487d02e8f6b10a01abe48ff2f22a8b599b5a38382017bf04e7998241c
2026-06-11T13:49:08Z,abcde_forensics_stage_founders_depth14,pool16zx2pradv3pdv6tkp2dnll3d7u8sdwld884f228xl62vy2msdt0,reward_address,stake1u9llkshjux74pjlv0ttx0a504h9r7nasccdlfz5yac2wq0qt2k508,14,iog,269,50000000000,cad2511487d02e8f6b10a01abe48ff2f22a8b599b5a38382017bf04e7998241c
2026-06-11T13:49:08Z,abcde_forensics_stage_founders_depth14,pool173mzegwuu0pjcrt60ekelzj5haqr8r5e4e0n45qh9jdz7xm5kh8,owner,stake1uxuz8tmfvtp8a9yv44zh4k63dfdkcc78543e02dzhafk5aq5gk5uc,14,cf,628,80000000000,bdf79e1aa57cd30be7d9ac91d25256d62c356c88bf0a428c72925a9c5415c8b1
2026-06-11T13:49:08Z,abcde_forensics_stage_founders_depth14,pool1749t2act40esvfj0w0g0ear7l3hrnjfc8l5rl8eznuh8vunjl86,owner,stake1u9x0eqdvfnks3sfxx0h78553eaupmsylcynnl69d9e2znxcg20nv6,14,iog,270,10000000000,b0d064123db49ce8ade7d3a610307a0eea998b0295dcc4cd0a79598cff2e3645
2026-06-11T13:49:08Z,abcde_forensics_stage_founders_depth14,pool1749t2act40esvfj0w0g0ear7l3hrnjfc8l5rl8eznuh8vunjl86,reward_address,stake1u9x0eqdvfnks3sfxx0h78553eaupmsylcynnl69d9e2znxcg20nv6,14,iog,270,10000000000,b0d064123db49ce8ade7d3a610307a0eea998b0295dcc4cd0a79598cff2e3645
2026-06-11T13:49:08Z,abcde_forensics_stage_founders_depth14,pool1750p8pnt7dp86xs7jlkrcm3zue3d8gps4sngzts3rj2v7vrz7ul,owner,stake1uynd9smuhnglggnkha87kqrsewkfumnre53xuuwhkktcl0s5d3nrh,12,iog,262,63000000000000,44a47d9d3a6b6bd06ddc1732ae259631802199b8f7a01a37ec0651ca780dc137
2026-06-11T13:49:08Z,abcde_forensics_stage_founders_depth14,pool1750p8pnt7dp86xs7jlkrcm3zue3d8gps4sngzts3rj2v7vrz7ul,reward_address,stake1uynd9smuhnglggnkha87kqrsewkfumnre53xuuwhkktcl0s5d3nrh,12,iog,262,63000000000000,44a47d9d3a6b6bd06ddc1732ae259631802199b8f7a01a37ec0651ca780dc137
2026-06-11T13:49:08Z,abcde_forensics_stage_founders_depth14,pool175p7tqqgmduq6r5ad7jca2c4jz6tp3rslz7jffx7zru3cakdmt2,owner,stake1uxgnh9xhf9twfluq2xlvyd4zxdk75329n85ampe4yhz7wnssdtnqf,14,iog,251,401000000,d083c2bd4c0c8f593f8c6180a1eee2433981f83d05896d1988e7d79048e430bb
2026-06-11T13:49:08Z,abcde_forensics_stage_founders_depth14,pool175p7tqqgmduq6r5ad7jca2c4jz6tp3rslz7jffx7zru3cakdmt2,reward_address,stake1uxgnh9xhf9twfluq2xlvyd4zxdk75329n85ampe4yhz7wnssdtnqf,14,iog,251,401000000,d083c2bd4c0c8f593f8c6180a1eee2433981f83d05896d1988e7d79048e430bb
2026-06-11T13:49:08Z,abcde_forensics_stage_founders_depth14,pool177q3zxxyqzp5kffeh5jxssnxk7rwnpkf04628kcsf0cyj6jaklw,owner,stake1ux93t0meca8h45u8422adf2ulucwrq8j4zk4v7u22nt7xuqnuhdu9,13,iog,627,9721000000,8614219ebe33a5867248d28a16691e7fbcb0762e64afa73c0f3c454771f7fafa
2026-06-11T13:49:08Z,abcde_forensics_stage_founders_depth14,pool177q3zxxyqzp5kffeh5jxssnxk7rwnpkf04628kcsf0cyj6jaklw,reward_address,stake1ux93t0meca8h45u8422adf2ulucwrq8j4zk4v7u22nt7xuqnuhdu9,13,iog,627,9721000000,8614219ebe33a5867248d28a16691e7fbcb0762e64afa73c0f3c454771f7fafa
2026-06-11T13:49:08Z,abcde_forensics_stage_founders_depth14,pool177xu75tv2wqnz2cg879yekswm3wqqvwfgzhulkglrfksslsyj9r,owner,stake1uyjy64zfptzek59q69jvu99vfdap53jw0hxtdatdqe8hzusftjxjm,14,iog,332,2000000000,4c18ba29e07765555cc89aeeb47caf0eac0c63338f0e1459af2067d07ed06282
2026-06-11T13:49:08Z,abcde_forensics_stage_founders_depth14,pool177xu75tv2wqnz2cg879yekswm3wqqvwfgzhulkglrfksslsyj9r,reward_address,stake1uyjy64zfptzek59q69jvu99vfdap53jw0hxtdatdqe8hzusftjxjm,14,iog,332,2000000000,4c18ba29e07765555cc89aeeb47caf0eac0c63338f0e1459af2067d07ed06282
2026-06-11T13:49:08Z,abcde_forensics_stage_founders_depth14,pool17ajuw0arwq8klfe4xy8tcqj4yetp8kerl4amzn5dsnne20wlnsa,owner,stake1u8f0crav5kfnhxkh2d4mpdl2nvw7zmqj4rsz8gl0et9g4hgdyskyh,14,iog,289,10000000000,99bc9ae9e521e49480ba7d3d08a972b2c063b86f7998d899776f0371afa96415
2026-06-11T13:49:08Z,abcde_forensics_stage_founders_depth14,pool17ajuw0arwq8klfe4xy8tcqj4yetp8kerl4amzn5dsnne20wlnsa,owner,stake1ux25npmymdzmapevnyknkrz6wzv05fj9yg2kgvwcwndj69gznx0wj,14,iog,289,10000000000,99bc9ae9e521e49480ba7d3d08a972b2c063b86f7998d899776f0371afa96415
2026-06-11T13:49:08Z,abcde_forensics_stage_founders_depth14,pool17ajuw0arwq8klfe4xy8tcqj4yetp8kerl4amzn5dsnne20wlnsa,owner,stake1uy8g4s2ad29qmanv0gmces66y0p07wr890a6vdl8sy7vlpc5yvyw3,11,emurgo+iog,289,10000000000,99bc9ae9e521e49480ba7d3d08a972b2c063b86f7998d899776f0371afa96415
2026-06-11T13:49:08Z,abcde_forensics_stage_founders_depth14,pool17ajuw0arwq8klfe4xy8tcqj4yetp8kerl4amzn5dsnne20wlnsa,owner,stake1uymja9pfvuc97mtknj32tfxzlgc44y5tnjj88rsaan0ah3s36p6sp,12,iog,289,10000000000,99bc9ae9e521e49480ba7d3d08a972b2c063b86f7998d899776f0371afa96415
2026-06-11T13:49:08Z,abcde_forensics_stage_founders_depth14,pool17ajuw0arwq8klfe4xy8tcqj4yetp8kerl4amzn5dsnne20wlnsa,reward_address,stake1u8f0crav5kfnhxkh2d4mpdl2nvw7zmqj4rsz8gl0et9g4hgdyskyh,14,iog,289,10000000000,99bc9ae9e521e49480ba7d3d08a972b2c063b86f7998d899776f0371afa96415
2026-06-11T13:49:08Z,abcde_forensics_stage_founders_depth14,pool17atl74yay7s926mehpnk4yz4s0d2jlwf5w5cl6yhsgh4k03xlt8,owner,stake1u9jhjxz4drhd93tdqgl9frk35vm7t6wq5ay7saxqs0tvgrs7xywmu,14,iog,254,100000000000,43d434ac14984d69dec3be1803deabaff679403350b0bc995e4ab64cc16eac2e
2026-06-11T13:49:08Z,abcde_forensics_stage_founders_depth14,pool17atl74yay7s926mehpnk4yz4s0d2jlwf5w5cl6yhsgh4k03xlt8,reward_address,stake1u9jhjxz4drhd93tdqgl9frk35vm7t6wq5ay7saxqs0tvgrs7xywmu,14,iog,254,100000000000,43d434ac14984d69dec3be1803deabaff679403350b0bc995e4ab64cc16eac2e
2026-06-11T13:49:08Z,abcde_forensics_stage_founders_depth14,pool17cqy0mkm7p3ufv9k3h37w040x08cx6je23y6jrkgmts3x9g78tu,owner,stake1ux44n3duhlsde7dru5e3garumf29k479yqpxlyehmcuu9xq99j64x,14,iog,300,0,698c943dd77a0a6312dd97268f83407ed9e48773cc25e60fec35b8f0dafd814b
2026-06-11T13:49:08Z,abcde_forensics_stage_founders_depth14,pool17cv6zzmue6npvlzlz6trf6p5k4mnnskm3ysctuh048c7k9s64jz,owner,stake1uxw55xphmtajnwgjg45hr3j9xtf42jsdc06fgwck8hfa3tq3ykztw,12,emurgo+iog,265,63000000000000,0ccd7946b5a35f0d0f3773b05b91c9f80100ec8b21f3b06319384ce9c608b491
2026-06-11T13:49:08Z,abcde_forensics_stage_founders_depth14,pool17cv6zzmue6npvlzlz6trf6p5k4mnnskm3ysctuh048c7k9s64jz,reward_address,stake1uxw55xphmtajnwgjg45hr3j9xtf42jsdc06fgwck8hfa3tq3ykztw,12,emurgo+iog,265,63000000000000,0ccd7946b5a35f0d0f3773b05b91c9f80100ec8b21f3b06319384ce9c608b491
2026-06-11T13:49:08Z,abcde_forensics_stage_founders_depth14,pool17e2p709fg8vk60py86hqrl4gwnttuspm9hfvv46jgh0xuf72jqx,owner,stake1u8vjjvsk967kzutctupr5uar6mrdu60zcudgtgr8helcdaqnjwny3,12,iog,262,63000000000000,341cd9a08e6a5960a9c8e6fef36066c06d67b54aa0405c481a5e7782537638a2
2026-06-11T13:49:08Z,abcde_forensics_stage_founders_depth14,pool17e2p709fg8vk60py86hqrl4gwnttuspm9hfvv46jgh0xuf72jqx,reward_address,stake1u8vjjvsk967kzutctupr5uar6mrdu60zcudgtgr8helcdaqnjwny3,12,iog,262,63000000000000,341cd9a08e6a5960a9c8e6fef36066c06d67b54aa0405c481a5e7782537638a2
2026-06-11T13:49:08Z,abcde_forensics_stage_founders_depth14,pool17e4rdh59t4fmn4g3p02xvs853katrjzge830tsmd3sfdc645yvt,owner,stake1uy7s2y8s0vsa37mnajx8rdmcexfsaly6sudlstrupq906xcxc4dzx,13,iog,531,2500000000,d765473c428c7a2d14ea8865ec5cb8fc776f5d33ed64d6779789ef122f4b49cd
2026-06-11T13:49:08Z,abcde_forensics_stage_founders_depth14,pool17etnr2ngwpnqwuvdzszzd36u67kzcsrs8scuxf0a63hezy9zvpv,owner,stake1u93vn0dmklkqs9twqmfs53eqmqalx24q9szpyt7qmsxz7acuxm2wk,12,iog,324,5000000000,dd0a64061ec1257418bb3487f37837ff773b6e18726cc28c3b76b2fbf3f78f9f
2026-06-11T13:49:08Z,abcde_forensics_stage_founders_depth14,pool17etnr2ngwpnqwuvdzszzd36u67kzcsrs8scuxf0a63hezy9zvpv,reward_address,stake1u93vn0dmklkqs9twqmfs53eqmqalx24q9szpyt7qmsxz7acuxm2wk,12,iog,324,5000000000,dd0a64061ec1257418bb3487f37837ff773b6e18726cc28c3b76b2fbf3f78f9f
2026-06-11T13:49:08Z,abcde_forensics_stage_founders_depth14,pool17fprny0y0fnchln8k002lfpv60szulsuqrezpsfuhl7kqhrm9dh,owner,stake1uy34y7jph7kp5qff2cse6wpq54yzq6rmvl8tdwqrstncjucwrhare,11,iog,253,500000000,6be95be12e7faa4eb56d45b2c16760733a0004f28bc82cdb6977dfd0f9fdaaf1
2026-06-11T13:49:08Z,abcde_forensics_stage_founders_depth14,pool17fprny0y0fnchln8k002lfpv60szulsuqrezpsfuhl7kqhrm9dh,reward_address,stake1uy34y7jph7kp5qff2cse6wpq54yzq6rmvl8tdwqrstncjucwrhare,11,iog,253,500000000,6be95be12e7faa4eb56d45b2c16760733a0004f28bc82cdb6977dfd0f9fdaaf1
2026-06-11T13:49:08Z,abcde_forensics_stage_founders_depth14,pool17hgxdym8wwvn467t55m4wucw9j9uasmsh8dylpvprvcmqusaj5c,owner,stake1u8q75lnxesfrsz72222a4fnjfj2d2h0kgex77juedu53wpc69fv3l,14,iog,259,524000000000,ad3c4f016f3ea0af4c56ee5483e2bd4c1aa1fcb1fa6406041424c93c398bad96
2026-06-11T13:49:08Z,abcde_forensics_stage_founders_depth14,pool17hgxdym8wwvn467t55m4wucw9j9uasmsh8dylpvprvcmqusaj5c,reward_address,stake1u8q75lnxesfrsz72222a4fnjfj2d2h0kgex77juedu53wpc69fv3l,14,iog,259,524000000000,ad3c4f016f3ea0af4c56ee5483e2bd4c1aa1fcb1fa6406041424c93c398bad96
2026-06-11T13:49:08Z,abcde_forensics_stage_founders_depth14,pool17j94qfcxvr0xvuz5xl2c8nnt8pcv4v2d753vfxx3p4l4sukhtq0,owner,stake1uylm35us9ff2ux8tu3xsp5zz62xgyu2hc44q05ex3gm5gngrqcrhu,14,iog,264,1000000,49010967256ed6fcfb7c0d50bf4209035c6131c0883a16c1d75d5ca18d2d70d7
2026-06-11T13:49:08Z,abcde_forensics_stage_founders_depth14,pool17j94qfcxvr0xvuz5xl2c8nnt8pcv4v2d753vfxx3p4l4sukhtq0,reward_address,stake1uylm35us9ff2ux8tu3xsp5zz62xgyu2hc44q05ex3gm5gngrqcrhu,14,iog,264,1000000,49010967256ed6fcfb7c0d50bf4209035c6131c0883a16c1d75d5ca18d2d70d7
2026-06-11T13:49:08Z,abcde_forensics_stage_founders_depth14,pool17m39tt99rq96gv9s4cp7u93auavams3khrdtzfapngxgjs3tj7s,owner,stake1uyvv24xqydcmm7mc46gnw40r86fn2p88gzvz694janxy6jq4vumkn,14,iog,260,2500000000,77f38151d512ca15e64f1fcde03fc063ae0bb7c43809980dbdf1a509e660f9f6
2026-06-11T13:49:08Z,abcde_forensics_stage_founders_depth14,pool17m39tt99rq96gv9s4cp7u93auavams3khrdtzfapngxgjs3tj7s,reward_address,stake1uyvv24xqydcmm7mc46gnw40r86fn2p88gzvz694janxy6jq4vumkn,14,iog,260,2500000000,77f38151d512ca15e64f1fcde03fc063ae0bb7c43809980dbdf1a509e660f9f6
2026-06-11T13:49:08Z,abcde_forensics_stage_founders_depth14,pool17mc7q9cdye7qpw8umd5jpyvs8q5yyeeqj9wmza3nlt02qwccmtn,owner,stake1u96tx3ufhs4208z0vvxludse5mtdjjafeyq83neyrtel50gxraauq,13,emurgo+iog,258,2800000000,aeab6223f17c1774bd96fc1a1628cb276ab5a33cfcb283601c83bb8734426244
2026-06-11T13:49:08Z,abcde_forensics_stage_founders_depth14,pool17mc7q9cdye7qpw8umd5jpyvs8q5yyeeqj9wmza3nlt02qwccmtn,reward_address,stake1u96tx3ufhs4208z0vvxludse5mtdjjafeyq83neyrtel50gxraauq,13,emurgo+iog,258,2800000000,aeab6223f17c1774bd96fc1a1628cb276ab5a33cfcb283601c83bb8734426244
2026-06-11T13:49:08Z,abcde_forensics_stage_founders_depth14,pool17nzscpkuc30pk84wvm6zxpef2pq9vsjrlf34hr9gglndjqyx39n,owner,stake1uxlxd3lrn2tvk3unp24uutugljuwm4s60laezvydy29d77glcgjgf,14,iog,267,100000000,e8e0a697e9dec624914fa2f2316c8c0289d4e6ac6d49c3f2a18ae753086251fb
2026-06-11T13:49:08Z,abcde_forensics_stage_founders_depth14,pool17nzscpkuc30pk84wvm6zxpef2pq9vsjrlf34hr9gglndjqyx39n,reward_address,stake1uxlxd3lrn2tvk3unp24uutugljuwm4s60laezvydy29d77glcgjgf,14,iog,267,100000000,e8e0a697e9dec624914fa2f2316c8c0289d4e6ac6d49c3f2a18ae753086251fb
2026-06-11T13:49:08Z,abcde_forensics_stage_founders_depth14,pool17p8a9e5ljeucdvmsl62a667y7lwwx9xzwzjulwu7df2q7854mh4,owner,stake1u88dxq4ucg2gjggt7469d48n36xwd9xpw2t9zkjqwpgqdqc3dvqj5,14,iog,403,25000000000,1a7ac861a55528bac2d6d9c661256373ae93c2813d6e2e8b6ed69c36e34a73eb
2026-06-11T13:49:08Z,abcde_forensics_stage_founders_depth14,pool17p8a9e5ljeucdvmsl62a667y7lwwx9xzwzjulwu7df2q7854mh4,reward_address,stake1u88dxq4ucg2gjggt7469d48n36xwd9xpw2t9zkjqwpgqdqc3dvqj5,14,iog,403,25000000000,1a7ac861a55528bac2d6d9c661256373ae93c2813d6e2e8b6ed69c36e34a73eb
2026-06-11T13:49:08Z,abcde_forensics_stage_founders_depth14,pool17phv3anc80njdv2gsl3lchpmn4x3c84duteqvrpjaz3f6lnvu8y,owner,stake1uykl3g7wmmuy9hmsnwlrh32x4uqw40ja0fplshh558gz49qt6n4cs,14,iog,252,500000000,c926df426c0d850060cdbfbbbbaa784601c24590e4f1bbf8d9ad59925926bfde
2026-06-11T13:49:08Z,abcde_forensics_stage_founders_depth14,pool17phv3anc80njdv2gsl3lchpmn4x3c84duteqvrpjaz3f6lnvu8y,reward_address,stake1uykl3g7wmmuy9hmsnwlrh32x4uqw40ja0fplshh558gz49qt6n4cs,14,iog,252,500000000,c926df426c0d850060cdbfbbbbaa784601c24590e4f1bbf8d9ad59925926bfde
2026-06-11T13:49:08Z,abcde_forensics_stage_founders_depth14,pool17qw99lv9euu3xya8czf334ef9mwelzpg6frqmj0s2qw6y8prwlr,owner,stake1uxvr8t72lpr6y7ygk0x7gyrk79ht8nl3mxj40qtywj82hscaqq2qz,14,iog,257,16000000000,cf61b771fcdd1d1639836afcc677af5af9094304c467fa433546e638c2bb353d
2026-06-11T13:49:08Z,abcde_forensics_stage_founders_depth14,pool17qw99lv9euu3xya8czf334ef9mwelzpg6frqmj0s2qw6y8prwlr,reward_address,stake1uxvr8t72lpr6y7ygk0x7gyrk79ht8nl3mxj40qtywj82hscaqq2qz,14,iog,257,16000000000,cf61b771fcdd1d1639836afcc677af5af9094304c467fa433546e638c2bb353d
2026-06-11T13:49:08Z,abcde_forensics_stage_founders_depth14,pool17r3u34ywld6sehe9dd5t40ygq7rmc6yfw2k0h0hpllznwlmwsnn,owner,stake1u97puwrkk352wsr25ce30gxwxfqek6ttqlajjqsce59g6fqpk0mcq,13,iog,533,100000000000,01878c88c4b7926e0af50ef4ff43eb32fe007c2fee8da8fc3e902b8b89745593
2026-06-11T13:49:08Z,abcde_forensics_stage_founders_depth14,pool17r3u34ywld6sehe9dd5t40ygq7rmc6yfw2k0h0hpllznwlmwsnn,reward_address,stake1u97puwrkk352wsr25ce30gxwxfqek6ttqlajjqsce59g6fqpk0mcq,13,iog,533,100000000000,01878c88c4b7926e0af50ef4ff43eb32fe007c2fee8da8fc3e902b8b89745593
2026-06-11T13:49:08Z,abcde_forensics_stage_founders_depth14,pool17rrps48nulcwjnzpeskyrfwpjqysrz6g6c8nlhlygh4ugr9g8n6,owner,stake1ux5cr7ayfg695uww0zq8m65xk8cveeh5zjk5efdzx2vgskgjf2f35,14,iog,268,63000000000000,b2074f29eeedf260ac1e8a8eff2d1fa81ea2df352775e0b956a66da52428bfcc
2026-06-11T13:49:08Z,abcde_forensics_stage_founders_depth14,pool17rrps48nulcwjnzpeskyrfwpjqysrz6g6c8nlhlygh4ugr9g8n6,reward_address,stake1ux5cr7ayfg695uww0zq8m65xk8cveeh5zjk5efdzx2vgskgjf2f35,14,iog,268,63000000000000,b2074f29eeedf260ac1e8a8eff2d1fa81ea2df352775e0b956a66da52428bfcc
2026-06-11T13:49:08Z,abcde_forensics_stage_founders_depth14,pool17s3mr9c4ejjfq20dz0ls9ggskc770kt267s9xmw93payzdswwgg,owner,stake1ux3an59zz992kjw6v9yc5s2cgfwg06zydc49aejysa3n6dqf0gjkj,14,iog,627,50000000000,f0cb40edc3b84d43132673d2a8525fbc3419400a4aca4e481f3c65f1e5819185
2026-06-11T13:49:08Z,abcde_forensics_stage_founders_depth14,pool17taqml487n9t4r9a6ppvf9qv0qlw2lu4zcrzwfdsfcv6xp7uqym,owner,stake1uxefmt4mm5mk7x8s6d6ljcsk7ks5rgwycn0nj3m99emfn2svaw66q,14,iog,450,50000000000,b1c9eedf85f3326e9c07e3c00208d3a0394d6c37844dc39e716efc07cf40dc4b
2026-06-11T13:49:08Z,abcde_forensics_stage_founders_depth14,pool17taqml487n9t4r9a6ppvf9qv0qlw2lu4zcrzwfdsfcv6xp7uqym,reward_address,stake1uxefmt4mm5mk7x8s6d6ljcsk7ks5rgwycn0nj3m99emfn2svaw66q,14,iog,450,50000000000,b1c9eedf85f3326e9c07e3c00208d3a0394d6c37844dc39e716efc07cf40dc4b
2026-06-11T13:49:08Z,abcde_forensics_stage_founders_depth14,pool17v4te44hk9p80028ads7znxatmxenj3jverwlg2qq2f3wwr5exs,owner,stake1uyfl3g0pt2w893phe2acg8mxy68gqlec4c5d08sd7z95g9qfguxr5,14,iog,279,1200000000,41183866075761a830edf81e531995b322e3734f229b2f821db1f838430ba4e9
2026-06-11T13:49:08Z,abcde_forensics_stage_founders_depth14,pool17v4te44hk9p80028ads7znxatmxenj3jverwlg2qq2f3wwr5exs,reward_address,stake1uyfl3g0pt2w893phe2acg8mxy68gqlec4c5d08sd7z95g9qfguxr5,14,iog,279,1200000000,41183866075761a830edf81e531995b322e3734f229b2f821db1f838430ba4e9
2026-06-11T13:49:08Z,abcde_forensics_stage_founders_depth14,pool17xh922cr9skc0fqk7sr8at6xx6eluh5qyv9p7ca2x0mtc3st0mz,owner,stake1uy28544pk5qugqm56yfptruapp05ztwgzp35grs8xp483pgd339qj,14,iog,448,40000000000,7d4c883b7f2f6aa1e0cbc873072352efa7f5d8a778b305fa6fcefbe7f3e2437e
2026-06-11T13:49:08Z,abcde_forensics_stage_founders_depth14,pool17xh922cr9skc0fqk7sr8at6xx6eluh5qyv9p7ca2x0mtc3st0mz,reward_address,stake1uy28544pk5qugqm56yfptruapp05ztwgzp35grs8xp483pgd339qj,14,iog,448,40000000000,7d4c883b7f2f6aa1e0cbc873072352efa7f5d8a778b305fa6fcefbe7f3e2437e
2026-06-11T13:49:08Z,abcde_forensics_stage_founders_depth14,pool17xtz3a8ppy9prj4e2e5t5ggk6p68ls305x5pyyxdxc2lut0ltm2,owner,stake1u9akn20m058ewc3xvvwvg9guyk2apg5hvk57lytcuc0amec66el0x,14,iog,258,0,aa17cf16acf01d6e32dbc0ccd001fafa3121fed26cac6c513288f16fa7e0b9ae
2026-06-11T13:49:08Z,abcde_forensics_stage_founders_depth14,pool17xtz3a8ppy9prj4e2e5t5ggk6p68ls305x5pyyxdxc2lut0ltm2,reward_address,stake1u9akn20m058ewc3xvvwvg9guyk2apg5hvk57lytcuc0amec66el0x,14,iog,258,0,aa17cf16acf01d6e32dbc0ccd001fafa3121fed26cac6c513288f16fa7e0b9ae
2026-06-11T13:49:08Z,abcde_forensics_stage_founders_depth14,pool17xzkn26ycvwc87emuls9p0wegsvehss43rv87ahdrwvdw0ul6pr,owner,stake1uxsrpv6w5rr6luup50uxrv3u8xxfwsn70lfggje9tc96z4st3860n,13,iog,261,1000000,135a9cda3119ccdc7dc2fef24a54d8bb4ed8cdf713b7c241034a4edfac22e58d
2026-06-11T13:49:08Z,abcde_forensics_stage_founders_depth14,pool17xzkn26ycvwc87emuls9p0wegsvehss43rv87ahdrwvdw0ul6pr,reward_address,stake1uxsrpv6w5rr6luup50uxrv3u8xxfwsn70lfggje9tc96z4st3860n,13,iog,261,1000000,135a9cda3119ccdc7dc2fef24a54d8bb4ed8cdf713b7c241034a4edfac22e58d
2026-06-11T13:49:08Z,abcde_forensics_stage_founders_depth14,pool17ym7vuptkzd6h7yvey7f8hlavsme6h2rhklre6rslaw9gfvekag,owner,stake1u8d9gy0x5n3sma2fakzy6xezvf9yc0htdz2xcpqcnu43n5cw4qgal,12,iog,270,100000000,11c63a45e2897cae9866fe4935318be59c9115869c6f8f18db00f73861d5d0cb
2026-06-11T13:49:08Z,abcde_forensics_stage_founders_depth14,pool17ym7vuptkzd6h7yvey7f8hlavsme6h2rhklre6rslaw9gfvekag,reward_address,stake1u8d9gy0x5n3sma2fakzy6xezvf9yc0htdz2xcpqcnu43n5cw4qgal,12,iog,270,100000000,11c63a45e2897cae9866fe4935318be59c9115869c6f8f18db00f73861d5d0cb
2026-06-11T13:49:08Z,abcde_forensics_stage_founders_depth14,pool1842ddmy7xpppxvxku0uz2ztsjrg9cjtcq9x90kulrwkkqte03ef,reward_address,stake1uxq44u2e5zq63esvhphs0svjxr6e8jljsjavjyve5a0x7rqpfwnjl,13,emurgo+iog,253,500000000,0fe47f0067ef72f128289acb07550e229757c77e6c99c57e16fab2df53a70ed6
2026-06-11T13:49:08Z,abcde_forensics_stage_founders_depth14,pool185de843ugva6zjfd9wz988xg80fwke6cjavkwup5e45fjrw6uha,owner,stake1uyd6ytxdw7mhms6hr5ne7qzn7z3r645nlhlmqy7cl5ls79qpyqmdy,14,iog,272,100000000,42d126923b296b16dda8ac71d5f971e52ced10c58907d8500ebf6ec9cedac40c
2026-06-11T13:49:08Z,abcde_forensics_stage_founders_depth14,pool185de843ugva6zjfd9wz988xg80fwke6cjavkwup5e45fjrw6uha,reward_address,stake1uyd6ytxdw7mhms6hr5ne7qzn7z3r645nlhlmqy7cl5ls79qpyqmdy,14,iog,272,100000000,42d126923b296b16dda8ac71d5f971e52ced10c58907d8500ebf6ec9cedac40c
2026-06-11T13:49:08Z,abcde_forensics_stage_founders_depth14,pool186wnrzw2zq20wt6p9aer6z33vqgv4xaxm6445fa4g4wr559e0j8,owner,stake1u9wknr67t9l7uqxrgq0pyh23rx39tqvv7kjmwcyzdh5xveg8xz20c,14,iog,260,250000000,dff4fd6803f263bb65ba5e8aad45eb92d67ea7cf66576d2aa57f5d32d926e9cf
2026-06-11T13:49:08Z,abcde_forensics_stage_founders_depth14,pool186wnrzw2zq20wt6p9aer6z33vqgv4xaxm6445fa4g4wr559e0j8,reward_address,stake1u9wknr67t9l7uqxrgq0pyh23rx39tqvv7kjmwcyzdh5xveg8xz20c,14,iog,260,250000000,dff4fd6803f263bb65ba5e8aad45eb92d67ea7cf66576d2aa57f5d32d926e9cf
2026-06-11T13:49:08Z,abcde_forensics_stage_founders_depth14,pool18872nzahx0h2f7j58pxrn5rjektn8na8p4amv08x2xj8qkht30g,owner,stake1u8dae0v53gr59vy9qc885ulehca7ujj86xhlscsrvjqq8aglszws0,14,iog,595,20000000000,dc67fc562eb41473d1d31d377fc5b5570f5b5bf8cf3707d8cef9e88afe7b3139
2026-06-11T13:49:08Z,abcde_forensics_stage_founders_depth14,pool188rwerlxm4se6qzlz7g9mh3zrccuh492ma0wemuuvyf3zgstqy4,owner,stake1u8ytnlfmgurl77h6vpt2fgnpprrgnlhlmx4ys4jc5l7vfngvlvtxu,12,emurgo+iog,358,60000000000,bbd15532747747275c16a47b388e7a0883daa14d7be6b8d965793589b6190227
2026-06-11T13:49:08Z,abcde_forensics_stage_founders_depth14,pool189vlsjvat36ayfwm5kwq7j89v8mkyzkepe8tqku0vmnpq8wqcg0,owner,stake1u8ty0y47xe9a9evdu2kvfjr6ny3r342g36rt07td3vzw49cvqqpe3,13,iog,254,100000000000,e2309e4bfa1a70699ca30b12b9bd01f5e556925b5f2318cc7b973bf6ad58ee55
2026-06-11T13:49:08Z,abcde_forensics_stage_founders_depth14,pool189vlsjvat36ayfwm5kwq7j89v8mkyzkepe8tqku0vmnpq8wqcg0,reward_address,stake1u8ty0y47xe9a9evdu2kvfjr6ny3r342g36rt07td3vzw49cvqqpe3,13,iog,254,100000000000,e2309e4bfa1a70699ca30b12b9bd01f5e556925b5f2318cc7b973bf6ad58ee55
2026-06-11T13:49:08Z,abcde_forensics_stage_founders_depth14,pool18aklqwussc7j6y9nap8vxst4ht8s6sv76ge9799rzv3lcrau7yg,owner,stake1u9wtr36evqklhrgxdfhudcjam84t8kk4arh46w98jullrrsw589hn,14,iog,287,250000000,b8467ce2e3ba18fd0f20afae83e68755523b5acfb761b71e120bf60c3c265dd5
2026-06-11T13:49:08Z,abcde_forensics_stage_founders_depth14,pool18aklqwussc7j6y9nap8vxst4ht8s6sv76ge9799rzv3lcrau7yg,reward_address,stake1u9wtr36evqklhrgxdfhudcjam84t8kk4arh46w98jullrrsw589hn,14,iog,287,250000000,b8467ce2e3ba18fd0f20afae83e68755523b5acfb761b71e120bf60c3c265dd5
2026-06-11T13:49:08Z,abcde_forensics_stage_founders_depth14,pool18dwcl9dc0pqa3f05d4qne7c5lnhwz20lpffsp9pah25xjz3cesm,owner,stake1u8uydpklxzrqa9wkwu3v6xqffqa76sgw94n734pj5t7w0ycqqtuyc,14,iog,268,20000000000,bb11c8bd6d5ff53903ef6478fc2b9df9bb100070e3b576d3ee3b2c2be71d2b18
2026-06-11T13:49:08Z,abcde_forensics_stage_founders_depth14,pool18dwcl9dc0pqa3f05d4qne7c5lnhwz20lpffsp9pah25xjz3cesm,owner,stake1uyma7vhp68l9y759gu0p2w0mw5hftz9mywsv0apq42zya3q33vx2f,13,iog,268,20000000000,bb11c8bd6d5ff53903ef6478fc2b9df9bb100070e3b576d3ee3b2c2be71d2b18
2026-06-11T13:49:08Z,abcde_forensics_stage_founders_depth14,pool18dwcl9dc0pqa3f05d4qne7c5lnhwz20lpffsp9pah25xjz3cesm,reward_address,stake1u8uydpklxzrqa9wkwu3v6xqffqa76sgw94n734pj5t7w0ycqqtuyc,14,iog,268,20000000000,bb11c8bd6d5ff53903ef6478fc2b9df9bb100070e3b576d3ee3b2c2be71d2b18
2026-06-11T13:49:08Z,abcde_forensics_stage_founders_depth14,pool18e0uhtm4pspfrnktwguypytjfgwz6dw6zzn3gulpdjfx7qd0439,owner,stake1uyrc5qsktuv7ype5n4hu3pfjp4f2xugrk0wels44lqtw8hq8544n7,14,iog,517,1000000,4eee219fecec733cbc16d1471d029a59359a7ef767411269bf01b6d8058292b3
2026-06-11T13:49:08Z,abcde_forensics_stage_founders_depth14,pool18e0uhtm4pspfrnktwguypytjfgwz6dw6zzn3gulpdjfx7qd0439,reward_address,stake1uyrc5qsktuv7ype5n4hu3pfjp4f2xugrk0wels44lqtw8hq8544n7,14,iog,517,1000000,4eee219fecec733cbc16d1471d029a59359a7ef767411269bf01b6d8058292b3
2026-06-11T13:49:08Z,abcde_forensics_stage_founders_depth14,pool18e63pk226vwk7j3khen2nsgs2wt3q6c7u3rnu7jzm9mtxrj54hu,owner,stake1u8422qau2eahefmaeeag8y9hj9vxlz408lq82eufvdsnq0gqy9jv0,14,iog,262,36000000000,3a588ac85187e67cb6cf7cc121c79cb9f8c3cb84514fda16e2c49aa0f0a6b272
2026-06-11T13:49:08Z,abcde_forensics_stage_founders_depth14,pool18e63pk226vwk7j3khen2nsgs2wt3q6c7u3rnu7jzm9mtxrj54hu,reward_address,stake1u8422qau2eahefmaeeag8y9hj9vxlz408lq82eufvdsnq0gqy9jv0,14,iog,262,36000000000,3a588ac85187e67cb6cf7cc121c79cb9f8c3cb84514fda16e2c49aa0f0a6b272
2026-06-11T13:49:08Z,abcde_forensics_stage_founders_depth14,pool18edw9myyszkjuqm2u3v7anszd6vtnrjwhhq3k5r3nhm4crzwp5q,owner,stake1uyaetl7mryskml92dm86dy88y6xdx5fsmyvp4nw9jdms0lsvx6wgn,14,iog,278,500000000,cf8b2de0ee8ce998216608e4effcd20ed1bddf81b1bf86b04f6d6c22b38f21cf
2026-06-11T13:49:08Z,abcde_forensics_stage_founders_depth14,pool18edw9myyszkjuqm2u3v7anszd6vtnrjwhhq3k5r3nhm4crzwp5q,reward_address,stake1uyaetl7mryskml92dm86dy88y6xdx5fsmyvp4nw9jdms0lsvx6wgn,14,iog,278,500000000,cf8b2de0ee8ce998216608e4effcd20ed1bddf81b1bf86b04f6d6c22b38f21cf
2026-06-11T13:49:08Z,abcde_forensics_stage_founders_depth14,pool18fw3qgzt4u094hn8kf82n6jye5y96csamj0f20dja8tnq4ad0hy,owner,stake1u9t28t0wh5xr9k5508tx7hxcfcwfqss97kmcn8wyrv02g6c08z2s9,13,iog,257,1000000000,e073ac32853db6639afd19ed5384d0dc643bb9bf2414e9e13b62137e91997edd
2026-06-11T13:49:08Z,abcde_forensics_stage_founders_depth14,pool18fw3qgzt4u094hn8kf82n6jye5y96csamj0f20dja8tnq4ad0hy,reward_address,stake1u9t28t0wh5xr9k5508tx7hxcfcwfqss97kmcn8wyrv02g6c08z2s9,13,iog,257,1000000000,e073ac32853db6639afd19ed5384d0dc643bb9bf2414e9e13b62137e91997edd
2026-06-11T13:49:08Z,abcde_forensics_stage_founders_depth14,pool18gg869xqpx2vf4u8tnsqeep7txv24yw7tmcd7fv6tqdagznda9p,owner,stake1uygr7quf28p77hf7rmjk56a43n3kvmc3rtaqp4d8vppzpqg0yffpk,11,emurgo+iog,257,5000000000,dd7e006c608c61aec97724025b230c6716bc1d11cb94b5b45ad6a7af67783cc1
2026-06-11T13:49:08Z,abcde_forensics_stage_founders_depth14,pool18gg869xqpx2vf4u8tnsqeep7txv24yw7tmcd7fv6tqdagznda9p,reward_address,stake1uygr7quf28p77hf7rmjk56a43n3kvmc3rtaqp4d8vppzpqg0yffpk,11,emurgo+iog,257,5000000000,dd7e006c608c61aec97724025b230c6716bc1d11cb94b5b45ad6a7af67783cc1
2026-06-11T13:49:08Z,abcde_forensics_stage_founders_depth14,pool18gxqszcsk9yt0jsnzc293556x5t0cd0xdepr69wta9rh23349j5,owner,stake1uydlrmc9t3k2h5t0l7dd7k9j2kp8nakdxqjg4x4h2cmkhjcqvpars,12,iog,247,5000000000,2b85fe58517fc6ca0f3ebc9d4de4a7fd1f54be52aa6a63de5b562177eda26895
2026-06-11T13:49:08Z,abcde_forensics_stage_founders_depth14,pool18gxqszcsk9yt0jsnzc293556x5t0cd0xdepr69wta9rh23349j5,reward_address,stake1uydlrmc9t3k2h5t0l7dd7k9j2kp8nakdxqjg4x4h2cmkhjcqvpars,12,iog,247,5000000000,2b85fe58517fc6ca0f3ebc9d4de4a7fd1f54be52aa6a63de5b562177eda26895
2026-06-11T13:49:08Z,abcde_forensics_stage_founders_depth14,pool18gysxqfwz4j8rm3vlh6677vs9n23prvfr7gwe88mhn5uudgx9ng,owner,stake1u9v8ejdwyepgsqn9ljvntt0rcg0l7rfxevfadm7veltu9gs9m0wd5,14,iog,621,30000000000,c3890e18802b46dc65abb83b6c99958af8cf4b494a55c156b341549e5c775dd8
2026-06-11T13:49:08Z,abcde_forensics_stage_founders_depth14,pool18gysxqfwz4j8rm3vlh6677vs9n23prvfr7gwe88mhn5uudgx9ng,reward_address,stake1u9v8ejdwyepgsqn9ljvntt0rcg0l7rfxevfadm7veltu9gs9m0wd5,14,iog,621,30000000000,c3890e18802b46dc65abb83b6c99958af8cf4b494a55c156b341549e5c775dd8
2026-06-11T13:49:08Z,abcde_forensics_stage_founders_depth14,pool18hk4akqtnktgsptxll625lksugwpc4r30nzjgz4pxtufqgw5gdd,owner,stake1u9ysrcfwcmn57w8ngz97jgjga6ap2xlmw0zr303tyy37g0cdf8ey8,13,emurgo+iog,303,100000000,bf0555da1e7cf34b4271249976adcc53dddbb1ef8493a0a952797c2fca6beb9f
2026-06-11T13:49:08Z,abcde_forensics_stage_founders_depth14,pool18lwlvq4j8yxgrsuvyqntmyq7wyeql5t9nhmtg0cx0uqa6n5hplm,owner,stake1uxxkw6g00nze25kseagd39sv2g3q04qalqz8uwd3g289nsc8tc5ys,14,iog,256,10000000,d6fe9833d9eccda1ae4a3b6ef9b6b7c4cdc0d6ed87127c67ae2566a1a743cfe0
2026-06-11T13:49:08Z,abcde_forensics_stage_founders_depth14,pool18lwlvq4j8yxgrsuvyqntmyq7wyeql5t9nhmtg0cx0uqa6n5hplm,reward_address,stake1uxxkw6g00nze25kseagd39sv2g3q04qalqz8uwd3g289nsc8tc5ys,14,iog,256,10000000,d6fe9833d9eccda1ae4a3b6ef9b6b7c4cdc0d6ed87127c67ae2566a1a743cfe0
2026-06-11T13:49:08Z,abcde_forensics_stage_founders_depth14,pool18m6dvfkxqex40geqnvtyavhadzwja9mcnhwuy035u69tydec784,owner,stake1u8uxcsflqglds360nkhp2cq4jregk8ww3ygd80uzarpxncqe5q62p,13,iog,268,1500000000,5009736a7e714f79eafae2cf0b29ec678fe108e61621e6015dd9995bf76e5aa8
2026-06-11T13:49:08Z,abcde_forensics_stage_founders_depth14,pool18m6dvfkxqex40geqnvtyavhadzwja9mcnhwuy035u69tydec784,reward_address,stake1u8uxcsflqglds360nkhp2cq4jregk8ww3ygd80uzarpxncqe5q62p,13,iog,268,1500000000,5009736a7e714f79eafae2cf0b29ec678fe108e61621e6015dd9995bf76e5aa8
2026-06-11T13:49:08Z,abcde_forensics_stage_founders_depth14,pool18me06fpnm53xylyg59n8yvhy3xtvjetra3tan5trrvr6yuvm8pd,owner,stake1u9se0yfs02f5ah5xfssfxxfg78zye45pn4llg49eaz0a9wgjtvs0x,13,iog,486,15000000000,13a1fe467833756177869668a1b8c8dc186e73918bea9c593529dec6389a10da
2026-06-11T13:49:08Z,abcde_forensics_stage_founders_depth14,pool18me06fpnm53xylyg59n8yvhy3xtvjetra3tan5trrvr6yuvm8pd,owner,stake1u9t0362j9ngajw0v9v30gexv94s2vhgp44dspx96kt4peqck0h508,14,iog,486,15000000000,13a1fe467833756177869668a1b8c8dc186e73918bea9c593529dec6389a10da
2026-06-11T13:49:08Z,abcde_forensics_stage_founders_depth14,pool18me06fpnm53xylyg59n8yvhy3xtvjetra3tan5trrvr6yuvm8pd,reward_address,stake1u9se0yfs02f5ah5xfssfxxfg78zye45pn4llg49eaz0a9wgjtvs0x,13,iog,486,15000000000,13a1fe467833756177869668a1b8c8dc186e73918bea9c593529dec6389a10da
2026-06-11T13:49:08Z,abcde_forensics_stage_founders_depth14,pool18n7gadrjk8ul8syhstgpeajd59f4m78e8ktrxh9m0fa5j6x8lty,owner,stake1u926j0ad53srauh40pe873zcvy9m9sc84uafgpx0980pqegl5mkqf,14,iog,245,50000000000,c873680587fce4e245464555ca14c80bcfff76d550b6f07fbdebf745f2d7dbeb
2026-06-11T13:49:08Z,abcde_forensics_stage_founders_depth14,pool18n7gadrjk8ul8syhstgpeajd59f4m78e8ktrxh9m0fa5j6x8lty,reward_address,stake1u926j0ad53srauh40pe873zcvy9m9sc84uafgpx0980pqegl5mkqf,14,iog,245,50000000000,c873680587fce4e245464555ca14c80bcfff76d550b6f07fbdebf745f2d7dbeb
2026-06-11T13:49:08Z,abcde_forensics_stage_founders_depth14,pool18pwq8mctjyctx00rl36e7r7m046mg34365amyaluw0n5cd7rv7w,owner,stake1uy8slgqv58rmtxydvnndtnsxxdayq6avh4dh3d00p8v79fg3tmlcx,14,iog,373,12000000000,3b722c2f35bb1a7a52dcaedc80994fba4ce1a1c88160f3d6e81efe3d9977c145
2026-06-11T13:49:08Z,abcde_forensics_stage_founders_depth14,pool18pwq8mctjyctx00rl36e7r7m046mg34365amyaluw0n5cd7rv7w,reward_address,stake1uy8slgqv58rmtxydvnndtnsxxdayq6avh4dh3d00p8v79fg3tmlcx,14,iog,373,12000000000,3b722c2f35bb1a7a52dcaedc80994fba4ce1a1c88160f3d6e81efe3d9977c145
2026-06-11T13:49:08Z,abcde_forensics_stage_founders_depth14,pool18qlwnav8ca79dqlw5grnt96f0pxe4awdyvrdpxde89ln7th9utp,owner,stake1u9jhc044g7g9r9dvfhuf99w4c9eyupeu0wwghgy7kw0txesh4ezer,10,iog,365,5900000000,41a04f03fe19238fe3129a5f15c1e4e403898bde97012b3cfaadd4f2995697e1
2026-06-11T13:49:08Z,abcde_forensics_stage_founders_depth14,pool18qlwnav8ca79dqlw5grnt96f0pxe4awdyvrdpxde89ln7th9utp,reward_address,stake1u9jhc044g7g9r9dvfhuf99w4c9eyupeu0wwghgy7kw0txesh4ezer,10,iog,365,5900000000,41a04f03fe19238fe3129a5f15c1e4e403898bde97012b3cfaadd4f2995697e1
2026-06-11T13:49:08Z,abcde_forensics_stage_founders_depth14,pool18qmfd3ljn2dynsw6f8knt04m6cyhe6jmtz54mfw8mun7u9vqqx6,reward_address,stake1u9skz3ccllxfg4fewq8gphlszycznd9ysz20a3hj2ejpazqfl3vm0,14,iog,460,90000000000,8e645f0ef8b4aa85bb44cce45baba22d90a9fd09bbc84a0a696a846ef9a3897a
2026-06-11T13:49:08Z,abcde_forensics_stage_founders_depth14,pool18qzks8vdf0yu0u5ccf8aaj35q6zfutdcfgrssuvdjmgtyykr922,owner,stake1uxcnrg44f8mxjkxveupm9pgadfeu0rn6gwx9dkmrgr38k3cz6zlwh,13,emurgo,591,32700000000,36e0420c6f010abae2646a587b6bc327e2d3471267aeac9837788db605aaa8e2
2026-06-11T13:49:08Z,abcde_forensics_stage_founders_depth14,pool18qzks8vdf0yu0u5ccf8aaj35q6zfutdcfgrssuvdjmgtyykr922,reward_address,stake1uxcnrg44f8mxjkxveupm9pgadfeu0rn6gwx9dkmrgr38k3cz6zlwh,13,emurgo,591,32700000000,36e0420c6f010abae2646a587b6bc327e2d3471267aeac9837788db605aaa8e2
2026-06-11T13:49:08Z,abcde_forensics_stage_founders_depth14,pool18r2y72aue5nmv489xtnfxl36vzusq95qst6urd87yd5hgzms04c,owner,stake1ux4q7yf5d5xz02yduxjla7d0pdyh2yzllc08q9l88wyvy3q8t5045,14,iog,294,27400000000,5c4dfb2caebecb991bde7fe886d5e09b2a9fd123355b2c21b8c4f4024152dd35
2026-06-11T13:49:08Z,abcde_forensics_stage_founders_depth14,pool18r2y72aue5nmv489xtnfxl36vzusq95qst6urd87yd5hgzms04c,reward_address,stake1ux4q7yf5d5xz02yduxjla7d0pdyh2yzllc08q9l88wyvy3q8t5045,14,iog,294,27400000000,5c4dfb2caebecb991bde7fe886d5e09b2a9fd123355b2c21b8c4f4024152dd35
2026-06-11T13:49:08Z,abcde_forensics_stage_founders_depth14,pool18smcfsj807acqhtqvcwt7naywt7ad5704n5krjexuvtnxlvfxur,owner,stake1uxg33mhprp62sa6qgnp9rad8vyq08elez2ms3ymwawa6a6q0z5s2z,12,iog,267,20000000,1a6916885c791f8ce44eaeab39e9696e7cf2b2cb1d287ee3f2b4be3c94506776
2026-06-11T13:49:08Z,abcde_forensics_stage_founders_depth14,pool18smcfsj807acqhtqvcwt7naywt7ad5704n5krjexuvtnxlvfxur,reward_address,stake1uxg33mhprp62sa6qgnp9rad8vyq08elez2ms3ymwawa6a6q0z5s2z,12,iog,267,20000000,1a6916885c791f8ce44eaeab39e9696e7cf2b2cb1d287ee3f2b4be3c94506776
2026-06-11T13:49:08Z,abcde_forensics_stage_founders_depth14,pool18wvcp69ju0qtx63c2qwjz3djvf2nxgwyx5e4a5vt9r84gpnuhjt,owner,stake1uyr3a9s9wy5s8yk8z5djwl004xkc6dx535gpsjta2tfwrlctpt5ax,13,emurgo+iog,291,30000000000,e6643927130f0344f791b7b0b0de1894fa24a0aefcb55542aa7137f9c9bc1474
2026-06-11T13:49:08Z,abcde_forensics_stage_founders_depth14,pool18wvcp69ju0qtx63c2qwjz3djvf2nxgwyx5e4a5vt9r84gpnuhjt,reward_address,stake1uyr3a9s9wy5s8yk8z5djwl004xkc6dx535gpsjta2tfwrlctpt5ax,13,emurgo+iog,291,30000000000,e6643927130f0344f791b7b0b0de1894fa24a0aefcb55542aa7137f9c9bc1474
2026-06-11T13:49:08Z,abcde_forensics_stage_founders_depth14,pool18xqt8enh3fcqq9jvczkmcyaxzapyg7yp9najj96gg0gmxjuglyx,owner,stake1uyss9y7awgxqnhr4df26gswk9f6h8d7svga0lt35ty6pwugxfvsht,14,iog,253,100000000,bde35c8d17acdc4b9d6de0bc99f69812495a9bfa8fb48a6d580dfbbaeca5bfd3
2026-06-11T13:49:08Z,abcde_forensics_stage_founders_depth14,pool18xqt8enh3fcqq9jvczkmcyaxzapyg7yp9najj96gg0gmxjuglyx,reward_address,stake1uyss9y7awgxqnhr4df26gswk9f6h8d7svga0lt35ty6pwugxfvsht,14,iog,253,100000000,bde35c8d17acdc4b9d6de0bc99f69812495a9bfa8fb48a6d580dfbbaeca5bfd3
2026-06-11T13:49:08Z,abcde_forensics_stage_founders_depth14,pool18xu4fh88v4naq5u3x9ya5aevfkrfd7a8a4gw6sejdvjnsrpud2a,owner,stake1u8qh8lhnmyqwa5a5aes4t79fvvsrdaault2lq82ne6jrrrqj6v8wz,14,iog,538,0,5906b5c66e9e0f06e5b53cb570ab800b15a50cc13b346eb6a2dce89a6f32fc86
2026-06-11T13:49:08Z,abcde_forensics_stage_founders_depth14,pool18xu4fh88v4naq5u3x9ya5aevfkrfd7a8a4gw6sejdvjnsrpud2a,reward_address,stake1u8qh8lhnmyqwa5a5aes4t79fvvsrdaault2lq82ne6jrrrqj6v8wz,14,iog,538,0,5906b5c66e9e0f06e5b53cb570ab800b15a50cc13b346eb6a2dce89a6f32fc86
2026-06-11T13:49:08Z,abcde_forensics_stage_founders_depth14,pool18xyhhrlxp6svh3rpr8fe8ts88ymn7xatgd74305t8548ccgtacq,owner,stake1uy366ww3dhfs6ejaqy2uktm6alg50pxgp7md9g87h4lmaxqqf6lxu,14,iog,305,1000000000000,17480b3d0f21cbee597378f39beb6dd61a5165b5336ed0ccfd8625c7d5856f6f
2026-06-11T13:49:08Z,abcde_forensics_stage_founders_depth14,pool18zhvqynxvgha0zng8pess5vdcsk056st8h6h9ufzqq0ucj0ssar,owner,stake1u9yzn9rprp4r4c0yvw9grc28y8vv20e6rzzm7saq6e3jf3qc6c9qa,14,iog,256,25000000000,31fbc70dcaaf3638f5b4c867836247d3e55cf28b9f9760797e07508725de5bbe
2026-06-11T13:49:08Z,abcde_forensics_stage_founders_depth14,pool18zhvqynxvgha0zng8pess5vdcsk056st8h6h9ufzqq0ucj0ssar,reward_address,stake1u9yzn9rprp4r4c0yvw9grc28y8vv20e6rzzm7saq6e3jf3qc6c9qa,14,iog,256,25000000000,31fbc70dcaaf3638f5b4c867836247d3e55cf28b9f9760797e07508725de5bbe
2026-06-11T13:49:08Z,abcde_forensics_stage_founders_depth14,pool1935erruagz8y3lkq5fycd7jk7ye9ldp86638nntmmwp9558jmhf,owner,stake1uxz69f74zr66fcna7jpurun7v2s70ghn4k7zcq4y2xr6axqnaek6y,14,iog,296,11000000000,d7b475dee74f2259b97ff21660f33b48271a3c7601b4679ce858977bb1fc4d45
2026-06-11T13:49:08Z,abcde_forensics_stage_founders_depth14,pool193cdhdpaedcev7x6qps3eps7s4sh2v8k6v9yr4tc2ulujq4982d,owner,stake1u9pn740my6k2czlx4drprn4uarafejhuttet29f68qmlkxc8ervz5,14,iog,257,500000000,9511e37efb424955fdef33c80cbef5fe4ce91923724eda6b9ad5dcb40afe3e57
2026-06-11T13:49:08Z,abcde_forensics_stage_founders_depth14,pool193cdhdpaedcev7x6qps3eps7s4sh2v8k6v9yr4tc2ulujq4982d,reward_address,stake1u9pn740my6k2czlx4drprn4uarafejhuttet29f68qmlkxc8ervz5,14,iog,257,500000000,9511e37efb424955fdef33c80cbef5fe4ce91923724eda6b9ad5dcb40afe3e57
2026-06-11T13:49:08Z,abcde_forensics_stage_founders_depth14,pool193eeqrm9vfx5y7d7u7766zskcr0ss0pnypy8sn30mlar29s49zv,owner,stake1u955245520h3epj4lhmr9gvk6vwrxp8vp3z2qyv6jkk0degmlr9zm,14,iog,263,1000000000000,e0dfd943e740e7a3f7dbf004bcc7ce6ceac0b0fb63f4390314971e581b03867d
2026-06-11T13:49:08Z,abcde_forensics_stage_founders_depth14,pool193eeqrm9vfx5y7d7u7766zskcr0ss0pnypy8sn30mlar29s49zv,reward_address,stake1u955245520h3epj4lhmr9gvk6vwrxp8vp3z2qyv6jkk0degmlr9zm,14,iog,263,1000000000000,e0dfd943e740e7a3f7dbf004bcc7ce6ceac0b0fb63f4390314971e581b03867d
2026-06-11T13:49:08Z,abcde_forensics_stage_founders_depth14,pool1947a6fc2nkguajeutzhhwfnumd0pfszlekcmlg4n7h7y7lgtedx,owner,stake1ux6vp5mmumdc84xjjcfvgutv6y4nrkucp4d7w7h9zmxewtccajy20,14,iog,283,100000000000,3c2e488b51057247aa6b353dd1833107202dea02f5479feb08445d9ff4582ff1
2026-06-11T13:49:08Z,abcde_forensics_stage_founders_depth14,pool197rexraxmzk5mv36h2yfy8p4lwxzlqyenjk50r0q8dchz4gp26j,owner,stake1u9jf3h7fajacuql3gfskh0xtypa9sue0as8acv9q43ht52shxkn6j,11,iog,304,100000000000,efd03b7086b23b4acbff5aa25ba6a289407fbe0269496c7344de56005fdf9201
2026-06-11T13:49:08Z,abcde_forensics_stage_founders_depth14,pool197rexraxmzk5mv36h2yfy8p4lwxzlqyenjk50r0q8dchz4gp26j,owner,stake1uxg96zpcc3skm5fvfz8vyjcafwl6m2vj07y3mvgfu36rxhq0krdpq,14,iog,304,100000000000,efd03b7086b23b4acbff5aa25ba6a289407fbe0269496c7344de56005fdf9201
2026-06-11T13:49:08Z,abcde_forensics_stage_founders_depth14,pool197rexraxmzk5mv36h2yfy8p4lwxzlqyenjk50r0q8dchz4gp26j,reward_address,stake1u9jf3h7fajacuql3gfskh0xtypa9sue0as8acv9q43ht52shxkn6j,11,iog,304,100000000000,efd03b7086b23b4acbff5aa25ba6a289407fbe0269496c7344de56005fdf9201
2026-06-11T13:49:08Z,abcde_forensics_stage_founders_depth14,pool198dkwjt2quju6xehznn4tstmr7xp2mvmu023yd7qkgjn7e8hn30,owner,stake1u8rvy4w3m5wdzf9ak7cvt522gqnpwh3rwc4clpvl8h8d32s68tw4q,14,iog,268,63000000000000,bfcef11e0dbd6ff949391fbab066944c07d33486ddf28dc5de8aebec98bd455c
2026-06-11T13:49:08Z,abcde_forensics_stage_founders_depth14,pool198dkwjt2quju6xehznn4tstmr7xp2mvmu023yd7qkgjn7e8hn30,reward_address,stake1u8rvy4w3m5wdzf9ak7cvt522gqnpwh3rwc4clpvl8h8d32s68tw4q,14,iog,268,63000000000000,bfcef11e0dbd6ff949391fbab066944c07d33486ddf28dc5de8aebec98bd455c
2026-06-11T13:49:08Z,abcde_forensics_stage_founders_depth14,pool198ju5qa0gc57dl6c0gd8td343dy2ravfy7hcz0rck97jwv35csh,owner,stake1uy0vzlp5gzpv02cdjl9ykuhdm4zsds36up00u4u4uadd4fg7ly0s7,13,iog,269,10000000000,a467984b34a29158964f8e6d5f295e31d0aedea2413589acb1ce7a5de88c66ee
2026-06-11T13:49:08Z,abcde_forensics_stage_founders_depth14,pool198ju5qa0gc57dl6c0gd8td343dy2ravfy7hcz0rck97jwv35csh,reward_address,stake1uy0vzlp5gzpv02cdjl9ykuhdm4zsds36up00u4u4uadd4fg7ly0s7,13,iog,269,10000000000,a467984b34a29158964f8e6d5f295e31d0aedea2413589acb1ce7a5de88c66ee
2026-06-11T13:49:08Z,abcde_forensics_stage_founders_depth14,pool19a88drt8dx3wu29e85vcl96wjsjt9vlnlj5tr4ydjqq86sfa84w,owner,stake1uyep73z000kfncm8vgdgzdj04lrrenzh29ga5jfw2tk28pcap44lh,13,iog,317,1200000308687,b06e5b983f2efaf2a1a36cd7bd01cc42ea6c81996c1c53443a668a55c1f38a97
2026-06-11T13:49:08Z,abcde_forensics_stage_founders_depth14,pool19a88drt8dx3wu29e85vcl96wjsjt9vlnlj5tr4ydjqq86sfa84w,reward_address,stake1uyep73z000kfncm8vgdgzdj04lrrenzh29ga5jfw2tk28pcap44lh,13,iog,317,1200000308687,b06e5b983f2efaf2a1a36cd7bd01cc42ea6c81996c1c53443a668a55c1f38a97
2026-06-11T13:49:08Z,abcde_forensics_stage_founders_depth14,pool19asxjgd6ah9ddzauwede4wpt9vsp6s4ax5nz297wt47evc9sn7z,owner,stake1u9kefcpvnlazn6u9euze7fxa4tf7zjy44yfnjf6a8k3fkrcf35e7k,13,iog,590,7890000000000,1dadb8e6b7abdaf0943a5ba35b150efc82304879ef03f7dc36bda5105918ed14
2026-06-11T13:49:08Z,abcde_forensics_stage_founders_depth14,pool19asxjgd6ah9ddzauwede4wpt9vsp6s4ax5nz297wt47evc9sn7z,reward_address,stake1u9kefcpvnlazn6u9euze7fxa4tf7zjy44yfnjf6a8k3fkrcf35e7k,13,iog,590,7890000000000,1dadb8e6b7abdaf0943a5ba35b150efc82304879ef03f7dc36bda5105918ed14
2026-06-11T13:49:08Z,abcde_forensics_stage_founders_depth14,pool19cfmy93acrj292lwhak0laxrlt88ndausl3fhdgq8pckxnxc6le,owner,stake1u9ehcw7g3959whxhycw9wupnd63pua4c07d594d5xnz8kqctfv6f8,14,emurgo+iog,231,42000000,bb36aa2d24e399e9da2582f036a9e2b2496a2d88ea76e9dc2e4bd9fd2dfd9272
2026-06-11T13:49:08Z,abcde_forensics_stage_founders_depth14,pool19cfmy93acrj292lwhak0laxrlt88ndausl3fhdgq8pckxnxc6le,reward_address,stake1u9ehcw7g3959whxhycw9wupnd63pua4c07d594d5xnz8kqctfv6f8,14,emurgo+iog,231,42000000,bb36aa2d24e399e9da2582f036a9e2b2496a2d88ea76e9dc2e4bd9fd2dfd9272
2026-06-11T13:49:08Z,abcde_forensics_stage_founders_depth14,pool19d5anp46tkzvf8xmqmxrtedr6lvw55snk65zfep2srsd2qe2wcc,owner,stake1uyj4ehsk06gv2z5eacfuk2245ant0nm3ggf5zy4dwcljvrqa4m4j5,13,emurgo+iog,255,10000000000,733ba699732e3118eed964f105eb517c9868e2da290621dd9befaefe4727ab4e
2026-06-11T13:49:08Z,abcde_forensics_stage_founders_depth14,pool19d5anp46tkzvf8xmqmxrtedr6lvw55snk65zfep2srsd2qe2wcc,reward_address,stake1uyj4ehsk06gv2z5eacfuk2245ant0nm3ggf5zy4dwcljvrqa4m4j5,13,emurgo+iog,255,10000000000,733ba699732e3118eed964f105eb517c9868e2da290621dd9befaefe4727ab4e
2026-06-11T13:49:08Z,abcde_forensics_stage_founders_depth14,pool19ddv2pe786q8zqjzvw50u60y2aau7wl76sg3pnkc4j92wcx2kp2,owner,stake1uy2vdnwvdwh2a3zt3vcd9trqd62tsn0g028q4754e43ggzqc5eeqv,13,iog,535,1000000000,1337fd2a7eded1fcb071ea592e6d2ac9e554f45046479efc65bf304373fd19ac
2026-06-11T13:49:08Z,abcde_forensics_stage_founders_depth14,pool19ddv2pe786q8zqjzvw50u60y2aau7wl76sg3pnkc4j92wcx2kp2,reward_address,stake1uy2vdnwvdwh2a3zt3vcd9trqd62tsn0g028q4754e43ggzqc5eeqv,13,iog,535,1000000000,1337fd2a7eded1fcb071ea592e6d2ac9e554f45046479efc65bf304373fd19ac
2026-06-11T13:49:08Z,abcde_forensics_stage_founders_depth14,pool19ghp59ea95dd9v86lzq6k2xl65ftmg5a578zq8h9d0ptwu4dekf,owner,stake1u8ldhf4kuc9tvtgn4dzk0054c6uharaxuqtg83srcax628q2sy5jy,14,iog,252,1000000000,7a118d62ffc2ddba79cc908e9822977f21e8944f1f3b8701007bc852526a68cd
2026-06-11T13:49:08Z,abcde_forensics_stage_founders_depth14,pool19ghp59ea95dd9v86lzq6k2xl65ftmg5a578zq8h9d0ptwu4dekf,owner,stake1uxjn5nvdfgse3j9gpmf2jpdlxzp5kqns63ngnjmhgx2y5dc8w457d,13,iog,252,1000000000,7a118d62ffc2ddba79cc908e9822977f21e8944f1f3b8701007bc852526a68cd
2026-06-11T13:49:08Z,abcde_forensics_stage_founders_depth14,pool19ld34dteejm5z5avr858easgmxuusay9u8avw27upfjw22t9th7,owner,stake1u97pqdcpvnk8xu6azqzn26ndam54crz0nexy9snzfytufygukv9st,13,emurgo+iog,274,155000000,23e46f7b400878e86f9af0535711207411c8f31994258e8facf2d8015774680f
2026-06-11T13:49:08Z,abcde_forensics_stage_founders_depth14,pool19ld34dteejm5z5avr858easgmxuusay9u8avw27upfjw22t9th7,reward_address,stake1u97pqdcpvnk8xu6azqzn26ndam54crz0nexy9snzfytufygukv9st,13,emurgo+iog,274,155000000,23e46f7b400878e86f9af0535711207411c8f31994258e8facf2d8015774680f
2026-06-11T13:49:08Z,abcde_forensics_stage_founders_depth14,pool19lxuukjsg5frly5uycdnthq6g2xxc46vmtnddwpjlh077v00ace,owner,stake1u9ragwspav44huyvw9gk7ph9dda6eg8v3tlzda4j4knhzrsf80k5u,13,iog,255,2001000000,c7d413a38275517a83634164c658c9e795a07e16366d36c8d00797d8fa8021a1
2026-06-11T13:49:08Z,abcde_forensics_stage_founders_depth14,pool19lxuukjsg5frly5uycdnthq6g2xxc46vmtnddwpjlh077v00ace,reward_address,stake1u9ragwspav44huyvw9gk7ph9dda6eg8v3tlzda4j4knhzrsf80k5u,13,iog,255,2001000000,c7d413a38275517a83634164c658c9e795a07e16366d36c8d00797d8fa8021a1
2026-06-11T13:49:08Z,abcde_forensics_stage_founders_depth14,pool19p6tdq9urs5kcx7a4mhp8ldc3j3t3ea4xlz5nlyesa35cqhheul,owner,stake1uxvh2wn086xf9qve8vzx2vfdm748059pz8p4r2p8y45rd7qgdy9ad,12,emurgo+iog,264,24296000000,6803caa0d571116aa19191b401639701bada6c738173aa60e67c13a97aa64ee3
2026-06-11T13:49:08Z,abcde_forensics_stage_founders_depth14,pool19p6tdq9urs5kcx7a4mhp8ldc3j3t3ea4xlz5nlyesa35cqhheul,reward_address,stake1uxvh2wn086xf9qve8vzx2vfdm748059pz8p4r2p8y45rd7qgdy9ad,12,emurgo+iog,264,24296000000,6803caa0d571116aa19191b401639701bada6c738173aa60e67c13a97aa64ee3
2026-06-11T13:49:08Z,abcde_forensics_stage_founders_depth14,pool19peeq2czwunkwe3s70yuvwpsrqcyndlqnxvt67usz98px57z7fk,owner,stake1u8f3uqzv9lc84555ejzuq005lhaahfm3m9ytr68ke27k6hc9xy0kc,14,iog,489,1000000000,2372dd4d4122a644cb38eb308762f83770b8476bcc226532c986e9daa30cc6ce
2026-06-11T13:49:08Z,abcde_forensics_stage_founders_depth14,pool19peeq2czwunkwe3s70yuvwpsrqcyndlqnxvt67usz98px57z7fk,reward_address,stake1u8f3uqzv9lc84555ejzuq005lhaahfm3m9ytr68ke27k6hc9xy0kc,14,iog,489,1000000000,2372dd4d4122a644cb38eb308762f83770b8476bcc226532c986e9daa30cc6ce
2026-06-11T13:49:08Z,abcde_forensics_stage_founders_depth14,pool19sw24xucdkukhyjyyaw7ffkldez6lmfsew2vq4mzsktmckwhhxr,owner,stake1u9tp9ma3z8l94dcx0kdrn0p77tmch2ey2zhtnylc9u483vggnjyle,14,iog,279,100000000,f44de0755d62beb4c14bc0e16235c28379dcacfec3cd48766c95a69ae81d9371
2026-06-11T13:49:08Z,abcde_forensics_stage_founders_depth14,pool19sw24xucdkukhyjyyaw7ffkldez6lmfsew2vq4mzsktmckwhhxr,reward_address,stake1u9tp9ma3z8l94dcx0kdrn0p77tmch2ey2zhtnylc9u483vggnjyle,14,iog,279,100000000,f44de0755d62beb4c14bc0e16235c28379dcacfec3cd48766c95a69ae81d9371
2026-06-11T13:49:08Z,abcde_forensics_stage_founders_depth14,pool19tkfl9x2dkk07z43rvamftvnyu5vtcfatdpsag8phzqvgpdklqq,owner,stake1u8gpw6zfqvuurf7x3nru4h0pg2v37w27732gwgssptp6kfqqjr0ty,14,iog,227,0,a76bc69be79fce33718922aabc2da02c032891a57ddfa2995256ce6cda2be00b
2026-06-11T13:49:08Z,abcde_forensics_stage_founders_depth14,pool19tkfl9x2dkk07z43rvamftvnyu5vtcfatdpsag8phzqvgpdklqq,reward_address,stake1u8gpw6zfqvuurf7x3nru4h0pg2v37w27732gwgssptp6kfqqjr0ty,14,iog,227,0,a76bc69be79fce33718922aabc2da02c032891a57ddfa2995256ce6cda2be00b
2026-06-11T13:49:08Z,abcde_forensics_stage_founders_depth14,pool19x70rusuwenqn7c8kkmm52je8t3nntfjazfm3hcaku9z6qzxnjs,owner,stake1u8xprs50rscuxn6p9aj263gjsp7c336ymmyqr0jvca5t2zsu6vcat,13,iog,288,28000000001,56db314fb3c8954c6e59d6b17db446a05be7b0f8cde04229f4b56b8726a707a8
2026-06-11T13:49:08Z,abcde_forensics_stage_founders_depth14,pool19x70rusuwenqn7c8kkmm52je8t3nntfjazfm3hcaku9z6qzxnjs,owner,stake1u9l48mvz8auwusw2ah7kflh8n6q095ck53nrfyztwreyvrq56kpka,14,iog,288,28000000001,56db314fb3c8954c6e59d6b17db446a05be7b0f8cde04229f4b56b8726a707a8
2026-06-11T13:49:08Z,abcde_forensics_stage_founders_depth14,pool19x70rusuwenqn7c8kkmm52je8t3nntfjazfm3hcaku9z6qzxnjs,reward_address,stake1u8xprs50rscuxn6p9aj263gjsp7c336ymmyqr0jvca5t2zsu6vcat,13,iog,288,28000000001,56db314fb3c8954c6e59d6b17db446a05be7b0f8cde04229f4b56b8726a707a8
2026-06-11T13:49:08Z,abcde_forensics_stage_founders_depth14,pool19y6kk0p4x50463xxvqlgdlha5v7suw3w6cdrpn8nmfwhzkmwmza,owner,stake1uy0xs4upd3na2v9xtrwn0qjfz8me0c4stu56d6ss8dnp86qd47cn6,14,iog,267,100000000,01eaed7eaec484d53649005495557959fab43b2d74650393b1da083e72c511f2
2026-06-11T13:49:08Z,abcde_forensics_stage_founders_depth14,pool19y6kk0p4x50463xxvqlgdlha5v7suw3w6cdrpn8nmfwhzkmwmza,reward_address,stake1uy0xs4upd3na2v9xtrwn0qjfz8me0c4stu56d6ss8dnp86qd47cn6,14,iog,267,100000000,01eaed7eaec484d53649005495557959fab43b2d74650393b1da083e72c511f2
2026-06-11T13:49:08Z,abcde_forensics_stage_founders_depth14,pool19z6leg6c87h9gmyytk3pd7d6v0wv0jemc2aytksyvqs4c34kadf,owner,stake1uyau6t6fhan4sw5vjes422eu5rxl6nzcfc75t5n6a26tlmcf2w2ar,13,iog,250,100000000,1e2ac94d74f7c11455ef4f6e7345e5b764df733f4ce5d0746b63be27bdaa6bcd
2026-06-11T13:49:08Z,abcde_forensics_stage_founders_depth14,pool19z6leg6c87h9gmyytk3pd7d6v0wv0jemc2aytksyvqs4c34kadf,reward_address,stake1uyau6t6fhan4sw5vjes422eu5rxl6nzcfc75t5n6a26tlmcf2w2ar,13,iog,250,100000000,1e2ac94d74f7c11455ef4f6e7345e5b764df733f4ce5d0746b63be27bdaa6bcd
2026-06-11T13:49:08Z,abcde_forensics_stage_founders_depth14,pool19zkd9hmkgdjmx2xr0psuat88uuw25wsrktr2qe69v2uzqldfnmj,owner,stake1u8ww9v63kydymm7hslk4mxyte36str9ehdz06lzsu5r4jlq0e2shk,14,iog,419,0,2186ee06843b7892ee8f5790b99af3bb85609c93865ef1e02b39130ff626f6da
2026-06-11T13:49:08Z,abcde_forensics_stage_founders_depth14,pool19zkd9hmkgdjmx2xr0psuat88uuw25wsrktr2qe69v2uzqldfnmj,reward_address,stake1u8ww9v63kydymm7hslk4mxyte36str9ehdz06lzsu5r4jlq0e2shk,14,iog,419,0,2186ee06843b7892ee8f5790b99af3bb85609c93865ef1e02b39130ff626f6da
2026-06-11T13:49:08Z,abcde_forensics_stage_founders_depth14,pool1a23v7jcg9dfl66mz4ftw42xc2gzufwrdxqxzltcesue4jn0pd5r,owner,stake1u9km80gtvj92jz2na803l5lqa33s64m9etc4y2vsk4ej03g73f0hm,12,iog,276,500000000,d74735ecee3239ee69cb77a30f918710da63af1e4012a1adc4045fc90966b15b
2026-06-11T13:49:08Z,abcde_forensics_stage_founders_depth14,pool1a23v7jcg9dfl66mz4ftw42xc2gzufwrdxqxzltcesue4jn0pd5r,reward_address,stake1u9km80gtvj92jz2na803l5lqa33s64m9etc4y2vsk4ej03g73f0hm,12,iog,276,500000000,d74735ecee3239ee69cb77a30f918710da63af1e4012a1adc4045fc90966b15b
2026-06-11T13:49:08Z,abcde_forensics_stage_founders_depth14,pool1a3kdettzvvlqvkl9m9hwe63ggeq5fgvz0twqew5c62dzx99vsed,owner,stake1uxf88mv56gusphujtr2xh5symcgd9w5q52t98n0ghk38seqv47gw8,13,iog,591,25000000000,0d738a166af53c0a47f2bad24241a55f67d3b382031710bff0a5220af98327b1
2026-06-11T13:49:08Z,abcde_forensics_stage_founders_depth14,pool1a3u8zuz7fqavxgl48s8k37w8w6njk7zevlzyfjdlzxfexjcue6a,owner,stake1u8wzan33n9dzw69340x0fnsf082nf0maz9p3l2j8nwtk6qqc2frd6,11,iog,301,0,f07a15cfc4b15130838c96da58d39c34c133736584de732def01a0cb2f34c0c9
2026-06-11T13:49:08Z,abcde_forensics_stage_founders_depth14,pool1a3u8zuz7fqavxgl48s8k37w8w6njk7zevlzyfjdlzxfexjcue6a,reward_address,stake1u8wzan33n9dzw69340x0fnsf082nf0maz9p3l2j8nwtk6qqc2frd6,11,iog,301,0,f07a15cfc4b15130838c96da58d39c34c133736584de732def01a0cb2f34c0c9
2026-06-11T13:49:08Z,abcde_forensics_stage_founders_depth14,pool1a4qtpgce7cu6wzc79fx7qrc3938hkl2gf8c2h5jugvm2gnu86l7,owner,stake1u8eu845mr48v5xtsjm9l6e69pajpy00y5hkkrv0efg6kzdql7v0pz,13,iog,590,8440000000000,a6bf87fa298334a9c52eace79b2917b9d81e114e946b19fac95387922814642f
2026-06-11T13:49:08Z,abcde_forensics_stage_founders_depth14,pool1a4qtpgce7cu6wzc79fx7qrc3938hkl2gf8c2h5jugvm2gnu86l7,reward_address,stake1u8eu845mr48v5xtsjm9l6e69pajpy00y5hkkrv0efg6kzdql7v0pz,13,iog,590,8440000000000,a6bf87fa298334a9c52eace79b2917b9d81e114e946b19fac95387922814642f
2026-06-11T13:49:08Z,abcde_forensics_stage_founders_depth14,pool1a8mnzapyyd88dyf67tlj9ut0h38jnr9wnr8jea55066z2pntpnm,owner,stake1u9aa6hvhkq3yerv5s20xdmvmgmmfrpsw9xt7uv9r5wvplusep8z97,13,iog,250,1000000000,59fa37dab1a218cfc3f4f58d93cc6ba39686093991ff63614db16bd72739bb71
2026-06-11T13:49:08Z,abcde_forensics_stage_founders_depth14,pool1a8mnzapyyd88dyf67tlj9ut0h38jnr9wnr8jea55066z2pntpnm,reward_address,stake1u9aa6hvhkq3yerv5s20xdmvmgmmfrpsw9xt7uv9r5wvplusep8z97,13,iog,250,1000000000,59fa37dab1a218cfc3f4f58d93cc6ba39686093991ff63614db16bd72739bb71
2026-06-11T13:49:08Z,abcde_forensics_stage_founders_depth14,pool1aawkmkg7vg0x0vxaqh4gr0lwp4fekwsqrjduylx0et3tuz9hfn4,owner,stake1uy2attrljcfyaxvdsfyxjpe5s0fd6asf2exwc90f8r4cgnsu86xvz,14,iog,532,2500000000,5e17ad37f8df121f9f2f3b354aac3744e4417efe0895da4d7dcce5848ae6387c
2026-06-11T13:49:08Z,abcde_forensics_stage_founders_depth14,pool1aawkmkg7vg0x0vxaqh4gr0lwp4fekwsqrjduylx0et3tuz9hfn4,reward_address,stake1uy2attrljcfyaxvdsfyxjpe5s0fd6asf2exwc90f8r4cgnsu86xvz,14,iog,532,2500000000,5e17ad37f8df121f9f2f3b354aac3744e4417efe0895da4d7dcce5848ae6387c
2026-06-11T13:49:08Z,abcde_forensics_stage_founders_depth14,pool1ac0erf0qsxt9v75gmch3rq9548m889s7tshpwppp5wgqy5j32mh,owner,stake1u9fnrezgasvkmhxyx9dcu2tqf7y5h64crjynw96dzkag8kqkkhpl8,14,iog,327,1000000000,a30808c6c5d7ce7fb57203063bd160378ed009430af9a192423a33e07d4956d3
2026-06-11T13:49:08Z,abcde_forensics_stage_founders_depth14,pool1ac0erf0qsxt9v75gmch3rq9548m889s7tshpwppp5wgqy5j32mh,reward_address,stake1u9fnrezgasvkmhxyx9dcu2tqf7y5h64crjynw96dzkag8kqkkhpl8,14,iog,327,1000000000,a30808c6c5d7ce7fb57203063bd160378ed009430af9a192423a33e07d4956d3
2026-06-11T13:49:08Z,abcde_forensics_stage_founders_depth14,pool1ah5jv4mrq0z7g4wuhjjnc24kfwqekwcap0wqmsr57thfg8mpr4n,owner,stake1u823jky4a90y49azdxpf7rq2353nw2qrtaqcpzphqj4llmck2ur07,14,iog,272,500000000,f9b4901b2dea99eb3e477c1fa6a00787391b030780a83e5084dbe949fbf37d0e
2026-06-11T13:49:08Z,abcde_forensics_stage_founders_depth14,pool1ah5jv4mrq0z7g4wuhjjnc24kfwqekwcap0wqmsr57thfg8mpr4n,reward_address,stake1u823jky4a90y49azdxpf7rq2353nw2qrtaqcpzphqj4llmck2ur07,14,iog,272,500000000,f9b4901b2dea99eb3e477c1fa6a00787391b030780a83e5084dbe949fbf37d0e
2026-06-11T13:49:08Z,abcde_forensics_stage_founders_depth14,pool1aj697twgk5kt7c6kjtkpwejqqhljvf3hzsmsamswzy42v24cw5h,owner,stake1u8h2vnus4gpn77n9ezfrztrht65yfst09s46a9rlxztdv6gqr8e2k,12,iog,255,15436500000,fbe8baf2a745970a6e9c9fb436ec85e0b9847ccca9a80795952dfdc7647579c9
2026-06-11T13:49:08Z,abcde_forensics_stage_founders_depth14,pool1aj697twgk5kt7c6kjtkpwejqqhljvf3hzsmsamswzy42v24cw5h,reward_address,stake1u8h2vnus4gpn77n9ezfrztrht65yfst09s46a9rlxztdv6gqr8e2k,12,iog,255,15436500000,fbe8baf2a745970a6e9c9fb436ec85e0b9847ccca9a80795952dfdc7647579c9
2026-06-11T13:49:08Z,abcde_forensics_stage_founders_depth14,pool1ajjz83zx620n7fyr0gvfaz0k0udc6x09rdnkqrgaxu9qwcz97qe,owner,stake1uytj2ef6ffp39utn08s7vjzj55h68vult74ttz7cx2nlyzcnzkmgv,14,iog,262,100000000,b5418d5d5cf5a273da0d0c72a97918956dce3ab39b00b1f67ef3a91d0d15babe
2026-06-11T13:49:08Z,abcde_forensics_stage_founders_depth14,pool1ajjz83zx620n7fyr0gvfaz0k0udc6x09rdnkqrgaxu9qwcz97qe,reward_address,stake1uytj2ef6ffp39utn08s7vjzj55h68vult74ttz7cx2nlyzcnzkmgv,14,iog,262,100000000,b5418d5d5cf5a273da0d0c72a97918956dce3ab39b00b1f67ef3a91d0d15babe
2026-06-11T13:49:08Z,abcde_forensics_stage_founders_depth14,pool1akl30anedgzrf2pxnuqqeukt4p6992lnnjvk0j9rrr69vtqka7k,owner,stake1u8y46lp4v4wmelhfmcz4vju740muez6s78m6neycap6tl7s40f98q,14,iog,485,50000000000,613d99038daea45d3f236c41da675d7af755cf26817b86b9d890ee8f4fe3eb5b
2026-06-11T13:49:08Z,abcde_forensics_stage_founders_depth14,pool1al783um2muyhrpcj779y46z0qtnd0nteu0y5jt7252nl26dt0h0,owner,stake1u9qdq9vywhfqddne5wa4msz9ddgprwx36nduhqsa98qwrhcj38gpc,14,iog,410,10000000000,a95006b4272c5eaa5af73e7475ef29a881b35aae0c5ba28fac8ed282bd08b627
2026-06-11T13:49:08Z,abcde_forensics_stage_founders_depth14,pool1al783um2muyhrpcj779y46z0qtnd0nteu0y5jt7252nl26dt0h0,reward_address,stake1u9qdq9vywhfqddne5wa4msz9ddgprwx36nduhqsa98qwrhcj38gpc,14,iog,410,10000000000,a95006b4272c5eaa5af73e7475ef29a881b35aae0c5ba28fac8ed282bd08b627
2026-06-11T13:49:08Z,abcde_forensics_stage_founders_depth14,pool1ap4k28jflxcyekms0rjp39ruuydrvwrek2ca267w8mwyvknpx87,owner,stake1u9n3gkq0ns90j7ukydxm3ajdky547msapaq7l8wn0rj5uvqewuvl4,13,iog,254,100000000000,d006a4923a84b33ef0bb8458445689d499b3b11af56ca8ab8f13dad3c7359ab1
2026-06-11T13:49:08Z,abcde_forensics_stage_founders_depth14,pool1ap4k28jflxcyekms0rjp39ruuydrvwrek2ca267w8mwyvknpx87,reward_address,stake1u9n3gkq0ns90j7ukydxm3ajdky547msapaq7l8wn0rj5uvqewuvl4,13,iog,254,100000000000,d006a4923a84b33ef0bb8458445689d499b3b11af56ca8ab8f13dad3c7359ab1
2026-06-11T13:49:08Z,abcde_forensics_stage_founders_depth14,pool1arsqn9w87wpqlm0sre66gs79dcs0jmwulytgke3vut7u62lttu7,owner,stake1uyd9wnh64c2wsy8kkfe3kdhnyh8weck0xxd34vyvsy79j6s4c8ajp,13,iog,483,50000000000,12f59134e466542737d555c5ccd20d2851461ab30cc8cc2a40ac873636916edd
2026-06-11T13:49:08Z,abcde_forensics_stage_founders_depth14,pool1ases3nklh6gyjf74r7dqm89exjfd520z9cefqru959wcccmrdlk,owner,stake1u9f9v0z5zzlldgx58n8tklphu8mf7h4jvp2j2gddluemnssjfnkzz,12,emurgo+iog,451,30000000000000,116d6fe71dd2c705a5136ef0aff0ac73e196cea7fa312c58a13e4142704e0d9f
2026-06-11T13:49:08Z,abcde_forensics_stage_founders_depth14,pool1ases3nklh6gyjf74r7dqm89exjfd520z9cefqru959wcccmrdlk,reward_address,stake1u9f9v0z5zzlldgx58n8tklphu8mf7h4jvp2j2gddluemnssjfnkzz,12,emurgo+iog,451,30000000000000,116d6fe71dd2c705a5136ef0aff0ac73e196cea7fa312c58a13e4142704e0d9f
2026-06-11T13:49:08Z,abcde_forensics_stage_founders_depth14,pool1aum2mx8ds554pfm45el2wn3lr7lsnphlggxzhk3qlpl56qnffm2,owner,stake1u9anr8ldq89426jxactmhuqy9mj9kljwww9x8txrxgc0j5gmlxjtl,14,iog,276,10000000000,90cd85fd0ff464d222d6f249d609b9abfb306d050a2d695871076dac856c2b61
2026-06-11T13:49:08Z,abcde_forensics_stage_founders_depth14,pool1aum2mx8ds554pfm45el2wn3lr7lsnphlggxzhk3qlpl56qnffm2,reward_address,stake1u9anr8ldq89426jxactmhuqy9mj9kljwww9x8txrxgc0j5gmlxjtl,14,iog,276,10000000000,90cd85fd0ff464d222d6f249d609b9abfb306d050a2d695871076dac856c2b61
2026-06-11T13:49:08Z,abcde_forensics_stage_founders_depth14,pool1axeed9wqmyvm8ttgdkpazx5dr0e6ezhucnzarpua0zpdg8ycqwl,owner,stake1u8m2xxyvthlcz3070853xj4a6lz8r0k9wk5uhpzqs3zd4fgs98nys,11,iog,253,100000000000,27ecaf561154f386d6676f77f19c13a0d6901d8853144954c59ba9030c181d90
2026-06-11T13:49:08Z,abcde_forensics_stage_founders_depth14,pool1axeed9wqmyvm8ttgdkpazx5dr0e6ezhucnzarpua0zpdg8ycqwl,reward_address,stake1u8m2xxyvthlcz3070853xj4a6lz8r0k9wk5uhpzqs3zd4fgs98nys,11,iog,253,100000000000,27ecaf561154f386d6676f77f19c13a0d6901d8853144954c59ba9030c181d90
2026-06-11T13:49:08Z,abcde_forensics_stage_founders_depth14,pool1c0x4nzehdf7yyvqdn5z558ydrwf0f0wpeeduj5ujgcrx66xyvkl,owner,stake1u8hpvek8nll82l7duluqu2udnte7emgj0asnyy6hq049tscdlwj0a,13,emurgo+iog,259,500000000,1b02709b6016d4eb880c85128f9bc487a8ca8f799d581a1311143c2b9e15fa4f
2026-06-11T13:49:08Z,abcde_forensics_stage_founders_depth14,pool1c0x4nzehdf7yyvqdn5z558ydrwf0f0wpeeduj5ujgcrx66xyvkl,reward_address,stake1u8hpvek8nll82l7duluqu2udnte7emgj0asnyy6hq049tscdlwj0a,13,emurgo+iog,259,500000000,1b02709b6016d4eb880c85128f9bc487a8ca8f799d581a1311143c2b9e15fa4f
2026-06-11T13:49:08Z,abcde_forensics_stage_founders_depth14,pool1c2v3ktwkxh524kvp38deq0enkduadxy7smm5yslhuxhnvd5f05f,owner,stake1uxcet6y45qmldu0lky4muaeqyxx8qrtl2s69k3g58hydeagp26juw,13,iog,260,500000000,e3d711b3f6837688636698ec085229e7ac2ce109d6deb77bd3df96f61aac741b
2026-06-11T13:49:08Z,abcde_forensics_stage_founders_depth14,pool1c2v3ktwkxh524kvp38deq0enkduadxy7smm5yslhuxhnvd5f05f,reward_address,stake1uxcet6y45qmldu0lky4muaeqyxx8qrtl2s69k3g58hydeagp26juw,13,iog,260,500000000,e3d711b3f6837688636698ec085229e7ac2ce109d6deb77bd3df96f61aac741b
2026-06-11T13:49:08Z,abcde_forensics_stage_founders_depth14,pool1c2wa8326fulnkq42uerra78pue48pdwsqru2dhp5xrhsgzqmlsc,owner,stake1u9d7kktn2tak37w2dk03m3409ne8qqg0j487dv7ewp68xhgy8h5gu,14,iog,559,0,7a7fe3be3f22f5b553c11d36fa4e4f59b1f03405640966d1f670f99490454a3b
2026-06-11T13:49:08Z,abcde_forensics_stage_founders_depth14,pool1c2wa8326fulnkq42uerra78pue48pdwsqru2dhp5xrhsgzqmlsc,reward_address,stake1u9d7kktn2tak37w2dk03m3409ne8qqg0j487dv7ewp68xhgy8h5gu,14,iog,559,0,7a7fe3be3f22f5b553c11d36fa4e4f59b1f03405640966d1f670f99490454a3b
2026-06-11T13:49:08Z,abcde_forensics_stage_founders_depth14,pool1c38rf777lz0lweuz856xtetz2p2tfq04xfles089839tclt4dp3,owner,stake1uxt2t82j5th9kweqdwnkw2nlt2ncqvfrd7rwf0hufk3rj8gt0dnt0,12,iog,317,10000000000,92da52de09363d709c0b379e049a5b3cca616ea7535e12ff8fa12333d0402b66
2026-06-11T13:49:08Z,abcde_forensics_stage_founders_depth14,pool1c3ulq75zkq2d3lqge2jl3pda89c3macz0dj2c8p3msyrufhk3xf,owner,stake1ux90qr22mtwjn2kp33xgxd3tx2a2n9vc4y7ufw28jfdlngc6q5v08,14,iog,253,10000000000,7b56bce60b6da4bdd41c4ba36a87d4b6669d493efbd7bcb15ef5fc2211dacf62
2026-06-11T13:49:08Z,abcde_forensics_stage_founders_depth14,pool1c3ulq75zkq2d3lqge2jl3pda89c3macz0dj2c8p3msyrufhk3xf,reward_address,stake1ux90qr22mtwjn2kp33xgxd3tx2a2n9vc4y7ufw28jfdlngc6q5v08,14,iog,253,10000000000,7b56bce60b6da4bdd41c4ba36a87d4b6669d493efbd7bcb15ef5fc2211dacf62
2026-06-11T13:49:08Z,abcde_forensics_stage_founders_depth14,pool1c4tqc60574fgcyqdy53vyv4dusjpj2zd9grm65avn6cz7equ0g6,owner,stake1u8vw8cg8rzq6hxspf2zuqlarnlqjcm499e894nd28klpapgg27p3z,12,emurgo+iog,288,1900000000,195a8acea0df064a65507f9a181f1e269ced3997d06c374e24b3da1f85a84dd3
2026-06-11T13:49:08Z,abcde_forensics_stage_founders_depth14,pool1c4tqc60574fgcyqdy53vyv4dusjpj2zd9grm65avn6cz7equ0g6,reward_address,stake1u8vw8cg8rzq6hxspf2zuqlarnlqjcm499e894nd28klpapgg27p3z,12,emurgo+iog,288,1900000000,195a8acea0df064a65507f9a181f1e269ced3997d06c374e24b3da1f85a84dd3
2026-06-11T13:49:08Z,abcde_forensics_stage_founders_depth14,pool1c4w9gx56t3stgt2n8g7qg7gur85kkrl6gpt9gdyfxs6fwwzfd48,owner,stake1uxnj3ar9gydjgfva9sja4mv0jqdjtz6vkwmn7zm9jrcz83gzs4gfw,14,iog,254,10000000000,749f48b15814310906dcd84ed37de57d8ecba03967b0afc4aa3cddff7e5bca5b
2026-06-11T13:49:08Z,abcde_forensics_stage_founders_depth14,pool1c4w9gx56t3stgt2n8g7qg7gur85kkrl6gpt9gdyfxs6fwwzfd48,reward_address,stake1uxnj3ar9gydjgfva9sja4mv0jqdjtz6vkwmn7zm9jrcz83gzs4gfw,14,iog,254,10000000000,749f48b15814310906dcd84ed37de57d8ecba03967b0afc4aa3cddff7e5bca5b
2026-06-11T13:49:08Z,abcde_forensics_stage_founders_depth14,pool1c89d4drtwn0048mekkdkzllz559ahnntxelyw2mppxnmc36hjlx,owner,stake1uywma333mgeccv3aa2gvrkhz4qtz0cq9sszrnws8pv78gqqq6a65g,13,emurgo+iog,560,1135000000000,422a552aa4bba241832080f61baf4bc39f76eebc037e8dc23047597f019a45cc
2026-06-11T13:49:08Z,abcde_forensics_stage_founders_depth14,pool1cadtxkx0lkrq5refcn8p3ueujn4r0wvuk57f6efwflj22gg0qqw,owner,stake1u9kl8ccadpeyuc5umnpflqpl4yxs8uwwze78n65vv0uzkhsv9vkl3,12,emurgo,255,1000000000,8d944cf74264e2785270c3f86ce8164e3b4de7936741801c083cbfc34bf67169
2026-06-11T13:49:08Z,abcde_forensics_stage_founders_depth14,pool1cadtxkx0lkrq5refcn8p3ueujn4r0wvuk57f6efwflj22gg0qqw,reward_address,stake1u9kl8ccadpeyuc5umnpflqpl4yxs8uwwze78n65vv0uzkhsv9vkl3,12,emurgo,255,1000000000,8d944cf74264e2785270c3f86ce8164e3b4de7936741801c083cbfc34bf67169
2026-06-11T13:49:08Z,abcde_forensics_stage_founders_depth14,pool1caulv7s08g0jnptzdc69qycptacu7fzahny2epzh7sh9vhqz6xz,reward_address,stake1uxcmc9r2t7cxs0zw8qm8ztg3twvxryzghsc8eszek6kuwms23gya4,12,iog,382,1000000000,caa01af46fc711771593e6ea8766b2a1faa372dda162d64686add2a434e0575f
2026-06-11T13:49:08Z,abcde_forensics_stage_founders_depth14,pool1chxjq4stjq2q635q8lv3vpszu0jqntxh3ltl97s5de4rz0rkdn3,owner,stake1u8swjuuhjuxeljlf7nyfzjk6v6ujt88vp6ramr64gz7refc5u8t0g,13,iog,250,500000000000,9c5a2e42f5aac3f0cc5b849e838b08c765f2ed8ef9ebdd82f06a2479b335cd3b
2026-06-11T13:49:08Z,abcde_forensics_stage_founders_depth14,pool1chxjq4stjq2q635q8lv3vpszu0jqntxh3ltl97s5de4rz0rkdn3,reward_address,stake1u8swjuuhjuxeljlf7nyfzjk6v6ujt88vp6ramr64gz7refc5u8t0g,13,iog,250,500000000000,9c5a2e42f5aac3f0cc5b849e838b08c765f2ed8ef9ebdd82f06a2479b335cd3b
2026-06-11T13:49:08Z,abcde_forensics_stage_founders_depth14,pool1cnfdwkjgjd84jtd9sgajhf8wp7ak45j5uj7wydzjpy927fj86xf,owner,stake1u9qjscga8azzkg6tqud7h4q67wdql34jm069vtrac2tp7eq3rf63s,14,iog,213,100000000,3fa9e17ef0ef5f602fb16a9aa33f621d77dc7b419f51bcb128f02d2518de831f
2026-06-11T13:49:08Z,abcde_forensics_stage_founders_depth14,pool1cnfdwkjgjd84jtd9sgajhf8wp7ak45j5uj7wydzjpy927fj86xf,reward_address,stake1u9qjscga8azzkg6tqud7h4q67wdql34jm069vtrac2tp7eq3rf63s,14,iog,213,100000000,3fa9e17ef0ef5f602fb16a9aa33f621d77dc7b419f51bcb128f02d2518de831f
2026-06-11T13:49:08Z,abcde_forensics_stage_founders_depth14,pool1cnye4z59xs33sa7cwnpx2jvj9mz0lmhrjfel7kkkac7v7z09jw2,owner,stake1u9yzt5kyume4kkhl5f0n859lqhnkc9hsyakxemhdkd4xarg4nyzu6,12,emurgo+iog,268,100000000,460586945256043c93a4b30fe625bdb3dfcf157ee0405cbb699e8d3fa0dc1bd6
2026-06-11T13:49:08Z,abcde_forensics_stage_founders_depth14,pool1cnye4z59xs33sa7cwnpx2jvj9mz0lmhrjfel7kkkac7v7z09jw2,reward_address,stake1u9yzt5kyume4kkhl5f0n859lqhnkc9hsyakxemhdkd4xarg4nyzu6,12,emurgo+iog,268,100000000,460586945256043c93a4b30fe625bdb3dfcf157ee0405cbb699e8d3fa0dc1bd6
2026-06-11T13:49:08Z,abcde_forensics_stage_founders_depth14,pool1cpqpw923842ple6gnkjl0k2z238uwm4s8xh53ryzxcavu89rp9p,owner,stake1u946ncp46ds60w008agplpvtyrnjtf8dmzg2a5z0pfjl5tszhnaxp,14,iog,476,10000000000,631da2e8fb029ad68fc9e0bd6f7251ee95098cd2b74a2065f6e478da69477e7a
2026-06-11T13:49:08Z,abcde_forensics_stage_founders_depth14,pool1cpqpw923842ple6gnkjl0k2z238uwm4s8xh53ryzxcavu89rp9p,reward_address,stake1u946ncp46ds60w008agplpvtyrnjtf8dmzg2a5z0pfjl5tszhnaxp,14,iog,476,10000000000,631da2e8fb029ad68fc9e0bd6f7251ee95098cd2b74a2065f6e478da69477e7a
2026-06-11T13:49:08Z,abcde_forensics_stage_founders_depth14,pool1cpqzd83axxlqxkeyuauwsmyqwud4jekjjvfmr0mp0mrrsnz3dng,owner,stake1uys70r87sxzvtdfrf6v2wpk8xwj66mwm38vy9jw8fdd793qlrkgjx,12,iog,253,7000000000,df7c2c9773007cb07bbdc00c49e925d7e620bd85217d9661871f673510658881
2026-06-11T13:49:08Z,abcde_forensics_stage_founders_depth14,pool1cpqzd83axxlqxkeyuauwsmyqwud4jekjjvfmr0mp0mrrsnz3dng,reward_address,stake1uys70r87sxzvtdfrf6v2wpk8xwj66mwm38vy9jw8fdd793qlrkgjx,12,iog,253,7000000000,df7c2c9773007cb07bbdc00c49e925d7e620bd85217d9661871f673510658881
2026-06-11T13:49:08Z,abcde_forensics_stage_founders_depth14,pool1cq25dmlt5974x8tqg3e4dlzvrxefcce2atpnwlfp7ad5ugec9fp,owner,stake1uyjzyj956ewzhv8j2fgepqe8qrp0ydjwxc2dzcjtwle584s4nfyn5,14,iog,468,1000000000000,6817ee307a549d1852ffa5b15e28798211b416ffb5f4e05ec9a47f0e0e641af0
2026-06-11T13:49:08Z,abcde_forensics_stage_founders_depth14,pool1cq283yxznkuj3wmu7r6q2sxrqquz8rr0vu3403utc0ggx37vjzs,owner,stake1uyj9axueugkpy0wzthezux0at537kj2fjx6py4fc5h3vedqurjmjz,14,iog,266,18000000000,06d117daa66419d15576bbe1666d6c8394114a04e1f2d7f03eb54a8b3e420478
2026-06-11T13:49:08Z,abcde_forensics_stage_founders_depth14,pool1cq283yxznkuj3wmu7r6q2sxrqquz8rr0vu3403utc0ggx37vjzs,reward_address,stake1uyj9axueugkpy0wzthezux0at537kj2fjx6py4fc5h3vedqurjmjz,14,iog,266,18000000000,06d117daa66419d15576bbe1666d6c8394114a04e1f2d7f03eb54a8b3e420478
2026-06-11T13:49:08Z,abcde_forensics_stage_founders_depth14,pool1crprz3rdcwvfxmc0s4gxquh3qeqmscww2qfvpl93q52yyn7agsc,owner,stake1u8rcvy6pwehnfylzw527j03gzd2xt6w0e3ncrgqkdjcf0pgudmmla,14,iog,265,50000000000,934b458ea048e32510f07aa70157399535994896e97853deed2a56832c8cddfa
2026-06-11T13:49:08Z,abcde_forensics_stage_founders_depth14,pool1crts5gmqr34gsrn6wvrhfs9yqp0ynu8t2t4r350xp80s6pc56ue,owner,stake1uxakqejhq2ks753mv6rgccqe4znxxka6n42gl6g98u0rjnces700d,13,iog,331,25000000000,209a1e4393467dd42a87c5bd0181a50bb81cc4403190eaa9d977eb48d7dff724
2026-06-11T13:49:08Z,abcde_forensics_stage_founders_depth14,pool1crts5gmqr34gsrn6wvrhfs9yqp0ynu8t2t4r350xp80s6pc56ue,reward_address,stake1uxakqejhq2ks753mv6rgccqe4znxxka6n42gl6g98u0rjnces700d,13,iog,331,25000000000,209a1e4393467dd42a87c5bd0181a50bb81cc4403190eaa9d977eb48d7dff724
2026-06-11T13:49:08Z,abcde_forensics_stage_founders_depth14,pool1csrtagrya4hc5pectc20s8s7am3e6vpdjj6antqzvn2lgmm5afs,owner,stake1u9wcfu36hdtc5hq5eak0cnla3adtqntp545ehrw4v3sm4yc8hw533,14,iog,626,1000000000,ba789564103c324f132c6ff303182ee0b47232e5c5fa321388ed77016bf30708
2026-06-11T13:49:08Z,abcde_forensics_stage_founders_depth14,pool1csrtagrya4hc5pectc20s8s7am3e6vpdjj6antqzvn2lgmm5afs,reward_address,stake1u9wcfu36hdtc5hq5eak0cnla3adtqntp545ehrw4v3sm4yc8hw533,14,iog,626,1000000000,ba789564103c324f132c6ff303182ee0b47232e5c5fa321388ed77016bf30708
2026-06-11T13:49:08Z,abcde_forensics_stage_founders_depth14,pool1ct59zfxfvtv74k3mmukq5faq7kc48wuxrstyxtd02pxluwf6mkh,owner,stake1u9z8ecgql4mugc9r3qse4k8f0vs90rgcjrh7dpej8tzee7ghtqyxe,14,iog,466,5000000,228c56d3fd337c19428ac94f1b03abe9eb52766fb0cc39ea357c0329be66d3e8
2026-06-11T13:49:08Z,abcde_forensics_stage_founders_depth14,pool1ct59zfxfvtv74k3mmukq5faq7kc48wuxrstyxtd02pxluwf6mkh,owner,stake1uxpvqpq55e606lnk2749vd8zpp53pshjzr587gkw3q9qqcczle976,13,iog,466,5000000,228c56d3fd337c19428ac94f1b03abe9eb52766fb0cc39ea357c0329be66d3e8
2026-06-11T13:49:08Z,abcde_forensics_stage_founders_depth14,pool1ct59zfxfvtv74k3mmukq5faq7kc48wuxrstyxtd02pxluwf6mkh,reward_address,stake1uxpvqpq55e606lnk2749vd8zpp53pshjzr587gkw3q9qqcczle976,13,iog,466,5000000,228c56d3fd337c19428ac94f1b03abe9eb52766fb0cc39ea357c0329be66d3e8
2026-06-11T13:49:08Z,abcde_forensics_stage_founders_depth14,pool1cug26u25eedxe03m887l65d2mt5h0lv5nwrkflq8q2rsjud3jqz,owner,stake1u8nfqdwxa5530mapz6d8hm2ah9j7n5xcglmj4fm746euw4sdga8vc,14,iog,259,500000000,ef08f83586452749cb805df7e5f36b563dfa7cd7600af1b8e145143263eb8c88
2026-06-11T13:49:08Z,abcde_forensics_stage_founders_depth14,pool1cug26u25eedxe03m887l65d2mt5h0lv5nwrkflq8q2rsjud3jqz,reward_address,stake1u8nfqdwxa5530mapz6d8hm2ah9j7n5xcglmj4fm746euw4sdga8vc,14,iog,259,500000000,ef08f83586452749cb805df7e5f36b563dfa7cd7600af1b8e145143263eb8c88
2026-06-11T13:49:08Z,abcde_forensics_stage_founders_depth14,pool1cuqnuz57puz2qd3enr9vtkcp7z92ge4h2ks6j8zzknztx3283q7,owner,stake1uy7pmdl4qr002l5505z3l7eyzm79qpgvkw4fhgzrmq5t0ls96y60u,14,iog,365,25000000000,8ed753f8d48d09e8704b18f00dd13a4ddd135d3e0335c2daa9c6d4f398f4d905
2026-06-11T13:49:08Z,abcde_forensics_stage_founders_depth14,pool1cuqnuz57puz2qd3enr9vtkcp7z92ge4h2ks6j8zzknztx3283q7,reward_address,stake1uy7pmdl4qr002l5505z3l7eyzm79qpgvkw4fhgzrmq5t0ls96y60u,14,iog,365,25000000000,8ed753f8d48d09e8704b18f00dd13a4ddd135d3e0335c2daa9c6d4f398f4d905
2026-06-11T13:49:08Z,abcde_forensics_stage_founders_depth14,pool1cuxntl7ppq6g9992cphc7t7xt6hghmevgu3u2d0tczps5hu6070,owner,stake1u92pkq5762duqfm2x5788nwp4fdmsu4cgkj2wggsudc8pqga4s95a,14,iog,268,25100000000,c340e8a7de5db246ca4e5a262b02f9d161e06d9c139206e9cd914e9e9d8eb28f
2026-06-11T13:49:08Z,abcde_forensics_stage_founders_depth14,pool1cuxntl7ppq6g9992cphc7t7xt6hghmevgu3u2d0tczps5hu6070,reward_address,stake1u92pkq5762duqfm2x5788nwp4fdmsu4cgkj2wggsudc8pqga4s95a,14,iog,268,25100000000,c340e8a7de5db246ca4e5a262b02f9d161e06d9c139206e9cd914e9e9d8eb28f
2026-06-11T13:49:08Z,abcde_forensics_stage_founders_depth14,pool1cvszqtp0yxrxu8ca8sttcatvdq62f8q9w9qzrtjxlpg0shd0y2x,owner,stake1uxkvzl7kdyaa34446vv6cgqhut9zd0sm48vvsrsrnlj3u9sfh8s3e,12,iog,449,480000000000,cf38561448172f69412aeed4fc1065c55f565ac0b6a821c38bea7cb0851f742a
2026-06-11T13:49:08Z,abcde_forensics_stage_founders_depth14,pool1cvszqtp0yxrxu8ca8sttcatvdq62f8q9w9qzrtjxlpg0shd0y2x,reward_address,stake1uxkvzl7kdyaa34446vv6cgqhut9zd0sm48vvsrsrnlj3u9sfh8s3e,12,iog,449,480000000000,cf38561448172f69412aeed4fc1065c55f565ac0b6a821c38bea7cb0851f742a
2026-06-11T13:49:08Z,abcde_forensics_stage_founders_depth14,pool1czlxfj2dyc2lt2gcrhhxyqhgzcpza845yjr6k262e2vqsysrylu,owner,stake1uxee09ye9treuveg92yk8ugauspnv40v5yjq6nzeftrknaq7xmcnz,14,emurgo+iog,254,1000000,c1301c2abac8960a778681f2bcd8b3683557cc02cc5eaeb809b03c3b563a5a23
2026-06-11T13:49:08Z,abcde_forensics_stage_founders_depth14,pool1czlxfj2dyc2lt2gcrhhxyqhgzcpza845yjr6k262e2vqsysrylu,reward_address,stake1uxee09ye9treuveg92yk8ugauspnv40v5yjq6nzeftrknaq7xmcnz,14,emurgo+iog,254,1000000,c1301c2abac8960a778681f2bcd8b3683557cc02cc5eaeb809b03c3b563a5a23
2026-06-11T13:49:08Z,abcde_forensics_stage_founders_depth14,pool1czuxqfhx2fs6q6vw0z0u9c93eumvs45nm0cu65tqvaqq65zu9yq,owner,stake1uxa0evr5vndzwxycj03lyz7jadqyjeayrvm2326wpzehs4ssv5m5y,13,emurgo+iog,212,2198000000000,8c5798bb22a37261548a457b558cc33b655cb3c020bdc6b6e93d6fc2131ffed9
2026-06-11T13:49:08Z,abcde_forensics_stage_founders_depth14,pool1czuxqfhx2fs6q6vw0z0u9c93eumvs45nm0cu65tqvaqq65zu9yq,reward_address,stake1uxa0evr5vndzwxycj03lyz7jadqyjeayrvm2326wpzehs4ssv5m5y,13,emurgo+iog,212,2198000000000,8c5798bb22a37261548a457b558cc33b655cb3c020bdc6b6e93d6fc2131ffed9
2026-06-11T13:49:08Z,abcde_forensics_stage_founders_depth14,pool1d09rylh8tvkz3mt6uql73jfzrydq3j6ezswxp9a73vm95e3659g,owner,stake1u8r6sll5eg59tld3dla3jgwjkx59wkzydc0vaqhwuvxaq3cu9yqcr,14,iog,250,20000000000,56f4dd31e23b9ccc20740de3e24097caaae96b2ae56d2a872ee124de992da3b7
2026-06-11T13:49:08Z,abcde_forensics_stage_founders_depth14,pool1d09rylh8tvkz3mt6uql73jfzrydq3j6ezswxp9a73vm95e3659g,reward_address,stake1u8r6sll5eg59tld3dla3jgwjkx59wkzydc0vaqhwuvxaq3cu9yqcr,14,iog,250,20000000000,56f4dd31e23b9ccc20740de3e24097caaae96b2ae56d2a872ee124de992da3b7
2026-06-11T13:49:08Z,abcde_forensics_stage_founders_depth14,pool1d25d0c06al8geglarw7yd4nqh65nws82d7v04yrv2eec7rwcjlk,owner,stake1u9gm98mhnywg8ngx2sc4n6mp2a9qqlyemg7fyecvxyl9urg76zevy,13,emurgo+iog,255,500000000,d2ad4090dfde62c085a10139be63c0cf5f11f285fb94de951976e6b392dda19f
2026-06-11T13:49:08Z,abcde_forensics_stage_founders_depth14,pool1d25d0c06al8geglarw7yd4nqh65nws82d7v04yrv2eec7rwcjlk,reward_address,stake1u9gm98mhnywg8ngx2sc4n6mp2a9qqlyemg7fyecvxyl9urg76zevy,13,emurgo+iog,255,500000000,d2ad4090dfde62c085a10139be63c0cf5f11f285fb94de951976e6b392dda19f
2026-06-11T13:49:08Z,abcde_forensics_stage_founders_depth14,pool1d5lk27jlkaj6dx7ndexjzmdqtt5hnnpx5224awz83ye0v28ve42,owner,stake1u9ndlh5n890mj8769ssnetr62atxudu20l7hj7lj2ya3zag97vd26,14,iog,313,500000000,41ad20d12fb82e0da3e94096990100b7f3cfadff8cda20f5568a58e924fe826f
2026-06-11T13:49:08Z,abcde_forensics_stage_founders_depth14,pool1d5lk27jlkaj6dx7ndexjzmdqtt5hnnpx5224awz83ye0v28ve42,reward_address,stake1u9ndlh5n890mj8769ssnetr62atxudu20l7hj7lj2ya3zag97vd26,14,iog,313,500000000,41ad20d12fb82e0da3e94096990100b7f3cfadff8cda20f5568a58e924fe826f
2026-06-11T13:49:08Z,abcde_forensics_stage_founders_depth14,pool1d68p6akmj0a7d5plrcmnekf3srycsay0g92x4azs985rgf9vkg2,owner,stake1u8at0mdsc6862q5uwfma9xus8hak3ew3pgvpy4lkp9xctggh8m743,14,iog,269,500000000,01cb2d50ce2be4d7aa4ccf12ba46a370d579bf292f6cdbb52d3afdb59de708d3
2026-06-11T13:49:08Z,abcde_forensics_stage_founders_depth14,pool1d68p6akmj0a7d5plrcmnekf3srycsay0g92x4azs985rgf9vkg2,reward_address,stake1u8at0mdsc6862q5uwfma9xus8hak3ew3pgvpy4lkp9xctggh8m743,14,iog,269,500000000,01cb2d50ce2be4d7aa4ccf12ba46a370d579bf292f6cdbb52d3afdb59de708d3
2026-06-11T13:49:08Z,abcde_forensics_stage_founders_depth14,pool1d84ma9ssangjw5swgn74j0lmv44ysjftglsjatllv68hytgekht,owner,stake1uyf5x43807p47cvl2xlgjmv8uafuu97vanzahjgv95wyw6gk2xg2t,13,iog,253,6400000000,27779074120c613068d7f4cb7b6ad199c88cb937fce1907856fc8f3724cbb2c2
2026-06-11T13:49:08Z,abcde_forensics_stage_founders_depth14,pool1d84ma9ssangjw5swgn74j0lmv44ysjftglsjatllv68hytgekht,reward_address,stake1uyf5x43807p47cvl2xlgjmv8uafuu97vanzahjgv95wyw6gk2xg2t,13,iog,253,6400000000,27779074120c613068d7f4cb7b6ad199c88cb937fce1907856fc8f3724cbb2c2
2026-06-11T13:49:08Z,abcde_forensics_stage_founders_depth14,pool1d8g436mpewl07wh9v3mgammupdft4z7n8v3sr6k0v23y6gsqq4x,owner,stake1u98kr6na3nj8gxdmxng5n6vjed6qmppumrm6jtwlm4fgftcrrmtg4,14,iog,214,0,3722165b395e32c6e576b2b7c16006a0e847cfb3c2d828283f7c0c485c667e92
2026-06-11T13:49:08Z,abcde_forensics_stage_founders_depth14,pool1d8g436mpewl07wh9v3mgammupdft4z7n8v3sr6k0v23y6gsqq4x,reward_address,stake1u98kr6na3nj8gxdmxng5n6vjed6qmppumrm6jtwlm4fgftcrrmtg4,14,iog,214,0,3722165b395e32c6e576b2b7c16006a0e847cfb3c2d828283f7c0c485c667e92
2026-06-11T13:49:08Z,abcde_forensics_stage_founders_depth14,pool1ddg6t2h9kj6lqlec4ncjs945lzj43m3ggrgdhf5sgzhtygpkznz,owner,stake1u9stjuuvvzfpgmjyuhgtt03chufyjajwu2w6r5gwvtnr6eqpd8mqd,13,iog,362,100000000000,8cd4245f80c73032a1042d57604404e08cb8b42d8d8f9dac318c36630e117d5b
2026-06-11T13:49:08Z,abcde_forensics_stage_founders_depth14,pool1ddg6t2h9kj6lqlec4ncjs945lzj43m3ggrgdhf5sgzhtygpkznz,reward_address,stake1u9stjuuvvzfpgmjyuhgtt03chufyjajwu2w6r5gwvtnr6eqpd8mqd,13,iog,362,100000000000,8cd4245f80c73032a1042d57604404e08cb8b42d8d8f9dac318c36630e117d5b
2026-06-11T13:49:08Z,abcde_forensics_stage_founders_depth14,pool1de64gn0cm6uz73s48vs0t4chvm02efcppzwf89uy2ejny2nwgsq,owner,stake1uyf2ua776ksu22hchkp6h9ujyweg02mr3cl3u3jlvmyruzqh3e380,13,iog,341,100000000000,fd6473ae062483146dcbdbc4b373d2486d40d3536df11200ede4a26a0ef8efd9
2026-06-11T13:49:08Z,abcde_forensics_stage_founders_depth14,pool1de64gn0cm6uz73s48vs0t4chvm02efcppzwf89uy2ejny2nwgsq,reward_address,stake1uyf2ua776ksu22hchkp6h9ujyweg02mr3cl3u3jlvmyruzqh3e380,13,iog,341,100000000000,fd6473ae062483146dcbdbc4b373d2486d40d3536df11200ede4a26a0ef8efd9
2026-06-11T13:49:08Z,abcde_forensics_stage_founders_depth14,pool1df62yqh0jyl8zq96e6v5aph04l6pr3jnant35xnhv4ndg0l2uej,owner,stake1uxsdqtmvuduy7ly9cnkkpxgq7qcrpxdclzg3e3k2dc8y5kg0chm96,13,iog,257,100000000,d464a8fd3ca29f89a7e470e4ed8c104c1c0082091e0664d11839c99fc3fced5e
2026-06-11T13:49:08Z,abcde_forensics_stage_founders_depth14,pool1df62yqh0jyl8zq96e6v5aph04l6pr3jnant35xnhv4ndg0l2uej,reward_address,stake1uxsdqtmvuduy7ly9cnkkpxgq7qcrpxdclzg3e3k2dc8y5kg0chm96,13,iog,257,100000000,d464a8fd3ca29f89a7e470e4ed8c104c1c0082091e0664d11839c99fc3fced5e
2026-06-11T13:49:08Z,abcde_forensics_stage_founders_depth14,pool1dhfz7yak8wqmpvm5luf8ey44aewa9hcrldz0ea3rhh97jmrru5j,owner,stake1uygjdhxaquhlhma2akuru4466pnuy8s2k5dkv63xqapwy6q33f7y0,14,iog,548,520000000,2d666bb62f5030d065a3d0baa79dba80bacc95a90c097a40930cb193627b3d6f
2026-06-11T13:49:08Z,abcde_forensics_stage_founders_depth14,pool1dhfz7yak8wqmpvm5luf8ey44aewa9hcrldz0ea3rhh97jmrru5j,reward_address,stake1uygjdhxaquhlhma2akuru4466pnuy8s2k5dkv63xqapwy6q33f7y0,14,iog,548,520000000,2d666bb62f5030d065a3d0baa79dba80bacc95a90c097a40930cb193627b3d6f
2026-06-11T13:49:08Z,abcde_forensics_stage_founders_depth14,pool1dj4l8qma9zzqqzhsawdkvxrs7qyqyv70kn56ywdqqazscvcqvva,owner,stake1uy68jtqs7w9qs2fyaqtvrz9nkrh6mru2h2rtwa2tjcxy6zqvhvdgn,11,iog,302,50000000000,de6801156e8bf54f2280d8811b1486333ab1a194a9b61332fd6909228fe4ca61
2026-06-11T13:49:08Z,abcde_forensics_stage_founders_depth14,pool1dkffyjd5qqxrg4r0ddky0jlc6hrap34udnnp4kzvhu2ljhukpkx,owner,stake1u9lqegvz8dv48ed4jjmujc8n3skpg7r9cwk7uksqpuzsq4g26rqlq,12,iog,216,100000000000,60957bcfd2c3a41784077d7a082bab1a29ee6cdcffbf9cabb56eb7bee9c2cb60
2026-06-11T13:49:08Z,abcde_forensics_stage_founders_depth14,pool1dkffyjd5qqxrg4r0ddky0jlc6hrap34udnnp4kzvhu2ljhukpkx,reward_address,stake1u9lqegvz8dv48ed4jjmujc8n3skpg7r9cwk7uksqpuzsq4g26rqlq,12,iog,216,100000000000,60957bcfd2c3a41784077d7a082bab1a29ee6cdcffbf9cabb56eb7bee9c2cb60
2026-06-11T13:49:08Z,abcde_forensics_stage_founders_depth14,pool1dkvtrl00gss4qq776uflw02mfnrzt46x4gjyyh5dxpe6xdfypdg,owner,stake1u9dtsjt0eygxw9yclra559xtv4p70g5r2aqa2zrzuxdre2gwamzy9,14,iog,265,250000000000,8c3d99b94e189ab11282e70aeb811f59f3d292a641cd456bc6b49b8c40acf3e6
2026-06-11T13:49:08Z,abcde_forensics_stage_founders_depth14,pool1dkvtrl00gss4qq776uflw02mfnrzt46x4gjyyh5dxpe6xdfypdg,reward_address,stake1u9dtsjt0eygxw9yclra559xtv4p70g5r2aqa2zrzuxdre2gwamzy9,14,iog,265,250000000000,8c3d99b94e189ab11282e70aeb811f59f3d292a641cd456bc6b49b8c40acf3e6
2026-06-11T13:49:08Z,abcde_forensics_stage_founders_depth14,pool1dkww2vlysa8lsnuf5rca979zdsyr3zvt59hu7e420yxfunkka2z,owner,stake1u9gfmxa9qlg4prp4ldtp47j8d4uzaft5yc8cphakvkx3jsq5f2eqs,14,iog,434,40000000000,241647d522b5785df200364f11b569becb58e79a8053613f73969f7608c727a0
2026-06-11T13:49:08Z,abcde_forensics_stage_founders_depth14,pool1dljuzqgx0j2za7s8qslpmggufn6ng5v2hsmyqm65mj2dgdm0wv8,owner,stake1uxx6nw8pkgtyqs382hagz8f6kgm7a7dmf92yrrmjxv2kvsg4e0a3l,13,iog,255,214126647,bf2af664c418f67b12f3343b7203b9f3b460cf1a4bdc0665d7f65fbccd67c5a5
2026-06-11T13:49:08Z,abcde_forensics_stage_founders_depth14,pool1dljuzqgx0j2za7s8qslpmggufn6ng5v2hsmyqm65mj2dgdm0wv8,reward_address,stake1uxx6nw8pkgtyqs382hagz8f6kgm7a7dmf92yrrmjxv2kvsg4e0a3l,13,iog,255,214126647,bf2af664c418f67b12f3343b7203b9f3b460cf1a4bdc0665d7f65fbccd67c5a5
2026-06-11T13:49:08Z,abcde_forensics_stage_founders_depth14,pool1dn3n8tdykm0qasrz2whv765ncsvxne33h6pdtn92rrk82quk0a0,owner,stake1uxaua08hq5sne63p37edynvk8nwzvlptxnqnft47njhnxrcecrjh0,14,iog,276,40000000000,ba3539c69d46679d29a63ced0dee47aa77d4dbe2560bf1c99074c753b1f01094
2026-06-11T13:49:08Z,abcde_forensics_stage_founders_depth14,pool1dn3n8tdykm0qasrz2whv765ncsvxne33h6pdtn92rrk82quk0a0,reward_address,stake1uxaua08hq5sne63p37edynvk8nwzvlptxnqnft47njhnxrcecrjh0,14,iog,276,40000000000,ba3539c69d46679d29a63ced0dee47aa77d4dbe2560bf1c99074c753b1f01094
2026-06-11T13:49:08Z,abcde_forensics_stage_founders_depth14,pool1dn3q7re7v6rnr8jhfdn6nlsfsm4j6482a6dygwe73y9yw9dlj2z,owner,stake1u86m7juq2extwu2pqdmzxs0ewynrgvund4cltyh5gcm88rs3tlm59,14,emurgo+iog,268,63000000000000,97ae636434ac1d5714a79fdd888ba8517b8983877f880d1a773400b9a9806366
2026-06-11T13:49:08Z,abcde_forensics_stage_founders_depth14,pool1dn3q7re7v6rnr8jhfdn6nlsfsm4j6482a6dygwe73y9yw9dlj2z,reward_address,stake1u86m7juq2extwu2pqdmzxs0ewynrgvund4cltyh5gcm88rs3tlm59,14,emurgo+iog,268,63000000000000,97ae636434ac1d5714a79fdd888ba8517b8983877f880d1a773400b9a9806366
2026-06-11T13:49:08Z,abcde_forensics_stage_founders_depth14,pool1dnszy9spu7m4u9s8jqh95myuqapujwcju593eqczgl56khllyuc,owner,stake1ux5g6rwz8u7n3jan7py82d42hk3h4hjpc59xlsvjmgzjwnsj3rd9p,14,iog,316,100000000000,0912fc5e5898b71bcc30394a276041dbb567a6f5035c88e920a93665d5f720a3
2026-06-11T13:49:08Z,abcde_forensics_stage_founders_depth14,pool1dnszy9spu7m4u9s8jqh95myuqapujwcju593eqczgl56khllyuc,reward_address,stake1ux5g6rwz8u7n3jan7py82d42hk3h4hjpc59xlsvjmgzjwnsj3rd9p,14,iog,316,100000000000,0912fc5e5898b71bcc30394a276041dbb567a6f5035c88e920a93665d5f720a3
2026-06-11T13:49:08Z,abcde_forensics_stage_founders_depth14,pool1dpv0crkjykk5q9t7xkx078ggenpsdd4tqz7ujccpl0k77pr2yxk,owner,stake1u83wg8ncqnmmfj33gfw8c5z6staqhf3rmcsepju4whkm9rcgcqe88,14,iog,290,1000000000,bd41333ee187e4f9f7b2869bec45fadacbd919c23620fe78bab4ef6736c0a957
2026-06-11T13:49:08Z,abcde_forensics_stage_founders_depth14,pool1dpv0crkjykk5q9t7xkx078ggenpsdd4tqz7ujccpl0k77pr2yxk,reward_address,stake1u83wg8ncqnmmfj33gfw8c5z6staqhf3rmcsepju4whkm9rcgcqe88,14,iog,290,1000000000,bd41333ee187e4f9f7b2869bec45fadacbd919c23620fe78bab4ef6736c0a957
2026-06-11T13:49:08Z,abcde_forensics_stage_founders_depth14,pool1drrfl4ef8uwaqsyjpssdp8epsflnwdjdku0gx7ycc6qnsqfqv32,owner,stake1u9kueuzld3qax2kj93sur7xrm36q3mzcgc8f23ljahhlylgmd0x6y,14,iog,272,50000000000,bb4a347740a934480917f88e096bbcab6362ac9ed1464a3dcff511fe4ef846e3
2026-06-11T13:49:08Z,abcde_forensics_stage_founders_depth14,pool1drrfl4ef8uwaqsyjpssdp8epsflnwdjdku0gx7ycc6qnsqfqv32,owner,stake1uxul2nnuhm3k3z6lj59dte8mzpvg4a2dtv6n2fej7reycmsycmnua,13,iog,272,50000000000,bb4a347740a934480917f88e096bbcab6362ac9ed1464a3dcff511fe4ef846e3
2026-06-11T13:49:08Z,abcde_forensics_stage_founders_depth14,pool1druxd2syfrvqvepxh60fz0qhralcesruphh5atujuh0jktjy0ma,reward_address,stake1u9seg5dkrfsevg78m9xmdgkc9u5wlxcwxf24gz59jkgvwysz83zsd,14,iog,562,10000000000,c52644a2994c9205c78e54abb962b864e423d89a6bfc90e36ca5ee251e7985c0
2026-06-11T13:49:08Z,abcde_forensics_stage_founders_depth14,pool1dt6tlsumrzg4e9wxquft89cj39pjeluuy6m4tvzgw530c3na2yx,owner,stake1u8yemd84dp3vlrch6xv9hge0kvrp3qkn4t2gdzlwj7jx6rgrs84ev,13,iog,257,5000000000,9254e05d5236ba5c63b1cc9ac6d74ee28fd055ae3f4b500bea4729c3435de63b
2026-06-11T13:49:08Z,abcde_forensics_stage_founders_depth14,pool1dt6tlsumrzg4e9wxquft89cj39pjeluuy6m4tvzgw530c3na2yx,reward_address,stake1u8yemd84dp3vlrch6xv9hge0kvrp3qkn4t2gdzlwj7jx6rgrs84ev,13,iog,257,5000000000,9254e05d5236ba5c63b1cc9ac6d74ee28fd055ae3f4b500bea4729c3435de63b
2026-06-11T13:49:08Z,abcde_forensics_stage_founders_depth14,pool1dv4yvcrl2kefasd4qxf8pzu695npqqfdzvlyauh2xqfhgf6ng8d,owner,stake1u9vuagf3uncsgd3j3ueryqhw6f7w93sgcsk7gc2n5g8j3zctkg3sc,14,iog,214,10000000000,eb6c8963826bc79cc74badd78800bd78d1d4e2d8aa693258d2fb9a489572eca5
2026-06-11T13:49:08Z,abcde_forensics_stage_founders_depth14,pool1dv4yvcrl2kefasd4qxf8pzu695npqqfdzvlyauh2xqfhgf6ng8d,reward_address,stake1u9vuagf3uncsgd3j3ueryqhw6f7w93sgcsk7gc2n5g8j3zctkg3sc,14,iog,214,10000000000,eb6c8963826bc79cc74badd78800bd78d1d4e2d8aa693258d2fb9a489572eca5
2026-06-11T13:49:08Z,abcde_forensics_stage_founders_depth14,pool1dww6s8stvm7dl2n8740s3v5rnxmsuqcl8jcnu64g7cds5w29pft,owner,stake1u9cf9sk8mvtx5zzyjw3maug3h8y2my997nyjn2znhgl87mg2tlnyu,14,iog,303,50000000000,0f82e1bb52c12ebbd38eda4238f1b9bfea8487b5d91f651e6afcdfb54cc39dea
2026-06-11T13:49:08Z,abcde_forensics_stage_founders_depth14,pool1dww6s8stvm7dl2n8740s3v5rnxmsuqcl8jcnu64g7cds5w29pft,reward_address,stake1u9cf9sk8mvtx5zzyjw3maug3h8y2my997nyjn2znhgl87mg2tlnyu,14,iog,303,50000000000,0f82e1bb52c12ebbd38eda4238f1b9bfea8487b5d91f651e6afcdfb54cc39dea
2026-06-11T13:49:08Z,abcde_forensics_stage_founders_depth14,pool1dx5t3yqhzh3v5ch7add7836tg0ey255tjz87spjvws4j2gjp9yg,owner,stake1ux65eruuzqqz73czvtl356kvh4tje7cq6s8gvy4pwj33cnca97t9d,14,iog,252,27000000000,4c284b3d577064c86a1bb11a50510716d4ca32c9fb9e0af6eec806927b77ed3e
2026-06-11T13:49:08Z,abcde_forensics_stage_founders_depth14,pool1dx5t3yqhzh3v5ch7add7836tg0ey255tjz87spjvws4j2gjp9yg,reward_address,stake1ux65eruuzqqz73czvtl356kvh4tje7cq6s8gvy4pwj33cnca97t9d,14,iog,252,27000000000,4c284b3d577064c86a1bb11a50510716d4ca32c9fb9e0af6eec806927b77ed3e
2026-06-11T13:49:08Z,abcde_forensics_stage_founders_depth14,pool1dxwgzj66pual956mnv9delkelg873yvgr2dd8s279m0hxqvr475,owner,stake1uyjm4c6zwxcu3a66atcgsdmy67w2knqh5rpvy7qnzh49x8c7nvpk4,13,emurgo+iog,603,250000000000,5bb8e64553d2bbacfcb021c2a03ce896771069d7c9c69dfe962b5aa70e74575e
2026-06-11T13:49:08Z,abcde_forensics_stage_founders_depth14,pool1dxwgzj66pual956mnv9delkelg873yvgr2dd8s279m0hxqvr475,reward_address,stake1uyjm4c6zwxcu3a66atcgsdmy67w2knqh5rpvy7qnzh49x8c7nvpk4,13,emurgo+iog,603,250000000000,5bb8e64553d2bbacfcb021c2a03ce896771069d7c9c69dfe962b5aa70e74575e
2026-06-11T13:49:08Z,abcde_forensics_stage_founders_depth14,pool1dy7tz7eyf2qal2jcns4qwm4xqn34gc4rj9dz34kfs6zuju477k7,owner,stake1u92hc9ppvhs6eddt6qxrdk0d8k5syn5leh0p2hy6cjezymqw4sm3x,13,cf,566,10000000000,33124d213790fb8e2cf060aa5935bcc5f944a2e26d1420a7a35ec2d30c8cf533
2026-06-11T13:49:08Z,abcde_forensics_stage_founders_depth14,pool1dy7tz7eyf2qal2jcns4qwm4xqn34gc4rj9dz34kfs6zuju477k7,reward_address,stake1u92hc9ppvhs6eddt6qxrdk0d8k5syn5leh0p2hy6cjezymqw4sm3x,13,cf,566,10000000000,33124d213790fb8e2cf060aa5935bcc5f944a2e26d1420a7a35ec2d30c8cf533
2026-06-11T13:49:08Z,abcde_forensics_stage_founders_depth14,pool1dzp3lpf0f55ez4lsjy0tw36xkydchnr9cplnhfl2zd53qwdhq7q,owner,stake1u93ddkcntzj3vy0wfk0havr20yuq6ktpdxj07u7n6mq64lqgx2s2a,14,iog,255,1000000000,86d945a30f535d0032952c91f9178bfab77c9382bd77fa9893728677cfb773df
2026-06-11T13:49:08Z,abcde_forensics_stage_founders_depth14,pool1dzp3lpf0f55ez4lsjy0tw36xkydchnr9cplnhfl2zd53qwdhq7q,reward_address,stake1u93ddkcntzj3vy0wfk0havr20yuq6ktpdxj07u7n6mq64lqgx2s2a,14,iog,255,1000000000,86d945a30f535d0032952c91f9178bfab77c9382bd77fa9893728677cfb773df
2026-06-11T13:49:08Z,abcde_forensics_stage_founders_depth14,pool1e0jyj79d3ady680wajgcd4vgndqjdlf65777pz5939ehseqaem3,owner,stake1uxsdc7p2s6gfleulj88hf0qvj2gjrj3jl659pa6tj0c9xrc9mga82,12,iog,296,15000000000,5938dbee7b4e0c294412753e607a55d44f0473a8e6440626b2c1a2dc13830b1a
2026-06-11T13:49:08Z,abcde_forensics_stage_founders_depth14,pool1e0jyj79d3ady680wajgcd4vgndqjdlf65777pz5939ehseqaem3,reward_address,stake1uxsdc7p2s6gfleulj88hf0qvj2gjrj3jl659pa6tj0c9xrc9mga82,12,iog,296,15000000000,5938dbee7b4e0c294412753e607a55d44f0473a8e6440626b2c1a2dc13830b1a
2026-06-11T13:49:08Z,abcde_forensics_stage_founders_depth14,pool1e2w8t3hucc5hfhw8k6r69er3y5kqs9dj9um65l5qe3a82nl25zn,owner,stake1uyu4x5efw6d77mh9q2v5zupmzxynkwgwh4mpnwhffgsy58srgf6j0,13,emurgo+iog,262,1000000,e4ef884c51567cd849aa24909013ef2725f4ce617e30f0472386251613fc1613
2026-06-11T13:49:08Z,abcde_forensics_stage_founders_depth14,pool1e2w8t3hucc5hfhw8k6r69er3y5kqs9dj9um65l5qe3a82nl25zn,reward_address,stake1uyu4x5efw6d77mh9q2v5zupmzxynkwgwh4mpnwhffgsy58srgf6j0,13,emurgo+iog,262,1000000,e4ef884c51567cd849aa24909013ef2725f4ce617e30f0472386251613fc1613
2026-06-11T13:49:08Z,abcde_forensics_stage_founders_depth14,pool1e3ruzmywc69c8m53xr85ljvvr52xez5t0xv32n3sll0wq4m5w8p,owner,stake1uycu8pda6rsze5cprwfzj0l0l7czcteujhkzg6mgg5jl3vc5g7ffx,14,iog,255,5000000000,7b2259cd1fd4573a540095c0a67093b77fadd7053ec4296ebbd2fce7268207c1
2026-06-11T13:49:08Z,abcde_forensics_stage_founders_depth14,pool1e3ruzmywc69c8m53xr85ljvvr52xez5t0xv32n3sll0wq4m5w8p,owner,stake1uyx3m2f8gfr28eqrmqlsluv8celmvsua5ef3m6yuv559r5gu0gs5q,14,iog,255,5000000000,7b2259cd1fd4573a540095c0a67093b77fadd7053ec4296ebbd2fce7268207c1
2026-06-11T13:49:08Z,abcde_forensics_stage_founders_depth14,pool1e603j2p4q346w8knqt2a8c96n8t9l5u4qdrv4kk50qvpgvh8hax,owner,stake1ux2arcfs533982k6nfjffe0ymz4c4v2607qn9wlmh30gw3s42d66k,14,iog,458,3000000000,8c07bd4ad37ed230755f481982175ccd162f470a3529df3fe8c99ffd3e83437b
2026-06-11T13:49:08Z,abcde_forensics_stage_founders_depth14,pool1e603j2p4q346w8knqt2a8c96n8t9l5u4qdrv4kk50qvpgvh8hax,reward_address,stake1ux2arcfs533982k6nfjffe0ymz4c4v2607qn9wlmh30gw3s42d66k,14,iog,458,3000000000,8c07bd4ad37ed230755f481982175ccd162f470a3529df3fe8c99ffd3e83437b
2026-06-11T13:49:08Z,abcde_forensics_stage_founders_depth14,pool1e7ceprqpsqn2ch9a5xt7ykaxd82n4gax486jqjn9vwr0zep8uws,owner,stake1u9my6wux44pxpreecyq0jj4adqk0s7v39p9kwtg6x4pvgqgusw9xt,13,emurgo+iog,254,2650000000,d52873ee71ca4bd2e9b60bb1a5b78fb1a0cfc440e143722c29eb402542ea9b31
2026-06-11T13:49:08Z,abcde_forensics_stage_founders_depth14,pool1e9tp0emvvg9sc4ds9h4nhwk8qpn6869qwnas2qywu9ep2reaaxe,owner,stake1ux0ukh39z2d8ugk686s6qjeuwggkss2yta7yfamfsgcpegcm4lnm0,12,emurgo+iog,552,20000000000,7e2856968529e4875e8799da58a254ce3a1baaae7a7c3185b2e11336390d7027
2026-06-11T13:49:08Z,abcde_forensics_stage_founders_depth14,pool1e9tp0emvvg9sc4ds9h4nhwk8qpn6869qwnas2qywu9ep2reaaxe,reward_address,stake1ux0ukh39z2d8ugk686s6qjeuwggkss2yta7yfamfsgcpegcm4lnm0,12,emurgo+iog,552,20000000000,7e2856968529e4875e8799da58a254ce3a1baaae7a7c3185b2e11336390d7027
2026-06-11T13:49:08Z,abcde_forensics_stage_founders_depth14,pool1ea568m9q882n0tx5d4vxff2dmz2n7rq5h62hx5ystq625m4tcfu,reward_address,stake1uxcmc9r2t7cxs0zw8qm8ztg3twvxryzghsc8eszek6kuwms23gya4,12,iog,382,1000000000,7d675d1008031942038609adc3d63a88c1529b0fa44dcbe004610de99e11094a
2026-06-11T13:49:08Z,abcde_forensics_stage_founders_depth14,pool1eal2z34ugj8a0ckykd6xx45dz6jwdgz4cuvutk320cp4w8t2sm4,owner,stake1u9pcuala4c7fpltzerx7sj3arpmndkvfsk27g7a3sh0vrjs5up6ml,14,iog,289,20000000000,84ddd59430345b8d3f13c689a8d0c18bb8eeb87f1bcb7fed8a59e1b0fbb7d1e0
2026-06-11T13:49:08Z,abcde_forensics_stage_founders_depth14,pool1ecvcst7k9eul4ggnljh0jw2s5nc2tyfmyzsx3xg3kmmz6ptgfwj,owner,stake1u8strn9n4a92g69lmq66sd52e7z6jgsdvt3ldejhupxq44svuyqpd,14,iog,382,1000000000,fd79b31704784179397dd7bfc0ca7158cff96a60d8b6a21646059544bf863b0d
2026-06-11T13:49:08Z,abcde_forensics_stage_founders_depth14,pool1ecvcst7k9eul4ggnljh0jw2s5nc2tyfmyzsx3xg3kmmz6ptgfwj,reward_address,stake1uxcmc9r2t7cxs0zw8qm8ztg3twvxryzghsc8eszek6kuwms23gya4,12,iog,382,1000000000,fd79b31704784179397dd7bfc0ca7158cff96a60d8b6a21646059544bf863b0d
2026-06-11T13:49:08Z,abcde_forensics_stage_founders_depth14,pool1edhwgzj677reyzdlm98p3l8pzg80uu5gf7hmfwus38wgs3vjkzj,owner,stake1u9psu0n4lw3jvxwhmljtcn9h4glyj22y9w60frw5x2ew67czv862p,13,iog,252,10000000000,ced8555e2421886e410952642f2cfa6b00e69a7f5f2ad760c181e844fa03aa1f
2026-06-11T13:49:08Z,abcde_forensics_stage_founders_depth14,pool1edhwgzj677reyzdlm98p3l8pzg80uu5gf7hmfwus38wgs3vjkzj,reward_address,stake1u9psu0n4lw3jvxwhmljtcn9h4glyj22y9w60frw5x2ew67czv862p,13,iog,252,10000000000,ced8555e2421886e410952642f2cfa6b00e69a7f5f2ad760c181e844fa03aa1f
2026-06-11T13:49:08Z,abcde_forensics_stage_founders_depth14,pool1eesa3kdfavq33kd3f3ajwh4mg9sal76fp348en5u37435g4h4ca,owner,stake1u9xjgfwgrke2ezntssh8ktkd684y04sk0df4rwm3vkykkdcj2grlj,14,iog,254,5000000000,7f64b71d601855a079df4a31cb28234d094b72c78be12a3106818c27db0ce874
2026-06-11T13:49:08Z,abcde_forensics_stage_founders_depth14,pool1eesa3kdfavq33kd3f3ajwh4mg9sal76fp348en5u37435g4h4ca,reward_address,stake1u9xjgfwgrke2ezntssh8ktkd684y04sk0df4rwm3vkykkdcj2grlj,14,iog,254,5000000000,7f64b71d601855a079df4a31cb28234d094b72c78be12a3106818c27db0ce874
2026-06-11T13:49:08Z,abcde_forensics_stage_founders_depth14,pool1efvema2ps2tzhvkpgg9d9j7uzr3a7lzv9tavrr5ppecr28gr4kd,reward_address,stake1uyz36l4mftrv48arkpgfjddj5yg9tf645qpcdcgx4f788xs8zc5ve,14,iog,318,30000000000,4a0bc18cf8ea18211405913ca30e4d98eb57f7a80c373a58071e446b2b8c9379
2026-06-11T13:49:08Z,abcde_forensics_stage_founders_depth14,pool1efy92dh3zsmgu8xsm6t6vsg63ca2da634w0aa9vynrx2k83988u,owner,stake1uydpvnxnqwavvh2eujx4xsqhf5axtkdv92df6tp9407fkhqq0s470,14,iog,290,0,71a1107a882b9113202e5e8a71c6c0fbe990775470607009ffc3d9fccf7cee68
2026-06-11T13:49:08Z,abcde_forensics_stage_founders_depth14,pool1efy92dh3zsmgu8xsm6t6vsg63ca2da634w0aa9vynrx2k83988u,reward_address,stake1uydpvnxnqwavvh2eujx4xsqhf5axtkdv92df6tp9407fkhqq0s470,14,iog,290,0,71a1107a882b9113202e5e8a71c6c0fbe990775470607009ffc3d9fccf7cee68
2026-06-11T13:49:08Z,abcde_forensics_stage_founders_depth14,pool1ek4yc2mvmettdmkl7wjfpcjkp60xssq2urr9hc8ffx5ss73wdm0,owner,stake1uymm3t3lx5skc39zj5d2t94e0hgppnpte3r5qud5ga3dsrsnauvn0,14,iog,250,500000000,1a5ccc77d6b223aa952a67e3c4e03e8fca4d28a5e6add0ba92691d73722900b7
2026-06-11T13:49:08Z,abcde_forensics_stage_founders_depth14,pool1ek4yc2mvmettdmkl7wjfpcjkp60xssq2urr9hc8ffx5ss73wdm0,reward_address,stake1uymm3t3lx5skc39zj5d2t94e0hgppnpte3r5qud5ga3dsrsnauvn0,14,iog,250,500000000,1a5ccc77d6b223aa952a67e3c4e03e8fca4d28a5e6add0ba92691d73722900b7
2026-06-11T13:49:08Z,abcde_forensics_stage_founders_depth14,pool1el6ze57482qzf830l6h2y9uj0l9fr5g7xzur89d4d806y896vgf,owner,stake1u96gyp8y9ma8qz5zezqgcenxf43l685drvfpxze3tpjzm7g3f64dp,12,iog,358,280000000000,871b0b37f71cfdeef70b09a0b1b0f9ea40ad095ebc4c8790e65bb0dd36c52a63
2026-06-11T13:49:08Z,abcde_forensics_stage_founders_depth14,pool1el7u5mszlngu9saepaamk0hmvaj2t6enfhxy5lwldz7nusg54f3,owner,stake1uy70uq383mh7vee6d5ndzlu7hlld6g95puqv3zvhqz802kqhy7wza,14,iog,260,0,4f7708a38c0182119238eb4146a89f921810c785d119489c03e23099db21a135
2026-06-11T13:49:08Z,abcde_forensics_stage_founders_depth14,pool1el7u5mszlngu9saepaamk0hmvaj2t6enfhxy5lwldz7nusg54f3,reward_address,stake1uy70uq383mh7vee6d5ndzlu7hlld6g95puqv3zvhqz802kqhy7wza,14,iog,260,0,4f7708a38c0182119238eb4146a89f921810c785d119489c03e23099db21a135
2026-06-11T13:49:08Z,abcde_forensics_stage_founders_depth14,pool1eluuh4hnlev4m892ug2ehvnsv94q9neu6w0kk5p574k3utjhrla,owner,stake1u8tg0eg5eqqljmd4y5rk58yzqqdjyggw26ghntwmq4a22jg6wxdqf,14,iog,263,0,d4225a917ffc31eb1903c142c7fe6555907b7f59fdb4f415f02a15b4fa9ea03e
2026-06-11T13:49:08Z,abcde_forensics_stage_founders_depth14,pool1eluuh4hnlev4m892ug2ehvnsv94q9neu6w0kk5p574k3utjhrla,reward_address,stake1u8tg0eg5eqqljmd4y5rk58yzqqdjyggw26ghntwmq4a22jg6wxdqf,14,iog,263,0,d4225a917ffc31eb1903c142c7fe6555907b7f59fdb4f415f02a15b4fa9ea03e
2026-06-11T13:49:08Z,abcde_forensics_stage_founders_depth14,pool1en2f7un7v3rjyhqkeg87d27nvsk5arnnva5tzx38t0lpv7hercz,owner,stake1uya89cngzcj8xh0v3v04vr5w5szkpkslqrz6jhu2rv8zjhqrmlxnq,14,iog,613,11000000000,537c37c9c1a780af507dce629396794346020113a9acb31be8224930cd2540f5
2026-06-11T13:49:08Z,abcde_forensics_stage_founders_depth14,pool1en2f7un7v3rjyhqkeg87d27nvsk5arnnva5tzx38t0lpv7hercz,reward_address,stake1uya89cngzcj8xh0v3v04vr5w5szkpkslqrz6jhu2rv8zjhqrmlxnq,14,iog,613,11000000000,537c37c9c1a780af507dce629396794346020113a9acb31be8224930cd2540f5
2026-06-11T13:49:08Z,abcde_forensics_stage_founders_depth14,pool1enul577he3e0s500lv8z98m6k936uecz2rpckxxmmk8c7k0n2rd,owner,stake1uy2nesvh0q7gny7yallgpkhythljee8fqk2chwv8xqqf4gqc4ptnw,14,iog,551,100000000000,4dfc82b886004273f30bc41e33507af6b484291a4717590fc17fc7c79bdf9546
2026-06-11T13:49:08Z,abcde_forensics_stage_founders_depth14,pool1eqf7wyjhqsna5q0d4rnk56vaudzjfuyswqtvyenutglwwhl4vt7,owner,stake1uye70n2en5aplpq7uvrv68n88ammg87s3uvjaa2xjkqfjsgw5rtl2,14,iog,254,1000000,93082473887102579820c337de4bb3adbb98fb89cd6290cf0df4cc030d3c3e4a
2026-06-11T13:49:08Z,abcde_forensics_stage_founders_depth14,pool1eqf7wyjhqsna5q0d4rnk56vaudzjfuyswqtvyenutglwwhl4vt7,reward_address,stake1uye70n2en5aplpq7uvrv68n88ammg87s3uvjaa2xjkqfjsgw5rtl2,14,iog,254,1000000,93082473887102579820c337de4bb3adbb98fb89cd6290cf0df4cc030d3c3e4a
2026-06-11T13:49:08Z,abcde_forensics_stage_founders_depth14,pool1esalxy6na9c4gz3gfwma5vx04tztp4qn3cpmhhu9qylv56pdsa3,owner,stake1uxeu7ttsamfgmwr5t9pg2hu623n3xldr7ua3gu0qnswn90q64vu5e,14,iog,268,0,6d59d2cfd653a721e94187478de60bad21e034b40b28926c0277756e99882102
2026-06-11T13:49:08Z,abcde_forensics_stage_founders_depth14,pool1esalxy6na9c4gz3gfwma5vx04tztp4qn3cpmhhu9qylv56pdsa3,reward_address,stake1uxeu7ttsamfgmwr5t9pg2hu623n3xldr7ua3gu0qnswn90q64vu5e,14,iog,268,0,6d59d2cfd653a721e94187478de60bad21e034b40b28926c0277756e99882102
2026-06-11T13:49:08Z,abcde_forensics_stage_founders_depth14,pool1esd3cqme3zzvvdnsx3p6ywudn6p86mqyz7fpvqpegxv2qzmtes0,owner,stake1uxqkuvn0qxvxxpxxcuvzfzjrjr8qzev0wnxkkwsrvptm54qkncg2v,13,iog,501,20000000000,e8fba0564550eb26c7f0e725124083099c866cc25c9b350af215b0e30fa64433
2026-06-11T13:49:08Z,abcde_forensics_stage_founders_depth14,pool1esd3cqme3zzvvdnsx3p6ywudn6p86mqyz7fpvqpegxv2qzmtes0,reward_address,stake1uxqkuvn0qxvxxpxxcuvzfzjrjr8qzev0wnxkkwsrvptm54qkncg2v,13,iog,501,20000000000,e8fba0564550eb26c7f0e725124083099c866cc25c9b350af215b0e30fa64433
2026-06-11T13:49:08Z,abcde_forensics_stage_founders_depth14,pool1euzg0c7npjm9dld4f7n5kj7as6n5d8ts8q6qt4rer50p5p9nr6g,owner,stake1u8t4mmwn6a7lar0kwh8d94ssd68wryhdg8l3mqjacl65hnc3uptkt,14,iog,260,500000000,4c3ada73472cd6c441d4e3cd578c40ca33ada50133d8a1e258a1609cbd0136e6
2026-06-11T13:49:08Z,abcde_forensics_stage_founders_depth14,pool1euzg0c7npjm9dld4f7n5kj7as6n5d8ts8q6qt4rer50p5p9nr6g,reward_address,stake1u8t4mmwn6a7lar0kwh8d94ssd68wryhdg8l3mqjacl65hnc3uptkt,14,iog,260,500000000,4c3ada73472cd6c441d4e3cd578c40ca33ada50133d8a1e258a1609cbd0136e6
2026-06-11T13:49:08Z,abcde_forensics_stage_founders_depth14,pool1ews5ryrhl5az8egrvun68x2wdhgvthxjtx7m380ksc6rzxkqz2f,owner,stake1u9a5wvwthmgn37jcmcawt88553v3765vxw0jewnnypq7rlcyke2gz,14,iog,372,10000000000,bd740acb98d4b7dcbfa9f44885d094be7c876afde57f71af6e7c436d211cb71c
2026-06-11T13:49:08Z,abcde_forensics_stage_founders_depth14,pool1ews5ryrhl5az8egrvun68x2wdhgvthxjtx7m380ksc6rzxkqz2f,reward_address,stake1u9a5wvwthmgn37jcmcawt88553v3765vxw0jewnnypq7rlcyke2gz,14,iog,372,10000000000,bd740acb98d4b7dcbfa9f44885d094be7c876afde57f71af6e7c436d211cb71c
2026-06-11T13:49:08Z,abcde_forensics_stage_founders_depth14,pool1ey0gxeyesszrsshc6zjlzamr7z0f2d29e3ut0ppg4j4gxduyn5r,owner,stake1uytmzk5dgawc7f7k4e3575mvphpny3akrg48lwxe62u7hcgkzgkjz,13,emurgo+iog,262,1140000000000,fea5b3bc3c974b28da86bac09a1e30878c34b8b828d784c4a59d97b73f4bca42
2026-06-11T13:49:08Z,abcde_forensics_stage_founders_depth14,pool1ey0gxeyesszrsshc6zjlzamr7z0f2d29e3ut0ppg4j4gxduyn5r,reward_address,stake1uytmzk5dgawc7f7k4e3575mvphpny3akrg48lwxe62u7hcgkzgkjz,13,emurgo+iog,262,1140000000000,fea5b3bc3c974b28da86bac09a1e30878c34b8b828d784c4a59d97b73f4bca42
2026-06-11T13:49:08Z,abcde_forensics_stage_founders_depth14,pool1ezskfrplms9h6hxcw7adqghmfrtpn6cy7ax8ajrm5kn0crvl6sn,owner,stake1u84gdxuvz758d2d3ewjnv2atuf8jc2x0gkwqj5x5wkd60dslefcyk,13,iog,261,15100000000,375739a705336860acd4c5cbc348592688dea9985167df860f7e669cde6118fc
2026-06-11T13:49:08Z,abcde_forensics_stage_founders_depth14,pool1ezskfrplms9h6hxcw7adqghmfrtpn6cy7ax8ajrm5kn0crvl6sn,reward_address,stake1u84gdxuvz758d2d3ewjnv2atuf8jc2x0gkwqj5x5wkd60dslefcyk,13,iog,261,15100000000,375739a705336860acd4c5cbc348592688dea9985167df860f7e669cde6118fc
2026-06-11T13:49:08Z,abcde_forensics_stage_founders_depth14,pool1f22470gz0h9zvr5asy86p8gx397qq8sdz5yxn6998hc82h8ds04,owner,stake1u85vq3x66jvldjcdruq4h9nl5fuw0gj0jcynqxgfdet73ngrcdzek,12,emurgo,227,45518000000,9a0e174b1d7ae3aeb3eb01525f2427f95e22d7f48e918a31575d7c182218688d
2026-06-11T13:49:08Z,abcde_forensics_stage_founders_depth14,pool1f22470gz0h9zvr5asy86p8gx397qq8sdz5yxn6998hc82h8ds04,reward_address,stake1u85vq3x66jvldjcdruq4h9nl5fuw0gj0jcynqxgfdet73ngrcdzek,12,emurgo,227,45518000000,9a0e174b1d7ae3aeb3eb01525f2427f95e22d7f48e918a31575d7c182218688d
2026-06-11T13:49:08Z,abcde_forensics_stage_founders_depth14,pool1f2ehgwdn0fsq040gefzy8ccfxfjzwwljp3urmufxvw0mvg08598,owner,stake1uyqfsk99uhu8y83dyylkkahp4wukuyagydahfh9cuavx7ncxxnz23,12,emurgo+iog,255,1000000000,3e92e05bc7737fc953cb31968bcf1df328f49732fdf93dbbc7ca214160e69c27
2026-06-11T13:49:08Z,abcde_forensics_stage_founders_depth14,pool1f2ehgwdn0fsq040gefzy8ccfxfjzwwljp3urmufxvw0mvg08598,reward_address,stake1uyqfsk99uhu8y83dyylkkahp4wukuyagydahfh9cuavx7ncxxnz23,12,emurgo+iog,255,1000000000,3e92e05bc7737fc953cb31968bcf1df328f49732fdf93dbbc7ca214160e69c27
2026-06-11T13:49:08Z,abcde_forensics_stage_founders_depth14,pool1f2pf8da5vxq8mams3gdqhs2m2yk8wngdesu0cjxkpd9jk7a5v0m,owner,stake1uywlacd0l39tudaxam3f6vdjk6dhulvarea6cf2chpfunrsdr7acr,14,iog,446,100000000,90bb46f7db843520d796db080049337ad28ee28026ec454b44743148c86206b3
2026-06-11T13:49:08Z,abcde_forensics_stage_founders_depth14,pool1f2pf8da5vxq8mams3gdqhs2m2yk8wngdesu0cjxkpd9jk7a5v0m,reward_address,stake1uywlacd0l39tudaxam3f6vdjk6dhulvarea6cf2chpfunrsdr7acr,14,iog,446,100000000,90bb46f7db843520d796db080049337ad28ee28026ec454b44743148c86206b3
2026-06-11T13:49:08Z,abcde_forensics_stage_founders_depth14,pool1f3ptnevzpgwjx32az75u7nth59gkqxe5h5qld86a8vm0j5jrms3,owner,stake1u9p5futnwvavsgu3cn0dmnhctgeclvsrj60yj9jpj7dwpmswjudcm,13,iog,253,1100000000,edf489d04c9b97ee59545322144d7203311f8a091848402c4ea4e7ad0f53878a
2026-06-11T13:49:08Z,abcde_forensics_stage_founders_depth14,pool1f3ptnevzpgwjx32az75u7nth59gkqxe5h5qld86a8vm0j5jrms3,reward_address,stake1u9p5futnwvavsgu3cn0dmnhctgeclvsrj60yj9jpj7dwpmswjudcm,13,iog,253,1100000000,edf489d04c9b97ee59545322144d7203311f8a091848402c4ea4e7ad0f53878a
2026-06-11T13:49:08Z,abcde_forensics_stage_founders_depth14,pool1f4qkslh6v00tvum90cx5twlul4cvmclswvslmcjcsfpf63045c0,owner,stake1u8mwju9v7quae3el5jn2u9ljgvjtu6a7v3m3rr0ymhc2zrqf2cuqh,13,iog,260,100000000,aa940f099c0528d917fc6227b397e5889fc140d2c6120cd38d7a6b49dd179ccf
2026-06-11T13:49:08Z,abcde_forensics_stage_founders_depth14,pool1f4qkslh6v00tvum90cx5twlul4cvmclswvslmcjcsfpf63045c0,reward_address,stake1u8mwju9v7quae3el5jn2u9ljgvjtu6a7v3m3rr0ymhc2zrqf2cuqh,13,iog,260,100000000,aa940f099c0528d917fc6227b397e5889fc140d2c6120cd38d7a6b49dd179ccf
2026-06-11T13:49:08Z,abcde_forensics_stage_founders_depth14,pool1f4rs6v0cpsqa09ueddp6hhl8xwdwtdqglvcuce26srxdwmzxl6v,owner,stake1u9ejxp3gv9kcvx2zsvvwvngk8u54w8qx75luf2kr47mat0ct659zf,12,iog,511,200000000000,3aaeccfa61caf9df96c61cc970859d2a21b640002ddabc1a2f3972a7940e4e2b
2026-06-11T13:49:08Z,abcde_forensics_stage_founders_depth14,pool1f4rs6v0cpsqa09ueddp6hhl8xwdwtdqglvcuce26srxdwmzxl6v,reward_address,stake1u9ejxp3gv9kcvx2zsvvwvngk8u54w8qx75luf2kr47mat0ct659zf,12,iog,511,200000000000,3aaeccfa61caf9df96c61cc970859d2a21b640002ddabc1a2f3972a7940e4e2b
2026-06-11T13:49:08Z,abcde_forensics_stage_founders_depth14,pool1f6jtzz94508d6x47cct4umuh5c2jpajdyd892hfrrfzquyyza8m,owner,stake1u964w4nju2e5qegvcs7rqpk8vxxe9duwx30m53akh6638nqgylth9,12,iog,265,63000000000000,0fbeb9d4a30b8adf611669a9bdbda20c8a7cefa37bfb4e1ac1d374d19566c912
2026-06-11T13:49:08Z,abcde_forensics_stage_founders_depth14,pool1f6jtzz94508d6x47cct4umuh5c2jpajdyd892hfrrfzquyyza8m,reward_address,stake1u964w4nju2e5qegvcs7rqpk8vxxe9duwx30m53akh6638nqgylth9,12,iog,265,63000000000000,0fbeb9d4a30b8adf611669a9bdbda20c8a7cefa37bfb4e1ac1d374d19566c912
2026-06-11T13:49:08Z,abcde_forensics_stage_founders_depth14,pool1fa0ydxjq23eq3nucw6ek46dj8p6vxq4t32ex822jhwhx5fyvzze,owner,stake1uy2appz0jnh79wmc250hd8nqwv8mnnv9qfsn8aervmlulngn7859l,14,iog,270,18000000000,5e6e8b0d2446ae47cd0c48b5e00bc74123dc06a0727f39bbbb8f6b856f4b4dc4
2026-06-11T13:49:08Z,abcde_forensics_stage_founders_depth14,pool1fa0ydxjq23eq3nucw6ek46dj8p6vxq4t32ex822jhwhx5fyvzze,reward_address,stake1uy2appz0jnh79wmc250hd8nqwv8mnnv9qfsn8aervmlulngn7859l,14,iog,270,18000000000,5e6e8b0d2446ae47cd0c48b5e00bc74123dc06a0727f39bbbb8f6b856f4b4dc4
2026-06-11T13:49:08Z,abcde_forensics_stage_founders_depth14,pool1fd8qnudvhz2hanlccdsfrwdxmmwwfryalrmy6a6y62cgqfx3ujz,owner,stake1u9zlu8qv5jue4kakru3t02vtp779kxfl5yf329fw2rm84ssrxcfrq,12,iog,625,125000000000,5fefcabe42cf40c9ab96fd62f89d18397174943d5fe195f9d0ce8e78c218fb82
2026-06-11T13:49:08Z,abcde_forensics_stage_founders_depth14,pool1fd8qnudvhz2hanlccdsfrwdxmmwwfryalrmy6a6y62cgqfx3ujz,reward_address,stake1u9zlu8qv5jue4kakru3t02vtp779kxfl5yf329fw2rm84ssrxcfrq,12,iog,625,125000000000,5fefcabe42cf40c9ab96fd62f89d18397174943d5fe195f9d0ce8e78c218fb82
2026-06-11T13:49:08Z,abcde_forensics_stage_founders_depth14,pool1fg5fs0jks9459pf5qxvdvv3l7rzemj0q8e2lt6unxx5m7fv3tzn,owner,stake1uyx0y7eqy3cp39agj5qpp89g056z6wcmj2nthxcs9xj9a9ccgvt4h,14,emurgo,259,100000000000,31b681dfa350005df181f4a7e17db9fb52bd7dd816ea62c82678b8604f19e89c
2026-06-11T13:49:08Z,abcde_forensics_stage_founders_depth14,pool1fg5fs0jks9459pf5qxvdvv3l7rzemj0q8e2lt6unxx5m7fv3tzn,reward_address,stake1uyx0y7eqy3cp39agj5qpp89g056z6wcmj2nthxcs9xj9a9ccgvt4h,14,emurgo,259,100000000000,31b681dfa350005df181f4a7e17db9fb52bd7dd816ea62c82678b8604f19e89c
2026-06-11T13:49:08Z,abcde_forensics_stage_founders_depth14,pool1fh4sh2telea0tfdy39h0drx6uq566yt9gf24edpz7335sclx39z,owner,stake1u8j4gm959d5ppzgj2fpzh78a7hv6lw544dneenalx9fl6jqzpkxrm,14,iog,617,25000000000,8fbf09f84e6b4ae1a917568893f5444887cb390b34d785f9eac85b08581f0089
2026-06-11T13:49:08Z,abcde_forensics_stage_founders_depth14,pool1fh4sh2telea0tfdy39h0drx6uq566yt9gf24edpz7335sclx39z,reward_address,stake1u8j4gm959d5ppzgj2fpzh78a7hv6lw544dneenalx9fl6jqzpkxrm,14,iog,617,25000000000,8fbf09f84e6b4ae1a917568893f5444887cb390b34d785f9eac85b08581f0089
2026-06-11T13:49:08Z,abcde_forensics_stage_founders_depth14,pool1fhv5ptycez7r7lpmx9qjt3s83flpegzx0anynun45rlhuzn7kwk,owner,stake1u9pq8hlmxan3hx6h44m85054p6v4k77hlyhld2ex22esm9gmrlnr2,14,iog,307,100000000000,61cb626639d9690d1169e049682fc531c7222564337be74e0281f5c772ae718b
2026-06-11T13:49:08Z,abcde_forensics_stage_founders_depth14,pool1fhv5ptycez7r7lpmx9qjt3s83flpegzx0anynun45rlhuzn7kwk,reward_address,stake1u9pq8hlmxan3hx6h44m85054p6v4k77hlyhld2ex22esm9gmrlnr2,14,iog,307,100000000000,61cb626639d9690d1169e049682fc531c7222564337be74e0281f5c772ae718b
2026-06-11T13:49:08Z,abcde_forensics_stage_founders_depth14,pool1fjgj68ppdw64ydaxntjwhh6gtqretwkm0l8zty72shxxc4dx0ws,owner,stake1u96yhxyr4ampphaml9sgh74vxqctqcyqlqvvy8gdxa3hsjgjuggm2,14,iog,259,84500000000,36ea00044f96e75892b4528d2141716f30ea092539440d19f53bc6ce26ebcbef
2026-06-11T13:49:08Z,abcde_forensics_stage_founders_depth14,pool1fjgj68ppdw64ydaxntjwhh6gtqretwkm0l8zty72shxxc4dx0ws,reward_address,stake1u96yhxyr4ampphaml9sgh74vxqctqcyqlqvvy8gdxa3hsjgjuggm2,14,iog,259,84500000000,36ea00044f96e75892b4528d2141716f30ea092539440d19f53bc6ce26ebcbef
2026-06-11T13:49:08Z,abcde_forensics_stage_founders_depth14,pool1fjxud865hvsg3us4t5ndv6jhjcssj5rg2eq783664wpn720deqr,owner,stake1uyzleu2qhmjmaf8qf7sfqhvw55m4ttyfmwygjt0s98uyd7qtystt3,13,iog,280,10000000000,c94c7ed9c0c743d16fcb06ebf9d63be91c0d3793aad99ccc9792dccbd17e321d
2026-06-11T13:49:08Z,abcde_forensics_stage_founders_depth14,pool1fjxud865hvsg3us4t5ndv6jhjcssj5rg2eq783664wpn720deqr,reward_address,stake1uyzleu2qhmjmaf8qf7sfqhvw55m4ttyfmwygjt0s98uyd7qtystt3,13,iog,280,10000000000,c94c7ed9c0c743d16fcb06ebf9d63be91c0d3793aad99ccc9792dccbd17e321d
2026-06-11T13:49:08Z,abcde_forensics_stage_founders_depth14,pool1fk7lk6x7j6jkxuvl0het8nmunra4g7370mw29f286dv9ylegutq,owner,stake1uxhlg3y7430yquddz9ne0vwwxuxj7tah22q0ykwd6p94jygcuz3d0,14,iog,609,100000000,07f67a26a4e6b12ce476484003577e894cbda81a134c28e74820c311f27d28aa
2026-06-11T13:49:08Z,abcde_forensics_stage_founders_depth14,pool1fk7lk6x7j6jkxuvl0het8nmunra4g7370mw29f286dv9ylegutq,reward_address,stake1uxhlg3y7430yquddz9ne0vwwxuxj7tah22q0ykwd6p94jygcuz3d0,14,iog,609,100000000,07f67a26a4e6b12ce476484003577e894cbda81a134c28e74820c311f27d28aa
2026-06-11T13:49:08Z,abcde_forensics_stage_founders_depth14,pool1fm57fshvdlrgs5pnpk78tnxha0me28equyy96vj0xm85gy5chv0,owner,stake1u8fhuzhxyq53de2h4f3msyy9jmmyzs6e5kv9sdpnnyp2aasdwl8p2,13,iog,628,500000000000,b78ccef33bb8616f8fcfd9a4bea0fd0f9d3bab6920c2f20e11d54a7b8a6e0831
2026-06-11T13:49:08Z,abcde_forensics_stage_founders_depth14,pool1fm57fshvdlrgs5pnpk78tnxha0me28equyy96vj0xm85gy5chv0,reward_address,stake1u8fhuzhxyq53de2h4f3msyy9jmmyzs6e5kv9sdpnnyp2aasdwl8p2,13,iog,628,500000000000,b78ccef33bb8616f8fcfd9a4bea0fd0f9d3bab6920c2f20e11d54a7b8a6e0831
2026-06-11T13:49:08Z,abcde_forensics_stage_founders_depth14,pool1fmrd4ds793ja4c5muy7hwj6q7kssuhtx22em4udmvx6957z9m0u,owner,stake1u8jfrsqsdegyacs3mhgnc4kx5zcd0tpf6h3sw26faea2xrquxclnu,11,emurgo+iog,308,800000000,9ad319329e90e3e9f84075fcba4d73d3802c61235b1a13bc007dab0237f919cc
2026-06-11T13:49:08Z,abcde_forensics_stage_founders_depth14,pool1fmrd4ds793ja4c5muy7hwj6q7kssuhtx22em4udmvx6957z9m0u,reward_address,stake1u8jfrsqsdegyacs3mhgnc4kx5zcd0tpf6h3sw26faea2xrquxclnu,11,emurgo+iog,308,800000000,9ad319329e90e3e9f84075fcba4d73d3802c61235b1a13bc007dab0237f919cc
2026-06-11T13:49:08Z,abcde_forensics_stage_founders_depth14,pool1fn8mfqp4jt6097ygqrze5rjzg3y5s8fktxszqgs9mg22jvr42dx,owner,stake1uy226mgqh0nvstd3l7maptwa9tr6cwnm0yejz4s6tszty6gq9e4j4,14,iog,328,25010000000,8cc2754146c7525f18e01afbb3fb34ea6947cab5a8fe77f392013a9eed9ccad5
2026-06-11T13:49:08Z,abcde_forensics_stage_founders_depth14,pool1fn8mfqp4jt6097ygqrze5rjzg3y5s8fktxszqgs9mg22jvr42dx,reward_address,stake1uy226mgqh0nvstd3l7maptwa9tr6cwnm0yejz4s6tszty6gq9e4j4,14,iog,328,25010000000,8cc2754146c7525f18e01afbb3fb34ea6947cab5a8fe77f392013a9eed9ccad5
2026-06-11T13:49:08Z,abcde_forensics_stage_founders_depth14,pool1fqwnqk3phwa2s5thgym8dw34pv0z67m526uqprnjh93cvzxymef,owner,stake1u88u5k0tvhz3jm7mg6g56wpp26fm20267ymd5t5tzj0ycuc6kx67w,13,iog,382,1000000000,c52fa42add05c351abdcfbe9cead646bc3b77f113f76e57aade30d2130b6d131
2026-06-11T13:49:08Z,abcde_forensics_stage_founders_depth14,pool1fqwnqk3phwa2s5thgym8dw34pv0z67m526uqprnjh93cvzxymef,reward_address,stake1uxcmc9r2t7cxs0zw8qm8ztg3twvxryzghsc8eszek6kuwms23gya4,12,iog,382,1000000000,c52fa42add05c351abdcfbe9cead646bc3b77f113f76e57aade30d2130b6d131
2026-06-11T13:49:08Z,abcde_forensics_stage_founders_depth14,pool1fspfv7z8l8755une5vt8drk7aufenxlucnl0p09sy8vxjw5kz3y,owner,stake1uxmft6dd603sh5g3x4e3upwa8ypdnatcndal42lvpm0neccpshqu2,11,iog,264,1000000000,8e7178a5fad31a732ef8c0f4f626d83389482559b967a01db0432a943dbbcffd
2026-06-11T13:49:08Z,abcde_forensics_stage_founders_depth14,pool1fspfv7z8l8755une5vt8drk7aufenxlucnl0p09sy8vxjw5kz3y,reward_address,stake1uxmft6dd603sh5g3x4e3upwa8ypdnatcndal42lvpm0neccpshqu2,11,iog,264,1000000000,8e7178a5fad31a732ef8c0f4f626d83389482559b967a01db0432a943dbbcffd
2026-06-11T13:49:08Z,abcde_forensics_stage_founders_depth14,pool1fsy89gvuf5pv6y884a7sms5awmv9p2547nmkdgek5xd2s2ncz3f,owner,stake1uy9wuwrwgutvncc97e9xhvg3qsuzw2vu3km5ughmhjuyacq2r0sk9,14,iog,257,100000000,a9f313ed4f5b13d770bbeac06408c63ce5f1428f34f5aa288ff2b59c561220e0
2026-06-11T13:49:08Z,abcde_forensics_stage_founders_depth14,pool1fsy89gvuf5pv6y884a7sms5awmv9p2547nmkdgek5xd2s2ncz3f,reward_address,stake1uy9wuwrwgutvncc97e9xhvg3qsuzw2vu3km5ughmhjuyacq2r0sk9,14,iog,257,100000000,a9f313ed4f5b13d770bbeac06408c63ce5f1428f34f5aa288ff2b59c561220e0
2026-06-11T13:49:08Z,abcde_forensics_stage_founders_depth14,pool1ft4z335t0eclqwlxdktam5wphf47swfpzgxe4fslnjz5y70hq2p,owner,stake1uyscsem2kwztds4e3nkuq0a53v8p9ehfd73ms5crnsfpavsjwd80j,14,iog,272,1100000000,bba7137ca00ff9c382fa7d672d680d7003a00f6c891fc9b8b3249bd233bc9aa9
2026-06-11T13:49:08Z,abcde_forensics_stage_founders_depth14,pool1ft4z335t0eclqwlxdktam5wphf47swfpzgxe4fslnjz5y70hq2p,reward_address,stake1uyscsem2kwztds4e3nkuq0a53v8p9ehfd73ms5crnsfpavsjwd80j,14,iog,272,1100000000,bba7137ca00ff9c382fa7d672d680d7003a00f6c891fc9b8b3249bd233bc9aa9
2026-06-11T13:49:08Z,abcde_forensics_stage_founders_depth14,pool1ft6jvmft8tg3lwzg6wfsprlex3ncuq5cnckwycavqk5q63jhrhv,owner,stake1u83m7sx9pnttr6n2shunxud383as0yux2k0gnp2gph90sschm05y9,13,emurgo+iog,448,25000000000,e217c4daf1f0cf86fe7e3a26dd9bcfd10df2f202679a488fbf1f6c70d77a9823
2026-06-11T13:49:08Z,abcde_forensics_stage_founders_depth14,pool1ft6jvmft8tg3lwzg6wfsprlex3ncuq5cnckwycavqk5q63jhrhv,reward_address,stake1u83m7sx9pnttr6n2shunxud383as0yux2k0gnp2gph90sschm05y9,13,emurgo+iog,448,25000000000,e217c4daf1f0cf86fe7e3a26dd9bcfd10df2f202679a488fbf1f6c70d77a9823
2026-06-11T13:49:08Z,abcde_forensics_stage_founders_depth14,pool1ft890pqh62dh0nnnc3rqn9mh83293l4j8xzyld2atcsj7qkfdr0,owner,stake1uyqw8f4vkhv8wpsnvapn6lvtycwkn8plz9tqm32zn4elpncw9mlth,14,iog,247,3001000000,2664aa2abd2bc6a5daf22b5bbf76f02ad01a9a01079ed1eb206a5506818030bb
2026-06-11T13:49:08Z,abcde_forensics_stage_founders_depth14,pool1ft890pqh62dh0nnnc3rqn9mh83293l4j8xzyld2atcsj7qkfdr0,reward_address,stake1uyqw8f4vkhv8wpsnvapn6lvtycwkn8plz9tqm32zn4elpncw9mlth,14,iog,247,3001000000,2664aa2abd2bc6a5daf22b5bbf76f02ad01a9a01079ed1eb206a5506818030bb
2026-06-11T13:49:08Z,abcde_forensics_stage_founders_depth14,pool1futpazj04ukh0754m6wexrr9gdezmrl6e0pksyhpc9gjql44l0y,owner,stake1u99625panpcg74s8m3cn58pkv8sz9qn88xaew5t0hf5x2hsmxaja4,14,iog,248,50000000,791459026c3d382cb1f12062842ad7b691c36c81e18c16717675fb4226fca65a
2026-06-11T13:49:08Z,abcde_forensics_stage_founders_depth14,pool1futpazj04ukh0754m6wexrr9gdezmrl6e0pksyhpc9gjql44l0y,reward_address,stake1u99625panpcg74s8m3cn58pkv8sz9qn88xaew5t0hf5x2hsmxaja4,14,iog,248,50000000,791459026c3d382cb1f12062842ad7b691c36c81e18c16717675fb4226fca65a
2026-06-11T13:49:08Z,abcde_forensics_stage_founders_depth14,pool1fv9f8phzn7hp623ypw6ctf73a98hd7nrh8wm7glpcuhf64856g2,owner,stake1u9w9jac082k7jgkzuyr8gyftqzm3h07wm8mc0ggtxau7e2sclez6e,11,iog,621,25000000000,3492019e62760bfcf19a76a15da1e83cd93a2491440a5c2a9965006719df402d
2026-06-11T13:49:08Z,abcde_forensics_stage_founders_depth14,pool1fv9f8phzn7hp623ypw6ctf73a98hd7nrh8wm7glpcuhf64856g2,reward_address,stake1u9w9jac082k7jgkzuyr8gyftqzm3h07wm8mc0ggtxau7e2sclez6e,11,iog,621,25000000000,3492019e62760bfcf19a76a15da1e83cd93a2491440a5c2a9965006719df402d
2026-06-11T13:49:08Z,abcde_forensics_stage_founders_depth14,pool1fvuy9r4ndp432yuh059q4fekh42t4d42qjhgz5qxlr8jctrp5l2,owner,stake1u9mjfr3zf447uys7h3alycn848w22jfa8tuahdrkanze52q9s9xg7,13,iog,256,1000000000,57fb248402d1202b8a21c8398cac9b82549def8f9064f285694ea13f588d0003
2026-06-11T13:49:08Z,abcde_forensics_stage_founders_depth14,pool1fvuy9r4ndp432yuh059q4fekh42t4d42qjhgz5qxlr8jctrp5l2,reward_address,stake1u9mjfr3zf447uys7h3alycn848w22jfa8tuahdrkanze52q9s9xg7,13,iog,256,1000000000,57fb248402d1202b8a21c8398cac9b82549def8f9064f285694ea13f588d0003
2026-06-11T13:49:08Z,abcde_forensics_stage_founders_depth14,pool1fxl5v404w7rjk6k4xlhxqp2mcp7t6quu7amyddmnqhy5vn40h5y,owner,stake1uxzxngc9ydw4kh09tan3hn7wr6tletvmndcl0wtswkgu9esxckcel,12,iog,210,960000000,9ec774773f2dd257f8b60cbcbda0018cf357d502df2b45344f1025325c842372
2026-06-11T13:49:08Z,abcde_forensics_stage_founders_depth14,pool1fxl5v404w7rjk6k4xlhxqp2mcp7t6quu7amyddmnqhy5vn40h5y,reward_address,stake1uxzxngc9ydw4kh09tan3hn7wr6tletvmndcl0wtswkgu9esxckcel,12,iog,210,960000000,9ec774773f2dd257f8b60cbcbda0018cf357d502df2b45344f1025325c842372
2026-06-11T13:49:08Z,abcde_forensics_stage_founders_depth14,pool1fxlf6mqxeuptm7ztwdpp2zdwm7tsfcy3fweu7euyf6aduuh6u42,owner,stake1uyflue0kj9zekhmjy5q0yzc7q4c98mrj2f3wzrssnna3scczzfr9w,11,iog,296,10000000000,fc88085688c6a0a1116daff581872e206591835dd4e05cd5a7484711c4bcd438
2026-06-11T13:49:08Z,abcde_forensics_stage_founders_depth14,pool1fxlf6mqxeuptm7ztwdpp2zdwm7tsfcy3fweu7euyf6aduuh6u42,reward_address,stake1uyflue0kj9zekhmjy5q0yzc7q4c98mrj2f3wzrssnna3scczzfr9w,11,iog,296,10000000000,fc88085688c6a0a1116daff581872e206591835dd4e05cd5a7484711c4bcd438
2026-06-11T13:49:08Z,abcde_forensics_stage_founders_depth14,pool1fxm9hx6n5lahvlp3rrkvz30j2e3x4a08q3cu78678g32zqfmv4a,owner,stake1u8zcqr26lfq294yg3n6zq6495uz6ak74fqp0jdu9neqrzysqtanc2,14,emurgo,255,103000000000,00afb7826fd90c4c3ed24a6ddf8d2942bf0c0cd35099d17a9192fa224a7cf8eb
2026-06-11T13:49:08Z,abcde_forensics_stage_founders_depth14,pool1fxm9hx6n5lahvlp3rrkvz30j2e3x4a08q3cu78678g32zqfmv4a,reward_address,stake1uys4vvtaz4gw27lu70tygudcqy9aspuhrm99swhce736fhg8z4snj,14,emurgo,255,103000000000,00afb7826fd90c4c3ed24a6ddf8d2942bf0c0cd35099d17a9192fa224a7cf8eb
2026-06-11T13:49:08Z,abcde_forensics_stage_founders_depth14,pool1g0fvxf4ewt0j3hplp09dv4ak2uv5ay3ftw8upk80d8kx2ca5syn,owner,stake1ux2gy8x4u5z5svwhlpm6fs26xmx3w3a68ma6scvpclhecaghu38ka,14,iog,236,100000000,054051885d267f7de673ee2dfceefe1c3f17c01cdacb8f3b6b499a183467b4f4
2026-06-11T13:49:08Z,abcde_forensics_stage_founders_depth14,pool1g0fvxf4ewt0j3hplp09dv4ak2uv5ay3ftw8upk80d8kx2ca5syn,reward_address,stake1ux2gy8x4u5z5svwhlpm6fs26xmx3w3a68ma6scvpclhecaghu38ka,14,iog,236,100000000,054051885d267f7de673ee2dfceefe1c3f17c01cdacb8f3b6b499a183467b4f4
2026-06-11T13:49:08Z,abcde_forensics_stage_founders_depth14,pool1g24xqzq4qjvvsxetstxdw6jdfk0ze2ng0a8997qlvuu275rc2zg,owner,stake1ux4sxmhyt2pjajdjt86gnu2a80clrk4tlflzqat8zy7zjjgx20y2n,14,iog,261,250000000000,206ab4ba9aec2725bb173c8bd194e466eb7c26f41b2f042d5fbc6e2796910be4
2026-06-11T13:49:08Z,abcde_forensics_stage_founders_depth14,pool1g27ut4c2jf7dq87hu5ne7ra9p8mc9wwv9pc4fu9pegvju62lvgc,owner,stake1uym3tsv9fnzavvx08ffvy92w5epthgmkgggwsznyv53t23qmjlg95,13,iog,250,5000000000,980c745c398bb5f77289ca85f414b3089b1963c0bd351d0b812e6134f8fda7fa
2026-06-11T13:49:08Z,abcde_forensics_stage_founders_depth14,pool1g27ut4c2jf7dq87hu5ne7ra9p8mc9wwv9pc4fu9pegvju62lvgc,reward_address,stake1uym3tsv9fnzavvx08ffvy92w5epthgmkgggwsznyv53t23qmjlg95,13,iog,250,5000000000,980c745c398bb5f77289ca85f414b3089b1963c0bd351d0b812e6134f8fda7fa
2026-06-11T13:49:08Z,abcde_forensics_stage_founders_depth14,pool1g4hyyzdmpj95kdxysycjljcn3npf5adpjhftwa30t9yu5yh0qgs,owner,stake1u8yckcsa9z0m6hsahypp2vtqzn2zegwfc47p0rxkqg5crpq95auaa,14,iog,259,25000000000,340397fe3c9b5c0df1a74b66a1bace42827c62ca095e9ad72e9d5344e02cc0e0
2026-06-11T13:49:08Z,abcde_forensics_stage_founders_depth14,pool1g4th3pqfzh4zajzrhlh8y6wpuztrkzxwt5wd7q578894j06gwfc,owner,stake1u8p578uaxnzrg9lw35lnt78s386mp4u352caeh6xgl7ja2qjnjyve,13,iog,510,25000000000,139b08962b77ca4b4a63ec4214404a38c8a6c1a287662d8ad0a293e18a9765ad
2026-06-11T13:49:08Z,abcde_forensics_stage_founders_depth14,pool1g4th3pqfzh4zajzrhlh8y6wpuztrkzxwt5wd7q578894j06gwfc,reward_address,stake1u8p578uaxnzrg9lw35lnt78s386mp4u352caeh6xgl7ja2qjnjyve,13,iog,510,25000000000,139b08962b77ca4b4a63ec4214404a38c8a6c1a287662d8ad0a293e18a9765ad
2026-06-11T13:49:08Z,abcde_forensics_stage_founders_depth14,pool1g5hzwhlsya3pqxzkkf97308z4zp0kl5hjdaypaqd3fwjgkaq4hk,owner,stake1uyk2ud7cu2s95y2tupfafkm0pwk3d3cnqdhtrwennhlue5sflcdu7,14,iog,253,25000000000,bb8df88af916b421a4fb1690a8b6198f0d7fe5f32108e41ab08e4dc05a7c60de
2026-06-11T13:49:08Z,abcde_forensics_stage_founders_depth14,pool1g6upyd4arya05v0th9z80ms9k7lvmm53f3nn7qkgph7fwzat896,owner,stake1u8llkxlf50thfd9w38zredzhcfll3yyla5ju4m2fxeskakcl9jmjf,14,iog,251,300000000000,ef6cc8f9eb9226dd1ad64c0a13708e204a7038e3ba0bf9d9bf9ec644718e2ffe
2026-06-11T13:49:08Z,abcde_forensics_stage_founders_depth14,pool1g6upyd4arya05v0th9z80ms9k7lvmm53f3nn7qkgph7fwzat896,owner,stake1u9f63202ed9t9wa9g6nca6a7957yza77whev5nezz5zm43gaywrrr,14,iog,251,300000000000,ef6cc8f9eb9226dd1ad64c0a13708e204a7038e3ba0bf9d9bf9ec644718e2ffe
2026-06-11T13:49:08Z,abcde_forensics_stage_founders_depth14,pool1g6upyd4arya05v0th9z80ms9k7lvmm53f3nn7qkgph7fwzat896,reward_address,stake1u9f63202ed9t9wa9g6nca6a7957yza77whev5nezz5zm43gaywrrr,14,iog,251,300000000000,ef6cc8f9eb9226dd1ad64c0a13708e204a7038e3ba0bf9d9bf9ec644718e2ffe
2026-06-11T13:49:08Z,abcde_forensics_stage_founders_depth14,pool1g8w64u3sx9mrvhwrdfvysw4g4wnffkjfp5zds3ur6svwzdhwhx9,owner,stake1u92gnm5gltyq4psnvj4aefj05sxxeq8wqs7lg9e6ht0vvrskcaqf0,12,iog,448,30000000000,8146067a6fd5a707cf84c5fc4ed301585d4ee93c31ffc386583cb057f16131c2
2026-06-11T13:49:08Z,abcde_forensics_stage_founders_depth14,pool1g9v6nnrn8x7jcj26mqernsh3h97g6gyhamttzg8q39yvjr60g7k,owner,stake1u8hn85ms8ktvjdzk59qja3zm6ezq9crvtlh89tl4n5tvxpqmqea3x,14,iog,468,80000000000,9dd8508813febbd8ff8670e0f3cb5a8fd9c30c98e76ba9351f426ef2d90d9a08
2026-06-11T13:49:08Z,abcde_forensics_stage_founders_depth14,pool1g9v6nnrn8x7jcj26mqernsh3h97g6gyhamttzg8q39yvjr60g7k,reward_address,stake1u8hn85ms8ktvjdzk59qja3zm6ezq9crvtlh89tl4n5tvxpqmqea3x,14,iog,468,80000000000,9dd8508813febbd8ff8670e0f3cb5a8fd9c30c98e76ba9351f426ef2d90d9a08
2026-06-11T13:49:08Z,abcde_forensics_stage_founders_depth14,pool1gaq7x3ejv47cykw2wrcyt99f3gcy3ayyuxsf6gqvd8j2jf90w4h,owner,stake1uyas7fc8akeaxutdj0fdgrvl7dcyj4fyvv7vam7lncxhf0qr8macz,13,iog,253,25000000000,de0890b62426fb13ff278c45bafe3891a7c0723c8e898a2a69145b209e3b09af
2026-06-11T13:49:08Z,abcde_forensics_stage_founders_depth14,pool1gaq7x3ejv47cykw2wrcyt99f3gcy3ayyuxsf6gqvd8j2jf90w4h,reward_address,stake1uyas7fc8akeaxutdj0fdgrvl7dcyj4fyvv7vam7lncxhf0qr8macz,13,iog,253,25000000000,de0890b62426fb13ff278c45bafe3891a7c0723c8e898a2a69145b209e3b09af
2026-06-11T13:49:08Z,abcde_forensics_stage_founders_depth14,pool1gccvexsjcp6z6aua47cdpwf05jz5s8vj58amyl7k7e4lyzy67e9,owner,stake1u807dgfpqc2mu8mjt8ryhurfzt90lhsyvj8lnp9e5gg4l8g6encra,13,emurgo+iog,258,50000000000,d5e6366b62164656ad13790be0f98aab125882a19acd1969ce7ae9967bdd8f38
2026-06-11T13:49:08Z,abcde_forensics_stage_founders_depth14,pool1gccvexsjcp6z6aua47cdpwf05jz5s8vj58amyl7k7e4lyzy67e9,owner,stake1u97m800s5p0r46eamrmuhzzspewh664gptf2nc4hyk2gv4qn9w2t5,14,iog,258,50000000000,d5e6366b62164656ad13790be0f98aab125882a19acd1969ce7ae9967bdd8f38
2026-06-11T13:49:08Z,abcde_forensics_stage_founders_depth14,pool1gccvexsjcp6z6aua47cdpwf05jz5s8vj58amyl7k7e4lyzy67e9,reward_address,stake1u87hetczqentdnquqhvnp2qyuu6h39au6e9wafs7duzwrqgrelj7j,13,iog,258,50000000000,d5e6366b62164656ad13790be0f98aab125882a19acd1969ce7ae9967bdd8f38
2026-06-11T13:49:08Z,abcde_forensics_stage_founders_depth14,pool1ge9c0gw40pzkcuj0xx6kevxz0hvwce7ac207lw2dtd58y957f74,owner,stake1uxge4zslyndy2sryqxqyg9myyag7zfzkl2n7ucg0pq06vfgy5xfsw,13,iog,260,100000000,0798e39325bd5903010cd399d8acc3aee37f0d5cf3bc61f77fd729fc952ab177
2026-06-11T13:49:08Z,abcde_forensics_stage_founders_depth14,pool1ge9c0gw40pzkcuj0xx6kevxz0hvwce7ac207lw2dtd58y957f74,reward_address,stake1uxge4zslyndy2sryqxqyg9myyag7zfzkl2n7ucg0pq06vfgy5xfsw,13,iog,260,100000000,0798e39325bd5903010cd399d8acc3aee37f0d5cf3bc61f77fd729fc952ab177
2026-06-11T13:49:08Z,abcde_forensics_stage_founders_depth14,pool1gemjwq0dus4l0m0ulvqmhjmnu99y55ehuwd39u2nezav286y8d4,owner,stake1uyz923ltuhzkprx7hwkmhtz6j7ufaphea9jn4h9qwv8ssssnclqzv,14,iog,310,100000000000,66ea427cad1fe9d6c5d37a59e1c627468b2e88f2bf7ef9cb970c8d5f62c1b2a0
2026-06-11T13:49:08Z,abcde_forensics_stage_founders_depth14,pool1ghkvvv54d5463ymc44922ld927wtcaxm0e9ej67sh9fp62q6s9e,owner,stake1uynhuvgzlrl5vnwaxmxty839penzxr0h36l732q7cxkaffclq69ss,14,emurgo,270,1000000000,38cd0dda17e5b9daf683726929f5d29f55f094b57910e80c7edfb41333b60efe
2026-06-11T13:49:08Z,abcde_forensics_stage_founders_depth14,pool1ghkvvv54d5463ymc44922ld927wtcaxm0e9ej67sh9fp62q6s9e,reward_address,stake1u8rmfhqgn3mdfmfqrjw4x8h22cp5zjx8r8jj0z67ht3zqyccg7tuu,11,emurgo+iog,270,1000000000,38cd0dda17e5b9daf683726929f5d29f55f094b57910e80c7edfb41333b60efe
2026-06-11T13:49:08Z,abcde_forensics_stage_founders_depth14,pool1ghsq6nqsdmxxep9jrfml0j6jk935uhq7d9l5a0ltllev7nk2fa0,owner,stake1u8cj89g737ycrdgt3v4nn62vrp8rqhv5qec7gstse8pqpssnuxrts,13,iog,281,25000000000,c3fe8d514ab50a0373b22d67f50a15bccd6b7b6462b9d4530c8210db3c9dbda2
2026-06-11T13:49:08Z,abcde_forensics_stage_founders_depth14,pool1ghsq6nqsdmxxep9jrfml0j6jk935uhq7d9l5a0ltllev7nk2fa0,owner,stake1u8kpgx825qr9e8w6mvm4tsxxf4alsryy3v5s073wtawrtms9wk6dz,13,iog,281,25000000000,c3fe8d514ab50a0373b22d67f50a15bccd6b7b6462b9d4530c8210db3c9dbda2
2026-06-11T13:49:08Z,abcde_forensics_stage_founders_depth14,pool1ghsq6nqsdmxxep9jrfml0j6jk935uhq7d9l5a0ltllev7nk2fa0,owner,stake1u9fl5kjfvchh4g2e0f3k6lwg3wx5czdv4nj846hh74szcfqfnmaae,14,iog,281,25000000000,c3fe8d514ab50a0373b22d67f50a15bccd6b7b6462b9d4530c8210db3c9dbda2
2026-06-11T13:49:08Z,abcde_forensics_stage_founders_depth14,pool1ghsq6nqsdmxxep9jrfml0j6jk935uhq7d9l5a0ltllev7nk2fa0,reward_address,stake1u8cj89g737ycrdgt3v4nn62vrp8rqhv5qec7gstse8pqpssnuxrts,13,iog,281,25000000000,c3fe8d514ab50a0373b22d67f50a15bccd6b7b6462b9d4530c8210db3c9dbda2
2026-06-11T13:49:08Z,abcde_forensics_stage_founders_depth14,pool1gk2kmn8vx7z73rmmfg47pxm03cj6m5v06qqjtgeum95nz5hn8tl,owner,stake1uyvntws0qcmkejr4jusswytumu5h3s9dxj0n25kw4lml5fqlsplpe,14,iog,288,10000000000,b139ccde0446d81d9dba73082e2a61dd5aad065eadc9ccbd59953b8cc36e329a
2026-06-11T13:49:08Z,abcde_forensics_stage_founders_depth14,pool1gk2kmn8vx7z73rmmfg47pxm03cj6m5v06qqjtgeum95nz5hn8tl,reward_address,stake1uyvntws0qcmkejr4jusswytumu5h3s9dxj0n25kw4lml5fqlsplpe,14,iog,288,10000000000,b139ccde0446d81d9dba73082e2a61dd5aad065eadc9ccbd59953b8cc36e329a
2026-06-11T13:49:08Z,abcde_forensics_stage_founders_depth14,pool1gm4mcrf8mytfetsj6ykulrmv4j70y7fhceawgdg2h09t5rtt7cf,owner,stake1uyyf3347u69dng2lnuuyuhw7y3xv4lnrl55x4n2h0l4rgvgpk637z,14,iog,581,500000000000,96b69dc8b91814244e760efa99583d6098e05f4971cc513ac0ccc38248e7bdc0
2026-06-11T13:49:08Z,abcde_forensics_stage_founders_depth14,pool1gn5txrx7ay0pxs7cj70ewxpqx64sqnptnkc4u3zghxv8y2y9sxr,owner,stake1u9n98lnlh0w9xpltyhe4g9rvzrx98j7d8mkvz982tudr58skj06d7,14,emurgo,297,54000000000,11ff81c5314d61f76db90c579cedbb0bd1c81ac73cb45d56f696d3a3982c08a2
2026-06-11T13:49:08Z,abcde_forensics_stage_founders_depth14,pool1gn5txrx7ay0pxs7cj70ewxpqx64sqnptnkc4u3zghxv8y2y9sxr,reward_address,stake1u9n98lnlh0w9xpltyhe4g9rvzrx98j7d8mkvz982tudr58skj06d7,14,emurgo,297,54000000000,11ff81c5314d61f76db90c579cedbb0bd1c81ac73cb45d56f696d3a3982c08a2
2026-06-11T13:49:08Z,abcde_forensics_stage_founders_depth14,pool1gpz97nhqges80ggnefeshg3n4grprrltdvzqr8sz5fvxg3lekqh,owner,stake1u853tlmfykqv7m9qaumk2vqua06ugvsd664ae9uj2lh4qkqcf95ua,14,iog,256,5000000000,e1b43dfff2972e733dc355c36528604cabe64493557857d76acb12c5ecac9b54
2026-06-11T13:49:08Z,abcde_forensics_stage_founders_depth14,pool1gpz97nhqges80ggnefeshg3n4grprrltdvzqr8sz5fvxg3lekqh,reward_address,stake1u853tlmfykqv7m9qaumk2vqua06ugvsd664ae9uj2lh4qkqcf95ua,14,iog,256,5000000000,e1b43dfff2972e733dc355c36528604cabe64493557857d76acb12c5ecac9b54
2026-06-11T13:49:08Z,abcde_forensics_stage_founders_depth14,pool1gq07hfmull6etsr23l36cvwgfkym6jqn4q2dz5vz4y446yat70t,reward_address,stake17ygrxh9m9c2j7800yxdvtrc9lq95mq29qmhnj8yfnsjmnugd6kevn,12,iog,431,0,8cfc5f3eabc6188da7cc7cf4875c222b3f240d73e8504f71920de01a18607664
2026-06-11T13:49:08Z,abcde_forensics_stage_founders_depth14,pool1grja4t9cne39v5u4g9aw0qujmm5mpnxqpshqy5lnqv0ezdkyglk,owner,stake1u9f63202ed9t9wa9g6nca6a7957yza77whev5nezz5zm43gaywrrr,14,iog,289,100000000000,f6a862c800225dcf0178a38ffddaeb724fe41b6f838ba126ad7b92bc2473c2de
2026-06-11T13:49:08Z,abcde_forensics_stage_founders_depth14,pool1grvc8ee54v6hm0aynfdqanugez2sjjdaya2fxcug7lhu73dnrl7,owner,stake1u9zneu7ruyd8rwlptq4cqqeda7pezcjq4r7h68c9nvz2dlsuj0ku7,12,emurgo+iog,260,9000000000,48bdcb0875090af50115d286f03a40ab3f210e7cd7ef7bf2ea8d34d697259c11
2026-06-11T13:49:08Z,abcde_forensics_stage_founders_depth14,pool1grvc8ee54v6hm0aynfdqanugez2sjjdaya2fxcug7lhu73dnrl7,reward_address,stake1u9zneu7ruyd8rwlptq4cqqeda7pezcjq4r7h68c9nvz2dlsuj0ku7,12,emurgo+iog,260,9000000000,48bdcb0875090af50115d286f03a40ab3f210e7cd7ef7bf2ea8d34d697259c11
2026-06-11T13:49:08Z,abcde_forensics_stage_founders_depth14,pool1grz62pdyyakffeymsjxpkz4x9382y3zhfa8zu28tk2fpqxm6p5l,owner,stake1u8psujwzsje384hnhqdqkztxj5lf3u3l5wjtzsuz6a0nsksjc52xd,14,iog,301,30000000000,a51e6fd3284dfb786fbc365349f18a4b754d0658ce4bd31bb0a1d4162bd8f27f
2026-06-11T13:49:08Z,abcde_forensics_stage_founders_depth14,pool1grz62pdyyakffeymsjxpkz4x9382y3zhfa8zu28tk2fpqxm6p5l,owner,stake1uxhj4620mevsvxrppdqf2xfdkrptf24dsd9jw033hq5a2qq9xjxhn,13,iog,301,30000000000,a51e6fd3284dfb786fbc365349f18a4b754d0658ce4bd31bb0a1d4162bd8f27f
2026-06-11T13:49:08Z,abcde_forensics_stage_founders_depth14,pool1grz62pdyyakffeymsjxpkz4x9382y3zhfa8zu28tk2fpqxm6p5l,reward_address,stake1uxhj4620mevsvxrppdqf2xfdkrptf24dsd9jw033hq5a2qq9xjxhn,13,iog,301,30000000000,a51e6fd3284dfb786fbc365349f18a4b754d0658ce4bd31bb0a1d4162bd8f27f
2026-06-11T13:49:08Z,abcde_forensics_stage_founders_depth14,pool1gtphgrdj8sluxm9e7ca2spcwcq2p0dxj9zf5v0yv3gsagzq704n,owner,stake1uykcn6sm5lpanff0gluvyjmgrm9rkgnnyqqh5t9clfa4xccy8a268,14,emurgo,453,3030000000000,ad49b0d2db1fde774077a1ca742e710368b8069c376d3b309a0cf51655db6bc5
2026-06-11T13:49:08Z,abcde_forensics_stage_founders_depth14,pool1gtphgrdj8sluxm9e7ca2spcwcq2p0dxj9zf5v0yv3gsagzq704n,reward_address,stake1uykcn6sm5lpanff0gluvyjmgrm9rkgnnyqqh5t9clfa4xccy8a268,14,emurgo,453,3030000000000,ad49b0d2db1fde774077a1ca742e710368b8069c376d3b309a0cf51655db6bc5
2026-06-11T13:49:08Z,abcde_forensics_stage_founders_depth14,pool1guauavq4yp99rack3a45jr952f0xv7dtsw3vvx7zevey59k5lfd,owner,stake1uye8aflldhuwfarc3ag637retds02xtj64r26v2mxrc8yagj9d0nh,14,iog,283,10000000000,935a029f28e9808ca920d9b2eafe324f6679d69d3c27d3d1dcd4bd35167abb34
2026-06-11T13:49:08Z,abcde_forensics_stage_founders_depth14,pool1guauavq4yp99rack3a45jr952f0xv7dtsw3vvx7zevey59k5lfd,reward_address,stake1uye8aflldhuwfarc3ag637retds02xtj64r26v2mxrc8yagj9d0nh,14,iog,283,10000000000,935a029f28e9808ca920d9b2eafe324f6679d69d3c27d3d1dcd4bd35167abb34
2026-06-11T13:49:08Z,abcde_forensics_stage_founders_depth14,pool1gx2pz27mgupdqynr54s57jrepc3n28yx0wlx0j5ypka55aan9qx,owner,stake1uy63a40vykv7srqeemcnxcppc38cxly4jk7nffrt493kwxgrxxl87,12,emurgo+iog,514,1000000000,2c63740a364523192c4ab6a03f617c20e67697111db416cecda813786d6e7121
2026-06-11T13:49:08Z,abcde_forensics_stage_founders_depth14,pool1gx6eawfvnhckevmlzhfz9j3uzj92j2wgww0mdd2fu5d4zd4wvaa,reward_address,stake1u9seg5dkrfsevg78m9xmdgkc9u5wlxcwxf24gz59jkgvwysz83zsd,14,iog,562,10000000000,4350576115e03887bbdc29ae6fc5dc3e2879ba2445580d1de75226035160eec3
2026-06-11T13:49:08Z,abcde_forensics_stage_founders_depth14,pool1gxu8g9fke4yydpaycwkumsrjz88uuq72tpe8yy3ndtx9uy9fv3j,owner,stake1u9ah466wkh9eh685rs2m7z78097990ngr83v80p4x4zf7pgp20kyl,14,iog,262,63000000000000,8b3facf94bc60260cf937181be21e68717ec882c4142733d811390f75af74b75
2026-06-11T13:49:08Z,abcde_forensics_stage_founders_depth14,pool1gxu8g9fke4yydpaycwkumsrjz88uuq72tpe8yy3ndtx9uy9fv3j,reward_address,stake1u9ah466wkh9eh685rs2m7z78097990ngr83v80p4x4zf7pgp20kyl,14,iog,262,63000000000000,8b3facf94bc60260cf937181be21e68717ec882c4142733d811390f75af74b75
2026-06-11T13:49:08Z,abcde_forensics_stage_founders_depth14,pool1gyf5nm2d4le3l6uh4j8340xugfc5zyn7u32j4hpk4vhusvtqq2n,owner,stake1u80e2da7tutx20v2zstvczu94x2sj4fkv3lnplgk4glq02qda9y7e,14,iog,291,10000000000,f040dee6db46ed97cb6a178bfcb584eebdb88347029235d7a854388dbc27ab7e
2026-06-11T13:49:08Z,abcde_forensics_stage_founders_depth14,pool1gyf5nm2d4le3l6uh4j8340xugfc5zyn7u32j4hpk4vhusvtqq2n,reward_address,stake1u80e2da7tutx20v2zstvczu94x2sj4fkv3lnplgk4glq02qda9y7e,14,iog,291,10000000000,f040dee6db46ed97cb6a178bfcb584eebdb88347029235d7a854388dbc27ab7e
2026-06-11T13:49:08Z,abcde_forensics_stage_founders_depth14,pool1gyvjd6n3t88lyyhzd8juqg0fnzq2kwlmnrggd4wghf8r7wndz4v,reward_address,stake1uy30sdntfmrj70qtazcn5tcnvppxy205fkcc05znfe5vw9qhhkfyk,11,iog,232,30000000000,fb18cc674cdfaca08649ce4a460be0c8b3689cb2a9122d5d2f2c4c031b3ce570
2026-06-11T13:49:08Z,abcde_forensics_stage_founders_depth14,pool1h0jfkyfqt729vxhq8ndxffcqn2afjhzzlwqecrvsufgu5sag0sj,owner,stake1uxx7udt29j8dw9r8d8d38wu4kxx83983j8j4lwrdgtx7spcadu03j,14,emurgo,253,50000000000,bbda05312283d6b4256602445e78aa2249488e16625a6245a686ec32e2060181
2026-06-11T13:49:08Z,abcde_forensics_stage_founders_depth14,pool1h0jfkyfqt729vxhq8ndxffcqn2afjhzzlwqecrvsufgu5sag0sj,reward_address,stake1uxx7udt29j8dw9r8d8d38wu4kxx83983j8j4lwrdgtx7spcadu03j,14,emurgo,253,50000000000,bbda05312283d6b4256602445e78aa2249488e16625a6245a686ec32e2060181
2026-06-11T13:49:08Z,abcde_forensics_stage_founders_depth14,pool1h0prd5vcdv6uk7hglztdcqfp5czjqxdydxkxkdhg8rrk22mr4ym,owner,stake1uxnspfz5z6n002h8twl4tpwyvz25yw272vderda97lyruksmzkrn6,14,iog,581,1000000000,04365e59fdd2f8a971d8d5c2fde98ebb28c9e81f1dc188e5b84edaaebb42a898
2026-06-11T13:49:08Z,abcde_forensics_stage_founders_depth14,pool1h0prd5vcdv6uk7hglztdcqfp5czjqxdydxkxkdhg8rrk22mr4ym,reward_address,stake1uxnspfz5z6n002h8twl4tpwyvz25yw272vderda97lyruksmzkrn6,14,iog,581,1000000000,04365e59fdd2f8a971d8d5c2fde98ebb28c9e81f1dc188e5b84edaaebb42a898
2026-06-11T13:49:08Z,abcde_forensics_stage_founders_depth14,pool1h2vtxz36m93e2dw9mn4luh64372t794qsjcpgt3fqpnycc8qh3z,owner,stake1uxp0j99y8ggxprrduugaupud8vvk5te9eqng7dq345kgw5g8xcgff,12,iog,273,500000000000,901497245b69219ef39e4dc711b074990afff7023f39de83e0fe975ea182315c
2026-06-11T13:49:08Z,abcde_forensics_stage_founders_depth14,pool1h2vtxz36m93e2dw9mn4luh64372t794qsjcpgt3fqpnycc8qh3z,reward_address,stake1uxp0j99y8ggxprrduugaupud8vvk5te9eqng7dq345kgw5g8xcgff,12,iog,273,500000000000,901497245b69219ef39e4dc711b074990afff7023f39de83e0fe975ea182315c
2026-06-11T13:49:08Z,abcde_forensics_stage_founders_depth14,pool1h40kkf28nr3amhs6nsmqn75aderg6cutmygr47czu2dw2dxzvgm,owner,stake1u9x60pne7lksxsqmy9x864t7urpf6zpszljnuf3mzszy3dqyxzcj4,14,iog,308,30000000000,bf6c7421752557a0be5e1a1192aeb60c5e36a191edaa1250f3d8dfbf12c7e018
2026-06-11T13:49:08Z,abcde_forensics_stage_founders_depth14,pool1h44uqhtu5gxh4kkfw3kddjmg4nug4fwnchalj8j04k7vj5kjrnt,owner,stake1u82266dgypvh0vy5s2az6skn74zfqjqaft5tp9q8693j46svlaruk,14,emurgo+iog,218,70000000000,5f1e149472228afdc4be6a486adb0aa75a5f214c83d126f789768c2bb572436a
2026-06-11T13:49:08Z,abcde_forensics_stage_founders_depth14,pool1h44uqhtu5gxh4kkfw3kddjmg4nug4fwnchalj8j04k7vj5kjrnt,reward_address,stake1u82266dgypvh0vy5s2az6skn74zfqjqaft5tp9q8693j46svlaruk,14,emurgo+iog,218,70000000000,5f1e149472228afdc4be6a486adb0aa75a5f214c83d126f789768c2bb572436a
2026-06-11T13:49:08Z,abcde_forensics_stage_founders_depth14,pool1h5368szqrqvfy7txc5r2lyay0xx4fvp2w38mswplqknax8l9wl2,owner,stake1u9keakqylsj040vk20tqjv0tht90hmqfxkxh3fpu05wvr2cwv6s77,14,iog,281,500000000,1617d0e6385691fb840ede93f7d49ac23059b0136cbcf8079a5d0fab8fcdf1a5
2026-06-11T13:49:08Z,abcde_forensics_stage_founders_depth14,pool1h5368szqrqvfy7txc5r2lyay0xx4fvp2w38mswplqknax8l9wl2,reward_address,stake1u9keakqylsj040vk20tqjv0tht90hmqfxkxh3fpu05wvr2cwv6s77,14,iog,281,500000000,1617d0e6385691fb840ede93f7d49ac23059b0136cbcf8079a5d0fab8fcdf1a5
2026-06-11T13:49:08Z,abcde_forensics_stage_founders_depth14,pool1h5uycju7n5puxn2ckfkpza550rf6jk4twr6ef0hsmxft78ajt6q,owner,stake1u9zxp7fg3jwmv42zxv3z3cwww9q0t8zdf2h9vjkcmld5g9q7pmukw,14,iog,236,64000000000000,c06672426bec9d944254d2f0383d14bd6c1e79044d87d03fdd4edfed0a5d67c9
2026-06-11T13:49:08Z,abcde_forensics_stage_founders_depth14,pool1h6l7mhtqqvkgq5hyvkrjrrwddulx7zc6mxlrsezsspymckuuext,owner,stake1u82am4kazrwjgrzfskcy5hx2fkfksdskps4tp8ykaymet3gkff4lw,14,iog,463,1000000,47388f891fdd08d90977a26c9497f8bbc8cf92b3729ebd57c7d1fd03aef82208
2026-06-11T13:49:08Z,abcde_forensics_stage_founders_depth14,pool1h6l7mhtqqvkgq5hyvkrjrrwddulx7zc6mxlrsezsspymckuuext,reward_address,stake1u82am4kazrwjgrzfskcy5hx2fkfksdskps4tp8ykaymet3gkff4lw,14,iog,463,1000000,47388f891fdd08d90977a26c9497f8bbc8cf92b3729ebd57c7d1fd03aef82208
2026-06-11T13:49:08Z,abcde_forensics_stage_founders_depth14,pool1h9jr0f9evk3raxlljq6mt4gj7ej4v82afvnlc2wh28rwy2d8lsy,owner,stake1u9pmj48yj0w3vgswhz0y2m8wgtff3q9pcmy2g9myl6phglcc9sy8n,14,iog,637,10000000000,5118188eb3f93b16610ef6362a0aed2be54f502f6b86d52c9f755b6fdb9d2cf3
2026-06-11T13:49:08Z,abcde_forensics_stage_founders_depth14,pool1hawwpuzc6yzr8sywcql7knurnhkvkr5wtjwccdpvhjexzh9s5d5,owner,stake1uy89veqmaw27er8mxj8hmk53g8g4fz8jjyccultdu54juts9jx0kx,14,iog,257,50000000000,6873bc5b228fa48754cbc88a33a67d6cb7747e26b9c6cef388287c2a4506b0ba
2026-06-11T13:49:08Z,abcde_forensics_stage_founders_depth14,pool1hcjc7d8g0awkledqs4ne8chl4gqmcc57yucexw2pyzll7eq84af,owner,stake1uxrqdl8gpn80jzzy8rnftf7jpjc6r02unzfnw7xsnpvk9pc9329zn,12,emurgo+iog,273,30000000000,085d28e1cde458a1b680279a831d456a400d1d16d6e0d27f842dc505b986feff
2026-06-11T13:49:08Z,abcde_forensics_stage_founders_depth14,pool1hcjc7d8g0awkledqs4ne8chl4gqmcc57yucexw2pyzll7eq84af,reward_address,stake1uxrqdl8gpn80jzzy8rnftf7jpjc6r02unzfnw7xsnpvk9pc9329zn,12,emurgo+iog,273,30000000000,085d28e1cde458a1b680279a831d456a400d1d16d6e0d27f842dc505b986feff
2026-06-11T13:49:08Z,abcde_forensics_stage_founders_depth14,pool1hdk2awe7895dd2nzrfqjasckjflwtly6qpmvx4yttpex7ny236e,owner,stake1u8654qv7y55emglwz426dhsf97ye07z9e3tjmk6sqeuzges6r249v,14,iog,263,2500000000,79abcd8d36f97a7d1767c498e8c6301358e2f13b84ca316fe37c1b1fc36da630
2026-06-11T13:49:08Z,abcde_forensics_stage_founders_depth14,pool1hdk2awe7895dd2nzrfqjasckjflwtly6qpmvx4yttpex7ny236e,reward_address,stake1u8654qv7y55emglwz426dhsf97ye07z9e3tjmk6sqeuzges6r249v,14,iog,263,2500000000,79abcd8d36f97a7d1767c498e8c6301358e2f13b84ca316fe37c1b1fc36da630
2026-06-11T13:49:08Z,abcde_forensics_stage_founders_depth14,pool1he2mzyycwk9hsp8hp2yr0fn808yzrs3xsdm6gr3qvfjm2z58zm4,owner,stake1u9q0d7s3ast4a3hgt8364hp25tgcxj8ahydwcs8vg693sxcpwck85,14,iog,284,0,7013053aa632a8cfd905e96ab173124282630e6dad3dfb982bd651740932ac84
2026-06-11T13:49:08Z,abcde_forensics_stage_founders_depth14,pool1he2mzyycwk9hsp8hp2yr0fn808yzrs3xsdm6gr3qvfjm2z58zm4,owner,stake1uxd4cchpcnrxxrul37rjr3nk5qyzpywjuq66353qppu0rpcpz8tuk,13,iog,284,0,7013053aa632a8cfd905e96ab173124282630e6dad3dfb982bd651740932ac84
2026-06-11T13:49:08Z,abcde_forensics_stage_founders_depth14,pool1he2mzyycwk9hsp8hp2yr0fn808yzrs3xsdm6gr3qvfjm2z58zm4,reward_address,stake1uxd4cchpcnrxxrul37rjr3nk5qyzpywjuq66353qppu0rpcpz8tuk,13,iog,284,0,7013053aa632a8cfd905e96ab173124282630e6dad3dfb982bd651740932ac84
2026-06-11T13:49:08Z,abcde_forensics_stage_founders_depth14,pool1heks0vmxkfka2amg9c8yn8qdsxvgmzelfx6jhpfkj8ht5mn0r2m,owner,stake1uyl02d9u87se6lq5yf3fjrnanl8gsvt0jq4kscpwns7m74q6dfn67,13,iog,634,25000000000,60bd63ce8ae8189930e9680bce2ff40d828b4a6fc42b4b06eddcb43665a43599
2026-06-11T13:49:08Z,abcde_forensics_stage_founders_depth14,pool1helzgcd9sjm9xtyh9mw2wy06gekh6r52s6mx987q0p8lvklwura,owner,stake1u8yc09w435pf6cthn4dh33k39zvtzc2e8z9f8smxtm9fncgz8t6au,13,iog,314,31500000000,10f6a731cb1b8f48255099ef0165a71f92313314cc00edc4b793a5fb8d91da3a
2026-06-11T13:49:08Z,abcde_forensics_stage_founders_depth14,pool1her5uyhxcxeyxws60jrft4kkczc2uxyz3z2sq24582z9kvwsng0,owner,stake1uxrwzzdlp26rj2lzv0kqqpuxjlzv86nefcevp5ssg7kmlqsvkf2k7,11,iog,291,0,13f7ff95f2b50afbaa9e4847d8a99ca0dfec3952852a723b0ce7ff92910fef8c
2026-06-11T13:49:08Z,abcde_forensics_stage_founders_depth14,pool1her5uyhxcxeyxws60jrft4kkczc2uxyz3z2sq24582z9kvwsng0,reward_address,stake1uxrwzzdlp26rj2lzv0kqqpuxjlzv86nefcevp5ssg7kmlqsvkf2k7,11,iog,291,0,13f7ff95f2b50afbaa9e4847d8a99ca0dfec3952852a723b0ce7ff92910fef8c
2026-06-11T13:49:08Z,abcde_forensics_stage_founders_depth14,pool1hjszxsd493fmr99g2d8evnqlrlurscu00n8jv9mz8qm42f7jvln,owner,stake1uxvyp7c6x3mv0rwczd25zve80xxyjzw7uzy8p4xt82uq70cc77tg9,13,emurgo+iog,258,999000000,14ac2db14f6931e9d73735dcfe5a55e3d5360f166076b7988e380ac9e849ba37
2026-06-11T13:49:08Z,abcde_forensics_stage_founders_depth14,pool1hjszxsd493fmr99g2d8evnqlrlurscu00n8jv9mz8qm42f7jvln,reward_address,stake1uxvyp7c6x3mv0rwczd25zve80xxyjzw7uzy8p4xt82uq70cc77tg9,13,emurgo+iog,258,999000000,14ac2db14f6931e9d73735dcfe5a55e3d5360f166076b7988e380ac9e849ba37
2026-06-11T13:49:08Z,abcde_forensics_stage_founders_depth14,pool1hk58eyf4gtm54rx3nl7p236wtm2c68dmg2femcrqg9z6qeajcc9,owner,stake1uyapzuemwvnxf4ad534y7ztt68egd5g0u2exadtvf80s4cgslgqmv,13,iog,283,200000000000,218826863ba38b95adaad714aa5d5f951d2341f5372c7546f6f4f07a49a66ad2
2026-06-11T13:49:08Z,abcde_forensics_stage_founders_depth14,pool1hk58eyf4gtm54rx3nl7p236wtm2c68dmg2femcrqg9z6qeajcc9,reward_address,stake1uyapzuemwvnxf4ad534y7ztt68egd5g0u2exadtvf80s4cgslgqmv,13,iog,283,200000000000,218826863ba38b95adaad714aa5d5f951d2341f5372c7546f6f4f07a49a66ad2
2026-06-11T13:49:08Z,abcde_forensics_stage_founders_depth14,pool1hlmx2f5jk7swklpvpvw0j4vpxzx7zfx6aes72z9g9ff26ycgpjj,owner,stake1uyyxwfcfnx5lvvxn4n7u8c6vlqn4kkg6hsk2n23hjvz3ezc48ez56,13,iog,232,100000000,573ad61a7f2931ff004524793da9e318c211a1fedd4284f6544ee466725d0064
2026-06-11T13:49:08Z,abcde_forensics_stage_founders_depth14,pool1hlmx2f5jk7swklpvpvw0j4vpxzx7zfx6aes72z9g9ff26ycgpjj,reward_address,stake1uyyxwfcfnx5lvvxn4n7u8c6vlqn4kkg6hsk2n23hjvz3ezc48ez56,13,iog,232,100000000,573ad61a7f2931ff004524793da9e318c211a1fedd4284f6544ee466725d0064
2026-06-11T13:49:08Z,abcde_forensics_stage_founders_depth14,pool1hm44a7vgy9l48ayf3r5klzl3z75we44awpq92feuj8ufyfd5ds6,owner,stake1u8sfym7vdmgw9hf35k9alk6xuxvgc0085ngw75at4py5r6cq9nqhe,13,iog,254,5000000000,b6f21347c746062a801a7a29dbb7e98073844a5aff472650bf64a44b78e51adc
2026-06-11T13:49:08Z,abcde_forensics_stage_founders_depth14,pool1hm44a7vgy9l48ayf3r5klzl3z75we44awpq92feuj8ufyfd5ds6,reward_address,stake1u8sfym7vdmgw9hf35k9alk6xuxvgc0085ngw75at4py5r6cq9nqhe,13,iog,254,5000000000,b6f21347c746062a801a7a29dbb7e98073844a5aff472650bf64a44b78e51adc
2026-06-11T13:49:08Z,abcde_forensics_stage_founders_depth14,pool1hnp560z9e5acwux8tjguxq36j9r255zuf02u7z2d46dvcf5zhns,owner,stake1u9286yg5sx3pz60sm3aq5s29svrzg34fff7884mzen5jw8s0r8qn5,14,emurgo,448,333333333333,6bdbcd7e94bc48cb78332500fb9760e894165852eb3ce58768e068386aeb8c19
2026-06-11T13:49:08Z,abcde_forensics_stage_founders_depth14,pool1hnp560z9e5acwux8tjguxq36j9r255zuf02u7z2d46dvcf5zhns,reward_address,stake1u9286yg5sx3pz60sm3aq5s29svrzg34fff7884mzen5jw8s0r8qn5,14,emurgo,448,333333333333,6bdbcd7e94bc48cb78332500fb9760e894165852eb3ce58768e068386aeb8c19
2026-06-11T13:49:08Z,abcde_forensics_stage_founders_depth14,pool1hr7pgag6z3sqxrzss6vh28j2d5qgrz884had2p4kuu97uazn2de,owner,stake1ux57agr5zvu63s47l4l5jx9jyrjgyp69vewrzv33s7r3t5gcv2f8t,13,iog,265,1000000000,1ad624d51a664c384e7eb0a28cae51707b5c94e1e8ec8d6b28a70d3d7f22e537
2026-06-11T13:49:08Z,abcde_forensics_stage_founders_depth14,pool1hr7pgag6z3sqxrzss6vh28j2d5qgrz884had2p4kuu97uazn2de,owner,stake1uxt6cmycdxcw5m4gf3sy2kte2jjulh7lhlm2uhd43nlwvxsez8hxc,14,iog,265,1000000000,1ad624d51a664c384e7eb0a28cae51707b5c94e1e8ec8d6b28a70d3d7f22e537
2026-06-11T13:49:08Z,abcde_forensics_stage_founders_depth14,pool1hr7pgag6z3sqxrzss6vh28j2d5qgrz884had2p4kuu97uazn2de,reward_address,stake1uxt6cmycdxcw5m4gf3sy2kte2jjulh7lhlm2uhd43nlwvxsez8hxc,14,iog,265,1000000000,1ad624d51a664c384e7eb0a28cae51707b5c94e1e8ec8d6b28a70d3d7f22e537
2026-06-11T13:49:08Z,abcde_forensics_stage_founders_depth14,pool1hrfv7z55k4m2q6ghemu56r3zkw7dt5wd5xay5yw7an7p7aw33ac,owner,stake1u9ugz54klca9xqe7nhmdpp23dsp95gkw8snk94gl2rwpdpqcvyze0,14,iog,532,1000000000,4c733cc0647521eb7fec644e3fc0c136c9880b6b841babf6840badeb543c629e
2026-06-11T13:49:08Z,abcde_forensics_stage_founders_depth14,pool1hrfv7z55k4m2q6ghemu56r3zkw7dt5wd5xay5yw7an7p7aw33ac,reward_address,stake1u9ugz54klca9xqe7nhmdpp23dsp95gkw8snk94gl2rwpdpqcvyze0,14,iog,532,1000000000,4c733cc0647521eb7fec644e3fc0c136c9880b6b841babf6840badeb543c629e
2026-06-11T13:49:08Z,abcde_forensics_stage_founders_depth14,pool1hrv8gtrm0dgjg6zyss5uwa4nkruzfnh5vrdkr2sayj7x2nw6mjc,owner,stake1uyzygt0tcah2zrnqp37j3v9n8l969dp237w88h34p767e9c7y2dvd,13,iog,431,100000000000,eb3893a5999d9c452e45a94681ca8a4cbd82bb55cdfdba1f78011466df1a9ef1
2026-06-11T13:49:08Z,abcde_forensics_stage_founders_depth14,pool1hrv8gtrm0dgjg6zyss5uwa4nkruzfnh5vrdkr2sayj7x2nw6mjc,reward_address,stake1uyzygt0tcah2zrnqp37j3v9n8l969dp237w88h34p767e9c7y2dvd,13,iog,431,100000000000,eb3893a5999d9c452e45a94681ca8a4cbd82bb55cdfdba1f78011466df1a9ef1
2026-06-11T13:49:08Z,abcde_forensics_stage_founders_depth14,pool1hty4gkjyf0rgdzvxjwfpf3406d6s9xc56gksx2u9lxsz6yyeswm,owner,stake1u9r4v9ee7rggytemg5myj5l4rex0akrdxrjxv38v4ve07yq7wvlt0,14,iog,288,11500000000,eb68ac51737def4004ce814805835db9cb12d1517f9c84b1d55b1c6c8f4f28e2
2026-06-11T13:49:08Z,abcde_forensics_stage_founders_depth14,pool1hty4gkjyf0rgdzvxjwfpf3406d6s9xc56gksx2u9lxsz6yyeswm,reward_address,stake1u9r4v9ee7rggytemg5myj5l4rex0akrdxrjxv38v4ve07yq7wvlt0,14,iog,288,11500000000,eb68ac51737def4004ce814805835db9cb12d1517f9c84b1d55b1c6c8f4f28e2
2026-06-11T13:49:08Z,abcde_forensics_stage_founders_depth14,pool1hv3kxx8fl60hkt3g0hfc37wt6vkt9cl26szxsnrjpjgmv3f247v,owner,stake1u8auw4p3pzz3kxzttu8axyqchedysfgc7dlkhdp6ar09e9g7jq0dl,13,iog,262,50000000000,6218d1ef8366da7317fdbe7241cd9bf719a64299df58cfc79fed4b3998dfdc3c
2026-06-11T13:49:08Z,abcde_forensics_stage_founders_depth14,pool1hv3kxx8fl60hkt3g0hfc37wt6vkt9cl26szxsnrjpjgmv3f247v,owner,stake1u8nrzya4vwf62t6y3gx68kl4m3975hcn9kk40egyexvj2tstj5vzn,14,iog,262,50000000000,6218d1ef8366da7317fdbe7241cd9bf719a64299df58cfc79fed4b3998dfdc3c
2026-06-11T13:49:08Z,abcde_forensics_stage_founders_depth14,pool1hv3kxx8fl60hkt3g0hfc37wt6vkt9cl26szxsnrjpjgmv3f247v,owner,stake1u94xct6vjtvhp25nqy6l7lsnvuv7hmtktsf7gw798h768pshzxet4,13,iog,262,50000000000,6218d1ef8366da7317fdbe7241cd9bf719a64299df58cfc79fed4b3998dfdc3c
2026-06-11T13:49:08Z,abcde_forensics_stage_founders_depth14,pool1hv3kxx8fl60hkt3g0hfc37wt6vkt9cl26szxsnrjpjgmv3f247v,owner,stake1u9mqlahuw7lz6r962k25rvnu9wrdlm59p9ftf78d37n0fsqulzska,14,iog,262,50000000000,6218d1ef8366da7317fdbe7241cd9bf719a64299df58cfc79fed4b3998dfdc3c
2026-06-11T13:49:08Z,abcde_forensics_stage_founders_depth14,pool1hv3kxx8fl60hkt3g0hfc37wt6vkt9cl26szxsnrjpjgmv3f247v,owner,stake1u9v8esdyretnqv79xx0kef9dun0azc648yn4024mez68gcc8zy2xf,13,iog,262,50000000000,6218d1ef8366da7317fdbe7241cd9bf719a64299df58cfc79fed4b3998dfdc3c
2026-06-11T13:49:08Z,abcde_forensics_stage_founders_depth14,pool1hv3kxx8fl60hkt3g0hfc37wt6vkt9cl26szxsnrjpjgmv3f247v,owner,stake1ux8psj3d3mey3ncw8lxtq7ws9qsllceyncelt9uyevps2gg3k3c2l,12,iog,262,50000000000,6218d1ef8366da7317fdbe7241cd9bf719a64299df58cfc79fed4b3998dfdc3c
2026-06-11T13:49:08Z,abcde_forensics_stage_founders_depth14,pool1hvevy8qu5lwg7ul66xmzvwv8zwdgdradsg9ncvrflm7dvy407e0,owner,stake1uxwpe8y3m635rur4xu6t63a0zz5d9nxwnh6wkxsasmvz5qs5wtzcl,13,iog,629,72000000000,3e46eada17b8822f8fca77b778d60f911021af5563571cb51bd8008a3852f9a9
2026-06-11T13:49:08Z,abcde_forensics_stage_founders_depth14,pool1hwlghkwnjsjk8370qt3dvp23d7urwm36f95fmxcz3np2kghknj9,owner,stake1uy5v9ndlnn3c39arguskgujz0mqkdx3299s68ku3u6le72ch7e76j,12,cf+iog,605,500000000,3f94b5b7e41bdfff9f116ec43df7a0fde4b34ec6ab6355e223382d8d24eaccd3
2026-06-11T13:49:08Z,abcde_forensics_stage_founders_depth14,pool1hy28g3gywvf25yu6xvfepwa8zhhtkk83kekfdenqujycvqjc96g,owner,stake1uy3ruks79rm95vpvx6rc24f9l8slue59jj07x9sr8sexpkq7z003k,14,iog,302,20000000000,660eec8c94a97d681e47781cd56ec2404466f6e5c6abbd8d6354b35c75df0821
2026-06-11T13:49:08Z,abcde_forensics_stage_founders_depth14,pool1hy28g3gywvf25yu6xvfepwa8zhhtkk83kekfdenqujycvqjc96g,reward_address,stake1uy3ruks79rm95vpvx6rc24f9l8slue59jj07x9sr8sexpkq7z003k,14,iog,302,20000000000,660eec8c94a97d681e47781cd56ec2404466f6e5c6abbd8d6354b35c75df0821
2026-06-11T13:49:08Z,abcde_forensics_stage_founders_depth14,pool1hzrq7kk6qrjap8jtgfexvfdzpsn2kjgfd8275xmwap5mxxuhkv8,owner,stake1uymh8hfku60636vsxxk383g6vxwswwgw62cul7fz8xcnheseurrm8,14,iog,256,100000000,240a5a8a0425cfb3f9e7e85ab9c197bfdcc8567a4bdf713544e5edd48f8c9f69
2026-06-11T13:49:08Z,abcde_forensics_stage_founders_depth14,pool1hzrq7kk6qrjap8jtgfexvfdzpsn2kjgfd8275xmwap5mxxuhkv8,reward_address,stake1uymh8hfku60636vsxxk383g6vxwswwgw62cul7fz8xcnheseurrm8,14,iog,256,100000000,240a5a8a0425cfb3f9e7e85ab9c197bfdcc8567a4bdf713544e5edd48f8c9f69
2026-06-11T13:49:08Z,abcde_forensics_stage_founders_depth14,pool1j099ctc7kcc9fa78dz5qwsy2g0n96lrgletwxvxmyzh4zd7ck0j,owner,stake1uyyd27457e68zkc9zh5w2jjw904vfrh30unar3x8zuaz3dgvvvazz,14,iog,636,10000000000,2321bee5e23929860b9dd7b17fabfec679e75fb2a61c521ba2bc0ad894c8c0fd
2026-06-11T13:49:08Z,abcde_forensics_stage_founders_depth14,pool1j099ctc7kcc9fa78dz5qwsy2g0n96lrgletwxvxmyzh4zd7ck0j,reward_address,stake1uyyd27457e68zkc9zh5w2jjw904vfrh30unar3x8zuaz3dgvvvazz,14,iog,636,10000000000,2321bee5e23929860b9dd7b17fabfec679e75fb2a61c521ba2bc0ad894c8c0fd
2026-06-11T13:49:08Z,abcde_forensics_stage_founders_depth14,pool1j22mzxf5x4gw9zltvey3g9nw2d99skasjcm0xl2mtesk54ffy77,owner,stake1uyra6e05ddvtgs6eth2dff3p8vhguzwa4r0fpjxvmmq0m5c6cqner,13,iog,296,200000000,0377780cbbc7703af9150458cfcd817849ad6829f890816eeeb1f4a9e14ee097
2026-06-11T13:49:08Z,abcde_forensics_stage_founders_depth14,pool1j22mzxf5x4gw9zltvey3g9nw2d99skasjcm0xl2mtesk54ffy77,reward_address,stake1uyra6e05ddvtgs6eth2dff3p8vhguzwa4r0fpjxvmmq0m5c6cqner,13,iog,296,200000000,0377780cbbc7703af9150458cfcd817849ad6829f890816eeeb1f4a9e14ee097
2026-06-11T13:49:08Z,abcde_forensics_stage_founders_depth14,pool1j2g7nwksj60fszcz6pxsf2hyzny9ch673en08xjlx05jwxeh2uz,owner,stake1uyujxh3tzmu22mty853vj8dxxmfr2uefwjpkf062u73ws0c7zd8uk,14,iog,259,21000000000,b44cef765f9079c24b8f36368e666dc3e4ee0d6674eb7b47d92f57ac4236d98c
2026-06-11T13:49:08Z,abcde_forensics_stage_founders_depth14,pool1j2g7nwksj60fszcz6pxsf2hyzny9ch673en08xjlx05jwxeh2uz,reward_address,stake1uyujxh3tzmu22mty853vj8dxxmfr2uefwjpkf062u73ws0c7zd8uk,14,iog,259,21000000000,b44cef765f9079c24b8f36368e666dc3e4ee0d6674eb7b47d92f57ac4236d98c
2026-06-11T13:49:08Z,abcde_forensics_stage_founders_depth14,pool1j5ukjmhn96jslmcd6k3ymj3vnjf3wpjn9sarhk7m7vtkv7ll2w3,owner,stake1ux9edupcnavcmn74uypes0pnkeegh898n9vgfa44l7m2upchas4rg,13,emurgo+iog,314,15000000000,a29b39ad0b46a6766f8d8dd1c3a9edb36db82924ab9da0db5a7ed0f25d58dfea
2026-06-11T13:49:08Z,abcde_forensics_stage_founders_depth14,pool1j5ukjmhn96jslmcd6k3ymj3vnjf3wpjn9sarhk7m7vtkv7ll2w3,owner,stake1uxme3fr0xcn6nynztvafjctndy87geg5l5yakwwc0vg455cfl8g2l,14,iog,314,15000000000,a29b39ad0b46a6766f8d8dd1c3a9edb36db82924ab9da0db5a7ed0f25d58dfea
2026-06-11T13:49:08Z,abcde_forensics_stage_founders_depth14,pool1j5ukjmhn96jslmcd6k3ymj3vnjf3wpjn9sarhk7m7vtkv7ll2w3,reward_address,stake1ux9edupcnavcmn74uypes0pnkeegh898n9vgfa44l7m2upchas4rg,13,emurgo+iog,314,15000000000,a29b39ad0b46a6766f8d8dd1c3a9edb36db82924ab9da0db5a7ed0f25d58dfea
2026-06-11T13:49:08Z,abcde_forensics_stage_founders_depth14,pool1j5x3rnkyfypazdeqxntnwq8czupw9lvt2303ad6dcnvv6pk7dqz,owner,stake1u87a6mwhfea02pxucx3huhtw9rzxlxeh2ryecqrjj5y79qqfhzrhw,13,emurgo+iog,263,485000000,65e7d895ee899eaa68610cc658ea6fb0b8460f5b4671a74053833a2040eafd91
2026-06-11T13:49:08Z,abcde_forensics_stage_founders_depth14,pool1j5x3rnkyfypazdeqxntnwq8czupw9lvt2303ad6dcnvv6pk7dqz,reward_address,stake1u87a6mwhfea02pxucx3huhtw9rzxlxeh2ryecqrjj5y79qqfhzrhw,13,emurgo+iog,263,485000000,65e7d895ee899eaa68610cc658ea6fb0b8460f5b4671a74053833a2040eafd91
2026-06-11T13:49:08Z,abcde_forensics_stage_founders_depth14,pool1j6490a90qefvsqxdurf99z9ld50rtthaz9ms6c8xh78s52veuq2,owner,stake1u9uzlw7ly545kh2ejnghfcd42xm70hd2a5ev8eu8msm6r7gyaxsmf,14,iog,394,25000000000,56423e71f06c42863ce79b326323ae445b8f44ed704df4d4cff0b56c8caf0488
2026-06-11T13:49:08Z,abcde_forensics_stage_founders_depth14,pool1j6490a90qefvsqxdurf99z9ld50rtthaz9ms6c8xh78s52veuq2,reward_address,stake1u9uzlw7ly545kh2ejnghfcd42xm70hd2a5ev8eu8msm6r7gyaxsmf,14,iog,394,25000000000,56423e71f06c42863ce79b326323ae445b8f44ed704df4d4cff0b56c8caf0488
2026-06-11T13:49:08Z,abcde_forensics_stage_founders_depth14,pool1j6tg3rvq9kkmdj5jh73c6fjgkst9gfsnhpwdn49h8s47syr5qlt,owner,stake1uys7lz3q39kdg3utu7qe62nd3yxpj2fgt8tcs7tcvkcfawgjsw8uv,13,iog,257,5000000000,53bf465df77b158462863006b921dc6d93cac1e8faf44e5dc22aefd873116ebe
2026-06-11T13:49:08Z,abcde_forensics_stage_founders_depth14,pool1j6tg3rvq9kkmdj5jh73c6fjgkst9gfsnhpwdn49h8s47syr5qlt,reward_address,stake1uys7lz3q39kdg3utu7qe62nd3yxpj2fgt8tcs7tcvkcfawgjsw8uv,13,iog,257,5000000000,53bf465df77b158462863006b921dc6d93cac1e8faf44e5dc22aefd873116ebe
2026-06-11T13:49:08Z,abcde_forensics_stage_founders_depth14,pool1j74j54cx4u7pu629hs7tes6d3ffm8hnc8zes2shf7m8q6x0j5pk,owner,stake1u8nzzwqdyn4dnw37grzxl24p04wn5wkec6t8q3cgkvnvspq3zu8aq,14,iog,272,12000000000,8a6455177eed1f7200c965afaad8225b9f52f43555f278eb7fbeeef7bac78085
2026-06-11T13:49:08Z,abcde_forensics_stage_founders_depth14,pool1j74j54cx4u7pu629hs7tes6d3ffm8hnc8zes2shf7m8q6x0j5pk,reward_address,stake1u8nzzwqdyn4dnw37grzxl24p04wn5wkec6t8q3cgkvnvspq3zu8aq,14,iog,272,12000000000,8a6455177eed1f7200c965afaad8225b9f52f43555f278eb7fbeeef7bac78085
2026-06-11T13:49:08Z,abcde_forensics_stage_founders_depth14,pool1j7jm6u26pcm8sk5xl7ek0a9w983d673q4h374w589m9av30tp8p,owner,stake1u8p5y37k27rp0u9shrpjlf5ymdaazcszt65spft3zuftqzgl0jdjk,14,iog,254,200000000,ac8f687470dbc1cd39b87cd111679d5bb8685cb7bc8070a7861b1021ce86c531
2026-06-11T13:49:08Z,abcde_forensics_stage_founders_depth14,pool1j7jm6u26pcm8sk5xl7ek0a9w983d673q4h374w589m9av30tp8p,reward_address,stake1u8p5y37k27rp0u9shrpjlf5ymdaazcszt65spft3zuftqzgl0jdjk,14,iog,254,200000000,ac8f687470dbc1cd39b87cd111679d5bb8685cb7bc8070a7861b1021ce86c531
2026-06-11T13:49:08Z,abcde_forensics_stage_founders_depth14,pool1j7sphrhrqtlj32k3alhnnnp3pfxq0n6mwels9ysnfaw563wpue7,owner,stake1u9mr2tcd7h77cpwg6m2yrnghhha4x6as8zkapts2tzad9ysfu7xzq,14,iog,348,10000000000,36850b335b1e16abef6a5bcffd5024290421b925fd5483b4e8bd108a3b784c4a
2026-06-11T13:49:08Z,abcde_forensics_stage_founders_depth14,pool1jc24u7v5xsaw9dw6s0vftjat8ssc8ru4c0uhrj8zpm3usnrp03t,owner,stake1u9y58cjtdajp5y7xu3wkecjeaauffpfza5ndv9xjegsvazs54qwvr,14,iog,269,3000000000,01ec1291d24577bc58c45f8bb2434ac16b931af4ae2438ff97ce80349626aa65
2026-06-11T13:49:08Z,abcde_forensics_stage_founders_depth14,pool1jc24u7v5xsaw9dw6s0vftjat8ssc8ru4c0uhrj8zpm3usnrp03t,reward_address,stake1u9y58cjtdajp5y7xu3wkecjeaauffpfza5ndv9xjegsvazs54qwvr,14,iog,269,3000000000,01ec1291d24577bc58c45f8bb2434ac16b931af4ae2438ff97ce80349626aa65
2026-06-11T13:49:08Z,abcde_forensics_stage_founders_depth14,pool1jdeg5kn8m77t873vufp9hty99fl0f3huvf8uzylk2ydz50l6a22,owner,stake1u870s47penuc50vz4e9h7mxgmfze664xk7alc8ap96kn4jstvh9cd,14,iog,352,1000000000,85fdb735ea74cf05478f5c759595ba80479798a3ab6b9ce7c2c67f62a1b3bf62
2026-06-11T13:49:08Z,abcde_forensics_stage_founders_depth14,pool1jdeg5kn8m77t873vufp9hty99fl0f3huvf8uzylk2ydz50l6a22,owner,stake1u9pjxhg6vwmfwra8twmh3htk527ulwq77q09yc3sxljud3qc7u842,13,iog,352,1000000000,85fdb735ea74cf05478f5c759595ba80479798a3ab6b9ce7c2c67f62a1b3bf62
2026-06-11T13:49:08Z,abcde_forensics_stage_founders_depth14,pool1jdeg5kn8m77t873vufp9hty99fl0f3huvf8uzylk2ydz50l6a22,reward_address,stake1u9pjxhg6vwmfwra8twmh3htk527ulwq77q09yc3sxljud3qc7u842,13,iog,352,1000000000,85fdb735ea74cf05478f5c759595ba80479798a3ab6b9ce7c2c67f62a1b3bf62
2026-06-11T13:49:08Z,abcde_forensics_stage_founders_depth14,pool1jdhjfcu34lq88rypdtslzwyf27uh0h3apcr9mjd68zhc69r29fy,reward_address,stake1uxcmc9r2t7cxs0zw8qm8ztg3twvxryzghsc8eszek6kuwms23gya4,12,iog,382,1000000000,c19eaeaa24f5cb49dafcc3faea1a3d50b735e62d73c73bead4dba0a1c204df6b
2026-06-11T13:49:08Z,abcde_forensics_stage_founders_depth14,pool1jfpqnr6yepr8g7pvnws7y4wyp0sy543gzypm8zds4dv7szaf9ll,owner,stake1u8mfhvq9twhy50ulc7p3eqw9eywtg8qktjyla98ud3ugcqcrg3luj,14,iog,276,25000000000,ddb85c336523a818f548bd58dbc75786da95b74b6a875eee6383ebc6457e9bb7
2026-06-11T13:49:08Z,abcde_forensics_stage_founders_depth14,pool1jfpqnr6yepr8g7pvnws7y4wyp0sy543gzypm8zds4dv7szaf9ll,reward_address,stake1u8mfhvq9twhy50ulc7p3eqw9eywtg8qktjyla98ud3ugcqcrg3luj,14,iog,276,25000000000,ddb85c336523a818f548bd58dbc75786da95b74b6a875eee6383ebc6457e9bb7
2026-06-11T13:49:08Z,abcde_forensics_stage_founders_depth14,pool1jg3fmnmc9n52sgzslhhvhye5e3xeqmrwkekdhh82sma47r47zg0,reward_address,stake1uxcmc9r2t7cxs0zw8qm8ztg3twvxryzghsc8eszek6kuwms23gya4,12,iog,382,1000000000,40d20de48730600111bd3d4e5fb24ac9acf8f439526dddd2885002face0482a5
2026-06-11T13:49:08Z,abcde_forensics_stage_founders_depth14,pool1jhha6ga8v3lkewvvc46gnfj6dg262gywdzvtnaj8axr52rcju02,owner,stake1uy7ytvrqpstjw6hqw5la036eef7400g2x8snkh60y66m8dqdc5prp,14,iog,254,150000000,8c5550e1d9d7e54b9e2ea86f18e00c2d095a0253c586dae23006b510e78e8b96
2026-06-11T13:49:08Z,abcde_forensics_stage_founders_depth14,pool1jhha6ga8v3lkewvvc46gnfj6dg262gywdzvtnaj8axr52rcju02,reward_address,stake1uy7ytvrqpstjw6hqw5la036eef7400g2x8snkh60y66m8dqdc5prp,14,iog,254,150000000,8c5550e1d9d7e54b9e2ea86f18e00c2d095a0253c586dae23006b510e78e8b96
2026-06-11T13:49:08Z,abcde_forensics_stage_founders_depth14,pool1jhsmrkkusdut92nrnywg2adgmyu74xrcky93hgm6k5lqvlvkr26,owner,stake1ux7mplg4jnlnpe4vyguvkfq7erfh65ltq94t9r3p46yp23gfth4yw,14,iog,251,50000000,cf909b9d41f2e6474dc2307829131356b5b2071a0d25542bf567e34a1a795132
2026-06-11T13:49:08Z,abcde_forensics_stage_founders_depth14,pool1jhsmrkkusdut92nrnywg2adgmyu74xrcky93hgm6k5lqvlvkr26,reward_address,stake1ux7mplg4jnlnpe4vyguvkfq7erfh65ltq94t9r3p46yp23gfth4yw,14,iog,251,50000000,cf909b9d41f2e6474dc2307829131356b5b2071a0d25542bf567e34a1a795132
2026-06-11T13:49:08Z,abcde_forensics_stage_founders_depth14,pool1jhzf2mm6zdlhl6w89uhgx8nq8p6ykcc86qq58vjy0ejyxrrksfj,owner,stake1u98smhcptv87gtky8h4429g65sy0gglas52dljf7j5wnapq6d0m0a,14,cf,633,10000000,a3fa2fa2b988ce51b91948f4cb0e62ac01f48bbc2ce4f6eb675176996e1b3767
2026-06-11T13:49:08Z,abcde_forensics_stage_founders_depth14,pool1jhzf2mm6zdlhl6w89uhgx8nq8p6ykcc86qq58vjy0ejyxrrksfj,reward_address,stake1u98smhcptv87gtky8h4429g65sy0gglas52dljf7j5wnapq6d0m0a,14,cf,633,10000000,a3fa2fa2b988ce51b91948f4cb0e62ac01f48bbc2ce4f6eb675176996e1b3767
2026-06-11T13:49:08Z,abcde_forensics_stage_founders_depth14,pool1jjry6f6q0swaq457ft9eclaxaskvrxnpj0v3w8edsyfryml3vj6,owner,stake1uylzm73cvp6hzv8dne9949asdzukryv6h3w0atzrhsrhvrshq2lpz,14,iog,617,50000000000,8bcf5c61cfa0c9167dfcd0678a85d7f0af6bf632d082a45dc65dddc4570f1665
2026-06-11T13:49:08Z,abcde_forensics_stage_founders_depth14,pool1jmg0vmtnwzvk6zsle8rcs282slcyumq5pcl8vj0ek2mk5t2lvf3,owner,stake1u9433gemauwe2k3mhdyje2fawamcfwup35dw3n4h2ewjyyquzlyak,14,iog,269,35000000000,0985c7f36580e097484b45b45da0e5c5277f1faa4fb0340e07e52c9d1b3c74d4
2026-06-11T13:49:08Z,abcde_forensics_stage_founders_depth14,pool1jmg0vmtnwzvk6zsle8rcs282slcyumq5pcl8vj0ek2mk5t2lvf3,reward_address,stake1u9433gemauwe2k3mhdyje2fawamcfwup35dw3n4h2ewjyyquzlyak,14,iog,269,35000000000,0985c7f36580e097484b45b45da0e5c5277f1faa4fb0340e07e52c9d1b3c74d4
2026-06-11T13:49:08Z,abcde_forensics_stage_founders_depth14,pool1jp2jxrx93vdvduaha2re6c67gkj0972s98kgq9ksp5evqn00tpp,owner,stake1u9g2agdy5awqx8k9ma9jegg9nejklss7pvaam7236q2886gf47ck8,12,iog,250,500000000,712f45305d8889812ba8d42b41651daa0dfe5cfcb05b3ac81166766092edbd93
2026-06-11T13:49:08Z,abcde_forensics_stage_founders_depth14,pool1jp2jxrx93vdvduaha2re6c67gkj0972s98kgq9ksp5evqn00tpp,reward_address,stake1u9g2agdy5awqx8k9ma9jegg9nejklss7pvaam7236q2886gf47ck8,12,iog,250,500000000,712f45305d8889812ba8d42b41651daa0dfe5cfcb05b3ac81166766092edbd93
2026-06-11T13:49:08Z,abcde_forensics_stage_founders_depth14,pool1jp3wtdhgpeu6qf53upw5rupaqwtl7pzvcuuyyn0f8u3xgx5755y,owner,stake1u86sdetqednmsxcc48a7ewtu8u8g7af9xrc8kh4efdzedlc5nxkfz,13,iog,330,25000000000,bb401d3d18543ba0ece3d85fdc093788aa8e63ee3c0b5b8ae8d1fd0cc03ed4c4
2026-06-11T13:49:08Z,abcde_forensics_stage_founders_depth14,pool1jp3wtdhgpeu6qf53upw5rupaqwtl7pzvcuuyyn0f8u3xgx5755y,reward_address,stake1u86sdetqednmsxcc48a7ewtu8u8g7af9xrc8kh4efdzedlc5nxkfz,13,iog,330,25000000000,bb401d3d18543ba0ece3d85fdc093788aa8e63ee3c0b5b8ae8d1fd0cc03ed4c4
2026-06-11T13:49:08Z,abcde_forensics_stage_founders_depth14,pool1jpsuu8gchpv0zx4vvf49es2da4u0qnth3pvx6w6us469k62qw47,owner,stake1u9u0sp54u7ghs8ej8x444xe7l0rt6aux6sfncw6d8k4m4jqhf6hnx,14,iog,260,500000000,6e9ff39ecda91b8dc91bde315cab58f5f4815cb64bbf037e3fbe0b14974e1ccb
2026-06-11T13:49:08Z,abcde_forensics_stage_founders_depth14,pool1jpsuu8gchpv0zx4vvf49es2da4u0qnth3pvx6w6us469k62qw47,reward_address,stake1u9u0sp54u7ghs8ej8x444xe7l0rt6aux6sfncw6d8k4m4jqhf6hnx,14,iog,260,500000000,6e9ff39ecda91b8dc91bde315cab58f5f4815cb64bbf037e3fbe0b14974e1ccb
2026-06-11T13:49:08Z,abcde_forensics_stage_founders_depth14,pool1jpz5m45ff4r6tnq7n5tw63fkhpmw3cyv8sn569w24x8lj3kl68c,owner,stake1uydv63zje7h7g20gru3tfure57duw3lfelm2lc5x6u5rxpq8qcm3m,12,iog,461,10000000000,6c6a75a847ea9a794563ebbfe6bac4a4825c5f27ae909cd8853c9b15047bad7a
2026-06-11T13:49:08Z,abcde_forensics_stage_founders_depth14,pool1jq3s8emkm332n7vd3n57amjzspvt3hygh4wqsyp33psugvw7zc0,owner,stake1u9vzelztvr6uefxtkhzyvku4v33rgfs45eu0k9jdlux9jegs7fvzx,14,emurgo,267,500000000,e8188558bde7f5fd53aad03078d7a39b45395eecb3e5342fb4bda58a5f3f8e9e
2026-06-11T13:49:08Z,abcde_forensics_stage_founders_depth14,pool1jqdvgk0csfnwftkzn6vyz7fq8s3606uu6k7wa9xrn0jpzg4r304,owner,stake1u9d602tpqvhw8eh0xf3540tu6c4fwprtasrtfj3f4u8aacg46ua9l,14,iog,250,25000000000,07266170c6b26bb1622d8f4901f36d05e5c76dee2d3b68e40f46bec7d094ec11
2026-06-11T13:49:08Z,abcde_forensics_stage_founders_depth14,pool1jqdvgk0csfnwftkzn6vyz7fq8s3606uu6k7wa9xrn0jpzg4r304,reward_address,stake1u9d602tpqvhw8eh0xf3540tu6c4fwprtasrtfj3f4u8aacg46ua9l,14,iog,250,25000000000,07266170c6b26bb1622d8f4901f36d05e5c76dee2d3b68e40f46bec7d094ec11
2026-06-11T13:49:08Z,abcde_forensics_stage_founders_depth14,pool1jqxp8hn0ywdrg3clzha9c2u7qh3zsh68u55wh50vdmecupc5rxs,owner,stake1uxr6gt6wpjez6hldd75c5dj5sla76yu9h8lnkzejk46se6cvlzjw2,14,iog,262,2000000000,08700b1a509e72a15663d108141dd7970111e492dd48fc722b3b50c24de27605
2026-06-11T13:49:08Z,abcde_forensics_stage_founders_depth14,pool1jqxp8hn0ywdrg3clzha9c2u7qh3zsh68u55wh50vdmecupc5rxs,reward_address,stake1uxr6gt6wpjez6hldd75c5dj5sla76yu9h8lnkzejk46se6cvlzjw2,14,iog,262,2000000000,08700b1a509e72a15663d108141dd7970111e492dd48fc722b3b50c24de27605
2026-06-11T13:49:08Z,abcde_forensics_stage_founders_depth14,pool1jrst9acplgqk95469zu68xv5xj802lqxe682jjsd39z26ddj8ur,owner,stake1u8ytmq352w0qscmxrfz3kpwpxufvvaamtuls9sd9ny6nvusn53mee,12,iog,261,8000000000,382fa7430cbc7c07b65184dd917bb1265391d484e9157cb469cd7fa952d8f5a6
2026-06-11T13:49:08Z,abcde_forensics_stage_founders_depth14,pool1jrst9acplgqk95469zu68xv5xj802lqxe682jjsd39z26ddj8ur,reward_address,stake1u8ytmq352w0qscmxrfz3kpwpxufvvaamtuls9sd9ny6nvusn53mee,12,iog,261,8000000000,382fa7430cbc7c07b65184dd917bb1265391d484e9157cb469cd7fa952d8f5a6
2026-06-11T13:49:08Z,abcde_forensics_stage_founders_depth14,pool1js763t3yw63ffsxqpume8974z03hdlm4nddnezhfla6dskln37v,owner,stake1u8n7evdn92ptcrsnassalau3kf8pa68p28ynhdmu327qj0c5j3z5z,12,emurgo+iog,219,14000000000,eafc1a784ac4eb9c4287c75c50650b24fdcbeb82d8902ae2a741bdf86edb34d7
2026-06-11T13:49:08Z,abcde_forensics_stage_founders_depth14,pool1js763t3yw63ffsxqpume8974z03hdlm4nddnezhfla6dskln37v,reward_address,stake1u8n7evdn92ptcrsnassalau3kf8pa68p28ynhdmu327qj0c5j3z5z,12,emurgo+iog,219,14000000000,eafc1a784ac4eb9c4287c75c50650b24fdcbeb82d8902ae2a741bdf86edb34d7
2026-06-11T13:49:08Z,abcde_forensics_stage_founders_depth14,pool1jteau4duu849z6udwkam2jzppe2zd3lwlyp05r37lguj2c2v8hy,owner,stake1uxxvf0vzl96dstwv6njd7rmaka899czw76u092kcfefgmwgqresp5,13,iog,262,1000000000,40083453457702faf79ec3d1205985e7d6aa7a311b14fa545a9e1a90289fdddb
2026-06-11T13:49:08Z,abcde_forensics_stage_founders_depth14,pool1jteau4duu849z6udwkam2jzppe2zd3lwlyp05r37lguj2c2v8hy,reward_address,stake1uxxvf0vzl96dstwv6njd7rmaka899czw76u092kcfefgmwgqresp5,13,iog,262,1000000000,40083453457702faf79ec3d1205985e7d6aa7a311b14fa545a9e1a90289fdddb
2026-06-11T13:49:08Z,abcde_forensics_stage_founders_depth14,pool1jtwq2ned2ggxmef07zq6legsa8vjntje04rkhwa325n6j5689an,owner,stake1ux6zfrlfysfk3hgc9yr8htu9jztpgrc44m8sh75sgaqynqs4gcrpk,14,iog,389,500000000,ff932b4e3b2b25347a6f4bad4b7bb7be3ba65515a70c6d95f49d15d6e371c8b5
2026-06-11T13:49:08Z,abcde_forensics_stage_founders_depth14,pool1jtwq2ned2ggxmef07zq6legsa8vjntje04rkhwa325n6j5689an,reward_address,stake1ux6zfrlfysfk3hgc9yr8htu9jztpgrc44m8sh75sgaqynqs4gcrpk,14,iog,389,500000000,ff932b4e3b2b25347a6f4bad4b7bb7be3ba65515a70c6d95f49d15d6e371c8b5
2026-06-11T13:49:08Z,abcde_forensics_stage_founders_depth14,pool1ju5tzz5jdszg47fcuhzjq5e3nk6mays73d5csskr4lfucg397c3,owner,stake1u9zc8wwt88da2ptvpat2kzsxrchvnkg0paq2ry2lcp3h9lgqxvupr,13,iog,302,2000000000,4113cd2a081a7c7917c15ae5728b0a9ea3a19cbbda7188bd61202f11dee7aa6f
2026-06-11T13:49:08Z,abcde_forensics_stage_founders_depth14,pool1jyutduy73e5u9877uns3k9rm0tf4r24j8lrn4xtkjpl3q5sn5mw,owner,stake1uylsjc47q4vcd4lwusewf8268rkwssnjdxlwt9j6ksnv4mqekdjzg,12,iog,543,500000000,8088a17470f77f39b8b0900fdb4f4f9f3211480bf4fbd2abc51fc013d4488728
2026-06-11T13:49:08Z,abcde_forensics_stage_founders_depth14,pool1jyutduy73e5u9877uns3k9rm0tf4r24j8lrn4xtkjpl3q5sn5mw,owner,stake1uyyy6tc46ms90a9qw7lsms25ave4z64gr35y4jkmhpu5z0qh8chfu,13,iog,543,500000000,8088a17470f77f39b8b0900fdb4f4f9f3211480bf4fbd2abc51fc013d4488728
2026-06-11T13:49:08Z,abcde_forensics_stage_founders_depth14,pool1jyutduy73e5u9877uns3k9rm0tf4r24j8lrn4xtkjpl3q5sn5mw,reward_address,stake1uyyy6tc46ms90a9qw7lsms25ave4z64gr35y4jkmhpu5z0qh8chfu,13,iog,543,500000000,8088a17470f77f39b8b0900fdb4f4f9f3211480bf4fbd2abc51fc013d4488728
2026-06-11T13:49:08Z,abcde_forensics_stage_founders_depth14,pool1k0nj2ry97x2t4hh3cmj887s4cux8gywgc6gp3s6mq9lp6m2e9w6,owner,stake1uyuc0wp04nfl3egpnh878c8eulu4y4wm657s8s0da6468lsqgk56l,12,emurgo+iog,254,100000000,98efb8565da6a78445b60e078a833a1cad9636f85e773a5ae0bd457724f631c3
2026-06-11T13:49:08Z,abcde_forensics_stage_founders_depth14,pool1k0nj2ry97x2t4hh3cmj887s4cux8gywgc6gp3s6mq9lp6m2e9w6,reward_address,stake1uyuc0wp04nfl3egpnh878c8eulu4y4wm657s8s0da6468lsqgk56l,12,emurgo+iog,254,100000000,98efb8565da6a78445b60e078a833a1cad9636f85e773a5ae0bd457724f631c3
2026-06-11T13:49:08Z,abcde_forensics_stage_founders_depth14,pool1k240x35qvtkk64ehu7x9nr4t37ttzmsdgazjkjepj8apy22p62z,owner,stake1uxm4tzllr7gcnw8edktj9mznerfz8q7sc2x5ktjwu3wvpasnuxsn8,14,iog,262,15000000000,1539b0e101ceccd43800cfadc1e85fd7e9112c702c5541635da731823c16b890
2026-06-11T13:49:08Z,abcde_forensics_stage_founders_depth14,pool1k240x35qvtkk64ehu7x9nr4t37ttzmsdgazjkjepj8apy22p62z,reward_address,stake1uxm4tzllr7gcnw8edktj9mznerfz8q7sc2x5ktjwu3wvpasnuxsn8,14,iog,262,15000000000,1539b0e101ceccd43800cfadc1e85fd7e9112c702c5541635da731823c16b890
2026-06-11T13:49:08Z,abcde_forensics_stage_founders_depth14,pool1k53pf4wzn263c08e3wr3gttndfecm9f4uzekgctcx947vt7fh2p,owner,stake1u8nj40xejuyy5f4wshq3whsxrtagemqcqp04pvnfg2exacs7uuacm,14,iog,558,10000000000,fe3f66eda0dad43be3d16541526c194715797046565effd5c8a4f34b4d3f4e4c
2026-06-11T13:49:08Z,abcde_forensics_stage_founders_depth14,pool1k53pf4wzn263c08e3wr3gttndfecm9f4uzekgctcx947vt7fh2p,reward_address,stake1u8nj40xejuyy5f4wshq3whsxrtagemqcqp04pvnfg2exacs7uuacm,14,iog,558,10000000000,fe3f66eda0dad43be3d16541526c194715797046565effd5c8a4f34b4d3f4e4c
2026-06-11T13:49:08Z,abcde_forensics_stage_founders_depth14,pool1k6altfangsst2mmxg8a9wvg3dppyszu8ckfzd3uv6azgw3z2txy,owner,stake1u8v4ezq7ev0e525q9dur8g3n82nxcc5a8eqn5ec8907xqngkgqe0f,13,iog,459,300000000000,876af5afc9cf69a7bfc79f3b191bf0dd09de5951ae668eb54bde87897e2e436f
2026-06-11T13:49:08Z,abcde_forensics_stage_founders_depth14,pool1k6altfangsst2mmxg8a9wvg3dppyszu8ckfzd3uv6azgw3z2txy,reward_address,stake1u8v4ezq7ev0e525q9dur8g3n82nxcc5a8eqn5ec8907xqngkgqe0f,13,iog,459,300000000000,876af5afc9cf69a7bfc79f3b191bf0dd09de5951ae668eb54bde87897e2e436f
2026-06-11T13:49:08Z,abcde_forensics_stage_founders_depth14,pool1k6eygrsfaakyz9d29hf7lz2httfq6v054np6sw343px6z3j9lgg,owner,stake1uyznlmh060gxdaryrh6azctcyz82p5vj7h36fpe32ju9x6gpa8yws,13,iog,314,20000000000,cc8f1c25ef4696f40c97f5bdb6ca2c231ad7fb8f45347d875350d38b64027001
2026-06-11T13:49:08Z,abcde_forensics_stage_founders_depth14,pool1k6eygrsfaakyz9d29hf7lz2httfq6v054np6sw343px6z3j9lgg,reward_address,stake1uyznlmh060gxdaryrh6azctcyz82p5vj7h36fpe32ju9x6gpa8yws,13,iog,314,20000000000,cc8f1c25ef4696f40c97f5bdb6ca2c231ad7fb8f45347d875350d38b64027001
2026-06-11T13:49:08Z,abcde_forensics_stage_founders_depth14,pool1k6jheduzrrahqc3nt3htpqhphne74l224fc45yqzqfg9j2j2qqc,owner,stake1u90x9x5fsz9jczh5h3wgarz0lwhaxw8dz5m7lngmmdqcjmskxstjk,12,iog,364,5000000000,de7559d1a8ffe3da2fb8d81863d9c64c006ea89951ee8f08a8df4b0b19ed1e8b
2026-06-11T13:49:08Z,abcde_forensics_stage_founders_depth14,pool1k7asvr2vd28jxw25fsh9pxckt5ykadhn8ua4x88vu39dzquvqvh,owner,stake1uy73syx9phexw40stqz763r3jwly5y7jkgu9s7eu0gr6u9sc93yvv,13,iog,291,300000000000,1e40eda39d6c01372a3c046d224805103132ffff206121858f21de43d4dbf0f9
2026-06-11T13:49:08Z,abcde_forensics_stage_founders_depth14,pool1k7asvr2vd28jxw25fsh9pxckt5ykadhn8ua4x88vu39dzquvqvh,owner,stake1uyr8elc7x70u2krsgm7ekeyy7pj3hsedxku8vp97wpuewksksuepn,14,iog,291,300000000000,1e40eda39d6c01372a3c046d224805103132ffff206121858f21de43d4dbf0f9
2026-06-11T13:49:08Z,abcde_forensics_stage_founders_depth14,pool1k7ku4sqvepztwqfvqj7wjadcsw96mancwyf8spty9tm0jfnwls9,owner,stake1u98en2f8ug55xvxk5p2dsgnr5j09dksrhe96m2929hmxz9ca9v2x2,14,iog,290,20000000000,e35ba2605030efae018f41c59fd31f81f44bf225eb572abbf3a002a8562d181f
2026-06-11T13:49:08Z,abcde_forensics_stage_founders_depth14,pool1k7ku4sqvepztwqfvqj7wjadcsw96mancwyf8spty9tm0jfnwls9,reward_address,stake1u98en2f8ug55xvxk5p2dsgnr5j09dksrhe96m2929hmxz9ca9v2x2,14,iog,290,20000000000,e35ba2605030efae018f41c59fd31f81f44bf225eb572abbf3a002a8562d181f
2026-06-11T13:49:08Z,abcde_forensics_stage_founders_depth14,pool1k7phpkumqxxvvf5rg690xg5u2vnqmh2sykl0l0h3z0692lzx3hq,owner,stake1u9d9plmf2vj0d6t3e5mrvu2j0v9zkfkh8h9506c7977mrycqw524u,14,emurgo,307,25000000,e196a4b8c0038c2e50c15c1ff1820365908aa3ae50e1a43c432c8c9c7f88731f
2026-06-11T13:49:08Z,abcde_forensics_stage_founders_depth14,pool1k7phpkumqxxvvf5rg690xg5u2vnqmh2sykl0l0h3z0692lzx3hq,reward_address,stake1u9d9plmf2vj0d6t3e5mrvu2j0v9zkfkh8h9506c7977mrycqw524u,14,emurgo,307,25000000,e196a4b8c0038c2e50c15c1ff1820365908aa3ae50e1a43c432c8c9c7f88731f
2026-06-11T13:49:08Z,abcde_forensics_stage_founders_depth14,pool1kadxtp5d8lf4s0jz8qens8gsfsptahf6s0ynjtvjussmzvzzk8a,owner,stake1u9cvhnkme08g6g2duvjqs9srfrkncev5ew2m6e8j5sg3gwg5efx07,12,iog,470,200002000000,679a9d8a12e853f395bc9d696991d16a2bdfcb7ca4e40f9657053e09644a089f
2026-06-11T13:49:08Z,abcde_forensics_stage_founders_depth14,pool1kadxtp5d8lf4s0jz8qens8gsfsptahf6s0ynjtvjussmzvzzk8a,reward_address,stake1u9cvhnkme08g6g2duvjqs9srfrkncev5ew2m6e8j5sg3gwg5efx07,12,iog,470,200002000000,679a9d8a12e853f395bc9d696991d16a2bdfcb7ca4e40f9657053e09644a089f
2026-06-11T13:49:08Z,abcde_forensics_stage_founders_depth14,pool1kclfg8ghuzsp7jxkxkq7e90s06nfadyga7yuj0ssqx8vxd3htpg,owner,stake1u8xvgygrfp4ugekj9afxewfg54a059u0tycrlsgjrqhv24czgzeng,12,emurgo+iog,255,10000000000,a5d10cd2a4f69e81b563cf5dd66b1e37e1689c2963d8860db7b5490dba404837
2026-06-11T13:49:08Z,abcde_forensics_stage_founders_depth14,pool1kclfg8ghuzsp7jxkxkq7e90s06nfadyga7yuj0ssqx8vxd3htpg,reward_address,stake1u8xvgygrfp4ugekj9afxewfg54a059u0tycrlsgjrqhv24czgzeng,12,emurgo+iog,255,10000000000,a5d10cd2a4f69e81b563cf5dd66b1e37e1689c2963d8860db7b5490dba404837
2026-06-11T13:49:08Z,abcde_forensics_stage_founders_depth14,pool1kcrr7re05pwesye0zh00a4xxnsrw5c29rd82fn4qecdcqu5rue3,owner,stake1uxu9cqq0uculaevplrfryh09szxx7pyw44y4secte8us8fsx9ff8v,13,iog,565,200000000000,c550addf20aea656769a5f90e05a2011370c9ba9542d951d38545fc63ebee327
2026-06-11T13:49:08Z,abcde_forensics_stage_founders_depth14,pool1kcrr7re05pwesye0zh00a4xxnsrw5c29rd82fn4qecdcqu5rue3,reward_address,stake1uxu9cqq0uculaevplrfryh09szxx7pyw44y4secte8us8fsx9ff8v,13,iog,565,200000000000,c550addf20aea656769a5f90e05a2011370c9ba9542d951d38545fc63ebee327
2026-06-11T13:49:08Z,abcde_forensics_stage_founders_depth14,pool1keasvddt9vndl8jyhg204s6kqusv5zgzg3kk3l3g949ew402ahe,owner,stake1u8ukz0ml5f98sffj55jhtqgxr3uvvuehlaynsdwyvwvskagk5wf3j,14,iog,562,15000000000,f613855df6eda735994bdac5d4517130d14aba529195ede46f16dbcc4327d34f
2026-06-11T13:49:08Z,abcde_forensics_stage_founders_depth14,pool1keasvddt9vndl8jyhg204s6kqusv5zgzg3kk3l3g949ew402ahe,reward_address,stake1u8ukz0ml5f98sffj55jhtqgxr3uvvuehlaynsdwyvwvskagk5wf3j,14,iog,562,15000000000,f613855df6eda735994bdac5d4517130d14aba529195ede46f16dbcc4327d34f
2026-06-11T13:49:08Z,abcde_forensics_stage_founders_depth14,pool1kffetqjt06qvk4995tz3e3q9h3c8cdq9eedrz8qr3ynnc63qckz,owner,stake1ux3n6efvrd0tml0m6nvmf2z4v7v4etmckxrp94sk48fqw2gm793uj,14,iog,585,1000000000,65ae43cedf7e1cf05d74da545a30d23cc9e4cd3599fc92de08b4208f8a93cc7f
2026-06-11T13:49:08Z,abcde_forensics_stage_founders_depth14,pool1kffetqjt06qvk4995tz3e3q9h3c8cdq9eedrz8qr3ynnc63qckz,reward_address,stake1ux3n6efvrd0tml0m6nvmf2z4v7v4etmckxrp94sk48fqw2gm793uj,14,iog,585,1000000000,65ae43cedf7e1cf05d74da545a30d23cc9e4cd3599fc92de08b4208f8a93cc7f
2026-06-11T13:49:08Z,abcde_forensics_stage_founders_depth14,pool1kfu02878dsz2l2pml9r42fvh32l4zn3msjvgfx077q3yx2xgul8,owner,stake1u84hyvut6javs8t02eeeu6s3gruvxhjajfm5vwpak04gg5qdssemh,14,iog,280,25005000000,a2abfc2d17d9227c8ae2ffcf864cfe21323f79b56fee179c5c6aec1b3bb0620a
2026-06-11T13:49:08Z,abcde_forensics_stage_founders_depth14,pool1kfu02878dsz2l2pml9r42fvh32l4zn3msjvgfx077q3yx2xgul8,reward_address,stake1u84hyvut6javs8t02eeeu6s3gruvxhjajfm5vwpak04gg5qdssemh,14,iog,280,25005000000,a2abfc2d17d9227c8ae2ffcf864cfe21323f79b56fee179c5c6aec1b3bb0620a
2026-06-11T13:49:08Z,abcde_forensics_stage_founders_depth14,pool1khku6wh5mh3xprdw3crqye0mzwzhk3cxzv2unnusa0c0sjqac2g,owner,stake1u8y6tvddz9cw9msnwsp5mvrpk0mz68k5lt6wvkemx0fs33s8zvf4l,14,iog,259,25000000000,ba70e5860aa360ce3a6715f247e4ed1a830d51ac0dafa0fa13b1648ac607f7d9
2026-06-11T13:49:08Z,abcde_forensics_stage_founders_depth14,pool1khku6wh5mh3xprdw3crqye0mzwzhk3cxzv2unnusa0c0sjqac2g,reward_address,stake1u8y6tvddz9cw9msnwsp5mvrpk0mz68k5lt6wvkemx0fs33s8zvf4l,14,iog,259,25000000000,ba70e5860aa360ce3a6715f247e4ed1a830d51ac0dafa0fa13b1648ac607f7d9
2026-06-11T13:49:08Z,abcde_forensics_stage_founders_depth14,pool1khyv2zj3asyhz76a4r2ky42sdxn3gqu3lcyw3sj74trmwhlc5ud,owner,stake1u82z69qw6pcem030gdj6z5c3y4huva7dx7y7uppgkr8gt8qm8ghq8,14,emurgo,300,50000000000,75e97034d976023f9c32c4fce094f0a88306b9498026ccbefc03593ef262b9a6
2026-06-11T13:49:08Z,abcde_forensics_stage_founders_depth14,pool1khyv2zj3asyhz76a4r2ky42sdxn3gqu3lcyw3sj74trmwhlc5ud,reward_address,stake1u82z69qw6pcem030gdj6z5c3y4huva7dx7y7uppgkr8gt8qm8ghq8,14,emurgo,300,50000000000,75e97034d976023f9c32c4fce094f0a88306b9498026ccbefc03593ef262b9a6
2026-06-11T13:49:08Z,abcde_forensics_stage_founders_depth14,pool1kjcnrqhv5dqds32qy8qsc8ffswy20kwvf04f73td3nuezvgl9nn,owner,stake1u86g7l8efaj5gnvtyy079hwvsy6zvara4egat7x0q8v5avck9hyw5,11,iog,254,100000000,7113ffe859ab9f07db5df7e864c4a79a3855ecf921b19ae360912d5371bc5243
2026-06-11T13:49:08Z,abcde_forensics_stage_founders_depth14,pool1kjcnrqhv5dqds32qy8qsc8ffswy20kwvf04f73td3nuezvgl9nn,reward_address,stake1u86g7l8efaj5gnvtyy079hwvsy6zvara4egat7x0q8v5avck9hyw5,11,iog,254,100000000,7113ffe859ab9f07db5df7e864c4a79a3855ecf921b19ae360912d5371bc5243
2026-06-11T13:49:08Z,abcde_forensics_stage_founders_depth14,pool1kkn6404j7q7lyfp6h9euth7vkuchj2tq86w8m9dxp6697xj3k4v,owner,stake1u8vh3necx7cuzwa5cnjg6pxx048pclyf2exxa5fd50k0m2qxlfvz8,13,iog,260,600000000,a4bd5d2e1e86807230b8e465a6149a4b03ec4327eb99dedb52c03ca2c62e7104
2026-06-11T13:49:08Z,abcde_forensics_stage_founders_depth14,pool1kkn6404j7q7lyfp6h9euth7vkuchj2tq86w8m9dxp6697xj3k4v,reward_address,stake1u8vh3necx7cuzwa5cnjg6pxx048pclyf2exxa5fd50k0m2qxlfvz8,13,iog,260,600000000,a4bd5d2e1e86807230b8e465a6149a4b03ec4327eb99dedb52c03ca2c62e7104
2026-06-11T13:49:08Z,abcde_forensics_stage_founders_depth14,pool1kks6sgxvx7p6fe3hhnne68xzwa9jg8qgy50yt3w3lrelvns7390,owner,stake1uyspmlknt2l06673lrt2w5drn6vaz6s0jsk4apctw3hhvyq8c5llv,13,emurgo+iog,615,1000000000,ca51ce1421e8a311861dd352e799aa8b830740678409fbac851409e9a13a89c0
2026-06-11T13:49:08Z,abcde_forensics_stage_founders_depth14,pool1kks6sgxvx7p6fe3hhnne68xzwa9jg8qgy50yt3w3lrelvns7390,reward_address,stake1uyspmlknt2l06673lrt2w5drn6vaz6s0jsk4apctw3hhvyq8c5llv,13,emurgo+iog,615,1000000000,ca51ce1421e8a311861dd352e799aa8b830740678409fbac851409e9a13a89c0
2026-06-11T13:49:08Z,abcde_forensics_stage_founders_depth14,pool1klgdy2s253lys70su3k8nhdct4yg8mucrms038p0ugxvk6ajxwr,owner,stake1u83tagn8al9dhg55nu3xx8a84f3gjf9a2xyslsedprcm4rsmywds8,12,emurgo+iog,269,480000000,43655f1e09f28cfecf5789f965cf208342910d15ea09cb5654489fc825b28a87
2026-06-11T13:49:08Z,abcde_forensics_stage_founders_depth14,pool1klgdy2s253lys70su3k8nhdct4yg8mucrms038p0ugxvk6ajxwr,reward_address,stake1u83tagn8al9dhg55nu3xx8a84f3gjf9a2xyslsedprcm4rsmywds8,12,emurgo+iog,269,480000000,43655f1e09f28cfecf5789f965cf208342910d15ea09cb5654489fc825b28a87
2026-06-11T13:49:08Z,abcde_forensics_stage_founders_depth14,pool1klwddp9hysrplwmkaa8h3d65rg9qtz4hhpsw7uvz3e0pj8r3lrg,owner,stake1u97sn358q4dh7tq6x8zfjd6ugtlz2ak6998xu5xf0hzn9pslktckh,14,iog,342,25000000000,a6d18bf48f7862e6c6045b535d263f66333dbb2b3d3e150b43ea40253ec08fd1
2026-06-11T13:49:08Z,abcde_forensics_stage_founders_depth14,pool1kncthgd5fqw8d7hpz08wnmpdqh0e88s5trgl97palhsgj5h3xen,owner,stake1uyqan7uvcqdkp00znphklsn7k6mw8ycycdcdttvr3zyz4jg6j0x7c,14,iog,252,100000000000,750dead7bf16b0bfec94b1aaf95e0e19c6c46cf316da4552f425e2e633958262
2026-06-11T13:49:08Z,abcde_forensics_stage_founders_depth14,pool1knwd92dnngrypyvj3egguuxtl8g8elxarlvaqsyjewvh7sjla2g,owner,stake1uxfuc2a4vdrn9vhnc4e9xxqmcvj04834v7q35htnnwz2aggjg0mm8,13,iog,259,14009822531,0621e661c10d62c79c498289cb07c68f6edb7a3b815738e3a11dfbf6962f0b90
2026-06-11T13:49:08Z,abcde_forensics_stage_founders_depth14,pool1knwd92dnngrypyvj3egguuxtl8g8elxarlvaqsyjewvh7sjla2g,reward_address,stake1uxfuc2a4vdrn9vhnc4e9xxqmcvj04834v7q35htnnwz2aggjg0mm8,13,iog,259,14009822531,0621e661c10d62c79c498289cb07c68f6edb7a3b815738e3a11dfbf6962f0b90
2026-06-11T13:49:08Z,abcde_forensics_stage_founders_depth14,pool1kp7au7kju3v23yth6nsse4jhxzweud48nmc7m6akpdq57ztq4zv,owner,stake1uxdtwy86tg37t4wxlslcad0j9dd6xcmqu45lfjv2dchngtgyk43kh,11,emurgo+iog,265,63000000000000,f11f785855c201448e1a3c6120fea03dec1a9a776c33aff7ee7bdb1cd532bf0f
2026-06-11T13:49:08Z,abcde_forensics_stage_founders_depth14,pool1kp7au7kju3v23yth6nsse4jhxzweud48nmc7m6akpdq57ztq4zv,reward_address,stake1uxdtwy86tg37t4wxlslcad0j9dd6xcmqu45lfjv2dchngtgyk43kh,11,emurgo+iog,265,63000000000000,f11f785855c201448e1a3c6120fea03dec1a9a776c33aff7ee7bdb1cd532bf0f
2026-06-11T13:49:08Z,abcde_forensics_stage_founders_depth14,pool1kqycer0lf7t9g44tqn94dlrprxelw2kj88j88a02wejtkcnsse8,owner,stake1u9sv0jwevnrall6kef633qrjhjfaqucdf7xpqzrlpmhs69qsesz4k,12,iog,261,10000000000,bed0a31f1939a24265fd93768dc72e15564f135aa2d86345f4e40e1e8289097f
2026-06-11T13:49:08Z,abcde_forensics_stage_founders_depth14,pool1kqycer0lf7t9g44tqn94dlrprxelw2kj88j88a02wejtkcnsse8,owner,stake1uxszupkalug3zaqke0w8qd046fwd5seqq4v5xlmjgv8yp9queucag,14,iog,261,10000000000,bed0a31f1939a24265fd93768dc72e15564f135aa2d86345f4e40e1e8289097f
2026-06-11T13:49:08Z,abcde_forensics_stage_founders_depth14,pool1kqycer0lf7t9g44tqn94dlrprxelw2kj88j88a02wejtkcnsse8,reward_address,stake1u9sv0jwevnrall6kef633qrjhjfaqucdf7xpqzrlpmhs69qsesz4k,12,iog,261,10000000000,bed0a31f1939a24265fd93768dc72e15564f135aa2d86345f4e40e1e8289097f
2026-06-11T13:49:08Z,abcde_forensics_stage_founders_depth14,pool1ksfzungz56vxa9sy6hr54v5hf6qx8rmcu6734gqm3qlxucveed6,owner,stake1u8pnyx25jrglamq2qwd9atrfty2678860jgxhmfh9d6calqf0w270,14,iog,546,5000000000,f21c90a8f158cc19c951f7a10938e6991b51da19905cc7fdb12041d8cad6d82b
2026-06-11T13:49:08Z,abcde_forensics_stage_founders_depth14,pool1ksfzungz56vxa9sy6hr54v5hf6qx8rmcu6734gqm3qlxucveed6,reward_address,stake1u8pnyx25jrglamq2qwd9atrfty2678860jgxhmfh9d6calqf0w270,14,iog,546,5000000000,f21c90a8f158cc19c951f7a10938e6991b51da19905cc7fdb12041d8cad6d82b
2026-06-11T13:49:08Z,abcde_forensics_stage_founders_depth14,pool1ksrg8a964464las0ymw88slrwxkychjz9lh09lqltu5m7nw3pq0,owner,stake1uyl95y0yhuqv3mz4queu37n8pw6dtpl2v6dt6jppp9ydfecm9xp67,13,iog,635,10000000000,bb3d361ca41b9974709ddd2b749f17147786407e5484917181a498228c081dc2
2026-06-11T13:49:08Z,abcde_forensics_stage_founders_depth14,pool1ksrg8a964464las0ymw88slrwxkychjz9lh09lqltu5m7nw3pq0,reward_address,stake1uyl95y0yhuqv3mz4queu37n8pw6dtpl2v6dt6jppp9ydfecm9xp67,13,iog,635,10000000000,bb3d361ca41b9974709ddd2b749f17147786407e5484917181a498228c081dc2
2026-06-11T13:49:08Z,abcde_forensics_stage_founders_depth14,pool1ktmkc46nvn5m4uxt94jm3pq9y9mxzytkjcjjkk6887tnjf7atqy,owner,stake1u8l6mhd3f5gefg4zgcjr5xfk5hgfd0t355dy3gvd8p752xcmeqt04,11,iog,249,100000000,2cc6ff955dc89b75a205bf540dd9d912aa18b0cf850afafc282f30d561393d65
2026-06-11T13:49:08Z,abcde_forensics_stage_founders_depth14,pool1ktmkc46nvn5m4uxt94jm3pq9y9mxzytkjcjjkk6887tnjf7atqy,reward_address,stake1u8l6mhd3f5gefg4zgcjr5xfk5hgfd0t355dy3gvd8p752xcmeqt04,11,iog,249,100000000,2cc6ff955dc89b75a205bf540dd9d912aa18b0cf850afafc282f30d561393d65
2026-06-11T13:49:08Z,abcde_forensics_stage_founders_depth14,pool1kukrafmktm54fzezpzs49p2e7v5tas8szgtf7dq6xvw37srmutj,owner,stake1u8f5y4q2a94fe4lfu5fe7ru656jvfg2khsys2zdghlz7u3gy88nal,14,iog,266,0,34ad1ea386060b57a60c02e52d90acb6071fb26fe3d68a49d71dfbee5b2ecf2d
2026-06-11T13:49:08Z,abcde_forensics_stage_founders_depth14,pool1kukrafmktm54fzezpzs49p2e7v5tas8szgtf7dq6xvw37srmutj,reward_address,stake1u8f5y4q2a94fe4lfu5fe7ru656jvfg2khsys2zdghlz7u3gy88nal,14,iog,266,0,34ad1ea386060b57a60c02e52d90acb6071fb26fe3d68a49d71dfbee5b2ecf2d
2026-06-11T13:49:08Z,abcde_forensics_stage_founders_depth14,pool1kwc5wf94ly3jalgp43svkpsaqvf439qx5np3ty4q08vz7syv6kp,owner,stake1uy6arfv8uula59exdu0j4eyw7a3zc56u6f7rax7gdypszpse2y8e3,12,iog,262,3000000000,f3fa1d08cf9113c38f244bc1e9164d50796bd1ca36faa32e4788359f29cf3831
2026-06-11T13:49:08Z,abcde_forensics_stage_founders_depth14,pool1kwc5wf94ly3jalgp43svkpsaqvf439qx5np3ty4q08vz7syv6kp,reward_address,stake1uy6arfv8uula59exdu0j4eyw7a3zc56u6f7rax7gdypszpse2y8e3,12,iog,262,3000000000,f3fa1d08cf9113c38f244bc1e9164d50796bd1ca36faa32e4788359f29cf3831
2026-06-11T13:49:08Z,abcde_forensics_stage_founders_depth14,pool1kws3qltazad72c4r0t9qd2ss86zcezzmq04nkx8eg85960ld5t4,owner,stake1ux7886ke55h3yk483pnccjfv7ulksqen0yzp2rny672pcrqgu5wgf,14,iog,258,500000000,017d09bad730ea931cbb79f37336e47f3634a6a76aaac25939c0465abc993db1
2026-06-11T13:49:08Z,abcde_forensics_stage_founders_depth14,pool1kws3qltazad72c4r0t9qd2ss86zcezzmq04nkx8eg85960ld5t4,reward_address,stake1ux7886ke55h3yk483pnccjfv7ulksqen0yzp2rny672pcrqgu5wgf,14,iog,258,500000000,017d09bad730ea931cbb79f37336e47f3634a6a76aaac25939c0465abc993db1
2026-06-11T13:49:08Z,abcde_forensics_stage_founders_depth14,pool1kxtzkv3ylyc48hgjqkwe93q2vkx67vgzag9tvqfalhwsjs43w9u,owner,stake1u95uc506kgkv59za4ca5avha9p64v895zg2kr7p4mcrhals93j99h,13,iog,569,160000000000,f6a0edd749e50b204138af01ad9ac46a52f98260c888bd36a0c79eeb57c4617d
2026-06-11T13:49:08Z,abcde_forensics_stage_founders_depth14,pool1kxtzkv3ylyc48hgjqkwe93q2vkx67vgzag9tvqfalhwsjs43w9u,reward_address,stake1u95uc506kgkv59za4ca5avha9p64v895zg2kr7p4mcrhals93j99h,13,iog,569,160000000000,f6a0edd749e50b204138af01ad9ac46a52f98260c888bd36a0c79eeb57c4617d
2026-06-11T13:49:08Z,abcde_forensics_stage_founders_depth14,pool1l0f7d56gwgdyct6vev88mnuf4ankx2fpm53plr8g6rd6zxz6del,owner,stake1uxdusly95zceyjsjkxalvmpf636wd9n4069c2uc3d0pw5mqlm7ca0,14,iog,308,5000000,ce7396f89a8e8aaba56d051ed3d940daf23a7828f9b1d1a74753ab72abf1f1fb
2026-06-11T13:49:08Z,abcde_forensics_stage_founders_depth14,pool1l0myzl403h70d26pvwmn5fszlwuyf4y9wltlc6unt706zlqx3zc,owner,stake1uyrxl8prm77rp3p66n8kvrsk4hd5964cs87ev522crmq7hgxysca6,14,iog,263,100000000,30f7ff85ffdc765536a7fe1ea817c7b9b6d62c794df4ed11cfad2a5d19d74a06
2026-06-11T13:49:08Z,abcde_forensics_stage_founders_depth14,pool1l0myzl403h70d26pvwmn5fszlwuyf4y9wltlc6unt706zlqx3zc,reward_address,stake1uyrxl8prm77rp3p66n8kvrsk4hd5964cs87ev522crmq7hgxysca6,14,iog,263,100000000,30f7ff85ffdc765536a7fe1ea817c7b9b6d62c794df4ed11cfad2a5d19d74a06
2026-06-11T13:49:08Z,abcde_forensics_stage_founders_depth14,pool1l0xxnn5vmlyu60pdjcrx2740048r8swj9jv6ks2n8umezp2jh62,owner,stake1uy04q670kvwdkufjpgcvw0xdfhl7wszant068enp760tv3qu9va4g,14,iog,273,30000000000,3ec005d25b339c993c97e2e5c243ad96a8bc7830fa8f5940cab3e92fce0aa870
2026-06-11T13:49:08Z,abcde_forensics_stage_founders_depth14,pool1l0xxnn5vmlyu60pdjcrx2740048r8swj9jv6ks2n8umezp2jh62,reward_address,stake1uy04q670kvwdkufjpgcvw0xdfhl7wszant068enp760tv3qu9va4g,14,iog,273,30000000000,3ec005d25b339c993c97e2e5c243ad96a8bc7830fa8f5940cab3e92fce0aa870
2026-06-11T13:49:08Z,abcde_forensics_stage_founders_depth14,pool1l3u6jww4npkx2e0utcsmkhwjjgnp43w62exrqwzm8wudg0457e5,owner,stake1u9zh8yua2nv4aanr6rs0curlsqdqjlk52thlkuq9h0yg5wq3mug50,11,iog,317,0,24750373cf048adf9ba7ce712379f9fa14f4f6d9614587517fdfc3b983137440
2026-06-11T13:49:08Z,abcde_forensics_stage_founders_depth14,pool1l3u6jww4npkx2e0utcsmkhwjjgnp43w62exrqwzm8wudg0457e5,reward_address,stake1u9zh8yua2nv4aanr6rs0curlsqdqjlk52thlkuq9h0yg5wq3mug50,11,iog,317,0,24750373cf048adf9ba7ce712379f9fa14f4f6d9614587517fdfc3b983137440
2026-06-11T13:49:08Z,abcde_forensics_stage_founders_depth14,pool1l4synes9s3swlf5r5rsfpede3582r4km2wd94xctceyaudv9zx3,owner,stake1u9239jda3vv5xpnmx0mvtyw7g33nwjamqwsx3g6pdn2mm2sezjtju,13,iog,532,3000000000,e50dfaceffc84de06a5f6c3224520a0796c24e052cf3443e12555415a006c82b
2026-06-11T13:49:08Z,abcde_forensics_stage_founders_depth14,pool1l4synes9s3swlf5r5rsfpede3582r4km2wd94xctceyaudv9zx3,owner,stake1u9ntyu29nsz86qstwr0xgyn7f3af5rt30tdehg50pjgpt4gfp646f,12,iog,532,3000000000,e50dfaceffc84de06a5f6c3224520a0796c24e052cf3443e12555415a006c82b
2026-06-11T13:49:08Z,abcde_forensics_stage_founders_depth14,pool1l5t2lytxxx7jn0ujd5ssmfzaf24g2gjzjeddqmqjgun0z7r3gwv,owner,stake1uyrmnrf64y4r8xcm2nnvm84vmax47az00vycg378099hspqhsndh0,13,iog,263,101000000000,85498ec35fa8b1d92b6c33183fb1be9146d0f9a23b1f079f7a3969e9a734a491
2026-06-11T13:49:08Z,abcde_forensics_stage_founders_depth14,pool1l5t2lytxxx7jn0ujd5ssmfzaf24g2gjzjeddqmqjgun0z7r3gwv,reward_address,stake1uyrmnrf64y4r8xcm2nnvm84vmax47az00vycg378099hspqhsndh0,13,iog,263,101000000000,85498ec35fa8b1d92b6c33183fb1be9146d0f9a23b1f079f7a3969e9a734a491
2026-06-11T13:49:08Z,abcde_forensics_stage_founders_depth14,pool1l6aeyn35nkqkn9lqqlwqnpraakdzuukjrqprcrj3sctk6hhe32k,owner,stake1uxr5x58ks8yhdccql68axq74n9xagwz9v23e75fmc9d0qqg0accpf,14,iog,619,400000000000,025375e5ef8e237fc721d075dd6e44a87be80d69a8b2ac72d2ddbb28631b0516
2026-06-11T13:49:08Z,abcde_forensics_stage_founders_depth14,pool1l92x52u37neuc2w38wrgeu3esu9qzddmzvkvyuf9vfk5gav8nxl,owner,stake1uyzpvsy8mkuqzz4wcvapf9axqmmjqjg5umdjfdjj97279tg2lfkmy,14,iog,291,100000000,d4a15f94cb232534a776a691b53a57aafffd6f1fb63f9d06b76f8a66c3a39b8f
2026-06-11T13:49:08Z,abcde_forensics_stage_founders_depth14,pool1l92x52u37neuc2w38wrgeu3esu9qzddmzvkvyuf9vfk5gav8nxl,reward_address,stake1uyzpvsy8mkuqzz4wcvapf9axqmmjqjg5umdjfdjj97279tg2lfkmy,14,iog,291,100000000,d4a15f94cb232534a776a691b53a57aafffd6f1fb63f9d06b76f8a66c3a39b8f
2026-06-11T13:49:08Z,abcde_forensics_stage_founders_depth14,pool1l9sgp7p5m6c6054ru75x077dc0frev2tkm5zjllmkl6z6rtq8tp,owner,stake1uy9cz88c3wqcnmm497dqf53e3v65ew2xeuy8tw5q27d6mrqtessnh,14,iog,318,100000000,9b4a8842737657bdcdb5f039e47a85cc6200fb7eb7e86589e18c922f24d1c194
2026-06-11T13:49:08Z,abcde_forensics_stage_founders_depth14,pool1l9sgp7p5m6c6054ru75x077dc0frev2tkm5zjllmkl6z6rtq8tp,reward_address,stake1uy9cz88c3wqcnmm497dqf53e3v65ew2xeuy8tw5q27d6mrqtessnh,14,iog,318,100000000,9b4a8842737657bdcdb5f039e47a85cc6200fb7eb7e86589e18c922f24d1c194
2026-06-11T13:49:08Z,abcde_forensics_stage_founders_depth14,pool1la0t0gsskwejyfca5lchw5aqd5g8hknxdu6tuyqp0ttjxl6zt35,owner,stake1uye9ka8wxpnhgxdm5u8nt7fpjfylzfk7cxe0s8sfa55372qzwfp0u,14,iog,478,5000000000,31db232eac801f137ec7061f8a796edb4331e0088b4d01d017d149e1894a1b92
2026-06-11T13:49:08Z,abcde_forensics_stage_founders_depth14,pool1la0t0gsskwejyfca5lchw5aqd5g8hknxdu6tuyqp0ttjxl6zt35,reward_address,stake1uye9ka8wxpnhgxdm5u8nt7fpjfylzfk7cxe0s8sfa55372qzwfp0u,14,iog,478,5000000000,31db232eac801f137ec7061f8a796edb4331e0088b4d01d017d149e1894a1b92
2026-06-11T13:49:08Z,abcde_forensics_stage_founders_depth14,pool1lcl9j8zzqtcd4g2gf5zgexcqmnmjtvje707hupngymjhq43yk3s,owner,stake1u9q5q4wrc62dzry5e6yu2xprvpsn2yv2plh3u8q3rzz5kvghmxkg3,13,emurgo,223,10100000000,228d11590405227c2c22d1bac3b139f2fa95b004f51d84f4939637b17cf69ee5
2026-06-11T13:49:08Z,abcde_forensics_stage_founders_depth14,pool1lcl9j8zzqtcd4g2gf5zgexcqmnmjtvje707hupngymjhq43yk3s,reward_address,stake1u9q5q4wrc62dzry5e6yu2xprvpsn2yv2plh3u8q3rzz5kvghmxkg3,13,emurgo,223,10100000000,228d11590405227c2c22d1bac3b139f2fa95b004f51d84f4939637b17cf69ee5
2026-06-11T13:49:08Z,abcde_forensics_stage_founders_depth14,pool1ld9hkah2dkzh73pvh9tf6xr0x28us34msv3zcv2sase5vhvq962,owner,stake1uxkq8uzlhxwdnftlxxeuhln9ztdzkjqqtsgsrptjdutm0dq00d74d,13,iog,627,1000000000,62e7338148bb68ae54879c6c5a79aa6384ce3599a7bbf566a6268f021934b5e1
2026-06-11T13:49:08Z,abcde_forensics_stage_founders_depth14,pool1ld9hkah2dkzh73pvh9tf6xr0x28us34msv3zcv2sase5vhvq962,reward_address,stake1uxkq8uzlhxwdnftlxxeuhln9ztdzkjqqtsgsrptjdutm0dq00d74d,13,iog,627,1000000000,62e7338148bb68ae54879c6c5a79aa6384ce3599a7bbf566a6268f021934b5e1
2026-06-11T13:49:08Z,abcde_forensics_stage_founders_depth14,pool1ldq57epl0w8xfz2tmnfjrg26m70207va95334zzwvc3d2evdtca,owner,stake1uynywu3j5fe9zm9cfg7mw28g2mmu4fl80zpzvch5z7fjhrcswvj7v,13,iog,287,20000000000,6087312ae5da0e38fa0d838ba38991f2d627a17693b23afcee0d11d3fbb9558b
2026-06-11T13:49:08Z,abcde_forensics_stage_founders_depth14,pool1lhz4gsk5ezdl5s4mv2kxgrkhzzhad6me2v0xmwuyt845vensdlc,owner,stake1uyqp66zs78ce87t4jqxxdqas5mxc784fzenjgy5dp7ktfwqvf3c9r,14,iog,632,100000000000,892abb9ce934d6a40656787ad8c54c9f9900892dc78bb1a5ca0e6d79a40ba808
2026-06-11T13:49:08Z,abcde_forensics_stage_founders_depth14,pool1ll03hrl9daqeatu47gxl3laguuk8n854w8heecwf4xtlxhg4vxp,owner,stake1u8sldjulvhg3gfd78thutl66ctedx0ugth0au0p9339j8agr3jp6e,14,iog,307,0,a64d6067c2c8ed39bbd271511189bb5229c4fe5527495007b77efce61f67e703
2026-06-11T13:49:08Z,abcde_forensics_stage_founders_depth14,pool1ll03hrl9daqeatu47gxl3laguuk8n854w8heecwf4xtlxhg4vxp,reward_address,stake1u8sldjulvhg3gfd78thutl66ctedx0ugth0au0p9339j8agr3jp6e,14,iog,307,0,a64d6067c2c8ed39bbd271511189bb5229c4fe5527495007b77efce61f67e703
2026-06-11T13:49:08Z,abcde_forensics_stage_founders_depth14,pool1ln2899n8knvks7j6qh5j7852hn4850p5kucj5cgtj767s86gd7d,owner,stake1u95xqfmmpgsgyxvjd2h0e7zkywsv8drvu2sgr6w98h2k58cjfzvfz,11,iog,252,9653000000,66e3bfee61dd7eb4d3532b01dfabed95427a3f165fab9b1b27856fbe6da8eb3f
2026-06-11T13:49:08Z,abcde_forensics_stage_founders_depth14,pool1ln2899n8knvks7j6qh5j7852hn4850p5kucj5cgtj767s86gd7d,reward_address,stake1u95xqfmmpgsgyxvjd2h0e7zkywsv8drvu2sgr6w98h2k58cjfzvfz,11,iog,252,9653000000,66e3bfee61dd7eb4d3532b01dfabed95427a3f165fab9b1b27856fbe6da8eb3f
2026-06-11T13:49:08Z,abcde_forensics_stage_founders_depth14,pool1lny2fx0ywywfkg7lzxul8gu4snl50wculalmwe8k7hkec29zlh6,owner,stake1uxzwwuwhs8zvsvcn7hqxqsw8zptyv87x874lqj220w76yfcn4w06p,12,iog,259,1000000000,84467cf92945538ba8a45bf5be15336b23226926c060486384c186bf40bace7d
2026-06-11T13:49:08Z,abcde_forensics_stage_founders_depth14,pool1lny2fx0ywywfkg7lzxul8gu4snl50wculalmwe8k7hkec29zlh6,reward_address,stake1uxzwwuwhs8zvsvcn7hqxqsw8zptyv87x874lqj220w76yfcn4w06p,12,iog,259,1000000000,84467cf92945538ba8a45bf5be15336b23226926c060486384c186bf40bace7d
2026-06-11T13:49:08Z,abcde_forensics_stage_founders_depth14,pool1lr0wunp76zfedxk7qvreekyvvdr4n0s2mm5g458n7akrvmdnfwl,owner,stake1u87p72mypcz55574e8yamegvty34yvdl9gnpxvnw2l3w0uqk8etsg,12,iog,251,250000000000,4c3d4237fe40ce0c51de869345c8ea0862bca59ba60db66e2e3cc5cce9dc480d
2026-06-11T13:49:08Z,abcde_forensics_stage_founders_depth14,pool1lr9vvcf5r5jgkgv5ly7z2lh068ymzg4xmqk5f8pu2k23vt25x7a,owner,stake1uydphkd4dhtme8g4j56rqmhvxmykygtmzf4l07r4pp9kcnsja4hpe,14,iog,529,0,a51baa18334850677834933902ec28904331ed1df36d41224d03f3f6af18e5b8
2026-06-11T13:49:08Z,abcde_forensics_stage_founders_depth14,pool1lrnyqdlrj97d0ju5j6d9xa8prw0xeyumfd53rz5wk3gf7czqzjz,owner,stake1u9z9yyun4j5m67nm98c4crg6v857ec9rvmcjpadf7hn5hqc336gva,14,iog,299,100000000000,ab2b6b269e37b251ed516192fb970cc26ed5acdd77a420f828ae471f661b822e
2026-06-11T13:49:08Z,abcde_forensics_stage_founders_depth14,pool1lrnyqdlrj97d0ju5j6d9xa8prw0xeyumfd53rz5wk3gf7czqzjz,reward_address,stake1u9z9yyun4j5m67nm98c4crg6v857ec9rvmcjpadf7hn5hqc336gva,14,iog,299,100000000000,ab2b6b269e37b251ed516192fb970cc26ed5acdd77a420f828ae471f661b822e
2026-06-11T13:49:08Z,abcde_forensics_stage_founders_depth14,pool1ls80gx9sen3qc7s6c7u2ajw6hk8faqanljugcg5tfukp6qscetv,owner,stake1u98kk6tjnrdadddh6x3f4095t4n4g9wlhpquajg82gy0n5s3gulss,14,iog,603,0,f8e731d4a4b43f3215039e89d082c8cf53eb9559a5dfed0579438d68c22a1fc5
2026-06-11T13:49:08Z,abcde_forensics_stage_founders_depth14,pool1ls80gx9sen3qc7s6c7u2ajw6hk8faqanljugcg5tfukp6qscetv,reward_address,stake1u98kk6tjnrdadddh6x3f4095t4n4g9wlhpquajg82gy0n5s3gulss,14,iog,603,0,f8e731d4a4b43f3215039e89d082c8cf53eb9559a5dfed0579438d68c22a1fc5
2026-06-11T13:49:08Z,abcde_forensics_stage_founders_depth14,pool1lwhj7qrymcxq8hdqq478pf90x87nl8f6m4t63a2epaeagthkmfc,owner,stake1u98y4lxlmgffndkxlau3lh8spxfutsagzmr0kfqjes76x7q8jc2ms,14,iog,267,20000000,7e3e88b062a27fd1646d44fa97c74b78736bb056930f3d94b4c20698131741f7
2026-06-11T13:49:08Z,abcde_forensics_stage_founders_depth14,pool1lwhj7qrymcxq8hdqq478pf90x87nl8f6m4t63a2epaeagthkmfc,reward_address,stake1u98y4lxlmgffndkxlau3lh8spxfutsagzmr0kfqjes76x7q8jc2ms,14,iog,267,20000000,7e3e88b062a27fd1646d44fa97c74b78736bb056930f3d94b4c20698131741f7
2026-06-11T13:49:08Z,abcde_forensics_stage_founders_depth14,pool1lychj3krdah22cjhxguzhfx7qhwlfgl7t9fv42pcems9zvknahx,owner,stake1ux3rudff4g2gv47f36up93y0zgag73ud0vlkqwmt42rvnfg2lkga0,14,iog,282,30000000000,5c52d2781c7e825748b5d9f6c832ff18e1cf70b81f6315d7988819ba7a69e424
2026-06-11T13:49:08Z,abcde_forensics_stage_founders_depth14,pool1lym9xt9e88y2emmlh2nlefyrq933a3eda2xhrvrzxurk7s5h8e7,owner,stake1u87965rq5gg5hectv2jzaz38y4tza4ety0dmu5uxwm463qsdsrdqj,12,iog,274,7767428609,3b7fa2dd4ed9d9ec01d48feafe3de2dcaee60674d6fbc8cb62ccdbe8c83e9956
2026-06-11T13:49:08Z,abcde_forensics_stage_founders_depth14,pool1lym9xt9e88y2emmlh2nlefyrq933a3eda2xhrvrzxurk7s5h8e7,reward_address,stake1u87965rq5gg5hectv2jzaz38y4tza4ety0dmu5uxwm463qsdsrdqj,12,iog,274,7767428609,3b7fa2dd4ed9d9ec01d48feafe3de2dcaee60674d6fbc8cb62ccdbe8c83e9956
2026-06-11T13:49:08Z,abcde_forensics_stage_founders_depth14,pool1m2vhhprqwktsxldpgqdw0n88m7gw4fgcux2ttx9jsczxy0tvux4,owner,stake1u8hqrtqyn6m2tdauh7ph0pn442wf0awg98ng92l300shhmqfhv70f,14,iog,254,5000000000,4e6405e4d4327883496bb387be0dc463dbb967b69142de983cfc2161871a8fe0
2026-06-11T13:49:08Z,abcde_forensics_stage_founders_depth14,pool1m2vhhprqwktsxldpgqdw0n88m7gw4fgcux2ttx9jsczxy0tvux4,reward_address,stake1u8hqrtqyn6m2tdauh7ph0pn442wf0awg98ng92l300shhmqfhv70f,14,iog,254,5000000000,4e6405e4d4327883496bb387be0dc463dbb967b69142de983cfc2161871a8fe0
2026-06-11T13:49:08Z,abcde_forensics_stage_founders_depth14,pool1m4nc6ea8htk9t58yx43sqluln7cp2a6qmzq257uudrvtkue8vw3,owner,stake1u867zp3vlwj96hxtac48hcgcw9frn38vnsd9kr9a04msn7sls45kz,13,iog,255,25000000000,142cb02fbbd50e053060525fba683fe541ba06cb491b0b39912bc77920badf46
2026-06-11T13:49:08Z,abcde_forensics_stage_founders_depth14,pool1m4nc6ea8htk9t58yx43sqluln7cp2a6qmzq257uudrvtkue8vw3,owner,stake1u8wsx6jxe730xm0vucjg5tdhevhlspp8u4l84xjw3fpedase9h963,12,iog,255,25000000000,142cb02fbbd50e053060525fba683fe541ba06cb491b0b39912bc77920badf46
2026-06-11T13:49:08Z,abcde_forensics_stage_founders_depth14,pool1m7ktgvf3w6msp6xwpw5gwv496avrw3kvlt6c90gjp90aud72642,owner,stake1uxq4tf25q92zj5ppnxhy6lv40vrx85l5dg4u2ljt8tlmtgsp5nquz,14,iog,253,20000000000,a4fe2e9bd78a8f262d489f0072073ccbcb5d1aa093823e3aa866d923797e00fd
2026-06-11T13:49:08Z,abcde_forensics_stage_founders_depth14,pool1m7ktgvf3w6msp6xwpw5gwv496avrw3kvlt6c90gjp90aud72642,reward_address,stake1uxq4tf25q92zj5ppnxhy6lv40vrx85l5dg4u2ljt8tlmtgsp5nquz,14,iog,253,20000000000,a4fe2e9bd78a8f262d489f0072073ccbcb5d1aa093823e3aa866d923797e00fd
2026-06-11T13:49:08Z,abcde_forensics_stage_founders_depth14,pool1m80jrruqnynpuqvmm5cyhxjqy2q8pnnpyu40sd02z0gkzehqxua,owner,stake1u9mt0q2fkyeeyv4trtam7wu8m9msnla5ulwtpwk8v9sfyvgl4qmx2,13,emurgo+iog,254,50000000000,387f3e681fe1af0bba7536e1c139dc4b312c692674e0ceb93f6070598944cabe
2026-06-11T13:49:08Z,abcde_forensics_stage_founders_depth14,pool1m80jrruqnynpuqvmm5cyhxjqy2q8pnnpyu40sd02z0gkzehqxua,reward_address,stake1u9mt0q2fkyeeyv4trtam7wu8m9msnla5ulwtpwk8v9sfyvgl4qmx2,13,emurgo+iog,254,50000000000,387f3e681fe1af0bba7536e1c139dc4b312c692674e0ceb93f6070598944cabe
2026-06-11T13:49:08Z,abcde_forensics_stage_founders_depth14,pool1ma472xwxkcsagcff388vspvz60dms4lujr27f0ma4jegqmtqhh7,owner,stake1uxaf4em2vtre5n4npw5ujm00p300lj096t0yu7vm8qfl9zs7tl3n3,13,iog,258,2000000000,74606bcff34aca171b1bffe6c41ebab4ff0440a9037cd21a5bb095e4a6f9a08b
2026-06-11T13:49:08Z,abcde_forensics_stage_founders_depth14,pool1ma472xwxkcsagcff388vspvz60dms4lujr27f0ma4jegqmtqhh7,reward_address,stake1uxaf4em2vtre5n4npw5ujm00p300lj096t0yu7vm8qfl9zs7tl3n3,13,iog,258,2000000000,74606bcff34aca171b1bffe6c41ebab4ff0440a9037cd21a5bb095e4a6f9a08b
2026-06-11T13:49:08Z,abcde_forensics_stage_founders_depth14,pool1maknvmsdvk240a7w8rclvq2lu5pzk906cuh9cw7j30z76ff257u,owner,stake1u90avpnv5e8kpvflchy6wfhmh6aulgdpffhxlzpf7ykfr8qymshj3,14,iog,448,750000000000,6e27e6e50ffffef989b4ad43e38fc75e41a222867605f11ae06e4a4b657af575
2026-06-11T13:49:08Z,abcde_forensics_stage_founders_depth14,pool1maknvmsdvk240a7w8rclvq2lu5pzk906cuh9cw7j30z76ff257u,owner,stake1uyjmqtmky2mdly49ftlwrlypgvdglhz3z3laalgfldpvexc59s6sy,12,iog,448,750000000000,6e27e6e50ffffef989b4ad43e38fc75e41a222867605f11ae06e4a4b657af575
2026-06-11T13:49:08Z,abcde_forensics_stage_founders_depth14,pool1mc8jmrky5sreadzyxlk0nphcqhawryr6h32yapep54wvu9c0g2r,owner,stake1ux4szm74aurdwpvs3hqqxjuaf4wa69rzzms3ggrhp39wcmgt756m6,14,iog,248,0,fb5c76d2109724495e247691267eca6e0eff2f408d0efed8ff51b266776bf1cb
2026-06-11T13:49:08Z,abcde_forensics_stage_founders_depth14,pool1mc8jmrky5sreadzyxlk0nphcqhawryr6h32yapep54wvu9c0g2r,reward_address,stake1ux4szm74aurdwpvs3hqqxjuaf4wa69rzzms3ggrhp39wcmgt756m6,14,iog,248,0,fb5c76d2109724495e247691267eca6e0eff2f408d0efed8ff51b266776bf1cb
2026-06-11T13:49:08Z,abcde_forensics_stage_founders_depth14,pool1mcfecftpxgrfvhl9gsn46mp4qh8uz42pymwzdfzu8mfej53p6s2,owner,stake1u9xqhqgnngqrs7lngdzxt4c68dwgy2p6c64u0772t5antqc88mcdu,14,iog,253,1618000000,c367cc5e44787fe10f360124bb18ac08af88e5f99e4a27dc77697ed506a5d397
2026-06-11T13:49:08Z,abcde_forensics_stage_founders_depth14,pool1mcfecftpxgrfvhl9gsn46mp4qh8uz42pymwzdfzu8mfej53p6s2,reward_address,stake1u9xqhqgnngqrs7lngdzxt4c68dwgy2p6c64u0772t5antqc88mcdu,14,iog,253,1618000000,c367cc5e44787fe10f360124bb18ac08af88e5f99e4a27dc77697ed506a5d397
2026-06-11T13:49:08Z,abcde_forensics_stage_founders_depth14,pool1mcvq2z34f9cfdmkd97famsh20ekqtndw246ny5e8ug3mxfdf4zq,owner,stake1uync24c4wj48mxsx63fjsw2wjq4p6uvp6j5ej24ukly6lsg9apgx6,14,iog,524,10000000000,a7324c6a24117ef819a4ceceefded1516273edc2af81adf65177b1daa5f699f4
2026-06-11T13:49:08Z,abcde_forensics_stage_founders_depth14,pool1mcy3qe7slsz8wmxan7cutrk3sh0z4t44cy6n743f4ca07a76227,owner,stake1u86g3qf99sprhq6autpml968x32cy0ujf4jan9yvw8kgeashc9gc9,14,iog,281,10000000000,92da1d8787a64d97c41a4f1dfc8b569fdd443849f22fe4bcd3f9ca347963e278
2026-06-11T13:49:08Z,abcde_forensics_stage_founders_depth14,pool1mcy3qe7slsz8wmxan7cutrk3sh0z4t44cy6n743f4ca07a76227,reward_address,stake1u86g3qf99sprhq6autpml968x32cy0ujf4jan9yvw8kgeashc9gc9,14,iog,281,10000000000,92da1d8787a64d97c41a4f1dfc8b569fdd443849f22fe4bcd3f9ca347963e278
2026-06-11T13:49:08Z,abcde_forensics_stage_founders_depth14,pool1mdyuct0kgd0hcjjnea999me5dxqpepr4y8du4smegfm3vlr37w5,owner,stake1u8u9gl5vfe52540g9m2cgqvezl3mggfx47mrcg9439jmczg9v0w9x,14,iog,609,100000000,005fe88d8cae83589397bcdd9655d6b0e043bb3603eabf7846623b732650fbe6
2026-06-11T13:49:08Z,abcde_forensics_stage_founders_depth14,pool1mgpcx225587y9uf2zcwrputd3kj70jfpf654ca86dehuw5qk5pf,owner,stake1uxctev4x3k3y940kzuqwyyexjw8t6q0jf039yv3kll4pgwsqn0sru,14,iog,257,75000000000,c526c1fc935d5840f001f230c9cac3a4c9c91ec110f737472fc82d4d57b453b1
2026-06-11T13:49:08Z,abcde_forensics_stage_founders_depth14,pool1mgpcx225587y9uf2zcwrputd3kj70jfpf654ca86dehuw5qk5pf,reward_address,stake1uxctev4x3k3y940kzuqwyyexjw8t6q0jf039yv3kll4pgwsqn0sru,14,iog,257,75000000000,c526c1fc935d5840f001f230c9cac3a4c9c91ec110f737472fc82d4d57b453b1
2026-06-11T13:49:08Z,abcde_forensics_stage_founders_depth14,pool1mj4ktq8v035az2904ttx59kxa6xkhcv6akd2k04qey69yu6hspq,owner,stake1u95x8vv8uam9u83uj76ny8dtrf54ddavax0vsywkckhk0vg2gexkk,13,iog,255,7000000000,a8b1c5371692fd970f4c7c0867cc95ff8edd777d752c70c71dcff8b82bef2028
2026-06-11T13:49:08Z,abcde_forensics_stage_founders_depth14,pool1mj4ktq8v035az2904ttx59kxa6xkhcv6akd2k04qey69yu6hspq,reward_address,stake1u95x8vv8uam9u83uj76ny8dtrf54ddavax0vsywkckhk0vg2gexkk,13,iog,255,7000000000,a8b1c5371692fd970f4c7c0867cc95ff8edd777d752c70c71dcff8b82bef2028
2026-06-11T13:49:08Z,abcde_forensics_stage_founders_depth14,pool1ml2d55qeljt26cmnrplqfjt92twmvp98p2zhsq8pgvtnzmkdj4s,owner,stake1uxrh3y2rzw0rt8tcztp308aadtpqu7rwwkanxjv78ll74uc9rjtqd,13,iog,261,90000000,edd5e433464e81d81aabac107b29dc95205ebe8e28aa71e2e70432539dcec026
2026-06-11T13:49:08Z,abcde_forensics_stage_founders_depth14,pool1ml2d55qeljt26cmnrplqfjt92twmvp98p2zhsq8pgvtnzmkdj4s,reward_address,stake1uxrh3y2rzw0rt8tcztp308aadtpqu7rwwkanxjv78ll74uc9rjtqd,13,iog,261,90000000,edd5e433464e81d81aabac107b29dc95205ebe8e28aa71e2e70432539dcec026
2026-06-11T13:49:08Z,abcde_forensics_stage_founders_depth14,pool1mleknpqvaf283fyvzlx62jw9g40288vwwyjnf9yqq6c6vc5d9lc,owner,stake1u8fvxyl228pdeamhh7maasx2yx3tu0uffl4vcxuvjlky7qghtlsdt,13,iog,260,101000000000,b430822ac1efb0ee8dd664307bc03cedb8f546b0875ba071b0ebc0fbd5de148e
2026-06-11T13:49:08Z,abcde_forensics_stage_founders_depth14,pool1mleknpqvaf283fyvzlx62jw9g40288vwwyjnf9yqq6c6vc5d9lc,reward_address,stake1u8fvxyl228pdeamhh7maasx2yx3tu0uffl4vcxuvjlky7qghtlsdt,13,iog,260,101000000000,b430822ac1efb0ee8dd664307bc03cedb8f546b0875ba071b0ebc0fbd5de148e
2026-06-11T13:49:08Z,abcde_forensics_stage_founders_depth14,pool1mltwh4elef39dkuuz058lgfuvx79c5wcnz3szau3arhsyq22ace,owner,stake1uxjn96yqn3m9dsjscktnv46pyfu5lwknzfcc637rqzzfqqsdvq7rl,14,iog,267,25000000000,c5b326b9e16ec2e32316c441e3758f17ad5f8fd45b76a48ff03e7d88925b96b2
2026-06-11T13:49:08Z,abcde_forensics_stage_founders_depth14,pool1mltwh4elef39dkuuz058lgfuvx79c5wcnz3szau3arhsyq22ace,reward_address,stake1uxjn96yqn3m9dsjscktnv46pyfu5lwknzfcc637rqzzfqqsdvq7rl,14,iog,267,25000000000,c5b326b9e16ec2e32316c441e3758f17ad5f8fd45b76a48ff03e7d88925b96b2
2026-06-11T13:49:08Z,abcde_forensics_stage_founders_depth14,pool1mm7avcuw8v6f86esqtt6xx6rkagryrfq22y994snes832rjs2mt,owner,stake1u98kr6na3nj8gxdmxng5n6vjed6qmppumrm6jtwlm4fgftcrrmtg4,14,iog,328,600000000000,994bfb76d618a9452561f521a836b0e482e62ff1b838ec8e0377fe259fb70ef3
2026-06-11T13:49:08Z,abcde_forensics_stage_founders_depth14,pool1mq2q0fjekk5lt8j2krryf5rvwx5z4l5l0r6afhhj0mtg23ylyuk,owner,stake1u8tvtahh2cs59wvpt6kvxx36z4uej9zjaps24as9wdezqxqmdyewj,14,iog,372,150000000000,0bf89af8ca2554e09d29f5f37271b43e1ff1c38c9a44763c8cadaf262d6042ce
2026-06-11T13:49:08Z,abcde_forensics_stage_founders_depth14,pool1mq2q0fjekk5lt8j2krryf5rvwx5z4l5l0r6afhhj0mtg23ylyuk,reward_address,stake1u8tvtahh2cs59wvpt6kvxx36z4uej9zjaps24as9wdezqxqmdyewj,14,iog,372,150000000000,0bf89af8ca2554e09d29f5f37271b43e1ff1c38c9a44763c8cadaf262d6042ce
2026-06-11T13:49:08Z,abcde_forensics_stage_founders_depth14,pool1mr95wmscrwj04kf9746sx539qeffj3mg5ndez5rzv8k5cdwjc0t,owner,stake1u9wsg48c4eqqpxzj30a5yee2c748h6rvclynhuk8qsltmxslgdmx4,12,iog,297,240000000000,a9e7bdc006a055d5cb16e0085d59c2d90bd9ef454dde03610bc7e8665b2f572e
2026-06-11T13:49:08Z,abcde_forensics_stage_founders_depth14,pool1mrvvuf595jmwwz6stkzewkw0whlvs90aglqjdyljujwtj6aklzp,owner,stake1uy548hcjgvp3shkdetl87vssrgzwgnsg3f4wtkrvxacayecgnzm2x,14,iog,257,500000000,62c12b0bce6b91f8a7616df3a570ff56abcd6a846cfe86f6e68f0cea50469ccc
2026-06-11T13:49:08Z,abcde_forensics_stage_founders_depth14,pool1mrvvuf595jmwwz6stkzewkw0whlvs90aglqjdyljujwtj6aklzp,reward_address,stake1uy548hcjgvp3shkdetl87vssrgzwgnsg3f4wtkrvxacayecgnzm2x,14,iog,257,500000000,62c12b0bce6b91f8a7616df3a570ff56abcd6a846cfe86f6e68f0cea50469ccc
2026-06-11T13:49:08Z,abcde_forensics_stage_founders_depth14,pool1msh7sfurmkgcqswwqg5guf3cxgqz4rkkc57g6f9te5u6y385hhj,owner,stake1u9hw43pd2flmdtqa342cg0jm9qs66fp6dshrvp3eu48q5hcplhk5g,11,iog,261,78380790000,b74fc3cf2d6b21a0871f23cabc8e4177f1f002648ffc5e8355fc571af7894295
2026-06-11T13:49:08Z,abcde_forensics_stage_founders_depth14,pool1msh7sfurmkgcqswwqg5guf3cxgqz4rkkc57g6f9te5u6y385hhj,reward_address,stake1u9hw43pd2flmdtqa342cg0jm9qs66fp6dshrvp3eu48q5hcplhk5g,11,iog,261,78380790000,b74fc3cf2d6b21a0871f23cabc8e4177f1f002648ffc5e8355fc571af7894295
2026-06-11T13:49:08Z,abcde_forensics_stage_founders_depth14,pool1mtnhc34ylrthfu7vzja3em2j5csaq3ewd5z294hs8xw2w6nupuf,owner,stake1u8kzxltypugrwnfy8ugdsg8wqkrawdjaepx567udgnnx6hs8z8mv8,13,iog,330,33000000000,cc0cafb1a08faeb52fea2e6ff2a856520ed6ca9bd73943f2a9bc0aa64c79665e
2026-06-11T13:49:08Z,abcde_forensics_stage_founders_depth14,pool1mtnhc34ylrthfu7vzja3em2j5csaq3ewd5z294hs8xw2w6nupuf,reward_address,stake1u8kzxltypugrwnfy8ugdsg8wqkrawdjaepx567udgnnx6hs8z8mv8,13,iog,330,33000000000,cc0cafb1a08faeb52fea2e6ff2a856520ed6ca9bd73943f2a9bc0aa64c79665e
2026-06-11T13:49:08Z,abcde_forensics_stage_founders_depth14,pool1muqaevafaztxkcmkumndhpeellmjedmf5w63w3ek2g965mp6ne7,owner,stake1u97a65kzw3zdz98eshzzg23kr28ue24jvzza3j9am5lng0shavyx2,11,iog,264,25000000000,01dff6a1f15c963fa9453099d1dba9cb0db6e2b9d6b72b558ce68455529180f7
2026-06-11T13:49:08Z,abcde_forensics_stage_founders_depth14,pool1muqaevafaztxkcmkumndhpeellmjedmf5w63w3ek2g965mp6ne7,reward_address,stake1u97a65kzw3zdz98eshzzg23kr28ue24jvzza3j9am5lng0shavyx2,11,iog,264,25000000000,01dff6a1f15c963fa9453099d1dba9cb0db6e2b9d6b72b558ce68455529180f7
2026-06-11T13:49:08Z,abcde_forensics_stage_founders_depth14,pool1mv9jm887f4gdpr0f5p8rerewjsdgvd29lt2awtdnmj3ggkq973a,owner,stake1uyq405f7jgavqylw2kskgwp48np5hjsevcrxpxxjpuwr0ggaxjexq,14,iog,271,10150000000,14a63a9e80801f6526121cc39ef8f413d2810550b79e00d86a4f3e6ccb795f77
2026-06-11T13:49:08Z,abcde_forensics_stage_founders_depth14,pool1mv9jm887f4gdpr0f5p8rerewjsdgvd29lt2awtdnmj3ggkq973a,reward_address,stake1uyq405f7jgavqylw2kskgwp48np5hjsevcrxpxxjpuwr0ggaxjexq,14,iog,271,10150000000,14a63a9e80801f6526121cc39ef8f413d2810550b79e00d86a4f3e6ccb795f77
2026-06-11T13:49:08Z,abcde_forensics_stage_founders_depth14,pool1mw8jpnmxd22vw4h68uqw70nx24vfju4aav9rznesc4vnjnt68g4,owner,stake1uy209vjllafcass38s3k4wr8k25sdgwz62awwdfklykrgjsj70tt4,13,emurgo+iog,345,500000000,1033bb33aff4d285eed3fda1400b9a11826b29bc71f6c2081c570bfd52dfda51
2026-06-11T13:49:08Z,abcde_forensics_stage_founders_depth14,pool1mw8jpnmxd22vw4h68uqw70nx24vfju4aav9rznesc4vnjnt68g4,reward_address,stake1uy209vjllafcass38s3k4wr8k25sdgwz62awwdfklykrgjsj70tt4,13,emurgo+iog,345,500000000,1033bb33aff4d285eed3fda1400b9a11826b29bc71f6c2081c570bfd52dfda51
2026-06-11T13:49:08Z,abcde_forensics_stage_founders_depth14,pool1n2j7zmw69gf3weqp3wae234p3lykjks49c84mleqgmnmg4jht3y,owner,stake1uyc67nz24sl23x4jjvsycus200cywjx8nhve56hxlt5egmqdjkw64,14,emurgo,498,50000000000,8493647034ad033b8373a7fd45b4e8177af11e4f1382b5a8c84ad7931c30dd97
2026-06-11T13:49:08Z,abcde_forensics_stage_founders_depth14,pool1n2yp66zk6m33sg8k20hsvmk9tw7xeeswzdcfxhnx9hm9jkxv5k4,owner,stake1u83dlnlj8hrl505nsvrragkrld2em3afqlg0xh5ta0y3aeqj5djre,14,iog,290,100000000000,8bfbf65fef03f96280d99d3e71dd75ce3944aea100b32f8580a4f29efff32b1e
2026-06-11T13:49:08Z,abcde_forensics_stage_founders_depth14,pool1n2yp66zk6m33sg8k20hsvmk9tw7xeeswzdcfxhnx9hm9jkxv5k4,reward_address,stake1u83dlnlj8hrl505nsvrragkrld2em3afqlg0xh5ta0y3aeqj5djre,14,iog,290,100000000000,8bfbf65fef03f96280d99d3e71dd75ce3944aea100b32f8580a4f29efff32b1e
2026-06-11T13:49:08Z,abcde_forensics_stage_founders_depth14,pool1n353xqapcq8wtyskm8cj4g04t8rv03lteyl30c42zug7kzv8vqz,owner,stake1u9nv74yvssk76xuq3nhgynd4nvs50kxm5a2qcqyg8fx658gachvlp,12,emurgo+iog,390,0,c1b7f0c95ea4bfba918a28ccd375ca3bafbeab1be3025fce7417983605c17cea
2026-06-11T13:49:08Z,abcde_forensics_stage_founders_depth14,pool1n353xqapcq8wtyskm8cj4g04t8rv03lteyl30c42zug7kzv8vqz,reward_address,stake1u9nv74yvssk76xuq3nhgynd4nvs50kxm5a2qcqyg8fx658gachvlp,12,emurgo+iog,390,0,c1b7f0c95ea4bfba918a28ccd375ca3bafbeab1be3025fce7417983605c17cea
2026-06-11T13:49:08Z,abcde_forensics_stage_founders_depth14,pool1n3sjq3qvu5vvcd6aud6ndcwq7r3ghmkafcg60gznlwfrk2ucxku,reward_address,stake1u9lhjaaluj359hlevfcrjxlhgtmdvv6lh38qzmzkn0y9zsc8ee04x,14,iog,522,100000000,d09dd2c0f47f33052cc395b8671b1ed3b94ca5b20a42c0de86fc0c8bd4e2bdce
2026-06-11T13:49:08Z,abcde_forensics_stage_founders_depth14,pool1n3x7hlj0erqcwm2qeaycl6d2cr2e0rn7rn64ez9me5cj698l5c4,owner,stake1uy2appz0jnh79wmc250hd8nqwv8mnnv9qfsn8aervmlulngn7859l,14,iog,269,20000000000,5359c50458968ce716d8f797e12879ac489f32023100270c1ecca0fcec7bec51
2026-06-11T13:49:08Z,abcde_forensics_stage_founders_depth14,pool1n3x7hlj0erqcwm2qeaycl6d2cr2e0rn7rn64ez9me5cj698l5c4,reward_address,stake1uy2appz0jnh79wmc250hd8nqwv8mnnv9qfsn8aervmlulngn7859l,14,iog,269,20000000000,5359c50458968ce716d8f797e12879ac489f32023100270c1ecca0fcec7bec51
2026-06-11T13:49:08Z,abcde_forensics_stage_founders_depth14,pool1n75mtv5qwzquyq2cprnu7yqpnyg4ppagpzvcw6gk2un5vadg48a,owner,stake1uxwp23264cs5aruhy6wwk2s3eyn0wn579fcqxyw2wu9pe2g6eu9yh,14,iog,379,1000000000000,16273af0bc3ee3facd3f808adfd81ba6028e82968c245b40225159db20da3980
2026-06-11T13:49:08Z,abcde_forensics_stage_founders_depth14,pool1n75mtv5qwzquyq2cprnu7yqpnyg4ppagpzvcw6gk2un5vadg48a,reward_address,stake1uxwp23264cs5aruhy6wwk2s3eyn0wn579fcqxyw2wu9pe2g6eu9yh,14,iog,379,1000000000000,16273af0bc3ee3facd3f808adfd81ba6028e82968c245b40225159db20da3980
2026-06-11T13:49:08Z,abcde_forensics_stage_founders_depth14,pool1n8xmcjuadnkn8kk9axtjt3ahx5amj4nc8446grdjzfdrzl77xh6,owner,stake1u9ly2737ueu7zr9gnycrkh8rfwzr3x6qzxajpw97d7r7x9qunv5uj,14,emurgo,241,100000000,fa8559aa74aea5d2c7763abc246e4e891c0df851a88ea768dab1295a960fc1bf
2026-06-11T13:49:08Z,abcde_forensics_stage_founders_depth14,pool1n8xmcjuadnkn8kk9axtjt3ahx5amj4nc8446grdjzfdrzl77xh6,reward_address,stake1u9ly2737ueu7zr9gnycrkh8rfwzr3x6qzxajpw97d7r7x9qunv5uj,14,emurgo,241,100000000,fa8559aa74aea5d2c7763abc246e4e891c0df851a88ea768dab1295a960fc1bf
2026-06-11T13:49:08Z,abcde_forensics_stage_founders_depth14,pool1nchr83fc0hrykvhlnh64n3wlt5vkdu727xjep59znrwzs589jdd,owner,stake1u89rhxgy46w3fmspdwjvsxgmchcgkvhhya0cey9y2nhuy9gqezghf,13,iog,502,10000000000,24cff017609f7bf99a41b598a22a4e0320d1f2fb935c4c9d43b9be5004ae8536
2026-06-11T13:49:08Z,abcde_forensics_stage_founders_depth14,pool1nchr83fc0hrykvhlnh64n3wlt5vkdu727xjep59znrwzs589jdd,reward_address,stake1u89rhxgy46w3fmspdwjvsxgmchcgkvhhya0cey9y2nhuy9gqezghf,13,iog,502,10000000000,24cff017609f7bf99a41b598a22a4e0320d1f2fb935c4c9d43b9be5004ae8536
2026-06-11T13:49:08Z,abcde_forensics_stage_founders_depth14,pool1nee5kmpzv0qfz7lu258fe9ylgxh68lsqqdmjgw7jnheej3usn35,owner,stake1u878a0y25vhzzakghvqflyeu2m466jmn7962ge7875dh86qxjhws8,14,iog,457,64000000000000,7567789491e600b692f7aa9ba9b888ebd543672ab8f28bda97ed3b28e55cbf7b
2026-06-11T13:49:08Z,abcde_forensics_stage_founders_depth14,pool1ng0wg25mkdkcmryzh5dcw70p0462z7svegxr9c7d2k5cqf9tt2k,owner,stake1u9x95fd0gldphtrf0mnz4q4hwkra9s86wumhc9d3z0t2gjcv32mw0,14,cf,263,54000000000,080c6f5fe60a4b484e31a32dcb149a2a28a7ca5cf8cbd06b7fa59bd08a3c7838
2026-06-11T13:49:08Z,abcde_forensics_stage_founders_depth14,pool1ng0wg25mkdkcmryzh5dcw70p0462z7svegxr9c7d2k5cqf9tt2k,reward_address,stake1u9x95fd0gldphtrf0mnz4q4hwkra9s86wumhc9d3z0t2gjcv32mw0,14,cf,263,54000000000,080c6f5fe60a4b484e31a32dcb149a2a28a7ca5cf8cbd06b7fa59bd08a3c7838
2026-06-11T13:49:08Z,abcde_forensics_stage_founders_depth14,pool1nhd907krga9dh69kf0jg4tl0764rravepy337gptvsknxyyx94k,owner,stake1u98ryc67ds94sq449y7ncd7nze2mtnhpj26kryvfglg2ggccsyyfg,14,iog,482,95000000000,df1d72ca5a008a4d3fe70eb1bb134407c4aab0c40618469a4541c9fbefd94ce6
2026-06-11T13:49:08Z,abcde_forensics_stage_founders_depth14,pool1nhd907krga9dh69kf0jg4tl0764rravepy337gptvsknxyyx94k,reward_address,stake1u98ryc67ds94sq449y7ncd7nze2mtnhpj26kryvfglg2ggccsyyfg,14,iog,482,95000000000,df1d72ca5a008a4d3fe70eb1bb134407c4aab0c40618469a4541c9fbefd94ce6
2026-06-11T13:49:08Z,abcde_forensics_stage_founders_depth14,pool1nj6ywxadn9uky0fj457pflc5kdq0q3hz5ke6ut3u3at4k6uucv2,owner,stake1uxt6knvsxxxukv9u9gl5k7e9qk30zlfta2hnzjzpstxxs5g0akyf6,14,iog,307,425000000000,ed130ce021b876ab717d862af07994fcb8fefda812078434ec9f18575f9a8deb
2026-06-11T13:49:08Z,abcde_forensics_stage_founders_depth14,pool1nj6ywxadn9uky0fj457pflc5kdq0q3hz5ke6ut3u3at4k6uucv2,reward_address,stake1uxt6knvsxxxukv9u9gl5k7e9qk30zlfta2hnzjzpstxxs5g0akyf6,14,iog,307,425000000000,ed130ce021b876ab717d862af07994fcb8fefda812078434ec9f18575f9a8deb
2026-06-11T13:49:08Z,abcde_forensics_stage_founders_depth14,pool1nq4gzf2rg2awcy6muzxtdsv7v6a50ds2m3l45szrxhyp29xmjmg,owner,stake1uyr8k7qcp3nt80symcd0csvehd77m7slpply28t5ncwkt7q5uqfyp,14,iog,263,490000000,a40ffa91fea9183ab36d7d1b90d9a0463c9d120466fc984f8a2149c5fe5db1f4
2026-06-11T13:49:08Z,abcde_forensics_stage_founders_depth14,pool1nq4gzf2rg2awcy6muzxtdsv7v6a50ds2m3l45szrxhyp29xmjmg,reward_address,stake1uyr8k7qcp3nt80symcd0csvehd77m7slpply28t5ncwkt7q5uqfyp,14,iog,263,490000000,a40ffa91fea9183ab36d7d1b90d9a0463c9d120466fc984f8a2149c5fe5db1f4
2026-06-11T13:49:08Z,abcde_forensics_stage_founders_depth14,pool1nss40t2xhh7ntgp8ca73u2xd8kzyn3dgtf9jfh0y57kxul9zt82,owner,stake1u88jgc7dqewvdnv9ndpl7hmemqruuh39ac6p09g0tdfpxkcc2gh3w,14,iog,624,15000000000,aad273c43d9bf7c2541c7ee79564e7a8bbb709381289412cb00f852651034ab5
2026-06-11T13:49:08Z,abcde_forensics_stage_founders_depth14,pool1nss40t2xhh7ntgp8ca73u2xd8kzyn3dgtf9jfh0y57kxul9zt82,reward_address,stake1u88jgc7dqewvdnv9ndpl7hmemqruuh39ac6p09g0tdfpxkcc2gh3w,14,iog,624,15000000000,aad273c43d9bf7c2541c7ee79564e7a8bbb709381289412cb00f852651034ab5
2026-06-11T13:49:08Z,abcde_forensics_stage_founders_depth14,pool1ntwurms3f0j4kqe5wfpg9chlasylp0lmuw72m4fn66vnuyrvs8v,owner,stake1u99e9mfh66lkc9r5dlxajs57q8g4curcu6g6srdhvwr704qychs3r,14,iog,455,180000000000,4d221ebf7b7b1579fe14ff095e1d5f908035d17720188bbe290cedfea739b9ce
2026-06-11T13:49:08Z,abcde_forensics_stage_founders_depth14,pool1nudasuv0lljpe0tswcverqvlh0v4226vgnpsuxn0e9nkvnvcvne,owner,stake1u99cdqp9r4ljquk2vmuqp39jyw346mwyw04lear7d4qdayshn5d0h,14,iog,590,50000000000,78618d5b441ca14c668a199e09379673b13ce243f47f643c2c18dca87c8972d9
2026-06-11T13:49:08Z,abcde_forensics_stage_founders_depth14,pool1nudasuv0lljpe0tswcverqvlh0v4226vgnpsuxn0e9nkvnvcvne,reward_address,stake1u99cdqp9r4ljquk2vmuqp39jyw346mwyw04lear7d4qdayshn5d0h,14,iog,590,50000000000,78618d5b441ca14c668a199e09379673b13ce243f47f643c2c18dca87c8972d9
2026-06-11T13:49:08Z,abcde_forensics_stage_founders_depth14,pool1nusynxpeg9u8ea7s9snmc7cf25apfk0guzdu4dwxz0uwjr378xt,owner,stake1u9hpqdn5r3c624rkdgl32uj6jp074tyr2tsju8qfu6ep6uqe08syq,13,iog,269,5700000000,3f2925e2f3323f6694ad828f154a5337236e022c8281b42abd1d92815f9472ab
2026-06-11T13:49:08Z,abcde_forensics_stage_founders_depth14,pool1nusynxpeg9u8ea7s9snmc7cf25apfk0guzdu4dwxz0uwjr378xt,reward_address,stake1u9hpqdn5r3c624rkdgl32uj6jp074tyr2tsju8qfu6ep6uqe08syq,13,iog,269,5700000000,3f2925e2f3323f6694ad828f154a5337236e022c8281b42abd1d92815f9472ab
2026-06-11T13:49:08Z,abcde_forensics_stage_founders_depth14,pool1nwt6mxqus3tpzrshky5h5kykz9rjpxmacrvw0z6yak9uk5p5045,owner,stake1u9mdduyap9vewzwdphlk38p77426u6jk5rqgelqy54yyexg6h7cc0,13,iog,277,40000000000,c8f76b5d9447172ed2a023ed60365d8b81d610978a99fa4953583814f9b6570b
2026-06-11T13:49:08Z,abcde_forensics_stage_founders_depth14,pool1nyq3fcx438ydyprzfnpg8y8nkekmjqe2gp3mh04e9hv22ljaavj,owner,stake1uxh2pku0x52glgnu9wnwy3tjvl8xwral5havwlvjcqu09fc6yk4f8,13,emurgo+iog,268,2600000000,a187252d6515c977c47c6d318735d67e8aa8ee1e5fe5c9700777dc597569d140
2026-06-11T13:49:08Z,abcde_forensics_stage_founders_depth14,pool1nyq3fcx438ydyprzfnpg8y8nkekmjqe2gp3mh04e9hv22ljaavj,reward_address,stake1uxh2pku0x52glgnu9wnwy3tjvl8xwral5havwlvjcqu09fc6yk4f8,13,emurgo+iog,268,2600000000,a187252d6515c977c47c6d318735d67e8aa8ee1e5fe5c9700777dc597569d140
2026-06-11T13:49:08Z,abcde_forensics_stage_founders_depth14,pool1nzmkgkksk0nccq3nhe7ysaq7stm4mc3x2llkpesfvpa32v5et7s,owner,stake1u9mtx30hke0lkvspn5ag5ut50609n33xn3shrddq8hy6gsqyz6l0w,13,iog,257,200000000,98bed0041422fe45ce5f79dac723cfdb697566ee51ee88f9ad948a46fd5dcd37
2026-06-11T13:49:08Z,abcde_forensics_stage_founders_depth14,pool1nzmkgkksk0nccq3nhe7ysaq7stm4mc3x2llkpesfvpa32v5et7s,reward_address,stake1u9mtx30hke0lkvspn5ag5ut50609n33xn3shrddq8hy6gsqyz6l0w,13,iog,257,200000000,98bed0041422fe45ce5f79dac723cfdb697566ee51ee88f9ad948a46fd5dcd37
2026-06-11T13:49:08Z,abcde_forensics_stage_founders_depth14,pool1p2hrds5ldc3ns0fa4jmapaxe9s6q9l0j8c672hkdtfzlq5xrhtr,owner,stake1uxvhcn3mmp0u2q2pcaa39edfprz86ru93mg26s6lts72t4qsh2tvy,12,iog,255,1000000000,ef12f2654bbc55824a75a0c807861e0e570b1e91e2c2836fb3231c068dd77bc1
2026-06-11T13:49:08Z,abcde_forensics_stage_founders_depth14,pool1p2hrds5ldc3ns0fa4jmapaxe9s6q9l0j8c672hkdtfzlq5xrhtr,reward_address,stake1uxvhcn3mmp0u2q2pcaa39edfprz86ru93mg26s6lts72t4qsh2tvy,12,iog,255,1000000000,ef12f2654bbc55824a75a0c807861e0e570b1e91e2c2836fb3231c068dd77bc1
2026-06-11T13:49:08Z,abcde_forensics_stage_founders_depth14,pool1p2vgec7gamn3zq0pgevauvu5m7gzhzwal48sutz4hc5tk54vnxn,owner,stake1ux4ljl94zhdm8w66tarafyq67eu7whkcz8fe0cx67qtua6qkgtm0n,14,iog,307,32000000,712e1a89100440e9700741efaab24774e52db37c89760ea47ea6812ba2e1817d
2026-06-11T13:49:08Z,abcde_forensics_stage_founders_depth14,pool1p2vgec7gamn3zq0pgevauvu5m7gzhzwal48sutz4hc5tk54vnxn,reward_address,stake1ux4ljl94zhdm8w66tarafyq67eu7whkcz8fe0cx67qtua6qkgtm0n,14,iog,307,32000000,712e1a89100440e9700741efaab24774e52db37c89760ea47ea6812ba2e1817d
2026-06-11T13:49:08Z,abcde_forensics_stage_founders_depth14,pool1p42f6kw9lkgw5tn77kqyrc22zrs4uq298p468gacwzw6gq0ckq2,owner,stake1uxhnndv8edddnxh7zvz4krk8qtswwj0j8ddjux0gvvs8x4g4tg8xj,13,emurgo+iog,575,5000000000,7967a0f6091adee034735de2646da8061e0cc62d303345f5316b13383510a147
2026-06-11T13:49:08Z,abcde_forensics_stage_founders_depth14,pool1p42f6kw9lkgw5tn77kqyrc22zrs4uq298p468gacwzw6gq0ckq2,reward_address,stake1uxhnndv8edddnxh7zvz4krk8qtswwj0j8ddjux0gvvs8x4g4tg8xj,13,emurgo+iog,575,5000000000,7967a0f6091adee034735de2646da8061e0cc62d303345f5316b13383510a147
2026-06-11T13:49:08Z,abcde_forensics_stage_founders_depth14,pool1p7gc68784lys27hc5yk25zmez208ykpx8y2hrr5qmz9aspdyrky,owner,stake1ux4m36473hvjcgvp277uty32hmpjg3lsrg0d2eshpulzlmcqkcswv,14,iog,268,25000000000,ea2b067886aa799a42c0bc7705b1acbfaffce7489e13e9bd096674afd22ca365
2026-06-11T13:49:08Z,abcde_forensics_stage_founders_depth14,pool1p7x98437an7p6c7jf9zdkd0ekmw077q4a3c3r3lazxr0ccgf5vp,owner,stake1u9zvn8kwcmw09v7fv8gvyre9j75c2y35cu3y7lg5f2ycaag7emgck,13,iog,286,14000000000,f49a678464664558455ad21d7a6ff0e96c0edf60d6df586feea4bf6f574baaf1
2026-06-11T13:49:08Z,abcde_forensics_stage_founders_depth14,pool1p7x98437an7p6c7jf9zdkd0ekmw077q4a3c3r3lazxr0ccgf5vp,reward_address,stake1u9zvn8kwcmw09v7fv8gvyre9j75c2y35cu3y7lg5f2ycaag7emgck,13,iog,286,14000000000,f49a678464664558455ad21d7a6ff0e96c0edf60d6df586feea4bf6f574baaf1
2026-06-11T13:49:08Z,abcde_forensics_stage_founders_depth14,pool1p8cgpwp63e08jsckma4y83x4ehc3ynt0tuameh99hmreg0hf7mx,owner,stake1uy7783yf67gh9vg90ds8mm9v0yzvg3kkrxpkl4uxxq32mzqngdck3,14,iog,275,5000000000,1e98f40f4461984d2346b88ffd83c1a53ace9be8881f6a1361d5cd17a6fe2468
2026-06-11T13:49:08Z,abcde_forensics_stage_founders_depth14,pool1p8cgpwp63e08jsckma4y83x4ehc3ynt0tuameh99hmreg0hf7mx,reward_address,stake1uy7783yf67gh9vg90ds8mm9v0yzvg3kkrxpkl4uxxq32mzqngdck3,14,iog,275,5000000000,1e98f40f4461984d2346b88ffd83c1a53ace9be8881f6a1361d5cd17a6fe2468
2026-06-11T13:49:08Z,abcde_forensics_stage_founders_depth14,pool1p9njaxdmjd5w4k85ywp9ytw769wtdnfrdagavydxjjrysnaj3gu,owner,stake1u9s0mm44dd3ehu7yymcl80j2ghpukcafpv5zmfl5d9fryzgu27264,13,iog,249,1012807547,f08945bcba6bbb0c9c09d0ef7a9ea8f2473a9d05e14731e76a4513580770218f
2026-06-11T13:49:08Z,abcde_forensics_stage_founders_depth14,pool1p9njaxdmjd5w4k85ywp9ytw769wtdnfrdagavydxjjrysnaj3gu,reward_address,stake1u9s0mm44dd3ehu7yymcl80j2ghpukcafpv5zmfl5d9fryzgu27264,13,iog,249,1012807547,f08945bcba6bbb0c9c09d0ef7a9ea8f2473a9d05e14731e76a4513580770218f
2026-06-11T13:49:08Z,abcde_forensics_stage_founders_depth14,pool1p9sda64t6l9802tsu2fj6phvt9xfqgcpjucyr3kek8wzurmn8rz,owner,stake1uy76j6taxp45dwxe5247ch5pcf8hrlqsxknt5ytz3he4nwg5y2yma,13,iog,580,200000000000,50a7298031b8e3c3eaa84d479818524074fa6e2c9c6fc8a29f9a76989a477dd5
2026-06-11T13:49:08Z,abcde_forensics_stage_founders_depth14,pool1p9sda64t6l9802tsu2fj6phvt9xfqgcpjucyr3kek8wzurmn8rz,reward_address,stake1uy76j6taxp45dwxe5247ch5pcf8hrlqsxknt5ytz3he4nwg5y2yma,13,iog,580,200000000000,50a7298031b8e3c3eaa84d479818524074fa6e2c9c6fc8a29f9a76989a477dd5
2026-06-11T13:49:08Z,abcde_forensics_stage_founders_depth14,pool1pclcqwg45da00d4py9qfry3k86w7vkzjgfmvyrpx75g7u8t9nwf,owner,stake1u8vwdyst2dhs79ae94efm59hy77mm8m0wuw8nyzpz9fa7pcktnh2w,13,iog,548,35000000000,0efd0dea20472e227645a5d6f8cfe51b7495cd30fb083280369e919ae31f81ba
2026-06-11T13:49:08Z,abcde_forensics_stage_founders_depth14,pool1pclcqwg45da00d4py9qfry3k86w7vkzjgfmvyrpx75g7u8t9nwf,reward_address,stake1u8vwdyst2dhs79ae94efm59hy77mm8m0wuw8nyzpz9fa7pcktnh2w,13,iog,548,35000000000,0efd0dea20472e227645a5d6f8cfe51b7495cd30fb083280369e919ae31f81ba
2026-06-11T13:49:08Z,abcde_forensics_stage_founders_depth14,pool1pcufq7q37d0mn9ks98wr862rkmppm98am4cv5avv5u25gl4ll45,owner,stake1u8xyc49da8x809trmdan2uyac7tzzrpqadzsprp5l394qnsy4jx3x,14,emurgo+iog,255,13100000000,649d291b7dbbfdea12fbb0a093dc0e6c9f162571e3b07fccfc7f97b826e0e509
2026-06-11T13:49:08Z,abcde_forensics_stage_founders_depth14,pool1pcufq7q37d0mn9ks98wr862rkmppm98am4cv5avv5u25gl4ll45,reward_address,stake1u8xyc49da8x809trmdan2uyac7tzzrpqadzsprp5l394qnsy4jx3x,14,emurgo+iog,255,13100000000,649d291b7dbbfdea12fbb0a093dc0e6c9f162571e3b07fccfc7f97b826e0e509
2026-06-11T13:49:08Z,abcde_forensics_stage_founders_depth14,pool1pf6yhzdr9vpct5rc3dtwersl4lyuglp80l4jc67kf2qj29xjg2u,owner,stake1u9uqu2d57dq2rk2gx50jc2yqed62snyvexm4v7dvc0j7d4gj0zma9,14,emurgo,636,1000000000,fa977b3beeb5ed21f03472d1d718f757a76267506df44da1f89e40ce34f3465c
2026-06-11T13:49:08Z,abcde_forensics_stage_founders_depth14,pool1pf6yhzdr9vpct5rc3dtwersl4lyuglp80l4jc67kf2qj29xjg2u,reward_address,stake1u9uqu2d57dq2rk2gx50jc2yqed62snyvexm4v7dvc0j7d4gj0zma9,14,emurgo,636,1000000000,fa977b3beeb5ed21f03472d1d718f757a76267506df44da1f89e40ce34f3465c
2026-06-11T13:49:08Z,abcde_forensics_stage_founders_depth14,pool1pfprlfz0ywcnewjegazz05ghgcfkvu40v6edsz6yn8w362sdjr8,owner,stake1u9qwlnutatg4s67lpewg950r76uqnf9ywv6md9xpnf8666sp3khcw,12,iog,529,80000000000,d1597d42725b73f667bd599f4400b1d317cca88b4204523725a96b198b2ff5ab
2026-06-11T13:49:08Z,abcde_forensics_stage_founders_depth14,pool1pfxcaewcrl3uzn5dnnqcnwxmtv8dl3lq6fl27g7jasajjke2zfw,owner,stake1u8d8jjnya4etgdx7rxscak9juzdkgpw370t8dcyzakfhy2c8s47gg,14,iog,263,1000000,0a76edbde6c476a84ba80dd261a83adb731669b0c9977eb1b4e9d2c816f65fa9
2026-06-11T13:49:08Z,abcde_forensics_stage_founders_depth14,pool1pfxcaewcrl3uzn5dnnqcnwxmtv8dl3lq6fl27g7jasajjke2zfw,reward_address,stake1u8d8jjnya4etgdx7rxscak9juzdkgpw370t8dcyzakfhy2c8s47gg,14,iog,263,1000000,0a76edbde6c476a84ba80dd261a83adb731669b0c9977eb1b4e9d2c816f65fa9
2026-06-11T13:49:08Z,abcde_forensics_stage_founders_depth14,pool1pgdw8zfuwjkqhkl5fycfkdplkwqkmwvx7gsr2rkvvpnf23wwg8r,owner,stake1uypuzp29k24z7jka4x7z0d60qsx92rs006k7sl3e3rnuhuck7xxg7,12,emurgo,239,128000000000,ea7d3dd428016db947dc7eec53755d709bb47736694d5aed9d1efaa4458d0d7d
2026-06-11T13:49:08Z,abcde_forensics_stage_founders_depth14,pool1pgdw8zfuwjkqhkl5fycfkdplkwqkmwvx7gsr2rkvvpnf23wwg8r,reward_address,stake1uypuzp29k24z7jka4x7z0d60qsx92rs006k7sl3e3rnuhuck7xxg7,12,emurgo,239,128000000000,ea7d3dd428016db947dc7eec53755d709bb47736694d5aed9d1efaa4458d0d7d
2026-06-11T13:49:08Z,abcde_forensics_stage_founders_depth14,pool1pk6q8vjxu0404jzq0dpt7fceyz9yu57lmx5csne8tmce5nx523m,owner,stake1u9l95yyc7cjrgthzkmr4y06fwhdn3ljc3aspus3jfh0gfks08cdle,14,iog,283,30000000000,09d1137779056f859b048c0bd8538df15cbec1db2c2b457f153c6b8a92d330c2
2026-06-11T13:49:08Z,abcde_forensics_stage_founders_depth14,pool1pk6q8vjxu0404jzq0dpt7fceyz9yu57lmx5csne8tmce5nx523m,reward_address,stake1u9l95yyc7cjrgthzkmr4y06fwhdn3ljc3aspus3jfh0gfks08cdle,14,iog,283,30000000000,09d1137779056f859b048c0bd8538df15cbec1db2c2b457f153c6b8a92d330c2
2026-06-11T13:49:08Z,abcde_forensics_stage_founders_depth14,pool1pkpey8fua58sqvkwr9w4zyxhnvrqhnucnu8g2cupeggsyxee6ke,owner,stake1u84r2qulvcxuuv3mav3kxk0v7q6jj3ksyhx0nqum0gtvx5qncgn7m,14,iog,258,700000000,86c160e5b48d79796a04fdde6c250a2fbcfba5b9e4edbf8f8f78566fe5fbfd2a
2026-06-11T13:49:08Z,abcde_forensics_stage_founders_depth14,pool1pkpey8fua58sqvkwr9w4zyxhnvrqhnucnu8g2cupeggsyxee6ke,reward_address,stake1u84r2qulvcxuuv3mav3kxk0v7q6jj3ksyhx0nqum0gtvx5qncgn7m,14,iog,258,700000000,86c160e5b48d79796a04fdde6c250a2fbcfba5b9e4edbf8f8f78566fe5fbfd2a
2026-06-11T13:49:08Z,abcde_forensics_stage_founders_depth14,pool1pmsjsvnd506xqzwlcavexcl86ta046eqz74xzvt97688urmd0qj,owner,stake1uywxgn3xfqtsuyt5a3nz2cunaxmcytpwm7llpewcls3249sec73yu,14,iog,336,100000000,8a6e49aea57ffff85b14593e4393ca03988d53adb231679419406c33e5aee78a
2026-06-11T13:49:08Z,abcde_forensics_stage_founders_depth14,pool1pmsjsvnd506xqzwlcavexcl86ta046eqz74xzvt97688urmd0qj,reward_address,stake1uywxgn3xfqtsuyt5a3nz2cunaxmcytpwm7llpewcls3249sec73yu,14,iog,336,100000000,8a6e49aea57ffff85b14593e4393ca03988d53adb231679419406c33e5aee78a
2026-06-11T13:49:08Z,abcde_forensics_stage_founders_depth14,pool1pn36hexudnjg6uwvxc5tld3ay2g6ty99ardzhn7crhkhzshjpte,owner,stake1uy3fxhe685f8andac6nqnt00sz7hlznkyczph7ftavs27cczw0chn,13,iog,545,500000000,0288fef3e8b2820e3e848f9582c88b7d4628c64a25e9f0e0214aa6d6bb16a29a
2026-06-11T13:49:08Z,abcde_forensics_stage_founders_depth14,pool1pn36hexudnjg6uwvxc5tld3ay2g6ty99ardzhn7crhkhzshjpte,reward_address,stake1uy3fxhe685f8andac6nqnt00sz7hlznkyczph7ftavs27cczw0chn,13,iog,545,500000000,0288fef3e8b2820e3e848f9582c88b7d4628c64a25e9f0e0214aa6d6bb16a29a
2026-06-11T13:49:08Z,abcde_forensics_stage_founders_depth14,pool1pnjpjwplwycr9f8zs40hnvga7zfwsgxe49crqsfgkjnvkn54sd5,owner,stake1u8jfl7vm7ak0p2xqmanmlsjlp6vauhdwuugsa767wh8fsxs3m2ttu,13,iog,276,2002000000,a0c4e135e354f9d590ea60af2f460fc2b011ee1dd5b43dc134f6170ff7c32c58
2026-06-11T13:49:08Z,abcde_forensics_stage_founders_depth14,pool1pnr90ceh9e8trtg84fyjuc6ruqnxlgd0fl683hqt7eckymjtmrq,owner,stake1uyk9zm47vlyhp00h6rgm9a5ag7szsnkgmv4nz04pc20qm0sdffl0p,14,iog,296,100000000,4ceb72c672003770d95fe53b58186fed65d59554dc1bb1f64160296ed7228457
2026-06-11T13:49:08Z,abcde_forensics_stage_founders_depth14,pool1pnr90ceh9e8trtg84fyjuc6ruqnxlgd0fl683hqt7eckymjtmrq,reward_address,stake1uyk9zm47vlyhp00h6rgm9a5ag7szsnkgmv4nz04pc20qm0sdffl0p,14,iog,296,100000000,4ceb72c672003770d95fe53b58186fed65d59554dc1bb1f64160296ed7228457
2026-06-11T13:49:08Z,abcde_forensics_stage_founders_depth14,pool1pp346nrz3vw5yujpvgv9tl3vhdnteeqkq6dhykfp5s595jq75rj,owner,stake1uyscy5pgsa2c67w3zmn36wfddn4n8cedn6ygn9ygylzmd5qrhm57l,14,iog,368,8000000000,88660eca934d0dc0bbefd68bf257f90044e68f161ccb02d78c608159524ffa7c
2026-06-11T13:49:08Z,abcde_forensics_stage_founders_depth14,pool1pq2quyx6ec3l6w26zl3r6lvxvjc5v6g9vr5ejvyd9tq0un4yd0d,owner,stake1ux93vgzwfj4w9qusa0cjv2mvfuqr7et0mm7kw07z6vex84gg3y2el,14,iog,255,1000000000,529a83d0f68da40722b3be45f962c1234ecb7d569da830fc7c3a37a2f5d18316
2026-06-11T13:49:08Z,abcde_forensics_stage_founders_depth14,pool1pq2quyx6ec3l6w26zl3r6lvxvjc5v6g9vr5ejvyd9tq0un4yd0d,reward_address,stake1ux93vgzwfj4w9qusa0cjv2mvfuqr7et0mm7kw07z6vex84gg3y2el,14,iog,255,1000000000,529a83d0f68da40722b3be45f962c1234ecb7d569da830fc7c3a37a2f5d18316
2026-06-11T13:49:08Z,abcde_forensics_stage_founders_depth14,pool1ps3quyamsmn5cvp403tgjzgpfwha5u4dr2zc3wtts5kgqc078se,owner,stake1u8uzg9c7uc6twldptqe0wphug3unx2nkdru6n5qwmlzqegcwe782d,12,emurgo+iog,254,50000000,ddce965bb0091c18278c3901b12fab09dab5c2e7c57c45ea8302a3858545a9c0
2026-06-11T13:49:08Z,abcde_forensics_stage_founders_depth14,pool1ps3quyamsmn5cvp403tgjzgpfwha5u4dr2zc3wtts5kgqc078se,reward_address,stake1u8uzg9c7uc6twldptqe0wphug3unx2nkdru6n5qwmlzqegcwe782d,12,emurgo+iog,254,50000000,ddce965bb0091c18278c3901b12fab09dab5c2e7c57c45ea8302a3858545a9c0
2026-06-11T13:49:08Z,abcde_forensics_stage_founders_depth14,pool1ps7kjkew07y2vufhkx2dexd8dxgf6a0tscf3a95evmg56gjljrv,owner,stake1uy889rs2dkmha5dacxz2uj47c8w80ghymnktu66mj87w99c4l0r4y,14,iog,264,4000000000,67603e0bad98ba618cef1b2d517a3e856a9df976033cc3c473ed0e23960d623b
2026-06-11T13:49:08Z,abcde_forensics_stage_founders_depth14,pool1ps7kjkew07y2vufhkx2dexd8dxgf6a0tscf3a95evmg56gjljrv,reward_address,stake1uy889rs2dkmha5dacxz2uj47c8w80ghymnktu66mj87w99c4l0r4y,14,iog,264,4000000000,67603e0bad98ba618cef1b2d517a3e856a9df976033cc3c473ed0e23960d623b
2026-06-11T13:49:08Z,abcde_forensics_stage_founders_depth14,pool1pu49urd00qf9zzeghrks03tvszzvrdzecw649ag5dwd07snx69n,owner,stake1u9v89a6aant4gnl7ffuhzehucecv8suupeu68ahk8grh04geyl7kt,13,emurgo+iog,254,10000000000,aebf82d9ad4808d9c340d5cea56e3d69375787c584b6714de33c5de577fdb4d1
2026-06-11T13:49:08Z,abcde_forensics_stage_founders_depth14,pool1pu49urd00qf9zzeghrks03tvszzvrdzecw649ag5dwd07snx69n,reward_address,stake1u9v89a6aant4gnl7ffuhzehucecv8suupeu68ahk8grh04geyl7kt,13,emurgo+iog,254,10000000000,aebf82d9ad4808d9c340d5cea56e3d69375787c584b6714de33c5de577fdb4d1
2026-06-11T13:49:08Z,abcde_forensics_stage_founders_depth14,pool1pzqdfptvl5f8vh28az37jag2wkfmqz9x8d6eufl8y0z9q34hlr7,owner,stake1u80jpdrfuzp679d25qq6urm2xteq3y943ny66z5xjpnkpngnrlh5j,10,emurgo+iog,611,900000000000,d3db96f7c3fda6e56eb64557abaf4f8b04ee917e2cf7fb1d8c7cea796d4ce25c
2026-06-11T13:49:08Z,abcde_forensics_stage_founders_depth14,pool1pzqdfptvl5f8vh28az37jag2wkfmqz9x8d6eufl8y0z9q34hlr7,owner,stake1u9wv9lfuqcqfk74rmrh038zgxc40hy868muy4tzgj4683ng6ylnsf,11,emurgo+iog,611,900000000000,d3db96f7c3fda6e56eb64557abaf4f8b04ee917e2cf7fb1d8c7cea796d4ce25c
2026-06-11T13:49:08Z,abcde_forensics_stage_founders_depth14,pool1pzqdfptvl5f8vh28az37jag2wkfmqz9x8d6eufl8y0z9q34hlr7,reward_address,stake1u9wv9lfuqcqfk74rmrh038zgxc40hy868muy4tzgj4683ng6ylnsf,11,emurgo+iog,611,900000000000,d3db96f7c3fda6e56eb64557abaf4f8b04ee917e2cf7fb1d8c7cea796d4ce25c
2026-06-11T13:49:08Z,abcde_forensics_stage_founders_depth14,pool1q0a7a94cfk4ph7gugj636tsuhhd98l2sfjv2adhaff2mvs7kmtl,reward_address,stake1uxcmc9r2t7cxs0zw8qm8ztg3twvxryzghsc8eszek6kuwms23gya4,12,iog,382,1000000000,d87077cc3a82890ad1c718d6d6066a3f0a493e7ce6466d3785433ec51a0d9694
2026-06-11T13:49:08Z,abcde_forensics_stage_founders_depth14,pool1q0jmr57udknpq8k5qtgt5vgdjq9pzrzevf68966wxn8zgz7qy3w,owner,stake1uygww0a9nlgteppsj4mnchwnwmgnlqacwgujxdzg8w97q6qe0qqqx,12,iog,600,50000000000,90a01e8a641ed66e6935c40cd19eeceba45a740b19d76fb2d7b32845aa4e35bb
2026-06-11T13:49:08Z,abcde_forensics_stage_founders_depth14,pool1q0jmr57udknpq8k5qtgt5vgdjq9pzrzevf68966wxn8zgz7qy3w,owner,stake1uyjstlfjjc0ws4p7fuzf30udstp5f2d5wcftc87ux5vfe0s84hlg9,13,iog,600,50000000000,90a01e8a641ed66e6935c40cd19eeceba45a740b19d76fb2d7b32845aa4e35bb
2026-06-11T13:49:08Z,abcde_forensics_stage_founders_depth14,pool1q5za50d3sr707xkmjtyrs0v76ezxyj8g8uhggfk0wfl77aufd9k,owner,stake1uysry9qhpldhjz6594ya3enme5gyhp46gex5geunc6x0fecm5acnt,11,emurgo+iog,411,725000000000,4bdbc11fc522fcb107e2ec85df15c082c91a49e16edb64ec2501863b857511b2
2026-06-11T13:49:08Z,abcde_forensics_stage_founders_depth14,pool1q5zd9f96akga9ychn3ya6wwc8vczl5ynkc30w5m7kq35kk868dv,owner,stake1uxammdd8pg8vtn2auv60r4d2tqrzp326nvq804gamdcp8qcvcxull,14,iog,265,10300000000,b6710e99f6dc5ddab301021bbc1786d791a3446d13011240b507d3fb7f5f67ca
2026-06-11T13:49:08Z,abcde_forensics_stage_founders_depth14,pool1q5zd9f96akga9ychn3ya6wwc8vczl5ynkc30w5m7kq35kk868dv,reward_address,stake1uxammdd8pg8vtn2auv60r4d2tqrzp326nvq804gamdcp8qcvcxull,14,iog,265,10300000000,b6710e99f6dc5ddab301021bbc1786d791a3446d13011240b507d3fb7f5f67ca
2026-06-11T13:49:08Z,abcde_forensics_stage_founders_depth14,pool1q6ydlweuzytf4wxdnr9h7qxalu7v3kg4c2t6m7uysn0r67jqx62,owner,stake1u8c9dux2ycyksqpsu5gtv6hdwx95dqw2zdqta8ss7luw8qgwmtl7q,14,iog,260,8000000000,6158f1bc3118df694c99b8a06594c614b4fe0df4b309b5b490813fe71af0d563
2026-06-11T13:49:08Z,abcde_forensics_stage_founders_depth14,pool1q6ydlweuzytf4wxdnr9h7qxalu7v3kg4c2t6m7uysn0r67jqx62,reward_address,stake1u8c9dux2ycyksqpsu5gtv6hdwx95dqw2zdqta8ss7luw8qgwmtl7q,14,iog,260,8000000000,6158f1bc3118df694c99b8a06594c614b4fe0df4b309b5b490813fe71af0d563
2026-06-11T13:49:08Z,abcde_forensics_stage_founders_depth14,pool1q78mtn420rhjjwghfmlwuyasj3eq655nhhq3sxkyh3w77dj8zy8,owner,stake1uxf6vxg23nekeeqgpynpmuyeat9jqu6g5jcz3r9h8973xysanz5wm,12,emurgo+iog,306,50000000000,4194d0d11f7f1e504576a18b8f27ae88cf396ee4348451ad8427603acdb3e4c5
2026-06-11T13:49:08Z,abcde_forensics_stage_founders_depth14,pool1q78mtn420rhjjwghfmlwuyasj3eq655nhhq3sxkyh3w77dj8zy8,reward_address,stake1uxf6vxg23nekeeqgpynpmuyeat9jqu6g5jcz3r9h8973xysanz5wm,12,emurgo+iog,306,50000000000,4194d0d11f7f1e504576a18b8f27ae88cf396ee4348451ad8427603acdb3e4c5
2026-06-11T13:49:08Z,abcde_forensics_stage_founders_depth14,pool1q80jjs53w0fx836n8g38gtdwr8ck5zre3da90peuxn84sj3cu0r,owner,stake1uxxsa2rlkv728pve3ks7kn7c6v68luagdjgwa0medy6vp9suv96q8,11,iog,617,2000000000,47786b24eb9a786f9c758e715c25b4e17cfc806d6eb4531d1db5ffbdda105c45
2026-06-11T13:49:08Z,abcde_forensics_stage_founders_depth14,pool1q80jjs53w0fx836n8g38gtdwr8ck5zre3da90peuxn84sj3cu0r,reward_address,stake1uxxsa2rlkv728pve3ks7kn7c6v68luagdjgwa0medy6vp9suv96q8,11,iog,617,2000000000,47786b24eb9a786f9c758e715c25b4e17cfc806d6eb4531d1db5ffbdda105c45
2026-06-11T13:49:08Z,abcde_forensics_stage_founders_depth14,pool1q8sll5g69z98q6mmu5teg7zn4fnlsqjyq898e6cxmec0cj9lk6r,owner,stake1u8sgnap4ck9fz95cpa023q365z94h70uunc2h4jm43zz7sqtyl0um,13,iog,288,100000000,da8edc69ded86477cddd0e5e3ef28f50afb17df23f86382117e68864f1772a9c
2026-06-11T13:49:08Z,abcde_forensics_stage_founders_depth14,pool1q8sll5g69z98q6mmu5teg7zn4fnlsqjyq898e6cxmec0cj9lk6r,reward_address,stake1u8sgnap4ck9fz95cpa023q365z94h70uunc2h4jm43zz7sqtyl0um,13,iog,288,100000000,da8edc69ded86477cddd0e5e3ef28f50afb17df23f86382117e68864f1772a9c
2026-06-11T13:49:08Z,abcde_forensics_stage_founders_depth14,pool1qa2h3hha0m5he0429ym7tqvsn89nsddvn7wgkx3v8g6hsstdzc0,owner,stake1uyqdnzksrxmkujfxc42yaqrlq4v7mhymmhf6pcnk9lphagg940t3c,14,iog,437,80000000000,81d4b5ef978d8191a1f7f232bc5278dddaf974c40aa3bbea40b03d10a68e8efa
2026-06-11T13:49:08Z,abcde_forensics_stage_founders_depth14,pool1qa2h3hha0m5he0429ym7tqvsn89nsddvn7wgkx3v8g6hsstdzc0,owner,stake1uyy2ax79qygadz6c7z8kh2zfde7lw35h9d207234yevv06cpa2egd,13,iog,437,80000000000,81d4b5ef978d8191a1f7f232bc5278dddaf974c40aa3bbea40b03d10a68e8efa
2026-06-11T13:49:08Z,abcde_forensics_stage_founders_depth14,pool1qa2h3hha0m5he0429ym7tqvsn89nsddvn7wgkx3v8g6hsstdzc0,reward_address,stake1uyy2ax79qygadz6c7z8kh2zfde7lw35h9d207234yevv06cpa2egd,13,iog,437,80000000000,81d4b5ef978d8191a1f7f232bc5278dddaf974c40aa3bbea40b03d10a68e8efa
2026-06-11T13:49:08Z,abcde_forensics_stage_founders_depth14,pool1qa6lqyu67ghpa0evxfu9nzqkj3h82qpfku82ec79zdwru4pd25m,owner,stake1ux0smyhynp4044pruq79jtmlru2j968l4tzrr0nqn334c4g8lreg9,14,iog,381,500000000000,8524278c6b254b5e04884570953118fcda684d651a5925e3b5eb0cf09e3bb205
2026-06-11T13:49:08Z,abcde_forensics_stage_founders_depth14,pool1qa6lqyu67ghpa0evxfu9nzqkj3h82qpfku82ec79zdwru4pd25m,reward_address,stake1ux0smyhynp4044pruq79jtmlru2j968l4tzrr0nqn334c4g8lreg9,14,iog,381,500000000000,8524278c6b254b5e04884570953118fcda684d651a5925e3b5eb0cf09e3bb205
2026-06-11T13:49:08Z,abcde_forensics_stage_founders_depth14,pool1qadgwr92pgx0yz3u9n63f0s9ugryaud6wxers850z6sfu06y3rg,owner,stake1u9r27tg7k5dghcvxlsc7hanny0rx2duqa4lsp9vxlaml0jc9a8lmc,13,iog,525,0,639c5230f72a3ea3fe0808df3ec1ebd1e5150ae64fc20fd80d19887cfc5d414c
2026-06-11T13:49:08Z,abcde_forensics_stage_founders_depth14,pool1qadgwr92pgx0yz3u9n63f0s9ugryaud6wxers850z6sfu06y3rg,reward_address,stake1u9r27tg7k5dghcvxlsc7hanny0rx2duqa4lsp9vxlaml0jc9a8lmc,13,iog,525,0,639c5230f72a3ea3fe0808df3ec1ebd1e5150ae64fc20fd80d19887cfc5d414c
2026-06-11T13:49:08Z,abcde_forensics_stage_founders_depth14,pool1qaxrj6n50naglqmzj5puq5sd0awgy9wnqmykpwmcah4vzhndpve,owner,stake1u9ea4vcurag3ph050utrhvk0y8z7fev6nxsuazp2zq7dq2g2cvlm9,14,iog,469,50000000000,1e79d83a3c667b1317f29e9241d390dbce4a8a0a6098cee747be459467103802
2026-06-11T13:49:08Z,abcde_forensics_stage_founders_depth14,pool1qaxrj6n50naglqmzj5puq5sd0awgy9wnqmykpwmcah4vzhndpve,reward_address,stake1u9ea4vcurag3ph050utrhvk0y8z7fev6nxsuazp2zq7dq2g2cvlm9,14,iog,469,50000000000,1e79d83a3c667b1317f29e9241d390dbce4a8a0a6098cee747be459467103802
2026-06-11T13:49:08Z,abcde_forensics_stage_founders_depth14,pool1qcfzjvw0em6g02pwjqpnfh6260epge5ll3z37ckhcylsjuktkvp,owner,stake1u9jv5ttfvhv0vr0j6003pctp9lvx0xxe8dy0e5c3zu6sm4q2v6fw2,12,cf,308,10000000000,3612edcb3e0e688d17dcf696238febfcbdabba467792de671671ea8e6cc3d2fd
2026-06-11T13:49:08Z,abcde_forensics_stage_founders_depth14,pool1qcfzjvw0em6g02pwjqpnfh6260epge5ll3z37ckhcylsjuktkvp,reward_address,stake1u9jv5ttfvhv0vr0j6003pctp9lvx0xxe8dy0e5c3zu6sm4q2v6fw2,12,cf,308,10000000000,3612edcb3e0e688d17dcf696238febfcbdabba467792de671671ea8e6cc3d2fd
2026-06-11T13:49:08Z,abcde_forensics_stage_founders_depth14,pool1qczjl9df8lfj90d9zhc77wmy80u98xc0f56c45pjx6tukffncsu,owner,stake1uxv289m8umzwsc0r7z4demnr302xyy504zmuhzpqjphcc3cgwyare,14,iog,287,25000000000,446d0a093a23a093ab9d9073fb085626299bb574380c0b42892aabd8fb4f009a
2026-06-11T13:49:08Z,abcde_forensics_stage_founders_depth14,pool1qczjl9df8lfj90d9zhc77wmy80u98xc0f56c45pjx6tukffncsu,owner,stake1uykmvv27l58her59g5wr7lad6cvemj0wwvsqduqwy94vghcyrhfam,13,iog,287,25000000000,446d0a093a23a093ab9d9073fb085626299bb574380c0b42892aabd8fb4f009a
2026-06-11T13:49:08Z,abcde_forensics_stage_founders_depth14,pool1qczjl9df8lfj90d9zhc77wmy80u98xc0f56c45pjx6tukffncsu,reward_address,stake1uxv289m8umzwsc0r7z4demnr302xyy504zmuhzpqjphcc3cgwyare,14,iog,287,25000000000,446d0a093a23a093ab9d9073fb085626299bb574380c0b42892aabd8fb4f009a
2026-06-11T13:49:08Z,abcde_forensics_stage_founders_depth14,pool1qd3hwt2hvkt2jn9lktcjqpdk9cz0mk8qdue35x00p7ud5g0268s,owner,stake1uy6xl0ee5uchges9cevc74f3am38vgu29pgn8ls7plgcs0g3l856s,13,iog,239,42951872000000,13a6762803b9aeef6ddbf2925130a52c6c626cdbb4b0224a91a4c46a8d76e0fb
2026-06-11T13:49:08Z,abcde_forensics_stage_founders_depth14,pool1qd3hwt2hvkt2jn9lktcjqpdk9cz0mk8qdue35x00p7ud5g0268s,reward_address,stake1uy6xl0ee5uchges9cevc74f3am38vgu29pgn8ls7plgcs0g3l856s,13,iog,239,42951872000000,13a6762803b9aeef6ddbf2925130a52c6c626cdbb4b0224a91a4c46a8d76e0fb
2026-06-11T13:49:08Z,abcde_forensics_stage_founders_depth14,pool1qf0wftuxq20v4c0es83qgfunte4uxepx7jesy8nczxz2wv8yld2,owner,stake1u943x7q65yv0tcdydp0x4jw5ulp87t5y2keaksxnykgal7qw5ux37,13,iog,221,300000000,18d2e506f44979f41eb47e36a5120a8195b9fd501e9baacce50a1a5b28e58c69
2026-06-11T13:49:08Z,abcde_forensics_stage_founders_depth14,pool1qf0wftuxq20v4c0es83qgfunte4uxepx7jesy8nczxz2wv8yld2,reward_address,stake1u943x7q65yv0tcdydp0x4jw5ulp87t5y2keaksxnykgal7qw5ux37,13,iog,221,300000000,18d2e506f44979f41eb47e36a5120a8195b9fd501e9baacce50a1a5b28e58c69
2026-06-11T13:49:08Z,abcde_forensics_stage_founders_depth14,pool1qfaq3ay66hkwpr36z46lh8xcartu7wmczkq85g935u2lzxsq47c,owner,stake1uxf4mp5nj4ln30u34van3zp3gwt8r3kreg0z2dzmpynnf2s5wgu3v,14,emurgo,239,0,5450aebadf5b831e1c6969943ce3bb568b155495e4bcd6a91793babc51ac2525
2026-06-11T13:49:08Z,abcde_forensics_stage_founders_depth14,pool1qfaq3ay66hkwpr36z46lh8xcartu7wmczkq85g935u2lzxsq47c,reward_address,stake1uxf4mp5nj4ln30u34van3zp3gwt8r3kreg0z2dzmpynnf2s5wgu3v,14,emurgo,239,0,5450aebadf5b831e1c6969943ce3bb568b155495e4bcd6a91793babc51ac2525
2026-06-11T13:49:08Z,abcde_forensics_stage_founders_depth14,pool1qgjcr8zldwp926kf6vm0c633wfcamkeepylgpcvw24gdksr0ng2,owner,stake1u8axvsqt8y8qrr98nmtucyz6qtatvmckkuq43xav4hh43ucvwua2c,14,iog,273,500000000,c73472fbc3e7a15ecf1631f030e57572d1a14eaaf10ba183caeb533e9b1a87e2
2026-06-11T13:49:08Z,abcde_forensics_stage_founders_depth14,pool1qgjcr8zldwp926kf6vm0c633wfcamkeepylgpcvw24gdksr0ng2,reward_address,stake1u8axvsqt8y8qrr98nmtucyz6qtatvmckkuq43xav4hh43ucvwua2c,14,iog,273,500000000,c73472fbc3e7a15ecf1631f030e57572d1a14eaaf10ba183caeb533e9b1a87e2
2026-06-11T13:49:08Z,abcde_forensics_stage_founders_depth14,pool1qhs3cf9ymc2nvmrd2j8cs36cj9jdqgnqk6s9ngyvy2lz5s8rak8,owner,stake1uyygxmpdwk9qcm3rlkhfk5d34rps06a0wag52nxvsxp7wuqmpj0yy,14,iog,460,166000000000,f10d27429f3066cf7c0c8013cdcea89b3f3056469b05706f1e39911a4aeddc8f
2026-06-11T13:49:08Z,abcde_forensics_stage_founders_depth14,pool1qhs3cf9ymc2nvmrd2j8cs36cj9jdqgnqk6s9ngyvy2lz5s8rak8,reward_address,stake1uyygxmpdwk9qcm3rlkhfk5d34rps06a0wag52nxvsxp7wuqmpj0yy,14,iog,460,166000000000,f10d27429f3066cf7c0c8013cdcea89b3f3056469b05706f1e39911a4aeddc8f
2026-06-11T13:49:08Z,abcde_forensics_stage_founders_depth14,pool1qjfawj9sr2429af8qz4q3kavhfg50mdmqnaajyfwgyle24v70rw,owner,stake1uyc2h75fmx5nr5antnmmttkjj3v0248zketyqtqzpp44dcg3nrxmw,14,iog,252,2494000000,63805cfdfa8eba9206d1c86508f62e9ed3d4e497fc05c6da31cec2cb6fb10dcd
2026-06-11T13:49:08Z,abcde_forensics_stage_founders_depth14,pool1qjfawj9sr2429af8qz4q3kavhfg50mdmqnaajyfwgyle24v70rw,reward_address,stake1uyc2h75fmx5nr5antnmmttkjj3v0248zketyqtqzpp44dcg3nrxmw,14,iog,252,2494000000,63805cfdfa8eba9206d1c86508f62e9ed3d4e497fc05c6da31cec2cb6fb10dcd
2026-06-11T13:49:08Z,abcde_forensics_stage_founders_depth14,pool1qku2yhky7sv4dfjfv42uyvauhehuqevk25aw952d7ulzqzx3jcu,owner,stake1uyjykm5es33pxf02f9kp539w7vwrp3qhl0v8xxc20qpz9xg2rqndf,14,iog,591,250000000000,f1080b12af403c66556d21e3fdcfb3997c81debbce60c897e1f1177b81e38517
2026-06-11T13:49:08Z,abcde_forensics_stage_founders_depth14,pool1qkwseukqpnezhh9gjcuhtse7wp7v8m8asgekl34lh3f5xnnl6z2,owner,stake1uxemhhh5nadglxhzr794ahdhwttnclmqd8gcnnkuzc0alcq3y5022,14,iog,290,5000000,c6152a898ce416fb37cdbf274d59a6bb8f68380a64daa2b857d6bf64e3f1891f
2026-06-11T13:49:08Z,abcde_forensics_stage_founders_depth14,pool1qlpen2kkw8yc0pjyjjcg4zlswhrahf73f99y3ae85kjy6leqk7l,owner,stake1u82pm4rftmx0um3u2vjfyttd3fzrepj034hhy5wjcar3r3szadc33,14,iog,422,1000000,83a79fa8d7461a14d6e84940944d4dc85eababd626f733ce8d013fa5584d5a31
2026-06-11T13:49:08Z,abcde_forensics_stage_founders_depth14,pool1qlpen2kkw8yc0pjyjjcg4zlswhrahf73f99y3ae85kjy6leqk7l,reward_address,stake1u82pm4rftmx0um3u2vjfyttd3fzrepj034hhy5wjcar3r3szadc33,14,iog,422,1000000,83a79fa8d7461a14d6e84940944d4dc85eababd626f733ce8d013fa5584d5a31
2026-06-11T13:49:08Z,abcde_forensics_stage_founders_depth14,pool1qlpjsz5j5vqs59cnu09j90agycj2xvrp45sv0v6euujj60up6dw,owner,stake1uyadmnpu537qq43jc7gqg8usq0l7wv70n2vun3xjnzqz6dsp2kwva,13,iog,315,10000000000,ec1c252e4416169a7eb52564909879368374a24c787cdafbbf5668d1d10d4e30
2026-06-11T13:49:08Z,abcde_forensics_stage_founders_depth14,pool1qlpjsz5j5vqs59cnu09j90agycj2xvrp45sv0v6euujj60up6dw,reward_address,stake1uyadmnpu537qq43jc7gqg8usq0l7wv70n2vun3xjnzqz6dsp2kwva,13,iog,315,10000000000,ec1c252e4416169a7eb52564909879368374a24c787cdafbbf5668d1d10d4e30
2026-06-11T13:49:08Z,abcde_forensics_stage_founders_depth14,pool1qngadlcclnkqgdwd4l3vp5gmgdc7cpkfek76q7rzscqqk5ak9y8,owner,stake1u8e7dcd88wk0elyw0vk306jnnrltfwzaqmjl94v939kh4kger99m2,13,iog,255,10000000000,97cd24cfe60a28063ea128a785eb829e924ec958d7f4249da6cafd5f5abd6997
2026-06-11T13:49:08Z,abcde_forensics_stage_founders_depth14,pool1qngadlcclnkqgdwd4l3vp5gmgdc7cpkfek76q7rzscqqk5ak9y8,reward_address,stake1u8e7dcd88wk0elyw0vk306jnnrltfwzaqmjl94v939kh4kger99m2,13,iog,255,10000000000,97cd24cfe60a28063ea128a785eb829e924ec958d7f4249da6cafd5f5abd6997
2026-06-11T13:49:08Z,abcde_forensics_stage_founders_depth14,pool1qnrqc7zpwye2r9wtkayh2dryvfqs7unp99f2039duljrsaffq5c,reward_address,stake1uxcmc9r2t7cxs0zw8qm8ztg3twvxryzghsc8eszek6kuwms23gya4,12,iog,382,1000000000,03b844fc82a01ea3ff12e78dce2e8454f6b8d6c77bb9dacf7c8025158e6677de
2026-06-11T13:49:08Z,abcde_forensics_stage_founders_depth14,pool1qpuzf5kcxrmuf6qg2nnu9cs7hj2d6ke3fwz58l7rlefcy50caaa,owner,stake1u9egg4uu4gulmt7j5vcdxmzqzh7t5recx7s0vypgwksv6nqpke8ht,14,iog,433,107000000119,fd1cae9d28f0b594bcf5720cda3ecd0c3d409cd4450eb310a008633cf887567e
2026-06-11T13:49:08Z,abcde_forensics_stage_founders_depth14,pool1qq76dtlr0m9g6xlvngzq550j86cgtslphyjffz3pgpn7wazatdc,owner,stake1u82yrtzm4sm4gdwcqk67wc0anz3dhhemwv08repcxgswlsqwess4u,13,iog,566,25000000000,66a4463b559291368eae52d0144f5ccb8859f5c31fdd823f5103c98a491f624d
2026-06-11T13:49:08Z,abcde_forensics_stage_founders_depth14,pool1qq76dtlr0m9g6xlvngzq550j86cgtslphyjffz3pgpn7wazatdc,owner,stake1u9k4gq7f784pl75z2ax59xlddyvwal9m5q7jvaz80e58xmclsstrj,12,iog,566,25000000000,66a4463b559291368eae52d0144f5ccb8859f5c31fdd823f5103c98a491f624d
2026-06-11T13:49:08Z,abcde_forensics_stage_founders_depth14,pool1qq76dtlr0m9g6xlvngzq550j86cgtslphyjffz3pgpn7wazatdc,reward_address,stake1uy30sdntfmrj70qtazcn5tcnvppxy205fkcc05znfe5vw9qhhkfyk,11,iog,566,25000000000,66a4463b559291368eae52d0144f5ccb8859f5c31fdd823f5103c98a491f624d
2026-06-11T13:49:08Z,abcde_forensics_stage_founders_depth14,pool1qqqqrwzy7njvjq9wph7usj5gghm3py9c97688ek8pgc7uem9cfz,owner,stake1uy560y8emug7znzm3h7q5ehl37cr5q96n9svpnaz7c356tsffzf8s,14,iog,221,150000000000,c54fb0dbddc79a27a63741d8cc3f484ff916b26c279c39ec3b54075953725383
2026-06-11T13:49:08Z,abcde_forensics_stage_founders_depth14,pool1qqqqzyqf8mlm70883zht60n4q6uqxg4a8x266sewv8ad2grkztl,owner,stake1uyl79u60973z2l8cs20zz0nkqrnrn5emneytmax2rzksxfceernfv,13,iog,478,100000000000,6a649a9be0cd6ce6fac9d2a24da4dfe834e39244bfdfba0ecf8f89e070bfb105
2026-06-11T13:49:08Z,abcde_forensics_stage_founders_depth14,pool1qrcuca3cuqye7zgnzceagjzmdxmft648zk4l5jtzutr65g8j9ax,owner,stake1uxwk8hrur8gq9d7p2drjmckak8p3jjktj0xmt9y7hcdjzqcha99yf,10,iog,245,500000000,0cac8f4688fcb7fc99845c86f5c6d00d6e169bcf92fd1c5e159077471b8c687e
2026-06-11T13:49:08Z,abcde_forensics_stage_founders_depth14,pool1qrcuca3cuqye7zgnzceagjzmdxmft648zk4l5jtzutr65g8j9ax,reward_address,stake1uxwk8hrur8gq9d7p2drjmckak8p3jjktj0xmt9y7hcdjzqcha99yf,10,iog,245,500000000,0cac8f4688fcb7fc99845c86f5c6d00d6e169bcf92fd1c5e159077471b8c687e
2026-06-11T13:49:08Z,abcde_forensics_stage_founders_depth14,pool1qsxhnvr03tg6jj7cl0y74jd63n85fgejm8tlqq7ct7fexfygkye,owner,stake1u9m8hqxgxk4f74vrwrg56r99ehf292j80zn5zrft6esauycjjuzsf,14,iog,511,50000000000,3e1b8acedd9b6260f671f6cfdd61f254721606b5099279fc4cf418c366cd95f8
2026-06-11T13:49:08Z,abcde_forensics_stage_founders_depth14,pool1qsxhnvr03tg6jj7cl0y74jd63n85fgejm8tlqq7ct7fexfygkye,reward_address,stake1u9m8hqxgxk4f74vrwrg56r99ehf292j80zn5zrft6esauycjjuzsf,14,iog,511,50000000000,3e1b8acedd9b6260f671f6cfdd61f254721606b5099279fc4cf418c366cd95f8
2026-06-11T13:49:08Z,abcde_forensics_stage_founders_depth14,pool1qsykq4vpky4mjmgltjg9wzjgrfag9renr6579d0gyvg6jh5erye,owner,stake1u9l4c9xnnxet3ssfwz6lfcjy9ehss0pgj0hy57y7dpkqxwg23ne5l,13,iog,273,5700000000,40afed2fd2b4a2776025943c6d24011e21a3add10ec592dca90f18abe57c86db
2026-06-11T13:49:08Z,abcde_forensics_stage_founders_depth14,pool1qsykq4vpky4mjmgltjg9wzjgrfag9renr6579d0gyvg6jh5erye,reward_address,stake1u9l4c9xnnxet3ssfwz6lfcjy9ehss0pgj0hy57y7dpkqxwg23ne5l,13,iog,273,5700000000,40afed2fd2b4a2776025943c6d24011e21a3add10ec592dca90f18abe57c86db
2026-06-11T13:49:08Z,abcde_forensics_stage_founders_depth14,pool1qu09ve95eqz4mgygn8a85jhhpce6578lvfvs3ltv5flt5xv66vk,reward_address,stake1u9p4xsjhmkhd3sfw8e5gtjgpz8svaf3qjmmznkszwsmq3fq33wfhm,12,iog,529,13700000000,0ed796269550de8217efb23b972a2a43aba673caf25ed4765fd795c5c9fd4272
2026-06-11T13:49:08Z,abcde_forensics_stage_founders_depth14,pool1quj6cp7w4tarq7hrcdsjxlgcmnunm2xvnpvmj20l9nplue6rjxx,owner,stake1uywz0af68e72hwvzcvq3rn9mt80dj5ypepz3qgerzd3qe0segl2vs,14,iog,485,60000000000,1c1d448a4db5b510d9c7a0b7acf49e3770613524427535237fdda18b443d782e
2026-06-11T13:49:08Z,abcde_forensics_stage_founders_depth14,pool1qvvn2l690zm3v2p0f3vd66ly6cfs2wjqx34zpqcx5pwsx3eprtp,owner,stake1u82qhmgylm2j2xcuwc8ec6ctmh0jtq89x6n894m6zcxvfuqze02qk,14,iog,451,401000000000,fe576f58dc8075373a5bf5ef309accf33376d85a63b373b361f58391991f52fa
2026-06-11T13:49:08Z,abcde_forensics_stage_founders_depth14,pool1qvvn2l690zm3v2p0f3vd66ly6cfs2wjqx34zpqcx5pwsx3eprtp,owner,stake1u8pwdzzrzpkjlm36esegmlzgmmqp5rwnpk3wjdead7che0cw49gmd,14,iog,451,401000000000,fe576f58dc8075373a5bf5ef309accf33376d85a63b373b361f58391991f52fa
2026-06-11T13:49:08Z,abcde_forensics_stage_founders_depth14,pool1qwa8x4u4a2pff0xdv0haxpgk3tyrvl5adl2lpf3ztcftqruhea0,owner,stake1ux7kguedxffhv8v45zh4m9ngd0vghzxw8cxwat4xwyque0qzmetmd,14,iog,530,200000000000,bab0159fe04e1378d849590438b5324f0e261dd17e1957420998db4bd92d2e37
2026-06-11T13:49:08Z,abcde_forensics_stage_founders_depth14,pool1qwa8x4u4a2pff0xdv0haxpgk3tyrvl5adl2lpf3ztcftqruhea0,reward_address,stake1ux7kguedxffhv8v45zh4m9ngd0vghzxw8cxwat4xwyque0qzmetmd,14,iog,530,200000000000,bab0159fe04e1378d849590438b5324f0e261dd17e1957420998db4bd92d2e37
2026-06-11T13:49:08Z,abcde_forensics_stage_founders_depth14,pool1qy23q2qe64n6awyhrz0a97lk34zzcvgpk2e4vqmhjs86swwp9gn,owner,stake1u8u5p07vztndztmxhe4tu70l9e5w5nq8a0r09e28hjec5vcchsa4j,13,iog,265,130000000000,6cdde68fc1c10d2bb2f6cd1c1fdca7b2a3c4895a1842ee4d0bda1a89fd61a768
2026-06-11T13:49:08Z,abcde_forensics_stage_founders_depth14,pool1qy23q2qe64n6awyhrz0a97lk34zzcvgpk2e4vqmhjs86swwp9gn,reward_address,stake1u8u5p07vztndztmxhe4tu70l9e5w5nq8a0r09e28hjec5vcchsa4j,13,iog,265,130000000000,6cdde68fc1c10d2bb2f6cd1c1fdca7b2a3c4895a1842ee4d0bda1a89fd61a768
2026-06-11T13:49:08Z,abcde_forensics_stage_founders_depth14,pool1qynvfq3g8hu7dylj3gjlkls2mzgdkk3xn354xcgxnh7gz4zmct2,owner,stake1u96s74wsts8v43syqjk2wnahv52jugtas2mm8ymp05an3ac6sr96m,14,iog,251,1000000000,89ef6a6582a705c4e41d43af6715a0989b7a3be8fb5694a7c1b0f24d82a5d179
2026-06-11T13:49:08Z,abcde_forensics_stage_founders_depth14,pool1qynvfq3g8hu7dylj3gjlkls2mzgdkk3xn354xcgxnh7gz4zmct2,reward_address,stake1u96s74wsts8v43syqjk2wnahv52jugtas2mm8ymp05an3ac6sr96m,14,iog,251,1000000000,89ef6a6582a705c4e41d43af6715a0989b7a3be8fb5694a7c1b0f24d82a5d179
2026-06-11T13:49:08Z,abcde_forensics_stage_founders_depth14,pool1qyqnt4kzwwckjjqsj8gmzjrwer3ph9udud2vz4e083zzja6trg9,owner,stake1u9nhdk74akqkwkntl362egmk3dn9rfx8kz63haekgh97fscwzqtqg,14,iog,264,100000000000,6f24d97351586fb2ce94e031b253bef2c202320738fb45000d7c500cd8159f70
2026-06-11T13:49:08Z,abcde_forensics_stage_founders_depth14,pool1qyqnt4kzwwckjjqsj8gmzjrwer3ph9udud2vz4e083zzja6trg9,reward_address,stake1u9nhdk74akqkwkntl362egmk3dn9rfx8kz63haekgh97fscwzqtqg,14,iog,264,100000000000,6f24d97351586fb2ce94e031b253bef2c202320738fb45000d7c500cd8159f70
2026-06-11T13:49:08Z,abcde_forensics_stage_founders_depth14,pool1qzy7mvpszcng5y6m4wa737clzt6h3878wx8xwf2ml0jhqkk7h8l,owner,stake1uy29krpqhny72fsjhp868eex7tq8jn9hp70e9u50td9eyvsvg7spj,14,iog,297,5100000000,3941388020669e2284f9d4a9a0c59c77c8d2c6eb9a726342b0dc0f6eba29e055
2026-06-11T13:49:08Z,abcde_forensics_stage_founders_depth14,pool1qzy7mvpszcng5y6m4wa737clzt6h3878wx8xwf2ml0jhqkk7h8l,reward_address,stake1uy29krpqhny72fsjhp868eex7tq8jn9hp70e9u50td9eyvsvg7spj,14,iog,297,5100000000,3941388020669e2284f9d4a9a0c59c77c8d2c6eb9a726342b0dc0f6eba29e055
2026-06-11T13:49:08Z,abcde_forensics_stage_founders_depth14,pool1r05v7jh4q99qy7vrh2xa3knpjk35kz8pmj2kacf2hy5mke6vjcj,owner,stake1ux3vfyznqq4myapph3v88zurzkxpe50uhmvtx7enj5qvw0g8xllpl,13,iog,255,12000000000,8d1cc2ff6f3c49975cded50ad38530763b3e384b0af11234ec15349b20311e47
2026-06-11T13:49:08Z,abcde_forensics_stage_founders_depth14,pool1r05v7jh4q99qy7vrh2xa3knpjk35kz8pmj2kacf2hy5mke6vjcj,reward_address,stake1ux3vfyznqq4myapph3v88zurzkxpe50uhmvtx7enj5qvw0g8xllpl,13,iog,255,12000000000,8d1cc2ff6f3c49975cded50ad38530763b3e384b0af11234ec15349b20311e47
2026-06-11T13:49:08Z,abcde_forensics_stage_founders_depth14,pool1r2249l40de8nlj77u77yzk8kxl3av4k09ztswcuqfexzcxwx3k8,owner,stake1u924z87vapv74gtxdx6pc3m7uhyptpjge0dr6eduf9zzv3qdx5zpl,12,emurgo+iog,254,25000000000,c3aaddca9694ff4a6f75b6ede1450c59f14185fa36d4c90164fd6c236a1a92d4
2026-06-11T13:49:08Z,abcde_forensics_stage_founders_depth14,pool1r2249l40de8nlj77u77yzk8kxl3av4k09ztswcuqfexzcxwx3k8,reward_address,stake1u924z87vapv74gtxdx6pc3m7uhyptpjge0dr6eduf9zzv3qdx5zpl,12,emurgo+iog,254,25000000000,c3aaddca9694ff4a6f75b6ede1450c59f14185fa36d4c90164fd6c236a1a92d4
2026-06-11T13:49:08Z,abcde_forensics_stage_founders_depth14,pool1r427cwyqcz0smw62rgxlac0qltkzrqzk8rv58rypg47h5tuz9dz,owner,stake1u9afpq63a0zq6hgkcxd75ntrsw6s4gta7j9x9jgdn3x9wgqrjxvlu,13,iog,250,100000000,f4535ba664acae165d7918df56dc7388a38ed64f94791e854bbe9bad9fd42b67
2026-06-11T13:49:08Z,abcde_forensics_stage_founders_depth14,pool1r427cwyqcz0smw62rgxlac0qltkzrqzk8rv58rypg47h5tuz9dz,reward_address,stake1u9afpq63a0zq6hgkcxd75ntrsw6s4gta7j9x9jgdn3x9wgqrjxvlu,13,iog,250,100000000,f4535ba664acae165d7918df56dc7388a38ed64f94791e854bbe9bad9fd42b67
2026-06-11T13:49:08Z,abcde_forensics_stage_founders_depth14,pool1r540vt5pd9w57efs546smlqsczvjg9vsnslqkdh5ygmxjtsdqdv,owner,stake1u8rdqlda55gfgn0le067r8zeg6ku3dq92wp9rp60y9qe24gutv3au,14,iog,256,100000000,eb690196848430a1206776913c1bfcac1cdf25b3d992d2e41162137fd156fe7f
2026-06-11T13:49:08Z,abcde_forensics_stage_founders_depth14,pool1r540vt5pd9w57efs546smlqsczvjg9vsnslqkdh5ygmxjtsdqdv,reward_address,stake1u8rdqlda55gfgn0le067r8zeg6ku3dq92wp9rp60y9qe24gutv3au,14,iog,256,100000000,eb690196848430a1206776913c1bfcac1cdf25b3d992d2e41162137fd156fe7f
2026-06-11T13:49:08Z,abcde_forensics_stage_founders_depth14,pool1r5dqwfl3etjylqqsj8lzhqx4tz0nllkjf3sz4r0heke2xs5kwap,owner,stake1ux855zq93uldnvx9d2s5vrj2ft9jgsy2jptwtet4eg294lguj7wjw,14,iog,447,100000000,828948d8833bcef081c3da0e8049ed92ee2efea2b2c7825b223b9fcc20436ea1
2026-06-11T13:49:08Z,abcde_forensics_stage_founders_depth14,pool1r5dqwfl3etjylqqsj8lzhqx4tz0nllkjf3sz4r0heke2xs5kwap,reward_address,stake1ux855zq93uldnvx9d2s5vrj2ft9jgsy2jptwtet4eg294lguj7wjw,14,iog,447,100000000,828948d8833bcef081c3da0e8049ed92ee2efea2b2c7825b223b9fcc20436ea1
2026-06-11T13:49:08Z,abcde_forensics_stage_founders_depth14,pool1r8zkh6zns7rtpvwa466qf8a0dgqd7r9zmu27qkcyw25xv46y97s,owner,stake1u9dszw9qn387f2xy4qfq5y6y6zvw2tk3z0wpf9qgvhle7mswd3wn5,14,iog,271,60000000000,392abef07c5e9a1157c823f302a37dc8ad03c6f29cb9a722532a79899f5f61bb
2026-06-11T13:49:08Z,abcde_forensics_stage_founders_depth14,pool1rc5a3yqa4w692649vnazcw5h9azeldc3gc6gkdk9ctlnzwsgqtd,owner,stake1ux49h7gjz4eusd3nr0sgje3xt9cs7jjka9v3dtjkzn5rzngyprl0a,13,iog,297,10000000000,8079cce85f1a2211a5771867062930ed4f9fdc3151b06184eb90992258aa011a
2026-06-11T13:49:08Z,abcde_forensics_stage_founders_depth14,pool1rdlpngqqd54x2ek7s9m8hl5yrc7dx5mlm9wtdqatldm5jfrcgqt,owner,stake1uywch68fg77yyp97tttmf9zzel83guwsp5w8yvln55vpeugjff3r2,13,emurgo+iog,240,43000000000,4535c110d0e4197c68d14983c8c445c1747293abd3604cee105f1369458944ad
2026-06-11T13:49:08Z,abcde_forensics_stage_founders_depth14,pool1rdlpngqqd54x2ek7s9m8hl5yrc7dx5mlm9wtdqatldm5jfrcgqt,reward_address,stake1uywch68fg77yyp97tttmf9zzel83guwsp5w8yvln55vpeugjff3r2,13,emurgo+iog,240,43000000000,4535c110d0e4197c68d14983c8c445c1747293abd3604cee105f1369458944ad
2026-06-11T13:49:08Z,abcde_forensics_stage_founders_depth14,pool1rhepjgtmzjrcgvm3urg5t780d44v5t5enddfv0ps5vjyvefncn6,owner,stake1ux2yejsdhetyh7zfx5rsn0wexnwdedja2265lf6rhgawcjgectnax,14,iog,304,1500000000,e3cfcbb5d766259eb19b823723eac2f4c6268a111863ae4e3f2460a4a8801753
2026-06-11T13:49:08Z,abcde_forensics_stage_founders_depth14,pool1rhepjgtmzjrcgvm3urg5t780d44v5t5enddfv0ps5vjyvefncn6,reward_address,stake1ux2yejsdhetyh7zfx5rsn0wexnwdedja2265lf6rhgawcjgectnax,14,iog,304,1500000000,e3cfcbb5d766259eb19b823723eac2f4c6268a111863ae4e3f2460a4a8801753
2026-06-11T13:49:08Z,abcde_forensics_stage_founders_depth14,pool1rhew9hdp6wpudh22k7gyjtv98r872hca064n8ug8lk3j65ae59a,owner,stake1uyzlw6j76vjsgsjy24f8sy3zeg6suk8k3te5kquhnuz0wpgxs2ddr,14,iog,288,0,f696ae751a1741c621db6b2cbf7591b250d7b869601d78c186b36ee698887d2b
2026-06-11T13:49:08Z,abcde_forensics_stage_founders_depth14,pool1rhew9hdp6wpudh22k7gyjtv98r872hca064n8ug8lk3j65ae59a,reward_address,stake1uyzlw6j76vjsgsjy24f8sy3zeg6suk8k3te5kquhnuz0wpgxs2ddr,14,iog,288,0,f696ae751a1741c621db6b2cbf7591b250d7b869601d78c186b36ee698887d2b
2026-06-11T13:49:08Z,abcde_forensics_stage_founders_depth14,pool1rkwvddejq9hx9dav3l62n3w5vlzsypyshmc5txczfvsjxs0g9uy,owner,stake1u9eklcvs5wpsu00gdh9h8ld0vhldavwvtp6r0k69l7lgwcclrf3f8,13,iog,368,90000000000,0077241e1b988786522ac472c0794d5944af92d7143aaf0a15051a3e4f36a8b4
2026-06-11T13:49:08Z,abcde_forensics_stage_founders_depth14,pool1rkwvddejq9hx9dav3l62n3w5vlzsypyshmc5txczfvsjxs0g9uy,reward_address,stake1u9eklcvs5wpsu00gdh9h8ld0vhldavwvtp6r0k69l7lgwcclrf3f8,13,iog,368,90000000000,0077241e1b988786522ac472c0794d5944af92d7143aaf0a15051a3e4f36a8b4
2026-06-11T13:49:08Z,abcde_forensics_stage_founders_depth14,pool1rmfz9hheqnyuxta9nx5yt2z8pe5l5ahugg6f2aamp00hsx59r8p,owner,stake1uxdmzj8wehklr384y0z9wkn3upazgp93e4lkmtesktslrsglhc8qp,14,iog,268,100000000000,dd1eced4967493931515fae57e00c414c6813b642d27e6d94fff912aaaa8af5b
2026-06-11T13:49:08Z,abcde_forensics_stage_founders_depth14,pool1rmfz9hheqnyuxta9nx5yt2z8pe5l5ahugg6f2aamp00hsx59r8p,reward_address,stake1uxdmzj8wehklr384y0z9wkn3upazgp93e4lkmtesktslrsglhc8qp,14,iog,268,100000000000,dd1eced4967493931515fae57e00c414c6813b642d27e6d94fff912aaaa8af5b
2026-06-11T13:49:08Z,abcde_forensics_stage_founders_depth14,pool1rp8ekuv3027rw3ykufwn7z4vactnjzthvlezssfjk9gljcsafkf,owner,stake1u94u3z7fua6r6kv8stwam3rmnd8t65vtphvjeujwjzdu8mqws8lqk,14,iog,210,5000000000,5e82211f81167f5ba7171f01da18cd87e4789a2be1742d357ff610e792a86bd4
2026-06-11T13:49:08Z,abcde_forensics_stage_founders_depth14,pool1rp8ekuv3027rw3ykufwn7z4vactnjzthvlezssfjk9gljcsafkf,reward_address,stake1u94u3z7fua6r6kv8stwam3rmnd8t65vtphvjeujwjzdu8mqws8lqk,14,iog,210,5000000000,5e82211f81167f5ba7171f01da18cd87e4789a2be1742d357ff610e792a86bd4
2026-06-11T13:49:08Z,abcde_forensics_stage_founders_depth14,pool1rq6c8ntlsh2xl3le0utg4fpxqhag7fdlpzdykcld7dh9gtz8fxt,owner,stake1u9ew0qxvs40uh322s3tks85q5zgfyep3jkhtqyta00mpgwc2aemdd,13,iog,295,50000000000,87c10e6118f8b53faf8418337180971cd214665599a4f9cc444b913fc325f758
2026-06-11T13:49:08Z,abcde_forensics_stage_founders_depth14,pool1rq6c8ntlsh2xl3le0utg4fpxqhag7fdlpzdykcld7dh9gtz8fxt,reward_address,stake1u9ew0qxvs40uh322s3tks85q5zgfyep3jkhtqyta00mpgwc2aemdd,13,iog,295,50000000000,87c10e6118f8b53faf8418337180971cd214665599a4f9cc444b913fc325f758
2026-06-11T13:49:08Z,abcde_forensics_stage_founders_depth14,pool1rqwhzyfvm8uh6qseqpkkz2uvga0ufr0aaavrw7nynytuxy9uj6c,owner,stake1uysp7m7vq4378wrmanmcu0tn9j6dzy8pzuedvj3cv68laesexkpv7,13,iog,246,100000000,2897fd3839583739c83ed02cec72b7b9479e4f3e8c1b8cf1f7721c819551bdeb
2026-06-11T13:49:08Z,abcde_forensics_stage_founders_depth14,pool1rqwhzyfvm8uh6qseqpkkz2uvga0ufr0aaavrw7nynytuxy9uj6c,reward_address,stake1uysp7m7vq4378wrmanmcu0tn9j6dzy8pzuedvj3cv68laesexkpv7,13,iog,246,100000000,2897fd3839583739c83ed02cec72b7b9479e4f3e8c1b8cf1f7721c819551bdeb
2026-06-11T13:49:08Z,abcde_forensics_stage_founders_depth14,pool1rs3qqyhfslp59mztf3kw5pzsr5x0qq69nqztpecp3578xq64cd3,owner,stake1uy373q9le8kgv7lkj4a0zwzwp650g6gu3jvxzshw6k7dchq22hxys,13,iog,282,7350000000,4cd8545bd775b90b6d06c0459de7c4ca64e15791adba498524fd28c144cf3c7c
2026-06-11T13:49:08Z,abcde_forensics_stage_founders_depth14,pool1rs3qqyhfslp59mztf3kw5pzsr5x0qq69nqztpecp3578xq64cd3,reward_address,stake1uy373q9le8kgv7lkj4a0zwzwp650g6gu3jvxzshw6k7dchq22hxys,13,iog,282,7350000000,4cd8545bd775b90b6d06c0459de7c4ca64e15791adba498524fd28c144cf3c7c
2026-06-11T13:49:08Z,abcde_forensics_stage_founders_depth14,pool1rs4lgpl7g02mhenqj3gt994e7lkh0npw7pzc934n2apfwrpmklh,owner,stake1u8v2pa9smll0rgt23nmys2vr2e9gk8nqetv8fe3sgny2a5s5cjm2l,14,iog,274,10000000000,adc830d32d38747297bdbf6d3339537a2730f23a1a30e6512301334f4eaa82b7
2026-06-11T13:49:08Z,abcde_forensics_stage_founders_depth14,pool1rs4lgpl7g02mhenqj3gt994e7lkh0npw7pzc934n2apfwrpmklh,reward_address,stake1u8v2pa9smll0rgt23nmys2vr2e9gk8nqetv8fe3sgny2a5s5cjm2l,14,iog,274,10000000000,adc830d32d38747297bdbf6d3339537a2730f23a1a30e6512301334f4eaa82b7
2026-06-11T13:49:08Z,abcde_forensics_stage_founders_depth14,pool1rul52jfad8jfe4enher94ttcur7thxa84ynresmj9ux4kgl6umv,owner,stake1u8s5g4wu4v2dj3ry2qv6k84catnex5laf205lpq56s4vdmcmsxcxs,14,iog,260,1684040511,86ca7a99b598b222503ecb8949c82d704981fb08356a29229b36d15e2d257d27
2026-06-11T13:49:08Z,abcde_forensics_stage_founders_depth14,pool1rul52jfad8jfe4enher94ttcur7thxa84ynresmj9ux4kgl6umv,reward_address,stake1u8s5g4wu4v2dj3ry2qv6k84catnex5laf205lpq56s4vdmcmsxcxs,14,iog,260,1684040511,86ca7a99b598b222503ecb8949c82d704981fb08356a29229b36d15e2d257d27
2026-06-11T13:49:08Z,abcde_forensics_stage_founders_depth14,pool1rvjj8cp3urh7de07pm0ceqha2x4lxws69lhd4429dm6djfjsy4l,owner,stake1u85reyyssddg0fdyaucnp49evqxfxjypp7alf8uwu4qqlwqefrrwp,13,iog,550,10000000000,a56452ef150175f7f4ef619f2f927982dc29d2f8c79ecd638de8a6e12c7b8b6f
2026-06-11T13:49:08Z,abcde_forensics_stage_founders_depth14,pool1rvjj8cp3urh7de07pm0ceqha2x4lxws69lhd4429dm6djfjsy4l,reward_address,stake1u85reyyssddg0fdyaucnp49evqxfxjypp7alf8uwu4qqlwqefrrwp,13,iog,550,10000000000,a56452ef150175f7f4ef619f2f927982dc29d2f8c79ecd638de8a6e12c7b8b6f
2026-06-11T13:49:08Z,abcde_forensics_stage_founders_depth14,pool1rvp3ery0n5c0h89vz03u9pcnz5rk7mffe323yr2z6hhn2s3e2tr,owner,stake1u9ehcw7g3959whxhycw9wupnd63pua4c07d594d5xnz8kqctfv6f8,14,emurgo+iog,232,42000000,a9cc2365b4fda665a4ae938d670c1e5ecad3fd1abb67ea32001d30f6033520c3
2026-06-11T13:49:08Z,abcde_forensics_stage_founders_depth14,pool1rvp3ery0n5c0h89vz03u9pcnz5rk7mffe323yr2z6hhn2s3e2tr,reward_address,stake1u9ehcw7g3959whxhycw9wupnd63pua4c07d594d5xnz8kqctfv6f8,14,emurgo+iog,232,42000000,a9cc2365b4fda665a4ae938d670c1e5ecad3fd1abb67ea32001d30f6033520c3
2026-06-11T13:49:08Z,abcde_forensics_stage_founders_depth14,pool1rx2ce04meyzjfw7qtspzlk8h863kj5nhwkhts7ja4vtpsk934tg,owner,stake1u9vzelztvr6uefxtkhzyvku4v33rgfs45eu0k9jdlux9jegs7fvzx,14,emurgo,215,500000000,8e47e7e96f3d6d1bc059dba9942bea3a7bdccb4943a112f62df204595a2cb12b
2026-06-11T13:49:08Z,abcde_forensics_stage_founders_depth14,pool1rx2ce04meyzjfw7qtspzlk8h863kj5nhwkhts7ja4vtpsk934tg,reward_address,stake1u9vzelztvr6uefxtkhzyvku4v33rgfs45eu0k9jdlux9jegs7fvzx,14,emurgo,215,500000000,8e47e7e96f3d6d1bc059dba9942bea3a7bdccb4943a112f62df204595a2cb12b
2026-06-11T13:49:08Z,abcde_forensics_stage_founders_depth14,pool1rxnjjk479kp7f3v8dmes7gdyfj3cwug8le2jn2fxestyw6k4f3x,owner,stake1u87k3ygfd0g4fx7shn2268j4n3xxzet8cvtd7xjh73kpvegy6chn8,14,iog,271,10000000000,5ed0b93790bad5c1451bf3686df3c525855d6c6f45989483f772af9038e575eb
2026-06-11T13:49:08Z,abcde_forensics_stage_founders_depth14,pool1rxnjjk479kp7f3v8dmes7gdyfj3cwug8le2jn2fxestyw6k4f3x,reward_address,stake1u87k3ygfd0g4fx7shn2268j4n3xxzet8cvtd7xjh73kpvegy6chn8,14,iog,271,10000000000,5ed0b93790bad5c1451bf3686df3c525855d6c6f45989483f772af9038e575eb
2026-06-11T13:49:08Z,abcde_forensics_stage_founders_depth14,pool1ryqluw3z5nk8ma8snryl74kn5sxfh0cpqwyq4pfc6wgmvp7jd4k,owner,stake1u8nypsnegzx0tlzxz0gd7yd299mns9ltqfw23eg7tcdk3ps9ea37x,14,emurgo,212,500000000000,0f291ec27b564ce8a06890243abcec3ea92bcb1bdeb7672a57250c728a7dd704
2026-06-11T13:49:08Z,abcde_forensics_stage_founders_depth14,pool1ryqluw3z5nk8ma8snryl74kn5sxfh0cpqwyq4pfc6wgmvp7jd4k,reward_address,stake1u8nypsnegzx0tlzxz0gd7yd299mns9ltqfw23eg7tcdk3ps9ea37x,14,emurgo,212,500000000000,0f291ec27b564ce8a06890243abcec3ea92bcb1bdeb7672a57250c728a7dd704
2026-06-11T13:49:08Z,abcde_forensics_stage_founders_depth14,pool1ryyfhgm4rqa9pnykxuhxcmy6rdn0uyltufm9t86c6uskwv3aame,owner,stake1u8fsqc29swlkmg5fsukzg4ja0r75thdg9xq2vm3hqy530pqfqu4cq,14,iog,260,32000000000,e239e65994804f8f1954c0cd0acbfaf96827201b811c4f23a919bd5ed6c04876
2026-06-11T13:49:08Z,abcde_forensics_stage_founders_depth14,pool1ryyfhgm4rqa9pnykxuhxcmy6rdn0uyltufm9t86c6uskwv3aame,reward_address,stake1u8fsqc29swlkmg5fsukzg4ja0r75thdg9xq2vm3hqy530pqfqu4cq,14,iog,260,32000000000,e239e65994804f8f1954c0cd0acbfaf96827201b811c4f23a919bd5ed6c04876
2026-06-11T13:49:08Z,abcde_forensics_stage_founders_depth14,pool1s27fdpdv8zx8flkaa0hkh8lsdutxlxkgz6njcwy82zy5cls0mw2,owner,stake1uyneqq6tnftjfj3744swu8parykjtutje0selk4uz0mwwqg7xt0yj,14,iog,328,1000000,f3b0d202440b4086ca5c9aa8563dc3ab8c1276ba5f714f3ed1241d8689b1e81e
2026-06-11T13:49:08Z,abcde_forensics_stage_founders_depth14,pool1s27fdpdv8zx8flkaa0hkh8lsdutxlxkgz6njcwy82zy5cls0mw2,reward_address,stake1uyneqq6tnftjfj3744swu8parykjtutje0selk4uz0mwwqg7xt0yj,14,iog,328,1000000,f3b0d202440b4086ca5c9aa8563dc3ab8c1276ba5f714f3ed1241d8689b1e81e
2026-06-11T13:49:08Z,abcde_forensics_stage_founders_depth14,pool1s3z5qsg75dar26ykyzcz2u8wc2swgq7pyp7f9sdh5n06qh3jhq2,owner,stake1ux0agm9cx4hnln8t0hqghlnl7dzqqdmkwsn8g0vvyac2egqwjzvrq,13,emurgo+iog,303,50000000000,4e659491b14c923894a2f475be7f474b364d495feba33eaa728cff32a6ae4600
2026-06-11T13:49:08Z,abcde_forensics_stage_founders_depth14,pool1s3z5qsg75dar26ykyzcz2u8wc2swgq7pyp7f9sdh5n06qh3jhq2,reward_address,stake1ux0agm9cx4hnln8t0hqghlnl7dzqqdmkwsn8g0vvyac2egqwjzvrq,13,emurgo+iog,303,50000000000,4e659491b14c923894a2f475be7f474b364d495feba33eaa728cff32a6ae4600
2026-06-11T13:49:08Z,abcde_forensics_stage_founders_depth14,pool1s4gzzd2p6gd3atduexq8pzdpz5szm8uey7cnnn43vg3560ehg32,owner,stake1uxgjfz36fryd07uf484nc4xl0cnv8vp8zwyauz0yfv7tq9s6yuxg5,14,iog,307,10000000000,65d8fb57c770e0800163c482a01765361cf80f754f426af4c1916a61c5b0cbff
2026-06-11T13:49:08Z,abcde_forensics_stage_founders_depth14,pool1s4gzzd2p6gd3atduexq8pzdpz5szm8uey7cnnn43vg3560ehg32,reward_address,stake1uxgjfz36fryd07uf484nc4xl0cnv8vp8zwyauz0yfv7tq9s6yuxg5,14,iog,307,10000000000,65d8fb57c770e0800163c482a01765361cf80f754f426af4c1916a61c5b0cbff
2026-06-11T13:49:08Z,abcde_forensics_stage_founders_depth14,pool1s4ntquc0x652xfksynsa9lvhv4m7s7tjdx4mygjj800yjd8mcs7,owner,stake1uxsx3lwm0v0lr4v0kz0hc3rakg3ey2vpv5a79nm7u8dsh2csst0f2,13,iog,261,100000000,ed844e3b170742c51c8dd23d24639c06689878b3edbc1b47a07c86c5defc831b
2026-06-11T13:49:08Z,abcde_forensics_stage_founders_depth14,pool1s4ntquc0x652xfksynsa9lvhv4m7s7tjdx4mygjj800yjd8mcs7,reward_address,stake1uxsx3lwm0v0lr4v0kz0hc3rakg3ey2vpv5a79nm7u8dsh2csst0f2,13,iog,261,100000000,ed844e3b170742c51c8dd23d24639c06689878b3edbc1b47a07c86c5defc831b
2026-06-11T13:49:08Z,abcde_forensics_stage_founders_depth14,pool1s4ve6tap62x9khdvhkk9f8fj74ks5txuygsnu7wkujk3jd2c0jh,owner,stake1u9w8r5rcgkdfxf6hma08ekau2pweufh5jfscfzkzmc7gens03f6th,14,iog,250,15999000000,7928c7f7dc0f3921ec19ea34b389dfeb36e099d4e9a8d2d89d3caa88871f65a6
2026-06-11T13:49:08Z,abcde_forensics_stage_founders_depth14,pool1s4ve6tap62x9khdvhkk9f8fj74ks5txuygsnu7wkujk3jd2c0jh,reward_address,stake1u9w8r5rcgkdfxf6hma08ekau2pweufh5jfscfzkzmc7gens03f6th,14,iog,250,15999000000,7928c7f7dc0f3921ec19ea34b389dfeb36e099d4e9a8d2d89d3caa88871f65a6
2026-06-11T13:49:08Z,abcde_forensics_stage_founders_depth14,pool1s8ppansy64zhy8e3gmuyltx3hzf5f9zws27v9lewhazyw3gmp7e,owner,stake1u89yjlmkw0k9wrqy947eneyw57gs894mujxq9ryqg85h36qpdpvs2,12,emurgo+iog,322,49000000000,4d67088997014f41f9e71021e9b011e9caa3183971470decc705cc5a48c5cfac
2026-06-11T13:49:08Z,abcde_forensics_stage_founders_depth14,pool1s8ppansy64zhy8e3gmuyltx3hzf5f9zws27v9lewhazyw3gmp7e,reward_address,stake1u89yjlmkw0k9wrqy947eneyw57gs894mujxq9ryqg85h36qpdpvs2,12,emurgo+iog,322,49000000000,4d67088997014f41f9e71021e9b011e9caa3183971470decc705cc5a48c5cfac
2026-06-11T13:49:08Z,abcde_forensics_stage_founders_depth14,pool1scnq7w9rxgt2c4lax0y0ch0el2t9pjcyffhhzs2dfgt75u2zcq4,owner,stake1u9y3x0ut3fcr82nyjf76nulg2ezhfa0zkc3vpq957nf7pzgqdnfry,14,iog,259,5000000,55d07de9a3d1c4e0387df154e9165007b1d0303e4802883e9d2f9b415d1cb723
2026-06-11T13:49:08Z,abcde_forensics_stage_founders_depth14,pool1scnq7w9rxgt2c4lax0y0ch0el2t9pjcyffhhzs2dfgt75u2zcq4,reward_address,stake1u9y3x0ut3fcr82nyjf76nulg2ezhfa0zkc3vpq957nf7pzgqdnfry,14,iog,259,5000000,55d07de9a3d1c4e0387df154e9165007b1d0303e4802883e9d2f9b415d1cb723
2026-06-11T13:49:08Z,abcde_forensics_stage_founders_depth14,pool1sd0cpakz0gnhkmyk0jvvtu39uaasv74w66rvmzc6cfmwyqgz4yk,owner,stake1uxc4xchm4m2zsz34eqx3nakz94rwp3c2z7ysvm25qz5t2lguv3ndj,14,iog,258,1000000000,41d36d67c271893e1662e7170be5dad0191f07435e96ee29395a031e9557c191
2026-06-11T13:49:08Z,abcde_forensics_stage_founders_depth14,pool1sd0cpakz0gnhkmyk0jvvtu39uaasv74w66rvmzc6cfmwyqgz4yk,reward_address,stake1uxc4xchm4m2zsz34eqx3nakz94rwp3c2z7ysvm25qz5t2lguv3ndj,14,iog,258,1000000000,41d36d67c271893e1662e7170be5dad0191f07435e96ee29395a031e9557c191
2026-06-11T13:49:08Z,abcde_forensics_stage_founders_depth14,pool1sdlqztsyqedkp982g2ax3spjx3zysw5qhp0h2md02mdcgrtdzqt,owner,stake1u9eft0ptwy2fumf6qm589hmcs6w87hx5qdy7jh47cwnehdq08h7lj,14,iog,259,35000000000,a40770374a64753bb03892e78f12a709652d99517f5ff9f508c25ded3fb71d73
2026-06-11T13:49:08Z,abcde_forensics_stage_founders_depth14,pool1sdlqztsyqedkp982g2ax3spjx3zysw5qhp0h2md02mdcgrtdzqt,reward_address,stake1u9eft0ptwy2fumf6qm589hmcs6w87hx5qdy7jh47cwnehdq08h7lj,14,iog,259,35000000000,a40770374a64753bb03892e78f12a709652d99517f5ff9f508c25ded3fb71d73
2026-06-11T13:49:08Z,abcde_forensics_stage_founders_depth14,pool1selmgl0cnmqy592g8gg9gnn5gthy39sdyfe0dx98n007ceml3e7,owner,stake1uxnksrjnezsa63ysknhqvdxyn55jkx5qnezvdzjf9g0s63qca5tq3,14,iog,304,150000000000,c9689ff91df970088fa28d725f98e9728e953edf1c07327861191496d4617e90
2026-06-11T13:49:08Z,abcde_forensics_stage_founders_depth14,pool1selmgl0cnmqy592g8gg9gnn5gthy39sdyfe0dx98n007ceml3e7,owner,stake1uxzs29r0aca862kfsq0e20nnpttjmap4gj8tglgv3rt6zhqt9u748,14,iog,304,150000000000,c9689ff91df970088fa28d725f98e9728e953edf1c07327861191496d4617e90
2026-06-11T13:49:08Z,abcde_forensics_stage_founders_depth14,pool1selmgl0cnmqy592g8gg9gnn5gthy39sdyfe0dx98n007ceml3e7,reward_address,stake1uxzs29r0aca862kfsq0e20nnpttjmap4gj8tglgv3rt6zhqt9u748,14,iog,304,150000000000,c9689ff91df970088fa28d725f98e9728e953edf1c07327861191496d4617e90
2026-06-11T13:49:08Z,abcde_forensics_stage_founders_depth14,pool1sffl322qgsrsmkcedzzwk05396dkmj56pcepqvj6px3n2re3qu4,owner,stake1u9uu2fp4xx4ctu7auskguseq4j443g2yq5hkey0gl3jnzwc53g520,12,emurgo+iog,573,1000000,85f0e73d0576185989c96cb3345dc85923013decd815b6a106b9a38b20f95d84
2026-06-11T13:49:08Z,abcde_forensics_stage_founders_depth14,pool1sfjdu0xmz7vdmp6cufxd55gprp95g4p703zzr3upt70dst0fur2,owner,stake1uxpsrngzhj5mmzzlxd40v67j0n9ct2356c3mgdvr2gxjgkcn8ffvf,13,iog,356,1000000000,ad7a43f7db89d1f2609a463c871c2674c4d9a306bf5e51c47916d88b013f5b16
2026-06-11T13:49:08Z,abcde_forensics_stage_founders_depth14,pool1sfjdu0xmz7vdmp6cufxd55gprp95g4p703zzr3upt70dst0fur2,owner,stake1uyfhz87vak559tgpldr02j0vfgcquh43xpmufrc4t20t6fshqmsf8,14,iog,356,1000000000,ad7a43f7db89d1f2609a463c871c2674c4d9a306bf5e51c47916d88b013f5b16
2026-06-11T13:49:08Z,abcde_forensics_stage_founders_depth14,pool1sfjdu0xmz7vdmp6cufxd55gprp95g4p703zzr3upt70dst0fur2,reward_address,stake1uxpsrngzhj5mmzzlxd40v67j0n9ct2356c3mgdvr2gxjgkcn8ffvf,13,iog,356,1000000000,ad7a43f7db89d1f2609a463c871c2674c4d9a306bf5e51c47916d88b013f5b16
2026-06-11T13:49:08Z,abcde_forensics_stage_founders_depth14,pool1sghwg652uwe7ksmk5laxxft58j6km6prahvnddk3s6zgxek5qen,owner,stake1uyeecp7gt4s39ze2vnynxjv8xxmuys5gd9x4dgwsu0z8l3gu29sy7,14,iog,552,7000000000,5fd9a2deb0d64d07af5b00bbee82563f58785a89e8b4656e8214088c06afbe62
2026-06-11T13:49:08Z,abcde_forensics_stage_founders_depth14,pool1sghwg652uwe7ksmk5laxxft58j6km6prahvnddk3s6zgxek5qen,reward_address,stake1uyeecp7gt4s39ze2vnynxjv8xxmuys5gd9x4dgwsu0z8l3gu29sy7,14,iog,552,7000000000,5fd9a2deb0d64d07af5b00bbee82563f58785a89e8b4656e8214088c06afbe62
2026-06-11T13:49:08Z,abcde_forensics_stage_founders_depth14,pool1sj4l2jrykge07u4ke7unxyxpma0qara9x828xpvck6ev68zlvn3,owner,stake1uxgctgaj0l8wlmjllvfyxexlh8g89hssj3r6rkwcpku8qkcgjp0jp,14,iog,265,50000000000,ff3f8ae18d4e08bc84bc566ffd65cfc4c92b7ab8c6ac3462a8133f11c6a17955
2026-06-11T13:49:08Z,abcde_forensics_stage_founders_depth14,pool1sj4l2jrykge07u4ke7unxyxpma0qara9x828xpvck6ev68zlvn3,reward_address,stake1uxgctgaj0l8wlmjllvfyxexlh8g89hssj3r6rkwcpku8qkcgjp0jp,14,iog,265,50000000000,ff3f8ae18d4e08bc84bc566ffd65cfc4c92b7ab8c6ac3462a8133f11c6a17955
2026-06-11T13:49:08Z,abcde_forensics_stage_founders_depth14,pool1sm2kmdn4f9rat3kl67y9drqcnnqc34zg4f4ufmnrfaj45gcv89d,owner,stake1u99rdavm8pgxhammnn46vnktudmk9jfkt5yjq6yd6jn3cdg96lslm,14,iog,475,25000000000,d11ccde414fdb608d8d470e08ce064c9d39c9350cca1b4c38fa0a859189d94a8
2026-06-11T13:49:08Z,abcde_forensics_stage_founders_depth14,pool1sm2kmdn4f9rat3kl67y9drqcnnqc34zg4f4ufmnrfaj45gcv89d,reward_address,stake1u99rdavm8pgxhammnn46vnktudmk9jfkt5yjq6yd6jn3cdg96lslm,14,iog,475,25000000000,d11ccde414fdb608d8d470e08ce064c9d39c9350cca1b4c38fa0a859189d94a8
2026-06-11T13:49:08Z,abcde_forensics_stage_founders_depth14,pool1smwc36uce35g6jv7afhzej64yun2h6ec6uvdplucnzhj6x5fcjx,owner,stake1u9fgs9sjl3pmmnkqc6c2fxhl08zqm8xl3vecj5h0qu7zags9cg32q,14,iog,286,777000000,57b9c32896c60c4d3455cccd2c12957ffd75af571b9efaef48d1d5cc94944ae9
2026-06-11T13:49:08Z,abcde_forensics_stage_founders_depth14,pool1smwc36uce35g6jv7afhzej64yun2h6ec6uvdplucnzhj6x5fcjx,reward_address,stake1u9fgs9sjl3pmmnkqc6c2fxhl08zqm8xl3vecj5h0qu7zags9cg32q,14,iog,286,777000000,57b9c32896c60c4d3455cccd2c12957ffd75af571b9efaef48d1d5cc94944ae9
2026-06-11T13:49:08Z,abcde_forensics_stage_founders_depth14,pool1spqkpaezku3knl9ug7txrlyzr8kkvdr0h75yyz262cx6gls6zlm,owner,stake1uxdlkmzuc4z9y30e48034xekwjc5wg3aph5lau3qcj850dgk5u876,11,emurgo+iog,256,10000000000,e571fdf83c3f33e156e13ebb5afadbe2bf652664ed0b622f32c9aa41654ec788
2026-06-11T13:49:08Z,abcde_forensics_stage_founders_depth14,pool1spqkpaezku3knl9ug7txrlyzr8kkvdr0h75yyz262cx6gls6zlm,reward_address,stake1uxdlkmzuc4z9y30e48034xekwjc5wg3aph5lau3qcj850dgk5u876,11,emurgo+iog,256,10000000000,e571fdf83c3f33e156e13ebb5afadbe2bf652664ed0b622f32c9aa41654ec788
2026-06-11T13:49:08Z,abcde_forensics_stage_founders_depth14,pool1sq7pf76nn7wx40g3hufdwc9g5x8eu0x8un0gkjhz9rwhjcyfsrn,owner,stake1uxfw2xtecy5sf3v3080cf55avcddsrhjt0k97z0l3qkj86gzaeene,13,iog,340,15000000000,5e96d34c24a67c5747788624421ea1bbf3d375f9224c2c95eb98aa810164626f
2026-06-11T13:49:08Z,abcde_forensics_stage_founders_depth14,pool1sq7pf76nn7wx40g3hufdwc9g5x8eu0x8un0gkjhz9rwhjcyfsrn,reward_address,stake1uxfw2xtecy5sf3v3080cf55avcddsrhjt0k97z0l3qkj86gzaeene,13,iog,340,15000000000,5e96d34c24a67c5747788624421ea1bbf3d375f9224c2c95eb98aa810164626f
2026-06-11T13:49:08Z,abcde_forensics_stage_founders_depth14,pool1sqvctpchgaydqt9whf5jz3vf4vpesdq5t8hw2rxsdx3nymx27uc,owner,stake1uxcjcjzj3cd7dq86h7ca62whw8pax4czenp2m47p3evae2cy0acw7,13,iog,260,0,ee911c2611f3313f0e3f01ac3a4728a59b68b6f452bb1538854f5f1041c6aab1
2026-06-11T13:49:08Z,abcde_forensics_stage_founders_depth14,pool1sqvctpchgaydqt9whf5jz3vf4vpesdq5t8hw2rxsdx3nymx27uc,reward_address,stake1uxcjcjzj3cd7dq86h7ca62whw8pax4czenp2m47p3evae2cy0acw7,13,iog,260,0,ee911c2611f3313f0e3f01ac3a4728a59b68b6f452bb1538854f5f1041c6aab1
2026-06-11T13:49:08Z,abcde_forensics_stage_founders_depth14,pool1sxhe2036yj3r6mvyhjx6g9xyj447nnxld6rytarprylmk99lsvm,owner,stake1u9g93svdpp7y7y3lpj645dcegvk48q6r5x3gdw2qjhj9mzcjwcunl,14,emurgo,257,1000000000,098f632494baab7c23d93e5a1da9098c166fd3bb8be630ca03b12ef3ff181be5
2026-06-11T13:49:08Z,abcde_forensics_stage_founders_depth14,pool1sxhe2036yj3r6mvyhjx6g9xyj447nnxld6rytarprylmk99lsvm,reward_address,stake1u9g93svdpp7y7y3lpj645dcegvk48q6r5x3gdw2qjhj9mzcjwcunl,14,emurgo,257,1000000000,098f632494baab7c23d93e5a1da9098c166fd3bb8be630ca03b12ef3ff181be5
2026-06-11T13:49:08Z,abcde_forensics_stage_founders_depth14,pool1sxv5rv4e0g3n25u8vw80lscmclf7j5mx8cdxknrd7kuh6fvsguu,owner,stake1uxzetx306vfnv5peg3q0dhrjdqwgv0snvjnc664wkzp0wrsgprtzq,14,iog,276,100000000000,8b8550f96a403d0bc56fdff523c83474a2237a93e1fd30e1e9c3903c42ae506d
2026-06-11T13:49:08Z,abcde_forensics_stage_founders_depth14,pool1sxv5rv4e0g3n25u8vw80lscmclf7j5mx8cdxknrd7kuh6fvsguu,owner,stake1uy5ulwcec0xd5874z60pghj8hsvl6y8ffgsxj5p7wzqjmfcmmtrxl,14,iog,276,100000000000,8b8550f96a403d0bc56fdff523c83474a2237a93e1fd30e1e9c3903c42ae506d
2026-06-11T13:49:08Z,abcde_forensics_stage_founders_depth14,pool1sxv5rv4e0g3n25u8vw80lscmclf7j5mx8cdxknrd7kuh6fvsguu,reward_address,stake1uy5ulwcec0xd5874z60pghj8hsvl6y8ffgsxj5p7wzqjmfcmmtrxl,14,iog,276,100000000000,8b8550f96a403d0bc56fdff523c83474a2237a93e1fd30e1e9c3903c42ae506d
2026-06-11T13:49:08Z,abcde_forensics_stage_founders_depth14,pool1syul5lm37z09yk3yv2398dsnz725rr7epsksydxcqk7eglttfx6,owner,stake1u8pcvxel030p6j8xgvmts69hmdqf0r27matxhma8lrm36ng2pgeue,14,iog,250,600000000000,d4bbcf92a52cf8cd8f771af556d93081bdd33ccd8c4221ff762129fbede61cd0
2026-06-11T13:49:08Z,abcde_forensics_stage_founders_depth14,pool1syul5lm37z09yk3yv2398dsnz725rr7epsksydxcqk7eglttfx6,owner,stake1ux2pdda4k3wwn5zy2mj53rn37pyrglryggwvx9sw256zduskgh02v,14,iog,250,600000000000,d4bbcf92a52cf8cd8f771af556d93081bdd33ccd8c4221ff762129fbede61cd0
2026-06-11T13:49:08Z,abcde_forensics_stage_founders_depth14,pool1t2e4v7ajh38qhjswqaavjqfsevyllhda24t2s2u6vhsavyhhqaf,owner,stake1u8vcetmqywwd3kjqhwkmlmj7t9xrkavu08ut8ap3pg7j7ccs70k3p,13,iog,256,100000000,4e537b0e4fa2fbbba0816d0570e3b742f5554455594b91adb9b3c40395a0e767
2026-06-11T13:49:08Z,abcde_forensics_stage_founders_depth14,pool1t2e4v7ajh38qhjswqaavjqfsevyllhda24t2s2u6vhsavyhhqaf,reward_address,stake1u8vcetmqywwd3kjqhwkmlmj7t9xrkavu08ut8ap3pg7j7ccs70k3p,13,iog,256,100000000,4e537b0e4fa2fbbba0816d0570e3b742f5554455594b91adb9b3c40395a0e767
2026-06-11T13:49:08Z,abcde_forensics_stage_founders_depth14,pool1t2jqed5xf8lhksrqjrsrxghrymks57echefswnntk63hcmn5avy,owner,stake1uxymupf58eqtkzkaz5m5s6pdy4lfrudjjxgg9ty0d9vdhscp78mvf,14,iog,260,1001000000,d694e9f7c2d7b12dbbf81c2508966b17d1d4a1bad93596a74711a4c9f659f2d8
2026-06-11T13:49:08Z,abcde_forensics_stage_founders_depth14,pool1t2jqed5xf8lhksrqjrsrxghrymks57echefswnntk63hcmn5avy,reward_address,stake1uxymupf58eqtkzkaz5m5s6pdy4lfrudjjxgg9ty0d9vdhscp78mvf,14,iog,260,1001000000,d694e9f7c2d7b12dbbf81c2508966b17d1d4a1bad93596a74711a4c9f659f2d8
2026-06-11T13:49:08Z,abcde_forensics_stage_founders_depth14,pool1t43xjt8x0p49tr7hw3n360rvs9m5rdpflf76mj7hkfe964tsrlu,owner,stake1ux0hkwgflte7pv2kr2g080qtxaue8a7nvtkv8avlt3sx4dqxr3vku,13,iog,535,1000000000,63f39a437157df94bcc77eba355b0418aa3d3aea96e0177b938db0693a95e0ad
2026-06-11T13:49:08Z,abcde_forensics_stage_founders_depth14,pool1t43xjt8x0p49tr7hw3n360rvs9m5rdpflf76mj7hkfe964tsrlu,reward_address,stake1ux0hkwgflte7pv2kr2g080qtxaue8a7nvtkv8avlt3sx4dqxr3vku,13,iog,535,1000000000,63f39a437157df94bcc77eba355b0418aa3d3aea96e0177b938db0693a95e0ad
2026-06-11T13:49:08Z,abcde_forensics_stage_founders_depth14,pool1t490d5nsl9v354mrppk4j8hla4n60gxjn206jfaxh4jts93tqpp,owner,stake1u84ta7w3fj7k5lfdfmzhmnjaqz7y7uyv32eca4jy5qg3cdgwdn22u,12,iog,256,3500000000,6d5914e7a616d018cb4b9c371776c208948781770b39c9b99737fd16ab170844
2026-06-11T13:49:08Z,abcde_forensics_stage_founders_depth14,pool1t490d5nsl9v354mrppk4j8hla4n60gxjn206jfaxh4jts93tqpp,reward_address,stake1u84ta7w3fj7k5lfdfmzhmnjaqz7y7uyv32eca4jy5qg3cdgwdn22u,12,iog,256,3500000000,6d5914e7a616d018cb4b9c371776c208948781770b39c9b99737fd16ab170844
2026-06-11T13:49:08Z,abcde_forensics_stage_founders_depth14,pool1t4q9v8vxf8ltx407cqkwq3sksgmq85e459jqsf34x0cxyfaqljw,owner,stake1uy70uq383mh7vee6d5ndzlu7hlld6g95puqv3zvhqz802kqhy7wza,14,iog,261,0,a66d93219bae0f5146959cc9acd6df36dd25421147f3d9ac3efa2446620119ba
2026-06-11T13:49:08Z,abcde_forensics_stage_founders_depth14,pool1t4q9v8vxf8ltx407cqkwq3sksgmq85e459jqsf34x0cxyfaqljw,reward_address,stake1uy70uq383mh7vee6d5ndzlu7hlld6g95puqv3zvhqz802kqhy7wza,14,iog,261,0,a66d93219bae0f5146959cc9acd6df36dd25421147f3d9ac3efa2446620119ba
2026-06-11T13:49:08Z,abcde_forensics_stage_founders_depth14,pool1t847w2hfv33qrra7q33nzq8epvcxv6ydshcq7w7j23c87xv2c2k,owner,stake1u8ajkccaka3cfajdm99507tlerp2ypnkfst6rhna5tmsaqcry26j8,14,iog,610,1000000,808e0aa098ec8914c89fd966400faa6cbfca95b6c7ac6a97d6893b058d0451bd
2026-06-11T13:49:08Z,abcde_forensics_stage_founders_depth14,pool1t847w2hfv33qrra7q33nzq8epvcxv6ydshcq7w7j23c87xv2c2k,reward_address,stake1u8ajkccaka3cfajdm99507tlerp2ypnkfst6rhna5tmsaqcry26j8,14,iog,610,1000000,808e0aa098ec8914c89fd966400faa6cbfca95b6c7ac6a97d6893b058d0451bd
2026-06-11T13:49:08Z,abcde_forensics_stage_founders_depth14,pool1t9ckjy949dk97prfs6any8xdjyq9du6prnplx06n4fcn5jgukhc,owner,stake1u9mdjar7rv4w92kpncvdx2pyphfpe0nyzs05sunhjy9kyggpljvt9,14,iog,635,75000000000,a61873f7c929a86d08709abd32a028c0540ba74df966659184317299c982c261
2026-06-11T13:49:08Z,abcde_forensics_stage_founders_depth14,pool1t9ckjy949dk97prfs6any8xdjyq9du6prnplx06n4fcn5jgukhc,reward_address,stake1u9mdjar7rv4w92kpncvdx2pyphfpe0nyzs05sunhjy9kyggpljvt9,14,iog,635,75000000000,a61873f7c929a86d08709abd32a028c0540ba74df966659184317299c982c261
2026-06-11T13:49:08Z,abcde_forensics_stage_founders_depth14,pool1t9m69j5thv2ke9jt9hhsgxlag44z7erp2s2ukcpruwhwqarc9np,owner,stake1ux6ylpkqtkaajeelejvm23vdgl9tlhs7g3uf8ss0ctla73gc8jzqu,14,iog,451,100000000000,4c4237634637812a44b823cd991802dae5b6ab7fb09ebfad76b5d324976c7132
2026-06-11T13:49:08Z,abcde_forensics_stage_founders_depth14,pool1t9m69j5thv2ke9jt9hhsgxlag44z7erp2s2ukcpruwhwqarc9np,reward_address,stake1ux6ylpkqtkaajeelejvm23vdgl9tlhs7g3uf8ss0ctla73gc8jzqu,14,iog,451,100000000000,4c4237634637812a44b823cd991802dae5b6ab7fb09ebfad76b5d324976c7132
2026-06-11T13:49:08Z,abcde_forensics_stage_founders_depth14,pool1tay8z4sq4a4gmyhnygyt0t5j84z8epwjra06wq28jnnmschkkuu,owner,stake1uxtqhumq8up5dw6wy4tem9hcxfunzumjvfzfuq5dfdndz4c25qpr7,12,emurgo+iog,372,1000000000,e4f467e3ac171a4f4408c57cb263665e3754e4e74a3586fe29c239a32fbf23e6
2026-06-11T13:49:08Z,abcde_forensics_stage_founders_depth14,pool1tay8z4sq4a4gmyhnygyt0t5j84z8epwjra06wq28jnnmschkkuu,reward_address,stake1uxtqhumq8up5dw6wy4tem9hcxfunzumjvfzfuq5dfdndz4c25qpr7,12,emurgo+iog,372,1000000000,e4f467e3ac171a4f4408c57cb263665e3754e4e74a3586fe29c239a32fbf23e6
2026-06-11T13:49:08Z,abcde_forensics_stage_founders_depth14,pool1tcuqfr33yzphqwfsf9x9kku6k3nxnm9cxqucgrzcpzrg2gca9rn,owner,stake1ux3c6s7cdtgu3hrxyzvnp6awc7f9yyg06fzpfgxpv564mnglxlxns,14,iog,244,77777777777,ceda638029d06ca09477c99a21b15854b8227cb1541426d5b8231bb90ba6daae
2026-06-11T13:49:08Z,abcde_forensics_stage_founders_depth14,pool1tcuqfr33yzphqwfsf9x9kku6k3nxnm9cxqucgrzcpzrg2gca9rn,reward_address,stake1ux3c6s7cdtgu3hrxyzvnp6awc7f9yyg06fzpfgxpv564mnglxlxns,14,iog,244,77777777777,ceda638029d06ca09477c99a21b15854b8227cb1541426d5b8231bb90ba6daae
2026-06-11T13:49:08Z,abcde_forensics_stage_founders_depth14,pool1tdjjgjfwzl842nrzplkfakj4y7y4000cd8dxm2zjtlrjugt2aac,owner,stake1uy2nwp0nd7ea4g3yrr38hn9vwy6t4crgvgajdglxq7xrtmqh9j9zt,13,emurgo+iog,303,3250000000,e4bd8c3eef80c84046cbefa8584db713f33a91784dac464b19574dd770e2d111
2026-06-11T13:49:08Z,abcde_forensics_stage_founders_depth14,pool1tdjjgjfwzl842nrzplkfakj4y7y4000cd8dxm2zjtlrjugt2aac,owner,stake1uy863jzuks5dleq5gnpnpv49r387t5tew85k45rh9sghkfggsdvq9,14,iog,303,3250000000,e4bd8c3eef80c84046cbefa8584db713f33a91784dac464b19574dd770e2d111
2026-06-11T13:49:08Z,abcde_forensics_stage_founders_depth14,pool1tdjjgjfwzl842nrzplkfakj4y7y4000cd8dxm2zjtlrjugt2aac,reward_address,stake1uy2nwp0nd7ea4g3yrr38hn9vwy6t4crgvgajdglxq7xrtmqh9j9zt,13,emurgo+iog,303,3250000000,e4bd8c3eef80c84046cbefa8584db713f33a91784dac464b19574dd770e2d111
2026-06-11T13:49:08Z,abcde_forensics_stage_founders_depth14,pool1tfuznvd3pkkwt96qwzurvzmf34zgut0uzap9c3skq7p4262stsx,owner,stake1ux84vhfg4smjhtfzmz286wl46urevqkxyvdu4kc502l4wzcz74j0a,13,iog,261,0,53b2646011a84b6cba59da4e4bc81d4d3608cfb18a19210dec677303b0070d8a
2026-06-11T13:49:08Z,abcde_forensics_stage_founders_depth14,pool1tfuznvd3pkkwt96qwzurvzmf34zgut0uzap9c3skq7p4262stsx,reward_address,stake1ux84vhfg4smjhtfzmz286wl46urevqkxyvdu4kc502l4wzcz74j0a,13,iog,261,0,53b2646011a84b6cba59da4e4bc81d4d3608cfb18a19210dec677303b0070d8a
2026-06-11T13:49:08Z,abcde_forensics_stage_founders_depth14,pool1tk3x77en700tk4w47xm8vzr0p490m29q6dknt77pakdyc4qmw65,owner,stake1uya02q5xkmx7emuj8naxzvdcvfsg6da82nppcqx9x3tcpsgsyh86n,12,iog,267,7000000000,d2fcd85bdbf3971cf5f5f7590dcc33c3a40a5ac6108bb2f6d7285f90b9c64b4f
2026-06-11T13:49:08Z,abcde_forensics_stage_founders_depth14,pool1tk3x77en700tk4w47xm8vzr0p490m29q6dknt77pakdyc4qmw65,reward_address,stake1uya02q5xkmx7emuj8naxzvdcvfsg6da82nppcqx9x3tcpsgsyh86n,12,iog,267,7000000000,d2fcd85bdbf3971cf5f5f7590dcc33c3a40a5ac6108bb2f6d7285f90b9c64b4f
2026-06-11T13:49:08Z,abcde_forensics_stage_founders_depth14,pool1tnl3yxmj8848vq6meduhz9n5520a7dwsh05r5gfyvlatj87k3jl,owner,stake1u8gkhycuucx7ux70l50fr6naf7q8wr2v7rutfp3ak6sj8agwqmcv6,14,iog,448,30000000000,a0c4f194ea84aeffe8ad0b3c0ca225e7cfc63910d2b70344bde9f4798e6b8b30
2026-06-11T13:49:08Z,abcde_forensics_stage_founders_depth14,pool1tnl3yxmj8848vq6meduhz9n5520a7dwsh05r5gfyvlatj87k3jl,owner,stake1uxwgz9as3xklugkdqsfrz65y9cpwdplt393taxemkn2m6ccr7k502,13,iog,448,30000000000,a0c4f194ea84aeffe8ad0b3c0ca225e7cfc63910d2b70344bde9f4798e6b8b30
2026-06-11T13:49:08Z,abcde_forensics_stage_founders_depth14,pool1tnl3yxmj8848vq6meduhz9n5520a7dwsh05r5gfyvlatj87k3jl,owner,stake1uy0r5jhfvnnnrncpkyklmst64g88g9p2llyqpln3x9e7vuc6m2zqd,13,iog,448,30000000000,a0c4f194ea84aeffe8ad0b3c0ca225e7cfc63910d2b70344bde9f4798e6b8b30
2026-06-11T13:49:08Z,abcde_forensics_stage_founders_depth14,pool1tnl3yxmj8848vq6meduhz9n5520a7dwsh05r5gfyvlatj87k3jl,reward_address,stake1uy0r5jhfvnnnrncpkyklmst64g88g9p2llyqpln3x9e7vuc6m2zqd,13,iog,448,30000000000,a0c4f194ea84aeffe8ad0b3c0ca225e7cfc63910d2b70344bde9f4798e6b8b30
2026-06-11T13:49:08Z,abcde_forensics_stage_founders_depth14,pool1tpy5yawzpetcverves0h6xdycxgrstehfvrkygydt9jcqxwpw3j,owner,stake1u9zzny9je5hcm9yzndnfgcst5x4zkgwhcg0fhgefv9s3r0slf049z,14,iog,603,100000000000,0c6e7c02fb6bb11a2cae3ec21cab9f5889642fe79d07882e65e9973d93310db1
2026-06-11T13:49:08Z,abcde_forensics_stage_founders_depth14,pool1tpy5yawzpetcverves0h6xdycxgrstehfvrkygydt9jcqxwpw3j,owner,stake1uyv4gwfc86uhhmzhx80uzxvmdtgyq5n7rtt0gnlts5qu5xqc900sz,14,iog,603,100000000000,0c6e7c02fb6bb11a2cae3ec21cab9f5889642fe79d07882e65e9973d93310db1
2026-06-11T13:49:08Z,abcde_forensics_stage_founders_depth14,pool1tpy5yawzpetcverves0h6xdycxgrstehfvrkygydt9jcqxwpw3j,reward_address,stake1u9zzny9je5hcm9yzndnfgcst5x4zkgwhcg0fhgefv9s3r0slf049z,14,iog,603,100000000000,0c6e7c02fb6bb11a2cae3ec21cab9f5889642fe79d07882e65e9973d93310db1
2026-06-11T13:49:08Z,abcde_forensics_stage_founders_depth14,pool1tqywsutw3wtgcvzrljdacgwmv5kfzm8f0ladml5frkckccd72gg,owner,stake1u9p0ad8nf7sxll7qkvtn4xzgwr9fem3v8ul7fwchw6hjrdgqccp6y,13,iog,423,5000000000,fcac3f659f718b23eb416d08df6d51cb81c26a9f65f72fce0cfcee351a41dee5
2026-06-11T13:49:08Z,abcde_forensics_stage_founders_depth14,pool1tqz6wll8zp3rz02jz8mls6mnw4pa9kwktu95769p66cesh8xmqp,owner,stake1ux3g0r209rkzve600yjay0yhy2lrz7vymlds2w44pgz7fsc9992cc,14,iog,254,16800000000,a459c4382c57180e4a220a9076bdf533733fd07fe472f9bbcf4b3a1a15d0970f
2026-06-11T13:49:08Z,abcde_forensics_stage_founders_depth14,pool1tqz6wll8zp3rz02jz8mls6mnw4pa9kwktu95769p66cesh8xmqp,reward_address,stake1ux3g0r209rkzve600yjay0yhy2lrz7vymlds2w44pgz7fsc9992cc,14,iog,254,16800000000,a459c4382c57180e4a220a9076bdf533733fd07fe472f9bbcf4b3a1a15d0970f
2026-06-11T13:49:08Z,abcde_forensics_stage_founders_depth14,pool1tr33ynaapce33pjc5ctvj7fju596gppsmqwna4smx0f2khnetjf,owner,stake1u9572y2y8hucalgs7w0vcx9xgc250tz72jwn4yumcn09g6c84tufy,14,iog,283,100000000,636551d784930aec89c59573fe428a39d8fa6d1538066e5c2ad00db97c0f0ba8
2026-06-11T13:49:08Z,abcde_forensics_stage_founders_depth14,pool1tr33ynaapce33pjc5ctvj7fju596gppsmqwna4smx0f2khnetjf,reward_address,stake1u9572y2y8hucalgs7w0vcx9xgc250tz72jwn4yumcn09g6c84tufy,14,iog,283,100000000,636551d784930aec89c59573fe428a39d8fa6d1538066e5c2ad00db97c0f0ba8
2026-06-11T13:49:08Z,abcde_forensics_stage_founders_depth14,pool1trjvzzska2mnd8xjxvjz0kfart6cfsj232kk6ghrlnc7u2xyqx0,owner,stake1u8gg9s4yt6lk5rs8emekuuv6tr07p9zx99fmvulvddmz70sk7uaz2,14,iog,265,100000000000,6ba6706ae604003f55fed363bc952818874cb2d4dff6371b71bcd1707e11e681
2026-06-11T13:49:08Z,abcde_forensics_stage_founders_depth14,pool1trjvzzska2mnd8xjxvjz0kfart6cfsj232kk6ghrlnc7u2xyqx0,reward_address,stake1u8gg9s4yt6lk5rs8emekuuv6tr07p9zx99fmvulvddmz70sk7uaz2,14,iog,265,100000000000,6ba6706ae604003f55fed363bc952818874cb2d4dff6371b71bcd1707e11e681
2026-06-11T13:49:08Z,abcde_forensics_stage_founders_depth14,pool1trxkcm5vnaj07htsmlfgjpwxmljy70ucs8z2n2qy8mvgxr73qlv,owner,stake1uy43acy7px8l3gr8ql8j5y9ztn08lk4jp66pyltzld2h54ck8nkku,14,iog,283,2000000000,bd960c83216b82b3392929427be02eaa94b609d69f376f4ce033ba769032c68e
2026-06-11T13:49:08Z,abcde_forensics_stage_founders_depth14,pool1trxkcm5vnaj07htsmlfgjpwxmljy70ucs8z2n2qy8mvgxr73qlv,reward_address,stake1uy43acy7px8l3gr8ql8j5y9ztn08lk4jp66pyltzld2h54ck8nkku,14,iog,283,2000000000,bd960c83216b82b3392929427be02eaa94b609d69f376f4ce033ba769032c68e
2026-06-11T13:49:08Z,abcde_forensics_stage_founders_depth14,pool1tuux2sctklrlzsh34w4gquz2wtundky30fvrn0qky5p7qr5n00d,owner,stake1uyk8l8dhl69u7xp7pjfp0shh3tjtjs5wz0yyaukcrfun09swrhjns,13,iog,249,100000000,51155da8c0bfea240d84713ee4ec8a8634f627a92c37a08cc51160f822b33c99
2026-06-11T13:49:08Z,abcde_forensics_stage_founders_depth14,pool1tuux2sctklrlzsh34w4gquz2wtundky30fvrn0qky5p7qr5n00d,reward_address,stake1uyk8l8dhl69u7xp7pjfp0shh3tjtjs5wz0yyaukcrfun09swrhjns,13,iog,249,100000000,51155da8c0bfea240d84713ee4ec8a8634f627a92c37a08cc51160f822b33c99
2026-06-11T13:49:08Z,abcde_forensics_stage_founders_depth14,pool1twd9vvegn3fqq0f4n08p3aml2ud8q87njs49900rycj4sr5hhcy,owner,stake1uxwangru5ferkpdeptw43al3r5g0zchdaf7muaqnhs34tzs7md62n,14,iog,285,60000000000,3e782fbf591402abef2a1053ed2f7937ad0e20161e0389455b45893a713f10d6
2026-06-11T13:49:08Z,abcde_forensics_stage_founders_depth14,pool1tx6e7gewsrcceejwpa69vrhlhay6862amaks095pmw9jxulwhvx,owner,stake1uydccqsef2gyusfvqt5ndw6x4e2d9jydmsvmm647kzf98vqdx9pln,13,iog,512,110000000,bfdd0a92290ac5792f8ef6f3a7a25b186d2fbe7ba719e72a43b31f256c931f82
2026-06-11T13:49:08Z,abcde_forensics_stage_founders_depth14,pool1tx6e7gewsrcceejwpa69vrhlhay6862amaks095pmw9jxulwhvx,reward_address,stake1uydccqsef2gyusfvqt5ndw6x4e2d9jydmsvmm647kzf98vqdx9pln,13,iog,512,110000000,bfdd0a92290ac5792f8ef6f3a7a25b186d2fbe7ba719e72a43b31f256c931f82
2026-06-11T13:49:08Z,abcde_forensics_stage_founders_depth14,pool1ty3d4m6px86ns3mnchqgmk64pecj7ep8fq98ffd7fx5cwgpma70,owner,stake1u9lgrx24cvl2aat7yvk02ju77yvezw7s9u0q5qgw94cj02c3kthy4,13,iog,320,6000000000,3117c41a7b7adbf5d368e834e0e1ac2cea4c58f4f978c2b0efd37ba3f8f4ecd3
2026-06-11T13:49:08Z,abcde_forensics_stage_founders_depth14,pool1ty3d4m6px86ns3mnchqgmk64pecj7ep8fq98ffd7fx5cwgpma70,reward_address,stake1u9lgrx24cvl2aat7yvk02ju77yvezw7s9u0q5qgw94cj02c3kthy4,13,iog,320,6000000000,3117c41a7b7adbf5d368e834e0e1ac2cea4c58f4f978c2b0efd37ba3f8f4ecd3
2026-06-11T13:49:08Z,abcde_forensics_stage_founders_depth14,pool1ty7lh3nvtwxlcpqg2x30fkr3j9ys6nprztr9m4zp3aajxyjk2vz,owner,stake1uy3sdktx7cn6f7vyucnfscr3cce4ucg3wqyyu74z96md77gj0xy70,14,emurgo,356,145000000000,66733644285fd4230e9e37f2829c57995a0a4216dcbcd1f4eb56376614ffc1d2
2026-06-11T13:49:08Z,abcde_forensics_stage_founders_depth14,pool1ty7lh3nvtwxlcpqg2x30fkr3j9ys6nprztr9m4zp3aajxyjk2vz,reward_address,stake1uy3sdktx7cn6f7vyucnfscr3cce4ucg3wqyyu74z96md77gj0xy70,14,emurgo,356,145000000000,66733644285fd4230e9e37f2829c57995a0a4216dcbcd1f4eb56376614ffc1d2
2026-06-11T13:49:08Z,abcde_forensics_stage_founders_depth14,pool1u2d3guvld9rk0586lyhk2n8kvkzmem7czwdltgem0mgczqd3ygu,owner,stake1uywyh355eljcgq8720f54574x55zueakgapamcyxpruautsajhk7u,14,iog,246,145000000000,98858a238c86b06de41d395adebe163272479a0601230341f77c5a714f93cfdf
2026-06-11T13:49:08Z,abcde_forensics_stage_founders_depth14,pool1u2lghnv4ae3zy73ysjlgvxwj7tuqpmyfavk74j48g0gnqnyc692,owner,stake1ux3kfdgf5477alfje67xsp05mtx4kw4tjlv4ffz6jg8p36gejjvxj,14,iog,447,100000000,c79676e768bee51a1bc0865b227fc4efb34f15cd5f0301dd07b1418c8d3b8cb2
2026-06-11T13:49:08Z,abcde_forensics_stage_founders_depth14,pool1u2lghnv4ae3zy73ysjlgvxwj7tuqpmyfavk74j48g0gnqnyc692,reward_address,stake1ux3kfdgf5477alfje67xsp05mtx4kw4tjlv4ffz6jg8p36gejjvxj,14,iog,447,100000000,c79676e768bee51a1bc0865b227fc4efb34f15cd5f0301dd07b1418c8d3b8cb2
2026-06-11T13:49:08Z,abcde_forensics_stage_founders_depth14,pool1u4j0cza7ny0v36w0cjm8awdpd35kwuh38mmdd0kcv3fk59mt80g,owner,stake1u97zxuc5cg06225ypqnl8nyzg6q038cp2cy8u7jzmffz5ac4q7nv8,14,iog,262,45000000000,7e1ee15c8ea5f6c21ed960dbec46cdb648f33beb4cb8c4ef77c4b77ccc093d83
2026-06-11T13:49:08Z,abcde_forensics_stage_founders_depth14,pool1u4j0cza7ny0v36w0cjm8awdpd35kwuh38mmdd0kcv3fk59mt80g,reward_address,stake1u97zxuc5cg06225ypqnl8nyzg6q038cp2cy8u7jzmffz5ac4q7nv8,14,iog,262,45000000000,7e1ee15c8ea5f6c21ed960dbec46cdb648f33beb4cb8c4ef77c4b77ccc093d83
2026-06-11T13:49:08Z,abcde_forensics_stage_founders_depth14,pool1u4p03p6eextu3ge40f2za7lspjz5qkaw5lmqq6emx3qkqq6yjvr,owner,stake1uymmhgf6h8u409tu3xjqqlq2ua4lwe6deaapeyqf56tegkc2g2ac0,14,iog,449,777000000,ecb307ce6cfda29bc28508b9e01470574f1db5d2ca952d53a0ce32724cfccf94
2026-06-11T13:49:08Z,abcde_forensics_stage_founders_depth14,pool1u4p03p6eextu3ge40f2za7lspjz5qkaw5lmqq6emx3qkqq6yjvr,reward_address,stake1uymmhgf6h8u409tu3xjqqlq2ua4lwe6deaapeyqf56tegkc2g2ac0,14,iog,449,777000000,ecb307ce6cfda29bc28508b9e01470574f1db5d2ca952d53a0ce32724cfccf94
2026-06-11T13:49:08Z,abcde_forensics_stage_founders_depth14,pool1u6etszaexv9v4lrf8r5xtjk2rc8wqq9waq9akrn7l5az6tm6u7m,owner,stake1uxgugvpnkakxcyzncexkft0cr54nc05zpchcptw352wyh7g4qsgrd,14,iog,415,29000000000,6795c13e19f6ca5e82f119ef1ee55024189637381295ba0e5629dfa7f67f8bd9
2026-06-11T13:49:08Z,abcde_forensics_stage_founders_depth14,pool1u6etszaexv9v4lrf8r5xtjk2rc8wqq9waq9akrn7l5az6tm6u7m,reward_address,stake1uxgugvpnkakxcyzncexkft0cr54nc05zpchcptw352wyh7g4qsgrd,14,iog,415,29000000000,6795c13e19f6ca5e82f119ef1ee55024189637381295ba0e5629dfa7f67f8bd9
2026-06-11T13:49:08Z,abcde_forensics_stage_founders_depth14,pool1u6r6439cne2ymaa2sn98c4l8wqkgcsg6pj3wr523j92f6744qcu,owner,stake1u9dy4vmqg7euk9v5cz47czzfyzz2y9k9w8gpt0c53ays3sqt7acdz,13,iog,259,1000000000,52426781385977a1f31c602f79bfe0db798c60549df83981b8b0202f5f6cb164
2026-06-11T13:49:08Z,abcde_forensics_stage_founders_depth14,pool1u6r6439cne2ymaa2sn98c4l8wqkgcsg6pj3wr523j92f6744qcu,reward_address,stake1u9dy4vmqg7euk9v5cz47czzfyzz2y9k9w8gpt0c53ays3sqt7acdz,13,iog,259,1000000000,52426781385977a1f31c602f79bfe0db798c60549df83981b8b0202f5f6cb164
2026-06-11T13:49:08Z,abcde_forensics_stage_founders_depth14,pool1u6rml05w6hpl3t3ft8zwng6quksexa97wsxgdpg5kj4f78hhv7h,owner,stake1u87whawqf374egg658zmuy6jl8lq0s0prxursslnw9mfg6cxe3de8,14,iog,288,25000000000,049dc9c2f6aa111a861e7cf4ec0d3fae5a94cbbe93b1d8d27c65b8a0feb48750
2026-06-11T13:49:08Z,abcde_forensics_stage_founders_depth14,pool1u6rml05w6hpl3t3ft8zwng6quksexa97wsxgdpg5kj4f78hhv7h,reward_address,stake1u87whawqf374egg658zmuy6jl8lq0s0prxursslnw9mfg6cxe3de8,14,iog,288,25000000000,049dc9c2f6aa111a861e7cf4ec0d3fae5a94cbbe93b1d8d27c65b8a0feb48750
2026-06-11T13:49:08Z,abcde_forensics_stage_founders_depth14,pool1uaa3le5zjzjtzacvglgv9sha2pz8zlegl8udy9z8lhddcgufzlx,owner,stake1uydnmynrfufeu5q7rmp6tm9fnxmy5r8zrw8q3nhqc2nssfqqcufzt,13,iog,253,50000000000,c31f50ae0b31e2b252af8eabd0b8406f6964232e06461616a6e36636ce87f7fc
2026-06-11T13:49:08Z,abcde_forensics_stage_founders_depth14,pool1uaa3le5zjzjtzacvglgv9sha2pz8zlegl8udy9z8lhddcgufzlx,reward_address,stake1uydnmynrfufeu5q7rmp6tm9fnxmy5r8zrw8q3nhqc2nssfqqcufzt,13,iog,253,50000000000,c31f50ae0b31e2b252af8eabd0b8406f6964232e06461616a6e36636ce87f7fc
2026-06-11T13:49:08Z,abcde_forensics_stage_founders_depth14,pool1udt98825znk9uslz4v05gh5cd3s5e4g0cd9c4gzhcfpd2j2xm2u,owner,stake1uy6jrezuflfdlgtyyn2aduct05zwkymphglar664rs0xlqs0l7mw7,13,iog,263,30000000000,efc7bb337d07e01685c2a34595c88632f06d3a4c2defd6d307391bf3a5ee4c13
2026-06-11T13:49:08Z,abcde_forensics_stage_founders_depth14,pool1udv42vs52wg34268zkfsgtrzuvyskphfavaf3n8tmf4tugm7et0,owner,stake1uxq44u2e5zq63esvhphs0svjxr6e8jljsjavjyve5a0x7rqpfwnjl,13,emurgo+iog,255,10000000000,ea09598fec722ec98cb9ec2559c97324cd7f77f4d1dca1a052a37960f34a20e3
2026-06-11T13:49:08Z,abcde_forensics_stage_founders_depth14,pool1udv42vs52wg34268zkfsgtrzuvyskphfavaf3n8tmf4tugm7et0,owner,stake1uxuya4rknn53c69csgaqw0vlt98vqef924mdk6huza8jldsfj8emd,13,iog,255,10000000000,ea09598fec722ec98cb9ec2559c97324cd7f77f4d1dca1a052a37960f34a20e3
2026-06-11T13:49:08Z,abcde_forensics_stage_founders_depth14,pool1udv42vs52wg34268zkfsgtrzuvyskphfavaf3n8tmf4tugm7et0,owner,stake1uy6s46ggnuk2rj7c6zrnrn7cq83a7x2ena83d0vmzg9279q0ea7n4,11,iog,255,10000000000,ea09598fec722ec98cb9ec2559c97324cd7f77f4d1dca1a052a37960f34a20e3
2026-06-11T13:49:08Z,abcde_forensics_stage_founders_depth14,pool1udv42vs52wg34268zkfsgtrzuvyskphfavaf3n8tmf4tugm7et0,reward_address,stake1uxq44u2e5zq63esvhphs0svjxr6e8jljsjavjyve5a0x7rqpfwnjl,13,emurgo+iog,255,10000000000,ea09598fec722ec98cb9ec2559c97324cd7f77f4d1dca1a052a37960f34a20e3
2026-06-11T13:49:08Z,abcde_forensics_stage_founders_depth14,pool1uew7h58cj2t38v3duzfc87snzpas5dg3j3yhhm5v9uxpx2tn522,owner,stake1u9yavxyfgkd3lwf8g99awwhd3pw2ycu74yuyms9phjneh7czd3q5v,13,iog,305,63000000000000,af201d529ef5c2fd641b8a91f8f06141e8b5ad17d7c6a31c657e33e5f1fd5822
2026-06-11T13:49:08Z,abcde_forensics_stage_founders_depth14,pool1uew7h58cj2t38v3duzfc87snzpas5dg3j3yhhm5v9uxpx2tn522,reward_address,stake1u9yavxyfgkd3lwf8g99awwhd3pw2ycu74yuyms9phjneh7czd3q5v,13,iog,305,63000000000000,af201d529ef5c2fd641b8a91f8f06141e8b5ad17d7c6a31c657e33e5f1fd5822
2026-06-11T13:49:08Z,abcde_forensics_stage_founders_depth14,pool1ug9a24cpftelgg2uvm9qqzzdq7as5h3eh9ksff35dw2n5k8cefd,owner,stake1u9d29l529ucgwdh79g2k9a8ne52ttjmc4cj97r3sdahrz4g06m8s5,14,iog,261,500000000,cafa71fd4af32ed42cf2f31c6d6b98a19b4557621aeee779c80ed2ce0b291f01
2026-06-11T13:49:08Z,abcde_forensics_stage_founders_depth14,pool1ug9a24cpftelgg2uvm9qqzzdq7as5h3eh9ksff35dw2n5k8cefd,reward_address,stake1u9d29l529ucgwdh79g2k9a8ne52ttjmc4cj97r3sdahrz4g06m8s5,14,iog,261,500000000,cafa71fd4af32ed42cf2f31c6d6b98a19b4557621aeee779c80ed2ce0b291f01
2026-06-11T13:49:08Z,abcde_forensics_stage_founders_depth14,pool1uhy50u9y76nd6z2xmzt3mta0yc7g3gdssef8lheyyg7zzymgzm8,reward_address,stake1uxcmc9r2t7cxs0zw8qm8ztg3twvxryzghsc8eszek6kuwms23gya4,12,iog,382,1000000000,0ba2f9f33d0fe558e81c5716fc6c7f73220f597f41df7ab8e16a8a7f1aec395e
2026-06-11T13:49:08Z,abcde_forensics_stage_founders_depth14,pool1ujpy2536jz3x9gje5d5vuadzcpadl7pwrcsgq4laestu7mrs9hp,owner,stake1uyyfuvh9kpj0rr7ch4j5tjuq6xs70mj5f9n8h5aq69q2snq0wj7aq,14,iog,255,435000000,525666f0d939c528373556383503b917939bec71dd0dec2c9c7461cbb4e7592f
2026-06-11T13:49:08Z,abcde_forensics_stage_founders_depth14,pool1ujpy2536jz3x9gje5d5vuadzcpadl7pwrcsgq4laestu7mrs9hp,reward_address,stake1uyyfuvh9kpj0rr7ch4j5tjuq6xs70mj5f9n8h5aq69q2snq0wj7aq,14,iog,255,435000000,525666f0d939c528373556383503b917939bec71dd0dec2c9c7461cbb4e7592f
2026-06-11T13:49:08Z,abcde_forensics_stage_founders_depth14,pool1umflj8hjq873fs9r6aq2zvgs88zrs5xjswn2znkdaehlz2eqy59,owner,stake1u9ak6ctrrvpyxaqapucrjsawtrwa9n237erqk8twu9d9lqge05k6t,13,iog,474,2000000000,ce47e4ea28182dc134aee096410153d5aab97960755011b50384e6acec9b6f40
2026-06-11T13:49:08Z,abcde_forensics_stage_founders_depth14,pool1umflj8hjq873fs9r6aq2zvgs88zrs5xjswn2znkdaehlz2eqy59,reward_address,stake1u9ak6ctrrvpyxaqapucrjsawtrwa9n237erqk8twu9d9lqge05k6t,13,iog,474,2000000000,ce47e4ea28182dc134aee096410153d5aab97960755011b50384e6acec9b6f40
2026-06-11T13:49:08Z,abcde_forensics_stage_founders_depth14,pool1umlxdat66q70nptes28ft08qn04ueq5wnrpexgkgcmv8z906n7v,owner,stake1u9fy6mz66rhccnkn8y0rwr7gj8pxw8p7zh0zj2j997u84xg8c42cn,13,iog,260,20000000000,76987a2f3e9e278479ed4a7928115eb39841a6c8c637886a19e965323de03469
2026-06-11T13:49:08Z,abcde_forensics_stage_founders_depth14,pool1umlxdat66q70nptes28ft08qn04ueq5wnrpexgkgcmv8z906n7v,reward_address,stake1u9fy6mz66rhccnkn8y0rwr7gj8pxw8p7zh0zj2j997u84xg8c42cn,13,iog,260,20000000000,76987a2f3e9e278479ed4a7928115eb39841a6c8c637886a19e965323de03469
2026-06-11T13:49:08Z,abcde_forensics_stage_founders_depth14,pool1up9kmflr68jl0mr7n9hlvkhdl38z78yhgxgh58cqyjhvvmr4edy,owner,stake1u9v4tvtyxm47u8q2xax6e89t67zuudnj6r0hn5j2x0yfvkqxp9s0l,14,iog,279,9000000000,a692664cd383339c988a074bdb51ff8b7a84aad2f4aca92b2a3b91b7a1987622
2026-06-11T13:49:08Z,abcde_forensics_stage_founders_depth14,pool1urjhx4j3v3phllg3uups6gnf2xuchsm3qpy4z75dx7grw5nt46f,owner,stake1u9xmxk6pvy0lktgl3szw0warwjvzvfyzcju6ujps75kmccsyzsdqa,14,emurgo,212,390000000000,e56f22bf75d6d5e102d1225c824764ffd2d77d01d5aaa29bfb5ae37d41da964d
2026-06-11T13:49:08Z,abcde_forensics_stage_founders_depth14,pool1urjhx4j3v3phllg3uups6gnf2xuchsm3qpy4z75dx7grw5nt46f,reward_address,stake1u9xmxk6pvy0lktgl3szw0warwjvzvfyzcju6ujps75kmccsyzsdqa,14,emurgo,212,390000000000,e56f22bf75d6d5e102d1225c824764ffd2d77d01d5aaa29bfb5ae37d41da964d
2026-06-11T13:49:08Z,abcde_forensics_stage_founders_depth14,pool1uvgvyjygjnv20y9uwrlt8sfp7jzjc96predwmtklac9c6m9yq0v,owner,stake1uyzg3h69gmsnzrf80y4tl7glyqnlxwqn5c04h8hvqw3u4fc44w2u3,14,iog,257,500000000,46741895caf7b0a353b89ede2d4ad70a37d2c740d0f38dfaf77aa177e631c9fa
2026-06-11T13:49:08Z,abcde_forensics_stage_founders_depth14,pool1uvgvyjygjnv20y9uwrlt8sfp7jzjc96predwmtklac9c6m9yq0v,reward_address,stake1uyzg3h69gmsnzrf80y4tl7glyqnlxwqn5c04h8hvqw3u4fc44w2u3,14,iog,257,500000000,46741895caf7b0a353b89ede2d4ad70a37d2c740d0f38dfaf77aa177e631c9fa
2026-06-11T13:49:08Z,abcde_forensics_stage_founders_depth14,pool1uy2z02pn4lczk7p2plvnkzrmltxmqs2t04d9ghx5t0vw6e4t0qn,owner,stake1u9f63202ed9t9wa9g6nca6a7957yza77whev5nezz5zm43gaywrrr,14,iog,617,100000000000,653412430620a30963880600b4fb2d2f4b6188954b764c2612ba55460722c8aa
2026-06-11T13:49:08Z,abcde_forensics_stage_founders_depth14,pool1uyl05rzl52kf4ryxqwn0wjtl0dzf99ms42tn0srpnqd77m3cuv4,owner,stake1uyqk29ythe848gta5sdwcu7mwvkafw8v5tveq8d6cc7qswqq6zusl,13,iog,268,63000000000000,44a9919707d5c3cc633b7174ff1dd0c489893831c8e1383ebd4afbfd7decf4c4
2026-06-11T13:49:08Z,abcde_forensics_stage_founders_depth14,pool1uyl05rzl52kf4ryxqwn0wjtl0dzf99ms42tn0srpnqd77m3cuv4,reward_address,stake1uyqk29ythe848gta5sdwcu7mwvkafw8v5tveq8d6cc7qswqq6zusl,13,iog,268,63000000000000,44a9919707d5c3cc633b7174ff1dd0c489893831c8e1383ebd4afbfd7decf4c4
2026-06-11T13:49:08Z,abcde_forensics_stage_founders_depth14,pool1uzdaq49efzkl36f5kf0gd0fk0uh0l9tsf80p02ksm64v7y98rw6,owner,stake1u9fgs9sjl3pmmnkqc6c2fxhl08zqm8xl3vecj5h0qu7zags9cg32q,14,iog,286,100000000,a58f1bc4297219f207aba198da0d2db657af747b2742508611af1f626dd2c202
2026-06-11T13:49:08Z,abcde_forensics_stage_founders_depth14,pool1uzdaq49efzkl36f5kf0gd0fk0uh0l9tsf80p02ksm64v7y98rw6,reward_address,stake1u9fgs9sjl3pmmnkqc6c2fxhl08zqm8xl3vecj5h0qu7zags9cg32q,14,iog,286,100000000,a58f1bc4297219f207aba198da0d2db657af747b2742508611af1f626dd2c202
2026-06-11T13:49:08Z,abcde_forensics_stage_founders_depth14,pool1uzkf7xmg6p3p5nn8y0eknfgws8e8j94vklx590qra2kfxpsxwsa,owner,stake1uxty8q77a2suuwl9g8yn4heyg76dzlc58dwshz0dy2qlv9q7d3c4l,14,iog,253,2000000,7a773bdaa1f3a01dc57fbbd90ddd05fca4fa3244f5ffcc5cd8f4c6edba3cb94f
2026-06-11T13:49:08Z,abcde_forensics_stage_founders_depth14,pool1uzkf7xmg6p3p5nn8y0eknfgws8e8j94vklx590qra2kfxpsxwsa,reward_address,stake1uxty8q77a2suuwl9g8yn4heyg76dzlc58dwshz0dy2qlv9q7d3c4l,14,iog,253,2000000,7a773bdaa1f3a01dc57fbbd90ddd05fca4fa3244f5ffcc5cd8f4c6edba3cb94f
2026-06-11T13:49:08Z,abcde_forensics_stage_founders_depth14,pool1v0j49yxl02kqspn7xmehf0kw8e07nuc2y3sc76rqzgkkwf3gtmt,owner,stake1uxq30gnwtsqzj2cjl94yycwagasv0tw7hpetmgncy2qtdccrupada,13,iog,264,7500000000,27183003008692c110fe0ecb4305e7a7e447a4b3c38b64183114ab4231e22c67
2026-06-11T13:49:08Z,abcde_forensics_stage_founders_depth14,pool1v4zt9nsc3cu6aa5tayjeyelm04mftj3y3slq96dxgt707dxvht6,owner,stake1u9dqc3yzmvm8ahjef4qlxavau6jywgtgu6wct597yan5lsqf0gr9n,14,iog,409,250000000000,36c51431dcf5b53ab101f6d7722e2852d280f1a4e4e11063d59bb988e023f819
2026-06-11T13:49:08Z,abcde_forensics_stage_founders_depth14,pool1v4zt9nsc3cu6aa5tayjeyelm04mftj3y3slq96dxgt707dxvht6,reward_address,stake1u9dqc3yzmvm8ahjef4qlxavau6jywgtgu6wct597yan5lsqf0gr9n,14,iog,409,250000000000,36c51431dcf5b53ab101f6d7722e2852d280f1a4e4e11063d59bb988e023f819
2026-06-11T13:49:08Z,abcde_forensics_stage_founders_depth14,pool1v5g4rmkk0394q6swgfusgzjjzrv9ajy8qntgpuumegka5xhpgam,owner,stake1uyf46mfa3yaepzc872w5r5tz04m972lamsslc978xfnpkvguqnw24,14,iog,521,250000000000,65deaac169584d037c482f3466ab0aa508f78b520d1e0316bcfb6cf5443fe848
2026-06-11T13:49:08Z,abcde_forensics_stage_founders_depth14,pool1v5g4rmkk0394q6swgfusgzjjzrv9ajy8qntgpuumegka5xhpgam,reward_address,stake1uyf46mfa3yaepzc872w5r5tz04m972lamsslc978xfnpkvguqnw24,14,iog,521,250000000000,65deaac169584d037c482f3466ab0aa508f78b520d1e0316bcfb6cf5443fe848
2026-06-11T13:49:08Z,abcde_forensics_stage_founders_depth14,pool1v5u6wzakuc25q3zpx04t8gjz3rgu60wuxkv2mh5nga23xjkc86s,owner,stake1u96aka94lcn3q57sj6m02fqyawgmncgn75y9eaxsrv7mxvg03hyvf,13,iog,476,200000000000,ab56598ea355d2de370b516e3603d4bf7a0db68c6ef27c7dbbf23223db83f617
2026-06-11T13:49:08Z,abcde_forensics_stage_founders_depth14,pool1v5u6wzakuc25q3zpx04t8gjz3rgu60wuxkv2mh5nga23xjkc86s,reward_address,stake1u96aka94lcn3q57sj6m02fqyawgmncgn75y9eaxsrv7mxvg03hyvf,13,iog,476,200000000000,ab56598ea355d2de370b516e3603d4bf7a0db68c6ef27c7dbbf23223db83f617
2026-06-11T13:49:08Z,abcde_forensics_stage_founders_depth14,pool1v675dnkxjfz9jgct00tskyyuvsjgqj50d27c6wz4a5zr6gj4s67,owner,stake1uxmuxn85el2x9amffxhf8hl6we02ep8qp0k3m7cjuu72tvsyaxc5c,14,iog,471,50000000,3ab716a649a520425756da96e6df421ca288376c0006c51799bb061d56dad341
2026-06-11T13:49:08Z,abcde_forensics_stage_founders_depth14,pool1v675dnkxjfz9jgct00tskyyuvsjgqj50d27c6wz4a5zr6gj4s67,reward_address,stake1uxmuxn85el2x9amffxhf8hl6we02ep8qp0k3m7cjuu72tvsyaxc5c,14,iog,471,50000000,3ab716a649a520425756da96e6df421ca288376c0006c51799bb061d56dad341
2026-06-11T13:49:08Z,abcde_forensics_stage_founders_depth14,pool1v6vwezcc9dzpy2k2747lemsa86fxd9gjlyefm5xv5cqfqmpeqtl,owner,stake1u96jqcfp00lal92qexxlaxqck3nvl7qs2hg9fgp37a3xshg08mlsn,14,iog,237,0,e5b75a610e3c23df621fc1ff860d42dd914412a2f1ea2f46b334bff17fba733b
2026-06-11T13:49:08Z,abcde_forensics_stage_founders_depth14,pool1v6vwezcc9dzpy2k2747lemsa86fxd9gjlyefm5xv5cqfqmpeqtl,reward_address,stake1u96jqcfp00lal92qexxlaxqck3nvl7qs2hg9fgp37a3xshg08mlsn,14,iog,237,0,e5b75a610e3c23df621fc1ff860d42dd914412a2f1ea2f46b334bff17fba733b
2026-06-11T13:49:08Z,abcde_forensics_stage_founders_depth14,pool1valllhvjve4utph0zj8rchaz339z72qsagaztm88jvqx27gd62y,owner,stake1u95d8mzy9c60nullecpe3qjqn4mjugrfqhd3zdv8g2yuhsc2kcpyw,14,iog,257,100000000,c2b2b3875910f70f7b6aa27b09ca5a347bc70de0343efb6ae74b4226450273c5
2026-06-11T13:49:08Z,abcde_forensics_stage_founders_depth14,pool1valllhvjve4utph0zj8rchaz339z72qsagaztm88jvqx27gd62y,reward_address,stake1u95d8mzy9c60nullecpe3qjqn4mjugrfqhd3zdv8g2yuhsc2kcpyw,14,iog,257,100000000,c2b2b3875910f70f7b6aa27b09ca5a347bc70de0343efb6ae74b4226450273c5
2026-06-11T13:49:08Z,abcde_forensics_stage_founders_depth14,pool1vayu3mf4qgudxeelywy5jxjxaz56ycyr03trp4m4q7925mwv5ct,owner,stake1uyg90musdfujz2cnh72vjgnzes69f7qmz4erle432rcsh7sqdu9hw,14,iog,332,1000000000,230299acd1b489f231692605a53023ff5322cbe3db322ba01512828ae105c8ba
2026-06-11T13:49:08Z,abcde_forensics_stage_founders_depth14,pool1vayu3mf4qgudxeelywy5jxjxaz56ycyr03trp4m4q7925mwv5ct,reward_address,stake1uyg90musdfujz2cnh72vjgnzes69f7qmz4erle432rcsh7sqdu9hw,14,iog,332,1000000000,230299acd1b489f231692605a53023ff5322cbe3db322ba01512828ae105c8ba
2026-06-11T13:49:08Z,abcde_forensics_stage_founders_depth14,pool1vc8jhqtwjrjwsfk6a0enx47hd2ufg98c34ta6lvl0zv0uhpech9,owner,stake1uy8ga9xvd59leupnm2q94zmp7ddksndtn2rukcjfe4syw3s35h84h,14,iog,615,50000000000,5b16a6c5504dcae559aec3091fca51e74af15e6a96aa035cd0b33bc0e419f0e4
2026-06-11T13:49:08Z,abcde_forensics_stage_founders_depth14,pool1vc8jhqtwjrjwsfk6a0enx47hd2ufg98c34ta6lvl0zv0uhpech9,reward_address,stake1uy8ga9xvd59leupnm2q94zmp7ddksndtn2rukcjfe4syw3s35h84h,14,iog,615,50000000000,5b16a6c5504dcae559aec3091fca51e74af15e6a96aa035cd0b33bc0e419f0e4
2026-06-11T13:49:08Z,abcde_forensics_stage_founders_depth14,pool1vev2lqvn00fpq9uqrlqm383dy6hht56c5udmm3qwryrm2a9ft5e,owner,stake1u82qh636t80rn0spnj3m0lqxm4skzx5ah86rhgdlvxdhntsk4g5wp,13,iog,312,0,34113f79d800b95842a8219d15e08fa8b10b332167fb63e6dbe9233641751bb7
2026-06-11T13:49:08Z,abcde_forensics_stage_founders_depth14,pool1vev8z03vh7jwx3mfrgzrt9fltt97nupaxv8ffj4r5r8mgwts5ze,owner,stake1uxjn5nvdfgse3j9gpmf2jpdlxzp5kqns63ngnjmhgx2y5dc8w457d,13,iog,601,60000000000,95b18c9834b0babfce52fa41d701a646fc45cd12b436d918c7d3fc6b301b4f83
2026-06-11T13:49:08Z,abcde_forensics_stage_founders_depth14,pool1vev8z03vh7jwx3mfrgzrt9fltt97nupaxv8ffj4r5r8mgwts5ze,reward_address,stake1uxjn5nvdfgse3j9gpmf2jpdlxzp5kqns63ngnjmhgx2y5dc8w457d,13,iog,601,60000000000,95b18c9834b0babfce52fa41d701a646fc45cd12b436d918c7d3fc6b301b4f83
2026-06-11T13:49:08Z,abcde_forensics_stage_founders_depth14,pool1vf2kjdjr6twtsp9m38hl65xcaf6rhwhq0ttz5w63wnlj2a4mq2j,owner,stake1u8z8c9eypv4t47xf55y9galch0urhyaa2m49pzgll8ju5pqfzk6cf,14,iog,339,10000000000,34d8ab7117b46c5a1dce8e3afe652968531fcbb47feb139f5c4c48518bf4250e
2026-06-11T13:49:08Z,abcde_forensics_stage_founders_depth14,pool1vf2kjdjr6twtsp9m38hl65xcaf6rhwhq0ttz5w63wnlj2a4mq2j,reward_address,stake1u8z8c9eypv4t47xf55y9galch0urhyaa2m49pzgll8ju5pqfzk6cf,14,iog,339,10000000000,34d8ab7117b46c5a1dce8e3afe652968531fcbb47feb139f5c4c48518bf4250e
2026-06-11T13:49:08Z,abcde_forensics_stage_founders_depth14,pool1vfayajkdc0gw876lax5va6ygpfpsd8kz73k4y977emm3clnxlm5,owner,stake1uy5cjw7pemtv9l7ezyqraasep329jrw7j93y7kz523egyrglgve7j,14,iog,553,30000000000,3b4a886c5c28e1bbd6737dfd8d798b6210d630b7a6daa000bd948d3d584af775
2026-06-11T13:49:08Z,abcde_forensics_stage_founders_depth14,pool1vfk2rjpkjaux6u8waahdz4urv9fucr80uvumvtvxcsddxkny593,owner,stake1u847sq355fx3xtsz8rm37pvgcg4asvv5kkamh2v9rmpljhg5492h2,10,iog,365,0,619fdd04d142b19aee2487194a2e395ece09c3ba28c29a8deca6e807d258ec74
2026-06-11T13:49:08Z,abcde_forensics_stage_founders_depth14,pool1vfpslzu94fetc0j4tfk2rjw49s7vw8xsp7e60x38cr8rylmjlug,owner,stake1uxdf3ql86dc59aq0uc7mxjx39jurx8datjlzqdn8y8kemeq2dntuh,14,iog,257,100000000000,4640586e86eebad6cd1bfd230de56da57be93c22ce111a3828dfcfe3989a6eb2
2026-06-11T13:49:08Z,abcde_forensics_stage_founders_depth14,pool1vfpslzu94fetc0j4tfk2rjw49s7vw8xsp7e60x38cr8rylmjlug,reward_address,stake1uxdf3ql86dc59aq0uc7mxjx39jurx8datjlzqdn8y8kemeq2dntuh,14,iog,257,100000000000,4640586e86eebad6cd1bfd230de56da57be93c22ce111a3828dfcfe3989a6eb2
2026-06-11T13:49:08Z,abcde_forensics_stage_founders_depth14,pool1vgp4geg4q39pdssw8dt6m9cctez3282yva9yl2dde47q7ny4ugd,owner,stake1uxlpgdrerpenn4mdpqge2u96cf4avv2u08c2c6xrj0jvuaqjp6xns,13,iog,271,250000000,45c3d4b823fc0d31cde06ec79bcf9106e99ab518b33fd9686f36f3620bda36c5
2026-06-11T13:49:08Z,abcde_forensics_stage_founders_depth14,pool1vgp4geg4q39pdssw8dt6m9cctez3282yva9yl2dde47q7ny4ugd,reward_address,stake1uxlpgdrerpenn4mdpqge2u96cf4avv2u08c2c6xrj0jvuaqjp6xns,13,iog,271,250000000,45c3d4b823fc0d31cde06ec79bcf9106e99ab518b33fd9686f36f3620bda36c5
2026-06-11T13:49:08Z,abcde_forensics_stage_founders_depth14,pool1vkaqy5340z5ka59urgfg869zlv8h3t2t4pww7yeunr6eyfda5qt,owner,stake1uxf5hy3q2kufwu3wfahj7wdkxphl58f7gyz5engt9ny3vhqldal0q,14,iog,258,1390000000,0fe4b8105ac9f209eb5707140536aa6c119df886cd8b22c44ad1a3b5dfc1925b
2026-06-11T13:49:08Z,abcde_forensics_stage_founders_depth14,pool1vkaqy5340z5ka59urgfg869zlv8h3t2t4pww7yeunr6eyfda5qt,reward_address,stake1u8dshnpj848p4q2884jd2ushep2pw8u25ns5cftlccgnslgjmqe5u,13,iog,258,1390000000,0fe4b8105ac9f209eb5707140536aa6c119df886cd8b22c44ad1a3b5dfc1925b
2026-06-11T13:49:08Z,abcde_forensics_stage_founders_depth14,pool1vm3rcng5f729uuhehfq0ael0pw9x9dlukqkdlmk2fnakxt3jxyj,owner,stake1uxl0j7kldseek6wxnwtcw0emsfzf3jx7a6a9h6wdrmzf0hgtsav8t,13,iog,268,150000000000,5ee13966bf6a725a2c36ddf89ac6b0ec318c6fa050d1696e43b32ed25a153320
2026-06-11T13:49:08Z,abcde_forensics_stage_founders_depth14,pool1vm3rcng5f729uuhehfq0ael0pw9x9dlukqkdlmk2fnakxt3jxyj,reward_address,stake1uxl0j7kldseek6wxnwtcw0emsfzf3jx7a6a9h6wdrmzf0hgtsav8t,13,iog,268,150000000000,5ee13966bf6a725a2c36ddf89ac6b0ec318c6fa050d1696e43b32ed25a153320
2026-06-11T13:49:08Z,abcde_forensics_stage_founders_depth14,pool1vpu866574h8g7zun93qz6xh5hxxun0ml2esxnz0gh4c8sfnt7uh,owner,stake1u9kl6cfaw674xn5r0jka8sgfqnrxw8jkadlg72hpgqd8rgqjm4dm2,13,iog,267,4500000000,32775154078225ba24dad130c203a49e8c52dc761acc3b68216684c246d3609c
2026-06-11T13:49:08Z,abcde_forensics_stage_founders_depth14,pool1vpu866574h8g7zun93qz6xh5hxxun0ml2esxnz0gh4c8sfnt7uh,reward_address,stake1u9kl6cfaw674xn5r0jka8sgfqnrxw8jkadlg72hpgqd8rgqjm4dm2,13,iog,267,4500000000,32775154078225ba24dad130c203a49e8c52dc761acc3b68216684c246d3609c
2026-06-11T13:49:08Z,abcde_forensics_stage_founders_depth14,pool1vqm5n5d503uumuc89s5y4wuczrwe3tlgylt2u2uj7y276avr5pl,owner,stake1uytluju6rxxvvl9vlgx52pqzp6h45nj5e0aw6ejuu5gft7syxsd0g,14,iog,547,1000000000,e67c8c885a6387e6ab61738a07e9c8007835437ec57dc8a87e2980222ea21553
2026-06-11T13:49:08Z,abcde_forensics_stage_founders_depth14,pool1vtpn0drn5t39frknedmqq2jkhsfstwketsnvdm7cjzz674s30v2,owner,stake1u9hs66g4qgyszvwrx3r9cdjffumwz780y7vznnr9q7nfd2gxy5he5,13,iog,499,2650000000000,d4cf91f865b74b3a02f4af8909032a40120e190d0d6c08e3e1c6c23509027d07
2026-06-11T13:49:08Z,abcde_forensics_stage_founders_depth14,pool1vvesqladm29fuzrv93px5qse0upw82a579lz9063xsfrz7yef7z,owner,stake1u93zwu7p07huxl9t3dtt073snxpgljlx3v3cl8ar57tq60gs33a6z,11,emurgo+iog,360,51000000000,dd9451dc42cc15a0b2f4cc081ab87507c5fa20329c30df0d2a28f8c1d8298708
2026-06-11T13:49:08Z,abcde_forensics_stage_founders_depth14,pool1vvesqladm29fuzrv93px5qse0upw82a579lz9063xsfrz7yef7z,owner,stake1uywzmllwenjhaenw3545sg4r60n7ach63muxz9mz7sexxcgks3gfv,13,emurgo+iog,360,51000000000,dd9451dc42cc15a0b2f4cc081ab87507c5fa20329c30df0d2a28f8c1d8298708
2026-06-11T13:49:08Z,abcde_forensics_stage_founders_depth14,pool1vw0rqsvfx0ngct7gfmlz5j2e4gap6sd9pwrmemhd488eyxvm88r,owner,stake1u8scc5ksuna7az49n6eaptaum3akrwfhkmnulgvtdhrr38sd6xeun,14,cf,235,25000000000,55691355e0a03b3046d1d2cdf1bba707d268d02cadf815c2f83144effc0fc047
2026-06-11T13:49:08Z,abcde_forensics_stage_founders_depth14,pool1vw0rqsvfx0ngct7gfmlz5j2e4gap6sd9pwrmemhd488eyxvm88r,reward_address,stake1u8scc5ksuna7az49n6eaptaum3akrwfhkmnulgvtdhrr38sd6xeun,14,cf,235,25000000000,55691355e0a03b3046d1d2cdf1bba707d268d02cadf815c2f83144effc0fc047
2026-06-11T13:49:08Z,abcde_forensics_stage_founders_depth14,pool1vwquf4wt465lhketcy2j7jwpz5l6l0ce6a79ga3y4wg7gc8egp0,owner,stake1u8ztzd0464n77u0r45whu7mdjjgdtxp9xpq6kah4mtk3aqqy7lhfs,13,iog,540,10000000000,12ed6c0af65bc6ac9f199a3b73bd816257821dc8dac711711cc9819b852a6fd5
2026-06-11T13:49:08Z,abcde_forensics_stage_founders_depth14,pool1vwquf4wt465lhketcy2j7jwpz5l6l0ce6a79ga3y4wg7gc8egp0,reward_address,stake1u8ztzd0464n77u0r45whu7mdjjgdtxp9xpq6kah4mtk3aqqy7lhfs,13,iog,540,10000000000,12ed6c0af65bc6ac9f199a3b73bd816257821dc8dac711711cc9819b852a6fd5
2026-06-11T13:49:08Z,abcde_forensics_stage_founders_depth14,pool1vxpu476qrulzkk2u97emkfskmc2jx4mzznvupw0zf5206nx35vl,owner,stake1uyzzms2kyqmqlgfj0r5506nzk87my2rau43zzrul6emmzfssysd34,13,iog,259,300000000,2ab724023a0b51b8fbb775e91e8d4c2976a884c4691e1ea2516abdd8171435c1
2026-06-11T13:49:08Z,abcde_forensics_stage_founders_depth14,pool1vxpu476qrulzkk2u97emkfskmc2jx4mzznvupw0zf5206nx35vl,reward_address,stake1uyzzms2kyqmqlgfj0r5506nzk87my2rau43zzrul6emmzfssysd34,13,iog,259,300000000,2ab724023a0b51b8fbb775e91e8d4c2976a884c4691e1ea2516abdd8171435c1
2026-06-11T13:49:08Z,abcde_forensics_stage_founders_depth14,pool1vz9txqmdhxwegpy7uzrsap84z309veehqv3uh4s60qwxk0u7h06,owner,stake1u9lyahjscq52xncdzv62sygmqmusycuj68qmsvyjs6004ncqmsacy,14,iog,335,1000000,4e48c1fa7d509fb20932318b04554a783f9405958321bb6e59f05a2f5d1d1cc2
2026-06-11T13:49:08Z,abcde_forensics_stage_founders_depth14,pool1vz9txqmdhxwegpy7uzrsap84z309veehqv3uh4s60qwxk0u7h06,reward_address,stake1u9lyahjscq52xncdzv62sygmqmusycuj68qmsvyjs6004ncqmsacy,14,iog,335,1000000,4e48c1fa7d509fb20932318b04554a783f9405958321bb6e59f05a2f5d1d1cc2
2026-06-11T13:49:08Z,abcde_forensics_stage_founders_depth14,pool1w50f20mpxwtal3plsqmgrx2xxlg84hn7ep0fhlcajkhu77k8tfp,owner,stake1u9n2ej56d7hud6jy9w2xdtsk93aghvnvsg6dxu9tyquxpjqpgz234,11,iog,271,100000000,baa74948ad6ef1e651cf3ac85037fb4f0b4dd8b6af010f77f5bf21018ead42e3
2026-06-11T13:49:08Z,abcde_forensics_stage_founders_depth14,pool1w50f20mpxwtal3plsqmgrx2xxlg84hn7ep0fhlcajkhu77k8tfp,reward_address,stake1u9n2ej56d7hud6jy9w2xdtsk93aghvnvsg6dxu9tyquxpjqpgz234,11,iog,271,100000000,baa74948ad6ef1e651cf3ac85037fb4f0b4dd8b6af010f77f5bf21018ead42e3
2026-06-11T13:49:08Z,abcde_forensics_stage_founders_depth14,pool1w587qdfjkuhl930hcct3dcmajxrjt420yp7drnd4fzp22fk9nlu,owner,stake1uyfd6c4l3mfk35c4vn5mek0h50vy3r5zag9n7fw5a2t9lsqzsdv6m,12,iog,254,6000000000,81560c25e006635508a2dfd1a9d443c4d55185a19eb4d8d964f179db9d8e28e8
2026-06-11T13:49:08Z,abcde_forensics_stage_founders_depth14,pool1w587qdfjkuhl930hcct3dcmajxrjt420yp7drnd4fzp22fk9nlu,reward_address,stake1uyfd6c4l3mfk35c4vn5mek0h50vy3r5zag9n7fw5a2t9lsqzsdv6m,12,iog,254,6000000000,81560c25e006635508a2dfd1a9d443c4d55185a19eb4d8d964f179db9d8e28e8
2026-06-11T13:49:08Z,abcde_forensics_stage_founders_depth14,pool1w5ws76te73pjhep4zt8axh2r6wczm0220gp49fmfnjmzvtal7fe,owner,stake1ux6k2zw0t6p5e5p82s30uj2paqrav2eq4ph0ue34z7g86vcrdz34w,13,emurgo+iog,508,170000000,ed880302618c076ad509cab61babac4623eb0298995abb3f3acf61b335c7d340
2026-06-11T13:49:08Z,abcde_forensics_stage_founders_depth14,pool1w5ws76te73pjhep4zt8axh2r6wczm0220gp49fmfnjmzvtal7fe,reward_address,stake1ux6k2zw0t6p5e5p82s30uj2paqrav2eq4ph0ue34z7g86vcrdz34w,13,emurgo+iog,508,170000000,ed880302618c076ad509cab61babac4623eb0298995abb3f3acf61b335c7d340
2026-06-11T13:49:08Z,abcde_forensics_stage_founders_depth14,pool1w69y40jqha8vnpsg0fhn26vym2z6cwur3r06dpqw8nw0wrsmdns,owner,stake1uyalyyqdw36y39ksljaerep62a0hr03gt624jq0x63aj0scul03dr,13,iog,262,63000000000000,610adda8952cd1ae0ae99759ffb2e0a5a24f8da54fbfc4680096ac0ba181ea44
2026-06-11T13:49:08Z,abcde_forensics_stage_founders_depth14,pool1w69y40jqha8vnpsg0fhn26vym2z6cwur3r06dpqw8nw0wrsmdns,reward_address,stake1uyalyyqdw36y39ksljaerep62a0hr03gt624jq0x63aj0scul03dr,13,iog,262,63000000000000,610adda8952cd1ae0ae99759ffb2e0a5a24f8da54fbfc4680096ac0ba181ea44
2026-06-11T13:49:08Z,abcde_forensics_stage_founders_depth14,pool1w6vj437xqhlkasuhc2td09jd6vfem5e03nhhpn7yqxfkzrkamch,owner,stake1uxvsd4la53mu9mz7l5dv32vn4tcky7j738ur4su7dt0zshc9f4a6g,12,iog,549,1000000,e3a523cdf72bc6bd510bd6a26b849494e849b75546058fbe3ffad4daeb48962a
2026-06-11T13:49:08Z,abcde_forensics_stage_founders_depth14,pool1w7c2j0px43jmudhf48ezp7dy8j7904c9l3wc7809lhh2z026hch,owner,stake1u9z07jwyrlyh57dsvhmmdlt555vpvwdrky0ykf4le4k7zuc3pvuy0,14,iog,490,750000000000,60c54bb829466b567af9e365653554103ae3fe7205ecc6fdb9fb658ac4a0f5c6
2026-06-11T13:49:08Z,abcde_forensics_stage_founders_depth14,pool1w7y659w3ya4x4rd9ljp6rmcx70yj2t0s0nk97d6zgmymq0a2k7w,owner,stake1u933rehufhqxh55x8wh5uz499qyeka8pm95gg824zehvxfck82yc6,13,iog,256,150000000,11bd737f5e454c9836e75f669d2c5e6fd733e653e7d4a5fd2c2be9e2c249599e
2026-06-11T13:49:08Z,abcde_forensics_stage_founders_depth14,pool1w7y659w3ya4x4rd9ljp6rmcx70yj2t0s0nk97d6zgmymq0a2k7w,reward_address,stake1u933rehufhqxh55x8wh5uz499qyeka8pm95gg824zehvxfck82yc6,13,iog,256,150000000,11bd737f5e454c9836e75f669d2c5e6fd733e653e7d4a5fd2c2be9e2c249599e
2026-06-11T13:49:08Z,abcde_forensics_stage_founders_depth14,pool1w8tqsw0ywvuh29g3jpnap03tudgjcgyyndpxvvc775en7rgq5vt,owner,stake1uxxf2lqgvsz6vcwze8m7u95vsnf9ywcyaakapymv5c6qv8s7u3yz9,13,emurgo+iog,253,150000000,0e4a02a02541329689443930c77c43b525aa74ad33684fe6f2a534a152846c0e
2026-06-11T13:49:08Z,abcde_forensics_stage_founders_depth14,pool1w8tqsw0ywvuh29g3jpnap03tudgjcgyyndpxvvc775en7rgq5vt,reward_address,stake1uxxf2lqgvsz6vcwze8m7u95vsnf9ywcyaakapymv5c6qv8s7u3yz9,13,emurgo+iog,253,150000000,0e4a02a02541329689443930c77c43b525aa74ad33684fe6f2a534a152846c0e
2026-06-11T13:49:08Z,abcde_forensics_stage_founders_depth14,pool1w9yeaaadjz9563tf2h7katrlujvxnywda8el8z66h02ckccx95x,owner,stake1ux3rsl2jwqzgg54wmycrk597c0upeuxmjh4tc3fn56gaf2cyc784g,14,iog,517,31000000000,67701b08846c9e2d116b6e168711db382983e0895259615759a35f7b1590d37f
2026-06-11T13:49:08Z,abcde_forensics_stage_founders_depth14,pool1wa5v3vnyjyjd4kedksww0p7wqzrexfnan0hc58p4hhc9uud6922,owner,stake1u9scseg0qadwe93xwq3rxkcqap3pytzj2t2q8xnpapgq5js60mejm,14,iog,324,30000000000,a9172d689f1f37e246402858c967c07c0f55c86ad3e9f2781b37b8125faa55f3
2026-06-11T13:49:08Z,abcde_forensics_stage_founders_depth14,pool1wa5v3vnyjyjd4kedksww0p7wqzrexfnan0hc58p4hhc9uud6922,reward_address,stake1u9scseg0qadwe93xwq3rxkcqap3pytzj2t2q8xnpapgq5js60mejm,14,iog,324,30000000000,a9172d689f1f37e246402858c967c07c0f55c86ad3e9f2781b37b8125faa55f3
2026-06-11T13:49:08Z,abcde_forensics_stage_founders_depth14,pool1wggqaqs4pw2l4vml0k0p2kmvpq7pme3fl6smwc8cjjhvvuun9ww,owner,stake1u827eathvs7kzu4grqjzm0xg4s3xyxdahk3hy0kl8ysak4qnl7znj,13,iog,610,4810000000,f0d62807de210c31c307ffc4e6c91e7c34e41b9aa5921a167d8ea2f492032f04
2026-06-11T13:49:08Z,abcde_forensics_stage_founders_depth14,pool1wggqaqs4pw2l4vml0k0p2kmvpq7pme3fl6smwc8cjjhvvuun9ww,reward_address,stake1u827eathvs7kzu4grqjzm0xg4s3xyxdahk3hy0kl8ysak4qnl7znj,13,iog,610,4810000000,f0d62807de210c31c307ffc4e6c91e7c34e41b9aa5921a167d8ea2f492032f04
2026-06-11T13:49:08Z,abcde_forensics_stage_founders_depth14,pool1wkchq6y4kqtgy932lwf2s86e7wwhkz4gdkcp8v5n33x6q2fn7wc,owner,stake1uyvcdu3ewuk5zr39ekgthfy8mvww507u6gfea8q98rup3ag3dwzts,14,iog,255,8000000,c55c52016a14822a7051db7c51eca845043dfa9b911e717e286b5d560e608e1b
2026-06-11T13:49:08Z,abcde_forensics_stage_founders_depth14,pool1wkchq6y4kqtgy932lwf2s86e7wwhkz4gdkcp8v5n33x6q2fn7wc,reward_address,stake1uyvcdu3ewuk5zr39ekgthfy8mvww507u6gfea8q98rup3ag3dwzts,14,iog,255,8000000,c55c52016a14822a7051db7c51eca845043dfa9b911e717e286b5d560e608e1b
2026-06-11T13:49:08Z,abcde_forensics_stage_founders_depth14,pool1wkk7mlwet6pgqk9gd706trlw25vnu9a7ygvrugap0swjcfty7vd,owner,stake1uyg9kfdjk5mtt5mvw22ld6ayhs4d6l9ry08nagtqxlxek4gg296gp,13,iog,250,6050000000,6966bdd9ab80bcdd9dbc5d2dcbc030c743ca8e24d6f3b8b072ced10f70155f06
2026-06-11T13:49:08Z,abcde_forensics_stage_founders_depth14,pool1wkk7mlwet6pgqk9gd706trlw25vnu9a7ygvrugap0swjcfty7vd,reward_address,stake1uyg9kfdjk5mtt5mvw22ld6ayhs4d6l9ry08nagtqxlxek4gg296gp,13,iog,250,6050000000,6966bdd9ab80bcdd9dbc5d2dcbc030c743ca8e24d6f3b8b072ced10f70155f06
2026-06-11T13:49:08Z,abcde_forensics_stage_founders_depth14,pool1wm89xjqp96t3mlun3pa5suxa3t4s5lluq239en0nxl7pcm5tprc,owner,stake1ux9lnjq9k5ax4grx82md6kle4nsewl4x09jj2mwlnw0kymg7lz362,14,iog,422,1000000,23bfde98a150c1825dad3670bf6702b8887390be86faa6a8021d0083b51734c9
2026-06-11T13:49:08Z,abcde_forensics_stage_founders_depth14,pool1wm89xjqp96t3mlun3pa5suxa3t4s5lluq239en0nxl7pcm5tprc,owner,stake1uxwzqfk36yh74vrezz8k53f5wf66ke5e2xyt3dupcj0ahnc26ehw5,13,iog,422,1000000,23bfde98a150c1825dad3670bf6702b8887390be86faa6a8021d0083b51734c9
2026-06-11T13:49:08Z,abcde_forensics_stage_founders_depth14,pool1wm89xjqp96t3mlun3pa5suxa3t4s5lluq239en0nxl7pcm5tprc,reward_address,stake1uxwzqfk36yh74vrezz8k53f5wf66ke5e2xyt3dupcj0ahnc26ehw5,13,iog,422,1000000,23bfde98a150c1825dad3670bf6702b8887390be86faa6a8021d0083b51734c9
2026-06-11T13:49:08Z,abcde_forensics_stage_founders_depth14,pool1wmzuwpa0ax5zf0v5d5ewexv4nts9lzlsaq5smmc3uqayym8muef,owner,stake1uxklvn64378nxya7vcu4z3ud7vgryscnhn0aqtf0fuve4ngd9h8qu,14,iog,279,62000000000,1fb60438a4e7d05b8942a92daf6b510dcaf2448997b7e058e0334471b3bee59d
2026-06-11T13:49:08Z,abcde_forensics_stage_founders_depth14,pool1wmzuwpa0ax5zf0v5d5ewexv4nts9lzlsaq5smmc3uqayym8muef,reward_address,stake1uxklvn64378nxya7vcu4z3ud7vgryscnhn0aqtf0fuve4ngd9h8qu,14,iog,279,62000000000,1fb60438a4e7d05b8942a92daf6b510dcaf2448997b7e058e0334471b3bee59d
2026-06-11T13:49:08Z,abcde_forensics_stage_founders_depth14,pool1wp7vqk4mkx0w0wxzpy8avhft4qwcg60xldwem2uh9n4pw777fhz,owner,stake1ux664ythv0fe54ecsk86tp27g2x77frhckz4nwzu5nek06g7mcn3l,14,iog,632,1000000000,d40f3367a628ffcbd4b7b09283aeb04c9a7589d45444cf6e5b7309d19f475b0a
2026-06-11T13:49:08Z,abcde_forensics_stage_founders_depth14,pool1wp7vqk4mkx0w0wxzpy8avhft4qwcg60xldwem2uh9n4pw777fhz,reward_address,stake1ux664ythv0fe54ecsk86tp27g2x77frhckz4nwzu5nek06g7mcn3l,14,iog,632,1000000000,d40f3367a628ffcbd4b7b09283aeb04c9a7589d45444cf6e5b7309d19f475b0a
2026-06-11T13:49:08Z,abcde_forensics_stage_founders_depth14,pool1wqzdqsm02tust35dds3u7kyn373ms2mpjwf4ugs0qxp77frrxyx,owner,stake1u8ugdmhjun9dt5rakltzsudh84feax5uunv8tc4revxlgusjwcezf,13,iog,267,50000000000,d032ce9cd26a8c8f8a21b727a617fcf4b2351f21c44650e6c9a21239900f820e
2026-06-11T13:49:08Z,abcde_forensics_stage_founders_depth14,pool1wqzdqsm02tust35dds3u7kyn373ms2mpjwf4ugs0qxp77frrxyx,reward_address,stake1u8ugdmhjun9dt5rakltzsudh84feax5uunv8tc4revxlgusjwcezf,13,iog,267,50000000000,d032ce9cd26a8c8f8a21b727a617fcf4b2351f21c44650e6c9a21239900f820e
2026-06-11T13:49:08Z,abcde_forensics_stage_founders_depth14,pool1wshr3unahrahj2sl0sqns90hczaudun4a7jzdfkhwlkg2jjhymm,owner,stake1u9v53yvxqh3x78nd504p355qqrt6cwka6srq6fkhw322gys8lq3y2,13,iog,257,1000000000,2c24019a26bf8835f925de68f307ef492f80a6a6221b42336998a3776c492a45
2026-06-11T13:49:08Z,abcde_forensics_stage_founders_depth14,pool1wshr3unahrahj2sl0sqns90hczaudun4a7jzdfkhwlkg2jjhymm,reward_address,stake1u9v53yvxqh3x78nd504p355qqrt6cwka6srq6fkhw322gys8lq3y2,13,iog,257,1000000000,2c24019a26bf8835f925de68f307ef492f80a6a6221b42336998a3776c492a45
2026-06-11T13:49:08Z,abcde_forensics_stage_founders_depth14,pool1wsr9ehtfvc4cs3rzfv65jjv7w7pe3xngw58mtt0ex4jck5frw79,owner,stake1uxj7r5uuwu6sew9tz4pq75myrhhezphpptyuym2mex6ccdsr9lqjg,14,iog,256,500000000,74efecd729eea739c5e91190fca9f654285a237ba06a9d55056cc7e2088af947
2026-06-11T13:49:08Z,abcde_forensics_stage_founders_depth14,pool1wsr9ehtfvc4cs3rzfv65jjv7w7pe3xngw58mtt0ex4jck5frw79,reward_address,stake1uxj7r5uuwu6sew9tz4pq75myrhhezphpptyuym2mex6ccdsr9lqjg,14,iog,256,500000000,74efecd729eea739c5e91190fca9f654285a237ba06a9d55056cc7e2088af947
2026-06-11T13:49:08Z,abcde_forensics_stage_founders_depth14,pool1wuu2at4ccsqnlaw9q080wz7y0hq7m5utclffjfn3g0vd2j9xs8j,owner,stake1u9g38r0f0aklwed3tj9l82fpvjqe87lvyfmx7vc7xs4ck7q7srp7l,14,iog,261,5000000000,bacf24ac5e8f527c1e4fa10712d3c800585af24acff8ba56e86b8b09edefcfae
2026-06-11T13:49:08Z,abcde_forensics_stage_founders_depth14,pool1wuu2at4ccsqnlaw9q080wz7y0hq7m5utclffjfn3g0vd2j9xs8j,reward_address,stake1u9g38r0f0aklwed3tj9l82fpvjqe87lvyfmx7vc7xs4ck7q7srp7l,14,iog,261,5000000000,bacf24ac5e8f527c1e4fa10712d3c800585af24acff8ba56e86b8b09edefcfae
2026-06-11T13:49:08Z,abcde_forensics_stage_founders_depth14,pool1wwwlgtv5qkrudy908e7jh62s3d6ggpfnd4a2jh06p9e0cyc70q6,owner,stake1u8vqewagruh3v04stm8406uu0rdr9swu4zrzsukwwt3g27cln393v,14,iog,255,5200000000,bc780e2bfd95bcd43f3849ee2203e4c27d5e1c013386820ac95210118e5061c7
2026-06-11T13:49:08Z,abcde_forensics_stage_founders_depth14,pool1wwwlgtv5qkrudy908e7jh62s3d6ggpfnd4a2jh06p9e0cyc70q6,reward_address,stake1u8vqewagruh3v04stm8406uu0rdr9swu4zrzsukwwt3g27cln393v,14,iog,255,5200000000,bc780e2bfd95bcd43f3849ee2203e4c27d5e1c013386820ac95210118e5061c7
2026-06-11T13:49:08Z,abcde_forensics_stage_founders_depth14,pool1wwzctexlp70mj00vv65mlhwhwresn58s9x7jl4tswvkg77eu7n7,owner,stake1u92v5qt2etgnx8gw45mm60fayzg86mgw0dkeuv0xl6tvtng3kppst,12,iog,455,100000000000,e85aaab3b25b44faa18e97276fa33c0b90d2b72f043762c6c3c8fb56aed203e4
2026-06-11T13:49:08Z,abcde_forensics_stage_founders_depth14,pool1wxcqcg6syyfdf335uvjl9ry6mc4yhf8vy5t805cx4e4hkajgd62,owner,stake1u9w2nn59x9fsepjwy3t8d4xpzsptkuccchyqcaupvw0c4lsr4rxx9,13,emurgo+iog,327,15000000000,19053012921e78a6c28350a126f9746b921775a9fae5e5b2742b499af96f5548
2026-06-11T13:49:08Z,abcde_forensics_stage_founders_depth14,pool1wxcqcg6syyfdf335uvjl9ry6mc4yhf8vy5t805cx4e4hkajgd62,reward_address,stake1u9w2nn59x9fsepjwy3t8d4xpzsptkuccchyqcaupvw0c4lsr4rxx9,13,emurgo+iog,327,15000000000,19053012921e78a6c28350a126f9746b921775a9fae5e5b2742b499af96f5548
2026-06-11T13:49:08Z,abcde_forensics_stage_founders_depth14,pool1x0zhj6mavt2atvf4yenz6ql3m98pda8l6gmrscfhu9lvzy46y5k,owner,stake1u9jwraltje5q7rf39wt76u56t7c836zr2npqr3ml443m3jczhd0vy,13,iog,300,2000000000,df2a04b8640ee0d20092dfdbc75b1f15d59545aee33ef24a7f33c83631f4c61c
2026-06-11T13:49:08Z,abcde_forensics_stage_founders_depth14,pool1x0zhj6mavt2atvf4yenz6ql3m98pda8l6gmrscfhu9lvzy46y5k,reward_address,stake1u9jwraltje5q7rf39wt76u56t7c836zr2npqr3ml443m3jczhd0vy,13,iog,300,2000000000,df2a04b8640ee0d20092dfdbc75b1f15d59545aee33ef24a7f33c83631f4c61c
2026-06-11T13:49:08Z,abcde_forensics_stage_founders_depth14,pool1x23xnrencwmp0dnpvy0y62rxq6vy803c0n5csc5hxy3cqp68693,owner,stake1uxkzmhksgv64c7ax362rf9re37h3j4vxp8m8ze8g8kqkyqq93kqvu,14,iog,270,0,b250b08c076220d3404c848eee64c08dbc14c0b9cb9149b22707688850fefb2a
2026-06-11T13:49:08Z,abcde_forensics_stage_founders_depth14,pool1x23xnrencwmp0dnpvy0y62rxq6vy803c0n5csc5hxy3cqp68693,reward_address,stake1uxkzmhksgv64c7ax362rf9re37h3j4vxp8m8ze8g8kqkyqq93kqvu,14,iog,270,0,b250b08c076220d3404c848eee64c08dbc14c0b9cb9149b22707688850fefb2a
2026-06-11T13:49:08Z,abcde_forensics_stage_founders_depth14,pool1x3ekgffp0azuc8mwtx5gh5jnu59epar75grwclex4l0u2w8qlzx,owner,stake1u8265p6q60efpcax7kyvy7v62ek3rkmpxs36kafgn0f8cyg5ruqgd,14,iog,296,100000000000,b7711b8286f1e0db2cd1087e312cb39c2ffe326e4c2b59db1d8293a1c81663de
2026-06-11T13:49:08Z,abcde_forensics_stage_founders_depth14,pool1x3ekgffp0azuc8mwtx5gh5jnu59epar75grwclex4l0u2w8qlzx,reward_address,stake1u8265p6q60efpcax7kyvy7v62ek3rkmpxs36kafgn0f8cyg5ruqgd,14,iog,296,100000000000,b7711b8286f1e0db2cd1087e312cb39c2ffe326e4c2b59db1d8293a1c81663de
2026-06-11T13:49:08Z,abcde_forensics_stage_founders_depth14,pool1x3wuw3ungmrq5padffsqne82fx5uesy6dc2qmj83xyanq4rgnz0,owner,stake1uxvj4uczm73q40h6dxw0lpwfrjv4juucqdcav4l4gmy9z3qghs6ls,14,iog,227,500000000000,f8e44294473befef507c3162376c767516638e813e6de99d1c51f039a8e725c9
2026-06-11T13:49:08Z,abcde_forensics_stage_founders_depth14,pool1x3wuw3ungmrq5padffsqne82fx5uesy6dc2qmj83xyanq4rgnz0,reward_address,stake1uxvj4uczm73q40h6dxw0lpwfrjv4juucqdcav4l4gmy9z3qghs6ls,14,iog,227,500000000000,f8e44294473befef507c3162376c767516638e813e6de99d1c51f039a8e725c9
2026-06-11T13:49:08Z,abcde_forensics_stage_founders_depth14,pool1x5dfpgp987e4jhxvgczr3wv50nv2pwd873tlx3uthvcasm422q6,owner,stake1u8p4282jnhe7uk7x3765lws9w4vsg4e65m2m6dsc9f7t6rqcvaadq,14,iog,393,50000000000,37d798448baa3f165d206e01720e7456df5be614fa3d647459f3999d82312e38
2026-06-11T13:49:08Z,abcde_forensics_stage_founders_depth14,pool1x5u26cp5d7qn3c4etatjq93cweur4advad3yetky9z33wfw4j4a,owner,stake1uxc76z6jzsekxec74kmltfv29hr89v2whs4dtchfk6qx8ucvntlsh,14,iog,256,1000000,a60c57a0be192aa0d7a359372f3ed69805352f98648de5bf5e4d582a1154f9b1
2026-06-11T13:49:08Z,abcde_forensics_stage_founders_depth14,pool1x5u26cp5d7qn3c4etatjq93cweur4advad3yetky9z33wfw4j4a,reward_address,stake1uxc76z6jzsekxec74kmltfv29hr89v2whs4dtchfk6qx8ucvntlsh,14,iog,256,1000000,a60c57a0be192aa0d7a359372f3ed69805352f98648de5bf5e4d582a1154f9b1
2026-06-11T13:49:08Z,abcde_forensics_stage_founders_depth14,pool1x80vcdzgw07fd0vcerlf0vpws6n22wr7avvxrn2q3a5muu6t27c,owner,stake1u82aw305m6g3va90w846f2yr9v9dy8y9uz0y8vh8ku24z0g90f66g,12,iog,305,30000000000,a14933d5a21807c7768ac7cc801b755182a41203285d5da4d0ec95edaa2c93f5
2026-06-11T13:49:08Z,abcde_forensics_stage_founders_depth14,pool1x80vcdzgw07fd0vcerlf0vpws6n22wr7avvxrn2q3a5muu6t27c,owner,stake1u8qwd4r523hz2gwrp0mwu6jwvgd3v7y0phaqltjdd2zg7tqkvtws5,12,emurgo+iog,305,30000000000,a14933d5a21807c7768ac7cc801b755182a41203285d5da4d0ec95edaa2c93f5
2026-06-11T13:49:08Z,abcde_forensics_stage_founders_depth14,pool1x93vyx5y06vxj3c6ufah786jvqpfrs04hwl23c6h95lc7yhwu5y,owner,stake1uyls6dtxdg0t8lfgtacegk44rx2qjg5563tdp8865ye7wuq7gc73m,13,iog,269,100000000,8eef878bb90174acdd2da18890ddc499e0fb35038c4a05c465b6589b5d5e7401
2026-06-11T13:49:08Z,abcde_forensics_stage_founders_depth14,pool1x93vyx5y06vxj3c6ufah786jvqpfrs04hwl23c6h95lc7yhwu5y,reward_address,stake1uyls6dtxdg0t8lfgtacegk44rx2qjg5563tdp8865ye7wuq7gc73m,13,iog,269,100000000,8eef878bb90174acdd2da18890ddc499e0fb35038c4a05c465b6589b5d5e7401
2026-06-11T13:49:08Z,abcde_forensics_stage_founders_depth14,pool1xa5ra6y09xq20hp3msdxxlmtd2gghsz4w2xm6ut5j8f62c7avv8,owner,stake1uxrn7wt3v79vzyyvvmlcex30pf372y9gdw89pdy09mylpcq095xde,12,iog,251,10000000000,cac74ca09256ad034cb92cd075864fdf2986f0a3aca77fea53e1ea90df132ea2
2026-06-11T13:49:08Z,abcde_forensics_stage_founders_depth14,pool1xa5ra6y09xq20hp3msdxxlmtd2gghsz4w2xm6ut5j8f62c7avv8,reward_address,stake1uxrn7wt3v79vzyyvvmlcex30pf372y9gdw89pdy09mylpcq095xde,12,iog,251,10000000000,cac74ca09256ad034cb92cd075864fdf2986f0a3aca77fea53e1ea90df132ea2
2026-06-11T13:49:08Z,abcde_forensics_stage_founders_depth14,pool1xcn2yddehm5ncjx0p24vkguth4rta7zv3getcztflxs3kh9rexd,owner,stake1u896mmgjcxtethekgp2vqgrvwstsmh8p7qfc0x4jgsaadfq6e29a2,12,emurgo+iog,445,314000000,871c624e0a862a618f10c2ef8ed760ce3694c6ff32e57c7eae51e49a7e084480
2026-06-11T13:49:08Z,abcde_forensics_stage_founders_depth14,pool1xcn2yddehm5ncjx0p24vkguth4rta7zv3getcztflxs3kh9rexd,owner,stake1uyfda3dz5hzlkkh2x6wsctt9k36jvmdkrd6jsvwhpsw2crg77xm44,14,iog,445,314000000,871c624e0a862a618f10c2ef8ed760ce3694c6ff32e57c7eae51e49a7e084480
2026-06-11T13:49:08Z,abcde_forensics_stage_founders_depth14,pool1xcn2yddehm5ncjx0p24vkguth4rta7zv3getcztflxs3kh9rexd,reward_address,stake1u896mmgjcxtethekgp2vqgrvwstsmh8p7qfc0x4jgsaadfq6e29a2,12,emurgo+iog,445,314000000,871c624e0a862a618f10c2ef8ed760ce3694c6ff32e57c7eae51e49a7e084480
2026-06-11T13:49:08Z,abcde_forensics_stage_founders_depth14,pool1xdcg6kg0g4y3wqf92f8uh44urz06suglhff036k5yak2g0m8zlc,owner,stake1u8tnjc7xlc57vyzwp86mfrk4dvw7fxa7jatq77gv6lrypvqwh8d68,14,iog,274,32000000000,ae45e57b6a1346f61e46c0ec83c167fd0ec08595673772ceac7c4dd0aebf617e
2026-06-11T13:49:08Z,abcde_forensics_stage_founders_depth14,pool1xfkn3229pxwfmaula9vk9se4ur5x5pvxn78m7j63etgcczdhcs9,owner,stake1u9guum06svp6tdz72mh4f98w70fgr3yvdshm6fs0cepkjzs95muw8,13,iog,282,150000000000,cb5140535cd6d1a471ba470778da40bf6adcfb47f8086e10839920558e5e4cae
2026-06-11T13:49:08Z,abcde_forensics_stage_founders_depth14,pool1xfkn3229pxwfmaula9vk9se4ur5x5pvxn78m7j63etgcczdhcs9,reward_address,stake1u9guum06svp6tdz72mh4f98w70fgr3yvdshm6fs0cepkjzs95muw8,13,iog,282,150000000000,cb5140535cd6d1a471ba470778da40bf6adcfb47f8086e10839920558e5e4cae
2026-06-11T13:49:08Z,abcde_forensics_stage_founders_depth14,pool1xj5f7a79lnc9v0gjn00fkf2lyzexngka59tpcew5rrkyqveagpt,owner,stake1uywtwd63raw0mddy9585xjky3r3hqf9c2sugj59knjpphpg30mw8j,14,emurgo,526,1000000000,ee2846efd565745ecd9a830ac660b8b27ce1eabdf6a3c26055b4787e8c33ab35
2026-06-11T13:49:08Z,abcde_forensics_stage_founders_depth14,pool1xj5f7a79lnc9v0gjn00fkf2lyzexngka59tpcew5rrkyqveagpt,reward_address,stake1uywtwd63raw0mddy9585xjky3r3hqf9c2sugj59knjpphpg30mw8j,14,emurgo,526,1000000000,ee2846efd565745ecd9a830ac660b8b27ce1eabdf6a3c26055b4787e8c33ab35
2026-06-11T13:49:08Z,abcde_forensics_stage_founders_depth14,pool1xk0nt3wmlyfp0pycsd2hwyz5l6uusttp68etzgnvaf2ysc4f3hx,owner,stake1u8p6gqrgw6te75k7pxppxz6jrw5pueqfglfnhfu6ntf9hcs0qf954,12,emurgo+iog,470,50000000000,39dfd4803878a564616fad79bc02720531a582066991698ccbe74274e03d9f3a
2026-06-11T13:49:08Z,abcde_forensics_stage_founders_depth14,pool1xk0nt3wmlyfp0pycsd2hwyz5l6uusttp68etzgnvaf2ysc4f3hx,owner,stake1uxejzst7ks9dxhr39x5pfvgewl4kxyzw8th70vpq6kf4dhsntrczs,13,iog,470,50000000000,39dfd4803878a564616fad79bc02720531a582066991698ccbe74274e03d9f3a
2026-06-11T13:49:08Z,abcde_forensics_stage_founders_depth14,pool1xk0nt3wmlyfp0pycsd2hwyz5l6uusttp68etzgnvaf2ysc4f3hx,reward_address,stake1u8p6gqrgw6te75k7pxppxz6jrw5pueqfglfnhfu6ntf9hcs0qf954,12,emurgo+iog,470,50000000000,39dfd4803878a564616fad79bc02720531a582066991698ccbe74274e03d9f3a
2026-06-11T13:49:08Z,abcde_forensics_stage_founders_depth14,pool1xkrqy49edygfumvw9jxna55c373cmckzqq92m57ng82ycpykcmz,owner,stake1u8sj6yt3cxuax2k8sdlvr8p6ady3vxxrxka6le8385afvfcpees4s,13,iog,259,7000000000,2bcd3e302c9d7b60263b40f0f766f3a7add051718cc686a6e85564136e1adbc4
2026-06-11T13:49:08Z,abcde_forensics_stage_founders_depth14,pool1xkrqy49edygfumvw9jxna55c373cmckzqq92m57ng82ycpykcmz,reward_address,stake1u8sj6yt3cxuax2k8sdlvr8p6ady3vxxrxka6le8385afvfcpees4s,13,iog,259,7000000000,2bcd3e302c9d7b60263b40f0f766f3a7add051718cc686a6e85564136e1adbc4
2026-06-11T13:49:08Z,abcde_forensics_stage_founders_depth14,pool1xl208zapjg640pwk94ay8l5wk6ulfxfz6uhsw5uxlun6kxjvh8u,owner,stake1u9em3979ltcapvs09npnlwn0q5lzqt6y7cr77fr4ga4c8xstraxpl,12,emurgo+iog,262,50000000000,0f8ec8b2bbe429e133de5721531f7c6629ac55298f8d958d80ad55e76888044c
2026-06-11T13:49:08Z,abcde_forensics_stage_founders_depth14,pool1xl208zapjg640pwk94ay8l5wk6ulfxfz6uhsw5uxlun6kxjvh8u,reward_address,stake1u9em3979ltcapvs09npnlwn0q5lzqt6y7cr77fr4ga4c8xstraxpl,12,emurgo+iog,262,50000000000,0f8ec8b2bbe429e133de5721531f7c6629ac55298f8d958d80ad55e76888044c
2026-06-11T13:49:08Z,abcde_forensics_stage_founders_depth14,pool1xl2v9kjyzkmg0frw5ypznceug5tde9hjtg6fgn9u78dh2j59fhn,owner,stake1u89khu3a5wc29rmgwjw7sewv0tm3tmj046dd9rmgmpm59agddk0s8,14,iog,252,2000000000,c6d33a5090f0788829f1be1c3be7b147206fbc9bf364090536825e5195db29a7
2026-06-11T13:49:08Z,abcde_forensics_stage_founders_depth14,pool1xl2v9kjyzkmg0frw5ypznceug5tde9hjtg6fgn9u78dh2j59fhn,reward_address,stake1u89khu3a5wc29rmgwjw7sewv0tm3tmj046dd9rmgmpm59agddk0s8,14,iog,252,2000000000,c6d33a5090f0788829f1be1c3be7b147206fbc9bf364090536825e5195db29a7
2026-06-11T13:49:08Z,abcde_forensics_stage_founders_depth14,pool1xnd57s77mw76wv2xhe0uatrm82qtdugq623rxszygys428a6aqp,owner,stake1uy9keeqv8y9phjpn3fjzdvn6yyc7tsmpudkrn42ruun645gjuwc0f,13,iog,438,50000000000,53d4c817b7fb483f3ac0cd95ab1149640cb275d3a168218f0b9d8e2f7e71a7a2
2026-06-11T13:49:08Z,abcde_forensics_stage_founders_depth14,pool1xnd57s77mw76wv2xhe0uatrm82qtdugq623rxszygys428a6aqp,reward_address,stake1uy9keeqv8y9phjpn3fjzdvn6yyc7tsmpudkrn42ruun645gjuwc0f,13,iog,438,50000000000,53d4c817b7fb483f3ac0cd95ab1149640cb275d3a168218f0b9d8e2f7e71a7a2
2026-06-11T13:49:08Z,abcde_forensics_stage_founders_depth14,pool1xnfdjhn03jefkng49cajuvg5j4xtkm5f6fk2utncxgxzkgvdxxa,owner,stake1u8ku8xzxl8x8nas3lg8tms6a6et4scfcv6qnem22uauk9rs0eeh3m,14,iog,276,29500000000,e70b9c71c092add8ecde3ef542946d7f0f5e090593ea1afa1b476b08de65a5a2
2026-06-11T13:49:08Z,abcde_forensics_stage_founders_depth14,pool1xnfdjhn03jefkng49cajuvg5j4xtkm5f6fk2utncxgxzkgvdxxa,reward_address,stake1u8ku8xzxl8x8nas3lg8tms6a6et4scfcv6qnem22uauk9rs0eeh3m,14,iog,276,29500000000,e70b9c71c092add8ecde3ef542946d7f0f5e090593ea1afa1b476b08de65a5a2
2026-06-11T13:49:08Z,abcde_forensics_stage_founders_depth14,pool1xqhn3wdee79vupy9nzpt0r5gtnkp3m5gsvh8yeezfs4js9c2050,owner,stake1uydj7cf0yrvfrzmnjh3y5y0a3zqfwrk8mtdq2fh8jmt3qcsrxd06z,14,iog,534,0,08d62fa7257a1848006603d7ebe3cfaf99b410da2d17365dfc2864efd856d81f
2026-06-11T13:49:08Z,abcde_forensics_stage_founders_depth14,pool1xqhn3wdee79vupy9nzpt0r5gtnkp3m5gsvh8yeezfs4js9c2050,reward_address,stake1uydj7cf0yrvfrzmnjh3y5y0a3zqfwrk8mtdq2fh8jmt3qcsrxd06z,14,iog,534,0,08d62fa7257a1848006603d7ebe3cfaf99b410da2d17365dfc2864efd856d81f
2026-06-11T13:49:08Z,abcde_forensics_stage_founders_depth14,pool1xrkthhxn3zpfdswxr7yr3qrgl545j4xzjjyt2zmyvkagc8lrgzz,owner,stake1uy3ayzhwqk33exqr4j06r6x6dvdrk99wgwx48jvgmand06sh58nda,14,iog,263,1800000000,d0420be41d881b7cbf72d9b4d4be2eb54ec499bfbbe6f3d1ff4a7cf2e1ccf673
2026-06-11T13:49:08Z,abcde_forensics_stage_founders_depth14,pool1xrkthhxn3zpfdswxr7yr3qrgl545j4xzjjyt2zmyvkagc8lrgzz,reward_address,stake1uy3ayzhwqk33exqr4j06r6x6dvdrk99wgwx48jvgmand06sh58nda,14,iog,263,1800000000,d0420be41d881b7cbf72d9b4d4be2eb54ec499bfbbe6f3d1ff4a7cf2e1ccf673
2026-06-11T13:49:08Z,abcde_forensics_stage_founders_depth14,pool1xru6f3fflzwkptgm68pncrsncg9ngllv0jk8jnz40m7wusfhazk,owner,stake1u8muf5z88qdxpjh246vx477r7qszxqkxfzu0hu437zt6e3slfsmxp,14,iog,638,0,202c3dead88bf125c19970e9487253e572e25d62af5e356840c6a8341a708971
2026-06-11T13:49:08Z,abcde_forensics_stage_founders_depth14,pool1xtmd7d45vfw4r9caakcv40fq5my9wut96hc42vzefk7xkg07as9,owner,stake1ux54v0xs5uaswgmwkw88m8j2rxg70p8kw2fx5t5ckpf7cfszccc4w,14,iog,287,2750000000,0c4bbbf655fadc71945d9ee896d6064833a95534fc7d5150287451cfbd9fe5cf
2026-06-11T13:49:08Z,abcde_forensics_stage_founders_depth14,pool1xtmd7d45vfw4r9caakcv40fq5my9wut96hc42vzefk7xkg07as9,reward_address,stake1ux54v0xs5uaswgmwkw88m8j2rxg70p8kw2fx5t5ckpf7cfszccc4w,14,iog,287,2750000000,0c4bbbf655fadc71945d9ee896d6064833a95534fc7d5150287451cfbd9fe5cf
2026-06-11T13:49:08Z,abcde_forensics_stage_founders_depth14,pool1xwy9ulstsdfwuh0q0jc76hjalvmh2mfal004ep6ka38k5z4zmh3,owner,stake1u9thnwgz89wzug9f2tyl8r09l4cfzer3h6hzecz54rp057szflwd3,14,iog,260,5000000000,293d69d92f24f41ce7c0744faf8afc2c74ac3a642d9c2495d2e183b01e437881
2026-06-11T13:49:08Z,abcde_forensics_stage_founders_depth14,pool1xwy9ulstsdfwuh0q0jc76hjalvmh2mfal004ep6ka38k5z4zmh3,reward_address,stake1u9thnwgz89wzug9f2tyl8r09l4cfzer3h6hzecz54rp057szflwd3,14,iog,260,5000000000,293d69d92f24f41ce7c0744faf8afc2c74ac3a642d9c2495d2e183b01e437881
2026-06-11T13:49:08Z,abcde_forensics_stage_founders_depth14,pool1xxjcu9djguspkrctjgszvzcagy7pzy8vxqfaqtl5xy9824fz2qg,owner,stake1uyncf3gnl2n229zwr0ltzwlde9jjtqswdr4d5npzru2m6asyx2m6d,14,iog,252,1000000000,6bfb7bd5ad1fe07cfbc63ff6b6388d1583b1743f6ee39d57046bb6b270dc2c87
2026-06-11T13:49:08Z,abcde_forensics_stage_founders_depth14,pool1xxjcu9djguspkrctjgszvzcagy7pzy8vxqfaqtl5xy9824fz2qg,reward_address,stake1uyncf3gnl2n229zwr0ltzwlde9jjtqswdr4d5npzru2m6asyx2m6d,14,iog,252,1000000000,6bfb7bd5ad1fe07cfbc63ff6b6388d1583b1743f6ee39d57046bb6b270dc2c87
2026-06-11T13:49:08Z,abcde_forensics_stage_founders_depth14,pool1xyapxnmfuwwkk9ur6k62pt2w74l94lng4ltlj7g22pseq2ufgdr,owner,stake1u9msscwxne687x3qk7uf6daw6zcvz8r5jlyaf4fq7dv6tvgehxg6c,14,iog,245,17500000000,000eb3ebce9a850b481418b537857f0de186807d4e50184455514630bb86d20c
2026-06-11T13:49:08Z,abcde_forensics_stage_founders_depth14,pool1xyapxnmfuwwkk9ur6k62pt2w74l94lng4ltlj7g22pseq2ufgdr,reward_address,stake1u9msscwxne687x3qk7uf6daw6zcvz8r5jlyaf4fq7dv6tvgehxg6c,14,iog,245,17500000000,000eb3ebce9a850b481418b537857f0de186807d4e50184455514630bb86d20c
2026-06-11T13:49:08Z,abcde_forensics_stage_founders_depth14,pool1xyx655q6ch4d99fuewwtkdwjx5tvfr0rzqvmwehm2cpzj7e2wgl,owner,stake1uyqakxkuglnvwrqmyt2hmye40den86ytvnqyr06605qs0lcu62j7x,12,iog,448,1000000000000,0158d5ed2cee998bc5f0feb94e7183522b3c052809f48310f30fc82d6112d6c0
2026-06-11T13:49:08Z,abcde_forensics_stage_founders_depth14,pool1xyx655q6ch4d99fuewwtkdwjx5tvfr0rzqvmwehm2cpzj7e2wgl,reward_address,stake1uyqakxkuglnvwrqmyt2hmye40den86ytvnqyr06605qs0lcu62j7x,12,iog,448,1000000000000,0158d5ed2cee998bc5f0feb94e7183522b3c052809f48310f30fc82d6112d6c0
2026-06-11T13:49:08Z,abcde_forensics_stage_founders_depth14,pool1y0mz6yevqk34gk4tml37a62h69tg59sfz6vslzv4sf5fvsjhvpw,owner,stake1u9xfwg5f20xuum3krsyyntrjta3tsd39v3wcwcgufd2gu9s2j4eya,14,iog,259,50000000000,e56fe277cf2fb78e47cf2ea3c2ddbb863ff1b13eed2f3e0fc90b980e644dff75
2026-06-11T13:49:08Z,abcde_forensics_stage_founders_depth14,pool1y0mz6yevqk34gk4tml37a62h69tg59sfz6vslzv4sf5fvsjhvpw,reward_address,stake1u9xfwg5f20xuum3krsyyntrjta3tsd39v3wcwcgufd2gu9s2j4eya,14,iog,259,50000000000,e56fe277cf2fb78e47cf2ea3c2ddbb863ff1b13eed2f3e0fc90b980e644dff75
2026-06-11T13:49:08Z,abcde_forensics_stage_founders_depth14,pool1y4xd29wp3wj5884sek35mvxsflxfdtev8jvc8xafmfkk62wwgk4,owner,stake1u87ujs5u6ny036fvwx8wykyp284v5jm6jtv0a3re3yzl49g2lgq3v,13,iog,268,500000000,510d003678c3de66f98aebf25adeee5b3b7317fe7cea9ede271592925b7bbe2c
2026-06-11T13:49:08Z,abcde_forensics_stage_founders_depth14,pool1y4xd29wp3wj5884sek35mvxsflxfdtev8jvc8xafmfkk62wwgk4,reward_address,stake1u87ujs5u6ny036fvwx8wykyp284v5jm6jtv0a3re3yzl49g2lgq3v,13,iog,268,500000000,510d003678c3de66f98aebf25adeee5b3b7317fe7cea9ede271592925b7bbe2c
2026-06-11T13:49:08Z,abcde_forensics_stage_founders_depth14,pool1y75j30mj2cwdw0cgcvthkcu7vxu592xenxzt8c50zxhqzf3xncg,owner,stake1uxfgc7alysq3dv3ulsyy2px7p4w580t3pzyses3uv9ksgwcyekunu,14,iog,266,5700000000,cd33b24905d9a0b1b46af95d44a9292eb6289e3b80a957bcee6ca945a4025a27
2026-06-11T13:49:08Z,abcde_forensics_stage_founders_depth14,pool1y75j30mj2cwdw0cgcvthkcu7vxu592xenxzt8c50zxhqzf3xncg,reward_address,stake1uxfgc7alysq3dv3ulsyy2px7p4w580t3pzyses3uv9ksgwcyekunu,14,iog,266,5700000000,cd33b24905d9a0b1b46af95d44a9292eb6289e3b80a957bcee6ca945a4025a27
2026-06-11T13:49:08Z,abcde_forensics_stage_founders_depth14,pool1y7q5ll02xljt8tywgy4ckt06hg0hzpd74ukt3y4543kpgup74zr,owner,stake1u8gncmej00lms7rc55302zyvzp772nfrg7qnwdqcfzsz9kss8gj3x,12,iog,268,63000000000000,3b4743a971f325f7e6efa3a60d6af4ff7cbd2d86afc243cf6e18514562eec721
2026-06-11T13:49:08Z,abcde_forensics_stage_founders_depth14,pool1y7q5ll02xljt8tywgy4ckt06hg0hzpd74ukt3y4543kpgup74zr,reward_address,stake1u8gncmej00lms7rc55302zyvzp772nfrg7qnwdqcfzsz9kss8gj3x,12,iog,268,63000000000000,3b4743a971f325f7e6efa3a60d6af4ff7cbd2d86afc243cf6e18514562eec721
2026-06-11T13:49:08Z,abcde_forensics_stage_founders_depth14,pool1yaa5mte7s5y5gyktj3ccjxkqf9dptpu52x9us2ecmjnqw29ja2v,owner,stake1uyk9yrt7cv6w0tkxpxmynjvrutw8v5ex5y4sqkvwesxh0ug7prc4k,10,iog,329,31000000000,91bdce0481fed2566eb195a28491291e181a354fb89b3eae52782b75bb2ffb87
2026-06-11T13:49:08Z,abcde_forensics_stage_founders_depth14,pool1yaa5mte7s5y5gyktj3ccjxkqf9dptpu52x9us2ecmjnqw29ja2v,reward_address,stake1uyk9yrt7cv6w0tkxpxmynjvrutw8v5ex5y4sqkvwesxh0ug7prc4k,10,iog,329,31000000000,91bdce0481fed2566eb195a28491291e181a354fb89b3eae52782b75bb2ffb87
2026-06-11T13:49:08Z,abcde_forensics_stage_founders_depth14,pool1ycd2m7djvhneqfunsgk6vm5nwnzvwgx7err55sc5dxxu2gh4crv,owner,stake1uxuuuxy98edsrc4re57xuckxlrq6cj5w2ejhnl783upxd4szlzn2k,14,iog,263,5000000000,e1a8a20b7e298b10757a95f296662848905c9d10f73bcd34e4302ae353ca497e
2026-06-11T13:49:08Z,abcde_forensics_stage_founders_depth14,pool1ycd2m7djvhneqfunsgk6vm5nwnzvwgx7err55sc5dxxu2gh4crv,reward_address,stake1uxuuuxy98edsrc4re57xuckxlrq6cj5w2ejhnl783upxd4szlzn2k,14,iog,263,5000000000,e1a8a20b7e298b10757a95f296662848905c9d10f73bcd34e4302ae353ca497e
2026-06-11T13:49:08Z,abcde_forensics_stage_founders_depth14,pool1ydgmfmxpuateqwz028lpgypsdchs5m0tzes732qdragdg4jp0uf,owner,stake1uy9nn4lmwdaxraw5me0vvkdngy60065cxlr7xk5fthwdj6s4nhlrf,14,iog,251,26000000,19c708349395de62e4a275824ddfc58e872fd0de56607b9c0d478b46c4b16467
2026-06-11T13:49:08Z,abcde_forensics_stage_founders_depth14,pool1ydgmfmxpuateqwz028lpgypsdchs5m0tzes732qdragdg4jp0uf,reward_address,stake1uy9nn4lmwdaxraw5me0vvkdngy60065cxlr7xk5fthwdj6s4nhlrf,14,iog,251,26000000,19c708349395de62e4a275824ddfc58e872fd0de56607b9c0d478b46c4b16467
2026-06-11T13:49:08Z,abcde_forensics_stage_founders_depth14,pool1ydz2znwyh3409v55r3psgc70w2ykvqjkkagx3f5ep96vgp0vlmr,owner,stake1uxtqdv63q3uqs9qd7h748psrcewypppnmql56vhautgsa6sf4enn4,13,iog,251,10000000000,c152e467271e94acc7dab07c617c0c4abce9154b9aad511dc77ed34a9b6c9984
2026-06-11T13:49:08Z,abcde_forensics_stage_founders_depth14,pool1ydz2znwyh3409v55r3psgc70w2ykvqjkkagx3f5ep96vgp0vlmr,reward_address,stake1uxtqdv63q3uqs9qd7h748psrcewypppnmql56vhautgsa6sf4enn4,13,iog,251,10000000000,c152e467271e94acc7dab07c617c0c4abce9154b9aad511dc77ed34a9b6c9984
2026-06-11T13:49:08Z,abcde_forensics_stage_founders_depth14,pool1yeqcw6v9t4ma3x0aqzfrh7as4yzj4ppmczc00fdffw78xw9qvz4,owner,stake1uyt0fu2xdzxhlxk55g72atuj8n4vjtq50exjzkgqann085gzdj6z5,12,iog,331,2000000,cadde6f7429d90eb7a42e1a8b32ff2cf912f29af2a853f3fc76a141752c4a102
2026-06-11T13:49:08Z,abcde_forensics_stage_founders_depth14,pool1yeqcw6v9t4ma3x0aqzfrh7as4yzj4ppmczc00fdffw78xw9qvz4,reward_address,stake1uyt0fu2xdzxhlxk55g72atuj8n4vjtq50exjzkgqann085gzdj6z5,12,iog,331,2000000,cadde6f7429d90eb7a42e1a8b32ff2cf912f29af2a853f3fc76a141752c4a102
2026-06-11T13:49:08Z,abcde_forensics_stage_founders_depth14,pool1ygrwdlhn46gehyay2duxp8ynh57drxg0lgf9huymxlpvukdv0k6,owner,stake1u98kc8lpcul0v87arqvzp9g37r0v7n5aw7pw85as62mscdcvrjpex,14,iog,253,0,7c54fd3ae9fbd1fb09492303194ac3bdf075b11398124eb0477e2aea8000cd95
2026-06-11T13:49:08Z,abcde_forensics_stage_founders_depth14,pool1ygrwdlhn46gehyay2duxp8ynh57drxg0lgf9huymxlpvukdv0k6,reward_address,stake1u98kc8lpcul0v87arqvzp9g37r0v7n5aw7pw85as62mscdcvrjpex,14,iog,253,0,7c54fd3ae9fbd1fb09492303194ac3bdf075b11398124eb0477e2aea8000cd95
2026-06-11T13:49:08Z,abcde_forensics_stage_founders_depth14,pool1yhhg93apktyptr5ugjqwprk7gfky5gey5tqs97408emrcyp2ek6,owner,stake1u8rsqka9460hwedtpazljs6mxm7ye3v9s895l4nn6km245qvxure8,13,iog,260,7000000000,5eef124c3065c04759db49206e67b9b6c032365a71bbf4657911b5d33ebc40da
2026-06-11T13:49:08Z,abcde_forensics_stage_founders_depth14,pool1yhhg93apktyptr5ugjqwprk7gfky5gey5tqs97408emrcyp2ek6,reward_address,stake1u8rsqka9460hwedtpazljs6mxm7ye3v9s895l4nn6km245qvxure8,13,iog,260,7000000000,5eef124c3065c04759db49206e67b9b6c032365a71bbf4657911b5d33ebc40da
2026-06-11T13:49:08Z,abcde_forensics_stage_founders_depth14,pool1yj9xduuwzvdkcwm2mc9x893zq684x7pyah4ja8zmzplgvxz6wgk,owner,stake1u8865nhwchcmme0namtudwg9fmzlayruyam0c4scln4tw6qhewxyr,14,iog,580,250000000000,e01848785a307981b6e8d4e83f221787c4987204f25eae526fb013168286cc9b
2026-06-11T13:49:08Z,abcde_forensics_stage_founders_depth14,pool1yj9xduuwzvdkcwm2mc9x893zq684x7pyah4ja8zmzplgvxz6wgk,reward_address,stake1u8865nhwchcmme0namtudwg9fmzlayruyam0c4scln4tw6qhewxyr,14,iog,580,250000000000,e01848785a307981b6e8d4e83f221787c4987204f25eae526fb013168286cc9b
2026-06-11T13:49:08Z,abcde_forensics_stage_founders_depth14,pool1yjz9nhtlvnl9rx46t2kfufwxd338m0kw0jxaj86pqfthse837z8,owner,stake1u8jkvp3v8f74dgc33m6wsgt0lfwxwle3g2q67wa62wlthasxfwsrf,14,iog,253,5000000000,48e025700979b7df36d9d40e55e97d3b4dca0da72f28c6aae2bca20437f298f3
2026-06-11T13:49:08Z,abcde_forensics_stage_founders_depth14,pool1yjz9nhtlvnl9rx46t2kfufwxd338m0kw0jxaj86pqfthse837z8,reward_address,stake1u8jkvp3v8f74dgc33m6wsgt0lfwxwle3g2q67wa62wlthasxfwsrf,14,iog,253,5000000000,48e025700979b7df36d9d40e55e97d3b4dca0da72f28c6aae2bca20437f298f3
2026-06-11T13:49:08Z,abcde_forensics_stage_founders_depth14,pool1yla5xge99yeddrcts0ya9n66k3x2vrcachnnmzu2vqqjzm6fw3k,owner,stake1uy0hnxtax897xfaa89ghzc0ldesm54v3glaujr5lx4xaakg9q64dy,13,iog,299,7300000000,4d7af40b480f8e5f4a2238d9eebf13a21db0a8b1eb665a9d0f0a5a829af3bf64
2026-06-11T13:49:08Z,abcde_forensics_stage_founders_depth14,pool1yla5xge99yeddrcts0ya9n66k3x2vrcachnnmzu2vqqjzm6fw3k,reward_address,stake1uy0hnxtax897xfaa89ghzc0ldesm54v3glaujr5lx4xaakg9q64dy,13,iog,299,7300000000,4d7af40b480f8e5f4a2238d9eebf13a21db0a8b1eb665a9d0f0a5a829af3bf64
2026-06-11T13:49:08Z,abcde_forensics_stage_founders_depth14,pool1ymtvm8nt2g2kkgt84c50eyvxza8chftz6jj87w84yt9fva56wf0,owner,stake1u89p7aggmnzpszyd7c5hg6c5pk35cutv8l2v7zzmr3u7xfq36v8ym,13,emurgo+iog,247,100000000,ec5d9449afb3955af9f82721b9c100a9306c874e49ff07e209e3db33216281b1
2026-06-11T13:49:08Z,abcde_forensics_stage_founders_depth14,pool1ymtvm8nt2g2kkgt84c50eyvxza8chftz6jj87w84yt9fva56wf0,reward_address,stake1u89p7aggmnzpszyd7c5hg6c5pk35cutv8l2v7zzmr3u7xfq36v8ym,13,emurgo+iog,247,100000000,ec5d9449afb3955af9f82721b9c100a9306c874e49ff07e209e3db33216281b1
2026-06-11T13:49:08Z,abcde_forensics_stage_founders_depth14,pool1ypa0zl2q8lvvsujjfaust9jz0lla3mt3czzwhy58l0ku2r92rxn,owner,stake1uykca6g5lwpmfs55wv28mqrt63nucqxpch63jx4srzgmx2grwlrgw,14,emurgo,212,900000000000,5957c0100b660cecd9cef6c961fa87968f9554c585f44d9b4741690814faf10a
2026-06-11T13:49:08Z,abcde_forensics_stage_founders_depth14,pool1ypa0zl2q8lvvsujjfaust9jz0lla3mt3czzwhy58l0ku2r92rxn,reward_address,stake1uykca6g5lwpmfs55wv28mqrt63nucqxpch63jx4srzgmx2grwlrgw,14,emurgo,212,900000000000,5957c0100b660cecd9cef6c961fa87968f9554c585f44d9b4741690814faf10a
2026-06-11T13:49:08Z,abcde_forensics_stage_founders_depth14,pool1ypjd5wznrkknyuf4ahvcqqcr9nh6qkwyerzsc2cygrrr6md3kqv,owner,stake1u839dxgsnqaggj78h0924hjfhywazfl7hh9gdnr09935ptc26yjks,13,iog,256,10000000,14ad6845135fd52b8e2bb8e4d7e5f38fa0a9df3e2600042492064174af504d1e
2026-06-11T13:49:08Z,abcde_forensics_stage_founders_depth14,pool1ypjd5wznrkknyuf4ahvcqqcr9nh6qkwyerzsc2cygrrr6md3kqv,reward_address,stake1u839dxgsnqaggj78h0924hjfhywazfl7hh9gdnr09935ptc26yjks,13,iog,256,10000000,14ad6845135fd52b8e2bb8e4d7e5f38fa0a9df3e2600042492064174af504d1e
2026-06-11T13:49:08Z,abcde_forensics_stage_founders_depth14,pool1yq8xwvf856x3nyj348ghhwegwl8ggq87gjlp6wgy9ms9xznny84,owner,stake1uyz5cxez324stgq8s77saf8l63ca9wwp0slhrme223p85kshrjn47,12,emurgo+iog,329,75000000000,bed7de6301f642dafd486333a310006a015014681153ac797bcc50714552e0e6
2026-06-11T13:49:08Z,abcde_forensics_stage_founders_depth14,pool1yq8xwvf856x3nyj348ghhwegwl8ggq87gjlp6wgy9ms9xznny84,reward_address,stake1uyz5cxez324stgq8s77saf8l63ca9wwp0slhrme223p85kshrjn47,12,emurgo+iog,329,75000000000,bed7de6301f642dafd486333a310006a015014681153ac797bcc50714552e0e6
2026-06-11T13:49:08Z,abcde_forensics_stage_founders_depth14,pool1yqkfu8vtlacq48vncen5h4cr5er2q6n0j0w9vmjs0yy86zmud80,owner,stake1uyx853afpzyy2f4cdl5krtu3hkjvslnfwqk89grw6uwqtdc559sna,14,iog,258,4507000000,a7aa0316d406f9a09107b5e4b13f8e769752835e9d65cb1df7da6f691309d9f5
2026-06-11T13:49:08Z,abcde_forensics_stage_founders_depth14,pool1yqkfu8vtlacq48vncen5h4cr5er2q6n0j0w9vmjs0yy86zmud80,reward_address,stake1uyx853afpzyy2f4cdl5krtu3hkjvslnfwqk89grw6uwqtdc559sna,14,iog,258,4507000000,a7aa0316d406f9a09107b5e4b13f8e769752835e9d65cb1df7da6f691309d9f5
2026-06-11T13:49:08Z,abcde_forensics_stage_founders_depth14,pool1yr0cv3dtmhcfgqa6yetvmf769ngk89e6tepecmjrmjl2jzcw2lm,owner,stake1uy4mweyctg8xvqsk7gsg5e5z8rvz8kw4mdmyylle3fl3vzgmh0xat,14,iog,553,200000000000,c08aabe7eb33e38dc81e77e0c038636298c0a75c87e11b83b2ef7ca63bf2d909
2026-06-11T13:49:08Z,abcde_forensics_stage_founders_depth14,pool1yr0cv3dtmhcfgqa6yetvmf769ngk89e6tepecmjrmjl2jzcw2lm,reward_address,stake1uy4mweyctg8xvqsk7gsg5e5z8rvz8kw4mdmyylle3fl3vzgmh0xat,14,iog,553,200000000000,c08aabe7eb33e38dc81e77e0c038636298c0a75c87e11b83b2ef7ca63bf2d909
2026-06-11T13:49:08Z,abcde_forensics_stage_founders_depth14,pool1ytszp582dm9u5un6mevt9czgcnuqhflwfr9ly4ukpeqcughryqh,owner,stake1uxhu4ud3wggp5vt9hgy244rq8y86frg3z23xgxkuq7zf0hszyhflt,13,emurgo+iog,440,800000000000,11e552645e9b60b111d25d8794d21cfc5d2da5d4f305280e4508826b05b06828
2026-06-11T13:49:08Z,abcde_forensics_stage_founders_depth14,pool1ytszp582dm9u5un6mevt9czgcnuqhflwfr9ly4ukpeqcughryqh,reward_address,stake1uxhu4ud3wggp5vt9hgy244rq8y86frg3z23xgxkuq7zf0hszyhflt,13,emurgo+iog,440,800000000000,11e552645e9b60b111d25d8794d21cfc5d2da5d4f305280e4508826b05b06828
2026-06-11T13:49:08Z,abcde_forensics_stage_founders_depth14,pool1yv8lps0rx4xxppwpm0vea852wwu6lg78xh3qfss7dmftq2gqy3r,owner,stake1uy56vqj6l7juvpuudrgtlctnvqhrmsn6eej0zdrwcygtkzgeen773,14,iog,256,100000000,6257ffc6849e1f4fff8a26870ca9393258c40a2f3456b67b02bbc181e0aa6f58
2026-06-11T13:49:08Z,abcde_forensics_stage_founders_depth14,pool1yv8lps0rx4xxppwpm0vea852wwu6lg78xh3qfss7dmftq2gqy3r,reward_address,stake1uy56vqj6l7juvpuudrgtlctnvqhrmsn6eej0zdrwcygtkzgeen773,14,iog,256,100000000,6257ffc6849e1f4fff8a26870ca9393258c40a2f3456b67b02bbc181e0aa6f58
2026-06-11T13:49:08Z,abcde_forensics_stage_founders_depth14,pool1yw03eq6wfj9tjlp3re39uzxxffkd2p2jvjyzf46g5zn3wsrl83p,owner,stake1uyfh060d405vq0tpcfcglc3jljm7mv62ct724ssmrjl4zdshevmuu,14,iog,261,40000000000,07a34fe5812a367e1c132031f0bb870ed2fd2d7777cbb91f329f8d9f2aa2c1ac
2026-06-11T13:49:08Z,abcde_forensics_stage_founders_depth14,pool1yw03eq6wfj9tjlp3re39uzxxffkd2p2jvjyzf46g5zn3wsrl83p,reward_address,stake1uyfh060d405vq0tpcfcglc3jljm7mv62ct724ssmrjl4zdshevmuu,14,iog,261,40000000000,07a34fe5812a367e1c132031f0bb870ed2fd2d7777cbb91f329f8d9f2aa2c1ac
2026-06-11T13:49:08Z,abcde_forensics_stage_founders_depth14,pool1ywt7jqfsmxg0yplku4mtdwtm476rp72z6fns9mhevf7u72pkupj,owner,stake1u9s0n4djj0086sw68es4mf7cm6qwgrxrq3xnraayxemjrks5upx6j,14,iog,259,1000000000000,8e53c8ed52f06827f4d45441a57ffe12e7133ce5288e614651d3198b801b5527
2026-06-11T13:49:08Z,abcde_forensics_stage_founders_depth14,pool1ywt7jqfsmxg0yplku4mtdwtm476rp72z6fns9mhevf7u72pkupj,owner,stake1u9zt3keaeytkptc8qy3aq56zrffk9w367gttaj2qx6gktzc7tqmvy,13,iog,259,1000000000000,8e53c8ed52f06827f4d45441a57ffe12e7133ce5288e614651d3198b801b5527
2026-06-11T13:49:08Z,abcde_forensics_stage_founders_depth14,pool1ywt7jqfsmxg0yplku4mtdwtm476rp72z6fns9mhevf7u72pkupj,reward_address,stake1u9zt3keaeytkptc8qy3aq56zrffk9w367gttaj2qx6gktzc7tqmvy,13,iog,259,1000000000000,8e53c8ed52f06827f4d45441a57ffe12e7133ce5288e614651d3198b801b5527
2026-06-11T13:49:08Z,abcde_forensics_stage_founders_depth14,pool1yxhf37v04q6cyrf8a4g64xsmvepwg5t2zc0qcquqjlph55ye2ef,owner,stake1u8z7gajk7lvwpaznxa2mkhczgvz7t9mrs7ytka4sjjchjccjr3g7x,13,iog,243,200000000000,a7cbddc264544ca50fb81700541199d4ad0eb090489a4215540f3f0d5c61ad05
2026-06-11T13:49:08Z,abcde_forensics_stage_founders_depth14,pool1yxhf37v04q6cyrf8a4g64xsmvepwg5t2zc0qcquqjlph55ye2ef,reward_address,stake1u8z7gajk7lvwpaznxa2mkhczgvz7t9mrs7ytka4sjjchjccjr3g7x,13,iog,243,200000000000,a7cbddc264544ca50fb81700541199d4ad0eb090489a4215540f3f0d5c61ad05
2026-06-11T13:49:08Z,abcde_forensics_stage_founders_depth14,pool1yytr0yxswj3n6tl44f5zd53ryakk0nfar4px7w5w54wjxwj89cw,owner,stake1u8s5g4wu4v2dj3ry2qv6k84catnex5laf205lpq56s4vdmcmsxcxs,14,iog,262,0,4f5c70c041083c37269c25664bd723ee3f678014fa012d7b69c44c317f184e51
2026-06-11T13:49:08Z,abcde_forensics_stage_founders_depth14,pool1yytr0yxswj3n6tl44f5zd53ryakk0nfar4px7w5w54wjxwj89cw,reward_address,stake1u8s5g4wu4v2dj3ry2qv6k84catnex5laf205lpq56s4vdmcmsxcxs,14,iog,262,0,4f5c70c041083c37269c25664bd723ee3f678014fa012d7b69c44c317f184e51
2026-06-11T13:49:08Z,abcde_forensics_stage_founders_depth14,pool1z5h4jhmhqrd2ndrhn3w7kr8nvcqwunds53hrs6vpzr882x4n3la,owner,stake1uxfpuvcshzcjaxqtf8f2mdeqmzf2q47h2x0723x39wu7l7cux4dkg,14,iog,254,100000000,0968c0e31ffd41371010ab21ba39d723e35b957d56599b25928656f0ce54d9ea
2026-06-11T13:49:08Z,abcde_forensics_stage_founders_depth14,pool1z5h4jhmhqrd2ndrhn3w7kr8nvcqwunds53hrs6vpzr882x4n3la,reward_address,stake1uxfpuvcshzcjaxqtf8f2mdeqmzf2q47h2x0723x39wu7l7cux4dkg,14,iog,254,100000000,0968c0e31ffd41371010ab21ba39d723e35b957d56599b25928656f0ce54d9ea
2026-06-11T13:49:08Z,abcde_forensics_stage_founders_depth14,pool1z693lvvpt87rkyn0j6gfy36zlnaw9m9djnsn6a4gy3822vykzau,owner,stake1u9jf5p23eqzsf84tq4x5csykz4xjkqc9jllh49g7p730xqghkfzd9,12,emurgo+iog,262,0,c1ba232273017e887af7e365a0a6ea3d8985bb20b69047832802a4e6c24f310a
2026-06-11T13:49:08Z,abcde_forensics_stage_founders_depth14,pool1z693lvvpt87rkyn0j6gfy36zlnaw9m9djnsn6a4gy3822vykzau,reward_address,stake1u9jf5p23eqzsf84tq4x5csykz4xjkqc9jllh49g7p730xqghkfzd9,12,emurgo+iog,262,0,c1ba232273017e887af7e365a0a6ea3d8985bb20b69047832802a4e6c24f310a
2026-06-11T13:49:08Z,abcde_forensics_stage_founders_depth14,pool1z847n6rhljnzkel09jj2hyg9da38uap2yx3ev3k6p7ytqs3fpyp,owner,stake1u8ypkxkmnxs9t0umppsxxjl7fraqnrv9a8uessjppkcg8zs9adtx6,14,iog,253,43000000,6f4a8af298ddb8c87ea19ba05919750e06cdfb5ca3344dc9c46a637129cda525
2026-06-11T13:49:08Z,abcde_forensics_stage_founders_depth14,pool1z847n6rhljnzkel09jj2hyg9da38uap2yx3ev3k6p7ytqs3fpyp,reward_address,stake1u8ypkxkmnxs9t0umppsxxjl7fraqnrv9a8uessjppkcg8zs9adtx6,14,iog,253,43000000,6f4a8af298ddb8c87ea19ba05919750e06cdfb5ca3344dc9c46a637129cda525
2026-06-11T13:49:08Z,abcde_forensics_stage_founders_depth14,pool1z8z759nqgd2lu5yzw2pxhkaq9tq3s43t2t4kk3umme6cc50zj3d,owner,stake1u9mpw9l2kcfma4dgdrsdy2x2s3a7582nqyqv0q7mnyn5uegjaqva8,14,iog,291,300000000,7241579db539f79befe031a58a7477ea8b4965949a2f32fca2311b65e3a38099
2026-06-11T13:49:08Z,abcde_forensics_stage_founders_depth14,pool1z8z759nqgd2lu5yzw2pxhkaq9tq3s43t2t4kk3umme6cc50zj3d,owner,stake1uy3q67fmegu4nvj2waxq6q0laa22zrfh4t8s87kzedn8nhqv5da2x,14,iog,291,300000000,7241579db539f79befe031a58a7477ea8b4965949a2f32fca2311b65e3a38099
2026-06-11T13:49:08Z,abcde_forensics_stage_founders_depth14,pool1z8z759nqgd2lu5yzw2pxhkaq9tq3s43t2t4kk3umme6cc50zj3d,reward_address,stake1u9mpw9l2kcfma4dgdrsdy2x2s3a7582nqyqv0q7mnyn5uegjaqva8,14,iog,291,300000000,7241579db539f79befe031a58a7477ea8b4965949a2f32fca2311b65e3a38099
2026-06-11T13:49:08Z,abcde_forensics_stage_founders_depth14,pool1z97uz9kzzfdekjjrmxvslvxzyj9jep6thf4he5qtmcdaqvznl8c,owner,stake1ux3vp8dkpkpnfnmyc7q9zyr8f9g46a6hw8lz5rea6pwa62g835had,12,iog,370,1000000,fdb7f4d21e30711f7d1040c88351bae13020e9248143828bac1fc534a86ad926
2026-06-11T13:49:08Z,abcde_forensics_stage_founders_depth14,pool1z97uz9kzzfdekjjrmxvslvxzyj9jep6thf4he5qtmcdaqvznl8c,owner,stake1uxh7jzm6yg2hkfquvnp9zm94hs9ur5pswztv3hhccc7054qrkdaa0,13,iog,370,1000000,fdb7f4d21e30711f7d1040c88351bae13020e9248143828bac1fc534a86ad926
2026-06-11T13:49:08Z,abcde_forensics_stage_founders_depth14,pool1z97uz9kzzfdekjjrmxvslvxzyj9jep6thf4he5qtmcdaqvznl8c,reward_address,stake1ux3vp8dkpkpnfnmyc7q9zyr8f9g46a6hw8lz5rea6pwa62g835had,12,iog,370,1000000,fdb7f4d21e30711f7d1040c88351bae13020e9248143828bac1fc534a86ad926
2026-06-11T13:49:08Z,abcde_forensics_stage_founders_depth14,pool1zfd4yr2m6tsvtasg2dfkt6knesrl86dky4w6dqkgtjzuwxc3zaw,owner,stake1uyetx29ljumjnk75dmc4s3fchffx5skpkzd7wfyj4w84mwsyshlp4,13,emurgo+iog,269,15000000000,6818cdbb83070bec0a3bcccc04149658685630b384ce61f34149a84cacfaec9e
2026-06-11T13:49:08Z,abcde_forensics_stage_founders_depth14,pool1zfhww5y28t303z6uyq3w47pkhfmxww9dsn89vrxteplg2zjkekl,owner,stake1u8eldyljq2ctqe0lujmc2cfcr93p4jlyqgc9qtnr4d6pkrq74tzrm,12,iog,478,150000000000,708a6ae721c6eb12c645171f8c2017e2c76479342f2d5d4788a843f69f3fbb4a
2026-06-11T13:49:08Z,abcde_forensics_stage_founders_depth14,pool1zgqkgsmmskrhsgkv29qm4snfhefj2n305kxw7my5ywxuwf7pxu0,owner,stake1uy37fvul2lhv94hdftxwqxpkcj34qakeqju3fcg5a8zceggjfnjct,13,iog,260,1000000000,d6c78f5f6391af9f08e268c79be951981fc09d22135da534aad0f74581e7fdc4
2026-06-11T13:49:08Z,abcde_forensics_stage_founders_depth14,pool1zgqkgsmmskrhsgkv29qm4snfhefj2n305kxw7my5ywxuwf7pxu0,reward_address,stake1uy37fvul2lhv94hdftxwqxpkcj34qakeqju3fcg5a8zceggjfnjct,13,iog,260,1000000000,d6c78f5f6391af9f08e268c79be951981fc09d22135da534aad0f74581e7fdc4
2026-06-11T13:49:08Z,abcde_forensics_stage_founders_depth14,pool1zkq5fgc00wumz3zruusfj7pdvuy0q94tyzn0pmn8lpuwgkjrv7l,owner,stake1u8f3f75ejuxj5xh3yljlyh73m56pw5c5ztgeeeegydrk0dstg8nga,14,iog,306,50000000000,ec883f7316cdf8b30229030e042dd8bd353b40129460763245ea0f87d9d7b4aa
2026-06-11T13:49:08Z,abcde_forensics_stage_founders_depth14,pool1zkq5fgc00wumz3zruusfj7pdvuy0q94tyzn0pmn8lpuwgkjrv7l,reward_address,stake1u8f3f75ejuxj5xh3yljlyh73m56pw5c5ztgeeeegydrk0dstg8nga,14,iog,306,50000000000,ec883f7316cdf8b30229030e042dd8bd353b40129460763245ea0f87d9d7b4aa
2026-06-11T13:49:08Z,abcde_forensics_stage_founders_depth14,pool1zlay6evs7sf7td5e46xgt8pjaap8a9dcrut8ux3dc0p0zsku8zp,owner,stake1u96c3j0pc94vzpwu2t2aauar28jgqshe7pg9t700efqyuqqyn2amh,14,iog,281,282765000000,4c3d53ab04579abc0fa523765eba258a6e09dd6bef8c19d382b9ffb84b8e8763
2026-06-11T13:49:08Z,abcde_forensics_stage_founders_depth14,pool1zlay6evs7sf7td5e46xgt8pjaap8a9dcrut8ux3dc0p0zsku8zp,reward_address,stake1u96c3j0pc94vzpwu2t2aauar28jgqshe7pg9t700efqyuqqyn2amh,14,iog,281,282765000000,4c3d53ab04579abc0fa523765eba258a6e09dd6bef8c19d382b9ffb84b8e8763
2026-06-11T13:49:08Z,abcde_forensics_stage_founders_depth14,pool1zmj5rkpvhdknscjrgul4cxw4xhaqfhfcjqv9kffmhd0zvdx6rvd,owner,stake1uya6rpcvjekpp5mza5fgffu0nz3zhnaw2u4d5f0yp4jwkss9derj7,14,iog,262,2000000,8b6842c8228bb9452da7d39bccb13e4c8c95fecaffd2d111d8a0a16d25151695
2026-06-11T13:49:08Z,abcde_forensics_stage_founders_depth14,pool1zmj5rkpvhdknscjrgul4cxw4xhaqfhfcjqv9kffmhd0zvdx6rvd,reward_address,stake1uya6rpcvjekpp5mza5fgffu0nz3zhnaw2u4d5f0yp4jwkss9derj7,14,iog,262,2000000,8b6842c8228bb9452da7d39bccb13e4c8c95fecaffd2d111d8a0a16d25151695
2026-06-11T13:49:08Z,abcde_forensics_stage_founders_depth14,pool1zqcz8zt9v07ygj06zr28lwm85s20f6w2qdcdltjyd0wuklydqnd,owner,stake1uxu02ccnjg5ufx5wjrr4xzcxlx99cr4rl7ukakcyl5j2sjg7hc72n,14,iog,264,1000000000,168744c36077910f016c03b89f859e76ec0f0aa97015393f3df7ecbd9cebb83a
2026-06-11T13:49:08Z,abcde_forensics_stage_founders_depth14,pool1zqcz8zt9v07ygj06zr28lwm85s20f6w2qdcdltjyd0wuklydqnd,reward_address,stake1uxu02ccnjg5ufx5wjrr4xzcxlx99cr4rl7ukakcyl5j2sjg7hc72n,14,iog,264,1000000000,168744c36077910f016c03b89f859e76ec0f0aa97015393f3df7ecbd9cebb83a
2026-06-11T13:49:08Z,abcde_forensics_stage_founders_depth14,pool1zt2d9aa8ck62uyy985yny47hr0f6cmf2hnxzke0up0lc7zcp65f,owner,stake1ux4dznwdn3q7dqlukfgx8krqfzsvssctgjaax0w0jh0hhmc3af64s,13,iog,493,25000000000,f2f29b4954ec089d977c6b2dedc14285a8e24e6e5371e4f6104cdc8f74f7f50f
2026-06-11T13:49:08Z,abcde_forensics_stage_founders_depth14,pool1zt2d9aa8ck62uyy985yny47hr0f6cmf2hnxzke0up0lc7zcp65f,owner,stake1uxmmwx4yhz33hesa0kn9neh8fx4q7z94yrh0sh3gc7jecds5c60uh,14,iog,493,25000000000,f2f29b4954ec089d977c6b2dedc14285a8e24e6e5371e4f6104cdc8f74f7f50f
2026-06-11T13:49:08Z,abcde_forensics_stage_founders_depth14,pool1ztsr8kc3dzdjyhrlxd48rj4cf8mjftkgk4wat6ltcmcrxdxvueq,owner,stake1uxgjfz36fryd07uf484nc4xl0cnv8vp8zwyauz0yfv7tq9s6yuxg5,14,iog,317,10000000000,bdf454603e70ed06b6c454fdc3aa6eea66fa9b460be6f75fb13fc8b91c3e2b07
2026-06-11T13:49:08Z,abcde_forensics_stage_founders_depth14,pool1ztsr8kc3dzdjyhrlxd48rj4cf8mjftkgk4wat6ltcmcrxdxvueq,reward_address,stake1uxgjfz36fryd07uf484nc4xl0cnv8vp8zwyauz0yfv7tq9s6yuxg5,14,iog,317,10000000000,bdf454603e70ed06b6c454fdc3aa6eea66fa9b460be6f75fb13fc8b91c3e2b07
2026-06-11T13:49:08Z,abcde_forensics_stage_founders_depth14,pool1zu8tgy3jwyvzltcfzzkpj4dydxdrplmurl85yu0rz0hcxu7zdd0,owner,stake1u8vad92477n23cd4hjhucdtqnfhnuz7e87rmm5aaaz9p4zg7qshld,14,emurgo,216,5400000000,73e38073bd09aaf1a85c552410bd5b6ba630d15df87a96470ddf92bde59c8101
2026-06-11T13:49:08Z,abcde_forensics_stage_founders_depth14,pool1zu8tgy3jwyvzltcfzzkpj4dydxdrplmurl85yu0rz0hcxu7zdd0,reward_address,stake1u8vad92477n23cd4hjhucdtqnfhnuz7e87rmm5aaaz9p4zg7qshld,14,emurgo,216,5400000000,73e38073bd09aaf1a85c552410bd5b6ba630d15df87a96470ddf92bde59c8101
2026-06-11T13:49:08Z,abcde_forensics_stage_founders_depth14,pool1zytydvyy3qztrs8l2xyggvkfcjctp23m2hc3aj7sudnzgny79cg,owner,stake1uxm3gppuqcxlx3m964u3fuqj3smpv9h7h22v7mt9kjfs84sxj85up,14,iog,337,20000000000,3bb93f7ac9fae07b72529367f5fa9e76c55ef374a2bd9cf4a11463db686778bf
2026-06-11T13:49:08Z,abcde_forensics_stage_founders_depth14,pool1zyzfcyhtmes7j3f3avksy26yhf8ah3ywag2t7m9l9fh5g8yaerl,owner,stake1u8zdxn6lha06pra6x3y8fa5sl7td9fefh2n7znzvhtjz24csqlq4s,14,iog,420,5000000000,357ca821c7f06708d104deaca1a6b895850d4623f7dd1e466ac313a413b5e27d
2026-06-11T13:49:08Z,abcde_forensics_stage_founders_depth14,pool1zyzfcyhtmes7j3f3avksy26yhf8ah3ywag2t7m9l9fh5g8yaerl,reward_address,stake1u8zdxn6lha06pra6x3y8fa5sl7td9fefh2n7znzvhtjz24csqlq4s,14,iog,420,5000000000,357ca821c7f06708d104deaca1a6b895850d4623f7dd1e466ac313a413b5e27d
