snapshot_utc,trace_schema,root_combo,latest_pool_id_bech32,ticker_name,pool_name,dedup_current_utxos,distinct_stake_addresses,dedup_current_lovelace,dedup_current_ada,min_trace_depth,latest_pool_active_epoch
2026-06-11T13:49:05Z,abcde_forensics_stage_founders_depth14,emurgo,NOT_DELEGATED_OR_NO_STAKE,,,1343,210,210318850899845,210318850.899845,3,
2026-06-11T13:49:05Z,abcde_forensics_stage_founders_depth14,iog,NOT_DELEGATED_OR_NO_STAKE,,,28079,20434,78920371575838,78920371.575838,4,
2026-06-11T13:49:05Z,abcde_forensics_stage_founders_depth14,iog,pool1vcwsfldh4gkzga4mc6p86y0vytkqfm9e2dy44hs00v34yeqnfaf,,,7,2,48330921272734,48330921.272734,14,329
2026-06-11T13:49:05Z,abcde_forensics_stage_founders_depth14,iog,pool1fqas6yd8n3fdpz8e869qjvyensdmzletqjexcut8mxasu2sk72r,,,7,2,48134270019667,48134270.019667,12,329
2026-06-11T13:49:05Z,abcde_forensics_stage_founders_depth14,iog,pool17arsgklktp9sayk5kzaakwvl3jwyczp07guux2yd0upgqh04qjl,,,6,2,33298974209026,33298974.209026,12,329
2026-06-11T13:49:05Z,abcde_forensics_stage_founders_depth14,emurgo+iog,NOT_DELEGATED_OR_NO_STAKE,,,1878,1408,32814576080659,32814576.080659,9,
2026-06-11T13:49:05Z,abcde_forensics_stage_founders_depth14,iog,pool1xed948ze4guhrkt9zxjmecjvgkvgf8gd8skkzgtacz6gsyk9m5c,,,3,1,16674365422057,16674365.422057,13,329
2026-06-11T13:49:05Z,abcde_forensics_stage_founders_depth14,iog,pool1njjr0zn7uvydjy8067nprgwlyxqnznp9wgllfnag24nycgkda25,,,3,1,16610246008688,16610246.008688,14,329
2026-06-11T13:49:05Z,abcde_forensics_stage_founders_depth14,iog,pool1j276s043qh2knv3ukmap6sra6sk7p5khuetzwx9h43wqydzsx8c,,,2,1,16364446930838,16364446.930838,14,329
2026-06-11T13:49:05Z,abcde_forensics_stage_founders_depth14,iog,pool16e43yxx4djcvnsunwgrm8tnph0ljrt3p9tnezu3qvtcwzh4zwwa,,,4,2,16355556422115,16355556.422115,13,329
2026-06-11T13:49:05Z,abcde_forensics_stage_founders_depth14,iog,pool1fl20ddkpvnstlx63fal6e3ku46r76nk2s4mqtk5jnyxn2vt7hg6,,,3,1,16342372684488,16342372.684488,14,329
2026-06-11T13:49:05Z,abcde_forensics_stage_founders_depth14,iog,pool1xucruwwxsym3u9v0m4ex3az5d4vpz9xu877vsl9udpt0q237e9m,,,2,1,16342369791604,16342369.791604,14,329
2026-06-11T13:49:05Z,abcde_forensics_stage_founders_depth14,iog,pool1uthdnav2zc2hxpg2hyeyy545lnxtl8lqdcdqxjm0j8t5srmyvzj,ADAST,AdaStrong,18,13,14327395854191,14327395.854191,12,582
2026-06-11T13:49:05Z,abcde_forensics_stage_founders_depth14,iog,pool1sdare7xfd6tmak8ghek7kwgpgj6xzu0reppmw4t46rmcs0h6vr2,,,4,2,12699573947804,12699573.947804,13,329
2026-06-11T13:49:05Z,abcde_forensics_stage_founders_depth14,iog,pool18gsrasdghtjsnzlf20pht85l4epwag74w9pfx5qvdvcpxw68sl6,,,1,1,5519374850765,5519374.850765,14,329
2026-06-11T13:49:05Z,abcde_forensics_stage_founders_depth14,iog,pool1grgycym8cf0xmgjjr7gx7udmkpu93hqaygysy5myx6ghx8dvl5r,THOR,THOR - The Viking Pool,290,179,2778232507871,2778232.507871,11,501
2026-06-11T13:49:05Z,abcde_forensics_stage_founders_depth14,iog,pool153sc4fct34a680nyfj4084w8dpax6c0zt0js8zqvg3sj7wtk486,SASA2,SASA Stake Pool2,9,2,2777599952823,2777599.952823,13,561
2026-06-11T13:49:05Z,abcde_forensics_stage_founders_depth14,iog,pool1s6se64qce5rjjjhh6ufcdnc54p8qg78mlhjm38lymx99sqysvzx,PAUL1,Cardano With Paul ☘️,930,515,1923282680161,1923282.680161,8,607
2026-06-11T13:49:05Z,abcde_forensics_stage_founders_depth14,iog,pool1xytvsd9qnvqxpthh9p8k85e823trvn3npxeur8kr9zhkqz5uls9,ADV,ADAvault,362,203,1858752159378,1858752.159378,11,611
2026-06-11T13:49:05Z,abcde_forensics_stage_founders_depth14,iog,pool1fqwnqk3phwa2s5thgym8dw34pv0z67m526uqprnjh93cvzxymef,NUFI9,Nu.Fi & AdaLite 9,143,96,1811996203228,1811996.203228,10,587
2026-06-11T13:49:05Z,abcde_forensics_stage_founders_depth14,iog,pool1lurfk0k0wwx54hlg8a7zp3jtstu57u59aeq7aketl55hknmmtu0,TNTM,TANTUM,290,203,1649629495825,1649629.495825,11,589
2026-06-11T13:49:05Z,abcde_forensics_stage_founders_depth14,iog,pool10d6mmw3mn9ku3r7uqqye672dz3sv76lh5kvh5rdpr9l5ug5yknr,,,3,1,1433961011043,1433961.011043,14,436
2026-06-11T13:49:05Z,abcde_forensics_stage_founders_depth14,iog,pool1xxhs2zw5xa4g54d5p62j46nlqzwp8jklqvuv2agjlapwjx9qkg9,SWIM,The Swimming Pool,143,95,1323616778232,1323616.778232,11,621
2026-06-11T13:49:05Z,abcde_forensics_stage_founders_depth14,iog,pool12z39rkzfylvn9wfe8j6x9ucq6g2l4mw4azj70y0gd8ejczznyj3,BRAVO,Bravo pool,310,203,1296077419040,1296077.41904,10,579
2026-06-11T13:49:05Z,abcde_forensics_stage_founders_depth14,iog,pool1chtam5czevzk2ttctvltpsc8twlwf6zzyh7kj3jkz72gks975sn,NUFIC,Nu.Fi & AdaLite C,7,1,1289435606520,1289435.60652,12,257
2026-06-11T13:49:05Z,abcde_forensics_stage_founders_depth14,iog,pool1wyfau3rlkckr3clr4mkyxn9vdlrkup0fj7uyyflfccmms24gm3a,TERA,⭐ TERA ⭐,14,10,1279840479444,1279840.479444,10,305
2026-06-11T13:49:05Z,abcde_forensics_stage_founders_depth14,iog,pool1mqy259k253xryf4hvdq0n72n2uvadcgp34r0fxwpqzm0z5n0qp6,SPS4,StakePool Service No.4,25,16,1245711412680,1245711.41268,12,330
2026-06-11T13:49:05Z,abcde_forensics_stage_founders_depth14,iog,pool15r7xg0vrrv2yu8wj3866eap8ftkuxvdk5rjz2lh4xajjq5v3p5d,NUFI0,Nu.Fi & AdaLite 0,75,52,1121469114472,1121469.114472,10,471
2026-06-11T13:49:05Z,abcde_forensics_stage_founders_depth14,iog,pool1zdtqtsu3l3ytatzyvrq48d4mpnll9c5evwfq6taxkmn9vvdz839,RANKT,RANKT,10,2,1107070392114,1107070.392114,13,335
2026-06-11T13:49:05Z,abcde_forensics_stage_founders_depth14,iog,pool16agnvfan65ypnswgg6rml52lqtcqe5guxltexkn82sqgj2crqtx,SPIRE,Spire Staking | 💎 Delegate to SPIR2,526,345,1103077212400,1103077.2124,11,622
2026-06-11T13:49:05Z,abcde_forensics_stage_founders_depth14,iog,pool189lsf6c2upyhmrzddyvyfjxxkqnte9pw8aqx7f4cuf85sjxlm02,CRDN2,"CARDANIANS.io #3",222,106,1102987004516,1102987.004516,11,577
2026-06-11T13:49:05Z,abcde_forensics_stage_founders_depth14,iog,pool173mzegwuu0pjcrt60ekelzj5haqr8r5e4e0n45qh9jdz7xm5kh8,ROCKY,Rocky Mountain Pool,419,280,1074245317875,1074245.317875,10,624
2026-06-11T13:49:05Z,abcde_forensics_stage_founders_depth14,iog,pool1pp7tn2w6ken4rpfcjwcdup3g4m5gcdhc9lgvrm3mnxz5stmrhq2,CROW,Crowdano Stakepool,134,64,1066000272049,1066000.272049,9,621
2026-06-11T13:49:05Z,abcde_forensics_stage_founders_depth14,iog,pool1sjwdmeme5zs042jzwmdvxshhv27kepxke0mr02f2yzacsyd4wtu,CCV,(Crypto Capital Venture),312,195,1050160142695,1050160.142695,10,590
2026-06-11T13:49:05Z,abcde_forensics_stage_founders_depth14,iog,pool1lu2luhmkyayq9njh848kfknn6evwzmn3gzsxar7z3sttg7grxcm,,,6,4,1003923217971,1003923.217971,13,619
2026-06-11T13:49:05Z,abcde_forensics_stage_founders_depth14,iog,pool1vev8z03vh7jwx3mfrgzrt9fltt97nupaxv8ffj4r5r8mgwts5ze,ADAOZ,ADA Australia,122,70,997902108537,997902.108537,11,628
2026-06-11T13:49:05Z,abcde_forensics_stage_founders_depth14,iog,pool1q0jmr57udknpq8k5qtgt5vgdjq9pzrzevf68966wxn8zgz7qy3w,EPOCH,EPOCH Stake Pool,28,18,979959925570,979959.92557,11,599
2026-06-11T13:49:05Z,abcde_forensics_stage_founders_depth14,iog,pool17ahr5ygy48vpdfnatqn2z4wfu2te4quapk2yx3k50ce6kd7feg0,ST3AK,Steak.and.ADA,240,133,955893456533,955893.456533,10,626
2026-06-11T13:49:05Z,abcde_forensics_stage_founders_depth14,iog,pool195gdnmj6smzuakm4etxsxw3fgh8asqc4awtcskpyfnkpcvh2v8t,SUNNY,Sunshine Stake Pool,232,149,917071953504,917071.953504,11,541
2026-06-11T13:49:05Z,abcde_forensics_stage_founders_depth14,emurgo+iog,pool16agnvfan65ypnswgg6rml52lqtcqe5guxltexkn82sqgj2crqtx,SPIRE,Spire Staking | 💎 Delegate to SPIR2,33,27,910637533611,910637.533611,11,487
2026-06-11T13:49:05Z,abcde_forensics_stage_founders_depth14,iog,pool12wpfng6cu7dz38yduaul3ngfm44xhv5xmech68m5fwe4wu77udd,APEX,Apex Stake Pool,3,3,906840022239,906840.022239,13,587
2026-06-11T13:49:05Z,abcde_forensics_stage_founders_depth14,iog,pool13annzt9hjfc822f0ejvxjf7fsmxd6cc28whpk5kagec6ggfmm7u,STSH3,"Stake Shark #3",877,723,904521472089,904521.472089,11,500
2026-06-11T13:49:05Z,abcde_forensics_stage_founders_depth14,iog,pool16kus5xvdysgmtjp0hhlwt72tsm0yn2zcn0a8wg9emc6c75lxvmc,EDEN,Garden Pool,352,241,898488868521,898488.868521,7,564
2026-06-11T13:49:05Z,abcde_forensics_stage_founders_depth14,iog,pool12t3zmafwjqms7cuun86uwc8se4na07r3e5xswe86u37djr5f0lx,NORTH,"#1 Nordic Pool",259,159,893520137937,893520.137937,10,606
2026-06-11T13:49:05Z,abcde_forensics_stage_founders_depth14,iog,pool1nwt6mxqus3tpzrshky5h5kykz9rjpxmacrvw0z6yak9uk5p5045,DNEWS,DigitalAssetNews Two,220,154,887699226045,887699.226045,11,630
2026-06-11T13:49:05Z,abcde_forensics_stage_founders_depth14,iog,pool1qa6lqyu67ghpa0evxfu9nzqkj3h82qpfku82ec79zdwru4pd25m,CNODE,Cardanode: 0.00% Fee & 100% Rewards Guaranteed,276,173,875249769398,875249.769398,10,568
2026-06-11T13:49:05Z,abcde_forensics_stage_founders_depth14,iog,pool1lfvzgsrghmugvpym868mh29288ez0nncz680mamzjygu2jpuwcd,NORTH,"#3 Nordic Pool",127,55,829821678193,829821.678193,11,602
2026-06-11T13:49:05Z,abcde_forensics_stage_founders_depth14,iog,pool1zmfpd5r5vfwjmwm4cgy53exe58h7plnecny3t4948yw7zumzp4c,ALPS,ALPS - The Alpine Stake Pool,488,320,825470740291,825470.740291,11,626
2026-06-11T13:49:05Z,abcde_forensics_stage_founders_depth14,iog,pool1ue4ngerz28nkpstsr5p53qvl5ulq3jtmllj4my0d0n28yyrn4l4,STP,StakePools Cardano Pool,2,1,808956702647,808956.702647,14,250
2026-06-11T13:49:05Z,abcde_forensics_stage_founders_depth14,iog,pool1wt0pf4u2xktp0f7apveu242w6nkm4ltk3m8g039lvuhwq4zdtf3,ECO,ECO Pool,132,83,796137818332,796137.818332,11,589
2026-06-11T13:49:05Z,abcde_forensics_stage_founders_depth14,iog,pool1qqqqqdk4zhsjuxxd8jyvwncf5eucfskz0xjjj64fdmlgj735lr9,ATADA,ATADA Stakepool in Austria,145,92,795569803215,795569.803215,11,629
2026-06-11T13:49:05Z,abcde_forensics_stage_founders_depth14,iog,pool18vej0s9gska8c847aj95g9v24duuxg2g63d5cuqngnxew643jw9,ADV2,ADAvault Stake Pool 2,213,143,781884917721,781884.917721,11,630
2026-06-11T13:49:05Z,abcde_forensics_stage_founders_depth14,iog,pool16ajaae2n5lsyr4f9k9uz5y8tpf0996tw640dzu7chwp2wdrnz6a,BLADE,BLADE Pool,139,68,777900877368,777900.877368,12,621
2026-06-11T13:49:05Z,abcde_forensics_stage_founders_depth14,iog,pool10quq4wlghwrvmhdzc7geq22pyhzegccwj56ax2g8hx0cjfahufs,SPS2,StakePool Service No.2,34,22,768591604072,768591.604072,12,389
2026-06-11T13:49:05Z,abcde_forensics_stage_founders_depth14,iog,pool1qqqqpanw9zc0rzh0yp247nzf2s35uvnsm7aaesfl2nnejaev0uc,TITAN,TITANstaking,180,90,764795289768,764795.289768,11,606
2026-06-11T13:49:05Z,abcde_forensics_stage_founders_depth14,cf,pool1qkd5y9azf2xx0gmrj68lrkcn59ldjmnpzd3y2rq3tvjp2vqljan,AMOON,ADA Moon Stake Pool,4,1,753023980979,753023.980979,14,334
2026-06-11T13:49:05Z,abcde_forensics_stage_founders_depth14,iog,pool1uhy50u9y76nd6z2xmzt3mta0yc7g3gdssef8lheyyg7zzymgzm8,NUFIA,Nu.Fi & AdaLite A,224,140,748701102880,748701.10288,10,547
2026-06-11T13:49:05Z,abcde_forensics_stage_founders_depth14,iog,pool1nudasuv0lljpe0tswcverqvlh0v4226vgnpsuxn0e9nkvnvcvne,STI,stakit.io Pool by TOBG,369,208,715021624164,715021.624164,11,618
2026-06-11T13:49:05Z,abcde_forensics_stage_founders_depth14,iog,pool1v5u6wzakuc25q3zpx04t8gjz3rgu60wuxkv2mh5nga23xjkc86s,MOKSH,Moksh Stake Pool,33,22,704014681694,704014.681694,12,596
2026-06-11T13:49:05Z,abcde_forensics_stage_founders_depth14,iog,pool1ra2su7cvnmr83pu9nvvz4a9carsgc9egc3e5fuk7h9pycyp5ela,LBF4,Ledger by Figment 4,25,16,697163936123,697163.936123,13,630
2026-06-11T13:49:05Z,abcde_forensics_stage_founders_depth14,iog,pool1fm57fshvdlrgs5pnpk78tnxha0me28equyy96vj0xm85gy5chv0,BANDA,banderini,100,66,695928115756,695928.115756,11,535
2026-06-11T13:49:05Z,abcde_forensics_stage_founders_depth14,iog,pool1m4enp55hp80tf6xl7k6f6593wnyu3pr83xfvef9x3ktdw9m0em5,AZUR2,AzureADA2,177,106,689711582421,689711.582421,11,462
2026-06-11T13:49:05Z,abcde_forensics_stage_founders_depth14,iog,pool14cq4fchmmqjygwjw4zexmqqd6a7caxptjnvseyu6wanjuppv4vk,CH1,Cardano Suisse,114,64,683946683021,683946.683021,11,620
2026-06-11T13:49:05Z,abcde_forensics_stage_founders_depth14,iog,pool14fjmlppz76667ws3jl5luejf2wgztuhpsftulvh3ucc65anqgve,XSP2,X-StakePool2,14,8,673070233203,673070.233203,10,339
2026-06-11T13:49:05Z,abcde_forensics_stage_founders_depth14,iog,pool1vquhv3kh6xkklckaenl8alyuhfsld57ef5573aqauueyqacx4ak,KIWI,KIWI by 🥝Kiwipool Staking,354,193,662596045177,662596.045177,10,542
2026-06-11T13:49:05Z,abcde_forensics_stage_founders_depth14,iog,pool16f95up5u5lyqne5mnxmlhe0rgdgmya27mph288r6gw0ukegjffa,MARAC,Maracuja-Pool,19,11,655800902713,655800.902713,13,584
2026-06-11T13:49:05Z,abcde_forensics_stage_founders_depth14,iog,pool1lhz4gsk5ezdl5s4mv2kxgrkhzzhad6me2v0xmwuyt845vensdlc,SECUR,TWO SecureStaking.io,110,76,650572908527,650572.908527,11,622
2026-06-11T13:49:05Z,abcde_forensics_stage_founders_depth14,iog,pool1w7c2j0px43jmudhf48ezp7dy8j7904c9l3wc7809lhh2z026hch,STAT,AdaStat Pool,192,108,649345986108,649345.986108,12,630
2026-06-11T13:49:05Z,abcde_forensics_stage_founders_depth14,iog,pool1ekcsyzwexl7p2kwxxh34hy28l6772vrmff7jwmuxsa6u6fzty9z,ADALO,ADALovelacePool,256,164,646847733746,646847.733746,10,633
2026-06-11T13:49:05Z,abcde_forensics_stage_founders_depth14,iog,pool14zdcvdec8qmqzsat5wg3a2h9f0u5yzrgjew534z8u3gs5durnjz,PAUL,Cardano With Paul 2 ☘️,430,224,645609412425,645609.412425,9,578
2026-06-11T13:49:05Z,abcde_forensics_stage_founders_depth14,iog,pool15zrkyr0f80hxlt4scv72tej8l8zwrcphmrega9wutqchjekceal,ZETE,Zetetic,170,107,637189492841,637189.492841,10,621
2026-06-11T13:49:05Z,abcde_forensics_stage_founders_depth14,emurgo,pool1ekcsyzwexl7p2kwxxh34hy28l6772vrmff7jwmuxsa6u6fzty9z,ADALO,ADALovelacePool,19,6,630564945637,630564.945637,12,584
2026-06-11T13:49:05Z,abcde_forensics_stage_founders_depth14,iog,pool1p8fhygz7ga9hghhwmkr64p3ftn77lxu9nyddvsqszattcdyajc0,SUNNY,"Sunshine Stake Pool #2",102,62,629546880376,629546.880376,12,421
2026-06-11T13:49:05Z,abcde_forensics_stage_founders_depth14,iog,pool1hntu7agmt8u5j9c20ejen7dvq0jfkvkpnul3mrdd8tppqvwfvt2,BLOOM,Bloom Two,134,85,622832010871,622832.010871,11,634
2026-06-11T13:49:05Z,abcde_forensics_stage_founders_depth14,iog,pool1u7mqtde27swkarngjsn5mmw3sy20zavlafgqkmg8qv2n2nwga0l,CFLOW,CashFlow,85,46,617124710959,617124.710959,11,627
2026-06-11T13:49:05Z,abcde_forensics_stage_founders_depth14,iog,pool1uk2f28awascuhrhuwrp7x6y87x8ch33vwx8jtmrysp7l5ngq78j,POWER,POWER Stake Pool 1,198,133,614202519146,614202.519146,10,536
2026-06-11T13:49:05Z,abcde_forensics_stage_founders_depth14,emurgo,pool1lhz4gsk5ezdl5s4mv2kxgrkhzzhad6me2v0xmwuyt845vensdlc,SECUR,TWO SecureStaking.io,6,2,609004794723,609004.794723,13,524
2026-06-11T13:49:05Z,abcde_forensics_stage_founders_depth14,iog,pool1lskcfz80qg2kr2p6776kl9emjn8ulkqsqse7um7skz4y2lwa0cu,CERO,Cero Stake Pool,95,68,601411297831,601411.297831,11,590
2026-06-11T13:49:05Z,abcde_forensics_stage_founders_depth14,iog,pool17rjst78s67lvellg8s586rf076jxa3wnsdz730f4xk2zwuhrtej,NORTH,"#2 Nordic Pool",234,127,593298215883,593298.215883,11,625
2026-06-11T13:49:05Z,abcde_forensics_stage_founders_depth14,iog,pool103455uc7a3477q8pdmzvny884qtlv9vhm2csxvqx2cadwuk36sq,EDEN,Garden Pool Two,208,122,585749046576,585749.046576,10,536
2026-06-11T13:49:05Z,abcde_forensics_stage_founders_depth14,iog,pool1ctzja2cdwyeqnvehmrlclc5wrn9w9acwklk3acn73jrx56d66vs,OCEA2,ADA Ocean Two,69,40,578484229926,578484.229926,12,527
2026-06-11T13:49:05Z,abcde_forensics_stage_founders_depth14,iog,pool1rct5guwnp6nk9f4ldn5tr3s42j0nm5rxeayv56lxua5ck47ex39,FIMI,Tai Chinh - Tam An,72,37,570388313735,570388.313735,11,623
2026-06-11T13:49:05Z,abcde_forensics_stage_founders_depth14,iog,pool1jeu74g86ys4fekhykqcww99kdsq3nlym8a6kfw8s8ff3vskad70,KAIZN,Kaizen Crypto Stake Pool,229,127,566499667639,566499.667639,10,609
2026-06-11T13:49:05Z,abcde_forensics_stage_founders_depth14,iog,pool1gtphgrdj8sluxm9e7ca2spcwcq2p0dxj9zf5v0yv3gsagzq704n,ADAFR,ADAFR,465,324,557358644251,557358.644251,10,636
2026-06-11T13:49:05Z,abcde_forensics_stage_founders_depth14,iog,pool1ukeqarukv9gxwy9pt8jkr4qvad2yf87758g3xzemmvmtk8lrynp,CRDN1,"CARDANIANS.io #2",225,117,554205619537,554205.619537,11,632
2026-06-11T13:49:05Z,abcde_forensics_stage_founders_depth14,iog,pool15cy4p3axu0m6sfrmxsp46z5cevx3ruksfwjl48730cgx24j4ydz,TECH,Tech pool,28,16,548640765639,548640.765639,12,631
2026-06-11T13:49:05Z,abcde_forensics_stage_founders_depth14,iog,pool1qfxukshs4fkcrflzdnxa2fdza5lfvew3y6echg8ckaa4q8m5hyf,NEDS1,NEDSCAVE.IO,377,234,547577590892,547577.590892,10,617
2026-06-11T13:49:05Z,abcde_forensics_stage_founders_depth14,iog,pool1u6kpt8hgqcm596kukj97ghefmxn8ks2cgwg8qqe0gtgscnufk5p,ATLAS,AtlasStakePool,117,59,540158443038,540158.443038,11,615
2026-06-11T13:49:05Z,abcde_forensics_stage_founders_depth14,emurgo+iog,pool12t3zmafwjqms7cuun86uwc8se4na07r3e5xswe86u37djr5f0lx,NORTH,"#1 Nordic Pool",19,14,523271278094,523271.278094,11,508
2026-06-11T13:49:05Z,abcde_forensics_stage_founders_depth14,iog,pool12vs4c3cm0tr49c7alrevfs0xa5g3s4al4fn46h33e69uusat04v,BLOOM,Bloom,188,102,510890814431,510890.814431,11,632
2026-06-11T13:49:05Z,abcde_forensics_stage_founders_depth14,iog,pool1pnzwgsgzd6t4788sfr7dxjyusepyq9xaxnpyfcngewqf29t9ayd,PHRCK,Staking Rocks!,573,341,505613488272,505613.488272,8,584
2026-06-11T13:49:05Z,abcde_forensics_stage_founders_depth14,iog,pool138m7hevnvp664cmtralju857t5k7e4frpnaevtgpuykggr50kne,ITC,Into the Cryptoverse,269,174,495797509322,495797.509322,10,561
2026-06-11T13:49:05Z,abcde_forensics_stage_founders_depth14,iog,pool1ft4xjlz9uw0r0ewcgtkgeakqrfc5azxmxwsm5pt94dv67mw4rgd,1LOVE,Lovelacepool,80,24,495179885020,495179.88502,10,578
2026-06-11T13:49:05Z,abcde_forensics_stage_founders_depth14,iog,pool108zdflss3ayqlm5c7vr6mtqj2uwl99vk28ur8dv4zswdzt6yauc,AZUR,AzureADA,274,188,485693668893,485693.668893,11,600
2026-06-11T13:49:05Z,abcde_forensics_stage_founders_depth14,iog,pool13mas2wthxs28zftxskcsd8t87jk2w9ntc0u5uflt45sh7lcvs8h,EMUR3,EMURGO 3,88,44,482651402580,482651.40258,12,590
2026-06-11T13:49:05Z,abcde_forensics_stage_founders_depth14,cf,pool1c7jrfce3zxkk9s9enzpvwj8fuayvx3pdzc2k2es6mrw6gsfcjep,EDEN,Garden Pool Three,6,1,479389217308,479389.217308,14,267
2026-06-11T13:49:05Z,abcde_forensics_stage_founders_depth14,iog,pool13crd2ljx87988umk22er6ynwadfwdqupdpcq6prc6v59z62kxse,BLOOM,Bloom Six,120,80,477285150923,477285.150923,11,586
2026-06-11T13:49:05Z,abcde_forensics_stage_founders_depth14,iog,pool10zyf32q3w3n9x940j6yqgkwuegzn77p94wcmpku6gvmrqw8a97d,XSP,X-StakePool,23,15,476095901036,476095.901036,13,525
2026-06-11T13:49:05Z,abcde_forensics_stage_founders_depth14,iog,pool13rt3ngkek4l876980ect869cu978d36dcyh22ts4nwuf7ncq02u,,,20,10,466180473955,466180.473955,11,637
2026-06-11T13:49:05Z,abcde_forensics_stage_founders_depth14,iog,pool193uec04jldvah7r52q86wl033g4v42x0aste8jfg9999qepaxfp,0AAAA,AAAA pool,19,14,463244458097,463244.458097,11,615
2026-06-11T13:49:05Z,abcde_forensics_stage_founders_depth14,iog,pool1ahazpr2yz5gljk2m4q8g7wnmq7m2sr9unhdfmr5arhqrjnntwdz,ADV3,ADAvault Stake Pool 3,91,51,461966193054,461966.193054,12,590
2026-06-11T13:49:05Z,abcde_forensics_stage_founders_depth14,iog,pool1qqqqdktl6pq46td0mwut0qn30g7nlue0sete9wxl0hwsq37wrw8,STR8,Straight Pool,229,146,455884572066,455884.572066,9,530
2026-06-11T13:49:05Z,abcde_forensics_stage_founders_depth14,iog,pool1tdsrw0n33gmy0mzh7cgtn9p0jy5xwjxaa2s26gn2ewf8kg4nrzx,CAFE,CardanoCafe,167,106,455742947784,455742.947784,10,621
2026-06-11T13:49:05Z,abcde_forensics_stage_founders_depth14,emurgo+iog,pool1rmpv0h0pecysach8tj06vxx9wku2pdm74mk9cunx759v58q0hu2,SASA,SASA Stake Pool,15,1,450777777535,450777.777535,14,545
2026-06-11T13:49:05Z,abcde_forensics_stage_founders_depth14,iog,pool1457cnl7qu568h98xrw8krfnjkhf05mfhaq2l50epwy36yuln20q,,,9,5,450596360589,450596.360589,13,589
2026-06-11T13:49:05Z,abcde_forensics_stage_founders_depth14,iog,pool147en6w8f9cplnn5x7qt4ese7fpacmmcwuffrtu0yqxpaz4agppr,STI2,stakit.io Pool 2 by TOBG,194,110,442949536714,442949.536714,11,522
2026-06-11T13:49:05Z,abcde_forensics_stage_founders_depth14,iog,pool1a4qtpgce7cu6wzc79fx7qrc3938hkl2gf8c2h5jugvm2gnu86l7,,,156,97,441705333358,441705.333358,10,618
2026-06-11T13:49:05Z,abcde_forensics_stage_founders_depth14,iog,pool18v9r8afalh50l4lstct2awdc3zspnvurcs7t45nv29uc2mnxc6c,LONDN,London pool,88,56,433981865600,433981.8656,12,561
2026-06-11T13:49:05Z,abcde_forensics_stage_founders_depth14,iog,pool1rvng7n968748udkc5rxy4h9zp9hms4s3jsfwuues76ft28uc056,DIGI,Digital Fortress,135,53,432973507570,432973.50757,12,634
2026-06-11T13:49:05Z,abcde_forensics_stage_founders_depth14,iog,pool1urgvu6zk422j4xwtxa45lzpd6dm25msfthpkezr042secrtuwzc,CCV1,"(Crypto Capital Venture) #Pool2",143,84,418492376566,418492.376566,11,568
2026-06-11T13:49:05Z,abcde_forensics_stage_founders_depth14,iog,pool1crts5gmqr34gsrn6wvrhfs9yqp0ynu8t2t4r350xp80s6pc56ue,BREAK,BreakingADA,15,8,417641821790,417641.82179,13,331
2026-06-11T13:49:05Z,abcde_forensics_stage_founders_depth14,iog,pool16hs0jxw7h6pwg3ru7rcq3yvg4csj7lhmcpj68kqem2sh5nt8mwk,NUFI7,Nu.Fi & AdaLite 7,302,216,412678329007,412678.329007,11,606
2026-06-11T13:49:05Z,abcde_forensics_stage_founders_depth14,iog,pool1qqqqrwzy7njvjq9wph7usj5gghm3py9c97688ek8pgc7uem9cfz,FROG2,ADAfrog 2 🐸,79,35,412451533559,412451.533559,11,338
2026-06-11T13:49:05Z,abcde_forensics_stage_founders_depth14,iog,pool1mh4ng2ldxk4sqfppzu6r4knxrk6e87e9c4wgrred84uy7xauzlh,CCV2,"(Crypto Capital Venture) #Pool3",107,66,409547632011,409547.632011,11,619
2026-06-11T13:49:05Z,abcde_forensics_stage_founders_depth14,iog,pool1qvhss6kxmtl27nr4ugvypayhvt4a4vzll8p9csdg2v8q7d22llu,ASTRA,Ad Astra Stake Pool,74,43,409036746018,409036.746018,10,408
2026-06-11T13:49:05Z,abcde_forensics_stage_founders_depth14,iog,pool1k633phcvz2hjhj45evwwau4w576jpq83acg5h84w23jauqu56cw,NORTH,"#4 Nordic Pool",94,42,408485893930,408485.89393,10,622
2026-06-11T13:49:05Z,abcde_forensics_stage_founders_depth14,iog,pool1ncg357pkgx29g6jrwunk94pwxe409ktxyrw8s0k66vwkc4qdgnu,,,4,2,400008780000,400008.78,13,328
2026-06-11T13:49:05Z,abcde_forensics_stage_founders_depth14,iog,pool15ccmgcc4k9t8auxw9v4dfjmrl2kqnuevawn8z6n7xv09utw9hh3,4ADA,Staking4ADA.org,96,56,395516787496,395516.787496,12,582
2026-06-11T13:49:05Z,abcde_forensics_stage_founders_depth14,iog,pool1dxwgzj66pual956mnv9delkelg873yvgr2dd8s279m0hxqvr475,APOP,ADAPOP,159,92,394671802909,394671.802909,11,629
2026-06-11T13:49:05Z,abcde_forensics_stage_founders_depth14,iog,pool1xjhzgchsl2ccvc5pj3aqytv9hh0jnaz63wtfnw4th07tjypm46x,SECUR,THREE SecureStaking.io,155,83,393515168131,393515.168131,11,603
2026-06-11T13:49:05Z,abcde_forensics_stage_founders_depth14,iog,pool1kcvaxe4q4npwt28qlr3h84htjf4qrqglqk3cr2484ptycr0ldut,,,1,1,392561894941,392561.894941,13,329
2026-06-11T13:49:05Z,abcde_forensics_stage_founders_depth14,iog,pool1evg78egp8gfqae273kvmmdee2dnt6vty60dpwdespg4hujznh3a,SQUID,Squid Pool,54,35,389631644035,389631.644035,11,581
2026-06-11T13:49:05Z,abcde_forensics_stage_founders_depth14,iog,pool104avq7309gjm0fxms69yqusxy8zf888k4mamngg5vnc6vculpzq,NUFIB,Nu.Fi & AdaLite B,179,128,385331532885,385331.532885,11,575
2026-06-11T13:49:05Z,abcde_forensics_stage_founders_depth14,iog,pool16fyda57p3c8gp5r6gmcq5tvqsp6mnzwvkxswgznkuh8wztrp6vv,HRMS,"Hermes Stakepool Germany #1",148,88,384191498728,384191.498728,10,521
2026-06-11T13:49:05Z,abcde_forensics_stage_founders_depth14,iog,pool19asxjgd6ah9ddzauwede4wpt9vsp6s4ax5nz297wt47evc9sn7z,,,266,128,382257140410,382257.14041,10,557
2026-06-11T13:49:05Z,abcde_forensics_stage_founders_depth14,cf,NOT_DELEGATED_OR_NO_STAKE,,,120,11,379999430033,379999.430033,4,
2026-06-11T13:49:05Z,abcde_forensics_stage_founders_depth14,iog,pool1ddg6t2h9kj6lqlec4ncjs945lzj43m3ggrgdhf5sgzhtygpkznz,FAIR,"Fair Pool #01",182,111,376184321702,376184.321702,10,572
2026-06-11T13:49:05Z,abcde_forensics_stage_founders_depth14,iog,pool1wf7wk3802jxtkmek6uprm77cgqx53t4qep9kwkl078w3yw0ff69,DNEWS,DigitalAssetNews,196,128,372776115933,372776.115933,11,620
2026-06-11T13:49:05Z,abcde_forensics_stage_founders_depth14,iog,pool1z5uqdk7dzdxaae5633fqfcu2eqzy3a3rgtuvy087fdld7yws0xt,OCTAS,OctasPool,169,108,370634196180,370634.19618,12,602
2026-06-11T13:49:05Z,abcde_forensics_stage_founders_depth14,iog,pool1p5ja48uqc7pjnuqvwu7cgmspvx938qpnf4zqm0x2k0ngkh4lkjx,SIPO3,SITION POOL3,25,16,363151305091,363151.305091,13,337
2026-06-11T13:49:05Z,abcde_forensics_stage_founders_depth14,iog,pool15wkxegrfflzcyhurrjxsm9ljqtz09xr5rtnqsarnp7hmsz5um3t,STSH1,"Stake Shark #1",289,218,362036868956,362036.868956,11,592
2026-06-11T13:49:05Z,abcde_forensics_stage_founders_depth14,iog,pool1aqg6fvhcaulvss2ruvpx6ur9vj7pejvdcxv6xp0qlwuwx94evf0,SARGA,SargatxetPool,459,269,360665406979,360665.406979,10,629
2026-06-11T13:49:05Z,abcde_forensics_stage_founders_depth14,iog,pool1c7jrfce3zxkk9s9enzpvwj8fuayvx3pdzc2k2es6mrw6gsfcjep,EDEN,Garden Pool Three,139,100,359821084005,359821.084005,11,598
2026-06-11T13:49:05Z,abcde_forensics_stage_founders_depth14,iog,pool1lqpymyzg9glc88r7urptuv0d8t2tu9ty7xtshvxmgpu0j4lp8p3,VINCE,VINCE pool,121,72,349949263294,349949.263294,10,330
2026-06-11T13:49:05Z,abcde_forensics_stage_founders_depth14,iog,pool19pyfv4xnln8x4l7auw0n0skk3hd97shun707hrw5d4s553ys74x,TITAN,"TITANstaking #2",64,33,348603561936,348603.561936,11,608
2026-06-11T13:49:05Z,abcde_forensics_stage_founders_depth14,iog,pool1jk25l2pejpdzq8vdjlxrr05th49v9tgd78fqrtxvuw3rumpfc6t,GROW,GROW TEAM,125,71,346482138690,346482.13869,12,459
2026-06-11T13:49:05Z,abcde_forensics_stage_founders_depth14,iog,pool1zgxvcqf0dvh0ze56ev2ayjvuex3zdd3hgxzdrcezkx497mv3l7s,RSTK,Everstake,380,224,343028685146,343028.685146,11,552
2026-06-11T13:49:05Z,abcde_forensics_stage_founders_depth14,iog,pool1eqa7kxx4xg35cu4rqj4exkvzhenscgh8wxez0gl7hsagygp79kr,PILOT,Pilot Pool,119,80,334868570497,334868.570497,12,634
2026-06-11T13:49:05Z,abcde_forensics_stage_founders_depth14,iog,pool10akpqvczl93ep4rc59c0aqyn3dm0env2ydysuwmdm670wl24pd8,,,174,135,334276533421,334276.533421,11,348
2026-06-11T13:49:05Z,abcde_forensics_stage_founders_depth14,iog,pool1h0524mtazrjnzqh5e4u060jsfk8lpsqqjfpa5gygjwuhqu34wvt,JAZZ,JAZZ,3,3,330045365866,330045.365866,13,471
2026-06-11T13:49:05Z,abcde_forensics_stage_founders_depth14,iog,pool1swe9nsv8lzugakjkfv04dn38scmq48wzynmn0lxasupuzmqcgjm,ADAGE,ADAGE,52,33,329485707661,329485.707661,10,627
2026-06-11T13:49:05Z,abcde_forensics_stage_founders_depth14,iog,pool1ng3vqzrhn3z45yjdscv3q37n26g2pj3vp99rfkgv6225y8lqg8j,EVE2,Everstake,1150,606,321560696870,321560.69687,11,577
2026-06-11T13:49:05Z,abcde_forensics_stage_founders_depth14,emurgo+iog,pool153sc4fct34a680nyfj4084w8dpax6c0zt0js8zqvg3sj7wtk486,SASA2,SASA Stake Pool2,2,1,319994318284,319994.318284,13,536
2026-06-11T13:49:05Z,abcde_forensics_stage_founders_depth14,iog,pool17xextu09ghdfcmsq83whq0a45geg83jxe4qt94sevu087tzdzkl,ONYX,"ONYX Stake Pool #1",169,121,317349328011,317349.328011,11,427
2026-06-11T13:49:05Z,abcde_forensics_stage_founders_depth14,iog,pool1kmsr376syqkluhxvv8k2axugqw7unjmlkwhfxjxtj7cw7qcn0jn,CRDN3,"CARDANIANS.io #4",69,42,314970576921,314970.576921,11,633
2026-06-11T13:49:05Z,abcde_forensics_stage_founders_depth14,iog,pool1m62sl6rauje9cknrkhwl39tc4hujudkd7gp478dpz7tagmjr8wm,,,154,116,308470426462,308470.426462,11,456
2026-06-11T13:49:05Z,abcde_forensics_stage_founders_depth14,iog,pool1rpjjz68kmmetyxztmrstrwgz8lxf6v0d7vqgw98r5x8rc50jrdf,DEW,Dew Staking Solutions,214,130,306711730547,306711.730547,11,603
2026-06-11T13:49:05Z,abcde_forensics_stage_founders_depth14,iog,pool1tmt8thfaqeqv499l3s7k5kl64s84nycvnx55ll3ksm9hq50p0ks,WFFL,WAFFLE,26,18,306028412788,306028.412788,12,416
2026-06-11T13:49:05Z,abcde_forensics_stage_founders_depth14,iog,pool1uj4u73qgtprqre78q75fq2vkcrpfrcdreqcqkvn6u0m2k6nk2yp,EVE1,Everstake,731,387,304672582516,304672.582516,11,350
2026-06-11T13:49:05Z,abcde_forensics_stage_founders_depth14,iog,pool1uyvyxt9k9g038h567x8halej4x87j7m4r4zyz9lhv4dcv83husk,BLOOM,Bloom Four,129,60,304503071704,304503.071704,10,453
2026-06-11T13:49:05Z,abcde_forensics_stage_founders_depth14,iog,pool14wk2m2af7y4gk5uzlsmsunn7d9ppldvcxxa5an9r5ywek8330fg,SMAUG,竜SM₳UG,51,30,303546348385,303546.348385,11,571
2026-06-11T13:49:05Z,abcde_forensics_stage_founders_depth14,iog,pool15d62znf04qymt6ve536tt5y9ky979ly4um5zmgz9m850vu7wuv7,NUFID,Nu.Fi & AdaLite D,3,2,300911944620,300911.94462,13,608
2026-06-11T13:49:05Z,abcde_forensics_stage_founders_depth14,iog,pool1a23gmvalpdams9d42t7fur8vmknzjv7wd3nsvuvrc7dv66lnau0,AOS,Army of Spies,76,28,296664417035,296664.417035,11,626
2026-06-11T13:49:05Z,abcde_forensics_stage_founders_depth14,iog,pool1zz7x8ergn02chznayj9fjds2gk5q6prmpdr49faspd65kzqsrjs,AUTO,AutoStake I,74,45,292573527625,292573.527625,12,597
2026-06-11T13:49:05Z,abcde_forensics_stage_founders_depth14,iog,pool1jt7d6ak3m8gnjyxtuxfswe258xzwda80ndl0a57vv5m2zv8h6at,CARDs,Cardanistas StakePool,400,254,290842096898,290842.096898,11,530
2026-06-11T13:49:05Z,abcde_forensics_stage_founders_depth14,iog,pool1caulv7s08g0jnptzdc69qycptacu7fzahny2epzh7sh9vhqz6xz,NUFI1,Nu.Fi & AdaLite 1,133,94,289567142446,289567.142446,10,613
2026-06-11T13:49:05Z,abcde_forensics_stage_founders_depth14,emurgo+iog,pool10wcmpvjmmv7ph7cz2263f52yckvnnwu5kdppwqgu74s2qhe7l7m,4TUN8,4tun8,3,2,288938000000,288938.0,12,259
2026-06-11T13:49:05Z,abcde_forensics_stage_founders_depth14,iog,pool192pfftt48zc4x5aellvpufk6l6zxllpldw0rx82vrhqrqfhhqs2,EMUR5,EMURGO 5,114,55,288176313305,288176.313305,11,606
2026-06-11T13:49:05Z,abcde_forensics_stage_founders_depth14,iog,pool1myvgx4ef424e6nw2strqq7dxcepav52plyyhxrk0avaw7y098l2,COOL2,COOL2,77,15,287293675830,287293.67583,10,593
2026-06-11T13:49:05Z,abcde_forensics_stage_founders_depth14,iog,pool1hkpgddlnya3pgktj3sxdraa8x8400vhaphcudvym9ye22esak43,ISP,Ikinari Stake Pool,9,5,286683002026,286683.002026,12,259
2026-06-11T13:49:05Z,abcde_forensics_stage_founders_depth14,iog,pool1jq7r3evstu2c040vlry8tgvpwf0mfvft86cxecwjpwcuvvqfu2r,CCV3,"(Crypto Capital Venture) #Pool4",107,61,286469076387,286469.076387,11,487
2026-06-11T13:49:05Z,abcde_forensics_stage_founders_depth14,iog,pool1gqgyta9sku3crjzfl9kj7kxsgfkt98y98yeu09kx22zscrezuj7,FORTE,The independent,27,18,286333386600,286333.3866,13,631
2026-06-11T13:49:05Z,abcde_forensics_stage_founders_depth14,iog,pool1xs34q2z06a46nk7hl48d27dj5gzc6hh9trugw2ehs9ajsevqffx,SNAKE,SN₳KE Cardano Staking,35,15,283226928052,283226.928052,10,612
2026-06-11T13:49:05Z,abcde_forensics_stage_founders_depth14,iog,pool1l5kwfudnqrhw3k4lwzcppu36nun9puvvr7xnanuz8a2zx4jaek5,ADOPT,ADOPTion Stake Pool,198,61,282880605866,282880.605866,10,291
2026-06-11T13:49:05Z,abcde_forensics_stage_founders_depth14,iog,pool1pfprlfz0ywcnewjegazz05ghgcfkvu40v6edsz6yn8w362sdjr8,ADI,Cardanesia,58,41,280902262168,280902.262168,11,562
2026-06-11T13:49:05Z,abcde_forensics_stage_founders_depth14,iog,pool1a2nh3ktswllhwf07fjahpdg5mpqyq7j950pyftq9765r6t4cefl,OCEAN,ADA Ocean,109,71,280825117329,280825.117329,11,528
2026-06-11T13:49:05Z,abcde_forensics_stage_founders_depth14,iog,pool1c2wf97p3j9gfvfjshj99ufxerpy3aznm8tzr2fd0ua465s26th4,P2P,P2P Validator,18,9,279221802638,279221.802638,13,619
2026-06-11T13:49:05Z,abcde_forensics_stage_founders_depth14,iog,pool1ewrm7y47s9hv6hxku9n5gfnsuspymp0qqpwgvgm9rvm37cek2h6,A4G,ADA4Good ❤️ ADA + Save the Children ❤️,77,46,277814951460,277814.95146,10,635
2026-06-11T13:49:05Z,abcde_forensics_stage_founders_depth14,iog,pool19r8kcmqpajlm6h5q0lv8jye0q7evdur39wfsgs4z98fcqpz9lct,BLOOM,Bloom Five,94,49,277140504284,277140.504284,10,579
2026-06-11T13:49:05Z,abcde_forensics_stage_founders_depth14,iog,pool16j3mvwws7zc9pjluyhddgea0tq647v0dh3y4nkcuckg9znjcun2,ITC3,"Into the Cryptoverse #3",145,74,274561039777,274561.039777,10,545
2026-06-11T13:49:05Z,abcde_forensics_stage_founders_depth14,emurgo,pool1rvng7n968748udkc5rxy4h9zp9hms4s3jsfwuues76ft28uc056,DIGI,Digital Fortress,26,3,273906909437,273906.909437,14,377
2026-06-11T13:49:05Z,abcde_forensics_stage_founders_depth14,iog,pool1qzlw72zfwhhc0ptvzdpld06szu39x9mlm6782efy6sluz932fx6,BCSH2,Blue Cheese Stakehouse,31,23,273842316151,273842.316151,13,318
2026-06-11T13:49:05Z,abcde_forensics_stage_founders_depth14,iog,pool1cmaafeyy52ppz62jqmsm20c5p8nua7xx95lkkf96ktmqqj3w5td,EDEN,Garden Pool Four,53,28,271202181338,271202.181338,11,591
2026-06-11T13:49:05Z,abcde_forensics_stage_founders_depth14,iog,pool1rj6apcqxcvavaxp22f75zs9upphena7ntsnut2efvq98g4404up,APP,ADA Point Pool,40,20,270821409284,270821.409284,12,448
2026-06-11T13:49:05Z,abcde_forensics_stage_founders_depth14,iog,pool12l453n0jtxqq88cgwgr67z06ldyhqqvwxgkn0sgungjfvhtp2el,EVERS,Everstake,146,75,267085063294,267085.063294,12,636
2026-06-11T13:49:05Z,abcde_forensics_stage_founders_depth14,iog,pool1yyv7vx5zhhsd60jp4tl72vpznwvpvjp35m4z7jr42ugkxmndyv5,AZTEC,Aztec Staking,9,7,266909594020,266909.59402,13,295
2026-06-11T13:49:05Z,abcde_forensics_stage_founders_depth14,emurgo,pool14cq4fchmmqjygwjw4zexmqqd6a7caxptjnvseyu6wanjuppv4vk,CH1,Cardano Suisse,15,4,261742694607,261742.694607,11,635
2026-06-11T13:49:05Z,abcde_forensics_stage_founders_depth14,emurgo,pool1g8y2gz4sk7xhyaj469jlj3njyu5dlvqa7t7v9c2gk0yc69879z8,1PCT0,"1 Percent Pool #0 (v2)",2,2,260501000000,260501.0,14,380
2026-06-11T13:49:05Z,abcde_forensics_stage_founders_depth14,iog,pool1jz5ljsnj4fzmk84j0wcw9ldy866dn07nzqg2ktyuyjvfvr3jgtq,DIGI4,Digital Fortress,113,38,258895812243,258895.812243,11,630
2026-06-11T13:49:05Z,abcde_forensics_stage_founders_depth14,iog,pool1398lzhvtaa0hgz305d2jz4urfkwkkt66yv476wqe6att2f7dphh,,,16,12,250882964968,250882.964968,13,596
2026-06-11T13:49:05Z,abcde_forensics_stage_founders_depth14,iog,pool10ya6hxrssmyhl560gqyalhqxudkgfjdlc0e4krww6wweyaeajs8,NKR,NKR ADA POOL,31,11,250185991368,250185.991368,13,525
2026-06-11T13:49:05Z,abcde_forensics_stage_founders_depth14,iog,pool1g3ssnndd8e7lcmstkjl9ane9mup0eshv3aklg63u5tznwl4ch87,VRSTK,Everstake,333,182,244487691018,244487.691018,11,398
2026-06-11T13:49:05Z,abcde_forensics_stage_founders_depth14,iog,pool17kew7rtakc7g6qzydntann5umw08xq3ll2j7spk7en4kvff69fa,BLOOM,Bloom Three,90,51,242432229913,242432.229913,12,558
2026-06-11T13:49:05Z,abcde_forensics_stage_founders_depth14,iog,pool1j6zqawj6f58lp4p00t26eqe58gxx4pa3cudlzpkv23y92nlxjzd,GURU,Cardano GURU Pool,57,25,237813599579,237813.599579,12,303
2026-06-11T13:49:05Z,abcde_forensics_stage_founders_depth14,iog,pool1k0xa8wlsntmjhtw2shj3tspqd4kjyquw9tuyx5s7zz5jsyw4y2p,WMOPS,Waldmops,96,64,235837589900,235837.5899,11,579
2026-06-11T13:49:05Z,abcde_forensics_stage_founders_depth14,iog,pool1qqq6qqa0hpzvumv5p87ynczfmdj557xuwlc3289ke42g72z7f74,AHL,AHLNET,84,59,234669380828,234669.380828,11,526
2026-06-11T13:49:05Z,abcde_forensics_stage_founders_depth14,iog,pool19w5khsnmu27au0kprw0kjm8jr7knneysj7lfkqvnu66hyz0jxsx,ATAD2,ATADA-2 Stakepool in Austria,229,155,233563829645,233563.829645,11,558
2026-06-11T13:49:05Z,abcde_forensics_stage_founders_depth14,iog,pool1ywpt43nttzjd7883wafg255mh0hmjypwe65ercw6p2sxg5lt7ez,EVE4,Everstake,539,294,231862576031,231862.576031,12,628
2026-06-11T13:49:05Z,abcde_forensics_stage_founders_depth14,iog,pool1ell3xjtspzzz4vtsatscan6rheltf7j3hh2s8qsam2h3jvcxzm9,OCEA4,ADA Ocean Four,35,27,231232649772,231232.649772,12,570
2026-06-11T13:49:05Z,abcde_forensics_stage_founders_depth14,iog,pool1ntwurms3f0j4kqe5wfpg9chlasylp0lmuw72m4fn66vnuyrvs8v,MANGO,MANGO FARM,20,2,230538467747,230538.467747,14,438
2026-06-11T13:49:05Z,abcde_forensics_stage_founders_depth14,iog,pool1qkd5y9azf2xx0gmrj68lrkcn59ldjmnpzd3y2rq3tvjp2vqljan,AMOON,ADA Moon Stake Pool,9,6,229636757619,229636.757619,12,334
2026-06-11T13:49:05Z,abcde_forensics_stage_founders_depth14,iog,pool1cn0dqtplwf67fds40hgkf0u5rm4q4azev5qutmgkw5hdyvue2ue,NEDS2,NEDSCAVE.IO,82,43,226509735890,226509.73589,10,471
2026-06-11T13:49:05Z,abcde_forensics_stage_founders_depth14,iog,pool1nz9h4raywm6mu2v8l7htuaqvmn06l3mepuaxynpzlwljsf8txhy,NORTH,"#5 Nordic Pool",92,52,223199013190,223199.01319,12,636
2026-06-11T13:49:05Z,abcde_forensics_stage_founders_depth14,emurgo,pool1evg78egp8gfqae273kvmmdee2dnt6vty60dpwdespg4hujznh3a,SQUID,Squid Pool,9,1,222395279847,222395.279847,14,323
2026-06-11T13:49:05Z,abcde_forensics_stage_founders_depth14,emurgo+iog,pool12rs385dd534g8gtdtmnvlhq63whdvc6vnuzxa5cpx843zdy73qy,TERA2,⭐ TERA2 ⭐,1,1,220850967254,220850.967254,13,260
2026-06-11T13:49:05Z,abcde_forensics_stage_founders_depth14,iog,pool1xwqye6mlftwjg706acz5fjqz7gmf4qdye99zsjl03a4ru68ghee,ANET,AdaNet.io,6,3,220770840201,220770.840201,12,368
2026-06-11T13:49:05Z,abcde_forensics_stage_founders_depth14,iog,pool1qqqyv9pn9typyqwcxqk5ewpxy5p27g5j2ms58hpp2c2kuzs5z77,ANGEL,ANGEL stake pool,141,86,220444113504,220444.113504,11,636
2026-06-11T13:49:05Z,abcde_forensics_stage_founders_depth14,iog,pool1a3kdettzvvlqvkl9m9hwe63ggeq5fgvz0twqew5c62dzx99vsed,LEAD,LEAD Stake Pool,41,27,216217833930,216217.83393,11,387
2026-06-11T13:49:05Z,abcde_forensics_stage_founders_depth14,iog,pool1hkklrx9ac7w57d79mnv76rxlgq4acg5ecwhyep7k3zn0u5cz2k9,AZUR3,AzureADA3,68,46,214107488355,214107.488355,12,614
2026-06-11T13:49:05Z,abcde_forensics_stage_founders_depth14,iog,pool1druxd2syfrvqvepxh60fz0qhralcesruphh5atujuh0jktjy0ma,BSSP,Black Star Stake Pool,86,61,213746125548,213746.125548,10,438
2026-06-11T13:49:05Z,abcde_forensics_stage_founders_depth14,iog,pool1zn9hjcmfddhcp2aj9xxuvz7z40rasyatkgavr8ryyz72qdfwtrj,PLUSH,Plush Pool,58,42,212978212494,212978.212494,12,464
2026-06-11T13:49:05Z,abcde_forensics_stage_founders_depth14,iog,pool18wvrpuz4uftxs83gf39ynh7cy3nds8q0hs7u7yuelu4e78w237s,,,19,9,212530234600,212530.2346,12,300
2026-06-11T13:49:05Z,abcde_forensics_stage_founders_depth14,iog,pool1gclysx2h7fndj0jdajlmwvqr8q9tzu3rurjknacu0ff954fsg9a,1PCT0,"1 Percent Pool #0 (v1)",169,84,212236025853,212236.025853,10,619
2026-06-11T13:49:05Z,abcde_forensics_stage_founders_depth14,iog,pool142xwjhpcvtp7tahpmn8tlnek7smefp9wn66z67j8vjpmjxqdg56,EDEN,Garden Pool Five,61,38,210913551284,210913.551284,11,562
2026-06-11T13:49:05Z,abcde_forensics_stage_founders_depth14,iog,pool1j6490a90qefvsqxdurf99z9ld50rtthaz9ms6c8xh78s52veuq2,CETH,Cardano Education Thailand,54,41,210911737452,210911.737452,12,384
2026-06-11T13:49:05Z,abcde_forensics_stage_founders_depth14,iog,pool1xmsdhync6k6grkkj7tuycskjpseykpr24luhlazl5nsngsy87gm,EVE3,Everstake,884,458,210034416547,210034.416547,11,481
2026-06-11T13:49:05Z,abcde_forensics_stage_founders_depth14,iog,pool1l6aeyn35nkqkn9lqqlwqnpraakdzuukjrqprcrj3sctk6hhe32k,OYSTR,Oyster Pool | Midnight | Mithril | Rosen Bridge,81,33,208150281759,208150.281759,12,601
2026-06-11T13:49:05Z,abcde_forensics_stage_founders_depth14,iog,pool15wj590e6gsmpmttrxjd0emck09a0h9tazd2ww77q6duyvg8lyum,HUSKY,Husky pool,51,27,207915120684,207915.120684,11,309
2026-06-11T13:49:05Z,abcde_forensics_stage_founders_depth14,iog,pool1cyq3v3v43hu7spwlfxdm6vq9djpsjjueerhlu5qr2rvd57vqk84,,,25,17,207799493850,207799.49385,12,398
2026-06-11T13:49:05Z,abcde_forensics_stage_founders_depth14,iog,pool1yvf4nxph69ztm0tgj73ummxq45kfjhecyad26e3xc2002xgzalg,CCV4,"(Crypto Capital Venture) #Pool5",91,45,207257519192,207257.519192,11,524
2026-06-11T13:49:05Z,abcde_forensics_stage_founders_depth14,iog,pool1yc6f3cqsc7jfh07hcns64v5cp8720mve870pgxf2wkr3u8l7tse,HYPER,Hyperlink Pool,132,83,204265113958,204265.113958,10,624
2026-06-11T13:49:05Z,abcde_forensics_stage_founders_depth14,iog,pool1pshqcksxywy68lt04lw6uf35f4yssekh5dx2mxqmyrukke2z5y3,ACL,A CardanoLand pool ACL,167,105,203884195373,203884.195373,11,637
2026-06-11T13:49:05Z,abcde_forensics_stage_founders_depth14,iog,pool17e4rdh59t4fmn4g3p02xvs853katrjzge830tsmd3sfdc645yvt,GAIA,GAIA Stake Pool,13,10,203776960797,203776.960797,11,356
2026-06-11T13:49:05Z,abcde_forensics_stage_founders_depth14,iog,pool14enw2643rn9nn6yzv60jyz3hj4kxs0jvap87lkgsqykh508jxm6,STSH2,"Stake Shark #2",362,292,201497681987,201497.681987,9,634
2026-06-11T13:49:05Z,abcde_forensics_stage_founders_depth14,iog,pool19zkd9hmkgdjmx2xr0psuat88uuw25wsrktr2qe69v2uzqldfnmj,,,1,1,200000000000,200000.0,14,419
2026-06-11T13:49:05Z,abcde_forensics_stage_founders_depth14,iog,pool1xru6f3fflzwkptgm68pncrsncg9ngllv0jk8jnz40m7wusfhazk,OASIS,Oasis Pool 🌴,61,40,199840103396,199840.103396,11,584
2026-06-11T13:49:05Z,abcde_forensics_stage_founders_depth14,iog,pool10tqeu6d03p6rnalqlvdshmpsljxaq2c0ww6draq6xm8lgyl2a3p,CASP,Cardaspians,44,21,198019842526,198019.842526,11,572
2026-06-11T13:49:05Z,abcde_forensics_stage_founders_depth14,iog,pool1qwa8x4u4a2pff0xdv0haxpgk3tyrvl5adl2lpf3ztcftqruhea0,ELITE,01  ▫  Elite Stake Pool,161,84,197077932726,197077.932726,10,628
2026-06-11T13:49:05Z,abcde_forensics_stage_founders_depth14,iog,pool1psk0c2p7pwactw00nkzjexdw0msn7g8nddc06eyvds6yswr3tjg,ITC2,"Into the Cryptoverse #2",119,78,195895522970,195895.52297,11,612
2026-06-11T13:49:05Z,abcde_forensics_stage_founders_depth14,iog,pool1u4sxd6x0qsy7evljt24vtnyhpxd098n609sfcmly6c096mr3jgq,SCAR,SCARdano,34,17,195399885778,195399.885778,11,317
2026-06-11T13:49:05Z,abcde_forensics_stage_founders_depth14,iog,pool1mxqjlrfskhd5kql9kak06fpdh8xjwc76gec76p3taqy2qmfzs5z,IOG1,Input Output Global (IOHK) - 1,66,39,194810389113,194810.389113,12,610
2026-06-11T13:49:05Z,abcde_forensics_stage_founders_depth14,emurgo+iog,pool173mzegwuu0pjcrt60ekelzj5haqr8r5e4e0n45qh9jdz7xm5kh8,ROCKY,Rocky Mountain Pool,30,22,193400471648,193400.471648,11,601
2026-06-11T13:49:05Z,abcde_forensics_stage_founders_depth14,iog,pool1k0ucs0fau2vhr3p7qh7mnpfgrllwwda7petxjz2gzzaxkyp8f88,POLY,POLYPool,113,53,192644511349,192644.511349,11,633
2026-06-11T13:49:05Z,abcde_forensics_stage_founders_depth14,iog,pool1qqqq4md2rfdt75qvh3x9cgmkrgkl74ctcj3fnxpu3ylcudl22ex,MASTR,Masterstake,63,39,191230087982,191230.087982,10,520
2026-06-11T13:49:05Z,abcde_forensics_stage_founders_depth14,iog,pool166dkk9kx5y6ug9tnvh0dnvxhwt2yca3g5pd5jaqa8t39cgyqqlr,VIPER,🐍Viper Stake Pool,199,122,190805579350,190805.57935,10,631
2026-06-11T13:49:05Z,abcde_forensics_stage_founders_depth14,iog,pool1ksrg8a964464las0ymw88slrwxkychjz9lh09lqltu5m7nw3pq0,,,149,85,190101089031,190101.089031,10,618
2026-06-11T13:49:05Z,abcde_forensics_stage_founders_depth14,emurgo+iog,pool1ekcsyzwexl7p2kwxxh34hy28l6772vrmff7jwmuxsa6u6fzty9z,ADALO,ADALovelacePool,15,13,188610840879,188610.840879,10,589
2026-06-11T13:49:05Z,abcde_forensics_stage_founders_depth14,iog,pool1ljlmfg7p37ysmea9ra5xqwccue203dpj40w6zlzn5r2cvjrf6tw,AAA,AAA,63,40,188510281248,188510.281248,12,525
2026-06-11T13:49:05Z,abcde_forensics_stage_founders_depth14,iog,pool1prc9hna2mgamtspchrygc66s9n4tlkvh39e3t9zccef4kzc3ns2,TERM,Terminada,60,27,187559223036,187559.223036,11,630
2026-06-11T13:49:05Z,abcde_forensics_stage_founders_depth14,emurgo+iog,pool1nwt6mxqus3tpzrshky5h5kykz9rjpxmacrvw0z6yak9uk5p5045,DNEWS,DigitalAssetNews Two,15,12,187465707032,187465.707032,11,446
2026-06-11T13:49:05Z,abcde_forensics_stage_founders_depth14,iog,pool1vx9tzlkgafernd9vpjpxkenutx2gncj4yn88fpq69823qlwcqrt,CRDNS,CARDANIANS.io,211,135,183419283324,183419.283324,10,606
2026-06-11T13:49:05Z,abcde_forensics_stage_founders_depth14,iog,pool13qdkwy5y88ncr5qpjrh8hgtf94d0zw4wuhgezjg3hvlyyrh37c7,SECUR,FOUR SecureStaking.io,42,24,181242893619,181242.893619,12,615
2026-06-11T13:49:05Z,abcde_forensics_stage_founders_depth14,iog,pool1wz27a9pvd2jat98s375lxaaj7qxy405km4vzp83wn5vtwp59kvh,BRADA,BRADA POOL,85,59,179202815811,179202.815811,11,394
2026-06-11T13:49:05Z,abcde_forensics_stage_founders_depth14,iog,pool1m0drnjxsvnlesq0rwmur2rh6lenuql57jfzd6cf6aegj2cv7ugy,EMUR1,EMURGO 1,51,29,177177832819,177177.832819,11,602
2026-06-11T13:49:05Z,abcde_forensics_stage_founders_depth14,iog,pool106p2jjwuwagq2as7cdzx4y6cyc2pdj7a3h3vv5cvkvnskegff3w,VOLT,VoltPool,89,57,175986880700,175986.8807,11,445
2026-06-11T13:49:05Z,abcde_forensics_stage_founders_depth14,emurgo+iog,pool1rvng7n968748udkc5rxy4h9zp9hms4s3jsfwuues76ft28uc056,DIGI,Digital Fortress,12,4,174502800605,174502.800605,12,330
2026-06-11T13:49:05Z,abcde_forensics_stage_founders_depth14,iog,pool1vh4y864hcq2r66ak37w4dsnkhnsfxaaacs0p5s4vj5676m6txwm,HOPE,HOPE,56,38,173222857244,173222.857244,11,637
2026-06-11T13:49:05Z,abcde_forensics_stage_founders_depth14,iog,pool1lvsa8e0dw6z8g2fkw7prnfa7627wuy5jjexaadck6w5sxw5xkvm,DIGI2,Digital Fortress,80,37,170227225237,170227.225237,12,587
2026-06-11T13:49:05Z,abcde_forensics_stage_founders_depth14,iog,pool1qnrqc7zpwye2r9wtkayh2dryvfqs7unp99f2039duljrsaffq5c,NUFI,Nu.Fi & AdaLite,82,56,168357570264,168357.570264,11,627
2026-06-11T13:49:05Z,abcde_forensics_stage_founders_depth14,iog,pool1c89d4drtwn0048mekkdkzllz559ahnntxelyw2mppxnmc36hjlx,CLIO1,CLIO1,38,23,168196880171,168196.880171,12,577
2026-06-11T13:49:05Z,abcde_forensics_stage_founders_depth14,iog,pool1nhlv5z2lsptzgcp9ype0mppc7zyndm66ypm4sw5hy27ewdchqx0,PPCX2,P2P & CEX,93,58,167702509769,167702.509769,11,330
2026-06-11T13:49:05Z,abcde_forensics_stage_founders_depth14,emurgo,pool15ccmgcc4k9t8auxw9v4dfjmrl2kqnuevawn8z6n7xv09utw9hh3,4ADA,Staking4ADA.org,8,2,165434386298,165434.386298,14,214
2026-06-11T13:49:05Z,abcde_forensics_stage_founders_depth14,iog,pool1z7n2ruhmxmv77f6cqhd3wsy6774h2wuay77agxuf2y9mj8q55vw,1PCT2,"1 Percent Pool #2 (v1)",44,28,165063700779,165063.700779,11,588
2026-06-11T13:49:05Z,abcde_forensics_stage_founders_depth14,iog,pool1vs689gkmqtrljtmcwd2690nzqm2yyq23wk2zzx5g0v0gs5ug64a,,,5,2,157997000000,157997.0,13,252
2026-06-11T13:49:05Z,abcde_forensics_stage_founders_depth14,iog,pool1hht4pctn70tqdsd0zwuxv8d8cz6l5scjzaquty7vamyzy78eqvc,ACL,A CardanoLand pool ACL,68,36,157182451894,157182.451894,10,629
2026-06-11T13:49:05Z,abcde_forensics_stage_founders_depth14,iog,pool1jqw9cv37w0eewvdr36w2kacd2w9wh5uwm2y3vmc0fmdfc0ax26l,LIX,Felix Pham,50,32,156774536133,156774.536133,12,266
2026-06-11T13:49:05Z,abcde_forensics_stage_founders_depth14,cf,pool1qa6lqyu67ghpa0evxfu9nzqkj3h82qpfku82ec79zdwru4pd25m,CNODE,Cardanode: 0.00% Fee & 100% Rewards Guaranteed,7,2,155562700207,155562.700207,14,460
2026-06-11T13:49:05Z,abcde_forensics_stage_founders_depth14,iog,pool1kvd03hq8kp0hnxq9lq598a5amrvauj9m386rwx7ydawvjdskwnh,CAKE,STAKE for CAKE,10,8,153389054019,153389.054019,11,516
2026-06-11T13:49:05Z,abcde_forensics_stage_founders_depth14,iog,pool1ea568m9q882n0tx5d4vxff2dmz2n7rq5h62hx5ystq625m4tcfu,NUFI6,Nu.Fi & AdaLite 6,66,55,152526179557,152526.179557,9,628
2026-06-11T13:49:05Z,abcde_forensics_stage_founders_depth14,iog,pool1qu48wpwwarmkewhlwge9xs87sgt8gdnqq26nnre2v6c8up4fxwr,OBS,Ouroboros-暗号通貨革命,12,10,151247171218,151247.171218,12,586
2026-06-11T13:49:05Z,abcde_forensics_stage_founders_depth14,iog,pool1llxh8l0h8g9ghz3nrzh7ndvev4x43vnk72nsemzm795vxqs6dp8,JP4,JAPAN4,3,3,150770088187,150770.088187,13,242
2026-06-11T13:49:05Z,abcde_forensics_stage_founders_depth14,iog,pool1ynxx88cq0y8vg8yrq3jrw6epm7rq9a8859v34sq9lzjy7ztg90u,EVE,Everstake,196,115,149962190811,149962.190811,11,607
2026-06-11T13:49:05Z,abcde_forensics_stage_founders_depth14,iog,pool1f2wfjqkf2wx6jq93pdck6hgmy9zgw32lmvrq9zejl7scqxjqfze,,,70,46,146177127104,146177.127104,12,595
2026-06-11T13:49:05Z,abcde_forensics_stage_founders_depth14,iog,pool1w8ham64lthvzzxzn5hknq4yrj8xt2nark409s2xmntlwvt4ag3r,1PCT7,"1 Percent Pool #7 (v1)",23,17,144899531365,144899.531365,12,458
2026-06-11T13:49:05Z,abcde_forensics_stage_founders_depth14,emurgo,pool15cy4p3axu0m6sfrmxsp46z5cevx3ruksfwjl48730cgx24j4ydz,TECH,Tech pool,1,1,142082181413,142082.181413,13,593
2026-06-11T13:49:05Z,abcde_forensics_stage_founders_depth14,iog,pool1ntfxj2jgvhzen8e86ed679ctukar3vj538ywyyq8ryld66jj4sx,XRAY2,XRAY | Network,44,26,142060411300,142060.4113,12,561
2026-06-11T13:49:05Z,abcde_forensics_stage_founders_depth14,iog,pool1fs2m5rmlx66crcwwrrsf2pcxjhvk7kzdurcqusd3v5gm65cufnj,BIRD,Early Bird Pool,35,23,139775815166,139775.815166,12,631
2026-06-11T13:49:05Z,abcde_forensics_stage_founders_depth14,iog,pool1jj2hvts3ryffy5txm7w0am3zt7s7sehdf8rrwfesjmr7shv0mgl,FIDA,The pool of Vietnamese,57,21,138464719221,138464.719221,11,334
2026-06-11T13:49:05Z,abcde_forensics_stage_founders_depth14,emurgo,pool1qqqqpanw9zc0rzh0yp247nzf2s35uvnsm7aaesfl2nnejaev0uc,TITAN,TITANstaking,28,5,138109799043,138109.799043,12,425
2026-06-11T13:49:05Z,abcde_forensics_stage_founders_depth14,iog,pool1supp67ypelmgzuzqqvarc6czgmg3ggwpnrnfr90xpfcqqf8h05t,1PCT,1 Percent Pool (v1),33,25,137909669471,137909.669471,12,300
2026-06-11T13:49:05Z,abcde_forensics_stage_founders_depth14,iog,pool1calq8kjzrvp83l80rtvgmulausl99q4tjfkz2lp227vkymd5wgg,ODIN,Odin's Pool,120,67,137432802634,137432.802634,11,342
2026-06-11T13:49:05Z,abcde_forensics_stage_founders_depth14,emurgo+iog,pool1pp7tn2w6ken4rpfcjwcdup3g4m5gcdhc9lgvrm3mnxz5stmrhq2,CROW,Crowdano Stakepool,15,12,136913210766,136913.210766,11,527
2026-06-11T13:49:05Z,abcde_forensics_stage_founders_depth14,iog,pool12n6lycv28kjtkzecfz2a3uujyxy6ewuwjcmjq84my67psqmgagv,MANT,MANTIS POOL,27,18,136880170386,136880.170386,12,401
2026-06-11T13:49:05Z,abcde_forensics_stage_founders_depth14,iog,pool1rxgxstg6t7azlsrk4vuuwp0jgl9e776dg86zqzaa0qt6vz43n9r,,,2,1,136837516405,136837.516405,13,473
2026-06-11T13:49:05Z,abcde_forensics_stage_founders_depth14,iog,pool1p9sjhjx0v3k76wvgdqu7jcks2ra48wqlhc6g0mkewd25k3zcymy,WA2,Watashitachi2,14,9,134512648623,134512.648623,12,327
2026-06-11T13:49:05Z,abcde_forensics_stage_founders_depth14,iog,pool13846y7q7tng3endxhet9qdcz5w0fjs09ytcye4dm5g54wmyqeqr,BSP,The Brothership Pool,35,19,133251750541,133251.750541,11,570
2026-06-11T13:49:05Z,abcde_forensics_stage_founders_depth14,iog,pool136wr0g23dw9daekuyqtgk366vywms6meespgpm3hdguxqczaaug,DAVID,David Likes Crypto ADA Stakepool,88,63,133178983754,133178.983754,10,616
2026-06-11T13:49:05Z,abcde_forensics_stage_founders_depth14,iog,pool1jyutduy73e5u9877uns3k9rm0tf4r24j8lrn4xtkjpl3q5sn5mw,KOALA,"Koala Pool stake, earn, & save Koalas コアラを救え",21,17,130739315173,130739.315173,12,538
2026-06-11T13:49:05Z,abcde_forensics_stage_founders_depth14,cf,pool14enw2643rn9nn6yzv60jyz3hj4kxs0jvap87lkgsqykh508jxm6,STSH2,"Stake Shark #2",1,1,129729393573,129729.393573,14,266
2026-06-11T13:49:05Z,abcde_forensics_stage_founders_depth14,iog,pool1yj9xduuwzvdkcwm2mc9x893zq684x7pyah4ja8zmzplgvxz6wgk,SPIR2,Spire Staking | 🏆 Top 10 Operator,26,15,128614055280,128614.05528,11,635
2026-06-11T13:49:05Z,abcde_forensics_stage_founders_depth14,iog,pool1w6l6rvhxtym5psec3mvgrjlg28d6hrv8g9jjexadzmxfgndfg2f,SIPO,SITION POOL,24,18,128057751435,128057.751435,12,630
2026-06-11T13:49:05Z,abcde_forensics_stage_founders_depth14,emurgo+iog,pool1xytvsd9qnvqxpthh9p8k85e823trvn3npxeur8kr9zhkqz5uls9,ADV,ADAvault,32,27,127056980024,127056.980024,10,572
2026-06-11T13:49:05Z,abcde_forensics_stage_founders_depth14,iog,pool1t6n7rysk6wzm9wqxda6zxpzmm3j6256fs3mp06dc26n6503hhj4,DAVE,Cardano Dave Pool,23,11,124432652312,124432.652312,11,620
2026-06-11T13:49:05Z,abcde_forensics_stage_founders_depth14,iog,pool128r8qqgl9zgy3ff4759a2qslyauu5takaec3nxx4a6mvj3ys8da,BTCAO,Bitcão Stake Pool,351,238,124226943549,124226.943549,11,348
2026-06-11T13:49:05Z,abcde_forensics_stage_founders_depth14,emurgo+iog,pool1lskcfz80qg2kr2p6776kl9emjn8ulkqsqse7um7skz4y2lwa0cu,CERO,Cero Stake Pool,10,9,123716165331,123716.165331,12,326
2026-06-11T13:49:05Z,abcde_forensics_stage_founders_depth14,iog,pool1ppznyu6qrvlw9uuqa3tslryjd40nh56jyvmaqw6kdf4kzq3y8kh,DIGI3,Digital Fortress,80,35,123512956596,123512.956596,10,540
2026-06-11T13:49:05Z,abcde_forensics_stage_founders_depth14,iog,pool1w2duw0lk7lxjpfqjguxvtp0znhaqf8l2yvzcfd72l8fuk0h77gy,PSP,Prime Stake Pool,2,1,122405049186,122405.049186,14,521
2026-06-11T13:49:05Z,abcde_forensics_stage_founders_depth14,iog,pool1jdhjfcu34lq88rypdtslzwyf27uh0h3apcr9mjd68zhc69r29fy,NUFI5,Nu.Fi & AdaLite 5,118,84,120818238650,120818.23865,12,614
2026-06-11T13:49:05Z,abcde_forensics_stage_founders_depth14,emurgo+iog,pool108zdflss3ayqlm5c7vr6mtqj2uwl99vk28ur8dv4zswdzt6yauc,AZUR,AzureADA,17,16,120022748688,120022.748688,11,543
2026-06-11T13:49:05Z,abcde_forensics_stage_founders_depth14,emurgo+iog,pool1hnp560z9e5acwux8tjguxq36j9r255zuf02u7z2d46dvcf5zhns,LCP,LovelaceCommunityPool,2,2,119877850920,119877.85092,13,628
2026-06-11T13:49:05Z,abcde_forensics_stage_founders_depth14,emurgo+iog,pool1qzlw72zfwhhc0ptvzdpld06szu39x9mlm6782efy6sluz932fx6,BCSH2,Blue Cheese Stakehouse,3,2,119016000000,119016.0,13,317
2026-06-11T13:49:05Z,abcde_forensics_stage_founders_depth14,iog,pool149d5lzg7m6susau4f4yfdztgkty34qrcdpvd3ygsetmljgxxf8g,TERA3,⭐ TERA3 ⭐,22,11,118982290331,118982.290331,12,482
2026-06-11T13:49:05Z,abcde_forensics_stage_founders_depth14,iog,pool1cc76kmtcpf6vht32ya5ke9er74dnpy4jh5qpy4klqwp87ygdsu6,,,128,71,117633746501,117633.746501,11,333
2026-06-11T13:49:05Z,abcde_forensics_stage_founders_depth14,iog,pool1gppqnqfguctp6gu0q8l5wjhye0ny28yzfx93hkr384cfsezru0f,CAPEX,CArdano Pools EXplained,94,63,117610724873,117610.724873,11,327
2026-06-11T13:49:05Z,abcde_forensics_stage_founders_depth14,iog,pool14mma26pz4v888lrxtlzm22vjd68h5hd89kj7jaag6knx7x3k5ed,TRT,TotalReturn-Staking,1,1,116833274186,116833.274186,14,318
2026-06-11T13:49:05Z,abcde_forensics_stage_founders_depth14,iog,pool1zj4h7kc6v53q9r8x3fwzfuayf2frwme8u5k86gu0uzeeuvqxgul,,,75,39,116188437590,116188.43759,11,632
2026-06-11T13:49:05Z,abcde_forensics_stage_founders_depth14,iog,pool1ld9hkah2dkzh73pvh9tf6xr0x28us34msv3zcv2sase5vhvq962,KOPI,KOPI 咖啡 Singapore,135,73,115942853454,115942.853454,11,549
2026-06-11T13:49:05Z,abcde_forensics_stage_founders_depth14,emurgo,pool16kus5xvdysgmtjp0hhlwt72tsm0yn2zcn0a8wg9emc6c75lxvmc,EDEN,Garden Pool,22,3,114483880168,114483.880168,13,564
2026-06-11T13:49:05Z,abcde_forensics_stage_founders_depth14,emurgo+iog,pool1z7n2ruhmxmv77f6cqhd3wsy6774h2wuay77agxuf2y9mj8q55vw,1PCT2,"1 Percent Pool #2 (v1)",20,8,114083763028,114083.763028,13,357
2026-06-11T13:49:05Z,abcde_forensics_stage_founders_depth14,iog,pool1ua0lx5ap5tj9f5l7tyjflp766ca5yu93djh5hqvm4e0kjgw5k7v,1PCT6,"1 Percent Pool #6 (v1)",34,26,113087444709,113087.444709,12,525
2026-06-11T13:49:05Z,abcde_forensics_stage_founders_depth14,iog,pool1zk6uxgptztrxxamzd0ugrtu84xg8mjymd2xcdvxqazpruqt9r3x,OCEA1,ADA Ocean One,46,28,112365436313,112365.436313,12,371
2026-06-11T13:49:05Z,abcde_forensics_stage_founders_depth14,iog,pool1u0mc9ywfxl529atxyajuz3pgqnwgnk6w7lejjmjg22ucvn7z9vh,NERD,Nerd Stake Pool,41,30,112167060915,112167.060915,12,366
2026-06-11T13:49:05Z,abcde_forensics_stage_founders_depth14,iog,pool1g5gmej3cj67td4pmvmacnls8nuq0gjld2pwfeg3jwpxujdx6lmu,,,38,26,112031332203,112031.332203,11,317
2026-06-11T13:49:05Z,abcde_forensics_stage_founders_depth14,iog,pool1wwzctexlp70mj00vv65mlhwhwresn58s9x7jl4tswvkg77eu7n7,UKADA,UKADA,64,44,111918257561,111918.257561,11,449
2026-06-11T13:49:05Z,abcde_forensics_stage_founders_depth14,emurgo+iog,pool1cn0dqtplwf67fds40hgkf0u5rm4q4azev5qutmgkw5hdyvue2ue,NEDS2,NEDSCAVE.IO,3,3,111283053755,111283.053755,12,433
2026-06-11T13:49:05Z,abcde_forensics_stage_founders_depth14,iog,pool1gas95lqlch5pj5e4lwg78gxlq7km9xfurfd557x4tgwk5kktd04,NEDS3,NEDSCAVE.IO,23,13,110702834493,110702.834493,13,441
2026-06-11T13:49:05Z,abcde_forensics_stage_founders_depth14,iog,pool1arsqn9w87wpqlm0sre66gs79dcs0jmwulytgke3vut7u62lttu7,LATIN,Latino_Staking_Pool,69,33,110691029051,110691.029051,10,374
2026-06-11T13:49:05Z,abcde_forensics_stage_founders_depth14,iog,pool1mut4phum9hegtl8m2r68gpjh5x8w8t6zwf75zrphhp3qwwrrpgt,,,76,51,110348493554,110348.493554,11,477
2026-06-11T13:49:05Z,abcde_forensics_stage_founders_depth14,iog,pool12mmcc4rc2fzfv7gyv8h06nvnsrm3m7erzdv8x6gzvjxlu2lf09n,1PCT3,"1 Percent Pool #3 (v1)",8,5,110220349168,110220.349168,10,631
2026-06-11T13:49:05Z,abcde_forensics_stage_founders_depth14,iog,pool1zkdc6ve9nndk7vxnjlalhqt4hr5h8auz5qzjk7lrjrqtv23yuy5,CLOVR,CloverNodes,46,23,109873927739,109873.927739,13,541
2026-06-11T13:49:05Z,abcde_forensics_stage_founders_depth14,iog,pool1yt868wrp9s2x5pehe96del9m3nwasme62yw02vww3kg6zwzspcz,XRAY3,XRAY | Network,40,31,108239648524,108239.648524,11,418
2026-06-11T13:49:05Z,abcde_forensics_stage_founders_depth14,emurgo+iog,pool195gdnmj6smzuakm4etxsxw3fgh8asqc4awtcskpyfnkpcvh2v8t,SUNNY,Sunshine Stake Pool,15,14,107985532391,107985.532391,12,330
2026-06-11T13:49:05Z,abcde_forensics_stage_founders_depth14,iog,pool1dj4l8qma9zzqqzhsawdkvxrs7qyqyv70kn56ywdqqazscvcqvva,K9K,Chicago Public Pool,17,5,107184725298,107184.725298,10,269
2026-06-11T13:49:05Z,abcde_forensics_stage_founders_depth14,emurgo,pool142xwjhpcvtp7tahpmn8tlnek7smefp9wn66z67j8vjpmjxqdg56,EDEN,Garden Pool Five,2,2,105507310295,105507.310295,14,421
2026-06-11T13:49:05Z,abcde_forensics_stage_founders_depth14,emurgo,pool1qzlwlpcsgflr9z3f24fg836tyq45p0kf5cnrp20s8v0psp6tdkx,BCSH0,Blue Cheese Stakehouse,9,1,105223559414,105223.559414,14,210
2026-06-11T13:49:05Z,abcde_forensics_stage_founders_depth14,iog,pool1sm2kmdn4f9rat3kl67y9drqcnnqc34zg4f4ufmnrfaj45gcv89d,LTES,Let Them Eat Stake,6,5,104772214919,104772.214919,13,324
2026-06-11T13:49:05Z,abcde_forensics_stage_founders_depth14,iog,pool18zn7wa345uytjgds9hypn3jugnzqtfm4cny7anskkcmgwwxtwca,1PCT7,"1 Percent Pool #7 (v2)",13,9,104626769901,104626.769901,9,615
2026-06-11T13:49:05Z,abcde_forensics_stage_founders_depth14,iog,pool1jhzf2mm6zdlhl6w89uhgx8nq8p6ykcc86qq58vjy0ejyxrrksfj,LOVE,StakeLove,54,27,103626985746,103626.985746,11,578
2026-06-11T13:49:05Z,abcde_forensics_stage_founders_depth14,iog,pool1qqenhz258k5k9nyjull6gkzg7s4f3ae8v7qxwpegeef9v0nsy3e,CHRTY,Charity pool,11,8,103389510960,103389.51096,11,627
2026-06-11T13:49:05Z,abcde_forensics_stage_founders_depth14,iog,pool1fyp482ntshhm9zfz4nv7pmsaeakscf5mnuzcxuvtqf6t56fc7l0,KYSN,KysenPool Thunder,89,50,102810361223,102810.361223,10,300
2026-06-11T13:49:05Z,abcde_forensics_stage_founders_depth14,iog,pool1s2rj8t2a5tfv0rpsfak77g03h96uv3rqxp62t6jm3dh45g2e2pj,CRD,Cardan.io,31,20,102604307035,102604.307035,12,425
2026-06-11T13:49:05Z,abcde_forensics_stage_founders_depth14,iog,pool1gu33fszp9ek0w9fkdt2xpnp4vznvvv2vhktc0dypa8fr53lc9pc,TESLA,Arcadia's TESLA Pool,6,4,101955230669,101955.230669,13,385
2026-06-11T13:49:05Z,abcde_forensics_stage_founders_depth14,iog,pool15zn2lqq4849ujttuthaycpamnyr8ae9k2pn2fkrlfzzsx4ek0tc,LABO,ADA Labo,61,47,101829045511,101829.045511,11,264
2026-06-11T13:49:05Z,abcde_forensics_stage_founders_depth14,iog,pool1t8gjk7jzvujfv9s8q992e6s7tp8na0q3j62g7s4ppzfmccus4jk,DEAD,[DEAD]POOL,37,22,101682919405,101682.919405,11,490
2026-06-11T13:49:05Z,abcde_forensics_stage_founders_depth14,emurgo,pool16ajaae2n5lsyr4f9k9uz5y8tpf0996tw640dzu7chwp2wdrnz6a,BLADE,BLADE Pool,4,2,101029570573,101029.570573,13,450
2026-06-11T13:49:05Z,abcde_forensics_stage_founders_depth14,iog,pool1axeed9wqmyvm8ttgdkpazx5dr0e6ezhucnzarpua0zpdg8ycqwl,,,1,1,100496838386,100496.838386,14,250
2026-06-11T13:49:05Z,abcde_forensics_stage_founders_depth14,emurgo+iog,pool17ahr5ygy48vpdfnatqn2z4wfu2te4quapk2yx3k50ce6kd7feg0,ST3AK,Steak.and.ADA,25,14,99553639934,99553.639934,12,580
2026-06-11T13:49:05Z,abcde_forensics_stage_founders_depth14,iog,pool1jst7rrhucnp93hepezv5yqy6fx982xs2v0udwfc5ea6my3kfak7,ESTK,Everstake,228,126,99437792926,99437.792926,11,522
2026-06-11T13:49:05Z,abcde_forensics_stage_founders_depth14,iog,pool1egunxfppwtglyu3t864uq76y0zu05s7pjda3e9g95nwlwc5ye2h,AUSST,Aus Staker,14,7,98905799310,98905.79931,12,287
2026-06-11T13:49:05Z,abcde_forensics_stage_founders_depth14,iog,pool1429egqgv60r3nxlp6cvs08qcffv7duddjvyjd0pt6wzhj7akda8,NASEC,NASEC pool,8,5,98644549488,98644.549488,12,267
2026-06-11T13:49:05Z,abcde_forensics_stage_founders_depth14,iog,pool1fg42yz0qpu5jd0gd3g5xty4mm6jdxkje8szag8h798nyyxw6zd3,CCJ3,CCJ3,3,3,98085433244,98085.433244,14,243
2026-06-11T13:49:05Z,abcde_forensics_stage_founders_depth14,iog,pool1s6x6kltycpxq82hyqhlqllqj3q5l2m8w499gvtu4xrfv29c0q2q,LOOT,Loot Pool,102,66,97729366689,97729.366689,11,293
2026-06-11T13:49:05Z,abcde_forensics_stage_founders_depth14,iog,pool154hq0j6u6ydz62mtlu7xaj78mhreyp0zsv2kq7f0qmne2fu4t7y,CTEC,CTEC Stake Pool,2,2,97606060215,97606.060215,12,543
2026-06-11T13:49:05Z,abcde_forensics_stage_founders_depth14,iog,pool1du3r4a7xq60hg2x0wcz7lw5ya3qs74rk258c8kanp93rsqdqu45,,,31,11,97495044070,97495.04407,12,585
2026-06-11T13:49:05Z,abcde_forensics_stage_founders_depth14,iog,pool1qku2yhky7sv4dfjfv42uyvauhehuqevk25aw952d7ulzqzx3jcu,ASPEN,Aspen Pool by Woodland Pools,65,25,97187049962,97187.049962,12,631
2026-06-11T13:49:05Z,abcde_forensics_stage_founders_depth14,iog,pool1jufp9k6gmyusvch65ra8yk2s7wu6cx5fsgnltl83p93ejg6h3xg,FUND,Cardanode: 0.00% Fee & 100% Rewards Guaranteed,23,18,95951834083,95951.834083,12,473
2026-06-11T13:49:05Z,abcde_forensics_stage_founders_depth14,iog,pool1dmqzwuql5mylffvn7ln3pr9j7kh4gdsssrmma5wgx56f6rtyf42,BNTY1,Cryptobounty1,23,16,94860488712,94860.488712,11,434
2026-06-11T13:49:05Z,abcde_forensics_stage_founders_depth14,iog,pool1zc7vxe3ymyej76h8wu8gm79chtt7w9c3adkza4uhrjvagr9w4zp,KRSNA,✨Krishna Stake Pool by Kaizen Crypto,59,44,94207826800,94207.8268,11,534
2026-06-11T13:49:05Z,abcde_forensics_stage_founders_depth14,iog,pool1xlphlhnjvfeh40vcqf9fdewztsj6kyxq6604kaccpv00umjfu0d,FISH,stakefish,156,89,93288459642,93288.459642,11,380
2026-06-11T13:49:05Z,abcde_forensics_stage_founders_depth14,iog,pool1pmm654jfx088td54ekkkd0j28x6r5gnjdhnutzggursrxjnpk2y,EMUR4,EMURGO 4,74,36,93131791685,93131.791685,12,591
2026-06-11T13:49:05Z,abcde_forensics_stage_founders_depth14,iog,pool1jx4ss2zjage3cw0wht3450328y82yeprmq4fr3e2qtac2rhezkv,ZZZ5,ZZZ5,11,6,92514518305,92514.518305,12,256
2026-06-11T13:49:05Z,abcde_forensics_stage_founders_depth14,iog,pool1x0qm7xsyh2za3ltprxsgael544je4hg8tc3q3v5gv232z8jt4wp,PPCX1,P2P & CEX,117,77,92000465047,92000.465047,10,332
2026-06-11T13:49:05Z,abcde_forensics_stage_founders_depth14,iog,pool1gr5pa4shzsyefw445qrpn5pxnuxa8tuev0jquz04acdx6efjpvg,,,11,8,91389510516,91389.510516,13,318
2026-06-11T13:49:05Z,abcde_forensics_stage_founders_depth14,iog,pool1spus7k8cy5qcs82xhw60dwwk2d4vrfs0m5vr2zst04gtq700gjn,ZZZ4,ZZZ4,6,5,91250336660,91250.33666,13,340
2026-06-11T13:49:05Z,abcde_forensics_stage_founders_depth14,emurgo+iog,pool1qqqqpanw9zc0rzh0yp247nzf2s35uvnsm7aaesfl2nnejaev0uc,TITAN,TITANstaking,39,8,91213650188,91213.650188,11,523
2026-06-11T13:49:05Z,abcde_forensics_stage_founders_depth14,iog,pool1ywt7jqfsmxg0yplku4mtdwtm476rp72z6fns9mhevf7u72pkupj,UNIQ,Unique,11,4,91032119227,91032.119227,11,263
2026-06-11T13:49:05Z,abcde_forensics_stage_founders_depth14,iog,pool1r55hyfrd3tw6nzpkvf4rfceh2f04yph92fc462phnd0akp2s5r6,COFFE,CoffeePool☕️,15,9,90879125389,90879.125389,12,555
2026-06-11T13:49:05Z,abcde_forensics_stage_founders_depth14,iog,pool1sysgx87cwxnqy0pqn8g97gdhd0dmre9rw3jvpn2k7apuwa7cgkn,EVE6,Everstake Partner,24,18,89613709446,89613.709446,13,621
2026-06-11T13:49:05Z,abcde_forensics_stage_founders_depth14,iog,pool1vnsfv2qpt5gxte9prupjey8kw7ap7t6c8lc02ks4s3gtqplhgd3,1PCT4,"1 Percent Pool #4 (v1)",22,17,89129404646,89129.404646,12,289
2026-06-11T13:49:05Z,abcde_forensics_stage_founders_depth14,emurgo+iog,pool1ctzja2cdwyeqnvehmrlclc5wrn9w9acwklk3acn73jrx56d66vs,OCEA2,ADA Ocean Two,3,3,88731752091,88731.752091,13,338
2026-06-11T13:49:05Z,abcde_forensics_stage_founders_depth14,emurgo+iog,pool13hxlxd6qa68fmfhrvvmasa0mjg30tj9p5v2lmgmgsmrp2rgzkfp,dtDn,dataDyne.earth,15,1,88365017723,88365.017723,13,556
2026-06-11T13:49:05Z,abcde_forensics_stage_founders_depth14,iog,pool1vkngxunyagwen690yn36pa2v6jecyxgeavl9nva9dwzhu22fzt7,LOVE2,Love2Stake: 0.00% Fee & 100% Rewards,7,5,87821993870,87821.99387,13,346
2026-06-11T13:49:05Z,abcde_forensics_stage_founders_depth14,iog,pool17qvfg2g843gw6lurru282kkex6vp3pyj6zwj99j4u6k7zvmva5a,1PCT4,"1 Percent Pool #4 (v2)",39,20,87337869818,87337.869818,11,367
2026-06-11T13:49:05Z,abcde_forensics_stage_founders_depth14,iog,pool19uynx6nxcdksmaqdcshjg487fap3rs3axyhrdqa7gdqgzgxss4y,JAPAN,JAPAN,3,3,87199746200,87199.7462,14,255
2026-06-11T13:49:05Z,abcde_forensics_stage_founders_depth14,iog,pool1ev8fwfccn8gr0zcz3uyps0t0mcrefc6s95wjc6aed3ngc86y5rk,ZEIT,Zeitgeist Cardano Pool,29,17,87126536093,87126.536093,13,608
2026-06-11T13:49:05Z,abcde_forensics_stage_founders_depth14,emurgo+iog,pool1w8ham64lthvzzxzn5hknq4yrj8xt2nark409s2xmntlwvt4ag3r,1PCT7,"1 Percent Pool #7 (v1)",39,3,85605019330,85605.01933,12,458
2026-06-11T13:49:05Z,abcde_forensics_stage_founders_depth14,iog,pool1pemnlylem2e94xguhd3fytj90848kpv4agvr6rthx2tp58z79ek,ACL,A CardanoLand pool ACL,25,15,85083739341,85083.739341,12,525
2026-06-11T13:49:05Z,abcde_forensics_stage_founders_depth14,iog,pool1s0cfkzheywsftgwp0yz7sq4rt5gyf7t5kfwj5a269kpxvndjn6q,OCEA5,ADA Ocean Five,38,28,84811174459,84811.174459,9,612
2026-06-11T13:49:05Z,abcde_forensics_stage_founders_depth14,iog,pool1ezh8sewqgzy7267yvy0jssz8q7amce37x3dhmfl22j8lwz6wjrd,DAN2,Cardano Dan's Stake Pool,33,23,84654653861,84654.653861,12,306
2026-06-11T13:49:05Z,abcde_forensics_stage_founders_depth14,emurgo+iog,pool104avq7309gjm0fxms69yqusxy8zf888k4mamngg5vnc6vculpzq,NUFIB,Nu.Fi & AdaLite B,14,14,84478884837,84478.884837,11,286
2026-06-11T13:49:05Z,abcde_forensics_stage_founders_depth14,iog,pool1tqywsutw3wtgcvzrljdacgwmv5kfzm8f0ladml5frkckccd72gg,FBSD,The FreeBSD Stake Pool,1,1,84203405607,84203.405607,13,267
2026-06-11T13:49:05Z,abcde_forensics_stage_founders_depth14,emurgo,pool1qqqyv9pn9typyqwcxqk5ewpxy5p27g5j2ms58hpp2c2kuzs5z77,ANGEL,ANGEL stake pool,3,3,84023038598,84023.038598,14,294
2026-06-11T13:49:05Z,abcde_forensics_stage_founders_depth14,iog,pool1vxvdypctdecvc2j7xu9y8h2fdxvkpjy2pp8luwg2h6dx5jlv0nk,COOL,COOL,48,26,83685966560,83685.96656,13,634
2026-06-11T13:49:05Z,abcde_forensics_stage_founders_depth14,iog,pool15v22rpfg6qx9l0gx0m955gfv7tes0jpa9sy0gjs3a04lv6x9jdr,,,20,17,82501771025,82501.771025,12,634
2026-06-11T13:49:05Z,abcde_forensics_stage_founders_depth14,iog,pool1whmm0hkxunyhxsr6dfjpx2tpvd05qhev820lx9vcmvqa5wjc6nh,1COMM,One Community ADA,35,20,81620511779,81620.511779,11,545
2026-06-11T13:49:05Z,abcde_forensics_stage_founders_depth14,iog,pool1fh4sh2telea0tfdy39h0drx6uq566yt9gf24edpz7335sclx39z,CANUK,Cardano Canucks Pool,52,26,80831430431,80831.430431,11,373
2026-06-11T13:49:05Z,abcde_forensics_stage_founders_depth14,iog,pool17dag45ldepvckqdxvvppwdy4w8qczsz0awtutqyj2pzashn3ds2,,,21,14,80187398595,80187.398595,12,260
2026-06-11T13:49:05Z,abcde_forensics_stage_founders_depth14,cf,pool195gdnmj6smzuakm4etxsxw3fgh8asqc4awtcskpyfnkpcvh2v8t,SUNNY,Sunshine Stake Pool,1,1,79029000000,79029.0,13,280
2026-06-11T13:49:05Z,abcde_forensics_stage_founders_depth14,cf,pool1sjwdmeme5zs042jzwmdvxshhv27kepxke0mr02f2yzacsyd4wtu,CCV,(Crypto Capital Venture),1,1,79024831199,79024.831199,14,269
2026-06-11T13:49:05Z,abcde_forensics_stage_founders_depth14,emurgo+iog,pool1djg8jsygtculv3q2qdrxtnpxfq003pdxcvlw2pvfupq7jm5xpgp,ADAAP,ADA ALPHA POOL,4,3,78797580543,78797.580543,12,293
2026-06-11T13:49:05Z,abcde_forensics_stage_founders_depth14,emurgo+iog,pool1l5kwfudnqrhw3k4lwzcppu36nun9puvvr7xnanuz8a2zx4jaek5,ADOPT,ADOPTion Stake Pool,36,12,78696508953,78696.508953,10,252
2026-06-11T13:49:05Z,abcde_forensics_stage_founders_depth14,iog,pool1h3aejp7fln74mwaraqjn65ve3j5zwqr7wk0pasct87wpkv0aspm,BEAST,BEAST Pool,3,2,76953759107,76953.759107,14,278
2026-06-11T13:49:05Z,abcde_forensics_stage_founders_depth14,iog,pool15yyxtkhz64p7a8cnax9l7u82s9t9hdhyxsa3tdm977qhgpnsuhq,SECUR,ONE SecureStaking.io,119,64,76760074635,76760.074635,9,572
2026-06-11T13:49:05Z,abcde_forensics_stage_founders_depth14,iog,pool1xftlxx9slpz59thcgtwgdj3k9e0ntn3p4qnmzs3r84dkx0hccjc,SPS5,StakePool Service No.5,16,11,76485689063,76485.689063,11,405
2026-06-11T13:49:05Z,abcde_forensics_stage_founders_depth14,iog,pool1fmgus36uc0jf0wlspfvzwfn04mz34kwrensmqgfzkv7t58dejw4,GRAB,We are Grabbers,17,11,76167133448,76167.133448,11,261
2026-06-11T13:49:05Z,abcde_forensics_stage_founders_depth14,iog,pool1030vz0wxheg0dvarr8hmeavelpszmp52qucs68c7wc9uga6n6e4,ROMER,ROMER,27,22,76144393553,76144.393553,13,268
2026-06-11T13:49:05Z,abcde_forensics_stage_founders_depth14,emurgo+iog,pool1mqy259k253xryf4hvdq0n72n2uvadcgp34r0fxwpqzm0z5n0qp6,SPS4,StakePool Service No.4,5,5,76035517515,76035.517515,12,256
2026-06-11T13:49:05Z,abcde_forensics_stage_founders_depth14,iog,pool1vafsg5t78rnx3qr3fv7ys9h50pnvxqhd4l8tj629l5zk7tc39ch,,,41,29,75702178431,75702.178431,12,317
2026-06-11T13:49:05Z,abcde_forensics_stage_founders_depth14,iog,pool19ht066hngsjfnv3mfsc8u9fgzl4w5qcrmh8l6zppwph6s2t7jn4,4GOOD,4GOOD Stake Pool,26,12,74755371779,74755.371779,10,261
2026-06-11T13:49:05Z,abcde_forensics_stage_founders_depth14,iog,pool1ytszp582dm9u5un6mevt9czgcnuqhflwfr9ly4ukpeqcughryqh,LEGA,LegaSystems,25,10,74194066837,74194.066837,10,255
2026-06-11T13:49:05Z,abcde_forensics_stage_founders_depth14,iog,pool18zf8txwv8lmtpq2src8wrhz0pjut5qft8h5tfxnctwc95r7jvvj,Malu,Maluiin,30,20,74117316856,74117.316856,13,634
2026-06-11T13:49:05Z,abcde_forensics_stage_founders_depth14,iog,pool1g0nq3m3fnvd245k4favcvutn09vce0yshg535f68d2xa54vy0cc,1PCT3,"1 Percent Pool #3 (v2)",32,13,72685061374,72685.061374,10,321
2026-06-11T13:49:05Z,abcde_forensics_stage_founders_depth14,iog,pool15s7w4spg5ee7n7rprhs0dq78plw2mhjkpu5v97uvl27gz2way7z,BALNC,Balance Stake Pool,43,19,72499782862,72499.782862,13,632
2026-06-11T13:49:05Z,abcde_forensics_stage_founders_depth14,iog,pool1uq8l234306m76unyz8kuwnkvmtvazaks6vuvyx3a3khngavvcw0,PLTUS,"💰 Plutus Staking #1 💰",99,53,72465359411,72465.359411,11,585
2026-06-11T13:49:05Z,abcde_forensics_stage_founders_depth14,iog,pool1ufp38a9zwlvvrzcyxaxdrvav50nd7az5lyuzh4t0h3qp2gqamsx,CAFE2,CardanoCafe Two,53,19,71970574368,71970.574368,12,538
2026-06-11T13:49:05Z,abcde_forensics_stage_founders_depth14,iog,pool1jg3fmnmc9n52sgzslhhvhye5e3xeqmrwkekdhh82sma47r47zg0,NUFI3,Nu.Fi & AdaLite 3,34,23,71741554730,71741.55473,11,423
2026-06-11T13:49:05Z,abcde_forensics_stage_founders_depth14,iog,pool1fxmancs3dmc9l0s7u7zrj8334m9nvzam5t5hnuuf4c7cjr6867m,CONGE,Congee Pool,69,53,71099286991,71099.286991,11,364
2026-06-11T13:49:05Z,abcde_forensics_stage_founders_depth14,emurgo+iog,pool16fyda57p3c8gp5r6gmcq5tvqsp6mnzwvkxswgznkuh8wztrp6vv,HRMS,"Hermes Stakepool Germany #1",7,6,70616179590,70616.17959,11,586
2026-06-11T13:49:05Z,abcde_forensics_stage_founders_depth14,iog,pool1hw3cgyx7tvxh2fpd46k9sqgruu5pfnzt4nxuyv2w7nlmusutda2,THREE,THREE Pool,4,4,69301770743,69301.770743,13,258
2026-06-11T13:49:05Z,abcde_forensics_stage_founders_depth14,iog,pool1nhd907krga9dh69kf0jg4tl0764rravepy337gptvsknxyyx94k,TOPO⚡,TOPO⚡ Pool,55,34,69199408571,69199.408571,11,282
2026-06-11T13:49:05Z,abcde_forensics_stage_founders_depth14,iog,pool1pk8mzy6c7ef6m3qxc9gg6flec96pcn4sdd6maakkweyf5whuuu7,,,49,37,69139969153,69139.969153,12,384
2026-06-11T13:49:05Z,abcde_forensics_stage_founders_depth14,iog,pool1rjxdqghfjw5rv6lxg8qhedkechvfgnsqhl8rrzwck9g45n43yql,XRAY1,XRAY | Network,45,38,68837441731,68837.441731,12,591
2026-06-11T13:49:05Z,abcde_forensics_stage_founders_depth14,iog,pool16tcjctesjnks0p8sfrlf8f3d3vrp2fdn2msy80sgg3cdjtayu3z,TAPSY,TapTap Vienna,55,41,68325725234,68325.725234,11,356
2026-06-11T13:49:05Z,abcde_forensics_stage_founders_depth14,emurgo+iog,pool1xmsdhync6k6grkkj7tuycskjpseykpr24luhlazl5nsngsy87gm,EVE3,Everstake,12,8,67876966568,67876.966568,12,257
2026-06-11T13:49:05Z,abcde_forensics_stage_founders_depth14,iog,pool126mkma8nv5axltmz7mmg8qz9e70nmhnf58hwx5772fhwgkhk6ag,NAP,NAP-Nekota ADA Pool,13,5,67665589824,67665.589824,13,325
2026-06-11T13:49:05Z,abcde_forensics_stage_founders_depth14,iog,pool1cunvnkjkzh2lna593sjmkylcr3r5rmxdpr8r9u6pfuer72p24x4,,,53,40,67613508325,67613.508325,10,563
2026-06-11T13:49:05Z,abcde_forensics_stage_founders_depth14,iog,pool14skj6e4rpjanzclx3fc880xnl8xafgg63tmw93t9xspvwx985qu,EVRST,Everstake,85,46,66179748701,66179.748701,12,587
2026-06-11T13:49:05Z,abcde_forensics_stage_founders_depth14,emurgo,pool1pshqcksxywy68lt04lw6uf35f4yssekh5dx2mxqmyrukke2z5y3,ACL,A CardanoLand pool ACL,4,2,66159338387,66159.338387,13,259
2026-06-11T13:49:05Z,abcde_forensics_stage_founders_depth14,iog,pool13pt7us94nw782t5v4d89sz8zqn8hcn8r8r7hhph5mvxvvp3c76v,DIGI6,Digital Fortress,26,15,65909889039,65909.889039,11,633
2026-06-11T13:49:05Z,abcde_forensics_stage_founders_depth14,iog,pool1jjry6f6q0swaq457ft9eclaxaskvrxnpj0v3w8edsyfryml3vj6,STACK,ADASTACK,62,34,65518035933,65518.035933,10,604
2026-06-11T13:49:05Z,abcde_forensics_stage_founders_depth14,iog,pool1a600v0jd2z3yajazd80phln3exekumm7g56d9yvlrh6vx8dx2fc,POP3,POP3,6,4,64320379000,64320.379,13,287
2026-06-11T13:49:05Z,abcde_forensics_stage_founders_depth14,iog,pool1u99x2rr6trfznwakv0959llmxmtgc2nvanc067uugl3ejuvvnc8,,,72,46,64192481995,64192.481995,11,317
2026-06-11T13:49:05Z,abcde_forensics_stage_founders_depth14,iog,pool1tpr44v3pxth9j0ff246dvsryxpanxwx52f024ws3ecvn72sgv55,,,20,8,64142109020,64142.10902,12,594
2026-06-11T13:49:05Z,abcde_forensics_stage_founders_depth14,emurgo,pool1x0qm7xsyh2za3ltprxsgael544je4hg8tc3q3v5gv232z8jt4wp,PPCX1,P2P & CEX,3,3,63707478780,63707.47878,11,248
2026-06-11T13:49:05Z,abcde_forensics_stage_founders_depth14,iog,pool1qgmwcxs8d8qmr0vtvsqd9u8gugrventh5dcqukmu79e2sgfuu8t,CLAY,CLAY,65,31,62002932986,62002.932986,12,592
2026-06-11T13:49:05Z,abcde_forensics_stage_founders_depth14,emurgo,pool1p9sjhjx0v3k76wvgdqu7jcks2ra48wqlhc6g0mkewd25k3zcymy,WA2,Watashitachi2,1,1,61474709196,61474.709196,14,327
2026-06-11T13:49:05Z,abcde_forensics_stage_founders_depth14,iog,pool1q7wrwstqkzhrffdzpw8ftfd4epmxywdjnp8384atjcnezchv242,SPEC,Spectrum Pool,19,7,61442792086,61442.792086,12,377
2026-06-11T13:49:05Z,abcde_forensics_stage_founders_depth14,iog,pool1y53awxsm6cmksp8qht8qfq5f5c69t6mrgrdcresk5y0ecv2yj93,RAMEN,RAMEN by 🥝Kiwipool Staking,84,42,61165765695,61165.765695,12,392
2026-06-11T13:49:05Z,abcde_forensics_stage_founders_depth14,iog,pool19f6guwy97mmnxg9dz65rxyj8hq07qxud886hamyu4fgfz7dj9gl,BERRY,Berry,51,36,60982206794,60982.206794,11,620
2026-06-11T13:49:05Z,abcde_forensics_stage_founders_depth14,iog,pool104gtn3hvp9lz5l6wevhjj98e45s7rfaa4zzvk9pex7nn786qncr,PILOT,Pilot Pool 2,41,25,60851208823,60851.208823,12,523
2026-06-11T13:49:05Z,abcde_forensics_stage_founders_depth14,iog,pool1ljywsch33t7gaf02aeeqkqpuku0ngpwl9fm04t7u5sl5xyunmgp,AUTO,AutoStake II,46,30,60713834895,60713.834895,11,595
2026-06-11T13:49:05Z,abcde_forensics_stage_founders_depth14,emurgo,pool13hxlxd6qa68fmfhrvvmasa0mjg30tj9p5v2lmgmgsmrp2rgzkfp,dtDn,dataDyne.earth,14,2,60523336728,60523.336728,14,591
2026-06-11T13:49:05Z,abcde_forensics_stage_founders_depth14,iog,pool1e2tl2w0x4puw0f7c04mznq4qz6kxjkwhvuvusgf2fgu7q4d6ghv,DEV,Development Stake Pool,9,4,60298177266,60298.177266,13,595
2026-06-11T13:49:05Z,abcde_forensics_stage_founders_depth14,iog,pool1r0sxz0hygfc0266lhdclve6j3cwcwlth6dya6uey65yxjnwm7qc,BURN,BURN Pool,13,6,60199168098,60199.168098,11,603
2026-06-11T13:49:05Z,abcde_forensics_stage_founders_depth14,iog,pool1efxh54fk0dj5uu2e4eu08klxl5ys3saphv3kec33kw3xv8738sc,KRONO,🔱Kronos Stake Pool by Kaizen Crypto,69,41,59523334649,59523.334649,12,327
2026-06-11T13:49:05Z,abcde_forensics_stage_founders_depth14,iog,pool10efuydxjnasr0309lqklmj9xahupdnzqd59r5dqjeh4twz06tr0,F4ADA,Friends4ADA,14,9,59417389926,59417.389926,11,634
2026-06-11T13:49:05Z,abcde_forensics_stage_founders_depth14,iog,pool1dy7tz7eyf2qal2jcns4qwm4xqn34gc4rj9dz34kfs6zuju477k7,CSP,Capital Stake Pool - live long and prosper.,23,15,58948297815,58948.297815,12,374
2026-06-11T13:49:05Z,abcde_forensics_stage_founders_depth14,iog,pool1vqjyjsp6dawkj8tzmfpu39hvgnkph99qzarw4dll6yq76gpaa4d,,,5,1,58381900000,58381.9,13,375
2026-06-11T13:49:05Z,abcde_forensics_stage_founders_depth14,iog,pool1d3gckjrphwytzw2uavgkxskwe08msumzsfj4lxnpcnpks3zjml3,CRFA,Cardano Fans,21,14,57892620197,57892.620197,11,525
2026-06-11T13:49:05Z,abcde_forensics_stage_founders_depth14,iog,pool1j3umdcuxcewcxz98wm3sx5xqwgxx0v7z376xyjfq4jgejpvv8fz,MASTR,Masterstake,12,9,57733846688,57733.846688,13,318
2026-06-11T13:49:05Z,abcde_forensics_stage_founders_depth14,iog,pool18j287g2sccele52hhxc0csk2ghfghwndqm9yahdqnhjks840wtq,APE,ADA Ape Pool,13,6,56451972971,56451.972971,11,334
2026-06-11T13:49:05Z,abcde_forensics_stage_founders_depth14,iog,pool1j6dh3ynys827j38976q0q3s3c9hpzgx40kjcq4472h6m7d3t0hm,KIND,"KIND, The Charitable Pool",33,20,56425120707,56425.120707,12,400
2026-06-11T13:49:05Z,abcde_forensics_stage_founders_depth14,emurgo+iog,pool1w7c2j0px43jmudhf48ezp7dy8j7904c9l3wc7809lhh2z026hch,STAT,AdaStat Pool,8,7,56375950236,56375.950236,10,437
2026-06-11T13:49:05Z,abcde_forensics_stage_founders_depth14,iog,pool1tpy5yawzpetcverves0h6xdycxgrstehfvrkygydt9jcqxwpw3j,MANA,MANA,32,21,56342898739,56342.898739,12,573
2026-06-11T13:49:05Z,abcde_forensics_stage_founders_depth14,emurgo+iog,pool1lhz4gsk5ezdl5s4mv2kxgrkhzzhad6me2v0xmwuyt845vensdlc,SECUR,TWO SecureStaking.io,5,4,56067598758,56067.598758,12,350
2026-06-11T13:49:05Z,abcde_forensics_stage_founders_depth14,iog,pool1qzlw7den2mlj0fmm65g0fnf46vyhzkhmdaf0f8v3s6skuue6rlk,BCSH4,Blue Cheese Stakehouse,30,19,55648051802,55648.051802,11,525
2026-06-11T13:49:05Z,abcde_forensics_stage_founders_depth14,emurgo,pool1qku2yhky7sv4dfjfv42uyvauhehuqevk25aw952d7ulzqzx3jcu,ASPEN,Aspen Pool by Woodland Pools,2,2,55020500000,55020.5,14,605
2026-06-11T13:49:05Z,abcde_forensics_stage_founders_depth14,iog,pool1vtpn0drn5t39frknedmqq2jkhsfstwketsnvdm7cjzz674s30v2,BLISS,Bliss Staking,54,28,54306396320,54306.39632,12,603
2026-06-11T13:49:05Z,abcde_forensics_stage_founders_depth14,emurgo,pool19asxjgd6ah9ddzauwede4wpt9vsp6s4ax5nz297wt47evc9sn7z,,,7,4,54088334143,54088.334143,12,450
2026-06-11T13:49:05Z,abcde_forensics_stage_founders_depth14,iog,pool1lp9wmr8dkcceta5we999nvlfh9um06cd6sggtt5523eawf7mtg4,YYG,YOYOGI POOL,29,9,54078789093,54078.789093,12,581
2026-06-11T13:49:05Z,abcde_forensics_stage_founders_depth14,iog,pool1j099ctc7kcc9fa78dz5qwsy2g0n96lrgletwxvxmyzh4zd7ck0j,PRIDE,Stake with Pride - Hosky ISPO,17,10,53597612582,53597.612582,11,601
2026-06-11T13:49:05Z,abcde_forensics_stage_founders_depth14,emurgo+iog,pool1yvf4nxph69ztm0tgj73ummxq45kfjhecyad26e3xc2002xgzalg,CCV4,"(Crypto Capital Venture) #Pool5",6,6,52218926162,52218.926162,12,524
2026-06-11T13:49:05Z,abcde_forensics_stage_founders_depth14,emurgo+iog,pool12vs4c3cm0tr49c7alrevfs0xa5g3s4al4fn46h33e69uusat04v,BLOOM,Bloom,11,9,52050850014,52050.850014,12,318
2026-06-11T13:49:05Z,abcde_forensics_stage_founders_depth14,emurgo,pool1psk0c2p7pwactw00nkzjexdw0msn7g8nddc06eyvds6yswr3tjg,ITC2,"Into the Cryptoverse #2",10,4,51665231008,51665.231008,14,347
2026-06-11T13:49:05Z,abcde_forensics_stage_founders_depth14,iog,pool12yscr8j3zs34ewxrwlk0p2w5uvgcnrzywpp78ddjsj8kxd530f9,GERO2,Gero Labs,49,35,51661716078,51661.716078,12,378
2026-06-11T13:49:05Z,abcde_forensics_stage_founders_depth14,emurgo+iog,pool13annzt9hjfc822f0ejvxjf7fsmxd6cc28whpk5kagec6ggfmm7u,STSH3,"Stake Shark #3",36,31,51469184201,51469.184201,11,332
2026-06-11T13:49:05Z,abcde_forensics_stage_founders_depth14,iog,pool1vc8jp7uagxgh8trzx7r260ndcydz89ges8sws05cyv7jj8q8gqs,OCEA3,ADA Ocean Three,39,31,50740517258,50740.517258,13,579
2026-06-11T13:49:05Z,abcde_forensics_stage_founders_depth14,iog,pool127xwsah7jllutuhen8vl7sve5278h7hhxtnys3cl438dyhuwgjg,ARTZ,ARTZ Pool,25,12,50593681106,50593.681106,11,337
2026-06-11T13:49:05Z,abcde_forensics_stage_founders_depth14,emurgo+iog,pool1a23gmvalpdams9d42t7fur8vmknzjv7wd3nsvuvrc7dv66lnau0,AOS,Army of Spies,6,4,50375155331,50375.155331,12,468
2026-06-11T13:49:05Z,abcde_forensics_stage_founders_depth14,iog,pool1lhgjma5lejn65er7lxfsqxa0lgcv9r9wrntse9wjm834qp89chh,,,107,75,50266326826,50266.326826,11,360
2026-06-11T13:49:05Z,abcde_forensics_stage_founders_depth14,emurgo,pool1a23gmvalpdams9d42t7fur8vmknzjv7wd3nsvuvrc7dv66lnau0,AOS,Army of Spies,1,1,50241000000,50241.0,14,599
2026-06-11T13:49:05Z,abcde_forensics_stage_founders_depth14,iog,pool1a44zldps27avv82mamm2lj33mrrkqdzt39nyrgn5dkk3jtm0wrp,,,1,1,50219570000,50219.57,12,254
2026-06-11T13:49:05Z,abcde_forensics_stage_founders_depth14,emurgo,pool104avq7309gjm0fxms69yqusxy8zf888k4mamngg5vnc6vculpzq,NUFIB,Nu.Fi & AdaLite B,1,1,49918670000,49918.67,14,337
2026-06-11T13:49:05Z,abcde_forensics_stage_founders_depth14,iog,pool1smy2r8jdvgna5ykhe8rrch7h4qalyfafyzyh0rmanmq0jxptww7,ZZZ3,ZZZ3,14,9,49758833296,49758.833296,13,590
2026-06-11T13:49:05Z,abcde_forensics_stage_founders_depth14,iog,pool1ty7lh3nvtwxlcpqg2x30fkr3j9ys6nprztr9m4zp3aajxyjk2vz,BEAVR,Beaver Pool!,45,23,49727606592,49727.606592,11,405
2026-06-11T13:49:05Z,abcde_forensics_stage_founders_depth14,emurgo,pool1lfvzgsrghmugvpym868mh29288ez0nncz680mamzjygu2jpuwcd,NORTH,"#3 Nordic Pool",3,1,49208880146,49208.880146,12,579
2026-06-11T13:49:05Z,abcde_forensics_stage_founders_depth14,iog,pool1hnp560z9e5acwux8tjguxq36j9r255zuf02u7z2d46dvcf5zhns,LCP,LovelaceCommunityPool,51,26,48950281925,48950.281925,12,635
2026-06-11T13:49:05Z,abcde_forensics_stage_founders_depth14,iog,pool1lr5ku0p3jhykdf3a2kcr0tyra30qvzrtl02dr6uyv98rxdsy3k9,STAKE,🌍 PLANETSTAKE 2,40,27,48677649182,48677.649182,12,298
2026-06-11T13:49:05Z,abcde_forensics_stage_founders_depth14,iog,pool1z9m2kxeat06t30yf6ar7sqpert0cjdgxzcv2dv36dcwcqcqtgk4,,,18,14,48628555385,48628.555385,11,513
2026-06-11T13:49:05Z,abcde_forensics_stage_founders_depth14,emurgo+iog,pool1pnzwgsgzd6t4788sfr7dxjyusepyq9xaxnpyfcngewqf29t9ayd,PHRCK,Staking Rocks!,34,30,48612252911,48612.252911,10,258
2026-06-11T13:49:05Z,abcde_forensics_stage_founders_depth14,emurgo+iog,pool1urgvu6zk422j4xwtxa45lzpd6dm25msfthpkezr042secrtuwzc,CCV1,"(Crypto Capital Venture) #Pool2",7,7,48590124334,48590.124334,12,331
2026-06-11T13:49:05Z,abcde_forensics_stage_founders_depth14,iog,pool1qzlwlpcsgflr9z3f24fg836tyq45p0kf5cnrp20s8v0psp6tdkx,BCSH0,Blue Cheese Stakehouse,37,25,48523460306,48523.460306,12,584
2026-06-11T13:49:05Z,abcde_forensics_stage_founders_depth14,iog,pool14u30jkg45xwd27kmznz43hxy596lvrrpj0wz8w9a9k97kmt4p2d,,,51,17,48116502348,48116.502348,12,457
2026-06-11T13:49:05Z,abcde_forensics_stage_founders_depth14,emurgo+iog,pool103455uc7a3477q8pdmzvny884qtlv9vhm2csxvqx2cadwuk36sq,EDEN,Garden Pool Two,11,10,47727853228,47727.853228,11,435
2026-06-11T13:49:05Z,abcde_forensics_stage_founders_depth14,iog,pool1jsxk3ymqv2gdc6mhqk52544g2aun4zhq5wgx6n32l5s3jlne70n,AKYO,AKYO🥁,1,1,47632000000,47632.0,14,287
2026-06-11T13:49:05Z,abcde_forensics_stage_founders_depth14,iog,pool1dhf4dt395f0c0ujnscazvzvw73ynzgwvtf5k4y9c907hwjdyaq4,JSP,ADA HARVEST Staking Pool,5,3,47477965972,47477.965972,13,276
2026-06-11T13:49:05Z,abcde_forensics_stage_founders_depth14,iog,pool1ecvcst7k9eul4ggnljh0jw2s5nc2tyfmyzsx3xg3kmmz6ptgfwj,NUFI2,Nu.Fi & AdaLite 2,44,34,47405984853,47405.984853,10,591
2026-06-11T13:49:05Z,abcde_forensics_stage_founders_depth14,iog,pool1ksazs9mzcuyr3mfrvw48dc5wkgsjceztakymmv7jpxle7l2nfs0,TOAST,TOASTY POOL,43,31,47369466845,47369.466845,11,276
2026-06-11T13:49:05Z,abcde_forensics_stage_founders_depth14,emurgo+iog,pool1xxhs2zw5xa4g54d5p62j46nlqzwp8jklqvuv2agjlapwjx9qkg9,SWIM,The Swimming Pool,8,8,47159529144,47159.529144,10,289
2026-06-11T13:49:05Z,abcde_forensics_stage_founders_depth14,iog,pool19kfm6lz5uw7nylq27swr367mqdycmug7tve94l6h3xsz64seqtc,,,1,1,46776283157,46776.283157,14,617
2026-06-11T13:49:05Z,abcde_forensics_stage_founders_depth14,iog,pool14mm59ntjqzphjr6chrww639cdr3yjce4qcwzc5jkk38y22u7uc6,ZZZ2,ZZZ2,7,4,46453837253,46453.837253,13,325
2026-06-11T13:49:05Z,abcde_forensics_stage_founders_depth14,iog,pool1afv4cmmjdkujtd5r9t63090a3frwwqy8f3e46gz003vyzjcj63r,,,50,37,45937906432,45937.906432,11,257
2026-06-11T13:49:05Z,abcde_forensics_stage_founders_depth14,emurgo+iog,pool1a2nh3ktswllhwf07fjahpdg5mpqyq7j950pyftq9765r6t4cefl,OCEAN,ADA Ocean,10,5,45935842528,45935.842528,12,253
2026-06-11T13:49:05Z,abcde_forensics_stage_founders_depth14,iog,pool1wjsshqjpl3n6zlscnfvyy9gxklkav2dvfyprfye6l0kewyvv6yj,SAFE,🔒{SAFE}STAK,2,1,45440139588,45440.139588,13,253
2026-06-11T13:49:05Z,abcde_forensics_stage_founders_depth14,emurgo+iog,pool192pfftt48zc4x5aellvpufk6l6zxllpldw0rx82vrhqrqfhhqs2,EMUR5,EMURGO 5,3,2,44497601900,44497.6019,11,528
2026-06-11T13:49:05Z,abcde_forensics_stage_founders_depth14,emurgo,pool1tdsrw0n33gmy0mzh7cgtn9p0jy5xwjxaa2s26gn2ewf8kg4nrzx,CAFE,CardanoCafe,6,2,43988004793,43988.004793,13,561
2026-06-11T13:49:05Z,abcde_forensics_stage_founders_depth14,emurgo+iog,pool1m4enp55hp80tf6xl7k6f6593wnyu3pr83xfvef9x3ktdw9m0em5,AZUR2,AzureADA2,11,8,43502900175,43502.900175,12,317
2026-06-11T13:49:05Z,abcde_forensics_stage_founders_depth14,iog,pool1we9umarzn0l6jp8mcm98y28lxuuzcurzpjldnjwtgdhgw068mnr,,,2,1,43440089538,43440.089538,14,396
2026-06-11T13:49:05Z,abcde_forensics_stage_founders_depth14,iog,pool1qqqqzyqf8mlm70883zht60n4q6uqxg4a8x266sewv8ad2grkztl,FROG,ADAfrog 🐸,41,28,43325476452,43325.476452,11,320
2026-06-11T13:49:05Z,abcde_forensics_stage_founders_depth14,iog,pool18l6lvx95vl5p88zfh7xjkx073s9gufpz4sa5q43fu7auqunjhg3,,,6,2,43246078136,43246.078136,13,255
2026-06-11T13:49:05Z,abcde_forensics_stage_founders_depth14,iog,pool1jql92je87mrx5gpjhmwr6a8a766cktcf5p0p8wd0wxq87nu80yf,DIGI5,Digital Fortress,18,14,43041599468,43041.599468,12,317
2026-06-11T13:49:05Z,abcde_forensics_stage_founders_depth14,iog,pool16knnvtezwzmgpnu8v03wht6y4u7mwfc7qz6y2yk62w4as4qymat,LAMB,Lambda StakePool,69,44,42831315392,42831.315392,12,267
2026-06-11T13:49:05Z,abcde_forensics_stage_founders_depth14,iog,pool1qzlw7z5mutmd39ldyjnp8n650weqe55z5p8dl3fagac3ge0nx8l,BCSH,Blue Cheese Stakehouse,35,26,42806385334,42806.385334,12,580
2026-06-11T13:49:05Z,abcde_forensics_stage_founders_depth14,emurgo+iog,pool1uyvyxt9k9g038h567x8halej4x87j7m4r4zyz9lhv4dcv83husk,BLOOM,Bloom Four,14,9,42658913289,42658.913289,11,318
2026-06-11T13:49:05Z,abcde_forensics_stage_founders_depth14,iog,pool12vyqstpuv48tgs2ygf57npl6phzscrfll46lyq6tw4l4xknp54k,,,1,1,42370576225,42370.576225,14,270
2026-06-11T13:49:05Z,abcde_forensics_stage_founders_depth14,iog,pool1g8y2gz4sk7xhyaj469jlj3njyu5dlvqa7t7v9c2gk0yc69879z8,1PCT0,"1 Percent Pool #0 (v2)",34,20,42288240388,42288.240388,11,273
2026-06-11T13:49:05Z,abcde_forensics_stage_founders_depth14,iog,pool1ey0gxeyesszrsshc6zjlzamr7z0f2d29e3ut0ppg4j4gxduyn5r,KYBBN,KentuckyBourbon,2,2,41985580000,41985.58,13,269
2026-06-11T13:49:05Z,abcde_forensics_stage_founders_depth14,emurgo+iog,pool10akpqvczl93ep4rc59c0aqyn3dm0env2ydysuwmdm670wl24pd8,,,9,9,41963106563,41963.106563,12,320
2026-06-11T13:49:05Z,abcde_forensics_stage_founders_depth14,iog,pool1ddgcpgjcyawxw95se9x8qnc8gxgwjr4fqrk4vk6v9x47s0ggpjp,1PCT8,"1 Percent Pool #8 (v1)",30,22,41916628241,41916.628241,12,261
2026-06-11T13:49:05Z,abcde_forensics_stage_founders_depth14,iog,pool1xkwnlr34tjrnkz6u4c0p36cju3xuls4dyynsdkf6cv22ksuhz6q,EMUR2,EMURGO 2,43,20,41632062630,41632.06263,12,538
2026-06-11T13:49:05Z,abcde_forensics_stage_founders_depth14,iog,pool1g6g2d09le8hd6nv9jhyavewdnw8tu0ndst4lqysd00ru24cav0a,ONYX,"ONYX Stake Pool #2",42,25,41429807778,41429.807778,12,343
2026-06-11T13:49:05Z,abcde_forensics_stage_founders_depth14,iog,pool10eltx2wej46e62ulmwzm35xfu0azu47yvpjper7gwhncqe74vg6,CHIL,Chile_Stake_po,68,38,41224067301,41224.067301,12,598
2026-06-11T13:49:05Z,abcde_forensics_stage_founders_depth14,iog,pool1xrrrr8gldqz8pjxj6j8c638a9py04xuv66kfgn2dlsx9g52te0t,JP3,JAPAN3,3,2,41056891820,41056.89182,12,212
2026-06-11T13:49:05Z,abcde_forensics_stage_founders_depth14,iog,pool10ljdn3zwsh7vjkxf6t250423l5qy487x83st7m8a53jxznrkw5g,,,6,5,41043783182,41043.783182,13,260
2026-06-11T13:49:05Z,abcde_forensics_stage_founders_depth14,iog,pool14dswwngc8j92uek927jced2lfc7c4pa4ss9gry9nu9rhkc7a055,,,2,2,41039681176,41039.681176,14,445
2026-06-11T13:49:05Z,abcde_forensics_stage_founders_depth14,emurgo+iog,pool19ht066hngsjfnv3mfsc8u9fgzl4w5qcrmh8l6zppwph6s2t7jn4,4GOOD,4GOOD Stake Pool,3,2,40814205952,40814.205952,12,250
2026-06-11T13:49:05Z,abcde_forensics_stage_founders_depth14,iog,pool1cf7mqj0xd8z4jqhr7nf565mxuvepk8euv5t6ehmuwe49kfz9llr,TOKAI,Tokai Stake Pool,19,6,40731973845,40731.973845,13,505
2026-06-11T13:49:05Z,abcde_forensics_stage_founders_depth14,iog,pool136q98jnwt093qle4ph86vdpuwplg7gyvt20h2nq4m6ksv8xjcuj,,,4,2,40457277967,40457.277967,13,582
2026-06-11T13:49:05Z,abcde_forensics_stage_founders_depth14,iog,pool1qzlw76zztkg02rywyypyw6s0gtkg2zpkaxhl6cq7eauqg8h9659,BCSH6,Blue Cheese Stakehouse,8,6,40097394286,40097.394286,13,328
2026-06-11T13:49:05Z,abcde_forensics_stage_founders_depth14,iog,pool1rvjj8cp3urh7de07pm0ceqha2x4lxws69lhd4429dm6djfjsy4l,DINO,Cardino Stake Pool,9,4,39631890691,39631.890691,13,407
2026-06-11T13:49:05Z,abcde_forensics_stage_founders_depth14,iog,pool1rmpv0h0pecysach8tj06vxx9wku2pdm74mk9cunx759v58q0hu2,SASA,SASA Stake Pool,7,2,39486771799,39486.771799,13,545
2026-06-11T13:49:05Z,abcde_forensics_stage_founders_depth14,iog,pool1k99yncea8tq9pfeks3yymyj6fwjf4apx0s490j09m4y66vtyufr,PUMP,ADA TO THE MOON,3,3,39356216384,39356.216384,13,298
2026-06-11T13:49:05Z,abcde_forensics_stage_founders_depth14,emurgo+iog,pool1hht4pctn70tqdsd0zwuxv8d8cz6l5scjzaquty7vamyzy78eqvc,ACL,A CardanoLand pool ACL,13,3,39306678981,39306.678981,13,303
2026-06-11T13:49:05Z,abcde_forensics_stage_founders_depth14,iog,pool1wxn9nsl8rvxa6r8e5eaak0ml6etfxnz2n9vqrmsw5nzgyexgkrn,,,43,28,39301274022,39301.274022,11,323
2026-06-11T13:49:05Z,abcde_forensics_stage_founders_depth14,iog,pool18rhzlrv83a7ygj7cp5uv8dx07qkn5drhe8nh6f3qvhv66xcyj2m,SIPO2,SITION POOL2,32,15,39156946965,39156.946965,12,364
2026-06-11T13:49:05Z,abcde_forensics_stage_founders_depth14,emurgo+iog,pool1qfxukshs4fkcrflzdnxa2fdza5lfvew3y6echg8ckaa4q8m5hyf,NEDS1,NEDSCAVE.IO,13,12,39023568669,39023.568669,12,266
2026-06-11T13:49:05Z,abcde_forensics_stage_founders_depth14,iog,pool1cq25dmlt5974x8tqg3e4dlzvrxefcce2atpnwlfp7ad5ugec9fp,BEAST,BEAST Pool,9,7,38716927525,38716.927525,13,362
2026-06-11T13:49:05Z,abcde_forensics_stage_founders_depth14,iog,pool18mege8wvzzdvh8cxx6ncnqyvacl4lxukw495c87xmz8qcdl6lj8,1PCT6,"1 Percent Pool #6 (v2)",33,21,38646361418,38646.361418,12,347
2026-06-11T13:49:05Z,abcde_forensics_stage_founders_depth14,emurgo+iog,pool1s6se64qce5rjjjhh6ufcdnc54p8qg78mlhjm38lymx99sqysvzx,PAUL1,Cardano With Paul ☘️,55,49,38544863272,38544.863272,10,582
2026-06-11T13:49:05Z,abcde_forensics_stage_founders_depth14,iog,pool1heks0vmxkfka2amg9c8yn8qdsxvgmzelfx6jhpfkj8ht5mn0r2m,ADA,Cardano24,13,9,38237802489,38237.802489,12,474
2026-06-11T13:49:05Z,abcde_forensics_stage_founders_depth14,iog,pool17ynruzy9lvq0x55ks22vtf4lrrdrw2ucydh4tfzhg9kkyeaw8nf,ASN,AdaStarNode,84,50,38070309162,38070.309162,12,529
2026-06-11T13:49:05Z,abcde_forensics_stage_founders_depth14,iog,pool1qvvn2l690zm3v2p0f3vd66ly6cfs2wjqx34zpqcx5pwsx3eprtp,VIPER,"🐍Viper Stake Pool #2",29,20,37891970790,37891.97079,12,525
2026-06-11T13:49:05Z,abcde_forensics_stage_founders_depth14,emurgo+iog,pool1qwa8x4u4a2pff0xdv0haxpgk3tyrvl5adl2lpf3ztcftqruhea0,ELITE,01  ▫  Elite Stake Pool,6,5,37802018277,37802.018277,11,256
2026-06-11T13:49:05Z,abcde_forensics_stage_founders_depth14,emurgo,pool19w5khsnmu27au0kprw0kjm8jr7knneysj7lfkqvnu66hyz0jxsx,ATAD2,ATADA-2 Stakepool in Austria,13,1,37395446164,37395.446164,14,558
2026-06-11T13:49:05Z,abcde_forensics_stage_founders_depth14,iog,pool1j8grqucdwwcr0cwzxrtw30vqcptg0jdlrmauq5w7ytvqx6nf5np,VINCI,Da VINCI pool,6,5,37221812431,37221.812431,13,525
2026-06-11T13:49:05Z,abcde_forensics_stage_founders_depth14,iog,pool10p6wd9k0fwk2zqkqnqr8efyr7gms627ujk9dxgk6majskhawr6r,BBHMM,Blockchain Better Have My Money 💰,11,6,37083534858,37083.534858,13,453
2026-06-11T13:49:05Z,abcde_forensics_stage_founders_depth14,iog,pool19k4azhj8tye5wwy5pfj7q6m938m8fg5nglds5dkhtfwnvcg3s0k,,,3,3,36876099956,36876.099956,14,297
2026-06-11T13:49:05Z,abcde_forensics_stage_founders_depth14,iog,pool15nww4436eq733eypdq7vnllsnqyrwftw434xkvpm2mc2kfue2ux,SEED,Seed Pools,47,31,36386284342,36386.284342,11,303
2026-06-11T13:49:05Z,abcde_forensics_stage_founders_depth14,emurgo,pool16agnvfan65ypnswgg6rml52lqtcqe5guxltexkn82sqgj2crqtx,SPIRE,Spire Staking | 💎 Delegate to SPIR2,40,3,36259963485,36259.963485,13,557
2026-06-11T13:49:05Z,abcde_forensics_stage_founders_depth14,iog,pool1tdvqgy6mq7lx7d345e276xmgmhh3s4zj8dzu6xzq5m7rx4tzkg2,ONYX,"ONYX Stake Pool #3",29,14,36180726804,36180.726804,12,578
2026-06-11T13:49:05Z,abcde_forensics_stage_founders_depth14,emurgo,pool1s6se64qce5rjjjhh6ufcdnc54p8qg78mlhjm38lymx99sqysvzx,PAUL1,Cardano With Paul ☘️,35,7,36149541423,36149.541423,12,286
2026-06-11T13:49:05Z,abcde_forensics_stage_founders_depth14,iog,pool1dswpls43u0s6cpt0dh2d6npm0rnxh5qcjm9xax9y6fp3uq880xm,RELAY,Relay Stake Pool,26,9,36068351874,36068.351874,13,537
2026-06-11T13:49:05Z,abcde_forensics_stage_founders_depth14,emurgo,pool1pfprlfz0ywcnewjegazz05ghgcfkvu40v6edsz6yn8w362sdjr8,ADI,Cardanesia,2,2,36000000000,36000.0,14,332
2026-06-11T13:49:05Z,abcde_forensics_stage_founders_depth14,emurgo,pool1jpz5m45ff4r6tnq7n5tw63fkhpmw3cyv8sn569w24x8lj3kl68c,ADP,Adapolis,1,1,35999000000,35999.0,14,244
2026-06-11T13:49:05Z,abcde_forensics_stage_founders_depth14,emurgo,pool1nudasuv0lljpe0tswcverqvlh0v4226vgnpsuxn0e9nkvnvcvne,STI,stakit.io Pool by TOBG,11,6,35852495818,35852.495818,13,297
2026-06-11T13:49:05Z,abcde_forensics_stage_founders_depth14,iog,pool19k9grwq9cdswn4k7vxzmwcls24jj3466g4s4xr5vucehcqpslfy,ADV4,ADAvault Stake Pool 4,5,3,35747726588,35747.726588,11,582
2026-06-11T13:49:05Z,abcde_forensics_stage_founders_depth14,iog,pool15mv5w2vvfv2kplkrt40ylylyvdudv5axq5nyw6ln3v0gkd2auew,NLD,DutchPool NLD,18,11,35552086499,35552.086499,11,348
2026-06-11T13:49:05Z,abcde_forensics_stage_founders_depth14,iog,pool1850xvydng5mkjzkwqw6566y7e6hsrgakc3y87jrnqrkrwdjua2p,BITA,BITA,12,4,35404588127,35404.588127,13,278
2026-06-11T13:49:05Z,abcde_forensics_stage_founders_depth14,iog,pool1hwlghkwnjsjk8370qt3dvp23d7urwm36f95fmxcz3np2kghknj9,PEGA,Pegasus,10,8,35371891853,35371.891853,11,476
2026-06-11T13:49:05Z,abcde_forensics_stage_founders_depth14,iog,pool1uqrecfnsa6pqd2tz60r0lcj4kunhc4rrw8lldrpdvfx9qfjd6n0,AMS,Amsterdam Node,8,4,35212008988,35212.008988,13,267
2026-06-11T13:49:05Z,abcde_forensics_stage_founders_depth14,emurgo,pool1f2wfjqkf2wx6jq93pdck6hgmy9zgw32lmvrq9zejl7scqxjqfze,,,1,1,35000000000,35000.0,14,496
2026-06-11T13:49:05Z,abcde_forensics_stage_founders_depth14,iog,pool1gpz25s2aasmqnh9tg8a2rxmyxuvmj5s779htxk295e9ajnzjflc,MUGGY,ADA's Digital GrandParent,6,3,34935035538,34935.035538,12,326
2026-06-11T13:49:05Z,abcde_forensics_stage_founders_depth14,cf,pool173mzegwuu0pjcrt60ekelzj5haqr8r5e4e0n45qh9jdz7xm5kh8,ROCKY,Rocky Mountain Pool,1,1,34777745451,34777.745451,14,214
2026-06-11T13:49:05Z,abcde_forensics_stage_founders_depth14,emurgo,pool17xextu09ghdfcmsq83whq0a45geg83jxe4qt94sevu087tzdzkl,ONYX,"ONYX Stake Pool #1",10,1,34682050227,34682.050227,14,431
2026-06-11T13:49:05Z,abcde_forensics_stage_founders_depth14,iog,pool1s3z5qsg75dar26ykyzcz2u8wc2swgq7pyp7f9sdh5n06qh3jhq2,1PCT1,"1 Percent Pool #1 (v1)",18,10,34662580169,34662.580169,13,256
2026-06-11T13:49:05Z,abcde_forensics_stage_founders_depth14,cf,pool1ksrg8a964464las0ymw88slrwxkychjz9lh09lqltu5m7nw3pq0,,,1,1,34644000000,34644.0,14,212
2026-06-11T13:49:05Z,abcde_forensics_stage_founders_depth14,iog,pool1zfhww5y28t303z6uyq3w47pkhfmxww9dsn89vrxteplg2zjkekl,CARE4,CARDANO REPUBLIC - BY CRYPTO JEROME (FRANCE),11,8,34457980404,34457.980404,12,325
2026-06-11T13:49:05Z,abcde_forensics_stage_founders_depth14,iog,pool1kjd9ff9u5ytq4atavv2dfsg3pvxqw8d50642pzmpn386zel0ka8,HASH,Hash Valley,4,2,34396479372,34396.479372,12,250
2026-06-11T13:49:05Z,abcde_forensics_stage_founders_depth14,emurgo+iog,pool1qqqqdktl6pq46td0mwut0qn30g7nlue0sete9wxl0hwsq37wrw8,STR8,Straight Pool,11,9,33904072252,33904.072252,11,295
2026-06-11T13:49:05Z,abcde_forensics_stage_founders_depth14,emurgo+iog,pool1aqg6fvhcaulvss2ruvpx6ur9vj7pejvdcxv6xp0qlwuwx94evf0,SARGA,SargatxetPool,29,26,33825975319,33825.975319,12,607
2026-06-11T13:49:05Z,abcde_forensics_stage_founders_depth14,emurgo+iog,pool12z39rkzfylvn9wfe8j6x9ucq6g2l4mw4azj70y0gd8ejczznyj3,BRAVO,Bravo pool,22,21,33804776316,33804.776316,12,474
2026-06-11T13:49:05Z,abcde_forensics_stage_founders_depth14,emurgo+iog,pool1sjwdmeme5zs042jzwmdvxshhv27kepxke0mr02f2yzacsyd4wtu,CCV,(Crypto Capital Venture),19,17,33666227898,33666.227898,11,317
2026-06-11T13:49:05Z,abcde_forensics_stage_founders_depth14,iog,pool137cuaqqktk0rhh3a9zj4rchr75qm07pgzgekprle5qyq2xk2nzq,,,5,5,33565872863,33565.872863,14,264
2026-06-11T13:49:05Z,abcde_forensics_stage_founders_depth14,iog,pool1h0prd5vcdv6uk7hglztdcqfp5czjqxdydxkxkdhg8rrk22mr4ym,,,10,6,33517888902,33517.888902,13,392
2026-06-11T13:49:05Z,abcde_forensics_stage_founders_depth14,iog,pool1q80jjs53w0fx836n8g38gtdwr8ck5zre3da90peuxn84sj3cu0r,000,Switzerland Investment,50,33,33328845723,33328.845723,11,573
2026-06-11T13:49:05Z,abcde_forensics_stage_founders_depth14,iog,pool18qahj5ggudguk69g9aaztf5dvapmazql4hdvd7v0947j7gy4wqf,TMS,Tempus,2,1,32547671128,32547.671128,14,527
2026-06-11T13:49:05Z,abcde_forensics_stage_founders_depth14,emurgo+iog,pool1zmfpd5r5vfwjmwm4cgy53exe58h7plnecny3t4948yw7zumzp4c,ALPS,ALPS - The Alpine Stake Pool,18,18,32445688948,32445.688948,11,269
2026-06-11T13:49:05Z,abcde_forensics_stage_founders_depth14,emurgo+iog,pool14zdcvdec8qmqzsat5wg3a2h9f0u5yzrgjew534z8u3gs5durnjz,PAUL,Cardano With Paul 2 ☘️,19,17,32267447187,32267.447187,12,526
2026-06-11T13:49:05Z,abcde_forensics_stage_founders_depth14,iog,pool1853ffwhtuka742fq4av7s3ssdpvzhdkpw53th3es36zkwrllj9g,ATLAS,"AtlasStakePool #2",46,22,31900236021,31900.236021,11,445
2026-06-11T13:49:05Z,abcde_forensics_stage_founders_depth14,iog,pool1qakys0fxx5p2fxcnsc2tyjpqa88q7qgtdh5t3a32hplv6fg25r9,DAPP,Dapp Central Stake Pool,49,18,31897371629,31897.371629,12,568
2026-06-11T13:49:05Z,abcde_forensics_stage_founders_depth14,iog,pool1ju8f57hyvaa32tp85r468kuedvmjmcy56f8u9968drea57p50l5,AICHI,Aichi Stake Pool,22,15,31566660641,31566.660641,12,539
2026-06-11T13:49:05Z,abcde_forensics_stage_founders_depth14,iog,pool1q5za50d3sr707xkmjtyrs0v76ezxyj8g8uhggfk0wfl77aufd9k,,,8,1,31285474211,31285.474211,11,323
2026-06-11T13:49:05Z,abcde_forensics_stage_founders_depth14,iog,pool1pf6yhzdr9vpct5rc3dtwersl4lyuglp80l4jc67kf2qj29xjg2u,TAVN,TAVN Viet Nam Stake Pool,28,19,31071111421,31071.111421,12,398
2026-06-11T13:49:05Z,abcde_forensics_stage_founders_depth14,iog,pool1xdgzul0qespnz56zzrckwf4hcryyql9ypc4tya2dlu9a22h43ag,,,10,5,31020237410,31020.23741,12,253
2026-06-11T13:49:05Z,abcde_forensics_stage_founders_depth14,iog,pool1c3ecg6h4m73a2mftmdm9mz3gxklxmnzuwzl9e38lzd4y26qcm8a,COSMC,Cosmic Asset Stake Pool,24,16,30530506620,30530.50662,11,315
2026-06-11T13:49:05Z,abcde_forensics_stage_founders_depth14,iog,pool1vl0hlf4jecm3rk0vcc9mtpu5us2cv7hzlz396cgs8crc5df43mn,,,1,1,30349000000,30349.0,14,259
2026-06-11T13:49:05Z,abcde_forensics_stage_founders_depth14,emurgo+iog,pool1afv4cmmjdkujtd5r9t63090a3frwwqy8f3e46gz003vyzjcj63r,,,4,4,30281755567,30281.755567,13,249
2026-06-11T13:49:05Z,abcde_forensics_stage_founders_depth14,emurgo+iog,pool1gtphgrdj8sluxm9e7ca2spcwcq2p0dxj9zf5v0yv3gsagzq704n,ADAFR,ADAFR,28,25,30150894605,30150.894605,10,561
2026-06-11T13:49:05Z,abcde_forensics_stage_founders_depth14,iog,pool1n2yp66zk6m33sg8k20hsvmk9tw7xeeswzdcfxhnx9hm9jkxv5k4,ONE1,ONE Pool,43,27,30144995952,30144.995952,12,617
2026-06-11T13:49:05Z,abcde_forensics_stage_founders_depth14,iog,pool1lrnyqdlrj97d0ju5j6d9xa8prw0xeyumfd53rz5wk3gf7czqzjz,TYGAR,Tygar,31,14,30143995794,30143.995794,11,373
2026-06-11T13:49:05Z,abcde_forensics_stage_founders_depth14,iog,pool1peayemzlkmcwn64c455mx8sxdaztq0xuv9hdxlp0kcsxz57up3z,,,1,1,30096769373,30096.769373,14,272
2026-06-11T13:49:05Z,abcde_forensics_stage_founders_depth14,iog,pool18ufrgfgmslekdxnk9v9345qvhrr7vfgzkvneqtwm7unnwaht6ww,OGAM,Ogam_Pool,17,11,30084727644,30084.727644,12,625
2026-06-11T13:49:05Z,abcde_forensics_stage_founders_depth14,emurgo+iog,pool1h0524mtazrjnzqh5e4u060jsfk8lpsqqjfpa5gygjwuhqu34wvt,JAZZ,JAZZ,1,1,30018000000,30018.0,14,267
2026-06-11T13:49:05Z,abcde_forensics_stage_founders_depth14,iog,pool15676jwlm6gancffzs2jg9vf5xwzmspyktw75dl4kaucyst4qt8q,RAMA,Rama DeFi Bangkok,1,1,30015268716,30015.268716,12,358
2026-06-11T13:49:05Z,abcde_forensics_stage_founders_depth14,iog,pool1utqhj9g53a5cwg7tyd8neky7jvjlgzuf470adc0e69cp5uuquzx,ZW3RK,Haskell CI Support Pool,11,9,29952815128,29952.815128,13,490
2026-06-11T13:49:05Z,abcde_forensics_stage_founders_depth14,emurgo+iog,pool1rct5guwnp6nk9f4ldn5tr3s42j0nm5rxeayv56lxua5ck47ex39,FIMI,Tai Chinh - Tam An,4,3,29787530509,29787.530509,12,253
2026-06-11T13:49:05Z,abcde_forensics_stage_founders_depth14,iog,pool1nhls8e9swnyshldgjknku4npreax075nw0ltrkmrarh4w3skxt9,DAN,Cardano Dan's Stake Pool,47,30,29699357552,29699.357552,12,311
2026-06-11T13:49:05Z,abcde_forensics_stage_founders_depth14,iog,pool1vvesqladm29fuzrv93px5qse0upw82a579lz9063xsfrz7yef7z,8SQRD,8SQRD Cardano Stake Pool,4,2,29572529433,29572.529433,13,270
2026-06-11T13:49:05Z,abcde_forensics_stage_founders_depth14,emurgo,pool1q8a7ym63gurl72wr32je0tv0lp4p2uh8vzzc6rn6un7ryslvqmu,LSSP,LoneStar Staking Pool,1,1,29566478831,29566.478831,14,386
2026-06-11T13:49:05Z,abcde_forensics_stage_founders_depth14,iog,pool15f9qklmaajysmwx9n3rkgc5s2g3rfffz4x8spnedtzdgq43tpe2,WEQNT,WeQanhet,22,14,29448976923,29448.976923,10,548
2026-06-11T13:49:05Z,abcde_forensics_stage_founders_depth14,iog,pool1ekhy5xsgjaq38em75vevk8df0k0rljju77tljw288ys5kumqce5,,,47,34,29396089435,29396.089435,12,366
2026-06-11T13:49:05Z,abcde_forensics_stage_founders_depth14,emurgo+iog,pool1xs34q2z06a46nk7hl48d27dj5gzc6hh9trugw2ehs9ajsevqffx,SNAKE,SN₳KE Cardano Staking,5,5,29388200341,29388.200341,12,547
2026-06-11T13:49:05Z,abcde_forensics_stage_founders_depth14,emurgo+iog,pool1fm57fshvdlrgs5pnpk78tnxha0me28equyy96vj0xm85gy5chv0,BANDA,banderini,10,8,29282841090,29282.84109,12,402
2026-06-11T13:49:05Z,abcde_forensics_stage_founders_depth14,iog,pool1xtrwqwu6jn896szjwsyxxjczl6hc9sq4lh5ax68f7dt3gc0y9rx,NERD2,Nerd Stake Pool,18,11,28721631056,28721.631056,12,326
2026-06-11T13:49:05Z,abcde_forensics_stage_founders_depth14,cf+iog,pool18vej0s9gska8c847aj95g9v24duuxg2g63d5cuqngnxew643jw9,ADV2,ADAvault Stake Pool 2,15,1,28681564662,28681.564662,11,320
2026-06-11T13:49:05Z,abcde_forensics_stage_founders_depth14,iog,pool1dmpzsnuwxy44ky3dskuhmwpglumy6j0rc5wyfxlu3zym798f79g,GENS2,Genius X 2,3,3,28398394421,28398.394421,14,338
2026-06-11T13:49:05Z,abcde_forensics_stage_founders_depth14,iog,pool10wcmpvjmmv7ph7cz2263f52yckvnnwu5kdppwqgu74s2qhe7l7m,4TUN8,4tun8,7,2,28387649726,28387.649726,12,259
2026-06-11T13:49:05Z,abcde_forensics_stage_founders_depth14,iog,pool1py2uxkvuj926h42s40wxl26dh0ggaq882v4m0hkd99m86vzmwnz,EARTH,EARTH,2,2,27849386686,27849.386686,10,248
2026-06-11T13:49:05Z,abcde_forensics_stage_founders_depth14,iog,pool1uzla0r73fvpnvxr07m98nfzlxcv3q26mkjz00cqjfh7uqsyjkju,1PCT1,"1 Percent Pool #1 (v2)",16,8,27721894349,27721.894349,10,472
2026-06-11T13:49:05Z,abcde_forensics_stage_founders_depth14,iog,pool1tcmk6at0dmkytxgq5j4u7fgsx9kytvfu7gz22lrs8hp9ztu7arw,RATS,RATS Pool,36,23,27460864005,27460.864005,12,608
2026-06-11T13:49:05Z,abcde_forensics_stage_founders_depth14,iog,pool1r7tn56lj5j7te7zyj3wvqn0wyw8tr3g96chw6lwnqxjmgggrfd8,,,13,7,27458906398,27458.906398,13,302
2026-06-11T13:49:05Z,abcde_forensics_stage_founders_depth14,emurgo+iog,pool1qa6lqyu67ghpa0evxfu9nzqkj3h82qpfku82ec79zdwru4pd25m,CNODE,Cardanode: 0.00% Fee & 100% Rewards Guaranteed,15,13,27254685296,27254.685296,12,329
2026-06-11T13:49:05Z,abcde_forensics_stage_founders_depth14,iog,pool1xn4kqt45xh3udf87kmtkdfz8xh9qn6trlqsf39eusk23ufmxhgr,,,19,10,26935627171,26935.627171,11,408
2026-06-11T13:49:05Z,abcde_forensics_stage_founders_depth14,emurgo,pool17ahr5ygy48vpdfnatqn2z4wfu2te4quapk2yx3k50ce6kd7feg0,ST3AK,Steak.and.ADA,8,3,26868045989,26868.045989,13,266
2026-06-11T13:49:05Z,abcde_forensics_stage_founders_depth14,iog,pool1vxz0deezj5c2950e7arpzfqxzq8zd9kawsullrzjw5rsq0yhxgr,ZZZ,ZZZ,5,5,26558309243,26558.309243,13,338
2026-06-11T13:49:05Z,abcde_forensics_stage_founders_depth14,emurgo,pool1xkwnlr34tjrnkz6u4c0p36cju3xuls4dyynsdkf6cv22ksuhz6q,EMUR2,EMURGO 2,2,2,26449238530,26449.23853,14,535
2026-06-11T13:49:05Z,abcde_forensics_stage_founders_depth14,emurgo+iog,pool1z5uqdk7dzdxaae5633fqfcu2eqzy3a3rgtuvy087fdld7yws0xt,OCTAS,OctasPool,6,6,26249573395,26249.573395,11,471
2026-06-11T13:49:05Z,abcde_forensics_stage_founders_depth14,iog,pool1hsq2jrulgj97tna2femdhsfn2wurkkwt8uk9uvs42h9zs0a783p,JAZZ3,JAZZ3,14,6,26194650829,26194.650829,14,537
2026-06-11T13:49:05Z,abcde_forensics_stage_founders_depth14,emurgo+iog,pool16hs0jxw7h6pwg3ru7rcq3yvg4csj7lhmcpj68kqem2sh5nt8mwk,NUFI7,Nu.Fi & AdaLite 7,27,24,26131912994,26131.912994,12,581
2026-06-11T13:49:05Z,abcde_forensics_stage_founders_depth14,emurgo,pool1zz7x8ergn02chznayj9fjds2gk5q6prmpdr49faspd65kzqsrjs,AUTO,AutoStake I,23,3,25966364398,25966.364398,13,343
2026-06-11T13:49:05Z,abcde_forensics_stage_founders_depth14,iog,pool1a8n7f97dmgtgrnl53exccknjdchqxrr9508hlxlgqp6xvjmzhej,HAPPY,HAPPY Staking 🥳 • Midnight 🕛,28,14,25899805122,25899.805122,12,589
2026-06-11T13:49:05Z,abcde_forensics_stage_founders_depth14,iog,pool1r5srulgd6gpav0sympqrkt9f4ykl06lh9sgk0p20r54v7759kws,DOG,DOG Pool,5,3,25779349972,25779.349972,13,278
2026-06-11T13:49:05Z,abcde_forensics_stage_founders_depth14,iog,pool1ar6nsa2uzng70uf8fdrttu5jhgxzgu2f4za8h845zr435nfcruw,1STEP,1STEP,7,7,25546241559,25546.241559,14,436
2026-06-11T13:49:05Z,abcde_forensics_stage_founders_depth14,iog,pool1qqvukkkfr3ux4qylfkrky23f6trl2l6xjluv36z90ax7gfa8yxt,STAKE,🌍 PLANETSTAKE 1,29,22,25516214305,25516.214305,12,495
2026-06-11T13:49:05Z,abcde_forensics_stage_founders_depth14,iog,pool15l4plz3r2lm5x48lz78ph7qh8w89zd7ewrg62gvwv7u7kw6tmns,,,1,1,25000000000,25000.0,13,251
2026-06-11T13:49:05Z,abcde_forensics_stage_founders_depth14,iog,pool1mt8sdg37f2h3rypyuc77k7vxrjshtvjw04zdjlae9vdzyt9uu34,ABLE,ABLE Stakepool in ⚜️Québec - 🍁Canada,22,10,24821980306,24821.980306,11,634
2026-06-11T13:49:05Z,abcde_forensics_stage_founders_depth14,iog,pool1pfdd8d8n7jx0xnk4uev3x36se87c747w6l2d5x7fanh5w9evhw2,BRAVO,Bravo pool Two,11,6,24594862573,24594.862573,12,518
2026-06-11T13:49:05Z,abcde_forensics_stage_founders_depth14,emurgo+iog,pool1cpr59c88ps8499gtgegr3muhclr7dln35g9a3rqmv4dkxg9n3h8,LACE,Open Source Software Fund,2,1,24031494073,24031.494073,12,335
2026-06-11T13:49:05Z,abcde_forensics_stage_founders_depth14,iog,pool1cduc7ut6grhqyavrmm3gzcdf4qfdsjk7vdwcxy9c0r5fyaxh2sq,POOLS,cexplorer.io,23,15,23644396478,23644.396478,10,528
2026-06-11T13:49:05Z,abcde_forensics_stage_founders_depth14,iog,pool1jpz5m45ff4r6tnq7n5tw63fkhpmw3cyv8sn569w24x8lj3kl68c,ADP,Adapolis,25,16,23466864115,23466.864115,12,431
2026-06-11T13:49:05Z,abcde_forensics_stage_founders_depth14,iog,pool155cu3s06js3llfh07vnzepatfuvt3s5s7uwldt9rzz55wz7pugt,SPS,StakePool Service,6,2,23282045389,23282.045389,13,271
2026-06-11T13:49:05Z,abcde_forensics_stage_founders_depth14,iog,pool1l0pmgdsymmdntuyan4snj88q8nm9axemwefu5ymkuq2s6gr90cn,SWIM2,The Swimming Pool,17,12,23268278119,23268.278119,11,304
2026-06-11T13:49:05Z,abcde_forensics_stage_founders_depth14,emurgo+iog,pool1lurfk0k0wwx54hlg8a7zp3jtstu57u59aeq7aketl55hknmmtu0,TNTM,TANTUM,20,15,23198465029,23198.465029,11,262
2026-06-11T13:49:05Z,abcde_forensics_stage_founders_depth14,iog,pool10qmnswfc22zm0fscg80gkwqz65ujwjkqmctv8g9l9l58wqtelgg,WAAUS,WAAUS,26,21,23197399725,23197.399725,12,489
2026-06-11T13:49:05Z,abcde_forensics_stage_founders_depth14,iog,pool1rcd7qslz3xnpnk9u6tcwegy5r2574uf8suqu24ptg637jha3sr5,NINI,Nielsen-Nielsen,16,11,22909590923,22909.590923,12,454
2026-06-11T13:49:05Z,abcde_forensics_stage_founders_depth14,iog,pool1dxkf7k3qwnpgpxqfye8y9jvk7lver3fk8dq7c4dpzezyyx8cf5c,SPACE,SPACE 0% fee,6,3,22843580584,22843.580584,13,251
2026-06-11T13:49:05Z,abcde_forensics_stage_founders_depth14,emurgo,pool1dmqzwuql5mylffvn7ln3pr9j7kh4gdsssrmma5wgx56f6rtyf42,BNTY1,Cryptobounty1,7,1,22814000098,22814.000098,13,630
2026-06-11T13:49:05Z,abcde_forensics_stage_founders_depth14,emurgo,pool13crd2ljx87988umk22er6ynwadfwdqupdpcq6prc6v59z62kxse,BLOOM,Bloom Six,1,1,22607196738,22607.196738,14,242
2026-06-11T13:49:05Z,abcde_forensics_stage_founders_depth14,iog,pool1668w66pcrdjmavz0c7vym7s4d3xm7578jy0fqzhk55677t4etud,KARMA,StakeADA Pool,9,3,22580165948,22580.165948,11,264
2026-06-11T13:49:05Z,abcde_forensics_stage_founders_depth14,emurgo+iog,pool1pshqcksxywy68lt04lw6uf35f4yssekh5dx2mxqmyrukke2z5y3,ACL,A CardanoLand pool ACL,10,9,22512532950,22512.53295,11,336
2026-06-11T13:49:05Z,abcde_forensics_stage_founders_depth14,iog,pool1qqq0c53vaf5ju0n3fvujmyxwca0yhp65930evw9lngmr5705csz,ANP,ADA NORTH POOL,26,13,22389984648,22389.984648,13,575
2026-06-11T13:49:05Z,abcde_forensics_stage_founders_depth14,emurgo,pool1ng3vqzrhn3z45yjdscv3q37n26g2pj3vp99rfkgv6225y8lqg8j,EVE2,Everstake,6,4,22365015423,22365.015423,12,268
2026-06-11T13:49:05Z,abcde_forensics_stage_founders_depth14,emurgo+iog,pool1jeu74g86ys4fekhykqcww99kdsq3nlym8a6kfw8s8ff3vskad70,KAIZN,Kaizen Crypto Stake Pool,17,14,22019534028,22019.534028,11,278
2026-06-11T13:49:05Z,abcde_forensics_stage_founders_depth14,emurgo,pool1z7n2ruhmxmv77f6cqhd3wsy6774h2wuay77agxuf2y9mj8q55vw,1PCT2,"1 Percent Pool #2 (v1)",3,2,22008722407,22008.722407,14,257
2026-06-11T13:49:05Z,abcde_forensics_stage_founders_depth14,iog,pool1qzlwlyu92fsx94qu6u5nw3sy334f5yat3dv3jgx0grrsv0kp422,BCSH1,Blue Cheese Stakehouse,23,11,21999393469,21999.393469,11,318
2026-06-11T13:49:05Z,abcde_forensics_stage_founders_depth14,emurgo+iog,pool1egunxfppwtglyu3t864uq76y0zu05s7pjda3e9g95nwlwc5ye2h,AUSST,Aus Staker,3,2,21958101195,21958.101195,12,266
2026-06-11T13:49:05Z,abcde_forensics_stage_founders_depth14,iog,pool1nkupy99hkqqqzdsenxrgenpf05auqa45e27tzlqqya70kjwjphn,MAX1,Stake with Max,10,3,21843871662,21843.871662,12,333
2026-06-11T13:49:05Z,abcde_forensics_stage_founders_depth14,emurgo,pool1fqwnqk3phwa2s5thgym8dw34pv0z67m526uqprnjh93cvzxymef,NUFI9,Nu.Fi & AdaLite 9,2,2,21811275153,21811.275153,14,289
2026-06-11T13:49:05Z,abcde_forensics_stage_founders_depth14,iog,pool1fuzqy5r9x98826zv6wp40tr27uplemmstkd57cuw8jh5v5m90vn,247,Staking 24/7,21,14,21463133696,21463.133696,13,524
2026-06-11T13:49:05Z,abcde_forensics_stage_founders_depth14,emurgo+iog,pool1uzla0r73fvpnvxr07m98nfzlxcv3q26mkjz00cqjfh7uqsyjkju,1PCT1,"1 Percent Pool #1 (v2)",1,1,21440568115,21440.568115,13,253
2026-06-11T13:49:05Z,abcde_forensics_stage_founders_depth14,iog,pool1k0xrqp03mn9u3q3sadndd6vu9udl5v38xpzyw0shm8sskuxw2av,JP2,JAPAN2,15,4,21439308784,21439.308784,11,284
2026-06-11T13:49:05Z,abcde_forensics_stage_founders_depth14,emurgo+iog,pool10tqeu6d03p6rnalqlvdshmpsljxaq2c0ww6draq6xm8lgyl2a3p,CASP,Cardaspians,2,2,21315926667,21315.926667,13,572
2026-06-11T13:49:05Z,abcde_forensics_stage_founders_depth14,iog,pool1jgwu8lq3dqddnnx7prymcgcyrqy0fdlghg33he2hmw9t2gma3zd,KIWI,KIWI¹ by 🥝Kiwipool Staking,21,16,21268680444,21268.680444,12,317
2026-06-11T13:49:05Z,abcde_forensics_stage_founders_depth14,iog,pool16wt6mzvytu9key68efv7cx6zfkqn0d9kzlnt746cyuv0zj3nxh8,BANAN,BananaBit Pool,4,3,21171287955,21171.287955,13,250
2026-06-11T13:49:05Z,abcde_forensics_stage_founders_depth14,iog,pool17taqml487n9t4r9a6ppvf9qv0qlw2lu4zcrzwfdsfcv6xp7uqym,PSB,PSILOBLOX,40,18,21162337721,21162.337721,12,592
2026-06-11T13:49:05Z,abcde_forensics_stage_founders_depth14,iog,pool18gysxqfwz4j8rm3vlh6677vs9n23prvfr7gwe88mhn5uudgx9ng,,,29,11,20991880685,20991.880685,12,574
2026-06-11T13:49:05Z,abcde_forensics_stage_founders_depth14,iog,pool1mcvq2z34f9cfdmkd97famsh20ekqtndw246ny5e8ug3mxfdf4zq,HIVE,HIVE,8,5,20965457633,20965.457633,12,527
2026-06-11T13:49:05Z,abcde_forensics_stage_founders_depth14,emurgo,pool1pp7tn2w6ken4rpfcjwcdup3g4m5gcdhc9lgvrm3mnxz5stmrhq2,CROW,Crowdano Stakepool,7,4,20954621709,20954.621709,13,416
2026-06-11T13:49:05Z,abcde_forensics_stage_founders_depth14,emurgo+iog,pool19w5khsnmu27au0kprw0kjm8jr7knneysj7lfkqvnu66hyz0jxsx,ATAD2,ATADA-2 Stakepool in Austria,13,13,20684250193,20684.250193,12,349
2026-06-11T13:49:05Z,abcde_forensics_stage_founders_depth14,iog,pool1qs6h0y7czzt605kptmrv6cr85kxd6tajr2hs0etvxphv7tr7nqu,,,39,25,20497536687,20497.536687,12,477
2026-06-11T13:49:05Z,abcde_forensics_stage_founders_depth14,emurgo+iog,pool147en6w8f9cplnn5x7qt4ese7fpacmmcwuffrtu0yqxpaz4agppr,STI2,stakit.io Pool 2 by TOBG,8,8,20444588585,20444.588585,11,518
2026-06-11T13:49:05Z,abcde_forensics_stage_founders_depth14,emurgo,pool1lqucyxuvjktfmpf7fd28j54cfgamyrxed344vnwlm9wqkwjeqwk,SPS3,StakePool Service No.3,7,2,20401148036,20401.148036,14,243
2026-06-11T13:49:05Z,abcde_forensics_stage_founders_depth14,iog,pool1whzghlghkuqn8qf3ehpm3a4rugv0xxmgzau43zqer2awy2rngef,,,3,2,20338775749,20338.775749,13,248
2026-06-11T13:49:05Z,abcde_forensics_stage_founders_depth14,iog,pool1lkpj6fa4l0sy39qfvyl4pcsnnd22y8np8j98vzwula2kuxgers4,JOY,JOY,24,19,20310153820,20310.15382,12,358
2026-06-11T13:49:05Z,abcde_forensics_stage_founders_depth14,emurgo+iog,pool18vej0s9gska8c847aj95g9v24duuxg2g63d5cuqngnxew643jw9,ADV2,ADAvault Stake Pool 2,11,11,20243623984,20243.623984,11,272
2026-06-11T13:49:05Z,abcde_forensics_stage_founders_depth14,emurgo,pool1qqqqqdk4zhsjuxxd8jyvwncf5eucfskz0xjjj64fdmlgj735lr9,ATADA,ATADA Stakepool in Austria,2,2,20230226499,20230.226499,14,242
2026-06-11T13:49:05Z,abcde_forensics_stage_founders_depth14,emurgo,pool1qfxukshs4fkcrflzdnxa2fdza5lfvew3y6echg8ckaa4q8m5hyf,NEDS1,NEDSCAVE.IO,1,1,20071112572,20071.112572,14,344
2026-06-11T13:49:05Z,abcde_forensics_stage_founders_depth14,emurgo,pool1l0m820vyqh5pp2yzpw973qzz23neqqd977u0uczh9fs9zqvg0je,,,1,1,19995823983,19995.823983,14,536
2026-06-11T13:49:05Z,abcde_forensics_stage_founders_depth14,iog,pool13k6tphjfsgqdq7h27p4x86ruchcdg2x073luw8pndh3ajxvwvja,,,2,2,19989674709,19989.674709,14,573
2026-06-11T13:49:05Z,abcde_forensics_stage_founders_depth14,emurgo+iog,pool14cteh4nuwyvqadavujaf8qy05g208y66ddmct4vwlzurj0zluet,NOBES,Crypto Nobes Official Stake Pool,2,2,19978612903,19978.612903,13,260
2026-06-11T13:49:05Z,abcde_forensics_stage_founders_depth14,iog,pool1wjext9skqge8x7z5asvvmezlal6npjk8v2aduavt6fehyzhnu5a,STI3,stakit.io Pool 3 by TOBG,12,10,19834640236,19834.640236,13,317
2026-06-11T13:49:05Z,abcde_forensics_stage_founders_depth14,emurgo+iog,pool15r7xg0vrrv2yu8wj3866eap8ftkuxvdk5rjz2lh4xajjq5v3p5d,NUFI0,Nu.Fi & AdaLite 0,3,3,19832316493,19832.316493,13,248
2026-06-11T13:49:05Z,abcde_forensics_stage_founders_depth14,iog,pool1g0hsnjnt0du3kp33gjua3npncngr3yg4ak2zfdhd4zvmy6r8hyd,EGGS,St₳ke and EGGS Stakepool,11,7,19720748614,19720.748614,13,266
2026-06-11T13:49:05Z,abcde_forensics_stage_founders_depth14,emurgo,pool1cunvnkjkzh2lna593sjmkylcr3r5rmxdpr8r9u6pfuer72p24x4,,,4,4,19663590739,19663.590739,14,542
2026-06-11T13:49:05Z,abcde_forensics_stage_founders_depth14,emurgo+iog,pool19asxjgd6ah9ddzauwede4wpt9vsp6s4ax5nz297wt47evc9sn7z,,,22,20,19531644066,19531.644066,12,557
2026-06-11T13:49:05Z,abcde_forensics_stage_founders_depth14,iog,pool1lqucyxuvjktfmpf7fd28j54cfgamyrxed344vnwlm9wqkwjeqwk,SPS3,StakePool Service No.3,22,12,19526754854,19526.754854,13,270
2026-06-11T13:49:05Z,abcde_forensics_stage_founders_depth14,iog,pool12jnulzs7j8lsku4r2a7q6tee6tt66872vwhqh8jxvgzn6837jtl,1JPN,日本壱プール,22,14,19392393666,19392.393666,12,409
2026-06-11T13:49:05Z,abcde_forensics_stage_founders_depth14,emurgo,pool12vs4c3cm0tr49c7alrevfs0xa5g3s4al4fn46h33e69uusat04v,BLOOM,Bloom,17,2,19136355495,19136.355495,14,256
2026-06-11T13:49:05Z,abcde_forensics_stage_founders_depth14,cf,pool1rvng7n968748udkc5rxy4h9zp9hms4s3jsfwuues76ft28uc056,DIGI,Digital Fortress,3,1,19107943003,19107.943003,14,210
2026-06-11T13:49:05Z,abcde_forensics_stage_founders_depth14,iog,pool1qq2vm2xpcj9kf42z4cnw3djancv48sx42chwvgxkjq85ceu8k0x,CROWN,CROWN Stake Pool,25,22,18942094680,18942.09468,12,277
2026-06-11T13:49:05Z,abcde_forensics_stage_founders_depth14,emurgo+iog,pool1ng3vqzrhn3z45yjdscv3q37n26g2pj3vp99rfkgv6225y8lqg8j,EVE2,Everstake,20,16,18900922068,18900.922068,10,254
2026-06-11T13:49:05Z,abcde_forensics_stage_founders_depth14,iog,pool15pmdr6nw3g6mmt7regefp2lrx3njah0gpwsnqm794c4wsr23062,METAX,MetaDEX.fi,11,7,18896485683,18896.485683,13,302
2026-06-11T13:49:05Z,abcde_forensics_stage_founders_depth14,iog,pool185ev4czpm5hc9xud25xlcz5lhpnl2jztqas6mgxujqke7j5mdzc,ALDIA,Cardano Al dia,18,8,18855577757,18855.577757,13,340
2026-06-11T13:49:05Z,abcde_forensics_stage_founders_depth14,iog,pool13wzpwavanfpkr4r4j30plrlc6dn6p822lkt22zdllmy7q8y7s90,CARBO,Carbonara,6,6,18797928309,18797.928309,12,260
2026-06-11T13:49:05Z,abcde_forensics_stage_founders_depth14,iog,pool15j6hdfel6c6zcr8gu39qgp5xkrs264yn9hm8ynhaydjtxvmznxq,ASKP,💡 ADA Skepsis 💡,28,16,18677836306,18677.836306,11,581
2026-06-11T13:49:05Z,abcde_forensics_stage_founders_depth14,iog,pool1k6jheduzrrahqc3nt3htpqhphne74l224fc45yqzqfg9j2j2qqc,,,2,2,18285502035,18285.502035,14,294
2026-06-11T13:49:05Z,abcde_forensics_stage_founders_depth14,emurgo+iog,pool138m7hevnvp664cmtralju857t5k7e4frpnaevtgpuykggr50kne,ITC,Into the Cryptoverse,20,18,18166002644,18166.002644,11,475
2026-06-11T13:49:05Z,abcde_forensics_stage_founders_depth14,iog,pool1ck8rqpxp7j8kyzutk856fnvgm8xsqmuh922wkeeg32ekjjrvtc0,,,1,1,17999323000,17999.323,13,363
2026-06-11T13:49:05Z,abcde_forensics_stage_founders_depth14,emurgo+iog,pool10ya6hxrssmyhl560gqyalhqxudkgfjdlc0e4krww6wweyaeajs8,NKR,NKR ADA POOL,2,2,17819791284,17819.791284,12,291
2026-06-11T13:49:05Z,abcde_forensics_stage_founders_depth14,emurgo+iog,pool1efxh54fk0dj5uu2e4eu08klxl5ys3saphv3kec33kw3xv8738sc,KRONO,🔱Kronos Stake Pool by Kaizen Crypto,4,3,17615368616,17615.368616,12,327
2026-06-11T13:49:05Z,abcde_forensics_stage_founders_depth14,iog,pool1ksh2u6kktx74ugv8jadrdqttwyjz9074ke82xt6j0qgfvdn43a5,,,21,12,17612535564,17612.535564,12,262
2026-06-11T13:49:05Z,abcde_forensics_stage_founders_depth14,iog,pool1w4am4s9w4gkt8r0245km62vtnnv9hhq6j68exzh2pyaxxfaq0gc,1PCT2,"1 Percent Pool #2 (v2)",11,7,17575980660,17575.98066,12,286
2026-06-11T13:49:05Z,abcde_forensics_stage_founders_depth14,emurgo+iog,pool1n500map6vvxwkxnrw5m9vgmjqrmtaxuuxkgqvzz7699c7qc550v,TEXAN,Texan_Stakes,1,1,17187040000,17187.04,14,244
2026-06-11T13:49:05Z,abcde_forensics_stage_founders_depth14,iog,pool1a2gt2mvuf5zvtqlvw2xgks2efze3p4r985ft62q64lua7gx7lal,,,4,4,17101648546,17101.648546,13,346
2026-06-11T13:49:05Z,abcde_forensics_stage_founders_depth14,iog,pool1c0xj2fa97zuz4phld87atg6yphz3hju409fm5xgnwuuvqww25qj,SAPIO,SAPIO Pool,13,11,16940477843,16940.477843,13,326
2026-06-11T13:49:05Z,abcde_forensics_stage_founders_depth14,iog,pool125kh7e0y9lwya4sz5etmsk7hvga9jtfpuhw00vz9zvk6sh8xh5r,CHOCO,CHOCO Stake Pool,2,2,16906452102,16906.452102,12,606
2026-06-11T13:49:05Z,abcde_forensics_stage_founders_depth14,emurgo+iog,pool1nhlv5z2lsptzgcp9ype0mppc7zyndm66ypm4sw5hy27ewdchqx0,PPCX2,P2P & CEX,7,7,16858886152,16858.886152,12,287
2026-06-11T13:49:05Z,abcde_forensics_stage_founders_depth14,iog,pool1qqq9tqyj69j9kygpxza3h82ynh8d0xlueucnu2yqum8nse8hj7y,SION,"ANGEL stake pool #2",27,20,16803306837,16803.306837,12,282
2026-06-11T13:49:05Z,abcde_forensics_stage_founders_depth14,iog,pool1krznhwu3h5pu2stuslr53z5rme50t6384macsmylcnljwc7yjky,LEAF,LEAF pool,49,24,16798825054,16798.825054,12,524
2026-06-11T13:49:05Z,abcde_forensics_stage_founders_depth14,emurgo+iog,pool1lrnyqdlrj97d0ju5j6d9xa8prw0xeyumfd53rz5wk3gf7czqzjz,TYGAR,Tygar,5,2,16784739293,16784.739293,12,257
2026-06-11T13:49:05Z,abcde_forensics_stage_founders_depth14,emurgo+iog,pool1xrrrr8gldqz8pjxj6j8c638a9py04xuv66kfgn2dlsx9g52te0t,JP3,JAPAN3,1,1,16763190033,16763.190033,11,212
2026-06-11T13:49:05Z,abcde_forensics_stage_founders_depth14,emurgo+iog,pool1vquhv3kh6xkklckaenl8alyuhfsld57ef5573aqauueyqacx4ak,KIWI,KIWI by 🥝Kiwipool Staking,21,18,16710522565,16710.522565,11,534
2026-06-11T13:49:05Z,abcde_forensics_stage_founders_depth14,emurgo,pool103455uc7a3477q8pdmzvny884qtlv9vhm2csxvqx2cadwuk36sq,EDEN,Garden Pool Two,20,2,16412493241,16412.493241,14,275
2026-06-11T13:49:05Z,abcde_forensics_stage_founders_depth14,iog,pool1pmrgd8snhv0nnj97xcg70nqqhg0v9g3d0e93jl8vn23wxtsxz53,CALM,CALM,11,8,16386645403,16386.645403,10,578
2026-06-11T13:49:05Z,abcde_forensics_stage_founders_depth14,emurgo+iog,pool16kus5xvdysgmtjp0hhlwt72tsm0yn2zcn0a8wg9emc6c75lxvmc,EDEN,Garden Pool,15,11,16362369512,16362.369512,11,546
2026-06-11T13:49:05Z,abcde_forensics_stage_founders_depth14,emurgo+iog,pool1ecvcst7k9eul4ggnljh0jw2s5nc2tyfmyzsx3xg3kmmz6ptgfwj,NUFI2,Nu.Fi & AdaLite 2,2,2,16284129931,16284.129931,10,299
2026-06-11T13:49:05Z,abcde_forensics_stage_founders_depth14,iog,pool1t9m69j5thv2ke9jt9hhsgxlag44z7erp2s2ukcpruwhwqarc9np,CEMA1,Centimani Stake Pool,6,4,16205421615,16205.421615,12,282
2026-06-11T13:49:05Z,abcde_forensics_stage_founders_depth14,emurgo,pool1vx9tzlkgafernd9vpjpxkenutx2gncj4yn88fpq69823qlwcqrt,CRDNS,CARDANIANS.io,7,6,15906896089,15906.896089,12,305
2026-06-11T13:49:05Z,abcde_forensics_stage_founders_depth14,iog,pool1k2qhlrrweu8fecd4hx4hn22lv00nrd3rjdxj6durax7m78q7ynu,,,16,12,15746580009,15746.580009,13,527
2026-06-11T13:49:05Z,abcde_forensics_stage_founders_depth14,iog,pool1n0uxgs5qfk5n9xl7qvq9jt8zuu02cntrsjnjayjlqtejyffnemj,EVE7,Everstake Partner,30,23,15684458673,15684.458673,11,625
2026-06-11T13:49:05Z,abcde_forensics_stage_founders_depth14,emurgo,pool16fyda57p3c8gp5r6gmcq5tvqsp6mnzwvkxswgznkuh8wztrp6vv,HRMS,"Hermes Stakepool Germany #1",10,4,15450396020,15450.39602,14,329
2026-06-11T13:49:05Z,abcde_forensics_stage_founders_depth14,iog,pool1030as3pp5684ghgf4kzcpv4p2jnmkmme7j363t95690zwxp7wa0,888,888POOL.IO,3,3,15362625523,15362.625523,14,487
2026-06-11T13:49:05Z,abcde_forensics_stage_founders_depth14,iog,pool1helzgcd9sjm9xtyh9mw2wy06gekh6r52s6mx987q0p8lvklwura,,,16,14,15355275575,15355.275575,13,599
2026-06-11T13:49:05Z,abcde_forensics_stage_founders_depth14,emurgo+iog,pool15ccmgcc4k9t8auxw9v4dfjmrl2kqnuevawn8z6n7xv09utw9hh3,4ADA,Staking4ADA.org,7,6,15330262802,15330.262802,12,380
2026-06-11T13:49:05Z,abcde_forensics_stage_founders_depth14,iog,pool1pk7cjkcdsawxf25dwml0ely8vhjx7wp7nqans3jwatanceyqae0,RIOT,RIOT,8,7,15319015214,15319.015214,12,268
2026-06-11T13:49:05Z,abcde_forensics_stage_founders_depth14,iog,pool1w9yeaaadjz9563tf2h7katrlujvxnywda8el8z66h02ckccx95x,SUI,ADA Suisse 🇨🇭,24,16,15189933390,15189.93339,13,273
2026-06-11T13:49:05Z,abcde_forensics_stage_founders_depth14,iog,pool1d76p7zfn2ydq577z4wsvmnl2lx4cxa3s5vplfuhvr8qfw8hd05j,KYSN2,KysenPool Thunder 2,13,12,15148257059,15148.257059,12,265
2026-06-11T13:49:05Z,abcde_forensics_stage_founders_depth14,iog,pool1vdcu0y6ujrwmnv4u50j6upxkjug7cx7zsaynjvgkcm2ycmajelc,COOL5,COOL5,2,2,15145869429,15145.869429,12,269
2026-06-11T13:49:05Z,abcde_forensics_stage_founders_depth14,iog,pool17y0uw9jraxxtqk4mhgkhkye2v6jqzn84u8hl68l9xwq3cvm2vqw,ADNT,Adanaut Stake Pool,5,3,15140088361,15140.088361,12,249
2026-06-11T13:49:05Z,abcde_forensics_stage_founders_depth14,emurgo+iog,pool15v22rpfg6qx9l0gx0m955gfv7tes0jpa9sy0gjs3a04lv6x9jdr,,,1,1,15000000000,15000.0,14,462
2026-06-11T13:49:05Z,abcde_forensics_stage_founders_depth14,emurgo,pool1xjhzgchsl2ccvc5pj3aqytv9hh0jnaz63wtfnw4th07tjypm46x,SECUR,THREE SecureStaking.io,1,1,14998992255,14998.992255,14,368
2026-06-11T13:49:05Z,abcde_forensics_stage_founders_depth14,emurgo+iog,pool1ddg6t2h9kj6lqlec4ncjs945lzj43m3ggrgdhf5sgzhtygpkznz,FAIR,"Fair Pool #01",7,6,14876857264,14876.857264,12,481
2026-06-11T13:49:05Z,abcde_forensics_stage_founders_depth14,iog,pool18xykgvvvxej2e5ap04ks72d8fdke4qsqeh30satznyrtj88634d,TQWS,TeqWyse Stake Pool,3,2,14786014784,14786.014784,13,259
2026-06-11T13:49:05Z,abcde_forensics_stage_founders_depth14,iog,pool19xyfanyp28j6j07dxgwdjp0wur6seqmyyu64qgzstzl7s47pvpj,VLHLA,VALHALLA,1,1,14699616984,14699.616984,14,288
2026-06-11T13:49:05Z,abcde_forensics_stage_founders_depth14,emurgo+iog,pool1vev8z03vh7jwx3mfrgzrt9fltt97nupaxv8ffj4r5r8mgwts5ze,ADAOZ,ADA Australia,6,5,14653880032,14653.880032,12,626
2026-06-11T13:49:05Z,abcde_forensics_stage_founders_depth14,iog,pool1r8938r4ts8f4t8nsp9xl9dktzapt7f67jgpsp4wrju39xrdnaye,VENUS,Fresco Pool,7,7,14610748069,14610.748069,13,323
2026-06-11T13:49:05Z,abcde_forensics_stage_founders_depth14,emurgo+iog,pool1j6dh3ynys827j38976q0q3s3c9hpzgx40kjcq4472h6m7d3t0hm,KIND,"KIND, The Charitable Pool",1,1,14556779045,14556.779045,12,253
2026-06-11T13:49:05Z,abcde_forensics_stage_founders_depth14,iog,pool1we0xjccr3vc4ypnmhzsgwp7sxpsytu8dtv0syeqmtrllvcex68q,JUNO,JUNO stake pool,13,10,14530743608,14530.743608,11,561
2026-06-11T13:49:05Z,abcde_forensics_stage_founders_depth14,iog,pool1vkc0dvuf8rxrch87umfayacgglrh8f88ef0f64xrdue5u2xjwfm,IFS1,InfStones,2,1,14500611921,14500.611921,13,293
2026-06-11T13:49:05Z,abcde_forensics_stage_founders_depth14,emurgo+iog,pool10quq4wlghwrvmhdzc7geq22pyhzegccwj56ax2g8hx0cjfahufs,SPS2,StakePool Service No.2,2,2,14391876064,14391.876064,13,267
2026-06-11T13:49:05Z,abcde_forensics_stage_founders_depth14,iog,pool1dqlgn7smehsnj5ztz8almy2036lfhrdjv79nmg9tmje0zzt620h,POA,Proof of Africa - Enabling Web3 in Africa,23,18,14326412431,14326.412431,12,323
2026-06-11T13:49:05Z,abcde_forensics_stage_founders_depth14,emurgo+iog,pool14cq4fchmmqjygwjw4zexmqqd6a7caxptjnvseyu6wanjuppv4vk,CH1,Cardano Suisse,5,5,14297558383,14297.558383,12,632
2026-06-11T13:49:05Z,abcde_forensics_stage_founders_depth14,iog,pool1q0memmdw4ktr88fkma53tqgkaqeq3wfc476le59rped4cu8tn4h,JOEY,Joey Stake Pool,19,12,14278357934,14278.357934,12,323
2026-06-11T13:49:05Z,abcde_forensics_stage_founders_depth14,iog,pool1cspe7naf0mtntwyysqxk6czah3jlh6v4cja8pdfju932yxsehnm,CBH,Cardano Blockhouse,10,4,14238275561,14238.275561,13,556
2026-06-11T13:49:05Z,abcde_forensics_stage_founders_depth14,iog,pool1x5dfpgp987e4jhxvgczr3wv50nv2pwd873tlx3uthvcasm422q6,QXT,Quixote Dream Pool,17,12,14045570903,14045.570903,12,519
2026-06-11T13:49:05Z,abcde_forensics_stage_founders_depth14,iog,pool1knwd92dnngrypyvj3egguuxtl8g8elxarlvaqsyjewvh7sjla2g,,,1,1,14000000000,14000.0,13,258
2026-06-11T13:49:05Z,abcde_forensics_stage_founders_depth14,iog,pool1fxlf6mqxeuptm7ztwdpp2zdwm7tsfcy3fweu7euyf6aduuh6u42,SLICE,Slice of Stake,18,9,13958066199,13958.066199,12,295
2026-06-11T13:49:05Z,abcde_forensics_stage_founders_depth14,iog,pool1nzsjg3cuam3uj39qusn44cs2uj7h30lppqsrqsllwxs2c8fx4xs,,,9,8,13858582206,13858.582206,13,329
2026-06-11T13:49:05Z,abcde_forensics_stage_founders_depth14,iog,pool104v7kzpq86r0wnfsz8r7jeld2raap92qq84trjcqk62zyh9akqt,SEAL,adaseal.eu,8,6,13839927788,13839.927788,13,473
2026-06-11T13:49:05Z,abcde_forensics_stage_founders_depth14,emurgo+iog,pool1druxd2syfrvqvepxh60fz0qhralcesruphh5atujuh0jktjy0ma,BSSP,Black Star Stake Pool,8,8,13688596160,13688.59616,12,309
2026-06-11T13:49:05Z,abcde_forensics_stage_founders_depth14,iog,pool1ppqdq5yfkkllrcj0u47pakg9e4ha568pz3a9kkrr6w2kyw8gxv7,COOL3,COOL3,3,2,13652002812,13652.002812,12,259
2026-06-11T13:49:05Z,abcde_forensics_stage_founders_depth14,iog,pool1csrtagrya4hc5pectc20s8s7am3e6vpdjj6antqzvn2lgmm5afs,,,1,1,13608488192,13608.488192,14,257
2026-06-11T13:49:05Z,abcde_forensics_stage_founders_depth14,iog,pool145dkdplkqke4g0unzkjljeh2wr797d08k2jv822rhmmc68xak38,,,5,1,13540894890,13540.89489,9,393
2026-06-11T13:49:05Z,abcde_forensics_stage_founders_depth14,emurgo,pool1qa6lqyu67ghpa0evxfu9nzqkj3h82qpfku82ec79zdwru4pd25m,CNODE,Cardanode: 0.00% Fee & 100% Rewards Guaranteed,9,4,13458907077,13458.907077,14,575
2026-06-11T13:49:05Z,abcde_forensics_stage_founders_depth14,iog,pool1vwquf4wt465lhketcy2j7jwpz5l6l0ce6a79ga3y4wg7gc8egp0,,,1,1,13446286924,13446.286924,14,253
2026-06-11T13:49:05Z,abcde_forensics_stage_founders_depth14,emurgo,pool1jz5ljsnj4fzmk84j0wcw9ldy866dn07nzqg2ktyuyjvfvr3jgtq,DIGI4,Digital Fortress,1,1,13213000000,13213.0,13,309
2026-06-11T13:49:05Z,abcde_forensics_stage_founders_depth14,emurgo+iog,pool13crd2ljx87988umk22er6ynwadfwdqupdpcq6prc6v59z62kxse,BLOOM,Bloom Six,4,4,13192266449,13192.266449,11,310
2026-06-11T13:49:05Z,abcde_forensics_stage_founders_depth14,iog,pool14n77mmxh6a2d9k05jamzdwsws2ayvkyje8uc7led958p63at3aj,SECUR,FIVE SecureStaking.io,2,2,12993000000,12993.0,14,583
2026-06-11T13:49:05Z,abcde_forensics_stage_founders_depth14,iog,pool1frz0ds4nhg4t0e30jadc5kwx35kzj2vfp9eak9ehh2727m4dqnv,,,5,4,12986430122,12986.430122,13,321
2026-06-11T13:49:05Z,abcde_forensics_stage_founders_depth14,iog,pool1df9rj4n0t3zlpak7xnh4ue6t3yh9zlw7a02w4l8askp77up25rt,VEGAS,VEGASPool,6,4,12911046879,12911.046879,13,312
2026-06-11T13:49:05Z,abcde_forensics_stage_founders_depth14,emurgo+iog,pool1tdvqgy6mq7lx7d345e276xmgmhh3s4zj8dzu6xzq5m7rx4tzkg2,ONYX,"ONYX Stake Pool #3",5,4,12722760908,12722.760908,10,528
2026-06-11T13:49:05Z,abcde_forensics_stage_founders_depth14,emurgo,pool18v9r8afalh50l4lstct2awdc3zspnvurcs7t45nv29uc2mnxc6c,LONDN,London pool,3,2,12697371579,12697.371579,14,252
2026-06-11T13:49:05Z,abcde_forensics_stage_founders_depth14,emurgo+iog,pool1eqa7kxx4xg35cu4rqj4exkvzhenscgh8wxez0gl7hsagygp79kr,PILOT,Pilot Pool,7,7,12663655366,12663.655366,11,353
2026-06-11T13:49:05Z,abcde_forensics_stage_founders_depth14,iog,pool1kprt6l4quz03dhqx8jw22spdjvp5dkshdnn567vlexqkj35hd8a,BDRK,Bedrock Staking,27,13,12651837499,12651.837499,12,538
2026-06-11T13:49:05Z,abcde_forensics_stage_founders_depth14,emurgo+iog,pool1arsqn9w87wpqlm0sre66gs79dcs0jmwulytgke3vut7u62lttu7,LATIN,Latino_Staking_Pool,3,3,12614484034,12614.484034,10,253
2026-06-11T13:49:05Z,abcde_forensics_stage_founders_depth14,emurgo+iog,pool1jdhjfcu34lq88rypdtslzwyf27uh0h3apcr9mjd68zhc69r29fy,NUFI5,Nu.Fi & AdaLite 5,8,7,12566970044,12566.970044,11,271
2026-06-11T13:49:05Z,abcde_forensics_stage_founders_depth14,iog,pool1k6knum588fm9fe5tmljeytyx65rv6h5jn8au824t86zt62nyd9e,ZONE,ADA.ZONE,15,10,12537004478,12537.004478,12,257
2026-06-11T13:49:05Z,abcde_forensics_stage_founders_depth14,iog,pool1gqvrgg7zycvf65ydkjeph72t0yx0f5ykzd9f477zh4f3smwk997,SAND,Sandstone,12,6,12528672654,12528.672654,12,362
2026-06-11T13:49:05Z,abcde_forensics_stage_founders_depth14,emurgo,pool1ukeqarukv9gxwy9pt8jkr4qvad2yf87758g3xzemmvmtk8lrynp,CRDN1,"CARDANIANS.io #2",9,3,12480264099,12480.264099,13,272
2026-06-11T13:49:05Z,abcde_forensics_stage_founders_depth14,iog,pool1mvl09pgsejrudghjhq79qurugrvqy3pceznp7f9vz63n7ku7jqx,AMZ1,Amazon Pool 1,14,4,12452603076,12452.603076,12,317
2026-06-11T13:49:05Z,abcde_forensics_stage_founders_depth14,cf,pool19asxjgd6ah9ddzauwede4wpt9vsp6s4ax5nz297wt47evc9sn7z,,,1,1,12442975353,12442.975353,14,353
2026-06-11T13:49:05Z,abcde_forensics_stage_founders_depth14,emurgo,pool1jdhjfcu34lq88rypdtslzwyf27uh0h3apcr9mjd68zhc69r29fy,NUFI5,Nu.Fi & AdaLite 5,1,1,12413920840,12413.92084,14,235
2026-06-11T13:49:05Z,abcde_forensics_stage_founders_depth14,iog,pool1l8myd66tqjk75kh7uk9k8nyl20sd4qs33s4tzzn927ujyl7ahyk,KURD,Kurdopia Pool,13,8,12393770399,12393.770399,11,323
2026-06-11T13:49:05Z,abcde_forensics_stage_founders_depth14,iog,pool1rkyc3ss904h066sffergss99r9p2kqa4k6ds0g4u5ud4x7yaajd,1PCT5,"1 Percent Pool #5 (v1)",29,19,12367836490,12367.83649,12,454
2026-06-11T13:49:05Z,abcde_forensics_stage_founders_depth14,emurgo+iog,pool1hkklrx9ac7w57d79mnv76rxlgq4acg5ecwhyep7k3zn0u5cz2k9,AZUR3,AzureADA3,5,5,12335467427,12335.467427,12,453
2026-06-11T13:49:05Z,abcde_forensics_stage_founders_depth14,emurgo+iog,pool1jk25l2pejpdzq8vdjlxrr05th49v9tgd78fqrtxvuw3rumpfc6t,GROW,GROW TEAM,8,7,12332611538,12332.611538,12,331
2026-06-11T13:49:05Z,abcde_forensics_stage_founders_depth14,emurgo,pool1p5ja48uqc7pjnuqvwu7cgmspvx938qpnf4zqm0x2k0ngkh4lkjx,SIPO3,SITION POOL3,8,2,12268016721,12268.016721,12,531
2026-06-11T13:49:05Z,abcde_forensics_stage_founders_depth14,iog,pool127gdv243hfcrapslaqq0nnh64u2gts72gtrt4888g6g2z0zsu64,TTS17,the Token Square,51,34,12167155098,12167.155098,12,379
2026-06-11T13:49:05Z,abcde_forensics_stage_founders_depth14,emurgo+iog,pool1ezh8sewqgzy7267yvy0jssz8q7amce37x3dhmfl22j8lwz6wjrd,DAN2,Cardano Dan's Stake Pool,3,3,12110346082,12110.346082,12,269
2026-06-11T13:49:05Z,abcde_forensics_stage_founders_depth14,iog,pool1u0u2s080a5plun4acn6s70xa3q98ct7skt88l7w6nnwwyl9ecym,VOLCY,VOLCY 🦁 Enterprise Multi-Chain Infrastructure,4,2,12103145237,12103.145237,13,469
2026-06-11T13:49:05Z,abcde_forensics_stage_founders_depth14,iog,pool1nhhsh9yhlrvj9e3nce0zpx0xm2xlt6tx7gqakhr6hjc8wy84sat,,,6,5,12071074795,12071.074795,13,552
2026-06-11T13:49:05Z,abcde_forensics_stage_founders_depth14,iog,pool10hex9l4wjgqarvhr94xgyh9frv5lhtajhrj4dah0kl65jtws30k,CSN1,Cardanoscan Pool 1,19,11,11941308844,11941.308844,12,587
2026-06-11T13:49:05Z,abcde_forensics_stage_founders_depth14,emurgo+iog,pool1kcnh9avc9jgelajcja7y6wsvjdaulkqj02azcszjvm3pwmksr0l,MS7,Moonstake 7,1,1,11900825303,11900.825303,12,248
2026-06-11T13:49:05Z,abcde_forensics_stage_founders_depth14,emurgo,pool18rhzlrv83a7ygj7cp5uv8dx07qkn5drhe8nh6f3qvhv66xcyj2m,SIPO2,SITION POOL2,12,1,11812312703,11812.312703,12,535
2026-06-11T13:49:05Z,abcde_forensics_stage_founders_depth14,iog,pool156wg3relgtlhwu55z3wpqurtaprguefe9tzrakhuqyyc60553au,LAB44,Lab44 Stakepool,6,4,11761903114,11761.903114,14,263
2026-06-11T13:49:05Z,abcde_forensics_stage_founders_depth14,iog,pool10let2ne3rdnhf6pvhauqcsf7f83hkagp4lfs792frrmu5up7xa7,SWELL,Swell Pool,6,4,11669585207,11669.585207,12,301
2026-06-11T13:49:05Z,abcde_forensics_stage_founders_depth14,iog,pool1dghwejqptsjtf9k8paspg9rhl8humxx0nh7sk37j0ada2dr9mqh,YOROI,Yoroi,7,3,11570135036,11570.135036,12,624
2026-06-11T13:49:05Z,abcde_forensics_stage_founders_depth14,iog,pool1kchver88u3kygsak8wgll7htr8uxn5v35lfrsyy842nkscrzyvj,STKH1,"Stakhanovite #1",7,7,11482878382,11482.878382,13,259
2026-06-11T13:49:05Z,abcde_forensics_stage_founders_depth14,iog,pool13hxlxd6qa68fmfhrvvmasa0mjg30tj9p5v2lmgmgsmrp2rgzkfp,dtDn,dataDyne.earth,12,9,11481433595,11481.433595,13,598
2026-06-11T13:49:05Z,abcde_forensics_stage_founders_depth14,iog,pool1m83drqwlugdt9jn7jkz8hx3pne53acfkd539d9cj8yr92dr4k9y,BKIND,Smit Blockchain Operations,20,10,11471750458,11471.750458,12,263
2026-06-11T13:49:05Z,abcde_forensics_stage_founders_depth14,emurgo+iog,pool1ppznyu6qrvlw9uuqa3tslryjd40nh56jyvmaqw6kdf4kzq3y8kh,DIGI3,Digital Fortress,10,6,11466314459,11466.314459,10,305
2026-06-11T13:49:05Z,abcde_forensics_stage_founders_depth14,iog,pool1zytydvyy3qztrs8l2xyggvkfcjctp23m2hc3aj7sudnzgny79cg,PSYA,PsyADA,22,9,11414612149,11414.612149,12,468
2026-06-11T13:49:05Z,abcde_forensics_stage_founders_depth14,emurgo,pool1lkpj6fa4l0sy39qfvyl4pcsnnd22y8np8j98vzwula2kuxgers4,JOY,JOY,4,2,11362059000,11362.059,13,330
2026-06-11T13:49:05Z,abcde_forensics_stage_founders_depth14,iog,pool1h59405hmvnxz2kyjpll3f65lnqhm7we3u96cws9vzzxzzws9gjc,,,1,1,11354825523,11354.825523,14,441
2026-06-11T13:49:05Z,abcde_forensics_stage_founders_depth14,iog,pool1fu69ry8k9qxfque9hng3lxcq7g30pykg38mtahah8x4mzpgls3k,BFADA,BonafideADA,8,6,11354363261,11354.363261,12,329
2026-06-11T13:49:05Z,abcde_forensics_stage_founders_depth14,emurgo+iog,pool1crts5gmqr34gsrn6wvrhfs9yqp0ynu8t2t4r350xp80s6pc56ue,BREAK,BreakingADA,2,2,11320208031,11320.208031,12,383
2026-06-11T13:49:05Z,abcde_forensics_stage_founders_depth14,iog,pool1gwnu7f7qgaruxph8gn3u28qphvquvnj63elyd3r0nndacj9g9pa,JAZZ2,JAZZ2,4,4,11236309501,11236.309501,13,297
2026-06-11T13:49:05Z,abcde_forensics_stage_founders_depth14,emurgo+iog,pool1qu48wpwwarmkewhlwge9xs87sgt8gdnqq26nnre2v6c8up4fxwr,OBS,Ouroboros-暗号通貨革命,1,1,11199546481,11199.546481,14,244
2026-06-11T13:49:05Z,abcde_forensics_stage_founders_depth14,emurgo+iog,pool17qvfg2g843gw6lurru282kkex6vp3pyj6zwj99j4u6k7zvmva5a,1PCT4,"1 Percent Pool #4 (v2)",4,4,11169013555,11169.013555,12,262
2026-06-11T13:49:05Z,abcde_forensics_stage_founders_depth14,iog,pool1qdjx5xeeu6288ftmhmdr0c6mazkua7m07cydmr78ymfhz7jj7g4,1PCT,1 Percent Pool (v2),9,8,11111683150,11111.68315,13,263
2026-06-11T13:49:05Z,abcde_forensics_stage_founders_depth14,iog,pool1lhvpgr8lhsf6h03v9zqxm74pa63rdxx4yuvkqfw4tv9fua8t37a,OSAKA,OSAKA-Pool,9,5,11066002500,11066.0025,12,594
2026-06-11T13:49:05Z,abcde_forensics_stage_founders_depth14,iog,pool1g4th3pqfzh4zajzrhlh8y6wpuztrkzxwt5wd7q578894j06gwfc,FEEL,FEEL,12,9,11020882029,11020.882029,13,470
2026-06-11T13:49:05Z,abcde_forensics_stage_founders_depth14,iog,pool1z39sker5renxhep9m7z8aae2yh56940gwykptfcf053473mwy8t,,,6,2,10992859799,10992.859799,12,250
2026-06-11T13:49:05Z,abcde_forensics_stage_founders_depth14,iog,pool1qqmvjqwzcg3p0x89a9hd6lgwvqq8wy2w6mcx0csaxq4x6xz7qyn,,,24,20,10972415956,10972.415956,13,264
2026-06-11T13:49:05Z,abcde_forensics_stage_founders_depth14,iog,pool17r3u34ywld6sehe9dd5t40ygq7rmc6yfw2k0h0hpllznwlmwsnn,ADAR,ADA Rewards,2,1,10904000000,10904.0,12,265
2026-06-11T13:49:05Z,abcde_forensics_stage_founders_depth14,emurgo+iog,pool1vx9tzlkgafernd9vpjpxkenutx2gncj4yn88fpq69823qlwcqrt,CRDNS,CARDANIANS.io,22,9,10901650696,10901.650696,11,522
2026-06-11T13:49:05Z,abcde_forensics_stage_founders_depth14,emurgo+iog,pool1gclysx2h7fndj0jdajlmwvqr8q9tzu3rurjknacu0ff954fsg9a,1PCT0,"1 Percent Pool #0 (v1)",4,3,10871969680,10871.96968,11,255
2026-06-11T13:49:05Z,abcde_forensics_stage_founders_depth14,emurgo,pool1jq7r3evstu2c040vlry8tgvpwf0mfvft86cxecwjpwcuvvqfu2r,CCV3,"(Crypto Capital Venture) #Pool4",3,2,10774392574,10774.392574,13,320
2026-06-11T13:49:05Z,abcde_forensics_stage_founders_depth14,emurgo+iog,pool1yj9xduuwzvdkcwm2mc9x893zq684x7pyah4ja8zmzplgvxz6wgk,SPIR2,Spire Staking | 🏆 Top 10 Operator,10,3,10751974935,10751.974935,13,630
2026-06-11T13:49:05Z,abcde_forensics_stage_founders_depth14,emurgo+iog,pool1grgycym8cf0xmgjjr7gx7udmkpu93hqaygysy5myx6ghx8dvl5r,THOR,THOR - The Viking Pool,13,11,10694129762,10694.129762,11,311
2026-06-11T13:49:05Z,abcde_forensics_stage_founders_depth14,iog,pool1ez2sr7r6tzfa6s7zwrkxqx5layzmke2znsya3w6t9al0sv0332y,,,2,1,10688500464,10688.500464,13,241
2026-06-11T13:49:05Z,abcde_forensics_stage_founders_depth14,emurgo,pool166dkk9kx5y6ug9tnvh0dnvxhwt2yca3g5pd5jaqa8t39cgyqqlr,VIPER,🐍Viper Stake Pool,4,3,10582124643,10582.124643,14,408
2026-06-11T13:49:05Z,abcde_forensics_stage_founders_depth14,emurgo+iog,pool1nudasuv0lljpe0tswcverqvlh0v4226vgnpsuxn0e9nkvnvcvne,STI,stakit.io Pool by TOBG,17,16,10564255575,10564.255575,11,543
2026-06-11T13:49:05Z,abcde_forensics_stage_founders_depth14,emurgo,pool1vquhv3kh6xkklckaenl8alyuhfsld57ef5573aqauueyqacx4ak,KIWI,KIWI by 🥝Kiwipool Staking,4,4,10559244912,10559.244912,13,302
2026-06-11T13:49:05Z,abcde_forensics_stage_founders_depth14,emurgo+iog,pool1dxwgzj66pual956mnv9delkelg873yvgr2dd8s279m0hxqvr475,APOP,ADAPOP,6,5,10540082956,10540.082956,12,468
2026-06-11T13:49:05Z,abcde_forensics_stage_founders_depth14,iog,pool1q9kwa675j2z53jecrs6pn3fqsc9ypxrsypu5dgu6hammqkagy22,TIGER,TIGER team,8,4,10482375746,10482.375746,14,323
2026-06-11T13:49:05Z,abcde_forensics_stage_founders_depth14,iog,pool12vv4c6z7yf8j4m2amzej4j8tn2d4dxklqk5nqztz7wl02gratjp,RETIR,,10,5,10478232310,10478.23231,14,266
2026-06-11T13:49:05Z,abcde_forensics_stage_founders_depth14,iog,pool1cpr59c88ps8499gtgegr3muhclr7dln35g9a3rqmv4dkxg9n3h8,LACE,Open Source Software Fund,14,2,10255813962,10255.813962,13,335
2026-06-11T13:49:05Z,abcde_forensics_stage_founders_depth14,emurgo+iog,pool1psk0c2p7pwactw00nkzjexdw0msn7g8nddc06eyvds6yswr3tjg,ITC2,"Into the Cryptoverse #2",4,4,10224358121,10224.358121,10,316
2026-06-11T13:49:05Z,abcde_forensics_stage_founders_depth14,iog,pool1es67mveksd22l9alfh5cht6w2krc7lcrq3zvxcpaj5hwxgmhg3m,,,2,1,10212097800,10212.0978,14,323
2026-06-11T13:49:05Z,abcde_forensics_stage_founders_depth14,emurgo,pool1ft4xjlz9uw0r0ewcgtkgeakqrfc5azxmxwsm5pt94dv67mw4rgd,1LOVE,Lovelacepool,2,1,10199806031,10199.806031,14,365
2026-06-11T13:49:05Z,abcde_forensics_stage_founders_depth14,iog,pool1ydz2znwyh3409v55r3psgc70w2ykvqjkkagx3f5ep96vgp0vlmr,,,2,1,10047827547,10047.827547,14,251
2026-06-11T13:49:05Z,abcde_forensics_stage_founders_depth14,cf,pool1xrrrr8gldqz8pjxj6j8c638a9py04xuv66kfgn2dlsx9g52te0t,JP3,JAPAN3,1,1,10001000000,10001.0,14,229
2026-06-11T13:49:05Z,abcde_forensics_stage_founders_depth14,emurgo+iog,pool126mkma8nv5axltmz7mmg8qz9e70nmhnf58hwx5772fhwgkhk6ag,NAP,NAP-Nekota ADA Pool,2,2,10000830891,10000.830891,13,252
2026-06-11T13:49:05Z,abcde_forensics_stage_founders_depth14,emurgo,pool1ra2su7cvnmr83pu9nvvz4a9carsgc9egc3e5fuk7h9pycyp5ela,LBF4,Ledger by Figment 4,1,1,10000000000,10000.0,14,593
2026-06-11T13:49:05Z,abcde_forensics_stage_founders_depth14,emurgo+iog,pool1srdjughnhp8xnn0wlf7gj7v9k8lmzl9ht4vhksp5qqc66fnpccj,,,1,1,10000000000,10000.0,13,427
2026-06-11T13:49:05Z,abcde_forensics_stage_founders_depth14,emurgo+iog,pool1r55hyfrd3tw6nzpkvf4rfceh2f04yph92fc462phnd0akp2s5r6,COFFE,CoffeePool☕️,1,1,10000000000,10000.0,12,261
2026-06-11T13:49:05Z,abcde_forensics_stage_founders_depth14,emurgo,pool1p8fhygz7ga9hghhwmkr64p3ftn77lxu9nyddvsqszattcdyajc0,SUNNY,"Sunshine Stake Pool #2",1,1,9999906395,9999.906395,14,269
2026-06-11T13:49:05Z,abcde_forensics_stage_founders_depth14,emurgo+iog,pool12967a8v8vaz5d7pvphhdnmq0slrg4d3n0wp772fgm04e2g2m9gv,PYUR,Pyur Ada Pool,1,1,9999000000,9999.0,11,255
2026-06-11T13:49:05Z,abcde_forensics_stage_founders_depth14,emurgo+iog,pool1zwqrrwpr5zx7c3f4ukpu4r4fz5c2hkwx9vwqka5068urgqvpjzr,CAR,CarPool,1,1,9999000000,9999.0,13,561
2026-06-11T13:49:05Z,abcde_forensics_stage_founders_depth14,emurgo,pool1l0pmgdsymmdntuyan4snj88q8nm9axemwefu5ymkuq2s6gr90cn,SWIM2,The Swimming Pool,1,1,9999000000,9999.0,14,332
2026-06-11T13:49:05Z,abcde_forensics_stage_founders_depth14,iog,pool1whk6lawmfz4zq5fw8zghglp23452gnm9zgs59nqafhpexwcvute,WA1,Watashitachi1,5,5,9990513793,9990.513793,13,287
2026-06-11T13:49:05Z,abcde_forensics_stage_founders_depth14,iog,pool1q0a7a94cfk4ph7gugj636tsuhhd98l2sfjv2adhaff2mvs7kmtl,NUFI8,Nu.Fi & AdaLite 8,17,11,9961524443,9961.524443,13,584
2026-06-11T13:49:05Z,abcde_forensics_stage_founders_depth14,iog,pool1e556526sqwugxwnmeumt9lhj5jukklg8vv3ynk75xt9vs7adr5y,CHEAP,"CheapStaking #1",25,17,9885049633,9885.049633,8,396
2026-06-11T13:49:05Z,abcde_forensics_stage_founders_depth14,emurgo,pool17kew7rtakc7g6qzydntann5umw08xq3ll2j7spk7en4kvff69fa,BLOOM,Bloom Three,5,3,9831198918,9831.198918,13,318
2026-06-11T13:49:05Z,abcde_forensics_stage_founders_depth14,emurgo+iog,pool1pfdd8d8n7jx0xnk4uev3x36se87c747w6l2d5x7fanh5w9evhw2,BRAVO,Bravo pool Two,1,1,9769340285,9769.340285,12,253
2026-06-11T13:49:05Z,abcde_forensics_stage_founders_depth14,iog,pool1g6rm3p7695z7xfhp629hcsj09njun2fnsz03pjrshw8rgs7pluc,,,1,1,9749230000,9749.23,14,258
2026-06-11T13:49:05Z,abcde_forensics_stage_founders_depth14,emurgo+iog,pool1j099ctc7kcc9fa78dz5qwsy2g0n96lrgletwxvxmyzh4zd7ck0j,PRIDE,Stake with Pride - Hosky ISPO,1,1,9708944188,9708.944188,12,370
2026-06-11T13:49:05Z,abcde_forensics_stage_founders_depth14,emurgo+iog,pool1calq8kjzrvp83l80rtvgmulausl99q4tjfkz2lp227vkymd5wgg,ODIN,Odin's Pool,5,2,9682346036,9682.346036,12,251
2026-06-11T13:49:05Z,abcde_forensics_stage_founders_depth14,iog,pool1eaeynp2hs06v4x8q65jfm2xqcd3dc80rv220gmxvwg8m5sd6e7a,HODLR,Midnight ▫ 0% fee,19,9,9568101924,9568.101924,11,572
2026-06-11T13:49:05Z,abcde_forensics_stage_founders_depth14,iog,pool1456lrrp0a3gsgkmyx0rm8wkdmdku75tfdlu9xvpffvxmqmjkwee,,,1,1,9500000000,9500.0,13,242
2026-06-11T13:49:05Z,abcde_forensics_stage_founders_depth14,iog,pool1agwy5atgc4ptg3whplaxyz28g4dgvsna8auktszctkq8xmtl7dh,8964,A Cardano Pool Named 8964,1,1,9427755615,9427.755615,14,592
2026-06-11T13:49:05Z,abcde_forensics_stage_founders_depth14,emurgo,pool108zdflss3ayqlm5c7vr6mtqj2uwl99vk28ur8dv4zswdzt6yauc,AZUR,AzureADA,2,2,9335807407,9335.807407,13,251
2026-06-11T13:49:05Z,abcde_forensics_stage_founders_depth14,iog,pool13pclvkwxee4znt7qc55k8ny89zvdkvfrt04dtd99zjm5vs2tws5,CCJ2,CCJ2,2,2,9320721965,9320.721965,13,232
2026-06-11T13:49:05Z,abcde_forensics_stage_founders_depth14,iog,pool1533ly347ggl6je42ta7l7dv262hg07n8p4y8v32npgvajl6rxqz,,,5,3,9193501961,9193.501961,13,255
2026-06-11T13:49:05Z,abcde_forensics_stage_founders_depth14,iog,pool1h40kkf28nr3amhs6nsmqn75aderg6cutmygr47czu2dw2dxzvgm,,,2,2,9147479194,9147.479194,14,255
2026-06-11T13:49:05Z,abcde_forensics_stage_founders_depth14,emurgo+iog,pool1s6x6kltycpxq82hyqhlqllqj3q5l2m8w499gvtu4xrfv29c0q2q,LOOT,Loot Pool,10,7,9140167736,9140.167736,11,269
2026-06-11T13:49:05Z,abcde_forensics_stage_founders_depth14,iog,pool1yl76e0fhq0kcfy2jqs2mt6hl9xeyrnesehqp0p4s896lwv7hrta,1PCT9,"1 Percent Pool #9 (v2)",8,5,9071217473,9071.217473,12,561
2026-06-11T13:49:05Z,abcde_forensics_stage_founders_depth14,emurgo,pool1rpjjz68kmmetyxztmrstrwgz8lxf6v0d7vqgw98r5x8rc50jrdf,DEW,Dew Staking Solutions,2,2,8855012569,8855.012569,14,253
2026-06-11T13:49:05Z,abcde_forensics_stage_founders_depth14,iog,pool1lzupr43772kfux007sdt02vlx7uzmfcplrwmxntdztxmwv9myrj,CRCI,CRCI,2,2,8769032359,8769.032359,14,267
2026-06-11T13:49:05Z,abcde_forensics_stage_founders_depth14,iog,pool1uy2z02pn4lczk7p2plvnkzrmltxmqs2t04d9ghx5t0vw6e4t0qn,,,1,1,8726777541,8726.777541,13,377
2026-06-11T13:49:05Z,abcde_forensics_stage_founders_depth14,emurgo+iog,pool10ljdn3zwsh7vjkxf6t250423l5qy487x83st7m8a53jxznrkw5g,,,1,1,8610300000,8610.3,13,253
2026-06-11T13:49:05Z,abcde_forensics_stage_founders_depth14,iog,pool1uu35qfkmjyxwpm3pgptfgr0qga9j2fzkc0tsjplcx840x295xj9,CHEAP,"CheapStaking #2 - PublicPrivate",9,4,8554037503,8554.037503,11,258
2026-06-11T13:49:05Z,abcde_forensics_stage_founders_depth14,emurgo+iog,pool1g0nq3m3fnvd245k4favcvutn09vce0yshg535f68d2xa54vy0cc,1PCT3,"1 Percent Pool #3 (v2)",5,2,8514127000,8514.127,12,249
2026-06-11T13:49:05Z,abcde_forensics_stage_founders_depth14,iog,pool1kkfkdces5mdcyc9dn2hgg3463jggjvw3h89nejjarkz25uavaqu,1PCT9,"1 Percent Pool #9 (v1)",19,17,8456499153,8456.499153,13,288
2026-06-11T13:49:05Z,abcde_forensics_stage_founders_depth14,iog,pool1kx0jm9ycs3t99tnwafw6w72jkdlzhj5ltxe2nrzkd9x2u5x343h,EMUR6,EMURGO 6,28,16,8452462714,8452.462714,12,606
2026-06-11T13:49:05Z,abcde_forensics_stage_founders_depth14,iog,pool1djg8jsygtculv3q2qdrxtnpxfq003pdxcvlw2pvfupq7jm5xpgp,ADAAP,ADA ALPHA POOL,4,4,8432702952,8432.702952,12,293
2026-06-11T13:49:05Z,abcde_forensics_stage_founders_depth14,iog,pool1asfgkqtmjuusclgx72xpzvpw336gkulchtstsx9lsj9uqzjckv0,BASHO,BASHO,6,2,8377987623,8377.987623,13,577
2026-06-11T13:49:05Z,abcde_forensics_stage_founders_depth14,iog,pool1dkww2vlysa8lsnuf5rca979zdsyr3zvt59hu7e420yxfunkka2z,TRUE,TRUE Staking Pool,18,5,8337827946,8337.827946,11,251
2026-06-11T13:49:05Z,abcde_forensics_stage_founders_depth14,iog,pool1gxvkc0576e75065p5k0csvwme9y2qrefd5ga66nx0z65xxjt8jk,,,23,7,8327808901,8327.808901,13,472
2026-06-11T13:49:05Z,abcde_forensics_stage_founders_depth14,emurgo+iog,pool1ukeqarukv9gxwy9pt8jkr4qvad2yf87758g3xzemmvmtk8lrynp,CRDN1,"CARDANIANS.io #2",15,10,8277082144,8277.082144,11,374
2026-06-11T13:49:05Z,abcde_forensics_stage_founders_depth14,emurgo+iog,pool1qqqyv9pn9typyqwcxqk5ewpxy5p27g5j2ms58hpp2c2kuzs5z77,ANGEL,ANGEL stake pool,7,7,8129920673,8129.920673,11,289
2026-06-11T13:49:05Z,abcde_forensics_stage_founders_depth14,emurgo+iog,pool1gqgyta9sku3crjzfl9kj7kxsgfkt98y98yeu09kx22zscrezuj7,FORTE,The independent,2,2,8079777772,8079.777772,13,425
2026-06-11T13:49:05Z,abcde_forensics_stage_founders_depth14,iog,pool194nk2ayveph0ap30t2ltpsp8r7gax6xnqqfrankuq780ysdrhrk,,,2,1,8074431236,8074.431236,13,325
2026-06-11T13:49:05Z,abcde_forensics_stage_founders_depth14,emurgo+iog,pool1qqq9tqyj69j9kygpxza3h82ynh8d0xlueucnu2yqum8nse8hj7y,SION,"ANGEL stake pool #2",2,2,8069164594,8069.164594,12,257
2026-06-11T13:49:05Z,abcde_forensics_stage_founders_depth14,iog,pool1e4tjrl3ve7dcqwa70pexds6f8llk0txx09gm3r4m472ej4p6473,1PCT8,"1 Percent Pool #8 (v2)",30,14,8067915000,8067.915,10,607
2026-06-11T13:49:05Z,abcde_forensics_stage_founders_depth14,iog,pool12967a8v8vaz5d7pvphhdnmq0slrg4d3n0wp772fgm04e2g2m9gv,PYUR,Pyur Ada Pool,3,1,8056585239,8056.585239,13,255
2026-06-11T13:49:05Z,abcde_forensics_stage_founders_depth14,iog,pool1ktgug7wwf9k4hcsuk68ftkh8xs5n0333fzxyw9sagz8njhlskgm,TREE,ADATree.io,6,4,8032379852,8032.379852,12,503
2026-06-11T13:49:05Z,abcde_forensics_stage_founders_depth14,emurgo+iog,pool1xkwnlr34tjrnkz6u4c0p36cju3xuls4dyynsdkf6cv22ksuhz6q,EMUR2,EMURGO 2,4,3,8027821116,8027.821116,11,538
2026-06-11T13:49:05Z,abcde_forensics_stage_founders_depth14,iog,pool1n500map6vvxwkxnrw5m9vgmjqrmtaxuuxkgqvzz7699c7qc550v,TEXAN,Texan_Stakes,2,2,8000227092,8000.227092,14,252
2026-06-11T13:49:05Z,abcde_forensics_stage_founders_depth14,emurgo+iog,pool1xjhzgchsl2ccvc5pj3aqytv9hh0jnaz63wtfnw4th07tjypm46x,SECUR,THREE SecureStaking.io,12,9,7981966594,7981.966594,11,513
2026-06-11T13:49:05Z,abcde_forensics_stage_founders_depth14,emurgo,pool1wf7wk3802jxtkmek6uprm77cgqx53t4qep9kwkl078w3yw0ff69,DNEWS,DigitalAssetNews,2,2,7941264491,7941.264491,13,242
2026-06-11T13:49:05Z,abcde_forensics_stage_founders_depth14,emurgo+iog,pool1jhzf2mm6zdlhl6w89uhgx8nq8p6ykcc86qq58vjy0ejyxrrksfj,LOVE,StakeLove,3,3,7934884822,7934.884822,11,456
2026-06-11T13:49:05Z,abcde_forensics_stage_founders_depth14,iog,pool14cteh4nuwyvqadavujaf8qy05g208y66ddmct4vwlzurj0zluet,NOBES,Crypto Nobes Official Stake Pool,6,4,7910540624,7910.540624,13,260
2026-06-11T13:49:05Z,abcde_forensics_stage_founders_depth14,iog,pool1yet04d4ykpp7me8uc2jx2glxrx88kt9uhmv6jeh7xkmtu5zucna,AUTO,AutoStake IV,2,2,7889434782,7889.434782,13,251
2026-06-11T13:49:05Z,abcde_forensics_stage_founders_depth14,iog,pool1k6altfangsst2mmxg8a9wvg3dppyszu8ckfzd3uv6azgw3z2txy,ELITE,02  ▫  Elite Stake Pool,17,11,7807052219,7807.052219,11,269
2026-06-11T13:49:05Z,abcde_forensics_stage_founders_depth14,iog,pool1jf4kt5qvyx4plvv7gna2y2f7xsjh3mt2szk2ff23ryd8qg826hj,NEWM,NEWM Stake Pool,3,3,7718809080,7718.80908,13,327
2026-06-11T13:49:05Z,abcde_forensics_stage_founders_depth14,iog,pool13xh3tgwzhr3hn25v5m2dnvqnfcmnzghcfah5t7kzufkywuy7w7v,,,5,5,7676137374,7676.137374,13,269
2026-06-11T13:49:05Z,abcde_forensics_stage_founders_depth14,emurgo+iog,pool136wr0g23dw9daekuyqtgk366vywms6meespgpm3hdguxqczaaug,DAVID,David Likes Crypto ADA Stakepool,6,3,7657417452,7657.417452,11,253
2026-06-11T13:49:05Z,abcde_forensics_stage_founders_depth14,iog,pool1r9qyjstrc050njg8lm7wxy5874mgu322vyljntdsm5qgxvjcewv,SHEIN,CRYPTOSHEINIX,4,4,7643280800,7643.2808,14,290
2026-06-11T13:49:05Z,abcde_forensics_stage_founders_depth14,iog,pool1hn7hlwrschqykupwwrtdfkvt2u4uaxvsgxyh6z63703p2knj288,,,3,1,7626164217,7626.164217,12,250
2026-06-11T13:49:05Z,abcde_forensics_stage_founders_depth14,emurgo+iog,pool1rj6apcqxcvavaxp22f75zs9upphena7ntsnut2efvq98g4404up,APP,ADA Point Pool,5,4,7616345326,7616.345326,12,256
2026-06-11T13:49:05Z,abcde_forensics_stage_founders_depth14,iog,pool1gx6eawfvnhckevmlzhfz9j3uzj92j2wgww0mdd2fu5d4zd4wvaa,BSSP2,Black Star Stake Pool 2,8,7,7572096366,7572.096366,12,287
2026-06-11T13:49:05Z,abcde_forensics_stage_founders_depth14,iog,pool1enul577he3e0s500lv8z98m6k936uecz2rpckxxmmk8c7k0n2rd,PXLZ,PXLZ Staking Pool,6,4,7537014344,7537.014344,13,527
2026-06-11T13:49:05Z,abcde_forensics_stage_founders_depth14,iog,pool1vdh6kxcqt9mxavyv80ggnec6jjwms44ms30rhle3lt266aj8jgh,NEDS4,NEDSCAVE.IO,4,4,7339279255,7339.279255,13,317
2026-06-11T13:49:05Z,abcde_forensics_stage_founders_depth14,iog,pool1xgwvxpas3r8nvg9z0f5cdcyr56whynkl9dpa0ukpq4ztjfspk9r,,,17,10,7305746486,7305.746486,13,257
2026-06-11T13:49:05Z,abcde_forensics_stage_founders_depth14,emurgo+iog,pool1c89d4drtwn0048mekkdkzllz559ahnntxelyw2mppxnmc36hjlx,CLIO1,CLIO1,3,2,7188279114,7188.279114,13,253
2026-06-11T13:49:05Z,abcde_forensics_stage_founders_depth14,emurgo+iog,pool17xextu09ghdfcmsq83whq0a45geg83jxe4qt94sevu087tzdzkl,ONYX,"ONYX Stake Pool #1",9,7,7175332904,7175.332904,11,256
2026-06-11T13:49:05Z,abcde_forensics_stage_founders_depth14,emurgo+iog,pool1uj4u73qgtprqre78q75fq2vkcrpfrcdreqcqkvn6u0m2k6nk2yp,EVE1,Everstake,19,16,7166334542,7166.334542,12,321
2026-06-11T13:49:05Z,abcde_forensics_stage_founders_depth14,emurgo+iog,pool1eqj3dzpkcklc2r0v8pt8adrhrshq8m4zsev072ga7a52uj5wv5c,OTG,🌟 Star Forge ⚡,5,1,7125122139,7125.122139,14,372
2026-06-11T13:49:05Z,abcde_forensics_stage_founders_depth14,emurgo+iog,pool1vxz0deezj5c2950e7arpzfqxzq8zd9kawsullrzjw5rsq0yhxgr,ZZZ,ZZZ,1,1,7093245671,7093.245671,12,258
2026-06-11T13:49:05Z,abcde_forensics_stage_founders_depth14,iog,pool1v4xevkf7fx08pzy7atsk59dds6p0sdyl6xmhwf4mh79x6l5p6kx,DIVY,DISCO CLUB,11,10,7044709929,7044.709929,12,290
2026-06-11T13:49:05Z,abcde_forensics_stage_founders_depth14,iog,pool1hnnfvsq3xlln6vz7d2xmk6kqekd5z4ctmfpdad8g8kr0yk8kdfd,AZDFM,AZDFM stake pool,6,6,7034437027,7034.437027,12,330
2026-06-11T13:49:05Z,abcde_forensics_stage_founders_depth14,iog,pool1r0dcmvzsldk06yagudxaajqjuzhvwlzcnaclcwtvm8v4qmsn7l0,,,8,1,6977049259,6977.049259,11,251
2026-06-11T13:49:05Z,abcde_forensics_stage_founders_depth14,iog,pool1pxw4z2m0lmw422hr32dwyy3uz9436g8p7qdmg2sl2w0m5pyk3yn,STOIC,Stoic Pool,8,6,6943975447,6943.975447,12,314
2026-06-11T13:49:05Z,abcde_forensics_stage_founders_depth14,iog,pool13zq5jktx7xmngfer82nkrs8aqjklmydntxdqzttas328yuttgx6,,,2,2,6825782079,6825.782079,13,268
2026-06-11T13:49:05Z,abcde_forensics_stage_founders_depth14,iog,pool17pv7m8h5dxsyt55upay8n8ake2cgcz4mcr737um2tl8d2wthzqr,MEDIA,Powered by Cardano Stakepool,31,19,6766647620,6766.64762,13,331
2026-06-11T13:49:05Z,abcde_forensics_stage_founders_depth14,iog,pool16pv24th2tzy8k70vk4ms35tff0fjxfm2dd2psk7cvs27wnjvlgh,,,8,4,6730503753,6730.503753,13,551
2026-06-11T13:49:05Z,abcde_forensics_stage_founders_depth14,emurgo+iog,pool1j6490a90qefvsqxdurf99z9ld50rtthaz9ms6c8xh78s52veuq2,CETH,Cardano Education Thailand,2,2,6654515881,6654.515881,13,246
2026-06-11T13:49:05Z,abcde_forensics_stage_founders_depth14,emurgo,pool1rkyc3ss904h066sffergss99r9p2kqa4k6ds0g4u5ud4x7yaajd,1PCT5,"1 Percent Pool #5 (v1)",6,1,6644026874,6644.026874,12,210
2026-06-11T13:49:05Z,abcde_forensics_stage_founders_depth14,emurgo+iog,pool1fv9f8phzn7hp623ypw6ctf73a98hd7nrh8wm7glpcuhf64856g2,,,1,1,6620000000,6620.0,13,250
2026-06-11T13:49:05Z,abcde_forensics_stage_founders_depth14,emurgo+iog,pool1qzlwlyu92fsx94qu6u5nw3sy334f5yat3dv3jgx0grrsv0kp422,BCSH1,Blue Cheese Stakehouse,4,4,6610117642,6610.117642,12,317
2026-06-11T13:49:05Z,abcde_forensics_stage_founders_depth14,emurgo+iog,pool1ywpt43nttzjd7883wafg255mh0hmjypwe65ercw6p2sxg5lt7ez,EVE4,Everstake,17,8,6582862745,6582.862745,12,461
2026-06-11T13:49:05Z,abcde_forensics_stage_founders_depth14,emurgo+iog,pool1u6kpt8hgqcm596kukj97ghefmxn8ks2cgwg8qqe0gtgscnufk5p,ATLAS,AtlasStakePool,4,4,6579833887,6579.833887,12,407
2026-06-11T13:49:05Z,abcde_forensics_stage_founders_depth14,iog,pool10capak8jppvj8h46e35xdth6h22pahtr3lcgscrpa06jzv0xn8w,SWAG,SWAG,14,11,6579818453,6579.818453,13,267
2026-06-11T13:49:05Z,abcde_forensics_stage_founders_depth14,iog,pool1ea34czsr90yc63fmv4gj4tetp7ds7c4jhpj6vqg4yw40wvygdl3,SMILE,SMILES ON AFRICA,6,6,6574196422,6574.196422,13,338
2026-06-11T13:49:05Z,abcde_forensics_stage_founders_depth14,emurgo+iog,pool1v4xevkf7fx08pzy7atsk59dds6p0sdyl6xmhwf4mh79x6l5p6kx,DIVY,DISCO CLUB,2,2,6520963093,6520.963093,12,255
2026-06-11T13:49:05Z,abcde_forensics_stage_founders_depth14,iog,pool1s79cqtwk5s24lcske704ckx7k2pagn8hc95rxvy3xfda6r62pg9,UK007,Global UK Staking Pool by the Three Lions,9,8,6503663295,6503.663295,10,255
2026-06-11T13:49:05Z,abcde_forensics_stage_founders_depth14,iog,pool1pu49urd00qf9zzeghrks03tvszzvrdzecw649ag5dwd07snx69n,SWING,Ada Swing,1,1,6501825567,6501.825567,14,275
2026-06-11T13:49:05Z,abcde_forensics_stage_founders_depth14,emurgo,pool1nhlv5z2lsptzgcp9ype0mppc7zyndm66ypm4sw5hy27ewdchqx0,PPCX2,P2P & CEX,2,2,6478826371,6478.826371,14,276
2026-06-11T13:49:05Z,abcde_forensics_stage_founders_depth14,emurgo+iog,pool1ahazpr2yz5gljk2m4q8g7wnmq7m2sr9unhdfmr5arhqrjnntwdz,ADV3,ADAvault Stake Pool 3,3,3,6478469312,6478.469312,13,525
2026-06-11T13:49:05Z,abcde_forensics_stage_founders_depth14,iog,pool17h6slydr6rd9vquqa38p5cf9xqnpc24w6a99rhllcjzljgugx6x,NETA1,anetaBTC - Pool 1,8,4,6437502843,6437.502843,13,325
2026-06-11T13:49:05Z,abcde_forensics_stage_founders_depth14,iog,pool19ru9alj7n5anmzs0f9gpzlj8kaq44yhcp45mldjvldxck8f6yg6,XRAY4,XRAY | Network,16,14,6427009726,6427.009726,13,356
2026-06-11T13:49:05Z,abcde_forensics_stage_founders_depth14,emurgo+iog,pool17ynruzy9lvq0x55ks22vtf4lrrdrw2ucydh4tfzhg9kkyeaw8nf,ASN,AdaStarNode,15,8,6416012280,6416.01228,11,329
2026-06-11T13:49:05Z,abcde_forensics_stage_founders_depth14,emurgo+iog,pool15zrkyr0f80hxlt4scv72tej8l8zwrcphmrega9wutqchjekceal,ZETE,Zetetic,8,5,6361684859,6361.684859,12,287
2026-06-11T13:49:05Z,abcde_forensics_stage_founders_depth14,iog,pool1jmx55w5ydjkn4xd58gmr9xgt5t46ngs48aek779t92e7zcqfw97,AAATO,AAATO,5,5,6346538228,6346.538228,13,586
2026-06-11T13:49:05Z,abcde_forensics_stage_founders_depth14,emurgo+iog,pool19r8kcmqpajlm6h5q0lv8jye0q7evdur39wfsgs4z98fcqpz9lct,BLOOM,Bloom Five,11,5,6333081933,6333.081933,12,304
2026-06-11T13:49:05Z,abcde_forensics_stage_founders_depth14,iog,pool1gslrt6mmljsqkzft6nd0q7w7g2fyhxpxx6sj4ff68x22kwx6unm,GOOF,Goofinator Pool,5,5,6279707922,6279.707922,13,545
2026-06-11T13:49:05Z,abcde_forensics_stage_founders_depth14,iog,pool1lkuwrel3s8er6v0snw69gumsaugydz9n0vl87n7mygh576mwcy0,ATFF,Austrian Volunteer Firefighters,3,2,6275207404,6275.207404,14,324
2026-06-11T13:49:05Z,abcde_forensics_stage_founders_depth14,iog,pool17ajuw0arwq8klfe4xy8tcqj4yetp8kerl4amzn5dsnne20wlnsa,,,24,20,6237100484,6237.100484,12,262
2026-06-11T13:49:05Z,abcde_forensics_stage_founders_depth14,emurgo+iog,pool1yc6f3cqsc7jfh07hcns64v5cp8720mve870pgxf2wkr3u8l7tse,HYPER,Hyperlink Pool,12,7,6209338624,6209.338624,11,510
2026-06-11T13:49:05Z,abcde_forensics_stage_founders_depth14,emurgo+iog,pool1ld9hkah2dkzh73pvh9tf6xr0x28us34msv3zcv2sase5vhvq962,KOPI,KOPI 咖啡 Singapore,7,5,6199238290,6199.23829,11,474
2026-06-11T13:49:05Z,abcde_forensics_stage_founders_depth14,emurgo,pool1zj4h7kc6v53q9r8x3fwzfuayf2frwme8u5k86gu0uzeeuvqxgul,,,1,1,6191700000,6191.7,14,288
2026-06-11T13:49:05Z,abcde_forensics_stage_founders_depth14,iog,pool1ha4z9zne9z7he43qf0tzv9pdq8cdj63xfrj8s246u89lkcwmq7w,VADA,Vada Pool,4,4,6156240004,6156.240004,14,262
2026-06-11T13:49:05Z,abcde_forensics_stage_founders_depth14,iog,pool1fmcv9p7vv754rwc0p6ud2mgm76vnn0gq0gngrk7rq400vsvhsvs,JAZZ4,JAZZ4,3,3,6155501895,6155.501895,13,573
2026-06-11T13:49:05Z,abcde_forensics_stage_founders_depth14,emurgo+iog,pool1qqqq4md2rfdt75qvh3x9cgmkrgkl74ctcj3fnxpu3ylcudl22ex,MASTR,Masterstake,2,2,6107070000,6107.07,12,283
2026-06-11T13:49:05Z,abcde_forensics_stage_founders_depth14,emurgo+iog,pool1u4sxd6x0qsy7evljt24vtnyhpxd098n609sfcmly6c096mr3jgq,SCAR,SCARdano,3,3,6101281592,6101.281592,11,317
2026-06-11T13:49:05Z,abcde_forensics_stage_founders_depth14,emurgo,pool1zk6uxgptztrxxamzd0ugrtu84xg8mjymd2xcdvxqazpruqt9r3x,OCEA1,ADA Ocean One,1,1,6099893000,6099.893,13,234
2026-06-11T13:49:05Z,abcde_forensics_stage_founders_depth14,emurgo+iog,pool1lvsa8e0dw6z8g2fkw7prnfa7627wuy5jjexaadck6w5sxw5xkvm,DIGI2,Digital Fortress,2,2,6083116000,6083.116,12,338
2026-06-11T13:49:05Z,abcde_forensics_stage_founders_depth14,iog,pool1ulx9ennungrtcucslrpz93cze5fddlg96h0wwj83p6fpsrvgz2v,GENKI,GENKIPOOL,8,6,6071893925,6071.893925,13,255
2026-06-11T13:49:05Z,abcde_forensics_stage_founders_depth14,emurgo+iog,pool1eaeynp2hs06v4x8q65jfm2xqcd3dc80rv220gmxvwg8m5sd6e7a,HODLR,Midnight ▫ 0% fee,2,2,6060701015,6060.701015,13,525
2026-06-11T13:49:05Z,abcde_forensics_stage_founders_depth14,iog,pool1r5dqwfl3etjylqqsj8lzhqx4tz0nllkjf3sz4r0heke2xs5kwap,,,2,1,5997824863,5997.824863,14,255
2026-06-11T13:49:05Z,abcde_forensics_stage_founders_depth14,cf,pool1k633phcvz2hjhj45evwwau4w576jpq83acg5h84w23jauqu56cw,NORTH,"#4 Nordic Pool",2,1,5994529068,5994.529068,14,354
2026-06-11T13:49:05Z,abcde_forensics_stage_founders_depth14,emurgo+iog,pool1wf7wk3802jxtkmek6uprm77cgqx53t4qep9kwkl078w3yw0ff69,DNEWS,DigitalAssetNews,10,7,5963245181,5963.245181,11,335
2026-06-11T13:49:05Z,abcde_forensics_stage_founders_depth14,iog,pool14ku0z9rx9yx34zl00jtxtpyv6ehytfl8fewztavx7qvju7nrtr8,BOT,Rewards Notifications Bot Pool,1,1,5963110596,5963.110596,13,223
2026-06-11T13:49:05Z,abcde_forensics_stage_founders_depth14,emurgo+iog,pool1a4qtpgce7cu6wzc79fx7qrc3938hkl2gf8c2h5jugvm2gnu86l7,,,9,7,5921670846,5921.670846,12,263
2026-06-11T13:49:05Z,abcde_forensics_stage_founders_depth14,iog,pool1qetkrhjs9fll3nthuxk6zp0ssanf3rszg5wh8x79mg67gsg7vjv,,,2,1,5891500000,5891.5,14,254
2026-06-11T13:49:05Z,abcde_forensics_stage_founders_depth14,emurgo+iog,pool14enw2643rn9nn6yzv60jyz3hj4kxs0jvap87lkgsqykh508jxm6,STSH2,"Stake Shark #2",16,16,5867644180,5867.64418,12,528
2026-06-11T13:49:05Z,abcde_forensics_stage_founders_depth14,emurgo,pool1xwqye6mlftwjg706acz5fjqz7gmf4qdye99zsjl03a4ru68ghee,ANET,AdaNet.io,1,1,5849600000,5849.6,14,368
2026-06-11T13:49:05Z,abcde_forensics_stage_founders_depth14,emurgo+iog,pool1rpjjz68kmmetyxztmrstrwgz8lxf6v0d7vqgw98r5x8rc50jrdf,DEW,Dew Staking Solutions,14,11,5821991832,5821.991832,11,320
2026-06-11T13:49:05Z,abcde_forensics_stage_founders_depth14,emurgo+iog,pool106p2jjwuwagq2as7cdzx4y6cyc2pdj7a3h3vv5cvkvnskegff3w,VOLT,VoltPool,7,7,5799970679,5799.970679,12,470
2026-06-11T13:49:05Z,abcde_forensics_stage_founders_depth14,iog,pool1kffetqjt06qvk4995tz3e3q9h3c8cdq9eedrz8qr3ynnc63qckz,LUNA,"#Luna Staking",10,9,5773892352,5773.892352,12,262
2026-06-11T13:49:05Z,abcde_forensics_stage_founders_depth14,iog,pool1d0vm9y545l3y2g9pamx45k4e498nllhd8wy4289vw8mt70am2r8,,,2,2,5651900000,5651.9,14,288
2026-06-11T13:49:05Z,abcde_forensics_stage_founders_depth14,emurgo+iog,pool1668w66pcrdjmavz0c7vym7s4d3xm7578jy0fqzhk55677t4etud,KARMA,StakeADA Pool,3,1,5569641765,5569.641765,11,248
2026-06-11T13:49:05Z,abcde_forensics_stage_founders_depth14,iog,pool16r0t5fwwnehltxhh7wfstl8rwvjpz4npdn0s5jd36j0ysflw7ef,NANI,NANI Pool,7,4,5550264918,5550.264918,12,255
2026-06-11T13:49:05Z,abcde_forensics_stage_founders_depth14,iog,pool1ayfjmnrv5vg6tfducvysn360re6qfwuv2rhc4ph6jk33ztuxlhq,1PCT5,"1 Percent Pool #5 (v2)",13,9,5543131124,5543.131124,12,267
2026-06-11T13:49:05Z,abcde_forensics_stage_founders_depth14,emurgo+iog,pool1lqpymyzg9glc88r7urptuv0d8t2tu9ty7xtshvxmgpu0j4lp8p3,VINCE,VINCE pool,7,6,5515895644,5515.895644,11,265
2026-06-11T13:49:05Z,abcde_forensics_stage_founders_depth14,emurgo+iog,pool16ajaae2n5lsyr4f9k9uz5y8tpf0996tw640dzu7chwp2wdrnz6a,BLADE,BLADE Pool,5,5,5513617760,5513.61776,12,635
2026-06-11T13:49:05Z,abcde_forensics_stage_founders_depth14,emurgo+iog,pool1xlphlhnjvfeh40vcqf9fdewztsj6kyxq6604kaccpv00umjfu0d,FISH,stakefish,15,8,5464871824,5464.871824,11,348
2026-06-11T13:49:05Z,abcde_forensics_stage_founders_depth14,emurgo,pool1jst7rrhucnp93hepezv5yqy6fx982xs2v0udwfc5ea6my3kfak7,ESTK,Everstake,5,3,5454084662,5454.084662,14,239
2026-06-11T13:49:05Z,abcde_forensics_stage_founders_depth14,emurgo+iog,pool1vc8jp7uagxgh8trzx7r260ndcydz89ges8sws05cyv7jj8q8gqs,OCEA3,ADA Ocean Three,4,4,5436481204,5436.481204,12,372
2026-06-11T13:49:05Z,abcde_forensics_stage_founders_depth14,emurgo+iog,pool1vpa84enqxhh5hnyypeqfshsgqhnjfzyddgq7z4tfmavh68c9s9p,CHAOS,Chaos,2,1,5429683812,5429.683812,12,328
2026-06-11T13:49:05Z,abcde_forensics_stage_founders_depth14,iog,pool180pfdeg9shtdu47hcjdw2kcxhz7r6pz3juzej8mkdjvtjt7mkm0,SOLO,SOLO,3,3,5429556856,5429.556856,13,262
2026-06-11T13:49:05Z,abcde_forensics_stage_founders_depth14,iog,pool1al783um2muyhrpcj779y46z0qtnd0nteu0y5jt7252nl26dt0h0,,,4,3,5409233480,5409.23348,14,277
2026-06-11T13:49:05Z,abcde_forensics_stage_founders_depth14,emurgo,pool1wyfau3rlkckr3clr4mkyxn9vdlrkup0fj7uyyflfccmms24gm3a,TERA,⭐ TERA ⭐,2,1,5357864069,5357.864069,14,238
2026-06-11T13:49:05Z,abcde_forensics_stage_founders_depth14,iog,pool170hmssk80z2ameg7jhj5m8psnkjejcc77vfpd0875yggxhhntd0,21ADA,21ADA,19,16,5336271857,5336.271857,13,516
2026-06-11T13:49:05Z,abcde_forensics_stage_founders_depth14,iog,pool1aqt8ycgfpavswxxs7m7n8rz4atqlanpcmf73gq50rmr8um7nde8,KEI,KEI,3,1,5311387731,5311.387731,12,252
2026-06-11T13:49:05Z,abcde_forensics_stage_founders_depth14,emurgo,pool138m7hevnvp664cmtralju857t5k7e4frpnaevtgpuykggr50kne,ITC,Into the Cryptoverse,3,3,5295863527,5295.863527,10,310
2026-06-11T13:49:05Z,abcde_forensics_stage_founders_depth14,iog,pool1mg37s4w4uzsmw27nsnz2mwfll8sdawngvy3n657t7nd0yjcd77e,TSC,TSC Stake Pool,10,6,5261374173,5261.374173,12,520
2026-06-11T13:49:05Z,abcde_forensics_stage_founders_depth14,iog,pool144m894gswuy3se407ma5870nkaw5ylykrak73gf4kpepj50ulfa,CLUB,Cardano Club,10,7,5220161388,5220.161388,12,269
2026-06-11T13:49:05Z,abcde_forensics_stage_founders_depth14,iog,pool1v3k049f5aypn325f3rvn79765cuvqrvlhmqyzj835frn6ya03qp,,,2,2,5212081040,5212.08104,14,252
2026-06-11T13:49:05Z,abcde_forensics_stage_founders_depth14,iog,pool17rns3wjyql9jg9xkzw9h88f0kstd693pm6urwxmvejqgsyjw7ta,0PCT,0 Percent Pool,7,6,5181295023,5181.295023,12,261
2026-06-11T13:49:05Z,abcde_forensics_stage_founders_depth14,emurgo+iog,pool1n0uxgs5qfk5n9xl7qvq9jt8zuu02cntrsjnjayjlqtejyffnemj,EVE7,Everstake Partner,1,1,5164338959,5164.338959,13,609
2026-06-11T13:49:05Z,abcde_forensics_stage_founders_depth14,iog,pool145ak0czqxe97ef38zjupk0pz5yk7pahcyrdfee2lrnsnwawj6dc,TIA,The Investor Accelerator Staking Pool,5,5,5163329847,5163.329847,13,306
2026-06-11T13:49:05Z,abcde_forensics_stage_founders_depth14,iog,pool1ffrre548h22n68ln29xph3qezrag3z8ad0kg8yzu6epds3qr58k,OCEA6,ADA Ocean Six,8,5,5130102627,5130.102627,12,330
2026-06-11T13:49:05Z,abcde_forensics_stage_founders_depth14,emurgo+iog,pool14u30jkg45xwd27kmznz43hxy596lvrrpj0wz8w9a9k97kmt4p2d,,,5,5,5122056693,5122.056693,11,435
2026-06-11T13:49:05Z,abcde_forensics_stage_founders_depth14,iog,pool1hqwxta8p0j8ffkyle5mf6yg80tucqzh8q9mszws60xe5ja06nwa,LUKE,Don’t underestimate the Force,8,8,5121030257,5121.030257,12,261
2026-06-11T13:49:05Z,abcde_forensics_stage_founders_depth14,emurgo+iog,pool1nhd907krga9dh69kf0jg4tl0764rravepy337gptvsknxyyx94k,TOPO⚡,TOPO⚡ Pool,7,5,5113946894,5113.946894,12,254
2026-06-11T13:49:05Z,abcde_forensics_stage_founders_depth14,emurgo,pool1zmfpd5r5vfwjmwm4cgy53exe58h7plnecny3t4948yw7zumzp4c,ALPS,ALPS - The Alpine Stake Pool,2,2,5039436553,5039.436553,14,301
2026-06-11T13:49:05Z,abcde_forensics_stage_founders_depth14,iog,pool1ea9mdplehlxeqhv8ax9ldh36gltqqma7c5cm30jw09r2y30646r,LEAVE,Leave this pool,2,2,5039359865,5039.359865,13,254
2026-06-11T13:49:05Z,abcde_forensics_stage_founders_depth14,iog,pool1etfar35l4tf6vam3gvqf5dnaq7levz32vgw4p00jzk7q7twg2te,POP2,POP2,5,1,5038865433,5038.865433,13,246
2026-06-11T13:49:05Z,abcde_forensics_stage_founders_depth14,iog,pool1mm7avcuw8v6f86esqtt6xx6rkagryrfq22y994snes832rjs2mt,,,4,4,5037201326,5037.201326,12,269
2026-06-11T13:49:05Z,abcde_forensics_stage_founders_depth14,emurgo,pool13annzt9hjfc822f0ejvxjf7fsmxd6cc28whpk5kagec6ggfmm7u,STSH3,"Stake Shark #3",3,3,5035208667,5035.208667,13,254
2026-06-11T13:49:05Z,abcde_forensics_stage_founders_depth14,cf,pool1nudasuv0lljpe0tswcverqvlh0v4226vgnpsuxn0e9nkvnvcvne,STI,stakit.io Pool by TOBG,1,1,5000000000,5000.0,14,219
2026-06-11T13:49:05Z,abcde_forensics_stage_founders_depth14,iog,pool18qddv82sx8p22uxzdrf0qx9lkewxadlr9ef45kpcf7dzz3n56qv,ALFA,Alfa Pool,13,8,4986904200,4986.9042,13,587
2026-06-11T13:49:05Z,abcde_forensics_stage_founders_depth14,iog,pool1szy2tdjj8a4av365wk3q2fqg9srllmt0383e6v9p664ng076x9e,XRAY5,XRAY | Network,13,4,4943897657,4943.897657,10,331
2026-06-11T13:49:05Z,abcde_forensics_stage_founders_depth14,iog,pool18jrsaddmrwtrdycydmk3zv0fxawnv0q8xh7f6fyp2r247zz9tc5,,,1,1,4917814834,4917.814834,14,260
2026-06-11T13:49:05Z,abcde_forensics_stage_founders_depth14,iog,pool1m3wam7j8xjahp5mq03rfkcfcy45kevzfyekmdy74x8ghgpm5cdz,,,3,2,4894433665,4894.433665,13,216
2026-06-11T13:49:05Z,abcde_forensics_stage_founders_depth14,emurgo+iog,pool1uq8l234306m76unyz8kuwnkvmtvazaks6vuvyx3a3khngavvcw0,PLTUS,"💰 Plutus Staking #1 💰",5,4,4851412850,4851.41285,13,255
2026-06-11T13:49:05Z,abcde_forensics_stage_founders_depth14,iog,pool1ct59zfxfvtv74k3mmukq5faq7kc48wuxrstyxtd02pxluwf6mkh,,,2,2,4837126906,4837.126906,14,338
2026-06-11T13:49:05Z,abcde_forensics_stage_founders_depth14,iog,pool1twd9vvegn3fqq0f4n08p3aml2ud8q87njs49900rycj4sr5hhcy,AOAUS,ADA Ocean Australia,19,11,4808414219,4808.414219,12,632
2026-06-11T13:49:05Z,abcde_forensics_stage_founders_depth14,emurgo+iog,pool1zgxvcqf0dvh0ze56ev2ayjvuex3zdd3hgxzdrcezkx497mv3l7s,RSTK,Everstake,11,9,4787090403,4787.090403,11,271
2026-06-11T13:49:05Z,abcde_forensics_stage_founders_depth14,iog,pool18qlwnav8ca79dqlw5grnt96f0pxe4awdyvrdpxde89ln7th9utp,,,3,1,4708992250,4708.99225,12,364
2026-06-11T13:49:05Z,abcde_forensics_stage_founders_depth14,iog,pool1l54qvzlg2jfalkcram9kxsa8vcmgy0fz845q5gptjq8k20kzg2r,RADAR,RADAR Stake Pool,3,2,4639500000,4639.5,13,331
2026-06-11T13:49:05Z,abcde_forensics_stage_founders_depth14,emurgo+iog,pool1qzlw7den2mlj0fmm65g0fnf46vyhzkhmdaf0f8v3s6skuue6rlk,BCSH4,Blue Cheese Stakehouse,1,1,4623948623,4623.948623,13,321
2026-06-11T13:49:05Z,abcde_forensics_stage_founders_depth14,emurgo+iog,pool1n2yp66zk6m33sg8k20hsvmk9tw7xeeswzdcfxhnx9hm9jkxv5k4,ONE1,ONE Pool,1,1,4616886357,4616.886357,14,268
2026-06-11T13:49:05Z,abcde_forensics_stage_founders_depth14,iog,pool137x32lrkprphrd0aa8x4jqz98z6lc0wawlc88hdjeps4qe408ad,KUBE,The Kube Room,2,2,4571762876,4571.762876,14,458
2026-06-11T13:49:05Z,abcde_forensics_stage_founders_depth14,iog,pool12pvaxxcv3sgad5jqgfnggn337y76kp02uauptkufjjjes7nxwfm,,,2,1,4549400000,4549.4,13,232
2026-06-11T13:49:05Z,abcde_forensics_stage_founders_depth14,iog,pool1hv3yae6keeeu2y7eusejx4swd2myfkurldt7lasn2qu4xk20j8m,BLESS,God BlESS You,3,2,4524016868,4524.016868,13,544
2026-06-11T13:49:05Z,abcde_forensics_stage_founders_depth14,emurgo,pool173mzegwuu0pjcrt60ekelzj5haqr8r5e4e0n45qh9jdz7xm5kh8,ROCKY,Rocky Mountain Pool,1,1,4500000000,4500.0,14,262
2026-06-11T13:49:05Z,abcde_forensics_stage_founders_depth14,emurgo+iog,pool1t9m69j5thv2ke9jt9hhsgxlag44z7erp2s2ukcpruwhwqarc9np,CEMA1,Centimani Stake Pool,1,1,4499000000,4499.0,11,252
2026-06-11T13:49:05Z,abcde_forensics_stage_founders_depth14,iog,pool1s0kkragd8r2xyyms680l9eed443v3eufmarykpjfh2r6cpksm2j,,,2,1,4498000000,4498.0,14,278
2026-06-11T13:49:05Z,abcde_forensics_stage_founders_depth14,emurgo+iog,pool15mv5w2vvfv2kplkrt40ylylyvdudv5axq5nyw6ln3v0gkd2auew,NLD,DutchPool NLD,2,2,4461136589,4461.136589,12,289
2026-06-11T13:49:05Z,abcde_forensics_stage_founders_depth14,iog,pool1ntr0gyvdenpqm9uwwguaw028ayuuck2vx580l2r3radvg6m38pl,FAY,Cryptofay,3,2,4448345818,4448.345818,12,261
2026-06-11T13:49:05Z,abcde_forensics_stage_founders_depth14,iog,pool1wm5quxelvgk8q50jyfznf9asvelp9zf0tk2wu4jazlw9yj4uctw,EU01,StakePool247,6,4,4430659100,4430.6591,13,329
2026-06-11T13:49:05Z,abcde_forensics_stage_founders_depth14,iog,pool1qcw5gq4zsxupu33q4g7d4hqw87tmlzclqut3c9wexczpwfmqfal,,,1,1,4404000000,4404.0,14,584
2026-06-11T13:49:05Z,abcde_forensics_stage_founders_depth14,emurgo,pool1v5u6wzakuc25q3zpx04t8gjz3rgu60wuxkv2mh5nga23xjkc86s,MOKSH,Moksh Stake Pool,1,1,4357375000,4357.375,13,464
2026-06-11T13:49:05Z,abcde_forensics_stage_founders_depth14,iog,pool1ccr56kt2f5tzjvztlkf8zhkpvaawkduwfye8ydsk646lz0m4h5x,APOLO,Apolo Stake Pool,9,6,4354532786,4354.532786,13,337
2026-06-11T13:49:05Z,abcde_forensics_stage_founders_depth14,iog,pool1xxvcz8dem4xufzn74v2y7fs709mfw3tpq963thzg5en5jrkv67a,DUBAI,Empowering Cardano's Future in UAE,7,5,4339361599,4339.361599,13,264
2026-06-11T13:49:05Z,abcde_forensics_stage_founders_depth14,iog,pool1q8fqknvzyj9p4ezhxqdghlc7rnmwvwuku9eevgvl25cpjy385gg,,,4,3,4329639088,4329.639088,13,568
2026-06-11T13:49:05Z,abcde_forensics_stage_founders_depth14,iog,pool12rs385dd534g8gtdtmnvlhq63whdvc6vnuzxa5cpx843zdy73qy,TERA2,⭐ TERA2 ⭐,13,11,4320634914,4320.634914,13,310
2026-06-11T13:49:05Z,abcde_forensics_stage_founders_depth14,emurgo+iog,pool1tdsrw0n33gmy0mzh7cgtn9p0jy5xwjxaa2s26gn2ewf8kg4nrzx,CAFE,CardanoCafe,14,9,4298041451,4298.041451,11,553
2026-06-11T13:49:05Z,abcde_forensics_stage_founders_depth14,iog,pool1sf784g6eje8vzq9f5wu583eurhfq2ee9hzyhl46yezkuqqtmw07,NOVA,🌌 NOVApool.io,4,4,4285797875,4285.797875,13,397
2026-06-11T13:49:05Z,abcde_forensics_stage_founders_depth14,iog,pool1z5rt6kn6yvuczj44qla73mfyln9l55lw0jkz6x4kjw00u32zec3,,,9,6,4273815120,4273.81512,12,449
2026-06-11T13:49:05Z,abcde_forensics_stage_founders_depth14,emurgo+iog,pool1g6g2d09le8hd6nv9jhyavewdnw8tu0ndst4lqysd00ru24cav0a,ONYX,"ONYX Stake Pool #2",2,2,4273000000,4273.0,12,251
2026-06-11T13:49:05Z,abcde_forensics_stage_founders_depth14,emurgo,pool1k0ucs0fau2vhr3p7qh7mnpfgrllwwda7petxjz2gzzaxkyp8f88,POLY,POLYPool,2,1,4256203977,4256.203977,14,615
2026-06-11T13:49:05Z,abcde_forensics_stage_founders_depth14,iog,pool1wll3vr4v605eap9hpjfpda5cjegqfkjt8hrz3kkxpnffqejhav3,,,4,4,4227053663,4227.053663,14,259
2026-06-11T13:49:05Z,abcde_forensics_stage_founders_depth14,emurgo+iog,pool1lr5ku0p3jhykdf3a2kcr0tyra30qvzrtl02dr6uyv98rxdsy3k9,STAKE,🌍 PLANETSTAKE 2,7,5,4199997082,4199.997082,11,291
2026-06-11T13:49:05Z,abcde_forensics_stage_founders_depth14,iog,pool179rm8hz6zw9v9z5ghs85vf4q7vlanvqurxanxzrszjshwaarkck,CROW2,Crowdano Stakepool 2,4,3,4186176213,4186.176213,11,296
2026-06-11T13:49:05Z,abcde_forensics_stage_founders_depth14,iog,pool1zwqrrwpr5zx7c3f4ukpu4r4fz5c2hkwx9vwqka5068urgqvpjzr,CAR,CarPool,2,1,4156776322,4156.776322,14,561
2026-06-11T13:49:05Z,abcde_forensics_stage_founders_depth14,iog,pool1e9tp0emvvg9sc4ds9h4nhwk8qpn6869qwnas2qywu9ep2reaaxe,LORDB,Lord Byron,7,4,4155329037,4155.329037,13,281
2026-06-11T13:49:05Z,abcde_forensics_stage_founders_depth14,iog,pool17s3mr9c4ejjfq20dz0ls9ggskc770kt267s9xmw93payzdswwgg,FIKA,FIKA Pool,20,11,4148403961,4148.403961,13,631
2026-06-11T13:49:05Z,abcde_forensics_stage_founders_depth14,iog,pool1hjjj584gq0ynqf06g036a4a0stpm90asrdfskpasqjxf5948ygv,,,10,10,4081100413,4081.100413,12,261
2026-06-11T13:49:05Z,abcde_forensics_stage_founders_depth14,emurgo+iog,pool1lfvzgsrghmugvpym868mh29288ez0nncz680mamzjygu2jpuwcd,NORTH,"#3 Nordic Pool",8,7,4056393669,4056.393669,12,588
2026-06-11T13:49:05Z,abcde_forensics_stage_founders_depth14,emurgo+iog,pool15wj590e6gsmpmttrxjd0emck09a0h9tazd2ww77q6duyvg8lyum,HUSKY,Husky pool,3,2,4055967658,4055.967658,13,309
2026-06-11T13:49:05Z,abcde_forensics_stage_founders_depth14,iog,pool1n5shd9xdt4s2gm27fxcnuejaqhhmpepn6chw2c82kqnuzdtpsem,ZOE,ZOEPOOL,7,4,4016379268,4016.379268,12,264
2026-06-11T13:49:05Z,abcde_forensics_stage_founders_depth14,iog,pool1cd987kw92e3nmjywcfwfws79a09rwp0p0xj5mdtr39qukxgp9uf,,,6,6,4011436090,4011.43609,13,487
2026-06-11T13:49:05Z,abcde_forensics_stage_founders_depth14,emurgo+iog,pool1zj4h7kc6v53q9r8x3fwzfuayf2frwme8u5k86gu0uzeeuvqxgul,,,4,4,4006377000,4006.377,13,256
2026-06-11T13:49:05Z,abcde_forensics_stage_founders_depth14,iog,pool12u28yewx8ycf6dj77lzpj6vvhjwp6veh6kxpc63h8fqnqqtlwmu,NOOPS,Noops Pool,7,6,3969614304,3969.614304,13,268
2026-06-11T13:49:05Z,abcde_forensics_stage_founders_depth14,emurgo+iog,pool1ttxtgplmy2v7t9s56gm3xxhsyxe68kpx0vu3utts03p2k4x3avl,,,2,1,3933165590,3933.16559,12,322
2026-06-11T13:49:05Z,abcde_forensics_stage_founders_depth14,iog,pool1t847w2hfv33qrra7q33nzq8epvcxv6ydshcq7w7j23c87xv2c2k,CAPO,CardaPool.com - 0% Fees - ¡Midnight Token!,12,12,3929355714,3929.355714,13,609
2026-06-11T13:49:05Z,abcde_forensics_stage_founders_depth14,iog,pool1q2fh3cl6rx0wv5gry4qx5l4h65qpjf7x99xmq66nqj2fj5g6u9z,ASTCH,AssurancePool,9,6,3908782403,3908.782403,13,543
2026-06-11T13:49:05Z,abcde_forensics_stage_founders_depth14,iog,pool1e8vr85ank99g6fx2r7tjel2mh2jyfppnqy6nmp8vr0arys65n05,RELY,Reliable Staking,8,5,3873585700,3873.5857,12,260
2026-06-11T13:49:05Z,abcde_forensics_stage_founders_depth14,iog,pool1p9sda64t6l9802tsu2fj6phvt9xfqgcpjucyr3kek8wzurmn8rz,K8S,K8S Staking Pool,3,3,3857836179,3857.836179,14,253
2026-06-11T13:49:05Z,abcde_forensics_stage_founders_depth14,iog,pool1pzkgztz8y8tgd9tpfu7umep97x7m0c5ck0dpn2vqtf202fyhfv5,,,3,2,3841053372,3841.053372,13,246
2026-06-11T13:49:05Z,abcde_forensics_stage_founders_depth14,iog,pool1gk2kmn8vx7z73rmmfg47pxm03cj6m5v06qqjtgeum95nz5hn8tl,,,2,2,3799127449,3799.127449,13,273
2026-06-11T13:49:05Z,abcde_forensics_stage_founders_depth14,emurgo+iog,pool1uhy50u9y76nd6z2xmzt3mta0yc7g3gdssef8lheyyg7zzymgzm8,NUFIA,Nu.Fi & AdaLite A,14,13,3772920765,3772.920765,12,346
2026-06-11T13:49:05Z,abcde_forensics_stage_founders_depth14,emurgo+iog,pool17rjst78s67lvellg8s586rf076jxa3wnsdz730f4xk2zwuhrtej,NORTH,"#2 Nordic Pool",8,8,3759557256,3759.557256,12,562
2026-06-11T13:49:05Z,abcde_forensics_stage_founders_depth14,emurgo+iog,pool1429egqgv60r3nxlp6cvs08qcffv7duddjvyjd0pt6wzhj7akda8,NASEC,NASEC pool,4,2,3736170587,3736.170587,11,267
2026-06-11T13:49:05Z,abcde_forensics_stage_founders_depth14,emurgo+iog,pool1qqqz9vlskay2gv3ec5pyck8c2tq9ty7dpfm60x8shvapguhcemt,,,2,2,3728000000,3728.0,12,267
2026-06-11T13:49:05Z,abcde_forensics_stage_founders_depth14,emurgo,pool1ppznyu6qrvlw9uuqa3tslryjd40nh56jyvmaqw6kdf4kzq3y8kh,DIGI3,Digital Fortress,3,3,3723159215,3723.159215,14,583
2026-06-11T13:49:05Z,abcde_forensics_stage_founders_depth14,emurgo+iog,pool1ksazs9mzcuyr3mfrvw48dc5wkgsjceztakymmv7jpxle7l2nfs0,TOAST,TOASTY POOL,5,5,3713450244,3713.450244,13,276
2026-06-11T13:49:05Z,abcde_forensics_stage_founders_depth14,iog,pool1mmrdxw97yt9q22yaece43h7em2fhsgumrww7za9jdwt9xraehp4,,,3,2,3709416579,3709.416579,13,245
2026-06-11T13:49:05Z,abcde_forensics_stage_founders_depth14,iog,pool1tx2ewdpde5lk6xy8ge5cu8hr3szj8k42kegrx2sxlw4ngaspfrz,ACCS,"ADA Cadabra StakePool #1",5,3,3705819837,3705.819837,13,255
2026-06-11T13:49:05Z,abcde_forensics_stage_founders_depth14,iog,pool13r377w5pmy4tmhuvw0cf9q23asslzjytsruwa27tdnflq7hfjgk,,,4,3,3686482246,3686.482246,13,294
2026-06-11T13:49:05Z,abcde_forensics_stage_founders_depth14,emurgo+iog,pool1svv9st22dywp9exwsltt7cdc4v2dyrf4zls00jesv2lzvpz45jh,SCAR2,SCARdano 2,6,4,3670355506,3670.355506,11,256
2026-06-11T13:49:05Z,abcde_forensics_stage_founders_depth14,emurgo+iog,pool1457cnl7qu568h98xrw8krfnjkhf05mfhaq2l50epwy36yuln20q,,,1,1,3665330000,3665.33,13,583
2026-06-11T13:49:05Z,abcde_forensics_stage_founders_depth14,iog,pool1qqqqx69ztfvd83rtafs3mk4lwanehrglmp2vwkjpaguecs2t4c2,WOLF,AdaWolf 🐺,4,4,3654346200,3654.3462,13,318
2026-06-11T13:49:05Z,abcde_forensics_stage_founders_depth14,iog,pool19ae6xhzsscypyha0sszv90xwjsh20hxecxjpcqynshfawvwxqnn,GENE,genePool One,5,2,3651019210,3651.01921,14,252
2026-06-11T13:49:05Z,abcde_forensics_stage_founders_depth14,iog,pool1w7pt822hfgw30xnkwpjzz0sr5psejksqdcdw4l0ms33lsgynp2e,COOL4,COOL4,6,5,3649493157,3649.493157,13,257
2026-06-11T13:49:05Z,abcde_forensics_stage_founders_depth14,emurgo,pool14zdcvdec8qmqzsat5wg3a2h9f0u5yzrgjew534z8u3gs5durnjz,PAUL,Cardano With Paul 2 ☘️,1,1,3644594547,3644.594547,14,317
2026-06-11T13:49:05Z,abcde_forensics_stage_founders_depth14,iog,pool1qadgwr92pgx0yz3u9n63f0s9ugryaud6wxers850z6sfu06y3rg,VITAL,Responsible Staking,2,2,3628652581,3628.652581,14,315
2026-06-11T13:49:05Z,abcde_forensics_stage_founders_depth14,iog,pool157e2zadjusu6esf9mmx37nf63ep2gazdeln5mh04ylpcvz59g5c,AION,Aion,5,4,3606504490,3606.50449,13,250
2026-06-11T13:49:05Z,abcde_forensics_stage_founders_depth14,emurgo+iog,pool1gppqnqfguctp6gu0q8l5wjhye0ny28yzfx93hkr384cfsezru0f,CAPEX,CArdano Pools EXplained,3,3,3606074317,3606.074317,12,254
2026-06-11T13:49:05Z,abcde_forensics_stage_founders_depth14,iog,pool154sjkrwdu80wp6mnjvkwk55aj53l4v37z4zwulfak74vcxg60x0,ANZ,Australia New Zealand Pool,9,5,3578774887,3578.774887,12,253
2026-06-11T13:49:05Z,abcde_forensics_stage_founders_depth14,emurgo+iog,pool1vvesqladm29fuzrv93px5qse0upw82a579lz9063xsfrz7yef7z,8SQRD,8SQRD Cardano Stake Pool,2,2,3578276818,3578.276818,11,270
2026-06-11T13:49:05Z,abcde_forensics_stage_founders_depth14,emurgo,pool1xlphlhnjvfeh40vcqf9fdewztsj6kyxq6604kaccpv00umjfu0d,FISH,stakefish,1,1,3571983354,3571.983354,13,335
2026-06-11T13:49:05Z,abcde_forensics_stage_founders_depth14,iog,pool1x4vcdmm394m9d80le2sv6wc66snp9849h2964389u4uz654lzma,SUN,SUNRISE,3,2,3561179895,3561.179895,13,277
2026-06-11T13:49:05Z,abcde_forensics_stage_founders_depth14,iog,pool1tdjjgjfwzl842nrzplkfakj4y7y4000cd8dxm2zjtlrjugt2aac,,,6,5,3516565913,3516.565913,14,259
2026-06-11T13:49:05Z,abcde_forensics_stage_founders_depth14,emurgo+iog,pool1pmm654jfx088td54ekkkd0j28x6r5gnjdhnutzggursrxjnpk2y,EMUR4,EMURGO 4,1,1,3499000000,3499.0,12,499
2026-06-11T13:49:05Z,abcde_forensics_stage_founders_depth14,iog,pool1t0jheek3yftf0a9dgzgr2hc2wttwrcjyd5whdrek4ggcc5famre,POND,The Pond,4,2,3477334998,3477.334998,13,462
2026-06-11T13:49:05Z,abcde_forensics_stage_founders_depth14,iog,pool1l4synes9s3swlf5r5rsfpede3582r4km2wd94xctceyaudv9zx3,STAYK,Stayk Pool,3,3,3475175000,3475.175,14,635
2026-06-11T13:49:05Z,abcde_forensics_stage_founders_depth14,emurgo+iog,pool1r0sxz0hygfc0266lhdclve6j3cwcwlth6dya6uey65yxjnwm7qc,BURN,BURN Pool,6,2,3425801502,3425.801502,12,553
2026-06-11T13:49:05Z,abcde_forensics_stage_founders_depth14,iog,pool1pu5jlj4q9w9jlxeu370a3c9myx47md5j5m2str0naunn2q3lkdy,NUTS,StakeNuts,4,2,3391923349,3391.923349,13,327
2026-06-11T13:49:05Z,abcde_forensics_stage_founders_depth14,iog,pool1eqxnk8mylmksd9amjlyhseax8lcux09ck3etcvlalfzhuu7qvzp,GENSX,Genius X,5,3,3381792526,3381.792526,14,366
2026-06-11T13:49:05Z,abcde_forensics_stage_founders_depth14,emurgo+iog,pool1f2wfjqkf2wx6jq93pdck6hgmy9zgw32lmvrq9zejl7scqxjqfze,,,4,3,3341479647,3341.479647,12,566
2026-06-11T13:49:05Z,abcde_forensics_stage_founders_depth14,iog,pool1eqj3dzpkcklc2r0v8pt8adrhrshq8m4zsev072ga7a52uj5wv5c,OTG,🌟 Star Forge ⚡,5,4,3336703671,3336.703671,13,591
2026-06-11T13:49:05Z,abcde_forensics_stage_founders_depth14,iog,pool15a04yc72q4tfkwaweu86l0764urswee8c3zxperyrdq4kx8nvua,1PCT4,"1 Percent Pool #4 (v3)",1,1,3300425819,3300.425819,12,313
2026-06-11T13:49:05Z,abcde_forensics_stage_founders_depth14,iog,pool1cg559cdc25fkvs73umj6w5nxlwy3mpmj02xt7p4v69eqs5ncz9k,WOOF,Woof Pool,8,3,3289673018,3289.673018,13,381
2026-06-11T13:49:05Z,abcde_forensics_stage_founders_depth14,iog,pool1mkjtce8r8yeku0mmc9vpwl0scuwuwc8lz89ckpj3k0kwgvlunv5,RSNG,Infinity Rising 1,3,3,3245119531,3245.119531,12,585
2026-06-11T13:49:05Z,abcde_forensics_stage_founders_depth14,iog,pool1l06jygvntdfqt77td6g5rp9s4nycue0vq837jmrygyktke23pcy,NVSTX,InvestX,11,10,3187791027,3187.791027,12,303
2026-06-11T13:49:05Z,abcde_forensics_stage_founders_depth14,iog,pool1hcg8sa642l0xeygkzvpgn3sfj5s2yeuzpws7a0gypyy7grrjcje,,,9,5,3178010564,3178.010564,12,297
2026-06-11T13:49:05Z,abcde_forensics_stage_founders_depth14,iog,pool10jd7mphm0mmrnfvyytzs3tfrmjmtkvalfx8nql7tae06v0rkjk3,DOS,Dos Stake Pool,1,1,3177200000,3177.2,14,266
2026-06-11T13:49:05Z,abcde_forensics_stage_founders_depth14,iog,pool1jezf7dcx26edfpxmpuh05yen64a9cj44xm2ggsapcxrtqewfek2,CURRY,CurryOn Crypto,3,3,3167666430,3167.66643,12,259
2026-06-11T13:49:05Z,abcde_forensics_stage_founders_depth14,iog,pool1zyzfcyhtmes7j3f3avksy26yhf8ah3ywag2t7m9l9fh5g8yaerl,,,2,2,3098896001,3098.896001,13,260
2026-06-11T13:49:05Z,abcde_forensics_stage_founders_depth14,emurgo+iog,pool1ufp38a9zwlvvrzcyxaxdrvav50nd7az5lyuzh4t0h3qp2gqamsx,CAFE2,CardanoCafe Two,3,2,3088984740,3088.98474,12,384
2026-06-11T13:49:05Z,abcde_forensics_stage_founders_depth14,emurgo+iog,pool1q0a7a94cfk4ph7gugj636tsuhhd98l2sfjv2adhaff2mvs7kmtl,NUFI8,Nu.Fi & AdaLite 8,1,1,3066555350,3066.55535,13,525
2026-06-11T13:49:05Z,abcde_forensics_stage_founders_depth14,iog,pool18r2y72aue5nmv489xtnfxl36vzusq95qst6urd87yd5hgzms04c,ALPCH,Alpen Cardano,4,4,3064511486,3064.511486,13,315
2026-06-11T13:49:05Z,abcde_forensics_stage_founders_depth14,iog,pool137j9xuzycq4jxfpsmjnc75w2wnpz68khlwvsh69kt5negg6ldhg,WHITE,The WHITE Project,2,2,3051592805,3051.592805,14,617
2026-06-11T13:49:05Z,abcde_forensics_stage_founders_depth14,iog,pool1mn6relcs7dn2fqzfq5yjlwxa49d900p5sdpw62jlx45k2djgwe4,RED,CrimsonPool,3,2,3045992034,3045.992034,11,600
2026-06-11T13:49:05Z,abcde_forensics_stage_founders_depth14,iog,pool1qqqz9vlskay2gv3ec5pyck8c2tq9ty7dpfm60x8shvapguhcemt,,,11,4,3035756219,3035.756219,12,267
2026-06-11T13:49:05Z,abcde_forensics_stage_founders_depth14,emurgo+iog,pool1ayfjmnrv5vg6tfducvysn360re6qfwuv2rhc4ph6jk33ztuxlhq,1PCT5,"1 Percent Pool #5 (v2)",1,1,3020258289,3020.258289,13,255
2026-06-11T13:49:05Z,abcde_forensics_stage_founders_depth14,emurgo,pool1jk25l2pejpdzq8vdjlxrr05th49v9tgd78fqrtxvuw3rumpfc6t,GROW,GROW TEAM,1,1,3000000000,3000.0,14,331
2026-06-11T13:49:05Z,abcde_forensics_stage_founders_depth14,iog,pool1syul5lm37z09yk3yv2398dsnz725rr7epsksydxcqk7eglttfx6,,,1,1,2999000000,2999.0,14,250
2026-06-11T13:49:05Z,abcde_forensics_stage_founders_depth14,emurgo+iog,pool1jt7d6ak3m8gnjyxtuxfswe258xzwda80ndl0a57vv5m2zv8h6at,CARDs,Cardanistas StakePool,11,11,2997367907,2997.367907,11,581
2026-06-11T13:49:05Z,abcde_forensics_stage_founders_depth14,iog,pool1fu567g42mlv9f7enek7zeh94c0aht98w44du7s29t0elzd9yazz,,,3,3,2987220092,2987.220092,13,255
2026-06-11T13:49:05Z,abcde_forensics_stage_founders_depth14,iog,pool1lzrg40g7vwgrxf52h40mjv77wywajekkfr5p63gcaa6gxrnqy2t,,,5,4,2978654343,2978.654343,13,302
2026-06-11T13:49:05Z,abcde_forensics_stage_founders_depth14,emurgo,pool1s3z5qsg75dar26ykyzcz2u8wc2swgq7pyp7f9sdh5n06qh3jhq2,1PCT1,"1 Percent Pool #1 (v1)",1,1,2951702931,2951.702931,14,253
2026-06-11T13:49:05Z,abcde_forensics_stage_founders_depth14,iog,pool1l6hkustv67tynh66w46mys94wsxhwddgp28k3r5twwlsv80uw0k,CASCH,Swiss Staking,2,2,2944635059,2944.635059,12,255
2026-06-11T13:49:05Z,abcde_forensics_stage_founders_depth14,emurgo+iog,pool1cc76kmtcpf6vht32ya5ke9er74dnpy4jh5qpy4klqwp87ygdsu6,,,7,6,2939335115,2939.335115,12,317
2026-06-11T13:49:05Z,abcde_forensics_stage_founders_depth14,iog,pool18hzjrr0xhadznttzq0va5vdhz2xyzjrju5ac7ztkwajdg80uvw4,,,11,7,2886793301,2886.793301,11,267
2026-06-11T13:49:05Z,abcde_forensics_stage_founders_depth14,iog,pool1n75mtv5qwzquyq2cprnu7yqpnyg4ppagpzvcw6gk2un5vadg48a,,,1,1,2880681563,2880.681563,14,524
2026-06-11T13:49:05Z,abcde_forensics_stage_founders_depth14,emurgo+iog,pool1sks9qwpygf9vmgeuh4n4a3s36k35c3qnz7pd4qqvw5825x62y3y,STEAK,Steak Pool,1,1,2877934741,2877.934741,12,257
2026-06-11T13:49:05Z,abcde_forensics_stage_founders_depth14,iog,pool1835qw65tsy3x7mta5dfdmfq4mvqzn9cpvf9keaca0nqgvguk7j5,MS10,Moonstake 10,2,2,2875090002,2875.090002,13,255
2026-06-11T13:49:05Z,abcde_forensics_stage_founders_depth14,emurgo+iog,pool1l6aeyn35nkqkn9lqqlwqnpraakdzuukjrqprcrj3sctk6hhe32k,OYSTR,Oyster Pool | Midnight | Mithril | Rosen Bridge,5,5,2869644943,2869.644943,12,513
2026-06-11T13:49:05Z,abcde_forensics_stage_founders_depth14,emurgo,pool1helzgcd9sjm9xtyh9mw2wy06gekh6r52s6mx987q0p8lvklwura,,,1,1,2868115986,2868.115986,14,329
2026-06-11T13:49:05Z,abcde_forensics_stage_founders_depth14,emurgo+iog,pool127xwsah7jllutuhen8vl7sve5278h7hhxtnys3cl438dyhuwgjg,ARTZ,ARTZ Pool,6,1,2855798719,2855.798719,12,227
2026-06-11T13:49:05Z,abcde_forensics_stage_founders_depth14,iog,pool14cautfm2e8jxv79tv59grnryjxs8f2wewz66wup695xgu7wjnvr,,,2,2,2851711141,2851.711141,14,255
2026-06-11T13:49:05Z,abcde_forensics_stage_founders_depth14,iog,pool197rexraxmzk5mv36h2yfy8p4lwxzlqyenjk50r0q8dchz4gp26j,AADA,AirAda,3,3,2822000000,2822.0,13,252
2026-06-11T13:49:05Z,abcde_forensics_stage_founders_depth14,iog,pool1dv7s5fn4m9dee8ncvx5hktfmsnx6agydhn798rfdqjazuwr84gc,BOBA,BOBA Stake Pool,5,2,2819600000,2819.6,13,257
2026-06-11T13:49:05Z,abcde_forensics_stage_founders_depth14,iog,pool12h63026uqx73v83zjtw8f07tnq2pmg6jredmqlyjd99tjdlal4w,,,1,1,2811258956,2811.258956,14,266
2026-06-11T13:49:05Z,abcde_forensics_stage_founders_depth14,cf,pool1jst7rrhucnp93hepezv5yqy6fx982xs2v0udwfc5ea6my3kfak7,ESTK,Everstake,2,1,2800064238,2800.064238,13,235
2026-06-11T13:49:05Z,abcde_forensics_stage_founders_depth14,iog,pool19q034g07ka2ltwc3wwjeu79w29nlafc0w2ppne5ppu5wud60rgq,HEDGE,Hedges Stake Pool,2,2,2796825743,2796.825743,14,323
2026-06-11T13:49:05Z,abcde_forensics_stage_founders_depth14,emurgo,pool1uzla0r73fvpnvxr07m98nfzlxcv3q26mkjz00cqjfh7uqsyjkju,1PCT1,"1 Percent Pool #1 (v2)",2,1,2776229479,2776.229479,14,281
2026-06-11T13:49:05Z,abcde_forensics_stage_founders_depth14,iog,pool162g6067hj0z3tyxrn7e0wmcz36yqp6nxu3e4x5ahkwvnygsuwqk,BIZAR,Bizarre Stars,2,2,2775404499,2775.404499,14,256
2026-06-11T13:49:05Z,abcde_forensics_stage_founders_depth14,emurgo+iog,pool1t8gjk7jzvujfv9s8q992e6s7tp8na0q3j62g7s4ppzfmccus4jk,DEAD,[DEAD]POOL,5,3,2775148811,2775.148811,10,315
2026-06-11T13:49:05Z,abcde_forensics_stage_founders_depth14,emurgo+iog,pool1ytszp582dm9u5un6mevt9czgcnuqhflwfr9ly4ukpeqcughryqh,LEGA,LegaSystems,1,1,2762358998,2762.358998,12,257
2026-06-11T13:49:05Z,abcde_forensics_stage_founders_depth14,emurgo+iog,pool1dkww2vlysa8lsnuf5rca979zdsyr3zvt59hu7e420yxfunkka2z,TRUE,TRUE Staking Pool,1,1,2755558045,2755.558045,13,237
2026-06-11T13:49:05Z,abcde_forensics_stage_founders_depth14,iog,pool1pclcqwg45da00d4py9qfry3k86w7vkzjgfmvyrpx75g7u8t9nwf,OZZY,Ozzy pool,4,2,2750041762,2750.041762,12,330
2026-06-11T13:49:05Z,abcde_forensics_stage_founders_depth14,iog,pool14ujg8l2x6fm5jm07jd6jftktt35dzsnefl2jmx9d8vr4cxxkt5d,,,3,3,2746601778,2746.601778,14,298
2026-06-11T13:49:05Z,abcde_forensics_stage_founders_depth14,iog,pool1p3chxyfv5cfk95hwq5zqjuljrpyk3uk5ua5alpn8rjgkkvvy8ne,IAMX,IAMX - OWN YOUR IDENTITY Pool,9,5,2740126796,2740.126796,11,394
2026-06-11T13:49:05Z,abcde_forensics_stage_founders_depth14,iog,pool1cuqnuz57puz2qd3enr9vtkcp7z92ge4h2ks6j8zzknztx3283q7,BRAVE,BraveHeartStakePool,14,5,2732700363,2732.700363,12,586
2026-06-11T13:49:05Z,abcde_forensics_stage_founders_depth14,emurgo+iog,pool1dj4l8qma9zzqqzhsawdkvxrs7qyqyv70kn56ywdqqazscvcqvva,K9K,Chicago Public Pool,2,2,2717338470,2717.33847,12,251
2026-06-11T13:49:05Z,abcde_forensics_stage_founders_depth14,iog,pool15txd36fltfgc63qq0yxtpqt88eu76s0yhugn9a6q7f4zspq6k5f,ARM1,ArmADA StakePool,7,7,2691947289,2691.947289,13,582
2026-06-11T13:49:05Z,abcde_forensics_stage_founders_depth14,iog,pool12hh4dvqyxhlv3lu9mkyvpnskma642fj3zv3s8xlau42ak9m60hf,MANT,MANTIS 1PERCENT TWO,3,3,2685577954,2685.577954,12,258
2026-06-11T13:49:05Z,abcde_forensics_stage_founders_depth14,iog,pool1larpvn53yyufaf8fh89nrrpgruqcq8mgxrtdxp5y87cqse3yfg2,JP5,JAPAN5,2,2,2684790803,2684.790803,14,325
2026-06-11T13:49:05Z,abcde_forensics_stage_founders_depth14,emurgo+iog,pool1u0mc9ywfxl529atxyajuz3pgqnwgnk6w7lejjmjg22ucvn7z9vh,NERD,Nerd Stake Pool,4,4,2671823300,2671.8233,11,366
2026-06-11T13:49:05Z,abcde_forensics_stage_founders_depth14,emurgo+iog,pool1jjry6f6q0swaq457ft9eclaxaskvrxnpj0v3w8edsyfryml3vj6,STACK,ADASTACK,10,3,2670060230,2670.06023,11,448
2026-06-11T13:49:05Z,abcde_forensics_stage_founders_depth14,emurgo+iog,pool1ksfzungz56vxa9sy6hr54v5hf6qx8rmcu6734gqm3qlxucveed6,EUSKL,EUSKL POOL,1,1,2669300000,2669.3,13,254
2026-06-11T13:49:05Z,abcde_forensics_stage_founders_depth14,cf+iog,NOT_DELEGATED_OR_NO_STAKE,,,10,1,2636916637,2636.916637,12,
2026-06-11T13:49:05Z,abcde_forensics_stage_founders_depth14,emurgo+iog,pool128r8qqgl9zgy3ff4759a2qslyauu5takaec3nxx4a6mvj3ys8da,BTCAO,Bitcão Stake Pool,9,9,2633833046,2633.833046,12,273
2026-06-11T13:49:05Z,abcde_forensics_stage_founders_depth14,emurgo+iog,pool1u7mqtde27swkarngjsn5mmw3sy20zavlafgqkmg8qv2n2nwga0l,CFLOW,CashFlow,6,3,2615796056,2615.796056,10,250
2026-06-11T13:49:05Z,abcde_forensics_stage_founders_depth14,emurgo+iog,pool1qqqqrwzy7njvjq9wph7usj5gghm3py9c97688ek8pgc7uem9cfz,FROG2,ADAfrog 2 🐸,5,3,2614072672,2614.072672,13,317
2026-06-11T13:49:05Z,abcde_forensics_stage_founders_depth14,iog,pool1qlpjsz5j5vqs59cnu09j90agycj2xvrp45sv0v6euujj60up6dw,,,7,1,2596066090,2596.06609,14,306
2026-06-11T13:49:05Z,abcde_forensics_stage_founders_depth14,emurgo,pool1supp67ypelmgzuzqqvarc6czgmg3ggwpnrnfr90xpfcqqf8h05t,1PCT,1 Percent Pool (v1),1,1,2582918000,2582.918,14,289
2026-06-11T13:49:05Z,abcde_forensics_stage_founders_depth14,iog,pool1dum9ya0d8dufl3alf4xska5acuq3w4p2a6fu5v50jnh9xzexsxt,ESP,Everest Summit Pool - 0PCT Fee,4,4,2568861390,2568.86139,13,323
2026-06-11T13:49:05Z,abcde_forensics_stage_founders_depth14,iog,pool1rtnv5vj0glxu9w2mkl9ptev72enx75gjzdkc8urfhavr5reah0c,,,1,1,2565421000,2565.421,14,592
2026-06-11T13:49:05Z,abcde_forensics_stage_founders_depth14,emurgo+iog,pool1y53awxsm6cmksp8qht8qfq5f5c69t6mrgrdcresk5y0ecv2yj93,RAMEN,RAMEN by 🥝Kiwipool Staking,7,6,2542009889,2542.009889,12,308
2026-06-11T13:49:05Z,abcde_forensics_stage_founders_depth14,iog,pool1yrqqa03ea5fdh5hnap99k4actjtj6ypeeauuwrvf8d3zw9ywvye,,,1,1,2518354811,2518.354811,14,413
2026-06-11T13:49:05Z,abcde_forensics_stage_founders_depth14,iog,pool1x89ssjp53eczthatft9w74749558nsz3pq5jn056634pgt5m58s,HOPE2,HOPE2,3,2,2514522479,2514.522479,14,250
2026-06-11T13:49:05Z,abcde_forensics_stage_founders_depth14,iog,pool1jslaut45plz6ek7grjyzxz6kzgerr7p5204h9sprh3msw6d8yht,,,3,3,2514024863,2514.024863,14,252
2026-06-11T13:49:05Z,abcde_forensics_stage_founders_depth14,iog,pool1zfhcfw8c3lg0vh0fy8h4y8e25cm7ter9e6sxqskpq0lzyy2wzvm,GENS3,Genius X 3,4,4,2499590076,2499.590076,13,333
2026-06-11T13:49:05Z,abcde_forensics_stage_founders_depth14,iog,pool1nh9j5qucsddxkzn3m4dm4gxkhwtpya4wm4e0ye2u0puaqgkcm65,,,6,1,2497634854,2497.634854,14,306
2026-06-11T13:49:05Z,abcde_forensics_stage_founders_depth14,iog,pool1kkmk9dnzrrjtnsejttydecmq63x4dpkln70yfledaednj7mf7rk,LUM,Luminapool,7,2,2483973924,2483.973924,12,576
2026-06-11T13:49:05Z,abcde_forensics_stage_founders_depth14,iog,pool1x7j89z3n7y7g8syk06nahcrwkdphhw6dymt8r3gf8ulyksrzh5t,ALLIN,Allincrypto,2,2,2475303344,2475.303344,14,427
2026-06-11T13:49:05Z,abcde_forensics_stage_founders_depth14,iog,pool1hv3kxx8fl60hkt3g0hfc37wt6vkt9cl26szxsnrjpjgmv3f247v,,,3,3,2465187524,2465.187524,14,260
2026-06-11T13:49:05Z,abcde_forensics_stage_founders_depth14,emurgo,pool1c7jrfce3zxkk9s9enzpvwj8fuayvx3pdzc2k2es6mrw6gsfcjep,EDEN,Garden Pool Three,6,3,2463413792,2463.413792,14,348
2026-06-11T13:49:05Z,abcde_forensics_stage_founders_depth14,iog,pool1cuccvs6vdlrxw67kwvzdx3gcl3ha0402mkhhseqmre7u7vdkwev,ADAGO,ADAGO POOL,8,2,2463407845,2463.407845,13,251
2026-06-11T13:49:05Z,abcde_forensics_stage_founders_depth14,emurgo+iog,pool1zz7x8ergn02chznayj9fjds2gk5q6prmpdr49faspd65kzqsrjs,AUTO,AutoStake I,3,3,2445967923,2445.967923,13,597
2026-06-11T13:49:05Z,abcde_forensics_stage_founders_depth14,iog,pool1lvgs6gdcgl3lgcc77wxmuyst8x4h9gxcth07pzry0rfsv5ntl3r,,,1,1,2443266953,2443.266953,14,460
2026-06-11T13:49:05Z,abcde_forensics_stage_founders_depth14,emurgo+iog,pool1qqqqqdk4zhsjuxxd8jyvwncf5eucfskz0xjjj64fdmlgj735lr9,ATADA,ATADA Stakepool in Austria,8,6,2413881864,2413.881864,12,470
2026-06-11T13:49:05Z,abcde_forensics_stage_founders_depth14,iog,pool1phdz6sn3xs9fyytvhqpjc945jytmya6j4v8l3v7ksyczzdplawf,DINGO,Stake Dingo,3,2,2412265592,2412.265592,13,252
2026-06-11T13:49:05Z,abcde_forensics_stage_founders_depth14,iog,pool1edqwpnln3zr9gj9sfsmyl72pen6hdwev07xgqj7uz5mkjrgfj6h,,,1,1,2412100000,2412.1,14,489
2026-06-11T13:49:05Z,abcde_forensics_stage_founders_depth14,emurgo+iog,pool1fh4sh2telea0tfdy39h0drx6uq566yt9gf24edpz7335sclx39z,CANUK,Cardano Canucks Pool,3,3,2393556300,2393.5563,12,259
2026-06-11T13:49:05Z,abcde_forensics_stage_founders_depth14,emurgo+iog,pool1pk8mzy6c7ef6m3qxc9gg6flec96pcn4sdd6maakkweyf5whuuu7,,,3,3,2375005817,2375.005817,12,256
2026-06-11T13:49:05Z,abcde_forensics_stage_founders_depth14,iog,pool1y49e700dnx8lpvznmysgzw203mjq6l7um85ka4ys6x0zcwgs77w,,,4,2,2371484912,2371.484912,13,346
2026-06-11T13:49:05Z,abcde_forensics_stage_founders_depth14,emurgo,pool1gclysx2h7fndj0jdajlmwvqr8q9tzu3rurjknacu0ff954fsg9a,1PCT0,"1 Percent Pool #0 (v1)",1,1,2355502216,2355.502216,14,215
2026-06-11T13:49:05Z,abcde_forensics_stage_founders_depth14,iog,pool1svv9st22dywp9exwsltt7cdc4v2dyrf4zls00jesv2lzvpz45jh,SCAR2,SCARdano 2,12,8,2341565587,2341.565587,12,256
2026-06-11T13:49:05Z,abcde_forensics_stage_founders_depth14,iog,pool1jp67hct7n86tdkr7qxrfh3q0xl973rl6986aawxkrqz6wq4ymc9,,,2,2,2340645536,2340.645536,14,269
2026-06-11T13:49:05Z,abcde_forensics_stage_founders_depth14,iog,pool1xlfty06hg6q23qvcaxwv3p9ke7ff9n34qpr8tpxt2zflyq20ceh,SAKE,SAKE🍶,6,4,2324515095,2324.515095,12,550
2026-06-11T13:49:05Z,abcde_forensics_stage_founders_depth14,emurgo+iog,pool1jq7r3evstu2c040vlry8tgvpwf0mfvft86cxecwjpwcuvvqfu2r,CCV3,"(Crypto Capital Venture) #Pool4",7,4,2313531344,2313.531344,12,460
2026-06-11T13:49:05Z,abcde_forensics_stage_founders_depth14,emurgo+iog,pool1p8fhygz7ga9hghhwmkr64p3ftn77lxu9nyddvsqszattcdyajc0,SUNNY,"Sunshine Stake Pool #2",3,3,2313109343,2313.109343,12,256
2026-06-11T13:49:05Z,abcde_forensics_stage_founders_depth14,emurgo,pool1caulv7s08g0jnptzdc69qycptacu7fzahny2epzh7sh9vhqz6xz,NUFI1,Nu.Fi & AdaLite 1,2,2,2300637343,2300.637343,13,244
2026-06-11T13:49:05Z,abcde_forensics_stage_founders_depth14,iog,pool16l9ph0cm42qk4h8wqlka3fw7ws7rvnj5n59xzy8ky4l8gnudugk,RKDN,Arcadian Crypto Pool 1,3,1,2286824863,2286.824863,13,268
2026-06-11T13:49:05Z,abcde_forensics_stage_founders_depth14,emurgo+iog,pool1qvhss6kxmtl27nr4ugvypayhvt4a4vzll8p9csdg2v8q7d22llu,ASTRA,Ad Astra Stake Pool,5,5,2283068389,2283.068389,11,327
2026-06-11T13:49:05Z,abcde_forensics_stage_founders_depth14,iog,pool1sks9qwpygf9vmgeuh4n4a3s36k35c3qnz7pd4qqvw5825x62y3y,STEAK,Steak Pool,2,2,2272446228,2272.446228,13,391
2026-06-11T13:49:05Z,abcde_forensics_stage_founders_depth14,emurgo+iog,pool1pfprlfz0ywcnewjegazz05ghgcfkvu40v6edsz6yn8w362sdjr8,ADI,Cardanesia,2,2,2262832877,2262.832877,11,460
2026-06-11T13:49:05Z,abcde_forensics_stage_founders_depth14,emurgo,pool1w8ham64lthvzzxzn5hknq4yrj8xt2nark409s2xmntlwvt4ag3r,1PCT7,"1 Percent Pool #7 (v1)",4,2,2254238632,2254.238632,14,316
2026-06-11T13:49:05Z,abcde_forensics_stage_founders_depth14,emurgo,pool1hntu7agmt8u5j9c20ejen7dvq0jfkvkpnul3mrdd8tppqvwfvt2,BLOOM,Bloom Two,4,3,2252752350,2252.75235,13,305
2026-06-11T13:49:05Z,abcde_forensics_stage_founders_depth14,emurgo,pool1a4qtpgce7cu6wzc79fx7qrc3938hkl2gf8c2h5jugvm2gnu86l7,,,1,1,2250364040,2250.36404,14,369
2026-06-11T13:49:05Z,abcde_forensics_stage_founders_depth14,iog,pool125mzd9dmxlkvg0g3fuwl96rxd4jmzha77d9evnetldzl66lvpvz,,,3,2,2233072860,2233.07286,14,267
2026-06-11T13:49:05Z,abcde_forensics_stage_founders_depth14,iog,pool1aq2kqdp9xf9w47vttvmqnahwd4scz2qyddsr9l4mfru4qddg3kr,NMKR,NMKR,7,4,2227058259,2227.058259,13,525
2026-06-11T13:49:05Z,abcde_forensics_stage_founders_depth14,emurgo,pool1xxhs2zw5xa4g54d5p62j46nlqzwp8jklqvuv2agjlapwjx9qkg9,SWIM,The Swimming Pool,4,3,2224462746,2224.462746,14,289
2026-06-11T13:49:05Z,abcde_forensics_stage_founders_depth14,emurgo,pool1ynxx88cq0y8vg8yrq3jrw6epm7rq9a8859v34sq9lzjy7ztg90u,EVE,Everstake,7,3,2222754859,2222.754859,13,244
2026-06-11T13:49:05Z,abcde_forensics_stage_founders_depth14,emurgo+iog,pool19f6guwy97mmnxg9dz65rxyj8hq07qxud886hamyu4fgfz7dj9gl,BERRY,Berry,3,3,2218232581,2218.232581,12,313
2026-06-11T13:49:05Z,abcde_forensics_stage_founders_depth14,emurgo+iog,pool1zn9hjcmfddhcp2aj9xxuvz7z40rasyatkgavr8ryyz72qdfwtrj,PLUSH,Plush Pool,3,3,2211718715,2211.718715,13,464
2026-06-11T13:49:05Z,abcde_forensics_stage_founders_depth14,emurgo+iog,pool1jg3fmnmc9n52sgzslhhvhye5e3xeqmrwkekdhh82sma47r47zg0,NUFI3,Nu.Fi & AdaLite 3,3,3,2201800000,2201.8,12,283
2026-06-11T13:49:05Z,abcde_forensics_stage_founders_depth14,iog,pool1nwddjgvjrke3e2gu6m0a7y04alhgcx4egec6dd9gahr5sz0p5u9,,,3,1,2200309090,2200.30909,14,248
2026-06-11T13:49:05Z,abcde_forensics_stage_founders_depth14,emurgo,pool1cn0dqtplwf67fds40hgkf0u5rm4q4azev5qutmgkw5hdyvue2ue,NEDS2,NEDSCAVE.IO,1,1,2196815764,2196.815764,14,317
2026-06-11T13:49:05Z,abcde_forensics_stage_founders_depth14,iog,pool1l37xvdpcl49kr3wscpjp9pr854g06nnjrlndtu3h7k6pvfapgap,,,8,8,2184539563,2184.539563,13,455
2026-06-11T13:49:05Z,abcde_forensics_stage_founders_depth14,iog,pool1e98xlcgj80c3rdmm27v5hnvrdtut52e65uk0ema7ctfag596vr2,COSD,Centre for Open Systems Deployment,7,4,2162868274,2162.868274,13,272
2026-06-11T13:49:05Z,abcde_forensics_stage_founders_depth14,emurgo+iog,pool1jz5ljsnj4fzmk84j0wcw9ldy866dn07nzqg2ktyuyjvfvr3jgtq,DIGI4,Digital Fortress,4,4,2161004814,2161.004814,12,387
2026-06-11T13:49:05Z,abcde_forensics_stage_founders_depth14,iog,pool1zeya2r53sxmqh2ux3ssfsrqerergnw2hjxmp63r83ntwverpqwm,NICE,NICE rewards for you,2,1,2156666228,2156.666228,11,250
2026-06-11T13:49:05Z,abcde_forensics_stage_founders_depth14,iog,pool1stvux7an3kp2p55na0p7eec2e7l66gqcpuc7yu9cx5242g4j2eh,,,1,1,2151816010,2151.81601,14,268
2026-06-11T13:49:05Z,abcde_forensics_stage_founders_depth14,iog,pool1js570lkcs6t3pwsj3eda0zz43mc5gm922ae5rdxcfn84gu5uyrg,ASSET,Asset Stake Pool 2% fee,1,1,2150000000,2150.0,13,251
2026-06-11T13:49:05Z,abcde_forensics_stage_founders_depth14,emurgo+iog,pool1dy7tz7eyf2qal2jcns4qwm4xqn34gc4rj9dz34kfs6zuju477k7,CSP,Capital Stake Pool - live long and prosper.,3,2,2143683300,2143.6833,12,251
2026-06-11T13:49:05Z,abcde_forensics_stage_founders_depth14,iog,pool1gha260s6hx855p49fc735w78p0kcp4hyxl8glymp5k5muk9jkgm,,,5,5,2117244354,2117.244354,13,282
2026-06-11T13:49:05Z,abcde_forensics_stage_founders_depth14,emurgo,pool15f9qklmaajysmwx9n3rkgc5s2g3rfffz4x8spnedtzdgq43tpe2,WEQNT,WeQanhet,1,1,2114000000,2114.0,14,243
2026-06-11T13:49:05Z,abcde_forensics_stage_founders_depth14,emurgo,pool1hnp560z9e5acwux8tjguxq36j9r255zuf02u7z2d46dvcf5zhns,LCP,LovelaceCommunityPool,2,1,2107467673,2107.467673,14,533
2026-06-11T13:49:05Z,abcde_forensics_stage_founders_depth14,iog,pool12pk63q22re4up2dg86tyjwthuauqu0ryq3jlxs9v29zk68cpugl,0AKN0,Arkano Pool,6,2,2102400083,2102.400083,13,596
2026-06-11T13:49:05Z,abcde_forensics_stage_founders_depth14,emurgo+iog,pool1ewrm7y47s9hv6hxku9n5gfnsuspymp0qqpwgvgm9rvm37cek2h6,A4G,ADA4Good ❤️ ADA + Save the Children ❤️,1,1,2097899000,2097.899,13,316
2026-06-11T13:49:05Z,abcde_forensics_stage_founders_depth14,iog,pool1yd67lvc04eztwrpnefqh3g4dsydmezwgrg6ce4km728v6sg8zwf,FRADA,ADA Made in France,6,3,2091229361,2091.229361,12,459
2026-06-11T13:49:05Z,abcde_forensics_stage_founders_depth14,iog,pool140x77a7cz2j689lmxf836qpjtc3y83rka28v6gpswxdw2mag62e,UNDR,Pool Under,4,2,2089260390,2089.26039,13,253
2026-06-11T13:49:05Z,abcde_forensics_stage_founders_depth14,emurgo+iog,pool1jqw9cv37w0eewvdr36w2kacd2w9wh5uwm2y3vmc0fmdfc0ax26l,LIX,Felix Pham,3,3,2086559103,2086.559103,11,253
2026-06-11T13:49:05Z,abcde_forensics_stage_founders_depth14,iog,pool1258yqnsegc3k7raqcdkxu4893aqexxljflmg9g96yfha2qytayv,1PCT2,"1 Percent Pool #2 (v3)",3,3,2082679238,2082.679238,12,266
2026-06-11T13:49:05Z,abcde_forensics_stage_founders_depth14,emurgo+iog,pool1swe9nsv8lzugakjkfv04dn38scmq48wzynmn0lxasupuzmqcgjm,ADAGE,ADAGE,3,3,2080470373,2080.470373,13,353
2026-06-11T13:49:05Z,abcde_forensics_stage_founders_depth14,emurgo,pool1cc76kmtcpf6vht32ya5ke9er74dnpy4jh5qpy4klqwp87ygdsu6,,,4,4,2071403260,2071.40326,13,292
2026-06-11T13:49:05Z,abcde_forensics_stage_founders_depth14,emurgo+iog,pool1qqq6qqa0hpzvumv5p87ynczfmdj557xuwlc3289ke42g72z7f74,AHL,AHLNET,4,4,2069909217,2069.909217,11,254
2026-06-11T13:49:05Z,abcde_forensics_stage_founders_depth14,iog,pool1hfn7yuwfyhmmqe4qpaxfewuly7cnemc6kqkv5npytj9vcrskh6j,AMINT,MaximumMint,9,6,2062842229,2062.842229,12,252
2026-06-11T13:49:05Z,abcde_forensics_stage_founders_depth14,emurgo+iog,pool19ae6xhzsscypyha0sszv90xwjsh20hxecxjpcqynshfawvwxqnn,GENE,genePool One,1,1,2021108000,2021.108,13,252
2026-06-11T13:49:05Z,abcde_forensics_stage_founders_depth14,emurgo,pool1gtphgrdj8sluxm9e7ca2spcwcq2p0dxj9zf5v0yv3gsagzq704n,ADAFR,ADAFR,3,3,2002996477,2002.996477,14,323
2026-06-11T13:49:05Z,abcde_forensics_stage_founders_depth14,iog,pool1fys325gzr7kpcjclyy93sx97nm2y4n8raj3830cyez5pqagkfcg,,,5,4,2001928489,2001.928489,13,299
2026-06-11T13:49:05Z,abcde_forensics_stage_founders_depth14,emurgo+iog,pool1g5gmej3cj67td4pmvmacnls8nuq0gjld2pwfeg3jwpxujdx6lmu,,,1,1,1999000000,1999.0,12,311
2026-06-11T13:49:05Z,abcde_forensics_stage_founders_depth14,emurgo+iog,pool1qqqqzyqf8mlm70883zht60n4q6uqxg4a8x266sewv8ad2grkztl,FROG,ADAfrog 🐸,3,3,1985655669,1985.655669,12,318
2026-06-11T13:49:05Z,abcde_forensics_stage_founders_depth14,iog,pool126f65lklaqw39jgx9wl8klqtx99evewxk0x5yc2jzzp5wfs8fde,,,3,3,1983805563,1983.805563,12,432
2026-06-11T13:49:05Z,abcde_forensics_stage_founders_depth14,emurgo+iog,pool1s79cqtwk5s24lcske704ckx7k2pagn8hc95rxvy3xfda6r62pg9,UK007,Global UK Staking Pool by the Three Lions,2,2,1982758400,1982.7584,12,255
2026-06-11T13:49:05Z,abcde_forensics_stage_founders_depth14,iog,pool1w2hc8xqzxpjw7dxwq65krmq79zswvvdmsgs8p04djwt8vm84qmv,,,1,1,1960000000,1960.0,14,284
2026-06-11T13:49:05Z,abcde_forensics_stage_founders_depth14,iog,pool1drv9qkh2tgqqucc0jp8cwswpmmkfzdd898ja7ac0uwm9j5d44tq,,,3,3,1956831689,1956.831689,14,260
2026-06-11T13:49:05Z,abcde_forensics_stage_founders_depth14,emurgo,pool104v7kzpq86r0wnfsz8r7jeld2raap92qq84trjcqk62zyh9akqt,SEAL,adaseal.eu,1,1,1956466539,1956.466539,14,473
2026-06-11T13:49:05Z,abcde_forensics_stage_founders_depth14,emurgo+iog,pool1ksrg8a964464las0ymw88slrwxkychjz9lh09lqltu5m7nw3pq0,,,7,6,1948802750,1948.80275,12,313
2026-06-11T13:49:05Z,abcde_forensics_stage_founders_depth14,emurgo+iog,pool15wkxegrfflzcyhurrjxsm9ljqtz09xr5rtnqsarnp7hmsz5um3t,STSH1,"Stake Shark #1",11,11,1939440921,1939.440921,12,574
2026-06-11T13:49:05Z,abcde_forensics_stage_founders_depth14,emurgo+iog,pool1u99x2rr6trfznwakv0959llmxmtgc2nvanc067uugl3ejuvvnc8,,,3,3,1928912443,1928.912443,13,315
2026-06-11T13:49:05Z,abcde_forensics_stage_founders_depth14,iog,pool15z87p296y3m7eq8pwuu8qs6h2v4d2ctnx3yd2vqpl6txkkdvl5h,MUEN,"MUEN-StakePool,",1,1,1923824907,1923.824907,13,391
2026-06-11T13:49:05Z,abcde_forensics_stage_founders_depth14,iog,pool1tah22gjtc7ntrdezv49hysegcwpzafea35t6f4hn3wr2y4hz3vz,ACL,A CardanoLand pool ACL,1,1,1919200000,1919.2,14,279
2026-06-11T13:49:05Z,abcde_forensics_stage_founders_depth14,iog,pool1n940lfxkd7z73qzj5y554yrletrmgg5x2eya9tpglh3uwcqfnud,FUNON,Fun On the Ride - 0% Fees - Only 270 Fixed cost,17,6,1909894244,1909.894244,13,487
2026-06-11T13:49:05Z,abcde_forensics_stage_founders_depth14,iog,pool1vfayajkdc0gw876lax5va6ygpfpsd8kz73k4y977emm3clnxlm5,KAYA,0 % fees. Cardano Singapore Pool,1,1,1900200000,1900.2,14,270
2026-06-11T13:49:05Z,abcde_forensics_stage_founders_depth14,emurgo+iog,pool1mvl09pgsejrudghjhq79qurugrvqy3pceznp7f9vz63n7ku7jqx,AMZ1,Amazon Pool 1,1,1,1897100000,1897.1,12,317
2026-06-11T13:49:05Z,abcde_forensics_stage_founders_depth14,iog,pool14pp4yawyt9nqqzles0azyel4smzcy55ath07zzt4pk9pw6t8vwx,,,3,3,1894389229,1894.389229,13,253
2026-06-11T13:49:05Z,abcde_forensics_stage_founders_depth14,emurgo+iog,pool142xwjhpcvtp7tahpmn8tlnek7smefp9wn66z67j8vjpmjxqdg56,EDEN,Garden Pool Five,2,2,1880403638,1880.403638,13,446
2026-06-11T13:49:05Z,abcde_forensics_stage_founders_depth14,emurgo,pool1qqqqrwzy7njvjq9wph7usj5gghm3py9c97688ek8pgc7uem9cfz,FROG2,ADAfrog 2 🐸,3,2,1868323196,1868.323196,13,317
2026-06-11T13:49:05Z,abcde_forensics_stage_founders_depth14,emurgo,pool1eqa7kxx4xg35cu4rqj4exkvzhenscgh8wxez0gl7hsagygp79kr,PILOT,Pilot Pool,1,1,1840562436,1840.562436,14,299
2026-06-11T13:49:05Z,abcde_forensics_stage_founders_depth14,iog,pool1q7k8mmnvsgthp94hpn8jrnacjewplvywq70eef90fv4nu7gedzp,,,3,3,1830425972,1830.425972,13,457
2026-06-11T13:49:05Z,abcde_forensics_stage_founders_depth14,iog,pool16peur3vpmak6c579excrqumfz9486zd56svshdclhre3cv5z848,,,4,2,1821509699,1821.509699,13,257
2026-06-11T13:49:05Z,abcde_forensics_stage_founders_depth14,emurgo+iog,pool18zn7wa345uytjgds9hypn3jugnzqtfm4cny7anskkcmgwwxtwca,1PCT7,"1 Percent Pool #7 (v2)",2,2,1820896805,1820.896805,12,255
2026-06-11T13:49:05Z,abcde_forensics_stage_founders_depth14,iog,pool1ktkhv4sw2y68d4xgfg9sjw829kejnvnh5zajq6g7jycry6cd7h5,,,8,1,1817264273,1817.264273,13,543
2026-06-11T13:49:05Z,abcde_forensics_stage_founders_depth14,iog,pool1cew2q6pge250exctkq26lyl0w95923xxa54thd79nv8xy9j3xe6,ARRA,Arrakis,5,5,1813642069,1813.642069,12,262
2026-06-11T13:49:05Z,abcde_forensics_stage_founders_depth14,iog,pool1zug38qs8r3ggmzqnqmyxkz34zy3gc9uw3pn59g5gfjwcxdskxjf,VERSE,Adaverse Pool,4,4,1802195559,1802.195559,13,261
2026-06-11T13:49:05Z,abcde_forensics_stage_founders_depth14,iog,pool167zl76srpt5a2gthpsq0ye9z4fpray5vsh7xyzcn63hd5mnw7fa,NUFI4,Nu.Fi & AdaLite 4,4,4,1801149666,1801.149666,14,541
2026-06-11T13:49:05Z,abcde_forensics_stage_founders_depth14,iog,pool14qpadfdjzw6jkwxy67uhey6tjpyppsmwgz5awfsxwrtpsecslpc,BEADA,BEADA Cardano stakepool,5,2,1789367102,1789.367102,13,574
2026-06-11T13:49:05Z,abcde_forensics_stage_founders_depth14,iog,pool1v5g4rmkk0394q6swgfusgzjjzrv9ajy8qntgpuumegka5xhpgam,,,5,2,1784400000,1784.4,13,255
2026-06-11T13:49:05Z,abcde_forensics_stage_founders_depth14,iog,pool1hysp9sd0h4k8ll8sxnl0k3gqatd9axzjnaxs7488mw9gze40jp9,,,3,1,1770937377,1770.937377,12,263
2026-06-11T13:49:05Z,abcde_forensics_stage_founders_depth14,iog,pool1jf4f4kr5f8hg0q5jdns7uplkuuvv4qkewnvx6sdsm3c3zeye5r8,,,6,4,1766420302,1766.420302,13,267
2026-06-11T13:49:05Z,abcde_forensics_stage_founders_depth14,emurgo,pool1pnzwgsgzd6t4788sfr7dxjyusepyq9xaxnpyfcngewqf29t9ayd,PHRCK,Staking Rocks!,4,4,1747517689,1747.517689,13,277
2026-06-11T13:49:05Z,abcde_forensics_stage_founders_depth14,iog,pool12eht6dqxpzqj87xuextrpufz2gxmt4reuesuw26r2utzw0kw906,CAN1,CanadaStakes,2,2,1736111137,1736.111137,14,405
2026-06-11T13:49:05Z,abcde_forensics_stage_founders_depth14,emurgo+iog,pool1jj2hvts3ryffy5txm7w0am3zt7s7sehdf8rrwfesjmr7shv0mgl,FIDA,The pool of Vietnamese,2,2,1733000000,1733.0,13,325
2026-06-11T13:49:05Z,abcde_forensics_stage_founders_depth14,iog,pool16nz6k74zsm9x5fyh2wa0pt9cn75hfscfvqsxup0vl0vqqthwnkz,,,2,2,1699228281,1699.228281,14,283
2026-06-11T13:49:05Z,abcde_forensics_stage_founders_depth14,emurgo+iog,pool1t6n7rysk6wzm9wqxda6zxpzmm3j6256fs3mp06dc26n6503hhj4,DAVE,Cardano Dave Pool,1,1,1692625000,1692.625,13,566
2026-06-11T13:49:05Z,abcde_forensics_stage_founders_depth14,iog,pool1980svf2cxnfy66s5jgjv7y22xud75z9kfe6n0c3y54s62w56435,HYPE,HYPE STAKING,7,5,1681202752,1681.202752,13,442
2026-06-11T13:49:05Z,abcde_forensics_stage_founders_depth14,iog,pool1k4ejdzlnd83l8f8xm5t0m4uv5q0tzexpm23f6cg7lzzayrquzqw,MS8,Moonstake 8,2,2,1677153743,1677.153743,14,402
2026-06-11T13:49:05Z,abcde_forensics_stage_founders_depth14,emurgo,pool1a2nh3ktswllhwf07fjahpdg5mpqyq7j950pyftq9765r6t4cefl,OCEAN,ADA Ocean,2,2,1653899618,1653.899618,12,268
2026-06-11T13:49:05Z,abcde_forensics_stage_founders_depth14,emurgo,pool1uthdnav2zc2hxpg2hyeyy545lnxtl8lqdcdqxjm0j8t5srmyvzj,ADAST,AdaStrong,1,1,1647931302,1647.931302,13,238
2026-06-11T13:49:05Z,abcde_forensics_stage_founders_depth14,iog,pool1xj5f7a79lnc9v0gjn00fkf2lyzexngka59tpcew5rrkyqveagpt,GREEN,Green Stake Pool,16,9,1635121166,1635.121166,13,260
2026-06-11T13:49:05Z,abcde_forensics_stage_founders_depth14,emurgo,pool1lvsa8e0dw6z8g2fkw7prnfa7627wuy5jjexaadck6w5sxw5xkvm,DIGI2,Digital Fortress,3,1,1629368000,1629.368,13,317
2026-06-11T13:49:05Z,abcde_forensics_stage_founders_depth14,iog,pool1ztk6dcj2nc3plnujf3ek6jqngtx8hcryufz56lyumemlcy2xxn0,IAGL1,Iagon liquidity stake pool 1,5,2,1627199353,1627.199353,14,457
2026-06-11T13:49:05Z,abcde_forensics_stage_founders_depth14,emurgo+iog,pool10qmnswfc22zm0fscg80gkwqz65ujwjkqmctv8g9l9l58wqtelgg,WAAUS,WAAUS,3,2,1621101010,1621.10101,11,263
2026-06-11T13:49:05Z,abcde_forensics_stage_founders_depth14,iog,pool18hkq2t8ss45h4fkr92f52flhc4mpzedx5mcz4xhnpj0dzp76028,XYZ,CardanoPool.XYZ,1,1,1615649240,1615.64924,14,256
2026-06-11T13:49:05Z,abcde_forensics_stage_founders_depth14,iog,pool1xaudqyen24fz02vhu9qa2ry44suzfk8z3lh7sc6qx7c3gpweww2,OCEA7,ADA Ocean Seven,3,3,1611979781,1611.979781,13,254
2026-06-11T13:49:05Z,abcde_forensics_stage_founders_depth14,iog,pool1jm220zs5txnxe6nt89hajtm6hwsf902e2dwjrtfuq33uw835g65,CHAMP,champADA,5,2,1592913261,1592.913261,12,252
2026-06-11T13:49:05Z,abcde_forensics_stage_founders_depth14,emurgo,pool14wk2m2af7y4gk5uzlsmsunn7d9ppldvcxxa5an9r5ywek8330fg,SMAUG,竜SM₳UG,1,1,1583222991,1583.222991,14,367
2026-06-11T13:49:05Z,abcde_forensics_stage_founders_depth14,iog,pool1qqlf3epa7m8780p2jx5689u2ql06tw026l5377tptk2zswrc645,CPS,Create Planets Stakepool,5,3,1578007535,1578.007535,13,253
2026-06-11T13:49:05Z,abcde_forensics_stage_founders_depth14,emurgo+iog,pool13r377w5pmy4tmhuvw0cf9q23asslzjytsruwa27tdnflq7hfjgk,,,1,1,1542788797,1542.788797,13,278
2026-06-11T13:49:05Z,abcde_forensics_stage_founders_depth14,emurgo+iog,pool1cunvnkjkzh2lna593sjmkylcr3r5rmxdpr8r9u6pfuer72p24x4,,,4,4,1523572048,1523.572048,12,563
2026-06-11T13:49:05Z,abcde_forensics_stage_founders_depth14,emurgo,pool1xs34q2z06a46nk7hl48d27dj5gzc6hh9trugw2ehs9ajsevqffx,SNAKE,SN₳KE Cardano Staking,1,1,1506566577,1506.566577,13,612
2026-06-11T13:49:05Z,abcde_forensics_stage_founders_depth14,emurgo,pool12t3zmafwjqms7cuun86uwc8se4na07r3e5xswe86u37djr5f0lx,NORTH,"#1 Nordic Pool",4,2,1503000000,1503.0,14,524
2026-06-11T13:49:05Z,abcde_forensics_stage_founders_depth14,emurgo,pool1gqvrgg7zycvf65ydkjeph72t0yx0f5ykzd9f477zh4f3smwk997,SAND,Sandstone,1,1,1500000000,1500.0,13,234
2026-06-11T13:49:05Z,abcde_forensics_stage_founders_depth14,emurgo+iog,pool1c0xj2fa97zuz4phld87atg6yphz3hju409fm5xgnwuuvqww25qj,SAPIO,SAPIO Pool,1,1,1499400000,1499.4,13,252
2026-06-11T13:49:05Z,abcde_forensics_stage_founders_depth14,emurgo+iog,pool1r0dcmvzsldk06yagudxaajqjuzhvwlzcnaclcwtvm8v4qmsn7l0,,,3,2,1470273462,1470.273462,11,287
2026-06-11T13:49:05Z,abcde_forensics_stage_founders_depth14,iog,pool1gaztx97t53k47fr7282d70tje8323vvzx8pshgts30t9krw62tm,TW001,Trust Nodes,1,1,1469600000,1469.6,14,474
2026-06-11T13:49:05Z,abcde_forensics_stage_founders_depth14,emurgo+iog,pool189lsf6c2upyhmrzddyvyfjxxkqnte9pw8aqx7f4cuf85sjxlm02,CRDN2,"CARDANIANS.io #3",5,4,1463499967,1463.499967,12,414
2026-06-11T13:49:05Z,abcde_forensics_stage_founders_depth14,iog,pool12lsfsh2s8yt8dvrt9m8kgrgr6ktntngvn2vad60xlqz7kxz9fxr,POP4,POP4,6,4,1452768195,1452.768195,12,267
2026-06-11T13:49:05Z,abcde_forensics_stage_founders_depth14,iog,pool12r08n33avu33ncstukwxyr440mgaazmuclay38v0yt34xytu2dq,FALCO,Falcon Cardano Stakepool,10,5,1428976251,1428.976251,13,257
2026-06-11T13:49:05Z,abcde_forensics_stage_founders_depth14,emurgo+iog,pool1s0cfkzheywsftgwp0yz7sq4rt5gyf7t5kfwj5a269kpxvndjn6q,OCEA5,ADA Ocean Five,2,2,1423125456,1423.125456,12,379
2026-06-11T13:49:05Z,abcde_forensics_stage_founders_depth14,iog,pool1d0ze7l6t8gjng564zsfyd7uw7snenpsjh9dacawdpr9g27djq8f,DEVIL,Devil Pool,3,3,1406336140,1406.33614,14,249
2026-06-11T13:49:05Z,abcde_forensics_stage_founders_depth14,emurgo+iog,pool1xdgzul0qespnz56zzrckwf4hcryyql9ypc4tya2dlu9a22h43ag,,,1,1,1399949814,1399.949814,12,246
2026-06-11T13:49:05Z,abcde_forensics_stage_founders_depth14,iog,pool1s2wsk5z4u0f2unmfyc8ye705adhwayv0wetlk24sawmyj5u74rn,IDEAL,Ideal,5,3,1399173172,1399.173172,12,287
2026-06-11T13:49:05Z,abcde_forensics_stage_founders_depth14,iog,pool1je2n5smmnyn3lh92xrp8nepjyfp596ypga6pmdecwtcrcj9uvec,YOADA,May the stake be with you !,7,7,1395115121,1395.115121,13,323
2026-06-11T13:49:05Z,abcde_forensics_stage_founders_depth14,iog,pool18cr7st8wvagllpgq23y70ncnejux2dmxrsdc45hyalk67e63jg6,,,3,1,1380886463,1380.886463,14,591
2026-06-11T13:49:05Z,abcde_forensics_stage_founders_depth14,emurgo,pool189lsf6c2upyhmrzddyvyfjxxkqnte9pw8aqx7f4cuf85sjxlm02,CRDN2,"CARDANIANS.io #3",1,1,1366629000,1366.629,14,234
2026-06-11T13:49:05Z,abcde_forensics_stage_founders_depth14,emurgo,pool195gdnmj6smzuakm4etxsxw3fgh8asqc4awtcskpyfnkpcvh2v8t,SUNNY,Sunshine Stake Pool,2,2,1358784118,1358.784118,14,326
2026-06-11T13:49:05Z,abcde_forensics_stage_founders_depth14,iog,pool1ews5ryrhl5az8egrvun68x2wdhgvthxjtx7m380ksc6rzxkqz2f,,,8,3,1355473941,1355.473941,13,288
2026-06-11T13:49:05Z,abcde_forensics_stage_founders_depth14,iog,pool1re8cmjt895tpx8dx2veg0cew5yqtxnt82sll03e433a4ugnh9w7,RISE,RISE,6,6,1345422693,1345.422693,13,313
2026-06-11T13:49:05Z,abcde_forensics_stage_founders_depth14,emurgo+iog,pool1vh4y864hcq2r66ak37w4dsnkhnsfxaaacs0p5s4vj5676m6txwm,HOPE,HOPE,7,5,1344692283,1344.692283,11,637
2026-06-11T13:49:05Z,abcde_forensics_stage_founders_depth14,emurgo+iog,pool1fqwnqk3phwa2s5thgym8dw34pv0z67m526uqprnjh93cvzxymef,NUFI9,Nu.Fi & AdaLite 9,2,2,1342415810,1342.41581,12,269
2026-06-11T13:49:05Z,abcde_forensics_stage_founders_depth14,emurgo+iog,pool18mege8wvzzdvh8cxx6ncnqyvacl4lxukw495c87xmz8qcdl6lj8,1PCT6,"1 Percent Pool #6 (v2)",4,4,1333837864,1333.837864,12,262
2026-06-11T13:49:05Z,abcde_forensics_stage_founders_depth14,iog,pool1zecj6wqrzkcjmldvrr992pt3c64sgrhkhexxst32sdlsjwkpmfh,,,2,2,1322206007,1322.206007,14,268
2026-06-11T13:49:05Z,abcde_forensics_stage_founders_depth14,emurgo+iog,pool1fxmancs3dmc9l0s7u7zrj8334m9nvzam5t5hnuuf4c7cjr6867m,CONGE,Congee Pool,4,3,1318614347,1318.614347,12,260
2026-06-11T13:49:05Z,abcde_forensics_stage_founders_depth14,emurgo+iog,pool1k0xa8wlsntmjhtw2shj3tspqd4kjyquw9tuyx5s7zz5jsyw4y2p,WMOPS,Waldmops,5,4,1314780118,1314.780118,12,258
2026-06-11T13:49:05Z,abcde_forensics_stage_founders_depth14,iog,pool1gq7zwmtpnj7wufnv97xhx43eqhla3trc3803r3rcwppszc6vh9y,,,4,1,1297723143,1297.723143,13,261
2026-06-11T13:49:05Z,abcde_forensics_stage_founders_depth14,emurgo,pool16hs0jxw7h6pwg3ru7rcq3yvg4csj7lhmcpj68kqem2sh5nt8mwk,NUFI7,Nu.Fi & AdaLite 7,2,2,1292683290,1292.68329,14,267
2026-06-11T13:49:05Z,abcde_forensics_stage_founders_depth14,iog,pool1m3gg43uhtetn4hmw79u8836dyq8qe4cex8qnn6mks5egza7n6tp,ULTRA,ULTRA Pool,3,3,1285013259,1285.013259,13,534
2026-06-11T13:49:05Z,abcde_forensics_stage_founders_depth14,iog,pool1h6q8jj55dn6727yydlypu0rz4sflf2enxhs0thqydmddgu3shl5,HAZEL,Hazelpool,2,2,1277106922,1277.106922,14,524
2026-06-11T13:49:05Z,abcde_forensics_stage_founders_depth14,emurgo+iog,pool1j6zqawj6f58lp4p00t26eqe58gxx4pa3cudlzpkv23y92nlxjzd,GURU,Cardano GURU Pool,2,2,1271951100,1271.9511,13,257
2026-06-11T13:49:05Z,abcde_forensics_stage_founders_depth14,iog,pool16jefdagcsgzyek9jytzfezx5ajvfkytjgghaps64hzz6uzkpc0e,NGS,NGS発達障がい支援KGSP,2,1,1264594657,1264.594657,13,560
2026-06-11T13:49:05Z,abcde_forensics_stage_founders_depth14,emurgo+iog,pool12mmcc4rc2fzfv7gyv8h06nvnsrm3m7erzdv8x6gzvjxlu2lf09n,1PCT3,"1 Percent Pool #3 (v1)",1,1,1263098696,1263.098696,13,248
2026-06-11T13:49:05Z,abcde_forensics_stage_founders_depth14,emurgo+iog,pool1evg78egp8gfqae273kvmmdee2dnt6vty60dpwdespg4hujznh3a,SQUID,Squid Pool,1,1,1248192102,1248.192102,14,260
2026-06-11T13:49:05Z,abcde_forensics_stage_founders_depth14,iog,pool1v28xlhk6juevh3ss09vpe78zu7cx6mejr8k8en94scd6v8rrshh,,,4,3,1243774589,1243.774589,14,256
2026-06-11T13:49:05Z,abcde_forensics_stage_founders_depth14,emurgo+iog,pool166dkk9kx5y6ug9tnvh0dnvxhwt2yca3g5pd5jaqa8t39cgyqqlr,VIPER,🐍Viper Stake Pool,6,6,1233311318,1233.311318,12,265
2026-06-11T13:49:05Z,abcde_forensics_stage_founders_depth14,emurgo+iog,pool1x0qm7xsyh2za3ltprxsgael544je4hg8tc3q3v5gv232z8jt4wp,PPCX1,P2P & CEX,5,5,1220510162,1220.510162,12,269
2026-06-11T13:49:05Z,abcde_forensics_stage_founders_depth14,iog,pool1meljzszklf23y97ka5sjqwasnel50xe5ar68gz70slm0jmt2wxs,MRPHM,The Morphium,9,4,1212315832,1212.315832,12,321
2026-06-11T13:49:05Z,abcde_forensics_stage_founders_depth14,iog,pool12ehtdu5hfffpeqg968gtpqcnjv7hwfj3tshxcw8lg37tqcquhaq,,,2,2,1201825743,1201.825743,13,302
2026-06-11T13:49:05Z,abcde_forensics_stage_founders_depth14,iog,pool1tkexntwvhg0fqs2xnm7xg6ljqzjkpk0pl4nxxe3nf48ux8nucqy,ARTA,Artano NFT Pool,7,5,1200187742,1200.187742,12,259
2026-06-11T13:49:05Z,abcde_forensics_stage_founders_depth14,cf,pool18ufrgfgmslekdxnk9v9345qvhrr7vfgzkvneqtwm7unnwaht6ww,OGAM,Ogam_Pool,1,1,1200000000,1200.0,14,590
2026-06-11T13:49:05Z,abcde_forensics_stage_founders_depth14,iog,pool1wntxmftndrsj7y4aqles8knl3nfuyj22l83jun02yyx9s962gm3,,,1,1,1199575004,1199.575004,14,297
2026-06-11T13:49:05Z,abcde_forensics_stage_founders_depth14,emurgo+iog,pool18qddv82sx8p22uxzdrf0qx9lkewxadlr9ef45kpcf7dzz3n56qv,ALFA,Alfa Pool,1,1,1199560000,1199.56,12,518
2026-06-11T13:49:05Z,abcde_forensics_stage_founders_depth14,cf,pool1jhzf2mm6zdlhl6w89uhgx8nq8p6ykcc86qq58vjy0ejyxrrksfj,LOVE,StakeLove,3,1,1195430126,1195.430126,13,217
2026-06-11T13:49:05Z,abcde_forensics_stage_founders_depth14,emurgo+iog,pool1mmrdxw97yt9q22yaece43h7em2fhsgumrww7za9jdwt9xraehp4,,,1,1,1194400000,1194.4,14,244
2026-06-11T13:49:05Z,abcde_forensics_stage_founders_depth14,iog,pool12a4mx8ztxg7dwatm6lmfm36q7eyygkt3y3h29tklvcp6vyxp0nt,,,1,1,1185111122,1185.111122,14,254
2026-06-11T13:49:05Z,abcde_forensics_stage_founders_depth14,iog,pool1xkjh30ek3npwshwzm0fa0pv64wa89p9urrugjvv55wdvjct5vk9,,,3,2,1180813000,1180.813,13,260
2026-06-11T13:49:05Z,abcde_forensics_stage_founders_depth14,emurgo+iog,pool17taqml487n9t4r9a6ppvf9qv0qlw2lu4zcrzwfdsfcv6xp7uqym,PSB,PSILOBLOX,4,3,1174716201,1174.716201,12,592
2026-06-11T13:49:05Z,abcde_forensics_stage_founders_depth14,iog,pool1h5jtxde8j86qrnqzj32ugn480u7gw5xw8wqy5d227rl3vfg58qz,PEACE,PEACEpool Cardano ecosystem developers,2,2,1171260513,1171.260513,13,309
2026-06-11T13:49:05Z,abcde_forensics_stage_founders_depth14,iog,pool1d2cl6yayuxp0wv0v7dtvu0s52vglg0x4z2lz27d6x4ewj72nk2a,,,5,4,1170843850,1170.84385,13,256
2026-06-11T13:49:05Z,abcde_forensics_stage_founders_depth14,iog,pool1xn63858ej0gcs4tkjm2e3a2fgjrecfxtvzq3465ypl8ywkx7gcv,,,2,2,1160000000,1160.0,14,349
2026-06-11T13:49:05Z,abcde_forensics_stage_founders_depth14,iog,pool150hft90uw7tzr9uvj7tqkjp4u98a9hl20llj3n9ew76kkfm768r,MONKY,consensusMonky Stakepool Germany,4,2,1159770800,1159.7708,13,291
2026-06-11T13:49:05Z,abcde_forensics_stage_founders_depth14,iog,pool14msuc40fcjvwl2g6f9p2dxx24ekj7qvemla3pzkke6p86d4swzp,CUTE,Cute Pool,4,4,1155785359,1155.785359,14,283
2026-06-11T13:49:05Z,abcde_forensics_stage_founders_depth14,iog,pool1vqm5n5d503uumuc89s5y4wuczrwe3tlgylt2u2uj7y276avr5pl,BIO,Bio Pool,10,9,1144127592,1144.127592,13,331
2026-06-11T13:49:05Z,abcde_forensics_stage_founders_depth14,iog,pool1qm06f4n2hwgeqzm9lsc3rdyqcsvtt2d7z76carwxjv0e274mu24,,,2,1,1142100000,1142.1,13,543
2026-06-11T13:49:05Z,abcde_forensics_stage_founders_depth14,emurgo+iog,pool17pv7m8h5dxsyt55upay8n8ake2cgcz4mcr737um2tl8d2wthzqr,MEDIA,Powered by Cardano Stakepool,3,3,1141851000,1141.851,13,281
2026-06-11T13:49:05Z,abcde_forensics_stage_founders_depth14,emurgo+iog,pool1ft4xjlz9uw0r0ewcgtkgeakqrfc5azxmxwsm5pt94dv67mw4rgd,1LOVE,Lovelacepool,6,3,1120147391,1120.147391,12,546
2026-06-11T13:49:05Z,abcde_forensics_stage_founders_depth14,emurgo+iog,pool1qs6h0y7czzt605kptmrv6cr85kxd6tajr2hs0etvxphv7tr7nqu,,,4,3,1116993306,1116.993306,13,455
2026-06-11T13:49:05Z,abcde_forensics_stage_founders_depth14,iog,pool188rwerlxm4se6qzlz7g9mh3zrccuh492ma0wemuuvyf3zgstqy4,,,3,2,1111940217,1111.940217,13,256
2026-06-11T13:49:05Z,abcde_forensics_stage_founders_depth14,iog,pool1k7mczy6zuwaen62s7gzh0ct3uh3y6qf7nqcpzk29thcqq73gfqd,,,1,1,1105542762,1105.542762,14,254
2026-06-11T13:49:05Z,abcde_forensics_stage_founders_depth14,iog,pool1y44fkeps7ftnnf495a7grfrwtt7hxcntaenyzu4x4vah5cud0mt,,,5,2,1099530643,1099.530643,13,256
2026-06-11T13:49:05Z,abcde_forensics_stage_founders_depth14,emurgo,pool1ywpt43nttzjd7883wafg255mh0hmjypwe65ercw6p2sxg5lt7ez,EVE4,Everstake,2,1,1096767904,1096.767904,14,302
2026-06-11T13:49:05Z,abcde_forensics_stage_founders_depth14,emurgo+iog,pool1k0ucs0fau2vhr3p7qh7mnpfgrllwwda7petxjz2gzzaxkyp8f88,POLY,POLYPool,4,4,1095842789,1095.842789,12,549
2026-06-11T13:49:05Z,abcde_forensics_stage_founders_depth14,emurgo+iog,pool1lhgjma5lejn65er7lxfsqxa0lgcv9r9wrntse9wjm834qp89chh,,,8,7,1095465901,1095.465901,12,262
2026-06-11T13:49:05Z,abcde_forensics_stage_founders_depth14,iog,pool190a9js7lk9lvmrngre7w268z9tz9xs9yz77audvw8ag4jerfdhx,307,307Pool,4,2,1093680300,1093.6803,13,248
2026-06-11T13:49:05Z,abcde_forensics_stage_founders_depth14,iog,pool1yaapy9ew5cs3qvv69zxxwq8pn3jk8cylt9k7s4ejvv2tsu4czh2,MAP,MANMARU ADA POOL,1,1,1084473034,1084.473034,13,325
2026-06-11T13:49:05Z,abcde_forensics_stage_founders_depth14,emurgo+iog,pool1lzupr43772kfux007sdt02vlx7uzmfcplrwmxntdztxmwv9myrj,CRCI,CRCI,1,1,1083814100,1083.8141,12,253
2026-06-11T13:49:05Z,abcde_forensics_stage_founders_depth14,iog,pool1yff3j4xqhmunrccjsdh0u9qxrws7xdqhagjx5lqktklwj67u5s3,,,1,1,1064923000,1064.923,14,287
2026-06-11T13:49:05Z,abcde_forensics_stage_founders_depth14,emurgo,pool1jjry6f6q0swaq457ft9eclaxaskvrxnpj0v3w8edsyfryml3vj6,STACK,ADASTACK,1,1,1061922966,1061.922966,14,299
2026-06-11T13:49:05Z,abcde_forensics_stage_founders_depth14,emurgo+iog,pool1wyfau3rlkckr3clr4mkyxn9vdlrkup0fj7uyyflfccmms24gm3a,TERA,⭐ TERA ⭐,2,1,1055620923,1055.620923,13,238
2026-06-11T13:49:05Z,abcde_forensics_stage_founders_depth14,emurgo+iog,pool1uk2f28awascuhrhuwrp7x6y87x8ch33vwx8jtmrysp7l5ngq78j,POWER,POWER Stake Pool 1,8,8,1054103412,1054.103412,12,278
2026-06-11T13:49:05Z,abcde_forensics_stage_founders_depth14,iog,pool1xppj5zu9kmuqk05u6dtd3dmtj7fl25cvjyzsc95gmfyjywaslnp,MS3,Moonstake 3,2,2,1054072937,1054.072937,14,254
2026-06-11T13:49:05Z,abcde_forensics_stage_founders_depth14,iog,pool1cjz6kg9a8ug9uk0nc59q60a67c2628ms58rd98gq587jwa2x5qt,GENS1,Genius X 1,5,5,1053225505,1053.225505,13,315
2026-06-11T13:49:05Z,abcde_forensics_stage_founders_depth14,iog,pool18e63pk226vwk7j3khen2nsgs2wt3q6c7u3rnu7jzm9mtxrj54hu,,,1,1,1045700000,1045.7,14,248
2026-06-11T13:49:05Z,abcde_forensics_stage_founders_depth14,emurgo+iog,pool1vnsfv2qpt5gxte9prupjey8kw7ap7t6c8lc02ks4s3gtqplhgd3,1PCT4,"1 Percent Pool #4 (v1)",2,2,1043716000,1043.716,12,299
2026-06-11T13:49:05Z,abcde_forensics_stage_founders_depth14,emurgo+iog,pool1ljlmfg7p37ysmea9ra5xqwccue203dpj40w6zlzn5r2cvjrf6tw,AAA,AAA,4,3,1020712609,1020.712609,12,287
2026-06-11T13:49:05Z,abcde_forensics_stage_founders_depth14,emurgo+iog,pool1k2qhlrrweu8fecd4hx4hn22lv00nrd3rjdxj6durax7m78q7ynu,,,1,1,1010700000,1010.7,13,371
2026-06-11T13:49:05Z,abcde_forensics_stage_founders_depth14,iog,pool17xh922cr9skc0fqk7sr8at6xx6eluh5qyv9p7ca2x0mtc3st0mz,SEA,SeasideStaking,3,3,1003714492,1003.714492,13,326
2026-06-11T13:49:05Z,abcde_forensics_stage_founders_depth14,iog,pool14d9malnn8pmyjfr3fagp8k6a04mavehffa9mh5c852ny53krcfl,,,1,1,1001824863,1001.824863,14,251
2026-06-11T13:49:05Z,abcde_forensics_stage_founders_depth14,emurgo+iog,pool1xn63858ej0gcs4tkjm2e3a2fgjrecfxtvzq3465ypl8ywkx7gcv,,,2,1,999831727,999.831727,13,303
2026-06-11T13:49:05Z,abcde_forensics_stage_founders_depth14,emurgo,pool13846y7q7tng3endxhet9qdcz5w0fjs09ytcye4dm5g54wmyqeqr,BSP,The Brothership Pool,2,1,999826139,999.826139,14,295
2026-06-11T13:49:05Z,abcde_forensics_stage_founders_depth14,emurgo,pool14enw2643rn9nn6yzv60jyz3hj4kxs0jvap87lkgsqykh508jxm6,STSH2,"Stake Shark #2",2,2,999337613,999.337613,14,266
2026-06-11T13:49:05Z,abcde_forensics_stage_founders_depth14,emurgo+iog,pool17k2dpgvx8spkdhgf5j7x5u7pqjpvlwa76sugwen8l3xtk7kq3c4,,,1,1,999000000,999.0,13,252
2026-06-11T13:49:05Z,abcde_forensics_stage_founders_depth14,iog,pool177q3zxxyqzp5kffeh5jxssnxk7rwnpkf04628kcsf0cyj6jaklw,,,1,1,999000000,999.0,13,255
2026-06-11T13:49:05Z,abcde_forensics_stage_founders_depth14,emurgo+iog,pool1vkngxunyagwen690yn36pa2v6jecyxgeavl9nva9dwzhu22fzt7,LOVE2,Love2Stake: 0.00% Fee & 100% Rewards,1,1,999000000,999.0,13,261
2026-06-11T13:49:05Z,abcde_forensics_stage_founders_depth14,iog,pool1chxjq4stjq2q635q8lv3vpszu0jqntxh3ltl97s5de4rz0rkdn3,,,1,1,998461873,998.461873,14,249
2026-06-11T13:49:05Z,abcde_forensics_stage_founders_depth14,cf+emurgo+iog,NOT_DELEGATED_OR_NO_STAKE,,,4,0,990278609,990.278609,12,
2026-06-11T13:49:05Z,abcde_forensics_stage_founders_depth14,iog,pool1umslg2gmre4znj8hsx9x2u4ah4gfw8guv4mjthnjge3k2j5f8cl,SPRTA,Sparta Stake Pool,1,1,988999000,988.999,14,250
2026-06-11T13:49:05Z,abcde_forensics_stage_founders_depth14,iog,pool1j5zdx73kk2w53vd5qqw3wqehywh2tpljltfy3rdmuuge5k7pg8m,CERRA,CERRA ISPO,1,1,988010000,988.01,13,485
2026-06-11T13:49:05Z,abcde_forensics_stage_founders_depth14,iog,pool1pvsvhzqlrtmseg2mlk600hzs7zqztuqm4ytxyeupa2dyjzs33nr,,,1,1,984050773,984.050773,14,302
2026-06-11T13:49:05Z,abcde_forensics_stage_founders_depth14,iog,pool1k3wpsc8q8za2qeptx5kv73r76hs5gvp59gga6ad6u5hnj3scy3q,CPU,Cardano Pools United,1,1,982800000,982.8,14,282
2026-06-11T13:49:05Z,abcde_forensics_stage_founders_depth14,emurgo+iog,pool1ynxx88cq0y8vg8yrq3jrw6epm7rq9a8859v34sq9lzjy7ztg90u,EVE,Everstake,4,4,981745517,981.745517,10,266
2026-06-11T13:49:05Z,abcde_forensics_stage_founders_depth14,emurgo+iog,pool15yyxtkhz64p7a8cnax9l7u82s9t9hdhyxsa3tdm977qhgpnsuhq,SECUR,ONE SecureStaking.io,3,3,955516934,955.516934,11,274
2026-06-11T13:49:05Z,abcde_forensics_stage_founders_depth14,iog,pool1tx6e7gewsrcceejwpa69vrhlhay6862amaks095pmw9jxulwhvx,,,4,1,953824048,953.824048,13,252
2026-06-11T13:49:05Z,abcde_forensics_stage_founders_depth14,iog,pool1zvt3jucmlx2334zv4twpmlfhlxnamwrpp8uzqywd9n94cmvf2xh,,,1,1,950078666,950.078666,14,250
2026-06-11T13:49:05Z,abcde_forensics_stage_founders_depth14,iog,pool130hx49xrg3cjtdqnqegmn03z8fgu6juenyctws0feh6ekdy0fam,,,2,1,934372500,934.3725,14,260
2026-06-11T13:49:05Z,abcde_forensics_stage_founders_depth14,iog,pool1c55n72ag3tz8g7rntzuu9a86u7eugsy008xl3xsje8kwgvz2vdz,,,16,6,931572395,931.572395,12,477
2026-06-11T13:49:05Z,abcde_forensics_stage_founders_depth14,iog,pool1tnmd6aq6rn3ctyqqqw8csvl5vlqncx3fwaqk8rsxsmqn5v9e28n,CORAL,Coral Pool,2,2,927854170,927.85417,14,525
2026-06-11T13:49:05Z,abcde_forensics_stage_founders_depth14,iog,pool1dpu6kslgxlg3ccrwxldl8e6r7ylnq0yalafmucp0yc7k6qegtt0,FARM,ADA Farm,6,5,918282609,918.282609,13,526
2026-06-11T13:49:05Z,abcde_forensics_stage_founders_depth14,iog,pool1jc24u7v5xsaw9dw6s0vftjat8ssc8ru4c0uhrj8zpm3usnrp03t,,,1,1,917300000,917.3,14,267
2026-06-11T13:49:05Z,abcde_forensics_stage_founders_depth14,emurgo+iog,pool12jnulzs7j8lsku4r2a7q6tee6tt66872vwhqh8jxvgzn6837jtl,1JPN,日本壱プール,1,1,915083000,915.083,13,252
2026-06-11T13:49:05Z,abcde_forensics_stage_founders_depth14,iog,pool1rshru8pm6y0jy7jncmt6qzfs8u4f5qa5gvyh38kgec767t20z3d,FANCY,FanceePool,4,3,905354451,905.354451,13,254
2026-06-11T13:49:05Z,abcde_forensics_stage_founders_depth14,iog,pool1m7eljcrzd593cawzwpts00mmnxnj52kr9da8r264r7c4kfd4m0h,,,1,1,903785491,903.785491,13,258
2026-06-11T13:49:05Z,abcde_forensics_stage_founders_depth14,emurgo+iog,pool1nr2pl3yqx65hq6y2r8unlnrejfkypeh84zezf44u7glcz50yzet,KHAN,Khan Pool,1,1,901147645,901.147645,13,258
2026-06-11T13:49:05Z,abcde_forensics_stage_founders_depth14,iog,pool15ju4ktqmtha9vry4mf44hr2psf807n4achj76z8uhawgw9462kx,,,2,2,886520472,886.520472,12,252
2026-06-11T13:49:05Z,abcde_forensics_stage_founders_depth14,emurgo+iog,pool1a44zldps27avv82mamm2lj33mrrkqdzt39nyrgn5dkk3jtm0wrp,,,1,1,871000000,871.0,13,212
2026-06-11T13:49:05Z,abcde_forensics_stage_founders_depth14,iog,pool1a44j6jas4sjhh3qc96r8rmhsdjxjuntuzxr3440jzwjjcysl9ca,MELD,MELD,6,5,866908222,866.908222,13,322
2026-06-11T13:49:05Z,abcde_forensics_stage_founders_depth14,iog,pool1vm3rcng5f729uuhehfq0ael0pw9x9dlukqkdlmk2fnakxt3jxyj,,,1,1,866725743,866.725743,13,253
2026-06-11T13:49:05Z,abcde_forensics_stage_founders_depth14,iog,pool19huja8uuhc98rxajduh7yexg982rt3qv6slwpf3r7ug5ke37g0g,,,2,1,865860689,865.860689,13,258
2026-06-11T13:49:05Z,abcde_forensics_stage_founders_depth14,emurgo+iog,pool15ju4ktqmtha9vry4mf44hr2psf807n4achj76z8uhawgw9462kx,,,1,1,864039072,864.039072,13,267
2026-06-11T13:49:05Z,abcde_forensics_stage_founders_depth14,iog,pool1fftlhn68f3lejs2u39pcd5q33zgwnlumrp20dr6cqqkxwyuft2r,ARKA,🇮🇳 Ray of Light & Hope for the deserving,1,1,861255800,861.2558,14,248
2026-06-11T13:49:05Z,abcde_forensics_stage_founders_depth14,emurgo+iog,pool1wt0pf4u2xktp0f7apveu242w6nkm4ltk3m8g039lvuhwq4zdtf3,ECO,ECO Pool,9,8,858129818,858.129818,12,454
2026-06-11T13:49:05Z,abcde_forensics_stage_founders_depth14,emurgo,pool13pclvkwxee4znt7qc55k8ny89zvdkvfrt04dtd99zjm5vs2tws5,CCJ2,CCJ2,1,1,856142000,856.142,14,222
2026-06-11T13:49:05Z,abcde_forensics_stage_founders_depth14,iog,pool1xpd294wkl9uh7jj57ak93v5dxgyvg33cmdl326s9skyzjq5m0fq,,,1,1,851703282,851.703282,14,319
2026-06-11T13:49:05Z,abcde_forensics_stage_founders_depth14,iog,pool15xgej4c7ns20y5pt7dc5vq6yj87ss5sl2ffucmh5j766j90ppur,1PCT5,"1 Percent Pool #5 (v3)",2,2,842552066,842.552066,14,270
2026-06-11T13:49:05Z,abcde_forensics_stage_founders_depth14,emurgo+iog,pool1xtrwqwu6jn896szjwsyxxjczl6hc9sq4lh5ax68f7dt3gc0y9rx,NERD2,Nerd Stake Pool,2,2,838791165,838.791165,12,318
2026-06-11T13:49:05Z,abcde_forensics_stage_founders_depth14,emurgo+iog,pool1zk6uxgptztrxxamzd0ugrtu84xg8mjymd2xcdvxqazpruqt9r3x,OCEA1,ADA Ocean One,3,3,837775086,837.775086,11,571
2026-06-11T13:49:05Z,abcde_forensics_stage_founders_depth14,iog,pool1dqhaw0h2f4ehpdhh57quszcj22qhkglhg6yvaf39w3clxdl2kpy,CHEF,Chef Pool,3,3,827196055,827.196055,14,332
2026-06-11T13:49:05Z,abcde_forensics_stage_founders_depth14,emurgo+iog,pool13pt7us94nw782t5v4d89sz8zqn8hcn8r8r7hhph5mvxvvp3c76v,DIGI6,Digital Fortress,1,1,821825743,821.825743,13,256
2026-06-11T13:49:05Z,abcde_forensics_stage_founders_depth14,emurgo,pool17rjst78s67lvellg8s586rf076jxa3wnsdz730f4xk2zwuhrtej,NORTH,"#2 Nordic Pool",2,2,820601428,820.601428,14,358
2026-06-11T13:49:05Z,abcde_forensics_stage_founders_depth14,emurgo+iog,pool1qku2yhky7sv4dfjfv42uyvauhehuqevk25aw952d7ulzqzx3jcu,ASPEN,Aspen Pool by Woodland Pools,9,4,819712894,819.712894,12,588
2026-06-11T13:49:05Z,abcde_forensics_stage_founders_depth14,iog,pool1yz3fnqnsqhqpkc2tjqn4dkws8nnr8a5kcs50g780nh0wk8tgnp2,ADAES,Spanish Stake Pool,7,5,807792210,807.79221,13,334
2026-06-11T13:49:05Z,abcde_forensics_stage_founders_depth14,emurgo+iog,pool1a3kdettzvvlqvkl9m9hwe63ggeq5fgvz0twqew5c62dzx99vsed,LEAD,LEAD Stake Pool,3,3,802557567,802.557567,10,315
2026-06-11T13:49:05Z,abcde_forensics_stage_founders_depth14,emurgo+iog,pool1q0jmr57udknpq8k5qtgt5vgdjq9pzrzevf68966wxn8zgz7qy3w,EPOCH,EPOCH Stake Pool,1,1,800000000,800.0,12,253
2026-06-11T13:49:05Z,abcde_forensics_stage_founders_depth14,emurgo,pool1swe9nsv8lzugakjkfv04dn38scmq48wzynmn0lxasupuzmqcgjm,ADAGE,ADAGE,1,1,799000000,799.0,13,226
2026-06-11T13:49:05Z,abcde_forensics_stage_founders_depth14,iog,pool1selmgl0cnmqy592g8gg9gnn5gthy39sdyfe0dx98n007ceml3e7,,,2,1,799000000,799.0,14,261
2026-06-11T13:49:05Z,abcde_forensics_stage_founders_depth14,emurgo+iog,pool15cy4p3axu0m6sfrmxsp46z5cevx3ruksfwjl48730cgx24j4ydz,TECH,Tech pool,1,1,799000000,799.0,12,608
2026-06-11T13:49:05Z,abcde_forensics_stage_founders_depth14,iog,pool19fc2vzdf2pk42uu2848przz05ududrlmwktgsv2sd8mk69vuech,,,1,1,797806122,797.806122,14,252
2026-06-11T13:49:05Z,abcde_forensics_stage_founders_depth14,iog,pool19ut4284xy9p82dd0cglzxweddfqw73yennkjk6mmp650chnr6lz,ELEMT,ELEMENTAL Stake Pool,5,5,778414590,778.41459,13,256
2026-06-11T13:49:05Z,abcde_forensics_stage_founders_depth14,emurgo,pool13mas2wthxs28zftxskcsd8t87jk2w9ntc0u5uflt45sh7lcvs8h,EMUR3,EMURGO 3,1,1,772612921,772.612921,14,523
2026-06-11T13:49:05Z,abcde_forensics_stage_founders_depth14,emurgo,pool1u7mqtde27swkarngjsn5mmw3sy20zavlafgqkmg8qv2n2nwga0l,CFLOW,CashFlow,1,1,762013655,762.013655,13,239
2026-06-11T13:49:05Z,abcde_forensics_stage_founders_depth14,iog,pool1lxqewhueg4hzyad766zhdwsjet5348ww8mzejf6fprxaw8wfq5s,YOON,Your ADA Moon,4,1,759818571,759.818571,14,544
2026-06-11T13:49:05Z,abcde_forensics_stage_founders_depth14,iog,pool1nsaul82z7ytu73q96w2wgj8wrardmrzjkuzaankzn0xuqkj70qm,,,1,1,757900000,757.9,14,342
2026-06-11T13:49:05Z,abcde_forensics_stage_founders_depth14,iog,pool1w50f20mpxwtal3plsqmgrx2xxlg84hn7ep0fhlcajkhu77k8tfp,,,1,1,754221182,754.221182,13,270
2026-06-11T13:49:05Z,abcde_forensics_stage_founders_depth14,emurgo+iog,pool1we9umarzn0l6jp8mcm98y28lxuuzcurzpjldnjwtgdhgw068mnr,,,1,1,751500000,751.5,12,328
2026-06-11T13:49:05Z,abcde_forensics_stage_founders_depth14,iog,pool10p3g22454ly7eaurlur5wc9d9ual2fnfwy7a6e7k09z3yf929k9,OUROS,Ouros,4,4,751012391,751.012391,9,365
2026-06-11T13:49:05Z,abcde_forensics_stage_founders_depth14,iog,pool1wese6np3cptssf8rd8gn49259dj7u225dujj07tqgtnqytgp6xx,,,1,1,748250000,748.25,14,261
2026-06-11T13:49:05Z,abcde_forensics_stage_founders_depth14,iog,pool1k9w9u6rrn4f729hws6crwh4kc9jsdjq0e8q0f64jp0vzyallw02,,,3,2,748174161,748.174161,13,298
2026-06-11T13:49:05Z,abcde_forensics_stage_founders_depth14,emurgo+iog,pool1kx0jm9ycs3t99tnwafw6w72jkdlzhj5ltxe2nrzkd9x2u5x343h,EMUR6,EMURGO 6,3,2,744300000,744.3,12,556
2026-06-11T13:49:05Z,abcde_forensics_stage_founders_depth14,iog,pool1ujcu3myfg9wwvdyh2ks653954lamtufy3lefjs73jrr327q53j4,PUDIM,Pudim's pool,4,4,724745987,724.745987,13,255
2026-06-11T13:49:05Z,abcde_forensics_stage_founders_depth14,iog,pool1kgwaa6fhpaqu8v4hrk35lzjhjsa6typ55ammszhd2q7zkxv5v40,,,2,1,723000000,723.0,14,472
2026-06-11T13:49:05Z,abcde_forensics_stage_founders_depth14,emurgo,pool1jhzf2mm6zdlhl6w89uhgx8nq8p6ykcc86qq58vjy0ejyxrrksfj,LOVE,StakeLove,1,1,721277000,721.277,14,219
2026-06-11T13:49:05Z,abcde_forensics_stage_founders_depth14,iog,pool1tez268q6v9afz54csn2lg95kw7yyjykc3px8ry5gwkk656azfnz,,,5,4,713609162,713.609162,14,261
2026-06-11T13:49:05Z,abcde_forensics_stage_founders_depth14,emurgo+iog,pool1sysgx87cwxnqy0pqn8g97gdhd0dmre9rw3jvpn2k7apuwa7cgkn,EVE6,Everstake Partner,2,2,712800552,712.800552,12,602
2026-06-11T13:49:05Z,abcde_forensics_stage_founders_depth14,emurgo+iog,pool1tmt8thfaqeqv499l3s7k5kl64s84nycvnx55ll3ksm9hq50p0ks,WFFL,WAFFLE,1,1,703000000,703.0,12,402
2026-06-11T13:49:05Z,abcde_forensics_stage_founders_depth14,iog,pool16cpkmftdtt86a9fwg9pp56lrs45nf5dl7rwuucscma33kvppfky,,,2,2,694722236,694.722236,14,220
2026-06-11T13:49:05Z,abcde_forensics_stage_founders_depth14,emurgo,pool15wkxegrfflzcyhurrjxsm9ljqtz09xr5rtnqsarnp7hmsz5um3t,STSH1,"Stake Shark #1",3,3,687716435,687.716435,13,288
2026-06-11T13:49:05Z,abcde_forensics_stage_founders_depth14,iog,pool1ttxtgplmy2v7t9s56gm3xxhsyxe68kpx0vu3utts03p2k4x3avl,,,3,2,687000000,687.0,12,322
2026-06-11T13:49:05Z,abcde_forensics_stage_founders_depth14,emurgo+iog,pool1caulv7s08g0jnptzdc69qycptacu7fzahny2epzh7sh9vhqz6xz,NUFI1,Nu.Fi & AdaLite 1,3,3,682737273,682.737273,12,319
2026-06-11T13:49:05Z,abcde_forensics_stage_founders_depth14,emurgo+iog,pool1we0xjccr3vc4ypnmhzsgwp7sxpsytu8dtv0syeqmtrllvcex68q,JUNO,JUNO stake pool,1,1,680609000,680.609,13,249
2026-06-11T13:49:05Z,abcde_forensics_stage_founders_depth14,iog,pool16pg8zc9zxxfjksquvjs6ljxuy8ng9xf79ekqekap98a8wjzuttg,,,5,5,679671881,679.671881,14,300
2026-06-11T13:49:05Z,abcde_forensics_stage_founders_depth14,emurgo+iog,pool18v9r8afalh50l4lstct2awdc3zspnvurcs7t45nv29uc2mnxc6c,LONDN,London pool,3,3,679384863,679.384863,13,253
2026-06-11T13:49:05Z,abcde_forensics_stage_founders_depth14,emurgo+iog,pool1qqq0c53vaf5ju0n3fvujmyxwca0yhp65930evw9lngmr5705csz,ANP,ADA NORTH POOL,2,2,679318111,679.318111,13,262
2026-06-11T13:49:05Z,abcde_forensics_stage_founders_depth14,iog,pool1rc5a3yqa4w692649vnazcw5h9azeldc3gc6gkdk9ctlnzwsgqtd,ASLAB,After School Labs,3,2,677638151,677.638151,12,252
2026-06-11T13:49:05Z,abcde_forensics_stage_founders_depth14,emurgo+iog,pool1m83drqwlugdt9jn7jkz8hx3pne53acfkd539d9cj8yr92dr4k9y,BKIND,Smit Blockchain Operations,6,3,675855000,675.855,12,253
2026-06-11T13:49:05Z,abcde_forensics_stage_founders_depth14,iog,pool1fn8mfqp4jt6097ygqrze5rjzg3y5s8fktxszqgs9mg22jvr42dx,DARK,ADA DARKPOOL,3,3,671908334,671.908334,13,269
2026-06-11T13:49:05Z,abcde_forensics_stage_founders_depth14,iog,pool1gdng276yudrye9s4qrl6ylwwnyc5fagtcp44pwcqmgy62zng607,,,1,1,664500499,664.500499,14,253
2026-06-11T13:49:05Z,abcde_forensics_stage_founders_depth14,iog,pool1tfuznvd3pkkwt96qwzurvzmf34zgut0uzap9c3skq7p4262stsx,,,1,1,652499122,652.499122,14,255
2026-06-11T13:49:05Z,abcde_forensics_stage_founders_depth14,emurgo+iog,pool1qnrqc7zpwye2r9wtkayh2dryvfqs7unp99f2039duljrsaffq5c,NUFI,Nu.Fi & AdaLite,10,7,651056972,651.056972,11,384
2026-06-11T13:49:05Z,abcde_forensics_stage_founders_depth14,emurgo+iog,pool1qqmvjqwzcg3p0x89a9hd6lgwvqq8wy2w6mcx0csaxq4x6xz7qyn,,,1,1,644144200,644.1442,14,252
2026-06-11T13:49:05Z,abcde_forensics_stage_founders_depth14,iog,pool14strkpqykx0rahz2xe8nnl6x8vyezhssdnzxk7jrktpgvst3tp8,,,2,1,641378663,641.378663,13,254
2026-06-11T13:49:05Z,abcde_forensics_stage_founders_depth14,iog,pool1maknvmsdvk240a7w8rclvq2lu5pzk906cuh9cw7j30z76ff257u,,,4,3,637548661,637.548661,13,255
2026-06-11T13:49:05Z,abcde_forensics_stage_founders_depth14,iog,pool14z3hap9tf6gt4gk8u84kcwm3s0etcgha26sn8t8wmvcruk0kvgj,,,1,1,636716010,636.71601,14,624
2026-06-11T13:49:05Z,abcde_forensics_stage_founders_depth14,iog,pool1qzlw756y0z6ehg9jkerrfrydr7qlvzl5pgset33h3h2akst593a,BCSH5,Blue Cheese Stakehouse,7,5,634789537,634.789537,13,318
2026-06-11T13:49:05Z,abcde_forensics_stage_founders_depth14,iog,pool18n5hw3960p7su9dvw08w3nf7sgky52qzwkpatv3zsf52qy0vnk6,DECEN,Decentralized Stake Pool,4,1,632358110,632.35811,14,276
2026-06-11T13:49:05Z,abcde_forensics_stage_founders_depth14,iog,pool1grhujlggx90ln0jcnrey4adckysxdx6rqfmx9s6fnhtc2g0qym0,,,1,1,619000000,619.0,12,336
2026-06-11T13:49:05Z,abcde_forensics_stage_founders_depth14,iog,pool16p8y0pzx8yx7vz6eqksw9xjhh3tzeymvxcstrgtk8ncw75356yw,ZPCT,Midnight! ✅ · 0% Fees! ✅,1,1,615880000,615.88,13,550
2026-06-11T13:49:05Z,abcde_forensics_stage_founders_depth14,iog,pool12584mjtgz3fhgpx823qht56gycnfnezg6aqqthazv4qdxkd5c46,DOLCA,DOLCA Stake Pool,3,2,609314953,609.314953,13,248
2026-06-11T13:49:05Z,abcde_forensics_stage_founders_depth14,iog,pool14gw9d5yhxf5t6k68tqvpa95hragu78yuyr7lm9gz9d9dx2yz9s4,EUADA,European ADA Pool,2,2,603289847,603.289847,14,576
2026-06-11T13:49:05Z,abcde_forensics_stage_founders_depth14,iog,pool1mc6f3tvzp59yfn2przflkq9q6k00g0hfpyck5t5whjs8qdcjuj3,,,2,2,601244032,601.244032,12,253
2026-06-11T13:49:05Z,abcde_forensics_stage_founders_depth14,emurgo+iog,pool1kmsr376syqkluhxvv8k2axugqw7unjmlkwhfxjxtj7cw7qcn0jn,CRDN3,"CARDANIANS.io #4",4,4,600779117,600.779117,12,537
2026-06-11T13:49:05Z,abcde_forensics_stage_founders_depth14,iog,pool1zqcz8zt9v07ygj06zr28lwm85s20f6w2qdcdltjyd0wuklydqnd,,,1,1,597285606,597.285606,14,261
2026-06-11T13:49:05Z,abcde_forensics_stage_founders_depth14,iog,pool1qqqq58jy30weq2an3px3maljdmawcwh6ml4hr8m9euq9z2n7wyz,COAST,Gold Coast 🥇,1,1,596618659,596.618659,14,254
2026-06-11T13:49:05Z,abcde_forensics_stage_founders_depth14,iog,pool1rqwhzyfvm8uh6qseqpkkz2uvga0ufr0aaavrw7nynytuxy9uj6c,,,2,1,595000000,595.0,13,246
2026-06-11T13:49:05Z,abcde_forensics_stage_founders_depth14,emurgo+iog,pool18j287g2sccele52hhxc0csk2ghfghwndqm9yahdqnhjks840wtq,APE,ADA Ape Pool,1,1,594404000,594.404,13,286
2026-06-11T13:49:05Z,abcde_forensics_stage_founders_depth14,emurgo+iog,pool157e2zadjusu6esf9mmx37nf63ep2gazdeln5mh04ylpcvz59g5c,AION,Aion,1,1,594004400,594.0044,13,250
2026-06-11T13:49:05Z,abcde_forensics_stage_founders_depth14,iog,pool14lr9ef5a22ng5xcu2rhpkkc86u5fp24r5gnj6hvnjxmsv8t8rtj,FRUIT,Far Reaching Use of Information Technology,4,4,593599470,593.59947,13,261
2026-06-11T13:49:05Z,abcde_forensics_stage_founders_depth14,emurgo,pool10efuydxjnasr0309lqklmj9xahupdnzqd59r5dqjeh4twz06tr0,F4ADA,Friends4ADA,2,2,591765980,591.76598,14,292
2026-06-11T13:49:05Z,abcde_forensics_stage_founders_depth14,iog,pool1lqeg5d3jpwr3nvra568nk28sr8lttyr6cf4yyssdx6qtxea9nmr,,,1,1,589725800,589.7258,14,259
2026-06-11T13:49:05Z,abcde_forensics_stage_founders_depth14,iog,pool1u7zrgexnxsysctnnwljjjymr70he829fr5n3vefnv80guxr42dv,,,1,1,589000000,589.0,14,270
2026-06-11T13:49:05Z,abcde_forensics_stage_founders_depth14,iog,pool189lfh7azuvxu0hyskwahnp35rtez0mzhsmule3742p3jkza00cq,SEBI,SEBI,1,1,582945429,582.945429,14,595
2026-06-11T13:49:05Z,abcde_forensics_stage_founders_depth14,iog,pool15krrlqfd3uc8nea2tw8z3wl2v0fny4enhu3q892988zv7dhv0vk,,,3,1,569133989,569.133989,14,282
2026-06-11T13:49:05Z,abcde_forensics_stage_founders_depth14,iog,pool1lk0hu3njxgra3emgfa73268el89qzytecff0fzz982avvjsw3l6,IMPI,Mirabilia,1,1,568600000,568.6,13,279
2026-06-11T13:49:05Z,abcde_forensics_stage_founders_depth14,emurgo+iog,pool1g8y2gz4sk7xhyaj469jlj3njyu5dlvqa7t7v9c2gk0yc69879z8,1PCT0,"1 Percent Pool #0 (v2)",3,3,567528900,567.5289,12,254
2026-06-11T13:49:05Z,abcde_forensics_stage_founders_depth14,emurgo+iog,pool1jezf7dcx26edfpxmpuh05yen64a9cj44xm2ggsapcxrtqewfek2,CURRY,CurryOn Crypto,1,1,564000000,564.0,13,256
2026-06-11T13:49:05Z,abcde_forensics_stage_founders_depth14,emurgo,pool1qqmvjqwzcg3p0x89a9hd6lgwvqq8wy2w6mcx0csaxq4x6xz7qyn,,,1,1,561344370,561.34437,14,253
2026-06-11T13:49:05Z,abcde_forensics_stage_founders_depth14,iog,pool1cmqpzlsrrjup8zg6qaperz868u64dlt7uvvdszsr658mvzz9qq0,TREK,stakeTREK.io,5,3,554457415,554.457415,12,523
2026-06-11T13:49:05Z,abcde_forensics_stage_founders_depth14,emurgo+iog,pool1wz27a9pvd2jat98s375lxaaj7qxy405km4vzp83wn5vtwp59kvh,BRADA,BRADA POOL,3,3,551659257,551.659257,11,339
2026-06-11T13:49:05Z,abcde_forensics_stage_founders_depth14,emurgo+iog,pool1qgmwcxs8d8qmr0vtvsqd9u8gugrventh5dcqukmu79e2sgfuu8t,CLAY,CLAY,3,2,550623443,550.623443,13,446
2026-06-11T13:49:05Z,abcde_forensics_stage_founders_depth14,iog,pool1arx4x8ecnxu46xrpfj88hwm25j9gcy8080szvf62a0avke556v5,,,1,1,547954689,547.954689,13,255
2026-06-11T13:49:05Z,abcde_forensics_stage_founders_depth14,emurgo+iog,pool14lr9ef5a22ng5xcu2rhpkkc86u5fp24r5gnj6hvnjxmsv8t8rtj,FRUIT,Far Reaching Use of Information Technology,2,2,547195252,547.195252,12,266
2026-06-11T13:49:05Z,abcde_forensics_stage_founders_depth14,iog,pool1u9gudcfadehlarkh4xdtgrf3zeze978mrnhtrvjdkjwj7wxvcje,,,3,3,542304269,542.304269,13,256
2026-06-11T13:49:05Z,abcde_forensics_stage_founders_depth14,emurgo+iog,pool1myvgx4ef424e6nw2strqq7dxcepav52plyyhxrk0avaw7y098l2,COOL2,COOL2,2,2,539340000,539.34,12,258
2026-06-11T13:49:05Z,abcde_forensics_stage_founders_depth14,iog,pool1zkdaju2rjefa52uh6yh6etsxla0x6aqs6p6wm245y5szk7k3msd,A3C,A3C Pool,2,2,539003380,539.00338,14,400
2026-06-11T13:49:05Z,abcde_forensics_stage_founders_depth14,iog,pool13t6cwz9hhr8xm29pc94zyg5tx3kteqeu8gw2nc3lhzatqegzp6z,,,3,3,533105094,533.105094,14,285
2026-06-11T13:49:05Z,abcde_forensics_stage_founders_depth14,emurgo,pool10qmnswfc22zm0fscg80gkwqz65ujwjkqmctv8g9l9l58wqtelgg,WAAUS,WAAUS,1,1,533000000,533.0,13,234
2026-06-11T13:49:05Z,abcde_forensics_stage_founders_depth14,iog,pool15p326nmjaj47v9u2392tlnngyr5hnj6gru84al3s0akdu9mj004,PLTUS,"💰 Plutus Staking #2 💰",7,4,530638927,530.638927,12,256
2026-06-11T13:49:05Z,abcde_forensics_stage_founders_depth14,iog,pool1gqf605yxhmyfasdjhf8yxcesztgzuek9gfuvy2dnyj5cyp8zga3,OLEUM,The OLEUM Stakepool,2,2,530074500,530.0745,13,258
2026-06-11T13:49:05Z,abcde_forensics_stage_founders_depth14,emurgo+iog,pool1mh4ng2ldxk4sqfppzu6r4knxrk6e87e9c4wgrred84uy7xauzlh,CCV2,"(Crypto Capital Venture) #Pool3",4,4,529786758,529.786758,12,389
2026-06-11T13:49:05Z,abcde_forensics_stage_founders_depth14,iog,pool196kpy0628pdlm0qpedsnnnctrunyx3cvt0ugalrj4a2mxr72uk6,,,1,1,528484922,528.484922,13,245
2026-06-11T13:49:05Z,abcde_forensics_stage_founders_depth14,emurgo+iog,pool12eht6dqxpzqj87xuextrpufz2gxmt4reuesuw26r2utzw0kw906,CAN1,CanadaStakes,1,1,527203641,527.203641,13,456
2026-06-11T13:49:05Z,abcde_forensics_stage_founders_depth14,iog,pool1u8yequt4vq3jhajeegc02r3msnne6krayxuzrypaz8jkq5v5pux,HOSK,Hosk Pool,3,3,523621698,523.621698,13,302
2026-06-11T13:49:05Z,abcde_forensics_stage_founders_depth14,iog,pool13r4e7tttcxp4qfs4gqtv0hz5k48qdhhxrskz8pjrj6fqy5qmee0,,,1,1,518913600,518.9136,13,563
2026-06-11T13:49:05Z,abcde_forensics_stage_founders_depth14,emurgo+iog,pool1zc7vxe3ymyej76h8wu8gm79chtt7w9c3adkza4uhrjvagr9w4zp,KRSNA,✨Krishna Stake Pool by Kaizen Crypto,2,2,512429481,512.429481,13,254
2026-06-11T13:49:05Z,abcde_forensics_stage_founders_depth14,iog,pool1vc8jhqtwjrjwsfk6a0enx47hd2ufg98c34ta6lvl0zv0uhpech9,MDS,Medusa Development Support,3,3,511396856,511.396856,13,253
2026-06-11T13:49:05Z,abcde_forensics_stage_founders_depth14,emurgo+iog,pool1ddgcpgjcyawxw95se9x8qnc8gxgwjr4fqrk4vk6v9x47s0ggpjp,1PCT8,"1 Percent Pool #8 (v1)",1,1,509247060,509.24706,12,242
2026-06-11T13:49:05Z,abcde_forensics_stage_founders_depth14,iog,pool1quj6cp7w4tarq7hrcdsjxlgcmnunm2xvnpvmj20l9nplue6rjxx,,,1,1,508500000,508.5,13,253
2026-06-11T13:49:05Z,abcde_forensics_stage_founders_depth14,emurgo,pool1w7c2j0px43jmudhf48ezp7dy8j7904c9l3wc7809lhh2z026hch,STAT,AdaStat Pool,2,2,506390000,506.39,14,334
2026-06-11T13:49:05Z,abcde_forensics_stage_founders_depth14,iog,pool1lkcd3w5g6s6v3hf6kwt55dqpalrmq9h9f3ec033nnzhvgjgl860,FUND2,Cardanode: 0.00% Fee and 100% Rewards Guaranteed,7,3,505272033,505.272033,13,390
2026-06-11T13:49:05Z,abcde_forensics_stage_founders_depth14,iog,pool19ejln2jcpg5dphc8m5nh8sya49sycsqj0v2cjxw6nku966cc8nu,POP,POP,1,1,502710072,502.710072,14,210
2026-06-11T13:49:05Z,abcde_forensics_stage_founders_depth14,iog,pool190gglea2zvf8vch44jnmpkzljyzvk3u84gpaj4l4ypwc2lpf27m,,,2,1,502325498,502.325498,13,263
2026-06-11T13:49:05Z,abcde_forensics_stage_founders_depth14,iog,pool1aj697twgk5kt7c6kjtkpwejqqhljvf3hzsmsamswzy42v24cw5h,KYLEK,KyleK's Stake Pool,1,1,502314566,502.314566,13,255
2026-06-11T13:49:05Z,abcde_forensics_stage_founders_depth14,emurgo+iog,pool1c7jrfce3zxkk9s9enzpvwj8fuayvx3pdzc2k2es6mrw6gsfcjep,EDEN,Garden Pool Three,2,2,502208687,502.208687,10,271
2026-06-11T13:49:05Z,abcde_forensics_stage_founders_depth14,iog,pool1ljqjqskd4f4zekzddw204u5xtzhyz2cllq5v5dmn27zdwf9c70f,,,1,1,501497000,501.497,13,526
2026-06-11T13:49:05Z,abcde_forensics_stage_founders_depth14,emurgo+iog,pool1tcmk6at0dmkytxgq5j4u7fgsx9kytvfu7gz22lrs8hp9ztu7arw,RATS,RATS Pool,1,1,501000000,501.0,11,259
2026-06-11T13:49:05Z,abcde_forensics_stage_founders_depth14,iog,pool1q8a7ym63gurl72wr32je0tv0lp4p2uh8vzzc6rn6un7ryslvqmu,LSSP,LoneStar Staking Pool,1,1,500000000,500.0,14,449
2026-06-11T13:49:05Z,abcde_forensics_stage_founders_depth14,emurgo+iog,pool1qq2vm2xpcj9kf42z4cnw3djancv48sx42chwvgxkjq85ceu8k0x,CROWN,CROWN Stake Pool,1,1,499000520,499.00052,11,252
2026-06-11T13:49:05Z,abcde_forensics_stage_founders_depth14,iog,pool1k2yfr7tapqzfgdn7vq2u44225rtqxctelr6dp0xjqggrwnx9hnw,BPP,Block Producer - Fluid Tokens Ambassador $FLDT,1,1,499000000,499.0,14,298
2026-06-11T13:49:05Z,abcde_forensics_stage_founders_depth14,iog,pool16e2x06wk8ufyakgrzq0c9p5tmfhl6w0c80raxr0xtg5g7aakhgh,CDN,Codanar,1,1,499000000,499.0,14,285
2026-06-11T13:49:05Z,abcde_forensics_stage_founders_depth14,emurgo+iog,pool1xgwvxpas3r8nvg9z0f5cdcyr56whynkl9dpa0ukpq4ztjfspk9r,,,1,1,494200000,494.2,12,251
2026-06-11T13:49:05Z,abcde_forensics_stage_founders_depth14,emurgo+iog,pool1kprt6l4quz03dhqx8jw22spdjvp5dkshdnn567vlexqkj35hd8a,BDRK,Bedrock Staking,1,1,491808011,491.808011,12,525
2026-06-11T13:49:05Z,abcde_forensics_stage_founders_depth14,emurgo+iog,pool1w9yeaaadjz9563tf2h7katrlujvxnywda8el8z66h02ckccx95x,SUI,ADA Suisse 🇨🇭,1,1,487511000,487.511,14,252
2026-06-11T13:49:05Z,abcde_forensics_stage_founders_depth14,emurgo+iog,pool13mas2wthxs28zftxskcsd8t87jk2w9ntc0u5uflt45sh7lcvs8h,EMUR3,EMURGO 3,2,2,483123317,483.123317,13,455
2026-06-11T13:49:05Z,abcde_forensics_stage_founders_depth14,emurgo,pool15zrkyr0f80hxlt4scv72tej8l8zwrcphmrega9wutqchjekceal,ZETE,Zetetic,1,1,482467150,482.46715,14,286
2026-06-11T13:49:05Z,abcde_forensics_stage_founders_depth14,emurgo+iog,pool16knnvtezwzmgpnu8v03wht6y4u7mwfc7qz6y2yk62w4as4qymat,LAMB,Lambda StakePool,11,6,482442873,482.442873,10,263
2026-06-11T13:49:05Z,abcde_forensics_stage_founders_depth14,iog,pool1pvu2zdexh8wr4ggmuz90jvqrua6an43qj9m9urs785p8kwjzqwl,KTN3,KTN3,2,1,480924863,480.924863,13,255
2026-06-11T13:49:05Z,abcde_forensics_stage_founders_depth14,emurgo+iog,pool1pxw4z2m0lmw422hr32dwyy3uz9436g8p7qdmg2sl2w0m5pyk3yn,STOIC,Stoic Pool,1,1,480056658,480.056658,13,250
2026-06-11T13:49:05Z,abcde_forensics_stage_founders_depth14,iog,pool1trxkcm5vnaj07htsmlfgjpwxmljy70ucs8z2n2qy8mvgxr73qlv,,,1,1,479120033,479.120033,14,323
2026-06-11T13:49:05Z,abcde_forensics_stage_founders_depth14,emurgo+iog,pool1pemnlylem2e94xguhd3fytj90848kpv4agvr6rthx2tp58z79ek,ACL,A CardanoLand pool ACL,3,2,477970400,477.9704,13,250
2026-06-11T13:49:05Z,abcde_forensics_stage_founders_depth14,iog,pool1a5jd3x2udlvpm9mt4gpau4jlags6qtth6jdsguryh2zy27f5ttj,CRDN,"CARDANIANS.io #1",6,1,476456648,476.456648,13,317
2026-06-11T13:49:05Z,abcde_forensics_stage_founders_depth14,emurgo,pool1k9w9u6rrn4f729hws6crwh4kc9jsdjq0e8q0f64jp0vzyallw02,,,1,1,469017070,469.01707,14,297
2026-06-11T13:49:05Z,abcde_forensics_stage_founders_depth14,iog,pool1sj0plznq9nnduxp82aa8crchfety7kzcryqdmn6860xvwwzzc4w,,,3,3,458244011,458.244011,14,255
2026-06-11T13:49:05Z,abcde_forensics_stage_founders_depth14,emurgo+iog,pool1hwlghkwnjsjk8370qt3dvp23d7urwm36f95fmxcz3np2kghknj9,PEGA,Pegasus,3,2,457450390,457.45039,13,252
2026-06-11T13:49:05Z,abcde_forensics_stage_founders_depth14,iog,pool175p7tqqgmduq6r5ad7jca2c4jz6tp3rslz7jffx7zru3cakdmt2,,,2,1,454024863,454.024863,13,253
2026-06-11T13:49:05Z,abcde_forensics_stage_founders_depth14,emurgo,pool1lurfk0k0wwx54hlg8a7zp3jtstu57u59aeq7aketl55hknmmtu0,TNTM,TANTUM,3,2,453535386,453.535386,13,251
2026-06-11T13:49:05Z,abcde_forensics_stage_founders_depth14,iog,pool1rs3qqyhfslp59mztf3kw5pzsr5x0qq69nqztpecp3578xq64cd3,,,1,1,447200000,447.2,14,270
2026-06-11T13:49:05Z,abcde_forensics_stage_founders_depth14,iog,pool19nw9emug78q4uxwr8lv0glvmmzwr6lhylgy4ztaagjsjvyqjylw,,,1,1,446000000,446.0,14,265
2026-06-11T13:49:05Z,abcde_forensics_stage_founders_depth14,emurgo+iog,pool1cspe7naf0mtntwyysqxk6czah3jlh6v4cja8pdfju932yxsehnm,CBH,Cardano Blockhouse,1,1,442855700,442.8557,14,396
2026-06-11T13:49:05Z,abcde_forensics_stage_founders_depth14,emurgo,pool1ecvcst7k9eul4ggnljh0jw2s5nc2tyfmyzsx3xg3kmmz6ptgfwj,NUFI2,Nu.Fi & AdaLite 2,2,2,440478637,440.478637,14,317
2026-06-11T13:49:05Z,abcde_forensics_stage_founders_depth14,iog,pool1c45udwv2kdjcth5fvnhlklsz2tutw8spl9tcwnfw7m8cxl8eanm,,,1,1,437461100,437.4611,13,254
2026-06-11T13:49:05Z,abcde_forensics_stage_founders_depth14,emurgo,pool128r8qqgl9zgy3ff4759a2qslyauu5takaec3nxx4a6mvj3ys8da,BTCAO,Bitcão Stake Pool,4,4,435361921,435.361921,13,270
2026-06-11T13:49:05Z,abcde_forensics_stage_founders_depth14,emurgo,pool1y0lq6rjckxxly36gf3wdsxzjzg97mq9c90una3vfq8pu77g7zkf,MESH,Meshnet,1,1,424535172,424.535172,14,241
2026-06-11T13:49:05Z,abcde_forensics_stage_founders_depth14,emurgo+iog,pool12yscr8j3zs34ewxrwlk0p2w5uvgcnrzywpp78ddjsj8kxd530f9,GERO2,Gero Labs,2,2,419316800,419.3168,12,255
2026-06-11T13:49:05Z,abcde_forensics_stage_founders_depth14,iog,pool10kjjh9zfs77vzxpp4qpdxwvnh3x8zdf8qcv7pckvdhw02fu6unz,STUFF,Stuff.io Stake Pool,1,1,418978630,418.97863,14,469
2026-06-11T13:49:05Z,abcde_forensics_stage_founders_depth14,emurgo+iog,pool14mm59ntjqzphjr6chrww639cdr3yjce4qcwzc5jkk38y22u7uc6,ZZZ2,ZZZ2,1,1,410997582,410.997582,12,319
2026-06-11T13:49:05Z,abcde_forensics_stage_founders_depth14,iog,pool1q9049mstrv5czwyylpf3xen08pmvsfsgtru4wf3zvc9uxat2sm0,SNEK,Snek,4,2,409295693,409.295693,13,543
2026-06-11T13:49:05Z,abcde_forensics_stage_founders_depth14,iog,pool1kncthgd5fqw8d7hpz08wnmpdqh0e88s5trgl97palhsgj5h3xen,XSTAR,Enterprise level Cloud Infrastructure,4,3,408912706,408.912706,13,249
2026-06-11T13:49:05Z,abcde_forensics_stage_founders_depth14,emurgo,pool1udr30lxsqa799lyl9haxf0wzg8qsz3xaf2gtpqf4n2s064jrvsj,,,1,1,407029249,407.029249,14,281
2026-06-11T13:49:05Z,abcde_forensics_stage_founders_depth14,iog,pool1c2wa8326fulnkq42uerra78pue48pdwsqru2dhp5xrhsgzqmlsc,,,5,2,404645161,404.645161,13,505
2026-06-11T13:49:05Z,abcde_forensics_stage_founders_depth14,emurgo+iog,pool1vxvdypctdecvc2j7xu9y8h2fdxvkpjy2pp8luwg2h6dx5jlv0nk,COOL,COOL,1,1,404284762,404.284762,13,634
2026-06-11T13:49:05Z,abcde_forensics_stage_founders_depth14,iog,pool13fg83xz9t4yunpzjmcras7kqpyssl6247uqva53s6jntskmhvc7,,,1,1,403694900,403.6949,12,255
2026-06-11T13:49:05Z,abcde_forensics_stage_founders_depth14,emurgo,pool1keasvddt9vndl8jyhg204s6kqusv5zgzg3kk3l3g949ew402ahe,UPSTR,Upstream,1,1,403169254,403.169254,14,525
2026-06-11T13:49:05Z,abcde_forensics_stage_founders_depth14,iog,pool14wf6e8l64wktss9f30tjzm5th8u85vlc3sc4ulw87tfqkhdl3x6,,,3,2,399842341,399.842341,12,235
2026-06-11T13:49:05Z,abcde_forensics_stage_founders_depth14,iog,pool1xcn2yddehm5ncjx0p24vkguth4rta7zv3getcztflxs3kh9rexd,MONAD,MONAD,4,4,392302300,392.3023,13,273
2026-06-11T13:49:05Z,abcde_forensics_stage_founders_depth14,iog,pool1j8355yxxpfuhqyda4lrj8c9cdghaang3wvwge8jq8nlxurvfqv7,LvLUp,Level Up!,1,1,390804138,390.804138,14,559
2026-06-11T13:49:05Z,abcde_forensics_stage_founders_depth14,iog,pool1d2smneyj9wkee0vkqm5se44t4x44fugq2agw7k775s6yqqcu7zr,FIX,PoolFix,3,3,385549726,385.549726,13,259
2026-06-11T13:49:05Z,abcde_forensics_stage_founders_depth14,emurgo+iog,pool1nhls8e9swnyshldgjknku4npreax075nw0ltrkmrarh4w3skxt9,DAN,Cardano Dan's Stake Pool,1,1,385000000,385.0,13,261
2026-06-11T13:49:05Z,abcde_forensics_stage_founders_depth14,iog,pool1rpcweq9gcqlr27s6wjm67djmm2f2l5a72zusp3f25344kaxuqcd,TORO,Cryptoro,3,2,384100000,384.1,14,264
2026-06-11T13:49:05Z,abcde_forensics_stage_founders_depth14,iog,pool1gm4mcrf8mytfetsj6ykulrmv4j70y7fhceawgdg2h09t5rtt7cf,ALTZ,ALTZ,1,1,379000000,379.0,13,593
2026-06-11T13:49:05Z,abcde_forensics_stage_founders_depth14,iog,pool18xyhhrlxp6svh3rpr8fe8ts88ymn7xatgd74305t8548ccgtacq,WORLD,ADA World,3,3,376350064,376.350064,13,273
2026-06-11T13:49:05Z,abcde_forensics_stage_founders_depth14,emurgo+iog,pool1g3ssnndd8e7lcmstkjl9ane9mup0eshv3aklg63u5tznwl4ch87,VRSTK,Everstake,6,5,373768649,373.768649,12,251
2026-06-11T13:49:05Z,abcde_forensics_stage_founders_depth14,emurgo+iog,pool149d5lzg7m6susau4f4yfdztgkty34qrcdpvd3ygsetmljgxxf8g,TERA3,⭐ TERA3 ⭐,1,1,372526100,372.5261,13,482
2026-06-11T13:49:05Z,abcde_forensics_stage_founders_depth14,emurgo+iog,pool14hsxa2zfwzvy9ncdjwnx0xkcltjmdydeayxfju7suuuewv0dnke,KROM,DeKrom Stake Pool,1,1,370200000,370.2,12,555
2026-06-11T13:49:05Z,abcde_forensics_stage_founders_depth14,emurgo+iog,pool1lqucyxuvjktfmpf7fd28j54cfgamyrxed344vnwlm9wqkwjeqwk,SPS3,StakePool Service No.3,1,1,370000000,370.0,14,249
2026-06-11T13:49:05Z,abcde_forensics_stage_founders_depth14,iog,pool1ymfwzsxt35g3gdgp67yr688456km59twr78j05e87y94w04tj9m,,,6,5,369685541,369.685541,14,255
2026-06-11T13:49:05Z,abcde_forensics_stage_founders_depth14,iog,pool1qzz0flh92qkg0mjufaw9j2zk72lmvf5n2kuaslk4f8j4ze362w4,,,6,6,366633974,366.633974,13,296
2026-06-11T13:49:05Z,abcde_forensics_stage_founders_depth14,emurgo+iog,pool1dqlgn7smehsnj5ztz8almy2036lfhrdjv79nmg9tmje0zzt620h,POA,Proof of Africa - Enabling Web3 in Africa,2,2,364520234,364.520234,14,263
2026-06-11T13:49:05Z,abcde_forensics_stage_founders_depth14,emurgo,pool1aqg6fvhcaulvss2ruvpx6ur9vj7pejvdcxv6xp0qlwuwx94evf0,SARGA,SargatxetPool,2,2,352000000,352.0,13,217
2026-06-11T13:49:05Z,abcde_forensics_stage_founders_depth14,iog,pool18q7axjzcrs7pd2vpmcgh33p0r5cng2q0v6ldw5vtwuhl6ctgmeg,,,1,1,349996760,349.99676,14,291
2026-06-11T13:49:05Z,abcde_forensics_stage_founders_depth14,iog,pool13zh79cqv3y36cgknzagwegp8y0kuzel2j046jmup97hhjwk5myw,,,5,3,345973595,345.973595,13,251
2026-06-11T13:49:05Z,abcde_forensics_stage_founders_depth14,emurgo+iog,pool15zn2lqq4849ujttuthaycpamnyr8ae9k2pn2fkrlfzzsx4ek0tc,LABO,ADA Labo,1,1,345600000,345.6,13,258
2026-06-11T13:49:05Z,abcde_forensics_stage_founders_depth14,iog,pool1qlpen2kkw8yc0pjyjjcg4zlswhrahf73f99y3ae85kjy6leqk7l,FOFA,FOFA Stake Pool,3,3,345555861,345.555861,14,267
2026-06-11T13:49:05Z,abcde_forensics_stage_founders_depth14,iog,pool1y0lq6rjckxxly36gf3wdsxzjzg97mq9c90una3vfq8pu77g7zkf,MESH,Meshnet,2,2,341935533,341.935533,14,267
2026-06-11T13:49:05Z,abcde_forensics_stage_founders_depth14,iog,pool1yr0cv3dtmhcfgqa6yetvmf769ngk89e6tepecmjrmjl2jzcw2lm,EASY1,easy1staking.com,8,7,341119781,341.119781,12,598
2026-06-11T13:49:05Z,abcde_forensics_stage_founders_depth14,iog,pool1043kkcc2uwmdf76wg6jy80tkgwztzprep2rakyypmwc4637c2xe,,,1,1,336658526,336.658526,13,627
2026-06-11T13:49:05Z,abcde_forensics_stage_founders_depth14,iog,pool1denmfptpdhy2vp8q92ttrmalf3kynyv7aguudqzeq83d7zpcaeq,ACP1,AdaCryptoPool1,1,1,336384746,336.384746,14,256
2026-06-11T13:49:05Z,abcde_forensics_stage_founders_depth14,iog,pool1crprz3rdcwvfxmc0s4gxquh3qeqmscww2qfvpl93q52yyn7agsc,WOW,1PCT Pools at 1-PCT.com,1,1,327664703,327.664703,11,249
2026-06-11T13:49:05Z,abcde_forensics_stage_founders_depth14,emurgo+iog,pool1l0pmgdsymmdntuyan4snj88q8nm9axemwefu5ymkuq2s6gr90cn,SWIM2,The Swimming Pool,2,1,326955526,326.955526,12,253
2026-06-11T13:49:05Z,abcde_forensics_stage_founders_depth14,emurgo+iog,pool14wk2m2af7y4gk5uzlsmsunn7d9ppldvcxxa5an9r5ywek8330fg,SMAUG,竜SM₳UG,3,3,324911348,324.911348,12,299
2026-06-11T13:49:05Z,abcde_forensics_stage_founders_depth14,emurgo,pool1qvhss6kxmtl27nr4ugvypayhvt4a4vzll8p9csdg2v8q7d22llu,ASTRA,Ad Astra Stake Pool,1,1,323675000,323.675,13,255
2026-06-11T13:49:05Z,abcde_forensics_stage_founders_depth14,emurgo+iog,pool1jyutduy73e5u9877uns3k9rm0tf4r24j8lrn4xtkjpl3q5sn5mw,KOALA,"Koala Pool stake, earn, & save Koalas コアラを救え",1,1,321010917,321.010917,11,256
2026-06-11T13:49:05Z,abcde_forensics_stage_founders_depth14,emurgo+iog,pool1m62sl6rauje9cknrkhwl39tc4hujudkd7gp478dpz7tagmjr8wm,,,4,4,320030600,320.0306,12,296
2026-06-11T13:49:05Z,abcde_forensics_stage_founders_depth14,iog,pool1jzvjnmsquaw4psvjudkehqp8lmz77lf28h4ldqr6n72us3plkpl,COLD,Cold Pool,1,1,319825743,319.825743,13,261
2026-06-11T13:49:05Z,abcde_forensics_stage_founders_depth14,iog,pool1ddghnthymd3duklvx5pfunymqg29xe4vlmy89u2efyjdktn33kz,BOOST,Ada Booster,2,1,318600000,318.6,13,243
2026-06-11T13:49:05Z,abcde_forensics_stage_founders_depth14,iog,pool16rahfu936wdfq34wf6t8rqxvdjxayra5f7y80xq0udnqglrqel9,,,1,1,315236196,315.236196,14,321
2026-06-11T13:49:05Z,abcde_forensics_stage_founders_depth14,iog,pool16fa03u6u85ek2q8lryqprngpahglssj5qqh66pfaxf34vgu5rhl,AFCH1,"African Charity Pool #1",3,2,311703489,311.703489,13,303
2026-06-11T13:49:05Z,abcde_forensics_stage_founders_depth14,iog,pool1vxpu476qrulzkk2u97emkfskmc2jx4mzznvupw0zf5206nx35vl,,,1,1,308097517,308.097517,14,259
2026-06-11T13:49:05Z,abcde_forensics_stage_founders_depth14,emurgo+iog,pool1q80jjs53w0fx836n8g38gtdwr8ck5zre3da90peuxn84sj3cu0r,000,Switzerland Investment,2,2,303410288,303.410288,13,462
2026-06-11T13:49:05Z,abcde_forensics_stage_founders_depth14,emurgo,pool1qqqqdktl6pq46td0mwut0qn30g7nlue0sete9wxl0hwsq37wrw8,STR8,Straight Pool,2,2,303100000,303.1,14,282
2026-06-11T13:49:05Z,abcde_forensics_stage_founders_depth14,emurgo+iog,pool1mxqjlrfskhd5kql9kak06fpdh8xjwc76gec76p3taqy2qmfzs5z,IOG1,Input Output Global (IOHK) - 1,2,2,298986585,298.986585,12,251
2026-06-11T13:49:05Z,abcde_forensics_stage_founders_depth14,emurgo,pool1ksazs9mzcuyr3mfrvw48dc5wkgsjceztakymmv7jpxle7l2nfs0,TOAST,TOASTY POOL,1,1,298917034,298.917034,14,231
2026-06-11T13:49:05Z,abcde_forensics_stage_founders_depth14,emurgo+iog,pool1yz3fnqnsqhqpkc2tjqn4dkws8nnr8a5kcs50g780nh0wk8tgnp2,ADAES,Spanish Stake Pool,2,2,296691900,296.6919,13,332
2026-06-11T13:49:05Z,abcde_forensics_stage_founders_depth14,emurgo+iog,pool19k4azhj8tye5wwy5pfj7q6m938m8fg5nglds5dkhtfwnvcg3s0k,,,1,1,294000000,294.0,13,254
2026-06-11T13:49:05Z,abcde_forensics_stage_founders_depth14,iog,pool1vgn0eerhcs9pfrmftlxjmc2sm0t4vmhrqyma0hk6spc6geahrck,LOVE,StakeLove Japan,2,2,293839670,293.83967,11,268
2026-06-11T13:49:05Z,abcde_forensics_stage_founders_depth14,emurgo+iog,pool127gdv243hfcrapslaqq0nnh64u2gts72gtrt4888g6g2z0zsu64,TTS17,the Token Square,1,1,293000000,293.0,13,254
2026-06-11T13:49:05Z,abcde_forensics_stage_founders_depth14,emurgo+iog,pool1pf6yhzdr9vpct5rc3dtwersl4lyuglp80l4jc67kf2qj29xjg2u,TAVN,TAVN Viet Nam Stake Pool,1,1,292853507,292.853507,13,253
2026-06-11T13:49:05Z,abcde_forensics_stage_founders_depth14,emurgo,pool1mh4ng2ldxk4sqfppzu6r4knxrk6e87e9c4wgrred84uy7xauzlh,CCV2,"(Crypto Capital Venture) #Pool3",2,2,290827295,290.827295,13,537
2026-06-11T13:49:05Z,abcde_forensics_stage_founders_depth14,iog,pool1t6ek99u2dzj8sr606uqm3uz0tt4ejr4cpvwtqfwen6p2z57rrst,,,1,1,290140000,290.14,14,607
2026-06-11T13:49:05Z,abcde_forensics_stage_founders_depth14,iog,pool189j5mz6wa0gfrakwvn2tar7qt309qxrmsgde5v6qwm892n6re3v,CCJ,CCJ,1,1,288965622,288.965622,13,269
2026-06-11T13:49:05Z,abcde_forensics_stage_founders_depth14,emurgo+iog,pool1cyq3v3v43hu7spwlfxdm6vq9djpsjjueerhlu5qr2rvd57vqk84,,,3,3,288678109,288.678109,13,391
2026-06-11T13:49:05Z,abcde_forensics_stage_founders_depth14,emurgo+iog,pool1hv3yae6keeeu2y7eusejx4swd2myfkurldt7lasn2qu4xk20j8m,BLESS,God BlESS You,2,2,287509675,287.509675,13,286
2026-06-11T13:49:05Z,abcde_forensics_stage_founders_depth14,emurgo+iog,pool15j6hdfel6c6zcr8gu39qgp5xkrs264yn9hm8ynhaydjtxvmznxq,ASKP,💡 ADA Skepsis 💡,2,2,285882160,285.88216,13,248
2026-06-11T13:49:05Z,abcde_forensics_stage_founders_depth14,iog,pool1lr9vvcf5r5jgkgv5ly7z2lh068ymzg4xmqk5f8pu2k23vt25x7a,HYGGE,Staking Cardano with HYGGE,2,2,284151436,284.151436,14,256
2026-06-11T13:49:05Z,abcde_forensics_stage_founders_depth14,iog,pool19v4jgpxxl72eaq8pefctatvts3gkhtyzd8nwvzskkm3mkdv2tpy,ONLY,OnlyBlocks,1,1,283000000,283.0,14,502
2026-06-11T13:49:05Z,abcde_forensics_stage_founders_depth14,iog,pool1adhpjj009c0jekumqswj5jux6nvrw7v2k0wlu57vfjh7gd5wyh9,ADATA,PoolData.Live,2,1,283000000,283.0,14,291
2026-06-11T13:49:05Z,abcde_forensics_stage_founders_depth14,iog,pool1lnk67xp7jsc2e3yyun3fpaqvkx0f3c8q0ml29ge85udeghn2gvn,WIRA,WIRA Pool,1,1,282200000,282.2,14,474
2026-06-11T13:49:05Z,abcde_forensics_stage_founders_depth14,emurgo,pool1uhy50u9y76nd6z2xmzt3mta0yc7g3gdssef8lheyyg7zzymgzm8,NUFIA,Nu.Fi & AdaLite A,1,1,278439248,278.439248,14,253
2026-06-11T13:49:05Z,abcde_forensics_stage_founders_depth14,emurgo+iog,pool1e4tjrl3ve7dcqwa70pexds6f8llk0txx09gm3r4m472ej4p6473,1PCT8,"1 Percent Pool #8 (v2)",2,2,278107328,278.107328,10,255
2026-06-11T13:49:05Z,abcde_forensics_stage_founders_depth14,emurgo+iog,pool1jql92je87mrx5gpjhmwr6a8a766cktcf5p0p8wd0wxq87nu80yf,DIGI5,Digital Fortress,2,2,274237869,274.237869,14,317
2026-06-11T13:49:05Z,abcde_forensics_stage_founders_depth14,emurgo+iog,pool193uec04jldvah7r52q86wl033g4v42x0aste8jfg9999qepaxfp,0AAAA,AAAA pool,1,1,272782849,272.782849,12,466
2026-06-11T13:49:05Z,abcde_forensics_stage_founders_depth14,emurgo+iog,pool1gx6eawfvnhckevmlzhfz9j3uzj92j2wgww0mdd2fu5d4zd4wvaa,BSSP2,Black Star Stake Pool 2,1,1,271414943,271.414943,13,242
2026-06-11T13:49:05Z,abcde_forensics_stage_founders_depth14,iog,pool1cnye4z59xs33sa7cwnpx2jvj9mz0lmhrjfel7kkkac7v7z09jw2,,,4,2,267861852,267.861852,13,270
2026-06-11T13:49:05Z,abcde_forensics_stage_founders_depth14,iog,pool1xyx655q6ch4d99fuewwtkdwjx5tvfr0rzqvmwehm2cpzj7e2wgl,PARIS,PARIS Stake Pool,2,2,266883661,266.883661,14,268
2026-06-11T13:49:05Z,abcde_forensics_stage_founders_depth14,emurgo+iog,pool18rhzlrv83a7ygj7cp5uv8dx07qkn5drhe8nh6f3qvhv66xcyj2m,SIPO2,SITION POOL2,2,1,266876000,266.876,13,248
2026-06-11T13:49:05Z,abcde_forensics_stage_founders_depth14,emurgo,pool1zgxvcqf0dvh0ze56ev2ayjvuex3zdd3hgxzdrcezkx497mv3l7s,RSTK,Everstake,2,1,264152129,264.152129,14,244
2026-06-11T13:49:05Z,abcde_forensics_stage_founders_depth14,iog,pool1dgmuwu0txducah4pes4e2avlcv98wedml33kdz7ujtrrxk8xv9y,XORN,XOR NAND,1,1,263533668,263.533668,14,249
2026-06-11T13:49:05Z,abcde_forensics_stage_founders_depth14,emurgo+iog,pool1fyp482ntshhm9zfz4nv7pmsaeakscf5mnuzcxuvtqf6t56fc7l0,KYSN,KysenPool Thunder,3,3,262637487,262.637487,11,254
2026-06-11T13:49:05Z,abcde_forensics_stage_founders_depth14,emurgo+iog,pool18gysxqfwz4j8rm3vlh6677vs9n23prvfr7gwe88mhn5uudgx9ng,,,2,1,259501715,259.501715,13,481
2026-06-11T13:49:05Z,abcde_forensics_stage_founders_depth14,iog,pool15ty42f8jmnd5y3ys5km3y66cy6emnqfx6yfwsm6ral0zwrs3ktj,OTB,OneTreeBlock,7,1,253268144,253.268144,13,417
2026-06-11T13:49:05Z,abcde_forensics_stage_founders_depth14,iog,pool1rmdwmxhlzkka3j4dh9kxaqe7d4l2xf6gxy5dnm8fwr5wqjgnsmx,,,1,1,250416010,250.41601,14,254
2026-06-11T13:49:05Z,abcde_forensics_stage_founders_depth14,iog,pool1ptzl40tt9a6l2kp6fhjmzsg3t2maqdhwv6cnqu8kj6xgz3vw9us,,,2,1,249700000,249.7,13,506
2026-06-11T13:49:05Z,abcde_forensics_stage_founders_depth14,emurgo,pool1uq8l234306m76unyz8kuwnkvmtvazaks6vuvyx3a3khngavvcw0,PLTUS,"💰 Plutus Staking #1 💰",1,1,247825567,247.825567,14,252
2026-06-11T13:49:05Z,abcde_forensics_stage_founders_depth14,iog,pool1nl74emh67vuyt8cgv6gwhjnrctxgrpqlrdzznj4l3lh5j8lj3ah,KTN,KTN,1,1,247136127,247.136127,14,255
2026-06-11T13:49:05Z,abcde_forensics_stage_founders_depth14,iog,pool1kcnh9avc9jgelajcja7y6wsvjdaulkqj02azcszjvm3pwmksr0l,MS7,Moonstake 7,4,3,245708542,245.708542,11,324
2026-06-11T13:49:05Z,abcde_forensics_stage_founders_depth14,iog,pool1xmn8ag7jctcpdqk9jtrzk9s7qgs4f3cehkxhtelgpag6c7fjxdm,,,1,1,245689183,245.689183,14,286
2026-06-11T13:49:05Z,abcde_forensics_stage_founders_depth14,emurgo+iog,pool1kffetqjt06qvk4995tz3e3q9h3c8cdq9eedrz8qr3ynnc63qckz,LUNA,"#Luna Staking",2,1,241400000,241.4,13,250
2026-06-11T13:49:05Z,abcde_forensics_stage_founders_depth14,iog,pool18872nzahx0h2f7j58pxrn5rjektn8na8p4amv08x2xj8qkht30g,MNKY,Chunky Monkey 🐵🐵🐵,2,2,233271000,233.271,13,338
2026-06-11T13:49:05Z,abcde_forensics_stage_founders_depth14,iog,pool1q5sspejl875flc0z6wh9y9zxkgqnk0y3aaw8jc0pkxs6cpavm4q,ONYX,"ONYX Stake Pool #4",1,1,230284432,230.284432,14,473
2026-06-11T13:49:05Z,abcde_forensics_stage_founders_depth14,emurgo+iog,pool1fs2m5rmlx66crcwwrrsf2pcxjhvk7kzdurcqusd3v5gm65cufnj,BIRD,Early Bird Pool,2,2,230208208,230.208208,13,253
2026-06-11T13:49:05Z,abcde_forensics_stage_founders_depth14,emurgo+iog,pool1ty7lh3nvtwxlcpqg2x30fkr3j9ys6nprztr9m4zp3aajxyjk2vz,BEAVR,Beaver Pool!,1,1,224754268,224.754268,13,242
2026-06-11T13:49:05Z,abcde_forensics_stage_founders_depth14,emurgo+iog,pool1y44fkeps7ftnnf495a7grfrwtt7hxcntaenyzu4x4vah5cud0mt,,,1,1,224000000,224.0,13,255
2026-06-11T13:49:05Z,abcde_forensics_stage_founders_depth14,emurgo+iog,pool1d76p7zfn2ydq577z4wsvmnl2lx4cxa3s5vplfuhvr8qfw8hd05j,KYSN2,KysenPool Thunder 2,1,1,222342476,222.342476,12,254
2026-06-11T13:49:05Z,abcde_forensics_stage_founders_depth14,iog,pool1x2h98z6e5xvrg5zw3v3dlu8hqdtj6lhp6r3w5ge7rvcqcx3pafq,KTN4,KTN4,1,1,218817623,218.817623,14,258
2026-06-11T13:49:05Z,abcde_forensics_stage_founders_depth14,iog,pool1wpmjtfqcwvtcs9znpuulk99yk2zz6pfh0c4k9f2xlcspgqjndk2,MS4,Moonstake 4,1,1,216607381,216.607381,14,267
2026-06-11T13:49:05Z,abcde_forensics_stage_founders_depth14,iog,pool14zdqqv73f9xa9re9pzc4sjvgmycf0dm4zclj34zupj032ggnjdw,,,3,3,214166545,214.166545,13,304
2026-06-11T13:49:05Z,abcde_forensics_stage_founders_depth14,iog,pool1gf8a46j6hvhad8e48hez4084x34snpua8k7t3kzy9w42q6w60z8,GRADA,Gratis ADA,1,1,213826050,213.82605,11,506
2026-06-11T13:49:05Z,abcde_forensics_stage_founders_depth14,emurgo+iog,pool1ujcu3myfg9wwvdyh2ks653954lamtufy3lefjs73jrr327q53j4,PUDIM,Pudim's pool,1,1,213674699,213.674699,13,255
2026-06-11T13:49:05Z,abcde_forensics_stage_founders_depth14,iog,pool1fcgm2ae0j3rmvghwa2064rfxcvugwa2qt89cc4jwtj0ecgh8na8,,,1,1,213026362,213.026362,14,481
2026-06-11T13:49:05Z,abcde_forensics_stage_founders_depth14,emurgo+iog,pool1qqenhz258k5k9nyjull6gkzg7s4f3ae8v7qxwpegeef9v0nsy3e,CHRTY,Charity pool,2,2,211000000,211.0,13,424
2026-06-11T13:49:05Z,abcde_forensics_stage_founders_depth14,emurgo,pool1u6kpt8hgqcm596kukj97ghefmxn8ks2cgwg8qqe0gtgscnufk5p,ATLAS,AtlasStakePool,1,1,210921555,210.921555,13,294
2026-06-11T13:49:05Z,abcde_forensics_stage_founders_depth14,iog,pool109k0t72eh8txza4ptnagnfyqkjnmfe60afmtm4dvj9lz7dy78lh,,,2,2,210389802,210.389802,13,302
2026-06-11T13:49:05Z,abcde_forensics_stage_founders_depth14,iog,pool16zx2pradv3pdv6tkp2dnll3d7u8sdwld884f228xl62vy2msdt0,MORNE,Morne Stakepool,3,2,204948900,204.9489,14,256
2026-06-11T13:49:05Z,abcde_forensics_stage_founders_depth14,emurgo+iog,pool1ev8fwfccn8gr0zcz3uyps0t0mcrefc6s95wjc6aed3ngc86y5rk,ZEIT,Zeitgeist Cardano Pool,1,1,204900000,204.9,13,256
2026-06-11T13:49:05Z,abcde_forensics_stage_founders_depth14,iog,pool136903m0kag2amlga2ypcz8wnf7d552qgy5t6vz2pqlzuq2kyshy,DEEP,DeepEnd,2,2,202241120,202.24112,14,398
2026-06-11T13:49:05Z,abcde_forensics_stage_founders_depth14,iog,pool1ey3d522fefeuxvqrymw9l8wyevuu7my9t2uz2m0lmwfgjg060qr,LATAM,LATAM Pool,1,1,201619863,201.619863,14,252
2026-06-11T13:49:05Z,abcde_forensics_stage_founders_depth14,iog,pool1lakxjm7v0q03xddynffn6m2wfm27pms3z9enztwvu7k0297tcr7,,,1,1,201000000,201.0,13,582
2026-06-11T13:49:05Z,abcde_forensics_stage_founders_depth14,emurgo+iog,pool10eltx2wej46e62ulmwzm35xfu0azu47yvpjper7gwhncqe74vg6,CHIL,Chile_Stake_po,2,2,200400000,200.4,13,252
2026-06-11T13:49:05Z,abcde_forensics_stage_founders_depth14,iog,pool1gq07hfmull6etsr23l36cvwgfkym6jqn4q2dz5vz4y446yat70t,,,2,1,199993356,199.993356,14,431
2026-06-11T13:49:05Z,abcde_forensics_stage_founders_depth14,iog,pool14hsxa2zfwzvy9ncdjwnx0xkcltjmdydeayxfju7suuuewv0dnke,KROM,DeKrom Stake Pool,2,1,199850732,199.850732,14,555
2026-06-11T13:49:05Z,abcde_forensics_stage_founders_depth14,iog,pool1xt8ap3qu32mxan6kahesqx5kek4lw52u5hqp2zpsdgskca56ahe,,,1,1,199806122,199.806122,14,251
2026-06-11T13:49:05Z,abcde_forensics_stage_founders_depth14,iog,pool1dts0h87pntgmsffp6mjtnahfht2dz5zjjeeujhzmtn6wgctcuzd,,,1,1,199000000,199.0,13,378
2026-06-11T13:49:05Z,abcde_forensics_stage_founders_depth14,iog,pool1hy08gpvzkutxkg3ccxwmkzqaun9cd0styl4dtpqp2yxq2rjxehj,,,1,1,197824863,197.824863,12,251
2026-06-11T13:49:05Z,abcde_forensics_stage_founders_depth14,iog,pool1ap29p59japhsunqkknkrdm4wh4f8krrvhft66zhns43evawjd03,,,2,2,196038688,196.038688,14,262
2026-06-11T13:49:05Z,abcde_forensics_stage_founders_depth14,iog,pool18c2qgn5fv5vfhsvqjvn20j943qjaegs0dylgpsmmwz2lx03n76k,,,1,1,191970000,191.97,14,261
2026-06-11T13:49:05Z,abcde_forensics_stage_founders_depth14,iog,pool1y2gynck9pd4en5rzm0rueqd2qm7sw89aqmkcntd899vv237qj38,,,3,3,191603276,191.603276,12,319
2026-06-11T13:49:05Z,abcde_forensics_stage_founders_depth14,iog,pool1twu4rn366744tqq9g66ruy3rete6842z7nnm4vy0q5jaqd48867,HRBR,The Harbour,3,3,190546792,190.546792,12,259
2026-06-11T13:49:05Z,abcde_forensics_stage_founders_depth14,emurgo+iog,pool1q7wrwstqkzhrffdzpw8ftfd4epmxywdjnp8384atjcnezchv242,SPEC,Spectrum Pool,1,1,190490000,190.49,14,342
2026-06-11T13:49:05Z,abcde_forensics_stage_founders_depth14,emurgo+iog,pool1smy2r8jdvgna5ykhe8rrch7h4qalyfafyzyh0rmanmq0jxptww7,ZZZ3,ZZZ3,1,1,188888600,188.8886,13,340
2026-06-11T13:49:05Z,abcde_forensics_stage_founders_depth14,iog,pool180fejev4xgwe2y53ky0pxvgxr3wcvkweu6feq5mdljfzcsmtg6u,CHIEN,Charly&Aliens Alliance,6,4,184234868,184.234868,13,477
2026-06-11T13:49:05Z,abcde_forensics_stage_founders_depth14,iog,pool1l0m820vyqh5pp2yzpw973qzz23neqqd977u0uczh9fs9zqvg0je,,,4,1,183261858,183.261858,14,527
2026-06-11T13:49:05Z,abcde_forensics_stage_founders_depth14,emurgo,pool12eht6dqxpzqj87xuextrpufz2gxmt4reuesuw26r2utzw0kw906,CAN1,CanadaStakes,1,1,183000000,183.0,14,528
2026-06-11T13:49:05Z,abcde_forensics_stage_founders_depth14,emurgo+iog,pool1nhhsh9yhlrvj9e3nce0zpx0xm2xlt6tx7gqakhr6hjc8wy84sat,,,1,1,181200000,181.2,12,552
2026-06-11T13:49:05Z,abcde_forensics_stage_founders_depth14,emurgo+iog,pool15p326nmjaj47v9u2392tlnngyr5hnj6gru84al3s0akdu9mj004,PLTUS,"💰 Plutus Staking #2 💰",1,1,179350559,179.350559,13,254
2026-06-11T13:49:05Z,abcde_forensics_stage_founders_depth14,emurgo+iog,pool17h6slydr6rd9vquqa38p5cf9xqnpc24w6a99rhllcjzljgugx6x,NETA1,anetaBTC - Pool 1,1,1,179000000,179.0,13,324
2026-06-11T13:49:05Z,abcde_forensics_stage_founders_depth14,emurgo+iog,pool1jst7rrhucnp93hepezv5yqy6fx982xs2v0udwfc5ea6my3kfak7,ESTK,Everstake,2,2,177704205,177.704205,12,251
2026-06-11T13:49:05Z,abcde_forensics_stage_founders_depth14,iog,pool1wm89xjqp96t3mlun3pa5suxa3t4s5lluq239en0nxl7pcm5tprc,SHOP,SHOP Pool,5,5,177651934,177.651934,13,303
2026-06-11T13:49:05Z,abcde_forensics_stage_founders_depth14,emurgo+iog,pool17kew7rtakc7g6qzydntann5umw08xq3ll2j7spk7en4kvff69fa,BLOOM,Bloom Three,4,3,171743148,171.743148,13,317
2026-06-11T13:49:05Z,abcde_forensics_stage_founders_depth14,emurgo+iog,pool12n6lycv28kjtkzecfz2a3uujyxy6ewuwjcmjq84my67psqmgagv,MANT,MANTIS POOL,2,2,167746350,167.74635,12,253
2026-06-11T13:49:05Z,abcde_forensics_stage_founders_depth14,emurgo+iog,pool1xj5f7a79lnc9v0gjn00fkf2lyzexngka59tpcew5rrkyqveagpt,GREEN,Green Stake Pool,2,1,167300519,167.300519,13,252
2026-06-11T13:49:05Z,abcde_forensics_stage_founders_depth14,iog,pool1ujpy2536jz3x9gje5d5vuadzcpadl7pwrcsgq4laestu7mrs9hp,,,1,1,163835165,163.835165,14,255
2026-06-11T13:49:05Z,abcde_forensics_stage_founders_depth14,iog,pool10fxpa6wkv0wc6wcmahcnz4wvvfx9m7547sevxrge3nfuv7yh8m0,GRANA,GranADA Pool,2,1,163161300,163.1613,14,408
2026-06-11T13:49:05Z,abcde_forensics_stage_founders_depth14,iog,pool1zvm45jj5wz6kgfr2xfg75rx0auzxaedu4ulddhnrzk4uwuyuvpn,ERA,Nova Era Pool,1,1,160470567,160.470567,13,588
2026-06-11T13:49:05Z,abcde_forensics_stage_founders_depth14,emurgo+iog,pool1ekhy5xsgjaq38em75vevk8df0k0rljju77tljw288ys5kumqce5,,,1,1,157824863,157.824863,14,253
2026-06-11T13:49:05Z,abcde_forensics_stage_founders_depth14,iog,pool1h40xjqda9wmw9cff5jss3ww9npujkhlvg6xjy9l5ujsu5rqlw28,CHG,Change,2,2,157700000,157.7,14,517
2026-06-11T13:49:05Z,abcde_forensics_stage_founders_depth14,iog,pool14g73qj0qz05ymqg7dp9kxdu8jr7uuzm6z6n3jwxpvqskghhmhng,TWIN1,twin staking,1,1,156825743,156.825743,14,256
2026-06-11T13:49:05Z,abcde_forensics_stage_founders_depth14,iog,pool1qznyv8g4vxv8ys05rs6dgtzutqc2z9gs6vq85vkn8uq8u0c83we,,,3,1,156531596,156.531596,14,298
2026-06-11T13:49:05Z,abcde_forensics_stage_founders_depth14,iog,pool19n5ml38q5uedy8kgwwwtlsa3p9tmfcef0lfjp42k7j9d5mpgs2m,SLR,So Litty Records,4,3,155221676,155.221676,13,376
2026-06-11T13:49:05Z,abcde_forensics_stage_founders_depth14,iog,pool19zhl50qqzpfvvhdytqg6qx0cthummjyunfyvkfqx9uxrsp7k8ek,,,1,1,155006009,155.006009,13,547
2026-06-11T13:49:05Z,abcde_forensics_stage_founders_depth14,emurgo,pool1yvf4nxph69ztm0tgj73ummxq45kfjhecyad26e3xc2002xgzalg,CCV4,"(Crypto Capital Venture) #Pool5",1,1,154900000,154.9,14,315
2026-06-11T13:49:05Z,abcde_forensics_stage_founders_depth14,iog,pool1zt2d9aa8ck62uyy985yny47hr0f6cmf2hnxzke0up0lc7zcp65f,46S,46 South Stake Pool,3,2,154637400,154.6374,12,259
2026-06-11T13:49:05Z,abcde_forensics_stage_founders_depth14,emurgo+iog,pool19pyfv4xnln8x4l7auw0n0skk3hd97shun707hrw5d4s553ys74x,TITAN,"TITANstaking #2",3,3,153582291,153.582291,13,523
2026-06-11T13:49:05Z,abcde_forensics_stage_founders_depth14,emurgo+iog,pool104gtn3hvp9lz5l6wevhjj98e45s7rfaa4zzvk9pex7nn786qncr,PILOT,Pilot Pool 2,2,2,153492115,153.492115,12,297
2026-06-11T13:49:05Z,abcde_forensics_stage_founders_depth14,emurgo+iog,pool13zh79cqv3y36cgknzagwegp8y0kuzel2j046jmup97hhjwk5myw,,,1,1,152900942,152.900942,13,251
2026-06-11T13:49:05Z,abcde_forensics_stage_founders_depth14,iog,pool1ls80gx9sen3qc7s6c7u2ajw6hk8faqanljugcg5tfukp6qscetv,LGBTQ,LGBTQ pride pool,2,2,151779770,151.77977,13,282
2026-06-11T13:49:05Z,abcde_forensics_stage_founders_depth14,emurgo,pool1vnsfv2qpt5gxte9prupjey8kw7ap7t6c8lc02ks4s3gtqplhgd3,1PCT4,"1 Percent Pool #4 (v1)",1,1,151747100,151.7471,14,243
2026-06-11T13:49:05Z,abcde_forensics_stage_founders_depth14,emurgo+iog,pool1fuzqy5r9x98826zv6wp40tr27uplemmstkd57cuw8jh5v5m90vn,247,Staking 24/7,1,1,149299956,149.299956,14,256
2026-06-11T13:49:05Z,abcde_forensics_stage_founders_depth14,iog,pool18rpw5dwfywfrzjuy7uzn2cetrw9v85aan8a80p3fdvtqcxykkqu,,,1,1,148825743,148.825743,14,561
2026-06-11T13:49:05Z,abcde_forensics_stage_founders_depth14,iog,pool1rvu72lt2j0z0qjfzlqhccvvvu9v7hju6hndtkagfzvvvjgy6zds,,,1,1,143845000,143.845,12,254
2026-06-11T13:49:05Z,abcde_forensics_stage_founders_depth14,emurgo+iog,pool1p5ja48uqc7pjnuqvwu7cgmspvx938qpnf4zqm0x2k0ngkh4lkjx,SIPO3,SITION POOL3,1,1,143800000,143.8,13,318
2026-06-11T13:49:05Z,abcde_forensics_stage_founders_depth14,iog,pool14w9tn4w30dwd2lfv4cwjg2a2e3ukfd0nqrydx37fjzf7z5f5jnk,,,4,3,142094011,142.094011,12,324
2026-06-11T13:49:05Z,abcde_forensics_stage_founders_depth14,iog,pool1g77ac5d7efytjc2rc3c8lnwl9snmlp8p7858fp06teqv6pcf694,PINK,pink pool,1,1,141857000,141.857,13,273
2026-06-11T13:49:05Z,abcde_forensics_stage_founders_depth14,emurgo+iog,pool17ajuw0arwq8klfe4xy8tcqj4yetp8kerl4amzn5dsnne20wlnsa,,,2,2,141010354,141.010354,12,259
2026-06-11T13:49:05Z,abcde_forensics_stage_founders_depth14,iog,pool1fv9f8phzn7hp623ypw6ctf73a98hd7nrh8wm7glpcuhf64856g2,,,2,1,138500000,138.5,14,637
2026-06-11T13:49:05Z,abcde_forensics_stage_founders_depth14,emurgo+iog,pool1f5qqm7029znkuzl84s9qjr4rctr4mrfsnlnl5yvcsspd6fec4tk,NEO,NEO,1,1,137734353,137.734353,13,264
2026-06-11T13:49:05Z,abcde_forensics_stage_founders_depth14,emurgo+iog,pool1qqvukkkfr3ux4qylfkrky23f6trl2l6xjluv36z90ax7gfa8yxt,STAKE,🌍 PLANETSTAKE 1,3,3,137054363,137.054363,13,331
2026-06-11T13:49:05Z,abcde_forensics_stage_founders_depth14,emurgo+iog,pool1hcg8sa642l0xeygkzvpgn3sfj5s2yeuzpws7a0gypyy7grrjcje,,,1,1,136600000,136.6,14,244
2026-06-11T13:49:05Z,abcde_forensics_stage_founders_depth14,iog,pool1psr42v6rvv3raeqsg9ru2zy5dp4cchlde8hw9xthrpstx5wz7wk,,,2,1,136405751,136.405751,13,311
2026-06-11T13:49:05Z,abcde_forensics_stage_founders_depth14,emurgo+iog,pool1whk6lawmfz4zq5fw8zghglp23452gnm9zgs59nqafhpexwcvute,WA1,Watashitachi1,1,1,131171661,131.171661,12,256
2026-06-11T13:49:05Z,abcde_forensics_stage_founders_depth14,iog,pool1tjr4zpndkvwkw3du3fvt59f5men6jhuevt7rpx6xw0wcct5kl04,SUGAR,Sugar Stake Pool,1,1,131150640,131.15064,14,244
2026-06-11T13:49:05Z,abcde_forensics_stage_founders_depth14,emurgo,pool1jt7d6ak3m8gnjyxtuxfswe258xzwda80ndl0a57vv5m2zv8h6at,CARDs,Cardanistas StakePool,1,1,128184632,128.184632,14,262
2026-06-11T13:49:05Z,abcde_forensics_stage_founders_depth14,emurgo+iog,pool1g4th3pqfzh4zajzrhlh8y6wpuztrkzxwt5wd7q578894j06gwfc,FEEL,FEEL,1,1,127436066,127.436066,12,398
2026-06-11T13:49:05Z,abcde_forensics_stage_founders_depth14,iog,pool1sx4e8rvx2xdxgkww2fpjtmvrnaftfrtfge29xcn72hh7kch5snf,UK1,UK pool,1,1,126831466,126.831466,13,246
2026-06-11T13:49:05Z,abcde_forensics_stage_founders_depth14,emurgo+iog,pool1398lzhvtaa0hgz305d2jz4urfkwkkt66yv476wqe6att2f7dphh,,,1,1,125913056,125.913056,11,586
2026-06-11T13:49:05Z,abcde_forensics_stage_founders_depth14,emurgo+iog,pool1lhvpgr8lhsf6h03v9zqxm74pa63rdxx4yuvkqfw4tv9fua8t37a,OSAKA,OSAKA-Pool,1,1,123800000,123.8,13,278
2026-06-11T13:49:05Z,abcde_forensics_stage_founders_depth14,emurgo+iog,pool1prc9hna2mgamtspchrygc66s9n4tlkvh39e3t9zccef4kzc3ns2,TERM,Terminada,2,2,120756672,120.756672,11,610
2026-06-11T13:49:05Z,abcde_forensics_stage_founders_depth14,iog,pool13p67qys4zaa52phfv39dd7da5zh2vvr26gt7fwmx20slj6e6pmd,,,1,1,119824863,119.824863,14,257
2026-06-11T13:49:05Z,abcde_forensics_stage_founders_depth14,iog,pool1v4wgyctxyxlcf90qtgflznv5f4fcm6cy0z80mchctekt20d3cww,CPX,CardanoProxy,1,1,118136300,118.1363,14,253
2026-06-11T13:49:05Z,abcde_forensics_stage_founders_depth14,emurgo+iog,pool154sjkrwdu80wp6mnjvkwk55aj53l4v37z4zwulfak74vcxg60x0,ANZ,Australia New Zealand Pool,1,1,114858605,114.858605,13,244
2026-06-11T13:49:05Z,abcde_forensics_stage_founders_depth14,iog,pool1d70vllztcsgx3ku8h5vnukzz2a7lpzjxfjmuqqvxtj9kq27hygs,LIV,LiverPool,3,2,114474803,114.474803,13,293
2026-06-11T13:49:05Z,abcde_forensics_stage_founders_depth14,iog,pool10jn0wjlh9y3w2ygq84u2llvlnxfz3lc4g0ssqlmpp3w3y2d2lw5,EARN,Earn Stakepool,3,3,112555443,112.555443,13,253
2026-06-11T13:49:05Z,abcde_forensics_stage_founders_depth14,emurgo+iog,pool1jmx55w5ydjkn4xd58gmr9xgt5t46ngs48aek779t92e7zcqfw97,AAATO,AAATO,1,1,110100000,110.1,11,383
2026-06-11T13:49:05Z,abcde_forensics_stage_founders_depth14,emurgo+iog,pool13846y7q7tng3endxhet9qdcz5w0fjs09ytcye4dm5g54wmyqeqr,BSP,The Brothership Pool,1,1,110000000,110.0,13,413
2026-06-11T13:49:05Z,abcde_forensics_stage_founders_depth14,emurgo+iog,pool176z4pf0r9p6hqvp8m333sqm6vx8tj93q5yyunyv5478m5yp8j07,RETIR,I am retired,1,1,110000000,110.0,14,247
2026-06-11T13:49:05Z,abcde_forensics_stage_founders_depth14,iog,pool1sr953s548fudyhmfm082xp0mensv2gxzt4qpe466ykw0z3jjzvv,AIR,ADABreathes,3,3,108349680,108.34968,13,331
2026-06-11T13:49:05Z,abcde_forensics_stage_founders_depth14,iog,pool16rru46dcyk2h5qjwq6gnxwumdj8zkjjnhxdtvpclyq8h6q9apua,,,1,1,107824644,107.824644,14,304
2026-06-11T13:49:05Z,abcde_forensics_stage_founders_depth14,emurgo+iog,pool1cduc7ut6grhqyavrmm3gzcdf4qfdsjk7vdwcxy9c0r5fyaxh2sq,POOLS,cexplorer.io,1,1,106892000,106.892,12,512
2026-06-11T13:49:05Z,abcde_forensics_stage_founders_depth14,iog,pool1n407tju6ysxeh5phal6pcqkcku3wzacxpreua292ms04xzraq6n,RYU1,Ryu Capital 1,3,1,106701835,106.701835,12,257
2026-06-11T13:49:05Z,abcde_forensics_stage_founders_depth14,emurgo+iog,pool1e98xlcgj80c3rdmm27v5hnvrdtut52e65uk0ema7ctfag596vr2,COSD,Centre for Open Systems Deployment,2,2,105840602,105.840602,13,257
2026-06-11T13:49:05Z,abcde_forensics_stage_founders_depth14,iog,pool124lm97s6f4satl7xz0ulzgg6tv30tskry3zcntwrz68n60v5yne,SHARP,CardanoSHARP Stake Pool,1,1,104900000,104.9,14,259
2026-06-11T13:49:05Z,abcde_forensics_stage_founders_depth14,emurgo+iog,pool1j3umdcuxcewcxz98wm3sx5xqwgxx0v7z376xyjfq4jgejpvv8fz,MASTR,Masterstake,1,1,104008813,104.008813,14,279
2026-06-11T13:49:05Z,abcde_forensics_stage_founders_depth14,iog,pool1xkrqy49edygfumvw9jxna55c373cmckzqq92m57ng82ycpykcmz,,,1,1,102616550,102.61655,14,259
2026-06-11T13:49:05Z,abcde_forensics_stage_founders_depth14,iog,pool1c2utlagkpht4zj0jetsf245c258geuxnjqp9kf4f2z9rutx9dz4,QCPOL,EN/FR community from Québec⚜️ Canada🍁 HOSKY ISPO,2,2,101058390,101.05839,13,387
2026-06-11T13:49:05Z,abcde_forensics_stage_founders_depth14,iog,pool1wggqaqs4pw2l4vml0k0p2kmvpq7pme3fl6smwc8cjjhvvuun9ww,XST,Xystence - ADA against child abuse,2,1,100824803,100.824803,13,322
2026-06-11T13:49:05Z,abcde_forensics_stage_founders_depth14,emurgo+iog,pool170hmssk80z2ameg7jhj5m8psnkjejcc77vfpd0875yggxhhntd0,21ADA,21ADA,1,1,100676595,100.676595,14,253
2026-06-11T13:49:05Z,abcde_forensics_stage_founders_depth14,iog,pool169mewaur9ma6ffw6x90xhjj0sk9j8yu3ynqz20jh03dj20syqwc,,,1,1,100000000,100.0,14,265
2026-06-11T13:49:05Z,abcde_forensics_stage_founders_depth14,emurgo+iog,pool12vv4c6z7yf8j4m2amzej4j8tn2d4dxklqk5nqztz7wl02gratjp,RETIR,,1,1,100000000,100.0,13,265
2026-06-11T13:49:05Z,abcde_forensics_stage_founders_depth14,iog,pool130sxcuaxh2yc4chs68c4jsep4v7zfhgdqutm60ngdvt9sa2ga06,,,1,1,100000000,100.0,14,249
2026-06-11T13:49:05Z,abcde_forensics_stage_founders_depth14,iog,pool1z5h4jhmhqrd2ndrhn3w7kr8nvcqwunds53hrs6vpzr882x4n3la,SDA,AWES pool,1,1,100000000,100.0,14,253
2026-06-11T13:49:05Z,abcde_forensics_stage_founders_depth14,emurgo+iog,pool1tpy5yawzpetcverves0h6xdycxgrstehfvrkygydt9jcqxwpw3j,MANA,MANA,1,1,100000000,100.0,13,458
2026-06-11T13:49:05Z,abcde_forensics_stage_founders_depth14,emurgo+iog,pool1w4am4s9w4gkt8r0245km62vtnnv9hhq6j68exzh2pyaxxfaq0gc,1PCT2,"1 Percent Pool #2 (v2)",1,1,99000000,99.0,13,254
2026-06-11T13:49:05Z,abcde_forensics_stage_founders_depth14,iog,pool1aasrxs9vpr97rjlqqwpp5gnju9tp9dgtsmqqvmsy8hryuuepvra,,,1,1,99000000,99.0,14,536
2026-06-11T13:49:05Z,abcde_forensics_stage_founders_depth14,emurgo,pool1xgwvxpas3r8nvg9z0f5cdcyr56whynkl9dpa0ukpq4ztjfspk9r,,,1,1,99000000,99.0,14,253
2026-06-11T13:49:05Z,abcde_forensics_stage_founders_depth14,emurgo+iog,pool120563wl92yssz66evk4u9lxm7zh6gk2wws0zfe8ep4e0gc77ypt,,,1,1,98716362,98.716362,14,291
2026-06-11T13:49:05Z,abcde_forensics_stage_founders_depth14,iog,pool1l0f7d56gwgdyct6vev88mnuf4ankx2fpm53plr8g6rd6zxz6del,,,1,1,97825743,97.825743,14,262
2026-06-11T13:49:05Z,abcde_forensics_stage_founders_depth14,iog,pool1udv42vs52wg34268zkfsgtrzuvyskphfavaf3n8tmf4tugm7et0,DANK,Dank Central,1,1,97824863,97.824863,12,253
2026-06-11T13:49:05Z,abcde_forensics_stage_founders_depth14,iog,pool1xwy9ulstsdfwuh0q0jc76hjalvmh2mfal004ep6ka38k5z4zmh3,,,1,1,97824863,97.824863,14,258
2026-06-11T13:49:05Z,abcde_forensics_stage_founders_depth14,iog,pool1nux6acnlx0du7ss9fhg2phjlaqe87l4wcurln5r6f0k8xreluez,,,2,2,97789268,97.789268,14,254
2026-06-11T13:49:05Z,abcde_forensics_stage_founders_depth14,iog,pool13ucz6778ywff5pmcag4pcknq9gm6j04qtgh65cu9c5mt73t5ulv,GLOBE,Global-Harmony Pool,1,1,97525743,97.525743,14,256
2026-06-11T13:49:05Z,abcde_forensics_stage_founders_depth14,emurgo+iog,pool1ar6nsa2uzng70uf8fdrttu5jhgxzgu2f4za8h845zr435nfcruw,1STEP,1STEP,1,1,97440043,97.440043,13,426
2026-06-11T13:49:05Z,abcde_forensics_stage_founders_depth14,iog,pool10mf43thtl3keag50mrlvqa78xkwg7harmu4w5yzr3k7jvw0ap43,JORGE,JORGE,2,2,96829500,96.8295,14,325
2026-06-11T13:49:05Z,abcde_forensics_stage_founders_depth14,iog,pool1ksfzungz56vxa9sy6hr54v5hf6qx8rmcu6734gqm3qlxucveed6,EUSKL,EUSKL POOL,1,1,96825743,96.825743,14,270
2026-06-11T13:49:05Z,abcde_forensics_stage_founders_depth14,emurgo,pool140x77a7cz2j689lmxf836qpjtc3y83rka28v6gpswxdw2mag62e,UNDR,Pool Under,1,1,96824863,96.824863,14,253
2026-06-11T13:49:05Z,abcde_forensics_stage_founders_depth14,iog,pool1nr2pl3yqx65hq6y2r8unlnrejfkypeh84zezf44u7glcz50yzet,KHAN,Khan Pool,1,1,96651222,96.651222,14,258
2026-06-11T13:49:05Z,abcde_forensics_stage_founders_depth14,iog,pool1srdjughnhp8xnn0wlf7gj7v9k8lmzl9ht4vhksp5qqc66fnpccj,,,1,1,96651002,96.651002,14,408
2026-06-11T13:49:05Z,abcde_forensics_stage_founders_depth14,emurgo+iog,pool1q2fh3cl6rx0wv5gry4qx5l4h65qpjf7x99xmq66nqj2fj5g6u9z,ASTCH,AssurancePool,1,1,96002900,96.0029,14,543
2026-06-11T13:49:05Z,abcde_forensics_stage_founders_depth14,iog,pool1wvyh37mrm2rcx75gvp22cdrsy5w300aj8lglnzyxzf2hjuph0mt,,,1,1,95806122,95.806122,13,252
2026-06-11T13:49:05Z,abcde_forensics_stage_founders_depth14,emurgo,pool1u99x2rr6trfznwakv0959llmxmtgc2nvanc067uugl3ejuvvnc8,,,1,1,93165134,93.165134,14,309
2026-06-11T13:49:05Z,abcde_forensics_stage_founders_depth14,iog,pool1fpu5xurq3jx5rn626ejcx0dzzzk5lmtvdl2qkj9l4kw2sjp50dz,MS6,Moonstake 6,1,1,93161819,93.161819,13,267
2026-06-11T13:49:05Z,abcde_forensics_stage_founders_depth14,iog,pool1p42f6kw9lkgw5tn77kqyrc22zrs4uq298p468gacwzw6gq0ckq2,WISE,WISE-POOL,1,1,92737196,92.737196,14,450
2026-06-11T13:49:05Z,abcde_forensics_stage_founders_depth14,emurgo,pool12rs385dd534g8gtdtmnvlhq63whdvc6vnuzxa5cpx843zdy73qy,TERA2,⭐ TERA2 ⭐,1,1,92000000,92.0,14,288
2026-06-11T13:49:05Z,abcde_forensics_stage_founders_depth14,iog,pool1a3ekt9me035qgju0en2w39vjns9ggtewnc9fugsmpgczvgtl6u9,SA8,SMAN8,2,1,91492172,91.492172,11,269
2026-06-11T13:49:05Z,abcde_forensics_stage_founders_depth14,emurgo+iog,pool1853ffwhtuka742fq4av7s3ssdpvzhdkpw53th3es36zkwrllj9g,ATLAS,"AtlasStakePool #2",1,1,89445279,89.445279,14,489
2026-06-11T13:49:05Z,abcde_forensics_stage_founders_depth14,emurgo,pool1lskcfz80qg2kr2p6776kl9emjn8ulkqsqse7um7skz4y2lwa0cu,CERO,Cero Stake Pool,1,1,88114824,88.114824,14,345
2026-06-11T13:49:05Z,abcde_forensics_stage_founders_depth14,iog,pool1s4ve6tap62x9khdvhkk9f8fj74ks5txuygsnu7wkujk3jd2c0jh,,,2,2,86983212,86.983212,14,251
2026-06-11T13:49:05Z,abcde_forensics_stage_founders_depth14,iog,pool18p7p752cjnf9z8g70ygkre5cstwmgfatzuqm0tm3n2xf739j8k8,SAGAN,Sagan Stake Pool,2,2,85619122,85.619122,13,396
2026-06-11T13:49:05Z,abcde_forensics_stage_founders_depth14,emurgo,pool1afv4cmmjdkujtd5r9t63090a3frwwqy8f3e46gz003vyzjcj63r,,,1,1,83917266,83.917266,14,250
2026-06-11T13:49:05Z,abcde_forensics_stage_founders_depth14,iog,pool1x23xnrencwmp0dnpvy0y62rxq6vy803c0n5csc5hxy3cqp68693,,,1,1,79596705,79.596705,14,254
2026-06-11T13:49:05Z,abcde_forensics_stage_founders_depth14,iog,pool10wfvyl284h0eyzjtwndh8kvu36lqvptusq4nxtv52pmazpyvfud,,,1,1,79383943,79.383943,14,290
2026-06-11T13:49:05Z,abcde_forensics_stage_founders_depth14,iog,pool1up53z2kadt6l5xs359ckx477rpyvyg3favh25qrhqt2ujclpq3h,,,1,1,79200000,79.2,14,259
2026-06-11T13:49:05Z,abcde_forensics_stage_founders_depth14,emurgo+iog,pool1ea568m9q882n0tx5d4vxff2dmz2n7rq5h62hx5ystq625m4tcfu,NUFI6,Nu.Fi & AdaLite 6,1,1,77561410,77.56141,13,257
2026-06-11T13:49:05Z,abcde_forensics_stage_founders_depth14,emurgo+iog,pool1ra2su7cvnmr83pu9nvvz4a9carsgc9egc3e5fuk7h9pycyp5ela,LBF4,Ledger by Figment 4,2,2,77465218,77.465218,12,599
2026-06-11T13:49:05Z,abcde_forensics_stage_founders_depth14,emurgo+iog,pool1qzlw7z5mutmd39ldyjnp8n650weqe55z5p8dl3fagac3ge0nx8l,BCSH,Blue Cheese Stakehouse,1,1,75780406,75.780406,14,551
2026-06-11T13:49:05Z,abcde_forensics_stage_founders_depth14,emurgo+iog,pool12crd62rxj8yryvshmgwkxza7um3uhaypwdjeel98lnkf529qdw5,0PCT1,0 Percent Pool,1,1,74000000,74.0,13,255
2026-06-11T13:49:05Z,abcde_forensics_stage_founders_depth14,iog,pool1k3qcz2ruwtgv0vduu6jhzu7d7uu6ca7sxz7lc3sxzwxay98k842,,,1,1,72910000,72.91,14,267
2026-06-11T13:49:05Z,abcde_forensics_stage_founders_depth14,iog,pool1f5qqm7029znkuzl84s9qjr4rctr4mrfsnlnl5yvcsspd6fec4tk,NEO,NEO,1,1,71609169,71.609169,14,270
2026-06-11T13:49:05Z,abcde_forensics_stage_founders_depth14,iog,pool19peeq2czwunkwe3s70yuvwpsrqcyndlqnxvt67usz98px57z7fk,PREEB,PREEB,8,3,69743613,69.743613,13,460
2026-06-11T13:49:05Z,abcde_forensics_stage_founders_depth14,iog,pool12ur7gf2psr2grf83u6gturpv2je6vxq9rkg8malygdxqkwnqc5h,,,1,1,69729200,69.7292,14,323
2026-06-11T13:49:05Z,abcde_forensics_stage_founders_depth14,iog,pool1lllmq2jgcqrag5c77lpc5m34fsqn63leadyx9tzx842n66ly3ql,,,1,1,67595177,67.595177,12,262
2026-06-11T13:49:05Z,abcde_forensics_stage_founders_depth14,emurgo+iog,pool1l37xvdpcl49kr3wscpjp9pr854g06nnjrlndtu3h7k6pvfapgap,,,1,1,67124065,67.124065,12,253
2026-06-11T13:49:05Z,abcde_forensics_stage_founders_depth14,iog,pool1xfkn3229pxwfmaula9vk9se4ur5x5pvxn78m7j63etgcczdhcs9,,,3,2,66494047,66.494047,13,253
2026-06-11T13:49:05Z,abcde_forensics_stage_founders_depth14,iog,pool1qqqq02jxq3q9j93devp9pts90ctm8w3r0rgek97ngujpjgpw46j,ZENY,Zen ADA Holdings 😌,2,1,66300000,66.3,14,539
2026-06-11T13:49:05Z,abcde_forensics_stage_founders_depth14,iog,pool1s2gxepqa5r6qzze05x3vxunt24cmqth2d2lmfrtudfqcg5c78kw,,,1,1,65724863,65.724863,14,252
2026-06-11T13:49:05Z,abcde_forensics_stage_founders_depth14,emurgo+iog,pool1sr953s548fudyhmfm082xp0mensv2gxzt4qpe466ykw0z3jjzvv,AIR,ADABreathes,1,1,65487816,65.487816,13,331
2026-06-11T13:49:05Z,abcde_forensics_stage_founders_depth14,iog,pool16x5fslqfvgmsyra4vmpvuzq7p5fzeln240envdwfm2jps0j3rw2,0FEES,Zero Fees,1,1,64970441,64.970441,13,309
2026-06-11T13:49:05Z,abcde_forensics_stage_founders_depth14,iog,pool1d6x9pl4uz5daucpaql34ma2aewrxnlkcrkuahf9ut6ruxzakrw7,VapE,Vape Avenue,2,2,64951356,64.951356,14,269
2026-06-11T13:49:05Z,abcde_forensics_stage_founders_depth14,iog,pool1qqqqvmpm9v2l0tkwx4dpzth3g85lapxjug2j6sucnphyqlt4fuu,SALUD,deepSalud Health,1,1,62758479,62.758479,14,249
2026-06-11T13:49:05Z,abcde_forensics_stage_founders_depth14,emurgo+iog,pool1ljywsch33t7gaf02aeeqkqpuku0ngpwl9fm04t7u5sl5xyunmgp,AUTO,AutoStake II,1,1,62700000,62.7,13,312
2026-06-11T13:49:05Z,abcde_forensics_stage_founders_depth14,emurgo+iog,pool14fjmlppz76667ws3jl5luejf2wgztuhpsftulvh3ucc65anqgve,XSP2,X-StakePool2,1,1,62400000,62.4,13,309
2026-06-11T13:49:05Z,abcde_forensics_stage_founders_depth14,emurgo+iog,pool1k633phcvz2hjhj45evwwau4w576jpq83acg5h84w23jauqu56cw,NORTH,"#4 Nordic Pool",3,3,62249420,62.24942,12,317
2026-06-11T13:49:05Z,abcde_forensics_stage_founders_depth14,iog,pool17mr554wv653z4ttr3rydt5dsxg6r28ysu5mlz9cc5ax32gsleh9,,,1,1,61537400,61.5374,14,523
2026-06-11T13:49:05Z,abcde_forensics_stage_founders_depth14,emurgo+iog,pool1s3z5qsg75dar26ykyzcz2u8wc2swgq7pyp7f9sdh5n06qh3jhq2,1PCT1,"1 Percent Pool #1 (v1)",2,1,59000000,59.0,12,256
2026-06-11T13:49:05Z,abcde_forensics_stage_founders_depth14,iog,pool1zmtm8yef7725p9n7x433m50kvv9xpzjujnny9m5t960g5qm30ua,1PCT1,"1 Percent Pool #1 (v3)",1,1,58000000,58.0,14,303
2026-06-11T13:49:05Z,abcde_forensics_stage_founders_depth14,emurgo,pool16knnvtezwzmgpnu8v03wht6y4u7mwfc7qz6y2yk62w4as4qymat,LAMB,Lambda StakePool,1,1,57999980,57.99998,14,276
2026-06-11T13:49:05Z,abcde_forensics_stage_founders_depth14,iog,pool1525d8qqw9cjykckqk9dgz6xmxdevm68zyspz90ac58p4v2gr6zm,MED,Medical Pool,2,2,56474888,56.474888,13,287
2026-06-11T13:49:05Z,abcde_forensics_stage_founders_depth14,iog,pool1fy5aaf5gz2646dghhm8u899mj6hyznn428sqhdx3tmqmsdy6rcz,,,1,1,55934714,55.934714,13,253
2026-06-11T13:49:05Z,abcde_forensics_stage_founders_depth14,emurgo+iog,pool1e2tl2w0x4puw0f7c04mznq4qz6kxjkwhvuvusgf2fgu7q4d6ghv,DEV,Development Stake Pool,1,1,55900000,55.9,13,441
2026-06-11T13:49:05Z,abcde_forensics_stage_founders_depth14,iog,pool1f3qeehc4htjqpwv248kf5lfaumd0e84jtze379ev3ywa2w69aam,AFCH2,"African Charity Pool #2",1,1,55838031,55.838031,14,317
2026-06-11T13:49:05Z,abcde_forensics_stage_founders_depth14,iog,pool104yydru8l6rjg0c9jryy9luw2s7r9ye4u5x835kvhkngy24986h,GER,German Staking,1,1,55652586,55.652586,13,252
2026-06-11T13:49:05Z,abcde_forensics_stage_founders_depth14,iog,pool1xmtmp6cmmmaatkn3jd9dlht8xjyf7xnqmrurs59kj2ygxuz2jkd,,,1,1,54999990,54.99999,13,550
2026-06-11T13:49:05Z,abcde_forensics_stage_founders_depth14,emurgo,pool13r377w5pmy4tmhuvw0cf9q23asslzjytsruwa27tdnflq7hfjgk,,,1,1,54943915,54.943915,14,288
2026-06-11T13:49:05Z,abcde_forensics_stage_founders_depth14,emurgo,pool1arsqn9w87wpqlm0sre66gs79dcs0jmwulytgke3vut7u62lttu7,LATIN,Latino_Staking_Pool,1,1,53869902,53.869902,14,298
2026-06-11T13:49:05Z,abcde_forensics_stage_founders_depth14,iog,pool1ma472xwxkcsagcff388vspvz60dms4lujr27f0ma4jegqmtqhh7,,,1,1,53637713,53.637713,14,255
2026-06-11T13:49:05Z,abcde_forensics_stage_founders_depth14,iog,pool16r36znhvh3h2lk55vu89hsx3ug94sx2etqv9s2006d8awufhaz7,,,1,1,52037404,52.037404,14,259
2026-06-11T13:49:05Z,abcde_forensics_stage_founders_depth14,iog,pool1mux3kuy5tvxy6etqaejgxl99fcp9a2a7wy8z2mmgxcnnuu52ju8,,,1,1,50000000,50.0,14,275
2026-06-11T13:49:05Z,abcde_forensics_stage_founders_depth14,emurgo,pool1q80jjs53w0fx836n8g38gtdwr8ck5zre3da90peuxn84sj3cu0r,000,Switzerland Investment,1,1,50000000,50.0,14,242
2026-06-11T13:49:05Z,abcde_forensics_stage_founders_depth14,iog,pool1gxqgry4s75sx455a4hh0fx3qm5ckx5jl5tryn6zu77yg7y5pgsj,AMBER,Amber,1,1,49400000,49.4,14,257
2026-06-11T13:49:05Z,abcde_forensics_stage_founders_depth14,emurgo+iog,pool13qdkwy5y88ncr5qpjrh8hgtf94d0zw4wuhgezjg3hvlyyrh37c7,SECUR,FOUR SecureStaking.io,1,1,49000000,49.0,13,301
2026-06-11T13:49:05Z,abcde_forensics_stage_founders_depth14,emurgo+iog,pool1uthdnav2zc2hxpg2hyeyy545lnxtl8lqdcdqxjm0j8t5srmyvzj,ADAST,AdaStrong,1,1,49000000,49.0,10,258
2026-06-11T13:49:05Z,abcde_forensics_stage_founders_depth14,iog,pool19lz8nyz0jjpdrdtnjaar4untk4th23gpg5s7aegn7480zff4vgq,MS5,Moonstake 5,1,1,48771059,48.771059,14,253
2026-06-11T13:49:05Z,abcde_forensics_stage_founders_depth14,emurgo+iog,pool1n940lfxkd7z73qzj5y554yrletrmgg5x2eya9tpglh3uwcqfnud,FUNON,Fun On the Ride - 0% Fees - Only 270 Fixed cost,1,1,48769152,48.769152,11,338
2026-06-11T13:49:05Z,abcde_forensics_stage_founders_depth14,emurgo,pool1c38rf777lz0lweuz856xtetz2p2tfq04xfles089839tclt4dp3,,,1,1,48401168,48.401168,14,283
2026-06-11T13:49:05Z,abcde_forensics_stage_founders_depth14,emurgo,pool15wj590e6gsmpmttrxjd0emck09a0h9tazd2ww77q6duyvg8lyum,HUSKY,Husky pool,1,1,47864678,47.864678,14,273
2026-06-11T13:49:05Z,abcde_forensics_stage_founders_depth14,iog,pool1jqxp8hn0ywdrg3clzha9c2u7qh3zsh68u55wh50vdmecupc5rxs,,,2,1,46651222,46.651222,12,261
2026-06-11T13:49:05Z,abcde_forensics_stage_founders_depth14,iog,pool135h773klt7djljmyawkh88e8qc457wxqfhc6j9h6y9n4y3sgh7t,,,1,1,45000000,45.0,14,462
2026-06-11T13:49:05Z,abcde_forensics_stage_founders_depth14,emurgo+iog,pool19ru9alj7n5anmzs0f9gpzlj8kaq44yhcp45mldjvldxck8f6yg6,XRAY4,XRAY | Network,7,1,43260023,43.260023,13,325
2026-06-11T13:49:05Z,abcde_forensics_stage_founders_depth14,emurgo,pool1j8355yxxpfuhqyda4lrj8c9cdghaang3wvwge8jq8nlxurvfqv7,LvLUp,Level Up!,1,1,42857663,42.857663,14,559
2026-06-11T13:49:05Z,abcde_forensics_stage_founders_depth14,iog,pool1h66njz7qg7p3sa9dd8mptfhsy04pyxr9ca0v8zwkcz3eyg3g3au,,,1,1,42372984,42.372984,14,295
2026-06-11T13:49:05Z,abcde_forensics_stage_founders_depth14,cf+emurgo,NOT_DELEGATED_OR_NO_STAKE,,,4,1,41523011,41.523011,13,
2026-06-11T13:49:05Z,abcde_forensics_stage_founders_depth14,iog,pool1vmqjjm3macmjlsmjsff4adzhzrvu3wttq5jg6l4xxc6j7ekxfky,,,1,1,39826227,39.826227,14,296
2026-06-11T13:49:05Z,abcde_forensics_stage_founders_depth14,iog,pool1g2htk67ngtrw5mz6npgu3tugmcuqfgu0lxm8m26d7x79w75xupn,,,1,1,36956590,36.95659,14,257
2026-06-11T13:49:05Z,abcde_forensics_stage_founders_depth14,emurgo+iog,pool1mut4phum9hegtl8m2r68gpjh5x8w8t6zwf75zrphhp3qwwrrpgt,,,1,1,36504078,36.504078,13,306
2026-06-11T13:49:05Z,abcde_forensics_stage_founders_depth14,iog,pool1qy23q2qe64n6awyhrz0a97lk34zzcvgpk2e4vqmhjs86swwp9gn,WATER,The WaterBear Pool,1,1,36356000,36.356,14,300
2026-06-11T13:49:05Z,abcde_forensics_stage_founders_depth14,iog,pool140hfh3ns34wzjcyz0wcmx3du493cwl3c92hsr0z8kns5gts09gf,CHAIT,CHAITEE 😎 Private Pool for Friends and Family,2,2,34638611,34.638611,13,255
2026-06-11T13:49:05Z,abcde_forensics_stage_founders_depth14,iog,pool1udr30lxsqa799lyl9haxf0wzg8qsz3xaf2gtpqf4n2s064jrvsj,,,1,1,34400000,34.4,14,271
2026-06-11T13:49:05Z,abcde_forensics_stage_founders_depth14,iog,pool1n2j7zmw69gf3weqp3wae234p3lykjks49c84mleqgmnmg4jht3y,YORK,Free York,1,1,34400000,34.4,13,366
2026-06-11T13:49:05Z,abcde_forensics_stage_founders_depth14,iog,pool1dww6s8stvm7dl2n8740s3v5rnxmsuqcl8jcnu64g7cds5w29pft,1PCT3,"1 Percent Pool #3 (v3)",1,1,33720036,33.720036,14,264
2026-06-11T13:49:05Z,abcde_forensics_stage_founders_depth14,iog,pool1jm8s3r3xq4kpawavy096rqle964exle3lxwnpvx62wjnwadwd5l,NARU,NARU Pool,1,1,32776960,32.77696,14,266
2026-06-11T13:49:05Z,abcde_forensics_stage_founders_depth14,emurgo,pool1ksh2u6kktx74ugv8jadrdqttwyjz9074ke82xt6j0qgfvdn43a5,,,1,1,32588234,32.588234,14,249
2026-06-11T13:49:05Z,abcde_forensics_stage_founders_depth14,iog,pool1d0m6dxdvqcltvyvjjha2v5hyq4rxf4xzs7j95v00hpxvzuu7wqp,,,1,1,32335014,32.335014,14,251
2026-06-11T13:49:05Z,abcde_forensics_stage_founders_depth14,emurgo+iog,pool1rjxdqghfjw5rv6lxg8qhedkechvfgnsqhl8rrzwck9g45n43yql,XRAY1,XRAY | Network,1,1,31625406,31.625406,14,409
2026-06-11T13:49:05Z,abcde_forensics_stage_founders_depth14,iog,pool1f488flg33j9vqzdce87t0e0g6mhjj7aacd4209pg93c77lrpywz,,,3,3,31600330,31.60033,13,301
2026-06-11T13:49:05Z,abcde_forensics_stage_founders_depth14,iog,pool1mscll7kd2y9c56kv7thv7kv99wjvrr72uwpmuhphaltjz0pkuqa,RARE,RarePool,1,1,31380438,31.380438,12,249
2026-06-11T13:49:05Z,abcde_forensics_stage_founders_depth14,iog,pool1vhzjtcrcyzy5ld05mj8edy5at37x4g7du8uvvss037h26h8s8z5,,,1,1,30035005,30.035005,14,326
2026-06-11T13:49:05Z,abcde_forensics_stage_founders_depth14,iog,pool1f4rs6v0cpsqa09ueddp6hhl8xwdwtdqglvcuce26srxdwmzxl6v,,,2,2,29690848,29.690848,13,321
2026-06-11T13:49:05Z,abcde_forensics_stage_founders_depth14,emurgo+iog,pool1258yqnsegc3k7raqcdkxu4893aqexxljflmg9g96yfha2qytayv,1PCT2,"1 Percent Pool #2 (v3)",2,2,29401263,29.401263,13,266
2026-06-11T13:49:05Z,abcde_forensics_stage_founders_depth14,emurgo+iog,pool1jqxp8hn0ywdrg3clzha9c2u7qh3zsh68u55wh50vdmecupc5rxs,,,1,1,29000000,29.0,13,261
2026-06-11T13:49:05Z,abcde_forensics_stage_founders_depth14,iog,pool16nnl8ymck6c20x86lfd5p9q3yp9w749cam26y985459ww6kjtz8,ska1,SKADEA,2,2,28314060,28.31406,12,248
2026-06-11T13:49:05Z,abcde_forensics_stage_founders_depth14,emurgo,pool1t847w2hfv33qrra7q33nzq8epvcxv6ydshcq7w7j23c87xv2c2k,CAPO,CardaPool.com - 0% Fees - ¡Midnight Token!,1,1,28299817,28.299817,14,287
2026-06-11T13:49:05Z,abcde_forensics_stage_founders_depth14,iog,pool1lx7hdfz430vmrwhkrdgxu8c0xclffltavmkejpqzzz4ax0lnfvd,,,1,1,26247829,26.247829,13,576
2026-06-11T13:49:05Z,abcde_forensics_stage_founders_depth14,emurgo,pool1xftlxx9slpz59thcgtwgdj3k9e0ntn3p4qnmzs3r84dkx0hccjc,SPS5,StakePool Service No.5,1,1,26000000,26.0,13,291
2026-06-11T13:49:05Z,abcde_forensics_stage_founders_depth14,iog,pool1a3u8zuz7fqavxgl48s8k37w8w6njk7zevlzyfjdlzxfexjcue6a,AAA2,"RETIRING IN EPOCH 309, (re)delegate to AAA",1,1,25973000,25.973,13,252
2026-06-11T13:49:05Z,abcde_forensics_stage_founders_depth14,iog,pool155p7g23vdme50kp5lfqylfx5h7ndldyz2mletvr8fqucqzyrk44,,,7,3,25185280,25.18528,12,620
2026-06-11T13:49:05Z,abcde_forensics_stage_founders_depth14,emurgo+iog,pool18n5hw3960p7su9dvw08w3nf7sgky52qzwkpatv3zsf52qy0vnk6,DECEN,Decentralized Stake Pool,1,1,24140000,24.14,12,276
2026-06-11T13:49:05Z,abcde_forensics_stage_founders_depth14,emurgo,pool1cyq3v3v43hu7spwlfxdm6vq9djpsjjueerhlu5qr2rvd57vqk84,,,1,1,24000000,24.0,14,375
2026-06-11T13:49:05Z,abcde_forensics_stage_founders_depth14,emurgo,pool1sjwdmeme5zs042jzwmdvxshhv27kepxke0mr02f2yzacsyd4wtu,CCV,(Crypto Capital Venture),1,1,23830143,23.830143,14,308
2026-06-11T13:49:05Z,abcde_forensics_stage_founders_depth14,emurgo,pool1qzlw72zfwhhc0ptvzdpld06szu39x9mlm6782efy6sluz932fx6,BCSH2,Blue Cheese Stakehouse,2,1,22000000,22.0,14,244
2026-06-11T13:49:05Z,abcde_forensics_stage_founders_depth14,emurgo+iog,pool1adhpjj009c0jekumqswj5jux6nvrw7v2k0wlu57vfjh7gd5wyh9,ADATA,PoolData.Live,1,1,21556577,21.556577,14,297
2026-06-11T13:49:05Z,abcde_forensics_stage_founders_depth14,iog,pool1czlxfj2dyc2lt2gcrhhxyqhgzcpza845yjr6k262e2vqsysrylu,,,1,1,21352627,21.352627,14,256
2026-06-11T13:49:05Z,abcde_forensics_stage_founders_depth14,emurgo+iog,pool1qzlwlpcsgflr9z3f24fg836tyq45p0kf5cnrp20s8v0psp6tdkx,BCSH0,Blue Cheese Stakehouse,1,1,19142471,19.142471,13,317
2026-06-11T13:49:05Z,abcde_forensics_stage_founders_depth14,iog,pool1z89dx8u42f4cvujvsjupsg50cfgqhjjuaxegvj59h9q9scra5fy,CO2P,"CO2-Pool - eco-friendly, green and climate-action",1,1,19035385,19.035385,13,254
2026-06-11T13:49:05Z,abcde_forensics_stage_founders_depth14,emurgo+iog,pool1c3ecg6h4m73a2mftmdm9mz3gxklxmnzuwzl9e38lzd4y26qcm8a,COSMC,Cosmic Asset Stake Pool,1,1,19000000,19.0,12,241
2026-06-11T13:49:05Z,abcde_forensics_stage_founders_depth14,emurgo,pool1jeu74g86ys4fekhykqcww99kdsq3nlym8a6kfw8s8ff3vskad70,KAIZN,Kaizen Crypto Stake Pool,1,1,18984000,18.984,14,217
2026-06-11T13:49:05Z,abcde_forensics_stage_founders_depth14,iog,pool1s04pdfl3sv5gzuc80322rc4ne0xs7gekux7gtckvvwt7qutjy6w,MS9,Moonstake 9,1,1,18222883,18.222883,14,253
2026-06-11T13:49:05Z,abcde_forensics_stage_founders_depth14,iog,pool1a6ccp9fpgn40r2jl7fapjv3224swqf72z5gt4cgwctnk5etfjlr,,,1,1,18111615,18.111615,14,290
2026-06-11T13:49:05Z,abcde_forensics_stage_founders_depth14,iog,pool18vyjg6jlyt2jywae7ndzv0f7xkrsexxgyhunxrlgm3zaku0327k,,,1,1,17200000,17.2,14,244
2026-06-11T13:49:05Z,abcde_forensics_stage_founders_depth14,iog,pool1rqgf6qd0p3wyf9dxf2w7qcddvgg4vu56l35ez2xqemhqun2gn7y,HADA,HADA.VN.COM,3,1,16825479,16.825479,11,251
2026-06-11T13:49:05Z,abcde_forensics_stage_founders_depth14,iog,pool1r05v7jh4q99qy7vrh2xa3knpjk35kz8pmj2kacf2hy5mke6vjcj,,,2,1,16824863,16.824863,13,255
2026-06-11T13:49:05Z,abcde_forensics_stage_founders_depth14,iog,pool1gjmerqh4wxl553enqeqgc6m3r3gt6yspdg29jy6nuypa6k2tpdt,,,1,1,16806122,16.806122,13,249
2026-06-11T13:49:05Z,abcde_forensics_stage_founders_depth14,iog,pool1h290edu6y50y09ulac7t6krculahk9fjwzvx4hqeqc7l2ruttku,,,1,1,16794860,16.79486,13,272
2026-06-11T13:49:05Z,abcde_forensics_stage_founders_depth14,emurgo+iog,pool1rkyc3ss904h066sffergss99r9p2kqa4k6ds0g4u5ud4x7yaajd,1PCT5,"1 Percent Pool #5 (v1)",1,1,16082900,16.0829,12,249
2026-06-11T13:49:05Z,abcde_forensics_stage_founders_depth14,emurgo+iog,pool16tcjctesjnks0p8sfrlf8f3d3vrp2fdn2msy80sgg3cdjtayu3z,TAPSY,TapTap Vienna,2,2,15824863,15.824863,13,266
2026-06-11T13:49:05Z,abcde_forensics_stage_founders_depth14,emurgo,pool1c55n72ag3tz8g7rntzuu9a86u7eugsy008xl3xsje8kwgvz2vdz,,,1,1,15654874,15.654874,14,407
2026-06-11T13:49:05Z,abcde_forensics_stage_founders_depth14,iog,pool18dwcl9dc0pqa3f05d4qne7c5lnhwz20lpffsp9pah25xjz3cesm,,,1,1,14000000,14.0,14,259
2026-06-11T13:49:05Z,abcde_forensics_stage_founders_depth14,iog,pool1zga7fc8swn5l4rha04ddq07m2rc8rh9vxqmc56j4k2l2xy4lw22,SHUA,SHUA Stake Pool,1,1,13977836,13.977836,14,327
2026-06-11T13:49:05Z,abcde_forensics_stage_founders_depth14,iog,pool16wfrrl0vhq5ldqa2u3kz8mm9r7l5pmlqqu0667gfjykfkyv98ge,,,1,1,13800642,13.800642,14,253
2026-06-11T13:49:05Z,abcde_forensics_stage_founders_depth14,iog,pool16j6wmwsljcc2qn6dr2d6akjas3er887vhekyej77ynyjvh2fj5n,GOTO,GOTO Pool,1,1,13510812,13.510812,14,251
2026-06-11T13:49:05Z,abcde_forensics_stage_founders_depth14,iog,pool1hhy7qvgc2lmjlwg8z6yag67yjylrquy9hgxwyhgps5e07m8h0ep,BICEP,BICEP,1,1,13397041,13.397041,14,269
2026-06-11T13:49:05Z,abcde_forensics_stage_founders_depth14,iog,pool1hrfv7z55k4m2q6ghemu56r3zkw7dt5wd5xay5yw7an7p7aw33ac,WEN_K,WEN K? Stake Pool,1,1,13300000,13.3,14,525
2026-06-11T13:49:05Z,abcde_forensics_stage_founders_depth14,iog,pool1s6s6eyve0lmc4e0emzf2l68n9ya0rhrpdcq0jmkmmmxv2rkrx42,,,1,1,12943030,12.94303,14,259
2026-06-11T13:49:05Z,abcde_forensics_stage_founders_depth14,iog,pool1pzqdfptvl5f8vh28az37jag2wkfmqz9x8d6eufl8y0z9q34hlr7,VICE,VICE 💚 CardanoWall.com,4,1,12565908,12.565908,13,280
2026-06-11T13:49:05Z,abcde_forensics_stage_founders_depth14,emurgo+iog,pool1v5u6wzakuc25q3zpx04t8gjz3rgu60wuxkv2mh5nga23xjkc86s,MOKSH,Moksh Stake Pool,1,1,12539941,12.539941,12,380
2026-06-11T13:49:05Z,abcde_forensics_stage_founders_depth14,iog,pool1a6v2wt0m8wjra80zuw00sfdxn4w52cna96gcaglzvred6gnsusx,MS1,Moonstake 1,1,1,12375702,12.375702,13,244
2026-06-11T13:49:05Z,abcde_forensics_stage_founders_depth14,iog,pool1dzp3lpf0f55ez4lsjy0tw36xkydchnr9cplnhfl2zd53qwdhq7q,,,1,1,11200000,11.2,14,256
2026-06-11T13:49:05Z,abcde_forensics_stage_founders_depth14,emurgo+iog,pool1wwzctexlp70mj00vv65mlhwhwresn58s9x7jl4tswvkg77eu7n7,UKADA,UKADA,1,1,11000000,11.0,13,241
2026-06-11T13:49:05Z,abcde_forensics_stage_founders_depth14,iog,pool1qaxrj6n50naglqmzj5puq5sd0awgy9wnqmykpwmcah4vzhndpve,🐈NNSP,🐈Nora Neko Stake Pool🌏,3,2,11000000,11.0,14,264
2026-06-11T13:49:05Z,abcde_forensics_stage_founders_depth14,emurgo,pool1xytvsd9qnvqxpthh9p8k85e823trvn3npxeur8kr9zhkqz5uls9,ADV,ADAvault,1,1,10924863,10.924863,14,253
2026-06-11T13:49:05Z,abcde_forensics_stage_founders_depth14,iog,pool1hvw0mqph8kg9gkwqgnrg4v8uhwchltpf9e0qw002sxzfy2xe2js,FOG,Operated by Dew Staking Solutions,1,1,10825743,10.825743,14,258
2026-06-11T13:49:05Z,abcde_forensics_stage_founders_depth14,emurgo+iog,pool1c2utlagkpht4zj0jetsf245c258geuxnjqp9kf4f2z9rutx9dz4,QCPOL,EN/FR community from Québec⚜️ Canada🍁 HOSKY ISPO,1,1,10675500,10.6755,13,291
2026-06-11T13:49:05Z,abcde_forensics_stage_founders_depth14,emurgo,pool18vej0s9gska8c847aj95g9v24duuxg2g63d5cuqngnxew643jw9,ADV2,ADAvault Stake Pool 2,1,1,10460343,10.460343,14,253
2026-06-11T13:49:05Z,abcde_forensics_stage_founders_depth14,emurgo+iog,pool13t6cwz9hhr8xm29pc94zyg5tx3kteqeu8gw2nc3lhzatqegzp6z,,,1,1,10228908,10.228908,14,293
2026-06-11T13:49:05Z,abcde_forensics_stage_founders_depth14,iog,pool1pdsnzs8aft7hfq3xcmvgltt9vmncwsvsw955p29nra8g5hves4x,GINO,Cargino Stake Pool,1,1,10175174,10.175174,13,266
2026-06-11T13:49:05Z,abcde_forensics_stage_founders_depth14,iog,pool19z8vmgdts5lstk8z5lc8mgz3a8jhggscsf9cygvuz0vtuzcsxyu,IOG9,Input Output Global (IOHK) - 9,1,1,10000000,10.0,14,211
2026-06-11T13:49:05Z,abcde_forensics_stage_founders_depth14,iog,pool14g7yxpecpp2vt25nc7mjtf8q5g8n362wxksvpxz5fht35khqs0t,,,1,1,10000000,10.0,13,249
2026-06-11T13:49:05Z,abcde_forensics_stage_founders_depth14,iog,pool1mtvfxpeczh9gkgj42j30c5zgudnt6evns4gny07p8nml2qrthav,,,1,1,10000000,10.0,14,264
2026-06-11T13:49:05Z,abcde_forensics_stage_founders_depth14,emurgo+iog,pool1gpz25s2aasmqnh9tg8a2rxmyxuvmj5s779htxk295e9ajnzjflc,MUGGY,ADA's Digital GrandParent,1,1,10000000,10.0,13,254
2026-06-11T13:49:05Z,abcde_forensics_stage_founders_depth14,iog,pool1rhq7qyw4y2s80gstyevm6rhz2lsdsrcstawunxx5eld8csvuvlu,ART,Blockchain ART Pool,1,1,9712903,9.712903,14,291
2026-06-11T13:49:05Z,abcde_forensics_stage_founders_depth14,iog,pool1pn36hexudnjg6uwvxc5tld3ay2g6ty99ardzhn7crhkhzshjpte,YKSB,YakisobaPool,1,1,9000000,9.0,13,525
2026-06-11T13:49:05Z,abcde_forensics_stage_founders_depth14,iog,pool1cmdq8atcy8x7lfhh09vdumveuh0ywsx0269ur774nvzkyhma37d,,,1,1,9000000,9.0,12,296
2026-06-11T13:49:05Z,abcde_forensics_stage_founders_depth14,emurgo,pool1d76p7zfn2ydq577z4wsvmnl2lx4cxa3s5vplfuhvr8qfw8hd05j,KYSN2,KysenPool Thunder 2,1,1,9000000,9.0,14,232
2026-06-11T13:49:05Z,abcde_forensics_stage_founders_depth14,emurgo+iog,pool1s2rj8t2a5tfv0rpsfak77g03h96uv3rqxp62t6jm3dh45g2e2pj,CRD,Cardan.io,1,1,9000000,9.0,13,248
2026-06-11T13:49:05Z,abcde_forensics_stage_founders_depth14,emurgo+iog,pool1xaudqyen24fz02vhu9qa2ry44suzfk8z3lh7sc6qx7c3gpweww2,OCEA7,ADA Ocean Seven,1,1,9000000,9.0,13,254
2026-06-11T13:49:05Z,abcde_forensics_stage_founders_depth14,iog,pool1u3p6z3r2g5s7mazc0wmx8v0cyjjasusght53zm4kj436vs3u2th,,,1,1,9000000,9.0,13,238
2026-06-11T13:49:05Z,abcde_forensics_stage_founders_depth14,emurgo+iog,pool1esd3cqme3zzvvdnsx3p6ywudn6p86mqyz7fpvqpegxv2qzmtes0,SRN,ADASRN,1,1,9000000,9.0,11,589
2026-06-11T13:49:05Z,abcde_forensics_stage_founders_depth14,iog,pool1ykwcqf7r8mj9fmprr9f3y62ftsrlalxm22j383gfpav76ddrc25,HERO,HERO POOL,1,1,9000000,9.0,13,275
2026-06-11T13:49:05Z,abcde_forensics_stage_founders_depth14,iog,pool1fvxfg0pcr4umked5cx7jgczdajp70hrz5fsutzk338u0jljlfpy,,,1,1,9000000,9.0,13,303
2026-06-11T13:49:05Z,abcde_forensics_stage_founders_depth14,iog,pool1gdgjzmp96kk0d0sj482655wqlq8jtc4t9xw8xzfwfx4tjyq73hw,,,2,2,9000000,9.0,14,514
2026-06-11T13:49:05Z,abcde_forensics_stage_founders_depth14,emurgo+iog,pool1ell3xjtspzzz4vtsatscan6rheltf7j3hh2s8qsam2h3jvcxzm9,OCEA4,ADA Ocean Four,1,1,8913931,8.913931,14,250
2026-06-11T13:49:05Z,abcde_forensics_stage_founders_depth14,iog,pool1j8zhlvakd29yup5xmxtyhrmeh24udqrgkwdp99d9tx356wpjarn,CRASH,CRASHR ISPO,2,1,8809960,8.80996,14,455
2026-06-11T13:49:05Z,abcde_forensics_stage_founders_depth14,iog,pool17gvd032slmxg267lp8rwcykkfa52txm8ylefhmdsdkytzugrtaw,STPZ1,STacking_PiZza,1,1,8438158,8.438158,14,253
2026-06-11T13:49:05Z,abcde_forensics_stage_founders_depth14,emurgo,pool15yyxtkhz64p7a8cnax9l7u82s9t9hdhyxsa3tdm977qhgpnsuhq,SECUR,ONE SecureStaking.io,1,1,8065379,8.065379,14,278
2026-06-11T13:49:05Z,abcde_forensics_stage_founders_depth14,emurgo,pool1qnrqc7zpwye2r9wtkayh2dryvfqs7unp99f2039duljrsaffq5c,NUFI,Nu.Fi & AdaLite,1,1,8006454,8.006454,14,272
2026-06-11T13:49:05Z,abcde_forensics_stage_founders_depth14,iog,pool1sxj5qufj25ssfk83jjxp4tw2py7vfceta63p2u8ymugtga9us8t,,,1,1,8000000,8.0,14,262
2026-06-11T13:49:05Z,abcde_forensics_stage_founders_depth14,iog,pool1f6lnuxzw90mmd399nxqjvzyyxgmf4h3cp7j6pp5s7xmps86arct,DYNO,Dyno Pool,7,2,7982440,7.98244,13,587
2026-06-11T13:49:05Z,abcde_forensics_stage_founders_depth14,iog,pool1s9y50eucftrj0fw786rm3ljedpg8qry4ydq9kx23dv4px9k97t6,,,1,1,7824863,7.824863,14,253
2026-06-11T13:49:05Z,abcde_forensics_stage_founders_depth14,iog,pool15d6xp2dhv8n8kx8syc4drruqyclkkmg58se6npeevhkdxprjq5q,,,1,1,7806122,7.806122,14,249
2026-06-11T13:49:05Z,abcde_forensics_stage_founders_depth14,emurgo,pool1uk2f28awascuhrhuwrp7x6y87x8ch33vwx8jtmrysp7l5ngq78j,POWER,POWER Stake Pool 1,1,1,7619846,7.619846,13,242
2026-06-11T13:49:05Z,abcde_forensics_stage_founders_depth14,iog,pool1et8qw5ejgl5qqq8v4gdfset78gjcphh88cc2xajykggau8vps0j,ALAM0,Alamo Stakepool,1,1,7569245,7.569245,14,323
2026-06-11T13:49:05Z,abcde_forensics_stage_founders_depth14,iog,pool1efvema2ps2tzhvkpgg9d9j7uzr3a7lzv9tavrr5ppecr28gr4kd,,,1,1,7526450,7.52645,14,250
2026-06-11T13:49:05Z,abcde_forensics_stage_founders_depth14,emurgo,pool1e98xlcgj80c3rdmm27v5hnvrdtut52e65uk0ema7ctfag596vr2,COSD,Centre for Open Systems Deployment,1,1,7000000,7.0,14,480
2026-06-11T13:49:05Z,abcde_forensics_stage_founders_depth14,emurgo,pool12z39rkzfylvn9wfe8j6x9ucq6g2l4mw4azj70y0gd8ejczznyj3,BRAVO,Bravo pool,1,1,6825743,6.825743,14,253
2026-06-11T13:49:05Z,abcde_forensics_stage_founders_depth14,iog,pool12fr472y9lwzjy055gpuvpxdy5slpe0ej20pykdeatl59zg9ren2,,,1,1,6825743,6.825743,14,256
2026-06-11T13:49:05Z,abcde_forensics_stage_founders_depth14,iog,pool18xysavc2dazzvc7xaqyh6t966zlawgupkdzyfc0yspt76ggxw6g,,,1,1,6825699,6.825699,14,262
2026-06-11T13:49:05Z,abcde_forensics_stage_founders_depth14,emurgo,pool1cduc7ut6grhqyavrmm3gzcdf4qfdsjk7vdwcxy9c0r5fyaxh2sq,POOLS,cexplorer.io,1,1,6825699,6.825699,14,253
2026-06-11T13:49:05Z,abcde_forensics_stage_founders_depth14,emurgo,pool12n6lycv28kjtkzecfz2a3uujyxy6ewuwjcmjq84my67psqmgagv,MANT,MANTIS POOL,1,1,6825567,6.825567,14,225
2026-06-11T13:49:05Z,abcde_forensics_stage_founders_depth14,emurgo,pool127gdv243hfcrapslaqq0nnh64u2gts72gtrt4888g6g2z0zsu64,TTS17,the Token Square,1,1,6824863,6.824863,14,253
2026-06-11T13:49:05Z,abcde_forensics_stage_founders_depth14,iog,pool1lnr8t7pxvq3vfg8c5lc7yjcq39haws4ntu28xpxzx4zyya9ntny,,,1,1,6824863,6.824863,13,273
2026-06-11T13:49:05Z,abcde_forensics_stage_founders_depth14,iog,pool1w7avkl9cszkmx96zn8cfgrwj5quqh6ehdmjp9ejszuhegtevrcc,YNMS,YNMS,1,1,6596700,6.5967,12,264
2026-06-11T13:49:05Z,abcde_forensics_stage_founders_depth14,iog,pool17n47upcpnzsdks0yd409nf79sg6hqy73twg87eddwh24uj745rt,HEPHY,Hephaestus Stake Pool,1,1,6342031,6.342031,14,546
2026-06-11T13:49:05Z,abcde_forensics_stage_founders_depth14,emurgo+iog,pool1e556526sqwugxwnmeumt9lhj5jukklg8vv3ynk75xt9vs7adr5y,CHEAP,"CheapStaking #1",1,1,5763884,5.763884,12,254
2026-06-11T13:49:05Z,abcde_forensics_stage_founders_depth14,iog,pool1la0t0gsskwejyfca5lchw5aqd5g8hknxdu6tuyqp0ttjxl6zt35,HUNNY,HUNNY pool🍯,1,1,5732915,5.732915,14,323
2026-06-11T13:49:05Z,abcde_forensics_stage_founders_depth14,iog,pool14723n6gf5yu6k7rzst4c0c4ujql6rmypyr5v6z362p4ywq9ejw7,,,2,1,5378880,5.37888,14,315
2026-06-11T13:49:05Z,abcde_forensics_stage_founders_depth14,iog,pool1gsrcrjm6ctkquef6m8jsyvplv0j357hupn92uklqdcm7729ytv6,YUMMI,Yummi Pool,1,1,5000000,5.0,14,418
2026-06-11T13:49:05Z,abcde_forensics_stage_founders_depth14,iog,pool120563wl92yssz66evk4u9lxm7zh6gk2wws0zfe8ep4e0gc77ypt,,,1,1,5000000,5.0,14,288
2026-06-11T13:49:05Z,abcde_forensics_stage_founders_depth14,cf,pool1s6se64qce5rjjjhh6ufcdnc54p8qg78mlhjm38lymx99sqysvzx,PAUL1,Cardano With Paul ☘️,1,1,5000000,5.0,14,269
2026-06-11T13:49:05Z,abcde_forensics_stage_founders_depth14,iog,pool1q6lzp5x6tqg04chsxakupgq6x829nsx2dk5w8h043fnajm8d3uj,ADAIM,ADAImpulse,5,1,5000000,5.0,13,459
2026-06-11T13:49:05Z,abcde_forensics_stage_founders_depth14,iog,pool18mnua97ndq302yw2c6aaw6msx5rgf79mfnk4xe5y92tvjl45etl,CAHLI,Cahli Pool,5,1,5000000,5.0,14,575
2026-06-11T13:49:05Z,abcde_forensics_stage_founders_depth14,iog,pool1442wwr8zzdpcu8uwnglackzr3u5ggrmfxsjja0s7aef66hk2fuc,PASTA,Pasta Pool,5,1,5000000,5.0,14,503
2026-06-11T13:49:05Z,abcde_forensics_stage_founders_depth14,iog,pool1qhs3cf9ymc2nvmrd2j8cs36cj9jdqgnqk6s9ngyvy2lz5s8rak8,PANL,PANL Stake Pool,5,1,5000000,5.0,14,538
2026-06-11T13:49:05Z,abcde_forensics_stage_founders_depth14,emurgo,pool1qvvn2l690zm3v2p0f3vd66ly6cfs2wjqx34zpqcx5pwsx3eprtp,VIPER,"🐍Viper Stake Pool #2",1,1,5000000,5.0,14,413
2026-06-11T13:49:05Z,abcde_forensics_stage_founders_depth14,iog,pool19m70myhhv6a74fu66patflmy3ug7c97q98nx6247xsunw0pl9m6,CAPEY,CArdano Pools EXplained - 2,1,1,4825523,4.825523,14,248
2026-06-11T13:49:05Z,abcde_forensics_stage_founders_depth14,iog,pool1spqkpaezku3knl9ug7txrlyzr8kkvdr0h75yyz262cx6gls6zlm,ADAC1,ADACoinProfits1,1,1,4823587,4.823587,14,255
2026-06-11T13:49:05Z,abcde_forensics_stage_founders_depth14,iog,pool15k0zeppza4qzgf6z7wmwsgvl5rz9f6489zxhrxqa8dj6jzju6ct,DDOS,Cardano Media Taiwan,2,2,4706640,4.70664,14,472
2026-06-11T13:49:05Z,abcde_forensics_stage_founders_depth14,iog,pool1pqm2cev326p2mrruzw9xru65uvt3r7f0rdf5gtx54zdskxqhmur,RSNG,Infinity Rising 2,1,1,4529810,4.52981,14,518
2026-06-11T13:49:05Z,abcde_forensics_stage_founders_depth14,iog,pool1ey97shazvk483tzqsvda6hvh8z0kld4g5ssxanrgetddgcf2mns,,,3,1,4500000,4.5,14,287
2026-06-11T13:49:05Z,abcde_forensics_stage_founders_depth14,iog,pool152ns2rs77pscm3mtmnymhwsvq8uglcdc3cvucvsc4jkds5k4te5,TETON,TETON Pool,1,1,4400000,4.4,14,250
2026-06-11T13:49:05Z,abcde_forensics_stage_founders_depth14,iog,pool18qzks8vdf0yu0u5ccf8aaj35q6zfutdcfgrssuvdjmgtyykr922,one,EnigmA,1,1,4210870,4.21087,14,435
2026-06-11T13:49:05Z,abcde_forensics_stage_founders_depth14,emurgo+iog,pool1z9m2kxeat06t30yf6ar7sqpert0cjdgxzcv2dv36dcwcqcqtgk4,,,1,1,4000000,4.0,14,467
2026-06-11T13:49:05Z,abcde_forensics_stage_founders_depth14,emurgo,pool1qakys0fxx5p2fxcnsc2tyjpqa88q7qgtdh5t3a32hplv6fg25r9,DAPP,Dapp Central Stake Pool,1,1,3172344,3.172344,14,457
2026-06-11T13:49:05Z,abcde_forensics_stage_founders_depth14,iog,pool1570nv2jeglcq92gg0qmkyl5dwg92mj4374j4c7eagx47kdm0r4l,,,1,1,3137862,3.137862,14,326
2026-06-11T13:49:05Z,abcde_forensics_stage_founders_depth14,iog,pool1gntlh2yq89tpsd7kgaeuremj3s60rscqahyl52qzv0x87mt22rq,,,1,1,3137862,3.137862,14,365
2026-06-11T13:49:05Z,abcde_forensics_stage_founders_depth14,emurgo+iog,pool1qqqqx69ztfvd83rtafs3mk4lwanehrglmp2vwkjpaguecs2t4c2,WOLF,AdaWolf 🐺,1,1,3137862,3.137862,14,331
2026-06-11T13:49:05Z,abcde_forensics_stage_founders_depth14,iog,pool1r8lmsrdure385hz647kl2qjhyyxkdle4au5krjcsqed4x8227k3,MAYZ,MAYZ,1,1,3103380,3.10338,14,331
2026-06-11T13:49:05Z,abcde_forensics_stage_founders_depth14,iog,pool1rtj8f2pjedcjh78ey2fc4wvatjyeudeam6lsv6snttwuvhn2vsq,,,1,1,3103380,3.10338,14,335
2026-06-11T13:49:05Z,abcde_forensics_stage_founders_depth14,iog,pool1fwh9zp2hw7ppkna86n7m7ycgz66dnkdhhyqqahhv362agxj2u7g,ISPO2,Aada Finance 2 - Stake ADA earn AADA,1,1,3103380,3.10338,13,316
2026-06-11T13:49:05Z,abcde_forensics_stage_founders_depth14,iog,pool15hx9hze8ulcsw6e7ceelz2pem2g3u9c29wqe4eszkhspj3wcdlx,NETA2,anetaBTC - Pool 2,1,1,3103380,3.10338,14,328
2026-06-11T13:49:05Z,abcde_forensics_stage_founders_depth14,iog,pool1wz4euuc8r3gfya335gvpxl2nuajkvkjh3d6ylm4w83wcz7lqxc6,FASO,FasoPool,1,1,3103380,3.10338,14,332
2026-06-11T13:49:05Z,abcde_forensics_stage_founders_depth14,iog,pool1uct8k7ruvu3dgl9hws4pj3tk9stzpls4evnys4r8q5vj2p9w92w,MTERA,MeteraProtocol,1,1,3103380,3.10338,13,455
2026-06-11T13:49:05Z,abcde_forensics_stage_founders_depth14,iog,pool199a44nvtjr0c5xlanz4p5c0nywu8l6k5hz3t2he0hq7wvljnsrt,ALoop,AdaLoop,1,1,3103380,3.10338,13,367
2026-06-11T13:49:05Z,abcde_forensics_stage_founders_depth14,iog,pool1knjqx4qtcjhvqrnmgs3yccfvjl6efl5vrcgezunktqvsx5tjrcq,,,1,1,3034416,3.034416,14,337
2026-06-11T13:49:05Z,abcde_forensics_stage_founders_depth14,emurgo,pool1urgvu6zk422j4xwtxa45lzpd6dm25msfthpkezr042secrtuwzc,CCV1,"(Crypto Capital Venture) #Pool2",1,1,3030221,3.030221,14,267
2026-06-11T13:49:05Z,abcde_forensics_stage_founders_depth14,iog,pool1c3kxs76qj58284f923cx7ed8vw25en3nfghyurv0z9m2g3x9c4j,NAHA,Kaze-Wa-Minamikara,3,1,3000000,3.0,14,531
2026-06-11T13:49:05Z,abcde_forensics_stage_founders_depth14,emurgo,pool15s7w4spg5ee7n7rprhs0dq78plw2mhjkpu5v97uvl27gz2way7z,BALNC,Balance Stake Pool,3,1,3000000,3.0,14,477
2026-06-11T13:49:05Z,abcde_forensics_stage_founders_depth14,iog,pool1udt98825znk9uslz4v05gh5cd3s5e4g0cd9c4gzhcfpd2j2xm2u,,,3,1,3000000,3.0,14,257
2026-06-11T13:49:05Z,abcde_forensics_stage_founders_depth14,emurgo+iog,pool16j3mvwws7zc9pjluyhddgea0tq647v0dh3y4nkcuckg9znjcun2,ITC3,"Into the Cryptoverse #3",1,1,3000000,3.0,12,331
2026-06-11T13:49:05Z,abcde_forensics_stage_founders_depth14,emurgo,pool1uyvyxt9k9g038h567x8halej4x87j7m4r4zyz9lhv4dcv83husk,BLOOM,Bloom Four,1,1,3000000,3.0,12,309
2026-06-11T13:49:05Z,abcde_forensics_stage_founders_depth14,iog,pool13s5faca3kkg6jhqcll8xd9tarur3zkhalyuu92d5g87zyj4wrrc,,,1,1,2861520,2.86152,14,329
2026-06-11T13:49:05Z,abcde_forensics_stage_founders_depth14,iog,pool12kdg7dmdfh0t9hmy43pvl38ftu5dvppyn86wgkc4jq8557xkyz7,,,1,1,2748749,2.748749,14,318
2026-06-11T13:49:05Z,abcde_forensics_stage_founders_depth14,emurgo+iog,pool1mkjtce8r8yeku0mmc9vpwl0scuwuwc8lz89ckpj3k0kwgvlunv5,RSNG,Infinity Rising 1,1,1,2719610,2.71961,14,463
2026-06-11T13:49:05Z,abcde_forensics_stage_founders_depth14,iog,pool1s7eglqwzl84xgvpr4pptylcgqhkjr4xk8d6y3k22plu3sagms25,SANP,SKULLYS,1,1,2538467,2.538467,14,263
2026-06-11T13:49:05Z,abcde_forensics_stage_founders_depth14,emurgo+iog,pool1cg559cdc25fkvs73umj6w5nxlwy3mpmj02xt7p4v69eqs5ncz9k,WOOF,Woof Pool,1,1,2517186,2.517186,14,356
2026-06-11T13:49:05Z,abcde_forensics_stage_founders_depth14,iog,pool10nwac5phcc4vkjvux5mw6gvdzlxurkd944e5yx9yyfa8sqs35t7,,,2,2,2479332,2.479332,14,267
2026-06-11T13:49:05Z,abcde_forensics_stage_founders_depth14,iog,pool176z4pf0r9p6hqvp8m333sqm6vx8tj93q5yyunyv5478m5yp8j07,RETIR,I am retired,1,1,2457994,2.457994,14,260
2026-06-11T13:49:05Z,abcde_forensics_stage_founders_depth14,emurgo+iog,pool1pzqdfptvl5f8vh28az37jag2wkfmqz9x8d6eufl8y0z9q34hlr7,VICE,VICE 💚 CardanoWall.com,1,1,2115491,2.115491,12,280
2026-06-11T13:49:05Z,abcde_forensics_stage_founders_depth14,iog,pool1h0v99elmvl50rqk778ue6g49r3mtgq3z4draq6pzy0nqv000frd,OMEN,Nemonium,1,1,2063654,2.063654,14,254
2026-06-11T13:49:05Z,abcde_forensics_stage_founders_depth14,iog,pool1kal8xswwnj473gwva4rnfsh75aqlkr3g709xqr8evkqhw8j7msu,OCEA9,ADA Ocean Nine,1,1,2002007,2.002007,13,250
2026-06-11T13:49:05Z,abcde_forensics_stage_founders_depth14,iog,pool1nss40t2xhh7ntgp8ca73u2xd8kzyn3dgtf9jfh0y57kxul9zt82,,,1,1,2000000,2.0,14,429
2026-06-11T13:49:05Z,abcde_forensics_stage_founders_depth14,iog,pool1cus3lsxn962f3tx30shytad9u8487jpnqz6875tahxr26waf2dv,,,2,1,2000000,2.0,14,280
2026-06-11T13:49:05Z,abcde_forensics_stage_founders_depth14,emurgo+iog,pool1tpr44v3pxth9j0ff246dvsryxpanxwx52f024ws3ecvn72sgv55,,,1,1,2000000,2.0,11,578
2026-06-11T13:49:05Z,abcde_forensics_stage_founders_depth14,iog,pool1l3fvlzadk5hg78wy3e304s9t8tjzxnu962e2fl7tq8x2yg3mz6l,IOG18,Input Output Global (IOHK) - 18,2,1,2000000,2.0,11,211
2026-06-11T13:49:05Z,abcde_forensics_stage_founders_depth14,iog,pool1ktmkc46nvn5m4uxt94jm3pq9y9mxzytkjcjjkk6887tnjf7atqy,BTAP,BabbageTrustADAPool,1,1,1975753,1.975753,14,248
2026-06-11T13:49:05Z,abcde_forensics_stage_founders_depth14,iog,pool15fn9e84lmcp88z6yldagdele2lq0kqremlf0j96v7cj0jj6v22l,,,1,1,1930992,1.930992,14,339
2026-06-11T13:49:05Z,abcde_forensics_stage_founders_depth14,iog,pool12fclephansjkz0qn339w7mu9jwef2ty439as08avaw7fuyk56j6,RDLRT,RDLRT,1,1,1825479,1.825479,14,247
2026-06-11T13:49:05Z,abcde_forensics_stage_founders_depth14,iog,pool1kv53mzjwqjp4aw48rczj8vm6hejwfnfwa634czyx5tw5qq3tata,GRC1,Grc1Pool,1,1,1738936,1.738936,14,272
2026-06-11T13:49:05Z,abcde_forensics_stage_founders_depth14,iog,pool1zzhmjc2emc85m67gtp4qvdzcfqhak0n9m08vqmuq3l42qalr3qw,,,1,1,1722573,1.722573,12,294
2026-06-11T13:49:05Z,abcde_forensics_stage_founders_depth14,iog,pool177fdptmzxyncd0k5xut6gvq0cu30e0s9ffsl5ch9uxp7xnev57d,,,1,1,1563361,1.563361,14,251
2026-06-11T13:49:05Z,abcde_forensics_stage_founders_depth14,emurgo,pool1wt0pf4u2xktp0f7apveu242w6nkm4ltk3m8g039lvuhwq4zdtf3,ECO,ECO Pool,1,1,1551600,1.5516,14,335
2026-06-11T13:49:05Z,abcde_forensics_stage_founders_depth14,iog,pool12ep0z3h2qhfcmsl7h7ldpgf4cfjlur9v9lqwl8xjwd3qked73f5,,,1,1,1543581,1.543581,14,249
2026-06-11T13:49:05Z,abcde_forensics_stage_founders_depth14,cf,pool1nqheyct9a0mxn80cwp9pd5guncfu3rzwqtmru0l94accz7gjcgl,CAG,Cardano AG Pool - Private,1,1,1529484,1.529484,5,451
2026-06-11T13:49:05Z,abcde_forensics_stage_founders_depth14,iog,pool1k53pf4wzn263c08e3wr3gttndfecm9f4uzekgctcx947vt7fh2p,VAULT,StakeVault,1,1,1500000,1.5,14,292
2026-06-11T13:49:05Z,abcde_forensics_stage_founders_depth14,iog,pool1dmnyhw9uthknzcq4q6pwdc4vtfxz5zzrvd9eg432u60lzl959tw,WRFGS,"Stakepool for UNHCR, the UN Refugee Agency",1,1,1500000,1.5,14,412
2026-06-11T13:49:05Z,abcde_forensics_stage_founders_depth14,iog,pool1nyf8x2xrlmfqwy9shqrlx2csentnzyjmxr0r3w0ljuaqz5ek7qz,1PCT6,"1 Percent Pool #6 (v3)",1,1,1500000,1.5,14,351
2026-06-11T13:49:05Z,abcde_forensics_stage_founders_depth14,cf,pool1gr5pa4shzsyefw445qrpn5pxnuxa8tuev0jquz04acdx6efjpvg,,,1,1,1500000,1.5,14,300
2026-06-11T13:49:05Z,abcde_forensics_stage_founders_depth14,iog,pool1yemdr25t4g3ev038yn433dt58d8p52nee7kmcykjlhye6hshu9m,AA2,AstarterPool2,1,1,1500000,1.5,14,504
2026-06-11T13:49:05Z,abcde_forensics_stage_founders_depth14,iog,pool1ps2yl6axlh5uzzst99xzkk7x0fhlmr7x033j7cmmm82x2a9n8lj,UNI1,Unipool,1,1,1500000,1.5,14,366
2026-06-11T13:49:05Z,abcde_forensics_stage_founders_depth14,iog,pool1h4gwh638485yd0xcw0pkrm935nvm4aecqsxjx2yzzz0u6dfj73q,SEBA,SEBA Pool,1,1,1482315,1.482315,13,297
2026-06-11T13:49:05Z,abcde_forensics_stage_founders_depth14,iog,pool1lwhj7qrymcxq8hdqq478pf90x87nl8f6m4t63a2epaeagthkmfc,,,1,1,1481480,1.48148,14,260
2026-06-11T13:49:05Z,abcde_forensics_stage_founders_depth14,emurgo+iog,pool1meljzszklf23y97ka5sjqwasnel50xe5ar68gz70slm0jmt2wxs,MRPHM,The Morphium,1,1,1481480,1.48148,14,250
2026-06-11T13:49:05Z,abcde_forensics_stage_founders_depth14,iog,pool1ezskfrplms9h6hxcw7adqghmfrtpn6cy7ax8ajrm5kn0crvl6sn,,,1,1,1445941,1.445941,14,255
2026-06-11T13:49:05Z,abcde_forensics_stage_founders_depth14,emurgo,pool1epqdygzumryx7w9kk5l76gfjsvzuesmeh3u3tfjmmdsw65ja7k3,DRRS,Dead Rabbit Resurrection Society,1,1,1413762,1.413762,14,377
2026-06-11T13:49:05Z,abcde_forensics_stage_founders_depth14,emurgo,pool1k2qhlrrweu8fecd4hx4hn22lv00nrd3rjdxj6durax7m78q7ynu,,,1,1,1413168,1.413168,14,338
2026-06-11T13:49:05Z,abcde_forensics_stage_founders_depth14,emurgo+iog,pool1mt8sdg37f2h3rypyuc77k7vxrjshtvjw04zdjlae9vdzyt9uu34,ABLE,ABLE Stakepool in ⚜️Québec - 🍁Canada,1,1,1400000,1.4,13,527
2026-06-11T13:49:05Z,abcde_forensics_stage_founders_depth14,iog,pool1pxhywws8s8h05c69ug3k4rl6jtpxms23eyag7eawwdvxql8spwc,,,1,1,1383510,1.38351,14,267
2026-06-11T13:49:05Z,abcde_forensics_stage_founders_depth14,iog,pool1m3h5p82m6v99nda37rmed8vrkqt43e2a8d89k76gw5ets0gdyag,BANK,BankFi Pool,1,1,1353340,1.35334,14,293
2026-06-11T13:49:05Z,abcde_forensics_stage_founders_depth14,iog,pool1akt37u42nfegyf3atv6c3c64da7dwa9grt9kjxa8zwj9qr4y8u2,,,1,1,1344798,1.344798,14,517
2026-06-11T13:49:05Z,abcde_forensics_stage_founders_depth14,emurgo+iog,pool1a2gt2mvuf5zvtqlvw2xgks2efze3p4r985ft62q64lua7gx7lal,,,1,1,1344798,1.344798,13,323
2026-06-11T13:49:05Z,abcde_forensics_stage_founders_depth14,emurgo+iog,pool1nz9h4raywm6mu2v8l7htuaqvmn06l3mepuaxynpzlwljsf8txhy,NORTH,"#5 Nordic Pool",1,1,1344798,1.344798,13,523
2026-06-11T13:49:05Z,abcde_forensics_stage_founders_depth14,iog,pool167qekemyleju9g7eugaguqxh5telvmmmrs3a7sp897f6za308hg,HOT,House Of Titans,1,1,1344798,1.344798,14,472
2026-06-11T13:49:05Z,abcde_forensics_stage_founders_depth14,emurgo+iog,pool1qakys0fxx5p2fxcnsc2tyjpqa88q7qgtdh5t3a32hplv6fg25r9,DAPP,Dapp Central Stake Pool,1,1,1344798,1.344798,13,402
2026-06-11T13:49:05Z,abcde_forensics_stage_founders_depth14,iog,pool1cj8dxjjlyn9xmjavr98ytmvlpd4vwgqp36kq8rl6jjyt6k2adfh,,,1,1,1344798,1.344798,14,325
2026-06-11T13:49:05Z,abcde_forensics_stage_founders_depth14,iog,pool1wkk7mlwet6pgqk9gd706trlw25vnu9a7ygvrugap0swjcfty7vd,,,1,1,1322858,1.322858,14,250
2026-06-11T13:49:05Z,abcde_forensics_stage_founders_depth14,emurgo,pool1hwlghkwnjsjk8370qt3dvp23d7urwm36f95fmxcz3np2kghknj9,PEGA,Pegasus,1,1,1319335,1.319335,14,249
2026-06-11T13:49:05Z,abcde_forensics_stage_founders_depth14,iog,pool12rkpcc250wh03m74lvaqhnj8t89umae2v22gqg5rf470yhg6l4v,GOSLO,Slovenian pool,1,1,1310254,1.310254,14,218
2026-06-11T13:49:05Z,abcde_forensics_stage_founders_depth14,iog,pool1qvudfuw9ar47up5fugs53s2g84q3c4v86z4es6uwsfzzs89rwha,LGNS1,"Luganodes #1",1,1,1259355,1.259355,13,370
2026-06-11T13:49:05Z,abcde_forensics_stage_founders_depth14,iog,pool1wrjg8fts9cus0eq8jyf5wqsfe64e8tvrquxgff3tyze4qal4hwq,TPOOL,TricahuePool,1,1,1254210,1.25421,14,408
2026-06-11T13:49:05Z,abcde_forensics_stage_founders_depth14,iog,pool1w4cetqsly2cz9fq2te95tnk2r56mh6ew6dmpyfctv2ldv8xuj9g,,,1,1,1172320,1.17232,14,547
2026-06-11T13:49:05Z,abcde_forensics_stage_founders_depth14,emurgo,pool1qqq6qqa0hpzvumv5p87ynczfmdj557xuwlc3289ke42g72z7f74,AHL,AHLNET,1,1,1155080,1.15508,14,308
2026-06-11T13:49:05Z,abcde_forensics_stage_founders_depth14,iog,pool1uautzneywzapn03te7q3sd737xdfejgjlu4mdfjz7mweq92dugg,RETIR,,1,1,1079019,1.079019,14,269
2026-06-11T13:49:05Z,abcde_forensics_stage_founders_depth14,iog,pool1t94qdjkuu5qmtpxuljrnsvjdctgf0sr6vfu34eqseztajsxhsw8,,,1,1,1035549,1.035549,14,352
2026-06-11T13:49:05Z,abcde_forensics_stage_founders_depth14,emurgo,pool1ntfxj2jgvhzen8e86ed679ctukar3vj538ywyyq8ryld66jj4sx,XRAY2,XRAY | Network,1,1,1000000,1.0,14,331
2026-06-11T13:49:05Z,abcde_forensics_stage_founders_depth14,iog,pool1tj3u8pz6732uy2ut3s90e0j880jyu9j0ve9vtu9zj5xzglhdlqy,RPSP,RIPI Stake Pool,1,1,1000000,1.0,14,299
2026-06-11T13:49:05Z,abcde_forensics_stage_founders_depth14,cf,pool1wf7wk3802jxtkmek6uprm77cgqx53t4qep9kwkl078w3yw0ff69,DNEWS,DigitalAssetNews,1,1,1000000,1.0,14,250
2026-06-11T13:49:05Z,abcde_forensics_stage_founders_depth14,iog,pool1zm5nqvrdwmslk682d9qemd9fn8htg2rxlprxjuh0ae5l6sqzz3h,,,1,1,1000000,1.0,14,607
2026-06-11T13:49:05Z,abcde_forensics_stage_founders_depth14,iog,pool1h04mh7qugt09hp8mhjpvfl4t0rutmz703dd003e6qeny5jf9c57,,,1,1,1000000,1.0,14,328
2026-06-11T13:49:05Z,abcde_forensics_stage_founders_depth14,iog,pool1grvc8ee54v6hm0aynfdqanugez2sjjdaya2fxcug7lhu73dnrl7,,,1,1,1000000,1.0,13,250
2026-06-11T13:49:05Z,abcde_forensics_stage_founders_depth14,emurgo,pool1kkfkdces5mdcyc9dn2hgg3463jggjvw3h89nejjarkz25uavaqu,1PCT9,"1 Percent Pool #9 (v1)",1,1,1000000,1.0,14,284
