pool_id_bech32,ticker_name,pool_name,homepage,description,metadata_url,metadata_hash_hex,active_epoch_no
pool1030as3pp5684ghgf4kzcpv4p2jnmkmme7j363t95690zwxp7wa0,888,888POOL.IO,https://888pool.io,A Cardano Stake Pool For Everyone,https://888pool.io/metadata.json,2533f3f28807df6f5d208cca9b0a71778fb5d81ef5073e8c9b23b61801085112,593
pool1030vz0wxheg0dvarr8hmeavelpszmp52qucs68c7wc9uga6n6e4,ROMER,ROMER,https://romerstakepool.io,ROMER ROKXS,https://git.io/JYGfW,06cb849a95d543b22f0c8f4958da0efa3ea6a7a7ee667e8be86c7129f9421af8,292
pool103455uc7a3477q8pdmzvny884qtlv9vhm2csxvqx2cadwuk36sq,EDEN,Garden Pool Two,https://garden-pool.com,Grow your wealth with the highest pledged pools on the network!,https://garden-pool.com/gardenmeta2.json,1a8e228b3be606c5303f4f511ffa78d9029213a01f2dd1954a50154ef6c50495,575
pool104avq7309gjm0fxms69yqusxy8zf888k4mamngg5vnc6vculpzq,NUFIB,Nu.Fi & AdaLite B,https://nu.fi,Nu.Fi & AdaLite B,https://pools-meta.nu.fi/cardano/NUFIB-metadata.json,ae7bf8d3e0fd6cbd48b053b4475c5b755c3af80c7bfd4321077c8b0e3c5e3d22,382
pool104fdj0xdhr8cqedwn0lf8dk206ryn62kn8mtyym020nuxthjgvj,,,,,https://www.shivapool.net/pool1.json,2c3f5808fb149c19fe3d2763e299303c6b92dedc35daf9e639cd33dd5e62f219,211
pool104gtn3hvp9lz5l6wevhjj98e45s7rfaa4zzvk9pex7nn786qncr,PILOT,Pilot Pool 2,https://www.adapilot.com,325K Pledge. 0% Margin. Mission Driven Pool donating 10% of all fees to the Multiple Sclerosis (MS) International Federation,https://raw.githubusercontent.com/PILOT-Pool/p/main/p2.m.json,f68a8abdf2c0c73f5bc1a08087f33ed31a37e0768c1be792dca08c444b73f8a8,329
pool104re5tajgh4mpp7c744khap56lf609cfjlna5ysjkum8qn8fel9,TOKYO,TOKYO,https://tokyo-pool.com,bare metal stake pool from the most beautiful city in the World,https://data.pooltool.io/md/0f35af5b-d000-4b0d-a908-c05beecbc3a4,a510ac2e5b02a7f98821e35fe0d647a876fb8d6cef8586dcb195dffcd7690719,456
pool104v7kzpq86r0wnfsz8r7jeld2raap92qq84trjcqk62zyh9akqt,SEAL,adaseal.eu,https://adaseal.eu,"Community pool - Dedicated HA cluster, server room, 0% margin. 10% of profits donated to seal sanctuaries and zoos.",https://adaseal.eu/poolMetaData.json,06179016bb99292a607ffea0dd7deba50483fa19195a6ce02854805657195658,452
pool104yydru8l6rjg0c9jryy9luw2s7r9ye4u5x835kvhkngy24986h,GER,German Staking,https://www.germanstaking.com/,Providing passionate education to German Cardano enthusiasts.,https://www.germanstaking.com/poolmeta.json,ad2fcca0034a9368513ea17a78598566c94dca4e7ba6f09ffd99bdfe342bd470,260
pool106p2jjwuwagq2as7cdzx4y6cyc2pdj7a3h3vv5cvkvnskegff3w,VOLT,VoltPool,https://x.com/Volt_Pool,Delegate to dRep ID drep13kczm9gva59uzucm3tdej4jgyjlj2lcj7wverypfk8r2sqkq5mj to retrieve rewards.,https://bit.ly/3WvItmx,274cd75a8f6a78376e9aaca8e1c98b2d8fad9df2faeaf7de0691ac2e8774bdeb,538
pool107attaqquuq5ne2ch0hx0qcnlkzzr2683s4gml4ywnqvgj6pak9,CCJ5,CCJ5,http://ccj123.html.xdomain.jp,CARDANO CLUB JAPANプール5 安心の低手数料設定,https://cardano.ipclub29.com/ccj5.metadata.json,7c21b2dde9e77b79ff382f026f8ef1aae12e53b3e88eeff4033a728690100d71,448
pool108zdflss3ayqlm5c7vr6mtqj2uwl99vk28ur8dv4zswdzt6yauc,AZUR,AzureADA,https://azureada.com,OFFICIAL SUNDAESWAP SCOOPER! We are run by a team of multiple Azure professionals and developers and consistently are top 1%-7% performers on Daedalus|adapools|poolrank|pooltool. Globally distributed enterprise infrastructure on Microsoft Azure.,https://azureada.com/azur/azursundae.json,803f576738e5fe6d81710646d3572a21ebb65e7eaef8a81aa7add7fe44fe77f5,637
pool109s7c6kn6ugxjnf8d46s9h3nnezs3d77yu80scs9sjppqa0qkyn,,,,,https://www.cryptocreatures.online/files/theme/crcr.json,0ee933b04426f765559d048be4fee18033d1f4281d5c7322d540aab5c3d46a0d,234
pool10akpqvczl93ep4rc59c0aqyn3dm0env2ydysuwmdm670wl24pd8,,,,,https://goatstake.com/files/poolMetaData.json,a199a2b09abbc0fac9d56a0c0f85949359517e8b2561f42f7d5764c6732bcaf4,266
pool10capak8jppvj8h46e35xdth6h22pahtr3lcgscrpa06jzv0xn8w,SWAG,SWAG,https://www.ada-swag.com,"Swagged Up, Stack Ada!",https://raw.githubusercontent.com/jlt03/20/master/poolmeta.json,5155db5eec34baaaedb6e7080ac7f5bd9f5b290a8aba4e422c1f756df3a76b42,459
pool10cz0gm5zu74clhrxp9mm7ulslves04wyfxaqzr4sjr2zv7qjpnv,,,,,https://magical.money/mag-pool-meta.json,b05ff61e754efa225207e00a6dea7bf8f708d47b931eb54d2392be177934bd5c,284
pool10dwjth7esfw5gc036vu6l6csnvn6elqax0d3kh8t65rxyewk2g3,IOG2,Input Output Global (IOHK) - 2,https://iohk.io,Our mission is to provide economic identity to the billions of people who lack it. IOHK will not use the IOHK ticker.,https://pools.iohk.io/IOG2.json,04faac1dce6c68b6bdf406eb261fbc6f57ce0baa9ab039d8e3bb1de8f903f092,210
pool10efuydxjnasr0309lqklmj9xahupdnzqd59r5dqjeh4twz06tr0,F4ADA,Friends4ADA,https://friends.staking4ADA.org,"Friendly-fee. Great rewards. We make a difference with our own servers, solar panels, and donations to charity.",https://staking4ada.org/wp-content/uploads/4ADA/F4ADA.json,af38c03ecc682db121912c8fa4ac609e7ff089c712b937d3cfa554869e4a649d,612
pool10eltx2wej46e62ulmwzm35xfu0azu47yvpjper7gwhncqe74vg6,CHIL,Chile_Stake_po,https://www.chilestakepo.cl,Safe delegation of your Ada / Delega seguro tu Ada,https://rodrigoioyz.github.io/testchile/poolmeta.json,ea14f451d71ba5fe8893cd45711a50449038840640dd4ec7b156116c4602a9b0,556
pool10etudcty0dwyl0t40hdmdpry6484ezyk6w0fd97l04k5gwzeege,REGAL,Regal Stake Pool,https://www.regalnodes.com/,The official pool of The Ape Society.,https://tas.nyc3.cdn.digitaloceanspaces.com/poolMetaData.json,d72f54f82aac212ab3a6f39f67d93faf712fcd8596f0297b00f3f71acdc8772d,475
pool10fxpa6wkv0wc6wcmahcnz4wvvfx9m7547sevxrge3nfuv7yh8m0,GRANA,GranADA Pool,https://granadapool.com,A Swiss stake pool hosted on private servers powered by renewable energy and operated by committed builders. We contribute to Cardano's growth and to meaningful sustainability programs. Your stake decentralizes Cardano while making real-world impact!,https://raw.githubusercontent.com/granada-pool/ADA/main/m.json,27582be004c8632e43d755965a803c653ebfbad86f265733b4027610f04fbf4d,570
pool10h5t9f0s5ynjqfwk2x4qr8wm5wx67ucxr6pyqp4f9x7ucs58rlz,LGBTQ,LGBTQ and friends pool :),https://t.me/LGBTQ_STAKE_POOL,🌈 0% Tax stake pool for members and friends of the LGBTQ community. Just fabulous! Right?,http://www.juol.com/lgbtq/lgbtq.0.json,3cad894d42f748008daf82ee4986fb9cd61d70c485545cf92b13bb2559d6eaa3,215
pool10h6v4zk95z9nckm3c9qhvz0he7a4f9ydk8ry5gnpp4cqz94uaeg,,,,,https://www.adapool.cloud/CLOUD.metadata.json,7d961537b76c47df425dc5254f2599196369337ba47e80bcfefd5739f851cb62,249
pool10hex9l4wjgqarvhr94xgyh9frv5lhtajhrj4dah0kl65jtws30k,CSN1,Cardanoscan Pool 1,https://cardanoscan.io,Cardano Blockchain Explorer,https://csn.cardanoscan.io/csn1-hPD3ef80y.json,404835164be09b7dc42369dbf195f99e7d33b362c927373440ffc79d783f852b,433
pool10jd7mphm0mmrnfvyytzs3tfrmjmtkvalfx8nql7tae06v0rkjk3,DOS,Dos Stake Pool,https://dosstakepool.com,Staking simplicity with 0% variable fee,https://dosstakepool.com/poolmeta.json,30186e19c92a1fa155543655f7ba5a25f05e0ad8265606428347957154fa5d9a,459
pool10jn0wjlh9y3w2ygq84u2llvlnxfz3lc4g0ssqlmpp3w3y2d2lw5,EARN,Earn Stakepool,https://earningcardano.com,MAXIMIZE YOUR RETURN!,http://meta.earningcardano.com/earn.metadata.json,4ebe8f85840e13e8bc8738042c8264f1c557d53cbd253343b3bac7a3da8c7a2f,486
pool10jqlkjfn2rtlc6hp95p8k4h04h3dfmdcgnga6umwp2rpukpg20l,CCIO,ChainCrucial.io,https://chaincrucial.io,"Security, Decentralization, Innovation",https://chaincrucial.io/pool_metadata.json,4f7565b0d7d4a1e561a67753ca6ca022b6daecae6353e8bbd9971e773c8db1b4,287
pool10k5ushs6d60827ezmncrd88gg8jnzzxc26jahaf5x4arqzyf5me,,,,,https://api.jsonbin.io/b/60215243d5aafc6431a5b53c,7c1d7b30802ed3f9e229b889d76f34ee1e1e87b8d639e48ee7a32d8132a41597,249
pool10kjjh9zfs77vzxpp4qpdxwvnh3x8zdf8qcv7pckvdhw02fu6unz,STUFF,Stuff.io Stake Pool,https://stuff.io,A Cardano stake pool by Stuff.io,https://stuff.io/pool-202407241650.json,da3acc14835cac6adb39262db779a98fff3e19a8e2895f3212797003e8cf078a,502
pool10let2ne3rdnhf6pvhauqcsf7f83hkagp4lfs792frrmu5up7xa7,SWELL,Swell Pool,https://swell-pool.com,We are dedicated to offering reliable staking services at a low margin.,https://git.io/Jt10B,2bbbd89be4bc051d481dc91afd615009e4f9251117480176620a00d2c91cae00,251
pool10ljdn3zwsh7vjkxf6t250423l5qy487x83st7m8a53jxznrkw5g,,,,,http://poolpros.tech/poolMetaData.json,1b085d187182cc78f3e9755c8b40b21050e710fe4a1067f9a2dbda8cadf342ba,214
pool10mf43thtl3keag50mrlvqa78xkwg7harmu4w5yzr3k7jvw0ap43,JORGE,JORGE,https://www.jorgepool.com,Security. Profitability. Consistency. Telegram: https://t.me/jorgepool,https://www.jorgepool.com/metadata/jorge/poolmeta.0.json,2a01556288bb811c3ff2aa57f417647a25631fa56aa45dacc1216c077a4e3039,643
pool10n23qyec2zcetv0e3x7fdjydscsrlet5sph2hgtfc7x5ze56jqn,,,,,https://tinyurl.com/dotar3,97db59c300ecc05167f91ba7c8e7dc1ae29e306fb6cd3a8841cf774ad45e7f77,634
pool10nwac5phcc4vkjvux5mw6gvdzlxurkd944e5yx9yyfa8sqs35t7,,,,,http://mystakepool.xyz/h2o/meta.json,96db9a1540023cc67187641855dedc2c5c61ff503c393b7f85cae7d4a89362d6,284
pool10p3g22454ly7eaurlur5wc9d9ual2fnfwy7a6e7k09z3yf929k9,OUROS,Ouros,https://ourostech.com.br,"Ouros is a service provider for the Cardano network, providing a reliable network, supporting education and application development.",https://ourostech.com.br/ouros.metadata.json,c833f681befdcc48fd93fd5a248386a4317c4a3f6db14ee1106208d46d0a4dea,636
pool10p6wd9k0fwk2zqkqnqr8efyr7gms627ujk9dxgk6majskhawr6r,BBHMM,Blockchain Better Have My Money 💰,https://www.bbhmm.net/,Delegate to BBHMM - Blockchain Better Have My Money 🔐,https://pool.bbhmm.net/main/poolmeta.json,fc0d1169115b0fdf3dfb990e9e03eadb6b558fe5269bd5566da47d3433f4da7a,544
pool10q2fhzwe4f5k2llny65z5z2fuhrpk3x56fdc0782djdq58p9uee,KURIS,KURIS JAPAN,https://kuris.org/,Fixed fee goes to Florence to support single mom.|エンジニアが運営しているプールです。毎年NPOに寄付していて、今年はフローレンスです。寄付を通じ一緒にカルダノをもりあげられたらうれしいです!,https://kuris.org/meta/poolMetaData.json,8890602cf167391c1da32c8d22a3f8bfe36a5d2fad20065fac849e4cc2073f79,313
pool10q33p4hx4wqum6thmglw7z5l2vaay4w6m5cdq8fnurw7vjdppcf,SPKL,Sparkle,http://spklpool.com,Sparkle stake pool,https://sparklestatic.s3.ca-central-1.amazonaws.com/meta.json,4ef6f87e5a8eff518a1000be4475d5b84be4d3eb9210cd437189115a2be8e322,408
pool10qmnswfc22zm0fscg80gkwqz65ujwjkqmctv8g9l9l58wqtelgg,WAAUS,WAAUS,https://t.me/WAStaking,The WA Pool,https://raw.githubusercontent.com/skokasik/c/master/met2.json,d83db1deccd5300484802b9423f79efed0d14c98545a7f74df61a5f7aaba93d3,623
pool10quq4wlghwrvmhdzc7geq22pyhzegccwj56ax2g8hx0cjfahufs,SPS2,StakePool Service No.2,https://stakepoolservice.com/,StakePool Service is a proven pool. ITN track record is TOP10's highest performance. Produce by CoinPiace.,https://stakepoolservice.com/SPS2-MN.json,aedfc6a807a7982fe7543b929ccfe9ed0893bd0ef218767f3570dc725c3e2a8e,507
pool10r8gk6z4epj36rluw3klk5k0uzfcdc0rw9cu0zuyxw56quaksrv,SIMPL,SIMPL,https://github.com/SIMPLPool/SPO,Keeping it simple,http://bit.ly/SIMPLPool,4b9caa6017f2d03b2ceb6fa6279a2131015525dd1976bb176084faf78298acaf,325
pool10s3paykwusv3zpfn9wkrzfvw6pch5tlcklwftj00a79yc3h0tgx,GOD,GOD,https://godpool.ddnsgeek.com,GOD - As featured on the Incentivised Testnet,https://data.pooltool.io/md/72bcd265-971f-4795-8b41-73c76dcc9e71,8ad2a330f648123a0237bfc467f240d8b20b51e3bb936e7bd9e9ed92c59da629,218
pool10s6zdzdnncnfc200wnlp9endaeud76v424zdnurx9askwshm02x,,,,,https://orcfax.io/metadata,0fa0d44079dcdf6b831a1f3c64477c49346800c763d93b7fe28d6a8fa29646f0,400
pool10tqeu6d03p6rnalqlvdshmpsljxaq2c0ww6draq6xm8lgyl2a3p,CASP,Cardaspians,https://cardaspians.io,"Cardaspians is an application service provider for the Cardano eco system, providing reliable network and application services",https://cardaspians.io/casp.metadata.json,5cace0f659fd75e5b1b3cc9833df11b4dd241f74fcd595d4f60484482f410937,468
pool10uqmvhr7uys3uqu866phsysrv257nje52jmay255gdps509jj5n,ADACA,Adacadabra.io,https://adacadabra.io,10 % of rewards are donated to charity.,https://tinyurl.com/y3murjn8,9228d579f1d82e23f99921574c88b20f20f0ba3ba2ea2f4f1d5edb3e4218ce30,250
pool10vhns8fup6pe9xvjxf4w6h5y66tckgvtjy9ayld6mcg8vv4crdk,,,,,https://thespian.hr/Pool1.metadata.json,5844917b71cc37d2170f36f8ccce359edf36cacf144417f0947177ed250f9928,470
pool10vx5da4l9p354dxjwwmka9mg0ya5vh4g8xzkxev6hrfd745wlwg,STACK,ADASTACK,https://adastack.net,ADASTACK (Pool 2 of 2),https://adastack.net/adastack2.metadata.json,eb1a8de7a3aff9876649741e853d2687e44518d590ee0a5bbef95c5557d380f5,250
pool10w6dqsuflhrczmvle5awchzcteskxke3ce0anmnvza2n2uv3u2f,,,,,https://staking.wira.co/assets/pool_md/1/wiraS1.json,ae75229cc6cc2a94228015fb66371e55c5f9a312c94bb11d12c1e82df8174cd6,235
pool10wcmpvjmmv7ph7cz2263f52yckvnnwu5kdppwqgu74s2qhe7l7m,4TUN8,4tun8,http://www.4tun8.tech,-receiving some unexpected good.,https://4tun8tech.github.io/poolmeta.json,07da85bcaf04995479bb6e445409f92c9092919ba2dfe9403d8b919437295df0,629
pool10y2jjrllhxhsmjvyznls8r7wyztjawz3gre3qqr938tvw5tg0vu,,,,,https://kxpone.github.io/pool/poolMetaData.json,d87a52ea4e7affe89a6c622fb3b6f0cf083fe2ea0f15c4a36d5c1ac3e5eb8325,248
pool10ya6hxrssmyhl560gqyalhqxudkgfjdlc0e4krww6wweyaeajs8,NKR,NKR ADA POOL,https://kazunaka.com/,日本の本職エンジニアが運営するNKRプールです。3年のプール運営実績と5000ブロックの生成実績があります。安心してステーキングをお任せください！,https://git.io/poolMetaData,f27cfd2861dacca4bf3d45c23d63668b337fff1b3732af0ae607e207882c4c72,503
pool10ysem79xjxd223plxqws0fheawd78znr3qs4h2h422gmxa40amu,LUCY,Lucy_Pool,https://www.lucy-pool.com,"A pool that shares rewards, develops software for the community and likes cats!",https://raw.githubusercontent.com/NadiemElSherif/Lucy/main/L,86b79ff218d4fd2c5c005759147a12e2857a0b2fe059ec90b61a2e3553a04ff4,317
pool10zfvfwgsmqu8l53y2p48hjrw5etpxzd5c0jrz727g784y89xkpr,ORCA,Orca Pool,https://twitter.com/PoolOrca,Reliable ADA Stacking Service,https://tinyurl.com/yxk4nbpt,3942347dfb19355f21e2d5bb22a7193fbfa3106032bb96b6ab4f20d3f178a640,213
pool10zyf32q3w3n9x940j6yqgkwuegzn77p94wcmpku6gvmrqw8a97d,XSP,X-StakePool,https://xstakepool.com,XSPではステークプール構築日本語マニュアル整備、日本SPOsギルド運営、PoolTool日本語翻訳担当などを通じて、コミュニティ活性化を積極的に取り組んでおります。長期的なプール運営にご協力のほどお願い致します。,https://xstakepool.com/xstakepool.json,c5465823ef270d212ea4962da4522d986bd69db8f18b3eaf547e7f50f5bf9b1f,302
pool120563wl92yssz66evk4u9lxm7zh6gk2wws0zfe8ep4e0gc77ypt,,,,,https://git.io/JcFYu,d07123bcb6c17a2e9bbf2cbed6ab66630e5c52ec1aade122aee09f6c4525284c,301
pool1223lffkp6apdunf3prnfz5cra8fy2m2sdkazkls2wky3wdguw59,,,,,https://myriadstaking.com/metadata/poolmeta.json,fac731500144f5100dee400a2e7db2ae31aaebb0b5f6b5efd4dd2a7c4496ddcf,221
pool122fqhp7fkuw3f44z7l3zvfwd56myazkf4ysqrr7p3s236ehx59e,,,,,https://cardanuspool.com/poolmeta.json,76088eebb31655d324fd5379b82dbebcd95d1967e709097476ffbecc7cf82f66,216
pool122gklgk6gep3dm5grag0kavzzxcwk4kxxrqegfygghjpgch6pns,,,,,https://aerea.network/cardano.json,a35dfdffe520d6897263fa92e52e6fefc6f4c78c54374fe9b14e7a9057644b84,576
pool122y8c6dqkf864l0uxxnz8uz60dcrxvdm5w6j302z7ft0265f3xu,,,,,https://maml.github.io/stake-pool/poolMetaData.json,eb957575e9d627beaa3a36925f40cea87f24829804d06961829ded3d4b7e292f,228
pool124lm97s6f4satl7xz0ulzgg6tv30tskry3zcntwrz68n60v5yne,SHARP,CardanoSHARP Stake Pool,https://www.cardanosharp.com/,The CardanoSHARP Stake Pool - Support .NET Development on Cardano.,https://cardanosharp.com/poolmeta.json,876b850a5a8b81008fef3dd1e693b22ed4a1d567836eb64dc603d5f8f355e03b,449
pool12584mjtgz3fhgpx823qht56gycnfnezg6aqqthazv4qdxkd5c46,DOLCA,DOLCA Stake Pool,https://dolcapool.eu,DOLCA Cardano Stake Pool from Czech Republic,https://dolcapool.eu/dolca.metadata.json,82e660628124b50bef9b62a32ccd61848b6a10e921314518d7d258fda7085d72,448
pool1258yqnsegc3k7raqcdkxu4893aqexxljflmg9g96yfha2qytayv,1PCT2,1 Percent Pool #2 (v3),https://www.1percentpool.eu,The 1 Percent Pool is dedicated to run stake pools with only 1% fee - ALWAYS!,https://www.1percentpool.eu/1PCT2v3.metadata.json,3a80ece59b74860cb5b604fcc59042aca6149ff8ad1e7d2b1600ee756a7567c3,341
pool125kh7e0y9lwya4sz5etmsk7hvga9jtfpuhw00vz9zvk6sh8xh5r,CHOCO,CHOCO Stake Pool,https://twitter.com/choco_stake,次世代のブロックチェーン技術であるCardanoの発展に貢献しています。ぜひ「CHOCO Stake Pool」をよろしくお願いいたします。,https://git.io/J0eoF,07dec2a4734cd90f431e074f0b63e46ff015d6e5c2224528c4bf92e3fdc6970e,497
pool1263z8symvqmmsg876y2lzluv29am2v9fpzka9sf3nrhz7uwlzap,,,,,https://lionpool.io/pools/LIONmeta.json,a2fe77100e3545a990389e2e7c30e9692d772a329cd3f1bd7ae954d0fa06f73f,601
pool126mkma8nv5axltmz7mmg8qz9e70nmhnf58hwx5772fhwgkhk6ag,NAP,NAP-Nekota ADA Pool,https://www.publickey.co.jp,猫のアイコンのNekota ADA Poolです。初期テストネットから既にプール運営開始。多くの経験を通して、皆様に福を招くプールとして、ベストパフォーマンス目指します ,https://www.publickey.co.jp/files/pool-ex.json,b5dab0053de5424b8933f42ccbea9df83847d39e4b7649193ba9a4ea79efa577,466
pool126r7el40r8k35lkzp2fn9luqezkkl3dva970kunk6ft2ycsmp2t,,,,,https://swisspool.ga/poolMetaData.json,5f2b0c79cc1fcc9b066ad24c3ae634659719234aded9765a26dd52aacaeede3c,213
pool127gdv243hfcrapslaqq0nnh64u2gts72gtrt4888g6g2z0zsu64,TTS17,the Token Square,https://tts17.com,the Token Square - where you find all CNFT Projects!,https://tts17.com/metadata.json,fe2d34dbd230511a064856633bde256aed99fda7c1f10cf9981dfc7e17f7ecff,540
pool127xwsah7jllutuhen8vl7sve5278h7hhxtnys3cl438dyhuwgjg,ARTZ,ARTZ Pool,https://artzstakepool.com,Bare Metal Server. 24/7 Monitoring. Industry grade security. 10% donation to PS ARTS charity. Built to scale and handle smart contracts.,https://git.io/JTwiU,7b1eb1a086a5d233b3d4d2d93faa46549471c4b34f56f31ad59a9e141e3479d4,566
pool128r8qqgl9zgy3ff4759a2qslyauu5takaec3nxx4a6mvj3ys8da,BTCAO,Bitcão Stake Pool,https://www.youtube.com/c/augustobackes,A stake pool oficial do Bitcão,https://univocity.github.io/shopify/btcaoPool.json,2414d71d301abe7b1aaf3f099f92e1e8b0c646a54ade677fbc6270ce688577f4,321
pool128zxs504x4ulqjkyml5vmcgc99md0zc9327578m6t82txvgg4tv,CAPYB,Capybara Stake Pool,https://capybara-pool.org/,Mission driven pool. We want to contribute with the decentralization by keeping a single pool and donate part of our profits to South American NGOs.,https://git.io/J39DP,fdc985bd29a1bd2609452b31fb17bd2f068a858c7d3d19a4bcfb4bd27ffc5a5d,273
pool12967a8v8vaz5d7pvphhdnmq0slrg4d3n0wp772fgm04e2g2m9gv,PYUR,Pyur Ada Pool,https://pyur.io,Pool used to fund Cardano development projects. Partnered with Ikigai Technologies Inc. (ikigaitech.org),https://git.io/JqcW8,ac743707964386639d74e7a93da39ae5ff0e8e4f4ef634ab669fa61615b8b1e5,305
pool129h7fcs8yjks48u2e69ehe72w7zp0f08rn6squtazateyfu8ms8,FABLE,Fable 寓話,https://twitter.com/FablePool,the Fable begins - 寓話が始まる,https://raw.githubusercontent.com/adosiawolf/m/master/fable,68669790c355ce82b2036889ad080ce8ce2e55e14617e2d9597d5abd10d8ebd3,267
pool12ame5t8hdltyl30npznvhn23kxnvthk82j9p7dr4uew3y92uqes,EoK,EoK,https://eyeoftheking1.wixsite.com/eokschpool,"Don't be a turd, Stake with the bird",https://storage.googleapis.com/eok_pool/poolMetaData.json,c9c7683ba5ad97495ac7edbc25fede7c025461bf36074f2adea66666b5779330,281
pool12cc8t9yr58xureweksj73v87xkm6svcs8j3xnt93zd5zw5q6ugr,,,,,https://cardanorobot.com/cbot01.json,16ea23328f468e7093be0b431d00774df45fe206e10451eede6ac41f61ccc8b5,217
pool12crd62rxj8yryvshmgwkxza7um3uhaypwdjeel98lnkf529qdw5,0PCT1,0 Percent Pool,https://www.0pctpools.com,"Maximise your rewards with our high performance pools 0PCT 0PCT1 0PCT2. Guaranteed to run a 0% fee margin. Sign up via our website and set and forget your staking with 0PCT (Cloud Based). Stake smart, stake 0PCT!",https://raw.githubusercontent.com/0PCTPools/x/main/1.json,506f0d3f74c7fcc7a2fbcb1b8a78f8b000296fe74994ca3d518f32046c2f445c,281
pool12dcwy586prq83qggtfvaxwdpys9dw4sl2yahrdjyjxsqzcq84rk,,,,,https://git.io/JOvGA,c4825b553e7bd103bd80d61845531b803a666d4f063af1212e107e129c674fc9,473
pool12e8xz54gjtcz6dzkhua9uq9dp23cqcmf6xc4929t4ep4ketccsm,SOCK,SOCK STAKE,https://sockstake.io,SOCK STAKE Ada Pool,https://git.io/Ji26t,eb3580c1a788589bf8268788712d585f9ed5f5afaafe9224b57b24fd0d72fcb7,613
pool12eht6dqxpzqj87xuextrpufz2gxmt4reuesuw26r2utzw0kw906,CAN1,CanadaStakes,https://www.canadastakes.ca,"Based in Ottawa Canada, creator and operator of https://adaview.live with a mission to advance the local Cardano community through assistance, knowledge, and support for local charities, while providing a stable staking platform for our delegators.",https://www.canadastakes.ca/metadata/can1-mainnet-metadata.json,56e69ca610d77347aa248696779a9c8cdc05749485752bfff8c32bfdad7c7963,557
pool12ehtdu5hfffpeqg968gtpqcnjv7hwfj3tshxcw8lg37tqcquhaq,,,,,https://atompool.info/atom.metadata.json,4cf34ade67d5afcbfee42db43175e0b1719bce29f4550b4bde40a13f29fb0ed4,347
pool12ep0z3h2qhfcmsl7h7ldpgf4cfjlur9v9lqwl8xjwd3qked73f5,,,,,https://staking.wira.co/assets/pool_md/1/wiraT1.json,07cce6744898ffc0a1eef2d83f98d68e87702a1c5f3224144593ee6ba1e9581a,235
pool12f2r9xf4wvht030xwjhpjvy5yptr275qr2qcydnx57jkxyfzz2w,FREE1,Cardano FREE stake pool,https://fedot-netot.github.io/free-cardano-pools/,Just a pool maintained by a few cardano enthusiasts. We try to make our pool as cost-effective and reliable as possible.,https://fedot-netot.github.io/free-cardano-pools/FREE1.json,8462690737df1a071e134e14a14c35fcdbdea4afd76fc9b3e5df8b3b3ce12acd,448
pool12fclephansjkz0qn339w7mu9jwef2ty439as08avaw7fuyk56j6,RDLRT,RDLRT,https://github.com/rdlrt/rdlrt-pool,A Simplistic pool here to hope contribute for a better ecosystem,https://rdlrt.top/meta.json,4773093a83d9844f29bbe8155e373b73e7c2ab34b9273f7c0283c68ac832f8b5,464
pool12fzerww0hmk0fyvaujz5t2kg6hl4n8daz85rqy5jk8qk58r59y6,ZETE2,Zetetic 2,https://zetetic.tech,Stake securely with Zetetic 2 for an excellent return on your stake.,https://zetetic.tech/zetetic2/poolmeta.json,9046f74e65f62c88eed0fe76514904f48e9c4d08c1fda60ea2598058ed2fd210,464
pool12gfz8p7raqz7tktmmgf6sk3cfwnrzy9m7cz9maum98ujyelhrf8,BUZZ,CardanoBuzz,https://www.cardano.buzz,The official OG Cardano Buzz pool,https://data.pooltool.io/md/fdccb1d7-e635-4c55-be06-1acf06a4d041,5621a4567c99bb1b3276e251804ff70a1111abbf9533e370b6e637560ab9f190,247
pool12gqhv4vf0y7vngzd3umchjz3yhkqaaalwzltsngpdykgyud5rhz,,,,,https://the.adahou.se/poolmeta.09.05.json,88c4536aa0379459e622e4885962958d20dc4f934ebaa6f916b4dd9557e70857,339
pool12hh4dvqyxhlv3lu9mkyvpnskma642fj3zv3s8xlau42ak9m60hf,MANT,MANTIS 1PERCENT TWO,https://mantispool.net,Incredibly low 1% fee ALWAYS! Trust MANTIS to deliver consistent staking rewards.,https://mantispool.net/poolmeta2.json,f158565c9da21585af5ceae811763941fbd185bf8586aac5a518b8309771d6e7,309
pool12jnulzs7j8lsku4r2a7q6tee6tt66872vwhqh8jxvgzn6837jtl,1JPN,日本壱プール,https://twitter.com/sakakibara1JPN,日本の人から送る壱パーセント手数料のプールです。世界壱のコミュニティを持つカルダノブロックチェーンの価値向上に貢献できるよう誠心誠意努めてまいります。,https://raw.githubusercontent.com/skkbra/a/main/a.json,e37511c719fe77be8928080894d6c39d3691bb89ee0807f58a9ec887dfdb4004,453
pool12l453n0jtxqq88cgwgr67z06ldyhqqvwxgkn0sgungjfvhtp2el,EVERS,Everstake,https://everstake.one/cardano,"Everstake is the №1 staking infrastructure platform, trusted by retail and institutional clients worldwide. Committed to the highest standards of compliance, we deliver secure staking solutions across 130+ chains with a reliability rate of 99.98%",https://everstake.one/cardano/metadata2.json,a524b9662c5b9d49f47281e38a12e140217b77e0be994709a65f5216110e0564,626
pool12lsfsh2s8yt8dvrt9m8kgrgr6ktntngvn2vad60xlqz7kxz9fxr,POP4,POP4,https://popool.net,"Let’s Enjoy Comfortably,Carefree,Easy staking !気楽・気ままな簡単ステーキングを楽しもう！とにかく放置がしたい、詐欺だったら怖い、匿名参加したい、損したくない、日本語ですぐ質問したい…というあなたに、POPOOLはピッタリ。あなたの気楽・気ままな簡単ステーキングライフをサポート！",https://popool.net/metadata/pop4.json,825307021e70d544ce39d8fe92b6bb3994339c83c3860f46c44b4b8f5d2fcc1b,230
pool12m0v0myprg2nfvlymzaghvjrzhnlzkh2psn3sur2nhkj5wpkdmh,DAPP,Dapp Central Stake Pool,https://www.dappcentral.net,"Thank you for choosing to delegate with the DAPP stake pool. We're grateful for your support and are committed to providing a reliable, secure, and decentralized platform for you to earn rewards while contributing to the maintenance of Cardano.",https://apexfusionhosting.com/dapp2/poolmeta.json,c9c3df43e7f357e4c4b166a2af4b65e310538a94e6bef6e81d60b9259b4f148c,615
pool12mmcc4rc2fzfv7gyv8h06nvnsrm3m7erzdv8x6gzvjxlu2lf09n,1PCT3,1 Percent Pool #3 (v1),https://www.1percentpool.eu,The 1 Percent Pool is dedicated to run stake pools with only 1% fee - ALWAYS!,https://www.1percentpool.eu/1PCT3v1.metadata.json,7a265cb8929aa05674f031ae6905eae9ddd97c0b61fed7f0c270fe20bc55f340,303
pool12n59qv09v4de7c703ka7xym2ggpa9500cnwst5evm7st6anvaj4,,,,,http://charmada.io/poolmeta.json,162c338ed4214fe31319d398f16874692a2a4042522b92b1f99b3b00af77d79e,218
pool12n6lycv28kjtkzecfz2a3uujyxy6ewuwjcmjq84my67psqmgagv,MANT,MANTIS POOL,https://mantispool.net,Incredible ZERO margin fees! Trust MANTIS to deliver consistent staking rewards.,https://mantispool.net/poolmeta1.json,735e12eeb59a7b03ccdc4cea8f99a67f93783323cf68cb7d04d5524338d71e9c,541
pool12nz4esgsex6zdq9q0208gw9zkdrt3f42rrkefzaxqaqzzlwjku7,,,,,https://www.tiredpixel.com/cardano-stake-pool/CRAB-2.json,21e012722051837fd2e08175e5000ad518a287657bbdf44e3160aa8a3396fedf,218
pool12pk63q22re4up2dg86tyjwthuauqu0ryq3jlxs9v29zk68cpugl,0AKN0,Arkano Pool,https://arkanopool.wordpress.com/,Here to help promote decentralization and awareness of Cardano. Offering a highly reliable stake pool for maximizing rewards. Follow us on Twitter - @ArkanoPool,https://bit.ly/3BXMd6G,bb1eacbe6d83d0a7efe9154dc724c0d2a3772ca0e6cd1d1a8a666e050fec2fe7,558
pool12pwp8hln0cjsxv0h2a0463qsakkhwetfhyqw7vzmpwd2jdj86n6,KAP,Kobe ADA Pool,https://twitter.com/kobe_ada_pool,"A secure, reliable and stable pool installed on VPS Servers. Maintained by Japanese engineers for 7/24/365. New delegators are highly appreciated. 日本語対応可能です。安全、健全に運営しております。ご委任を宜しくお願い致します。",https://bard38.github.io/KobeADAPool/poolMetaData.json,0308337421b8e2e5b821e9abaf996243b9bf5a4acbdaf42c8e5ca951fb67fe01,484
pool12qr5swatvpn54yqqmnk58kphzl9dz7ugtdmrw7jtltdpuyy89dq,,,,,https://au-stake-pool.s3-us-west-1.amazonaws.com/md.json,b34a96978ed220acc47b18badc1d51d458ca2af893fb96518b75c91205be77d1,214
pool12qtv7kyrx8g0d5890alk6dkc6n6nyfx80synspvqafjrqd3ergz,ASAHI,Asahi Stake Pool,https://twitter.com/PoolAsahi,カルダノADAの発展に貢献したくステークプールを立ち上げました。誠実なプール運営に覚悟を持って取り組みます。何卒よろしくお願いします。,https://git.io/JODZJ,fc222d1237fefef1fa04dd04976b7aed819318a7e6a2c42e82b0def425e56fdf,289
pool12r08n33avu33ncstukwxyr440mgaazmuclay38v0yt34xytu2dq,FALCO,Falcon Cardano Stakepool,https://falconstakepool.com,El primer Stakepool de Argentina dedicado a promover e impulsar la tecnología Blockchain y los Smart Contracts. We are driving Cardano adoption in Argentina and Latin America.,https://git.io/JEmEp,76a86ca33e5db7191fcb430097603bee22fd5867307cb3532fff911694bda879,306
pool12rkpcc250wh03m74lvaqhnj8t89umae2v22gqg5rf470yhg6l4v,GOSLO,Slovenian pool,https://testernode.github.io/testingpoolada/,Support Cardano network decentralization and delegate to Slovenian ada stakepool with 1% fee,https://raw.githubusercontent.com/9sc/i/a/poolmeta.json,bd95affe93df9c90bcabe6abc1d6f74c8a61898a53f73bcb7d1f4f9c92059ca0,275
pool12rruj0mjqzaf8ryg7ny0x77y80lpdxd7zh4kgg5zyy0r2rzue0q,INFAR,ADA Infinitum - Arkansas,https://ada-infinitum.github.io/,"The first and only locally owned, operated, and hosted stake pool in the Arkansas/Oklahoma region",https://ada-infinitum.github.io/pool.json,745269472292fed08b6e7a32f63a6d49c69c022e5f0773b421c5856b71f16d12,281
pool12rs385dd534g8gtdtmnvlhq63whdvc6vnuzxa5cpx843zdy73qy,TERA2,⭐ TERA2 ⭐,https://cardano-tera.com,Hello This is TERA Staking Pool #2,https://pooltera.github.io/md2.json,c9dadb65302e4523c50182aa92177294d651f307048eba06414f8a935cf65f8c,625
pool12t3zmafwjqms7cuun86uwc8se4na07r3e5xswe86u37djr5f0lx,NORTH,#1 Nordic Pool,https://nordicpool.org,"Please delegate to Nordic Pool 4. NORTH is your trusted stake pool operator, established at main-net launch. Official SundaeSwap Scooper. Stay updated, request support, and hang out with our great community at the NORTH Telegram group",https://bit.ly/nordicpool1,41f0aa886957952aea20b0d0854df209ae0bb0e909db7fce38c609b30e2058a7,592
pool12u28yewx8ycf6dj77lzpj6vvhjwp6veh6kxpc63h8fqnqqtlwmu,NOOPS,Noops Pool,https://noopspool.com,"Pool operated by a professional Devops Team. We give back to our delegators, join us to earn extra rewards.",https://noopspool.com/metadata3.json,8ed388e6f6ae339f06ebbce6efeb1e98539d237789f7fcdaeb6d848d635042d0,324
pool12ur7gf2psr2grf83u6gturpv2je6vxq9rkg8malygdxqkwnqc5h,,,,,https://stakefornature.com/poolMetaData.json,000ff6b9209317f24b4c77c058c8d685e1d093f412d1f732e2f47e874f5dfef7,302
pool12v3gg565p4qept6v4eymucxvd6ppj6pwes4mhnkhmreqkc6a3xx,0FEE6,0 fee club,https://0fee.club/,0% fee club! All the rewards are going to you!,https://raw.githubusercontent.com/0fee/meta/main/0FEE6.json,44f1a791c3dc504bdb36536a29777ec11402581040220f788607d52634a9ad97,229
pool12vs4c3cm0tr49c7alrevfs0xa5g3s4al4fn46h33e69uusat04v,BLOOM,Bloom,https://bloompool.io/,"Bloom is committed to providing top quality staking services to our delegates through low latency, 24/7 uptime, and the highest return on stake. Operated by bigpey.",https://bloompool.io/bloom.metadata.json,6c62d01e3cd45f0c1f57b62ef32a3dfef6a8cde74bb76f1ea0e3e8140b1c2d6f,642
pool12vv4c6z7yf8j4m2amzej4j8tn2d4dxklqk5nqztz7wl02gratjp,RETIR,,https://,Pool is retired,https://raw.githubusercontent.com/Bmtxs/sp/master/ng.json,15fd9d98ecee2ce8c758bd9c211f95ada34dfbd38e201975eaa6a6eaad6cd849,342
pool12wpfng6cu7dz38yduaul3ngfm44xhv5xmech68m5fwe4wu77udd,APEX,Apex Stake Pool,https://apexpool.info/,"APEX Stake Pool: SPO with 24 years of IT experience, supporting the community and the decentralization of Cardano. Delegate to APEX Stake Pool!",https://apexpool.info/poolmetadata.json,ec29cd915b653fa37ff624ed4e5ddcaa9f8736842534b4806235c4719eae268d,448
pool12yscr8j3zs34ewxrwlk0p2w5uvgcnrzywpp78ddjsj8kxd530f9,GERO2,Gero Labs,https://gerowallet.io/,"Official Stake Pool of Gero Labs, formerly the ISR Cardano Community. Pioneering the fusion of Web2 and Web3 technologies.",https://bit.ly/gerowallet-metadata,c1e1a33adbad6a56019e69f653bc6afc81a89ceea028401e2baf5ce03c8e639c,510
pool12z39rkzfylvn9wfe8j6x9ucq6g2l4mw4azj70y0gd8ejczznyj3,BRAVO,Bravo pool,https://bravostakepool.nl,"Bravo pool, located in the Netherlands. Making Cardano the best cryptocurrency of the world",https://bravostakepool.nl/poolMetaData.json,becda16b8a412b0cbed56baf23411cf8c5af573b18c31cfc2ab2c3a8c8463f23,498
pool1307ttu8qk8umyjq4gtrkchyk28shwyfrdkrcgjfmpnuvshxm0wd,PARKS,Parks Pool,https://parkspool.github.io,"A pool dedicated to providing rewards for its delegators first, and helping ensure the longevity of the worlds national and state parks second.",https://git.io/J3jvQ,18124fa73057e13c57d0aef68aa12ba0435f45d8a3fe1eee626d020145308dec,271
pool130f7tnlumxe5yuzsqqphy00cal8yugh5x66zgnz48zqyypns0k3,2PCT,2 Percent Pool,https://2percentpools.live,Always 2% - As featured on the Incentivised Testnet,https://data.pooltool.io/md/13c28902-56a7-47ba-a566-5d5ea12ce574,88bf1d7d35f1c778df09a95f56d317fc9c2428daa6f758cc4af68f822cd043a6,218
pool130sxcuaxh2yc4chs68c4jsep4v7zfhgdqutm60ngdvt9sa2ga06,,,,,https://timsahabutdinov.com/tims.json,d80a08349fa8512d54c372240ce5869aedd17071cb09125d323080c86accddc0,312
pool135h773klt7djljmyawkh88e8qc457wxqfhc6j9h6y9n4y3sgh7t,,,,,https://raw.githubusercontent.com/KitaeOh/KTOP/main/m_m.json,b6fe39a4f4bcfe6da8f42d2b2ad74ee45132f81b3ebeda39222230facd88c40b,608
pool136903m0kag2amlga2ypcz8wnf7d552qgy5t6vz2pqlzuq2kyshy,DEEP,DeepEnd,https://pockettowne.io,Dive Into The Deep End,https://pockettowne.io/poolmeta.json,99996c9f0b6a9b0d8739ac6b6935c6dc7ff116d52fca91dd82d75805da556a8e,629
pool136ahugdvaenv8ed0d3m9af4dxxtzu7u3vpfq4mxk7qq6xuvd0ca,BLOXB,BloxBean Pool,https://www.bloxbean.com/,BloxBean Cardano Pool,https://pages.bloxbean.com/cardano-stake/bloxbean-pool.json,bafef700c0039a2efb056a665b3a8bcd94f8670b88d659f7f3db68340f6f0937,290
pool136wr0g23dw9daekuyqtgk366vywms6meespgpm3hdguxqczaaug,DAVID,David Likes Crypto ADA Stakepool,http://www.davidlikescrypto.com,"Focused on creating entertaining, informative, and educational content.",https://meta.davidlikescrypto.site/david.metadata.json,8119dc9ebc9444959f5fbc8531d42732fe692ecd7ad8c8a98af6fb71db93e66d,599
pool1377u7cfdm7mpw7e4xr77jz6l8k2ktlv40v5wuzycm6s6vluquh3,,,,,https://www.oberdanpool.com/metadata.json,38dc163e43092b5b944dee58da3a5db447c146dbf790da2d0c74f5650598fa18,212
pool1378u3xd5h393n0dwqszfw4dmen5vlmnm2fsdczd3v92n6dlw6qm,FIRE,FIRE Stakepool,https://www.firestakepool.com,Cardano Stakepool Bringing Financial Freedom to the Next Generation of Investors!,https://raw.githubusercontent.com/TJT10/1/main/poolmeta.json,a60317be96d3c2237474f601db472c9feb4258319847a924b49ce2f449350736,264
pool137j9xuzycq4jxfpsmjnc75w2wnpz68khlwvsh69kt5negg6ldhg,WHITE,The WHITE Project,https://white.topopool.com,"A 100% non profit pool, all pool operator's rewards will be donated to impactful charity projects",https://topopool.com/meta/WHITE.meta.json,747415b4e9d1e8b0a7c4538f5da88a4f3f9e1b6ede23b8871b5233dcae4e8128,448
pool137x32lrkprphrd0aa8x4jqz98z6lc0wawlc88hdjeps4qe408ad,KUBE,The Kube Room,https://www.thekuberoom.com/cardano-kube/,Single stake pool that is individually owned and operated. Formerly KAKE1 and ITN Verified.,https://raw.githubusercontent.com/KingStake21/KUBE/main/TKR.json,2369bde93eec012d8dd74b578f882caea1af33a58ceec2c86b31f73c43499126,448
pool13846y7q7tng3endxhet9qdcz5w0fjs09ytcye4dm5g54wmyqeqr,BSP,The Brothership Pool,https://brothershipool.org,Bare-metal core servers and relay servers all around the world. BSP aims to be a guardian of Cardano. Our motto: Security. Transparency. Stability.,https://brothershipool.org/BSP1.json,29aaf1ca3d835d08b8dde795d53e88edbc64ee48962f2c3f058df37c46ddabb1,635
pool138e249zh9l93azsf2pf7wyhxyayzcxdhsrg3vqpfx665c8xa348,LGND,Legendary Pool,https://www.cardano.org/,"This is the Legendary Staking Pool come and join the low fee, reliable, secure, and profitable staking",https://raw.githubusercontent.com/gnode01/LND/master/pmeta.json,67f334742b896c0f79429a69a214c31f480481fc4ca1dde2cc291eea90c15561,210
pool138m7hevnvp664cmtralju857t5k7e4frpnaevtgpuykggr50kne,ITC,Into the Cryptoverse,https://www.youtube.com/channel/UCRvqjQPSeaWn-uEx-w0XOIg,The official Staking Pool of Into the Cryptoverse. I create video analysis publicly available via my Youtube channel and exclusive Premium content for a list of enthusiasts and market participants,https://raw.githubusercontent.com/itcpool/meta/main/itc.json,fc629d3898a1aad6a3af6ce8082466df76249662f82bd45f8368bf126807a4b8,613
pool1398lzhvtaa0hgz305d2jz4urfkwkkt66yv476wqe6att2f7dphh,,,,,,,602
pool139ffqrvyqu9sgsekk3pu9t7jxx872w655vses7d4q4sxxyd257a,ADATH,ADA Thailand Pool 🇹🇭,https://www.ada-thailand.com,ADA Thailand community group for make good and kindly all life society in the world we trust cardano,https://raw.githubusercontent.com/arnonmstyh/ada-th/main/m.json,5b232f7b0db1740990e83668c57f83fa716eb50df5be062ace3c44aa5205fac1,344
pool139q8kztma4y347zvf4je8y3yc7fdf3zhmn6l48qaaflcw630gr7,,,,,https://bitblance.com/bitblance.json,1daafacb6c6ce5435a6ca41016a615d80e92a333e40e5d33f37ea632d3cd314c,251
pool13annzt9hjfc822f0ejvxjf7fsmxd6cc28whpk5kagec6ggfmm7u,STSH3,Stake Shark #3,https://stakeshark.io,"Industry Leader. Trusted by 200,000 delegators since 2019. Over $200 million in staked assets across 30+ networks.",https://services.atomicwallet.io/config/pool3Metadata.json,983423fa8b190fe079cfbe5f068987a005dd2524b27b78873c6dc8eda0ce4f92,616
pool13crd2ljx87988umk22er6ynwadfwdqupdpcq6prc6v59z62kxse,BLOOM,Bloom Six,https://bloompool.io/,"Bloom is committed to providing top quality staking services to our delegates through low latency, 24/7 uptime, and the highest return on stake. Operated by bigpey.",https://bloompool.io/bloom.6.metadata.json,e49033c0bca52c29ca4b1614a2d607d6bd0c23fd8814d635cb5bcb7c6ce41bfe,642
pool13daql23lkcwwj0gsz0dnu9tu20pugpswfped3kp05ekxkgmcumt,LAPO,Laponia,https://laponia.io,"Based in Norrbotten, Sweden and France, 65th parallel north, single pool operator, bare-metal",https://tinyurl.com/2p9x56ku,2337479c7aded2f118e1f34cb7cf0f74700b192cf1dbbe4410e6bf6f382e4887,462
pool13emfyzp87amgcma2sr7v3cdk4l4asy548yuhqv4p5xgw2zjal5j,,,,,https://tinyurl.com/mue4trkk,fa32af0dbcee81f1cdaa6272f1270930b6f2799bb44aac7d4cb802764e85221c,322
pool13ew2l5glvzj6l8r0qkjqchxjyg7tzmv604zh4y68kvhf5x5skgu,ADALV,CARDANIONS,https://cardanions.github.io/,Enjoy our ADA Cardano Pool!!! Come and make money with us,https://cutt.ly/jJRTLcf,29800be270e25e7f3d2a31cedfcbc86c9e1d9dfd14435e7b386d0546016c7a37,346
pool13fg83xz9t4yunpzjmcras7kqpyssl6247uqva53s6jntskmhvc7,,,,,https://lightningstakepool.com/poolmeta.json,d7f552cc58ce0640779b6154913fae58844fd58281042b645aaca3f58baee02d,322
pool13gdtqme63jprkug3j4wzslhmu0yk4kdx323rtxpjuz7rqv3yyes,,,,,http://dezent.online/deznt.metadata.json,588db1c310d430bd4ee12a39eeda3e845fb9cae3fd92ec32a119a3ba2136b2d8,211
pool13hxlxd6qa68fmfhrvvmasa0mjg30tj9p5v2lmgmgsmrp2rgzkfp,dtDn,dataDyne.earth,http://dataDyne.earth/cardano,dataDyne Cardano stake pool,http://datadyne.earth/cardano/dataDyneCardanoPool.json,e03918d8bc7aaa4fd89cceb9a857b645b86a2c3b9d9e97460b30113b65fdae37,640
pool13kd6k66rrrhsh4s9px92qxymsrkjcjy336lpg80tt38lk6r799y,IOG20,Input Output Global (IOHK) - 20,https://iohk.io,Our mission is to provide economic identity to the billions of people who lack it. IOHK will not use the IOHK ticker.,https://pools.iohk.io/IOG20.json,71a65cb6d240a4938e9b4e3ee7e78ddbc652e8ae8ec532c8180aeb22be990d4b,211
pool13l0j202yexqh6l0awtee9g354244gmfze09utxz0sn7p7r3ev3m,DUCK,🦆 The DUCK Pool,https://theduckpool.jimdofree.com,Lets fill up that pool together! ,https://raw.githubusercontent.com/jsg7/c/c/DUCK.metadata.json,b51b03143daf02ab1daed7d5dfd66ae18868be5cb92869ef5ac65dd82ba9d1b0,299
pool13l9hxj5dke9yd8xrxtfdkxgppj4wdyy52k99jded9f4kv5ce7al,TOOL,Tool,https://cnft.tools,CNFT Tools Cardano Stake Pool. Helping Cardano's future!,https://raw.githubusercontent.com/Legionaaa/tmeta/main/md.json,05ecd8b512a9f5dd058e4bfdf6379c8007f08e2bdf65709bc17b21d2b66b6bb1,602
pool13m5c3jtlvg2mgk5chl5zu8adsdk47qumlpxmuspcd3855m8t73r,,,,,https://ada.poligram.de/poolmeta.json,395b829ef0be8ae946106bce5eb3f75650329dc84ce6c4cedfbe2c95fa9ce82a,319
pool13mas2wthxs28zftxskcsd8t87jk2w9ntc0u5uflt45sh7lcvs8h,EMUR3,EMURGO 3,https://www.emurgo.io/,EMURGO Cardano pool,https://emurgo.github.io/cardano-pool-metadata/EMUR3.json,bf96e8f7b4bc4e415a3c43bb52883667b69cfd2ba18447c457f67ca635e3a1c7,609
pool13mgf226yj5a3kwcjfnguw2qpna2uv07w7gfn07g49kwd6tkmzsp,,,,,https://lunarpool.io/moon2.metadata.json,a0ca8d5d2f4b2a1e294bae0d080149580c1ce4ce55e68b2be57ec977d1ee9b5a,211
pool13mjxg33urh0xquvw33kjn85yw7j42uwqw0pvh8s6c67rszr7ssz,MIHOP,mihopool,https://www.mihopool.com/,安全/安心/堅実なpool運営を心がけています。一緒にカルダノを応援しませんか(^^)/,https://git.io/JEleN,133c6a6886a305bb76fcc35566264e11b897ea793fa41aebd1755b662853959c,309
pool13n4jzw847sspllczxgnza7vkq80m8px7mpvwnsqthyy2790vmyc,,,,,https://staker.space/pool-metadata.json,cfc72bb8e09f314bd7cd77859aef392a1b7cc0ed448511daefc2e6f8e341b5f8,329
pool13n97kqrn3rauruvq6kmqxmu9f3hwzq6rq06wf7lm8e2kvuuyr9t,IKIGA,Cardano Ikigai,https://cardanoikigai.com,Stake with purpose,https://dsumzone.github.io/ikigaimeta.json,93c6952a7fa8a5bebe295607f979d09703d46b30f4f51af64fbb789768d11357,284
pool13p67qys4zaa52phfv39dd7da5zh2vvr26gt7fwmx20slj6e6pmd,,,,,https://astropool.io/meta/poolmeta.json,9c79fa280d212c13482151fa277140e2d32b767b6de75f37b25cf4f88873cb9c,303
pool13pclvkwxee4znt7qc55k8ny89zvdkvfrt04dtd99zjm5vs2tws5,CCJ2,CCJ2,http://ccj123.html.xdomain.jp,CARDANO CLUB JAPANプール2 安心の低手数料設定,https://cardano.ipclub29.com/ccj2.metadata.json,52416734ce09df84d4faa7743584ef5aac3ecea29f909a32a45b6c5f6e9b027f,448
pool13pt7us94nw782t5v4d89sz8zqn8hcn8r8r7hhph5mvxvvp3c76v,DIGI6,Digital Fortress,https://digi.pro,A bare-metal stake pool established December 2019,https://digi.pro/metadata/mainnet/digi6.json,1cfa93eb3b31ec83afe27bf86420523bcf32a726bc873bf7816bd26e31023678,641
pool13q0r47yq43jljm9lnwza8uz57u420wuuwllrvkalxm6vwn2dq5n,,,,,https://dapp360.co/d360_pool.metadata.json,8c5142569fe25c17c472e50afdc308b3bb25e5757556e486efa762e3be6ab811,253
pool13qdkwy5y88ncr5qpjrh8hgtf94d0zw4wuhgezjg3hvlyyrh37c7,SECUR,FOUR SecureStaking.io,https://cardano.securestaking.io,We always have a 0% pool on offer. Check other SECUR pools if needed on our website or find us on Telegram. A team of cybersecurity specialists operate high security community pools in the cloud.,https://cardano.securestaking.io/secur4.260507-0629.json,9ffd17435fa2968adef30f33568748e803894ac21158900b0cac71729cea0d77,632
pool13qze0weztaxl9uje7gjryzs85mwlx0cn9pgdnkdxs3xvu78tsr3,,,,,https://earnestpool.github.io/poolmeta.json,624dcc212ceda008a6beb4678de42cd4bb4adc11c1ce823fa4cf362fbd848d27,350
pool13r377w5pmy4tmhuvw0cf9q23asslzjytsruwa27tdnflq7hfjgk,,,,,https://git.io/Jc6zU,b7fde9034a03c34709285f7e5aac6aca34a8617d3d13b4fd0d606e993a24c5b1,301
pool13rx88l4d5gpw69e586tfcdeuzmx6f2ys95pqjnlnmlzrs739h0y,btcs,BitcoinSuisse01,https://bitcoinsuisse.com,"Founded in 2013, Bitcoin Suisse is the Swiss crypto-native pioneer and trusted gateway to invest in crypto, offering institutional-grade services at the forefront of technical innovation.",https://stk-bitcoinsuisse.github.io/btcs-ada/poolmeta.json,236f12592452f0c28758f59c1ca3b252dca792f8fcc6e7c4be402ce058e6c766,515
pool13s6u5zjngelr5uddhqygqqf5tcup0g3ajenma6amy9zuu7e97gm,CTL,Cardano Stake Pool by CHAINOMETRY,https://cointradeledger.com/cardano,Join our stake pool and get big discounts on your crypto trading tax reports,https://cointradeledger.com/cardano/pool1.json,f9689c9159490befb84eff4a70fa77e0622a03d1957317e1cd9d78918268edb0,473
pool13t6cwz9hhr8xm29pc94zyg5tx3kteqeu8gw2nc3lhzatqegzp6z,,,,,https://git.io/JcCNR,769b5d7ddaad1a07dc4b7670ab5b7eb88864557bd156869fc6b7d936ec8757d0,301
pool13ucz6778ywff5pmcag4pcknq9gm6j04qtgh65cu9c5mt73t5ulv,GLOBE,Global-Harmony Pool,http://www.global-harmony.live/,Pool of Aspirants for a C(ardano)rypto-driven decentralized world,https://tinyurl.com/globalharmony,6843b47c10a238e4cbc7638d0cf806bbd631235e69d8121e34215d1795800ed6,214
pool13uqms6fsaqmlmt6zr8z3v59a6k0e2u2npnfnufer4mesz74nry0,,,,,https://tinyurl.com/bddd7ke6,1ef50eb148a8d577e64672cbb570c814c505713afeefb6e6351d25eaf66ceb90,332
pool13vc4ekwpky5vtnl8pyj60phkmwtv7gsthn4g525udt7mjycs85v,ANTRX,Antrix,https://antrixy.github.io/,We are a family run staking pool based in rural midwest. Our staking pool uses a network of low cost and energy efficient raspberry pi. Our goal is to help in the decentralization of Cardano while providing a passive income to our delegators.,https://antrixy.github.io/poolMetaData.json,d7afba816b7aabd713826fd70aabdb815636417716a5f7f140ae679bf7c9eb00,363
pool13vkkap4sd24pr4m5aw8r5y8rkn3sgdkduphd0f9cvxp5s4r83x2,,,,,https://pool.ryoku.org/metadata.json,30189923cc119f04c7dc33d93327b02c180e737c4705b58aebfaba3b7ae8531b,362
pool13ws3wf9skw0ngg3aze482tdxqsnfmvf4vgy46cux599mxm8n27g,8BALL,8BALL,https://metablx.com,8BALL cardano staking pool,https://bit.ly/8BALL_02,ed6f8230b992dfd77d4b11d0826936ffa04be6ec68d21f6fd484220d2090e832,486
pool13wwxqu7sj9cunca3gc8lunqtz8e5un9phrhq52870ful6jw6usm,,,,,https://www.adaglobe.com/adaglobev5.json,66c1ba3022abf18e717127a84f1243d3554e832cbf03e7ea888e119275db2bb3,243
pool13wzpwavanfpkr4r4j30plrlc6dn6p822lkt22zdllmy7q8y7s90,CARBO,Carbonara,https://carbonarapool.wixsite.com/carbonara,All margin fees will be used to increase the pledge of the pool,https://djcvd.github.io/CarbonaraMetaData.json,297e33817cdb49176c8c9b2f799b7748829c145e1fa2b5b829ff666742b79595,288
pool13xh3tgwzhr3hn25v5m2dnvqnfcmnzghcfah5t7kzufkywuy7w7v,,,,,https://adavn.stakings.club/meta.json,30532c5edfaf80620fdeec3bf9a3a67f6a8f054846e640885e91d3baed6e488d,303
pool13xj62peuvfhdx25ll39rx0wef04zmnm3e4rpzw62vn7esdscfaa,CUDA,CUDA,...,ADA GO TO MOON,https://git.io/JLwUf,2243dd3036a08da8675b525dc6a7bdbed01e5d3e910fb287999a30a1da1bc40c,275
pool13ygf6ae5d2e0577s2gwg259v7xaaqun9084ppudu6kqt6yqf2sf,cBTC,Cardano BTC Pool,http://www.cardanobtc.com,Cardano BTC Stake Pool.,https://raw.githubusercontent.com/swinful/csp/master/cbtc.json,fd9867bef4da806d70969e04d81a394e7cd246ef08b7f48cbd4c22b0f7c2f460,256
pool13yzvp89kl94wa9lrd2wadrtlj227uslz6w5g0vl9djpey2klq2v,,,,,https://www.stakehouse.ch,38d479e863b4b281e83ff8aa58366a0b69e34092b2e9d59ce6247efa34f20061,264
pool13z7wkesw6fm7r2ea7pwuuqc968d0rd620t47sfyqg2c0v0k67ak,,,,,https://greencardano.com/poolMetaData.json,f658c256032418fc765e0f7d8bf20911e98b34d337660c348659c3ef12b8c043,242
pool13zdrhek6m4n947grhrm0772zt09lrm2vzkffsla25e7yq6xqjkg,FPOOL,FrogePool by FrogeWorld,https://www.frogeworld.com/,Lend me your sword! Join the fight!,https://www.frogeworld.com/fpool-mainnet.metadata.json,51412c812128187629ec1afe03db09b1ac583169339408c77a9e021dab5fe290,451
pool13zh79cqv3y36cgknzagwegp8y0kuzel2j046jmup97hhjwk5myw,,,,,https://cardanoromania.ro/poolmeta.json,816f8391071f01ab71dae70394079347e15b9a6daf717f45a073f092605f7727,341
pool13zq5jktx7xmngfer82nkrs8aqjklmydntxdqzttas328yuttgx6,,,,,https://t.ly/0XFu,6f88ca0ffb3a0309c3f3bce8d566ca01a83ba9ae0fa4442c4265a5c0084547ed,614
pool140hfh3ns34wzjcyz0wcmx3du493cwl3c92hsr0z8kns5gts09gf,CHAIT,CHAITEE 😎 Private Pool for Friends and Family,https://scoop.tech/chaitee,"Private & Secure, from scoop.tech",https://scoop.tech/chaitee-pool.json,51112156548f73e506fdb518b477a5962800dc75a79644ceaad8f0ebf8726c01,287
pool140x77a7cz2j689lmxf836qpjtc3y83rka28v6gpswxdw2mag62e,UNDR,Pool Under,https://www.poolunder.com,A reliable Cardano Staking Pool,https://www.poolunder.com/undr.json,fda06dacf6e4771f38385166e847c61c461fabe10b519502e8b1b7fb959c85ec,213
pool1429egqgv60r3nxlp6cvs08qcffv7duddjvyjd0pt6wzhj7akda8,NASEC,NASEC pool,https://nasec.co.uk/cardano,Hardware: London based data centre hosted dedicated server with RAID1 NVMe disks,https://nasec.co.uk/poolMetadata.json,bbb3e3fdd3921bfd2e9f764946f0b1d70c6a602596cd4a5d9a0080847ee7172e,269
pool142cpn2gm89q72srv9pt7jtt7p7yg43a8ltfqhz3jp3t3xuh7x48,QUASR,Quasar Pool,https://quasarpool.github.io/pool/,Quasar Cardano Staking Pool,https://quasarpool.github.io/pool/poolMetaData.json,d68b21424712366420a81b4bba7508e9a06e56c3aa951713239683d7ab13bf11,210
pool142xwjhpcvtp7tahpmn8tlnek7smefp9wn66z67j8vjpmjxqdg56,EDEN,Garden Pool Five,https://garden-pool.com,High-pledged pool for maximum returns!,https://garden-pool.com/gardenmeta5.json,e9c3508b2b5f25d45cc6a7e6ccb0fbf5b2917289a2fd70e73a2a821c2ee6d0df,575
pool143x8nhnr3j9mpzvhayuaen0y8l350guj6yd8mhmhhuupvuah3hh,XSEC,XSEC Cardano ADA Pool,https://ada.allxsec.com,eXtremely SECure Cardano ADA Pool,https://tinyurl.com/tytknuc9,b102e64d92dca629f8a1dc3554d20c7df67348836dd0a7087dafb333aa9b585e,550
pool1442wwr8zzdpcu8uwnglackzr3u5ggrmfxsjja0s7aef66hk2fuc,PASTA,Pasta Pool,https://www.pasta-pool.com,"Decentralized pool in worldwide data centers with high-security standards. If you are a pasta lover, this is the place to be.",https://www.pasta-pool.com/pasta_meta_data.json,cce675d5911f7761f1c5d6c9b3b63403cb48c24772ecb8e323e5106d791abcab,510
pool144cfav5vd6vwaej6cspzea3pjfvdcjg86uzv9phxegz87ynw2zz,,,,,https://citruspool.com/poolmeta.json,cf039f2167ed873f67b15b01327fd21047c3e36a6a6ec8599f4b2ee21e9a57f8,219
pool144m894gswuy3se407ma5870nkaw5ylykrak73gf4kpepj50ulfa,CLUB,Cardano Club,https://Cardano.Club,Community driven Cardano pool that supports Cardano Club vision,https://uptime.live/cardano/pools/CLUB-m1779840978-0nqy.json,d3ea452ddb9372dd87d5ab877ac2fd616da9b76b3a670f014be9bcd3ef530a30,641
pool1457cnl7qu568h98xrw8krfnjkhf05mfhaq2l50epwy36yuln20q,,,,,https://meta.wavepool.digital/g1.json,de689f31ad272158494921f5dd4645dc10930b4b401a37131ad94f4eee53ae42,548
pool145ak0czqxe97ef38zjupk0pz5yk7pahcyrdfee2lrnsnwawj6dc,TIA,The Investor Accelerator Staking Pool,http://youtube.com/c/JasonPizzinoOfficial,The Official Staking Pool of Jason Pizzino's YouTube Channel. Your secure and trusted passive income vehicle in the Cardano eco-system,https://raw.githubusercontent.com/TIApool/ada/main/data.json,bb4230839c7868512dd82e86d816a4cd22af7da5c07961666de82c893ba5fc20,328
pool145dkdplkqke4g0unzkjljeh2wr797d08k2jv822rhmmc68xak38,,,,,https://meta.wavepool.digital/a1.json,1ca853c8db2f62e738bb22207c3aabf639e35eae16d7328459d52b60d6db6311,506
pool147en6w8f9cplnn5x7qt4ese7fpacmmcwuffrtu0yqxpaz4agppr,STI2,stakit.io Pool 2 by TOBG,https://stakit.io,"High-quality Cardano stake pool, from and for the Community. If this Pool is saturated, please consider our other STI Pools, thank you.",https://tobg.github.io/Cardano_Pool/pool_stakit2-170625.json,3ebce6a61ef8e863815329e838a53730c4626770b1230e21fe8ff8232723dbce,590
pool1484zq40k4xg69t55z4fqz78zz6j3t9pvlw4jd635w692xhfzkka,,,,,https://git.io/JYZ3f,4d5873578ed15f7afac9abdcab3ec09d1efb1bda9d6b2e67c380881a08c7ff4e,264
pool149d5lzg7m6susau4f4yfdztgkty34qrcdpvd3ygsetmljgxxf8g,TERA3,⭐ TERA3 ⭐,https://cardano-tera.com,Hello This is TERA Staking Pool #3,https://pooltera.github.io/md3.json,836b7fcf9c43a5c6238b9d0bdcb1bd433b54c5374120f46d15435ae54ab0b2cf,625
pool14a39gegmmc0xp7u3vr2lxggpphjm97nef6d35ytrukfwqvavj8j,,,,,https://acidpools.com/acidpoolmetadata/poolMetaData.json,1223f0e4bc7cd0f01349125088a1f0e5acf884eb0c4a8aee3e6a5995e04a5cee,321
pool14as6j8nxp5zwxh599jm4jhvn06p9arexazcjf24vpeajcesxeja,,,,,http://ashastakepool.com/AshaPoolMetadata.json,06f441e100347e69a89d223f6306e6c0a0caced1fc28cd1647cacb87fa4b9ab1,253
pool14cautfm2e8jxv79tv59grnryjxs8f2wewz66wup695xgu7wjnvr,,,,,https://adapool.ssmu.win/poolmeta996a.json,0b87372b04e609b43f3d489c7e9daa69c216827e42531992c6f426f601c1b095,457
pool14cq4fchmmqjygwjw4zexmqqd6a7caxptjnvseyu6wanjuppv4vk,CH1,Cardano Suisse,http://cardanosuisse.com,Swiss based and solar powered,https://chirkunov.github.io/ch2.json,3c8bd45299dc9624e63bde15a3fdec4da1d2dada050027600c73a115b911c12b,533
pool14cteh4nuwyvqadavujaf8qy05g208y66ddmct4vwlzurj0zluet,NOBES,Crypto Nobes Official Stake Pool,http://bit.ly/CryptoNOBES,"Youtube Crypto Nobes Trusted Cardano stake pool! Follow for the most up to date, relevant, reliable information across this new world!",https://raw.githubusercontent.com/nobesp/ada/main/meta.json,64fc44d6803d6a1f530dd390cddab5d16e760fbbce19ea17711fa25185aadbb9,289
pool14dkx3jrw65ksxf82njymcnf920pj64end28gmhwdjjkdcstfwqx,RAISE,RAISE,https://raise-stake-pool.github.io,RAISE pool community,https://raise-stake-pool.github.io/poolmeta.json,14d109fdb9c9391a82c64af9f14bec89405315cb5f4a8b0f6c5076c1196394bd,267
pool14e7g4xmj77s7sy5uajwvdmvejmjcvhkf449tasq3tz80gv098t8,,,,,https://trexstaking.de/poolmeta.json,ce9fbe8c7112175b0c34b7f3e0c3a197099c34d1a5175ab4322a56b5a8e005a5,255
pool14enw2643rn9nn6yzv60jyz3hj4kxs0jvap87lkgsqykh508jxm6,STSH2,Stake Shark #2,https://stakeshark.io,"Industry Leader. Trusted by 200,000 delegators since 2019. Over $200 million in staked assets across 30+ networks.",https://services.atomicwallet.io/config/pool2Metadata.json,8172137265abbbd7c2e5c006970866f215b1a069c7bea1cb48b3df94e0062e8b,616
pool14exgv53wem2jwutrqpsdxtrl4hweefymltq02xt72z60x8ge4qf,ADR,Adrenaline,coming,This pool is setup by philanthropic physicians,https://git.io/JD78S,e36a3e022d5801fd8ebdac7fbef79479144f008fb97eebff8285310bec59e028,311
pool14fjmlppz76667ws3jl5luejf2wgztuhpsftulvh3ucc65anqgve,XSP2,X-StakePool2,https://xstakepool.com,XSPではステークプール構築日本語マニュアル整備、日本SPOsギルド運営、PoolTool日本語翻訳担当などを通じて、コミュニティ活性化を積極的に取り組んでおります。長期的なプール運営にご協力のほどお願い致します。,https://xstakepool.com/xstakepool2.json,d91dc2a58b43685e54f9a2975e68464fde53cd1baf4aa3f42014d8c996fdbcf0,302
pool14g73qj0qz05ymqg7dp9kxdu8jr7uuzm6z6n3jwxpvqskghhmhng,TWIN1,twin staking,https://twin-staking.com,Reliable staking at low fees based in Germany,https://twin-staking.com/metadata,a731fffd6d123c6eb04d055834ff595027b686ebe2b9907104b7ce59e13ab1f4,210
pool14ga7m2hv6y89u4jv9yf8mf28tjs078j43l5h4zgpxqp7q6ey4d6,,,,,https://riotpools.com/apex/poolmeta.json,da5ddd7179b84b665593020a0f5efc850b39205cc99b8504bd2e6e2cecdaa5cd,229
pool14gu2yv67enp56dym7ww2d0d72723kgrcqsuau5nxjv9ryt004rt,,,,,https://www.maplepool.ca/maple.json,6df59fe50e6a68f6795ccc9ba2cd17fe5f69dc457de19ffc2e2621ece372dd7b,242
pool14gw9d5yhxf5t6k68tqvpa95hragu78yuyr7lm9gz9d9dx2yz9s4,EUADA,European ADA Pool,https://euadapool.com,"Growing the Global Cardano Community, enthusiastic about supporting DeFi, dApps and Cardano awareness in Europe.",https://git.io/JtM5O,4a1bf96828a6aa6c05043e440f89a4a1e5e2b90f0e94c2abac778bc40d78f3f0,323
pool14h9dm54ajt2nfr2znllm6cqan2q24f3s4t0m6mr8k633gz47mp2,,,,,https://www.spirestaking.com/ADA/c2-D.json,dfeb789237c3f97592192541ff7e35fac2a974648583dbee72539320becd1c0d,217
pool14hhs6ruwnuaf4fzsmx89mvmjl2qhyy5jnzyk2le03886kj6z9yp,OKYM,OKAYAMA,https://twitter.com/PoolOkayama,OKAYAMA,https://okayama2021.github.io/okym/poolMetaData.json,c9a4307ff85b3e3194ba41bf453aa90976d2bcbfaebcfaaa70b2371d6990bde6,593
pool14hsxa2zfwzvy9ncdjwnx0xkcltjmdydeayxfju7suuuewv0dnke,KROM,DeKrom Stake Pool,https://dekrom.dev,Double thumbs up,https://dekrom.dev/krom-metadata-001.json,52676b6eaf9a938206153dbb8f6c2f56d535db5ced9a27a72662cbec5ae486f2,631
pool14kddecyyn0vjm07kr7vctnqnn3dt668dna63epdly220z4kgss7,CUAN,ADA CUAN,https://adacuan.com,ADA Stake Pool,https://git.io/JcQc0,72bb5ce88752404ecb09a97074eb8b75a8dddd518a958c86da0673e7e6547b4e,281
pool14kg79f3v5lqfvp5etqvmy6m9kuzpnd80w5cl44qrl8tpuk00quc,,,,,https://hex-pool.com/files/HEX.metadata.json,46a380b60eea0bd89981755c6e0227738ad97ab587ad13ad5b9e4cf58d3cd957,418
pool14ku0z9rx9yx34zl00jtxtpyv6ehytfl8fewztavx7qvju7nrtr8,BOT,Rewards Notifications Bot Pool,https://t.me/AdaStatBot,This pool allows us to sustain and improve Rewards Notifications Telegram Bot,https://adastat.net/bot.metadata.json,7704ab48fffc423cb1996092d7da75b4729c8bfc850c67b0fc029d8128af5c28,381
pool14lka9609z3f9kpj0cy2kddupypg0mw2sevehu949hwccsrghrym,,,,,https://git.io/JZ7Bg,43a64b9b20cd5646e97094d8c148189e3fc35c2b3b5370deac567afc11d7b60f,277
pool14lr9ef5a22ng5xcu2rhpkkc86u5fp24r5gnj6hvnjxmsv8t8rtj,FRUIT,Far Reaching Use of Information Technology,https://fruitp.net,"Ever abundant, ever growing, always FRUIT Pool.",https://defendf7.github.io/fruit/fruitpool.json,2adefb4cd2e041a1ee2bce8accda1349be01392018ab21793e8371df3c93d6b0,557
pool14mfyw7sm2md5svfwh8wf3qpmfqhr8egl6d7j8e5pwpg7vf0crz5,,,,,https://ara-stakepool.com/pool-metadata.json,8a5766504d1a6826c4aa063fb64d2b128d7c4733c463640b905564d807d7179b,304
pool14mm59ntjqzphjr6chrww639cdr3yjce4qcwzc5jkk38y22u7uc6,ZZZ2,ZZZ2,https://coinzzz.jp,日本語徹底サポート付YUTAプール2：悪いプールの事後的な料率変更によるステーキング報酬搾取にご注意…YUTAプールは1000人超コミュニティサポートの実績による”信頼”が売り！そのような悪いことをしません。重要ニュース随時共有、気軽にご参加ください！,https://coinzzz.jp/metadata/zzz2.json,40e0fd76542f928548933897511ab05ab2d5b2520b8e22dcbc19a71980ace247,543
pool14mma26pz4v888lrxtlzm22vjd68h5hd89kj7jaag6knx7x3k5ed,TRT,TotalReturn-Staking,https://www.totalreturn-staking.com/,Total Return-Staking is single pool and supports decentralization of Cardano network. Secure always uptodate. ~100% uptime,https://www.totalreturn-staking.com/poolmeta.json,3b3c980ab2b1cc0442059ccbafdb5e974e559c8d7aba2d30e9dce512647e17c3,590
pool14msuc40fcjvwl2g6f9p2dxx24ekj7qvemla3pzkke6p86d4swzp,CUTE,Cute Pool,https://adapools.org/CUTE,Think simple & live Cute,https://bit.ly/3oXR9kT,79dc5e6c3bb66a56bc28818fa8feac8450cece373d738bafb3db60f5185faeeb,324
pool14mumny7t9l4ydjkqkllylxzzvwf0s5te9vujqet82eszj3d6ccm,,,,,https://huginnmuninnpool.s3-us-west-2.amazonaws.com/h-pool.json,19fd6eb99b5110f9d9be36ec73442198a0bf0222a17d1d260453b9c85c29bc24,235
pool14n77mmxh6a2d9k05jamzdwsws2ayvkyje8uc7led958p63at3aj,SECUR,FIVE SecureStaking.io,https://cardano.securestaking.io,We always have a 0% pool on offer. Check other SECUR pools if needed on our website or find us on Telegram. A team of cybersecurity specialists operate high security community pools in the cloud.,https://cardano.securestaking.io/secur5.240327-1554.json,48dc2c9e156cfc9c46205be4ce35a7b2afe7474632ef897c1bbb4eb9ca930a5f,478
pool14ngh35fdapsa5sdtvr88vysakvafu0es9ltpquqzr6h56r6dh0h,,,,,https://raw.githubusercontent.com/A4C7E/A/master/poolmeta.json,b86269f4a669e127932453b2772968408c152c711df43505cff49d65018a3a74,211
pool14nl3h9l6mz3tutjl76849v33x409nl63md3d8ay7wrmnvujzrsk,,,,,https://cylonyx.github.io/poolMetaData.json,1987d81f10ecce358662d31b7a7f7674c80e510e1a9f0846caa0e8a130e39dff,229
pool14pp4yawyt9nqqzles0azyel4smzcy55ath07zzt4pk9pw6t8vwx,,,,,https://graphenepool.com/pool_Metadata.json,6806ab8787396deb99d11337ac7074ffa710c4fbc25f6df450e5cc94de4fb5cb,251
pool14pxhk34wlpu2azrnwy9ah8hrzxgffhqthcxcp620209eupfjfcn,1337,1337,http://1337.chiplife.art,Keep Calm and Stake ADA ,http://1337.chiplife.art/metadata/1337.json,c092e73a1670bc22a33ceec8f34fbd317f8b52533d17622d6d9bf489421a6741,505
pool14qpadfdjzw6jkwxy67uhey6tjpyppsmwgz5awfsxwrtpsecslpc,BEADA,BEADA Cardano stakepool,https://www.beadapool.com,"BEADA pool: supporting our planet as a beekeeper, and active member of Climate Neutral Cardano! Additionally, we will donate 25% of pool rewards to charity! Our pool is hosted on hardware at home, powered by solar.",https://www.beadapool.com/media/poolMetaData.json,7020e263cf18884ee569f465581e52c9816b9fc6ec485365efb9d5e6293528fb,509
pool14qugk4juy7ds52glqhuveyntrmzr6ymaswyjhj9k53k3qdnfwpf,SABAI,StakeSabai⛏️,https://sabai.finance,"YOUR CRYPTO LIFE, SIMPLIFIED",https://bit.ly/2Ejq73a,90f977f547d91aea7245b2a14e78fbfa68dbe5c1d0954540a1874bf6ce959206,234
pool14rnkjjate6rqa7f9xmezgwne99n8hlahg7ymcyhzkhus758r3h7,DEGA1,DEGA ISPO,https://dega.org,DEGA Initial Stakepool Offering for building the FIRST ever multichain blockchain gaming infrastructure.,https://raw.githubusercontent.com/DEGAorg/pool/main/data.json,d9cfa1feebd1255425b2821b0ecb75ec287f24da7a6d1a095ad8a2775a9e768c,579
pool14skj6e4rpjanzclx3fc880xnl8xafgg63tmw93t9xspvwx985qu,EVRST,Everstake,https://everstake.one,"Everstake is the №1 staking infrastructure platform, trusted by retail and institutional clients worldwide. Committed to the highest standards of compliance, we deliver secure staking solutions across 130+ chains with a reliability rate of 99.98%",https://everstake.one/cardano/metadata.json,5057a91b7e1269e5528f5b107241d54c944695b21f96a6677c90747ad7520407,626
pool14u30jkg45xwd27kmznz43hxy596lvrrpj0wz8w9a9k97kmt4p2d,,,,,https://pools.emurgo.io/EMUR1.json,8a5a5ea72f697585f7bd5b3591447492583c69fdb62ecb02c60fa162f112f558,230
pool14ujg8l2x6fm5jm07jd6jftktt35dzsnefl2jmx9d8vr4cxxkt5d,,,,,https://raw.githubusercontent.com/angelb2m/7PL/master/7PL.json,58203957c126e0ab353bad3b9d0cc2d8d45282e7c3371988d6d600569c7574ab,419
pool14vc8rpu8uuvl2jns8g3qlllm84u5kfmfkr5k09vzfjlyxe5mlfv,RADAR,rADAr Stake Pool,https://radarstakepool.com,Searching 24/7/365 for the next block!,https://is.gd/9il3Ac,3204f7d38c31dae1138ef2d918b224a492bfc82dc0cd0b525c7146d240f59c34,239
pool14wf6e8l64wktss9f30tjzm5th8u85vlc3sc4ulw87tfqkhdl3x6,,,,,https://cardanostakingpool.com/poolmeta.json,4c8e551a63dddfc9af5dbb6d48f09e7c1db40ccb7570d2c4a950f7c35bd97867,348
pool14wk2m2af7y4gk5uzlsmsunn7d9ppldvcxxa5an9r5ywek8330fg,SMAUG,竜SM₳UG,https://smaug.pool.pm,A reliable French pool professionally operated by the author of https://pool.pm,https://smaug.pool.pm/meta-87881dba.json,87881dbadace721df473301d1e50ef36593958f64c81440954acde8e0dcbe7a9,531
pool14xrvhggk8ftp9qwkaes882890zcatea89y7ay8thu8kvspmk705,BIDO,BinhDong farm,,Keep holding ADA!,https://git.io/Jshd7,74691b3dfa74676242811e7f501406729abda096a39b8c4a2bed3398ff7259a3,269
pool14y230zspjkhezehue4p2d9q87xh3p8a0vnpugzdty7gwcruepps,FAST,FAST Stakepool,https://www.faststakepool.com,"0% Fee, 40 Gbps Bandwidth, 1 ms Latency. The FAST Stakepool is designed to be as fast and reliable as possible.",https://raw.githubusercontent.com/FASTstakepool/meta/master/data,64bdb12028955b248b2d61467aedba30388a95d175636b3b042e9c69aa710dd4,275
pool14z5zuqy98d956cktyjuztaj7u4a4wje88c8ewznqdh6uxwlpnj4,LINUX,LINUX Pool 🐧,http://linuxpool.io/,"Open, Secure and Ubiquitous. ",https://data.pooltool.io/md/cd2df518-05e8-428f-9431-253c005544ac,0042a61a29897fdf4b0a542b9eb80ce810933f0b1304a1b47f39258b64a95b30,253
pool14zdcvdec8qmqzsat5wg3a2h9f0u5yzrgjew534z8u3gs5durnjz,PAUL,Cardano With Paul 2 ☘️,https://www.cardanowithpaul.com,"CardanoWithPaul Pool 2 🇮🇪. High spec, scalable and secure stake pool running on MS Azure Kubernetes for maximum performance and uptime.",http://pool.cardanowithpaul.com/paul/p2.json,c1dbd6afdbb08b3964415d3d84e03b2ad9caabd063521ef8d91e1b47cafb5195,256
pool14zdqqv73f9xa9re9pzc4sjvgmycf0dm4zclj34zupj032ggnjdw,,,,,https://pool.maladex.com/maxmal/poolMetaData.json,ab50cdde8affd8e8db20907df8e3d8d0253e0317d8463375114ae7b744e1e048,329
pool1500emvz794ertxvjtgfj9wecr6ndhhdvqlveapjnr0clsxr9lpp,,,,,https://pyronexus.com/poolmetadata.json,dd83cd46957e9c1a39696e107598807c4d5fd71f7b6b51c8cda25930b3ac539d,260
pool150hft90uw7tzr9uvj7tqkjp4u98a9hl20llj3n9ew76kkfm768r,MONKY,consensusMonky Stakepool Germany,https://consensusmonky.de,MONKY is a German stake pool powered by green electricity. Visit our telegram channel https://t.me/consensusMonky. We are working on NamiNative (Mobile Wallet) and https://dienay.io,https://tinyurl.com/poolMetaDataJson,41b272b9cec02964639169e2040eb4d7bf731b3eb63c2deec15ca98009006973,593
pool150n38x8gquu4yt5s0s6m3ajjqe89y68x96dh32tq8a4es2l6dvp,ETO1,eToro Pool 1,https://etoro.com,"eToro is the world’s leading social trading platform, which offers both investing in stocks and cryptocurrencies, as well as trading CFD with different underlying assets.",https://etoro-spo.github.io/ETO1.json,b4e9347f65fb8ca16fb2d81d16083e2bc087740a2630d6906ad8e1588088bcde,486
pool1522rtve5zlgnlh3zm5a4mcy3u7gpndg3kkac3xyzxmp6x6weca3,1112,KOG 01,https://twitter.com/6iEtbL6FNLNnY1s,My pool description,https://resortlife.github.io/aimemo/poolMetaData.json,4cc901a8c284ad5ff0c87322b15fa4ab148b0bbbeb20bac53d0c1e512e83d851,449
pool1525d8qqw9cjykckqk9dgz6xmxdevm68zyspz90ac58p4v2gr6zm,MED,Medical Pool,https://medicalstakepool.com,Twenty-five percent of the margin will be spent on medical outreach projects that YOU the community vote for.,https://raw.githubusercontent.com/bareince/m/main/meta.json,8dee74c8cd0b49b3ef71d5b62f1a21df6c9048939d5f5fe05d3d99108b74a029,305
pool152ha79a677s2skr5n9cethtg549nljxm2vlzqfgaf8hq67q3790,,,,,http://meta.earningcardano.com/earn2.metadata.json,a475424d42f005464cbc6a6acc8f8980ee6bf06c6ed32e4a4e97315dd940557f,212
pool152ns2rs77pscm3mtmnymhwsvq8uglcdc3cvucvsc4jkds5k4te5,TETON,TETON Pool,https://tetonpool.com,A Cardano Stake Pool In Western Wyoming - Operated by Rocking Hat LLC,http://bit.ly/40pSSQ4,056b3c0e7d97ef0e6209899eb65ba35fdd2b87c9b750a8d391617fafa2b1ec55,476
pool153dhk7t4yxagany2dyglnenh3h9hgunnjjr2magfuf3hqgdphc3,,,,,https://gesada.me/poolinfo/poolMetaData.json,5a9aed71b1463408ea2c53c97f2c14c42df5f80263ba75d147353de2e65dce2a,291
pool153lhpqpcms4a73metcjd439h8yzvht2yyjluuav9vfsv75gtf7l,AGG1,AGG1 Stake Pool,https://adagogo1.wixsite.com/agg1,AGG1 Stake Pool.,https://git.io/Jukp7,c01b2dfefbfcbaf2769c56dc6e515d377d50d94cd09317314d20aaaee4f24d28,535
pool153sc4fct34a680nyfj4084w8dpax6c0zt0js8zqvg3sj7wtk486,SASA2,SASA Stake Pool2,https://www.youtube.com/@sasastakepool,人生変えようと決意し、2021年の5月、高校生でこのプールを立ち上げました。現在はYoutubeで仮想通貨の情報発信を頑張っています！僕の活動を応援してくれる方はぜひ委任をよろしくお願いします。,https://nagamarupanda.github.io/SASA2/poolMetaData.json,99a7c4ec304290df8fd232efbe1682fae5ccd3d2e490a64f28e1f963bbd053c5,534
pool154hq0j6u6ydz62mtlu7xaj78mhreyp0zsv2kq7f0qmne2fu4t7y,CTEC,CTEC Stake Pool,https://www.crown-tech.co.jp/ctecstakepool/,Operation for CTEC,https://www.crown-tech.co.jp/CTEC/poolMetaData.json,1b8cbd65810a4040815eab06ce0b030e3b927601482fd7bcacbabd2d043ba5da,478
pool154sjkrwdu80wp6mnjvkwk55aj53l4v37z4zwulfak74vcxg60x0,ANZ,Australia New Zealand Pool,https://anzpool.com,10 percent of profits will go to developing the Cardano ecosystem in New Zealand and Australia. We're committed to being your safe and reliable ADA staking partner based in the ANZ region. Operated from New Zealand.,https://anzpool.com/anz_pool_meta.json,92aa41cbc3a04237609fd110e7bc5cf859797b4acedc8a5ad34a033ec9c51da2,496
pool154xmvhp4jnz7phwcla09uvzqnn3ch54lh2yzrt2znxdgc4trp8x,LEAP,Frogs on Cardano,https://frogs-mining.gitbook.io/,Welcome to FROGS! Frogs is a mining collection and our SPO will get % from our mining rigs. Join our SPO to get rewarded from PoS and PoW! Also we are the only SPO from Turkey. Help us decentralize Cardano even more than before!,https://tinyurl.com/4ajh7wnp,f0d00a1f76b7f07bbcd739e2c6949d59d26638fd8c0dfdccb33e87a89a510b23,620
pool155cu3s06js3llfh07vnzepatfuvt3s5s7uwldt9rzz55wz7pugt,SPS,StakePool Service,https://stakepoolservice.com/,StakePool Service is a proven pool. ITN track record is TOP10's highest performance. Produce by CoinPiace.,https://stakepoolservice.com/SPS-MN.json,7d768b96f956219eab3f99f85bed56ff4b24b4f25a55d2c86ab59fccfdd24e21,253
pool155p7g23vdme50kp5lfqylfx5h7ndldyz2mletvr8fqucqzyrk44,,,,,https://meta.wavepool.digital/j1.json,115c77ac20278e03491ea3a6da2a174a9feb782d5b67f9af4d590a7eadde2093,447
pool155x3l57d4xu52t93f9r55cqaysej4pc2dl3jkc9d6w5ckyu6u7n,SPRO,Sprout Pool,https://sproutpool.ca,"Operated by German-Canadian IT professional. Built on a secure and reliable enterprise level infrastructure. 10% of pool profits are donated to plant trees through our partner, OneTreePlanted.org.",http://mainnetmeta.sproutpool.ca,b57a03fd82d800ba528c66208a701db7f2c6a2609fb83a9fb3ea1f2841f7a6d9,432
pool15676jwlm6gancffzs2jg9vf5xwzmspyktw75dl4kaucyst4qt8q,RAMA,Rama DeFi Bangkok,https://thc-room335.com/rama,Cardano DeFi Traders Pool Bangkok,https://funkyhiro.github.io/ram/poolMetaData.json,cb57dc5cd2becb55f9dbc0b5742f3a78b95e8d2c4fa04f1d2739c97d97f8c21e,546
pool1568zhphxsnj5mfszwgta5zlvulu67g8f4jn6d3xs2tvas8ffu76,PSPJ,ProjectSupportPoolJapan,https://japantradcraftcnft.machi-design.org/,日本のカタリストプロジェクトを支援します,https://ranket2.github.io/PSPJ/poolMetaData.json,c58bfa114469a5457620dba5b0b81ba7e860ed0f0cc363b6e7966399f2c283b0,638
pool156wg3relgtlhwu55z3wpqurtaprguefe9tzrakhuqyyc60553au,LAB44,Lab44 Stakepool,http://lab44.io,Lab44 Stakepool,http://lab44.io/meta/lab44.json,60b7ad961d2f44a5c1eb8eb46853ff220345528436d051586712a17bad4d84f9,323
pool157e2zadjusu6esf9mmx37nf63ep2gazdeln5mh04ylpcvz59g5c,AION,Aion,https://aionpool.pl,"Located in Poland, Bare Metal & Distributed. ポーランド在・「アイオン」へようこそ！ Zapraszamy",https://aionpool.pl/poolmeta.json,01a6216211c42bbe574dd5ea65d632330a8ba819b4274ff7c819276934314786,460
pool157g225wjz7a0hp2g7t5j7g94dd3esr26xg90rnr9gq3js8ep0v5,IAG1,Iagon 1,https://iagon.com,"Iagon – the 1st decentralized cloud storage service on Cardano! In this ISPO, 70 million IAG tokens will be allocated to the delegators (at a 0.02 IAG per 1 ADA staked conversion rate). Join the ISPO now and fuel the future of this project!",https://bit.ly/3xyynFF,64e294142eeb013b52802db0b589008fea17046a1e92b3804ac9b7dea0f6eba6,336
pool158ag8p06qm4apd750ekep6een9cdldqsq434ll2mp0ykgunmguy,ALPHA,AlphaPool,https://alphastaking.com,A reliable Cardano stake pool based in Australia,https://alphastaking.com/metadataex.json,a55d13c08fc3928bbfbc61a0da2ba07ca43321b4a43eed06d140258fecf0fea8,452
pool158eksfhqe9wavsvrr3hu66vlpnt2xkn2dadhlyakhvar23st4c6,TRUMP,TRUMP,https://t.me/TRUMP_stake_pool,Vote with your ADA and stake here to show your support for Donald Trump. 0% fees pool. Make America Great Again!,https://www.juol.com/trump/trump.0.json,83680e5b452d49591077de793422e371b2a213575642929f8383ba073542fca1,214
pool159ygj92rz4td2pk0zrz7c2k6z8wu32rq7pcj47elymexs8nlkzl,MDFKA,mADAfakka,https://stakemadafakka.com,Sweden based pool operated by IT professionals. Low fees to keep rewards high. Stake mADAfakka!,https://git.io/Jt1Zg,70118d612a8cbfb107aad982e7dd905aa355b72cda955929dd9cae2ad2a8fcc6,302
pool15a04yc72q4tfkwaweu86l0764urswee8c3zxperyrdq4kx8nvua,1PCT4,1 Percent Pool #4 (v3),https://www.1percentpool.eu,The 1 Percent Pool is dedicated to run stake pools with only 1% fee - ALWAYS!,https://www.1percentpool.eu/1PCT4v3.metadata.json,17d4097ecb5e8bfbfddd029ff6ad3899a73e7e7a025a12e166c049def3561d7f,303
pool15ccmgcc4k9t8auxw9v4dfjmrl2kqnuevawn8z6n7xv09utw9hh3,4ADA,Staking4ADA.org,https://staking4ADA.org,"Welcome back! We're solar-powered, fully decentralized, and occasionally donate to charities. Check our excellent track record on staking4ADA.org",https://staking4ada.org/wp-content/uploads/4ADA/4ADA.json,33386d05abdac13cec5aebc1cdf6f5e5c9e346cdb2b85a6f8fdcd42db7fb7d56,460
pool15cy4p3axu0m6sfrmxsp46z5cevx3ruksfwjl48730cgx24j4ydz,TECH,Tech pool,https://cardanotech.io/,For us who love technology,https://cardanotech.io/techpool/poolMetaData.json,174912258f18ce2c29bbd9012650a6834e4fe4e78b331c62f576560865150ee4,599
pool15d62znf04qymt6ve536tt5y9ky979ly4um5zmgz9m850vu7wuv7,NUFID,Nu.Fi & AdaLite D,https://nu.fi,Nu.Fi & AdaLite D,https://pools-meta.nu.fi/cardano/NUFID-metadata.json,8ccdabe6ae672c6f7c81c52b4b0ed24bc9ffdedf4772897b2f72da1485ea2756,320
pool15d6xp2dhv8n8kx8syc4drruqyclkkmg58se6npeevhkdxprjq5q,,,,,https://git.io/JshUF,2a381e2ee80df0144b494e7a1bea478e296d2fc2b6e637bbe09836da2a982f54,270
pool15em5uvfe8ujs3ny6ydcnynazvxhnk7dq9hu8zp4qf5jmknx32jn,,,,,https://raw.githubusercontent.com/chefswap/spo/main/meta.json,b2d4eeb70903ef6fa2bb332517a674b7d5c468fb17632916c827813f11e37f41,275
pool15f9qklmaajysmwx9n3rkgc5s2g3rfffz4x8spnedtzdgq43tpe2,WEQNT,WeQanhet,https://weqntstakepool.nl,WeQanhet Stake Pool providing solar lighting to Africa and the Caribbean,https://raw.githubusercontent.com/weqanhet/we/master/WE.json,22e3a5d586290c96ab8d1f4b32bac00107127f76173527bc61eedcd1aef03f62,541
pool15fn9e84lmcp88z6yldagdele2lq0kqremlf0j96v7cj0jj6v22l,,,,,http://185.222.242.116/metadata.json,3c5791e71941042a7d1c8af11a143e08d7803f5f28fc2611a05f91e4f25cd4c2,469
pool15fxktqvd92sq8plh3rjdrksumt9p8rzsayfk4akv2hng5r8ukha,HAWAK,The h₳w₳k Pool,https://hawak.cloud,"Hawak in arabic means to soar above all, and not be limited by anything. Hawak in Tagalog means to hold or grasp indefinitely.",https://tinyurl.com/hawakpool,f06c26e560a1395007149ef13dc7301348a77f43f67ce9f504f0be571cc59e6e,448
pool15g3cwwmd3qks03ztl5464j044jasn3dcs6zcgpxtxadfj86lvf2,MNSTR,Monster,https://www.monster-stakepool.com/,"Monster Stake Pool is dedicated to raising awareness of Multiple Sclerosis, as well as raising funds for MS Reasearch.",https://mnstrspo.github.io/poolmeta.json,56e18450838328fca727bba8da13dbd52b58699280d6aab8d494a76944aedbc3,427
pool15hx9hze8ulcsw6e7ceelz2pem2g3u9c29wqe4eszkhspj3wcdlx,NETA2,anetaBTC - Pool 2,https://www.anetabtc.io/,"Decentralized, On-Chain Wrapped Bitcoin.  Fully On-chain BTC on Ergo and Cardano.",https://data.spireblockchain.com/ADA/neta2.json,fb14809d6007bf882dc21f8d40b29310ac9926b728d6dc2737819697807ed743,369
pool15j6hdfel6c6zcr8gu39qgp5xkrs264yn9hm8ynhaydjtxvmznxq,ASKP,💡 ADA Skepsis 💡,https://www.skepsispool.com,"Skepsis is the Ancient Greek word for reasoning, thinking.",https://www.skepsispool.com/json/pool_metadata.json,e93caeb5d797db67f7a9737ecd56989aceb906ca013b95a96a933a93ec1ac841,528
pool15j75tejwunwz2a4rw787h9z0zwghjeazm65n4jamsgnd7xa87d8,,,,,https://digitalfortress.online/digi8.json,ff57ece6d0603b66308067b794848edbb939536efe29a13f0e100672f1561850,269
pool15ju4ktqmtha9vry4mf44hr2psf807n4achj76z8uhawgw9462kx,,,,,https://tinyurl.com/S4Mpooldata,015ce42901431b118e28fe11c8f92a9df441f049d1cfe29b31fc75ad9f122bfd,308
pool15jy6drcgudfn9vuueeap74fu88vr7r0z9wnd9xs92awrwlrwdmp,,,,,https://onl.bz/XKBECcL,eb1625e75da03e669af2abdfc8f93fa7568f93c3a7236d1d9427dd752ff63909,424
pool15jzfzmh3s4vnhm2qm3p5e0632kv8nuw2luxarqrzpa8a6cgnthk,,,,,https://balkanopool.com/bpmeta.json,287a888cd2fb14bcc60f7be59650157536700dece63a5fdcb0541a1cb868f654,259
pool15k0zeppza4qzgf6z7wmwsgvl5rz9f6489zxhrxqa8dj6jzju6ct,DDOS,Cardano Media Taiwan,https://news.purchains.com/cardano-status,CMT provides the latest info about Cardano in Mandarin. ,https://eric248550.github.io/md.json,b3aaf6693294fa0e23f2add3431d3ee60fa1abb28624c36348a434087b27dcce,510
pool15kmauzzxvy423nxuf58gpyhrs8wngpvmvkzw4ncte2mmjn2wpvt,,,,,https://pool.gamingcardano.com/meta/game-meta.json,e1944b8c318cb1572fdbd4fb0c1125c062ebf1eddc7f5ff071622cd260056b25,317
pool15krrlqfd3uc8nea2tw8z3wl2v0fny4enhu3q892988zv7dhv0vk,,,,,https://incrypture-ada.com/pincaMeta.json,d572c02cb3d7071ba2322005797b87555ab8994e193141b2f52c9fefa059371b,282
pool15ku704knemz35g8qavzj0tx4jrl947qs9zc6t0vflhlj6lp2ud5,DCT,Decentra_Pool,https://decentrapool.webnode.cz/,Let there be decentralization! Stake with us and earn rewards for your effort.,https://jsonkeeper.com/b/VHPN,7f12208ace609673db1e2e98337112cabed578dcb74d9a5698bcb9a69453929b,319
pool15m78a3nfcepn8ekyzx6sa8yexg7cqseer2ktu26f7l9jjq0e502,NOBI,NOBI,https://usenobi.com,Grow ADA the easy way with NOBI. Secure nodes with automated performance monitoring & redundancy aiming for 100% uptime. Our experienced team hails from Indonesia. We proudly handle hundreds of staking nodes from multiple chain.,http://file.usenobi.com/file/nobicardano.json,f9b60924d763c893d35463dbc188c61568adae8f9144635086d19d3754d38881,561
pool15mfkj8sl7estcmmd5a07afrx5f4hlz3pcr6p6ay5pfmrjfl2hlf,DOXA,DOXA,https://doxacrypto.io,"Championing Cardano decentralisation, sustainability, and scalability",https://doxapool.com/poolmeta.json,d908565bf96029e0c27efc9159d1f1c1ba63d679e695a9e4e2cb63cba1717a4f,234
pool15mv5w2vvfv2kplkrt40ylylyvdudv5axq5nyw6ln3v0gkd2auew,NLD,DutchPool NLD,https://www.dutchpool.eu,Cardano ADA Stake pool of the Netherlands,https://www.dutchpool.eu/poolMetaData.json,e48579d65eef821d723f70231b5c132ecee807e22e4325370e206fe6147210e0,537
pool15n83v7qy2pzd6fmh84mrewe70cmdr372wey48g8wjndrvxywfaa,,,,,http://poolmtd.brandnewpools.xyz,36a10e2c2bbe21a44d949f9bde1aa2ddb47d046625713a1e08b47735e90aef4d,226
pool15nww4436eq733eypdq7vnllsnqyrwftw434xkvpm2mc2kfue2ux,SEED,Seed Pools,https://seedpools.org,Mustard Seed Pools,https://ingl3.github.io/seedpoolsweb/poolMetaData.json,889343f19cab9b43a454c95a72aa591eee1aaf124867f0eef02aca1fa5f84757,373
pool15p326nmjaj47v9u2392tlnngyr5hnj6gru84al3s0akdu9mj004,PLTUS,💰 Plutus Staking #2 💰,https://plutus-staking.com,Plutus Cloud Native Stake Pool #2 - Maintaining high pledge. Stake your ADA with the Greek God of wealth!,http://walletinfo.plutus-staking.com/pltus/2.json,e398f5546ae2439108173e8aa86ae119789eea3dcee4153aa4ebbc5600c6bdb9,269
pool15pmdr6nw3g6mmt7regefp2lrx3njah0gpwsnqm794c4wsr23062,METAX,MetaDEX.fi,https://metadex.fi,Advanced Next-Generation DEX building on Cardano.,https://bit.ly/2EBtB0C,5afefe087bf65d22b55dbbabd389ef6e6ccbaa28f56a9026f82eb1279403f760,516
pool15qmhwkmhv9khh2u2xsqek6asypre5rnk4w5qpjsjxtk6zvynj7p,,,,,https://pool-party.co/meta/ppwmt_v0.1.json,deedd363b661f9ee3dc9f99fe9361ba513a3830725a1221cd68ce1362f719090,376
pool15r7xg0vrrv2yu8wj3866eap8ftkuxvdk5rjz2lh4xajjq5v3p5d,NUFI0,Nu.Fi & AdaLite 0,https://nu.fi,Nu.Fi & AdaLite 0,https://pools-meta.nu.fi/cardano/NUFI0-metadata.json,495361944db51534311752104f93655304daa4eadcc45867f0508d69ea7466a9,382
pool15s7w4spg5ee7n7rprhs0dq78plw2mhjkpu5v97uvl27gz2way7z,BALNC,Balance Stake Pool,https://balanceanalytics.io,Balance Stake Pool exists to support the Cardano decentralized network by promoting blockchain data transparency for all.,https://tinyurl.com/yhvkb4x8,bff69109aba1a189a8013a1b23a040ee090ba8cb57e5771c3793f8b15d7909db,532
pool15szqnwzxu6dgc0emrga2yrjksj76pke4f663ecpyvlhpxq3wpf5,,,,,https://falconviewsolutions.com/Pools/poolMetaData.json,bc1e663472772523c97dd631793ad828104db6b9165e0b5a17ca5f8563e44699,231
pool15txd36fltfgc63qq0yxtpqt88eu76s0yhugn9a6q7f4zspq6k5f,ARM1,ArmADA StakePool,https://www.armadastakepool.com,"Canadian stake pool verified from ITN with low fees, high reliability and security. Stake with us and help Cardano become decentralized.",https://raw.githubusercontent.com/maneav/m/master/ARM1.json,14d8229d009e9ecfb7523ffe80816785fdd8b5b573895cde534e6fb40173f5dd,638
pool15ty42f8jmnd5y3ys5km3y66cy6emnqfx6yfwsm6ral0zwrs3ktj,OTB,OneTreeBlock,https://onetreeblock.com,For each minted block we will plant a real tree!,https://onetreeblock.com/metadata.json,de6e2bf518ed885619ad0532709293c37b3751dd3e7628a300630000c9a110c8,347
pool15v22rpfg6qx9l0gx0m955gfv7tes0jpa9sy0gjs3a04lv6x9jdr,,,,,https://pcpm.s3.amazonaws.com/LBF1/poolmeta.json,f645a23d62a5e24404932ff48bfcd2dd1c0356c15be5b80a91a21d08a8048c1c,584
pool15w4gpc2zyg634j5yag0xq790h326fzcg4cvq67nmck3kxq4m5m5,,,,,https://lunarpool.io/moon9.metadata.json,bc42453103b175bbce0f52f87c26093900efabda3bc1985e0297152219312a7c,211
pool15wj590e6gsmpmttrxjd0emck09a0h9tazd2ww77q6duyvg8lyum,HUSKY,Husky pool,https://huskypool.com,"Making Cardano accessible to farmers, grandmas & even furry animals",https://storage.googleapis.com/husky-assets/m.json,70239140d6455c1d3ee0d18d8424d54305089543129f39ccb25ba69e8424d91f,476
pool15wkxegrfflzcyhurrjxsm9ljqtz09xr5rtnqsarnp7hmsz5um3t,STSH1,Stake Shark #1,https://stakeshark.io,"Industry Leader. Trusted by 200,000 delegators since 2019. Over $200 million in staked assets across 30+ networks.",https://services.atomicwallet.io/config/poolMetadata.json,7376d18d516958d67535f770ea3e026e696b2462647b582d85e757e1ef816948,616
pool15xgej4c7ns20y5pt7dc5vq6yj87ss5sl2ffucmh5j766j90ppur,1PCT5,1 Percent Pool #5 (v3),https://www.1percentpool.eu,The 1 Percent Pool is dedicated to run stake pools with only 1% fee - ALWAYS!,https://www.1percentpool.eu/1PCT5v3.metadata.json,6e8333bd012d4526ee4b99e038c2c5169697350bb869566cd66e02c5102f7a89,357
pool15xsnapsr0fyfjywqnqug0dn4hpv70ayehz8frk9qrgzass43wsx,,,,,https://pools.emurgo.io/EMURD.json,4a38e95a21de5ed3f8498b5deb6a11f4f7d09e85dbe7b3db518233bbc823d44b,234
pool15xy7ljyr733vtpvh65mpaq0lt5u9jqsr6u8urmjq7rxh6ne904c,YGEN,YUGEN,https://www.yugenpools.com/,"Yūgen stake pools is Cardano Staking Pool. Yūgen is a Japanese word which means - 'a profound, mysterious sense of the beauty of the universe that triggers a deep emotional response.'",https://ran2207.github.io/ygen/poolmeta.json,a574775e21e60542c63738f3041c460041bdc86b011e4f238908b5263032c2e5,247
pool15yyxtkhz64p7a8cnax9l7u82s9t9hdhyxsa3tdm977qhgpnsuhq,SECUR,ONE SecureStaking.io,https://cardano.securestaking.io,We always have a 0% pool on offer. Check other SECUR pools if needed on our website or find us on Telegram. A team of cybersecurity specialists operate high security community pools in the cloud.,https://cardano.securestaking.io/secur.241020-2106.json,43641d2a16aed392f7507edf17a129e15a7b0b318998eed22fce793c69bc736a,519
pool15z87p296y3m7eq8pwuu8qs6h2v4d2ctnx3yd2vqpl6txkkdvl5h,MUEN,"MUEN-StakePool,",https://muen-project.com/,"Operated by Muen-project.水中写真NFTを通して日本の海を伝える活動を行っています。海、山などのアウトドア活動、ゲストハウス運営アドバイザーも行っています,",https://muen718.github.io/MUEN/poolMetaData.json,542b7d1b7d24cc6cf741f2e73d4552ad98e55bcd91b8e8ef2fa52b08c80947e5,463
pool15zl6h526rcp836t6l94zk5mfrqlp4tvrq87xlnthzagwjyhrlna,LOW,LOW,https://stakelow.net,LOW - Stable and Reliable Operation,https://raw.githubusercontent.com/rausi/file/master/low.json,85b361c1e51962f1296fdb875e43fa7bf9ddaf1b12b11dc39b345e9437febdca,219
pool15zn2lqq4849ujttuthaycpamnyr8ae9k2pn2fkrlfzzsx4ek0tc,LABO,ADA Labo,https://thc-room335.com,Cardano network consultant,https://funkyhiro.github.io/LABO/poolMetaData.json,f3f68808c6be286448a7b1bccb5b5b29bbc212e4bfd73c8b94de3d6c3e3b2785,546
pool15zrkyr0f80hxlt4scv72tej8l8zwrcphmrega9wutqchjekceal,ZETE,Zetetic,https://zetetic.tech,Zetetic is a trusted high-performance low-fees stake pool established at the launch of mainnet.,https://zetetic.tech/poolmeta.json,a7fef45e6d4e9ec7b769731348246fc26175c15863b37cd4d12b9dc0438a80c1,466
pool1628y4cuysuspjhcfhmx3te5ctd2vhuak9eft757947zsz5rtx8h,DEN,DenAdaPool,https://denadapool.io/,"Doing our bit for Cardano decentralisation, and paying it forward along the way! Secure. Reliable. Lowest fees.",https://git.io/JqnfN,357cbfb5823d96ada0331f882e7b0f361f4e5724ac2d73e5ff517f3846d0337a,389
pool162g6067hj0z3tyxrn7e0wmcz36yqp6nxu3e4x5ahkwvnygsuwqk,BIZAR,Bizarre Stars,https://twitter.com/BizarreStarsNFT,"Official Bizarre Stars Stake Pool. We strive for high quality art, community and creating a fun, inclusive and decentralized ecosystem on Cardano.",https://git.io/JUuvF,6ebb3f7465b22b434789b4e9ed152a74829a09392a08ea9962710ccaf1fe6c8c,589
pool163c5a24wgz0s69avpgjxze9jtpnamkmjxypg66tujn97ufpqasc,,,,,https://asa4678.blob.core.windows.net/blessedrain/afrca.json,3910aac33b759dbc7f18245fd5ea4a46ecad8cf9aa2a6880c817b6a9822d66ab,224
pool163q9zuwpt9wr8rruuhw2mz6w6em25mhtrv58f8nz9aywj7vzer7,DARTH,Darth pool,https://darthpool.com,Staking pool for delegating your ADA with high returns,https://raw.githubusercontent.com/pds79/b/master/meta.json,cf4092e2315451b64c06a87325b8d55d649c35badf046379ad84dbb5566398f1,252
pool163zy9c8e9dqhxgzuf6rqnn2gewasn37mewq9wpxz90sl7rtj60h,,,,,http://moaipool.com/poolMetaData.json,6f66c01256e79a95914d67e8907e4604c9ac247e8406411180bd452100243343,383
pool1656z5w4rg98fkuczztxsvksqj3pl8lzvmhrce4v8n07hqt0gayg,NFT,NFT Pool,https://rektangularstudios.com,We are a team of game developers working to bring products to Cardano.,https://raw.githubusercontent.com/ThrDragon/pub/main/m.json,c93e70fffeb6e133db4a38f87326c6033408b605df955453d243f67320883b5e,267
pool165ljt7xrrpceutz5ppe96suuw0jcnrvhg0f5vu60df0r5mt0x0c,CSWP1,99% CSWAP DEX ISPO Pool [CSWP1],https://cswap.info,All 99% margin fee rewards will be used to develop the CSWAP ecosystem as its own community takes the helm in moving it forward progressively. Visit our page for the roadmap and estimating your cswap rewards.,https://cswap-spo-metadata.s3.amazonaws.com/cswp1-meta.json,8e65f385c85ed2e95ac7cc0c3a79b6d412f536fee5c4b197891a5d071ee3dc7a,438
pool1668w66pcrdjmavz0c7vym7s4d3xm7578jy0fqzhk55677t4etud,KARMA,StakeADA Pool,https://stakeada.com,"'As you sow, so shall you reap' - a Cardano stakepool with emphasis on security and reliability, with high pledge, and high rewards.",https://git.io/JkLFt,a4735a1018d51b2ae4782b689d0b9113fe069f9c6b25bcacacfab8593b12c200,540
pool166dkk9kx5y6ug9tnvh0dnvxhwt2yca3g5pd5jaqa8t39cgyqqlr,VIPER,🐍Viper Stake Pool,https://viperstaking.com/ada-pools/viper-pool,"VIPER Stake Pool is an original Cardano incentivized testnet (ITN) staking pool. With proven high-performance and low-fees, staking with VIPER will ensure you get excellent return on your stake. Operated by the team at Viper Staking.",https://viperstaking.com/assets/files/VIPER_metadata.json,c74715ac7b726d24da9d2a847d3428638cd7b4ba3652e92128e5fe6c3e3b496c,451
pool166vvvlk496szmtn4uz6wgcq6djryjk70grpap02yxyspjzkr490,,,,,https://staking.wira.co/assets/pool_md/1/wiraG3.json,b775843361b630fb57b919fafa37556b7b4ef4dba943a25c2353a96421599ed0,235
pool167qekemyleju9g7eugaguqxh5telvmmmrs3a7sp897f6za308hg,HOT,House Of Titans,https://HouseOfTitans.io,House Of Titans is a digital collectibles project with a utility-focused approach.,https://houseoftitans.io/hotm1709226601.json,d6702d4731a53c6dfb0314560906ca7a43319fa4b2fb729f3fda87d63ebdd1c2,621
pool167rklq6c7hj8nt3g880x94pn2wc8kgqx5s8ml988y0qcccr6qsl,MADT,MAD TURK,https://mtpool.live/,Let's change the World,https://raw.githubusercontent.com/MadTurkPool/m/main/emeta.json,e3996bdb29bd0c79ac4001449d7c525b69cccd2f32d83c80a4cda9579bbf6665,309
pool167zl76srpt5a2gthpsq0ye9z4fpray5vsh7xyzcn63hd5mnw7fa,NUFI4,Nu.Fi & AdaLite 4,https://nu.fi,Nu.Fi & AdaLite 4,https://pools-meta.nu.fi/cardano/NUFI4-metadata.json,96050b7833a73178a7ca47129562afc028c80bff8221dfdb460f121afff18d7b,382
pool168t0xlm0dtdgf7d5w2mrm7ulsw4czpw297yvrpke9pmjcc9hz7k,CCJ4,CCJ4,http://ccj123.html.xdomain.jp,CARDANO CLUB JAPANプール4 安心の低手数料設定,https://cardano.ipclub29.com/ccj4.metadata.json,ad1cbf0ff959ea0bfcce0ee50d2bd24b08fc5c74432afd32119bba80d4334abf,448
pool1692dxqqcsavymwz28w44t2jhyjnakvj4l3gwz2dqrarmc2k6dkh,BLUE,Blueskystaking 0PCT Pool,https://www.blueskystaking.com,"The Blueskystaking team, 24/7 your Reliable stakepool. 0% variable Fee. Committed (Since Cardano ITN 2019) let's change the world together with Cardano!",https://blueskystaking.com/blue.json,e311640888591fed50c31112fabcbe7f16c260934599a1e1a24cc11d8537f269,583
pool16agnvfan65ypnswgg6rml52lqtcqe5guxltexkn82sqgj2crqtx,SPIRE,Spire Staking | 💎 Delegate to SPIR2,https://www.spirestaking.com,Professionally Operated Pool Supporting Cardano Growth and Decentralization,https://data.spirestaking.com/ADA/spire.json,c4daf98656ccc785ed704d77022f1b90751b70cf40304e72815d224f3589f9bd,624
pool16ajaae2n5lsyr4f9k9uz5y8tpf0996tw640dzu7chwp2wdrnz6a,,,,,,,642
pool16arep9k87sf5f3k3y8287jh7tfd73r9acu7ql3mtl3ply52ywnm,SFE,StakeForElephants,https://bitphant.com,"Staking for a good cause, we donate half of stake pool operator profits to the PoriniFoundation. Consider staking with us to help us grow!",https://git.io/JtSDK,935365a8b471be8745b46893da4bf37e7bf011dba8fe463dd5793757ccfba504,252
pool16azs8wsv28h54zleuvr7hq2tuecsqa5kuzj2rgpxxjxfc0k06el,,,,,https://wildada.com/wild1Meta.json,2d6ef2f9d30cb430df15a8c86976dd4f950377bbaf1e87a596072d3f3c4f3e54,318
pool16cdtqyk0fvxzfkhjg3esjcuty4tnlpds5lj0lkmqmwdjyzaj7p8,ECP,Earn Coin Pool,https://earncoinpool.com,Earn Coin Pool,https://earncoinpool.com/poolMetaData.json,8a8081dae094e412f7dc19065e0470d9043163ebf66e6d47d525350051155f16,533
pool16d004c5q7k7wyf223kgct26zjcpjqql04rvnx8vtc0t5ckmnzaa,ICORG,ICO Research Group (0% fee until 5m staked),https://icoresearchgroup.com/,"Secure, Reliable, Committed and ready 24/7 to make Blocks. ICORG Stakepool is run in-house by professionals who drive the adoption of Cardano and add value to ADA holders.",https://bit.ly/ico_research_group_metadata_3,a0765e85ee35bb00d0c734b2835df80fafefd0ae0c682ce480417a12b041afe9,256
pool16dxn8c697qrqtzl3xe695trtde2hvgw0qtd65208ruaq70hv4ud,CENT,Stake Pool Central,https://cent.stakepoolcentral.com,Stable operations delivered by Stake Pool Central,https://cent.stakepoolcentral.com/resources/CENT.metadata.json,7e5476f78cf2e761e22cc9b15b03478c718d95144f945aac217684e6664da159,609
pool16e2x06wk8ufyakgrzq0c9p5tmfhl6w0c80raxr0xtg5g7aakhgh,CDN,Codanar,https://codanar.com,"We dedicated ourselves to offer free educational content to Thailand's Cardano community while promoting decentralization. We follow SPO's best practices for maximum security, availability and reliability.",https://git.io/JRmq2,35c90170cc179b6c091fd2e0bde297526352baf2ffb00a9f0a67b2c2115bca8d,531
pool16f95up5u5lyqne5mnxmlhe0rgdgmya27mph288r6gw0ukegjffa,MARAC,Maracuja-Pool,https://maracuja-pool.com,"Dedicated to decentralization, we ensure reliable performance with infrastructure in Germany, Australia, and Japan. Our block producer is based in Germany. Each month, we donate pool operator rewards from one epoch to The Ocean Cleanup.",https://maracuja-pool.com/metadata/md.json,e76d71ac8b1ffb70bf97235d76e9ef22011556e062fc6859f99bf280c7605844,624
pool16fa03u6u85ek2q8lryqprngpahglssj5qqh66pfaxf34vgu5rhl,AFCH1,African Charity Pool #1,https://smilespool.com,African Charity Pool operated by Smiles on Africa to support Africa.,https://meta.pools.pm/afch1-m1654788086.json,e4ae2565b52a9cc84fd14b24a81f67a823c4e7b5d595e1a8be80d71fb8ab0391,431
pool16fyda57p3c8gp5r6gmcq5tvqsp6mnzwvkxswgznkuh8wztrp6vv,HRMS,Hermes Stakepool Germany #1,https://www.hermes-stakepool.com,Hermes Stakepool - Your reliable & trustworthy staking partner from Germany #HRMS,https://hermes-stakepool.com/meta/hrms.json,4781fffc4cc4a0d6074ae905869e8596f13246b79888af5a8d9580d3a372729a,582
pool16hs0jxw7h6pwg3ru7rcq3yvg4csj7lhmcpj68kqem2sh5nt8mwk,NUFI7,Nu.Fi & AdaLite 7,https://nu.fi,Nu.Fi & AdaLite 7,https://pools-meta.nu.fi/cardano/NUFI7-metadata.json,1561426c3ea5673a2bf3363a3634324be8be223c1d6be98cc6ddfd3ab88a83b7,382
pool16j3mvwws7zc9pjluyhddgea0tq647v0dh3y4nkcuckg9znjcun2,ITC3,Into the Cryptoverse #3,https://www.youtube.com/channel/UCRvqjQPSeaWn-uEx-w0XOIg,The official Stake Pool #3 of Into the Cryptoverse. I create video analysis publicly available via my Youtube channel and exclusive Premium content for a list of enthusiasts and market participants,https://raw.githubusercontent.com/itcpool/meta/main/itc3.json,fa0b4fd6114e64d1ebc9af1d686fe708a43766fad134a545028e74a683e8b4b8,318
pool16j6m34wg86tm9nvs5r7crreunk888z9ucacxxfaf95sfys7vdz0,,,,,https://ohoh7.github.io/data/metadata-mainnet.json,74b1ab76c0b83f932b31927c9ecf49416b7bd93696c44372982db80fdd689ed9,371
pool16j6wmwsljcc2qn6dr2d6akjas3er887vhekyej77ynyjvh2fj5n,GOTO,GOTO Pool,https://gotostaking.com,Your GOTO pool for staking!,https://enzimo.com/custom/files/gotometadata.json,35e73effaa9a2f8150de5318525369a6dd8d4ee51646e2229acef01e0f667428,254
pool16jczz0dlv557vgywgftd4m3vwnwjnl38wpn7wu5gqryz7aedahd,,,,,https://savvystakepool.com/adapoolmeta.json,1e1cc8f9a4c59ad058bf92e7b258e2f163170b81235d14eaeeeaac51c5f1c537,252
pool16jefdagcsgzyek9jytzfezx5ajvfkytjgghaps64hzz6uzkpc0e,NGS,NGS発達障がい支援KGSP,https://mobile.twitter.com/NGS_KGSP,"発達障がいの子どもたちを支援する人たち(学校の先生や保護者)が相談し合える場所を作る、長崎の精神科医のたまごです。As a medical student, I’ll create a place for people who support developmental disabilities to consult. ",https://git.io/JOU60,2a5dab0f906c2ed7ef94e27f2761c713e1d24a3a010a49e0e82641ee08450ad5,292
pool16knnvtezwzmgpnu8v03wht6y4u7mwfc7qz6y2yk62w4as4qymat,LAMB,Lambda StakePool,https://lambdastake.com,Malaysia's First Cardano StakePool!,https://meta.pools.pm/lamb-m1654860871.json,7b8dccb61f7dc5523d97ab539ddedb7cf18f59f9d9ae9da49be148a61d46642d,382
pool16kus5xvdysgmtjp0hhlwt72tsm0yn2zcn0a8wg9emc6c75lxvmc,EDEN,Garden Pool,https://garden-pool.com,Grow your wealth with some of the highest pledged pools on the network!,https://garden-pool.com/gardenmeta-1.json,fc27327e0fa69622d6397d215852ca46dd736bc65324d2c2edff0b53c7232c61,575
pool16l9ph0cm42qk4h8wqlka3fw7ws7rvnj5n59xzy8ky4l8gnudugk,RKDN,Arcadian Crypto Pool 1,https://rkdn.app,Arcadian Crypto Cardano Staking Pool,https://rkdn.app/pool_Metadata.json,58447bac6385801e128a52e032549317c1690fe8e977203dbd4d53e7dcd9e4e9,583
pool16lwqfp7cpvzwn6mhu0gj3h4aa5k6j9my0he4mgjjva5f7vvnkw2,ANEW,A New Pool for A New Africa,https://www.anewpool.io,"Thanks to our delegators, Wealth derived from Digital Assets given back to Local African Communities",https://git.io/JX0QH,94639a4377baa4fea037c3c4c467bc44e98c8bb5691c0c140076353659f0ef6c,376
pool16nnl8ymck6c20x86lfd5p9q3yp9w749cam26y985459ww6kjtz8,ska1,SKADEA,https://skadea.de,Skadea - die deutschsprachige Cardano Community,https://raw.githubusercontent.com/skadea/pool/master/sk.json,b3d18e14d4edc5074a14bd3e476a7b36f00be231bfda0011833164be22b74b73,250
pool16nz6k74zsm9x5fyh2wa0pt9cn75hfscfvqsxup0vl0vqqthwnkz,,,,,https://git.io/JcFmk,3dcad903734164a3faf07e5713edf8e32cb96a911aaffcdad4bfe7c187350fe9,301
pool16p0mlm0acj3nvl4yxunnanf0fjewk7udj6wmkpvvupa5grx344k,,,,,https://www.shareslake.com/api/ispo/metadata/1,7fa5c08175d8881f717de2ba83993333cbcfd005c17b7152234ae2cc343d9051,392
pool16p8y0pzx8yx7vz6eqksw9xjhh3tzeymvxcstrgtk8ncw75356yw,ZPCT,Midnight! ✅ · 0% Fees! ✅,https://zeropercentstaking.com,Midnight Network! ✅ · Lowest possible pool fees… 0% - ALWAYS! ✅,https://adamsthws.github.io/zpct/poolmeta.json,93e563023c99ead69e6968f2c30292d9586df618b119f701f028743d68fd40fb,569
pool16peur3vpmak6c579excrqumfz9486zd56svshdclhre3cv5z848,,,,,https://ratpoison.io/rat1meta.json,280879b8129f5e7f8d2cbabfba5583a8c9afaab3bd5cd32bf83b85158bbc5595,328
pool16pg8zc9zxxfjksquvjs6ljxuy8ng9xf79ekqekap98a8wjzuttg,,,,,https://bit.ly/3fyKYSi,01076c35a2fac020bb776874a6f43978e3ea5a626c25f9258df0879324c907ca,369
pool16pk3nc2g7580vwurn7t6qfjge70cc8ylvqkt0cnzsnktc5j38qp,,,,,http://navy.milpools.com,156b00d07e9cb3b0323deb15a999dd45612da4f636283d4421e65788f468f711,260
pool16qd8xyz4dsn3g5zxdxtvr253u8jpy7xcn4ut9v92ug20gegt55h,IOG7,Input Output Global (IOHK) - 7,https://iohk.io,Our mission is to provide economic identity to the billions of people who lack it. IOHK will not use the IOHK ticker.,https://pools.iohk.io/IOG7.json,820adf4b5f3328b3fbee956be90cbc38546c12d47905d4abc1174ce0ba402927,210
pool16qfhnv7uw68vu2397tpqk66rf4uaekdmz6ckgh56vt2sqn44jya,0FEE4,0 fee club,https://0fee.club/,0% fee club! All the rewards are going to you!,https://raw.githubusercontent.com/0fee/meta/main/0FEE4.json,1942f9173a9aac77ed3d11b002d1d4fcbdf42e70685ec3a6e3b849080664b8a5,229
pool16qnvy60w5gwkr87qypaw2jrgndtr0cmwauv60m2p5lxzq5akftk,2PCT2,2 Percent Pool - #2,https://2percentpools.live,Always 2% - As featured on the Incentivised Testnet,https://data.pooltool.io/md/10691700-cca4-407f-a8a0-2811dbededee,38a178fa2ba9bf06558992bef369d4d97dd35e1fd26fa70ae314ccd3c41109a3,218
pool16r0t5fwwnehltxhh7wfstl8rwvjpz4npdn0s5jd36j0ysflw7ef,NANI,NANI Pool,https://nanipool.com,"NANI is a certified Rug Pool, earning you HOSKY Tokens and prices in addition to your regular ADA rewards.",https://meta.pools.pm/nani-m1667144597.json,4a3cfeb869e65d03957904bb53d7d29c85f7abf088006a7e4b28c292a1de96fa,382
pool16sgz8tde9q7ldszg2gx22enxfzd6rx8w6gg6vg3jxl49gdsf5e0,,,,,https://0percentpool.dev/.well-known/0pc.json,d11c388ba94bd3f4c61255f62fa5c48ce893e4a56da39851bd6fe8656f47460b,256
pool16sjl6t8exdrenygxhramgc7vs7hjv7ga35caj4cexgzdk7mrpxr,,,,,https://www.cheffpool.com/cheff.metadata.json,8c042dc19325e0f0a0e1f14b5722060ce04065d5760a25c8b4a2c98f35e7ca07,307
pool16tcjctesjnks0p8sfrlf8f3d3vrp2fdn2msy80sgg3cdjtayu3z,TAPSY,TapTap Vienna,https://tap-ada.github.io,low fees|safe|reliable|known from ITN|TU Wien students,https://tap-ada.github.io/poolmeta.json,eecc610ce196d8f56b9f7dbda6fb1617c9a731286a573aaec835a99d0dfee058,419
pool16uja2pt05ddq9mzcsw9xkv40qdl7sm00nvpj0h4arn0fgl2xrae,,,,,https://pool.vixz.xyz/poolmeta.json,00a7d246427239bc49e42bded8628f11c102fd7ef57fa0ad466566d8573ac6ac,288
pool16v0jqnz2zuqsdrf6z94ec5rx9ds0xeghsvmddauzt6j5w2u7lsm,IBEX,IBEX ADA Pool,https://ada.ibexpool.com,エイダコインの委任なら、任せて安心、安全第一IBEXプールです。あなたの資産を確実に増やします。,https://ada.ibexpool.com/files/pool.json,daee2255758f3999c78ca8e7db924eadf4154e4997232c4fe4e58109c78a7f11,480
pool16wt6mzvytu9key68efv7cx6zfkqn0d9kzlnt746cyuv0zj3nxh8,BANAN,BananaBit Pool,https://adapool.bananabit.net,This Pool is Bananas,https://git.io/Jt6dH,1fb6625a992780c136afa707dfb7414ebab8731b27092d606cf869b143ec3eef,524
pool16x0sjyw7rurtka3apuy46mvd53qm3e6yppt3t4alklp050qr3up,,,,,https://meta.butt.lol/BUTT-001.json,a674a90da1307320365b7c1aed706def474e7d9e1af6f1bddff20902074d00b2,284
pool16x5fslqfvgmsyra4vmpvuzq7p5fzeln240envdwfm2jps0j3rw2,0FEES,Zero Fees,https://www.zerofeespool.com,0FEES is a Cardano staking pool that guarantees an optimal performance while charging the minimum amount of fees allowed by the protocol. Our mission is to maximize the benefits of the stakers by reducing operational costs.,https://www.zerofeespool.com/spo-cardano/0fees.json,dbd01979a1a01a8deb338f2b97e315f9e9c5d158935aa886eec6965bdb7a32c4,450
pool16xpa8km92m0cq9unn84cezy8ygl2mr90t5qvvauswfm9yqyj524,FRESH,FRESH POOL,https://freshpool.ca,Lambton's first stake pool! Named for the fresh water of the great lakes! Stake with us to help local non profits/animal sanctuaries!,https://raw.githubusercontent.com/FreshSP/FSP/main/meta.json,12361b51ca193f355aa708f0a098e293b9a25e59d3271437b038a01abd34fa45,327
pool16zjsdvuxa39w9k48c9ds7sne4c9lhclmmcly53cdat4nu7l36f6,BMP,BM Pool,https://bmpool.online,From our pool earnings we support war veterans,https://raw.githubusercontent.com/BMPOOL/BMP/main/BMP.json,abb24ec72737416fe27c47ca64624b18738f8a0a5f999297d4de730bcc82f51b,396
pool16zx2pradv3pdv6tkp2dnll3d7u8sdwld884f228xl62vy2msdt0,MORNE,Morne Stakepool,https://mornepool.com,We are committed to the Cardano ecosystem. This stakepool is for the Small fish and big Whales of our CARDANO Ocean. Enjoy the ride!,https://morne-metadata.stakepool.cloud/poolmeta.json,ac150014545c1dc383eed20bec061456c5551dc247cf06677373f515d6157c2d,269
pool170028ak8q37qf4e5lf7z8eyuscgcrqgzn9lh58a4g9ngzd83a0h,AQUA,AquaPoolADA,https://aquapool.io/,Dive Into Cardano.,https://aquapool.io/poolmeta.json,74b62146f4601be6beff61dc4657bb2605adb86836ce088b6c2fa0b643cad51f,432
pool17038jcq6xdgjn0xsjx7m79rx52r7sucqwtr5j20tk23w5mjank3,IOG17,Input Output Global (IOHK) - 17,https://iohk.io,Our mission is to provide economic identity to the billions of people who lack it. IOHK will not use the IOHK ticker.,https://pools.iohk.io/IOG17.json,14f37b1c109bb57d5c9bb51594d58b8c0e3d1932bc2cad5db68f03fe4ed8bcc7,210
pool170hmssk80z2ameg7jhj5m8psnkjejcc77vfpd0875yggxhhntd0,21ADA,21ADA,https://www.21ada.ca,"Furthering the Decentralization and Adoption of Cardano while educating, creating & giving back!",https://meta.pools.pm/21ada-m1680303486.json,7bc335d84020ac93bd8dbdecaec0c98473ff6dee8e499109001143a8ced00fa7,537
pool173mzegwuu0pjcrt60ekelzj5haqr8r5e4e0n45qh9jdz7xm5kh8,ROCKY,Rocky Mountain Pool,https://stakecardano.net,Cardano staking in the foothills of the Canadian Rockies,https://raw.githubusercontent.com/kakerley/Rocky/master/rky.json,94db632f55b873466261e7c8d1bb6af9252cadfc305b88b0a225c03661bb030b,628
pool175gxtzacpcm90adjpvlhjmfpj4ft2a3zuqsgm558hf3q7ra2vf9,CSK,cardistack,https://cardistack.cryptoconnect.uk,❤️🔥CARDANO Community POOL Stacked SECURE and protecting your ADA 24-7/365 low fees for life!.Please help promote decentralisation but staking with us.Thank you very much.,https://tinyurl.com/y48g8732,16f8e92fb6f72af74508116ae92f264660d9072dd48b37dcd804364cc190ba14,616
pool176z4pf0r9p6hqvp8m333sqm6vx8tj93q5yyunyv5478m5yp8j07,RETIR,I am retired,,I am retired,https://bit.ly/retirepool,e67c845d18918d228e418b0b48928038000116a674fa031904c6ffc56340a4da,331
pool178j8pevk04pay4lgz29c9y52k30xql7uaj5zdsqzpa9jwkuhqn5,CASTE,CastleCardano,https://castlecardano.com,"We make learning Cardano, Blockchain & Crypto easy, so you can be a part of the historic revolution!",https://git.io/Jcwho,5a93381afd975225f4f3dcaf318dc5cb47935f98bccadf8714225fda51b9ec9a,297
pool178yk6ddgn3z0d04mmdcth430hpp4pyx06jyelvh6xdkngm68rmk,,,,,https://vogue-pool.com/poolMetaData.json,44bfec9f716e027ab11a79fb9f9104148696732f7eaf5f20a23b8a8942c9549e,443
pool179rm8hz6zw9v9z5ghs85vf4q7vlanvqurxanxzrszjshwaarkck,CROW2,Crowdano Stakepool 2,https://crowdano.com,The official Crypto Crow Cardano stake pool (2),https://crowdano.com/pool2meta.json,77c85bc4336366a86dcab97f1f0e4930cc83007db130e8e5b38603858b16f24c,300
pool17agmzy52u2hh2f8zkuvzrvth94wdr3erlpng50thrlmryqvkz57,,,,,https://raw.githubusercontent.com/ruby-nodes/spo/main/md.json,db05d7cb6c3216954721e30851b56701d60aca36edfdc13ac0595068a9f88c14,499
pool17ahr5ygy48vpdfnatqn2z4wfu2te4quapk2yx3k50ce6kd7feg0,ST3AK,Steak.and.ADA,https://steakandbake.github.io/ada,"Easy ADA staking. Sit back, relax, and delegate.",https://steakandbake.github.io/ada/assets/metadata.json,ccc8e276c052fb12101924e5799a7b4bc905fe01caafabf76a418d253b970f25,529
pool17ajuw0arwq8klfe4xy8tcqj4yetp8kerl4amzn5dsnne20wlnsa,,,,,https://elladapool.online/poolMetaData.json,fca48e7a0ac5fe7e592370f535919190dcbbebabf1e9b89bcf8328cbbe09c617,289
pool17aqvu5856kvgxtkd6l3v5wmncexp4tf88pyz3qamlpjlyuwn4vj,OPTIM,OPTIMUM,https://ada-stake.com,Optimum stake pool,https://ada-stake.com/optimMetaData.json,be4b59a10032844901d1979dd422e54518c372561dc9c73133b9bc1b5ea92212,333
pool17cqy0mkm7p3ufv9k3h37w040x08cx6je23y6jrkgmts3x9g78tu,,,,,https://lottopool.cloud/metadata/lotto.json,f9f8b304a80b38e4a533db85dbe97ae1db2ff200caf41b3762b2929524114f7f,300
pool17dag45ldepvckqdxvvppwdy4w8qczsz0awtutqyj2pzashn3ds2,,,,,https://bulpr-meta.s3.amazonaws.com/bulpr.json,3f128822911e5ef47e409f81bdfccf0d0bcaa867230be66a250a5b9672de9075,304
pool17e4rdh59t4fmn4g3p02xvs853katrjzge830tsmd3sfdc645yvt,GAIA,GAIA Stake Pool,https://www.gaiastakepool.com,"GAIA cares about our planet - we donate 1/2 our profits to charities that heal the Earth. Awesome monthly digital art rewards for delegators, and world-changing impact!",https://uptime.live/cardano/pools/GAIA-m1780885721-hiue.json,45a394d1174c48f6df83cf4f9c723aaa52480ffb3856e89163bbee271ecc7eec,638
pool17fprny0y0fnchln8k002lfpv60szulsuqrezpsfuhl7kqhrm9dh,,,,,http://ahrry.com/poolMetaData.json,1b6a50c0391a6ba9bbea2298da034b7804822142b6f1e44442050078dbb2ba1c,253
pool17gvd032slmxg267lp8rwcykkfa52txm8ylefhmdsdkytzugrtaw,STPZ1,STacking_PiZza,https://www.facebook.com/STPZpool/,Stacking Pizza Cardano Pool #1,https://raw.githubusercontent.com/stefanosu-code/stpz/a/s2.j,0bf71440af0a351555045ae2a59e65c8661748a2781476f9bd560871afb2069f,540
pool17h6slydr6rd9vquqa38p5cf9xqnpc24w6a99rhllcjzljgugx6x,NETA1,anetaBTC - Pool 1,https://www.anetabtc.io/,"Decentralized, On-Chain Wrapped Bitcoin.  Fully On-chain BTC on Ergo and Cardano.",https://data.spireblockchain.com/ADA/neta1.json,17b218f7bb8d47ddc2b1851d4c5e6d5f0a35b13d0344337f7af850c89d043483,369
pool17k0rf90x8qcre7nrw5x4mgsfgy49njyqdq884qunm4fkslu6nye,IRON,Iron pool,https://ironpool.net,"Very low margin, and we aim to keep it that way. Secure, monitored, and run by experienced engineers",https://tinyurl.com/y3x8g42f,eb73eb68c860b4088a7f5bf85a21b6e4ec6d6fa16cf02bf34f26e3cf2024e98d,211
pool17kew7rtakc7g6qzydntann5umw08xq3ll2j7spk7en4kvff69fa,BLOOM,Bloom Three,https://bloompool.io/,"Bloom is committed to providing top quality staking services to our delegates through low latency, 24/7 uptime, and the highest return on stake. Operated by bigpey.",https://bloompool.io/bloom.3.metadata.json,c4d057644ac4aef35759cb66ddfcf096a71307ab0fefbdcf2f8a5697b057331b,642
pool17n47upcpnzsdks0yd409nf79sg6hqy73twg87eddwh24uj745rt,HEPHY,Hephaestus Stake Pool,https://hephy.io,"Low-fee, bare-metal Cardano stake pool since February 2022. Independent single pool operator. Member of the CSPA and xSPO Alliance.",https://tinyurl.com/ytkbraxu,382569c54e856804a66313845d1afa6de86cda5e63d8eccced2f3f9911a749cf,580
pool17p4ue73dvnjcnz25996uzpg50cy89l829ltjceee5mc3s2p502n,FYTO,Fytoboros Pool,https://fytoboros.com,"Fytoboros is a cardano native startup, that is on a mission to accelerate the world to a more sustainable food source",https://git.io/JCfc5,97bd96ec0dcf9334dca0f4b1358e8dd5ea236c041dfec7a77dbfc0c0d39da6a1,302
pool17p8a9e5ljeucdvmsl62a667y7lwwx9xzwzjulwu7df2q7854mh4,AGC,Argyros Crypto,http://argyroscrypto.com,"Suuuuuuuuuper Low saturation, Catering to all Sharks and Whales",https://raw.githubusercontent.com/AGCADA/a/1/b,275a95b8c73a8e73ec6009f805947167cc8421d008cab3ef11d8ec1474eff067,403
pool17pv7m8h5dxsyt55upay8n8ake2cgcz4mcr737um2tl8d2wthzqr,MEDIA,Powered by Cardano Stakepool,https://www.poweredbycardano.io,Powered by Cardano introduces projects building on Cardano with interviews,https://tinyurl.com/5b7vvxcs,a8d17fcd3b1b61344c05b9edbcd6d538e953e423ce9956ccd8cb9b13b22392c7,600
pool17qvfg2g843gw6lurru282kkex6vp3pyj6zwj99j4u6k7zvmva5a,1PCT4,1 Percent Pool #4 (v2),https://www.1percentpool.eu,The 1 Percent Pool is dedicated to run stake pools with only 1% fee - ALWAYS!,https://www.1percentpool.eu/1PCT4v2.metadata.json,39f8a64fa865f1c691173dcfb2aa3437865ea4ae25a8becfcea37b7c998bc56f,303
pool17r3u34ywld6sehe9dd5t40ygq7rmc6yfw2k0h0hpllznwlmwsnn,ADAR,ADA Rewards,https://adarewards.org,"Committed to your rewards, our community, and a world in need of liberty",https://git.io/J3Z99,49b7fe4f84b4abc187d17e9142053a0de4db7784d0ecc367ec20db8d2ecae784,533
pool17rjst78s67lvellg8s586rf076jxa3wnsdz730f4xk2zwuhrtej,NORTH,#2 Nordic Pool,https://nordicpool.org,"Please delegate to Nordic Pool 4. NORTH is your trusted stake pool operator, established at main-net launch. Official SundaeSwap Scooper. Stay updated, request support, and hang out with our great community at the NORTH Telegram group",https://bit.ly/nordicpool2,f547dc8f375cfdfbffd44c9c8ffe16024f329f93b12d481f9e6070df222b7abf,592
pool17rns3wjyql9jg9xkzw9h88f0kstd693pm6urwxmvejqgsyjw7ta,0PCT,0 Percent Pool,https://www.0pctpools.com,"MIGRATE to 0PCT1 due to saturation! Maximise your rewards with our high performance pools 0PCT 0PCT1 0PCT2. Guaranteed to run a 0% fee margin. Stake smart, stake 0PCT!",https://raw.githubusercontent.com/0PCTPools/x/main/0.json,a979a61c68477300f89c65b26914e86d07b000b5cb254de26509d8c008ff5bf2,289
pool17s3mr9c4ejjfq20dz0ls9ggskc770kt267s9xmw93payzdswwgg,FIKA,FIKA Pool,https://nihaocardano.com/staking/,饺子的池，愿景：连接Cardano中文和国际社区，为中文社区带来优质信息。全球多个节点。Mission: drive adoption for the Chinese-speaking community.,https://meta.pools.pm/fika-m1737041424.json,ecbd81f48c80bd25a68acb2ad0dbbb1b838be52b9ca2ee5758b0e5c0362664d0,627
pool17taqml487n9t4r9a6ppvf9qv0qlw2lu4zcrzwfdsfcv6xp7uqym,PSB,PSILOBLOX,https://psiloblox.io,1.69% fee | Reliable Baremetal/Cloud Pool | CardanoBSD | Worldwide Relays | Managed by Boris from Canada,https://storj.psiloblox.io/pool/meta/psb-meta.json,39a2e04c12e7a44f4f51c53d9e9e9267118786854f26e4873e5fb95e6c1a4e59,450
pool17tfres65n2elunrcmkg3t24s48j8mh5kklzrg6pzcu42x7shmrv,,,,,https://adaexperience.eu/poolMetaData.json,36a69ae5903e31c80f48cf33501d0c796b8592c7f3dbb25d0cc2072bc7f01518,291
pool17vxhghxt2w2hc8c945ex2wqpwlcz39v6uc3fcxvqln45s8xrdt3,IOG15,Input Output Global (IOHK) - 15,https://iohk.io,Our mission is to provide economic identity to the billions of people who lack it. IOHK will not use the IOHK ticker.,https://pools.iohk.io/IOG15.json,e3a3431a580f615f98c183bc4481ccdf3aa9671ce1be56ce90a67e9402e9722d,210
pool17wsk3ww9asev7kfk9ktfw2cxcq865jq2l796aue66xldwx6cy82,FUND3,Cardanode: 0.00% Margin Fee Staking,https://www.cardanode.io,Maximize rewards with 0.00% margin fee. Our servers are monitored 24/7 with redundant connections and live backups. We're a dedicated team that's here to stay.,https://www.cardanode.io/poolMetaDataFUND3.json,fd41b37464c68f199b07ed0c2e359291c23bf1fcb62371ace6717435c0865427,591
pool17xextu09ghdfcmsq83whq0a45geg83jxe4qt94sevu087tzdzkl,ONYX,ONYX Stake Pool #1,https://onyxstakepool.com,Welcome to the world of the ONYX stake pools!,https://onyxstakepool.com/SMN-ONYX1.json,2caf0efba03d89160d6afbe66f8c518e7ed35856daa4ff637de98865e6d069f7,629
pool17xh922cr9skc0fqk7sr8at6xx6eluh5qyv9p7ca2x0mtc3st0mz,SEA,SeasideStaking,https://seaside-staking.github.io/,"Stake by the sea from St Kilda Australia. Reliable, secure, independent",https://raw.githubusercontent.com/Seaside-Staking/m/main/m.json,d843ac7c8ab3a17fe28d5a68c975dc846fe87479364bcff7dd3b30e5c442ca07,448
pool17y0uw9jraxxtqk4mhgkhkye2v6jqzn84u8hl68l9xwq3cvm2vqw,ADNT,Adanaut Stake Pool,https://adanaut.com,Welcome to Adanaut Stake Pool! Verified ITN operator. OP since nov. 2019,https://adanaut.github.io/a/c.json,453e989d34f57a66efa03772c7be98ba233c8b28b42098f0dad2ce1a2b413a44,434
pool17ynruzy9lvq0x55ks22vtf4lrrdrw2ucydh4tfzhg9kkyeaw8nf,ASN,AdaStarNode,https://adastarnode.com,We believe in Cardano,https://git.io/JEjMk,8fe030326303f468898bff824a2a1b88f232fef49676524bed1213c9403cfb43,596
pool180fejev4xgwe2y53ky0pxvgxr3wcvkweu6feq5mdljfzcsmtg6u,CHIEN,Charly&Aliens Alliance,https://cardano-tools.io/chien,"Join Charly&Aliens alliance to earn additional $Charly, $Alien, $Ptc and $Wolf tokens on tosidrop.io and belive with us! Support also our father who create all of us cardano-tools.io!",https://cardano-tools.io/pool-metadata-charlien.json,aa07afa2e73e4eeb5a258919f350b13e03aa75b2094c605516123624da2e63e8,536
pool180pfdeg9shtdu47hcjdw2kcxhz7r6pz3juzej8mkdjvtjt7mkm0,SOLO,SOLO,https://solostakepool.com,SOLO stake pool,https://tinyurl.com/y68fo7jy,dfe4c4043d6bc1e8292669cc2b8ae17250a8acbde26cd7028721f32bbaae3ec7,299
pool1829u4wxz0hdatsc0sczd0r3362wxk82qlqncjw5ksx7ngne07w0,LEAVE,Leave this pool,https://leavethispool.now,Move your stake to another pool,https://git.io/JWEPl,cc457321a2daebc26ddfdc46accd43ef947f6fb27e1f12df25e27dc008369300,285
pool1835qw65tsy3x7mta5dfdmfq4mvqzn9cpvf9keaca0nqgvguk7j5,MS10,Moonstake 10,https://moonstake.io,Moonstake is an advanced technology company with specific focuses on blockchain and staking technologies. To build the Asia’s Biggest Staking Network with a technological innovation that drastically increases the efficiency of blockchain technology.,https://git.io/Jkzov,88baabca48f3bfdd06469e50470700d487cc28e780e0c5723daca8cfd9b17d09,438
pool183j8g5lmry5jsnua6mw5jhwdacwhkrnqfpga49v0qg6wjmwndfv,2PCT1,2 Percent Pool - #1,https://2percentpools.live,Always 2% - As featured on the Incentivised Testnet,https://data.pooltool.io/md/cb6c055e-6f96-4169-be14-33840561ab2e,7ebd92318986435ddb01a7fec3a1d8558e5aca54fd07329205625a0c10647206,218
pool183tuc6uqs2q8tzekn4559pwmrg8ukss2fdwvtumrcdjh6j8qsu0,,,,,https://tinyurl.com/y4vbopmr,68781515497be512885c99d86f1f172cf4cdb21f12c59ca0d6055866547f51bf,252
pool183usq53j55v86q3eguw37xaqy67au9n5terk474sevuu6jy7266,,,,,https://meta.spaas.info/ZELDA.metadata.json,bb61ba13cf48cbce9dfafa44106c5221442f8b21dcfba74637e4cebd3e9ae522,260
pool1850xvydng5mkjzkwqw6566y7e6hsrgakc3y87jrnqrkrwdjua2p,BITA,BITA,https://bitapool.wixsite.com/bita,"Do not delegate here! If delegated already then please move your delegation away. BITA will become a private pool, i.e. 100% fee",https://git.io/JODZq,3a7a6da4d1e3b0b66dac944095aa025275ef09b17ae95b45908840cdb5e25dcf,495
pool1853ffwhtuka742fq4av7s3ssdpvzhdkpw53th3es36zkwrllj9g,ATLAS,AtlasStakePool #2,https://atlasstakepool.com,Shouldering the Decentralization of the World,https://atlasstakepool.com/wp-content/uploads/2020/08/md2.json,b14aa43d79fa30d0bb983ce4aaebc1ad0e7db74217578736f31713940c49dcac,460
pool185de843ugva6zjfd9wz988xg80fwke6cjavkwup5e45fjrw6uha,MTL,Mistral,https://www.mistralteam.com,Powering Cloud Solutions,https://git.io/JsAVj,e3ccad7f5296db9fa41cc9db8c6c21689f5c0ce4564aed35cdc2dcd9cafa4cd1,272
pool185ev4czpm5hc9xud25xlcz5lhpnl2jztqas6mgxujqke7j5mdzc,ALDIA,Cardano Al dia,https://cardanoaldia.com,Cardano al dia - Stakepool,https://meta.cardanoaldia.com/cardanoaldia.metadata.json,f966a0b324f32422d529ad157c689b126c89fe9276bd42c00bb60221bacc0a01,321
pool1867sv2tgcq2cjmyhqgsfveekmsy5zksld69zhgrlkluukfydq29,IOGP,Input Output Global (IOHK) - Private,https://iohk.io,Our mission is to provide economic identity to the billions of people who lack it. IOHK will not use the IOHK ticker.,https://pools.iohk.io/IOGP.json,37eb004c0dd8a221ac3598ca1c6d6257fb5207ae9857b7c163ae0f39259d6cc0,236
pool1868enz06xyac8cdevua4n8w29wc6p5j6hes35qslmf3x234hwjy,,,,,http://aquapool.io/poolmeta.json,63b629abd1f851d10ce281c719e83e92fa48558298086d19645bc74bec8e83d2,242
pool187k9uqvh2dacad2qyfyex7ct8q0jxepk45026s9h7mkxx9pn7at,CHESS,Chess,https://www.redhotpawn.com,"Chess stake pool, run by RedHotPawn.com",https://www.golfingrecord.com/stake-pool-chess-mainnet.json,bf8ef3b1c194f425e0c38ed8cd13da2e4e5019ae8f4d1e160d913c1bf1d5ac44,425
pool18872nzahx0h2f7j58pxrn5rjektn8na8p4amv08x2xj8qkht30g,MNKY,Chunky Monkey 🐵🐵🐵,https://www.chunkymonkey.us,Chunky Monkey ADA Stake Pool,https://git.io/JJIZ2,e7183ae5aa4599af83f4bbcfabb2af3567fd8588d7e4f7b2ebff88a452d29aea,595
pool188rwerlxm4se6qzlz7g9mh3zrccuh492ma0wemuuvyf3zgstqy4,,,,,https://git.io/JWb3w,6c1376f8db300da5759373c3368248a9a87f5894f42e9bda28097fd2d2aa111e,358
pool189j5mz6wa0gfrakwvn2tar7qt309qxrmsgde5v6qwm892n6re3v,CCJ,CCJ,http://ccj123.html.xdomain.jp,CARDANO CLUB JAPANプール1 安心の低手数料設定,https://cardano.ipclub29.com/ccj.metadata.json,c19c6151c1a166a629a33f84b6cc5780b9a5b04c5ea57d932234e8af1aaadfb3,448
pool189lfh7azuvxu0hyskwahnp35rtez0mzhsmule3742p3jkza00cq,SEBI,SEBI,https://x.com/Av_Sebastian,Delegate with SEBI if you support Cardano. I work 24/7 to spread Cardano to the whole world.,https://raw.githubusercontent.com/Sssebi/p/main/m.json,66a3c58084102dbd3092dec8109c83131bfc76d5029ac8003b1c8d520d0f0e45,553
pool189lsf6c2upyhmrzddyvyfjxxkqnte9pw8aqx7f4cuf85sjxlm02,CRDN2,CARDANIANS.io #3,https://cardanians.io,We are guards of cardano - we are Cardanians.,https://cardanians.io/_storage/pool-crdn2.json,f1a4b6451d2631b51df315cae67127101d3e7b7442975d87e038896cf5bf8074,231
pool18axt9r7z8eg0udd9xxzc4r2u9x322wfrtq3928jzye4ey3jytgq,SMART,Smart Stake,https://smartstake.io,"Transparent, professional, and feature rich staking service provider.",https://www.smartstake.io/ssa.json,1e5faf4ce763bc9222371053d1240b8b152b8044d5ed2bd7f82a7f1251aa4c55,212
pool18cx6qhjeynrsd7pvcrv7e3y65ksyzguaep2427zumc8t2qzxvsk,NINJZ,Danketsu,https://danketsu.io/,"A multimedia brand providing value to its community through manga-comics, music, video game, and eventually anime. We believe in the Cardano community and love the opportunity to help decentralize. Some $NINJAZ token will also be available to delegators.",https://tinyurl.com/45pe3m9t,77362f5305365aaf3ee7c1e4d175044b4fb83fd92452dea492713a5d229a238a,395
pool18dwcl9dc0pqa3f05d4qne7c5lnhwz20lpffsp9pah25xjz3cesm,,,,,https://floatpool.io/floatMetaData.json,10aa60819d40f54fceda9159e7cf6c223f96feecd5828266c0a2924b574a897d,268
pool18e0uhtm4pspfrnktwguypytjfgwz6dw6zzn3gulpdjfx7qd0439,MINES,ADAstra Mines,https://www.cpoolsunited.com/pool?id=MINES,Mine your ADA to the stars.,https://pools-united.github.io/pools/MINES/meta.json,601a771a46da8b62882d5701d1b818a611fa348d847227b7a249020668d31e74,517
pool18eg6yk8m5jmy50rhywkjwrsuawrzzcr88p9h2pu5v0rj2mxsv5y,,,,,https://luckypool.club/LUCK.json,79a303995a93bc30f3c7049c1ca748fa820a44c88ffdafca777eea649e189255,213
pool18en4vtxkjt3u5x6ctu9l3nqmr6pm3r7akxgu84450xdvkr4j827,EQITY,Equity Stake Pool,https://www.equitystakepool.com,Minting BLOCKS in the UK,https://git.io/JJELn,b82481fa81d619111987ce88d92277dd58b6a2401bfcb0eba059fb57380ee900,211
pool18f5cjtfzg9w79cxsy7qj44whxe7peq095n9jycqcrjjtvfu6xtc,,,,,https://cointhinktank.com/upload/RND/poolMetaData.json,72df6102bfc7a93b5c02edb6dc022f3eaf0726cdfe08dc6e3ea4571cb89129b9,225
pool18gg869xqpx2vf4u8tnsqeep7txv24yw7tmcd7fv6tqdagznda9p,,,,,https://block.surf/poolMetaData.json,cd92ec617db3e787d5d7d9a35253bf8ff269e9cd2d1384fc3f49e615af61bac9,257
pool18gxqszcsk9yt0jsnzc293556x5t0cd0xdepr69wta9rh23349j5,,,,,https://raw.githubusercontent.com/joeloliver/ada/main/pMD.json,4300f53b92bab9af1e2d04c5612be0402771322a76b1955955ea2212b3932ee8,247
pool18gys2arurr8su3qssvh7vjcn42k5clgrvdxah8mxcg5xquvfu8p,,,,,https://broekhuijse.net/1fmly/1fmly.json,1d4f2f6f883b4ba6449cec8130a030eb524efc6b7bb8b5e1318bcefd3c5376d0,335
pool18gysxqfwz4j8rm3vlh6677vs9n23prvfr7gwe88mhn5uudgx9ng,,,,,https://raw.githubusercontent.com/rmikael/ada/main/x.json/,6d61f296b949ecbf2f76dd939ac63fa55047a5123366754ae7a2cdb9d3e04fe3,621
pool18hk4akqtnktgsptxll625lksugwpc4r30nzjgz4pxtufqgw5gdd,,,,,https://www.spiraladapool.com/data/pool.json,e25e57e24620b6b1fad776174f383e5b35927c9f94fb3d879c7597f884018a34,303
pool18hkq2t8ss45h4fkr92f52flhc4mpzedx5mcz4xhnpj0dzp76028,XYZ,CardanoPool.XYZ,https://cardanopool.xyz,"Complete Privacy, Superior Service, Professional Team, Global Footprint, 24x7 Operations, & The Lowest Fees! TG: https://t.me/cardano_pool_chat",https://cardanopool.xyz/poolmeta.json,d074389e04fa41bdafe1d7b968bec31effd1e9336a45127c0102847de18939dc,512
pool18hzjrr0xhadznttzq0va5vdhz2xyzjrju5ac7ztkwajdg80uvw4,,,,,https://unitedstakesofcardano.io/usa01.metadata.json,e0626e6df6f854e75b3dfea4078c4c88e111b5ad8c3a6fa6cb9a6bfc4956c5f6,343
pool18j287g2sccele52hhxc0csk2ghfghwndqm9yahdqnhjks840wtq,APE,ADA Ape Pool,https://www.adaape.com,"Support decentralisation and small businesses in the developing world by becoming an ADA ape today! Proud member of the Single Stake Pool Alliance. A mission driven pool aligned with Kiva.org, helping small businesses in developing nations access capital.",https://ape-pool.s3.af-south-1.amazonaws.com/metadata.json,00e3066f0c9385eca2f76573659529da944c175f2c69fe91fd850820b7d2d0eb,285
pool18kv6jmmtks4jwyt8tpvfc2kakh6wkcggjtehyj78yk9r7t2t2ex,,,,,https://www.vegansplanet.com/poolMetaData.json,1f9e1068d651a3cea785d148b27cf913c212fd9396f77ff578747d496f7d69b4,248
pool18lc8uxyrnuurer7hr77xqh83cp667jazlghe2qetvzfqvxjtdqc,,,,,https://tinyurl.com/y3d8j9ry,e1789064659b7480bc1401501865e9e7ae7a8b692a686e0df184ba301017ccba,210
pool18ljuhhw27t85zddz0pvsmsjsz5k0mlz03pzsxgh8qarcsw5wycc,CAFE3,CardanoCafe Three,https://cardanocafe.org/,"Enjoy the best cups of ADA-rewards served with passion by CardanoCafe with multiple reliable dedicated servers, ddos protection and low latency. By delegating to CardanoCafe you support our worldwide engagement. For details visit our website.",https://cardanocafe.org/poolMetadata3.json,53f39dd64aca072ada43e81e870dfa289459e8d5aa77e06d1f07c8ac34d4fd09,375
pool18mege8wvzzdvh8cxx6ncnqyvacl4lxukw495c87xmz8qcdl6lj8,1PCT6,1 Percent Pool #6 (v2),https://www.1percentpool.eu,The 1 Percent Pool is dedicated to run stake pools with only 1% fee - ALWAYS!,https://www.1percentpool.eu/1PCT6v2.metadata.json,40be84bf0980c60285da63a5f7f9b652386977bd4119490d9ab04e4f5033a26c,303
pool18mnua97ndq302yw2c6aaw6msx5rgf79mfnk4xe5y92tvjl45etl,CAHLI,Cahli Pool,https://www.cpoolsunited.com/pool?id=CAHLI,"Lowest fees on the network, committed to donating part of the pool's earnings and giving back to Africa.",https://pools-united.github.io/pools/CAHLI/meta.json,d9d823741a24d71457d91fbc4845bd098e2309c7321f2785d1d3a86f0427b3cf,533
pool18n5hw3960p7su9dvw08w3nf7sgky52qzwkpatv3zsf52qy0vnk6,DECEN,Decentralized Stake Pool,http://www.decentralizedreality.io,Fully decentralized pool run by single SPO. High ROA Stake pool that donates 25% of all rewards to charity,https://tinyurl.com/decenpool,c5932613c0b55b0d55a35096c27c004c987ba9d1ac3b92c633647f87b1efa9f9,320
pool18p7p752cjnf9z8g70ygkre5cstwmgfatzuqm0tm3n2xf739j8k8,SAGAN,Sagan Stake Pool,https://www.saganpool.com,0% | Single Pool Operator | Bare Metal | Cardano is Star Stuff,https://git.io/JtOUp,b24cf1f3cb614fa5b3c9a3d4d372fd137f698f886559e0e9d5fc65034db51d48,586
pool18pnta4kfff66kq5shjrdsdr8ce2heu38t6x5nv7hylrcc0hpksk,SOUL,SOUL Cardano Pool,https://cloudboom.io,"High pledge, dedication and responsibility. Invest and grow with us by supporting cardano.",https://cloudboom.io/soul.json,d3a5e1f75649ee5f82404d8f16a6e868b88349c430ab290429bf0bb831fecd7b,589
pool18q92uyx3973u3qt64nxf8p7us58gwkytrn0c3ed2a99s5uc9usc,FREE,Freedompool,https://www.youtube.com/channel/UCjjemil6xWcM8rC465xoNgA,FIAT Killer,https://tinyurl.com/y4ub9klh,63882452ff68e8ff611822a9c6d7fa20e64a598b3a6bdd3134633c480e1def9c,210
pool18qahj5ggudguk69g9aaztf5dvapmazql4hdvd7v0947j7gy4wqf,TMS,Tempus,https://x.com/tempusstakepool,Empowering decentralization: Together for a stronger Cardano network. Operated by IT-Experts and Cardano Ambassador Zyroxa ,https://tinyurl.com/5n6vhjk4,84321794086c26e79307146a285701f28180d79d076800962611ea333ffcbfe8,575
pool18qddv82sx8p22uxzdrf0qx9lkewxadlr9ef45kpcf7dzz3n56qv,ALFA,Alfa Pool,https://www.alfa-pool.com/,"Alfa Cardano Pool. Professional operated high performance Baremetal Node with cloud Relays. 99,99% uptime! Support ADA decentralization.",https://git.io/JZapp,f5d13701d87a7a6d2642c194c7517a411ac662bfe63fa1d1c63f7558ed83e7ea,557
pool18qlwnav8ca79dqlw5grnt96f0pxe4awdyvrdpxde89ln7th9utp,,,,,https://blockchainpilots.io/pools/BCP/poolMetaData.json,0786cc70d2ba8d64aa297f0a9d5aadb8677a441c8f8989f49bb5c0f097204d10,365
pool18qmfd3ljn2dynsw6f8knt04m6cyhe6jmtz54mfw8mun7u9vqqx6,VIPER,🐍Viper Stake Pool #3,https://viperstaking.com/,"VIPER Stake Pool #3 has proven performance, high pledge, and low-fees! Staking with VIPER will ensure you get excellent return on your stake. Operated by the team at Viper Science.",https://viperstaking.com/assets/files/VIPER3_metadata.json,af2d6fd3ba32de65f1b1f03cf8de5fe33b280dc91f0169f33ca34fd072d8f7c4,460
pool18qzks8vdf0yu0u5ccf8aaj35q6zfutdcfgrssuvdjmgtyykr922,one,EnigmA,https://red-sky.one,Poolinfo.me | SpoYellowPages.com | retire.poolinfo.me | https://github.com/orgs/Midnight-Scripts/repositories | Building for Cardano & Midnight Community,https://red-sky.one/poolmeta.json,26b5d68095e20efdac7fe028f33e37465734d54ebb48ac29a89f11d09aa08dab,591
pool18r2y72aue5nmv489xtnfxl36vzusq95qst6urd87yd5hgzms04c,ALPCH,Alpen Cardano,https://www.alpencardano.io,Adas in the Alps,https://www.alpencardano.io/ALPCH.metadata.json,52e1d447f905acc036fc8f9d0568f54e340b73e493c462f24f38386ec4012ee9,294
pool18rhzlrv83a7ygj7cp5uv8dx07qkn5drhe8nh6f3qvhv66xcyj2m,SIPO2,SITION POOL2,https://sipo.tokyo,SITION STAKE POOL for the future.　ミライのためのカルダノステークプール,https://sipo.tokyo/pool/sipo2/poolmeta.json,2f1bd98490cc0e007d34f96ae6c28dfab7fd133eb246d45aaa037c63538345c6,643
pool18sqt4qwprlt6ytg8pu2qpz262j9vhlzmtwn2fwvhpcnzc0u5ynw,1WJG,1WJG,https://1wjg.com,One Man Army,https://tinyurl.com/y5zl89sn,b1384a6d0d6e4b66a4d297cc00dc5d6762027ef4f7a19f8f8b1bf5fc2f32ef8d,235
pool18t0u9vf408ftjf9xdpj47gdwkeq3jz3jqyshumm7fvtfkcq7ul7,KAPY,KapyPool,https://pool.kapybara.io,"Welcome to KapyPool, your Cardano staking pool. At KapyPool, we prioritize the principles of decentralization and the experience of a supportive community.",https://pool.kapybara.io/poolMetaData.json,0a99b3e5d6dd971310319977b054e5f2a4da444a5e15ad3b2739b650554a1032,448
pool18tdd78q5vgr9qy2lun7m8srmnuc3h2mg6vqe66gezjh4glujje3,,,,,https://aaada.net/json/apmd.json,6e3477df1b4624d40091901f18668b7027cb66b04ba08e59e3e9371fc1898275,226
pool18ufrgfgmslekdxnk9v9345qvhrr7vfgzkvneqtwm7unnwaht6ww,OGAM,Ogam_Pool,https://ogampool.co.uk/,"Single pool operator based in the UK. Low fees, high pledge",https://ogampool.co.uk/poolmeta4.json,b841b34aeb160ca96fb3063a4d08d006e8a34fa9a66c41289677ce5d1b64c631,593
pool18v9r8afalh50l4lstct2awdc3zspnvurcs7t45nv29uc2mnxc6c,LONDN,London pool,https://londonpool.co.uk,"The London Pool is closing down, please delegate elsewhere",https://londonpool.co.uk/londn/metadata-v5.json,1ebbefaa491b3bdfaac4ae986b003b2bd41cb345023e8475b08f3a83d4c7cbb8,574
pool18vc3pleuqzejkvlkls7qqw3ps9gyygrenqpypma4yp0gjjrm3uf,,,,,https://www.adajaws.com/jaws.json,035d7d5b4570744e6714fd9d712d2127b4d13f19dfe4c17f542c4deab85c84ed,222
pool18vej0s9gska8c847aj95g9v24duuxg2g63d5cuqngnxew643jw9,ADV2,ADAvault Stake Pool 2,https://adavault.com,A secure and reliable pool with permanently fair fees,https://adavault.com/adv2.json,6fe4aeaca182e9cae82a91569fb2643ce810d9c71a0bb9c75e1be9fc85ba9bc9,478
pool18wvrpuz4uftxs83gf39ynh7cy3nds8q0hs7u7yuelu4e78w237s,,,,,https://git.io/JcFse,941c6baf01809fc3cc1aa9131f2352504867249b67914cd866ea59ce8fa36b14,301
pool18xyhhrlxp6svh3rpr8fe8ts88ymn7xatgd74305t8548ccgtacq,WORLD,ADA World,https://adaworld.io,Secure. Resilient. Global.,https://adaworld-metadata.stakepool.cloud/poolmeta.json,f0663ed7a1ba12f43a13e2c0ce4af9524d9598ab6c27111576b39c4fb715592a,305
pool18xykgvvvxej2e5ap04ks72d8fdke4qsqeh30satznyrtj88634d,TQWS,TeqWyse Stake Pool,https://teqwyse.com,Stake Pool owned and operated by TeqWyse,https://teqwyse.com/tqws_pool.metadata.json,3817cf2b4b7a19fe17ba0784423d1d0de930701211424e448ba968496947aa84,236
pool18xysavc2dazzvc7xaqyh6t966zlawgupkdzyfc0yspt76ggxw6g,,,,,https://goatstake.com/files/poolMetaData3.json,2db742d8954739ea8c3b00b72d0f70e5e8f8520e5e4f5ae05efb1e0c9529c2d7,266
pool18yvq2jh6z2dyx99fsqv68qfpeqgnkkvxeptkxmp4etnxjhfqald,,,,,https://www.theitalianstake.it/poolMetaData.json,95fa9ad50eb693dee99962937c0ee0993d195524a74a0b5eefa80968394d3d31,220
pool18z3vwrdpyxnpg7l7eqknsp25uksl6m2dnk8mr6y60jr9sssea0w,,,,,https://sirius-pool.com/poolmeta.json,db8c0f8f8839b25dfb188a73ea6367ba435af26f21e4ffd30fc0b43d22043c51,248
pool18zf8txwv8lmtpq2src8wrhz0pjut5qft8h5tfxnctwc95r7jvvj,Malu,Maluiin,https://maluiin.com,A committed stake pool with a plan to bring connectivity and education to remote regions of West Papua,https://raw.githubusercontent.com/Maluiin/m/master/meta.json,b3d7666e9c2e85e6618889daef1d23256e0d2aad2534ddf56eeda28ca9ab0818,491
pool18zle0sy2ex0z3nccd60tz030reg4hn6020fesjt7lcfzz5mmay6,PLNGE,Plunge,https://www.theplunge.io/,Stake. Interact. Win. A Landmark by The Ape Society,https://plnge.s3.ca-central-1.amazonaws.com/meta.json,49470089f9dd65c585dfbddafb10a7d0329cb2fe98299ffda239b859c42e4e57,415
pool18zn7wa345uytjgds9hypn3jugnzqtfm4cny7anskkcmgwwxtwca,1PCT7,1 Percent Pool #7 (v2),https://www.1percentpool.eu,The 1 Percent Pool is dedicated to run stake pools with only 1% fee - ALWAYS!,https://www.1percentpool.eu/1PCT7v2.metadata.json,af97f1f0494c4a0e6ffd7fbe720aec560cde87ebc28deac9514ec74c7f54988f,303
pool190a9js7lk9lvmrngre7w268z9tz9xs9yz77audvw8ag4jerfdhx,307,307Pool,https://307pool.com,"We are a Wyoming-based business, educators with a passion for teaching technology, privacy, and blockchain. Please delegate with us, let's change the world together.",https://raw.githubusercontent.com/c-b2/307/master/m8.json,b098b30157f4539a1ecd6b367b3a6c3fdef5554399e35f41a826d5257986a8cf,240
pool192pfftt48zc4x5aellvpufk6l6zxllpldw0rx82vrhqrqfhhqs2,EMUR5,EMURGO 5,https://www.emurgo.io/,EMURGO Cardano pool,https://emurgo.github.io/cardano-pool-metadata/EMUR5.json,bd53ba144c47a97317d176d49168a8eefc4e45288f649f54b84ade6a8b82ca69,609
pool193rdch53x9c53rmftlqgzj22vmz6w8z8hhut2ckzd2zej45zpap,ALLEY,Alleycat Stake Pool,http://alleycatmining.com,Alleycat Mining - Supporting the Performing Arts and Arts Education,http://fs.alleycatmining.com/alley.metadata.json,133b430fcdc857776baa3d378914c03f28c31627d85b9c872d8083711c7b246d,455
pool193uec04jldvah7r52q86wl033g4v42x0aste8jfg9999qepaxfp,0AAAA,AAAA pool,https://0AAAA.org,"AAAA++++ pool. Secure, Reliable and positive vibes only.",https://a4a.s3.eu-north-1.amazonaws.com/md.json,e305b4064f9be8b48235a2e555b45c94695a068ef77c750c53c1b19e6fe58dd5,468
pool194aee3y0gg2xza88p9ern5z0uls9wgkk8xutt73vvtedvyhegmq,,,,,https://otakupools.com/KODAI.metadata.json,eca154b40967903bc0d0ff4deba20815e6f8341cbd33d8196275f35b58f084f6,211
pool194lhpd5e6a8n8n0zce5hg9f5279pqecd86yl0ytf8nztk2x9unv,ARTMS,Artemis Stakepool,https://artemispool.co.uk,Our ticket to the moon,https://raw.githubusercontent.com/Bryans01/SP/main/SP.json,db5ff7ab41dc17b1b1d1cf918ece107a60a1c86e19911054e013fd080b7f6cd4,632
pool194usk2h8vcq6yw89xs5asrvw22g08kcfy72xyfrnnkg6qrhtlfw,AUTO,AutoStake III,https://autostake.com,Earn higher Yields with AutoStake.com,https://autostake.com/ada/BLOCK.json,200ae3db11a99ef54305f2e1ccf4f9dbc587a99d8811971faaa4c74bf6c8c37e,495
pool195gdnmj6smzuakm4etxsxw3fgh8asqc4awtcskpyfnkpcvh2v8t,SUNNY,Sunshine Stake Pool,https://sunnyada.io,"Committed to peak performance at the most competitive rates since January of 2020! If saturated, please delegate to SUNNY #2!",https://metadata.sunshinestakepool.com/sspMetadata.json,8ea4d0e8bbf6ff276358b73d23b1d63bf12df94d9a1714e6812c6abd91025bff,488
pool196e8g7evuyf84jz4gr6f4xacudmupxs3ad323krx9e4xse6cf8y,,,,,https://tinyurl.com/y93q2xkk,58b3e8fbb312097cd49ab7d9a6caa98eb586cbbd3f8dd57a0094314d25468d65,212
pool197e83k4u53l6txk8yr83007efgavngua8wnwp00w3xrqw3pmr4x,CREUS,CREUS,https://google.com,Creus pool,https://creuspool.github.io/creus.json,473b778dcfe5ae472d5c607243fc1d5b7f5db96de6c58035ce0f8a21c277c05a,479
pool197rexraxmzk5mv36h2yfy8p4lwxzlqyenjk50r0q8dchz4gp26j,AADA,AirAda,http://AirAdaPool.com,"AirADA: Come Fly With Us - When You Win, We Win. Powered by Blockchain Developers. Stake, earn and learn along with our #GOAT Community — #StakeMan logo",http://blockchain54.com/poolMetadata.json,cb9890b331fa20c95e21efaa8b060c652931d93f5a0f526a1bc8134104442647,304
pool1980svf2cxnfy66s5jgjv7y22xud75z9kfe6n0c3y54s62w56435,HYPE,HYPE STAKING,https://hype-staking.com,Highly reliable and secure stake pool running on powerful servers committed to providing top quality staking services.,https://hype-staking.com/statics/poolmeta.json,825e4e46eaf9f1c0be1a9c807c1ea453378e99d0af995bc96b490711cc697a12,600
pool199a44nvtjr0c5xlanz4p5c0nywu8l6k5hz3t2he0hq7wvljnsrt,ALoop,AdaLoop,https://adaloop.org,Single Pool Operator. Mission Driven. IT pro working in the industry 20+ years.,https://adaloop.org/metadata.json,e845ed1d41e715cb4422661808337144ae5406c336c606fc3996d77004a8e766,560
pool19a88drt8dx3wu29e85vcl96wjsjt9vlnlj5tr4ydjqq86sfa84w,,,,,https://adavanz.com/adavanz.metadata.json,2fa9f90a856f8710948523b9a5b92ceb52be47f43c91eb122851bf9228b0634d,317
pool19ae6xhzsscypyha0sszv90xwjsh20hxecxjpcqynshfawvwxqnn,GENE,genePool One,https://genepool.one,"Genuinely independent, single-operator Cardano pool from the Baltic. Every node hand-built, hardened and monitored by one operator. Minimum fee, low margin, real reliability. Delegate to a person, not a farm.",https://genepool-one.github.io/genepool_one.json,474d5eb87cacb0d5a43ff563bdf0ab5c6b9fa2f46d2bfaf2e6afa7ccc5f4ab3c,643
pool19asxjgd6ah9ddzauwede4wpt9vsp6s4ax5nz297wt47evc9sn7z,,,,,https://git.io/JO61I,9b28e2b0717f95bc4af523b47213b71720d13d5e8dd340b15fc8f88be831c5e8,590
pool19aw7zl62a72fy0vz2g8tj7raxzqhw2775ynymyvaeayvk8xf9er,HUG,HUG Staking,https://twitter.com/HUG_Pool,Fully Bare-metal stakepool – RETIRED - but left running until remaining stake is moved... MOVE YOUR STAKE,https://tinyurl.com/hugretire,9d07f8468b47edbb4bae689bff3033c2546dba93813f7f47e163467a264afc73,499
pool19clgr0yxjs8pqmlsmfzu6hg5muy5ws2rze5hlesg0v7tvyhcgxh,ACUDA,ACUDA means...TO THE MOON,https://r.acuda.site/ada,Hold ADA for freedom,https://bit.ly/3obOKme,6d3d22b87d51d61fe91d9b973bebac4321686d67455e3e279db8d79b1d3f45cd,326
pool19ejln2jcpg5dphc8m5nh8sya49sycsqj0v2cjxw6nku966cc8nu,POP,POP,https://popool.net,"Let’s Enjoy Comfortably,Carefree,Easy staking !気楽・気ままな簡単ステーキングを楽しもう！とにかく放置がしたい、詐欺だったら怖い、匿名参加したい、損したくない、日本語ですぐ質問したい…というあなたに、POPOOLはピッタリ。あなたの気楽・気ままな簡単ステーキングライフをサポート！",https://popool.net/metadata/pop.json,de6d970d8bf6011e6856b1fd5a904139e6c7f74a7d2bf9c58a9fb55dc63070cb,407
pool19f6guwy97mmnxg9dz65rxyj8hq07qxud886hamyu4fgfz7dj9gl,BERRY,Berry,https://berrypool.io,Decentralizing Cardano in the most beautiful way - Let's shape the future together!,https://raw.githubusercontent.com/alessandrokonrad/Pi-Pool/refs/heads/master/meta/poolmeta_v2.json,f9614f4c80a59d99aed05c70b10226165d467e880929f5471807f2afc81672bd,613
pool19frt3kaxxk4vr4x3wnaapntu0ul0dsesu77wfqaawc5h5ffgfgt,,,,,https://agapepool.ca/agapepol.json,262be4445d43cd0357317e2d9959e37be1ebe32216834351335b90070c8a07d9,459
pool19ghp59ea95dd9v86lzq6k2xl65ftmg5a578zq8h9d0ptwu4dekf,,,,,https://cardanode.com.au/adaaumeta.json,150f2613e9ffb40be4e632854a3bdfd0cf6391439897dc81654b6ca38ba71d8c,252
pool19gzu2dyp0g9e0nsvtg34fdhrtgr8c5jq37nscalqkh3hsjmas69,,,,,https://git.io/JD5Db,66f0704e347d32f672196950b3dafb752e33683e7f9065f2074f5dba21a7c952,353
pool19ht066hngsjfnv3mfsc8u9fgzl4w5qcrmh8l6zppwph6s2t7jn4,4GOOD,4GOOD Stake Pool,https://4goodstakepool.com,Mission driven to generate rewards for delegators and charitable organizations,https://tinyurl.com/y642n77v,cc4032e36833982c092383ea75798fc8bf778084ca8c7c24896c17d88715c0cc,454
pool19huja8uuhc98rxajduh7yexg982rt3qv6slwpf3r7ug5ke37g0g,,,,,https://outerspace.money/SPACETWOv006.json,0e55d43b5feb5217c1f76db8740f33ac12807b8fcd19a2fc9fa45051a237e762,254
pool19huts3m38qd9ptd385g8am699jhn3xrews0ycxsz3z05s4h9qdv,,,,,https://github.com/ADAydin1905/adaydinPool1,62be1a2c6bc7712ee6cb034d0abb87e864a0e9560b1cb5bbfab4756f668f9e5b,264
pool19k4azhj8tye5wwy5pfj7q6m938m8fg5nglds5dkhtfwnvcg3s0k,,,,,https://git.io/JqJeg,e004bb83c17bc22372110f3bb800b05127deb4dc4fe7ed9bebe9aa5af7b76f73,597
pool19k9grwq9cdswn4k7vxzmwcls24jj3466g4s4xr5vucehcqpslfy,ADV4,ADAvault Stake Pool 4,https://adavault.com,Secure and reliable with permanently fair fees,https://adavault.com/adv4.json,f158416b836c5fa94b6980abaca20cf4c72b19075e4ccd133a1980b78e008e03,590
pool19kqzpht4lz9q0pc26f3nvw0ggwznv3xfhhvm2wlkxce4srjm5p8,,,,,https://tinyurl.com/yyj8y667,0fd4e45d8552d8fca8d5976aee9489748d9c9dd05140de7de55141a39b58161a,224
pool19l88dk44c38a6w724zrzvj55q9xqh9zjfhq6g45dc8csurs0gxe,ACA,ACA Pool,https://AskCharlesAnything.com,"Search Charles's AMA questions, updates, rants & sarcastic humor",https://acapool.github.io/ACA/poolmeta.json,f8a88e4b9301266a691f80fc17135c888176862b2e3401c7bfe500c5c695069d,404
pool19lz8nyz0jjpdrdtnjaar4untk4th23gpg5s7aegn7480zff4vgq,MS5,Moonstake 5,https://moonstake.io,Moonstake is an advanced technology company with specific focuses on blockchain and staking technologies. To build the Asia’s Biggest Staking Network with a technological innovation that drastically increases the efficiency of blockchain technology.,https://git.io/JUGnN,a004013eb58d1677c8d888cf2b16e7bfd17b4ce9e5aaac9ab59980505a32a598,438
pool19m70myhhv6a74fu66patflmy3ug7c97q98nx6247xsunw0pl9m6,CAPEY,CArdano Pools EXplained - 2,https://www.cardano-pool.eu/,"0,0% Fee, High Quality Stake Pool. CAPEY runs on infrastructure identical to our succesful CAPEX pool, so feel free to check our performance there!",https://capexeu.github.io/capey1.json,62fbe90d213332652904baa03467a291e8ff9e65c9a7ab5b3fe07ffc14085380,316
pool19mn930ryxlnhujfdygtpj83gm5rkmzx87rqvf9ysjtlrgxxepj2,DMK,Donmueang international airport Thailand,https://cardano-th.github.io/BKKA,Cardano Thailand DMK & BKK Pool support us to win lottery of Cardano T-shirt reward,https://cardano-th.github.io/BKKA/dmkpool.json,cb7dde4330ab0cecdbef259a43455c381c9c58712f86bd3ff22e3b8de501777a,246
pool19n5ml38q5uedy8kgwwwtlsa3p9tmfcef0lfjp42k7j9d5mpgs2m,SLR,So Litty Records,https://solitty.xyz/,"A Mid-South based, global music collective of Artists, Producers, Engineers, Publishers, Developers, and Marketers with a passion for Financial Literacy and Technology Education. DRep ID: drep1njlu834u0f6pxgd49tm2zc5sh0ane7jqdtnnk3rane5kc9uaz8j",https://arpradio.github.io/md.json,1fd06e812563810d41b5a141104124b3ee86f61bf830ef43a091fad50026a524,606
pool19nrqgmwwz8xu939ulpskuky2qq5z36v4jtnwcs69qr7xy4j495y,IOG13,Input Output Global (IOHK) - 13,https://iohk.io,Our mission is to provide economic identity to the billions of people who lack it. IOHK will not use the IOHK ticker.,https://pools.iohk.io/IOG13.json,ef9ef183f64ed435501829756dd495beb25e4a8404a65e7823dded5e9f6a3446,210
pool19nw9emug78q4uxwr8lv0glvmmzwr6lhylgy4ztaagjsjvyqjylw,,,,,https://co-m1crypto-pool-metadata.s3.amazonaws.com/eagle3.json,373ee93be2b899747674945a0f8ac1cf28787c75914ad452f282b2d33c6e66c1,529
pool19peeq2czwunkwe3s70yuvwpsrqcyndlqnxvt67usz98px57z7fk,PREEB,PREEB,https://preeb.cloud/,Delegate to help support small SPOs - The backbone of decentralization.,https://tinyurl.com/preebPoolMetaData,920839af544019f2bcf889032b3ed542fb6a84eba9a049263f6f35c570ed417b,489
pool19pyfv4xnln8x4l7auw0n0skk3hd97shun707hrw5d4s553ys74x,TITAN,TITANstaking #2,https://www.titanstaking.io,For a TITAN strong Cardano network. 💪 Join us! Telegram: https://t.me/titanstakingio,https://www.titanstaking.io/titan2.metadata.211202.json,1cf5a83cad4f5da9dfc0d7d526d3cde8b31bfb2f8e7599023e4b99eff8492a70,482
pool19q034g07ka2ltwc3wwjeu79w29nlafc0w2ppne5ppu5wud60rgq,HEDGE,Hedges Stake Pool,https://Hedgespool.com,Where The Grass Is Greener,https://hedgespool.com/poolMetaData.json,bf0d558a12656624c822ae4858939e4c7cb0b3124fcd8d388549dfdf05d1fe19,465
pool19qtdcswwfvuvqvr95yfpk68nhmulpe4yh6xg482v22q6ut0m9hl,,,,,https://github.com/lcra/gbpool/raw/main/Meta.json,50dc650ff08a479cc6fcc0994cb66f65a078e13c9f57f34c09b1f9b71dacc59a,249
pool19r33az023gn3n8p2x35hq00j2dxc8vwln0nanpcfuvc8759cvkz,,,,,https://www.cryptostakehouse.com/bull/poolmeta.json,0551cc99c2b25d2e95d63fb28d065b8e6568b990152213901cfc778494110230,272
pool19r8kcmqpajlm6h5q0lv8jye0q7evdur39wfsgs4z98fcqpz9lct,BLOOM,Bloom Five,https://bloompool.io/,"Bloom is committed to providing top quality staking services to our delegates through low latency, 24/7 uptime, and the highest return on stake. Operated by bigpey.",https://bloompool.io/bloom-5.metadata.json,8483bf1d7630c8e469ca6f70393892777e97a8fdf48c60e4fa8365a923ce4a77,642
pool19ru9alj7n5anmzs0f9gpzlj8kaq44yhcp45mldjvldxck8f6yg6,XRAY4,XRAY/Network,https://xray.app,XRAY/Network is a multi-chain ecosystem built to simplify access to crypto and decentralized finance,https://cdn.xray.app/pools_meta/xray4.json,b60854729d44b96804f08600f88209a62b4eb4a5877fd21a582bacd59ccd5370,637
pool19seeqvu6hfr3qru6kx3rp4khymssa82j00jfm3d6k3ua590wdwv,RUBY,Ruby Stake Pool,http://rubypools.com,An Independent and Mission Driven Cardano Stake Pool dedicated to supporting Children Welfare and building on Cardano Blockchain.,https://git.io/JcEbd,05bdcd76004f08c580bd38c4891cf91ddae1edd38fbe91c0e85e142c6349bbef,301
pool19tgayrt6zusdfjgtpga5mxjh6s4ep7t7es8t5d6ee4u5qtf65n4,BGADA,BGADA,https://cardano.bg,Bulgarian Staking Pool,https://git.io/JUhjB,0dcc0fd345bf9c36e24422859b0fbdb69a973c8020b4953b557b46d29860ed7f,278
pool19ut4284xy9p82dd0cglzxweddfqw73yennkjk6mmp650chnr6lz,ELEMT,ELEMENTAL Stake Pool,https://www.elemt.xyz,"ELEMENTAL stands as a proven stake pool, by and for the community. Delegate confidently, knowing your stake is secured in one of the network's finest pools.",https://solidsnakedev.github.io/poolMetadata.json,9296435f6e4e5d041324d721ee353273c9943348583a594108224dac3607e274,456
pool19uynx6nxcdksmaqdcshjg487fap3rs3axyhrdqa7gdqgzgxss4y,JAPAN,JAPAN,https://tokyostaker.com,"東京発・安心ステーキングで、あなたの心に安らぎを。複数のステークプールと戦略的提携、災害時にも安心なクラウドサーバー、安心安全平穏なステーキングライフをお届けします。Secure staking, peace in your heart.Strategic alliances with multiple pools/Secure cloud server/We will deliver safe-secure-peaceful staking life.",https://tokyostaker.com/metadata/japan.json,371c1a13a2eee3037efcce30825e95b1a3524bc5ea165627a2699f0b2cbdf413,407
pool19v4jgpxxl72eaq8pefctatvts3gkhtyzd8nwvzskkm3mkdv2tpy,ONLY,OnlyBlocks,https://onlyblocks.eu,Some transactions are so tight - we validate them all night,https://tinyurl.com/ONLYMetadata,3c35d88fff453f53c49f7aafe027ff7443283c275ddd8d034128527b08323f28,627
pool19vpp0udh6qtu5dv9dwssamqsttx7z7n9ml2wed67j0pdkck9vnj,,,,,https://gigapos.online/z01/giga.metadata.json,791968070987df55a58ec032e7b5fd2da9ff5c34cc0194e013b471fb3275c9e3,346
pool19w5khsnmu27au0kprw0kjm8jr7knneysj7lfkqvnu66hyz0jxsx,ATAD2,ATADA-2 Stakepool in Austria,https://stakepool.at,Stake safe and secure in beautiful Austria! We support the Cardano EcoSystem with Developments! Please join our Telegram channel https://t.me/atada_stakepool_austria,https://stakepool.at/atada2.metadata3.json,188cb889dfe9dc79fd672c071c86464c8949b8eed2c1e3dcc7e17cfbcc30ece6,477
pool19wpsykyg3gy7s34kx36vvs4dfcv2anggmta372jdv5lgqx0gs2t,IOHK,International Organization of Hare Krishnas,https://smashingpumpkins.com/,緊急避難手順。料金変更アラートを受け取ったダイダロスユーザーは、最寄りの小さなプール出口に進んでください。,https://raw.githubusercontent.com/cardano-github/iohk/master/s.l,124781567042c3fbf7d7256840814ecf41392b26a578bcd8943f9a9675b2ee30,238
pool19wr27r3dqt77nd0qv7zcwzajw8fl3y0v69x5pf63sznuugg9p35,,,,,https://www.adabros.com/poolmeta.json,27197ba0957952a339b4238cf507c267a4deb277dae610b13649785d1ff729ed,215
pool19wypxkajsrhk9cce8me6yyp3cx2yvq3823nesqgn8d78ju8crwq,,,,,https://pieceofstake.com/poolMetaData.json,7be13c261fe3d70769f096ae5c7e706232cce35130b83e35188bbb297b090229,234
pool19xhza3f7nye6j5p6stsnkpvadejztnqvck0ge3l2uy9gvsvy05f,ARUBA,ArubaStakePool,https://arubastakepool.com,-Reliable | Secure | Committed- Sharing Aruba's love for Cardano one block at a time,https://tinyurl.com/y56r83dz,43393e4002f80b7b0e3cb7a31547d9a116b161b69b190b9f944515af1371c60a,247
pool19xyfanyp28j6j07dxgwdjp0wur6seqmyyu64qgzstzl7s47pvpj,VLHLA,VALHALLA,https://valhallapool.net,Cardano pool protected by Viking gods,https://raw.githubusercontent.com/t0m3kf/v/main/meta.json,7ab94f0c313fed1d34c7de0fcb8b9a7687ba5b223bcb291d39d65030117d0256,592
pool19ygh8apuc2qz0u9kr4wj9qj33xhw70n7z286xll0g6ltgccuq42,GHISX,GHISX POOL,https://x.com/ghisxpool,STAKE TO GHISX POOL TO BUILD TOGETHER A BETTER DECENTRALIZED FUTURE,https://shorturl.at/0X4cY,8f85c6215328b809a4f264b71d90d125e2cd900a5792886a0393f99e72fec9d2,527
pool19z8vmgdts5lstk8z5lc8mgz3a8jhggscsf9cygvuz0vtuzcsxyu,IOG9,Input Output Global (IOHK) - 9,https://iohk.io,Our mission is to provide economic identity to the billions of people who lack it. IOHK will not use the IOHK ticker.,https://pools.iohk.io/IOG9.json,984ef6e5b7fe9538a0d82eebc83cc605e9da5964a731403a94ffd2da9653ebb2,210
pool1a205rushcdw9qrtduady7l62cv2n4twvfuhfzx2ywrjlvsuuur5,EUROP,The Miracle Pool,https://cardano.org/,"Every time someone delegates to this pool, it feels like a small miracle.",https://raw.githubusercontent.com/c-b2/e/master/m4.json,ba894bf78f3dd0b1707331dfe3ba4c13922825ee2a6c18901a9cbecc71a2618b,217
pool1a23gmvalpdams9d42t7fur8vmknzjv7wd3nsvuvrc7dv66lnau0,AOS,Army of Spies,armyofspies.io,Official Army of Spies Stake Pool,https://tinyurl.com/aos-pool,7a3ad8cae23ee1964fcc41cb15a196652f47f302779b370c88a0bc8c16b3f661,326
pool1a23v7jcg9dfl66mz4ftw42xc2gzufwrdxqxzltcesue4jn0pd5r,,,,,http://www.ggegg.com/poolMetaData.json,4c713771dcd95abe44bea80f1799c7a1d5f557a2f9a89ea07fae3d6edee5a987,276
pool1a2gt2mvuf5zvtqlvw2xgks2efze3p4r985ft62q64lua7gx7lal,,,,,https://saltpool.io/saltmeta.json,025e13f7e368f5ad60d8513146ad7be984877b75d9da1fa2b1e68e16fd461ad5,632
pool1a2nh3ktswllhwf07fjahpdg5mpqyq7j950pyftq9765r6t4cefl,OCEAN,ADA Ocean,https://adaocean.com/,Cloud based reliable stake pool cluster,https://adaocean.com/poolmeta.json,da0c4dff03a8caa7b50d7872d7a2a439918ae59e3f5403e5021bce526987db67,643
pool1a3ekt9me035qgju0en2w39vjns9ggtewnc9fugsmpgczvgtl6u9,SA8,SMAN8,https://twitter.com/SMAN8_TickerSA8,"For a bright future!/明るい未来の為に!With the Cardano-Network!/カルダノネットワークと共に!Entrepreneur,Industrialist,Investor,PoolOperator/起業家、事業家、投資家、プールオペレーター",https://sman8.github.io/Mypool/poolMetaData.json,da94292970172e45685295f85066a6d81218ac45170ae782017ab7f4be620d31,597
pool1a3kdettzvvlqvkl9m9hwe63ggeq5fgvz0twqew5c62dzx99vsed,LEAD,LEAD Stake Pool,https://www.leadstakepool.com,LEAD your Computer Science and Fintech specialist - LEADing the way to a decentralised future.,https://raw.githubusercontent.com/lead-pool/l/master/l.json,a2a2087827a446507d7d56ca50be811521ab9d255c39800f5209f90539fd8ace,591
pool1a3u8zuz7fqavxgl48s8k37w8w6njk7zevlzyfjdlzxfexjcue6a,AAA2,"RETIRING IN EPOCH 309, (re)delegate to AAA",https://stakelovelace.io/aaa/,RETIRING IN EPOCH 309. Please (re)delegate to AAA. Variable fee will be gradually incremented as pool gets closer to retirement epoch. NOTE: Due to a known SMASH server bug this pending-reirement pool will sometimes be absent in Daedalus wallet pool list.,https://raw.githubusercontent.com/stakelovelace/pub/main/a5.json,0df951049ddd9aa44cf1f99d42ae5b288ad84147dfb485f97aec53df94ec5c07,301
pool1a44j6jas4sjhh3qc96r8rmhsdjxjuntuzxr3440jzwjjcysl9ca,MELD,MELD,https://meld.com,The official stake pool of the MELD project,https://bit.ly/3NzchbP,eafbc7d9418a12a7d8903d282d2b8e4aae7a7ebec193e9d2e2bcb6a6826e3717,333
pool1a44zldps27avv82mamm2lj33mrrkqdzt39nyrgn5dkk3jtm0wrp,,,,,https://doch_doch.gitlab.io/add/poolMetaData.json,3dbacc9bb58e9b350a7c9575903b3421ce53fa942415fc583459ba17d03c6b2c,495
pool1a4qtpgce7cu6wzc79fx7qrc3938hkl2gf8c2h5jugvm2gnu86l7,,,,,https://git.io/JttTl,51700f7e33476a20b6e5a3f681e31d2cf0d8e706393f45912a5dbe3a8d7edd41,590
pool1a58fg4u3mcr2zwyqlc4dqd6mnwqjmcussmpmcml9lrmszwedmfy,,,,,https://tinyurl.com/y47d7qym,a8594b99730b68d25a8758b41f7ab2f01b6cb9c28b3d77f9f58755596c4da2b9,212
pool1a5jd3x2udlvpm9mt4gpau4jlags6qtth6jdsguryh2zy27f5ttj,CRDN,CARDANIANS.io #1,https://cardanians.io,We are guards of cardano - we are Cardanians.,https://cardanians.io/_storage/pool-crdn.json,0320087866095660877f1e30a483c90a61e534d53b7663da3ced27509063c3cc,310
pool1a5njhrg4s74vgynnae0hht04wgmcf75kwen3676jhrr5v3s8ecq,MARLN,Black Marlin Investments,https://blackmarlin.io,Compounding your ROI for tomorrow's freedom,https://jmede6.github.io/poolMeta/poolmeta.json,7e8d0976964106a46c994ba39ecf33d25b8de60ff723672b537836d4fd9c58db,261
pool1a600v0jd2z3yajazd80phln3exekumm7g56d9yvlrh6vx8dx2fc,POP3,POP3,https://popool.net,"3rd POPOOL! Let’s Enjoy Comfortably,Carefree,Easy staking !気楽・気ままな簡単ステーキングを楽しもう！とにかく放置がしたい、詐欺だったら怖い、匿名参加したい、損したくない、日本語ですぐ質問したい…というあなたに、POPOOLはピッタリ。あなたの気楽・気ままな簡単ステーキングライフをサポート",https://popool.net/metadata/pop3.json,418842f0d59569167eb3586f76f12a7819f77fe5b57ccab10b592b3b7302bb80,210
pool1a6ccp9fpgn40r2jl7fapjv3224swqf72z5gt4cgwctnk5etfjlr,,,,,https://shorturl.at/dRUW1,03e482b732b5663d839031c0cdaace0391c364e95e20d7b637773e6a395dec64,361
pool1a6v2wt0m8wjra80zuw00sfdxn4w52cna96gcaglzvred6gnsusx,MS1,Moonstake 1,https://moonstake.io,Moonstake is an advanced technology company with specific focuses on blockchain and staking technologies. To build the Asia’s Biggest Staking Network with a technological innovation that drastically increases the efficiency of blockchain technology.,https://git.io/JUGnJ,bdff3e8ec19b1d5a66b8e3b9fc673225f2665fd88f82773b72025d348ebc41fe,480
pool1a6ysvnx24xsjh2f6ehgmx7yu9q45fd7lsk88v2swxkek7pkxtgp,VIVI,VIVI Pool,https://vivi-stakepool.com/,Cardano to the moon,https://vivi7911.github.io/vivi/poolMetaData.json,bb883dfd5e31d19d1ee3fd8be1d21f6e7b627e520aa26be5a4372209fb99ec3d,615
pool1a8902n5s5z8cgehphzj8ujwv6wf7dycnrdx4ekfz9cwmwj2fenu,,,,,https://eguard.io/poolmeta/poolMetaData.eg1.json,76f34ef414532ed8a521f3e6b05ede4927b523ecc4ce0dfb3ddec00d626be652,264
pool1a8n7f97dmgtgrnl53exccknjdchqxrr9508hlxlgqp6xvjmzhej,HAPPY,HAPPY Staking 🥳 • Midnight 🕛,https://happystaking.io,"Secure ADA staking for a happy you and a cleaner, greener planet • Midnight Testnet Validator • Claim $NIGHT when Midnight mainnet is live • Mithril Signer • Donating to reforestation",https://happystaking.io/poolMetadata.json,eef97ae51a7a162868227c43aaa52d61a944cad0fe63cdaf48037999f4d47d59,605
pool1a9cerx2tpjjp0acla2zs8zwggjlp0phqqauxzkkm5vk963608aw,GERO,GERO Stake Pool,https://gerowallet.io,A reliable and secure stake pool powered by GERO. Visit us on Telegram: https://t.me/GeroWallet or Twitter: https://twitter.com/GeroWallet,https://gero-pool.s3.ca-central-1.amazonaws.com/metadata.json,35ba5b5005974a88494c745d20ecb815f4a22bad695a929beaee446aa0e75343,391
pool1a9xyvnnfjnujzy0n2mpf4rztdwrssraw5p5f06mqlgn4s06z0nw,LAGO,LakeCardano,https://lakecardano.com,"Bare Metal in Indiana, Family Run",https://tinyurl.com/y48k9klu,28c1288aaab99c52bb3ee9675ff5bf4c57b401ed93c6fe790e6231e1826a9b17,478
pool1ac0erf0qsxt9v75gmch3rq9548m889s7tshpwppp5wgqy5j32mh,AXNSA,Axnosis Stake Pool,https://axnstakepool.co.za,Axnosis’s main aim is to support the Cardano network in Africa by running a public stake pool. We will achieve this by being a reliable operator as we have the knowledge and the resources to run the node on a consistent basis.,https://git.io/JYW4P,09e6f744775b83f37fbd520d4d130b327a7b913722145be2abf740b7da6d8c5f,327
pool1adhpjj009c0jekumqswj5jux6nvrw7v2k0wlu57vfjh7gd5wyh9,ADATA,PoolData.Live,https://www.pooldata.live,PoolData.live Cardano Stake Pool,https://git.io/JqTmo,ccd644747aab070e092998ce91d52e95a8fa5ac38ea71a6288c0dd396d6681ba,346
pool1af7dmzgcyp9kc5lyrtrtpsce58l6j5cjvc8wavkwmzlr53ym50v,SHARE, SHARE - For a good cause & ADA rewards,https://share-pool.com,"Our Mission is sharing. We thrive to provide optimal rewards, we are giving away to charity and we share knowledge & information around Cardano. Single Pool & High Pledge -> Decentralization.",https://sharepool-crypto.github.io/share/poolMetaData.json,396f9b3f3dfaaa606e6459758f580ec461f5e4a416027038ff4565a3891301d8,630
pool1afv4cmmjdkujtd5r9t63090a3frwwqy8f3e46gz003vyzjcj63r,,,,,https://intlx.s3.us-east-2.amazonaws.com/ENDVR1Meta.json,22ab81bc75948ed724b861a2394fdf7a4c880a35fb32fb47ddd97b0ae897cf63,251
pool1ag6ae29hrcjhcjaqp56hwhwj9geszjerwqrkjz6xndmcq3u9k80,,,,,https://viya.network/viyaPool.json,59a0ce1988809645aeed8b8fa07dbdbcf99eba50e4660c698bdad2ee8dcf021e,212
pool1agk62kg0s9606v78exurl53mqsdu44d6qeuzypur5e7ku6gpgzp,,,,,https://sophi-cardano-pool-files.s3.amazonaws.com/poolData_new,d4978b0fe20e62fe89fa9cb65d68af0c0d3557714d7fa7b9c7fcdb8941ef492e,361
pool1agwy5atgc4ptg3whplaxyz28g4dgvsna8auktszctkq8xmtl7dh,8964,A Cardano Pool Named 8964,https://x.com/cardano8964,"The pool is set up to earn ADA and, in the meantime, post the number 8964 through the most decentralized blockchain.",https://github.com/cardano8964/cardano8964/raw/main/md.json,06b1f813f64bde78d0ce5af85b61f926a14f34a3bff31c6c628bdd9138be388f,501
pool1ahazpr2yz5gljk2m4q8g7wnmq7m2sr9unhdfmr5arhqrjnntwdz,ADV3,ADAvault Stake Pool 3,https://adavault.com,A secure and reliable pool with permanently fair fees,https://adavault.com/adv3.json,9b621463dbde536622d87fade7d7e4c3ad652456dba56e10638bd43634e9e3f9,478
pool1ahl705cca5twdfmml0ksux606t8vmuemu9vsnf3g94mm7lhnhtv,,,,,https://anod.cc/meta/anod.json,83494a211093c37df79d02c9cca441fa736aba869745ca7a425cf853189a741b,229
pool1aj697twgk5kt7c6kjtkpwejqqhljvf3hzsmsamswzy42v24cw5h,KYLEK,KyleK's Stake Pool,https://kylek.online,A stake pool designed to gracefully handle server/data center outages by running across multiple availability zones in Google Kubernetes Engine.,https://kylek.online/assets/stake-pool-metadata.json,8cde9fb907c73f58ef60a48bfabce8b41ec752fd422b1d8af7b3a6b171e23950,255
pool1am3frzvad5tnhr8gqmfmcza8wrsy75ljlcdhn622c0u9c3sr7v5,,,,,https://git.io/JJ6lv,43ae0737b37ba76f4b5632cf4542a65497bdbb3923f62ecc3a56ce30aac536e1,217
pool1aphay5rn5f3kmy0l24suvp329pp4l9j0c4y9mugutfzy6q899xe,,,,,https://brewclub.io/pool.json,48792612003f00779df89f81d2b01efb9369b753009121b7aaa4331d9a929bde,385
pool1apupv5qtfp2aa2xlrzzjzx0uj686g3n695a329nq8j5jvvzumz0,RIDGE,Ridge Line Pool,https://twitter.com/pradon730,カルダノに貢献できるようプール運営に努めてまいります。I will strive to popularize Cardano ADA.Pool operation started in January 2023.,https://nissy7300.github.io/nissy7733/poolMetaData.json,e6a8e590cc05774f2449dfc5c8cce23a597b644861bd94f9cc730c70f195651d,535
pool1aq2kqdp9xf9w47vttvmqnahwd4scz2qyddsr9l4mfru4qddg3kr,NMKR,NMKR,https://www.nmkr.io,The official NMKR Pool. Support development & earn $ADA and $NMKR.,https://www.nmkr.io/metadata,734b71cd3bf97d2fe49542b92c70197a0c21306ffc6ac3cb78ba2e8ee4c7043b,524
pool1aqg6fvhcaulvss2ruvpx6ur9vj7pejvdcxv6xp0qlwuwx94evf0,SARGA,SargatxetPool,https://cardano.sargatxet.cloud,@Sargatxet friends pool,https://pool.sargatxet.cloud/poolmeta.json,929f31a94a9ca2100e3ad54a8f933c1112a41fe583e44c0f6c5b6957b8b8a961,289
pool1aqt8ycgfpavswxxs7m7n8rz4atqlanpcmf73gq50rmr8um7nde8,KEI,KEI,https://keipool.com,関東在住情報工学専攻のKEIが管理、運営しています。システムの知識をいかし、堅牢なセキュリティと安定した運用を行い、Cardanoエコシステムに貢献します。,https://keipool.com/keipool/kei.json,cae07414cad6fb45fa7343755d2217878f5ffc9ca6c8e7d22d09fd343931a183,407
pool1ar6nsa2uzng70uf8fdrttu5jhgxzgu2f4za8h845zr435nfcruw,1STEP,1STEP,https://www.one-step-cardano.com/,経験豊富なエンジニアが運用する安定稼働のステークプールです。Japanese reliable stake pool operated by experienced engineers.,https://nori-crypto.github.io/1step-cardano/poolMetaData.json,6ad5a11b923ecfd90c5920bccdba66a591158a3290bae27b05df82e43a281a90,450
pool1arsqn9w87wpqlm0sre66gs79dcs0jmwulytgke3vut7u62lttu7,LATIN,Latino_Staking_Pool,https://cardanolatino.com/latin-pool/,We are totally aligned with Cardano's Vision and Mission with the intention of making our world a more fair place for all/Comprometidos con la Vision y la Mision de Cardano con la Intencion de hacer de nuestro mundo un lugar mas justo para todos,https://raw.githubusercontent.com/CL-LLC/MD/main/metad.json,18d35577b2bb88a73fc562b0b04249dda14a04c5c9c99a1596c1243dfb7b6fca,483
pool1art4z0ztc6kkzj8awrru6j2pv2eher45wca94ph954mnk7844n0,ALTZ1,ALTZ1,https://altzpool.com,DO NOT DELEGATE THIS TICKER. Please instead use ticker ALTZ,https://altzpool.com/altz1_drg/poolmeta.json,cecbf9965bd5de1649637539d1c33332eaab1fd2f17343166c9837f18f493e2c,217
pool1ases3nklh6gyjf74r7dqm89exjfd520z9cefqru959wcccmrdlk,MIN,Minswap,https://minswap.org,The private pool to delegate Minswap's funds.,https://minswap-public.s3.ap-southeast-1.amazonaws.com/metadata,085fcd5503ff75f99b77c03e34ef93e3373020d91146c557cee2efccf88328a7,451
pool1asfgkqtmjuusclgx72xpzvpw336gkulchtstsx9lsj9uqzjckv0,BASHO,BASHO,https://ibexpool.com/basho,税理士さんの助賛を得て税金面の相談サポートをはじめ、節税・副業などのセミナーも開催しています。ご参加お待ちしております。,https://ibexpool.com/basho/jsonfile/poolMetaData.json,ee0afff208eb8f213a1dc124c413e29b4c6bbdf438f7178296aa575f44511f77,480
pool1asw8ckedtetw9w778dya6nmn84zawjnd07fwhm8tn29pkav585j,STI4,stakit.io Pool 4 by TOBG,https://stakit.io,"High quality Cardano stake pool, from and for the Community",https://git.io/JylXs,11ac89385038e8c79e76194c14e658910cde2b4f0f148ee695a06bad32a31d1e,314
pool1augg8mngjqjmxr8zypdqx7066f67q5cjcuwf738ja7csynadd99,IOG3,Input Output Global (IOHK) - 3,https://iohk.io,Our mission is to provide economic identity to the billions of people who lack it. IOHK will not use the IOHK ticker.,https://pools.iohk.io/IOG3.json,47d5ad9a718bfd40892ab89eb46b34ef2b1ebce9ebba6f5410a1ab96284771ed,210
pool1ax8znp3yeeh0udrr2vvtm4wkxjldwv4mywycn573km7fu20y5xa,,,,,https://staking-fm.site/gaga2_pool_Metadata.json,7a65cecafbb413ba492625325772b90a2b12845fd8dcc13876530cd19469b043,233
pool1axdf4rwjfsd5agnl2na2t73emm2sae078nxeyf3mf4c6vhh0dwm,,,,,https://www.pbg.capital/spo/pbgmeta.json,c36fe5c318148598fbef601a8d4313737033c8a14c583b6b346cd90c8fdaf549,303
pool1axeed9wqmyvm8ttgdkpazx5dr0e6ezhucnzarpua0zpdg8ycqwl,,,,,https://giveback.sfo3.digitaloceanspaces.com/poolmeta.json,ec2d6d5f857c8ce9e793ed20c9a5ac98cf4097e7029c843eae840ccb8058dfe0,253
pool1ayfjmnrv5vg6tfducvysn360re6qfwuv2rhc4ph6jk33ztuxlhq,1PCT5,1 Percent Pool #5 (v2),https://www.1percentpool.eu,The 1 Percent Pool is dedicated to run stake pools with only 1% fee - ALWAYS!,https://www.1percentpool.eu/1PCT5v2.metadata.json,09d2bdcd87015f83fc096cf61357e289e13db7e47be3918e2b114784f2741e51,357
pool1c0p84nykx0m4yqs9pkvlgagh3nlnrn77d5zed9kv9ktljh2cjcy,GOKEY,GoKey™ Stake Pool,https://gokey.network,Official stake pool of the GoKey™ Network. Professionally managed for consistent and reliable block production. Visit us at https://gokey.network,https://gokey-pool.s3.us-west-1.amazonaws.com/metadata_v2.json,dc9ada0b25b287df0f69153814a3f104a7f02cb7c0afa1c0bc2613a52908c26e,342
pool1c0xj2fa97zuz4phld87atg6yphz3hju409fm5xgnwuuvqww25qj,SAPIO,SAPIO Pool,https://www.sapiopool.com/,"Professionaly built and managed, supported by the biggest Greek Cardano community",https://raw.githubusercontent.com/qzx2/m/main/poolMetaData.json,6144a7069e82559b04b6e9ec802ab659500cf2755cc3b7b8899a7c4bbba00a7e,368
pool1c25428845rm7sp2cja9jgahpr5kll29srjdzzh84pu84uzanqfc,,,,,https://autostake.net/ada/CODE-autostake.json,b9e9c60575945ff5b6acc5779440c0bd5691eb4b7245d6227dbb14bb942a90ac,394
pool1c2utlagkpht4zj0jetsf245c258geuxnjqp9kf4f2z9rutx9dz4,QCPOL,EN/FR community from Québec⚜️ Canada🍁 HOSKY ISPO,https://qcpol.stakepool.quebec,Joignez-vous à la communauté Cardano du Québec! Tous nos serveurs sont physiquement au Québec et gérés par des professionnels IT. / Join the Cardano community in Québec! All our servers are physically in Québec and managed by IT professionals.,https://qcpol.stakepool.quebec/poolMetaData.json,ca053fef4b28242ebbdec5bfe99fdcd0ce37927a281dbfd3173f09a59a7a8432,524
pool1c2wa8326fulnkq42uerra78pue48pdwsqru2dhp5xrhsgzqmlsc,,,,,https://git.io/JYOZz,837a803bef26c33ee2b58fafd727f417f59b063906c90eec481a367fd1d6eeb9,559
pool1c2wf97p3j9gfvfjshj99ufxerpy3aznm8tzr2fd0ua465s26th4,P2P,P2P Validator,https://p2p.org/,A world-leading non-custodial staking provider with the best industry practices and proven expertise.,https://static.cardano.p2p.world/mainnet/p2p.json,f158ce273754c5b400f4a2c4ae90cfc48f4e5ec00f6318f5775c1de31c14ac57,618
pool1c30lqt59t8sjn5lg04r5wk5eucxa5h9cj05xs9gzc8lngl4cmta,RUMOR,"RUMOR • Single Stakepool in Europe, Croatia",https://rumorpool.com,RUMOR is your gateway to Cardano rewards and securing the network | Self at Home Hosted Stakepool running on Bare Metal Server,https://tinyurl.com/y2jran32,a0e56fe6b43d9aed7d066b4ea6dae11dcb7df67a7407e8131af6c13949d2a8e8,480
pool1c38rf777lz0lweuz856xtetz2p2tfq04xfles089839tclt4dp3,,,,,https://git.io/JBakP,3f6883ff4013b9300c2cc7c6961e3b877236d87e1e4dab852503461c9cf4842c,317
pool1c3ecg6h4m73a2mftmdm9mz3gxklxmnzuwzl9e38lzd4y26qcm8a,COSMC,Cosmic Asset Stake Pool,https://www.cosmicassetpool.net/,We are early adopters of blockchain technology based out of the Pacific NorthWest and are excited to push the Cardano Community to new heights!,https://git.io/JkliK,a79e92e9e23099e1f9418ca3d7d7d6abb8f31a42c23fa0178888250b6acbfa50,257
pool1c3kxs76qj58284f923cx7ed8vw25en3nfghyurv0z9m2g3x9c4j,NAHA,Kaze-Wa-Minamikara,https://twitter.com/kazewa_minami,南国・沖縄那覇から、Cardanoの未来と委任者様に希望の風を届けるステークプールです！問い合わせや相談はTwitterのDMでお願いします！,https://bit.ly/3nueB8j,9d3adfb4567df8b7da77d90cda02caccf3417eeb654b0683d664459cdfa9cc0c,497
pool1c45udwv2kdjcth5fvnhlklsz2tutw8spl9tcwnfw7m8cxl8eanm,,,,,https://krewe.cloud/poolmetadata.json,fcbd2fad0208c59b3e48f496c0b02723808efb5ddd93fcb0b04fab9ee6577ce4,264
pool1c4padx3e59x8wgxpsh3208rkf8fv4v6ez2rx503de93n2jl0njw,,,,,https://s3-ap-southeast-1.amazonaws.com/binance.ada/bnp_0.json,906ccf5369c0eb592d7fdc4ecaf432997b36168e1e9beb26c59e2e62043af9a7,245
pool1c4y0lwrzus07c34py4x03juzqwa38zmvd0tc7ld5hp77qwpp5qe,,,,,https://outerspace.money/MARSv007.json,fcf46ff6ce0f057fe1db868e2a9eea9a5d758528dfd306133250fc77d2b88234,233
pool1c55n72ag3tz8g7rntzuu9a86u7eugsy008xl3xsje8kwgvz2vdz,,,,,https://pools.emurgo.io/EMUR4.json,fd4d8d16cc1e5c760d09095d45519dd25a6ebd1928cbe077e6b96836d85b5201,230
pool1c7jrfce3zxkk9s9enzpvwj8fuayvx3pdzc2k2es6mrw6gsfcjep,EDEN,Garden Pool Three,https://garden-pool.com,Grow your wealth with the highest pledged pools on the network!,https://garden-pool.com/gardenmeta3.json,4f6bfa486803cd32f8a5cb95668e83eeeaa7561328d0319b52d7f05e3beb802b,575
pool1c86ul4pnqvu7jzag8fjdy6dgrn6pt4ad4vmyq038hyg0wl2kaed,BAIDU,baidu,https://zjavax.github.io/cardano_doc/#/,摆渡权益池,https://raw.githubusercontent.com/zjavax/ada/main/baidu.json,0e194755084ddb46d89139c34d7d58536b4f175baf1a858f507858a5575bb2ac,613
pool1c89d4drtwn0048mekkdkzllz559ahnntxelyw2mppxnmc36hjlx,CLIO1,CLIO1,https://clio.one,What's past is prologue,https://clio.one/metadata/clio1.json,47530ba97c12e2ac40462e9c86eeb07ea555877d2a1f9d74b6ff8471839267d8,639
pool1c8k78ny3xvsfgenhf4yzvpzwgzxmz0t0um0h2xnn2q83vjdr5dj,,,,,https://metadata.zenithpool.io,21cc44498ab6e74e081a805e629fff171a66d0c8d034f9c4c645dc65c321e7df,276
pool1cact6224505keg4a4lysleec0mq5886rlzcr92q5ndftuntfe0y,,,,,https://github.com/Bmtxs/sp/blob/master/md.json,c55430f2da2f9e73027cc7919829dd0ed3797919d5d21c21eaaf53c57cd7c5a1,210
pool1cadtxkx0lkrq5refcn8p3ueujn4r0wvuk57f6efwflj22gg0qqw,,,,,https://vsit.bg/randm.json,b6f3f351f6c4dfe6c7b657ccf66641fb7f84655c55ce21bdedc7add15495feaf,255
pool1calq8kjzrvp83l80rtvgmulausl99q4tjfkz2lp227vkymd5wgg,ODIN,Odin's Pool,https://odin.baselinux.net,"Let Odin himself keep an eye on your stake! Independent pool, active since August 2020.",https://odin.baselinux.net/meta.json,7bf4ca39ca8cea4d0cb07d604ffce5a72111d18ab628f9e11d1028828267ea2b,448
pool1caulv7s08g0jnptzdc69qycptacu7fzahny2epzh7sh9vhqz6xz,NUFI1,Nu.Fi & AdaLite 1,https://nu.fi,Nu.Fi & AdaLite 1,https://pools-meta.nu.fi/cardano/NUFI1-metadata.json,9602212cea981aa65e18dd85082edd2696b81373f61450787005ccd7230615b5,382
pool1cc76kmtcpf6vht32ya5ke9er74dnpy4jh5qpy4klqwp87ygdsu6,,,,,https://kblocks.net/kBlocks.json,9cac7ad6a5201345007b8c5d880ca4a4998c2f5a03825c590d63482cb52e58f5,324
pool1ccr56kt2f5tzjvztlkf8zhkpvaawkduwfye8ydsk646lz0m4h5x,APOLO,Apolo Stake Pool,https://apolostakepool.com,Argentina and Brasil based stake pool - Growing the Cardano ecosystem in South America,https://raw.githubusercontent.com/apolo88/ac/t/pm2.json,72f879d576c6346d1548d961f8771619413cdd85165fa7fc8c0cfedb2c533c49,283
pool1cd987kw92e3nmjywcfwfws79a09rwp0p0xj5mdtr39qukxgp9uf,,,,,https://pools.emurgo.io/EMUR3.json,1960cdc9d22896d6ca8e66cdc1c511871f3a3800376a8846b2b3a5e580879d4f,230
pool1cduc7ut6grhqyavrmm3gzcdf4qfdsjk7vdwcxy9c0r5fyaxh2sq,POOLS,cexplorer.io,https://cexplorer.io,"cexplorer.io is a independent tool for your better staking /decision-making. Still online, updated and ready to help. If you want to support us, stake with us :)",https://cardanians.io/_storage/pool-cexplorer.json,9671a6184048d4e51c1ceed9a494bbfef30e6b3dd8db40c24881b410411a99f2,335
pool1cew2q6pge250exctkq26lyl0w95923xxa54thd79nv8xy9j3xe6,ARRA,Arrakis,https://arrapool.io,Professional and Reliable stake pool. Operated on Earth.,https://arrapool.io/meta/arra.json,9f6f87038fc504bf2093e17a910ee4990889c9d45317be4c36eeddbe9d604ca3,626
pool1cf7mqj0xd8z4jqhr7nf565mxuvepk8euv5t6ehmuwe49kfz9llr,TOKAI,Tokai Stake Pool,https://aichi-stakepool.com,"委任者様に安心して頂けるプールを目指します！ With low fee, please stake with us, a Japanese stake pool run by JPN-ENG bilingual SPOs, who want to dedicate themselves to Cardano. We promise to be your most reliable stake pool!!",https://aichi-stakepool.com/poolMetaData2.json,a1e5b297d7e6d72d671f868f1bbe7aa3b16a919cc11922dc050d5bcbad0142f6,551
pool1cg559cdc25fkvs73umj6w5nxlwy3mpmj02xt7p4v69eqs5ncz9k,WOOF,Woof Pool,https://woofpool.github.io/,Your operator is an IT pro helping to grow Cardano by writing code and documentation. WOOF is for animal lovers. We donate a portion of pool rewards to homeless animal charities. We are a proud member of the Single Pool Alliance.,https://git.io/J2WYy,1e72c7d7329f2779a44269de19e517ab4eefdc60ffbb2b07881054caecf758cf,627
pool1ch3k0e07dhqwum847sa02cyecrp000a6egdx89fz5rza230jhlp,ZAM,Mission Zambia Stake Pool,https://missionzambia.org,A mission stake pool aiming to promote Cardano in Zambia.,https://tinyurl.com/missionzam,763a9bb9bd0fc5aae5d035add950875b04845832ddbbbf29cb6b3218512409a2,468
pool1chtam5czevzk2ttctvltpsc8twlwf6zzyh7kj3jkz72gks975sn,NUFIC,Nu.Fi & AdaLite C,https://nu.fi,Nu.Fi & AdaLite C,https://pools-meta.nu.fi/cardano/NUFIC-metadata.json,65c340227dce25003f5ed7a100ec3af6a1b64f3064df36f357fbe5553a1fa613,320
pool1cj2uh0ylps28czcjslnz85v2zyf8mld0w5tuqp3amxk4jjwfkgd,CAT,Bit Cat🐱,https://www.bitcat365.com,Professional PoS operator supporting multiple blockchain projects. Enterprise-grade infrastructure insure safety and stability.,https://www.bitcat365.com/cardano-poolMetadata.json,ffd11099ebaff88639a062b9d37f92e0d81ed71243a35f894e3770ddd1a57899,267
pool1cj8dxjjlyn9xmjavr98ytmvlpd4vwgqp36kq8rl6jjyt6k2adfh,,,,,shorturl.at/pwBFO,cbc043931d0a253c20920555238e286049b2de0b9b719bfcd9e490bcfa452286,373
pool1cjz6kg9a8ug9uk0nc59q60a67c2628ms58rd98gq587jwa2x5qt,GENS1,Genius X 1,https://www.genius-x.co,Genius X staking pool. Stable and efficient ADA staking.,https://bit.ly/34WZfTH,0040ac99f322ee57e68a541295e4686d1c4777cc8b78a2d80f043f53d63c3ed0,390
pool1cla5u6tuqeupjd7ckhhrws0y66ej6u3ks5kd0sukgc5cvrspdq0,TOMO,Tomo Stake Pool,,"Stake pool dedicated to Tomo, my Siberian Husky.",https://git.io/JO3rA,3be1ddc032cf50eb515fb65fff1e5780bf9b1e6c8b337e7bce5e60e51155df58,261
pool1cljrz5vyw7jp2mp23nt9ywn2wdg5ulamhalw6d3mng326laxs77,,,,,https://bit.ly/3pFYJin,986d32625cb254026068ddc68c06cf554cc789381eeb221b4bcbb9cf29b565d9,360
pool1clqazwqrc0mkuu20l22z8c8uqlwjtj5jna6rk940ufjjvqu0fka,,,,,https://onl.sc/EX8zJxc,593c8f4975f2bf102582dc554c5c13b7d51645b7691774038e602fb200ccf046,429
pool1cmaafeyy52ppz62jqmsm20c5p8nua7xx95lkkf96ktmqqj3w5td,EDEN,Garden Pool Four,https://garden-pool.com,High-pledged pool for maximum returns!,https://garden-pool.com/gardenmeta4.json,0eaeb64c5df1aa147e6c492b60c692d78d223dc0eb65c55e46dff5a78180a762,575
pool1cmqpzlsrrjup8zg6qaperz868u64dlt7uvvdszsr658mvzz9qq0,TREK,stakeTREK.io,https://stakeTREK.io,Married. Father of 5. Part-time Organic Farmer. TREK is your path to Cardano Staking.  The Journey Awaits. Let's TREK Together.,https://raw.githubusercontent.com/Arcenius/pool/main/p.json,fc7d8ff57416a7fcefaeb569dc49031c2b48c57cec28265d2dbfe1d0eccede1c,586
pool1cn0dqtplwf67fds40hgkf0u5rm4q4azev5qutmgkw5hdyvue2ue,NEDS2,NEDSCAVE.IO,https://nedscave.io,advanced staking,https://nedscave.io/neds2meta.json,ec993ec19471032f0de071db6d28c4e8b40927f9b073b0b68090cf12230d63bb,619
pool1cpqpw923842ple6gnkjl0k2z238uwm4s8xh53ryzxcavu89rp9p,HUSKY,Husky pool 2,https://huskypool.com,"Making Cardano accessible to farmers, grandmas & even furry animals",https://storage.googleapis.com/husky-assets/m2.json,d70f5207378e4f212e5a9c6b18bdcda08ff293bd1c883b31d3746bf7e10711d5,476
pool1cpr59c88ps8499gtgegr3muhclr7dln35g9a3rqmv4dkxg9n3h8,LACE,Open Source Software Fund,https://lacepool.com,Staking with LACE contributes to the Open Source Software Fund.,https://lacepool.com/metadata.json,e4248a3c9d076e4055faac7ff7056c0482828a726f839d80887420f583955b4f,448
pool1cq25dmlt5974x8tqg3e4dlzvrxefcce2atpnwlfp7ad5ugec9fp,BEAST,BEAST Pool,https://twitter.com/Beastlyorion,This is @beastlorion's staking pool.,https://beastlyorion.github.io/poolMetadata2.json,c75313b3d9469f7d720e0fa6e01934331ffde9009bbfe9b40e09df1d3883a73f,468
pool1crprz3rdcwvfxmc0s4gxquh3qeqmscww2qfvpl93q52yyn7agsc,WOW,1PCT Pools at 1-PCT.com,http://1-PCT.com,WOW! 1-PCT.com only charges a max of 1% and the lowest possible fee to optimise your ROI,https://1-pct.com/pct4.json,1e842e562853969709d511bed4242d62e2da6af7bd5478212c1196436e746d0b,265
pool1crts5gmqr34gsrn6wvrhfs9yqp0ynu8t2t4r350xp80s6pc56ue,BREAK,BreakingADA,https://twitter.com/BreakingADA,"Community- come and say hi on Twitter @BreakingADA, Thank you delegators!",https://git.io/JqWWr,555d5832fc6971c081cfef6431c012a8b28f75a0149b9ef19a71794f42ae4a4a,331
pool1cspe7naf0mtntwyysqxk6czah3jlh6v4cja8pdfju932yxsehnm,CBH,Cardano Blockhouse,https://cardano-blockhouse.de,"Cardano Blockhouse is highly secured by a hardware firewall, DDoS protection, VPN connections and frequent backups | runs on reliable enterprise hardware",https://cardano-blockhouse.de/pool_metainfo1.json,0cb0e0858e4f7efe751ece86eaa8a1dfdd6b45037e787c6cd08eade2cd318ebd,627
pool1ct346jetdmd2nn3475ckgehmgvgrwah4lu0rtgy374wvu6ka27q,ETA,Moneta Pool,https://moneta.money,"Moneta Pool is committed to providing top quality staking, and the highest returns. Operated by professionals. 0% fees*",https://cardanostakehouse.com/7497bf59-c83a-4b90-b974-a77.json,4fda42ea2711e18bec2bb150d717db7afdbced8a50317a47b74479ed392a6e36,274
pool1ct59zfxfvtv74k3mmukq5faq7kc48wuxrstyxtd02pxluwf6mkh,,,,,https://shorturl.at/jAKR7,cefcf0646671cbcc5a1f1ed28fecc322507e9e9edd3b30cf46f9121379c67198,466
pool1ctxzwfw9gxcrnv3l5rpm80vxxc264acvvpkv8gcj7cf3vk6uzce,AJGAU,Australia Stake Pool by Team Australia,https://arthurjgoldman.com,"Australia is becoming a market leader in blockchain adoption and innovation, with patriotic people who support their country and flag. AJG Team Australia have set up this dedicated pool for people of Australia, with 100K pledge and only 2% low fee. 🇦🇺",https://arthurjgoldman.com/metadata/ajgau.metadata.json,5eb7cba29c6e4ea62fae4398bc2712eee30a2b5a54058570e423c85c06dc6996,214
pool1ctzja2cdwyeqnvehmrlclc5wrn9w9acwklk3acn73jrx56d66vs,OCEA2,ADA Ocean Two,https://adaocean.com/,Cloud based reliable stake pool cluster,https://adaocean.com/poolmeta-two.json,350f8d7b656acd7537146593e5d66fa1802bf7ed08fccb99c541f3a79000d9be,643
pool1cuccvs6vdlrxw67kwvzdx3gcl3ha0402mkhhseqmre7u7vdkwev,ADAGO,ADAGO POOL,https://cutt.ly/ADAGO-pool,"ADAGO – Cardano stake pool with low fees, high security and reliability",https://samsapiol.github.io/adago3.json,4cf1181d4e778de290891b0546f302c002750e98e841132c20748f77028db2c0,367
pool1cunvnkjkzh2lna593sjmkylcr3r5rmxdpr8r9u6pfuer72p24x4,,,,,https://pcpm.s3.amazonaws.com/LBF3/poolmeta.json,d6162abeb8de691abf54809d160210efef60e008466263962fb6c551fb92ad91,584
pool1cuqnuz57puz2qd3enr9vtkcp7z92ge4h2ks6j8zzknztx3283q7,BRAVE,BraveHeartStakePool,https://braveheartstakepool.com,At BraveHeartStakePool we are committed in providing the Cardano community with financial. We will strive to provide quality reliably service 24/7 & aim to maximise your return on stake. BraveHeartStakePool ‘BRAVE’. ,https://raw.githubusercontent.com/woodkm/brave/main/b.m.json,606c93e0d63032f9abe4a95b24a93e869a882f9f2ec919d14d6f532ed72fe6a8,365
pool1cus3lsxn962f3tx30shytad9u8487jpnqz6875tahxr26waf2dv,,,,,http://minasan.io/poolMetaData_v3.json,94e316a3453e25f1a1a5eb38bbb7bba2cd547a11626421acdada60f249c8aada,297
pool1cuxntl7ppq6g9992cphc7t7xt6hghmevgu3u2d0tczps5hu6070,,,,,http://blackswanpool.com/blackswanpool003.json,bbace019d9634dd7a28392882dad55081731adf7ff970f1798b1b140a08d08b8,268
pool1cuzhrcpp676p4u9yk2vrtj7utmq2dy4ey56uw6znml2f5hrpgpw,MIAMI,Miami Stakepool,https://MintMatrix.io,The Crypto City,https://git.io/JgfuY,57c19eb803260301705d8a94a470253e35d243eaa2c5c9b26e76b675a86c48f7,296
pool1cx79cuquzjdm0c6xk3ace333zcq83v44p68vx7edpfufzkp8m35,,,,,https://smart-node.com/cardanometa3.json,cce429255336b2f6a9eeabe55b36773bd607edfe130cf3ea351e6cf769aa8556,289
pool1cyetkjtz5ly62hrukr2acyw0t8x9fczn0lkw0ech5x6wjt6xd9z,LUX,🌜 🐳 🌟 Pool of Luxembourg 🌟 🐳 🌛,https://www.visitluxembourg.com,🌜 Official non-profit stakepool of Luxembourg. Stake in the financial heart of Europe. 🌛,https://stargatee.github.io/luxchain/poolMetaData.json,258d1a486b0648d3b0a8f22397d51fc29ec00c3533db6ff155f82685744faaac,250
pool1cyha5jsy6g06w699tw4awy2jw7gxj0azm38yzetr7zls7rkl0t0,PLUTS,Plutus Pool 1% fee,https://www.plutusoracle.com,Low margin equals High reward,https://git.io/JJS6U,c4a184a0963600b9ac46a35ace34deee89984ced05c9b11ef35f6b2154ce6bf2,227
pool1cyq3v3v43hu7spwlfxdm6vq9djpsjjueerhlu5qr2rvd57vqk84,,,,,https://meta.wavepool.digital/s4.json,fab1d785c2723f6812f744e7072b880b7d46bb708a192aeda9a603a39bdbede5,517
pool1czg8a3gg33aujkkcf9wrnr8zf4qq9qn0rrkh04umrg60k0vyvdl,IOG4,Input Output Global (IOHK) - 4,https://iohk.io,Our mission is to provide economic identity to the billions of people who lack it. IOHK will not use the IOHK ticker.,https://pools.iohk.io/IOG4.json,540bdf0957350f1bb2da583790729e4d4845ce9b4ef47f9e37023744ca3f7278,210
pool1czuxqfhx2fs6q6vw0z0u9c93eumvs45nm0cu65tqvaqq65zu9yq,DOOM,The DOOM Pool,https://pbs.twimg.com/media/CWskMaUUEAAR53c?format=jpg,Join us and bring DOOM to the fiat system.,https://adapop.org/DOOM2-poolmeta.json,980ae432a9b9c4526beaa453ee227767fad1a1d74bed7be4d47c7375905b4aa8,212
pool1d04sakv5um2c8yrp3lm9ncncupgl7f7zw0lz2yuz3jrzsxvf42n,,,,,https://snowpunkz.io/poolMetaData.json,f66a2e385c1b5b871c0252fffd22350cf262113884697998b713994d8c9b01a8,331
pool1d09rylh8tvkz3mt6uql73jfzrydq3j6ezswxp9a73vm95e3659g,CPH,CloudPool,https://www.cloudpool.info,This pool is made and will be maintained for us to have a brighter future! Delegators! Let's stake it till we make it!,https://git.io/JtBUZ,b5c2c8a952468267330903bef7a8345074e779ebcfd99c53a85379e0012eaf36,250
pool1d0m6dxdvqcltvyvjjha2v5hyq4rxf4xzs7j95v00hpxvzuu7wqp,,,,,https://bulpr-meta.s3.amazonaws.com/bulpr2.json,fd395481b739061570667b3c71a6115bf0f552f56088abecb6298aad2d3dfb95,304
pool1d0ze7l6t8gjng564zsfyd7uw7snenpsjh9dacawdpr9g27djq8f,DEVIL,Devil Pool,https://devilpool.org,Save the Tasmanian Devil,https://tinyurl.com/ywhx6atw,4a8a3448585539f0887cd682a556c3d7db71a3d59f63d78faba68b5effdefde4,301
pool1d25d0c06al8geglarw7yd4nqh65nws82d7v04yrv2eec7rwcjlk,COMET,Comet Staking,https://cometstaking.com,High Performance - Secure - Highly Available,https://git.io/JqcDL,6980fa1b60f45b4d58ad975ce9241481fb5194ce6ef34d8426cbe8133347389a,255
pool1d2cl6yayuxp0wv0v7dtvu0s52vglg0x4z2lz27d6x4ewj72nk2a,,,,,https://cardanians.io/_storage/pool-whale.json,a6d29d76ec5f3cfcdb84b5332352187471919360a85f5a0c934a60839aa6d083,300
pool1d2smneyj9wkee0vkqm5se44t4x44fugq2agw7k775s6yqqcu7zr,FIX,PoolFix,https://adapools.org,"Money doesn't grow on trees, grow for our experiencie. Follow us in instagram! https://www.instagram.com/pool.fix/",https://cardanostakehouse.com/3f1c5ce3-5bc7-4287-a071-022.json,a8b2b7460eab652a8b4220c5dc86319953248cea3826560536dc74409f4db213,286
pool1d2ycxn7gk0zlece3t7yk5ed34lm6z0y29xrqugd6swupgr3fv83,,,,,https://cryptoforpets.s3.amazonaws.com/pool.json,f21d10b78ab44f4719e4d4d385552378d6a32c9ce048deca9dec3352abafc34a,277
pool1d3gckjrphwytzw2uavgkxskwe08msumzsfj4lxnpcnpks3zjml3,CRFA,Cardano Fans,https://cardano.fans,We believe in access to financial system for everybody,https://cardano.fans/static/crfa.metadata.json,691ac4d6c2faa491c5a901271701220bd046db2c220835b7aa074693fb5a8498,599
pool1d42r0zln3kvvc54w4945735gnrm635as8hj8zy38tjprw2l49rd,,,,,https://hysleeper.github.io/meow/poolMetaData.json,bf430868962ed10add7d5e52c502fb1de6b73d96e0d7c05ea3e2d40ae7d42b9b,578
pool1d5lk27jlkaj6dx7ndexjzmdqtt5hnnpx5224awz83ye0v28ve42,AHOLY,ADAholycs,https://adaholycs.de,This Cardano pool is built to be productive in future with environmentally friendly and reliable hardware. The pool operators are full time physicists who developed passion for Cardano and the decentralization.,https://git.io/JtZOn,d2f8543b7e5bf01e7d6c02633266bd11a26adc096892435940e20e627daa2416,313
pool1d5zrmzgskqzse485j7p5cly2290xyffr2tyq9d8ngkzyxjjxwtm,ELLY7,We are Grabber,https://fimi.vn/ada,Hold ADA for new bi,https://tinyurl.com/4bucek56,be83675509bc10a98efe4696f4ebbf817dbdd4a37214e867d54122e363876c67,342
pool1d667gxendhtww73876gztgal56zhyt57rtcmev4r5a6sgcrm3v9,,,,,https://metadata.quentinity.co/mainnet.json,55e7a38932111b00dda2d5b3540e65ccfb7c6ca0a3e5f8634877f994d5fc531b,261
pool1d6x9pl4uz5daucpaql34ma2aewrxnlkcrkuahf9ut6ruxzakrw7,VapE,Vape Avenue,https://vapeavenue.info,"Fast, Reliable and secure with 100% uptime",https://tinyurl.com/y687vq28,bd657ecb90f250eda99862ff0e0bc327af8cfd0494006a03cd629d9eb4e5627a,279
pool1d70vllztcsgx3ku8h5vnukzz2a7lpzjxfjmuqqvxtj9kq27hygs,LIV,LiverPool,https://babbageblockchain.com,"100% Renewable Energy Powered Bare Metal Pool in Liverpool, UK. ",https://babbageblockchain.github.io/LiverpoolADA/MD.json,78fd0a2a346f7d16c609e63e7673c4cf2a41873004e623a53c3c68bc4f6c8355,248
pool1d76p7zfn2ydq577z4wsvmnl2lx4cxa3s5vplfuhvr8qfw8hd05j,KYSN2,KysenPool Thunder 2,https://kysenpool.io,Unlock the Power of Staking through Secure and Reliable Blockchain Infrastructure,https://www.kysenpool.io/cardano/KYSN2-Pool.json,20b1cf71483559f883e889f598d369fdb5342d8bfae40325c46b71abe25aeaaa,591
pool1d7kyk2sypjq8ka8s5ud28vsa7dd5f3n6u5hu96rzsfwh5z0g4l7,,,,,https://joinprizepool.com/poolmeta.json,87ab39b88f20c23d5bd6e8aa5ff8f4ef18519bc5bec6911ee88ebd3b38136a9e,317
pool1dcjycc5mvj9svh9ys482078mnqutu48k3zj7uqzswj7m54a7hzr,JUST,JustStaking.com,https://juststaking.com,"Focused on running a fair/just staking pool, not news or price predictions",https://www.juststaking.com/nothingtoseehere,33ab13ecaad6e3701fff193c75cfd04d0fba9947c77a594240bacf23b77e465c,342
pool1ddg6t2h9kj6lqlec4ncjs945lzj43m3ggrgdhf5sgzhtygpkznz,FAIR,Fair Pool #01,https://fairpool.eu,Highly available pool with a fair margin of 0.5%,https://fairpool.eu/fair01.json,8127f98bbad5af53a473e609d11e90f4135c2ae8cc86f27fafada12681a25d37,362
pool1ddgcpgjcyawxw95se9x8qnc8gxgwjr4fqrk4vk6v9x47s0ggpjp,1PCT8,1 Percent Pool #8 (v1),https://www.1percentpool.eu,The 1 Percent Pool is dedicated to run stake pools with only 1% fee - ALWAYS!,https://www.1percentpool.eu/1PCT8v1.metadata.json,22d37c0cf6b2eb2c5d50305a838109a6abec78fe9308b9b200e8df7cfbdf8098,303
pool1ddghnthymd3duklvx5pfunymqg29xe4vlmy89u2efyjdktn33kz,BOOST,Ada Booster,https://dbooster.io,"Distributed multi-cloud relays and bare-metal core network, 24/7/365 Reliability.",https://jimcase.github.io/cassoweb/meta-pool/boostm.json,589f7c5adb7127e4aa4c539d6bbedaa7ef66a41ca79a614bf26bacaa9baa4537,335
pool1ddskftmsscw92d7vnj89pldwx5feegkgcmamgt5t0e4lkd7mdp8,,,,,https://pool.adascan.net/meta/v1/poolmeta.json,79e7cf8d936bf0ced040516b288e2edc76f2f87af5400f92010a682de3a052e9,217
pool1de64gn0cm6uz73s48vs0t4chvm02efcppzwf89uy2ejny2nwgsq,,,,,https://raw.githubusercontent.com/asdfz7/conge/master/md2v1.json,28dd58e2d6ac69564635ccbe96f7039f4c159c5948b203d1ad9856d6d76fb8c9,341
pool1denmfptpdhy2vp8q92ttrmalf3kynyv7aguudqzeq83d7zpcaeq,ACP1,AdaCryptoPool1,https://adacryptopool.com/,AdaCryptoPool,https://adacryptopool.com/acp1/poolmeta.json,8fd9b75218353d9cf2c8df8257fca929656c37aae5be09adfb9d04243cf0096d,450
pool1df62yqh0jyl8zq96e6v5aph04l6pr3jnant35xnhv4ndg0l2uej,VDOTS,Vision Dots,https://visiondots.com,Vision Dots,https://git.io/JmFbu,544e6a20e68a529fd4ef992116397b72ce70920234b110ce3682199da559c20c,257
pool1df9rj4n0t3zlpak7xnh4ue6t3yh9zlw7a02w4l8askp77up25rt,VEGAS,VEGASPool,https://www.ada.vegas,VEGAS ADA Pool,https://cdn.statically.io/gh/sp33dy/VEGAS/main/vegas.json,b0004597785fca668b73aa75d5bdd4231781b0fb9c303c6306d619bd5567bf05,459
pool1dfg7g6u6vvs4av77frff5f2zejznmjmvtewhxzyg5h3p5m3we65,IOG6,Input Output Global (IOHK) - 6,https://iohk.io,Our mission is to provide economic identity to the billions of people who lack it. IOHK will not use the IOHK ticker.,https://pools.iohk.io/IOG6.json,57baf2d1e1ef927ce7445db9a440d610e4b09e54d68d2fff80260ad6799d0046,210
pool1dghwejqptsjtf9k8paspg9rhl8humxx0nh7sk37j0ada2dr9mqh,YOROI,Yoroi,https://yoroi-wallet.com/,Yoroi,https://emurgo.github.io/cardano-pool-metadata/YOROI.json,c51fdba7791eceac8be04aff29c225935334bb0727f16928dd980dd5266eaf19,609
pool1dgmuwu0txducah4pes4e2avlcv98wedml33kdz7ujtrrxk8xv9y,XORN,XOR NAND,https://www.xor-nand.io/,XOR NAND ADA Stake Pool,https://api.xor-nand.io/xor_nand.json,2d9228821425b2b7e80a16a5342d21cc04ffb28af90889fa73504502ecaf6f52,275
pool1dhf4dt395f0c0ujnscazvzvw73ynzgwvtf5k4y9c907hwjdyaq4,JSP,ADA HARVEST Staking Pool,https://cardano-ada-staking-pool.com,"We monitor our systems 24/7, ensuring quick responses and contributing to Cardano's future. Our staking pool system maximizes rewards, offers secure operations, and maintains high-performance nodes, making us a trusted choice in the Cardano ecosystem.",https://ippei76.github.io/jsp/poolMetaData.json,b485c1df72abeb366803f298ac1a75cc34480aa2cf57986082c31066971e40fc,508
pool1dj4l8qma9zzqqzhsawdkvxrs7qyqyv70kn56ywdqqazscvcqvva,K9K,Chicago Public Pool,https://www.k9kstaking.com,USA Cardano Ambassador | Family-Owned and Operated | Mission-Driven Pool,https://www.k9kstaking.com/poolmeta.json,229722000e096104ab3e3432c41423ef9f7763bcf6e8a18a7eada5306cc4eb0d,302
pool1djg8jsygtculv3q2qdrxtnpxfq003pdxcvlw2pvfupq7jm5xpgp,ADAAP,ADA ALPHA POOL,https://www.adaalphapool.com,ADA ALPHA POOL,https://www.adaalphapool.com/poolMetaData.json,e2985c009dbaab47a5c8c8ec8c75c4425ed93643c8ac08e2df183cbee969f2e4,259
pool1dkww2vlysa8lsnuf5rca979zdsyr3zvt59hu7e420yxfunkka2z,TRUE,TRUE Staking Pool,https://7ru3.com,Decentralisation matters. You can do this too!,https://7ru3.com/metadata/true_082020.json,7778c9ba2c70915cbd67783d0a1d20df2b16469ec3b178b90ec2aef4ddceca35,434
pool1dmnyhw9uthknzcq4q6pwdc4vtfxz5zzrvd9eg432u60lzl959tw,WRFGS,"Stakepool for UNHCR, the UN Refugee Agency",https://unrefugees.ch/en/refugee-stakepool,"UNHCR, the UN Refugee Agency, is a global organization dedicated to saving lives, protecting rights, and building a better future for refugees, forcibly displaced communities, and stateless people.",https://adastakepool.t-dx.com/unhcr.json,508c0afe0235a29c8cfe4c3605fb6dd45506a9041b076eb995039d3a3418a4a4,471
pool1dmpzsnuwxy44ky3dskuhmwpglumy6j0rc5wyfxlu3zym798f79g,GENS2,Genius X 2,https://www.genius-x.co,Genius X staking pool. Stable and efficient ADA staking.,https://bit.ly/3HMy0d2,7bd944db119b3c8dff671281e415cbb5365850651637697cf1b81749f76bc526,390
pool1dmqzwuql5mylffvn7ln3pr9j7kh4gdsssrmma5wgx56f6rtyf42,BNTY1,Cryptobounty1,https://cryptobounty.org,Cryptobounty 1,https://tinyurl.com/y3aryqrz,f9d5e977d38c1eb387cfdec0677284d11a3f9129855b542bd332d636f9bd7bbf,462
pool1dnszy9spu7m4u9s8jqh95myuqapujwcju593eqczgl56khllyuc,WOOK,Wookie Nation,https://wookie-nation.com,"Release the inner Crypto Wookie inside you and put your ADA to work! We are reliable, redundant, & have very low fees. Maintained by passionate IT professionals who take honesty, core values, and decentralization very seriously.",https://bit.ly/3f61aXW,fc15f75feff35a4c84d5f9256b8c96f6192d494befe83e1d6c09bb22e8eb96c9,316
pool1dny787kkt067gfl0rts25rlq32v8npc2fmxvg70nkgt66vhp8e0,,,,,https://aeropool.org/cardano/aeroPoolMetadata.json,f226d1108c5f65de0fba182c446f73b9b328f12c759641e37b5a58ac865e81bc,326
pool1dpu6kslgxlg3ccrwxldl8e6r7ylnq0yalafmucp0yc7k6qegtt0,FARM,ADA Farm,https://adafarm.io,Ecofriendly Tier 3 hosted servers operated by an enterprising Scottish Farmer supporting charities,https://adafarm.io/poolmeta.json,8f46669a21167f8a21549a63ae36deaf6ff3f93e10bef89f3698a661f7b29fc1,486
pool1dq5wfv7sg636rjdmmzh2qgsrz7g2xf6gupll99n4ee5mkzxmae9,,,,,https://outerspace.money/COMETv002.json,7aa97523ec0230a644984020d802131ad00db6814ca02ad56e485c27058944a5,216
pool1dqhaw0h2f4ehpdhh57quszcj22qhkglhg6yvaf39w3clxdl2kpy,CHEF,Chef Pool,https://chefnode.io,Chef is a stake pool with social responsibility and care for a decentralized future in transactions,https://raw.githubusercontent.com/AlxM1/Chef/master/meta.json,cfda8e8e4df669999b1bd6ae1f208ace20fac0a86ad0627b4d21f863737c8322,581
pool1dqlgn7smehsnj5ztz8almy2036lfhrdjv79nmg9tmje0zzt620h,POA,Proof of Africa - Enabling Web3 in Africa,https://poapool.com,We enable Web3 in Africa thanks to our reliable stakepool.,https://meta.pools.pm/poa-m1655237148.json,07a6e65eb45478af48074812abb23773f600c397415e63b6263e1e7a44647881,431
pool1drkls8s0zzjydyv3qpjsdj58w3sw02w9wg0pckrsnuazyef2hca,AA1,Astarter,https://astarter.io/,The first Astarter official staking pool,https://raw.githubusercontent.com/d5c5ceb0/t/main/meta.json,e2593643a8b66312e45415b62d9702eca077ae0e543c236652a3ab1e348a7bc7,496
pool1drrfl4ef8uwaqsyjpssdp8epsflnwdjdku0gx7ycc6qnsqfqv32,NFTY,NFTY,https://www.nftynfty.com/,"NFTY stake pool is a Cardano stake pool that produces original Cardano related artwork, merchandise and NFTs in addition to providing ADA rewards to delegators.",https://storage.googleapis.com/nfty-pool/nfty.metadata.json,9f392999111162666603fdd758020f9ecc4c744fb49f08be7431479497a19da7,272
pool1druxd2syfrvqvepxh60fz0qhralcesruphh5atujuh0jktjy0ma,BSSP,Black Star Stake Pool,https://blackstarpool.com,Join Black Star Stake Pool Decentralizing Cardano one Stake at a Time,https://blackstarpool.com/bssp/poolmeta4.json,326439bf9cb9f8dbe9df73a55ff92c3c6309df7aa8ca761a90066f4be13fb73e,562
pool1ds7rtjqxauff54ny4avs7qxmvchepuv6u79kgg0sf84mjlhxznp,,,,,https://reetg.io/poolmeta.json,a5db77de90e5862ae98234a8f074f9e18207b9ca400d5bd89fe679b5bcf64257,449
pool1dsqcnwp40t0wc8cd2efp8mfsa9055g09wl5mnzs7kxmfze6mfgf,UESP,Unbounded Earth Stake Pool,https://unbounded.earth/,"Unbounded Earth Stake Pool [UESP] is a single stake pool managed by the Administrators of Unbounded.Earth Metaverse, which supports the eco-friendly Cardano Blockchain infrastructure. Delegators to UESP obtain ADA and $EARTH native token rewards.",https://uestakepool.blob.core.windows.net/metadata/uev2.json,765a11d408d0e821cc59fb07da30bb758a383744f3232df1fed0fdcb29b0904f,389
pool1dsqxx4ehzudlaygj5p75eptkdz3kzwcck9qrft4aq02a5vf8agf,,,,,http://poolmeta.standardize.network/,c4dac152253f53f1196eb5c82a7df23cfa0de64182ceab008da2b52a976954bf,212
pool1dswpls43u0s6cpt0dh2d6npm0rnxh5qcjm9xax9y6fp3uq880xm,RELAY,Relay Stake Pool,https://relaypool.com,"Reliable stake pool with a heavy focus on performance, stability and maximizing profits for delegators. Single Pool Operator.",https://michaelvanstan.github.io/m.json,29e9eaf6110e102396a9402b3f827826bb51698e6fe5b0e765d8de0c9b229a41,637
pool1dtpmhyl59nxcptphk6a8l43vg540r6jnssrvwf4gcl7dc6uxzyy,IAMX1,IAMX - OWN YOUR IDENTITY Pool,https://iamx.id/,IAMX | It‘s a human right to have an identity (UNITED NATIONS ART. 8 UNCRC),https://iamx.id/iamx1.json,e208bde6661b93e8747cacb841b3ef9217125839ef102111a6f1222d83611344,307
pool1du3r4a7xq60hg2x0wcz7lw5ya3qs74rk258c8kanp93rsqdqu45,,,,,https://www.allnodes.com/ada/metadata.json,5e68c5c23e57741a62d4ddbc651597d7051e3974cd158ba1060a404077192394,634
pool1dum9ya0d8dufl3alf4xska5acuq3w4p2a6fu5v50jnh9xzexsxt,ESP,Everest Summit Pool - 0PCT Fee,https://everestada.com/,0% Margin. With consistent block production and high ROA. Your reliable & trustworthy staking partner. Let's Stake to the TOP!,https://raw.githubusercontent.com/everestada/esp/main/Meta.json,fe93bf08749b0aabb73d7a22c4af69ae15e89a52105df2ebd9a28b03a89a2353,390
pool1duzuav0k4r8jx9hx7c3avpyr2c9hc4muf0nv6f2n6ea47e9x5zf,SHARK,🦈 The SHARK Pool,https://thesharkpool.jimdofree.com,Jump into the SHARK pool!,https://raw.githubusercontent.com/jsg7/c/c/SHARK.metadata.json,7098ee713c53d42b6f3cd64d44e6bf94b80df700477129ddb17cb70503fdda80,211
pool1dv4yvcrl2kefasd4qxf8pzu695npqqfdzvlyauh2xqfhgf6ng8d,ION,Creaky Ion,https://www.creakyion.com,Together we Hold. Earn. Grow.,https://raw.githubusercontent.com/careykoni/ion/master/m.json,aab3a435ca7a628bd286c5ba0bb980b186848d0d00bd89c7ebf907ecd8a6ef48,214
pool1dv7s5fn4m9dee8ncvx5hktfmsnx6agydhn798rfdqjazuwr84gc,BOBA,BOBA Stake Pool,https://www.boba-pool.com/,Let's savour ADA rewards together!,https://boba-pool.com/boba.metadata.json,a109365fd3139a4dd317782fd5610971d8b3d9fdbf00ff65797c16c0e0b25421,344
pool1dwthjmzrkm5q42yqa3x50jaye6pg57n7t569c44an6hzsg8qake,ADAO,ADAO,https://summonplatform.io,ADAO - Summon ISPO,https://staking.adaodapp.xyz/metadata.json,faaa55b4d6a59b9c8c760442c61d8ffd6ddc3ea4ad7d8abf633f446ecd27f222,481
pool1dww6s8stvm7dl2n8740s3v5rnxmsuqcl8jcnu64g7cds5w29pft,1PCT3,1 Percent Pool #3 (v3),https://www.1percentpool.eu,The 1 Percent Pool is dedicated to run stake pools with only 1% fee - ALWAYS!,https://www.1percentpool.eu/1PCT3v3.metadata.json,559b702e60d0ac53e52085bde0fc34eac7b920eb07364974ba6a178ba0de6c06,303
pool1dwz6exl0220n6zm5pp9ehnn4g2vtrwtxem0nvgcrl6amvnryp2g,TROUT,Troutpool,https://troutpool.io,Trout pool Is a Veteran owned stake pool whose objective is to donate the first 1% of pool profits to Project Healing Waters Fly Fishing - A NPO disabled Veterans organization. Low fees and experienced pool management team.,https://raw.githubusercontent.com/adosiawolf/m/master/xt.json,574f7acf1d1bfae6cb0a5da759f4a688473ddff204d2fb9fd336730ee6a9b9f8,253
pool1dx5t3yqhzh3v5ch7add7836tg0ey255tjz87spjvws4j2gjp9yg,,,,,https://meta.spaas.info/420.metadata.json,08f29513c290860cd3a55753c677094af5d694c08721d3bbb932b006cc8f1aef,252
pool1dxkf7k3qwnpgpxqfye8y9jvk7lver3fk8dq7c4dpzezyyx8cf5c,SPACE,SPACE 0% fee,https://outerspace.money,0% fee | Enterprise Grade,https://outerspace.money/SPACEv022.json,29a07339b3381c43805e38b62b9329bad847482903da78044c9790f2d056bbf2,575
pool1dxq8g3qvz0een52jv8yzagmq8ym9lxq073yc40mhlvm5skffhfw,MAGE,Adacadabra.io: Mage Pool,https://adacadabra.io,MAGE Pool's mission is to provide a secure and reliable staking node to delegates.,https://tinyurl.com/magedata,1665aa47cf6012dfcd171ac5f016005f5a996e2d1add9c118d1ac4ec732560e3,216
pool1dxwgzj66pual956mnv9delkelg873yvgr2dd8s279m0hxqvr475,APOP,ADAPOP,https://adapop.org/,AdaPOP Stake Pool,https://adapop.org/ADAP-poolmeta.json,484583ce293bd1d46633b4f4fc41b1f7d0afb26f22e187df05e75d00f847d956,603
pool1dy7tz7eyf2qal2jcns4qwm4xqn34gc4rj9dz34kfs6zuju477k7,CSP,Capital Stake Pool - live long and prosper.,https://capitalstakepool.info,A secure and reliable high pledged stake pool forged in ITN with over 4800 blocks. Only 1% margin fee and minimal costs.,https://capitalstakepool.info/CSP.json,04028c72c74f04d605fc0d1a04c99357c8563bcf5cc408a6b6e8c7e72176c9d9,566
pool1dzp3lpf0f55ez4lsjy0tw36xkydchnr9cplnhfl2zd53qwdhq7q,,,,,https://rhea-pool.com/rhea_metadata.json,ceb86ca1c1a6e88a89f4ef710dc8671f7ae2146a122c6619c51ecd328c3a3074,255
pool1e2tl2w0x4puw0f7c04mznq4qz6kxjkwhvuvusgf2fgu7q4d6ghv,DEV,Development Stake Pool,https://devstakepool.github.io/,Supporting people in accessing education and career development in underdeveloped countries,https://raw.githubusercontent.com/DevStakePool/s/main/m/m.json,9d6f69d03df0024da24d646c70888cea03f86d62958dd3efdbf2b0c85d356042,560
pool1e2w8t3hucc5hfhw8k6r69er3y5kqs9dj9um65l5qe3a82nl25zn,MYADA,myada,https://myada-pool.com,myada staking pool,https://raw.githubusercontent.com/TerryCaniff/myada/main/m,419ed358b79fef780fafe1cd8593f951ed4172fa36e1eec305731380928575d6,262
pool1e3y7u0rtq2zskc7ansvtrd4p3vtv9hglyztzcvsvlk22w9t40v0,CRPL,Carden Pool,https://www.cardenpool.org,Get extra token rewards and competitive fees! Member of Single Pool Alliance and Cardano contributor. Bare-metal servers and geo-distributed setup supplied by renewable energy.,https://www.cardenpool.org/cardenpool.metadata.json,ce32b13e6f088fd49d2d436b1df0f33a0eb55cf7c7fc59799707f38cf38a3429,574
pool1e489239duee8dykj7ejx7dmazstwn6y6wfxc0kjaxw5hke5j4nv,,,,,https://coloradomint.io/poolmeta.json,a19ad673fd92c058ddf93c0bf53a5e740be9aaaf6fc0980b5a6b6c7515e3e2bc,336
pool1e4tjrl3ve7dcqwa70pexds6f8llk0txx09gm3r4m472ej4p6473,1PCT8,1 Percent Pool #8 (v2),https://www.1percentpool.eu,The 1 Percent Pool is dedicated to run stake pools with only 1% fee - ALWAYS!,https://www.1percentpool.eu/1PCT8v2.metadata.json,be42c4738d7a8ae5df622f6927d1140653e1d69f69f612d1de527c0795e2fc49,303
pool1e556526sqwugxwnmeumt9lhj5jukklg8vv3ynk75xt9vs7adr5y,CHEAP,CheapStaking #1,https://cheapstaking.com,"Trusted Cardano stake pool! Scalable, Secure & Affordable. Powered by MS Azure Kubernetes Service for High Avaiability! Follow us on Twitter for news and updates!",http://meta.cheapstaking.com/cheap/meta.json,15374ca26cdd8445abc531f2eb1eda1cfdc5da8f7f0117d7ffcffb6155e9ad73,273
pool1e59h5m5vyggszyafel7zvcnsayt2de7wyxyezlrsmm4a679q3zr,IAGL2,Iagon liquidity stake pool 2,https://www.iagon.com,"Iagon LSPO (Liquidity Stake Pool Offering): 85% of rewards go to providing liquidity on DEXes, 10% for $IAG token reward bag buyback, and grab a portion of the program’s big rewards bank. Check details - https://bit.ly/44NYmaQ",https://meta.pools.pm/iagl2-m1719499768.json,98b507834d86c19268b319024a0725452a999ce2049831a80645488b871c5132,496
pool1e5efe78z67djz6juekzw2hqpu3tn9eaqmekdnqn2am6j25kmrt8,,,,,http://hollandaisepool.jaykamphuis.nl/holPool.json,1c970d81ab22dc0087ecc3bbfa89a6bc12f1edb4960598c271929d733328a8c8,211
pool1e603j2p4q346w8knqt2a8c96n8t9l5u4qdrv4kk50qvpgvh8hax,,,,,https://holastakepool.com/poolMetaData_v1.json,88e9e0a044c7b4f976d7d931d49dbf55c2bfe91c0298ce82555d56ad94f5da25,458
pool1e68hwymvfqxss0v29tgu95j0q8rv79z76l54wm4s0625klfq6y6,2R1C,2 Relays 1 Core,https://2Relays1Core.com,We are running 2 Relays and 1 Core node. One of them will act as a backup Core for updates or unexpected down-time. We will continue to harden our servers based on current best-practices. We hope you will join us on this journey for ADA adoption.,https://git.io/JI2un,411a679b27c16759247c086a8a2b948707c209080a401001d9cdea24e6d7658d,236
pool1e6chrtr2p5ycvppuye3x82ytp84ycw0pes6zmkw972upz3g8wms,,,,,https://staking.wira.co/assets/pool_md/1/wiraG1.json,fa9a25fa8270f745645bbbb156a48185b311decbbed585cf75defdca8ec06191,235
pool1e7lwdma6ke4vtt5mtgn72uxc26az7z7kep8uxcckjv7lseltjve,KING2,Global KING2 Staking KING Pool by AJG,https://arthurjgoldman.com,"Enterprise level Cloud Infrastructure, 24/7 cyber security and performance monitoring, 100k pledge, 2% fixed fee. A Premium Pool to generate Rewards and support Smart Contracts, DApps and DeFi.",https://arthurjgoldman.com/metadata/king2.metadata.json,0a99a75449c2dee97c05617afc3ddc50d64314736378f5784841647e37f2dbfa,221
pool1e8hyjnlqpm5r7we5r9yk6n0kuh0l7f9w2dpylph6u4jtsstntgx,,,,,https://tinyurl.com/y4mat2,bbbc894cb48ab415bde8c56b6909878e0e6c0306da27e74ae41192deb7a29301,235
pool1e8vr85ank99g6fx2r7tjel2mh2jyfppnqy6nmp8vr0arys65n05,RELY,Reliable Staking,https://www.reliablestaking.com,"RELY on Reliable Staking to grow your ADA! Low fees and proven performance. Experience, Automation, Longevity, Redundancy, and Alerting. Forging adopted blocks since Epoch 1 on the ITN!",https://reliablestaking.github.io/relyMeta.json,343647ed9f6cb677254d4cb08951c487c2615446e37592de43e165a8ec1ce296,232
pool1e98xlcgj80c3rdmm27v5hnvrdtut52e65uk0ema7ctfag596vr2,COSD,Centre for Open Systems Deployment,https://cosd.com/pool,"We support Cardano standards development, Linux & crypto security tools: see our web site.",https://cosd.com/meta/cosd-pool.json,8348dd33288f6a000d4349389ff98dbe984c9b02ebdd86b9e48e26c1243cbc76,581
pool1e9tp0emvvg9sc4ds9h4nhwk8qpn6869qwnas2qywu9ep2reaaxe,LORDB,Lord Byron,http://lordb.rocks,"A Single Stake Pool helping to decentralize Cardano! All pools have the same 'dimensions'. Why stake with an overcrowded/oversaturated pool when you can stake in a nice comfortable pool, like Lord Byron? Come on in, the water's fine! :)",https://lordb-rocks.github.io/poolMetaData.json,76a7f874cc8e8f4f0551501cbb3db0f660dff2988439b3b17e3c96b468655aa7,552
pool1ea34czsr90yc63fmv4gj4tetp7ds7c4jhpj6vqg4yw40wvygdl3,SMILE,SMILES ON AFRICA,https://smilespool.com/,An African Charitable Stakepool that provides free health insurance to children.,https://meta.pools.pm/smile-m1654771556.json,132c566e6e8e1f58f76322a144b5c78accf311a078dd9e87acf1dc712e209b00,567
pool1ea568m9q882n0tx5d4vxff2dmz2n7rq5h62hx5ystq625m4tcfu,NUFI6,Nu.Fi & AdaLite 6,https://nu.fi,Nu.Fi & AdaLite 6,https://pools-meta.nu.fi/cardano/NUFI6-metadata.json,1625cfc96be973b02948db02031e6402f2542df32334dceeb5b412aad996bdb3,382
pool1ea9mdplehlxeqhv8ax9ldh36gltqqma7c5cm30jw09r2y30646r,LEAVE,Leave this pool,https://leavethispool.now,Move your stake to another pool,https://git.io/JWEPl,cc457321a2daebc26ddfdc46accd43ef947f6fb27e1f12df25e27dc008369300,281
pool1eaeynp2hs06v4x8q65jfm2xqcd3dc80rv220gmxvwg8m5sd6e7a,HODLR,Midnight ▫ 0% fee,https://www.hodlerstaking.com,"Renewable Web3 infrastructure, innovation, and development.",https://tinyurl.com/m827dp9p,eacdc554bf8a611f27920cbbee5d379c58f2ab4b46ce5688fa347feb60174b17,577
pool1eal2z34ugj8a0ckykd6xx45dz6jwdgz4cuvutk320cp4w8t2sm4,,,,,http://fixedvalue.com/pool.json,e9469238bba5cc55782c7d1c6ac715d0540a54c89129fbed5224543508f53310,289
pool1eapprh7uyz8f90maft8r2k2v3a6jyv58eatgyz3lsfrqggkc8fq,RAMC,Rama DeFi Bangkok,https://thc-room335.com/rama,Cardano DeFi Traders Pool Bangkok,https://funkyhiro.github.io/ramc/poolMetaData.json,864563f8ef19970d13a078b11c8065d668763a9f6af059c382157a638f3f495a,473
pool1ecvcst7k9eul4ggnljh0jw2s5nc2tyfmyzsx3xg3kmmz6ptgfwj,NUFI2,Nu.Fi & AdaLite 2,https://nu.fi,Nu.Fi & AdaLite 2,https://pools-meta.nu.fi/cardano/NUFI2-metadata.json,8190ba029e1ba5775d0c1b6883605dfb597fa48aca6835d3a8ed12d91e2b0101,382
pool1ee5wnnx5cknsdhm9dcrrkq0veaadhsvcavvxw3tnnfavz6z60q8,,,,,https://tinyurl.com/yxa2bku7,148d3f9f12af2563e89a9aab4169bcb1043aaa82d4a5faffac60f697fb5c07ce,214
pool1efacpnedlfrhe9sa6s4jzq839s5q4qdrl70em0za57xg6t38d3s,ADACH,ADA Swiss,https://swisscryptojay.ch,ADA Swiss is a Cardano staking pool for the community! We offer a high standard with high reserves to allow the highest possible interest.,https://tobg.github.io/Cardano_Pool/pool_adach01.json,ccb2b2456a6c5ac13e57643589cdf0403328097f3d2d316a0328d8f6b1ebddc7,321
pool1efcy26vzdpn42c042ylynmx568m0csfle5yvkumh3v5xjhdraxk,,,,,https://www.adabase.one/pool-metadata.json,2c9b4e9bc8c4207371ee581219fe4d456d518a86c807e182be2873f86acc80dd,292
pool1efj8td645z33mr8h0ww5y5s0lz6jwj7e54cj4mv44s2269r7d4f,ABBA,ABBA - because Staking is like Good Music !,https://www.abba-staking.com/,This is the staking queen.,https://www.abba-staking.com/meta-abba.json,702387ef847bc3afa8f61a473e50c1ec699399f86005199b7d3ff69c2b479022,225
pool1efxh54fk0dj5uu2e4eu08klxl5ys3saphv3kec33kw3xv8738sc,KRONO,🔱Kronos Stake Pool by Kaizen Crypto,https://www.kaizencrypto.com,"Grow Your ADA Over Time, Trusted Staking Service by Kaizen Crypto",https://meta.pools.pm/krono-m1680453247.json,e5add8b8350088d1d81cd653eba2c0680f3aa3be4472533b72d3a30940e3ff16,573
pool1efzvmtxl4n9z8ylegk9jhctclu44z7k0qg82mp2kp2ytqa9xgf0,1PFP,1% Fee Staking Pool,https://onepercentfeepool.wordpress.com/,This is the 1% Fee Staking Pool come and join the reliable secure and profitable staking,https://raw.githubusercontent.com/gnode01/LGND/master/meta.json,b4e843ef2f0bb1285f370fbcc083da10f46f0cdec94d37e5bb692c0fd2fb0e1f,211
pool1egunxfppwtglyu3t864uq76y0zu05s7pjda3e9g95nwlwc5ye2h,AUSST,Aus Staker,https://ausstaker.com.au,"Low fees, always on, always secure Australian pool",https://ausstaker.com.au/pool_Metadata.json,bb906e39ae9c757a9c53b29b44000943d9e411c1689bc843ccd65ce7f8936b63,539
pool1ej26ntx26lz2k0lagcqc8ww9gyrc04gnvjz6gqdlhy58sg5yfwa,,,,,https://git.io/JL328,927a2d3fd5a3e4b6b91d21329f35d9beb64516e48831aafd55736f3217787b4a,297
pool1ek2m5zuydqcgqv3s5mlh55tr8gp76yuxe4hj4s7xtxajyc94rx3,,,,,https://pool.cardanoaz.com/meta/pool.json,35cbc9b585029cd863dc1d91fa91f7340e3e2eb14f135a3cbfe416d33c6c0ba4,243
pool1ekcsyzwexl7p2kwxxh34hy28l6772vrmff7jwmuxsa6u6fzty9z,ADALO,ADALovelacePool,https://adalovelacepool.com,Your First Choice For Staking | drep1jkdeccjwuun37e64l7zpjwe67xmsxmgpzkuhqtt0qjcrudkvfx2,https://raw.githubusercontent.com/Bmtxs/md/refs/heads/sp/ao.json,d57940eb6b129edcaf37cbea0a3e2a996030827c437605446efb95bf0d3af0b2,586
pool1ekhy5xsgjaq38em75vevk8df0k0rljju77tljw288ys5kumqce5,,,,,https://meta.staking.outofbits.com/sobit-003.json,abd19e26d91938b9b02bb85f4e0cbaf6b86e6da9bffdeec5693148c9113a6db9,429
pool1el6ze57482qzf830l6h2y9uj0l9fr5g7xzur89d4d806y896vgf,,,,,https://wynft.io/poolMetaData.json,922166416a339df0fa903dcbab09eefc90b96404bf181b0d3a1af7e577870de3,358
pool1ell3xjtspzzz4vtsatscan6rheltf7j3hh2s8qsam2h3jvcxzm9,OCEA4,ADA Ocean Four,https://adaocean.com/,Cloud based reliable stake pool cluster,https://adaocean.com/poolmeta-four.json,350d62a1b6e162b5473b17489763990c6ccd7eb32c5e436e177b8cac40b60502,643
pool1enul577he3e0s500lv8z98m6k936uecz2rpckxxmmk8c7k0n2rd,PXLZ,PXLZ Staking Pool,https://pxlz.org,Home of the DEADPXLZ NFT collectibles project!,https://pxlz.org/poolMetaData.json,8f0a7ca3f9db589e5f9754cb9b2b529b2b3becb2e3e9303d8bb5985e0b43f209,551
pool1epqdygzumryx7w9kk5l76gfjsvzuesmeh3u3tfjmmdsw65ja7k3,DRRS,Dead Rabbit Resurrection Society,https://twitter.com/DeadRabbitRS,"DRRS official stakepool. Stake your Dead Rabbit universe NFTs here, to earn $DEAD. Low 1% stakepool fees if you choose to stake ADA as well (not required.) DRRS stakepool is operated by TJ @Cylonyx",https://cylonyx.github.io/DRRS.json,6a345700375c22561f12b433668b133393e87a7564a7bbd2eec3c8c8aea964d9,448
pool1eqa7kxx4xg35cu4rqj4exkvzhenscgh8wxez0gl7hsagygp79kr,PILOT,Pilot Pool,https://www.adapilot.com,1M Pledge. 0% Margin. Mission Driven Pool donating 10% of all fees to the Multiple Sclerosis (MS) International Federation,https://raw.githubusercontent.com/PILOT-Pool/p/main/p.m.json,3d2f397a4728ad91a14ee70451c1be8957a9a20fae739957ae67ad1aca898e00,329
pool1eqc4jwuez8yyerwlyjwenh99dlvmn6t6n3qjym70ulf5u8xr6lq,VOLVO,Lovelace' VOLVO,https://init100.com,This pool is in support of Charles!,https://tinyurl.com/yy3cea35,57e90025941a5693f83a0eea7f9c96d93bdecf952b4d81c1187f598845ce98c2,255
pool1eqj3dzpkcklc2r0v8pt8adrhrshq8m4zsev072ga7a52uj5wv5c,OTG,🌟 Star Forge ⚡,https://adamantium.online,The one and only mobile Cardano stake pool.,https://adamantium.online/poolMetaData.json,366163d901de06774ecaf1080607524f764e434010f48d226116d34fcafd3741,632
pool1eqxnk8mylmksd9amjlyhseax8lcux09ck3etcvlalfzhuu7qvzp,GENSX,Genius X,https://www.genius-x.co,Genius X staking pool. Stable and efficient ADA staking.,https://bit.ly/3HSMAPY,682bcc6b6912b3f4ac87d27c47512bc4c59b1e405e6c649bd2c7b3fff2a89294,390
pool1es94p2rp672w2lmv538ecnv9tf368kje7tmg7vca75z3vazs34z,,,,,https://git.io/JsFCm,6fd0f9fa582b0a279a1ddd194861e31743e12dfc51778e0b2821887b0b9d0b16,269
pool1esd3cqme3zzvvdnsx3p6ywudn6p86mqyz7fpvqpegxv2qzmtes0,SRN,ADASRN,http://www.adasrn.com,Growing wealth together. Keeping fees low with with the lowest pool cost and a 2.5% margin.,https://sayshar.github.io/srn-mainnet.metadata.json,1a6f95f10943403cf19e9ee7daf7c4878767ed914fa0da3c688da472d332607f,501
pool1esgq3g4ll90ylfqg4rvdft06cdppyqc8urancufle6yrgpp5grw,,,,,https://betterstake.com/cardanodex.json,0a00954c81b043f089f31990555aa1bb306a5c36c757c229d18c54eedbf3e2fd,305
pool1esrdl3mj4pflc70p2rx5trz920v8d4796m6h2yqwpq39x5dmmxg,RUG,RINA User Group,http://rinauser.group/,Ouroboros over RINA Initiative,https://pastebin.com/raw/dJuEjjJi,4d9c00ed4224ffe67621651bb25e084fb1e842e49bd95cb09b1a7fd5163a4694,401
pool1et8qw5ejgl5qqq8v4gdfset78gjcphh88cc2xajykggau8vps0j,ALAM0,Alamo Stakepool,https://alamopool.io,Come and Stake It,https://shorturl.at/hmtzQ,9216dffa3d8a97d3399e94a3e383a80a92779d9d81b412439506238e9b1e502c,490
pool1etfar35l4tf6vam3gvqf5dnaq7levz32vgw4p00jzk7q7twg2te,POP2,POP2,https://popool.net,"2nd POPOOL! Let’s Enjoy Comfortably,Carefree,Easy staking ! 気楽・気ままな簡単ステーキングを楽しもう！とにかく放置がしたい、詐欺だったら怖い、匿名参加したい、損したくない、日本語ですぐ質問したい…というあなたに、POPOOLはピッタリ。あなたの気楽・気ままな簡単ステーキングライフをサポート！",https://popool.net/metadata/pop2.json,cfc4fd6fe4d8199d1f7fe7ea49c97c3287106dc582e649f0c3ad77e21afc7841,210
pool1eu8knr403p82ythegskwmf8w6v8l2w858d8jz7qvvqzj7ryech4,,,,,https://github.com/krisvoegele/regen.github.io/tree/main,be7e2f0dfad90d3d05e6a54661c36b94e1686eb04c19718ce6c0a57494ec8a79,482
pool1ev8fwfccn8gr0zcz3uyps0t0mcrefc6s95wjc6aed3ngc86y5rk,ZEIT,Zeitgeist Cardano Pool,https://zeitgeistpool.com,Made in Germany,https://git.io/JkR5Q,c1727b36597bc0619b4591e7f32c98e9bf1d762a49fda597503955b52ea977d8,257
pool1evg78egp8gfqae273kvmmdee2dnt6vty60dpwdespg4hujznh3a,SQUID,Squid Pool,https://squidpool.com,Squid Pool - Superior reliability with low fees and a cute mascot!,https://squidpool.com/squid-metadata.json,35a92616dc682f0056bc9d6c611f4d6dcb7cc59e696378fb89399a23f9af8611,625
pool1ew3heaxhwgseza42s9pzwk97efqp9q6n6ra9j334uu5zggdzrsm,QUF,QilingUnicorn and Friends Stake Pool,https://qiling.io/stake,"Stake Pool to fund Qiling Framework, Unicorn Engine, Capstone Engine and Keystone Engine",https://qiling.io/poolmeta.json,a7e0519bcf2e1cfb2bc8969dca4f17d0005d9a334367292c8d36afdd7d825234,258
pool1ewd9g9zcz6tvlytk0plfj3e8jq645l0xr4n62epa49dgv9h43an,BNP,Binance Staking - 30,https://www.binance.com,Binance Staking Pool,https://s3-us-west-1.amazonaws.com/binance.cardano/bnp_30.json,f748c1b46192f4622456fa7dc98cdaef1cb68da799d489523808cdd97d853930,240
pool1ewrm7y47s9hv6hxku9n5gfnsuspymp0qqpwgvgm9rvm37cek2h6,A4G,ADA4Good ❤️ ADA + Save the Children ❤️,https://www.ada4good.com,1. Supporting Cardano Africa vision 2. World Mobile EarthNode Operator 3. 10% of margin fees to Save The Children,https://raw.githubusercontent.com/Golden-VS/cnode/main/metadata7,d17734348d44a0a6caf8ad750630c4ae1a5e5206a830f675b4a20c663bb2126c,615
pool1ews5ryrhl5az8egrvun68x2wdhgvthxjtx7m380ksc6rzxkqz2f,,,,,https://pool.adaph.io/meta.json,fa0a07904d57c912e755b9ad3b7a90e2259628043b53094eb538705c85056bc7,372
pool1ex3e0w92rktrqvyen48dl58cp8efp7vfn3ealgdd8fkhqqychgd,,,,,https://adasquirrel.com/meta/poolmeta.json,694319edef4958d2ef0e9c59729c4b0e6557f79a9aeae39c8b22514a6e6f4e84,457
pool1ex7p88tnq3d6d3dsqtlc3632tp2t8eurc352mwf9phu3w8n3vz7,LOOPS,Crypto Loops,https://crypto-loops.com/loops/,A bare-metal stake pool through Crypto Loops to help grow your investment,https://crypto-loops.com/htdocs/wp-content/md.json,19927f3432d37f66d20ba9b8396675078df8e93b48ddddf9c3969cff80ef4dea,463
pool1extjc7jrlwyy3w2emwca7sgwlpreej6stmcpm8t6qev4zq7qwxc,TOKE,Tokeo ISPO,https://tokeopay.io/,"Tokeo: Next-Gen Mobile Smart Wallet. A feature rich wallet for Cardano, safe & secure. Swap tokens, manage NFTs, send invoices, cross-chain interoperability & more. Join our ISPO for rewards-based token emissions.",https://bit.ly/4dTUnNV,27585a0f654bac69732184cb15834c013fc9d2956f268ac57c4b8befffd1d532,488
pool1ey0gxeyesszrsshc6zjlzamr7z0f2d29e3ut0ppg4j4gxduyn5r,KYBBN,KentuckyBourbon,https://www.bourbonx.io,connecting cryptocurrency to bourbon.,https://ycha1433.github.io/metadata.json,7abdfce9c0f65e78adc4858a58b6332b66d87e87f6d86489ba32f14e4bfa9ded,262
pool1ey3d522fefeuxvqrymw9l8wyevuu7my9t2uz2m0lmwfgjg060qr,LATAM,LATAM Pool,https://latampool.com,De latinos para latinos. Maximiza tus ingresos con nosotros.,https://tinyurl.com/latampool,8db43ac56c11ef5c2a3d2199e8a034ffc5f6dd1895599bba46a2f72fe6c7060c,210
pool1ey45kz6cwxxzgz6dfy89srvwcfzkmv3ea8g3jxkxmtr9zk5ayeu,HOSKY,$HOSKY Token,https://hosky.io/,"The Premiere Low-Quality S**t Coin Doggo Meme Token exclusively on the Cardano Ecosystem. We are THE s**t, we are not s**t.",https://git.io/J1S7R,196813a5dd89269972319b2d491c01790e6d27e36c97a30371384fc4e3ac6429,339
pool1ez2sr7r6tzfa6s7zwrkxqx5layzmke2znsya3w6t9al0sv0332y,,,,,https://adadada.club/dbfc458.html,4bbc5345565620bb55e1412367cfbd95529728282b244fceb8cf48eff14e83db,254
pool1ezh8sewqgzy7267yvy0jssz8q7amce37x3dhmfl22j8lwz6wjrd,DAN2,Cardano Dan's Stake Pool,https://twitter.com/cardanodan,"High performance & low fee pool. Run by Cardano DAN, an IT pro engaged in Cardano since 2017. For questions, find Dan on twitter or at cardanodan@protonmail.com",https://raw.githubusercontent.com/cardanodan/pool/meta/d2.json,a934a21f28d78a6f8e53f1d8b6afa26d89d5a4549d1d4713920f6e8924244b4b,245
pool1ezs46e9nftk46w723zg4e66n2vaytms5slrmywvd7fx5y65zkru,,,,,http://20.203.217.88/poolMetaData.json,768f1957ebb4cae573084ffa1a5b7900c2a3001efaf3477d42f8dadf6dba60c0,323
pool1f22470gz0h9zvr5asy86p8gx397qq8sdz5yxn6998hc82h8ds04,,,,,https://ada.la-place-immo.fr/poolmeta.json,deca6057439a82bc2ceaa3cf04de2b788cf814ed2ac704e574c1551e8a120a76,227
pool1f2wfjqkf2wx6jq93pdck6hgmy9zgw32lmvrq9zejl7scqxjqfze,,,,,https://pcpm.s3.amazonaws.com/LBF2/poolmeta.json,4b25b91e0d63b4c283e652874418b2e5591c7710e12388e88dfb86256f7f4d47,584
pool1f3qeehc4htjqpwv248kf5lfaumd0e84jtze379ev3ywa2w69aam,AFCH2,African Charity Pool #2,https://poapool.com,African Charity Pool operated by Proof of Africa to support Africa.,https://meta.pools.pm/afch2-m1654789029.json,77788d4e9f1b8a9b9983dfdc5d0570f6d1d0fa91d120445255bc96bcc25576bd,431
pool1f488flg33j9vqzdce87t0e0g6mhjj7aacd4209pg93c77lrpywz,,,,,https://git.io/JcFsY,7d22c00f2688c054b095cfd7f5e46f3539f3ddc09951fadde7e59589e4248a76,301
pool1f4lvg6px40kelh4kala6jxn6fnugtyhrtw6hgzgr7ar7ymtr7jd,,,,,https://www.adaufopool.eu/poolMetaData.json,3f262521e4963cba49f3e6778396df51c3d669aa3e081ecc5af773da04527191,248
pool1f4rs6v0cpsqa09ueddp6hhl8xwdwtdqglvcuce26srxdwmzxl6v,,,,,https://longshortsignal.com/cardano/lssmeta.json,727d5e5f9ce545cbf946b372116ec52ea2849dd22f18e2d002ad0c8d3eb75e10,511
pool1f5qqm7029znkuzl84s9qjr4rctr4mrfsnlnl5yvcsspd6fec4tk,NEO,NEO,https://www.neostakepool.nl,Telegram NEO stakepool,https://japio85.github.io/meta.json,0afa905251356f432fbf629f3d0c1045178bcc7e55dcee4d00529ce365439034,317
pool1f6lnuxzw90mmd399nxqjvzyyxgmf4h3cp7j6pp5s7xmps86arct,DYNO,Dyno Pool,https://dynopool.com,"Support a decentralized network, stake with small pools",https://git.io/JyBRa,d34fd00085427c9626ee4798da068c1ac085d2e44cfae15d6d2e77e5acf2bb2d,503
pool1f6ltd3rd3e69klr32r0xw7h59lc76lhc9l705d380lj76d926du,MTSK,Matryoshka pool,https://mtsk.link,Matryoshka: A modern cloud based high availability managed Cardano pool.,https://relay1.mtsk.link/poolMetaData.json,4d9219af3aa74433982ef0d9426173800364f60ac18e7f90f05d2ecfe2eba344,619
pool1f6zwfx8a8pnfusuv7fj8h8uusln49sl45hdpzfz7965ag00wycf,URSA,The URSA Pool,https://ursapool.com,"Enterprise Grade Infrastructure, New-Gen Cardano Pool",https://raw.githubusercontent.com/netagasan/URSA/master/ur.json,904cc117f2a4064bb01bf30f85125af5f642a293ef2d257bdb97aa8f1cf8b0f0,294
pool1favrzvccjq5ctetwurtrcxe734c7zlh60f4d62av6art527tssd,,,,,https://pool.rodri.me/meta/pool.json,20d1f635e42769aca4e764a164a899ff21d1590cd60bfa8bbe94798a075a0add,230
pool1fcp4d2pxh0e7q5ju63sjqcdpxpr3pvxg6ykl23t6c97d7dnvjvw,KILN1,Kiln,https://kiln.fi,Enterprise-grade staking made easy,https://tinyurl.com/45m9ak8r,83303096b17eac89d80b547a522bdf4416e4d9697d265a7d75090f4f793adf83,623
pool1ferfwtmcjm9rxc00ugtdwrm9m042jf4xjvse6a8u5smxqt0pwnx,MOCHI,Mochi,https://mochipool.com,"Creating a reliable, simple, and delightful staking experience on Cardano.",https://metadata.mochipool.com/mochi.json,39013ba9f2147c019436d30fbc209de4adda31dccd3fd88c286293e94d010b46,560
pool1ff9edraw8jjzguvyr4lkm2x0ce9lmr8sewwdgs76x9d879n7sxz,,,,,https://randomfrenchpool.com/pool_Metadata.json,3e382662eced25a8d07b68fba94f045ede5268f409d821ab3efc3a51f0e3fd7c,297
pool1ffrre548h22n68ln29xph3qezrag3z8ad0kg8yzu6epds3qr58k,OCEA6,ADA Ocean Six,https://adaocean.com/,Cloud based reliable stake pool cluster,https://adaocean.com/poolmeta-six.json,6d8a894dc9277e186f40e6c46abc87464546f6bacebd42c2441fc484d2cfe5f6,643
pool1fftlhn68f3lejs2u39pcd5q33zgwnlumrp20dr6cqqkxwyuft2r,ARKA,🇮🇳 Ray of Light & Hope for the deserving,https://arka.techcallidus.com,ARKA - ray of light and hope for the deserving from a group of Bangalore technocrats. 10% of our total earnings will be donated to orphanage homes in South India.,https://git.io/JsBcl,4384e376245809bb140a49f8f019ec590012bf6507731f65ec8bff6cc1cd3716,269
pool1fg42yz0qpu5jd0gd3g5xty4mm6jdxkje8szag8h798nyyxw6zd3,CCJ3,CCJ3,http://ccj123.html.xdomain.jp,CARDANO CLUB JAPANプール3 安心の低手数料設定,https://cardano.ipclub29.com/ccj3.metadata.json,a727ae63516d66701f484012cc57e002fc5840265ec9019e96eb42562e10d1a1,448
pool1fg5fs0jks9459pf5qxvdvv3l7rzemj0q8e2lt6unxx5m7fv3tzn,CFLO2,CashFlow2,https://www.cflowpool.com/,CFLOW pool 2. Elevate your financial well-being while helping decentralization.,https://cardanostakehouse.com/bb219afd-44d6-492e-83e6-3a4.json,254d1834f125f49a7e532b038c7c16ffbc2f9060501c3f04ed64fdc3cdebe640,259
pool1fh4sh2telea0tfdy39h0drx6uq566yt9gf24edpz7335sclx39z,CANUK,Cardano Canucks Pool,https://cardanocanucks.com,"A secure, reliable stake pool operated by Canadians, focusing on support and community. Visit us on Telegram: https://t.me/CANUKStakePool",https://cardanocanucks.com/CANUK.metadata.3.json,06a2b7f523ce22c864b042414d51a4131807691b2cb559665fb219526fbdf8bc,617
pool1fj5jf9ey6r2j98s98qtrjvlnrxr9nx6dx7x8avnv5t5gk53lve9,,,,,https://garden-pool.com/kobemeta.json,9853dee77f9650fb580dc0dbf5d3335cc480c92501c89288165ab0c4ba1cef02,213
pool1fk7lk6x7j6jkxuvl0het8nmunra4g7370mw29f286dv9ylegutq,WISH,Wish Pool,http://blockchainlens.org,"Delegate to us and make wishes come true-- including yours. Together, let's solve poverty through education. Visit our website for more information",https://raw.githubusercontent.com/bclens/mainnet/main/pm.json,72c97f61a117a870ceac81ef9d3a6d67575159b28dceb24a3de59c40e6f6f93e,609
pool1fl0gdfcmzg4jf3hw839epdteuazm23nff44vddap00r0sm5gvvk,OMNI,OMNI,https://omni-v.com,Ouroboros Mainnet Node Integrity Validator,https://avacsp.com/metadata/omni/omni-metadata_001.json,ed2d59a47b6bb3bf001204d6a0d3346e1884684fa4df80d23f5998460cb0978b,611
pool1fm57fshvdlrgs5pnpk78tnxha0me28equyy96vj0xm85gy5chv0,BANDA,banderini,https://banderini.net,"banderini ♥ cardano, if destroyed still true",https://git.io/Jqep6,b8d10a020fd328bc5612f4edf734d6c385068eb94e76691d5536b1429d4051e8,628
pool1fmcv9p7vv754rwc0p6ud2mgm76vnn0gq0gngrk7rq400vsvhsvs,JAZZ4,JAZZ4,https://jazz4.jazz-pool.com,JAZZ4ステーキングプールへようこそ,https://jazz4.neeup.com/jazz4.json,38ba25866887cae0048c074a903a153bd2fe81ea2e9afb75e5d24602735f0adc,444
pool1fmgus36uc0jf0wlspfvzwfn04mz34kwrensmqgfzkv7t58dejw4,GRAB,We are Grabbers,,Hold ADA for new bike!,https://git.io/JuViG,eb9d96959397eb6d217d15b97c19680213e9875ffed2fd3f3202e1f955970da3,292
pool1fmrd4ds793ja4c5muy7hwj6q7kssuhtx22em4udmvx6957z9m0u,TLP,Terry's Lair,https://terryslair.com/cardano,Terry's Lair Cardano Stake Pool,https://www.terryslair.com/cardano/poolMetaData.json,c9ef7bd20619880ae7221a79ec692b0caa5131ec10cb08ce30d8dcdba79c6606,308
pool1fmykj5jqxtpxu0285209ar37taw52p68q87nmg6vpckhwrtje5w,,,,,http://dpadapools.com/poolmeta.json,c2d4f7e62be54bb7b61d7aa18eef8b223f632311f9a3cbe63b7a573a3bcfb9fd,391
pool1fn8mfqp4jt6097ygqrze5rjzg3y5s8fktxszqgs9mg22jvr42dx,DARK,ADA DARKPOOL,https://www.ada-darkpool.com,"Carbon Negative - Globally Distributed. Making donations to Oceans, Kiva, and Farmers in need. Come stake with us and join the discord!  - Not Affiliated with the Private DARK pool -",https://ada-darkpool.com/2.darkpool.metadata.json,ddbfad743a4c71e76eea1c970930d7977dd2f3ad4d2bb53aa6e06713a19e5e8f,328
pool1fp2ds5467a63k60r4sla6h8pju4q0z92h82hvqqv782vqqe4z38,,,,,https://aecon-stakepool.org/poolMetadata.json,628cbfc35765f4b798b7f61033b9a863de7be3a9af838760a53776ddc5c252e3,243
pool1fpu5xurq3jx5rn626ejcx0dzzzk5lmtvdl2qkj9l4kw2sjp50dz,MS6,Moonstake 6,https://moonstake.io,Moonstake is an advanced technology company with specific focuses on blockchain and staking technologies. To build the Asia’s Biggest Staking Network with a technological innovation that drastically increases the efficiency of blockchain technology.,https://git.io/JUGcq,00cb2f2e9e22205facc7b4765bde9452b2201020334c31a622a7ae741ea9e1df,438
pool1fqwnqk3phwa2s5thgym8dw34pv0z67m526uqprnjh93cvzxymef,NUFI9,Nu.Fi & AdaLite 9,https://nu.fi,Nu.Fi & AdaLite 9,https://pools-meta.nu.fi/cardano/NUFI9-metadata.json,7e69bfce9806d95230e6323325d7b272bc43c749cbf78f73e545aed9080d4781,382
pool1fr8ug253hlv0pt4sxu3w20r03pnpkh2wpedegp55t8nsx28rkma,JOKER,JOKER,https://jokerpool.com,Marketing Onboarding Community Building and Governance,https://jokerpool.com/poolmeta1.json,d027ec9d94524c64ce29b687fa0a7e727d9cd7f1c35a7b490362656294be355a,494
pool1frz0ds4nhg4t0e30jadc5kwx35kzj2vfp9eak9ehh2727m4dqnv,,,,,https://guarda.com/poolMetaData.json,5c229adee9d9e2f17cbbd42f04e8058d49a7635da28e66967374041c8befdcce,277
pool1fs2m5rmlx66crcwwrrsf2pcxjhvk7kzdurcqusd3v5gm65cufnj,BIRD,Early Bird Pool,https://adaverse.com,"Join us at adaverse.com to take advantage of an unrivalled staking experience - Low Fees, Set & Forget Staking, Saturation Protection and Email Alerts.",https://adaverse.com/poolmeta_bird.json,d76c86d5bac811bd55f669835b10202278d62abf743bcae3667ef887c2b0d1f5,640
pool1fspfv7z8l8755une5vt8drk7aufenxlucnl0p09sy8vxjw5kz3y,,,,,http://platinum-pool.com/poolmeta.json,424e3e5c94e2d725a0a219fcd03e1734636af4ac5e8ca3f1caf2e9e2d34b6808,264
pool1ft4xjlz9uw0r0ewcgtkgeakqrfc5azxmxwsm5pt94dv67mw4rgd,1LOVE,Lovelacepool,https://lovelacepool.com,"A low fee high performance, US hosted and supported stake pool. Come stake with us! Original ITN pool ticker [l0ve] <-with a zero, follow us @lovelacepool1 on twitter for the latest updates!",http://meta.lovelacepool.com,3fe66f80d9772ae7abfc1aea35553cb2cd2409c0de68ea9c72f67cd352adc329,283
pool1ft6jvmft8tg3lwzg6wfsprlex3ncuq5cnckwycavqk5q63jhrhv,FRCA🍁,0% Fees! Canadian Pool 🇨🇦,https://www.frcan.com/,Almost 3 years old! Le premier pool québécois!,https://raw.githubusercontent.com/Mikederel/c/main/c.json,959d70c7bf98c445d143956980b607216405438b1217c265c44c8e0d24cc56fd,448
pool1ftfgs9lp0l4l07glvemrzu86pqvxrvzsn85lc3hathlq5ddsw49,RAID6,Raid Pools,https://www.raidpools.com,Dedicated Array of Cardano Pools,https://git.io/JJ28R,fa444569e44a0de0a83e6efcfafd4410593f7c5448c9bcd909e1b7e6d72b6b9f,331
pool1fttmappcugymuqxvayq2uew72cd8qej2gc5c9ajexsckswj3qza,,,,,https://capycoincapers.xyz/md.json,ad305a3b9a72fcb76e21e71ea90bfb6217dc2373d76fad597db301b43553c675,491
pool1fu567g42mlv9f7enek7zeh94c0aht98w44du7s29t0elzd9yazz,,,,,https://cardano-universe.com/metadata.json,8d014df231842d96e7058d2f1cfe0e492df374c34e66f8e69f871addd36997a3,365
pool1fu69ry8k9qxfque9hng3lxcq7g30pykg38mtahah8x4mzpgls3k,BFADA,BonafideADA,https://bonafideada.com/,Irish Stakepool operated by Dennis & Shauna | Cardano School Course | ASPA Alliance member | *Earn $DANA* - Ardana ISPO Pool,https://bonafideada.com/m-1737900470.json,811bdc75b6b58b23c6daed4eea39575b81f0342fb96d913cfcd7a5bd07f657d9,583
pool1fu6ppur5uumrpydpeswzrvfg4epr68xw39aar9rcu56tk5ukat3,,,,,https://ada9000.io/metadata.json,4489ca7a212e994cdc6a4a9a7cda9ea0c8dade076ab3ccb3a2d91f32ec60fd02,476
pool1fuzqy5r9x98826zv6wp40tr27uplemmstkd57cuw8jh5v5m90vn,247,Staking 24/7,https://staking247.com,"Stake your ADA 24 hours a day, 7 days a week.",https://staking247.s3.amazonaws.com/pool_metadata.json,a5564c1d18b6880f7dfb56a8734e6299bf94ff522e9e120b0104330afc0fdbdf,640
pool1fv9f8phzn7hp623ypw6ctf73a98hd7nrh8wm7glpcuhf64856g2,,,,,https://grahamsnumberplus1.com/poolmeta.json,41840b60be25dac88576c0fc3373696cbed6a8e31979844d3433a57e0a17e5d3,621
pool1fvxfg0pcr4umked5cx7jgczdajp70hrz5fsutzk338u0jljlfpy,,,,,https://git.io/Juauk,3846011b3658a77e9d47918fd3c579ee42b78f600ea25456dba8ef05408a3498,296
pool1fwh9zp2hw7ppkna86n7m7ycgz66dnkdhhyqqahhv362agxj2u7g,ISPO2,Aada Finance 2 - Stake ADA earn AADA,https://aada.finance,"During the ISPO 100% of the stake rewards will go to Aada development. For each staked ADA for full epoch, you get 0.005 AADA. Read more at https://aada.finance/ispo",https://git.io/J1vGE,ec86d1de0590ab8137b9b1f671c1bcf8e3b4205444a24ce7886932928a50a4fb,405
pool1fxl5v404w7rjk6k4xlhxqp2mcp7t6quu7amyddmnqhy5vn40h5y,,,,,http://104.198.40.237/poolmeta.json,70fb22c58e8e6fbac600097c920dc7437ac5ce3462827d5c23c3dd260662b2ee,210
pool1fxlf6mqxeuptm7ztwdpp2zdwm7tsfcy3fweu7euyf6aduuh6u42,SLICE,Slice of Stake,https://www.sliceofstake.com,Grab a SLICE of the decentralized future of finance!,https://git.io/JqNB0,5173a98a2d917fe6f381802fcf635c675c11b29d0466fade2016ec5977c2ec6b,296
pool1fxm9hx6n5lahvlp3rrkvz30j2e3x4a08q3cu78678g32zqfmv4a,,,,,https://eclipse24.io/eclipsemeta.json,d9c2fe132112f51341549619662b675e6fb34c77f419693f8e4eb0098f6e767b,255
pool1fxmancs3dmc9l0s7u7zrj8334m9nvzam5t5hnuuf4c7cjr6867m,CONGE,Congee Pool,https://congeepool.com,"Reliable, affordable and worry free staking! Thank you everyone for all you support!",https://raw.githubusercontent.com/asdfz7/conge/master/mdv1.json,eb9db0c93814bc6fab91a60122b305b7e5778b4efb480e6d8ee7f5bd8c14257a,341
pool1fy5aaf5gz2646dghhm8u899mj6hyznn428sqhdx3tmqmsdy6rcz,,,,,https://pool.uwabl.io/meta.json,68745779cbe68c83692fcc5fb13f8852861cc4723627df6e84113d21b6f0ee2f,308
pool1fyp482ntshhm9zfz4nv7pmsaeakscf5mnuzcxuvtqf6t56fc7l0,KYSN,KysenPool Thunder,https://kysenpool.io,Unlock the Power of Staking through Secure and Reliable Blockchain Infrastructure,https://www.kysenpool.io/cardano/KYSN-Pool.json,53dec87e900ccfb922a9cc7d1e92dfe247a3b8ae9d2f61dd3f7490b2fce9ad15,591
pool1fys325gzr7kpcjclyy93sx97nm2y4n8raj3830cyez5pqagkfcg,,,,,https://git.io/JcOUq,d35b0b1572a7c5d256529d7e97463a75a93d841c6c7a748942aac706295bbc43,301
pool1g0hsnjnt0du3kp33gjua3npncngr3yg4ak2zfdhd4zvmy6r8hyd,EGGS,St₳ke and EGGS Stakepool,https://www.stakeandeggs.io/,Come get cooking—safely & securely—with Stake & EGGS Stakepool!,https://stakepool.at/eggs.metadata2.json,694d1370f6a8caabd55dcb41d9018b3f29b5b0fa468e6a0e169b7fd3a21d50ff,601
pool1g0nq3m3fnvd245k4favcvutn09vce0yshg535f68d2xa54vy0cc,1PCT3,1 Percent Pool #3 (v2),https://www.1percentpool.eu,The 1 Percent Pool is dedicated to run stake pools with only 1% fee - ALWAYS!,https://www.1percentpool.eu/1PCT3v2.metadata.json,34c5e5109559582b94ee4fc754e5bb47229a91b3c357610caac1b5c2b90271fe,303
pool1g2htk67ngtrw5mz6npgu3tugmcuqfgu0lxm8m26d7x79w75xupn,,,,,https://www.patienceovertime.com/patiencemeta.json,224a9013ac62244cb94f55c5a6f1f19a4afade31f99d8bf79ae10657b1ff89ca,275
pool1g36eg8e6tr6sur6y3cfpd8lglny3axh6pgka3acpnfyh22svdth,,,,,https://www.cardanoservices.com/meta/poolmeta.json,729370ab290e0f58aaff9847d8980e20a2ca673906a7b47c1a5d54642281fc1a,223
pool1g3ssnndd8e7lcmstkjl9ane9mup0eshv3aklg63u5tznwl4ch87,VRSTK,Everstake,https://everstake.one/cardano,"Everstake is the №1 staking infrastructure platform, trusted by retail and institutional clients worldwide. Committed to the highest standards of compliance, we deliver secure staking solutions across 130+ chains with a reliability rate of 99.98%",https://everstake.one/cardano/metadata5.json,9d38c58d778f52eed86f13afef2a01c740016af5ed6b8f32f382a5887071834e,626
pool1g4th3pqfzh4zajzrhlh8y6wpuztrkzxwt5wd7q578894j06gwfc,FEEL,FEEL,https://www.feelstakepool.org,Make the difference with what you do,https://raw.githubusercontent.com/feelstakepool/p/main/m.json,577e70068248aa16c2238cd9d58eda68422a64501c5e705c5fd58f6f20ea0d3f,510
pool1g58rl2yvgf3ewek4psqjlh77q8z2m9f3rjz4mpf0zemmvrmn0et,,,,,https://main-hamburger-pool.de/wp-content/uploads/2021/02/c.json,40582ded3f87cdf6098d4121fbb15180a80bb53dcd2d12933a0a0c2e5341ad03,283
pool1g5gmej3cj67td4pmvmacnls8nuq0gjld2pwfeg3jwpxujdx6lmu,,,,,https://meta.wavepool.digital/s1.json,8d2a7064982cc4e75ace5b1f7ed605655611be39924ec247ab659c1e916a5725,456
pool1g5hzwhlsya3pqxzkkf97308z4zp0kl5hjdaypaqd3fwjgkaq4hk,,,,,https://storage.googleapis.com/spain-pool/spain.metadata.json,17386bf5db969a9aa710ca5d1cd506ede73b3d19efa8d4b056967e91ccc44895,253
pool1g5k0fks847av9zdayg05htnj8wx0ah7jmnwwqlt63rjdzyjr93n,ADAMS,Arcadia's ADAMS Pool,https://arcadiastakepool.com,"Named for John Adams, US founding father and architect of American government. We ran in the ITN, and now please join us in Mainnet!",https://arcadiastakepool.com/ADAMS.metadata.json,760f254eb8afd57594f0cfd8c433875418a67fa0f6ba3d3072dd23073507fd58,512
pool1g637quu9s4v8e30s8y2jg8zfejsne9s8mg985q62y8jfu4khtqg,,,,,https://ada.dual.systems/pmd.json,19e3b2a271767cc11510370d7621c0c09c5baaa8f65437a244b03c6570bfa0ae,249
pool1g6g2d09le8hd6nv9jhyavewdnw8tu0ndst4lqysd00ru24cav0a,ONYX,ONYX Stake Pool #2,https://onyxstakepool.com,Welcome to the world of the ONYX stake pools!,https://onyxstakepool.com/SMN-ONYX2.json,642c6349b0dc084d1a416cc079ea13b9bfd125d559720679346fdd49f96b21b4,632
pool1g77ac5d7efytjc2rc3c8lnwl9snmlp8p7858fp06teqv6pcf694,PINK,pink pool,https://twitter.com/RinoPool,子育てママが運営しています。数少ない女性オペレーターです。ブロック生成実績多数あるので委任先はぜひPINKをお選びください。手数料0％キャンペーン開催中です,https://git.io/Jt2bk,a51fbcb3ba6eb9f4ca04c4f267a63e4af97c6e103779eeda69da95b4797644f1,290
pool1g79uyzvt9mm3z7jdcxnp36n4egm4z6l8c6n9l2mk8ae2yf5zman,ABC,ABC Stake Pool,https://abcstake.com/,Earn extra reward tokens with low fees and help make Cardano more secure with our high-availability stake pool,https://abcstake.com/metadata/abc.1.json,aaf478d19809e9c04ed7970fa6a0283b652032649391501315b43c937d127f73,325
pool1g8y2gz4sk7xhyaj469jlj3njyu5dlvqa7t7v9c2gk0yc69879z8,1PCT0,1 Percent Pool #0 (v2),https://www.1percentpool.eu,The 1 Percent Pool is dedicated to run stake pools with only 1% fee - ALWAYS!,https://www.1percentpool.eu/1PCT0v2.metadata.json,858aeb9f51301497638949e05b267368e9cd78994c752243874f92bfaca1b2ec,303
pool1g9v6nnrn8x7jcj26mqernsh3h97g6gyhamttzg8q39yvjr60g7k,,,,,https://github.com/F2ViADA/f2vi/blob/main/md.json,9405b4c41262082ccac1d8c68c7aabc8215d0797927cb6d22fb7c390a68eae28,468
pool1gas95lqlch5pj5e4lwg78gxlq7km9xfurfd557x4tgwk5kktd04,NEDS3,NEDSCAVE.IO,https://nedscave.io,advanced staking,https://nedscave.io/neds3meta.json,9843f6acaee2c7d07d0d7de3e39b83039fd60242925c868778a4f8590b9378be,619
pool1gaztx97t53k47fr7282d70tje8323vvzx8pshgts30t9krw62tm,TW001,Trust Nodes,https://trustwallet.com/,Trust Nodes (by Kiln),https://tinyurl.com/zbb82ahm,f28658a23480b4034fb65e8638840b850c2f1b86cd8ab2baafbb98238faee5da,499
pool1gclysx2h7fndj0jdajlmwvqr8q9tzu3rurjknacu0ff954fsg9a,1PCT0,1 Percent Pool #0 (v1),https://www.1percentpool.eu,The 1 Percent Pool is dedicated to run stake pools with only 1% fee - ALWAYS!,https://www.1percentpool.eu/1PCT0v1.metadata.json,6f217af1379759a2e9ed9b55f4bd3281e1c871fe937ac90d01555549aaca95ed,303
pool1gcqq0gt4hmgvq942x0s57lf3f4mhtexuuzgjrsmtj0kmsmqz32z,,,,,https://adastakingpool.org/poolMetadata.json,805cc28ab83aecbad10e64d88ab93739d3a3cd8559080957dc5d505c12cdacd5,257
pool1gduk8s5stt3uej5nl9vs7marx8jjyeadwz3505gzvuqey2lch35,,,,,http://bit.do/atocatlmeta,07de537f2b5cdde9e61bfda3c77e244f1cb4adae5cef2fc2fa0a2355bb2f2f10,336
pool1gf8a46j6hvhad8e48hez4084x34snpua8k7t3kzy9w42q6w60z8,GRADA,Gratis ADA,https://cardano.gratis,A Cardano (ADA) stake pool in Sweden with reliable uptime on bare metal servers,https://cardano.gratis/poolMetaData.json,be3d1d0c181d06660583013e22fdecbff8c4a5eb9a0b646944bbc45684861312,534
pool1ggx3akymhzl5d7r8jd4cc2nmnvl8t8gkrerd2cwvd0vc29lwje9,,,,,https://git.io/JtA3p,8052d1cdd8aeec897eb595292f9a1c90dc25cc776e4dd8a8c947e0aa57820ccc,284
pool1gh06f56tnkj6uhlfrlntwnczlfm6tszmm6umga3anevn2tvcds4,,,,,https://ttl-pool.site/pooldata/poolMetaData.json,ec101ebcb1c7241dc964828031f96e10171b475ef76bdf9842f14b9e33830092,326
pool1gh4cj5h5glk5992d0wtela324htr0cn8ujvg53pmuds9guxgz2u,LAMBO,🚗 LAMBO pool,https://thelambopool.jimdofree.com,When LAMBO?,https://raw.githubusercontent.com/jsg7/c/c/LAMBO.metadata.json,6c1dc1fc8bfdd0921a1b462c1e8bf2a0b6688db5f6ad5eb2278fa898c510bd00,211
pool1gha260s6hx855p49fc735w78p0kcp4hyxl8glymp5k5muk9jkgm,,,,,https://nspyrpool.github.io/meta.json,42a232bc8f90b60950ed2e07f0943d6cbd3c0791b7ab0569ed993f9e44734cb1,584
pool1ghd48gmcn3ks8fz8wswd2fhma4ug8qq80m7gspfph2wajuvcsk2,,,,,https://valencepool.info/valencemeta.json,0f84df65ab060a08da5c520ccc46e607541344d9e00d2c8e51317d9d9d8dcba0,333
pool1ghkvvv54d5463ymc44922ld927wtcaxm0e9ej67sh9fp62q6s9e,,,,,https://infocardano.com/metadata.json,51306ac97e9460212f529442828f0e5dd2900331d0d67a44b436c32ec4c38dd8,270
pool1ghsq6nqsdmxxep9jrfml0j6jk935uhq7d9l5a0ltllev7nk2fa0,,,,,https://plotcardano.com/poolMetaData_v2.json,4410ef9b03b4ba0c6eb6234dd0365c9a9008e8b1f8463ff6607f94201e5b7afc,281
pool1gjmerqh4wxl553enqeqgc6m3r3gt6yspdg29jy6nuypa6k2tpdt,,,,,http://d2x5gxgj1srogu.cloudfront.net/cardano_pool1.json,d0bac510dce4651e45ab4874f4847db760d6054fc25fbf7ad7aef3df966ae720,295
pool1glnff4fwpzc6v43kcpu3re7ag2p2l0z4t0x0mg3v83f0qeg58yy,ATAD1,ATADA-1 Stakepool in Austria,https://stakepool.at,Stake safe and secure in beautiful Austria! We support the Cardano EcoSystem with Developments! Please join our Telegram channel https://t.me/atada_stakepool_austria,https://git.io/Jyl8t,54d579acd52594a0f9b55727d8e874a6f25c6ab24648ce970d365374559b5e2d,314
pool1glw78uuh552fkhu9v236qla6q4xef7qtx3z9h6e2mahhj5c392j,BWS,BlackWidowStaking,https://blackwidowstaking.com/,Stake with the Spider,https://bpowter.github.io/bwstaking.json,771608a96b50632fbdfc9bfa84d4d184e1da1f5225978f2a068d320a093c8469,274
pool1gm4mcrf8mytfetsj6ykulrmv4j70y7fhceawgdg2h09t5rtt7cf,ALTZ,ALTZ,https://altzpool.com,Ada Lovelace Treasure Zone,https://altzpool.com/altz_m/poolmeta.json,c5b77cd5c61ea6c09c18a483f05738030fb9df8c643db26500b8c3f9aa2d4cc4,581
pool1gn5txrx7ay0pxs7cj70ewxpqx64sqnptnkc4u3zghxv8y2y9sxr,MRSP,Medium Rare Stake Pool,https://mediumrarestake.mitchjonesengineering.us,"Good Stake. Run on a hybrid solution, we run our own block node hardware, and use cloud relays. We will not use extremely large providers such as AWS, Azure or Google, as we believe these contribute to centralization. Visit our homepage for more details. ",https://mitchjonesengineering.us/files/poolMetaData.json,85d1a0e77dc5e2b1df9fa512c066c9a7eef543d00a7748dbf2900e131312a160,297
pool1gplusrfxc087ep94rata3m02qpyqa6a6g4wezxf4fwwnczzyg3l,,,,,https://raw.githubusercontent.com/devsinsight/skillpool/x/x.json,d04c10aecb1f45085d8d98de9be56eb0ed13f6e2e648fc9b401334f1635c6c5c,490
pool1gppqnqfguctp6gu0q8l5wjhye0ny28yzfx93hkr384cfsezru0f,CAPEX,CArdano Pools EXplained,https://www.cardano-pool.eu/,0.0% Fee! Great performance since August 2020. ,https://capexeu.github.io/capex1.json,3305562f7c32e4eb791a07783331332dabda08c06e7dc412ca140a5a2afa9bbc,412
pool1gprrm7gehg9wlupqsvyf59l52q8wgr3y46p656r66t7zy7j2z66,MILK,MilkPool,https://milkpool.org,This is land of milk and honey.,https://raw.githubusercontent.com/buncmyk/milk/main/meta.json,992c102288120152c575ac3f7c03d24efb936515abdd998da830a478cbdab91d,266
pool1gpz25s2aasmqnh9tg8a2rxmyxuvmj5s779htxk295e9ajnzjflc,MUGGY,ADA's Digital GrandParent,https://twitter.com/Muggy_Pool,"HODL ADA & Delegate with Muggy. Single Pool Owner > Decentralization, Low Fees, High Pledge [ムギー] 祖母を偲んで",https://muggy-pool.github.io/muggy/poolMetaData.json,0784a6c960dd60388e85b9dfa3ec265f0ee79ddf4cd6058637f588ae5a1ee929,385
pool1gqf605yxhmyfasdjhf8yxcesztgzuek9gfuvy2dnyj5cyp8zga3,OLEUM,The OLEUM Stakepool,https://oleum.net,"Stake to the OLEUM pool, it's elementary.",https://meta.pools.pm/oleum-m1661766029.json,a415ccafbad2dbdd33294845259c39780bc24c0538d1fd07490a673c2c21b3b9,540
pool1gqgyta9sku3crjzfl9kj7kxsgfkt98y98yeu09kx22zscrezuj7,FORTE,The independent,https://fortepool.io,"We take care of your voice in the network, securing and decentralising Cardano with first class infrastructure is our forte.",https://fortepool.io/poolmeta/fortemeta.json,1e356ad3c64c86f2ac629da76e30ef8de1ba886cf6673f57f4e7c5aa0dbf1568,449
pool1gqvrgg7zycvf65ydkjeph72t0yx0f5ykzd9f477zh4f3smwk997,SAND,Sandstone,https://www.sandstone.io,"Reliable, trustworthy and dependable stakepool for all.",https://sandstone.io/sand.metadata.v2.json,2d589166ca3f4df3b346176da7ab03c3c4dbe9feff889b82c921e6e7da51d50f,591
pool1gr5pa4shzsyefw445qrpn5pxnuxa8tuev0jquz04acdx6efjpvg,,,,,https://davidshin.kr/static/poolMetaData.json,eb50577c398a11440ec11b04dd55205f4fa4379a27b852626720119bf87e9c82,463
pool1gr7jlqk9kmhwuztdwcwf6nyr2teeq9r8h4y62ev0xrrvyvwly64,NEWMX,NEWMX Stake Pool,https://newm.io,"NEWMX provides high-quality staking services: Through continuous uptime and transparent communication, we give users the ultimate staking experience and dependable rewards. All generated fees will fund projectNEWM’s fair music ecosystem.",https://cardanostakehouse.com/794f48ce-59a2-4cdc-88b5-705.json,9da1dd5e088710f9adc49adbbff5ff0b6b1be84df7882fe5e4dc1c7f094a86ec,512
pool1grgycym8cf0xmgjjr7gx7udmkpu93hqaygysy5myx6ghx8dvl5r,THOR,THOR - The Viking Pool,https://thevikingpool.com,"Run by Vikings under Old Norse Law. Respect, Integrity, Accountability, Bravery.",https://meta.pools.pm/thor-m1682360474.json,d7d29a7ba0c38b99ab48e83490a2b2cf4dae5fab7c008f8432f9585d524d9a5f,507
pool1grhujlggx90ln0jcnrey4adckysxdx6rqfmx9s6fnhtc2g0qym0,,,,,https://git.io/JD2mi,f278024f6f21212745bd32631929729bdd65132b1cf4ea3f6c9e7f4c1d936061,311
pool1grvc8ee54v6hm0aynfdqanugez2sjjdaya2fxcug7lhu73dnrl7,,,,,https://git.io/JtDJd,5ea9b00c5cb944ee39166dc4c439801efb6cb22e6a9741f8d2bfc9d12e78021f,260
pool1grz62pdyyakffeymsjxpkz4x9382y3zhfa8zu28tk2fpqxm6p5l,KAWAN,Kawanua,https://kawancardano.com/,Indonesian based stake pool that strive for 24/7 Uptime and secure. Visit us https://t.me/KawanCardano,https://kawanua-pool.github.io/poolMetaData1.json,fc1bdd61cad2a4219d40efc04160d8bfd0f3004a4a8b0a0993c4110771610c1c,301
pool1gslrt6mmljsqkzft6nd0q7w7g2fyhxpxx6sj4ff68x22kwx6unm,GOOF,Goofinator Pool,https://goofinator.com,IT professionals that are having fun supporting cardano decentralization,https://git.io/JSS8B,569db63472c1bf2b5d92e05e0f32784654ca25f9ddbaf47122730dfa98a46dc5,499
pool1gsrcrjm6ctkquef6m8jsyvplv0j357hupn92uklqdcm7729ytv6,YUMMI,Yummi Pool,https://yummiuniverse.com,"Yummi aims to help grow the Cardano Ecosystem with Decentralization in mind, combined with the joy of NFTs! Join our pool for the chance to win monthly Yummi Universe NFTs as well as receiving staking rewards.",https://meta.pools.pm/yummi-m1657108574.json,ddca3d8480a4d45e43fb5150c4cedfa9d072e4ff99b73888924c1219e09e6393,485
pool1gtphgrdj8sluxm9e7ca2spcwcq2p0dxj9zf5v0yv3gsagzq704n,ADAFR,ADAFR,https://ada-staking.fr,"Low CO2 footprint electricity (FR), tools developed for delegators. High & stable pledge. Enjoy !",http://config.ada-staking.fr/metadatas2.json,0f465853cb941468208857baacd30c86e643d7ca92f5d95135bbf3f52570d9e5,453
pool1gu0jszyrg82ah4qhusx7lm90gsx5n9czsa48ast8tfegg5ztzuc,,,,,https://poolforlovelace.me/PFLpool.json,a84f607747119e34d7bdddb4578762f9498a70f3c631c50e001a61b02c53acb3,297
pool1gu33fszp9ek0w9fkdt2xpnp4vznvvv2vhktc0dypa8fr53lc9pc,TESLA,Arcadia's TESLA Pool,https://arcadiastakepool.com,"Honoring Nikola Tesla, scientific genius and visionary. We ran in the ITN, and now please join us in mainnet!",https://arcadiastakepool.com/TESLA.metadata.json,0acb49f5322a78786ced3450808375cf24040e70565a901348adc2238ee9921b,512
pool1gwnu7f7qgaruxph8gn3u28qphvquvnj63elyd3r0nndacj9g9pa,JAZZ2,JAZZ2,https://jazz2.jazz-pool.com,JAZZ2ステーキングプールへようこそ,https://jazz2.neeup.com/jazz2.json,0e69d1fb8d0a81fbee25cf9780a8cd83f08c58175499851cc16db90a3d2f3bac,444
pool1gx2pz27mgupdqynr54s57jrepc3n28yx0wlx0j5ypka55aan9qx,LUCKY,Lucky Pool,https://lucky-pool.com,🍀 The original Lucky Pool transferred over from ITN with 0.5M Pledge - Only 0.5% fee at all times to ensure Maximum Rewards!,https://data.pooltool.io/md/e2960039-6b0b-45b6-aae3-9f3ef4dbf9fa,4b98ca01b7bb3aa4bab2ccb44079e0d011d064c6f88f503cc7d8b6049c9534a9,514
pool1gx6eawfvnhckevmlzhfz9j3uzj92j2wgww0mdd2fu5d4zd4wvaa,BSSP2,Black Star Stake Pool 2,https://blackstarpool.com,Black Star Stake Pool #2 Help decentralize the World one Stake at a time. Join our second pool and support our goal,https://blackstarpool.com/bssp2/poolmeta2.json,274c5c030f024961ab600e0569453b7d4be9096f086c8e66bd330097434de5b9,562
pool1gxqgry4s75sx455a4hh0fx3qm5ckx5jl5tryn6zu77yg7y5pgsj,AMBER,Amber,https://amberpool.io,"Planting seeds of a fairer, more dynamic global financial operating system!",https://raw.githubusercontent.com/efschilling/m/m/m.json,bceb071a3b6f976fffb02e0bf3111fec2eb7c14662a15e86e830b3b993efbba2,269
pool1gxvkc0576e75065p5k0csvwme9y2qrefd5ga66nx0z65xxjt8jk,,,,,https://www.fkjdsk.www/metadata.json,490e67dd81d0c59d85f22e1f83feaa2ec88b5577559ecaf7a7dc00402c988dd5,631
pool1h0524mtazrjnzqh5e4u060jsfk8lpsqqjfpa5gygjwuhqu34wvt,JAZZ,JAZZ,https://jazz.jazz-pool.com,JAZZステーキングプールへようこそ,https://jazz.neeup.com/jazz.json,c81e7792832572a0e464b617e16f3e9b0a699692c50d35c0675367978e9cbda3,444
pool1h08araxldht60j00vp8lzllmwyevjwqd5zwyprc62536gk4s5ge,,,,,https://quirkyfreckle.com/qfr_metadata.json,4c35b2e29dd88bc5d2a061eb592d39e60309802be03e8b63efb764722289d2e1,212
pool1h0anq89dytn6vtm0afhreyawcnn0w99w7e4s4q5w0yh3ymzh94s,GIVE,The Giving Pool,https://staking4ada.org/give,"Instead of retiring this pool, we decided to keep it running, and donate 100% of its rewards to charity.",https://staking4ada.org/wp-content/uploads/4ADA/GIVE.json,b4004c97cb42440f7417938c06138e3b573c7b771e88515af686123a0351c01e,256
pool1h0v99elmvl50rqk778ue6g49r3mtgq3z4draq6pzy0nqv000frd,OMEN,Nemonium,https://nemonium.com/,"This stakepool provides safe, secure and reliable staking for the delegators, while supporting the Nemonium self-sustaining Ecosystem",https://raw.githubusercontent.com/Nemonium/p/master/p.json,b39b0bceed13c901074aabe964a6a6675e83461713c78b2dd33bae4b2cec34c8,489
pool1h290edu6y50y09ulac7t6krculahk9fjwzvx4hqeqc7l2ruttku,,,,,https://lionstakingpool.com/poolmeta/poolMetaData.json,0336f87cf8ed36a9fa044c70771e6dda531d480b23d767a54a6397f206a7cacb,310
pool1h3aejp7fln74mwaraqjn65ve3j5zwqr7wk0pasct87wpkv0aspm,BEAST,BEAST Pool,https://twitter.com/Beastlyorion,This is @beastlorion's staking pool.,https://beastlyorion.github.io/poolMetadata.json,ce25705c0e823cac61368afb0cff8b577a42e4b769892867a9cef751ca097058,260
pool1h40kkf28nr3amhs6nsmqn75aderg6cutmygr47czu2dw2dxzvgm,,,,,https://www.tangocrypto.com/tangopool.json,9b7255eaf6407c388eee47e2902ead357ee3bd13b846bb6f61dbc8a12da8e0c8,308
pool1h40xjqda9wmw9cff5jss3ww9npujkhlvg6xjy9l5ujsu5rqlw28,CHG,Change,https://coincashew.io,The Official Stake Pool of the CoinCashew Guide | Registered and Ethically Operated Since 2021,https://coincashew.io/files/CHGMeta.json,98784315e127c9c5eeb9fd423abe6f096b4fa679c3437487830cb82b6c06f341,641
pool1h44uqhtu5gxh4kkfw3kddjmg4nug4fwnchalj8j04k7vj5kjrnt,,,,,https://35x.in/md.json,3f6f1ce8c9827962b4501366da979a76d2fc7849074f2062e656adb298bbbad8,218
pool1h4gwh638485yd0xcw0pkrm935nvm4aecqsxjx2yzzz0u6dfj73q,SEBA,SEBA Pool,https://sebastiengllmt.com,Fund development of projects by Sebastien Guillemot,https://www.sebastiengllmt.com/cardano-mainnet.json,85b92aececb1d8d61fa1fd00ecf54cf13c563c7e499aecca8a701f584f8d9de1,440
pool1h5jtxde8j86qrnqzj32ugn480u7gw5xw8wqy5d227rl3vfg58qz,PEACE,PEACEpool Cardano ecosystem developers,https://twitter.com/repsistance,"La PEACEpool resist₳nce is a collective of (PEACE) builders contributing to projects such @LacedWhales Twitter Bot, Dandelion Network and GameChanger Wallet among others.",https://repsistance.github.io/home/mainnet-meta-epoch312.json,72db291954cc3d70fde2060943918f62fefc8cbfdc418a3f1af1edadc17fc4c9,315
pool1h6q8jj55dn6727yydlypu0rz4sflf2enxhs0thqydmddgu3shl5,HAZEL,Hazelpool,https://www.hazelpool.com,Hazelpool is a professionally operated Stakepool dedicated to cat fostering and the support of animal shelters,https://info.hazelpool.com/pool.json,5a83611967aa922bd809347b49389087971dd564f72785e552cece239a4f807a,463
pool1h7eevnu53zdfujqfzldw4jgdjh475u0glvtruwrnmdmycn6jdzs,,,,,https://one.stke.club/poolmeta.json,aa4383b73b1aa387ccaf9914879c65711114bd80ff0ac6ae9f5ffaa67082fa45,288
pool1h7yfyd5uty3dn40yqj4hx0yaha6md7uy97sup86xccrpv84xydm,DIYA,Diya Pool,https://diya.blissweb.co,Pool of light,https://git.io/JtBOl,beacdc64b69f53c758707d8a8eef6580773b1274b987f42e86f628dca409bf21,249
pool1h85s0f86k4hsceqdpr906d8e99vn4yqu4ewd236ajlxpwxavz6h,,,,,https://cardano.fans/mypool.metadata.json,d6bc45f91016cc055aab106f5e6eb0b516bfebab658025fa4e9aa2ff30d05c1d,216
pool1ha4z9zne9z7he43qf0tzv9pdq8cdj63xfrj8s246u89lkcwmq7w,VADA,Vada Pool,https://vadapool.com,Vada Pool - Start earn ADA staking rewards. Delegate to small pools so that the Cardano becomes more decentralized.,https://vadapool.com/vadameta.json,1e030ce34c5c6a2e667cb377ffd4ef9da2df14035a00b5037319c5b7cea8d6b9,383
pool1hcg8sa642l0xeygkzvpgn3sfj5s2yeuzpws7a0gypyy7grrjcje,,,,,https://hermes-stakepool.com/meta/hrms2.json,5a89ecef8df0d7bb51042b1a301cfd3c07427b7ee8d5ad54a2cf212ed196e608,327
pool1hcjc7d8g0awkledqs4ne8chl4gqmcc57yucexw2pyzll7eq84af,BIRDS,Birds In The Air,https://www.birds-pool.com,Bird gossip is generally reliable,https://git.io/JGj7A,0e576951ea3676bcf509da7ed0910e7e95abfb656f4802b6e35a04ecdeec51f5,273
pool1hdglvd3xn5m0glqx3l8cy73ajdlxzn7ztlvzwuythj95kwnmvwe,,,,,https://stakepool.ai/poolMetadata.json,89cfe5b34f21c99c316df80ea6eb71c7b5e18744d87137b73e2b69e8d41ed819,212
pool1hdug72ukeepdxqxz0new8e3nhq5cykkn3prky9wgrz5tgyf4ty2,,,,,https://raw.githubusercontent.com/darkhorse1418/d/main/am.json,a5acd38c2dbd5332fd268c0b7aa8b365259a4ef062f354e58dc0438067315dc6,365
pool1heks0vmxkfka2amg9c8yn8qdsxvgmzelfx6jhpfkj8ht5mn0r2m,ADA,Cardano24,https://Cardano24.com,"Trusted German IT/DevOps Professional operating a stable, low-fee Cardano-Pool on own HighEnd and Secure Datacenter-Infrastructure around the globe. EARN, and at the same time SUPPORT the Cardano-EcoSystem! https://Cardano24.com",https://uptime.live/cardano/pools/ADA-m1778535515-5wbb.json,cc3f276283c882b95a46cc47b48ccef42a9307d0ff098815beb1073c15805630,634
pool1helzgcd9sjm9xtyh9mw2wy06gekh6r52s6mx987q0p8lvklwura,,,,,https://shamrock-pool.com/pool_Metadata.json,c43a749c56cfc63cd27f9bbf5c9170cb0d34690641ad96f57c28706cde09c56e,314
pool1her5uyhxcxeyxws60jrft4kkczc2uxyz3z2sq24582z9kvwsng0,AIVS,AIVS ADA pool,https://aivs-adapool.datamaven.pro,Small pool for decentralization and using data-driven strategies in optimizing the pool. Pool margin currently @ 0%!,https://git.io/Jumrj,c52b203e9e3faf31ac8f5edee64a9b41b5491ee41c5dd8d4a86af33aeeb63dca,291
pool1hfn7yuwfyhmmqe4qpaxfewuly7cnemc6kqkv5npytj9vcrskh6j,AMINT,MaximumMint,https://cardanomint.com,"Maximize your profits with Maximum Mint, brought to you by Cardanomint.com",https://tinyurl.com/7crfmefy,9c5670948ad706eb38ab2ac7e87856317704cda2664724ca323126f2f2fc5bf2,479
pool1hhlzudyzp80xch7r0vamq58hpdnspagutvgqwptsmr0tk2425vf,,,,,https://quantumpool.io/k9zzzAppkPDV7wc.json,2413b4ff737fb0d32040b43c736d921c69d5cdf9e64d461fe0fee00820a6e1da,210
pool1hht4pctn70tqdsd0zwuxv8d8cz6l5scjzaquty7vamyzy78eqvc,ACL,A CardanoLand pool ACL,https://cardanoland.com,Your Trust is our Motivation - A CardanoLand [ACL],https://raw.githubusercontent.com/SViksha/A/master/ACL2.json,80a8daa4c5ecd05278913172694a46158d7d6dcd94a5037a86dc3c45fd0d45b4,212
pool1hhy7qvgc2lmjlwg8z6yag67yjylrquy9hgxwyhgps5e07m8h0ep,BICEP,BICEP,http://www.biceppool.com,Stake with Cardano's Strongest Pool!,https://biceppool.github.io/poolmeta.json,c762b9716a5e60f6283886f21e385d26b5a7d479741804cc7337b9464168e8b3,373
pool1hjjj584gq0ynqf06g036a4a0stpm90asrdfskpasqjxf5948ygv,,,,,http://www.ianesthesia.org/poolmeta.json,06dfea6bffafe15636e65e28c4d6e239141a681bf3c02b08434cb0928e6c1903,600
pool1hkklrx9ac7w57d79mnv76rxlgq4acg5ecwhyep7k3zn0u5cz2k9,AZUR3,AzureADA3,https://azureada.com,OFFICIAL SUNDAESWAP SCOOPER! We're a team of multiple IT pros & devs. Our AZUR pool consistently is a top 1%-7% performer on Daedalus|adapools|poolrank|pooltool. Contact us if you have 1M or more ADA & want to become part owner for increased rewards.,https://azureada.com/azur3/poolmeta.json,83d8339f8b1e031f99fa2f203fc7ffb5b4c49b5c67c401446dd16896756b4105,622
pool1hkpgddlnya3pgktj3sxdraa8x8400vhaphcudvym9ye22esak43,ISP,Ikinari Stake Pool,https://ikinaristakepool.amebaownd.com/,最高収益率を追求するステークプールです,https://bit.ly/3JaL24g,b7860eb8c80dd75e169d56f085e296a63b054628b11f72c6d010ec804c38e862,322
pool1hmsu89xujecvetms68tn2ehfmq7yqvgl6xsf796z4v9ukzdqlp6,,,,,https://staking.wira.co/assets/pool_md/1/wiraF1.json,f4093dc039015974de1555ce64ca54bab0a6e20ed5dd04800b0f86703acb60da,235
pool1hn7hlwrschqykupwwrtdfkvt2u4uaxvsgxyh6z63703p2knj288,,,,,https://blocpool.com/metadata.json,f19fba81d7c1c17982baa57bde71d59e046e16a336007d7954b25fac7ded56c8,269
pool1hnnfvsq3xlln6vz7d2xmk6kqekd5z4ctmfpdad8g8kr0yk8kdfd,AZDFM,AZDFM stake pool,https://cryptoblocks.pro/azdfm,This is a private investment pool.,https://cryptoblocks.pro/dfm23/poolmeta.json,8e79f3662a2ef95be2971d5898cd8f9df85f89e0736381a9f1af6e47fc478505,581
pool1hnp560z9e5acwux8tjguxq36j9r255zuf02u7z2d46dvcf5zhns,LCP,LovelaceCommunityPool,https://lovelace.community,"No fee, community supported staking pool -- No joke, 100% free (as in beer).",https://tinyurl.com/smalllcp,5ebdb9a0781d2e4dd81c34d7c595c91477be2a2dc82a07aabbe9971116e5bea0,448
pool1hntu7agmt8u5j9c20ejen7dvq0jfkvkpnul3mrdd8tppqvwfvt2,BLOOM,Bloom Two,https://bloompool.io/,"Bloom is committed to providing top quality staking services to our delegates through low latency, 24/7 uptime, and the highest return on stake. Operated by bigpey.",https://bloompool.io/bloom.2-metadata.json,5a9943f4f8056619d8e28c47e9e92382cfc166b0ee0659b198c7cad50ad05dc5,642
pool1hqwxta8p0j8ffkyle5mf6yg80tucqzh8q9mszws60xe5ja06nwa,LUKE,Don’t underestimate the Force,https://pooltool.io/pool/b81c65f4e17c8e94d89fcd369d11077af9800ae70177013a1a79b349,〰️ This is not the pool you are looking for! ➰,https://luke.a421.de/metadata.json,4b8e206b46f30d20a13302cb4cafe7ed000fa1c840bf2382b95eee8e13fdf5e1,638
pool1hrfv7z55k4m2q6ghemu56r3zkw7dt5wd5xay5yw7an7p7aw33ac,WEN_K,WEN K? Stake Pool,https://cardano.dantup.com,When K?!,https://cardano.dantup.com/pool-metadata-wen-k.json,1d0bfd322077107f09905b983d1241825a974fb432690b027579bf7d8c300a99,532
pool1hrn5rm7e02r90hvt5l5fwmujul39y0cpkxn2t7avn6hqwt3m9j3,09PCT,0.9 Percent Pool #1,http://09pctpools.com,Skilled team 0.9% pools,https://raw.githubusercontent.com/VN121/1/master/MetaData.json,5f85c68b36fb797e2c8e8ba44673cad2a17174afe56fb78c7aab493e2b49f544,215
pool1hrv8gtrm0dgjg6zyss5uwa4nkruzfnh5vrdkr2sayj7x2nw6mjc,,,,,https://piada.io/piada.metadata.json,344735f51f95998cac27b9a29bfad05dab0ee33706d1228f93b5d6a0604875a8,431
pool1hsq2jrulgj97tna2femdhsfn2wurkkwt8uk9uvs42h9zs0a783p,JAZZ3,JAZZ3,https://jazz3.jazz-pool.com,JAZZ3ステーキングプールへようこそ,https://jazz3.neeup.com/jazz3.json,62dcc1eed86cb21c6ff0718ffb30b852b435094757cb6b5bd72a5518e98c2125,444
pool1htf4qwm5t82mefqkns5p7d5w30rk8xdduty434vchq2hcvwt6ka,,,,,https://git.io/JJu2E,273fd08eec6045c3448e8f8ab11c44e3eb87f3cea3949fe2cfa06d0d0ad38960,212
pool1hup05mr0g5uq3ng2xd4qpp83dhfyssxruunapthyumv5x63krug,,,,,https://nodocastilla.net/castilla.json,2abc7504435919408f9b38bfb8231acae9ea6169dcf2266e4130ceaac24a1063,211
pool1hut596zjmx2eunuwt8vjnh953ezgtvc3cwv3nat8cepsc2jeaxe,,,,,https://mashelem.xyz/metadata.json,9f2bcf209dbf9f5ae5bd598a5482c86aaeea672303be0720e1ad9a5971c152e3,291
pool1huyzkfxwnttj7r4530hv7gc5v6mzk75vuzysc75aemu85mae9vd,TOSHZ,Toshz Stake Pool,https://lungurazvan.ro/cardano,At the edge of hobby and passion,https://lungurazvan.ro/cardano/poolMetaData.json,5f279c11cf7623ea7d7d11351b4ecbe5b8d71b56cdd80669f94721bf44a52469,252
pool1hv3yae6keeeu2y7eusejx4swd2myfkurldt7lasn2qu4xk20j8m,BLESS,God BlESS You,https://sites.google.com/view/poolblessvenezuela/p%C3%A1gina-principal,"Bless is a pool created for charity purposes, please support us",https://loncho.github.io/poolmeta/meta-pool/poolmeta.json,a0eb7eae976924455c87dd05b1f058a8328ffe382e61e5d58169af6c0a4c5d19,616
pool1hvevy8qu5lwg7ul66xmzvwv8zwdgdradsg9ncvrflm7dvy407e0,HAMDA,Hamster Stake Pool,https://hamster-stake-pool.de,We hoard ADA like a hamster,https://hamster-stake-pool.de/hamsterpoolmeta.json,9234973c2227d4d894aa3243fb68e2797bfef04cb8c9ee748750ac41128c27f1,629
pool1hvw0mqph8kg9gkwqgnrg4v8uhwchltpf9e0qw002sxzfy2xe2js,FOG,Operated by Dew Staking Solutions,https://dew-stake.com,"Reliable, Affordable, Committed to Excellence!",https://data.pooltool.io/md/ff20566a-4d16-49bd-b05c-20667b9170cb,c8560e6f94aa90216d032109efaa34e66ba636c7ccd02fb966b3f925f1e59e04,252
pool1hw3cgyx7tvxh2fpd46k9sqgruu5pfnzt4nxuyv2w7nlmusutda2,THREE,THREE Pool,https://threepool.io,Three is the magic number,https://meta.pools.pm/three-m1659457365.json,6dad83a3aece5f3f752c19c58bab9129f20cc1b492330952f819820484edea47,499
pool1hwlghkwnjsjk8370qt3dvp23d7urwm36f95fmxcz3np2kghknj9,PEGA,Pegasus,https://pegasuspool.info,"We develop tools for the community and keep them up to date with live network statistics and pool monitoring, creator of Pegasus Tool mobile app.",https://data.pooltool.io/md/c806be84-4617-4ddb-866c-c9f6a89caa5b,28bec2b356aaf21f5e7687bc0a18bbacf61f34f504284f9e0a988fe4648c2ef2,605
pool1hwnl625swgnlp5w7e8dqz0chlz3kl05tm2lawwy8xq2l5uz5h0y,,,,,https://pokepocket-data.s3-us-west-2.amazonaws.com/pool.json,ab6d6b1fff234110de2e92a608a67ffd80b06624a3d7c67528210d12378c19ce,219
pool1hx6pg79jq9kxvkzcr2kywdrwsjtys8dyt04ay5j60h0rjtxxkng,,,,,http://www.stake-pro.org/poolMetaData.json,6b012cdaadbfc8efdeb945bf63ecd15829517411152e7a1e09134b5065beb56f,240
pool1hxdcr4u22lytge79hr5hds39e90jsdmhafphdgnn4hlqvl4qlt7,TRADE,ADA TRADE POOL,https://adatradepool.com,Powered by IT and Traders Experts. Committed to performance with competitive rates. Stack with Ada Trade Pool to get rewards and use it on Cardano network!,https://git.io/JnTMe,58770e33ec6c5ff83e307aa5cb7990abc4536087411f3930c6fd3d829b867e3e,517
pool1hy08gpvzkutxkg3ccxwmkzqaun9cd0styl4dtpqp2yxq2rjxehj,,,,,https://bit.ly/2MW1Kwi,e634211f8724c78dbda06629de25dcf8cf349023382449c6c8aa1ed4e413a504,360
pool1hysp9sd0h4k8ll8sxnl0k3gqatd9axzjnaxs7488mw9gze40jp9,,,,,https://git.io/JOnbX,916f8701b590c5d41fd54926a82d8b2341453a045b9a71ba01ae3abbfedafa84,262
pool1j099ctc7kcc9fa78dz5qwsy2g0n96lrgletwxvxmyzh4zd7ck0j,PRIDE,Stake with Pride - Hosky ISPO,https://www.StakeWithPride.com,"PRIDE is a Hosky ISPO pool so you can earn $HOSKY with your $ADA! We run infrastructure that spans the globe for resilient block production including hidden private relays, public relays, and multiple block producers.",http://www.stakewithpride.org/meta.v14.json,63388299ce2472a8add4135d915db78e7415a6b5fa2b1fb273a6feb81faa03d8,636
pool1j25x3lguq95gp0tt8ng2nw3fz9ea2p6a89vmgffdw6h0zyh66a0,IOG19,Input Output Global (IOHK) - 19,https://iohk.io,Our mission is to provide economic identity to the billions of people who lack it. IOHK will not use the IOHK ticker.,https://pools.iohk.io/IOG19.json,f10c6122814d047f51884bd4963e7ffbc0f8f02c8fda70f3c36c6826887bf32c,210
pool1j3umdcuxcewcxz98wm3sx5xqwgxx0v7z376xyjfq4jgejpvv8fz,MASTR,Masterstake,https://masterstake.com,MASTR pool #2 | SundaeSwap ISO,https://raw.githubusercontent.com/Chris-Graffagnino/m/d3/d3.json,03faf7076f7e2efe3e57ca223efbcbf7ed03fba6e7cad423e116e624f66e017b,504
pool1j4kazqs4673dlq07pfwnqm6zmaga99as9ktv2h9k02f7vtrn85q,,,,,https://elonpool.com/elon1.metadata.json,499775bade3f157fdb5f669cf6ac249fde2005bd404f9e8a02aeb665becfb36b,211
pool1j4nkshfytq8tww99ttfwvrmv8n7yq2tvuw0xlphelzzw6vfghwq,TAPC,Tapioca Pool,https://tapioca.link/en/homepage,Tapioca Pool on Mainnet,https://tapioca.link/mainnet.json,0bcd025a73d3e27744cc7606c5109754a8b29f8bc01462c2f02532a56e157b41,465
pool1j5zdx73kk2w53vd5qqw3wqehywh2tpljltfy3rdmuuge5k7pg8m,CERRA,CERRA ISPO,https://cerra.io/,CERRA - Profit Sharing DeFi Hub ISPO,https://bit.ly/3PEBFzl,3e371e6a002cf19c768397c715bff21048ccb06635a9a828459558203f108e85,477
pool1j6490a90qefvsqxdurf99z9ld50rtthaz9ms6c8xh78s52veuq2,CETH,Cardano Education Thailand,https://www.cardano-education.com/,Join us in shaping the future of decentralisation.,https://cardano-th.github.io/BKKA/bkkpool.json,09cbae17cb52bc149d2bfc8206a79a98ebe84bc7b7aa5dc31cefc2e280689fda,394
pool1j6dh3ynys827j38976q0q3s3c9hpzgx40kjcq4472h6m7d3t0hm,KIND,"KIND, The Charitable Pool",https://www.kindstakepool.com/,"We are KIND, the charitable pool. Working together to use ADA for social good. Every month we give 25 percent of OUR operating fees (Margin) to charities and send CASH to one of our GENEROUS DELEGATOR (selected randomly). You will love the KIND POOL",https://kindstakepool.com/poolMetaData.json,dbc2cd0a6b5d28662a0775a8d5c5d64c1de78926516a83ec48e8d7c713471c30,226
pool1j6zqawj6f58lp4p00t26eqe58gxx4pa3cudlzpkv23y92nlxjzd,GURU,Cardano GURU Pool,https://twitter.com/CardanoGuru,"From the @CardanoGuru, we present GURU Pool. Operated by an experienced team who are here for the long run. Follow us on Twitter for Cardano and GURU Pool updates",https://jsonbin.blob.core.windows.net/meta/guru.json,b376d9a300ad01e3a5e64c6423a6dc18ae322af9cc78b74e9e794510e9759ebe,619
pool1j742gcsul7u8c05rsqmkgpkvj5qadj0pew69nctu6crqy9wjjn4,BONE,BONE pool,https://poolbone.github.io/meta/,"Our aim is to promote decentralization, one small bone in the skeleton supporting the future",https://git.io/JqqYI,660f43eaa15a15193fd6d8e540dec9dabf459a5680c150e73f1c8273f09ed3ed,315
pool1j7sphrhrqtlj32k3alhnnnp3pfxq0n6mwels9ysnfaw563wpue7,,,,,https://papertopia.io/poolmeta.json,83ae54eeb399f9c49a6fe425c812f3f28ef7b9eb80779913b151681d8e638f9a,348
pool1j8355yxxpfuhqyda4lrj8c9cdghaang3wvwge8jq8nlxurvfqv7,LvLUp,Level Up!,https://www.lvlup-stakepool.com/,"Level Up! Cardano stake pool is managed by IT professional, bare metal pool. Stake safely with LvLUp.",https://www.lvlup-stakepool.com/poolMetaData.json,a4170afe5cb9740a5f1cc7560bded441c5a17a344a9c45075d15603db709a6f7,448
pool1j8grqucdwwcr0cwzxrtw30vqcptg0jdlrmauq5w7ytvqx6nf5np,VINCI,Da VINCI pool,https://www.vincepool.com,Powered by VINCE pool,https://vincepool.com/pool_Metadata_vinci.json,9dbe7fdad889b7c8d43f0f7684f7b4d9fea7351e8828a4555270a5f600396caa,449
pool1j8zhlvakd29yup5xmxtyhrmeh24udqrgkwdp99d9tx356wpjarn,CRASH,CRASHR ISPO,https://crashr.io/,"Crashr is revolutionizing web3 commerce and redefining what it means to be a marketplace. Browse 3000+ Collections, and utilize our innovative NFT trading tools. Join the ISPO now and let’s build.",https://bit.ly/4a07Vps,f932dc01f52c41b6af5d4fd792b20a16e51174bd8d21f60f21e8c6f68a7cc697,453
pool1jayej3rwf5ynfmmu7583x3w2j73dcedtflgnazdezfn3kl6062x,TAX,TAX Adjustment Stake Pool,https://no-tax.biz/,"This is a 99.99% reward pool. If you want to stop rewarding your own wagers to adjust your taxes, you can delegate to this pool. You can contribute to Cardano's blockchain while reducing your own reward to almost nothing.",https://no-tax.biz/poolMetaData_tko.json,c96f4dcf897c1e0ab843625e30889f87e9a3dc9d08889f7a5238a49792418c79,315
pool1jdeg5kn8m77t873vufp9hty99fl0f3huvf8uzylk2ydz50l6a22,,,,,https://retrostakepool.com/retropool.json,59c32f5a0d9321840cc31178c7b63d0a4c27912cd1b3b93a2cd925294050d614,352
pool1jdhjfcu34lq88rypdtslzwyf27uh0h3apcr9mjd68zhc69r29fy,NUFI5,Nu.Fi & AdaLite 5,https://nu.fi,Nu.Fi & AdaLite 5,https://pools-meta.nu.fi/cardano/NUFI5-metadata.json,087c068450baefb6c63c78a98d62823be1ab74315d2bbf60e1dcae2c7d40ab12,382
pool1je2n5smmnyn3lh92xrp8nepjyfp596ypga6pmdecwtcrcj9uvec,YOADA,May the stake be with you !,https://www.yoada.fr,Mithril Signer and OG Cardano block producer,https://www.yoada.fr/yoada.json,60687c64e5f05cb1bd2176f89689b414cc1dcb0cbd77fd4d6b03cf3fae87dba9,608
pool1jeu74g86ys4fekhykqcww99kdsq3nlym8a6kfw8s8ff3vskad70,KAIZN,Kaizen Crypto Stake Pool,https://www.kaizencrypto.com,Kaizen Crypto Youtube Channel and Cardano Stakepool,https://meta.pools.pm/kaizn-m1680453247.json,8759ae0c62ada7b968d0c697b88f27baf38563a288eda0bc5a3b230d637e77e4,573
pool1jezf7dcx26edfpxmpuh05yen64a9cj44xm2ggsapcxrtqewfek2,CURRY,CurryOn Crypto,https://curryoncrypto.com,ST₳KE with Confidence and CURRYON with Your Life! ,https://raw.githubusercontent.com/curry-on/m/main/pool.json,5d0be9a7cc787b4a6c0a3394e5b48c26eda927454a5008052ecc8e31a5cb5bb7,630
pool1jf32ru0d9mcre5pp7yundjdfcz8qlhmw4f5cftgh8vkqy8scj09,DXB,DubaiStakePool,https://dubaistakepool.ae/,"Our stake pool is maintained by a single individual who is passionate about Cardano and the blockchain industry. By managing the pool on their own, they have complete control over the staking process.",https://tinyurl.com/2p832mnb,53abc631da069ed1789d382e17f8c290b110175d3ea5c6e08d6b0d4fde8791d9,590
pool1jf4kt5qvyx4plvv7gna2y2f7xsjh3mt2szk2ff23ryd8qg826hj,NEWM,NEWM Stake Pool,https://newm.io,"NEWM provides high-quality staking services: Through continuous uptime and transparent communication, we give users the ultimate staking experience and dependable rewards. All generated fees will fund projectNEWM’s fair music ecosystem.",https://cardanostakehouse.com/fff5f31a-dcc0-4c54-a6bc-070.json,6b97077143e45945c5c8b68f8571f6c4f781a58e204cc3340b28fa93092dfa2c,512
pool1jg3fmnmc9n52sgzslhhvhye5e3xeqmrwkekdhh82sma47r47zg0,NUFI3,Nu.Fi & AdaLite 3,https://nu.fi,Nu.Fi & AdaLite 3,https://pools-meta.nu.fi/cardano/NUFI3-metadata.json,d816e6037a525eeec2180cfd1f07f1c7fb5d7c11b36393dbc78214aea07fc725,382
pool1jgwu8lq3dqddnnx7prymcgcyrqy0fdlghg33he2hmw9t2gma3zd,KIWI,KIWI¹ by 🥝Kiwipool Staking,https://www.kiwipool.org,Solar-powered | OG est 2019 | Plan A 🇳🇿Baremetal | Plan B ☁️ | Plan C 🇳🇿Baremetal+📡Starlink+☀️Solar,https://tinyurl.com/29m454h4,672a97a81cd8ca65ddf71b446ef5d32193b50f9fbcae26531cd44a80f8ef7520,621
pool1jhh5u4q6r6ym8rl7lcf9qc8lgsds8sxh0kl6lajkh5wkgkq6efy,,,,,http://bebopadapool.com/poolMeta.json,a973a8f53a40b2767cbb3354fb8bf4c98342db9b701cad1465917b585f8a02d4,236
pool1jhzf2mm6zdlhl6w89uhgx8nq8p6ykcc86qq58vjy0ejyxrrksfj,LOVE,StakeLove,https://pooltool.io/about,LOVE Is the official pool of PoolTool.io. LOVE started making blocks in November of 2019 and has been one of the longest running pools on Cardano. Stake with us to support the ecosystem and generate some amazing rewards.,https://data.pooltool.io/md/a97ba54f-faa1-4bec-a4cf-92bfe34fe063,7456e2780400998314cc0febbca558ef85e75055f406d4be2593089216a8ef53,633
pool1jj2hvts3ryffy5txm7w0am3zt7s7sehdf8rrwfesjmr7shv0mgl,FIDA,The pool of Vietnamese,t.me/StakingADA,The best pool for ADA-longterm holders!,https://git.io/JuViN,507ab15ea61e5fd2bf618ba67777833fb125462c2f092f173b8c8e06fe61c028,292
pool1jjry6f6q0swaq457ft9eclaxaskvrxnpj0v3w8edsyfryml3vj6,STACK,ADASTACK,https://adastack.net,ADASTACK - Top performing pool since December 2019,https://adastack.net/adastack.metadata.json,4738d104ea917353fb4d45ae060d0201f0464f2b6e59975183af6f45fba1c69b,617
pool1jk25l2pejpdzq8vdjlxrr05th49v9tgd78fqrtxvuw3rumpfc6t,GROW,GROW TEAM,https://growpools.io,"Rise, Decentralize and Thrive while helping Save Children's Lives. At least 25% of pool's revenue donated to charity weekly. TOGETHER WE GROW. FYI ticker GROW1 is NOT us.",https://cardanostakehouse.com/c36bf24c-c10c-43de-9de7-abf.json,f3361c204199cb4f5d7d7c7bc931c731fc6dc13b63025d715dc272d73f136c4a,570
pool1jldq2rf7y2ukm2t8ds8d9upzgdgv07jhkckl0mvedwhxx5nkugt,DEEZY,DEEZY STAKEPOOL,https://x.com/deezy_BTC,"A high-performance, secure, and scalable Cardano stake pool. Built for reliability and tuned for uptime. We do the heavy lifting so your ADA can sit back, grow, and enjoy the ride.",https://cardanometa.blob.core.windows.net/deezy/meta.json,98124e2170095e8bfbcb1febadc83d4f021515fa731516737b58d5c35b4f7c65,581
pool1jm220zs5txnxe6nt89hajtm6hwsf902e2dwjrtfuq33uw835g65,CHAMP,champADA,https://champada.io,CHAMP is a verified ITN stake pool in operation since Dec 2019 using high availability and energy efficent servers.  Our mission is to grow a collective of future stake pools supporting global philanthropic causes.  We welcome you to join us!,https://repo.champada.io/metadata.json,9cf8fe4897734d13036dc4c7b80dab6b85c2f50dba91eea60fa08d017ff4ef0a,400
pool1jm8s3r3xq4kpawavy096rqle964exle3lxwnpvx62wjnwadwd5l,NARU,NARU Pool,https://naru-naru.co.uk,Naru aims to help grow the Cardano Ecosystem with Decentralization in mind.,https://meta.pools.pm/naru-m1715091002.json,95907379d224aa7cfd42f48fd9542a92a7dfbd4df11ea998add2ead583872691,486
pool1jmx55w5ydjkn4xd58gmr9xgt5t46ngs48aek779t92e7zcqfw97,AAATO,AAATO,https://www.cryptovios.com/stake/ada/,"Aaato is one of the most ancient Greek words (included in Homer's Odyssey, Rhapsody X,5). It means harmless, safe, not fraudulent. That's how I operate this pool and support Cardano's decentralisation.",https://tinyurl.com/mryznwd4,39567c4dcb636ec3d786621965058a3e6ff3066f9dd9d1cd86dcc3e77f9b4c0f,369
pool1jpezycd8q3l6a255dv8wt7vpt4aay8llqakdn7vkum5swes4hu3,BOLT,FragMint.gg: The Spatial Gaming Club,https://stakepool.fragmint.gg,Join Fragmint.gg for future gaming! Stake & earn rewards while bringing VR games to life. Be part of a community investing in innovation with potential for great returns. Let’s build gaming’s future,https://stakepool.fragmint.gg/bolt.metadata.json,75575295afb6140cd1c3fb86fb4d3114b5b350bf784e8a44a629628f53ecd153,625
pool1jpfk79j3vzx3hnpqshl99m90qk3jsj4hg0pmxc8szz4juz8d653,,,,,https://git.io/Jtxbw,f789f9a1d144885492680249a6380bcedae4c63e560d9b7099d93fa92641d46c,288
pool1jpz5m45ff4r6tnq7n5tw63fkhpmw3cyv8sn569w24x8lj3kl68c,ADP,Adapolis,https://www.adapolis.io,Make it better together!,https://www.adapolis.io/ADP_JSON/ADP1.json,174dc71ec36afbca39c0a5243bbc2419709eb3fafccca1ca1cfb5ffc96b44edc,461
pool1jq3s8emkm332n7vd3n57amjzspvt3hygh4wqsyp33psugvw7zc0,OWL,OWL ADA POOL,https://iacode.net,Low Latency,https://iacode.net/owl-meta.json,543422e53bedf45dcad3b158c9cd241c7eadb97ffce51898969ac53ddfb0a740,267
pool1jq7r3evstu2c040vlry8tgvpwf0mfvft86cxecwjpwcuvvqfu2r,CCV3,(Crypto Capital Venture) #Pool4,https://www.youtube.com/cryptocapitalventure,Official stakepool #4 of Crypto Capital Venture. Welcome to this crypto venture. Let's grow together.,https://raw.githubusercontent.com/ccv3000/pool/main/4.json,b7d3e357f58c96abefce5741154cf008e5f31cb37cfb0a2f350db6a9a5b15c0c,601
pool1jqfk2y5wked4sjpx9sqxn6dmut8hq2n9qlreymqtpxuc5l38fl0,,,,,https://git.io/JtN1F,1e2510204ae813673b4df006960785b2d5715cbbc97b581f58eb40950fd5454d,260
pool1jql92je87mrx5gpjhmwr6a8a766cktcf5p0p8wd0wxq87nu80yf,DIGI5,Digital Fortress,https://digi.pro,A bare-metal stake pool established December 2019,https://digi.pro/metadata/mainnet/digi5.json,b2013143962ae4169c2a03f701de12605b78440771168ea0947ad037d417cd24,641
pool1jqssxka8hu94aj6f4w3s8l5m6juqmx0hk3ges48jfac6zngmkh8,GOMA,Goma pool at Isdrgl in DRC,https://gomapool.com,Bare metal relay in Africa powered by solar panels and protecting Gorilla ecosystem,https://gomapool.com/files/poolMetaData.json,f6bde7e6b8054d8504a6283262d3e45af3711f5ac6b2b64a258541a96cddce2c,583
pool1jqw9cv37w0eewvdr36w2kacd2w9wh5uwm2y3vmc0fmdfc0ax26l,LIX,Felix Pham,https://www.felixpham.com/,For the love of technology. Technical projects brought to you from Vietnam,https://felixpham.com/s/felixpham.json,860eafa58233945e178526142d94deb87a413c11c94403e67f22eceb5c82a7fd,452
pool1jqxp8hn0ywdrg3clzha9c2u7qh3zsh68u55wh50vdmecupc5rxs,,,,,https://stakemana.com/p.metadata.json,aec1068a224af14072095f20d7509b0977538525b1d68f4964abf4bf4ac295f7,262
pool1jr90qgglajrga8pftpt6eevtrpxnznjkg7gvrqnehm64qmg8m7s,,,,,https://tinyurl.com/y63jw3sl,17647a8c33535a7e9d2ebd6a9972fb340ffa671ca0fea456ee3be26735c19be6,291
pool1jre4hpk3hwzlzh64nfsjkhe6gp4006sy2v8ktqre2qth7uswrtf,,,,,https://thetapool.online/theta.metadata.json,bc467016dd3315e0ca064d3bf161799083eb7b34159aedebc175f0b2cc83a69e,347
pool1jrn3nlmzt4r99fh5z450nnwqerwljzn426ffknfs9x8gcqgffst,,,,,https://git.io/JuuuP,a3fb750137cdb69fa96a7eb798468f8b06bae5f0b2aac458569ce41874289536,298
pool1jrst9acplgqk95469zu68xv5xj802lqxe682jjsd39z26ddj8ur,8888,Lucky8888,https://lucky8888.org,Jump in if you are feeling lucky,https://luckypool.s3.amazonaws.com/lucky8888pool.json,68b8eeef7cfc74b2959fa302fe6fd9a4e49678f881387189e4f8f843608b055d,261
pool1js570lkcs6t3pwsj3eda0zz43mc5gm922ae5rdxcfn84gu5uyrg,ASSET,Asset Stake Pool 2% fee,https://www.assetstakepool.com,"Fast, reliable and secure UK node",https://git.io/JJavB,0534a80145eb2868c02cb686c2b2e40becc15fab647ee5fa1a9708fee76232ad,452
pool1js763t3yw63ffsxqpume8974z03hdlm4nddnezhfla6dskln37v,MYC,MyCointainer.com,https://www.mycointainer.com/assets/cardano,"Simple solution for everyone. Over 80 intrest generating assets integrated. Deposit, exchange and stake instantly.",https://data.pooltool.io/md/be43b23b-07db-43f4-9ddc-bb7f292f9dbf,ad5e89d1c83b590503e6c8736f18ccc90a8d27168ada91a92899a6b7de3a5561,219
pool1jslaut45plz6ek7grjyzxz6kzgerr7p5204h9sprh3msw6d8yht,,,,,https://cryptojustice.net/CJ01Pool.metadata.json,02e0c489329269b239a6e8bb58acd6020d7ca07826b41cc55fd7204b7e59dae8,259
pool1jst7rrhucnp93hepezv5yqy6fx982xs2v0udwfc5ea6my3kfak7,ESTK,Everstake,https://everstake.one/cardano,"Everstake is the №1 staking infrastructure platform, trusted by retail and institutional clients worldwide. Committed to the highest standards of compliance, we deliver secure staking solutions across 130+ chains with a reliability rate of 99.98%",https://everstake.one/cardano/metadata3.json,45ae07ea5c6c83c8a7508e72b0e6d702cb9911c390f8ec19d4e9d969d143bf45,626
pool1jsv2hveu0n6sw7zesdcmc8cfle2xp5w7ma6qlt4xvh62cxly5wc,BNP,Binance Staking - 40,https://www.binance.com,Binance Staking,https://s3-us-west-1.amazonaws.com/binance.cardano/bnp_40.json,9c08869cb29881a7b5a7ad7313de008dcf219043a08915ef26623f3a77d5ae0e,297
pool1jsxk3ymqv2gdc6mhqk52544g2aun4zhq5wgx6n32l5s3jlne70n,AKYO,AKYO🥁,https://akyo.org,Many a little makes a mickle - たくさんの小さなものが大きなものをつくるように,https://akyo3.github.io/AKYO/mainnet/meta/pool-metadata.json,97a1beb3cc1632254ac7289094bd9763071f1dd98d5f7bed79ca7dd6c8320283,619
pool1jt7d6ak3m8gnjyxtuxfswe258xzwda80ndl0a57vv5m2zv8h6at,CARDs,Cardanistas StakePool,https://www.cardanistas.io,"A stakepool, based in Brazil, that supports education and diversity on Cardano Community. // Uma stakepool, com sede no Brasil, que apoia a educação e a diversidade na Comunidade Cardano. ",https://stakepool.page.link/cards-metadata,0b6e063bfbeb47482e7ff788b2bbcde6b74cf2613152e534e4b22762bf405e34,615
pool1ju8f57hyvaa32tp85r468kuedvmjmcy56f8u9968drea57p50l5,AICHI,Aichi Stake Pool,https://aichi-stakepool.com/,"委任者様に安心して頂けるプールを目指します！ With low fee, please stake with us, a Japanese stake pool run by JPN-ENG bilingual SPOs, who want to dedicate themselves to Cardano. We promise to be your most reliable stake pool!!",https://aichi-stakepool.com/poolMetaData.json,e097becf36baa4f65380377fd2e263426ffa05a6b9a9247d06aa5aab182efa52,551
pool1jufp9k6gmyusvch65ra8yk2s7wu6cx5fsgnltl83p93ejg6h3xg,FUND,Cardanode: 0.00% Fee & 100% Rewards Guaranteed,https://www.cardanode.io,Maximize rewards with 0.00% fee and our 100% rewards guarantee. Our servers are monitored 24/7 with redundant connections and live backups. We're a dedicated team that's here to stay.,https://www.cardanode.io/poolMetaDataFUND.json,8f8e04d8ce6bf781b9ddeebd6fdaba022c2f725054ef27f6576a39e1d9f624d3,381
pool1jug4sp78wkx4fd90vh2ljaq5xqvv6kksjg4ckz7c68ga6fllyvu,AYMAN,Ayman - Cardano Stake Pool,https://aymanstake.com,"One Grain Of Sand on the Cardano Island, lending it's support for an equitable future!",https://raw.githubusercontent.com/aymanstake/bpm/main/pmd.json,80bfd5466f9772ae82de3700fcba18afcd5581e437a5cdeb12dfe5627ed708a6,369
pool1jv4yvr5edp7qp690hk3qfudwmw28n2wygjxyhaecqkzeqh0wlem,WEED,WEED,https://os-nft.github.io/weed-pool/,STAKE. SMOKE. LEARN.,https://raw.githubusercontent.com/OS-NFT/weed-pool/main/meta.json,0b516fecf71c534ecd6435057aa647b9ee13b1b4c880b8ed5a8188dbfc8e513a,634
pool1jx4ss2zjage3cw0wht3450328y82yeprmq4fr3e2qtac2rhezkv,ZZZ5,ZZZ5,https://coinzzz.jp,日本語徹底サポート付YUTAプール5：悪いプールの事後的な料率変更によるステーキング報酬搾取にご注意…YUTAプールは1000人超コミュニティサポートの実績による”信頼”が売り！そのような悪いことをしません。重要ニュース随時共有、気軽にご参加ください！,https://coinzzz.jp/metadata/zzz5.json,03477ade14112764390a8491a3a37cbd2394b92c0f0e46820e4f56aa99f08391,543
pool1jxv3my3c70e8pfr0cgm6esatehey2ml3v0qk8x236aw32eu0fcy,COINZ,ADA Coinz,https://adacoinz.com,Grow your ADA coins with COINZ.,https://bit.ly/3nytGFZ,f84fd6369ecc3baeb964a5d7cd1294593b0fa5e5741fa4c24cd0d0b99e9d6978,476
pool1jyutduy73e5u9877uns3k9rm0tf4r24j8lrn4xtkjpl3q5sn5mw,KOALA,"Koala Pool stake, earn, & save Koalas コアラを救え",https://koalako.io,A Cardano stakepool dedicated to supporting Koalas & decentralisation,https://raw.githubusercontent.com/moomanchoo/KOALA/master/meta,9bd7df0b43bc769ea06b45b5e6794687c229d4ce8971c7ec04ca3f323fb1a769,543
pool1jz5ljsnj4fzmk84j0wcw9ldy866dn07nzqg2ktyuyjvfvr3jgtq,DIGI4,Digital Fortress,https://digi.pro,A bare-metal stake pool established December 2019,https://digi.pro/metadata/mainnet/digi4.json,f80d111868c6380dc8012bbbeccf6fc7ea9b18a4b0a8cf52575c8ba1f2838a4e,641
pool1jzvjnmsquaw4psvjudkehqp8lmz77lf28h4ldqr6n72us3plkpl,COLD,Cold Pool,http://coldpool.org,"Cold Pool was founded by Cole Butler, creator of the Cardano (ADA) Stake Pools Facebook group.",https://git.io/JYLQV,a7e49931e3c39bb80bb47035aebb7da0e738675f4f573c66023f95f158bdcac9,266
pool1k0ucs0fau2vhr3p7qh7mnpfgrllwwda7petxjz2gzzaxkyp8f88,POLY,POLYPool,https://polypool.io,"PolyPool - Your committed partner for staking services. 24/7 uptime, 0% fees until saturation (then 1%)",https://polypool.io/meta/poly.json,75c3438bd965350b98d7adc3515471bbce42e477ea59fa361edfb59c0e524ebb,574
pool1k0xa8wlsntmjhtw2shj3tspqd4kjyquw9tuyx5s7zz5jsyw4y2p,WMOPS,Waldmops,https://waldmops.nvmr.de,Der wilde Waldmops,https://nvmr.de/waldmops.json,2459342f2d3d3b5cdefd55b5517753d61abeb3b07e81b7b6918f4e6d7606faaf,638
pool1k0xrqp03mn9u3q3sadndd6vu9udl5v38xpzyw0shm8sskuxw2av,JP2,JAPAN2,https://tokyostaker.com,JAPAN2つ目のプール。東京発・安心ステーキングで、あなたの心に安らぎを。複数のステークプールと戦略的提携、災害時にも安心なクラウドサーバー、安心安全平穏なステーキングライフをお届けします。,https://tokyostaker.com/metadata/jp2.json,046c6c6fd17c509e823730e411f0328ba5249d5204b2e191d478f23237fe984f,210
pool1k2qhlrrweu8fecd4hx4hn22lv00nrd3rjdxj6durax7m78q7ynu,,,,,,,602
pool1k2yfr7tapqzfgdn7vq2u44225rtqxctelr6dp0xjqggrwnx9hnw,BPP,Block Producer - Fluid Tokens Ambassador $FLDT,https://github.com/EREPool,Cardano Pool Operater from Austria with Multi Language Support 7/24/365. Fluid Tokens Ambassador $FLDT Join our pool and stake ADA with us! 0% fee - 100% rewards,https://raw.github.com/EREPool/metadata/refs/heads/main/bp.json,0996645bbc5ed46ab241b07f6d0d6e8c3ab1a143594c013d40a73d6baf4878d6,619
pool1k3nkfa5ugavrpd9nwd3s6yyx454qxnquxwmux4rzfunl7q0z38t,KILN9,Kiln,https://kiln.fi,Enterprise-grade staking made easy,https://tinyurl.com/532a7kv3,01f00394d11681468da6da166cb743896ceaff2c67c433a143f15f9c51f73c71,582
pool1k3sjc2sypvtrgne7gc7mlgv5pfu2pn4zdlyky9tkxzmckcp9mxr,,,,,https://lfepool.com/LFE/v2/metadata.json,7f5005ec5687157aa36da69e31cf950b7c924bbcb517aa183b97a842c9517f7f,270
pool1k3wpsc8q8za2qeptx5kv73r76hs5gvp59gga6ad6u5hnj3scy3q,CPU,Cardano Pools United,https://www.cpoolsunited.com/pool?id=CPU,Big collaboration of small stake pools and skilled pool operators.,https://pools-united.github.io/pools/CPU/meta.json,3d5ae698c8cfc5ec99fb2de78a0465581e804b88d1b865c9a9030aec928facdf,572
pool1k468tmpfxqexnwyf3y7e3syglyxzmuqggmjm3cc4gy3skmm557a,,,,,https://animation.com/pool/anim.json,b33cdd547f5f0337df4b3bb5f7972e776d98f57745cec90bb3c71c3dbff88f55,589
pool1k4ejdzlnd83l8f8xm5t0m4uv5q0tzexpm23f6cg7lzzayrquzqw,MS8,Moonstake 8,https://moonstake.io,Moonstake is an advanced technology company with specific focuses on blockchain and staking technologies. To build the Asia’s Biggest Staking Network with a technological innovation that drastically increases the efficiency of blockchain technology.,https://git.io/JkzlY,80638b9f4fbba0d15671f5467fa8a4ad666a740e94b6223b384fe492b7944f09,438
pool1k53pf4wzn263c08e3wr3gttndfecm9f4uzekgctcx947vt7fh2p,VAULT,StakeVault,https://stakevault.io,0% Variable Fee | Lowest Fixed Fee | High Reward | High Pledge | Reliable and Secure | Supported 24/7 by an Engineer,https://stakevault.github.io/poolMetaData.json,dc37d0ffb9b8992f70a4bdb2df92b4a170c5a53d912c7df424acf4467a6d212a,558
pool1k633phcvz2hjhj45evwwau4w576jpq83acg5h84w23jauqu56cw,NORTH,#4 Nordic Pool,https://nordicpool.org,"Your trusted stake pool operator, established at main-net launch. Official SundaeSwap Scooper. Stay updated, request support, and hang out with our great community at the NORTH Telegram group.",https://bit.ly/nordicpool4,5cd2caf511e2a96440ff7ba048098bf685b1a4693c80d624f0118a3e07fa146d,592
pool1k6altfangsst2mmxg8a9wvg3dppyszu8ckfzd3uv6azgw3z2txy,ELITE,02  ▫  Elite Stake Pool,https://elitestakepool.com,"Established Epoch 208 2020. Committed to Cardano, our delegates and building community tools. High pledge, low margin Operator.",https://elitestakepool.com/pools/meta/pool2/poolmeta.json,9ea0d7b9cca443508398fdfae6d02bbdec7e999e18311968f0299e6ab383a7c6,459
pool1k6jheduzrrahqc3nt3htpqhphne74l224fc45yqzqfg9j2j2qqc,,,,,https://truestaking.com/.public/adametadata.json,3280c6fdf53327e53a6006ffdbca1f4520da7765d30e1fb1ce1a467a73f8fffb,364
pool1k6knum588fm9fe5tmljeytyx65rv6h5jn8au824t86zt62nyd9e,ZONE,ADA.ZONE,https://ada.zone,Reliable London Stake Pool 🇬🇧,https://bit.ly/3k5DZy5,3bf07e3bb0795e967c8dfedc97dff97ae6b007d3093d48895e7d4fcc13bf8be3,527
pool1k6zdhtvhtfyrgmkmsd0lmxzzeeh46jd37yktscaxpry9vwaxq9x,CLS1,Celsius Network 1,https://celsius.network/,Celsius Network,https://cardano.blockdaemon.com/mainnet/CLS1.json,16981ea53782e0c8b401fb2c7265f5bcf3eb0da1a59b6f688160fb220a8d4465,338
pool1k7ku4sqvepztwqfvqj7wjadcsw96mancwyf8spty9tm0jfnwls9,,,,,https://spadanpool.com/poolmeta.json,a278dd63d52db054cbe6160454a8136f7b2f8a0f83dbab84cbda97c363ffbe09,290
pool1k7mczy6zuwaen62s7gzh0ct3uh3y6qf7nqcpzk29thcqq73gfqd,,,,,https://stakeking.net/pool/poolmeta.json,457c396532345ff6cd3259df3d83084c3b332977d5f14d310b00493ced569e4f,256
pool1k8mxlherc4vmfk9pmxs0rk27qmu3sqy0gsdck4gwduz57xsepak,LOFI,Lo-Fi Stake Pool,https://twitter.com/LoFiStakePool,For vibing and decentralize staking.,http://git.io/JtyW0,a8792e62b8d857ab4c2f85077e4e71fd5f153bd5bf3153ea09abe999f5a19a8a,399
pool1k8w7ylxa542hwymnwmuumpnudz7j9ae582wqecxv9n24zu8fptq,DAO,DAO Pool,https://perplexus.io/dao-pool,The DAO Pool: Powered by Perplexus.,https://tinyurl.com/4e96n9za,1525fb2addfaa286b4d1bf64f5b5f0676d1e0111022054b0bfe7aaaa50a1b01e,391
pool1k99yncea8tq9pfeks3yymyj6fwjf4apx0s490j09m4y66vtyufr,PUMP,ADA TO THE MOON,https://pumppool.github.io,"We are committed to the Cardano network regardless of price. Our pool has 24/7 uptime, globally distributed nodes, and is backed by cyber security experts. PUMP & HODL!",https://bit.ly/3JKTO9U,f44740c1ec8e104f0032a2ae39e0601980587ec501f8b9951e1aa0f45595c259,603
pool1k9w9u6rrn4f729hws6crwh4kc9jsdjq0e8q0f64jp0vzyallw02,,,,,https://git.io/JVctj,4068d79e7c796984effadc9cf3496b10cc6b0d0a261923e0b0c5b00098458291,301
pool1k9yt0fqk5czmajcjvqnwc6w9k5rcc40xe9kq05asd43c2xsw58f,,,,,https://outerspace.money/MOONv003.json,3e4535f5925a2397266f467e2eb66f838673eff6b9d917b8a5af3d3a20ef5d9b,216
pool1kal8xswwnj473gwva4rnfsh75aqlkr3g709xqr8evkqhw8j7msu,OCEA9,ADA Ocean Nine,https://adaocean.com/,High Availability Cloud based Stake Pool Cluster,https://adaocean.com/poolmeta-nine.json,54c02fe193041c66fb4c81556f0b0a8f8bb74b86314c180c5918d17d331b286b,251
pool1katy7ll0nmasyxy4u84hcqdtvq5ul4x5hh8zt8ggljd0cy6qf75,1PC,1 Percent Fee | 1% Fixed,https://1pc.dev/,1% fee forever. Open source and transparent stake pool. Delegate with peace of mind.,https://bit.ly/1pc-meta,6efa0388438999ad3b08c3760cc282720d8fc2988cc162a0caee272fea0e84d8,295
pool1kchver88u3kygsak8wgll7htr8uxn5v35lfrsyy842nkscrzyvj,STKH1,Stakhanovite #1,https://www.stakhanovite.io,"A Cardano Stake Pool - For the Community, by the Community.",https://stakhanovite.io/cardano/stkh-1.json,6a36f7a02d5895a082ffcbc1eb8c35f1e88192b8a0f27f07fb12555c7d1d1180,320
pool1kck3hegpzrc96s29x8egn6jmrajdrvslqldyl09sntu2sw4urst,ANMNT,ANZACMINT,https://anzacmintpool.com,ANZAC Mint Staking Pool,https://git.io/JtSSW,0fdb6b1e1272bf7db5b6c776f05c8cfc6889785314409811cf689892c5ebd2bb,252
pool1kcnh9avc9jgelajcja7y6wsvjdaulkqj02azcszjvm3pwmksr0l,MS7,Moonstake 7,https://moonstake.io,Moonstake is an advanced technology company with specific focuses on blockchain and staking technologies. To build the Asia’s Biggest Staking Network with a technological innovation that drastically increases the efficiency of blockchain technology.,https://git.io/JU3wz,cd339fbbc50befe691ed6cab127d4bce0b3af8a6f6f8c507e354a976479dafff,438
pool1kdfrzk74f4salnv0679z4f8nurxgau6zh9y4gedskzevuxdt8xe,,,,,https://raw.githubusercontent.com/gibonada/meta/master/meta.json,7b6f62770a5926ac2b8309bc2006573b390ab661b6b9f237f00c789650e10ba6,411
pool1kdfznpenxa9wwcz8tweump45k5h78h8hl4slv78fdypsug9ypc6,DOW,DOW Pool,https://expo-dow.com,"This pool supports DOW and CARDAW, who are working hard to implement and develop the Cardano blockchain.",https://dow-shi.github.io/cardano-stake-pool/poolMetaData.json,5b78ae4fbab9fb555f119ff2e83148b06f236185fa387d9cf90ba631b0189319,618
pool1keasvddt9vndl8jyhg204s6kqusv5zgzg3kk3l3g949ew402ahe,UPSTR,Upstream,https://upstream.org.uk,"Upstream is an independent Stake Pool Operator. Hosts of London Cardano Social and the 2022/23/24 London Cardano Summits. Providing community driven events and educational content. Actively supporting decentralisation, sustainability and SPO alliances.",https://upstream.org.uk/assets/metadata.json,9dbd23a30f78d347d17d2681fc8309be5bf29cde362e18d24f483c0750470f75,562
pool1kez2gdqpwq2d3xd5k5q4enea59sp8tmgqsyt0rtmgxvuyykz8qg,CSPS1,Cardano Simple,https://www.cardanosimple.com,"Cardanosimple's mission is to have highly available, optimized and secure staking pools available globally",https://seanchristopherconway.github.io/pool.json,533f5892c9be46edd9824cb70fbc799219e6f07c8018ea4d5a26050995d2d3c9,262
pool1kezxjgklzx3zf83y9wzsa63esajfgaz0wyjjyag44lmz22ptvks,,,,,https://adapunkz.io/poolMetaData.json,4b4cce97559db89ad223a0890febe58a8ab8d40c2288021228c07cee3594e365,321
pool1kffetqjt06qvk4995tz3e3q9h3c8cdq9eedrz8qr3ynnc63qckz,LUNA,#Luna Staking,https://luna-pool.com/,Peak Luna Staking to earn high and safe rewards. Low fees. Established on March 20th 2020.,https://luna-pool.com/pool_metadata.json,fe7909e4e030ec5c2f440c9f69f7260bb52a46fd2863dae514fa1cdb55584eb0,585
pool1kfu02878dsz2l2pml9r42fvh32l4zn3msjvgfx077q3yx2xgul8,WOMEN,Women in STEM Pool,https://womenpool.net,"A pool allocating profits to supporting and promoting Women and Young People in Science, Technology, Engineering and Maths",https://www.womenpool.net/metadata.json,3011f1aee1bc76d719053ffd56ff289ce3b21ddaf6159f6c563d1235e9041ca9,280
pool1khgrpe9tann7ywfppvd0zn46jyd03yqnaea98hnhqunewechx5u,,,,,https://staking.wira.co/assets/pool_md/1/wiraG2.json,ad80cf1d48692c212eed9a1cd1337cccc2fef937c959a3acab678fa079ffcc49,235
pool1khku6wh5mh3xprdw3crqye0mzwzhk3cxzv2unnusa0c0sjqac2g,,,,,https://newworldfinance.org/poolMetaData.json,bc075b10046ad8a3df8e071b63b1f85af65a35228c7b9e0f5c7a98e533b6a836,259
pool1kjcnrqhv5dqds32qy8qsc8ffswy20kwvf04f73td3nuezvgl9nn,2six4,2six4,https://www.2six4.com,2six4,https://git.io/JtHJj,88378b98d1b45683efb710940d8351f472604d63f83d301e2f83de6995d694e2,254
pool1kjd9ff9u5ytq4atavv2dfsg3pvxqw8d50642pzmpn386zel0ka8,HASH,Hash Valley,https://hashvalley.github.io/,The perfect visionary Cardano stake pool.,https://raw.githubusercontent.com/Fyde7/hv/master/md.json,bec287984eaca91a3b4b5f59bcfdf7809a9316c106fe916881a3a1c5a5c4c0ae,527
pool1kkfkdces5mdcyc9dn2hgg3463jggjvw3h89nejjarkz25uavaqu,1PCT9,1 Percent Pool #9 (v1),https://www.1percentpool.eu,The 1 Percent Pool is dedicated to run stake pools with only 1% fee - ALWAYS!,https://www.1percentpool.eu/1PCT9v1.metadata.json,0ba45de9e797ae1802e30758abf1311c1d28c95ec55a34d3efb7d21f7fe1961a,303
pool1kkmk9dnzrrjtnsejttydecmq63x4dpkln70yfledaednj7mf7rk,LUM,Luminapool,https://luminapool.io,"Luminapool aims to be among the best performing pools. Let's enable Cardano's potential together! Symmetrical fibre network, redundant hardware. Backed by bare metal servers located in two countries, to guard against localised outages.",https://luminapool.io/meta/lum-meta-c660.json,36890e3cc96863c31f9c05b7c42078fd59fda64adcc4abbc667575ced966c660,591
pool1kks6sgxvx7p6fe3hhnne68xzwa9jg8qgy50yt3w3lrelvns7390,lido,Lido Nation,https://www.lidonation.com,The Future is for Everyone.,https://www.lidonation.com/metadata.mainnet.json,2d718018291f49ce2c6463ee5500bf235eb17c40b53a11387939f721bbd97cea,615
pool1kkwd6say8twq3z9e36v57adw02j2x52ascd6eumxy5zd66qm4fa,NDE,Nodeasy,https://www.nodeasy.com,"Nodeasy, for staking economy.",https://git.io/JJAHc,c6ce304f05d1479c20713e1e293a074c61b7165aa456ac4408b44b25d319d7b3,215
pool1kmsr376syqkluhxvv8k2axugqw7unjmlkwhfxjxtj7cw7qcn0jn,CRDN3,CARDANIANS.io #4,https://cardanians.io,We are guards of cardano - we are Cardanians.,https://cardanians.io/_storage/pool-crdn3.json,d4d94769e4bda710a0c1b44f3ff97a17e26c1b31f7d63a5d66774e2e31b03bdb,239
pool1kncthgd5fqw8d7hpz08wnmpdqh0e88s5trgl97palhsgj5h3xen,XSTAR,Enterprise level Cloud Infrastructure,https://twitter.com/infinitypooI,24/7 Syber security and performance monitoring,https://bit.ly/3bsYOzW,137d5693d6b95bbd19c3f91afe27261b48e6e62b93e469297c01723b1b63b502,252
pool1kp7au7kju3v23yth6nsse4jhxzweud48nmc7m6akpdq57ztq4zv,,,,,,,265
pool1kprt6l4quz03dhqx8jw22spdjvp5dkshdnn567vlexqkj35hd8a,BDRK,Bedrock Staking,https://www.bedrockstaking.com,A foundation to build on for Cardano,https://bedrockstaking.com/poolMetaData.json,ae3df8ab42ad13fd0511133b016596f048993587f52c8a3a436f03cd697c14f2,450
pool1kpzak79fd84mvntd88r8yu0xc624kfaadkyflnvppvx367pympx,,,,,https://lexus.la-place-immo.fr/poolmeta.json,ce2b0e183d05b08c3a84396a703891eb2545459813a93012b6704ce61979b065,223
pool1kqrsr700m267q9tz4pw4rjeg69nkahk5wuy3kkw479y56fqfy9t,,,,,https://git.io/JqCiJ,f925bc8529f21b4c9509abb66915a2c5bfdf6e7a7276c67a09811c45e53146fc,270
pool1krznhwu3h5pu2stuslr53z5rme50t6384macsmylcnljwc7yjky,LEAF,LEAF pool,https://leaf-pool.com/,a reliable and independent pool,https://raw.githubusercontent.com/leaf-pool/md/master/m04.json,4871cf851a6ee8d86977a596dcea6d271c846953d12de3b75c6d0869ae79207e,511
pool1ksazs9mzcuyr3mfrvw48dc5wkgsjceztakymmv7jpxle7l2nfs0,TOAST,TOASTY POOL,https://toast-pool.us,Glad to be a part of tha Cardano world.  Go Ada!,https://data.pooltool.io/md/3e364328-99b1-47ec-a4ec-50e7eefe2fd1,139c3694de0e0d7aabb3caf9f28ee269ea4a34a1543f880e7e1de92de4e3602d,525
pool1ksfzungz56vxa9sy6hr54v5hf6qx8rmcu6734gqm3qlxucveed6,EUSKL,EUSKL POOL,https://euskl.github.io,Main Mission: Cardano Mission,https://euskl.github.io/metadata.json,7d95e56fabd87b310c97e3feb712151937cf50d8c198e006d71b664212982b06,546
pool1ksh2u6kktx74ugv8jadrdqttwyjz9074ke82xt6j0qgfvdn43a5,,,,,https://shorturl.at/fpAey,10d886a072baefd2090042f0455059a1a8118a6a36c94a214708529e5632f964,585
pool1ksh2zpeeqe0rpcug63up5l66g3kr5vf58jraeun82rur6m4g6xz,TRUST,TRUST Pool,https://auroraexchange.space,Check our Telegram group (t.me/TrustSTORi) for TRUST Governance Token (TPGX) Airdrop for delegating your voting power. DRep ID: drep1ytrf4l0jpl9k703qy5g49hga8eyleea9dl68tehj75ar5kqrxkekg,http://auroraexchange.space/tpool.json,ea9f5d379c2a9bb250f8b21d5c7a3dbb2f10c7cb7595d0677596a6207d332560,617
pool1ksrg8a964464las0ymw88slrwxkychjz9lh09lqltu5m7nw3pq0,,,,,https://www.queenada.com/pool-metadata.json,10e57f51497497ef86d8509dbd98eea86fe176bac2679c7ace0201cd740273bc,635
pool1kterawv22xya864tqjy9pq2ftmuptlggywtqt3p7adexg7qyl6u,INDIE,INDIE,https://indiepool.co/,Indie Pool,https://storage.googleapis.com/psl-assets/poolmeta.json,9881c42ffdeb13c77afd25e0e3ceaf6105640a6d201bf2c271e2580fe361744e,476
pool1ktgug7wwf9k4hcsuk68ftkh8xs5n0333fzxyw9sagz8njhlskgm,TREE,ADATree.io,https://adatree.io,FREE up to 250 ADA for staking with us! See website. | 0% Var Fee | 24/7 Engineering Support | Secure and Reliable,https://adatreeio.github.io/poolMetaData.json,f5e95d6011a05a641eb9a101062c5344bd703f37bd57f0e42543e07b1e94a1f5,261
pool1ktjfay5knnj2m7th8lkrtzf06mllg9s9xqjqmwsjlkyh2uuctjq,,,,,https://digitalfortress.online/digi7.json,0dd9984a4a83fd1e15a182fa318787acfea2d9e26fd416bc71f939367a0dc625,269
pool1ktmkc46nvn5m4uxt94jm3pq9y9mxzytkjcjjkk6887tnjf7atqy,BTAP,BabbageTrustADAPool,http://babbagetrustadapool.com/,Babbage Trust ADA Pool,https://git.io/JtWad,b2b487ff938091255e07b640aa4c748dd3a619060dbe55f5ade66894f3d4eb6d,249
pool1ku2ppcx5zgas98hfrl23xtak8u2wj3hsy3hglxhg9xp4qck5awm,,,,,http://dragonpool.io/pooldata.json,2ee0066e0a963f9ffb62cc0fdd19335440da59a1c386531d8faca5305bef038d,217
pool1kv53mzjwqjp4aw48rczj8vm6hejwfnfwa634czyx5tw5qq3tata,GRC1,Grc1Pool,https://grc1.netcount.gr,"The 1st Greek Pool, with 10 Relays presence around the globe: GR, DE, UK, US, JP, MY, ID, IN, NL, FI. 1% margin, the minimum fixed cost, permanent.",https://grc1.netcount.gr/meta/grc3.json,f2cf10911292e61a3d2d9cb23493e945bbc215c413f5a36c42a21865fb090eaf,615
pool1kvd03hq8kp0hnxq9lq598a5amrvauj9m386rwx7ydawvjdskwnh,CAKE,STAKE for CAKE,https://stakeforcake.com,CAKE pool has been here since the ITN and will always be a part of the Cardano network. Here to stay!,https://stakeforcake.com/cake.metadata.json,fb101b819da963d654700701fa0a028e4f7cf40e8aab47c7c5f0bd2bb09180c0,575
pool1kx0jm9ycs3t99tnwafw6w72jkdlzhj5ltxe2nrzkd9x2u5x343h,EMUR6,EMURGO 6,https://www.emurgo.io/,EMURGO Cardano pool,https://emurgo.github.io/cardano-pool-metadata/EMUR6.json,ecde5a6f6f3d57ce4edc16a7a7afe19b3d20cd2d0e9546b8d975e2e3953547c2,609
pool1kye8kcf76vszynh6qfex5mpjlmw9fn7kphgepvht08dcwgzf9a0,TLOA,The Legend of ₳da,https://tloada.github.io/tloa/,Be part of the crypto revolution,https://raw.githubusercontent.com/tloada/meta/master/data.json,a17cee834019b1d890c7c75cd2ce2cbf073476613c1041ac4e6210b94799a8c2,210
pool1kzyukfavxv9sdrsnmxchvh9qng39uy6yg78tdqskaum9khnrvj7,,,,,https://pool.babyalienclub.com/poolMetaData.json,7414ffa297f9aa6dd61299fdc0138e899e3ef6676ff99a03be91a38bee56c3c1,314
pool1l06jygvntdfqt77td6g5rp9s4nycue0vq837jmrygyktke23pcy,NVSTX,InvestX,https://www.youtube.com/c/InvestX,Official InvestX stake pool. Invest in your future with our high-performance stakepool. Latin American owned pool that leverages advanced infrastructure with a high pledge delivering high staking rewards,http://cs15c75d94f9ad8x44e1x9d3.blob.core.windows.net/vst/x.json,45e9f5cbc4740e04f84c7e77ea3eba80d221a2c0a85871221a705a77e9763547,319
pool1l0f7d56gwgdyct6vev88mnuf4ankx2fpm53plr8g6rd6zxz6del,,,,,https://sweetadapool.com/poolmeta.json,aec14ed88dfaa6d524f7113f70a05cf2d107502fc51387f361b0b55aa46fb468,308
pool1l0m820vyqh5pp2yzpw973qzz23neqqd977u0uczh9fs9zqvg0je,,,,,https://meta.wavepool.digital/j2.json,493f6f23d13f6c6b78a06e0f8e7b3c56812d21f237aabe17728e198b2589a354,446
pool1l0pmgdsymmdntuyan4snj88q8nm9axemwefu5ymkuq2s6gr90cn,SWIM2,The Swimming Pool,https://theswim.net,"Welcome to SWIM2, an overflow pool of The Swimming Pool [SWIM], enjoy splashing around!",https://kficz.github.io/swim3.json,ad9534ef9acd921e6ae1718399d664ff04b69e6de9373838fb2e2bba5258e45b,591
pool1l0qnutsvgcljl9nrkf2gn9hwffg0uss22fuwtluv6lmqqx33alt,,,,,https://otakupools.com/OKITA.metadata.json,af7516f5c5cc2b893927ca92987777cef57afde593325ad48df133cd7104f3e7,211
pool1l29evaq9jz5k8r5t2jx2q7vjcamwlk3754h4p7xen0mn6f3le20,GREAT,The Great Pool,https://greatstakepool.com,"The Great Pool, our mission is to spread love throughout the world, one ADA at a time.",https://raw.githubusercontent.com/adosiawolf/m/master/great,7638daf1607c3bbed432ac54e177dc2e1b0d2ab7ac3aa01f728739b07af2ee3c,557
pool1l2t9xjhx3m3sesjcece9mgz6xk7rwq3rhj3sv0durtmrvdujc46,NFTC,NFT Creative Pool,https://www.nftcreative.ca/,Generating rewards for the community.,https://bit.ly/3RwSn3u,7e7afd782d708922f723788b9a5a826ba6ed2e28f9c2b4e33e7173a75d8766c1,448
pool1l37xvdpcl49kr3wscpjp9pr854g06nnjrlndtu3h7k6pvfapgap,,,,,https://goatstake.com/files/poolMetaData2.json,37af4228e6c3860a99703daff002618c2117c4d9ddb3b791b69a6e973aaf78eb,266
pool1l3fvlzadk5hg78wy3e304s9t8tjzxnu962e2fl7tq8x2yg3mz6l,IOG18,Input Output Global (IOHK) - 18,https://iohk.io,Our mission is to provide economic identity to the billions of people who lack it. IOHK will not use the IOHK ticker.,https://pools.iohk.io/IOG18.json,5af7d13447c535815f497f6259ffe8989674cfcf4b1b10e2202957b705b0489b,210
pool1l3rf0h8s6fdw8g4vy8qg7fw3wwj8jdm3hg0wwwycnvj8xcl2ps8,WALL,WALL STREET Staking,https://www.wallstreetstaking.com,The Pool for INVESTMENT PROFESSIONALS,https://www.wallstreetstaking.com/meta-wall.json,71a7a808c793704b4b8e55449d677e7538a75ea82d85ce75cf5c7bf839a71672,225
pool1l3u6jww4npkx2e0utcsmkhwjjgnp43w62exrqwzm8wudg0457e5,ACE,Token Dynamics (ACE),https://ace.tokendynamics.net,Token Dynamics ACE Pool,https://git.io/JtylG,f90ad3d6f626f08720b3b6d4163663bee248a0f49269060b19124d8da697487c,317
pool1l4synes9s3swlf5r5rsfpede3582r4km2wd94xctceyaudv9zx3,STAYK,Stayk Pool,https://www.staykpool.com,A Stakepool in the Cardano Network dedicated to help express the importance of a healthy decentralized and distributed ecosystem,https://git.io/JtNQA,462a08ccbf0a914adae4b97f51366d68f3e75fc9066a736ef0f7401c8355983f,532
pool1l54qvzlg2jfalkcram9kxsa8vcmgy0fz845q5gptjq8k20kzg2r,RADAR,RADAR Stake Pool,https://radarstakepool.org,"A low-fee, reliable return, bare-metal stake pool dedicated to true decentralization",https://github.com/HungryWookie/RDR/raw/main/poolMetaData.json,590d443a2c198203dcfd03887e829b9090f467694686faec914a8761e8531292,270
pool1l5kwfudnqrhw3k4lwzcppu36nun9puvvr7xnanuz8a2zx4jaek5,ADOPT,ADOPTion Stake Pool,https://adoptstakepool.com,ADOPT Stake Pool aims to power the adoption of  the Cardano network by giving rewards back to the working community,https://raw.githubusercontent.com/adosiawolf/m/master/a.json,921ee51f90c79e89a2962c0624d2459c410850915bf97c19701a27e2d121c8ed,566
pool1l5t2lytxxx7jn0ujd5ssmfzaf24g2gjzjeddqmqjgun0z7r3gwv,AFRIK,Afrik Pool,https://cardano.afrikpool.org,"We support charities by donating 20% of our margin fees, your delegation will help us to increase our monthly donation. More details on cardano.afrikpool.org",https://git.io/JL7UW,b5aa24468916bfe7176fbef6e39e4bd5b7a7b24438be308e436b8bc9955185d9,263
pool1l6946mnu54f6v0we4xzra8kwm68ch7fphhxvgytd0m4lzk3pats,SMACH,StakeMachine,https://www.stakemachine.net,Professional CARDANO stake pool,https://www.stakemachine.net/cardano_sm.json,24187af340d0d5abba13f6ea1571804814f740fe6871d179fb056c63cc02127e,334
pool1l6aeyn35nkqkn9lqqlwqnpraakdzuukjrqprcrj3sctk6hhe32k,OYSTR,Oyster Pool | Midnight | Mithril | Rosen Bridge,https://www.oystr.wales/,Cardano Stake Pool Based in Wales | Midnight Validator | Big Pledge | Supporting Seabed Conservation | Low Fee | High Spec Green Energy VPS Servers | Rosen Bridge Operator | Earn $RSN on top of your normal $ADA staking rewards,https://raw.githubusercontent.com/OYSTERPOOL/GIT/main/meta8.json,84d6b0a1ecfc33bda333a256821f84222b67775931377d527b05d8edfdeff928,619
pool1l6hkustv67tynh66w46mys94wsxhwddgp28k3r5twwlsv80uw0k,CASCH,Swiss Staking,https://www.cardano-staking.ch/,Swiss Staking - Cardano Staking in Swiss quality,https://www.cardano-staking.ch/poolmeta.json,7f897c7ce575e789cc02c12ed03999e99ebdbcace65c1bddd8c8d953ee707789,312
pool1l8myd66tqjk75kh7uk9k8nyl20sd4qs33s4tzzn927ujyl7ahyk,KURD,Kurdopia Pool,https://kurdopia.store,The margin fee will be used to invest in the Kurdish community. Contributing to mass adoption. Twitter @Kurdopia,https://raw.githubusercontent.com/aryan-xebat/K/main/pm.json,f84bd82925f73d6ccfb97c09accce1f01d42d3c33aa9de8fe04d996acbbaccc2,598
pool1la0t0gsskwejyfca5lchw5aqd5g8hknxdu6tuyqp0ttjxl6zt35,HUNNY,HUNNY pool🍯,https://www.hunny-pool.com,カルダノ英語情報を日本語に翻訳するなど、役に立つ情報発信を心がけています。,https://alpakapopo.github.io/cardano_host/poolMetaData.json,731f199ba32fcca9d8de268e23adf7510742dac3dd4f10ee2f091947102aded3,478
pool1larpvn53yyufaf8fh89nrrpgruqcq8mgxrtdxp5y87cqse3yfg2,JP5,JAPAN5,https://tokyostaker.com,JAPAN5つ目のプール。東京発・安心ステーキングで、あなたの心に安らぎを。複数のステークプールと戦略的提携、災害時にも安心なクラウドサーバー、安心安全平穏なステーキングライフをお届けします。,https://tokyostaker.com/metadata/jp5.json,a57537308a9692f08e3340af2c133c66d9538d59670bc5b75089b104db2be35c,231
pool1lcl9j8zzqtcd4g2gf5zgexcqmnmjtvje707hupngymjhq43yk3s,,,,,http://dzpool.net/poolmeta.json,c302c938e00f443bd5ada456014991902aa0ba36bac3716efa9ae3c73080a882,223
pool1ld9hkah2dkzh73pvh9tf6xr0x28us34msv3zcv2sase5vhvq962,KOPI,KOPI 咖啡 Singapore,https://kopipool.com,Bare-metal Power + Fiber Speed = 24/7 Reliability | 新加坡 卡尔达诺 权益池 代号咖啡,https://kopipool.com/kopipool.json,eac0b4317e786e62c4ef63773cbaa26a1d7fe8c6fd8b6cc7d0d671628998844a,627
pool1lfhv4s9pp76krhn5hk2vzmhc5grjwf26nvg02m6f4dc5sk8akt3,,,,,https://t3ch.tech/t3ch-meta.json,0a53032f112c02f966e7d7e51b478c6fd7e7832f7487161cbcb698f32ee5f50d,212
pool1lfq0eh3gykruhnuc84lutfhxupwwxfh3ylfuyrt67khjkcj9r6y,UNST,Unstoppable ADA,https://unstoppable.staking4ada.org,"If you allow us, we would like to change the world. Together, we are Cardano!",https://staking4ada.org/wp-content/uploads/4ADA/UNST.json,afdce59b61225b3e2159ceb5b59b1cda2b62aa50c1fe775c2a8929a8bc4e01aa,293
pool1lfvzgsrghmugvpym868mh29288ez0nncz680mamzjygu2jpuwcd,NORTH,#3 Nordic Pool,https://nordicpool.org,"Your trusted stake pool operator, established at mainnet launch. Official SundaeSwap Scooper. Welcome to request support or just hang out with our great community at NORTH Telegram channel.",https://bit.ly/nordicpool3,5f9df55dc590d8930be87c5085be572881abc648f434ac09e23ba73c97dcfa79,592
pool1lfzvl4q8nemdajv4sa4sa8nc9rfkdv8fj33alpjt26r86q9wy4m,,,,,https://adanut.com/pools/LIONmeta.json,1004be6b32e83778b64b5a425054bfc86dec5c33e23ac439657b40d1449204bb,416
pool1lgdk6s5d6flv2sj0cgzz5es5vly8lg88k2e7457tc44hjf8pffk,ROCK,"The Rock Pool, UK Stake pool",https://www.adarockpool.com/,UK bare metal and cloud Cardano stake pool,https://raw.githubusercontent.com/TRP-1/R/master/poolmeta.json,951c1f1d776fb884b698e22cc7a722c74f5a4bd99e75f543a43e311257c40ad3,238
pool1lgzryt60tckrjspn7z0gxup6ms6srd2xmtl9y7wvt5fsxnd2qxh,,,,,https://ck-pool.s3.ap-northeast-2.amazonaws.com/metaData.json,18c6abaa2410985ab3dbd58bf855a76e6ac4ffdead046f72f7b32eb650c214c2,335
pool1lhgjma5lejn65er7lxfsqxa0lgcv9r9wrntse9wjm834qp89chh,,,,,https://cyberspacestation.tech/pool_metadata.json,ab7957e02d7912a73b3f562674a222d49b0f7680ad6fe31b1488138ed24a1d7f,443
pool1lhvpgr8lhsf6h03v9zqxm74pa63rdxx4yuvkqfw4tv9fua8t37a,OSAKA,OSAKA-Pool,https://osaka-pool.com,"大阪より実績のあるコンピュータエンジニアが集まり健全な運営をお約束します。We promise good operations by computer engineers in Osaka, Japan.",https://osaka-pool.com/poolMetaData.json,6c2a23d206905f4214fa8fad0bff2eea27d693fbe87fcf840a3a31ce1c22e637,555
pool1lhwzsyhh7dmw9wuz7qxnml2z5ef5303lp7jxgss2qnat22sprgx,UNION,UNION,https://union4blockchain.com/,| Secure | Stable | Reliable pool | 安全な | 安定 | 信頼性のある ,https://cutt.ly/yQuBnsb,64febcf6361cd6ba94f49c5a72cfe98a925d0ac6054a76e64558cadbb95e0e4f,283
pool1lhz4gsk5ezdl5s4mv2kxgrkhzzhad6me2v0xmwuyt845vensdlc,SECUR,TWO SecureStaking.io,https://cardano.securestaking.io,We always have a 0% pool on offer. Check other SECUR pools if needed on our website or find us on Telegram. A team of cybersecurity specialists operate high security community pools in the cloud.,https://cardano.securestaking.io/secur2.260507-0631.json,6cb517a85db4238f864433245798166981e3a9fdf505d8a1412c2e95375f5e40,632
pool1ljlmfg7p37ysmea9ra5xqwccue203dpj40w6zlzn5r2cvjrf6tw,AAA,AAA,https://stakelovelace.io,"Two IT professionals, joined forces after Cardano Incentivised Testnet. Aiming to provide a transparent and reliable staking experience. Dedicated servers across multiple providers for reliability, featuring 24/7 monitoring and alert configurations.",https://raw.githubusercontent.com/stakelovelace/pub/main/a.json,2efdb3f2f46d103865ee3a1a37adcfc916b81d5c14669b6ab71344b439b4a475,563
pool1ljqjqskd4f4zekzddw204u5xtzhyz2cllq5v5dmn27zdwf9c70f,,,,,https://meta.wavepool.digital/j3.json,df7e32f5605b6b472d61384f9ff76ff6199ce411e349936a5a87ea3993c25f8d,446
pool1ljywsch33t7gaf02aeeqkqpuku0ngpwl9fm04t7u5sl5xyunmgp,AUTO,AutoStake II,https://autostake.com,Earn higher Yields with AutoStake.com,https://autostake.com/ada/NGINE.json,434937b4235b7dfbe6b15b75d1d11fb6f2d79c1ddc5780ff3c5112268c5a23b6,495
pool1lk0hu3njxgra3emgfa73268el89qzytecff0fzz982avvjsw3l6,IMPI,Mirabilia,https://www.mirabiliacrypto.com,Southern Cross Cardano Stake Pool,https://www.mirabiliacrypto.com/poolmeta.json,8a9930209680dbf1203b020c76cb02308e62750efc2c45ad739d6ba12bc5ba73,399
pool1lkcd3w5g6s6v3hf6kwt55dqpalrmq9h9f3ec033nnzhvgjgl860,FUND2,Cardanode: 0.00% Fee and 100% Rewards Guaranteed,https://www.cardanode.io,Maximize rewards with 0.00% fee and our 100% rewards guarantee. Our servers are monitored 24/7 with redundant connections and live backups. We're a dedicated team that's here to stay.,https://www.cardanode.io/poolMetaDataFUND2.json,5736dcbcdffefe96968e0b535044e1a1f3696f0231255fd7e95351605aa23ccc,381
pool1lkpj6fa4l0sy39qfvyl4pcsnnd22y8np8j98vzwula2kuxgers4,JOY,JOY,https://cardano.ipclub29.com/,JOY and HOPE Pool are witness of How Cardano change the world !!,https://cardano.ipclub29.com/joy.metadata.json,d48efa42565fef0b6bbae075f8f2727bbee907b580ee126aa2b18ca926e92bcd,546
pool1lkuwrel3s8er6v0snw69gumsaugydz9n0vl87n7mygh576mwcy0,ATFF,Austrian Volunteer Firefighters,https://www.ATFFpool.at,"Volunteer fire departments provide the majority of Austria's civil protection services. This pool, operated by volunteer firefighters, donates part of the block rewards to volunteer fire departments. Please visit our homepage for more information.",https://git.io/JYHz7,7dc6dbca17c32b581793eb50aa19465569d1fb0ccf40aaad4d4ffb6cbb75c069,313
pool1lllmq2jgcqrag5c77lpc5m34fsqn63leadyx9tzx842n66ly3ql,,,,,https://www.epicpool.eu/EPIC.metadata.json,66716acd6c3eed7a71e7ddb7903501683db8401ec3160ab605d926ff99dc92dd,401
pool1llxh8l0h8g9ghz3nrzh7ndvev4x43vnk72nsemzm795vxqs6dp8,JP4,JAPAN4,https://tokyostaker.com,JAPAN4つ目のプール。東京発・安心ステーキングで、あなたの心に安らぎを。複数のステークプールと戦略的提携、災害時にも安心なクラウドサーバー、安心安全平穏なステーキングライフをお届けします。,https://tokyostaker.com/metadata/jp4.json,9d76a96090c57b89557c75230db6ec7605605ad697424d7604c9e0785f5a12e0,210
pool1lmqvtamlkm4vdcq3yjs2zxhsx2ejy9tafs66zsmpwvk3jq0zhyu,,,,,https://staking.wira.co/assets/pool_md/1/wiraD1.json,3c51d2703cf2a01aa3101a73b18a40b2915c2cdebc0e46250400b07d424505a7,235
pool1ln2899n8knvks7j6qh5j7852hn4850p5kucj5cgtj767s86gd7d,,,,,https://phoenix-adapool.com/phoenixmeta.json,bb6dc3d1c27851d8fd5358c1cd394db5375c5dac00b0635e588dbe22b1453981,252
pool1lnk67xp7jsc2e3yyun3fpaqvkx0f3c8q0ml29ge85udeghn2gvn,WIRA,WIRA Pool,https://www.wira.org,WIRA the MMORPG on the Cardano blockchain,https://wira.org/wira.json,080281a498f84b19fc115d204828537aa554faa126942bccee7ad0cb4ee98aac,524
pool1lnsufrafdkqsa2hnzrh5c2raq2x0z7dn6nc6g3g4ewvnyz50fqy,,,,,https://intlx.s3.us-east-2.amazonaws.com/ENDJAMeta.json,5b7655202a287e6e43378a79b5a2b91befe3e42c68361eac9a264b2552821dd5,221
pool1lny2fx0ywywfkg7lzxul8gu4snl50wculalmwe8k7hkec29zlh6,,,,,https://foodpool.online/poolmeta.json,ff7c9c192d706963d8028fb9e5784c6bbd2e6c266befcbab3fc24dec4b8941be,259
pool1lp9wmr8dkcceta5we999nvlfh9um06cd6sggtt5523eawf7mtg4,YYG,YOYOGI POOL,https://yoyogi-pool.site,YOYOGI ADA STAKING POOL,https://raw.githubusercontent.com/siwas426/MN/master/Met5.json,ed1c3ff8fd17739a15a76d472f35b9a0018a47c88d26554f0cb5b32159ce0a74,642
pool1lq7t0qg273vp8t2wzmeyj7sdq2vhu2v87jjplgurpfxcs9afnr3,,,,,https://staking-fm.site/leo_pool_Metadata.json,1f4ec11c729ee68497615887ba9e02db6ae5d7302d885d3735f8240a011f7b57,237
pool1lqeg5d3jpwr3nvra568nk28sr8lttyr6cf4yyssdx6qtxea9nmr,,,,,https://staking-fm.site/gaga_pool_Metadata.json,3c4933eccfa88cdd0d7f65f36c9efa7a8b1c90389aa0415dce5697281d39c987,237
pool1lqpymyzg9glc88r7urptuv0d8t2tu9ty7xtshvxmgpu0j4lp8p3,VINCE,VINCE pool,https://www.vincepool.com,Powered by IT Experts,https://vincepool.com/pool_Metadata_vince.json,497ab051de3f4b306a8b9b9347cbd985aa1ca7a35bed2c87b078110487d38cff,449
pool1lqucyxuvjktfmpf7fd28j54cfgamyrxed344vnwlm9wqkwjeqwk,SPS3,StakePool Service No.3,https://stakepoolservice.com/,StakePool Service is a proven pool. ITN track record is TOP10's highest performance. Produce by CoinPiace.,https://stakepoolservice.com/SPS3-MN.json,b7f83c42a3c8ce067552cb01a893774d01adb2808513d617823ac5e5918f1b20,620
pool1lr0wunp76zfedxk7qvreekyvvdr4n0s2mm5g458n7akrvmdnfwl,,,,,https://stakevandekeizer.nl/pool_Metadata.json,9d729a7e1e38b312ca5c5a544f993e77762e2b0d35fdf615eb42ce376ded10ef,251
pool1lr5ku0p3jhykdf3a2kcr0tyra30qvzrtl02dr6uyv98rxdsy3k9,STAKE,🌍 PLANETSTAKE 2,https://planetstake.com,⭐⭐⭐⭐⭐ Stakepool Service Powering Cardano since 2019,https://planetstake.s3.eu-west-2.amazonaws.com/STAKE2-001.json,2c34932e7931aceac265dc2c0da3a030ff2bb9b850f8c1ed300ea99475941f75,436
pool1lr9vvcf5r5jgkgv5ly7z2lh068ymzg4xmqk5f8pu2k23vt25x7a,HYGGE,Staking Cardano with HYGGE,https://staking-cardano.com,0% fee. Online since 21 Feb 2021. Did not cause COVID. Future proof infra operated by enterprise level IT engineer,https://meta.pools.pm/hygge-m1659870581.json,9f183f44e360823071a38d046ccfce9b3bbc4c19b69bcecc552562f29360525c,529
pool1lrnyqdlrj97d0ju5j6d9xa8prw0xeyumfd53rz5wk3gf7czqzjz,TYGAR,Tygar,https://tygar-pool.com,"Secure, reliable, made in Detroit. Stake with us!",https://tygar-pool.com/poolmeta.json,d6943f4413e62254165d05771d37d598dab1c0508d49c2d12c2abc172a565d1f,299
pool1ls80gx9sen3qc7s6c7u2ajw6hk8faqanljugcg5tfukp6qscetv,LGBTQ,LGBTQ pride pool,https://lgbtqpool.com/,A pride pool supporting LGBTQIA+ charities and projects.,https://lgbtqpool.com/meta/poolmeta.json,cfb76252ae575ec7d35aa566c0344a55a3c6b8e3aba3c13d1d098231b2adde78,603
pool1lskcfz80qg2kr2p6776kl9emjn8ulkqsqse7um7skz4y2lwa0cu,CERO,Cero Stake Pool,https://cerostakepool.com,Staking simplicity and 0% margin for the lifetime of the pool,https://cerostakepool.com/poolmeta.json,48489047997173c25eecb729b3f08f360b986f19db09e6dcccec20d3d11ea132,464
pool1lssudmnyy4vlzrvpmw4539xwklnx0lm2murc9t7n25u9sg2ce3n,PREV,PREVISIONZ,https://previsionz.de/staking,"A reliable pool with a proven track record, run by a German consulting company, that strongly believes in the exciting Cardano project",https://git.io/JJPMF,57a0be26db4a5fd01247b3e17ffda8645f38b6d1bdde657693c767d740f45162,212
pool1lurfk0k0wwx54hlg8a7zp3jtstu57u59aeq7aketl55hknmmtu0,TNTM,TANTUM,https://ada-stake.com,High pledge and very low margin,https://ada-stake.com/tntmMetaData1.json,10cdfcb0979d35843b8e0886fadb654624688295a99bcdda94878551447dae84,482
pool1lvh0pd5n8c3cjzhgef9y6vfh7cver24hdve6ysnwpa42ys5emms,RAOOL,RaspberryPool,https://www.raspberry-stakepool.fr,Stake & relax. I take care of the rest.,https://tinyurl.com/yd57ukhk,9386520ba54a1530d0a540269077bd5d1e1ccf1b6386f0d7fbebf1d853feb5f0,317
pool1lvsa8e0dw6z8g2fkw7prnfa7627wuy5jjexaadck6w5sxw5xkvm,DIGI2,Digital Fortress,https://digi.pro,A bare-metal stake pool established December 2019,https://digi.pro/metadata/mainnet/digi2.json,986b6d0f2f0e42aafee8f7e545aa0ee93840acbf7f414bacde1de429d79c4b44,641
pool1lwhj7qrymcxq8hdqq478pf90x87nl8f6m4t63a2epaeagthkmfc,,,,,https://raw.githubusercontent.com/CropPool/x/main/a.json,869a671d9e5dc2a803c1da374008e43b4f7618fe923603d14f06eee015ea433a,267
pool1lxqewhueg4hzyad766zhdwsjet5348ww8mzejf6fprxaw8wfq5s,YOON,Your ADA Moon,https://youradamoonpool.us,"A safe, secure, highly-available stake pool.  Your ADA will Moon here!",https://git.io/JaAsp,f2fd1ccbf3a7a982c123c9af87e22f6b256c912f0aa96e8f2e9fb41a5626ea3e,413
pool1lychj3krdah22cjhxguzhfx7qhwlfgl7t9fv42pcems9zvknahx,,,,,https://adattitude.github.io/HELLO.metadata.json,92535116b464fa9c6eae12504fa8bf6b5cfa99610524e73893fb5f2fd4ebb26b,282
pool1lym9xt9e88y2emmlh2nlefyrq933a3eda2xhrvrzxurk7s5h8e7,TITAS,TitaniumStake,https://titaniumstakepool.explogic.xyz,"Hardened stake pool for long term, sustainable results",https://git.io/JZWIf,9aba6ce9c02971ad2282654b84e2fd19f2d718d93c84b876a1ac7c7d00479503,274
pool1lzrg40g7vwgrxf52h40mjv77wywajekkfr5p63gcaa6gxrnqy2t,,,,,https://oldcryptogeek.keybase.pub/ginkgo.json,26b5853201d7160e75983c46a337ce0df6ee6b6ba2c448a4c7f9d136c92dc958,345
pool1lzupr43772kfux007sdt02vlx7uzmfcplrwmxntdztxmwv9myrj,CRCI,CRCI,https://www.crci.review/,A First-Principles Approach to DeFi Fundamental Analysis,https://heart-pool.s3.ca-central-1.amazonaws.com/metadata_2.json,0da9ee26c2419acc03b94a7141e7bcaf99ec1530602bc919c8ecf8641e4c1385,449
pool1m06tlj2ykawzvweacgmhxj43hykczgfuynk2lqzxvshm5lq2lyq,,,,,https://simplestakepool.com/smple.json,7ec1611eb48d6623fe749f97f8d1d28517f3c31557c966bce78c53a536c21af9,210
pool1m0drnjxsvnlesq0rwmur2rh6lenuql57jfzd6cf6aegj2cv7ugy,EMUR1,EMURGO 1,https://www.emurgo.io/,EMURGO Cardano pool,https://emurgo.github.io/cardano-pool-metadata/EMUR1.json,3a171821b83d91afc7e1f35a2ef549a6e7600fc9731cd48f5a1922ac7361dbe8,609
pool1m3gg43uhtetn4hmw79u8836dyq8qe4cex8qnn6mks5egza7n6tp,ULTRA,ULTRA Pool,https://ultra-labs.io,Fully integrated Bitcoin Mining and cutting edge tech development on Cardano. Join the Ultra ISPO today!,https://cardania.github.io/metadata.json,9d781692bf2162579d445458c397b6dd13d204dcb1e2abae73e1fcc3a05695fd,610
pool1m3h5p82m6v99nda37rmed8vrkqt43e2a8d89k76gw5ets0gdyag,BANK,BankFi Pool,https://bankerlabs.io,The Bank of Cardano. It pays to Bank with us.,https://raw.githubusercontent.com/BankFi/pool/a/meta.json,edf87bada1666d3bcc9c144e9ab94a5c3980e6cab21475f2dcc05c309e5cab43,611
pool1m4enp55hp80tf6xl7k6f6593wnyu3pr83xfvef9x3ktdw9m0em5,AZUR2,AzureADA2,https://azureada.com,OFFICIAL SUNDAESWAP SCOOPER! We are a team of multiple IT professionals & developers and our AZUR pool consistently is a top 1%-7% performer on Daedalus|adapools|poolrank|pooltool. Globally distributed enterprise infrastructure on Microsoft Azure.,https://azureada.com/azur2/azur2sundae.json,4f5c0f51df5e3aebe5042c23882953b6f94ae3e48b112056ca08fba9a6df77b3,583
pool1m4nc6ea8htk9t58yx43sqluln7cp2a6qmzq257uudrvtkue8vw3,,,,,https://mp2021.s3.us-east-2.amazonaws.com/pdata.json,ac870d22abfe2f9a1e9e0f89b5c9f724daaa030ddddca69e060748fb96fa6051,255
pool1m4r66650ugw2xshz3gtred6wdxcn65v48r0r6p4vy64dy276q8h,,,,,https://bit.ly/39B5mgi,849ddfe4ad0dee31a6fcd13c0db61b3d20eaadbea359ed591e5a436199e18f01,360
pool1m62sl6rauje9cknrkhwl39tc4hujudkd7gp478dpz7tagmjr8wm,,,,,https://nodenetworks.org/wp-content/metadata/node.json,badf7dea15d68a081938e69322e8297fd8978235fa298eae34e2d3b686ea2b0f,610
pool1m7hcz7w6d2lk8ma8gm7x9hv5jfdq8u9384m6q462pjntsgfr982,,,,,https://kingtut-stakepool.com/ada/metadata/20210611.json,1a001de1df0df393905c19076d2ba72dd5e5d10af918842135d23a91115a11f4,299
pool1m7nt2fdv50gr67fn4feezdtnypzpfdx2vcd6v9qdjr59zvw9pvs,,,,,https://git.io/Jm92I,8ccbce16de5234a2d0e88c5a51d3f1ad13f25cd1b3172a2aa133be60cfab7362,258
pool1m7vr5mjsvs82kh5yp95pr9s5wdldf2v8r6rmpv8z57ypxmrkqsa,,,,,http://brothsoup.co.uk/Pool/poolmeta.json,701ba77d3b4d7750bcae74fe0a9e9b917e27f5a75a373874c6b3464459cbce36,288
pool1m83drqwlugdt9jn7jkz8hx3pne53acfkd539d9cj8yr92dr4k9y,BKIND,Smit Blockchain Operations,https://smitblockchainops.nl,The trustworthy Cardano Stake Pool,https://raw.githubusercontent.com/GS1973/BK/main/BKINDMN.json,dc16c5fddfe24d68d225b362584bc68112884d39f698b9773daa356d70176725,632
pool1maknvmsdvk240a7w8rclvq2lu5pzk906cuh9cw7j30z76ff257u,,,,,https://cardanoatstake.com/meta.json,8e56f2d0f82061f9d3d931e806950e96417af39b55534317513860bac8d5b79d,448
pool1mc4h5pk0juqfd5lj08d09d9tfeyd86v7se4kq2jyu9j0jy8ey4y,,,,,https://cardano.turingpool.io/tp1metadata.json,078437e250dd4f6e2013b6424f529e7faa8e8b81f01d1400c9c3e9962e402895,341
pool1mc6f3tvzp59yfn2przflkq9q6k00g0hfpyck5t5whjs8qdcjuj3,,,,,http://usmc.milpools.com,7df59375cb9d23cca4b8484b233bdc230c0584f01d877aa669619245cdc855d2,323
pool1mcvq2z34f9cfdmkd97famsh20ekqtndw246ny5e8ug3mxfdf4zq,HIVE,HIVE,https://hivestaking.com/,HIVE-Welcome to the Colony,https://hivestaking.com/poolmeta.json,5b2a75e8eafb6c3098688c9f54354ed61743a2f34b22985377b6525b9e1afd93,524
pool1mcwcfl96ew79rmj4zxehr33p55e4e62dt4whyr2vqesswp9mmvz,MYB,MIYABI KYOTO,https://miyabi-kyoto.org/,"京都の伝統産業を支える「京都みやび基金」のステークプールです。MYB is the stake pool of Kyoto-Miyabi Fund, which supports traditional industries in Kyoto (Japan).",https://git.io/JnP4x,84a746fbbacbaa97e9575df74a0ac6c7fb1d5f3ff36a79c4d09c29bc7e9a9251,298
pool1mdyuct0kgd0hcjjnea999me5dxqpepr4y8du4smegfm3vlr37w5,AY1,AdaYield Stake Pool,https://adayield.io,"Discover AY1 Pool by ADAYield: a community-driven staking pool with bonus rewards from custom utilities. Enhance your staking experience in a transparent, innovation-focused ecosystem.",https://bit.ly/3KMjjbW,5e7367dc1817195bad9bc82c99675f3644135101c4013975cae2cfa0ffc87cae,609
pool1me4w8vugzzt5zqaf3kvngpwdzan79algtgyrs70exr0mjghf2he,,,,,https://rai-pool.com/rai.json,35fed345e427f258184ae8b907a0b8ea8b072be09ae50a204b44cdcc26268fae,210
pool1meljzszklf23y97ka5sjqwasnel50xe5ar68gz70slm0jmt2wxs,MRPHM,The Morphium,https://TheMorphium.io,Outpost to the world of Cardano,https://bit.ly/3jGfJCW,ed2e4bf5caf455edb41ee99ead7683ecdeb5e555fff7175b21d5d18256a3387d,554
pool1mfgqn8n658vjdcvg3xgtr3qyet64fht0dzsukqeznxw36z8g2k6,CSN2,Cardanoscan Pool 2,https://cardanoscan.io,Cardano Blockchain Explorer,https://csn.cardanoscan.io/csn2-LhAdTMH0s.json,50fc840231c5dc56385f1fc828daea8da8a6d3512f5e05f6259ef84ed5da6ebe,433
pool1mfm9nf0fc2wknc94dxyedny3vxtmv4t05arq7czyxsmg7qcy76n,BYADA,BavarianStakePool,https://BavarianStakePool.de,Stake secure with an IT Professional with over 20 years of experience.,https://bavarianstakepool.de/poolmeta.json,bd03cfb168030381dad5c9a66e6626eecfbc438cf228294b93b2ad33f40a060d,420
pool1mg37s4w4uzsmw27nsnz2mwfll8sdawngvy3n657t7nd0yjcd77e,TSC,TSC Stake Pool,https://tylerscrypto.com,The official Staking Pool of Tyler S. Stake your ADA with us for the lowest margins offered on YouTube. Lower margin = more rewards for you!,https://git.io/JuGB0,4f0a626c23c86149da4cdbdbca59c3e06f57a556f3996eb98ca4706dccf297ac,291
pool1mgd8j96nt5jfxsyrkhqt4v2k2zhg04pkej0da2uxmcfm5jmp4cy,,,,,https://cardanolibre.com/metada1.json,b2ea8b9336ee00ed5a7ff93668aa2ff6c0c943dda069a61f6bb9857ae64dd343,246
pool1mgpcx225587y9uf2zcwrputd3kj70jfpf654ca86dehuw5qk5pf,,,,,https://git.io/Jmw2F,03f67c3c781657b36d9053b676593a977c84b1f9131ce6cbf80c50c7cfc942a3,257
pool1mh4ng2ldxk4sqfppzu6r4knxrk6e87e9c4wgrred84uy7xauzlh,CCV2,(Crypto Capital Venture) #Pool3,https://www.youtube.com/cryptocapitalventure,Official stakepool #3 of Crypto Capital Venture. Welcome to this crypto venture. Let's grow together.,https://raw.githubusercontent.com/ccv3000/pool/main/3.json,15b1c830f17c3ba342be20f9879847fe4e0da6377cdb8d91b8fe92b3832f01a6,601
pool1mhww3q6d7qssj5j2add05r7cyr7znyswe2g6vd23anpx5sh6z8d,GMBL,GimbalPool,https://gimbalabs.com,"Community Pool for Gimbalabs: learn, tinker, participate.",https://gimbalabs.com/mainnet-meta-epoch-256.json,0e02d86287b1d853257ffebd32071abb31fb710cc789a7d0a8d584fbfacb647b,260
pool1mjehcx2qu7trxuzugdywuvdyqs8zx8kph23y6c7hhx69z50acun,,,,,https://raw.githubusercontent.com/justraman/adaco/main/a.json,ac2a4c4399e837b4d73d10833404ec0618a539421e69625add35e986c3298c9f,299
pool1mk9k389xy5szdzyc0fpty66fu93rhwnar3202vy0d7w9ue2rycu,,,,,https://adaheadz.io/headz.json,f69c9931eea1046cb559b8116969c5a2c1f2c71e0986ce2c18a462906046936d,322
pool1mkjtce8r8yeku0mmc9vpwl0scuwuwc8lz89ckpj3k0kwgvlunv5,RSNG,Infinity Rising 1,https://infinityrising.com,"Infinity Rising is a AAA sandbox MMO blending exploration, racing, crafting, building, farming, mining, fishing, PvP, and questing in one connected world which leverages blockchain to ensure true player ownership of in-game assets.",https://link.infinityrising.com/rsng-stake-pool-og,182e0bddf39dab68678745ed84d1b7f91065a536751064d32594027e5e37eada,604
pool1mkprng8gaw4uzkd0x9ppjw5y52gv2qnwuet9dtvmdy6fkjuv9u3,ETO15,eToro Pool 15,https://etoro.com,"eToro is the world’s leading social trading platform, which offers both investing in stocks and cryptocurrencies, as well as trading CFD with different underlying assets.",https://bit.ly/3My4c5n,e31edd7a9b7a772055bb306e956405616f84976fd556e2bdcac659a85925f880,345
pool1mldur87x0z7j5wrfw0uh04twv0jem4c0cafsl3lhexfnka2ngxh,,,,,https://pool.echosmith.io/Metadata.json,7b8c4c4b9076cbdd44f8751b0bcd2d035fcc4eecb043884bb65eb627ff82165d,224
pool1mm7avcuw8v6f86esqtt6xx6rkagryrfq22y994snes832rjs2mt,,,,,https://ratpoison.io/rat2meta.json,b71a8f4dd53487064e50790e56d725e221e375c540f7c0db45d8d0e3fcb1336f,328
pool1mmrdxw97yt9q22yaece43h7em2fhsgumrww7za9jdwt9xraehp4,,,,,https://loop-pool.one/wp-content/uploads/2021/05/looppool.json,b48eefe63d698ff390b5a7a17ff248c632ac87dfb27c3cae4195bd5fa3420f10,314
pool1mn0ydnu5tt4w80y3dxdsajddhdz03p6mudk8vlh55r5exqywxhh,,,,,https://raw.githubusercontent.com/asingh1988/pool/master/p.json,0600cb5cbc75549370a5b64abd8f42b67192e43096acbba1959b2412b312a91b,212
pool1mn6relcs7dn2fqzfq5yjlwxa49d900p5sdpw62jlx45k2djgwe4,RED,CrimsonPool,https://crimsonpool.com,single stake pool operator,https://crimsonpool.com/cp0.metadata.json,73eba8f089e5d273c864c44032f755fd24058cc97b269055a64d0879d40328d7,534
pool1mnalcegg8lv2rkf3hqnwva2fxg75j3hs9mdzqc3tvxpjzcpmvcc,ETR,Erik The Red,https://kunostakepool.com/,Smart. Reliable. Ready. And Red!,https://git.io/JJiZZ,fbf6adb215d2350b497ca5b1c7524aad1e70c69fc8eca12c987297aeb98ca1f9,212
pool1mnhywmx87p5dlsk86szshumnn5pljdnacr0e8zsq2v32ckh5wyf,,,,,https://www.poopool.org/metadata/poop.json,28f471cee90a4881d242bbc206e2e766e1adbda41abebad2db1fab72fa30a56e,292
pool1mnj07j4n605djnx42n4q88j5k0yvarp7lqmc4388du3rwnljenz,VIET,VietCore Pool,https://adapools.org/VIET,Share Knowledge - Make Wealthy life,https://git.io/Juiq4,65471ea2c1a77455a30bd875ff7a8acee364d1b9f2efa803b1111512499a8c23,485
pool1mq2q0fjekk5lt8j2krryf5rvwx5z4l5l0r6afhhj0mtg23ylyuk,KORA,"KORA Labs, LLC",https://koralabs.io,Kora Labs is a cutting-edge software development agency building robust and resilient Web3 products and protocols on the Cardano blockchain.,https://public.koralabs.io/metadata.json,ee182a314b4f0df8043eea45ff8d9c4cd418610c6096796afc94905a540fe57d,372
pool1mqy259k253xryf4hvdq0n72n2uvadcgp34r0fxwpqzm0z5n0qp6,SPS4,StakePool Service No.4,https://stakepoolservice.com/,StakePool Service is a proven pool. ITN track record is TOP10's highest performance. Produce by CoinPiace.,https://stakepoolservice.com/SPS4-MN.json,7e2680419d7490a58ec57b8676eaa862a5b33f247f180dd4a3a60de5ec0062b3,620
pool1mrv06cwwdjnp6zz6y8wq7epav5eywka75r2k2xqy58ez6dge9cf,,,,,https://funkyhiro.github.io/thc2/poolMetaData.json,4a92917ca0de99377e0ebc6301d3d9862a8f04f61aff758edbaf8cd91fa6e963,429
pool1mrxg6svcug7mc459ce5zum4qd6p0hkfc08jzpphxfnxzz8yf7ll,PET♥,PetLoverStake,https://petloverstake.com,"A pool for animal lovers in Cardano: We support Pets, Wildlife and the Environment",https://petloverstake.com/poolMetadata2023.json,d60e35b3b2cc8fa4ff709a0e151d0fe108699ecc1a8c953b751cfb5fd220fb71,600
pool1mscll7kd2y9c56kv7thv7kv99wjvrr72uwpmuhphaltjz0pkuqa,RARE,RarePool,https://rarepool.io,At RarePool we are committed to providing top quality ADA staking services. For questions or concerns please contact twitch.tv/RandCorp. Thanks for delegating!,https://git.io/JLAr5,79c69dc7f395e3daa542cfecde73513641205e36da1f7704fde8b0b70227f2cf,286
pool1msh7sfurmkgcqswwqg5guf3cxgqz4rkkc57g6f9te5u6y385hhj,PRCS,Precious Pool,https://preciouspool.com,One pool to (help) decentralize them all.,https://git.io/JYh5e,7fef17ead319a95a2bd033c083561ed822b3ea93c15875d1c67d992d57595dc5,261
pool1msu99d564nlvplp8dcvhrupl5ducflzqk4lmjazpcw8nu7znftq,EZPZ,EazyPeazy,https://ezpz-sandbox.mxapps.io,Making the cardano space eazy to use combining cardano and low-code.,https://ezpz-sandbox.mxapps.io/stakepool/metadata,b629ab3dcb63987ee8d67d32504a1b6c3026f2977d0d43908e4485c48ac9a89c,299
pool1mt8sdg37f2h3rypyuc77k7vxrjshtvjw04zdjlae9vdzyt9uu34,ABLE,ABLE Stakepool in ⚜️Québec - 🍁Canada,https://able-pool.io,"Self-Hosted, Bare-Metal Server Nodes Only. | In Six Different Geographical Locations. | Six Reliable Operators/Owners Professionally Working Together To Secure The Network | Two Backup Servers. | Three Emergency Batteries | Two Emergency Power Generators.",https://hornan7.github.io/Able.json,78544fcb28ca50292e8a5c585b6394b58b645feb1ebe76cf7469687f95f43af5,535
pool1mtvfxpeczh9gkgj42j30c5zgudnt6evns4gny07p8nml2qrthav,,,,,https://www.dadstakes.com/meta/dad1_meta.json,35bc45661f4e15f2c1256210b6c9c67079b7d3740a03497df05846e932efea6c,300
pool1mtxmk0skqkr5y0wxnxps4n35j6wn9q8dfr82y423vvlp53vccux,KILN3,Kiln,https://kiln.fi,Enterprise-grade staking made easy,https://tinyurl.com/2esacsk3,5a62eee9b2cb52c2331666cdb1ff2cab9e2b4badfc993aaec220510c35fcfd27,499
pool1mu55cjeex6ft2pvppurt62gf5uxcx767ktkpj66696hpx6zhsed,,,,,https://ada4profit.com/ada4profit-us-saturn.metadata.json,dc1b70fea7efb71f5e6f5c34d730ebc3d9d5d284d557c408646f28f51cc58c42,215
pool1mugxe86p0p6fzeesthdzkuk3h9xtndf4my9cznmxtmpvujzlw4f,Kings,Ada Kings,https://ADA-Kings.com,"Low fee pool, where we treat delegators like royalty",https://tinyurl.com/zxrma6xa,efd03e803358e6d6ae1bfc717457e334879877d2de31749a661ebac3fd221af6,278
pool1mukzsec605hfk2tsx4r4xd2rjfjytua8puge5pa0g82rgqm0kt9,,,,,https://adapool.jed.id.au/jedpool.json,467bfce6e6d308f13a4258939ae147749138c4a825b34c48255e0de20502bc94,448
pool1munms54eag8ul80zm9gprjjachydm0ex52vjfzsrcjwpcdavcdd,,,,,https://git.io/JEbDM,d52124467cc52d87d098afc7089fedd7e4161e5829600687c7e9e417bc5833d2,521
pool1muqaevafaztxkcmkumndhpeellmjedmf5w63w3ek2g965mp6ne7,,,,,https://www.wape.nu/poolMetaData.json,74806e0d86a1c344fb70f4674f882ce7b21614cd8d6894793c550e3d736ee3f7,264
pool1mut4phum9hegtl8m2r68gpjh5x8w8t6zwf75zrphhp3qwwrrpgt,,,,,https://pools.emurgo.io/YOROI.json,40a80b5bfc4dc1ba1bf94a071875c78ee0a563dddef724f5ed21b264d3274a07,229
pool1mvl09pgsejrudghjhq79qurugrvqy3pceznp7f9vz63n7ku7jqx,AMZ1,Amazon Pool 1,https://adapools.org/AMZ1,0% fee until 2023. 24/7 monitoring. Strong and stable pool!,https://bit.ly/3HOpWb8,923feba947b29316fc5905c49012c54470aefb8e0503820445d484a8c8ad7341,324
pool1mw8jpnmxd22vw4h68uqw70nx24vfju4aav9rznesc4vnjnt68g4,OZGRN,Oz Green Australia – 100% Renewable Energy,http://www.ozgreen-cardano.com,"Oz Green Cardano ADA Staking Australia – 100% Renewable Energy Powered, 100% Australian Owned and Operated",http://www.ozgreen-cardano.com/poolMetaData.json,f897859c68736c633c7958c6a4e0b0d9aef3ff902527474c7c664f7f122e0d2e,345
pool1mwp8ewtzmun0426v9z0h9um2amswgfzn78rckfl2fc3t5sy0m5g,AACC,AACC,https://www.aastakepool.com,Cardano Stake Pool,https://www.aastakepool.com/poolmeta.json,887f802e2b12fc768a649842228644ce16cf4d0c7d82c352d003e1845a367e77,319
pool1mxqjlrfskhd5kql9kak06fpdh8xjwc76gec76p3taqy2qmfzs5z,IOG1,Input Output Global (IOHK) - 1,https://iohk.io,Our mission is to provide economic identity to the billions of people who lack it. IOHK will not use the IOHK ticker.,https://iog1.cardano.iog.io/metadata.json,22cf1de98f4cf4ce61bef2c6bc99890cb39f1452f5143189ce3a69ad70fcde72,457
pool1my7sevxtc4dfvj626q0ujqqukntfa2v0uuydq6wd8x8hvml03rn,POWER,POWER Stake Pool 2,https://powerstakepool.com,"We provide a top-quality, non-custodial, no lock-up staking service with extra-low fees. Minting blocks and delivering passive income since day one. Trusted by thousands of delegators in the emerging blockchain economy.",https://raw.githubusercontent.com/fib0618/pool/master/pl2.json,4d4c23df80d65f6347d718ef5828055cce80f7080b1b6f4bb5a266ebce30cb92,631
pool1myvgx4ef424e6nw2strqq7dxcepav52plyyhxrk0avaw7y098l2,COOL2,COOL2,https://www.stakecool.io,Let's stake COOL2!,https://www.stakecool.io/pools/cool2-013.metadata.json,ad87737c0f0c69afa5abde91ee3067759fc21a66049336dfbea5563be46bc8f8,629
pool1mzry5s8pkfy42ul2xevaq7dk6qae8247hqd8serm3ms06glvny0,SCP,Swiss Cardano Pool,https://swiss-cardano-pool.web.app/,A reliable Cardano stake pool hosted in Switzerland,https://swiss-cardano-pool.web.app/scpmeta.json,cc15382d48dab83e3b257ba6d2a57074adab57e91ec19c9a1e0e761a325352ff,264
pool1n0uxgs5qfk5n9xl7qvq9jt8zuu02cntrsjnjayjlqtejyffnemj,EVE7,Everstake Partner,https://everstake.one/cardano,"Everstake is the №1 staking infrastructure platform, trusted by retail and institutional clients worldwide. Committed to the highest standards of compliance, we deliver secure staking solutions across 130+ chains with a reliability rate of 99.98%",https://everstake.one/cardano/metadata13.json,298449305bcd5a4b75f361b603c09996a5e886b6a397e58fd1c217551daddd88,626
pool1n2j7zmw69gf3weqp3wae234p3lykjks49c84mleqgmnmg4jht3y,YORK,Free York,https://free-york.com,STAKE with YORK: Your trusted buddy to RAISE your ADA! Don’t trade it! Just STAKE it!,https://free-york.com/freeyorkmeta.json,aa26ac80c3cde8cef8b5bf1f5db8e6ecdff4fd176fc79c671d40a79e3bdefbfc,498
pool1n2yp66zk6m33sg8k20hsvmk9tw7xeeswzdcfxhnx9hm9jkxv5k4,ONE1,ONE Pool,https://adapool.one,The World will be as ONE | El mundo volvera a ser UNO | 世界將合而為一 | 世界は一つになります,https://git.io/JYU9o,7678d36f13b5b85b4456c22d142c03ff561e01947bdbeb39f2c5275fbe227294,290
pool1n353xqapcq8wtyskm8cj4g04t8rv03lteyl30c42zug7kzv8vqz,NES,NES Pool,https://nespool.com,"Helping to build the cardano network, support small pool operators. We will be adding rewards to increase the pledge with each sucessful epoch. Portion of pool operator rewards will go to the Shriners Hospital for children",https://git.io/JWu9Q,ba095116dfb6188e6537ee9b01f8e90979a97ddaaa81cc7aed42e0b5ed19b8b8,390
pool1n38p88x37klt80cg4qhgps7786svg5aupg0xejuvernhz84wwsj,,,,,https://0pool.net/Pool1/poolMetaData.json,6ea45912666d41c55bdb3eb70f4a3b793aaa47b251f51f881e269f53e356cae2,262
pool1n3sjq3qvu5vvcd6aud6ndcwq7r3ghmkafcg60gznlwfrk2ucxku,ANVIL,anvil,https://ada-anvil.io,Building tools for Cardano,https://raw.githubusercontent.com/Cardano-Forge/ap/main/me.json,4f0ff94514eb878dd85a92f97282bcd189ea66eebe64312698fe30cea31c5c47,522
pool1n407tju6ysxeh5phal6pcqkcku3wzacxpreua292ms04xzraq6n,RYU1,Ryu Capital 1,https://ryucapital.medium.com,Official pool of cardano by Ryu Capital,https://git.io/JmViJ,16415e6f831f160866eead1e9049e8ef761a0856f4f7d6e4efa451d385711ac6,258
pool1n4fq4gw6snzqjep3pylj8dc6aaa4xgn78gl58k360dqdw6a58g8,PEPE,Cafe Pepe,https://rarepepes.com,Blood Sweat Tears Pepe,https://rarepepes.com/myPool.metadata.json,20ff97efd7a6aabdfbda2d545de593f25069e21d76aa7ed952a740555c244054,255
pool1n500map6vvxwkxnrw5m9vgmjqrmtaxuuxkgqvzz7699c7qc550v,TEXAN,Texan_Stakes,https://texanstakes.com/,Reliable staking for fellow Cardano enthusiasts,https://texanstakes.com/poolmeta.json,bbc763d02e60fd687a31c75cff44eac0259e1f141782f97c6d1f24ff419b48e3,582
pool1n5kljtvdhg29vrhr6uefqk76dpepzfwuvsw8zd0z5yqfuqj7x8a,,,,,http://grafana.teamstaking.com:8080/team.json,e18c5869b40de78f484cce04fad365504258f8181febef6e68c67ac9c2bd5a53,463
pool1n5shd9xdt4s2gm27fxcnuejaqhhmpepn6chw2c82kqnuzdtpsem,ZOE,ZOEPOOL,https://zoepool.com,The first African Community based StakePool / https://instagram.com/zoepoolz / https://t.me/zoepool,https://meta.pools.pm/zoe-m1659252930.json,d4dc3e7c198980c6247feb933eb05ba1f756203b2c342ab2ffe008b802d4b48e,420
pool1n5ytegzw3enscfw4t8wsjytrz228agvm9c3xaarce7pgjzftdtx,_Q_,Q - Multiowners,https://sites.google.com/view/mango-staking-pool,High-availabilty and well-managed pool for all stakeholders and multiple owners seeking the best hosting,https://git.io/Jtyey,87ee165368bb7a472b7278774a2e62b83ae0afa8c4d862e054bdae5aab45d6e0,455
pool1n6qqnvjfzskcq9zdld5pnp8q3ktd28pqsh5tkmvarqcayr76puv,,,,,https://astorpool.net/astorpool.json,c189f05a46382086e09ebb51e84a4fad29d104416e61fe48f66d62cf2e0ec897,322
pool1n6z7rf722heq35v2dxvstfwezgdt8cv0mftpv4r9jay3wjk2kkt,,,,,https://xxx.github.io/xxx/poolMetaData.json,1d5d67652ec3e5ad81e248830fd53cc20ee5b7cadb36963040af261b7e9521e2,480
pool1n73klrhjp7ez9fxvzkwpfk96xd6752urpyu9nncqdw93jdu07s0,SPORT,SPORT Pool,https://sportadapool.github.io,Our pool is dedicated to empower kids through sports,https://bit.ly/2OW00o2,18b2e276727cbe2e41440b132905a82d6be74c6f55f113fb6b38bbac5527cb87,286
pool1n7s5kpymwd0zsld8q23tpf7z5esjaqwmnnzzssee5630zpx5ww0,RABIT,Rabbithole,https://rabitlabs.io,"Fiercely Independent, Hydro Powered Cardano Single Pool. Follow the White Rabbit!",https://bit.ly/rabitlabs_metadata,b6371a0c5729dbc0a3358f47f37a28b43917c174c5bbb125531529c57f5e6992,603
pool1n92phm2qkyq458vppqccf9emtx3l2z7wgwfyjt5elu9772gda2j,,,,,http://adatrain.io/poolmeta.json,e1e4241291edeb172b9fe1d135b16ef081f233c247c439a1a1d7cbb8419bffe0,266
pool1n940lfxkd7z73qzj5y554yrletrmgg5x2eya9tpglh3uwcqfnud,FUNON,Fun On the Ride - 0% Fees - Only 270 Fixed cost,https://www.funontheride.com/pool-cardano,Cardano On The Ride - FunOnTheRide StakePool,https://meta.cardanoontheride.com/funon.metadata.json,e2c6f4e6142ad63094f919caea96126f13021db5f74d9056cc342d8655c9f2b8,457
pool1n96ql32ct37n8w0l9ddhnc2t8tv0uyd6kuhzua8uxy63xs35wgl,,,,,https://thc-room335.com/poolMetaData.json,fedf5385be6b75ceaae5570689ca684b7948d5a839f3c2cb28b60af7d5c723ef,225
pool1nc8vcafsgemc2jx7mmze3sppakahrl4z5qqauw6znr93jfyqv6j,,,,,https://chainups.com/chain/poolmeta1412.json,ad6b13127927a7fc8b1ccf8be43c0f66f9fe7192d943bd0137ec1cce8b35d1b6,325
pool1nc95eljl5eyqx3atc5r29snhr53tkpv8k8krue5zsu5p78vu2ct,,,,,https://nodenetworks.org/wp-content/metadata/node1.json,da90a4ed5aa373e90dc43d164e65908b2369a6aa4b72293b394fcd3d06aa61cd,211
pool1nchr83fc0hrykvhlnh64n3wlt5vkdu727xjep59znrwzs589jdd,CANDY,CANDY POOL,https://ada-candy-stakepool.com,カルダノの発展に貢献したくプールを立ち上げました。安定稼働を維持するため二人で運営しております。We launched a pool that wanted to contribute to the development of Cardano. It is operated by two people to maintain stable operation.,https://ada-candy-stakepool.com/poolMetaData.json,a27a5ca54e13169f0aa1ff9ac486dd24a404f204340c54f6e3194a4da2b77ba4,502
pool1ndtsklata6rphamr6jw2p3ltnzayq3pezhg0djvn7n5js8rqlzh,,,,,https://everyblock.studio/pool/poolmeta.json,d648340d76017373b0c609711da4946cd9287bac46079e25354c5acec5fc1ada,367
pool1newmccddazerzanrdeeelvzk6vzh9stxn5n8ravshqa05n0t83u,NEWMC,NEWMC Stake Pool,https://newm.io,"NEWMC provides high-quality staking services: Through continuous uptime and transparent communication, we give users the ultimate staking experience and dependable rewards. All generated fees will fund NEWM’s fair music ecosystem.",https://cardanostakehouse.com/bef4310e-76bf-49e8-83b2-6e1.json,605d19aba81c4f416b7c175d9300ae1f6a9a2a3eb340904e45dc1488036714e0,585
pool1nfdx3fdeng9cs4pz6ug3lm6phc4vxy5n8tvah88sjf3rjv3tr63,,,,,https://cardanolab.at/clab-meta-data.json,367fa7ebf534ceefc8674efd5ef654b0aadfe49812fda1e8a65eb38bad867ebd,245
pool1ng0wg25mkdkcmryzh5dcw70p0462z7svegxr9c7d2k5cqf9tt2k,,,,,https://globalpool.net/globe.json,06b175114971c1bd326e2222fa5d810ee5d51bea01d469571e8445bad9eca12b,263
pool1ng3vqzrhn3z45yjdscv3q37n26g2pj3vp99rfkgv6225y8lqg8j,EVE2,Everstake,https://everstake.one/cardano,"Everstake is the №1 staking infrastructure platform, trusted by retail and institutional clients worldwide. Committed to the highest standards of compliance, we deliver secure staking solutions across 130+ chains with a reliability rate of 99.98%",https://everstake.one/cardano/metadata8.json,e0f9874e2b761a0dd94d07573819f5bffb0e47c9e3183b600bdc51299b800929,626
pool1nh9j5qucsddxkzn3m4dm4gxkhwtpya4wm4e0ye2u0puaqgkcm65,,,,,https://api.jsonserve.com/6QNb7N,d7b935b55ff5e92da2815ad502bbe2f383588520da6c6fb39bca6ba0b440c751,544
pool1nhd907krga9dh69kf0jg4tl0764rravepy337gptvsknxyyx94k,TOPO⚡,TOPO⚡ Pool,https://topopool.com,"Passionate IT pro with 20+ years experience. Pool up since epoch 208 with 99.9% uptime. Member of ALDEA, CSPA, Droperatorz, Freeloaders and MAYZ core team.",https://topopool.com/meta/TOPO.meta.json,d4d962fc856088d3ae51239002799acdd0f7d91edc8844c650663c90d85e95a4,482
pool1nhhsh9yhlrvj9e3nce0zpx0xm2xlt6tx7gqakhr6hjc8wy84sat,,,,,,,602
pool1nhls8e9swnyshldgjknku4npreax075nw0ltrkmrarh4w3skxt9,DAN,Cardano Dan's Stake Pool,https://twitter.com/cardanodan,"High performance & low fee pool. Run by Cardano DAN, an IT pro engaged in Cardano since 2017. For questions, find Dan on twitter or at cardanodan@protonmail.com",https://raw.githubusercontent.com/cardanodan/pool/meta/d.json,396f726b0978e71dd26df1e1a492268c905727d66ee6848f8f0ac80ad4924acb,364
pool1nhlv5z2lsptzgcp9ype0mppc7zyndm66ypm4sw5hy27ewdchqx0,PPCX2,P2P & CEX,https://p2p.org,Collaboration between CEX.IO and P2P.ORG. CEX.IO is an ecosystem of products that allow customers to engage with the decentralized economy from various aspects. P2P.ORG is a validator that trusted by over 25k clients with over $3B in assets.,https://cardano.p2p.org/mainnet/ppcx2.json,be4de4365b87f20ad50ec49b5d90152559dc4932502ba30c1a824299db153466,530
pool1nj6ywxadn9uky0fj457pflc5kdq0q3hz5ke6ut3u3at4k6uucv2,,,,,https://devilsdelegate.com/ada-pool-v3.json,c833313899d0774a8458443f459b32a412153db750469fe2b79fbf2ab2ad22cc,307
pool1njhlmv87adsanft5sjuvz5a9pgyew76mxqa0w9c762af570g5ht,,,,,https://foo.bar/cardano/poolmeta.json,36ac8e8b369200345716d85ec55456214654af79d7f55f2e363847cfc8ee3bed,326
pool1njzry7kcm6p0skyqr5hkn8j454c5mjjyeavfwxxytzz5za8v6ud,,,,,https://git.io/JqIg2,a02a711415f763ae810d1c4dc532dfa81ee41cd36ee5ad9ebd164b1646034348,389
pool1nkupy99hkqqqzdsenxrgenpf05auqa45e27tzlqqya70kjwjphn,MAX1,Stake with Max,http://stakewithmax.com/,MAX1 is a secure scalable pool with part of profits going to Autism research,https://raw.githubusercontent.com/maxstakepool/m/main/m1.json,8edbd134e1ee9116b056781cd02deec33bec2cc2b0b665c57d1cbfe4ea31b4c7,389
pool1nl74emh67vuyt8cgv6gwhjnrctxgrpqlrdzznj4l3lh5j8lj3ah,KTN,KTN,https://katanapool.com,"あなたのYoroiにKatanaを添えてください。Katanaプールは「サポート、世界一」にコミット、あなたのステーキングの成功を徹底サポートします。Please add Katana (Japanese sword) to your Yoroi(Japanese armor). Katana Pool is committed to “support, No1 in the world” and will thoroughly support your staking success.",https://katanapool.com/metadata/ktn.json,c2223c574dcba8f07a196a0cd70b4a4d3992ddb3a6e1e34448301a4f5d055730,210
pool1nncdkshmqynzv3ledrlnan542qercf4h8xydjjylkg0xu62fk6y,IOG14,Input Output Global (IOHK) - 14,https://iohk.io,Our mission is to provide economic identity to the billions of people who lack it. IOHK will not use the IOHK ticker.,https://pools.iohk.io/IOG14.json,404bc8481e58ed7a826b33fc3b891de884f4700e4d95e6b3c82165d4ccc87fa6,210
pool1nnfwte5lhr8rxjye4a8m8krt5fsu6fs2g39g6ccq09nqqf8sekw,,,,,https://infinitystones.io/cardano/PoolMetadata.json,77a051abd2a015ed13d6ca5965c51461986692141f1bc9caf12d93e43cd9fb3c,211
pool1nqheyct9a0mxn80cwp9pd5guncfu3rzwqtmru0l94accz7gjcgl,CAG,Cardano AG Pool - Private,https://cardano.services,Private Stake Pool by Cardano AG,https://mainnet.pool.cardano.services/metadata.json,52ab9910bea96d6de25ab71506702c14483f548b696d601ed96f5da1407506db,633
pool1nqm7rm98j5z027kdfcf09kunacz2w672xzx2ucdxacs954r5dul,SANTO,Santo,https://santoelectronics.com/santonode,"Santo Stake Pool - 07-18-2021 - Fast, Reliable and Responsive",https://git.io/JW7b5,7296d38d3c67d769c38924679e132e7d9098e70891d7574cc5cf053574305629,512
pool1nr2pl3yqx65hq6y2r8unlnrejfkypeh84zezf44u7glcz50yzet,KHAN,Khan Pool,https://khanpool.com,Il progetto Khan Pool è in continua evoluzione.,https://khanpool.stakepool.cloud/poolmeta.json,85e0b3419b4b72a2f7b9099921c32400d1d23191920ab77535ae41766cfdc1c0,321
pool1nsaul82z7ytu73q96w2wgj8wrardmrzjkuzaankzn0xuqkj70qm,,,,,https://www.vasilstdabov.org/vasil.metadata.json,bbcfbe77bc6f45552d1b412d0952b00e5baa06ab4d119a824f714128c606fadd,625
pool1nss40t2xhh7ntgp8ca73u2xd8kzyn3dgtf9jfh0y57kxul9zt82,,,,,http://beerpool.io/poolmeta.json,bb9ca0195787da1e0b7d9a03c3c9e2cc7a2c319216ff7bb0b241c4c4976ae204,624
pool1nt2cscruqlyaweml7sffh0fqqgw9vxddceukedxkecq8wyfrha4,MGC8,Magic_8_Pool,https://magic8pool.info/,Grow your wealth through staking,https://jsonkeeper.com/b/RVLV,f23a7fb699acf54277279f910a4e22063cec53957c52db7a22a3575b949f34e7,288
pool1ntfxj2jgvhzen8e86ed679ctukar3vj538ywyyq8ryld66jj4sx,XRAY2,XRAY/Network,https://xray.app,XRAY/Network is a multi-chain ecosystem built to simplify access to crypto and decentralized finance,https://cdn.xray.app/pools_meta/xray2.json,dcacc78cad45cac17aa81f74a688ef70c267cf685950d15107663fa5ec36e6bf,637
pool1ntr0gyvdenpqm9uwwguaw028ayuuck2vx580l2r3radvg6m38pl,FAY,Cryptofay,https://cryptofay.io,"AWS hosted automated and monitored pool with best industry practices, see more at: cryptofay.io",https://raw.githubusercontent.com/cryptofay/m/master/fay.json,0ea723c60fec4961e7c6749341aaf7a43d6c9fb1ba7dd8024433cfcba1c94341,314
pool1ntwurms3f0j4kqe5wfpg9chlasylp0lmuw72m4fn66vnuyrvs8v,MANGO,MANGO FARM,https://sites.google.com/view/mango-staking-pool,Your tranquil farm place to grow your ADA at minimal cost. Supporting ADA enabled farming in the future. Leave no one behind.,https://git.io/JtyeH,391e9d730b14589e47d85449ad69f3059ac7d0c0b9b267267a1229b16bbd9c82,455
pool1nudasuv0lljpe0tswcverqvlh0v4226vgnpsuxn0e9nkvnvcvne,STI,stakit.io Pool by TOBG,https://stakit.io,"High quality Cardano stake pool, from and for the Community",https://tobg.github.io/Cardano_Pool/pool_stakit-1.json,c387d63d1ad5e378f2d287c7bf4d2272f4f675fbd87eec9dd7f31e339b0d1e16,590
pool1num5a9mvz02pncerh6d8xdcvd7474l9p44jkrwk8srzz7563yrj,,,,,https://raw.githubusercontent.com/pooloverflow/p/master/m.json,3aab8537cdbb350fb2df850ab76eaf90217c0fab36556f7abff0a15a0dbd64ba,215
pool1nusynxpeg9u8ea7s9snmc7cf25apfk0guzdu4dwxz0uwjr378xt,DAWN,Opendawn,https://opendawn.com/DAWN/,"Simple, Professional, Long-Term",http://opendawn.com/poolMetaData.json,a12d7a6ccce4233c78d04e79718543fc300994f8fde11ce99c7934d0620087b5,269
pool1nux6acnlx0du7ss9fhg2phjlaqe87l4wcurln5r6f0k8xreluez,,,,,https://staking.wira.co/assets/pool_md/1/wiraC1.json,4423e6b776559b09bd8f80d64698c35f9a07cf1a9ce442323a710815ccfa87e3,235
pool1nwt6mxqus3tpzrshky5h5kykz9rjpxmacrvw0z6yak9uk5p5045,DNEWS,DigitalAssetNews Two,https://danteachescrypto.com/cardano-staking-pool/,"The official StakePool#2 of Digital Asset News. Powered by Microsoft Azure making it Reliable, Trusted & Proven. Proceeds given every epoch to help the global unbanked through kiva.org",https://raw.githubusercontent.com/digitalassetnews/_/main/2.json,387b652d7ae03aed74284fad27a5c23471f7f671feb9508e6cc46a71b190f537,277
pool1nydxffhrmpn0ft6wpg4l6cwp2jr2glxvx5hxr69xknl0s5p603w,,,,,https://knockturnalley.io/cardano/poolmeta.json,679a955295c9bfd59a368702c6663a0e2f3303c29e0664333c7e621660e69fdb,383
pool1nyf8x2xrlmfqwy9shqrlx2csentnzyjmxr0r3w0ljuaqz5ek7qz,1PCT6,1 Percent Pool #6 (v3),https://www.1percentpool.eu,The 1 Percent Pool is dedicated to run stake pools with only 1% fee - ALWAYS!,https://www.1percentpool.eu/1PCT6v3.metadata.json,713c0f4f2d0f580707b9863e67a4589d5a39c69f6edb08cd0d9666848f538147,303
pool1nz9h4raywm6mu2v8l7htuaqvmn06l3mepuaxynpzlwljsf8txhy,NORTH,#5 Nordic Pool,https://nordicpool.org,"Your trusted stake pool operator, established at main-net launch. Official SundaeSwap Scooper. Stay updated, request support, and hang out with our great community at the NORTH Telegram group.",https://bit.ly/nordicpool5,16064dc57baacab994d0efe39fd87b418e4e695098141d75b0c350edb58da522,592
pool1nzsjg3cuam3uj39qusn44cs2uj7h30lppqsrqsllwxs2c8fx4xs,,,,,https://thebiscuitjesus.github.io/md.json,8c0e634d6e803cfdc11f3abb46fe91cc376925dc87d2e06465e116a52e7c4066,479
pool1nzws82fwk9wcvjgqf2wvq4v2ay929tpspy677xa9z82lquhhazn,,,,,https://anonstake.com/poolMetadata.json,2e17cc3633ef2d9efb2a1b38591485494548e1cb393f45a9c4836790f5ad4772,258
pool1p0wrhcvusryxv3nw2a77arezpf5qdadpt6fxprsf3ph9s3k7qq6,PRFLA,Profila,https://profila.com/,"Profila – The world's first Web3 Personal Data platform. On Cardano. During our Blitz ISPO, 15 million ZEKE will be allocated via our own pool (with additional rewards) and partner SPOs. Join the ISPO now and fuel the future of this project!",https://bit.ly/4dxqzGC,6607a263114712c2270b955011bb999750dc8bbf9e11e067e961734cac13017e,485
pool1p0yjehcxtkd84d9fsj3jy7gl9rvvrg5v8q73we2dz0yzxmgx4dv,,,,,https://s.austinthiel.com/poolMetaData.json,37a172905d0a029f17195daba09a266fdb84eb2ee5a4a16426a9083dfbcb1ae9,425
pool1p289t8je3ctxklh4ka487cxcrl8yyxzjexgeyyyqkqn0x3yuhus,ZOO,ADAZOO,https://adazoo.com,The Official ADAZOO Stakepool. Delegators support the project!,https://adazoo.com/adazoopool.metadata.json,50d799d33b8fd324b61cf5ff807c4f402773ab94684d4b21d44b1c736f6f67b1,286
pool1p2aax6cfztk6cc02cfhg0pa7432em8a59wdyjatxcd997n7knjs,,,,,http://38.242.217.245/metadata.json,274be9db035e462bf4bf49ff376bcffd5a51825f13b6600e7ce7443da8fe65b0,369
pool1p2ldp00jsl5l9xpg9m77zavhqmw7amtg5nlf0jwudlu2zaq389s,WOLV,WolverinePool,https://wolverinestakepool.com,Focusing on reliability and security to support the Cardano ecosystem and decentralization.,https://wolverinestakepool.com/pool_meta.json,9c7703b8ce003763107051a5194b61baa65682b92e75c1c7109ea3f65fc7cbec,589
pool1p2wmgvnvxvwyxhy7h6guzjesqwp3ku8t5kskcul69n2k7n7gyk2,,,,,https://cardinos.io/static/poolMetaData.json,96fd090a4259db20654e3547d2cc9599992397055cf9c61a7c6b2a99125c7bd5,369
pool1p2xlupmtnsc640q6efjre9rk0fjlfn0srgh7f735qx0r5kznfrl,AUDIT,Smart Contract Audit Token,https://www.scatdao.com/,Official single stake pool for Smart Contract Audit Token (SCATDAO) ISPO.,https://audit-pool.s3.us-west-1.amazonaws.com/metadata.json,8423334714bae2f9ed4dffc1dbcabd319226723d08e637139e2ae50fce51a58c,350
pool1p3chxyfv5cfk95hwq5zqjuljrpyk3uk5ua5alpn8rjgkkvvy8ne,IAMX,IAMX - OWN YOUR IDENTITY Pool,https://iamx.id/,IAMX | It‘s a human right to have an identity (UNITED NATIONS ART. 8 UNCRC),https://iamx.id/iamx.json,ae3900e2d15ac955c15ce425fee96a2e90195cb5c361f7bcaea4011236ef2dc2,309
pool1p42f6kw9lkgw5tn77kqyrc22zrs4uq298p468gacwzw6gq0ckq2,WISE,WISE-POOL,https://wise-pool.eu,"Cardano stake pool, supporting decentralization, charity and contributing to the amazing project!",https://wise-pool.eu/poolMetaData.json,267a34a0a0849c5519b33b41004c976f36ec64280a2aec18fd164822d1c12e82,575
pool1p555cu7d33j4356yz4wr5k5nvw4pshkjtg28z7cky9y7qf9h309,MANT,MANTIS 1PERCENT THREE,https://mantispool.net,This pool will be retired. Please delegate to other MANTIS 1PERCENT pools.,https://mantispool.net/poolmeta3.json,5f2a612788b4ffb6c18131f61f00b36f98a6ecde17ad5d5a6b46574a4aded3a5,263
pool1p5ja48uqc7pjnuqvwu7cgmspvx938qpnf4zqm0x2k0ngkh4lkjx,SIPO3,SITION POOL3,https://sipo.tokyo,SITION STAKE POOL for the future.　ミライのためのカルダノステークプール,https://sipo.tokyo/pool/sipo3/poolmeta.json,a536fc33e54c801be2165bc4763f8622e6f399d14bbed5abf8d693887131e6f0,643
pool1p627hhec2ha6wu6ql377c3hv4mjd26w7ll0xyw2ezgnu6nyl0a4,PMW,PMWare_Pool,https://www.pmware.ca/,PMWare pool for the masses,https://raw.githubusercontent.com/PeteMiller/a/b/pmwpool.json,cb5b4c589df2cd205c5f43c53841089c20a64ba4ef307a72bb599925d51e88eb,448
pool1p6x3d9ztfeljqcww8zdt9crdtsvsqszdhf56qwvg32elsy8e38v,,,,,https://poolg.de/p2.json,ba2e675f2180066bf69841993a98502ced535d447cfe082027a8e3aca358d4ec,376
pool1p8fhygz7ga9hghhwmkr64p3ftn77lxu9nyddvsqszattcdyajc0,SUNNY,Sunshine Stake Pool #2,https://sunnyada.io,Committed to peak performance at the most competitive rates since January of 2020!,https://metadata.sunshinestakepool.com/ssp2Metadata.json,ba8ea757ccc5338a08b987f538874261c00ece8515277266b9f0f7d26c53d987,488
pool1p9sda64t6l9802tsu2fj6phvt9xfqgcpjucyr3kek8wzurmn8rz,K8S,K8S Staking Pool,https://k8s-pool.subnet.dev,Pool based on a high availability Kubernetes cluster managed and hosted in Switzerland.,https://k8s-pool.subnet.dev/pool-metadata/pool.json,0368aa856fb7dee995237cc69fd680e421bade4cafe147e79082d02e8c56d582,580
pool1p9sjhjx0v3k76wvgdqu7jcks2ra48wqlhc6g0mkewd25k3zcymy,WA2,Watashitachi2,https://staking.cardanofun.com/,和たしたち株式会社「代表取締役：内野 雄太」ビジョン：信頼のおける伴侶、家族と一緒に、一生涯、仲睦まじく、健康で、笑顔で、幸せに暮らしながら、その輪を、日本、世界、地球へと広げていきたい。,https://staking.cardanofun.com/fun1.json,db2709412d03481f6df4363ff113875bf2741c2a53567221729b3e7658dc80a6,490
pool1pclcqwg45da00d4py9qfry3k86w7vkzjgfmvyrpx75g7u8t9nwf,OZZY,Ozzy pool,http://ozzy-pool.com/,A Cardano ADA stakepool by the Osborne family,https://git.io/JYFzt,dfcd3759039d6da1dda85880a942a825061285a67bf5af42ecfb41ee2ac3b6ea,548
pool1pdsnzs8aft7hfq3xcmvgltt9vmncwsvsw955p29nra8g5hves4x,GINO,Cargino Stake Pool,https://cardino-ada.netlify.app,The Cargino Stake Pool keeeps providing 24/7/365 availability for the support of Cardano Ada network and stable profits for my delegators. Blockproducer&Relay Nodes are on a separately virtualized server configured in a different cloud data center.,https://udknow.github.io/gino_extend/pool_MetaData.json,9007a4bfc99d9bdc273bb37e6d2b88136344dbdce37c7183de53adb5c6c765ce,342
pool1pemnlylem2e94xguhd3fytj90848kpv4agvr6rthx2tp58z79ek,ACL,A CardanoLand pool ACL,https://cardanoland.com,Your Trust is our Motivation - A CardanoLand [ACL],https://raw.githubusercontent.com/SViksha/A/master/ACL3.json,a4c8c1dc28f2ce2db1cf8b238da5c9979796fd8f1fa4c78b2c89a97c140a0861,242
pool1pf38y47whkqua0pkd7redeh6nhlvff6kckx8x9hxzlx8yakmruz,,,,,https://epycpool.com//epycpool.json,c328c5b2c9124940607e44c448f8e22dbb6b6facd7036590ad4211857049a304,302
pool1pf6yhzdr9vpct5rc3dtwersl4lyuglp80l4jc67kf2qj29xjg2u,TAVN,TAVN Viet Nam Stake Pool,https://adavn.com,"A low-fee, highly secure and reliable stake pool run by DevOps Engineer and ThuanCapital",https://adavn.com/tavn.json,eff14576542cd8a17b98a5052c6819d3dcca16479146e579acc9d8c7e4a28e2d,636
pool1pfdd8d8n7jx0xnk4uev3x36se87c747w6l2d5x7fanh5w9evhw2,BRAVO,Bravo pool Two,https://bravostakepool.nl,"Bravo pool, located in the Netherlands. Making Cardano the best cryptocurrency of the world",https://bravostakepool.nl/poolMetaData2.json,92509695a17d2d168f8eb57efb70c60f8c3ef74532673b525bf5b2e32e22a1bb,407
pool1pfprlfz0ywcnewjegazz05ghgcfkvu40v6edsz6yn8w362sdjr8,ADI,Cardanesia,https://cardanesia.com/,A secure reliable Indonesian-based Cardano stake pool. Visit us on Telegram: https://t.me/cardanesian,https://fuadiansyah.github.io/cardanesia/meta.json,caae74d46df8c0183d1db2ee8cbcae8fa99efa54d0f514bce411b10fda909b22,529
pool1pg2k7lp6w68vlvdycug2ycu3mkrt0z4ftxay4g8zchj87mw6ug8,VJRAS,Love_over_Gold,http://75.119.134.23/index.html,247 Uptime,https://raw.githubusercontent.com/VJRAS/v/main/poolmeta.json,f56dab21c341269b6930858223b683f09895e0ab585b744f6c4e5e384da18a2e,307
pool1pgdw8zfuwjkqhkl5fycfkdplkwqkmwvx7gsr2rkvvpnf23wwg8r,,,,,https://stakecardano.eu/poolmeta.json,a86208313b7dddc867c37e95bc91326dcca6f15392da9437835c80961861f226,239
pool1pgjmfyr8uj8794w38xjyyu5sq797wef068eu3elcqaa6s75s432,,,,,https://vulcanstakepool.com/metadata.json,053c366359938df98469008220790d0f4b5a58ddb04874eb457c97eb5e32465c,261
pool1pgnhp0rwruxw8mz7z2k5273dyqn4aqpujmd6lqgf3dt5z333a9w,TOBG,TOBG Community Pool,https://www.tobg.com.de/crypto/cardano/,Staking Pool of the TOBG Community,https://data.pooltool.io/md/0f88e2a3-2841-4091-8808-0180a6fc76e8,f1c1e4eb7b596fffd3e93d88f4361aba77ca62542f1c50f369626c09684acc28,212
pool1pgx683rwwxe2g8j7kdufmaz075fd4gvsj8c7cuwjwa6ecm7nnm2,NOUT,Mr. Nout,www.mrnout-stakepool.com,Mr. Nout es un cyberpunk que cree en la visión de Cardano. (Mr. Nout is a cyberpunk who believes in Cardano's vision),https://raw.githubusercontent.com/MrNout/m/main/p.json,5bb51996c33ac85696ca59068d318fb039ff99a2f28d39976754f8b32bd48cd8,287
pool1pgxhjjyxs7mcyzu09w2ghnpaed4t28d3thfmrqp7mtwh78rn9jn,,,,,http://adanetworks.xyz/pools/bear0,1d5a285eb7543e4797f8231d18e8ebdf9bd5e1b420ad94ff08021a1a88dee96a,244
pool1phc0dedrry2jp2s2tqngcw87vzx3mychvm7qqe3470etzsf3ph7,BROCK,BROCK Pool,https://brockpool.carrd.co/,"Improving the user experience on Cardano. CIP contributor, Mithril signer, Iagon storage & compute provider, Multi-Dex batcher/order router, Dev advisor for marketplaces & minting platforms, UX/UI advisor for wallets & dApps.",https://tinyurl.com/29ez6yf6,a36a183e3b8ca6cea4e894c5e1c9c97bbc61c2c11bdb180c1d040657910908d8,512
pool1phdz6sn3xs9fyytvhqpjc945jytmya6j4v8l3v7ksyczzdplawf,DINGO,Stake Dingo,https://www.stakedingo.com,1% for the Planet,https://raw.githubusercontent.com/adosiawolf/m/master/d.json,6aaad30a49e9fe8eee5c531dfdd41b6ebd27b385044e84c7cdbc0f94ceab0960,267
pool1pk7cjkcdsawxf25dwml0ely8vhjx7wp7nqans3jwatanceyqae0,RIOT,RIOT,https://t.ly/ydg4R,"OG stake pool, bare metal servers operating without downtimes since 1st mainnet epoch",https://tinyurl.com/poolmeta,06071959f44a79f26b8274d3db676f645e1b0248a46ce5767192b0558bc2c9a0,594
pool1pk8mzy6c7ef6m3qxc9gg6flec96pcn4sdd6maakkweyf5whuuu7,,,,,https://gitlab.com/aleksandardjuric/cc/-/raw/main/metadata.json,b3807d0059ddab3a1aa10fe2d92f4785b804f8924620ba29f002d6adb7b7807c,355
pool1pmeetaqhlsdc5yj8snp8j46hprs9mzghxcl63vch95trz3xwpln,,,,,https://encoins.io/poolMetaData.json,df86455866a90d95e9064b47d00f1df61abac4580839b68f506ffe8b0126ac88,387
pool1pmm654jfx088td54ekkkd0j28x6r5gnjdhnutzggursrxjnpk2y,EMUR4,EMURGO 4,https://www.emurgo.io/,EMURGO Cardano pool,https://emurgo.github.io/cardano-pool-metadata/EMUR4.json,83d6fb1f8490a572ef7e08cb64bc0fbd380515d08f8624670546aedc9c322594,609
pool1pmrgd8snhv0nnj97xcg70nqqhg0v9g3d0e93jl8vn23wxtsxz53,CALM,CALM,https://www.stakecool.io,Stake with CALM,https://www.stakecool.io/pools/calm-013.metadata.json,32a7a8a4553b4f6eda409c7f460179d59fd6e7ce0dd5a5d0404002667dad2886,629
pool1pn36hexudnjg6uwvxc5tld3ay2g6ty99ardzhn7crhkhzshjpte,YKSB,YakisobaPool,https://twitter.com/RootYakisoba,目指せ！焼きそばの支払いにADAが使える時代を,https://tinyurl.com/bdfkf3m8,39446aab9520f61d03bf3a097e4bb03f258d76e5cae08a342f7a2c2bb64dae84,545
pool1pnzwgsgzd6t4788sfr7dxjyusepyq9xaxnpyfcngewqf29t9ayd,PHRCK,Staking Rocks!,https://staking.rocks,"High-yield, multi-token rewards stake pool on secure and reliable tech infrastructure.",https://staking.rocks/pool-meta-v3.json,5d40a600cf1b06a3cf8d9fad611b2c1e757c1a6a69666ff33dda4b9ed2386a80,633
pool1pp7tn2w6ken4rpfcjwcdup3g4m5gcdhc9lgvrm3mnxz5stmrhq2,CROW,Crowdano Stakepool,https://crowdano.com,The official Crypto Crow Cardano stake pool,https://crowdano.com/poolmeta.json,ef279b151b74708b6c732870c80e566fa6c3ce79472b5b694ce1b2ad472ff4bb,633
pool1ppqdq5yfkkllrcj0u47pakg9e4ha568pz3a9kkrr6w2kyw8gxv7,COOL3,COOL3,https://www.stakecool.io,Let's stake COOL!,https://www.stakecool.io/pools/cool3-013.metadata.json,df38ac4a4ab039870580fcd3e49c3f4f6d48de0e0992c53bf802e420848511b7,629
pool1ppznyu6qrvlw9uuqa3tslryjd40nh56jyvmaqw6kdf4kzq3y8kh,DIGI3,Digital Fortress,https://digi.pro,A bare-metal stake pool established December 2019,https://digi.pro/metadata/mainnet/digi3.json,e50071ab5892e54552b1173baede6b6dd2f8f4426ac9ea97f7f92cb65c170d75,641
pool1pqm2cev326p2mrruzw9xru65uvt3r7f0rdf5gtx54zdskxqhmur,RSNG,Infinity Rising 2,https://infinityrising.com,"Infinity Rising is a AAA sandbox MMO blending exploration, racing, crafting, building, farming, mining, fishing, PvP, and questing in one connected world which leverages blockchain to ensure true player ownership of in-game assets.",https://link.infinityrising.com/rsng-stake-pool,afd1cc9adcc4068e81ad78a3023d728c11035b64dc215ea653d940299d810966,606
pool1prc9hna2mgamtspchrygc66s9n4tlkvh39e3t9zccef4kzc3ns2,TERM,Terminada,https://terminada.io,For your term in Ada stake with Terminada,https://terminada.io/pool-meta.json,abe1cca9c981825f37cdb02529d35b9b2e0d3365eaec8b35f29468b0fa66e997,519
pool1ps2yl6axlh5uzzst99xzkk7x0fhlmr7x033j7cmmm82x2a9n8lj,UNI1,Unipool,https://uniscroll.io,Unipool is operated and maintained by Uniscoll Corporation specializing in Web 3 development,https://tinyurl.com/mt2cfarc,7fc9e5d1b254e92c1e4a7a4547ce781e789c5721268807698e1dffdd43b62f81,424
pool1ps39v4j035ejzrga2qt56cfhjuwx38wved8rd0mujtyh6r5mt3c,RAID4,Raid Pools,https://www.raidpools.com,Dedicated Array of Cardano Pools,https://git.io/JJ28C,5bcf9c26d84a08a13e885ec3ebe1f614367a97d39f5498cf15540712f177dadc,331
pool1ps3quyamsmn5cvp403tgjzgpfwha5u4dr2zc3wtts5kgqc078se,YETI,Yeti-Pool,https://yeti1t3y.github.io/,A low energy consumption Raspberry pi stake pool!,https://yeti1t3y.github.io/PoolMetaData.json,e897b57da684ff77627559f44d2950a86f18895bce8c25ecfb698d19521e74b5,254
pool1pshqcksxywy68lt04lw6uf35f4yssekh5dx2mxqmyrukke2z5y3,ACL,A CardanoLand pool ACL,https://cardanoland.com,Your Trust is our Motivation - A CardanoLand [ACL],https://raw.githubusercontent.com/SViksha/A/master/ACL.json,b6a8228944c1c66bc8ef4fcdff9e6f67acecc655ba44e8630acd758c6faeae0c,210
pool1psk0c2p7pwactw00nkzjexdw0msn7g8nddc06eyvds6yswr3tjg,ITC2,Into the Cryptoverse #2,https://www.youtube.com/channel/UCRvqjQPSeaWn-uEx-w0XOIg,The official Stake Pool #2 of Into the Cryptoverse. I create video analysis publicly available via my Youtube channel and exclusive Premium content for a list of enthusiasts and market participants,https://raw.githubusercontent.com/itcpool/meta/main/itc2.json,39371c6e9a6d4dd6a056f490d7c5a5588e030f623614f342363c6a5a93c59392,613
pool1psr42v6rvv3raeqsg9ru2zy5dp4cchlde8hw9xthrpstx5wz7wk,,,,,https://raw.githubusercontent.com/politikoz/p/master/p.json,e10259b5f55840914b94962b2fbd27a88d0a9a6a36537092a9e385fc60696360,588
pool1ptzt9j6y4jefzkq4vj3z7wa4h492ktlkecggseqvc8f060xuved,,,,,http://www.deni64k.online/cardano-pool-metadata.json,4b699ac505fa1a8510a7c3924a26082f2739ecbc68a190f7c2afaa4e455b8c8e,609
pool1pu49urd00qf9zzeghrks03tvszzvrdzecw649ag5dwd07snx69n,SWING,Ada Swing,https://ada-swing.net,High availability stake pool for the Cardano network. Stake with us and support strugging live musicians during COVID19 shutdown.,https://ada-swing.net/metadata.json,7008920ee0f8586e4407722462f62a93bafbe0f243ce2dcad5afb48ebe4e9645,254
pool1pu5jlj4q9w9jlxeu370a3c9myx47md5j5m2str0naunn2q3lkdy,NUTS,StakeNuts,https://stakenuts.com/,StakeNuts.com,https://stakenuts.com/mainnet.json,47c0c68cb57f4a5b4a87bad896fc274678e7aea98e200fa14a1cb40c0cab1d8c,411
pool1pup39uk3d9hl8vg3v0evn3hxkxygkas0asekng7x9cpx5f2r6d6,,,,,https://linkberry.info/md.json,a38f993b92ea948395b61b7dfbf7f6a21144dcdbcc1f4b256a7c683ed6cb78b3,606
pool1pvu2zdexh8wr4ggmuz90jvqrua6an43qj9m9urs785p8kwjzqwl,KTN3,KTN3,https://katanapool.com,"3本目のKatana。あなたのYoroiにKatanaを添えてください。Katanaプールは「サポート、世界一」にコミット、あなたのステーキングの成功を徹底サポートします。Please add Katana (Japanese sword) to your Yoroi(Japanese armor). Katana Pool is committed to “support, No1 in the world” .",https://katanapool.com/metadata/ktn3.json,e1c162ef2bea00fbc71d82573151ba18213262caf8455f96e6ae22d8d4f64280,210
pool1pxw4z2m0lmw422hr32dwyy3uz9436g8p7qdmg2sl2w0m5pyk3yn,STOIC,Stoic Pool,https://stoicpool.com,Stoic Pool - Vice & Virtue,https://stoicpool.com/poolmeta.json,fac13e2bd29378bdca74103ea33e7867a3171eae93dd6847d89f72e6ebc6b2ae,424
pool1py2uxkvuj926h42s40wxl26dh0ggaq882v4m0hkd99m86vzmwnz,EARTH,EARTH,https://www.adainground.com,ADA Inground Staking Pool,https://www.adainground.com/EARTH.json,0bbae0287d0ee96cc63b07cc18d25483d9010282ac726c35f450ea8622036e87,468
pool1pzcv2snyufcnjvd6nhnn069ujxyagh4lvzvrewxu0c6hxdnw7yl,8BLOX,8BLOX,https://twitter.com/scannerdarkly11,8BLOX a member of the 8B staking group,https://bit.ly/8BLOX_03,794c0e27f3a63fb22fbc238a0297bc7dd8b162432b72f9b7b39b9e2ee4818148,388
pool1pzkgztz8y8tgd9tpfu7umep97x7m0c5ck0dpn2vqtf202fyhfv5,,,,,https://stake.army/meta.json,1ae2d64f590c485da6db76c77d30fe4b1dcb0266355470c7c1c81753753992e2,365
pool1pzqdfptvl5f8vh28az37jag2wkfmqz9x8d6eufl8y0z9q34hlr7,VICE,VICE 💚 CardanoWall.com,https://vicepool.com,"Delegate to this pool to support CardanoWall.com, ADAPlus.io, PoolMarket.io, PoolBoost.io projects development.",https://vicepool.com/poolMetaData.json,69d1e3edbcd0d859c7bbdc34a2bf99199ecf5262bf5eb0cd79c6d7096b4966d4,611
pool1q0a7a94cfk4ph7gugj636tsuhhd98l2sfjv2adhaff2mvs7kmtl,NUFI8,Nu.Fi & AdaLite 8,https://nu.fi,Nu.Fi & AdaLite 8,https://pools-meta.nu.fi/cardano/NUFI8-metadata.json,80e30eb10378e3f6578aa8ba242c4d2fa9176e577b6d3d46b3adcfc41ecbe8dc,382
pool1q0jmr57udknpq8k5qtgt5vgdjq9pzrzevf68966wxn8zgz7qy3w,EPOCH,EPOCH Stake Pool,https://EpochStakePool.com/,"Cardano Stake Pool maintained by a team of industry professionals who share a long term vision to provide high quality blockchain education and technology solutions. Follow our work, @EpochPool on Twitter.",https://epochstakepool.com/pools/epoch,60595f97cc963c19edac942b6c5bada65311e68577cc5855a2366d9b5ac0927a,600
pool1q0memmdw4ktr88fkma53tqgkaqeq3wfc476le59rped4cu8tn4h,JOEY,Joey Stake Pool,https://joeystakepool.com/,"Come make blocks with JOEY! Earning passive $ADA rewards with us is safe, easy, & secure. Help decentralize the Cardano Network with JOEY Stake Pool.",https://joeystakepool.com/meta/joey-meta-2021.json,50d6a679a5eec06a3d68f43c4e0f5449b58290aa065776242c19bfc16da2e174,288
pool1q2df2q5mra65jwt7uy7ll8yt25dvnvh43zm2e20w0gxtxh896gt,,,,,https://nobullshit.io/metadata.json,bb61a336740a5a83ca834a6057688b50db54f8bf9604e4099e90e109ddd24479,213
pool1q2fh3cl6rx0wv5gry4qx5l4h65qpjf7x99xmq66nqj2fj5g6u9z,ASTCH,AssurancePool,http://pool.astch.com,Assurance Tech Pool,https://raw.githubusercontent.com/gusosborne/cnode/main/pm.json,7f7369b0108114790111294b0239da7bb4661e69d05d2f3d2c551491b66b756d,549
pool1q3xdrewrldt06rpjx6pzguzm847ujxnmajxrsr7dsthscz4htlv,MICRO,MICRO Staking Pool,https://www.microstakepool.com,ADA staking pool,https://micro86.github.io/MICROpool/micro.metadata.json,56d489259dd8c7bd49087d44fbfa2fbd35b559ff247a93271d29894389a503b5,230
pool1q5sspejl875flc0z6wh9y9zxkgqnk0y3aaw8jc0pkxs6cpavm4q,ONYX,ONYX Stake Pool #4,https://onyxstakepool.com,Welcome to the world of the ONYX stake pools!,https://onyxstakepool.com/SMN-ONYX4.json,4cce9102221e8e4e8dfe3fe267e38433bc752d2f1e8fdabc37ef541fbf7091f6,629
pool1q5za50d3sr707xkmjtyrs0v76ezxyj8g8uhggfk0wfl77aufd9k,,,,,https://www.summitpool.io/poolMetaData.json,5c568961a1445220a73e1c155381585f097549637e5b6cdce7c70b7c58197c40,411
pool1q66d2n39uvln4hazyzv8fyq977mpqus78sjd2369qfn7cptdeyh,KTN2,KTN2,https://katanapool.com,"2本目のKatana。あなたのYoroiにKatanaを添えてください。Katanaプールは「サポート、世界一」にコミット、あなたのステーキングの成功を徹底サポートします。Please add Katana (Japanese sword) to your Yoroi(Japanese armor). Katana Pool is committed to “support, No1 in the world” .",https://katanapool.com/metadata/ktn2.json,12b513ff63f56d8355d39f5ba37e08f6e35220e8c81785bfb9c353519e49d9ca,210
pool1q6lzp5x6tqg04chsxakupgq6x829nsx2dk5w8h043fnajm8d3uj,ADAIM,ADAImpulse,https://impulse.expert,ADA Impulse pool is now open with 0% fee & low saturation! Delegate and earn!,https://impulse.expert/metadata/poolmeta.json,af5e35f4224c5c91276d4c1ffd04b2f5f7a8b25610cc50d8f1d3f54c94cfbe19,493
pool1q78mtn420rhjjwghfmlwuyasj3eq655nhhq3sxkyh3w77dj8zy8,ZERO,Zero Staking Pool,https://twitter.com/pool_zero,Minimum Fees. Maximum Rewards.,https://raw.githubusercontent.com/Zero-Staking-Pool/p/m/d.json,6ee941c56804f09d4c0b6abdce0d4e59b720c4e9f39a2ce5457fbd64e6d5b43c,306
pool1q7ukp0ajfusagaqy8arsxnkk97yl3tqa8aal3sts5tw8kuq4jlw,PDX,StumptownADApool,https://stumptownadapool.xyz,US Based Cardano Pool For All ADA Believers,https://data.pooltool.io/md/ed943380-c4d5-4bba-8cf9-ff773367a06a,08360c151994a52bdec2c0cf6efb9bb28348634b6253d580fc567f9cfbadb2f6,253
pool1q7wrwstqkzhrffdzpw8ftfd4epmxywdjnp8384atjcnezchv242,SPEC,Spectrum Pool,https://spectrum-pool.evolute.software,"Foster Diversity, Build Chances, Proliferate Decentralization!",https://spectrum-pool-static.evolute.software/pool/spec.json,bff7d12314e4863a76e72f70c5806e001a73f4e6f1dd786b53f4e49e7c721075,580
pool1q80jjs53w0fx836n8g38gtdwr8ck5zre3da90peuxn84sj3cu0r,000,Switzerland Investment,https://ispool.live,Swiss IT security pros running dedicated servers on 100% green wind/hydro energy. スイス在住のITセキュリティ専門家3名が運営。100%グリーンエネルギー。ご支援ありがとうございます！,https://ispool.live/poolMetaData.json,7c7e95ecf8deadc13c729dbe968377627fccb0611b8df10cf4b0fc12bb83333b,617
pool1q8a7ym63gurl72wr32je0tv0lp4p2uh8vzzc6rn6un7ryslvqmu,LSSP,LoneStar Staking Pool,https://LoneStarStaking.net,Staking Pool in the Lone Star State,https://uptime.live/cardano/pools/LSSP-m1779196089-ze7e.json,c2dea12a9fe614a194fc040380afd46605acfc1f3cfc674588d21f0046bfe528,634
pool1q9049mstrv5czwyylpf3xen08pmvsfsgtru4wf3zvc9uxat2sm0,SNEK,Snek,https://www.snek.com/,Official Snek Stake Pool,http://bit.ly/3qsr3Ka,204b2aa951146f1cfbf143a18ff1070452f8ee345bef4a65db99930c4e17435e,604
pool1q9kwa675j2z53jecrs6pn3fqsc9ypxrsypu5dgu6hammqkagy22,TIGER,TIGER team,https://t.me/TIGERpool,Invest like a TIGER,https://git.io/JB6LI,9c183a6b3e1efd3d016da95e871899e4f0c22668b7097bb7769544561d07fe40,538
pool1qa2h3hha0m5he0429ym7tqvsn89nsddvn7wgkx3v8g6hsstdzc0,SNSKY,Summer Night SKY pool,https://sanskys.github.io/,Our mission is to create usefull content for the Cardano Community,https://git.io/JYoi3,36f23b437e311031708536d36b920f952b296bc6f6d47f92cf0c9b349709b636,437
pool1qa6lqyu67ghpa0evxfu9nzqkj3h82qpfku82ec79zdwru4pd25m,CNODE,Cardanode: 0.00% Fee & 100% Rewards Guaranteed,https://www.cardanode.io,Maximize rewards with 0.00% fee and our 100% rewards guarantee. Our servers are monitored 24/7 with redundant connections and live backups. We're a dedicated team that's here to stay.,https://www.cardanode.io/poolMetaDataCNODE.json,b915dc1c6543acb6984cb744b9aef5add16b4b362ec99acc2daa1a8a19dd3270,381
pool1qadgwr92pgx0yz3u9n63f0s9ugryaud6wxers850z6sfu06y3rg,VITAL,Responsible Staking,https://responsible-staking.at,Private stakepool,https://responsible-staking.at/pool/metadata-v5.json,567beffaab9b16b80596c0afa161814958c6bab023b0319df3b334b45ea02c85,525
pool1qakys0fxx5p2fxcnsc2tyjpqa88q7qgtdh5t3a32hplv6fg25r9,DAPP,Dapp Central Stake Pool,https://www.dappcentral.net,"Thank you for choosing to delegate with the DAPP stake pool. We're grateful for your support and are committed to providing a reliable, secure, and decentralized platform for you to earn rewards while contributing to the maintenance of Cardano.",https://apexfusionhosting.com/dapp/poolmeta.json,c9c3df43e7f357e4c4b166a2af4b65e310538a94e6bef6e81d60b9259b4f148c,591
pool1qaxrj6n50naglqmzj5puq5sd0awgy9wnqmykpwmcah4vzhndpve,🐈NNSP,🐈Nora Neko Stake Pool🌏,https://twitter.com/7nekonymous,Welcome! We will continue to operate in a stable and sustainable manner to contribute to the decentralization and Cardano network.The system is operated on a high-security cloud server.,https://git.io/JOMMk,5d98d4042901afe8a9dd3e2216158017f2d3d5f343ada3b89ed02c783e090e2c,469
pool1qcdw8uk5d9ehldhccy926u886qhr07xa354yrkamdde0qku53nx,ARMY,Cardano Army Stakepool,https://twitter.com/CardanoArmy,Cardano Army Stakepool. Join the Crypto Revolution! Run with Military Precision by an IT Pro,https://raw.githubusercontent.com/crmy/m/m/m3.json,89d5cc2fa020fe8f0d28d9856d11720c0771fd1337427041578c2cfa4951c12a,473
pool1qcfzjvw0em6g02pwjqpnfh6260epge5ll3z37ckhcylsjuktkvp,,,,,https://git.io/JBRYj,ee5957a61ea9c3a49bf96fef1bb276c1f828ed9a1691a3900cce2973751302fd,308
pool1qdjx5xeeu6288ftmhmdr0c6mazkua7m07cydmr78ymfhz7jj7g4,1PCT,1 Percent Pool (v2),https://www.1percentpool.eu,The 1 Percent Pool is dedicated to run stake pools with only 1% fee - ALWAYS!,https://www.1percentpool.eu/1PCTv2.metadata.json,69c86ef052210407244692d106c72134ca880ac2fc0048b5cbd2128cdf5689bc,357
pool1qfxukshs4fkcrflzdnxa2fdza5lfvew3y6echg8ckaa4q8m5hyf,NEDS1,NEDSCAVE.IO,https://nedscave.io,advanced staking,https://nedscave.io/neds1meta.json,63282a79ba1e24666e6e8c08263e747c210da32c91630225e8b2421ba8e51c32,619
pool1qg0g6hv2e50wevkqj34g0cya4f9audctayzp8wqwhxtdjnhn3tt,,,,,https://binance-ada.s3.us-east-2.amazonaws.com/binance_11.json,0d8eea60bd5a5d84fb9113e68e22e88b7631e2f7c6fa7e0a37c29ae392ff00c3,228
pool1qgmwcxs8d8qmr0vtvsqd9u8gugrventh5dcqukmu79e2sgfuu8t,CLAY,CLAY,https://www.claynation.io/stake,"The stakepool of renowned CNFT project Clay Nation. Making art, pushing NFT boundaries and supporting decentralisation.",http://213.136.72.150/claymeta.json,596603d63e31c1209ce1a1032480c5d7c25c51e08f2d3b9525f6f9decfaec7b9,448
pool1qhs3cf9ymc2nvmrd2j8cs36cj9jdqgnqk6s9ngyvy2lz5s8rak8,PANL,PANL Stake Pool,https://www.panl.org,Proudly contributing to the longevity of the Cardano network through reliable node operation,https://metadata.panl.org,4244acd898c0bf5289763585b74382ad4d5cfb754f4a9a5fffa73ad3d296c7af,460
pool1qkd5y9azf2xx0gmrj68lrkcn59ldjmnpzd3y2rq3tvjp2vqljan,AMOON,ADA Moon Stake Pool,https://adamoon.net,"High Performance, Secure and Cloud hosted pool. Let's together send, ADA TO THE MOON!",https://adamoon.net/poolmeta.json,991ba417466c88d69c2760f6a60564a26c8128106cd7602eae204aedbc540779,275
pool1qku2yhky7sv4dfjfv42uyvauhehuqevk25aw952d7ulzqzx3jcu,ASPEN,Aspen Pool by Woodland Pools,https://www.woodlandpools.net/,A Cardano Stake Pool by Woodland Pools.,https://www.woodlandpools.net/aspen-metadata20230716.json,9e7642f784820594c110da6700c754640eacf40d585ccf23b2f2770819c77201,591
pool1qlpen2kkw8yc0pjyjjcg4zlswhrahf73f99y3ae85kjy6leqk7l,FOFA,FOFA Stake Pool,https://www.youtube.com/c/augustobackes,A stake pool das fofas,https://univocity.github.io/shopify/fofaPool.json,ff869e9900071b28c077d67ca58d2da1d8ae55c5ccb27c00ac4867019841e837,422
pool1qlxxw3zlgx0kgv2cel0n6z3a6yjs0w8grwtp5xwna8fm2g5tsda,,,,,https://bit.ly/2L5VbGW,7a3c122269d106bc036c31bb71411205d4b598144b9bbce5ca1540385d0c3199,360
pool1qn2ttstgt94fuqp5wev9ja6cr7k3q29r9v65fgdtp5jtk0uxs37,PANDA,P₳ND₳ Pool,https://pandapool.carrd.co/,P₳ND₳ is hungry to help Cardano grow like Bamboo!,https://tinyurl.com/pandapool,5a4d289eec4ae1a9f1fd6ccd35a9ba85713ee813f291c7ed1325c18c541fd476,219
pool1qnrqc7zpwye2r9wtkayh2dryvfqs7unp99f2039duljrsaffq5c,NUFI,Nu.Fi & AdaLite,https://nu.fi,Nu.Fi & AdaLite,https://pools-meta.nu.fi/cardano/NUFI-metadata.json,a0a142c2a2c795d6bc872ac91e38de3fdd38b0fa5aa7449980ea2972e3c3f1f3,382
pool1qp7ge7rwk8ht63v8z6vkyw3g8em5qr5k0z0l6ta8mxjtzx4dzy8,EVE01,everwin01,https://ever-peace.blogspot.com/2021/03/welcome-to-my-blog.html,Enjoy with us!,https://git.io/Jmeqm,440e4ba5705b7aaab49c878ba009f7606c764b8fa0700a8396ab59bfca7d57aa,357
pool1qprj52nh0j32p5vq290rludcfz58kujyszt5ztfvj2ymx43649f,,,,,https://bit.ly/2NWMAYl,2e9edb41b093d380847de38100e9d949bf9db9fb336fca50f99dbc3fb9037ae3,357
pool1qpuzf5kcxrmuf6qg2nnu9cs7hj2d6ke3fwz58l7rlefcy50caaa,ANFRA,"ANFRA, The antifragile Pool",https://anfra.io,The antifragile staking pool,https://www.2072productions.com/doc/poolMetaData.json,196b26ab292429ab85470da0fd82f3c7453bd921f5a2e294af8b8f1a3fad9e1e,433
pool1qq2vm2xpcj9kf42z4cnw3djancv48sx42chwvgxkjq85ceu8k0x,CROWN,CROWN Stake Pool,https://www.crownstakepool.com/,"Cardano Staking Service - Backup Block Producer, Monitoring and Alerts",https://raw.githubusercontent.com/Venox20/c1/main/c1.json,eb63f011f0d7521dc7b06277edcd77f616e4a162f6509cdb18f50b9820900585,380
pool1qq76dtlr0m9g6xlvngzq550j86cgtslphyjffz3pgpn7wazatdc,ATM,ATM Stake Pool,https://atmpool.io/,"SPO since Shelley lauch. Droperator, Presenter of AdaPulse and Music NFT/FT Creator,",https://atmpool.io/ATM.json,e586daa270b40706a6fa4438ba6cc87773f1dbec4d576ca77483627068f42e86,566
pool1qqenhz258k5k9nyjull6gkzg7s4f3ae8v7qxwpegeef9v0nsy3e,CHRTY,Charity pool,https://charity-pool.ro,Earn rewards by helping others! Support children education!,https://charity-pool.ro/metadata.json,4dd942a1c157d09607aa6283b105b0d3928a05264e865f2e2ca77ccbc92029c4,448
pool1qqlf3epa7m8780p2jx5689u2ql06tw026l5377tptk2zswrc645,CPS,Create Planets Stakepool,https://createplanets.com/,CPS is a Cardano stake pool.,https://createplanets.com/CPS-meta-mn.json,42f7e026236f2783494e8e89461ac065134395d0ff772a2410fb11d7a0fe8b14,505
pool1qqmvjqwzcg3p0x89a9hd6lgwvqq8wy2w6mcx0csaxq4x6xz7qyn,,,,,https://climateactionfundgroup.com/metadata/poolmeta.json,39c716e4fc05a64bb7086d0053f1cb8926dc1f2e8a234ad95c85f7eaf2964925,481
pool1qqq0c53vaf5ju0n3fvujmyxwca0yhp65930evw9lngmr5705csz,ANP,ADA NORTH POOL,https://www.adanorthpool.com,NBX.com - Norwegian pool. Bare metal and cloud servers located in Nordics. History of ANP: https://www.youtube.com/watch?v=Nvd4utHMOes Telegram: https://t.me/adanorthpool,https://www.adanorthpool.com/ANP-meta6.json,82fee376059600ce99a8bec0674b12aa85aa3e76771f57b791f12e4ff072762e,406
pool1qqq6qpcq3tvnqzy7r03dush0qk9vrr88v85d6fj3ws9h5zj0h8w,AHL,AHLNET #2 🇸🇪,https://ahlnet.nu,!! RETIRED !! Please re-delegate to AHLNET #1,https://ahlnet.nu/pool/ahl2-meta2.json,c2a296108e3c51b857567d74047b3aa718049dbfb79886ecff6df3de1befaf18,303
pool1qqq6qqa0hpzvumv5p87ynczfmdj557xuwlc3289ke42g72z7f74,AHL,AHLNET,https://ahlnet.nu,High-availability infrastructure on powerful bare metal servers in Sweden,https://ahlnet.nu/pool/ahl-meta2.json,603ec3dd664492abe6835f471a4d8a6c63d630d2bb8e1a6886de45a23ea8f3ca,588
pool1qqq6qzgsa8n2uvy7pusk4fnxnwd8zx7xylycednw3ugmqxk9mps,,,,,https://ahlnet.nu/pool/net-meta0.json,b2380daf0bc183b2862c8f24c066a34b582ffb1051fa335df690435e819a1bbb,215
pool1qqq9tqyj69j9kygpxza3h82ynh8d0xlueucnu2yqum8nse8hj7y,SION,ANGEL stake pool #2,https://www.angelstakepool.net,"Blessed be SION, the holy mountain",https://angelstakepool.net/pool/sion.json,e127ea6380ff6f355347de2bb78353966a97bb888526477ad3c7193c047dda2c,574
pool1qqqg664ad0cd47787e9ksfnl2utwrxfdp6z9av3dq5r9k6qfurw,ANPNL,ANP NORTHERN LIGHTS,https://www.adanorthpool.com,"Norwegian pool. Relay:US,JP,GE,AU,NO HW:https://www.youtube.com/watch?v=nj117hg3HUI intro:https://www.youtube.com/watch?v=qrGaSI0XgQo",https://www.adanorthpool.com/ANPNL-meta.json,1513535f551810eea1cdd42089b84e8ae70b29975d5fd631690739daec009050,211
pool1qqqq02jxq3q9j93devp9pts90ctm8w3r0rgek97ngujpjgpw46j,ZENY,Zen ADA Holdings 😌,https://www.zenholdings.io,"Welcome to Zen ADA Holdings, where your staking rewards and state of mind are Zen.",https://raw.githubusercontent.com/adosiawolf/m/master/z.json,7bf56245b893d43db56a63748754092186d889e242171147ad45e095433ed01b,633
pool1qqqq4md2rfdt75qvh3x9cgmkrgkl74ctcj3fnxpu3ylcudl22ex,MASTR,Masterstake,https://masterstake.com,MASTR pool #1 | SundaeSwap ISO,https://raw.githubusercontent.com/Chris-Graffagnino/m/mn/m.json,b8622b04d8dc25f5b530da117e2f931517fdd0985ab4a3ac9569dc2b73ac0641,504
pool1qqqq58jy30weq2an3px3maljdmawcwh6ml4hr8m9euq9z2n7wyz,COAST,Gold Coast 🥇,https://www.goldcoaststaking.com,Make your Gold Coast dreams a reality with Gold Coast Staking - where your rewards are as good as Gold.,https://raw.githubusercontent.com/adosiawolf/m/master/g.json,a9a1fbb09eccefd9602f07393f75cc1cc78217c78c808831a083df8e92fdbbaa,633
pool1qqqqdktl6pq46td0mwut0qn30g7nlue0sete9wxl0hwsq37wrw8,STR8,Straight Pool,https://str8pool.com,"Core values: reliability, honesty and transparency. Operated by IT professional and Cardano Ambassador Chris.",https://str8pool.com/pool-meta.json,d89b59f637bbd83bd043d722a958f62e13a30d525115956899f12751bea8edd2,539
pool1qqqqpanw9zc0rzh0yp247nzf2s35uvnsm7aaesfl2nnejaev0uc,TITAN,TITANstaking,https://www.titanstaking.io,For a TITAN strong Cardano network. 💪 Join us! Telegram: https://t.me/titanstakingio,https://www.titanstaking.io/titan.metadata.211202.json,f9c306dfa99b0f93b65abb9462161f1398a4ef6ecd2303f11de0ee5a49740bda,482
pool1qqqqqdk4zhsjuxxd8jyvwncf5eucfskz0xjjj64fdmlgj735lr9,ATADA,ATADA Stakepool in Austria,https://stakepool.at,Stake safe and secure in beautiful Austria! Please join our Telegram channel https://t.me/atada_stakepool_austria,https://stakepool.at/atada.metadata3.json,4811109f4fa6e2c1e3077fde6d1aa3120cc7a9edbd11d2c07a7828e452b48803,463
pool1qqqqrmhdc59mxjygmnhrlz6x08l4w4qgs3jqd5fhps8gcghjh4t,,,,,https://2pct.com/2pctb.metadata.json,7a2f91487c88e922a12680118173503538e3bb7c44944e9a9607583aa6dd0245,222
pool1qqqqrwzy7njvjq9wph7usj5gghm3py9c97688ek8pgc7uem9cfz,FROG2,ADAfrog 2 🐸,https://adafrog.io,ADAfrog is an Adosia pool - FROG supports Adosia development efforts to tokenize on Cardano,https://raw.githubusercontent.com/adosiawolf/m/master/n2.json,842a6bfa8f5d032d36eff2b5cbb0dc61ef5aae9618de3091b9da3d88bf42209c,221
pool1qqqqvmpm9v2l0tkwx4dpzth3g85lapxjug2j6sucnphyqlt4fuu,SALUD,deepSalud Health,https://www.deepsalud.ai,Innovative stake-pool supported digital health practice rewarding patients for engaging in their care. Heal. Thrive. Earn,https://raw.githubusercontent.com/adosiawolf/m/master/s2.json,d073fba121e1dd968ad31ad52cfeba226639deb6c30802e84d56c8902a555397,633
pool1qqqqwg5y9jj6uet4amx3mkmzneaxrlhczmpz5admlvddgyhtnug,HEAL,The Heal Pool,https://thehealpool.com,Own your Health. Own your Wealth,https://raw.githubusercontent.com/adosiawolf/m/master/l4.json,29db5e455feb3b92b89ba50624549b0584e96f1cee1f8a3530e38cd2997383bc,479
pool1qqqqx69ztfvd83rtafs3mk4lwanehrglmp2vwkjpaguecs2t4c2,WOLF,AdaWolf 🐺,https://adafrog.io,Stake WOLF to support adoption on Cardano,https://raw.githubusercontent.com/adosiawolf/m/master/w3.json,38f12fe1afa189df9cd51b07e5b1665e59b07f85417e6fa58750dd577b0f0696,566
pool1qqqqz3pw0vzm8ks7ljnsfvp72pgra55q7rz378uvjjaajzrgj7m,,,,,https://2pct.com/2pcta.metadata.json,97ff1b8c02845b9f5166fa65eda8e9c53791e2db6794d63d29ad080febaba710,216
pool1qqqqzyqf8mlm70883zht60n4q6uqxg4a8x266sewv8ad2grkztl,FROG,ADAfrog 🐸,https://adafrog.io,ADAfrog is an Adosia pool - FROG supports Adosia development efforts to tokenize on Cardano,https://raw.githubusercontent.com/adosiawolf/m/master/f.json,03183430d60e3055b8d0e49a603d721b1f99b3e754b6872fa5c2aaccf00facde,478
pool1qqqqzzh4xgtq4d2d5sxzhed3yut3g33tkege0ta2gu9asw0lnwp,TERRA,TITANstaking,https://www.titanstaking.io,⚠️ TERRA will be retired soon. ⚠️ Please switch to TITAN! Telegram: https://t.me/titanstakingio,https://www.titanstaking.io/terra.metadata.200827.json,6f03cb7d89087cc6576caa2a58500e98816cd5d87c205c55604ab5e5638e1f78,216
pool1qqqrutr85x04emqsnlacgz6drtzpvp8v3kmlkw8gpnzry67qeuz,,,,,https://static.crypto2099.io/spike.metadata.json,af8219376c2ef2319b80faa7e27c35d0654d029fd02ae5a39f3aa5a18c5edfaa,211
pool1qqqyv9pn9typyqwcxqk5ewpxy5p27g5j2ms58hpp2c2kuzs5z77,ANGEL,ANGEL stake pool,https://www.angelstakepool.net,A Cardano Staking pool by ANGEL,https://angelstakepool.net/pool/angel.json,ea8a35f582533beabcc146a9fdddc71fc9f831ff9328aa67e823b84d154163f0,574
pool1qqqz9vlskay2gv3ec5pyck8c2tq9ty7dpfm60x8shvapguhcemt,,,,,https://static.crypto2099.io/buffy.metadata.json,142cc8f1cffade04e2df5a95ff5f01a521a67d7275ca5026fd7c43ff164b3bed,318
pool1qqvukkkfr3ux4qylfkrky23f6trl2l6xjluv36z90ax7gfa8yxt,STAKE,🌍 PLANETSTAKE 1,https://planetstake.com,⭐⭐⭐⭐⭐ Stakepool Service Powering Cardano since 2019,https://planetstake.s3.eu-west-2.amazonaws.com/STAKE1-005.json,e4e57dbb66ea898f1d3db2773bfed0a78f14b441903f91da54712c82edb96327,436
pool1qrcuca3cuqye7zgnzceagjzmdxmft648zk4l5jtzutr65g8j9ax,SOLAR,SolarPool,https://solarada.github.io,Distributed power stake pool project,https://solarada.github.io/pool.json,42a24951146913a0dbc5fe9703847b7871bf3403cd25cb4dbd1a3f729f7a1a04,245
pool1qs6h0y7czzt605kptmrv6cr85kxd6tajr2hs0etvxphv7tr7nqu,,,,,https://pools.emurgo.io/EMUR2.json,38ad347fe5e05eec480774b90a531215d8c7fe4d34a498584b125ec84fcf51cb,230
pool1qsxhnvr03tg6jj7cl0y74jd63n85fgejm8tlqq7ct7fexfygkye,BRNS,Bardels Pool,https://burns.bardels.me/,A pool as `Monty' would do,https://burns.bardels.me/mainpool/metadata.json,9331d01d689dde8d864111adade6f73ddb2c80aafe2f40718d77277eea8e295b,511
pool1qtrlex4p7s2uskt0p9tldz3eprda73vd5ngfh6fam4sgkpmazfx,LIT,LIT Staking,https://litstaking.com,Light up your Cardano journey with LIT Stake Pool and let's keep the flame burning bright!,https://lit-staking.s3.eu-central-1.amazonaws.com/metadata.json,92b4546addc7c8772ef5c31bac6bfa9d81f333959b036f37cfcb73759cd79640,497
pool1qtrmcca06yuu5tm9zfv6hantkm2xqhl24hnmg8knmx7pjt2cw7m,,,,,https://bakrypt.io/staticfiles/assets/libs/bak.json,b46568d0b2afccea8edac51c829be2da422d5ee992b941705bff42435cc2f2db,488
pool1qtvd8qypfyh3c5tr7vyya7kc65vz0erutstr2y2nu000shrg0uj,PT001,PoolTool.io,https://pooltool.io,The Official Staking Pool of PoolTool.io. Stake with us for great rewards!,https://s3.us-west-2.amazonaws.com/data.pooltool.io/md/ptm.json,a1461a402b33ab32453002fd377a695cbdbfc8188f9e371582008b866de33519,376
pool1qu09ve95eqz4mgygn8a85jhhpce6578lvfvs3ltv5flt5xv66vk,,,,,https://cheaperpool.com/poolmeta.json,46b4e2e57d750b707f2bcb016c29a325c0b2e0461a51e143d673ee58b5137da8,529
pool1qu48wpwwarmkewhlwge9xs87sgt8gdnqq26nnre2v6c8up4fxwr,OBS,Ouroboros-暗号通貨革命,https://ouroboros.mobi,The Ouroboros is a stake pool with low fees and peace of mind for cardano investors.,https://git.io/JU7YK,981acf6f1d752b47218dc5be3128aaa1f35dbe57c68770ad5b82297174d41f54,223
pool1qvhss6kxmtl27nr4ugvypayhvt4a4vzll8p9csdg2v8q7d22llu,ASTRA,Ad Astra Stake Pool,https://www.astra-pool.com/,"To The Stars! Reliable, Secure, Consistent rewards, and we make great Cardano videos. Check Us Out! https://youtu.be/hmlGaFjlgKE",https://www.astra-pool.com/poolmeta.json,f3add5255a27dd5c0e3c8c02f656fbb51d08ecaec567adf246e45739aba9684e,417
pool1qvudfuw9ar47up5fugs53s2g84q3c4v86z4es6uwsfzzs89rwha,LGNS1,Luganodes #1,https://www.luganodes.com/,Swiss based leading institutional-grade staking provider,https://static.lgns.xyz/cardano-bp1.json,2df36ff6c5b464f64d5facdb9ab4458460d396fa47ee45beec616e3b29347b36,368
pool1qvvn2l690zm3v2p0f3vd66ly6cfs2wjqx34zpqcx5pwsx3eprtp,VIPER,🐍Viper Stake Pool #2,https://viperstaking.com/ada-pools/adder-pool/,"VIPER Stake Pool #2, originally ADDER, has proven performance, high pledge, and low-fees! Staking with VIPER will ensure you get excellent return on your stake. Operated by the team at Viper Staking.",https://viperstaking.com/assets/files/ADDER_metadata.json,bab1b7a1bcca6e2758747cd6015a0139aead08bed4f113158a46448e8f40ea3d,451
pool1qwa8x4u4a2pff0xdv0haxpgk3tyrvl5adl2lpf3ztcftqruhea0,ELITE,01  ▫  Elite Stake Pool,https://elitestakepool.com,"Established Epoch 208 2020. Committed to Cardano, our delegates and building community tools. High pledge, low margin Operator.",https://elitestakepool.com/pools/meta/pool1/poolmeta.json,80586b2d64e1f49fcf28a2b8cd78d84661b4affe7b3d0a4ce7c9f39071468022,530
pool1qy23q2qe64n6awyhrz0a97lk34zzcvgpk2e4vqmhjs86swwp9gn,WATER,The WaterBear Pool,https://www.thewaterbearpool.com/,For the community by the community,https://thewaterbearpool.github.io/poolMetaData.json,82d8ffb1606cf2f9d2c0fc7e8e8b1dcca137296fd53aa7b763a2cca85ae812a3,265
pool1qzlw72zfwhhc0ptvzdpld06szu39x9mlm6782efy6sluz932fx6,BCSH2,Blue Cheese Stakehouse,https://bluecheesestakehouse.com,"Bare metal stakepool in Florida, USA - https://t.me/blue_cheese_stake_house",https://cardanostakehouse.com/200c21c4-aff0-4c38-b3d7-37a.json,c800ef67985c42a8d9d2d583b8afc2f7f1b5ee3aad6148c462ab02386835fcb6,512
pool1qzlw756y0z6ehg9jkerrfrydr7qlvzl5pgset33h3h2akst593a,BCSH5,Blue Cheese Stakehouse,https://bluecheesestakehouse.com,"Bare metal stakepool in Florida, USA - https://t.me/blue_cheese_stake_house",https://cardanostakehouse.com/85a46c97-c8cd-44eb-9261-d4f.json,7488727abb3742758c87721bfee960dd47cc721e59267b4e179175d6bd88f495,419
pool1qzlw76zztkg02rywyypyw6s0gtkg2zpkaxhl6cq7eauqg8h9659,BCSH6,Blue Cheese Stakehouse,https://bluecheesestakehouse.com,"Bare metal stakepool in Florida, USA - https://t.me/blue_cheese_stake_house",https://cardanostakehouse.com/aa1ecb63-2c42-4771-ba6a-96a.json,1a2425720a62390ef4279fa7e968cd25eceb64d624391b626a76f39cd9519b32,289
pool1qzlw7den2mlj0fmm65g0fnf46vyhzkhmdaf0f8v3s6skuue6rlk,BCSH4,Blue Cheese Stakehouse,https://bluecheesestakehouse.com,"Bare metal stakepool in Florida, USA - https://t.me/blue_cheese_stake_house",https://cardanostakehouse.com/01518610-cf13-48fa-a68a-09d.json,9bccf8c6cdbcdfced40eac95ec9240a17b59a7a60a1839458b561525457238a0,524
pool1qzlw7pfxtp5xjxe9jv9ntmzqhmdav46c7ylf7ycra2qmctqgr2h,BCSH3,Blue Cheese Stakehouse,https://bluecheesestakehouse.com,"Bare metal stakepool in Oregon, USA - https://t.me/blue_cheese_stake_house",https://cardanostakehouse.com/ec16ceb0-fe3e-4c3d-91b9-154.json,9123c1fef7d07cf387b976354808655d4202866208ba9812ab71a52a66e3593d,269
pool1qzlw7z5mutmd39ldyjnp8n650weqe55z5p8dl3fagac3ge0nx8l,BCSH,Blue Cheese Stakehouse,https://bluecheesestakehouse.com,"Bare metal stakepool in Florida, USA - https://t.me/blue_cheese_stake_house",https://cardanostakehouse.com/be8fc51e-cd0d-440f-b385-11a.json,4a09e738e49267737f41912a1be1c63790b877659483107f6e7f3cc80c7cd89e,419
pool1qzlwlpcsgflr9z3f24fg836tyq45p0kf5cnrp20s8v0psp6tdkx,BCSH0,Blue Cheese Stakehouse,https://bluecheesestakehouse.com,"Bare metal stakepool in Florida, USA - https://t.me/blue_cheese_stake_house",https://cardanostakehouse.com/43d70337-06d3-4cac-bb57-0ab.json,5bf29957967f2d1029acfe5a6260ee8776baf4f926cc1f497964438867b9c5c7,512
pool1qzlwlyu92fsx94qu6u5nw3sy334f5yat3dv3jgx0grrsv0kp422,BCSH1,Blue Cheese Stakehouse,https://bluecheesestakehouse.com,"Bare metal stakepool in Florida, USA - https://t.me/blue_cheese_stake_house",https://cardanostakehouse.com/06bfafa6-09d2-4d0e-8be2-6ec.json,93dcfb6d3869ef490c88c33e4627b16a8654225c38251c3733549db7016fae42,289
pool1qznyv8g4vxv8ys05rs6dgtzutqc2z9gs6vq85vkn8uq8u0c83we,,,,,https://rxie-xdh.github.io/ada/pmd.json,464f83a07cd3201d6e9a8649e372cd5a37f89102d7335052596ae205da30a5b6,513
pool1qzphrndnev2rxx6ve5a6cd5jwjgx5fkg5qrqf6dj0pvfq92qgsk,,,,,https://nodenetworks.org/wp-content/metadata/node2.json,dc05186eb2c225d0f88d8ca27cfe1a938d5a9e7021eb87187a5c7a2c00e99fc2,266
pool1qzz0flh92qkg0mjufaw9j2zk72lmvf5n2kuaslk4f8j4ze362w4,,,,,https://www.drunkendragon.games/dnd-pool-1.json,9c58909c48b5b8cb33501566262ddf1c764c074d107df692cb2573121e838d16,401
pool1r0dcmvzsldk06yagudxaajqjuzhvwlzcnaclcwtvm8v4qmsn7l0,,,,,https://intlx.s3.us-east-2.amazonaws.com/ENDVR2Meta.json,6438df6881d024396a95fbc0a5dc4510461b658520709db809c45a7b92987176,251
pool1r0sxz0hygfc0266lhdclve6j3cwcwlth6dya6uey65yxjnwm7qc,BURN,BURN Pool,https://reservoir.network,Off-grid and bare-metal since 2021,https://reservoir.network/rsv.metadata.json,550adf64e066d4c739fdb4a65ee5e3a83a13567e21793842f9731a78ea309491,472
pool1r2249l40de8nlj77u77yzk8kxl3av4k09ztswcuqfexzcxwx3k8,LUCK2,Lucky Pool 2,https://lucky-pool.com,🍀 The original Lucky Pool transferred over from ITN with 0.5M Pledge - Only 0.5% fee at all times to ensure Maximum Rewards!,https://data.pooltool.io/md/59fea7a8-64f3-4240-98d0-143fab01c49b,32c4f7642710b912c15ada8b55d592275bb5a5128422327855ae3ddeb7cfc608,254
pool1r3ax7pd3cgad5kttench60ttr23kvfpx3vzvd6c3azppgw7q93t,PALM1,PALM token 1,https://palmeconomy.io/,"PALM token, central to Palmyra platform, recycles fees for user rebates, bridging the real world in to the crypto space. In this ISPO, we’ll be allocating 700,000,000  at 0.305 PALM per ADA staked. More details at palmeconomy.io",https://tinyurl.com/2h6wf8cw,f698797e98f3fab6d2a01230e2f4cd6df6cff996fb6ddd6ff94e6f3f3ec275a7,531
pool1r4hj35clvexkq0j0cagcxrt9945cp7agzslvjxpfa9fg62qpemv,P00L,stakepool,,,https://git.io/JcT7q,a17bf95eaf1bf5f6c46040678ba5df58168b3878665040c3386f68967af5dcd9,277
pool1r4rwd64q8xk36m6w2vsq48zfcmfxj0dxypcqdpmy2hnwg9vwv59,,,,,https://happycardano.github.io/poolMetaData.json,b1db14a5e5d451d5498554d72ad77def548530b323fd390b8e3c0cfa4bb4f520,212
pool1r55hyfrd3tw6nzpkvf4rfceh2f04yph92fc462phnd0akp2s5r6,COFFE,CoffeePool☕️,https://coffeepool.jp,"You have coffee, we brew ADA! We offer you a relaxing high-quality staking experience. 暗号通貨業界で取材経験豊富なコーヒー好き編集者が、最高品質のステーキングとカルダノの最新情報を提供します。",https://coffeepool.jp/poolMetaData.json,93a109e7d716e2b3b2b1e006ec4447329143712b45422a27c211e43711fca214,528
pool1r5dqwfl3etjylqqsj8lzhqx4tz0nllkjf3sz4r0heke2xs5kwap,,,,,https://ada.countessoflovelace.io/meta.json,fa4e6ea991f6aa467a54f893d373ca85af04281ea97597b4035fb7436e2b30e1,447
pool1r5srulgd6gpav0sympqrkt9f4ykl06lh9sgk0p20r54v7759kws,DOG,DOG Pool,https://adadogpool.org/,"We are a group of Technology Specialists and passionate DOG lovers from different countries, who also love the mission of Cardano. We believe that Cardano can make a better world for all human and for animals! Please stake with us!",https://git.io/JZSJk,ff02d8bc0100eb4888e965145063ae6f21e3346873fa9f0def540596f38a0a8f,304
pool1r6lp6uumua0kvs069y0k5kh3t7acvv4pz9pfw3zs6rmmcs52z4z,DREAM,Ada's Dream,https://ada-dream-pool.webflow.io,"Secure, Stable and Trustworthy, we will always be here for Cardano community. Stake with us and maximize your returns!",https://tinyurl.com/y6jrfoba,c8e7856c052138e2c6d05f0765d3adea8ad3caea98b5f6e895686c2e46ff870a,236
pool1r7l3z2wd4c9zra9e702maavxym7y385lpx328mm29flc7jw9c02,CDX1,Cardax 1,https://cardax.io,Cardax Stake Pool 1: Delegations made after the stake pool is saturated will not earn CDX rewards.,https://bit.ly/39ydD7n,49014a660821b99cdeb756d37505ac4773b464acd4515f68aaedd7a178a885cb,348
pool1r88vs06qv3vjrndvhewwhz08zc6ka7eqwxvf4stsj53n50nr8n7,LEAVE,Leave this pool,https://leavethispool.now,Move your stake to another pool,https://git.io/JWEPl,cc457321a2daebc26ddfdc46accd43ef947f6fb27e1f12df25e27dc008369300,280
pool1r8938r4ts8f4t8nsp9xl9dktzapt7f67jgpsp4wrju39xrdnaye,VENUS,Fresco Pool,https://frescopool.cc,"Community focused pool, inspired by The Venus Project",https://frescopool.cc/json/frescoMeta.json,56b54ea3f1b53a6f9a30aa58c69da02a7a30f19e3f597b7e5a1566175598a40c,346
pool1r8lmsrdure385hz647kl2qjhyyxkdle4au5krjcsqed4x8227k3,MAYZ,MAYZ,https://mayz.io,The MAYZ Protocol ISPO pool,https://raw.githubusercontent.com/qfedesq/1mate/master/c.json,3895c6764226f6a61ec0c12e0e220e11148bf8c0d3d8f28e5cbebfdcdcb2f3ac,479
pool1r8zkh6zns7rtpvwa466qf8a0dgqd7r9zmu27qkcyw25xv46y97s,,,,,https://stakeforfuture.org/azul.json,8449b66aae34751895491a537e8c0b14c162ac57bbe5fcc482147187b8221484,271
pool1r9qyjstrc050njg8lm7wxy5874mgu322vyljntdsm5qgxvjcewv,SHEIN,CRYPTOSHEINIX,https://sheinixstaking.github.io,CRYPTOSHEINIX CARDANO STAKE POOL. JOIN US AND BE PART OF OUR BIG CRYPTOCURRENCY AND BLOCKCHAIN COMMUNITY,https://sheinixstaking.github.io/metadata/poolmeta.json,ec623eb3b87ba6ddd5cc03e22991cade84c8d5ec939a43c75fcc11f382b1d463,330
pool1ra0j0teuuclcsda23w5cjsu8w8tnce7q7us4fdugl24j5f909lt,,,,,https://happycardano.github.io/poolMetaData.json,b1db14a5e5d451d5498554d72ad77def548530b323fd390b8e3c0cfa4bb4f520,211
pool1ra2su7cvnmr83pu9nvvz4a9carsgc9egc3e5fuk7h9pycyp5ela,LBF4,Ledger by Figment 4,https://www.ledger.com/coin/staking/cardano,a cardano mainnet pool,https://pcpm.s3.amazonaws.com/LBF4/poolmeta.json,122c4d0cb72af71e48ef4dcc531ef76ddd88119b9bbb3820865da1622099f4c2,566
pool1rc5a3yqa4w692649vnazcw5h9azeldc3gc6gkdk9ctlnzwsgqtd,ASLAB,After School Labs,https://cardano.afterschoollabs.io,"Secure, 1% staking pool. Proceeds go toward crypto education.",https://git.io/Jtaq9,e40b66aafc037ff13c5b48c742dd4ec241efcf005db4d25be7634abe88aff640,297
pool1rcd7qslz3xnpnk9u6tcwegy5r2574uf8suqu24ptg637jha3sr5,NINI,Nielsen-Nielsen,https://tinyurl.com/NINIstake,Strong track record and high returns. The reliable cardano stake pool. Greatful to everyone in the pool. Run by a guy from Denmark. Two relays and allways with newest software! ,https://tinyurl.com/NINIstake,b9969ecb7e92ef36e2442a0c6f48b322beef7b57cf5240b4c07860776dfe0f88,511
pool1rcj4kw3nepfpwr6s2tzgq3x3emw45n9w58063j98h38rse482k0,IOG8,Input Output Global (IOHK) - 8,https://iohk.io,Our mission is to provide economic identity to the billions of people who lack it. IOHK will not use the IOHK ticker.,https://pools.iohk.io/IOG8.json,812ecda7ee2f3c3e1feaab5144e6ef9089d4749c1be57cd1dea118e452df12c4,210
pool1rcq8vnrl52890nvt0300w7rgqkuk4az98kd9zcvu43agk3u84ms,ALIVE,Forever_Alive,https://cafe.naver.com/pms8351,Forever Alive Cardano,https://tinyurl.com/yypuq4yp,c30f6bd19b432e084be956c28a4cb19610aae3b448c1d6d517e108fd2cb44abc,335
pool1rct5guwnp6nk9f4ldn5tr3s42j0nm5rxeayv56lxua5ck47ex39,FIMI,Tai Chinh - Tam An,https://fimi.vn/ada,Perfect pool to support you holding ADA for freedom!,https://git.io/JuV60,83cbb9c18a8f9c4d65a23e90daddfb4317312f73cbe35d3700150155afce3a48,292
pool1rd0cadxrmef8fl99e2ms3tytzq874m2ahraaexfrhpnr67d7s8a,PROM,Prometheus Pool,https://www.prometheus-pool.com,Knowledge once given cannot be taken away,https://tinyurl.com/PROMpooldata,6642e39c643ce1347900f4fc3687e514806d39b3bc17d438278d1a0034a9d66f,210
pool1rdlpngqqd54x2ek7s9m8hl5yrc7dx5mlm9wtdqatldm5jfrcgqt,,,,,http://southeaststaking.io/southeaststakingmeta.json,9f614913ded66405dd7ea8f9608303bc952a0bae46d4cf2ff7a17674a405e9e9,240
pool1re8cmjt895tpx8dx2veg0cew5yqtxnt82sll03e433a4ugnh9w7,RISE,RISE,https://risecardano.com,A Cardano Stakepool,https://tinyurl.com/4kzxv37p,f7dc787a9920cf7a667f72a4ab1c338323620361a7caf21da3c46d83625623af,428
pool1rhq7qyw4y2s80gstyevm6rhz2lsdsrcstawunxx5eld8csvuvlu,ART,Blockchain ART Pool,https://evaginger.com,"ART single SPOs dedicated to the vision of Cardano, the advancement of blockchain art, and the humans creating on our new medium.",https://meta.pools.pm/gingr-m1657742949.json,3df55d7976b5a67d033947c8376d4620fcfc43ed457aee85f1eb1a35cf7d5058,431
pool1rj6apcqxcvavaxp22f75zs9upphena7ntsnut2efvq98g4404up,APP,ADA Point Pool,https://adapointpool.com,Providing secure staking rewards for institutions and individuals.,https://adapointpool.com/metadata/poolmeta.json,4c429f6a2734471425e7b44275e155660d4897fbe46846b0401b1e518c9f3302,523
pool1rj8zkzk3dm0lmnjtafczqfp8sshmang8gg85eypjeh2e6cve0vl,STKD,Staked,https://staked.us,Staked Pool for Cardano,https://git.io/JJAWr,53466bacb2d570a86dbb4963f090c77b016ffda22f081f3a8c8cee8458332721,365
pool1rjggcpcsr7wfnt4rl67yra2k658yqc9y6h3zzkaq5x9r766zlz7,,,,,https://zpngstakepool.com/ZPNG1/poolMetaData.json,d9436c0f88a49e176b1a4300cd40825ba8e7815c01d0d572571de6b485f4b194,319
pool1rjv02n5qtyden5frvyy34udlz3nqtkyu742mghcsww8nk4qycsh,LEVI,Leviathan,https://leviathanpool.com,A Premier ADA Stakepool based in the U.S. All Are Welcome,https://raw.githubusercontent.com/Leviathan-ada-pool/m/m/m.json,27a2ba1e2c4b609ad8ae68c07ddff33c89fa47dd5c9f09256bc541f8c02071d6,210
pool1rjxdqghfjw5rv6lxg8qhedkechvfgnsqhl8rrzwck9g45n43yql,XRAY1,XRAY/Network,https://xray.app,XRAY/Network is a multi-chain ecosystem built to simplify access to crypto and decentralized finance,https://cdn.xray.app/pools_meta/xray1.json,d46b68a947fe283ca9367eb9c116e1af1c7c713785c90c6b0d541942e44a2956,637
pool1rkyc3ss904h066sffergss99r9p2kqa4k6ds0g4u5ud4x7yaajd,1PCT5,1 Percent Pool #5 (v1),https://www.1percentpool.eu,The 1 Percent Pool is dedicated to run stake pools with only 1% fee - ALWAYS!,https://www.1percentpool.eu/1PCT5v1.metadata.json,5b0feb7e479f78590aa03bcb0cc3a71e26a07c84a39727599b8007d520bb2a62,303
pool1rkz43352y9kmsvzqn3wp08t6qfz64j6at4gtmn74ge0tv7hqdhf,BLIZZ,Blizzeffect NFTs Pool,https://twitter.com/Blizzeffect,"Official stake pool of Blizzeffect community, feel free to stake with us if you want to support my work directed to growing a massive and healthy NFT community on Cardano. Changing the world for good starting from 0.00000001%",https://blizz-metadata.stakepool.cloud/poolmeta.json,be66530448b151d5c3a6eb7d94c4a344850e14e54f3c38daa4d14da30ff4ba95,272
pool1rlg6ytznuzx7dwhyypfuusx4crm7pdftx04h9zr82pdrv0tve0z,,,,,https://ada-pi.online/poolmeta.json,a14836acf4842fd90700e6839939595c0fe7b5f707c9adaa1f1f2ae6de9dc4d6,274
pool1rmpv0h0pecysach8tj06vxx9wku2pdm74mk9cunx759v58q0hu2,SASA,SASA Stake Pool,https://twitter.com/nagamaru_panda?s=06,人生変えようと決意し、2021年の5月、高校生でこのプールを立ち上げました。現在はYoutubeで仮想通貨の情報発信を頑張っています！僕の活動を応援してくれる方はぜひ委任をよろしくお願いします。,https://bit.ly/3VenORB,8305c65c3999e6227723772ee25dc1dfaca7cf9b2557201ee0e2a00fb8bc1191,533
pool1rpcweq9gcqlr27s6wjm67djmm2f2l5a72zusp3f25344kaxuqcd,TORO,Cryptoro,https://CryptoroPools.com,Secure and reliable pool run out of Rhode Island by developers and entrepreneurs.,https://data.pooltool.io/md/6c3f8fd2-018f-44c9-81c8-7ee928849ec4,b609736f87ad6adb98637f69e9e0abafa364100dec8422fc727595a276dea79d,305
pool1rpjjz68kmmetyxztmrstrwgz8lxf6v0d7vqgw98r5x8rc50jrdf,DEW,Dew Staking Solutions,https://www.dew-stake.com,"Passionate about decentralization & supercharging Cardano’s growth. One of the first stake pools running a Midnight node on testnet (Ticker: SNOW)! Delegate ADA to DEW, earn NIGHT rewards at launch — join Cardano’s privacy revolution!",https://raw.githubusercontent.com/DewPool/DEW/main/MD.json,5dac71775cb1424c12d1c6189127b47c0e70cfaac672de264635995d4d8314b1,608
pool1rq6c8ntlsh2xl3le0utg4fpxqhag7fdlpzdykcld7dh9gtz8fxt,NOCAP,No Cap Stakepool,https://nocapstakepool.com,No Boundaries. No Centralization. No Cap Stakepool. Thanks for supporting us in decentralizing the Cardano network!,https://git.io/Jmodh,d000c4fd0786bcf932436e46d409be31bc4e6471ecd09ec0036bcce84f28bd66,295
pool1rqgf6qd0p3wyf9dxf2w7qcddvgg4vu56l35ez2xqemhqun2gn7y,HADA,HADA.VN.COM,http://hada.vn.com/,May the ADA be with you: Wealth=Richness & Health & Peace,https://git.io/JThkY,2820c05a4dce89c71950fd0bff76c7b189259e2cbdee8443c0886a54f1a5d7fa,584
pool1rs8xygd8rdqjjr5ums0w9upw9uwrrkvuvyjvq8wvr3kekhjkpl3,,,,,https://autostake.net/ada/XEON-autostake.json,b267cb0b7c56f753142491bb5fe42f7c2434ca02d590603899c962c4aa29df57,380
pool1rshru8pm6y0jy7jncmt6qzfs8u4f5qa5gvyh38kgec767t20z3d,FANCY,FanceePool,https://fanceepool.com,"The fanciest Cardano stake pool! Created by Tobias Fancee, FanceePool utilizes a bare-metal server for optimal performance and uptime on the Cardano network.",https://raw.githubusercontent.com/TobiasFancee/a/master/b.json,6c411fe108b39a2f9b8264197955870ddb9e3773c43730718166670ed29ce853,330
pool1rtj8f2pjedcjh78ey2fc4wvatjyeudeam6lsv6snttwuvhn2vsq,,,,,https://www.flickto.io/poolmeta.json,181cf1b25c5f9f70304b35b7af407e875064383d656436be8702d6a93279878e,342
pool1rtnk3j8jv0wl0qz2j8xq4h5yeh0uvw3xj738fgl6wc4scxenkgz,MOKUM,Mokum Stake Pool,http://mokumstakepool.com,Mission-driven stake pool run on renewable energy from the beautiful city of Amsterdam! Donating the pool's profit to Save the Children!,https://tinyurl.com/vz2zbk62,3526f61dc1950c914a99aa69d5e55d27657ae0562c8331fa881579053bd9c412,526
pool1ruq6tvalrt7uu4u2j9eugvf0h9z00yjggagpyd0qjmmywa6za7y,ROCK,Cardano on the ROCKs,https://edu.clio.one/lessons/cardano-on-the-rocks/lessons/introduction-2/,A demonstration of a low-energy stake pool. Two relays and a block generator node together consume less than 15 watts.,https://clio.one/metadata/rock_20210106.json,d1158f9ae08fb0c92e5060e4bbc63786ac542de5ed459edeb2ee266161e9f560,243
pool1rv3f2ctg35ke7t5azmaha6393skhvnhwedh96e6r703tg00wp77,,,,,https://git.io/JuBUL,022be6f22047d05408231fcb5245b8d0fab2fc251116baa85682bf87bed7965e,291
pool1rvjj8cp3urh7de07pm0ceqha2x4lxws69lhd4429dm6djfjsy4l,DINO,Cardino Stake Pool,https://cardino-ada.netlify.app,한국인을 위한 Cardano 생태계 뉴스와 다양한 암호화폐 관련 정보를 매일 전달하고 있습니다.,https://udknow.github.io/extend/pool_MetaData.json,6a29a4cda3d85da82c399d9a81db429b8aa4addc14226f3a73c9ba9245ebcbdc,550
pool1rvng7n968748udkc5rxy4h9zp9hms4s3jsfwuues76ft28uc056,DIGI,Digital Fortress,https://digi.pro,A bare-metal stake pool established December 2019,https://digi.pro/metadata/mainnet/digi.json,73e812a273c6e0b46ce6debcc6e110fbf873d143916637fb4c8293c4e6e6c61f,641
pool1rwqzqvkykz3xqqqv7k3k5vxswjd64ez7jwfxymdw58xs2xtlx7r,,,,,https://cardanolab.at/clab-meta-data.json,367fa7ebf534ceefc8674efd5ef654b0aadfe49812fda1e8a65eb38bad867ebd,218
pool1rx2745qj65qrgcutmpydv9k3ld930puq52t7skcd3ennqh550zc,KUNI,LEON POOL,https://twitter.com/leon_stake_pool,当プールではカルダノの日本国内の実装拡大に向け、自治体等へソリューションの企画や提案を行っております。当活動へのご支援の程宜しくお願い致します。,https://git.io/JskIW,c4ac452504f6542e8a3218237e6872d1633f6272fdb6172135dc561d82b7d796,404
pool1rx2ce04meyzjfw7qtspzlk8h863kj5nhwkhts7ja4vtpsk934tg,,,,,https://iacode.net/poolmeta.json,6de555f2e76be24b79805bf03ae23a3ba34f6ea2b2e1115981bb67b17c108f94,215
pool1rxpysk2ahxz442mqapv4shtrpaddw2lsuufdeg9gsjjn6gjr5tx,GOT,GotCardano,https://www.gotcardano.com,"Secure and operate the Cardano network. Our team & servers are located in Bay Area, California",https://vrininbe.github.io/gotcardano.github.io/poolmeta1.json,5c9e422d330e6ad8df9ee3540e9d4288ff190b211cfea20c3578b4fc705bfaed,281
pool1ryqluw3z5nk8ma8snryl74kn5sxfh0cpqwyq4pfc6wgmvp7jd4k,MARS,MARS,https://poolmars.com/,Why shoot for the Moon when you can go Mars,https://poolmars.s3.us-east-2.amazonaws.com/poolmars.json,4f793412e12cbc2992ef5d0c8ec03744bfd991ee1a7fa61c90f585080efb829d,212
pool1rzgmxrfvrp4ch9wj96rjun6f3959k0tu08xyxn8sf5zyz9qmzrl,,,,,https://blockchainpilots.io/pools/FINS/poolMetaData.json,d1339e7182ca5888f931e1b3dc66fed3abec1de79c9e3e77a9f03d1fca4de95f,365
pool1s04pdfl3sv5gzuc80322rc4ne0xs7gekux7gtckvvwt7qutjy6w,MS9,Moonstake 9,https://moonstake.io,Moonstake is an advanced technology company with specific focuses on blockchain and staking technologies. To build the Asia’s Biggest Staking Network with a technological innovation that drastically increases the efficiency of blockchain technology.,https://git.io/JkzwA,3a7d4b7265b972dc5b2e39fe9a4f6fdbffce0c43110415b6a0438cfb611313a3,438
pool1s09jaeq38rlfp3wtedlc82fwgu7xkl9mv7fqgu87qnggzzrqy6g,,,,,http://www.centuo.com/poolMetadata.json,8d5887879b690ad17774d75762256113e6641965d845c68999b6f7e6741c2c6b,408
pool1s0cfkzheywsftgwp0yz7sq4rt5gyf7t5kfwj5a269kpxvndjn6q,OCEA5,ADA Ocean Five,https://adaocean.com/,Cloud based reliable stake pool cluster,https://adaocean.com/poolmeta-five.json,6058e930ea137144e4d952cb78a5b31d242aa3ce5c36b0cfd995b7d5653e1f2e,643
pool1s2qefm0h0449tdwsh7w6gw7mn9n8d3w48zunslxdazlfghtn4wh,,,,,https://kaze.network/metadata.json,3c112049cd1aba29a021307b54fc863450de77556e0d4c52b6d0550c711c5fc0,218
pool1s2rj8t2a5tfv0rpsfak77g03h96uv3rqxp62t6jm3dh45g2e2pj,CRD,Cardan.io,http://cardan.io,Professionally managed pool hosted on Amazon Web Services (AWS) since 2020. Running on the latest AMD EPYC processors.,http://cardan.io/pool-metadata.json,dbd825dd09852264721f37b7337369e916475ab76695892e16c95fc95112468c,493
pool1s2wsk5z4u0f2unmfyc8ye705adhwayv0wetlk24sawmyj5u74rn,IDEAL,Ideal,https://ideal-stake-pool.com/,Towards a more ideal world,https://ideal-stake-pool.com/wp-content/uploads/i/meta.json,a8e86ba9c1fa4dae7a07569a9136c1230595c398743a916f8652cef3ee7935de,535
pool1s3z5qsg75dar26ykyzcz2u8wc2swgq7pyp7f9sdh5n06qh3jhq2,1PCT1,1 Percent Pool #1 (v1),https://www.1percentpool.eu,The 1 Percent Pool is dedicated to run stake pools with only 1% fee - ALWAYS!,https://www.1percentpool.eu/1PCT1v1.metadata.json,61a25c53c98644077bfd87671626d112d3ab2eefbcd23c1e6cc029b92ab5acd4,303
pool1s54847dyrcpgxjvsjvhjjqjrkz3x6vevy77xaqje5nugxhp6j2g,,,,,https://kairospool.azurewebsites.net/poolmeta.json,28540d3a489b39718e4231e732f7cc4aacae2ae8883cf90b6c25366c8baa5485,429
pool1s5la93en4mmj3933c22h8uuysqyl3axt308m45tmg6x673a6fhk,JKL,JKLpool1,https://twitter.com/ada_jkl,"Maximize staking rewards with 0% fee, live server backups and redundant connections. We’re a dedicated team that’s here to stay.",https://git.io/JOkKo,35af30e5966ec30e3c672c312622df24e37b931d05e3c9a72f2990d7a888f3a2,293
pool1s5pue3nn7vegwr327cvnyqmd5h0cvse7wksf6drup89gvgxpr7l,,,,,https://ergo-pool.s3.amazonaws.com/metadata.json,19b2fcf9000188a5a029b412c84103b97a13a44138314eae10e7ed9982d46274,282
pool1s6s6eyve0lmc4e0emzf2l68n9ya0rhrpdcq0jmkmmmxv2rkrx42,,,,,https://staking-fm.site/leo9_pool_Metadata.json,f24403a238983e46aa31378636d1450399b8bad0a7ca042c488df138807a35da,235
pool1s6se64qce5rjjjhh6ufcdnc54p8qg78mlhjm38lymx99sqysvzx,PAUL1,Cardano With Paul ☘️,https://www.cardanowithpaul.com,"CardanoWithPaul Pool 🇮🇪. High spec, scalable and secure stake pool running on MS Azure Kubernetes for maximum performance and uptime.",http://pool.cardanowithpaul.com/paul/p1v3.json,a99575078daa886e060bf406c88615e251a4c66dc933dcff30426c3ffbdd44ef,256
pool1s6x6kltycpxq82hyqhlqllqj3q5l2m8w499gvtu4xrfv29c0q2q,LOOT,Loot Pool,https://lootpool.io,Lowest possible fees + 100% Uptime Target = MAXIMUM REWARDS!,https://meta.pools.pm/loot-m1683060656.json,162972117d2005ded8522eb665a712de88e570f04ffbfe77450ba2ddd40e79a8,430
pool1s79cqtwk5s24lcske704ckx7k2pagn8hc95rxvy3xfda6r62pg9,UK007,Global UK Staking Pool by the Three Lions,https://www.alizeb.com,"Enterprise level Cloud Infrastructure, 24/7 cyber security and performance monitoring, 100k pledge, 2% fixed fee. A Premium Pool to generate Rewards and support Smart Contracts, DApps and DeFi",https://storage.googleapis.com/uk007/uk007.metadata.json,a386ffc32abdf3832f44f969c7ea74485941817a313d6cebdb1a81927bdcc0fa,625
pool1s7eglqwzl84xgvpr4pptylcgqhkjr4xk8d6y3k22plu3sagms25,SANP,SKULLYS,https://skullys.io/,SKULLYS ADA NETWORK POOL,https://gitlab.com/saitecadmin/santopool/raw/master/pool.json,13424262d28500ce5c2f23147e98a173f40bcc008fa926c5eef5c5e8457af7bc,263
pool1s8ppansy64zhy8e3gmuyltx3hzf5f9zws27v9lewhazyw3gmp7e,MAHLO,MAHALO,https://mahalopool.com,Mahalo!,https://git.io/JYvHF,b6dafbad2fd549cd49f2484f4d500074b44afe0447b07777af42d72854bba46f,322
pool1s9gnju7cja28xzdxskms2w4dwtk6w2gegm5k4gcx895f7lmzupq,,,,,https://www.cryptohoard.io/cryptohoard.json,cd90280a617345333a3d0b0b06a4f35e5a80595ad6eddcf5ff7cec25bdcbe86e,261
pool1s9y50eucftrj0fw786rm3ljedpg8qry4ydq9kx23dv4px9k97t6,,,,,https://www.dutchpool.eu/poolMetaData2.json,af2ad34adb00478f43ab81c5d7d8df638f69f8a0eea8759c264c6c8771d1d5bd,250
pool1sf784g6eje8vzq9f5wu583eurhfq2ee9hzyhl46yezkuqqtmw07,NOVA,🌌 NOVApool.io,https://novapool.io/,"Our mission is to build a fair, free and decentralized world! We're here since day one and we'll stay here till the end! NOVA – a secure, reliable and transparent SPO!",https://raw.githubusercontent.com/TurboEgon/ada/master/cmeta,2ce92970d96a4f89f99f18e7d6b9b998b48de7c05fd4583a369b29c564c6c7b4,608
pool1sffl322qgsrsmkcedzzwk05396dkmj56pcepqvj6px3n2re3qu4,MOON1,MOON1 Stake Pool powered by lunarpool.io,https://lunarpool.io,Cloud based stake pool managed by IT professionals,https://lunarpool.io/moon1.metadata.json,727e244899cb1ef5ee0922bdfebabb999946032a18cfe976bf52cd5327ad948e,573
pool1sghwg652uwe7ksmk5laxxft58j6km6prahvnddk3s6zgxek5qen,FLUX,flux,https://twitter.com/flux_pool,"Building a better future, one block at a time. 100% bare-metal servers.",https://cylonyx.github.io/poolMetaData.json,b2f06d3ee197b42cc114ed3e1cb323bdfdcb8e072981c155d3993495a04e1956,552
pool1sj0plznq9nnduxp82aa8crchfety7kzcryqdmn6860xvwwzzc4w,,,,,https://letzbake.com/poolmeta.json,76f86a16349aaf0763f0d5e611166a268644cced776bd7ac4462b35ffa0594be,312
pool1sj4l2jrykge07u4ke7unxyxpma0qara9x828xpvck6ev68zlvn3,,,,,https://lemon-stake-pool.com/poolMetaData.json,22df9aeecfea55e9ec5d8008a2648318d4fe15e053c57e364a04ff1eb5ee3048,265
pool1sjqkktr2uhgpu2tuy8hsz4eupqpup0r79yy83weu3hk22na5c7w,MS11,Moonstake 11,https://moonstake.io,Moonstake is an advanced technology company with specific focuses on blockchain and staking technologies. To build the Asia’s Biggest Staking Network with a technological innovation that drastically increases the efficiency of blockchain technology.,https://git.io/JqfIt,d272588f9a687ef98b61a707e56bd37019259a922565f89e2fdad93dc4da88ad,438
pool1sjwdmeme5zs042jzwmdvxshhv27kepxke0mr02f2yzacsyd4wtu,CCV,(Crypto Capital Venture),https://www.youtube.com/cryptocapitalventure,Welcome to this crypto venture. Let's grow together.,https://raw.githubusercontent.com/ccv3000/pool/main/1.json,1c63d110d0ddec664ae2dfdf23b853d209cbc6db951fca375d8591706cfd520c,600
pool1sks9qwpygf9vmgeuh4n4a3s36k35c3qnz7pd4qqvw5825x62y3y,STEAK,Steak Pool,,Get some steak with your stake,http://crayonownage.eu/pool_Metadata.json,b323e816a3330660b9226c67ff1a2f4e3acbc32b0d2c84483cae64fde5dfc45d,214
pool1sksmrlwwswgg60ak8w67hf5w60h0qztgpv5zg68z06wgzhrhsc9,,,,,https://staking.wira.co/assets/pool_md/1/wiraS2.json,e97bf47236e138958d1d6c072872d5943ae01cc2c5044dbdf31a793e865a8cb1,235
pool1sm2kmdn4f9rat3kl67y9drqcnnqc34zg4f4ufmnrfaj45gcv89d,LTES,Let Them Eat Stake,https://let-them-eat-stake.com,Staking for a cause! Supporting no kill animal shelters in need.,https://git.io/JY8c4,66f4c36045c836188d9bcf881b76cca587b02277b5437fad093496a2132cd241,475
pool1sm5m0qqcjcd2qc4z6e4mxxwkfspptnvpukxy2umnwkm3c345neu,,,,,https://www.cardano-stake-and-relax.com/poolmeta.json,c4f8fd932eb6627139a64dfe00b77cc73e0bddb91c059285bc096d5f19f374ea,211
pool1smy2r8jdvgna5ykhe8rrch7h4qalyfafyzyh0rmanmq0jxptww7,ZZZ3,ZZZ3,https://coinzzz.jp,日本語徹底サポート付YUTAプール3：悪いプールの事後的な料率変更によるステーキング報酬搾取にご注意…YUTAプールは1000人超コミュニティサポートの実績による”信頼”が売り！そのような悪いことをしません。重要ニュース随時共有、気軽にご参加ください！,https://coinzzz.jp/metadata/zzz3.json,5d2fdb73b6427ce6a66c62b7161a22096bc386e471c20e96e82d87f3a45b804c,543
pool1snyaulmp94axe7ltmqzlkztqn9axt5ykprjtxh3qgn35cred9pf,,,,,https://writtt.com/royal.json,d991572932e99ade580c3af1aa050a2db4487141059acee75dc77f6100aa9bde,211
pool1spqkpaezku3knl9ug7txrlyzr8kkvdr0h75yyz262cx6gls6zlm,ADAC1,ADACoinProfits1,https://adacoinprofits.com,The pool to use for getting paid on your ADA,https://git.io/JqZ5l,31be3e296de0aa76f44ebaba8e6835bc8d759e4b188834e0b26ae9da80f74add,256
pool1spus7k8cy5qcs82xhw60dwwk2d4vrfs0m5vr2zst04gtq700gjn,ZZZ4,ZZZ4,https://coinzzz.jp,日本語徹底サポート付YUTAプール4：悪いプールの事後的な料率変更によるステーキング報酬搾取にご注意…YUTAプールは1000人超コミュニティサポートの実績による”信頼”が売り！そのような悪いことをしません。重要ニュース随時共有、気軽にご参加ください！,https://coinzzz.jp/metadata/zzz4.json,fdf63d7a9dc2374c01143b248dbea7d6e055eed4614ef3e3edb84e3dbaaf5d88,543
pool1spyxtguc023n0u7envdhhr4wxtyq57r27g84h09pxnzl2yx27ye,,,,,http://adapool.ssmu.win/poolmeta.json,70901b7165115c55ccb4fe0721a32183e39d84c7b5f7cb1902536d83ec14cf3a,238
pool1sr3kmj6equa9h8ey0xdyje94t6rmc9688a5xvk0urynwuqv3z0w,,,,,https://s3-us-west-1.amazonaws.com/unkindness.network/pool.json,68d2eaaa82094120f7928d3cd0e11ed92963c7e4284edd747b5f8584116d1d4a,294
pool1sr953s548fudyhmfm082xp0mensv2gxzt4qpe466ykw0z3jjzvv,AIR,ADABreathes,https://www.adabreathes.com,An activist stake pool. Giving back to support humanitarian and environmental causes - Love is in the AIR!,https://raw.githubusercontent.com/adabreathes/p/main/m.json,413ab9443007308ea4130fb1dca69e0b5d465f13a0deabfdc108f56e69d87a2e,614
pool1srdjughnhp8xnn0wlf7gj7v9k8lmzl9ht4vhksp5qqc66fnpccj,,,,,https://rb.gy/ps5u15,57f85afc948624ac99998069fe3b1802310cdf78cb49cd7f7210d4f97611b57c,522
pool1supp67ypelmgzuzqqvarc6czgmg3ggwpnrnfr90xpfcqqf8h05t,1PCT,1 Percent Pool (v1),https://www.1percentpool.eu,The 1 Percent Pool is dedicated to run stake pools with only 1% fee - ALWAYS!,https://www.1percentpool.eu/1PCTv1.metadata.json,4340c14c2542966c2339057fb56b1244373625a5998804f48bf942b20c9c6fb6,303
pool1svszcjg5xaxt5mq7ue2llm26ndt74dslvev04g6kwdmvyf0t657,ORCA,Orcada,https://orcada.io,Orcada is a Cardano Stake Pool built for whales... of all sizes.,https://orcada.io/assets/orcada.metadata.json,d7b15e4bb6b149bd630da644c3a20634e3bba990df96c8a566c061e45b6de710,361
pool1svv9st22dywp9exwsltt7cdc4v2dyrf4zls00jesv2lzvpz45jh,SCAR2,SCARdano 2,https://scardano.io/,SCARdano 2 is run by Philippe of The Cardano Effect,https://scardano.io/scarus1pool.metadata.json,1d6f2a5cbaf784760d87d04fdda3a7bbfa817f8dd94704af3cdebf948d687096,358
pool1swe9nsv8lzugakjkfv04dn38scmq48wzynmn0lxasupuzmqcgjm,ADAGE,ADAGE,https://adage.adaism.uk,"█▬█ █ ▀█▀ ADAGE is a verified single pool with a strong commitment to the Cardano network. The pool has minted blocks every epoch since July 2020. If you seek unwavering performance (100%) and low fees, then this pool is for you. https://adage.adaism.uk",https://adage.adaism.uk/poolmeta.json,cb3ec9adca4293d2c078bd6633d16185ad7e672851d9dcb231a7dc95962f1ff8,449
pool1sx4e8rvx2xdxgkww2fpjtmvrnaftfrtfge29xcn72hh7kch5snf,UK1,UK pool,https://londonpool.co.uk,"UK1 pool is closing down, please delegate elsewhere",https://londonpool.co.uk/uk1/metadata-v4.json,511261b5cf1f549310c51cdc944084732fa97516c2380e605c91170e459a37e4,574
pool1sxhe2036yj3r6mvyhjx6g9xyj447nnxld6rytarprylmk99lsvm,,,,,https://git.io/Jty7r,977b6b043dc7f3c237e25820684e40e1fed856dfce71d8165a40aaa2c214168f,257
pool1sxj5qufj25ssfk83jjxp4tw2py7vfceta63p2u8ymugtga9us8t,,,,,http://www.cypherpunk.wtf/metadata/cardano.json,2d0b7567a3e66ad0990432a82e99476f004f96d97b40a22483cc72e474656cf3,259
pool1sxzhjdhcc8724zfkut4jxs5l8x7udngfqncat4jvl0s5ka9l2xa,ZAZA,ZAZA Cocktail Pool,https://zazapool.com,Let's get it!,https://data.pooltool.io/md/0de2a222-69b5-41ee-b9bd-53ab79de93b4,83fecf3a36a84dbd08f1196349d988ef1cb7e702187075b6d87acef1d8b470a7,228
pool1sysgx87cwxnqy0pqn8g97gdhd0dmre9rw3jvpn2k7apuwa7cgkn,EVE6,Everstake Partner,https://everstake.one/cardano,"Everstake is the №1 staking infrastructure platform, trusted by retail and institutional clients worldwide. Committed to the highest standards of compliance, we deliver secure staking solutions across 130+ chains with a reliability rate of 99.98%",https://everstake.one/cardano/metadata12.json,021a55a72c1f2c1631857b86f5291df0f20b1d492c85a0576d02966f59bb26d2,626
pool1szy2tdjj8a4av365wk3q2fqg9srllmt0383e6v9p664ng076x9e,XRAY5,XRAY/Network,https://xray.app,XRAY/Network is a multi-chain ecosystem built to simplify access to crypto and decentralized finance,https://cdn.xray.app/pools_meta/xray5.json,b34584f08cb1825184b338aaea14a65a0a9067f42aa9aba4313c4ed5cb0bc0df,637
pool1t0jheek3yftf0a9dgzgr2hc2wttwrcjyd5whdrek4ggcc5famre,POND,The Pond,https://froggiepond.com/,"The Pond is the official Froggie Koin Stakepool. This pool will be used to support the Froggie Koin community, run by the Froggies for the Froggies🐸!",https://bez625.github.io/poolmeta/meta.json,411364227c7359e6ac9164ddfc293ac7b8bd687838867cb15db8cd27b60a39f5,448
pool1t0ugaqv8wp7gczrt2jxmu57nj70agy3nu8dd9ayaljwxu45hfh8,,,,,https://bit.ly/3FBfl23,6ef87602f1302c771c69be66f06cef77f44a79002edc5fc6c10315fb9dcf1034,307
pool1t490d5nsl9v354mrppk4j8hla4n60gxjn206jfaxh4jts93tqpp,VELC,VelociCoin,https://velocicoin.github.io/,Bare Bones AWS-backed Single Staking Pool,https://velocicoin.github.io/myPool.metadata.json,e053ad75e2fba4425076e565872d03d375f280e92823fd0ac556228bbe39c35b,256
pool1t6n7rysk6wzm9wqxda6zxpzmm3j6256fs3mp06dc26n6503hhj4,DAVE,Cardano Dave Pool,,,https://bit.ly/4c2Y0jc,dd71b5cdb98bb53c334a70e62dd3bb857a83ec5f89caab5c7fc3a7116c97114a,501
pool1t6tyc9menh5uax38j89jgdyj0maz6e4mgx90n7xkcl7mu8fzqxu,BNP,Binance Node - 20,https://www.binance.com/en/earn,Binance Staking Pool,https://s3.amazonaws.com/bnp.ada/bnp20.json,57ff22b1edcc592ba37a46a8db31152e79f879c20c693d571821d1154389f1dd,418
pool1t74ckqauwmn9ef5ye0h7c5wsgfd36zx24ue9wvj4vj95cl54aff,ORACL,Oracle Stake Pool,https://www.plutusoracle.com,The Oracle,https://git.io/JJSiC,77aeb1eafdc44941b9913465db1b3b57368b235df86dbfc906e6ac2a39437e25,213
pool1t847w2hfv33qrra7q33nzq8epvcxv6ydshcq7w7j23c87xv2c2k,CAPO,CardaPool.com - 0% Fees - ¡Midnight Token!,https://cardapool.com,[EN] Thanks! With your delegation we will help clean the seabed. / [ES] ¡Gracias! Con tu delegación ayudaremos a limpiar el fondo marino.,https://cardapool.com/a.json,9293536ea06499b78b66b733897ecf602c82af52e9d1c4208e4378f164da46db,610
pool1t8dkgz58qcqlak6nn5l5j4qqwvewwmjx85fxtsykk6w9j2e0ng2,GYS,Grow Your Stake,https://www.growyourstake.com,"A reliable stake pool yielding great rewards to delegators. 100% of profits go directly to DROP4DROP, a charity whose mission is clean water for all. We also support Cardano Chats, a YouTube channel interviewing game-changers in the industry.",https://git.io/JTeOD,3d961c0089780a83691a86fac9baa3934d6442a2d4d925d2eac116eecd0d2ead,258
pool1t8gjk7jzvujfv9s8q992e6s7tp8na0q3j62g7s4ppzfmccus4jk,DEAD,[DEAD]POOL,https://pooltool.io/pool/59d12b7a426724961607014aacea1e584f3ebc1196948f42a10893bc,"What the sh*t? That's the coolest name ever! Mother of 2~Trustworthy, host of ADA Angels, Transparent, Reliable, and 24/7 uptime~ We put Maximum Effort investing in the community and our family's future~",https://raw.githubusercontent.com/amandy41/DEAD/master/e.json,e3247677ddef1a60a06f92e7db248ebe08ef8e12b8debad06d78d69e2aba6d83,575
pool1t94qdjkuu5qmtpxuljrnsvjdctgf0sr6vfu34eqseztajsxhsw8,,,,,https://validator.cex.io/cardano/node1.poolMetaData.json,59288f3a5cae48aa9fc5a704470907a8a6cf1b886654c543858e239837158254,394
pool1t9ckjy949dk97prfs6any8xdjyq9du6prnplx06n4fcn5jgukhc,SWADA,SWADA — Swedish Cardano Stake Pool,https://swada.se,"Swedish stake pool operated by iFly DRep — commercial pilot, Intellishares co-founder, clean-energy entrepreneur. Pool pledge votes through the iFly DRep, contributing to Cardano governance from a real-world adoption perspective.",https://026ifly.github.io/swada/pool/poolmeta.json,44835502cb82eed4881e499735696f5e373189ae9b6c41289f9c996e7a55e5e7,635
pool1t9m69j5thv2ke9jt9hhsgxlag44z7erp2s2ukcpruwhwqarc9np,CEMA1,Centimani Stake Pool,https://centimani.io,Cardano stake pool since ITN,https://centimani.io/cema1.metadata.json,dfc98615a766cd6ead463fa39410def2173341c751f41c902a43fe2b0b957aff,451
pool1tah22gjtc7ntrdezv49hysegcwpzafea35t6f4hn3wr2y4hz3vz,ACL,A CardanoLand pool ACL,https://cardanoland.com,Your Trust is our Motivation - A CardanoLand [ACL],https://raw.githubusercontent.com/SViksha/A/master/ACL4.json,90cda901d4e608d86945f6c1f1c87e06fc53e164e7a86fcc6d3afa0b50ba24fa,281
pool1tay8z4sq4a4gmyhnygyt0t5j84z8epwjra06wq28jnnmschkkuu,HIGH,The HIGH Pool,http://high-pool.atwebpages.com,Reliable Efficient Fast - Operated in Germany with german precision,http://high-pool.atwebpages.com/poolMetaData.json,98d5e0388c4547ce869ef123ad52bd408356ee46310758d38bdbbcf77770eac7,372
pool1tc2twz6teun8h44djmvvd9dena7rjgnmxuckzc8j77jlzat88q5,WYACO,Waya Collective Stake Pool,https://wayacollective.com/,Stake with Waya and Build a New Economy,https://wayacollective.com/poolMetaData.json,8c2ceb205a65a6a4e7783f9c803f47eab382d36cfaaea54f9952fdd63276ecfc,356
pool1tcmk6at0dmkytxgq5j4u7fgsx9kytvfu7gz22lrs8hp9ztu7arw,RATS,RATS Pool,https://rats.fail,RATS pool is ran by Charles Hoskinson and Samuel Leathers,https://rats.fail/pool.json,4eccd41ee21267b9bc0eeac973384fb951aa87ddc439f08f9fee7415cdfc5baa,252
pool1tcwq7fgekt4qqh09csv9dz3ny0t69hwm9hq7dgua3rxsyk0d9ce,STUPD,Stupid Cotton,https://www.stupidcotton.com/stake-pool,"In a world full of stupid people, wise human beings stand out. Be brave. Be kind.",https://raw.githubusercontent.com/stupidcotton/spo/Master/m.json,5de3fa5d4837030a410205b388a59ac23d815937bcca42f7309eb6544ba2b59f,284
pool1td7uzl5yfd38w682q6asnkdhpynlwj8utkfnk70nusnxck2acmh,,,,,https://heypool.herokuapp.com/poolmeta2.json,a4049d7f5b98f720098c54c70c9ddc5891501c11a1eb7c677962b4ea5bc0a00a,216
pool1tddw42ypqdhrrqjhsnugz9paa7tufvrtwgcj82g2mrqqjkfxa42,,,,,https://tinyurl.com/y3bk7k3g,3451f0ac9a04ce17d934665dbdc1f1925e3c21cb07038ee3a01b81093f67ee9d,211
pool1tdh56dcqs0sjeq4ehfdamlnzvxkrr5zgsysnhlkphzdzwmw4nvw,NOVAF,Nova Finance,https://novafinance.io/,The Nova Finance Stake Pool.,https://raw.githubusercontent.com/Nova-Finance/pool/main/md.json,ca62c5a0653887b7c43d763ad64382a42b2fab619a8f80af55eca9d2e5dab067,566
pool1tdjjgjfwzl842nrzplkfakj4y7y4000cd8dxm2zjtlrjugt2aac,,,,,http://adapays.net/poolmeta.json,08b8093e0dc9fdd0b84987dbf5a0e4dfb574dc2dc32fd01ef4d1b9402d9e4cdf,303
pool1tdsrw0n33gmy0mzh7cgtn9p0jy5xwjxaa2s26gn2ewf8kg4nrzx,CAFE,CardanoCafe,https://cardanocafe.org/,"Geo-redundant Dedicated Servers | High Availability | 24/7 Monitoring | DDoS Protection | Low Latency | Automatic Backups. Enjoy best cups of ADA-rewards freshly roasted by CardanoCafe and be part of our worldwide support for mankind, nature and wildlife.",https://cardanocafe.org/poolMetadata.json,efd29be34d72676b567be08a4bddb7727c69dca951dbb04d4a41a44818b5a99e,363
pool1tdtzmmmak0tkte2j2hr223dfnqpdy85ypd66tddwywpeuknn2pn,CSWP2,50% CSWAP DEX ISPO Pool [CSWP2],https://cswap.info,All 50% margin fee rewards will be used to develop the CSWAP ecosystem as its own community takes the helm in moving it forward progressively. Visit our page for the roadmap and estimating your cswap rewards.,https://cswap-spo-metadata.s3.amazonaws.com/cswp2-meta.json,2152f7ab9fcd26c455d2bd814c7253264020f2113641854fe9aadd97e923d995,438
pool1tdvqgy6mq7lx7d345e276xmgmhh3s4zj8dzu6xzq5m7rx4tzkg2,ONYX,ONYX Stake Pool #3,https://onyxstakepool.com,Welcome to the world of the ONYX stake pools!,https://onyxstakepool.com/SMN-ONYX3.json,6536dc8ab4767d0a4e71d916ff87f628dba2eff975f0c5a11d6e6b14dd0f965f,629
pool1telljurmr9xs4z4ux7e46m9rgyf042nhwqewyf5t97xswrzwvsu,AVENE,AVENE Pool,https://avenepool.com,"AVENE Cardano Stake Pool from Latvia, Northern Europe",https://avenepool.com/metadata.json,7b4838587e6db56832e455308ffbb5b98a4fcbc5117565d1e74246fe016130dc,303
pool1tez268q6v9afz54csn2lg95kw7yyjykc3px8ry5gwkk656azfnz,,,,,https://riverpool-crypto.com/poolMetaData.json,a4531158a4819a16089e0fa42ecb0f0210f52ca9fd710272450628e081422538,275
pool1tfuznvd3pkkwt96qwzurvzmf34zgut0uzap9c3skq7p4262stsx,,,,,https://git.io/JtjcK,0dc693b6112153fd9d2e5471bfa8b541547ce77ab749d52b65a4cc1206c5a5a1,261
pool1thmyhzux99vty9h4y57dfc6mjwu80na79wyq33trc4z3qem7luu,,,,,https://yinnyangg.io/yangmeta.json,9c166601f421c3aa18a04232c400ae61756baff5139e56eed778d2fb81596201,214
pool1tj3u8pz6732uy2ut3s90e0j880jyu9j0ve9vtu9zj5xzglhdlqy,RPSP,RIPI Stake Pool,,プライベートプールです。,https://ippei76.github.io/rpsp/poolMetaData.json,af9d336a9461a8b3a3e48b5defc594c9f6dd1401b8a20245f3459afca7bfe009,500
pool1tjkkuqdx2hy5cdy7vyamnyprglylcz5206zevfvtc28mx8nvsw4,,,,,https://thespian.hr/Pool2.metadata.json,ea56b0a7a4375045a4e33055871bc9a6daf253c2aac008a90ece7be78bb4c859,470
pool1tjp3sxlh2v5eeh67utm9flrgan32m4ynem7qdmkrfqanjcgut2e,A180,ADA 180,https://www.ada180.com/,ADA 180 is philanthropically aligned fighting pediatric cancer.,https://raw.githubusercontent.com/skyloromnisos/m/master/m.json,0b89566ecc69c27004f2829e905998c7c12d8c861971be2e8ffb6f0e16446b7b,346
pool1tjr4zpndkvwkw3du3fvt59f5men6jhuevt7rpx6xw0wcct5kl04,SUGAR,Sugar Stake Pool,https://twitter.com/cardano_sugar,小粒でも甘いをモットーにエンジニアが運用。委任者様の報酬とCardanoへ貢献します！We believe Cardano will bring us sweet world. Stake pool in operation since 2020.08.22.,https://satoshi-tokyo.github.io/metadata/poolMetaData.json,a3870ce72d0bb3e88c317b43fe9aee946698eff6e8f34e1047b1dc75b3d8a019,424
pool1tk2ghnep6a4q84e0gcz69kafpmqqea3qpmrenn6pfwkzyn3sul5,,,,,https://git.io/JJWdJ,ab3b2bab4ac0ab7587a698422025c32d1b203bdc46e3fb1a4783decf9063bd33,248
pool1tkexntwvhg0fqs2xnm7xg6ljqzjkpk0pl4nxxe3nf48ux8nucqy,ARTA,Artano NFT Pool,https://www.artano.io,Artano is building an NFT art Marketplace on Cardano. Help us achieve low NFT fees! :),https://defi-authority.github.io/ARTANO.metadata.json,1945c053ff4e551fe6cdbe55c367b9fc7e534a024dc1dc41470852bbb01a3759,265
pool1tmt8thfaqeqv499l3s7k5kl64s84nycvnx55ll3ksm9hq50p0ks,WFFL,WAFFLE,https://wafflepool.org,Stake your ADAs with Waffle Pool for high and consistent rewards,https://wafflepool-cardano.github.io/poolmeta/poolmeta.json,639bd135eb98a39dd8f975ce4894704240d9303ad73e0ce65b768ccfb68f41d1,310
pool1tnmd6aq6rn3ctyqqqw8csvl5vlqncx3fwaqk8rsxsmqn5v9e28n,CORAL,Coral Pool,https://www.coralstake.com,"Join us and help us secure the Cardano network! Core values: reliability, honesty and transparency. Sit back, relax, and delegate.",https://bit.ly/40z2iZl,b259770f6f9dd19d2a97e8a50eb5a6a0518a41c66e21b2adfb3118d786aebd75,456
pool1tnymyv08dl3k9wyfz040vq626542ztm60wwyu7szwl5l6x9h3vl,,,,,https://shorturl.at/E51UA,4e9da9a60bf5c0bc71f8474883c2e2e24e5618a296f5294ed9a57ff985997e8d,630
pool1tp7fzx8w3lrwwuwff9x7nlqr4r5n0awpq0krwnahvj387n7y22h,mtma,mtma,http://www.ayame3.com,mtma's pool description,https://ayame3.github.io/mtma/poolMetaData.json,e9ed22b9fa285113678db0c2039e8ce906cf754e7e0b4873cf1a77ca1b5d1d9d,532
pool1tpr44v3pxth9j0ff246dvsryxpanxwx52f024ws3ecvn72sgv55,,,,,https://flowrpool.com/flowrmetadata.json,03a4555dd26d539643d2b8ca0a85d1a8acf3c7be4cd65a87b769f678146e0f3c,538
pool1tpy5yawzpetcverves0h6xdycxgrstehfvrkygydt9jcqxwpw3j,MANA,MANA,https://mine-ada.com,Staking Focused on You,https://mine-ada.com/MANA.metadata.json,594701c4d2b252c6f869dafa172827e19fce6c0d6fcfb64f2c2848b9538c103b,603
pool1tqywsutw3wtgcvzrljdacgwmv5kfzm8f0ladml5frkckccd72gg,FBSD,The FreeBSD Stake Pool,,Stake pool to promote the use of FreeBSD and further aid decentralization of Cardano blockchain.,https://raw.githubusercontent.com/swinful/csp/master/fbsd.json,7ce239fb7188c842b31dd715ef9f0d1c74cadb48a309b537783797b4318a97bf,423
pool1tre4d457z9wpw2sckg98yrc3ppu3ydd07a6h53yvqd77z4h3yh5,BUDHA,Buddha Pool,https://buddhapool.tech,Really Cool Staking Pool,https://git.io/JUlxF,6d19722c2729a63d75c28c98bd9de2d08e3c126f42f2a123e67cec1d539b70ab,269
pool1ts6u8sylpmgqdxcvlc3fhdr4kt5wmz5egch83vtt6rwwwyxtuym,,,,,https://onl.bz/S9Nu9Va,b3d01f201958eb89445ab35fee5cfd49c6a4147f10ce7bc988a1b660475894a7,356
pool1ttxtgplmy2v7t9s56gm3xxhsyxe68kpx0vu3utts03p2k4x3avl,,,,,https://pool.maladex.com/drmal/poolMetaData.json,b1294c6aa6e7baa3a55ca2015bd4fdeff2aa92b79c7d0ebf1b1683def538e9ca,329
pool1twd9vvegn3fqq0f4n08p3aml2ud8q87njs49900rycj4sr5hhcy,AOAUS,ADA Ocean Australia,https://adaocean.com.au,Australian Owned and Operated Cardano Pool,https://cybercyclone.github.io/aoaus.github.io/,37aca284ab7a85fc20d9851ca9264ce1d889cf011cdb303eb25451b734fb1bda,285
pool1twu4rn366744tqq9g66ruy3rete6842z7nnm4vy0q5jaqd48867,HRBR,The Harbour,https://adastaking.eu,High rewards since 2019,https://adastaking.eu/hrbr-meta.json,80b8ce84823fe87ba1ddb37846dcb6eb207725c3821c925fc82650020d0776fd,461
pool1tx2ewdpde5lk6xy8ge5cu8hr3szj8k42kegrx2sxlw4ngaspfrz,ACCS,ADA Cadabra StakePool #1,https://ada-cadabra.com,Located in Germany. Low fees and low commission,https://git.io/JtvbC,cf89130877c36862dae43b0edde4efd020c63ebe87e85353ba7f74856e3c5386,244
pool1tx6e7gewsrcceejwpa69vrhlhay6862amaks095pmw9jxulwhvx,,,,,https://blackrocket.space/poolinfo/poolMetaData.json,20147aaa8153592ce45d4dc81ec9c420f213ce791b3b035a9d8328be538f2bfd,512
pool1txdcwt6z4dud7ppf6xhtlcks4qt8degt5gcf0ffjjy45v7jzkcx,,,,,https://meta.adapool.de/poolMetaData.json,c04dae9a7f8a06ff738dfdb77199dc8ad679ad6000814cc15fe897c32a594736,239
pool1txtq2n2jefg7rqja2ls69qfc7tke2ll9xvxd3dwj3tcfstmjgsu,,,,,https://is.gd/XbCa4E,deb2c69959f3e59bc6448e4615ad1eed433abbc4a611a75e67f88b85573c46d2,211
pool1ty7lh3nvtwxlcpqg2x30fkr3j9ys6nprztr9m4zp3aajxyjk2vz,BEAVR,Beaver Pool!,https://www.beaver-stake-pool.net/,"We the North! A Stake Pool from Canada! Low-fee, Always Available and Secure! Let's help decentralize Cardano!",https://raw.githubusercontent.com/BeaverPool/c/master/md.json,8c089b9dfe950a1bedf80cc27433b4391aa97e1844296cdcd7ff4195d8d62874,356
pool1u0mc9ywfxl529atxyajuz3pgqnwgnk6w7lejjmjg22ucvn7z9vh,NERD,Nerd Stake Pool,https://www.stakewithnerd.com/,Wallace Inc. Youtube Channel and Stake pool,https://storage.googleapis.com/nerd-pool/nerd.metadata.json,f1172f381aa66863ac874243f8e3a4016c16293d0008990a21f9b2ff4de15288,625
pool1u0u2s080a5plun4acn6s70xa3q98ct7skt88l7w6nnwwyl9ecym,VOLCY,VOLCY 🦁 Enterprise Multi-Chain Infrastructure,https://www.volcyada.com/,"ITN 2019 veteran & professional SPO. Enterprise infrastructure across Cardano, ApexFusion & Midnight. Mithril signer.",https://raw.githubusercontent.com/gvolcy/VOLCY/main/v.json,57aa71e53ac14b334f2aa8aad21588d848e94d4e9f4ce8a04f8d3faf7ae75644,636
pool1u2d3guvld9rk0586lyhk2n8kvkzmem7czwdltgem0mgczqd3ygu,,,,,https://insalada.io/.well-known/SALAD.metadata.json,97b8a1007da63a63ba80bdae276054ab1819d7038b72ee530102b82565734b68,246
pool1u2j98kgj8uj7zr7g3deuezfv7hzv3ercnetxd5c9ppjh23x20qg,TVRN,TavernCrypto,https://taverncrypto.com,Supporting our digital future and our local communities,https://taverncrypto.com/metadata/poolMetadata.json,04f2ce8457ed52b95eceea31321515564fbc736dec4788d5acc652d86527e46f,332
pool1u32s3ry3vjhqwhcrqz7p5u35cvzrx4tvdwydgvq6qm8720qrg0s,,,,,https://staking-fm.site/leo4_pool_Metadata.json,886319fa58c467689737109375bce7d7add06dc5ddeb4a18c2f27c952c8a49f8,237
pool1u3v7s93f2d968a8kce6zgfmckfx56ly626jkml6jv7tgweplrn8,,,,,http://meta.alohacardano.com,d6a927185c3811bb1d83e0d909d289ebccfdaa5ff9f7979760d5b85ec60a247c,249
pool1u4sxd6x0qsy7evljt24vtnyhpxd098n609sfcmly6c096mr3jgq,SCAR,SCARdano,https://scardano.io/,SCARdano is run by Philippe of The Cardano Effect,https://scardano.io/scarde1pool.metadata.json,bafcc73dc0f7a07273a7c9e1e3c2f70ae97e3bcc838020543dae70331c18a380,527
pool1u53apdhreh9fjmxtrctx3kezhjduc4m2f7cfd09yd7p6jkc6k2z,,,,,https://rb.gy/trpadc,efe2a5ec273a25645a4ef450b508ac4956a5794673e9f2816433c07906cf663b,367
pool1u6kpt8hgqcm596kukj97ghefmxn8ks2cgwg8qqe0gtgscnufk5p,ATLAS,AtlasStakePool,https://atlasstakepool.com,Shouldering the Decentralization of the World,https://atlasstakepool.com/wp-content/uploads/2020/08/md.json,fd0950f8e6625284a41d7e11f524692f9ddaeec613e6148698194080bf43b75a,247
pool1u7mqtde27swkarngjsn5mmw3sy20zavlafgqkmg8qv2n2nwga0l,CFLOW,CashFlow,https://www.cflowpool.com/,Elevate your financial well-being while helping decentralization.,https://cardanostakehouse.com/acf1127d-8430-45be-89ea-7a6.json,847b33e1d7650488b57bb383fbddf93892a0d64a79efb58c8cae3af2576afeaf,265
pool1u899yml96tf2cf4zkw4490mnhf832pk6fefnaluvt7487jmqzhg,,,,,https://cardano.ich-war-hier.de/mn-iwh.json,9faa4f3d6ae8ff9260f3ce58bad4e772ac9d055cf63567c7e5bf4b31db3bfe97,494
pool1u8yequt4vq3jhajeegc02r3msnne6krayxuzrypaz8jkq5v5pux,HOSK,Hosk Pool,https://pool.pm/e1c990717560232bf659ca30f50e3b84e79d587d21b821903d11e560,The original 'OG' HOSK Stakepool est in the #ITN of 2020. Run with love for my kids,https://tinyurl.com/4j3tc4fy,f834a9def1ee1fef9d26135814469dad394828fbe9dc9a6d4bfe35a2d6afcd3b,439
pool1u99x2rr6trfznwakv0959llmxmtgc2nvanc067uugl3ejuvvnc8,,,,,https://meta.wavepool.digital/w7.json,229b95dbb149c0b544ed384f18f5847e2875eec8f3acb58c6cdb3f1540d1bf34,512
pool1u9gudcfadehlarkh4xdtgrf3zeze978mrnhtrvjdkjwj7wxvcje,,,,,http://nocentralauthority.com/poolmeta.json,0a95a346e5efddb7b2e6afb15588450479940e118e63c66e84abdd23c82e26cf,316
pool1u9vgtxyupd36czsdvh3h9zr8eakdqesug8j6k2nw7nszy97z4m0,,,,,https://www.magicada.com/poolMetaData.json,22d2b9258a64cc2fee0e5cf5d87b64cd86a05fc0d7ede59c3ae90c67e0cf0ef2,234
pool1ua0lx5ap5tj9f5l7tyjflp766ca5yu93djh5hqvm4e0kjgw5k7v,1PCT6,1 Percent Pool #6 (v1),https://www.1percentpool.eu,The 1 Percent Pool is dedicated to run stake pools with only 1% fee - ALWAYS!,https://www.1percentpool.eu/1PCT6v1.metadata.json,93ea5f47ede35f35c5e41254d1b84588031cf3849f4892ba15afbcabdcd9309a,303
pool1uaa3le5zjzjtzacvglgv9sha2pz8zlegl8udy9z8lhddcgufzlx,,,,,https://adagir.com/pool/poolMetaData.json,bb00de9da1fe26e32c0451cab9ec7330ca6b05ccd226c21602a13d3f40b77d4b,253
pool1uautzneywzapn03te7q3sd737xdfejgjlu4mdfjz7mweq92dugg,RETIR,,https://,Pool is retired,https://raw.githubusercontent.com/Bmtxs/sp/master/na.json,1df6e0d2b80ba684fbcca263fde20cfe8b5aa7a30ce15ff1fd79a8df2c5840a7,342
pool1uc7slfp47xzu7egusxlkvm63rxw2dhtm58l8e0m46anhvhaecr2,,,,,https://kelownastaking.ca/poolMetadata.json,6e5dfd265ecd732aa90819efb02f01bfd6bd9508bfbdcba82f52eecfc38f6d09,273
pool1ucpygt4ds2ggf5lt8z5kzyvnwwr0ggrtqnl0pgawud5ls2cnnkl,,,,,https://stakepool.ninja/poolmeta.json,a1191a4901a7a5e636559318e1f99dffbd28daa2fb9d0118e01fee2e18b40f70,353
pool1uct8k7ruvu3dgl9hws4pj3tk9stzpls4evnys4r8q5vj2p9w92w,MTERA,MeteraProtocol,https://metera.io/,"Metera Protocol is the decentralized finance (DeFi) asset management on the Cardano blockchain, that offers users fully decentralized control over their investment strategies.",https://bit.ly/3Gchx2A,97a175db5ae6e1d99e30f9a54557bda98e652792e08c7ad212c70c61e377bd43,507
pool1ud4u9r3tce5dum63lsg3xc8nn8ycl2llx5g3qpf6ukc4k0gcfy7,FINE,Fine Stake Pool,https://twitter.com/Fine_stake_pool,毎月3名様に10ADAプレゼントキャンペーン実施中。さらに当面は手数料0％なので、ご安心してご委任ください。We are currently running a campaign to give away 10 ADA to 3 people every month.,https://git.io/JtJQ3,b567fed21af15faaeb724318096812d2cab7171b97cd999ae5381771c596b7a4,290
pool1udkx9rmgzf08z7zz4p7ykpdqsdv5nf0w8uf38wrsdn5dzk9nq4g,JOY2,JOY2,https://cardano.ipclub29.com/,JOY and HOPE Pool are witness of How Cardano is changing the world !!,https://cardano.ipclub29.com/joy2.metadata.json,9b64af1bb8606851ea0b96b8a0117777f0dedac3ee7887f72d4a47b22ac865f3,546
pool1udr30lxsqa799lyl9haxf0wzg8qsz3xaf2gtpqf4n2s064jrvsj,,,,,https://www.stake.care/static/pool_Metadata.json,be4ca984e773bb7c95f9079c3e167065d3ef955dfb223552584c1e4c948c9d67,463
pool1udv42vs52wg34268zkfsgtrzuvyskphfavaf3n8tmf4tugm7et0,DANK,Dank Central,https://jr8974.wixsite.com/dankcentral,"Fast, Reliable, and secure with 100% uptime. 1% fee proceeds will go to the Last Prisoner Project - Cannabis Reform Non-profit (https://www.lastprisonerproject.org/)",https://jsonkeeper.com/b/AZWN,a6b67521cb43c8ab499e66910da400f4bc026638e433d30f4af2cb4cc1491b68,255
pool1udwnjxxvwzv05cw70xgt4wedsl7lk8r4xgsw2ws9hmu46zaz2f9,,,,,https://raw.githubusercontent.com/asdfz7/cge/master/meta.json,fc07ca8bc843a4ae6df51fe2df85323aa2285a201da898497431ecf733885e80,225
pool1ue4ngerz28nkpstsr5p53qvl5ulq3jtmllj4my0d0n28yyrn4l4,STP,StakePools Cardano Pool,https://cardano.stakepools.info,StakePools.info STP pool is operated by experienced DevOps team working in cybersecurity industry.,https://cardano.stakepools.info/meta/one-210218.json,7d7a14d7c91be7e72b517cbf42dada240faf26ac97f47f25a80c922191c448c6,281
pool1ufp38a9zwlvvrzcyxaxdrvav50nd7az5lyuzh4t0h3qp2gqamsx,CAFE2,CardanoCafe Two,https://cardanocafe.org/,"CardanoCafe is powered by multiple geo-redundant dedicated servers, 24/7 monitoring, DDoS protection and low latency. Enjoy the best cups of ADA-rewards freshly roasted by CardanoCafe and be part of our worldwide support for mankind, nature, and wildlife.",https://cardanocafe.org/poolMetadata2.json,c7f850f09f887f29bffc647ea01f365f381180e9300a0362e0a0e5aa48aca94e,625
pool1ufx9c77avvds5eas2uqc5anxh3wjrr93vhxqeecsm4xuqzf9mtj,,,,,https://guardianadapool.com/guard.json,1c8fd28023ae801ae066e587cdada797aec75eb907438286efee196597ed1226,223
pool1ugwj76z4cx6sywscud8ntd2m9tg3gyesmnnl35qr2l5mu06pe3x,JDFR,The JDFR pool,https://jduquennoy.gitlab.io/jdfr-stake/,Contributing to making Cardano decentralized,https://jduquennoy.gitlab.io/jdfr-stake/metadata.json,8e0bde4c7756b254fabc3df4019dd37df543eeca16dfd1c369a3b3eee6aa5a72,270
pool1uhy50u9y76nd6z2xmzt3mta0yc7g3gdssef8lheyyg7zzymgzm8,NUFIA,Nu.Fi & AdaLite A,https://nu.fi,Nu.Fi & AdaLite A,https://pools-meta.nu.fi/cardano/NUFIA-metadata.json,007e16f0963259b9e085f23a15df2dc45bd7c97daa112869e6e13e0a15432cb2,382
pool1uj4u73qgtprqre78q75fq2vkcrpfrcdreqcqkvn6u0m2k6nk2yp,EVE1,Everstake,https://everstake.one/cardano,"Everstake is the №1 staking infrastructure platform, trusted by retail and institutional clients worldwide. Committed to the highest standards of compliance, we deliver secure staking solutions across 130+ chains with a reliability rate of 99.98%",https://everstake.one/cardano/metadata7.json,0457859d8bf383f4091b47bd60267b22ad2ebbf716e120f1d21efca0b8656c02,626
pool1ujcu3myfg9wwvdyh2ks653954lamtufy3lefjs73jrr327q53j4,PUDIM,Pudim's pool,https://pudim.cat,All your stake are belong with PUDIM!,https://pudim.cat/pudim.json,4c723a80421e04b4452beb22182e7afb947886a156a6f5255288c98ae55b9da6,431
pool1ujk88muru82e2z3lap9n5j63q30ekqwjmvvpyyu4kjkfg0hdyle,,,,,https://pool.flac.finance/flac-3IuIoZAFc.json,b77bcd7d624d5a0cd88f2dcc0bdc6c3cfb32a440f61d74011f29263f51646a60,389
pool1uk2f28awascuhrhuwrp7x6y87x8ch33vwx8jtmrysp7l5ngq78j,POWER,POWER Stake Pool 1,https://powerstakepool.com,"We provide a top-quality, non-custodial, no lock-up staking service with extra-low fees. Minting blocks and delivering passive income since day one. Trusted by thousands of delegators in the emerging blockchain economy.",https://raw.githubusercontent.com/fib0618/pool/master/pl1.json,287778d7e281dbf216be8bb0683226398733f8fe8d43add5942e3afb8708daf4,308
pool1ukeqarukv9gxwy9pt8jkr4qvad2yf87758g3xzemmvmtk8lrynp,CRDN1,CARDANIANS.io #2,https://cardanians.io,We are guards of cardano - we are Cardanians.,https://cardanians.io/_storage/pool-crdn1.json,04ba91f1742c7b066677bc617eb1c3598e4d3bec7d21763f84364f4050019601,267
pool1ull34uxtt3h37ysxeq6lesp9536kqqetddew882ldawu6yqmsl9,CANDC,Cryptos & Tokens,https://cryptosandtokens.com/cardano,We're always educating and giving back to the community with the lowest fees!,https://www.dropbox.com/s/2yh18lku8xlmo6w/poolmeta.json?dl=1,5b3caad78195c8a2deaaeee2d361ce12db639be6512291ddbce3029c397506e6,261
pool1ulsc7gzslgc8lj2qtuw4zamqaz20377lgx5mrv5q2udnshcr8dl,,,,,https://raw.githubusercontent.com/smash-io/b/main/bloom3.json,bcc8257d07c862a542174dacce78268f5761e39ce7897adfb1db1fc7190be694,232
pool1ulx9ennungrtcucslrpz93cze5fddlg96h0wwj83p6fpsrvgz2v,GENKI,GENKIPOOL,https://genkipool.com/,Stake in GenkiPool to help Goku beat the banking system.,https://lrb85.github.io/Cardano/genkipooldata.json,265dc902c3a93ae5bdd23930627f83be9aa98452b2a303fc6b38a1709cd37a30,390
pool1umflj8hjq873fs9r6aq2zvgs88zrs5xjswn2znkdaehlz2eqy59,BANC,banC StakePool,https://bancpool.com,"Japan quality!! Omotenashi,peace,and surprise.",https://taroj-cardano.github.io/banc/poolMetaData.json,223ceebacabda3291faffbd474d75a34e146426315c4c0d0cb64655593c19075,474
pool1umslg2gmre4znj8hsx9x2u4ah4gfw8guv4mjthnjge3k2j5f8cl,SPRTA,Sparta Stake Pool,https://spartasp.com,Reliable | Cloud Native | Min Fee,https://raw.githubusercontent.com/spartasp/ada/master/sp.json,63c2d29d67a0b4543c35bdf51688a70fa8e5686057fbffb007f34bff7405d803,261
pool1up53z2kadt6l5xs359ckx477rpyvyg3favh25qrhqt2ujclpq3h,,,,,http://37.59.55.35/dyne.json,4b21060d2db0d967c47839f091527bb9e7e4803eaad7e8326448cdafcfe532cc,232
pool1uq8l234306m76unyz8kuwnkvmtvazaks6vuvyx3a3khngavvcw0,PLTUS,💰 Plutus Staking #1 💰,https://bit.ly/3fQLy8y,"Cloud Native StakePool #1 - Maximise your ADA with our high pledge, high return pools. Stake your ADA with Plutus the Greek God of wealth!",http://walletinfo.plutus-staking.com/pltus/v2.json,6167771dfb61ba5b0d9310a99962cceab6c376e87a7ac308c2a1b325f6d344ce,310
pool1uqehpxy4wst2k5u640wdt9tgmqdd26l0dahgxf3ln70js830xv2,IOG10,Input Output Global (IOHK) - 10,https://iohk.io,Our mission is to provide economic identity to the billions of people who lack it. IOHK will not use the IOHK ticker.,https://pools.iohk.io/IOG10.json,31b15adb7317a833fac173f372ef8f038a98e4bfca2320e241e79f1ab412ed0a,210
pool1uqgn8wt3qwaextmmurmcjmk3egwsac6sunyqtrssrdeavlgpyr4,ALLI,Alliance,https://alliancestakepools.online,The Alliance Stakepools supporting decentralization and delivering high ROI,https://raw.githubusercontent.com/GS1973/ALLI/master/ALLI.json,bc556b4a7e7e516532eb04d0dc1f5dce60d0f15f0d5883500a09bfcc847cf13b,439
pool1uqrecfnsa6pqd2tz60r0lcj4kunhc4rrw8lldrpdvfx9qfjd6n0,AMS,Amsterdam Node,http://www.amsterdamnode.com,Amsterdam Node - We Build on Cardano,https://tinyurl.com/58485ar2,7a3e9eef945493572bd9d6e50571f9efaccf78ad34cc904e9b01e90d6c79d3ac,576
pool1urgvu6zk422j4xwtxa45lzpd6dm25msfthpkezr042secrtuwzc,CCV1,(Crypto Capital Venture) #Pool2,https://www.youtube.com/cryptocapitalventure,Official stakepool #2 of Crypto Capital Venture. Welcome to this crypto venture. Let's grow together.,https://raw.githubusercontent.com/ccv3000/pool/main/2.json,ae3a6f5703e316ff794f2b8e65a676e36676e8d51b89de6db90abb5835c78e4b,601
pool1uthdnav2zc2hxpg2hyeyy545lnxtl8lqdcdqxjm0j8t5srmyvzj,ADAST,AdaStrong,https://www.adastrong.com/,"AdaStrong - A secure Cardano (ADA) stakepool with reliable uptime, high pledge &  great rewards for delegators.",https://www.adastrong.com/meta/p1/poolMetaData.json,d11cce25bd4cba3cf86b622e75652232dcafaf5a43308cfb23060a56668ea582,475
pool1utqhj9g53a5cwg7tyd8neky7jvjlgzuf470adc0e69cp5uuquzx,ZW3RK,Haskell CI Support Pool,https://zw3rkpool.com,This pool will put operational rewards towards Continuous Integration support for the Glasgow Haskell Compiler and related projects,https://zw3rkpool.com/md.json,865578b88497fe030f510226c53b3cb90d43ee19237ebcea6dfff9227ad174cb,445
pool1uu35qfkmjyxwpm3pgptfgr0qga9j2fzkc0tsjplcx840x295xj9,CHEAP,CheapStaking #2 - PublicPrivate,https://cheapstaking.com,Set and forget with our private/public hybrid pool! At 90% saturation we remove our metadata to hide from the wallets meaning you never have to worry about losing rewards due to over saturation!,https://cardanometa.blob.core.windows.net/cheap2/meta5.json,b3197f79c5a9bd6521b9593b7c8007af32aa0134a043aeb5acbf7ee719cd95a1,600
pool1uu65k00dp467qsszmqwl6udwnet3zszgx8n3kmn2aq84sae8ha9,NVL,Nuvola Digital,https://nuvoladigital.io,"Nuvola Digital is Cardano's first DePIN Aggregator, unlocking DePIN rewards for everyone.",https://ellfibernet.in/md.json,e96a235cc5d0f9e7440bc474d5281d6507c6f5947cc5067512c7eb21232b98a4,488
pool1uy8ws63cmz37gaunkhuehynvr4a0yakw2yv0vfjs704326nte98,IOG16,Input Output Global (IOHK) - 16,https://iohk.io,Our mission is to provide economic identity to the billions of people who lack it. IOHK will not use the IOHK ticker.,https://pools.iohk.io/IOG16.json,3cf7de0a890b69560e867cfd8714da5151870ff3f78b119b6c6769a7edf38771,210
pool1uyvyxt9k9g038h567x8halej4x87j7m4r4zyz9lhv4dcv83husk,BLOOM,Bloom Four,https://bloompool.io/,"Bloom is committed to providing top quality staking services to our delegates through low latency, 24/7 uptime, and the highest return on stake. Operated by bigpey.",https://bloompool.io/bloom.4.metadata.json,d3c70f676cfb41693c6734fc4c8667b88b825595967b98c1df16c18bbe6fb65a,642
pool1uzla0r73fvpnvxr07m98nfzlxcv3q26mkjz00cqjfh7uqsyjkju,1PCT1,1 Percent Pool #1 (v2),https://www.1percentpool.eu,The 1 Percent Pool is dedicated to run stake pools with only 1% fee - ALWAYS!,https://www.1percentpool.eu/1PCT1v2.metadata.json,9ed355525ba658928a09d201ea36483a1e40b900d4ffa223d88568cbb80412fa,303
pool1v28xlhk6juevh3ss09vpe78zu7cx6mejr8k8en94scd6v8rrshh,,,,,https://www.aircraftpilot.com.au/json/mypool.metadata.json,b215e82c3cbc9674eeb99d50d959cc8036256a126f815099e1657085343e2595,326
pool1v2rhtaxs55lspa2zm5ggeuhsave7nxtu800yng36nefs5jhzl80,CENT1,Stake Pool Central,https://cent.stakepoolcentral.com,Stable operations delivered by Stake Pool Central,https://cent.stakepoolcentral.com/resources/CENT1.metadata.json,d13cb70898eeeff8206675e164b3fab92e5b0a6c2f8dfc0eda5bebb3d54362a4,210
pool1v3rzrj25ak30dhuyrupkxeddttetxzh4cz9ccpjlfxuh6d85d58,XRX,Reaction,https://xreactx.github.io/,10K ADA Pledge / 0% Margin Fee / North American Stake Pool,https://xreactx.github.io/poolmeta.json,fde7dbdfb42256a44f25bd5e17081091302c1e7a1dfb07bd08a46c372e70410d,556
pool1v4adhelnswa7pwv2njn5h84atw08mlc79ll2ewl2kgxhv3cqwql,12345,Lost but not forgotten,https://www.youtube.com/watch?v=nEXZQmA8Yj4,THIS POOL IS DEAD - May it live on forever in our memories X-(,https://cardanometa.blob.core.windows.net/zpools/RIP.json,b71b3ff0eb76ec60f835c1ec2ebb73bd9dc380d0cab2dde771d0fcb6c97df54c,255
pool1v4ny7uguujzuthgpf23qwrgwaf2r6xx4cf5eu90ngrey60rf2hu,,,,,https://www.robotpool.io/poolMetaData.json,6ec5607a206a041207b9b68a9b0d86c308322d6c4f0a1fb8d9838bf511ac0934,278
pool1v4wgyctxyxlcf90qtgflznv5f4fcm6cy0z80mchctekt20d3cww,CPX,CardanoProxy,https://cardanoproxy.com,Distributed and Highly Available Stake Pool Managed by Professionals,https://github.com/CardanoProxy/CPX/raw/master/cardanoproxy.json,4841cc0aa34012fab9604a6be8ded5768c9663781d5e580917615118371c9767,210
pool1v4xevkf7fx08pzy7atsk59dds6p0sdyl6xmhwf4mh79x6l5p6kx,DIVY,DISCO CLUB,https://worldmobile.club/,"Disco Club is managed by the Club, the World Mobile Forum. We are committed to providing the best staking service with low latency and 24/7 uptime. Producing blocks on mainnet since epoch 208.",https://cutt.ly/YktIs1g,6217678a187bd62ce0e5062b80a810d4535c5b9f650a2e139a743e687f8570d0,585
pool1v5u6wzakuc25q3zpx04t8gjz3rgu60wuxkv2mh5nga23xjkc86s,MOKSH,Moksh Stake Pool,https://mokshpool.org,"Liberate from the centralized world with a high pledge, mission-driven pool",https://git.io/J17jm,98c9e27ce80f8b50815c661833ff9731f63cbbb90fb6963ed5d1e5fbac785c99,476
pool1v6mdg9xm9a80js00zx53c6nagcw5m0m970nm4my4pkrlyxq707e,,,,,http://staking.snode.co/snode.json,06dfae40297ae0cc6085fe762b72698032727297a9248b1cb30820c2fee13190,396
pool1v85cyfgtkhzw3pydfrnjwh2c4yxsy9480898dqc2k8shs6697aj,,,,,https://valkyriestaking.s3-us-west-2.amazonaws.com/metadata.json,30674f918aa65983db2b027a09bd6e7d131c1be7a164c511b4e758a6e1d1925b,212
pool1v8gvy6tjp8x8wg5h4jw20p9up04lxgw0l0lgery9mz4h7h9x25n,300,300,https://300spo.live,"We are the Degen 300. We stake, burn and fight. Together, shield by shield, shoulder by shoulder.",https://raw.githubusercontent.com/adapool300/m/main/300.json,bd2a43a518f20bbe1ce3c6a841f8162a49bced7bc4d659d4467abead7ec131af,610
pool1vafsg5t78rnx3qr3fv7ys9h50pnvxqhd4l8tj629l5zk7tc39ch,,,,,https://meta.wavepool.digital/s2.json,0e0ec51f660d70f10d75d484dbad252b195091ac047107ffeba27d8a7540307b,456
pool1vc8jhqtwjrjwsfk6a0enx47hd2ufg98c34ta6lvl0zv0uhpech9,MDS,Medusa Development Support,https://adawallet.io,"This pool allows us to sustain and improve our free services and provide you with the best user experience. Our pool has high uptime, good ROI and equipped with low-latency auto-recovering system.",https://adawallet.io/public_files/MDS_ST_meta_v2.json,ef3aca5a37d0bc4d81c4f85da513e3565be372e9bc3ecdf6fe5cb1a5bb55bff2,615
pool1vc8jp7uagxgh8trzx7r260ndcydz89ges8sws05cyv7jj8q8gqs,OCEA3,ADA Ocean Three,https://adaocean.com/,Cloud based reliable stake pool cluster,https://adaocean.com/poolmeta-three.json,c0ffaed27904813baf1dcb6ce1f2af1e735dace43565ef83c408fef07610ece5,643
pool1vd3rfulk3x3k6mafusvrtnzysx9qkcgcks9an2alcpm55msk63g,RAID5,Raid Pools,https://www.raidpools.com,Dedicated Array of Cardano Pools,https://git.io/JJ284,2c51f54b267d484a12c9c4d34d17f058bb4f7caba01f6d5e51f9071a78cb60fc,256
pool1vdcu0y6ujrwmnv4u50j6upxkjug7cx7zsaynjvgkcm2ycmajelc,COOL5,COOL5,https://www.stakecool.io,Let's stake COOL!,https://www.stakecool.io/pools/cool5-013.metadata.json,6c3f0729fa06e483f059135f88a3c6ffa30815fda7931aaf34d40b9e14c41d71,629
pool1vdh6kxcqt9mxavyv80ggnec6jjwms44ms30rhle3lt266aj8jgh,NEDS4,NEDSCAVE.IO,https://nedscave.io,advanced staking,https://nedscave.io/neds4meta.json,b5f91459d4b098b6575b50a1b0266fb5e328f021b862fcf9c8e236f57948d401,619
pool1vemm9tq77upd9m6wtu7edw8wtju3ymnuq9wz43cfn35qk26ddqq,CNT,CoinTourage Pool,https://cointourage.com,"Lowest Fees at 0%! Multi Node Global Cloud Pool by CoinTourage, Now at 0% Variable until 2021 Guaranteed.",https://git.io/JJyc7,03e28b397f3d41e61c593ce88a6750f4956b47835a6e84122f40ab1a31eac825,215
pool1vernpfxctyv20kzhfh65jy6j9pggqu53dk2uhs8vmxkxw57t2fp,LEND,LEND pool,https://www.lendpool.org/,LEND pool is supporting Cardano Decentralization.,https://git.io/JB2Lq,fe29df86b8c938c761b9acae6a0cd447af51abbec38c0f5b70706d2a16894e15,354
pool1vev8z03vh7jwx3mfrgzrt9fltt97nupaxv8ffj4r5r8mgwts5ze,ADAOZ,ADA Australia,https://linktr.ee/peterbui,"A dedicated single stake pool run by Cardano Ambassador and Learn Cardano Podcast host, Peter Bui. Serving the Asia-Pacific region, it combines cloud and bare-metal hardware for enhanced resilience, performance, and reliability.",https://cardanode.com.au/adaozmeta.json,a04ae2c84978fe598a59f212eb7f45f96e0c733bb75f06beea51aeb880927752,601
pool1vfayajkdc0gw876lax5va6ygpfpsd8kz73k4y977emm3clnxlm5,KAYA,0 % fees. Cardano Singapore Pool,https://twitter.com/PoolKaya,Mission driven pool to alleviate human suffering by donating minimum 10% of pool rewards to health emergency crisis like pandemic through relevant charities.,https://kayapool.github.io/metadata.json,d43235e01d8141ff8f2044a6f30671f898b56683eed7219f19f8f3fb43e80abf,553
pool1vfk2rjpkjaux6u8waahdz4urv9fucr80uvumvtvxcsddxkny593,RUMI,RUMI,https://www.rumipool.com/,"Yesterday I was clever, so I wanted to change the world. Today I am wise, so I am changing myself.",https://raw.githubusercontent.com/MadTurkPool/m/main/exm.json,de6e695785f00b210ef0d3889729c6b79037026f1b2564448f3def25c8eb1fdf,365
pool1vflcm2fde9qyzcr0lkkv4httte3xep6sycasrtaxw6rt2me3vwp,OKNW,OKNW Cardano Pool,https://twitter.com/oknw_pool,おきなわ県からカルダノに貢献したいと思って立ち上げたプール「OKNW Stake Pool」です。カルダノネットワークの分散化に貢献できるよう頑張ります！,https://git.io/JDKeP,51d76c320242cdf4f3bb569156a887f1d8d32129626fce5711b4b037a482a2c8,448
pool1vgcwg06lyydtnukylyxfw8mclr2quc2wuhtlqzvr3ul9jnply9x,WRTAH,WaratahPool,https://waratahpool.info,An Australia-based stakepool donating to cancer research organisations,https://git.io/JsY8d,fbae8e2143cd3d55152a8acc01bc7191d412f252e5fbdcfabdcefdd8f873fb9e,290
pool1vgn0eerhcs9pfrmftlxjmc2sm0t4vmhrqyma0hk6spc6geahrck,LOVE,StakeLove Japan,https://pooltool.io/about,From the developers of PoolTool.io we bring you StakeLove Japan. By staking with us you are helping support developers and tool creators in the ecosystem. To help promote this pool we are offering 0.25% fees through the end of May 2021.,https://data.pooltool.io/md/9c8711ed-3f6c-405d-b2d4-9822dc79d354,24a051d21c8130e77ae1b607b2c00e92b360cdf762a65111de452148b3ec291c,281
pool1vh4y864hcq2r66ak37w4dsnkhnsfxaaacs0p5s4vj5676m6txwm,HOPE,HOPE,https://cardano.ipclub29.com/,JOY and HOPE Pool are witness of How Cardano change the world !!,https://cardano.ipclub29.com/hope.metadata.json,9e0d243096686460e1b038cf73f670d9da8fc39adf900343e91438927aaafbe7,546
pool1vkc0dvuf8rxrch87umfayacgglrh8f88ef0f64xrdue5u2xjwfm,IFS1,InfStones,https://infstones.com/,"Fueling Blockchains, Infinitely",https://infstones.com/cardano/infstones-1.json,98a8359625efddf2aa88201ff9bbfd1a3a0dba5c15dcb1abe95124792940132d,287
pool1vkngxunyagwen690yn36pa2v6jecyxgeavl9nva9dwzhu22fzt7,LOVE2,Love2Stake: 0.00% Fee & 100% Rewards,https://love2stake.com,0.00% Fee for life. Let's make the world better for all.,https://raw.githubusercontent.com/aliafsar/ada/master/love.json,02bfb760540ec29b1b0a668e494eb963cb312208c85c85c096da80544616f33a,526
pool1vm3rcng5f729uuhehfq0ael0pw9x9dlukqkdlmk2fnakxt3jxyj,,,,,https://raw.githubusercontent.com/jarixe/vapor/main/meta.json,41a16bb28584f10bba7214b9ce744b44f1a6bfe36685898d269c9a923f1b72a0,268
pool1vmj2h5vwgc369g9v4lym57rg84t8sh6twn2sc75cr3pdjcg90gt,SEXY,SEXY,https://this.pool.is.not.in.use,"We merged with AAA stake pool. Past and new delegators, please delegate to AAA. This ticker is for private use only.",https://raw.githubusercontent.com/stakelovelace/pub/main/s2.json,b3ac275b0568c3b7d63f889f896086fe4cb61d0f156cbfa18b5466a8480e012a,328
pool1vnsfv2qpt5gxte9prupjey8kw7ap7t6c8lc02ks4s3gtqplhgd3,1PCT4,1 Percent Pool #4 (v1),https://www.1percentpool.eu,The 1 Percent Pool is dedicated to run stake pools with only 1% fee - ALWAYS!,https://www.1percentpool.eu/1PCT4v1.metadata.json,93c69fec8d5ac4200996f173eb7b5f7152e4beebc807854f9997a6e9ae1f5bbb,303
pool1vpa84enqxhh5hnyypeqfshsgqhnjfzyddgq7z4tfmavh68c9s9p,CHAOS,Chaos,https://chaos-staking.com,Life is chaotic. We're ready for it.,https://raw.githubusercontent.com/not-tacos/CHAOS/main/c.json,62338ae7a7f1cb051be38f244e29352ef4bed96a7d9adc2270c1b42c36b61100,587
pool1vq0zje42hmm83pczyf5w467m76x779glymsk2c7zcm2wgnct4pc,APPLE,🍏 APPLE staking,https://apple-staking.jimdofree.com,APPLE staking,https://raw.githubusercontent.com/jsg7/c/c/APPLE.metadata.json,51820ba7e123cf8a67ccc4bc7d6ff7ee4e498fa33c41e66802543bde0eb1ee4e,211
pool1vqm5n5d503uumuc89s5y4wuczrwe3tlgylt2u2uj7y276avr5pl,BIO,Bio Pool,https://Pool.Bio,Stake ADA with us and shape actively the future of our planet. More infos at https://pool.bio,https://meta.pools.pm/bio-m1654593156,3aa673f2d96bdec71b96d78181cc29960b1b89b685f77020481e5b54f7ffb9e0,547
pool1vquhv3kh6xkklckaenl8alyuhfsld57ef5573aqauueyqacx4ak,KIWI,KIWI by 🥝Kiwipool Staking,https://www.kiwipool.org,Solar-powered | OG est 2019 | Plan A 🇳🇿Baremetal | Plan B ☁️ | Plan C 🇳🇿Baremetal+📡Starlink+☀️Solar,https://tinyurl.com/5u8t4nna,b9dd8512a1dfd21dfa2ff19d859caba9f60282e0805257e440ee02c4bf8ee973,621
pool1vr8yc6ds47hzfgqxu9tzxdwze6x82fetqdps7vvmcdav6rlzd3x,UNO,Uno Stake Pool,https://unostakepool.com,Staking simplicity and a maximum of 1% margin for the lifetime of the pool - Currently 0% until saturation,https://unostakepool.com/poolmeta.json,19a26cad157e5330268af7ab83d9793988ac8c3abb94f0795f980ab71b5a8777,327
pool1vsuq3gtdvvsyma3gvz58chk8u4gu5yd03w8ptfks3ttxwpfvf0e,KING1,AJGoldman NFT Community Pool,https://arthurjgoldman.com,"Enterprise level Cloud Infrastructure, 24/7 cyber security and performance monitoring, 100k pledge, 3% fixed fee. A Premium Pool to generate Rewards and support Smart Contracts, DApps and DeFi.",https://arthurjgoldman.com/metadata/king1.metadata.json,585f6b31d83d3de282ebb1eab952e4507097a2744cfe656fb5e7b528e4ab7d15,315
pool1vtf34mujsfrr8wesg8nvmnupk7npz7f287whltv2ga4wc2728mf,OTANI,OTANI-Pool,https://github.com/crest9999/,This is a private pool.,https://mithril.co.jp/spo/otani/poolMetaData.json,cccca1754e7945b5ac77c6787f9d8b628ba575172c5b6799f30e7560a0e94070,512
pool1vtpn0drn5t39frknedmqq2jkhsfstwketsnvdm7cjzz674s30v2,BLISS,Bliss Staking,https://www.bliss-pool.net,"We provide you with a worry-free staking experience. Enjoy a hefty pledge, low and fair fees, along with best-in-class performance. Bliss Staking are proud to be Mithril Signers and Single Pool Operators.",https://www.bliss-pool.net/BLISS.metadata.json,ae3a2290c501b2a19fa69ac8956052040523cd1ef60fd63c37c5e163faca490c,499
pool1vulu80lngn7t3jf3trclavfal7h58p4ap5f849r35z6mkfvac3c,,,,,https://git.io/Jr1Px,9693464fb1b6ff8a0f59a73519e53fc6e9ac8c628aebebf8ec053112f01de68f,302
pool1vvesqladm29fuzrv93px5qse0upw82a579lz9063xsfrz7yef7z,8SQRD,8SQRD Cardano Stake Pool,https://8sqrdpools.com,"8SQRD is a Canadian Cardano (ADA) Stake Pool founded in Vancouver, BC. We aim to support the decentralization of the Cardano network and contribute to initiatives that fight anti-Asian hate. Stake with 8SQRD for low fees, performance, and reliability.",http://files.8sqrdpools.com/8sqrd-pool-metadata.json,a8a207fe553942d60c98b3650038202678d34ae8df4e19dbc94b03c7f22338e7,360
pool1vvh72z8dktfy2x965w0yp5psmnyv3845pmm37nerhl6jk6m2njw,,,,,https://www.adamarte.net/pool/poolmeta.json,f7aa57166d5d8328cedc12d45a5404e55723caa7f26599bd5aa5284bb5144b42,211
pool1vw0rqsvfx0ngct7gfmlz5j2e4gap6sd9pwrmemhd488eyxvm88r,,,,,https://huginnmuninnpool.s3-us-west-2.amazonaws.com/m-pool.json,fd4c29a7f9297c0c9fc4c404bd7629075d869f9c0e1577363a8d6e766d8051b6,235
pool1vx9tzlkgafernd9vpjpxkenutx2gncj4yn88fpq69823qlwcqrt,CRDNS,CARDANIANS.io,https://cardanians.io,We are guards of cardano - we are Cardanians.,https://cardanians.io/_storage/pool-crdns.json,bf10f48f634f61faf1ab49e6014339d76cbc651ea9d44baaeebcab859d5f1d0a,383
pool1vxvdypctdecvc2j7xu9y8h2fdxvkpjy2pp8luwg2h6dx5jlv0nk,COOL,COOL,https://www.stakecool.io,Let's stake COOL!,https://www.stakecool.io/pools/cool-013.metadata.json,e50a1ba1cb5ebd62f6ab83d98346e0c04fcc45aac8edea2069f2a10fbfe11832,629
pool1vxz0deezj5c2950e7arpzfqxzq8zd9kawsullrzjw5rsq0yhxgr,ZZZ,ZZZ,https://coinzzz.jp,日本語徹底サポート付YUTAプール1：YUTAプールは1000人超コミュニティサポートの実績による”信頼”が売り！事後的な不利な料率変更しません。気軽にご参加ください！,https://coinzzz.jp/metadata/zzz.json,4a460e1ababbcc38319a43b51b21f6f6a761aa1c7908c3f651952e38d798cd46,543
pool1vz9txqmdhxwegpy7uzrsap84z309veehqv3uh4s60qwxk0u7h06,BOOM,Waiting for delegators,,We offer a high performance pool to support ADA community,https://bit.ly/boompool,96f326660d46b91b23cc04a971eb6a6656a87691471086b619d17c551e146640,335
pool1w2alpqttaulpukcrz0j902kk8wmq68q9qm50c6npaypk7yypy5a,KIBA,The Kibatsu Club Stake Pool,https://www.kibatsu.club,This pool is operated by Kibatsu Club.,https://pool.kibatsu.club/poolMetaData.json,18a2a4d8cae3b6be35fe2916829dfdf2d82d94f9f6647c6695641e8fea142ffc,307
pool1w2duw0lk7lxjpfqjguxvtp0znhaqf8l2yvzcfd72l8fuk0h77gy,PSP,Prime Stake Pool,https://www.primestakepool.com,"The future is here.Together, we can change the world for the better.",https://primestakepool.github.io/poolmeta/psp.json,884c35745c00995f16612422a8f02170fff73973775df1857ee1807ca44d5841,638
pool1w2hc8xqzxpjw7dxwq65krmq79zswvvdmsgs8p04djwt8vm84qmv,,,,,https://www.wiredfoundation.org/pool.json,6d707204473f3a9ee0c765fefff5ea5744c34e3a1db0ae7ff1b7b9afcc06c070,325
pool1w304gh8xwdcjxumdl5yhvu28j6eax9sf08tu98cp5eth27vy6ez,,,,,http://azmatcap.com/poolMetaData.json,8b7aae5578a9a466c87aa44c7d9af2c97058836e384ed2e6e3be9d4407b275a9,220
pool1w3s6gk83y2g3670emy3yfjw9myz3u4whph7peah653rmsfegyj3,ISLE,Island Pool,https://islandpool.github.io/,"Live the island life, paradise for all.",https://islandpool.github.io/poolmeta.json,d6485fa5399fa9549ba921c98cd727ea8f607b4b6bfe756d6961458c566e9c98,214
pool1w4am4s9w4gkt8r0245km62vtnnv9hhq6j68exzh2pyaxxfaq0gc,1PCT2,1 Percent Pool #2 (v2),https://www.1percentpool.eu,The 1 Percent Pool is dedicated to run stake pools with only 1% fee - ALWAYS!,https://www.1percentpool.eu/1PCT2v2.metadata.json,c0fff85f6b03ad8c3dd1f46a94bb27ac9a26da8738fff8da1238cd3ee31af57f,341
pool1w4k38v33hm00f488leycy7x4r77c6zgax2w30whtrkf4uh9agpy,ROOT,ROOT Stake Pool,http://rootstakepool.eu/,A reliable and performant pool creating strong Roots for the Cardano blockchain.,https://raw.githubusercontent.com/rootpool/pool/master/meta.json,4144ecf9da7e4d7d992e52b96f2a5303d2b3ee627f027066fd7d1a1343cadb95,255
pool1w50f20mpxwtal3plsqmgrx2xxlg84hn7ep0fhlcajkhu77k8tfp,,,,,https://www.spane.org/poolmetadata,44b076d8a60b94795e7c4d089e47ad910b91cb5c20694716a49df45e88497603,271
pool1w6l6rvhxtym5psec3mvgrjlg28d6hrv8g9jjexadzmxfgndfg2f,SIPO,SITION POOL,https://sipo.tokyo,SITION STAKE POOL for the future.　ミライのためのカルダノステークプール,https://sipo.tokyo/pool/sipo/poolmeta.json,5605a34ede39eda849fe2da80521e9362381dadb7b07b33f65514e899d49c4e9,643
pool1w728ekz4fs2f33qmqf7047hvwsmarjrv5l575ncnh7hkc0zdhgz,LAKCV,InvestPool800nlb,https://InvestPool800nlb.com,This pool supports the idea of decentralization,https://git.io/JRy3x,393853077cb704852a4f9b9c49ac976b21f60b56647e8aa4ff41e557889c892d,609
pool1w7avkl9cszkmx96zn8cfgrwj5quqh6ehdmjp9ejszuhegtevrcc,YNMS,YNMS,https://ynms.io,You're Not My Supervisor!,https://git.io/JObuu,083b322c098777f1eed3e9c8301defbf0ed825109dbe8a6507fa4d9c9df6e49a,307
pool1w7c2j0px43jmudhf48ezp7dy8j7904c9l3wc7809lhh2z026hch,STAT,AdaStat Pool,https://adastat.net/,This pool allows us to sustain and improve AdaStat.net Cardano Explorer,https://adastat.net/stat.metadata.json,814de888f1a187451743f469ecf05d55561488c5cc4982e7331aeb1a35b983c8,490
pool1w7pt822hfgw30xnkwpjzz0sr5psejksqdcdw4l0ms33lsgynp2e,COOL4,COOL4,https://www.stakecool.io,Let's stake COOL!,https://www.stakecool.io/pools/cool4-013.metadata.json,7b58fe3fc8a594b8acd9e85442785626bb3daea95c13c8cd74230dd93f68c72d,629
pool1w8ham64lthvzzxzn5hknq4yrj8xt2nark409s2xmntlwvt4ag3r,1PCT7,1 Percent Pool #7 (v1),https://www.1percentpool.eu,The 1 Percent Pool is dedicated to run stake pools with only 1% fee - ALWAYS!,https://www.1percentpool.eu/1PCT7v1.metadata.json,ce8628edad3e737bc25eb0f63c8f44b90c4e68211d112b4012ebe830cb7d2450,303
pool1w9yeaaadjz9563tf2h7katrlujvxnywda8el8z66h02ckccx95x,SUI,ADA Suisse 🇨🇭,https://adasuisse.io,Swiss 24/7 Green Stake Pool,https://git.io/JtzoH,5a7ef261b3a543fa0021847e541c67b36861ebd2d040094a26003dcdc9ea1300,517
pool1we0xjccr3vc4ypnmhzsgwp7sxpsytu8dtv0syeqmtrllvcex68q,JUNO,JUNO stake pool,https://junostakepool.com,Single pool operator. Pool operated from the Netherlands by Dquadrant,https://junostakepool.com/mainnet/juno.metadata.json,0fc3269ac278b5c73eebf5afdf2f7f710fffaadf04bc6de95e52b088fa395a63,585
pool1we9umarzn0l6jp8mcm98y28lxuuzcurzpjldnjwtgdhgw068mnr,,,,,https://adriapool.net/poolMetaData.json,79ef3e7456e019f7c47a150582bf1254d385670dfb8797f5c441f0b58109a661,482
pool1welc4vthqtkvcf2e4adza90np6p7v7c4dmkmf567w3xr7ffqd72,IOG12,Input Output Global (IOHK) - 12,https://iohk.io,Our mission is to provide economic identity to the billions of people who lack it. IOHK will not use the IOHK ticker.,https://pools.iohk.io/IOG12.json,93c1ad4e40b477890c5bcd48253788b879e7ca682bf0027fae917fffb385ed22,210
pool1wese6np3cptssf8rd8gn49259dj7u225dujj07tqgtnqytgp6xx,,,,,https://davespoolparty.com/poolmeta.json,e97e53a95dc25eed0da663710e25e8cd3f1fa6d492399251b0710103c512ef25,262
pool1wewygdzelh9m4m0kj8u70pmr957lxkzl8km4mttsrdd7wht00vu,,,,,http://urx.blue/U9iM,c366f917df8738c51fe7126b313afcfcf24e6ff796a8ffced44215edc500111b,345
pool1wf7wk3802jxtkmek6uprm77cgqx53t4qep9kwkl078w3yw0ff69,DNEWS,DigitalAssetNews,https://danteachescrypto.com/cardano-staking-pool/,"The official Staking Pool of Digital Asset News. Powered by Microsoft Azure making it Reliable, Trusted & Proven. Proceeds given every epoch to help the global unbanked through kiva.org",https://raw.githubusercontent.com/digitalassetnews/_/main/d.json,b5bd0a383b04edf846caaca27d74897b715a0034bc74740e658f13c49d78b30e,265
pool1wggqaqs4pw2l4vml0k0p2kmvpq7pme3fl6smwc8cjjhvvuun9ww,XST,Xystence - ADA against child abuse,http://xystence.com,We stand together against child abuse.,https://raw.githubusercontent.com/uynr/m/refs/heads/main/m.json,e6fb364510dd3210414b3c57b833a029faf3b581f790185389918b20dc08e1a3,610
pool1whk6lawmfz4zq5fw8zghglp23452gnm9zgs59nqafhpexwcvute,WA1,Watashitachi1,https://staking.cardanofun.com/,和たしたち株式会社「代表取締役：内野 雄太」ビジョン：信頼のおける伴侶、家族と一緒に、一生涯、仲睦まじく、健康で、笑顔で、幸せに暮らしながら、その輪を、日本、世界、地球へと広げていきたい。,https://staking.cardanofun.com/fun.json,01824d8aa83212a7edf2dd7ea629d2fc2cb47cffc748a99cb1e32f039463c8d8,490
pool1whmm0hkxunyhxsr6dfjpx2tpvd05qhev820lx9vcmvqa5wjc6nh,1COMM,One Community ADA,https://www.onecommunityada.com,"Provider of Cardano/crypto news & updates on Twitter (OneCommunityAda). Relays in N. America and Europe for redundancy and best network synchronization across the globe - Alerts, monitoring and automatic failover in place!",https://onecommunityada.com/public/poolmeta-v04.json,becef241f7336caca04a9cb7edd3d358f28d7cae07a86a4aa2a7161e25200222,604
pool1whzghlghkuqn8qf3ehpm3a4rugv0xxmgzau43zqer2awy2rngef,,,,,https://git.io/JtBcX,ec30fd2911fb17318cea565fc93e6dd98f330c3518c3a438d45a47085af71518,249
pool1wjext9skqge8x7z5asvvmezlal6npjk8v2aduavt6fehyzhnu5a,STI3,stakit.io Pool 3 by TOBG,https://stakit.io,"High-quality Cardano stake pool, from and for the Community. If this Pool is saturated, please consider our other STI Pools, thank you.",https://tobg.github.io/Cardano_Pool/pool_stakit3-4.json,b9095997a041443f1648b4dc59ab45d9e129dc53e83f02bbedc6ba126cd924a9,450
pool1wjsshqjpl3n6zlscnfvyy9gxklkav2dvfyprfye6l0kewyvv6yj,SAFE,🔒{SAFE}STAK,https://www.safestak.com,"Premium stake pool with strong technical foundations, secure practices and long-term vision. Managed by respected and overly helpful members of Cardano's community.",https://jolly-ocean-0bab2f303.azurestaticapps.net/SAFE.json,0711700dc813acd863a6654189484d872c22d222a77df6e4072dd1610c295e0b,569
pool1wll3vr4v605eap9hpjfpda5cjegqfkjt8hrz3kkxpnffqejhav3,,,,,https://otakupool.com.mx/poolMetaData.json,4330f042fd2356f9ef0649a7658850edbf557eef2ae9cbd869b29b2cbb6cd1bc,624
pool1wm5quxelvgk8q50jyfznf9asvelp9zf0tk2wu4jazlw9yj4uctw,EU01,StakePool247,https://www.stakepool247.eu/,Committed to provide a professional ADA staking service,https://www.stakepool247.eu/metadata/eu01.metadata.json,6378f5038fb763954d5bb77d618e83b7e70b196be449e51a572427adcbec58c6,625
pool1wm89xjqp96t3mlun3pa5suxa3t4s5lluq239en0nxl7pcm5tprc,SHOP,SHOP Pool,https://github.com/uniVocity/shopify,Help us build cardano integrations with Shopify and other e-commerce platforms. Our open-source project will enable online shops and customers to exchange ADA for goods with 0 fees and commissions.,https://univocity.github.io/shopify/shopPool.json,1a9d2e142cefc7af5fc834303155654e80591b63b38629e1aa01d7b5c55f7bd5,422
pool1wm8vnvdqpy0hhwrwfzru0lf75pknq6pnw6garlzzqks8x0ptz57,TOA,TOA,https://toapool.insamoa.info,The only Samoan stake pool for maximum returns on your ADA,https://raw.githubusercontent.com/tavitas/toa/master/toa.json,96222f9932a30a365a6424834a12e4f62220dfa2c3b5161954ed82faa5c1309e,211
pool1wn5cmtuzkgqfnh6htjplu7uleq5qxk4thc6wtm2fjrgmspqutaj,,,,,https://cardanocenter.pl/myPool.metadata.json,3fb6f551ba1d2b1736566171574e3ad8e777672b47650543f9f26b5b9deb1333,457
pool1wnshjhwqv9j7fgd4tkynpsqr0xczns4pghljy5j4z4qjj7qy4d4,GXY,Galaxy Stake Pool,https://galaxy-stakepool.com/,"We are committed to providing the best staking service with low latency, 24/7 uptime, and high return on stake. Established in Jan 2020, producing blocks on mainnet since epoch 208.",https://cutt.ly/ChjvFgj,bbf2dbeed41936186093c268dd9607e27cf50df55439cfb943530adff3794970,324
pool1wp7vqk4mkx0w0wxzpy8avhft4qwcg60xldwem2uh9n4pw777fhz,,,,,http://honeypuck.com/poolmeta.json,81c4c9eda036e45a565699022f341e3c16f17002b0e034e385ff44990cfd4fb2,632
pool1wpmjtfqcwvtcs9znpuulk99yk2zz6pfh0c4k9f2xlcspgqjndk2,MS4,Moonstake 4,https://moonstake.io,Moonstake is an advanced technology company with specific focuses on blockchain and staking technologies. To build the Asia’s Biggest Staking Network with a technological innovation that drastically increases the efficiency of blockchain technology.,https://git.io/JUGn1,62b1966a62a706b8fe41679a1037f1fa1fe50db9c70d5ae6a0c10063a29d45c8,438
pool1wpzr2xafvtne6cnvlyzjqf8dlj2dg7tgkv3vu4zt687266ep7wg,ZOD,GENZOD,https://www.zodpool.com,"ZOD Pool is here to support the Mission. Working together, we can Change the World, block-by-block!",https://storage.googleapis.com/zod_pool/poolMetaData.json,402330fbcc99e6ae85dde4d3bafdd4691949f711b79f6363378836db5a46fb85,290
pool1wrjg8fts9cus0eq8jyf5wqsfe64e8tvrquxgff3tyze4qal4hwq,TPOOL,TricahuePool,https://eztero.github.io/TricahuePool/index_en.html,"Pool located in Chile, Veteran stakepool, present from the ITN",https://raw.githubusercontent.com/Eztero/tpool/main/tchp.json,a11340580676da15292c5bde6b42c1c48a03f22a7bae4d7c37baf55cadfbbda9,527
pool1wsr9ehtfvc4cs3rzfv65jjv7w7pe3xngw58mtt0ex4jck5frw79,S0716,Studio0716,https://studio0716.github.io/,"Studio 0716 is a highly-available stake pool operated by industry veterans, with the goal of supporting decentralized finance and emerging services on the most researched ecosystem, Cardano!",https://git.io/Jquzq,06a71e0f0e0717ac4ca7fcff1b0cadc5afe17eceead278b4d7e1dc696c80a266,256
pool1wt0pf4u2xktp0f7apveu242w6nkm4ltk3m8g039lvuhwq4zdtf3,ECO,ECO Pool,https://ecopool.io,Reliable returns for You and the Planet - generated with 100% renewable energy! We secure your ADA staking rewards and the future of our ecosystem. 33% of our pool margin fee goes to environmental charities.,https://ecopool.io/ecopoolmeta.json,438894b13f28d58de1e497303a2b6b768e46453e8b7b941bab6f7fbc7636d33e,632
pool1wts9wudkagw3dtryqszqwwma50hn4llav48axwpqkpg9v09pq4z,,,,,http://kibo.html.xdomain.jp/poolMetaData.json,b059040784a2a90e44e7d241d8f3a3a25a72f36fd657a5876f258c1788a24d1f,256
pool1wuu2at4ccsqnlaw9q080wz7y0hq7m5utclffjfn3g0vd2j9xs8j,,,,,http://stakinator.com/poolMetaData.json,a318a8f6a9532a49d7c2bbdcd3c6ff82b3c8c90167f44a4a635d5e7819ee5723,261
pool1ww2x7t5u6vvfs0z7s34p6hcts29ynytgvxnw5szmqazhcq928vp,,,,,https://cardano.rodmarzavala.com/poolmeta.json,ceaba44e81b0c4e3c4cb4bdcbebdeb6c32fa9fb506778c753975a161b4241c3b,234
pool1ww8szkqd5mxajl5yf7csff30su5k23g9dk24npwkvp8rvdsn3l9,,,,,http://ez-exe.com/mythpool.json,ea727bf978403bf80247af8c631e63ad367c5dc53e1ebb8b2f0bfa562399a043,210
pool1wwzctexlp70mj00vv65mlhwhwresn58s9x7jl4tswvkg77eu7n7,UKADA,UKADA,https://ukada.godaddysites.com/,A Low Cost pool here to hope contribute for a better ecosystem,https://bit.ly/ukadapool,d5a2ef038799121362982904bdc68dd2a8758a657ae08c69b903414a02086808,455
pool1wxn9nsl8rvxa6r8e5eaak0ml6etfxnz2n9vqrmsw5nzgyexgkrn,,,,,https://raw.githubusercontent.com/dtucunduva/ektrp/master/m.json,2a58bcce4fbe52ccf84b92f28a87a2182a30ef05977623c84a32d97153a8d02c,249
pool1wxpzjtfr79pdfs6m6vg6xmcqjh79ff9d6sgzfdpvs2q26swahew,DMOON,Dented Moon,https://dentedmoon.com,Dented Moon stake pool. You know where we are headed,https://dentedmoon.com/poolMetaData.json,43cc54b8112c29ef9958b387efc8227e65dda17d0774a9da4565776416eaee5a,465
pool1wxusu5xzdz8hmjsr450ur3hrdrehv3fxmhxppgra2fprqnjftwd,,,,,https://bit.ly/3cHi2Xr,0087d52025d5a780fb5959f4c64495175a3b90b9fa12b9638f0de4fd857761ae,405
pool1wyfau3rlkckr3clr4mkyxn9vdlrkup0fj7uyyflfccmms24gm3a,TERA,⭐ TERA ⭐,https://cardano-tera.com,Hello This is TERA Staking Pool #1,https://pooltera.github.io/md.json,fe0f34305a634c105e1b93da73e33f5b6cb898eeb062ba48542419a336771c5f,625
pool1wym4qkxsvqejxqn4l55y9z708mkxc36qge28qevrvp056fe7dxg,ACORN,Acorn pool,https://acornpool.net,THIS POOL IS RETIRING,https://tinyurl.com/2pshpwmv,c62997c29db300985f54458e09157c29268cab474a0bcaea8fc3224d1a285428,322
pool1wz27a9pvd2jat98s375lxaaj7qxy405km4vzp83wn5vtwp59kvh,BRADA,BRADA POOL,https://twitter.com/BradaPool,"Stake pool run by Cardano Ambassador, Gean Brinker",https://bit.ly/bradapool-meta,553384ec2bd174b9dfa783ed0ec4076c3f9164df098f3b47564123e68e51296b,611
pool1wz4euuc8r3gfya335gvpxl2nuajkvkjh3d6ylm4w83wcz7lqxc6,FASO,FasoPool,https://fasostakepool.com/,"Fasopool is bare metal StakePool that supports Cardano Decentralization.(Nebraska,USA)",https://git.io/JYimn,75f988deccb4e67c4d07b51c3cba5bdb7df25a2ee1d061c9cd3c40ccd2039194,349
pool1x0necz9ktlnah9505f3fkdncrlepz0q2gyfp4r7pjxnq53qw5kx,MEGA,MEGA Stake Pool,https://megastakepool.com,[M]aking [E]verything [G]reater with [A]DA! Low 1% fee so that you get the best return on your stake. 3 high-performance international relay servers for redundancy. Come join us and let's earn amazing rewards together!,https://megastakepool.com/poolMetaData.json,0ffe74a893abdeaab32831d726a0e0bad3b439fb543f70b8c5480cd8ba927520,484
pool1x0qm7xsyh2za3ltprxsgael544je4hg8tc3q3v5gv232z8jt4wp,PPCX1,P2P & CEX,https://p2p.org,Collaboration between CEX.IO and P2P.ORG. CEX.IO is an ecosystem of products that allow customers to engage with the decentralized economy from various aspects. P2P.ORG is a validator that trusted by over 25k clients with over $3B in assets.,https://cardano.p2p.org/mainnet/ppcx1.json,d650a45a7d3ad5d88fcd053bec66fd18f8336749953bb0aa62adee5719986f1a,529
pool1x0zhj6mavt2atvf4yenz6ql3m98pda8l6gmrscfhu9lvzy46y5k,VERT,VERTICA ADA Pool,https://pool.vertica.se,Delegate to VERTICA Stake Pool and help raise awareness about human rights violations. Highly secure and reliable Cardano Stake Pool. Maximum returns for our delegators. Several geographically spread relay nodes. Thank you for staking with us!,https://git.io/JGups,53276fdcb7038661bb9e2f446dc5d609160b8b2e48302e5fd4e98a097f6c2e08,300
pool1x2h98z6e5xvrg5zw3v3dlu8hqdtj6lhp6r3w5ge7rvcqcx3pafq,KTN4,KTN4,https://katanapool.com,"4本目のKatana。あなたのYoroiにKatanaを添えてください。Katanaプールは「サポート、世界一」にコミット、あなたのステーキングの成功を徹底サポートします。Please add Katana (Japanese sword) to your Yoroi(Japanese armor). Katana Pool is committed to “support, No1 in the world” .",https://katanapool.com/metadata/ktn4.json,297929f2f9ba9f3edfe00da2ca31f8ad4098c88f7b0357a141b58f2fdf49382e,210
pool1x3ekgffp0azuc8mwtx5gh5jnu59epar75grwclex4l0u2w8qlzx,AGIO,Adagio Stake Pool,https://adagiopool.com,"A highly reliable and secure stake pool running on AWS. Managed by a Software Engineer committed to security, decentralization, and low fees.",https://git.io/JJ0Wu,7bed68623608a59bffb40614cb53462d70c0d788b15145a17952664ff0a59357,296
pool1x3wuw3ungmrq5padffsqne82fx5uesy6dc2qmj83xyanq4rgnz0,,,,,https://git.io/JTWmo,dcb1b87628cd402da9e251ec89e816f10e047a4557d35d19f5b584c001a84f96,227
pool1x3ygjnc4q7akd4axphpztl88fu8k2rt6tuxucsrmhe7tvvggr57,KIBC1,KiBloc Stake Pool #1,https://www.kibloc.com,"Festival Season offer: 0% margin fee till January 15th, 2021! For more details check out - ‘TheKiBlocShow’ youtube channel! Secured KiBloc Pool | Bare Metal 8-Core Server | 24x7 Monitoring.",https://tinyurl.com/y6ah5peb,c92dd91ddbf794e0d8070a3ab3fe6f1dcc5814b94208c7368e6042b341ac600a,234
pool1x4vcdmm394m9d80le2sv6wc66snp9849h2964389u4uz654lzma,SUN,SUNRISE,https://twitter.com/SUNRISE_POOL,"SUNRISE AND ADA SHINE. WE ARE CARDANO, GOING FOR NUMBER 1",https://raw.githubusercontent.com/dannysunrise/m/main/meta.json,8156c3734d66ee65ece04808e942719c6313236376146d24ede847b40bf79476,473
pool1x5dfpgp987e4jhxvgczr3wv50nv2pwd873tlx3uthvcasm422q6,QXT,Quixote Dream Pool,https://quixote.systems,"Dream the impossible dream like Quixote! Support Tech Projects in La Mancha, one of the most under-developed Regions in Europe",https://www.quixote.systems/metadata.json,d3307c119eeec3dba94cd501aca11570d2b95e57ae250a041bcf7e26b7e8c378,393
pool1x7j89z3n7y7g8syk06nahcrwkdphhw6dymt8r3gf8ulyksrzh5t,ALLIN,Allincrypto,https://www.youtube.com/channel/UClFNxD5mGJa-XlZIcX2ko2A,"Public Key Infrastructure and SSL/TLS Encryption,Block producer has the specifications ready for the futute, Block producer sits behind two relays to minimise down time, The nodes are monitored in two different time zones to give 24/7 monitoring.",https://git.io/Jz0lB,c83b44205efd395888d61073807e6c8706543b4ca13113f6dfe086f5e6d48f17,552
pool1x89ssjp53eczthatft9w74749558nsz3pq5jn056634pgt5m58s,HOPE2,HOPE2,https://cardano.ipclub29.com/,JOY and HOPE Pool are witness of How Cardano is changing the world !!,https://cardano.ipclub29.com/hope2.metadata.json,b80f3a1fc62a95cb487e038157e596386c57cff0a7342e045f4ee8a263412a04,546
pool1x8ujs98g90dchw8kvu7u8jzntdh656u376fv7rv62e84jmznsr9,IOG11,Input Output Global (IOHK) - 11,https://iohk.io,Our mission is to provide economic identity to the billions of people who lack it. IOHK will not use the IOHK ticker.,https://pools.iohk.io/IOG11.json,5984d71c7949ab4a89da50d457f720842c957dfafe0f7bdfe2d6c868e9739b31,210
pool1x8z226hvsvw6l80f5qu0j6qlqustjcudna30pvk54tgqwd8lche,EVT,Everest Stake Pool,https://everestpool.net,Everest Stake Pool is the leading solution in Cardano staking. We specialize in providing secure professional staking services suited to the needs of the most demanding investors.,https://bit.ly/3fZL56j,d9e4a3d7072c5a4b17fa8f89678b308dd0b09b9f55777d89b4b0c2e4968e7869,448
pool1x96hyvvamshl5ymcpdshz4ymqjp33vvz9s8dx06xxwpzzkhgra7,,,,,https://ada.bestpool.pro/ABPP_metadata.json,b3f0d470dfff2c4a01879f3523876012db150d5b1c59a10d65478856ff27b191,253
pool1x9gsnq9pnu9vexrkc7009x4ak0d62vkm72my6vhfyqwj6sp5445,,,,,http://185.222.242.116/metadata.json,c22b9a6691a38f489f7da2c8559abb884edc7f93be23b0c1e612cb2e0696e998,317
pool1x9kerklpmyrzx22z944l9n8x9gn8s597vqy4hsllujetue8e5g8,,,,,http://analogpool.com/poolmeta.json,0b47f67181e221a71302090af64915a8325b6b25cc773fff10c97030e4aeec77,258
pool1x9l9avk84wwu062687eel4jcdlt8t3ud27tq6rc0ulp9yq4p2v9,,,,,https://cryptoaware.io/cardano/pool-metadata.json,41595a44a94ad05cb9e2fc4ee1b5560bb80c55c86c98ebec1300a50e2d5d5512,256
pool1x9q4jf3zwftwygeeulku8xtlywmtmzwxjk2g3fz3j5mlwjqnr3p,,,,,https://314pool.com/metadata.json,9737ee743942e9191b87b72cb146707fee559350431786ae1ce0fdb5e8e6d921,354
pool1xa5ra6y09xq20hp3msdxxlmtd2gghsz4w2xm6ut5j8f62c7avv8,,,,,https://tinyurl.com/1svzrd8b,2202f9b1ea1fecd14c115b18cb1f338254156c1f8c638aaec0040aaa148170c5,251
pool1xaudqyen24fz02vhu9qa2ry44suzfk8z3lh7sc6qx7c3gpweww2,OCEA7,ADA Ocean Seven,https://adaocean.com/,Cloud based reliable stake pool cluster,https://adaocean.com/poolmeta-seven.json,960aab61ee9725e49804204a875924f221d87ade5daaad3ece3fd0e504f48349,643
pool1xc4lghvqtllp7jqql7c5vjqp5qfqnp6de3rwvrxvv9nukn200fv,,,,,https://adarocket.me/bkv/poolMetaData.json,3e957963014f079e0e0c0b435fba04a161cba1ece8ae1284e2ea6f4bb7013cdb,249
pool1xcn2yddehm5ncjx0p24vkguth4rta7zv3getcztflxs3kh9rexd,MONAD,MONAD,https://www.monadpool.com,* -> Burrito,https://s3.ap-southeast-1.amazonaws.com/monadpool.com/monad.json,c22317222fd3e89f291e844ea55a329df5bae3237ff55bcd8aae5a8590838287,445
pool1xcslzgl6t2pcdr0u8ef2zkjhdyxy8xmgvzp0mcdgrw4k5gtg94s,4FREE,4FREEDOM,https://4freedomstakepool.wixsite.com/4freedom-stake-pool,Join us in pursuing FREEDOM by staking with 4FREE. Secure the network and support decentralization!,https://raw.githubusercontent.com/4FSPO/4F.github.io/main/m.json,cd86948445a6dfeeb1091d4c1017c8a83b715d385eed85159ccd32e8b792c4bd,462
pool1xdgzul0qespnz56zzrckwf4hcryyql9ypc4tya2dlu9a22h43ag,,,,,github.com/cardanochest/BIKES/blob/main/poolMetaData.json,16761e800af2b075b3289f6b7f58ac49c412a1eaea1b6d12c3ec813f6684a1fa,532
pool1xdwe294ntvnken52vsaar7edxpxeths4dvsm84pm4chyq70r0ny,,,,,https://staking-fm.site/will_pool_Metadata.json,3b9a20ec97f9bb138703c002ad7dc1ff6b2573061db954c68e8fe03bb4931e74,237
pool1xfkn3229pxwfmaula9vk9se4ur5x5pvxn78m7j63etgcczdhcs9,,,,,https://www.pool-of-babel.com/static/babel_meta.json,6fa2ae79453129a7b48f9317c1a450524efa9eb03848267514985088db4e1460,282
pool1xftlxx9slpz59thcgtwgdj3k9e0ntn3p4qnmzs3r84dkx0hccjc,SPS5,StakePool Service No.5,https://stakepoolservice.com/,StakePool Service is a proven pool. ITN track record is TOP10's highest performance. Produce by CoinPiace.,https://stakepoolservice.com/SPS5-MN.json,6e8d2fce7178025408c999b1346739f163250c63f46179e0bac3eae1dd29f89f,620
pool1xg45qcpkd2nutsr8kz8r00myly65gnvqdkejfa7r32g65zl68as,TERRA,Institute Ecoterm Modular,https://earthnatives.io,TERRA is a mission driven single stake pool operated by the Institute Ecoterm Modular which is an organisation dedicated to promote the use of EARTH as a building material,https://raw.githubusercontent.com/staketerra/p/main/p1.json,c6aac1636a6d843de8c91836e24abeb2cac16c6d3385379447384fd11da4b6c8,419
pool1xgwvxpas3r8nvg9z0f5cdcyr56whynkl9dpa0ukpq4ztjfspk9r,,,,,http://85.214.27.250/questpool-meta.json,f0016a0b75d7bb0afeb61d67ad83bf090af164022b65eba3e9a4a7f4e18eb0f6,392
pool1xj5f7a79lnc9v0gjn00fkf2lyzexngka59tpcew5rrkyqveagpt,GREEN,Green Stake Pool,https://greenstakepool.com,"A Low-Cost, Eco-Friendly and Secure pool to grow your investment with.",https://git.io/JJEE5,fadad4cb3ba1cb5fca4ae1d25f6448fd94611ba99ab04d010c1ba6ecee8bc2ec,526
pool1xjhzgchsl2ccvc5pj3aqytv9hh0jnaz63wtfnw4th07tjypm46x,SECUR,THREE SecureStaking.io,https://cardano.securestaking.io,We always have a 0% pool on offer. Check other SECUR pools if needed on our website or find us on Telegram. A team of cybersecurity specialists operate high security community pools in the cloud.,https://cardano.securestaking.io/secur3.251101-1532.json,eeef275abb16e9d8cf0ca3a3f83bfa92e2a7d6bdd6d62df11d4fa624b7b2b5c6,595
pool1xjqn3ghstsmq5urntzvrhvkx7zjt5jugt3ssnh4munaxkk8ykm6,,,,,https://tinyurl.com/0BRN2meta,67c2e2a6728064a926d1e4ec15f0bc7e2656cf5996232cdff727679316abcd87,254
pool1xk3ck79lra9c9x5c684lylvg8vlexmh0eh7w90t6s0zvw6k5vn7,,,,,https://bit.ly/3j9Pjcc,9e9ab57ca627ef0b7954cf7eee9c94d59421d7c0a1591398ca954c1f34bff389,360
pool1xkwnlr34tjrnkz6u4c0p36cju3xuls4dyynsdkf6cv22ksuhz6q,EMUR2,EMURGO 2,https://www.emurgo.io/,EMURGO Cardano pool,https://emurgo.github.io/cardano-pool-metadata/EMUR2.json,f5c8ce439776daefc20eb0bddce5d9f394dd4c2ac58717fb93137965abf1aa36,609
pool1xl208zapjg640pwk94ay8l5wk6ulfxfz6uhsw5uxlun6kxjvh8u,,,,,https://raw.githubusercontent.com/TerryCaniff/C/main/meta.json,3bd84902c13be71a18cfe6f7c85f4bae5b6e266edce7f8927ae11455268fd283,262
pool1xlfty06hg6q23qvcaxwv3p9ke7ff9n34qpr8tpxt2zflyq20ceh,SAKE,SAKE🍶,https://sakepool.com,追加報酬、低手数料、dApps開発で貢献するプールです。エンジニアが運営しており、高品質な運営と手厚いサポートを約束します。/ SAKE is single pool with additional rewards and low fee. Operated by engineers and promises high quality operation and support.,https://sakepool.com/meta/poolMetaData.json,06b2dd123bea3d02e19b4418450bee6d41dd366d9fbf3da1df655c7235dc85ef,533
pool1xlphlhnjvfeh40vcqf9fdewztsj6kyxq6604kaccpv00umjfu0d,FISH,stakefish,https://stake.fish,We are the leading staking service provider for blockchain projects. Join our community to help secure networks and earn rewards. Stake. Earn. Relax. 🐠,https://bit.ly/3LAfgjJ,af9d38fd43611b91132d4f264ca6df49c809546a67bbd288f31e9ee007357ab2,425
pool1xmftxwzqqkug8uzl2n2yvxhm6k0tx4rjtel92wjgvrlfk0uqy8c,,,,,https://www.hashquark.io/cardano/meta.json,0b872f46f2fdba21cc3cf68788bff264026bf68af9d1f5914b8691236e1423dc,211
pool1xmn8ag7jctcpdqk9jtrzk9s7qgs4f3cehkxhtelgpag6c7fjxdm,,,,,https://backtheblockchain.org/CardanoStakePoolMetadata.json,482a963fdc7ccf46ce6e0e81ddd185a9a78497d66a4c91298f87669baea1d27f,330
pool1xmsdhync6k6grkkj7tuycskjpseykpr24luhlazl5nsngsy87gm,EVE3,Everstake,https://everstake.one/cardano,"Everstake is the №1 staking infrastructure platform, trusted by retail and institutional clients worldwide. Committed to the highest standards of compliance, we deliver secure staking solutions across 130+ chains with a reliability rate of 99.98%",https://everstake.one/cardano/metadata9.json,9f864f6bd483777dff13284d5f7a3928c1b0a8f573ace024bddd313045114d13,626
pool1xn4kqt45xh3udf87kmtkdfz8xh9qn6trlqsf39eusk23ufmxhgr,,,,,https://meta.wavepool.digital/s3.json,6bc0ca7f6a7101ab57e9cb95da57c5b7c70e1b5a2b0ac220116a97379ef17a71,517
pool1xn63858ej0gcs4tkjm2e3a2fgjrecfxtvzq3465ypl8ywkx7gcv,,,,,https://git.io/JRizL,1cec90638fbcd037cd81a89d9bd739c060544b95664ab4e6455946270ee02330,416
pool1xnd57s77mw76wv2xhe0uatrm82qtdugq623rxszygys428a6aqp,,,,,https://eternitypool.io/poolmeta_1.json,c489eb4707093a869254b6274c4b2f00c78bd14dcb6b3c77c035992eeb8c6a8e,438
pool1xpfe5q3v3axrjdc8h38taaa93frq3m9pfewxk46x4r6jgy2yj5n,MAPLE,Cardano Maple Leaf,https://cardanomapleleaf.ca,An independent stake pool with lots of love from Canada.,https://raw.githubusercontent.com/IanChok/MapleLeafPool/main/p,603b5c78a8f5a8d0a4e7eb4189734fd9655ef0a9633d7ed1bba828cc06f78343,637
pool1xppj5zu9kmuqk05u6dtd3dmtj7fl25cvjyzsc95gmfyjywaslnp,MS3,Moonstake 3,https://moonstake.io,Moonstake is an advanced technology company with specific focuses on blockchain and staking technologies. To build the Asia’s Biggest Staking Network with a technological innovation that drastically increases the efficiency of blockchain technology.,https://git.io/JUGno,ee57fe89b24eef8067a62f39d78191edde26deba195d75b0b9586ac21a561caf,438
pool1xrpnsm80uy43tjsa3zlxvmdezlj34ps8y2gna3q93jp4jvzvph9,H4SH,Hashoshi,https://hashoshi.com,"The official Hashoshi stake pool, as seen on the YouTube series Crypto Over Coffee. Connect with Hashoshi on Twitter to chat about Cardano!",https://raw.githubusercontent.com/poolhash/meta/main/info.json,3f7b2c9dc0be9da94e250bca93c9463bc2e2b1193c3ca54c50571bf80a15b812,321
pool1xrrrr8gldqz8pjxj6j8c638a9py04xuv66kfgn2dlsx9g52te0t,JP3,JAPAN3,https://tokyostaker.com,JAPAN3つ目のプール。東京発・安心ステーキングで、あなたの心に安らぎを。複数のステークプールと戦略的提携、災害時にも安心なクラウドサーバー、安心安全平穏なステーキングライフをお届けします。,https://tokyostaker.com/metadata/jp3.json,c9f6b74b803120042a0cc21d3e42a8886aeff134bde6af0f34a3a050cea2a35d,210
pool1xru6f3fflzwkptgm68pncrsncg9ngllv0jk8jnz40m7wusfhazk,,,,,,,639
pool1xs34q2z06a46nk7hl48d27dj5gzc6hh9trugw2ehs9ajsevqffx,SNAKE,SN₳KE Cardano Staking,https://snakepool.link,"🐍 SN₳KE is a pioneer Cardano stake pool delivering secure infrastructure, transparent operations and long-term commitment since the Shelley era. Join community: t.me/channel_adasnakepool • DRep: drep1yt56tpzpzu58zy7pz4zwfp32rq95tj3xfxmdrg8k3qhxjlccp47cn",https://asnakep.github.io/repo/snake1/poolmeta.json,a1dd1db23507e7b23311488395671771933bdc2acb9e15c0b76d363a38f60973,638
pool1xsfw7mrqpfgf9ay060ugp46m2eh3uydd35lw9ychcnsrk7mar8l,,,,,https://www.adacore.io/core.metadata.json,1f4518ac6eaac90771f3badff968a68fe2c60f2ed65942aeb0636abf968138b5,257
pool1xsrcztc0td5cx2wafkumwayw02nq0z67ta6vpte3swz7g4ta2f2,,,,,https://cfc65da3.cardano-metadata.bison.run/metadata.json,9e2896ecddeb0375be79d04449ecd73839971525793ca861ddef7b496ccc0638,354
pool1xsyl4mgg08httw4mw7z2tjnzm839e7rh8es5sngwqmvgq2qk235,1PP01,One Percent Pool! #1,https://www.facebook.com/1-Percent-Pool-105924914554984,💡The 1% Pool #1 ➤➤➤ 99% profit to our delegators!,https://bit.ly/2X7iTFA,b3809a8aa0dd51992188ebbff422c3637f0f149c9a8317ab72d08116847b5913,232
pool1xt7mjrtnsew3v33lu8sf93upf20sxhmcrfnpm82ra46yxk7uy45,ETO3,eToro Pool 3,https://etoro.com,"eToro is the world’s leading social trading platform, which offers both investing in stocks and cryptocurrencies, as well as trading CFD with different underlying assets.",https://etoro-spo.github.io/ETO3.json,c423453f5df36da10368f16409546b582d1ea7183bfd531494d19dd2e66b04c5,488
pool1xt8ap3qu32mxan6kahesqx5kek4lw52u5hqp2zpsdgskca56ahe,,,,,https://akibapool.com/data/akiba.metadata.json,1a97306f3926ddef3fce2b49fd722f57df8339cc88941e9853660bb1130e5651,312
pool1xtrwqwu6jn896szjwsyxxjczl6hc9sq4lh5ax68f7dt3gc0y9rx,NERD2,Nerd Stake Pool,https://www.stakewithnerd.com/,Wallace Inc. Youtube Channel and Stake pool,https://storage.googleapis.com/nerd-pool/nerd2.metadata.json,baa357cfbf1f587fb9aaf98d982a4447cb01db7b4e000078c8b9443eaa30d42d,625
pool1xvaagsvl9prlr20hvg2qv434yss5c88r2ml6n43wcpepxmw85lj,DCONE,DCOne Crypto Pool,https://dconecrypto.finance/,DCOne Pool is a group connecting projects on DCOne Crypto with 0% margin and providing the best possible rewards to the community.,https://pool.dconecrypto.finance/meta.json,4195f0dcfef6f167538e9b997f099b6b04bb0dc0971689c3b4c0b67bbbf48467,600
pool1xwqye6mlftwjg706acz5fjqz7gmf4qdye99zsjl03a4ru68ghee,ANET,AdaNet.io,https://adanet.io,"Bare Metal Infrastructure | Mithril Signer | TestNet Supporter | MD, USA",https://adanet.io/adanetmeta.json,1830aeb84cad1ca8bce6e96c050b8e886fb77fa2e46bbe6e87fc9a708911bc08,534
pool1xxhs2zw5xa4g54d5p62j46nlqzwp8jklqvuv2agjlapwjx9qkg9,SWIM,The Swimming Pool,https://theswim.net,Dive into our pool featuring competitive pledge and low margin!,https://kficz.github.io/swim.json,c7426f6ef38ee124b9339816879b7bcd3035d15bb2323716738efe56d07c2557,622
pool1xxvcz8dem4xufzn74v2y7fs709mfw3tpq963thzg5en5jrkv67a,DUBAI,Empowering Cardano's Future in UAE,https://twitter.com/io_natasha,"Enterprise level Cloud Infrastructure, 24/7 cyber security and performance monitoring, 100k pledge, 3% fixed fee. A Premium Pool to generate Rewards and support Smart Contracts, DApps and DeFi.",https://storage.googleapis.com/dubai-pool/dubai.metadata.json,e6dcdfa7360afb51b96c605f4a09d81b763156543383956d6b7d0f57b3aaed1f,420
pool1xy24e74lkxnu0cm8hp70cfdkdqfj9qm2544wtmeh6swqssq6ltt,CHIRO,Crypto Chiropractor,https://nybitcoinacademy.com/chiropool,Sports Chiropractor turned crypto enthusiast. This pool has your back!,https://tinyurl.com/y3n3hdba,0a0fa3846abe1df8e996b33550d149c29c8ed7cc7194d9e3c742a8cd053db2d1,227
pool1xytvsd9qnvqxpthh9p8k85e823trvn3npxeur8kr9zhkqz5uls9,ADV,ADAvault,https://adavault.com,A secure and reliable pool with permanently fair fees,https://adavault.com/adv.json,818ab5fba427b10a17eb972e3bc71fac263cf8bba93954e2118f759be8ba73cd,478
pool1xyx655q6ch4d99fuewwtkdwjx5tvfr0rzqvmwehm2cpzj7e2wgl,PARIS,PARIS Stake Pool,https://parisadastakepool.fr/,French Cardano Stake Pool operated from Paris. High and stable pledge.,https://git.io/JIwXK,6604bfeb52e53a9e2f7bba5aba4bbab32ee3091fefc956f9157be81b46f36cb2,448
pool1xz8v2md8pvplvnsyvj25th8dd54je90wzt5sk3ame6ks6w3t0dg,MEKON,MEKONG Pool,https://chowqwing.wixsite.com/mekonpool,A reliable Pool for Cardano Blockchain from Southeast Asia,https://git.io/JtmOm,072408ef2a6148f34ee8ab7ab4572d85c8185b96ad345d8a99e289c01889aa84,323
pool1y0d0lthqzxs82q0y3z3jk99pjav7s7agpefdaxqxuz407r5f7m3,TIM1,Timmy1 Pool,https://timmyverse.com,Timmy the cat's first pool. Welcome to the Timmyverse!,https://bit.ly/3tM2wiQ,3f7eb98abc1a028668c8dc0c00346c3fc285764746e97c06f0a472747faa613e,319
pool1y0lq6rjckxxly36gf3wdsxzjzg97mq9c90una3vfq8pu77g7zkf,MESH,Meshnet,https://www.facebook.com/groups/adastakepool/?utm_source=adapools.org,We the people,https://raw.githubusercontent.com/fornve/meshnet/master/m.json,582c66a1eab8c44f1734ccb367f19743bd02c9d66a132f629df88d8d4041c074,384
pool1y24nj4qdkg35nvvnfawukauggsxrxuy74876cplmxsee29w5axc,ADACT,ADA Capital•🌍ADACT•👽CardanoBI•⚡Orcfax•ADA•METERA,https://adacapital.io,"ADA Capital • Mainnet Pool • You Stake, You Earn, We Build • Earn extra tokens: METERA, FACT • We have delivered CardanoBI and are building renewable energy solutions on Cardano🌞",https://adacapital.io/adact_mainnet.json,ead521da27d6c72dda5efdc0a6976757a66b7262c9780787ce5c70c18e8f496f,506
pool1y2gynck9pd4en5rzm0rueqd2qm7sw89aqmkcntd899vv237qj38,,,,,https://pool.maladex.com/anmal/poolMetaData.json,7c99889f76564cffcde0050ab039401d219a2b9999b4cfd41d32ddf8bfb2a383,329
pool1y44fkeps7ftnnf495a7grfrwtt7hxcntaenyzu4x4vah5cud0mt,,,,,https://ada.crypto.ro/cro.json,cc799984b6e804b90b1adf6d4c1ca395aa627a2d751707d9b0cb089829a90301,323
pool1y53awxsm6cmksp8qht8qfq5f5c69t6mrgrdcresk5y0ecv2yj93,RAMEN,RAMEN by 🥝Kiwipool Staking,https://www.kiwipool.org,Solar-powered | OG est 2019 | Plan A 🇳🇿Baremetal | Plan B ☁️ | Plan C 🇳🇿Baremetal+📡Starlink+☀️Solar,https://tinyurl.com/2s3pzha6,2c3fac32d868fbc8c259e473499f6c27c468bf47c7258181a1bfc61f69636359,621
pool1y5vdjz0g88h8m4m4eye3w2jch0pn88k0p44005g5dd05wr2f8vn,,,,,https://spaas.org/.well-known/spaas/node.json,9b79142af7259c75c737f6732c2c9f2e73c0160172bdd37e69263ba60c10195a,305
pool1y6gjnv4qqzwt8ctsf45f36a8vqn7wrlcvnmcft9drfjrgs2shaq,SASP,Simple ADA Stake Pool,https://twitter.com/simple_stake,委任者様の利益を最優先に手数料を最低値に設定しています。またADAプレゼントキャンペーン実施中です！！詳細はtwitterの固定ツイートへ！！https://twitter.com/simple_stake,https://masashi0031.github.io/SASP/poolMetaData.json,83ce1ba1a53737813ce5583e02cebc77f5d524ca6d43692510b8b145d6baf4b1,423
pool1y7cmg3cvsndh3nsll0llw7asdz4mferag09kqzw24g6jx2ce5ws,,,,,https://cscs-pool-metadata.s3.amazonaws.com/m-20221116-0.json,46f9e43dd58cf547a640c00c35ffcb787e7b66f9dc1b1a1f56a8a77a531bea42,378
pool1y9tz9enfcrcvpxpga3qspfxx3xclns2g74ptqxftdmgq6ghyrn0,,,,,https://can-ada.io/maplemeta2.json,38b5d0ee17765b9b9fa8fdd86a0fe3ffcea749b7cb474d438e68e9e93862ce55,212
pool1yaa5mte7s5y5gyktj3ccjxkqf9dptpu52x9us2ecmjnqw29ja2v,,,,,https://riscv-pool.tech/poolMetaData.json,613270c8660972262b94074ea3c8e1eeaef4bbf9927c3d7c1ee455d370155acc,329
pool1yaapy9ew5cs3qvv69zxxwq8pn3jk8cylt9k7s4ejvv2tsu4czh2,MAP,MANMARU ADA POOL,https://twitter.com/maru7358,電気電子情報工学を専攻している現役大学院生です。安定したプール運営を心がけています。カルダノに少しでも貢献したいと考えていますのでADAを委任していただけるととても嬉しいです。よろしくお願いします。,https://naoyuki75.github.io/manmaru/poolMetaData.json,f4a053b7bb4ff2992602dd5f066fee971f66594c449aabf4feac1a9355e445ec,484
pool1yam2wu7nw384zjtset09u4ef75uy840mjru39nuhm0xaqj8lw78,,,,,https://nectr.one/poolmeta.json,e824441b98ae4a5eba2130d854734402546e35dcef16f8faa9fe028b0a12fd7b,336
pool1yayk5ynr2ly74szrc4n4zprx0wwn2zwhjaa88hsccwku5qa4mzd,,,,,https://raw.githubusercontent.com/Perspekt/data/master/meta.json,d4aa9dab32a27c71fb1757276ffc6cce5889c0c55b390aecfb2d34ac2fdaf96a,211
pool1yc6f3cqsc7jfh07hcns64v5cp8720mve870pgxf2wkr3u8l7tse,HYPER,Hyperlink Pool,https://hyperlinkpool.kr,We are supported by Korea-Hodler-Community. We prepare for the era of hyperconnectivity. We are operating as Hybrid Pool.(Baremetal & Cloud Server),https://hyperlinkpool.github.io/meta/metadata.json,7f3c668e290416659f048ab33792a00810e83812d1ad5910feba4d599266207e,465
pool1ycn0kca2jx6tw3dy2u4ya8qjjplnp53jt68upg3c2ls5zqst96x,,,,,https://adasoul.com/poolMetadata.json,3d91446fd385a25bf00432058fc1d0c1999e68453551ed0fe4412fb594657d5d,232
pool1yctcnexnjqq25ve5jh2dh6zswz98leafjcq356lfspsdk9z690e,,,,,https://pool.maladex.com/metadata/poolMetaData.json,689507252d518c6383bfaf7e59234a26efdc29eeb89e4ca36aaad8ced7ea12a9,329
pool1yd67lvc04eztwrpnefqh3g4dsydmezwgrg6ce4km728v6sg8zwf,FRADA,ADA Made in France,https://cardano-france-stakepool.org,A robust and trusted Cardano stakepool 100% hosted and operated in France. Powered by low CO2 footprint french energy,https://cardano-france-stakepool.org/pool/poolmeta.json,6ea0bfa6a75c069530af75a3fce6710570f49bfee72beac5d2aefa484511cced,516
pool1yd6syfzp0868rtv8xcft03kzw0a4sqrvt0rtywuj2k4lcrtputx,,,,,https://bit.ly/3gQ88lI,ab0af07f5f8ee98853a16d03f081c5629089363060751ef13c12a785ac37e21c,264
pool1yd8c34rhfr9daa5vgwzncsgpyx34l4ttstmhegp3ux24gujl55s,,,,,https://cardano.bingostaking.io/metadata.json,fc4f5f0cd34181a5584f6cf4792b5d0572d53164af1549b94cf046cf851cb1e5,389
pool1ydmetputlff49n9ry5qjupemx3xwxdapm46je574afxdcy0907y,MS2,Moonstake 2,https://moonstake.io,Moonstake is an advanced technology company with specific focuses on blockchain and staking technologies. To build the Asia’s Biggest Staking Network with a technological innovation that drastically increases the efficiency of blockchain technology.,https://git.io/JUGnB,f2322d4dd7004c5c797fe53ecc87eee8be24694de27c5f45bbfdba3f80936133,480
pool1ydz2znwyh3409v55r3psgc70w2ykvqjkkagx3f5ep96vgp0vlmr,,,,,https://dudepool.info/metadata.json,1db971fe8f035533fc4af71416973e5cdabe671d654a467054bd1b4e27c06d6e,251
pool1ye4zrxf0w7d7drq5wmat36dlzq270dxy9rhgcwufnaja644vwr9,NUFIH,Nu.Fi & AdaLite H,https://nu.fi,Nu.Fi & AdaLite H,https://pools-meta.nu.fi/cardano/NUFIH-metadata.json,a6a6c6983d7fa3c936bc6f48b493c010b6092c31010706dbbcc43d634350dafd,320
pool1yechqtexl9r7esg5scwynqalmjrpd5l69wkwrrw54y0x26eljpq,ICRYP,ICRYP NETWORK,https://icryp.net,"International Crypto Network, Bare Metal Server. Support Single Pool Operator. Cardano Fans, God Bless you all. ",https://icryp.net/pool_Metadata.json,748af8a297be43a76af652b7cf88baf1f383afad06e1d990f2613442143b63d7,466
pool1yemdr25t4g3ev038yn433dt58d8p52nee7kmcykjlhye6hshu9m,AA2,AstarterPool2,https://astarter.io/,The second Astarter official staking pool,https://astartercolab.github.io/md.json,0b77f2123096eabf9afeba281e48aa381737a16c8a47b4808788929e2728db10,503
pool1yenqraf3znn07qmvtd8wg23fymsr0vsme7ry2475r48vk6ss0z2,STAKE,🌍 PLANETSTAKE 3,https://planetstake.com,⭐⭐⭐⭐⭐ Stakepool Service Powering Cardano since 2019,https://planetstake.s3.eu-west-2.amazonaws.com/STAKE3-001.json,ad5dc59bd43cfe3253854623580fc053c9906014d7d960addd4bbda13f5218fc,436
pool1yet04d4ykpp7me8uc2jx2glxrx88kt9uhmv6jeh7xkmtu5zucna,AUTO,AutoStake IV,https://autostake.com,Earn higher Yields with AutoStake.com,https://autostake.com/ada/HODL.json,8db28118a2628c25bebdf58c314135b1508c51cce81ff6eb26c262da36fa4e5e,495
pool1ygsyw93csvam58nf63gttknj9dvj3zxh54h4eh0kals7kdf0nx6,ELDEN,Elden Pool,https://eldenpool.com,"In passing, I lived my own life with Cardano's blessings.",https://eldenpool.com/pool.json,e869852ff8e5b133331e6acd8ab5eb15205a961ec6be95aff76295d2bdcc9928,624
pool1yhd6a8vvp0r0ads36j4zjwx7juztf6cgpa2fqm9dm0st790ptf2,,,,,https://git.io/JmBOm,6147058fcdd211b2f228560535be08a4925d7ed0a35c3ae14ff033ac0a54f02e,257
pool1yj9xduuwzvdkcwm2mc9x893zq684x7pyah4ja8zmzplgvxz6wgk,SPIR2,Spire Staking | 🏆 Top 10 Operator,https://www.spirestaking.com,Professionally Operated Pool Supporting Cardano Growth and Decentralization,https://data.spirestaking.com/ADA/spir2.json,cceffa626018a6c8dc512c5494a4633374fd50e6e1441b05293de1804909ba12,580
pool1yjlmvfck6a2mhup4ljel06r635e9lhs0qsrzu6f2luepvsd42lv,,,,,https://poolforlovelace.me/PFL01.json,1384a5c3376341b3a969d92fd438c7b2f86acdbd803f1032b8f4b946ff460517,557
pool1yk2lpf0lg9zl84hwp85pcfyghhlzq7gqfmdxxkndec23288wlgl,,,,,http://piggy.trendingpools.com/piggyBank.json,d243d2ff48b8a6024c9f26519cb8fd67f5fbc21962c3abcc8d426791dd56aab4,292
pool1yk8yr5wl94gu5dnfck38q89lcghkmgd8aeykrlm7w3qc703alar,,,,,https://tinyurl.com/xjuam8cc,9a55d235869c140277743c62a1425b11c6f03f81def469a25f5ad99afe18f986,400
pool1ykwcqf7r8mj9fmprr9f3y62ftsrlalxm22j383gfpav76ddrc25,HERO,HERO POOL,https://herostakepool.com,working to change the world,https://git.io/JZHdQ,86799146e818cc10d71ac08965be0733e518a64dcc2490ec20fc00d20dfd4cd8,418
pool1yl46tklt9df02cf653fv74x2klucj3fc6mhm05n3enpk7lgxfjv,SPF0,🟣 Spectrum Finance | 5% Project Support Pool,https://spectrum.fi,Standard stake pool with rewards used to support Spectrum project development,https://data.spireblockchain.com/ADA/spectrum-spf0.json,2e3baefa9a5b707ffa1d065fcaf200fa1b137f94ea39527c2d95a7ac93d026a2,468
pool1yl76e0fhq0kcfy2jqs2mt6hl9xeyrnesehqp0p4s896lwv7hrta,1PCT9,1 Percent Pool #9 (v2),https://www.1percentpool.eu,The 1 Percent Pool is dedicated to run stake pools with only 1% fee - ALWAYS!,https://www.1percentpool.eu/1PCT9v2.metadata.json,97571367b2b219bc3c5d50588cb7994a4caab150be48e4b4a1732d8eff83f74f,341
pool1yl9plldxt500xfkfu6n3wggvnzcs5rshjyxq4dkea6m0kt7qg9v,,,,,https://028a5021.cardano-metadata.bison.run/metadata.json,9e2896ecddeb0375be79d04449ecd73839971525793ca861ddef7b496ccc0638,354
pool1yla5xge99yeddrcts0ya9n66k3x2vrcachnnmzu2vqqjzm6fw3k,,,,,http://www.bellada.co.za/bellameta.json,aef32ea735b1e0827bbfda0f4745019da284c614d5e3cf798cc4bc7d1dc584e4,299
pool1ymfwzsxt35g3gdgp67yr688456km59twr78j05e87y94w04tj9m,,,,,https://moxietech.co/poolmeta.json,c3806ea5cecac295bf635a568a4b018299c19f8ce7f3af4587a4bbe53e927bb4,366
pool1ynxx88cq0y8vg8yrq3jrw6epm7rq9a8859v34sq9lzjy7ztg90u,EVE,Everstake,https://everstake.one/cardano,"Everstake is the №1 staking infrastructure platform, trusted by retail and institutional clients worldwide. Committed to the highest standards of compliance, we deliver secure staking solutions across 130+ chains with a reliability rate of 99.98%",https://everstake.one/cardano/metadata4.json,20a53f01a515f295f8770e90b99a8b291530fcedb65af50654ab9097fc417fce,626
pool1yq8xwvf856x3nyj348ghhwegwl8ggq87gjlp6wgy9ms9xznny84,IAG,It's All Good - stake pool,https://www.iagstakepool.com,It's all good!,https://git.io/Jqpcd,abdf64cf6dee711edcd98039fa8de22d48f4aef5d99acca9da2ab6ce6c03a7e4,329
pool1yr0cv3dtmhcfgqa6yetvmf769ngk89e6tepecmjrmjl2jzcw2lm,EASY1,easy1staking.com,https://easy1staking.com,"Low fees, reliable and secure Stake Pool. Midnight and World Mobile Operator. Hosky Rugpool.",https://tinyurl.com/4x2w9237,0ce2b4d2a2e54abe24d0439d0a7b181a16f821cac489b4aced6b5692eb40e38f,553
pool1yrtj6js86tse28varme8k6at8jqsg3xkv7cn8pl2azwhwdtujgl,0FEE8,0 fee club,https://0fee.club/,0% fee club! All the rewards are going to you!,https://raw.githubusercontent.com/0fee/meta/main/0FEE8.json,9ac37cc886697d73181fe1a3812a46e5a69c6f94b0bb389716ff9e0c03229ab7,229
pool1yt868wrp9s2x5pehe96del9m3nwasme62yw02vww3kg6zwzspcz,XRAY3,XRAY/Network,https://xray.app,XRAY/Network is a multi-chain ecosystem built to simplify access to crypto and decentralized finance,https://cdn.xray.app/pools_meta/xray3.json,356be0cbf41bb430411973e0460f492dff8935ea9b072f973515bbad0486f62f,637
pool1ytszp582dm9u5un6mevt9czgcnuqhflwfr9ly4ukpeqcughryqh,LEGA,LegaSystems,https://StakeMyADA.net,LegaSystems Cardano Stake Pool - Come Stake With Us!,http://www.stakemyada.net/pool/legapoolmetadata.json,11a461e8dee900b2e7c0acba86197153b043e71eac326968e895327f88ea8b71,440
pool1yufvmm7p27tewl4uumqkt3zzlnf39jhp6w2lt673kpyjck0h9q3,AGRO,agorapool,https://agorapool.io,Cardano ADA Staking Pool,https://raw.githubusercontent.com/toddmera/a/master/a.json,1732ef9428ad6b68625933faaa3847b9d7c5fb2d22efadc2934620e66ed74930,227
pool1yv4s4v3rjgzfwj4zxm8sy24e2vq6zaexp8eudyrk9rx7yhwaxke,,,,,https://merkle_io.keybase.pub/cardano/poolMetaData.json,ae7dc949de242459a8465220fa1c165a7201216c41f6c31311696b08f6bdd69e,304
pool1yvf4nxph69ztm0tgj73ummxq45kfjhecyad26e3xc2002xgzalg,CCV4,(Crypto Capital Venture) #Pool5,https://www.youtube.com/cryptocapitalventure,Official stakepool #5 of Crypto Capital Venture. Welcome to this crypto venture. Let's grow together.,https://raw.githubusercontent.com/ccv3000/pool/main/5.json,216f8c9d51bb2a2aeba1ac289b681a04328676e790406c0ead44875469e21e97,601
pool1ywpt43nttzjd7883wafg255mh0hmjypwe65ercw6p2sxg5lt7ez,EVE4,Everstake,https://everstake.one/cardano,"Everstake is the №1 staking infrastructure platform, trusted by retail and institutional clients worldwide. Committed to the highest standards of compliance, we deliver secure staking solutions across 130+ chains with a reliability rate of 99.98%",https://everstake.one/cardano/metadata10.json,67cd36f6107925aef7300c508cc5890af72a381a955077f231a5f242384dddf4,626
pool1ywt7jqfsmxg0yplku4mtdwtm476rp72z6fns9mhevf7u72pkupj,UNIQ,Unique,https://www.uniquestaking.com,Enterprise infrastructure. Cleanest cloud in the industry. 100% renewable energy.,https://data.pooltool.io/md/2ecf39ad-4f3c-4043-a010-dfb2456efd69,0c26032984c8e0e65bc8f3a87a5c53f4953dd85c2afdd74ef7eedcbd6f824810,259
pool1yxhf37v04q6cyrf8a4g64xsmvepwg5t2zc0qcquqjlph55ye2ef,AEON,AEON,https://t.me/AEON_Pool,Australian stake pool. Supporting the decentralisation of the Cardano ecosystem.,https://bit.ly/aeonpool,276e1f2fa2ad1c2bfd553ad014f4e9c82371e422c0e4c2eb2f259adcda9bedc0,243
pool1yydna77k2j8yq4fw08d202z664g3fvavfvqjg5g4lxmwzsa9k9u,,,,,https://cypoq.com/cypoq-meta.json,8cedc05ded8fc1c6ec75d84282803d8b20be43de71ccba0143d638b1d8165ce1,225
pool1yyv7vx5zhhsd60jp4tl72vpznwvpvjp35m4z7jr42ugkxmndyv5,AZTEC,Aztec Staking,https://aztecstaking.com/,"Low fees, minimum cost - Delegate with us!",https://a.adapools.org/redir/aztec,d224acb4cebf5bfb646fef03aa6e965ab030b43a82422da4dcc825c766cfb9e9,462
pool1yyxu7jlq8phs9rn8z6f8487uv358n5lkv3ccg88ff30r56c7ua0,BADAS,bADAsStakePool,https://bada55.net,You can't be a bADAss without ADA!,https://raw.githubusercontent.com/Griff1221/bada.json/master/b.j,693992e6634101a38524b5a12ebc7112cd797c773fce8222d786249bbf67a722,210
pool1yz3fnqnsqhqpkc2tjqn4dkws8nnr8a5kcs50g780nh0wk8tgnp2,ADAES,Spanish Stake Pool,https://cardanopool.es,"High availability, four relays, two located in Spain, the rest distributed throughout the world, since epoch 208, supports decentralization, supports ADAES",https://cardanopool.es/poolmeta.json,b295f04af0ce71e820596e54778c12e72e56726ec8116eca3d4f13a3a099f247,577
pool1z033qtxzsn7c9az4fzz8z0ewnynzcuq2dy54v6tfyqz5vfjkmv0,TILIA,Tilia IO,https://tiliaio.com,Professional staking service supporting education.,https://tiliaio.com/poolTilia.metadata.json,9e45f50d0d528d7e54193e7d90d7b82140c0a922d111b7eb3197906f2d4e4f79,219
pool1z0s54ay6htstx35zv856h9pccmcvc5f93a0va02j33c6xc4prjg,,,,,https://maku.cloud/maku.json,5810834c046384339caab50fa36a5af3dc39b78788b4317f5ae59df41a4500bb,213
pool1z2chgkz58c7dssm2a37kesr4m645pd7eqp4m94c9u87rs8ek2mc,DIGIU,Digital Underground Pool,https://www.digitalundergroundpool.com,We are the future spot for the underground digital pioneers! Dedicated to max delegator rewards,https://cardanostakehouse.com/52439f07-6cc8-4ba8-a20c-16b.json,450adb34edcd7fed216bd911a9461e060f3b28d5b5f4a17a9a42e9860bbf4665,292
pool1z2m3n779dyqjat2m8a5vl94nrl43xm2tlk8dtey6txggx0a6fyp,,,,,https://blockinvestmentgroup.local/blockpool.metadata.json,2469fd5265d81533fde54429c65d088094ed56ca1100d711fef844c6ec15759c,625
pool1z56rnzw94rxxm5mwkyxfdwfej5fdh0k7056gqs6whr8tyjn48wq,,,,,https://pool.maladex.com/mal-2/poolMetaData.json,a8929d881c55e9b6a08045c0377ea74a9b24f8542c2d0beaa90bae54488ae931,329
pool1z5h4jhmhqrd2ndrhn3w7kr8nvcqwunds53hrs6vpzr882x4n3la,SDA,AWES pool,,Pool Of The World,https://bit.ly/3rd5KI2,a773401ceca1ac9697177ac80db2d64d3d6643c5793caa1570af8f03449d38b8,254
pool1z5rt6kn6yvuczj44qla73mfyln9l55lw0jkz6x4kjw00u32zec3,,,,,,,602
pool1z5uqdk7dzdxaae5633fqfcu2eqzy3a3rgtuvy087fdld7yws0xt,OCTAS,OctasPool,https://octaluso.dyndns.org,Octa's Performance Pool,https://raw.githubusercontent.com/Octalus/cardano/master/p.json,ca7d12decf886e31f5226b5946c62edc81a7e40af95ce7cd6465122e309d5626,589
pool1z693lvvpt87rkyn0j6gfy36zlnaw9m9djnsn6a4gy3822vykzau,,,,,,,262
pool1z7n2ruhmxmv77f6cqhd3wsy6774h2wuay77agxuf2y9mj8q55vw,1PCT2,1 Percent Pool #2 (v1),https://www.1percentpool.eu,The 1 Percent Pool is dedicated to run stake pools with only 1% fee - ALWAYS!,https://www.1percentpool.eu/1PCT2v1.metadata.json,25236c7647eb513d4d2f2a6358005c0afc05e3ac61972c0ee259a132e08f5826,303
pool1z89dx8u42f4cvujvsjupsg50cfgqhjjuaxegvj59h9q9scra5fy,CO2P,"CO2-Pool - eco-friendly, green and climate-action",https://co2pool.com/,We support Cardano decentralization and donate for climate action initiatives | Wir unterstützen die Dezentralisierung des Cardano-Netzwerks und spenden für Klimaschutzprojekte,https://bit.ly/3BDZ8sb,02800bd2fada9da166e9243177ed24ff004c19b20d5b7fd7baa4151d01536783,325
pool1z9m2kxeat06t30yf6ar7sqpert0cjdgxzcv2dv36dcwcqcqtgk4,,,,,,,602
pool1zc7vxe3ymyej76h8wu8gm79chtt7w9c3adkza4uhrjvagr9w4zp,KRSNA,✨Krishna Stake Pool by Kaizen Crypto,https://www.kaizencrypto.com,"Stake For India! Owner Rewards Feed, Clothe, & Educate Those In Need",https://meta.pools.pm/krsna-m1680453247.json,b08f135970d78488ce04254b7d327cf8b8c485dac6c27a137abfce95b2c9ef23,573
pool1zdtqtsu3l3ytatzyvrq48d4mpnll9c5evwfq6taxkmn9vvdz839,RANKT,RANKT,https://ranket2.wordpress.com,RanketによるCardano解説を促進するプールです,https://ranket2.github.io/RANKT/poolMetaData.json,28b17b55d761f45194533bb870ff271bbc23c631243f803d94133035f36fa45f,632
pool1zecj6wqrzkcjmldvrr992pt3c64sgrhkhexxst32sdlsjwkpmfh,,,,,https://theblueorange.io/poolmeta.json,0da7b993e8236254f1d5a45bfa6ca351f6ea2785f5b55a8aba9c9fdfbdada598,279
pool1zeya2r53sxmqh2ux3ssfsrqerergnw2hjxmp63r83ntwverpqwm,NICE,NICE rewards for you,https://tinyurl.com/Pool-NICE,Thanks you for your interest. This pool is allways updated. And with two relays to keep your rewards flowing. Long and fine track record. Let us be nice to your ADA. Join a group of NICE people.,https://tinyurl.com/NICE-ADA,5e28562dfd3d01789913a3935d3d8ef8b6eb1f44271b22c9f49ef04d9cdb3d66,511
pool1zfd4yr2m6tsvtasg2dfkt6knesrl86dky4w6dqkgtjzuwxc3zaw,IBEE,iBeestaking,https://ibeestaking.com,"Run by IT experts, support Cardanos mission, whilst supporting the planets ecosystem.",https://raw.githubusercontent.com/ibeestakin/pool/main/meta.json,5c22ab9fd3afddf3559c7496412992f636d697c7dbe63a479f8193c5ca39af39,269
pool1zfhcfw8c3lg0vh0fy8h4y8e25cm7ter9e6sxqskpq0lzyy2wzvm,GENS3,Genius X 3,https://www.genius-x.co,Genius X staking pool. Stable and efficient ADA staking.,https://bit.ly/3H2LVKV,a1861f08491488aafc0be60091b39e1a4e8d70a71b01ce2ddce2a766820b63e0,390
pool1zfhww5y28t303z6uyq3w47pkhfmxww9dsn89vrxteplg2zjkekl,CARE4,CARDANO REPUBLIC - BY CRYPTO JEROME (FRANCE),https://www.cardano-republic.com,Democracy is not the law of the majority but the protection of the minority - Albert Camus,https://raw.githubusercontent.com/moomanchoo/CARE/main/meta,8d567ed1fff25b5915a0dedd28392216a2cf83ab0fc83ef7913080e05a310547,478
pool1zg0s9m7pzxmxkrgdh9k6cfc8aqqxwp53whs7nnx274m8xhdszkj,,,,,http://www.bladarunner.com/brun0/poolmeta.0.json,a93e08f48dd37f435f2e12bbba70e8c97672b3d75b5f4b6ba6bd3ca31ca04469,215
pool1zga7fc8swn5l4rha04ddq07m2rc8rh9vxqmc56j4k2l2xy4lw22,SHUA,SHUA Stake Pool,https://bitshua.com/adastaking,Let your ADA multiply at our pool. The reliable and professional services guaranteed.,https://shorturl.at/Fbtrc,bc8e086fe11d83810f9512ce0ce6902ced3d00c2b9a9fb5af703f8a2a450cab3,536
pool1zgxvcqf0dvh0ze56ev2ayjvuex3zdd3hgxzdrcezkx497mv3l7s,RSTK,Everstake,https://everstake.one/cardano,"Everstake is the №1 staking infrastructure platform, trusted by retail and institutional clients worldwide. Committed to the highest standards of compliance, we deliver secure staking solutions across 130+ chains with a reliability rate of 99.98%",https://everstake.one/cardano/metadata6.json,a9999ff91056b74395b3e651bb88e3b46a54b744e104375bd21ef40aadb62088,626
pool1zht8n9qyssc4y2vrqap8acn6jf6jpqktq3tnlu0mkhq5vm8sv2x,KNOW,Cardaknow,https://www.cardaknow.io/,Unofficial Cardano Knowledgebase.,https://storage.googleapis.com/cardaknow_pool/poolmeta.json,0182c3aa8d0ee30cd71a5c7f9ca0a10fc509bce3ab66b3696370170e03d8034f,268
pool1zj4h7kc6v53q9r8x3fwzfuayf2frwme8u5k86gu0uzeeuvqxgul,,,,,https://cheekycrypto.io/poolMeta.json,e1d8d0bd7f0c984f83bf257dbb2d38ffc0c806c4ab5e357d2961e47d88def9be,619
pool1zk6uxgptztrxxamzd0ugrtu84xg8mjymd2xcdvxqazpruqt9r3x,OCEA1,ADA Ocean One,https://adaocean.com/,Cloud based reliable stake pool cluster,https://adaocean.com/poolmeta-onea.json,35d3076109ac5461876359d1412a28dfaba98e56b1b5c083c64216caf6a8da19,643
pool1zkdaju2rjefa52uh6yh6etsxla0x6aqs6p6wm245y5szk7k3msd,A3C,A3C Pool,https://www.A3CcryptoClub.com,A3C Pool is an official HOSKY Token & DripDropz Droperator pool.  Additional ADA & NFT's are AIRDROPPED monthly to qualified delegators.  Visit our website for more info on how to qualify for AIRDROPS or news on NEW partnerships.,https://a3c-pool.s3.ca-central-1.amazonaws.com/metadata_v2.json,ac13bc94ac7476bb093bd419f603e6cc5dbe7765447308daa15c6545b0c900ab,391
pool1zkdc6ve9nndk7vxnjlalhqt4hr5h8auz5qzjk7lrjrqtv23yuy5,CLOVR,CloverNodes,https://clovernodes.io,"Clover Nodes stake pool prioritizes uptime, high security and performance for easy and confident participation. Our low fee approach guarantees the most return on your stake. Thank you for valuing decentralization by staking with CLOVR!",https://tinyurl.com/4yb8yamp,ea4c39c0352ecbf1508b0c1ebfc79f55c267b029122777ade275bd37cd46526d,544
pool1zkjspf9w0gm4x37747re5ew4ffypm6g8xqzhxjeush7lx9tcptt,,,,,http://usaf.milpools.com,bc5e9ac4518594cae40a599dff8a66c4924d579538ff82f2f856682c895b5a65,216
pool1zktg0pgr7ay650mvxdvru85cegjqa7vy589heud0565pg6hxhq9,,,,,https://git.io/JqiJu,0a1c27e02f06eb19b5dec5493a903fd122b062b75c34992e804e6089aada341d,407
pool1zkuqlvymj4q6y7r20hd8c5tp0ru6emcca7wf34c5dawjukusvzr,,,,,https://raw.githubusercontent.com/Techs2help/T2H/main/pmd.json,87bf2fa0235c6456274b83daebfa4177f839963adee85567f352ac33e7d0a7ed,476
pool1zlay6evs7sf7td5e46xgt8pjaap8a9dcrut8ux3dc0p0zsku8zp,STORK,Stork Pool,https://www.storkpool.com,Supporting Naturzentrum Pfaeffikersee by donation.,https://git.io/JYOZt,a6ab41cf39d1e60c251e5504bbc732c925514bace198d955b3bdd462d0983e8a,281
pool1zmfpd5r5vfwjmwm4cgy53exe58h7plnecny3t4948yw7zumzp4c,ALPS,ALPS - The Alpine Stake Pool,https://www.alpinestakepool.at,"Staking for our mountains. Donating to alpine clubs, environmental organizations and animal welfare.",https://www.alpinestakepool.at/assets/alps_meta.json,98991fceb6f475e3ae170bb7709313544d4b3f4486b6b9e2529fcefaab8e4395,466
pool1zmtm8yef7725p9n7x433m50kvv9xpzjujnny9m5t960g5qm30ua,1PCT1,1 Percent Pool #1 (v3),https://www.1percentpool.eu,The 1 Percent Pool is dedicated to run stake pools with only 1% fee - ALWAYS!,https://www.1percentpool.eu/1PCT1v3.metadata.json,e6651a59143d02fc148941816bb3baeb596eea361a10d32f0659170b045a54a6,303
pool1zn9hjcmfddhcp2aj9xxuvz7z40rasyatkgavr8ryyz72qdfwtrj,PLUSH,Plush Pool,https://plushpool.com/,Plush Pool,https://plushpool.com/PLUSH-meta.json,d8108a463bbac80be430ce283510478d961be56a41d117ee163c627b4fdc0a24,600
pool1zpkqlcpu5gyk0s5e9263y5n7vzmkgrtpca0u4xpxan02w8ld0nr,,,,,https://t.ly/n9vN,de863b7cfbdbdb53c858431a76810f51d0df2b70f64be9d97d0fcd2250e0c7b3,366
pool1zrkwh7cmhvx3zvkyr9f0nhnpxscaflhky6edaqzsux5qkj7r5v6,FRN,Foreon Stake Pool,https://foreon.network/,Foreon Network’s ISPO Pool,https://foreon.network/metadata.json,812e491f259a407b0dc0cc3dc0832af10ced57cac825e3d1911834eddec84670,432
pool1zsyqzr04g5pr3nv7vfk8ldc3uf0xljc8yftdsqpxxqpychpxj65,AKANE,MAIDS,https://akanepool.github.io,A Tribute Cardano Stake Pool,https://git.io/JJu28,3d0861d2ad922a583c0c43fff2f07beb8b74e7b3e91751f6d9ff2705787f6a3e,615
pool1zt2d9aa8ck62uyy985yny47hr0f6cmf2hnxzke0up0lc7zcp65f,46S,46 South Stake Pool,https://46south.io,"46 South Stake Pool - The world's southernmost Cardano stake pool. Baremetal running on 100% renewable energy. Located in Invercargill, New Zealand (46 degrees South!)",https://git.io/JqWum,0ab543e3b8505e9033d69bd1d3213353ecdd2094fd549e3cf00430c5eab44b5a,493
pool1ztk6dcj2nc3plnujf3ek6jqngtx8hcryufz56lyumemlcy2xxn0,IAGL1,Iagon liquidity stake pool 1,https://www.iagon.com,"Iagon LSPO (Liquidity Stake Pool Offering): 85% of rewards go to providing liquidity on DEXes, 10% for $IAG token reward bag buyback, and grab a portion of the program’s big rewards bank. Check details - https://bit.ly/44NYmaQ",https://meta.pools.pm/iagl1-m1719499768.json,b0d5a090393c023a3bb28b5ef04711654aeb92de1f37918b5ffc6bcfd199dd2c,496
pool1zug38qs8r3ggmzqnqmyxkz34zy3gc9uw3pn59g5gfjwcxdskxjf,VERSE,Adaverse Pool,https://adaverse.com,"Join us at adaverse.com to take advantage of an unrivalled staking experience - Low Fees, Set & Forget Staking, Saturation Protection and Email Alerts.",https://adaverse.com/poolmeta_vs1.json,749240466340c2a9165d38cce7972e7c528549b61ec8bc484e9e104b33e528ef,325
pool1zvm45jj5wz6kgfr2xfg75rx0auzxaedu4ulddhnrzk4uwuyuvpn,ERA,Nova Era Pool,https://www.cpoolsunited.com/pool?id=ERA,Two sisters one pool,https://pools-united.github.io/pools/ERA/meta.json,c26fdfb33bd92b85d737534e10233156797f0481bdd23123e23589303d4b3012,572
pool1zwftnuzv7rtssdj3kn5j9m2al5t36hjexps7snzu7fzvzjjn95x,SPF1,🟣 Spectrum Finance | 10% Project Support Pool,https://spectrum.fi,Standard stake pool with rewards used to support Spectrum project development,https://data.spireblockchain.com/ADA/spectrum-spf1.json,ed2d67e4f250b398fdd1b2c27af0625394558bf28692bc2d67c065e295124bab,468
pool1zwqrrwpr5zx7c3f4ukpu4r4fz5c2hkwx9vwqka5068urgqvpjzr,CAR,CarPool,https://carpoolcrypto.com/,CarPool is a mission-driven stakepool working to build resilient community members and small businesses through blockchain adoption. We’re getting there together and picking up friends along the way.,https://storage.googleapis.com/vroom-pool/car.metadata.json,239138682855cc195a5e5682a2a24279804ff642dfb84f68d7a2aa481a003d93,547
pool1zy4arks3chpruyt32p0mhwqu3qpdgyx7nejrw06nqu3uzfuv3aw,SPCP,Swiss Premium Cardano Pool,https://informatik-spezialist.ch,A reliable staking pool with a Swiss location in Zurich. We operate the staking pool with 2x MicroServer. We are convinced of Cardano and their projects and support them.,https://git.io/JBVnL,0737ee13289da9f4383c768bfa70236ac0aa0fac00bd093a4229148d4ea14533,471
pool1zytydvyy3qztrs8l2xyggvkfcjctp23m2hc3aj7sudnzgny79cg,PSYA,PsyADA,https://psyada.com,Psychedelic Cardano Stake Pool | Pool supporting psychedelic & plant medicine research projects,http://psyada.com/metadata.json,38ccd654fe25a328da7579bf259e786c0d0e7e12f582cc68d024e2443ce4055d,337
pool1zz7x8ergn02chznayj9fjds2gk5q6prmpdr49faspd65kzqsrjs,AUTO,AutoStake I,https://autostake.com,Earn higher Yields with AutoStake.com,https://autostake.com/ada/CRYPT.json,5f467eee3781e3a203b9d112bbaf5825df56bd7540553f1155aee0d6d2c685b4,495
pool1zzhmjc2emc85m67gtp4qvdzcfqhak0n9m08vqmuq3l42qalr3qw,,,,,https://recy.s3.us-east-2.amazonaws.com/metadata.json,58617226c079bbe7f32095f3cbafb260a82829a387f4115264aff9859066afc2,320
