address,has_script,qty_night,utxos,pct_of_supply
addr1w950c5zxn5fhwlauvpy3ssk287q0qlwz6e2zc4gaj62vaxsy3s9p0,true,6000000000.873988,1,25.0
addr1qx2jr033c4ywyr8d86nj72azm3tv4tn9ve8rf5kee0d623y4yxlrr32gugxw60489u469hzke2hx2ejwxnfdnj7m54zqgddhlg,false,2973022991.23,7,12.3876
addr1wxgp2xvmvh0lrfdeu2q3jtqp2lprej6hjvgjx2u5lcwqxlqfvty7h,true,1630859175.3369844,569,6.7952
addr1wyczfpxfnf5hvp36mrn655ye4k2cwluvlez6phx8jx46k6s2ttdaq,true,1200000000.0,1,5.0
addr1qyahg78kwaa3fstl8awlt5rqfyq4gtxmpzth3wge2f3520usrrrehtfu7m7ql049e5qnaep75yv0ml527fujmy7xgpcszdlh7j,false,1096130969.88,1,4.5672
addr1q83vjnxkf5tvz29qwl0jd2n3eatc5g0wg09auzpw97dvs8tyuzet687wvt9y2vte6xzyyd06tve3h452tk43d2hdgm6qca36vk,false,813365253.77,1,3.389
addr1qydme5y2u3fwdwufdr2xqgsydmmtg3xw3s3l4vu0xegthm6ltalj3ujjq8e8ezk3r4eu86zyr02aelaq4zx05df9ryrsjwy0y3,false,676709345.12,1,2.8196
addr1xyw0kswupwx38ljnvq8pwpvae0x69krywdr7cffg3d84ydp9nvv84g58ykxqh90xx6j8ywgjst0dkt430w9lxgdmzncsw5rzpd,true,527425961.3642971,37,2.1976
addr1qxas5f0772ghkp6vmhnumqj4agnqfcra4f6e4rh8phaak7jy6waupeny3gamecxmvypk6f3d9ew70hd6r0rtx4lf0glsh09clv,false,400000010.0,2,1.6667
addr1q8tjukn95v344g6gqasptkkvz0ks92xxlrndenna863k3yklp7q2ag9kvzc2myap7a79zd49rh8ckpq2due9cnrzd3esm6dgqh,false,347784632.67,1,1.4491
addr1qytgd3gk950p8kc4ymrvcrc2ftm96glv3gxjg5a5gwl3uzzkynuznuyv6g7ec7g0m3eca368n6nnu7ljr7qx09wjavjqtu0fas,false,322043129.0,1,1.3418
addr1q9awhyg7nfhweyezjf5wkd0zth6cgjhgzp0c8d27k38rntu4rmr36a2al8meyrr5v595xrrpjq2vqchv5y8q662huvys74yk6h,false,279509518.0,1,1.1646
addr1q9xkmu35qvztt03wves3hv2w5xae5huweay93xhw2cser0wcegr086cd9q6tdg9f344r6hh69gvr4qdxtg2n6kanrs9seduedx,false,260891666.0,1,1.087
addr1qyygqeeund4he53cqhysdltuc0j6xgxlfu3hj98z4704jsakjp4htgx7ydh0h4ulzfdq6krx7vzm27av7z56fg3rv55qg5jcmq,false,257678870.4222,18,1.0737
addr1qxvfz5lm0ksz3q9a6uytz787zlr9zx8d0fwlhsgr2zrmx5x4qne3dqwqmnejaa55wzwvkamlux2w23xcumda5ne5t2fsy6dz9w,false,200102280.35,1,0.8338
addr1qxteuflv54vm08zfvl8679slst93mzh8h9sgrd3fzuxhh9q62pf32rz3qc6c2skpzcpwef6e7vhjjkft8xr9f40j3jcsz279v7,false,200000010.0,2,0.8333
addr1q8vu2rl9rcqpqmysujex3esjpsmu75hlj4939xuuxufkdrgglq62duenc0khqwkr4lhk6r0f8h4md652w8lcgktjztssnu35us,false,192600598.491058,1,0.8025
addr1qxlwvdzytxnt03n3l7v6a62wmckqjqauc8kh5ccammnjp5aw4ldu0gn4myyq45nt9uuxxyvxvm86y3gku8yjw44zjdyqq2da6e,false,182000000.0,1,0.7583
addr1q9lxym523pnns50dyymdv3n8vktyc0nkedr54c8d2prgxsumfyd8qtrg9yr4lqadjtczu6y94rtevjua36rv75v0qsnstezggc,false,163604110.221246,1,0.6817
addr1qxdfqunt6cjd03485aqpma6e065kvf2vuxznfu6ex0kjnclrzr27g03klu862usxqsru794d03gzkk8n86ta34n85z0s704vzm,false,160929859.84650403,8,0.6705
addr1q9pwdp20svjrexvvr9536yu978ucz97x5lqa4fyhrn6vqs54u7h70d5ljzmg6qjsa0q9xx2c7yuxmhkh587gkf53davqd2jqzy,false,158055187.54,1,0.6586
addr1z84q0denmyep98ph3tmzwsmw0j7zau9ljmsqx6a4rvaau66j2c79gy9l76sdg0xwhd7r0c0kna0tycz4y5s6mlenh8pq777e2a,true,148548627.41793102,77,0.619
addr1qxl3mw38e2myu6wnt4xsqf6upazjcjhjx8dpudua3gktnec7hsmwxxz59tmk9hzle5qzg308xnuwryh34rfezc6x29xsu9h3ra,false,136683555.8162,64,0.5695
addr1q9uf4a8ly2p9xn4md4k9xmjg48zpzsy949kqxfemhp6xvxncnt607g5z2d8tkmtv2dhy32wyz9qgt2tvqvnnhwr5vcdq3fcp6a,false,135091835.0,4,0.5629
addr1vy26yjamt2hnamy7xqwwvepafhn62pmktyw30gal670slsc7rmelv,false,134565288.79995495,1859,0.5607
addr1q84lpwxcx0vv6fry642refasgtmd4mj8hqhf366ueyytcre3jl00xutghe28wd2cj7uvgvnm6vjdymp29xtn2yjxkm5qfgclle,false,124794411.0,1,0.52
addr1q8fg0jzp8ypn7l8fmunhu04pqag65847pqy6u8pnyq6f0xxjslyyzwgr8a7wnhe80cl2zp634g0tuzqf4cwrxgp5j7vqvl3c3y,false,100000100.0,2,0.4167
addr1q9hywcny8nhwwjsla726tqtl785sd8pxlr8s6a5uvh6r7huas7xgdn7lwe0sd2akhn7zxuypf84wuvfj2xlxtsl4dfmqvw6qmn,false,100000000.0,1,0.4167
addr1qy0lqw67dgf68xf049uns2ryjqr53fj7t3cysnugnvlp3kgl7qa4u6sn5wvjl2te8q5xfyq8fzn9uhrsfp8c3xe7rrvsh5q62h,false,99983888.0,1,0.4166
Ae2tdPwUPEZKnykUqXyYQxqJSnADNkm4ELUnyqZUBHcCrNJVDqozLYCt9Jv,false,91678658.72929794,595,0.382
addr1w9vcd07vpjluvr0v3hu8w9wvjhgrs9a2cwrtp6wn8ksrkwg2wungz,true,84167467.66743802,1251,0.3507
addr1q9ky025uv4encxu3vnx6ldnpyht8z0hrrty50ve07vu8cpd3yxedx52tjh7ndhmd3fpcxwn8dy8zdv6uzkgrngh3q6mqr4j3gq,false,80443125.0,1,0.3352
addr1v83pv7rsmn5d8l0v2rwvuz5hlz2pp9k2yzy255h59myv33ct9y6sm,false,76628663.75053097,63,0.3193
addr1q9xfwv50aperf38gdqlnlsha64a3v45zlu0rm5nx0mrddujvjuegl6rjxnzws6pl8lp0m4tmzetg9lc78hfxvlkx6meqzql83m,false,72000000.0,3,0.3
addr1wynz2dws5vjeqhecwg3d7v9q7frzwg8ces042a8x09l9t0g2885qf,true,70092574.50054,4,0.2921
addr1z9vcd07vpjluvr0v3hu8w9wvjhgrs9a2cwrtp6wn8ksrkwgrts22z476kfgzqwjtl9yq90gxjl7dhp26kcj7nttxu7vszjvrqq,true,51154440.97240701,11,0.2131
addr1vyh8mf0wf2m7edk2pap7shzkzur7yv9cw8akhy9udqvd4dqx2y3yl,false,49057932.72122799,781,0.2044
addr1vyt65g7fzky4j2gqzf0nr0g5nk2tc4qwju6q3mlp63wcs7qgpykvh,false,43324365.0,8,0.1805
Ae2tdPwUPEYzaKLmZHmfRHdayyjBoVXDY8tbTXsGUHsWXjQPMwNXwwfv1DX,false,41053210.0,2,0.1711
addr1qyrqujcrey45njs42zdntad69ctwr6p2gaxeatjjkx27rqmkjcrka94ccq9jydy3k2wgwzevyflddry9j0mtrw24kznq6xp09e,false,37500000.0,1,0.1563
addr1qyp2apgtx3j6crj7uhq2rqshagh3v7ul3rkjn3y73ay5hxz096pdr9slwrpaqyjrtdlcpwv78wj7c64k3wjgns7yjmlqd8kaee,false,37500000.0,1,0.1563
addr1v8mn6dmk7tf9u26kr09a05lmvc9j4k9d940a88ta3hdczqgyt7whl,false,37441105.73336596,387,0.156
addr1z9vcd07vpjluvr0v3hu8w9wvjhgrs9a2cwrtp6wn8ksrkw2p92dd8cadalr5t3t4xahrtw0yxn45xppy22vztqp5gfms3xg57r,true,37156939.588623,1,0.1548
addr1qyn9ln94lxk6dx3e2y698puvqcrkw5sjs07uteca5ej7nppxtlxtt7dd56drj5f52wrccps8vafp9qlachn3mfn9axzqnq92l6,false,33126279.274703,7,0.138
addr1z9vcd07vpjluvr0v3hu8w9wvjhgrs9a2cwrtp6wn8ksrkwdxnslpltlvty82ss3hp57988pfu9gut0fha3culwkn6jls0ct3g4,true,31363590.777026,50,0.1307
addr1vygz7rmeu2n59rvughy0y7ljawjprwpmswueq9zlfmcpvkg2nkp62,false,30000000.0,3,0.125
addr1qyktyw54r98lcu4qyxwtkd4d28pf78d29y8nmmml8zlrsuevkgaf2x20l3e2qgvuhvm265wznuw652g08hhh7w978pesu3jura,false,26403669.01851601,29,0.11
addr1q9n7yyj73pf6exxd3y9qhueqrhc2vqxfnh5r7hmxgfd4ljws85exgzl72xf2heewz67dgk5ddkmmt950v79y26vdqmzs69ycd6,false,24579032.5904,2,0.1024
addr1wypmdhdv6cxvr67ea4qyr5xznrzvday2kc0qflddfkg4e7scahru0,true,24000315.88138,17,0.1
addr1vx22v82ycddcw9gmmtfwnt46k0pae4rudpqz8gtmy3mnehsvj8ze6,false,21568197.04260999,145,0.0899
addr1z9vcd07vpjluvr0v3hu8w9wvjhgrs9a2cwrtp6wn8ksrkwwv92ay0ry4zt3nh09cc7lgslavcga9kms8vz80qm7389ds9yum2p,true,21230045.008736,1,0.0885
addr1q8xz4wj83j239cemhjuv005g07kvywjmdcrkprhsdlgnjk7v92ay0ry4zt3nh09cc7lgslavcga9kms8vz80qm7389dsn4ns9p,false,20758291.708736,8,0.0865
addr1qx4j95zpu93q9delknf842y79rjzxacjv7sgfp0zv5jfxzdtytgyrctzq2mnldxj025fu28yydm3yeaqsjz7yefyjvys3zs8sz,false,19156939.58862,3,0.0798
addr1z9vcd07vpjluvr0v3hu8w9wvjhgrs9a2cwrtp6wn8ksrkwf06qfvlhea7ul3g969gdqyjd27dwkjmnvqy2e5r7ducdxs22hptk,true,18299199.922511,1,0.0762
addr1qxhfdmwnu6twdl5gxe27zym4v9907h4s9qdw8usrafhzaa6tqsqkhyer25uq8ne6w0vakh8rau2jry0tanl54g0x3saqvhq3z2,false,17378638.46,1,0.0724
addr1v8mr4gn3ulxm3c447ufyj8ed80aryuztvpszrz9zdpte3tgw83za8,false,17352295.0,217,0.0723
addr1z9vcd07vpjluvr0v3hu8w9wvjhgrs9a2cwrtp6wn8ksrkwwxl23t8tha3kpnjqvjrwcha2jx2kksttnl5xzsdwwyy90srzkjjz,true,17133324.637749,1,0.0714
addr1q9v3ffl8cr0jtumyw9p7g53w7ulyjt5a2n2utdg6uhc4tazy6jpth97w8mwcnfzyp943s2lqslxfw300c4eeqz79ys7stf64nf,false,16679646.5,1,0.0695
addr1z9vcd07vpjluvr0v3hu8w9wvjhgrs9a2cwrtp6wn8ksrkwtxvj28dgx7gqwc0y85d537svj3xt2typ7f83jc7mg0fr8slc434g,true,16038726.880402,1,0.0668
addr1q9nxf9rk5r0yq8v8jr6x6glgxfgn949jqlyncev0d5853nmxvj28dgx7gqwc0y85d537svj3xt2typ7f83jc7mg0fr8spajy6u,false,16038726.8804,2,0.0668
addr1qxzvc698jlgj44c309r2ykcdm3kmhdrnjkjzlcg2kggu0hmh4aek6eyr0dwzsr3rzkfpwg5qm57xtnlm4gsdhu4ctmdq2m9504,false,16004664.726278,149,0.0667
addr1x86wkztx2pqvvh9nlqclpfn3lc43gh8gjgqe258hp7fflr05avykv5zqcewt87p37zn8rl3tz3ww3yspj4g0wrujn7xsn3ekxy,true,15993798.312116,8,0.0666
DdzFFzCqrhsiUnesrZVHZoFzS1j9ozPXm8Z2NZEThuefQXzHjNzWzuGLLAJuJouNdep4ffGGWUsr4GYXqUCJVxbwvy6RkkQqwjMaCq4f,false,15902169.975696,1,0.0663
addr1z9vcd07vpjluvr0v3hu8w9wvjhgrs9a2cwrtp6wn8ksrkwwchgy44j29gmxjhd8f6ujt62kanwerv5gg5d5tkc242uzs4kxvsv,true,15778644.937716,1,0.0657
addr1x8srqftqemf0mjlukfszd97ljuxdp44r372txfcr75wrz26rnxqnmtv3hdu2t6chcfhl2zzjh36a87nmd6dwsu3jenqsslnz7e,true,15654499.027705,9,0.0652
addr1z9vcd07vpjluvr0v3hu8w9wvjhgrs9a2cwrtp6wn8ksrkwf9sana7qv3mxl7nfwa7vtxqlm93z6etsg2fkkxpw0xcv4qj2utwh,true,15432419.917036,1,0.0643
addr1q90v9e0xsamkgtlxyfn89tv5e2s5dqpgutszu5rge7pwwhxxmf2xxuef400pk08r9y8sls8p6wr8t2ap90vdmqh7fa6sgkv97m,false,14874829.9,1,0.062
addr1qy90xg9kpkt376z9uzus958r939fnamz4r2wj9vlrqzdveqssd8lz98gc8frxupvujlayc0jhmzvy2jf77ycjtfec9yse4ea7u,false,14631766.464,1,0.061
addr1z9vcd07vpjluvr0v3hu8w9wvjhgrs9a2cwrtp6wn8ksrkwfr64afsr8x3yjnztz2p4n8v9ymd6qkwwmwv6nk8tfrfzhsan6zrh,true,14250089.682063,1,0.0594
addr1z9vcd07vpjluvr0v3hu8w9wvjhgrs9a2cwrtp6wn8ksrkw2839jvz3zy2edxx56tlvng67d25xx9tqln7wkqnjhthfks28d59a,true,14110274.954259,1,0.0588
addr1qxyucap2p7tstjr6zjs2ycqxx5n7rqml250ymn0yjp62nrvfe36z5ruhqhy8599q5fsqvdf8uxph74g7fhx7fyr54xxs2yh76c,false,14000921.88345801,37,0.0583
addr1qx33hwqcxy45lehzranzqv8nv2c68jfky34fxhljphjwg4agmt3vjcdgzfrc0hx2jql9eaadq64wtkdx03gvv7634jcs8f42mu,false,13443306.5633,2,0.056
addr1q9jyxv08t3l4npxknf80lkhfatf55kmmyundw3r4kl8zr2nvsq73ukf5sqyqg7x0gkq64zp5tzvz8cl9hkwlvfdx4xhqrd73a9,false,13000000.0,2,0.0542
addr1z9vcd07vpjluvr0v3hu8w9wvjhgrs9a2cwrtp6wn8ksrkwtvtullmn7zucxg04fguwcgqpc50wfx84hc3390jp258ynqkqucal,true,12908222.876392,20,0.0538
addr1x8z7n429sfah3edwj5cgle7hjur5ge6z20shr644lrxe9l79a825tqnm0rj6a9fs3lna09c8g3n5y5lpw84tt7xdjtlslelrez,true,12812142.104842,10,0.0534
DdzFFzCqrhsuDgf1oWKVxLJPUBW3KA3gTsrpPkyN1NqmzaHydXMh5KwV1LEeiazze2BCRacCxbCMmZnySX46ryLNmE4utCnd9ETdHiCb,false,12467544.113023,1,0.0519
addr1qxlcq0ulvg2qnycf7jm2y5fy0nutf0lpslymt0x5dcguv5e3z5a943kpsckkvtsz64huf22dkhhzspxpectr8kfpu8fsevuj8p,false,11910411.662609,1,0.0496
addr1z9vcd07vpjluvr0v3hu8w9wvjhgrs9a2cwrtp6wn8ksrkwgwej2ksd7arhuv2hggvtquhycy7f89k8zjfjnmjms4lx4qqd8p8k,true,11677525.930537,1,0.0487
addr1qxwrg2y9yp0v5qezzlvkzf7kf5um9um62elpjmm6zfe0azhrzr27g03klu862usxqsru794d03gzkk8n86ta34n85z0sykf7lw,false,11333626.164555,1,0.0472
addr1v8nesus3q7r0l52g0fdj9ve2k8kmhd8dgmnpck065e977ps8ehz40,false,11163851.038097,118,0.0465
addr1vx8hc87p8qecqhaqpg53r68u2dkt8n2egxj0rqekphcf6jsxvh3wf,false,11125904.97,101,0.0464
addr1qx4aasaflmvn5rqj9w8r7t4xuh6ckm9uwzu8te3rgtzl2kpkzeur97kzc6tcn2ygff4dr5kfrmcfnaare9qsx8kad6fq48hr0p,false,10000000.0,3,0.0417
addr1v87muf6ur65gnfl08ey0d0lvy6tjxxgrczxlcsrcwcdr6ccqje853,false,9644380.8456,82,0.0402
addr1q9dzdj37v824ynjvddz0quk9nctr5dltdu0n646fjagt6qlrzr27g03klu862usxqsru794d03gzkk8n86ta34n85z0stmc5r8,false,9107428.465912,1,0.0379
addr1x9qy3qeu59ngqfwe2uv4qz7n8y2wzzk0n5h3t0r2sdmflrzqfzpnegtxsqjaj4ce2q9axwg5uy9vl8f0zk7x4qmkn7xq27ppet,true,9023504.17,8,0.0376
addr1z9vcd07vpjluvr0v3hu8w9wvjhgrs9a2cwrtp6wn8ksrkwdjec8vnztph7c57l7clxqvv8t2lkwugcz3ydh5e86g4nwsl3ty2f,true,8974528.279732,9,0.0374
addr1qyn3f5jh8kgdl90flrpfcz54yva63e3d8lyczhz7z66237aemk9557vtwfpyn0s6dvq6gwafhhjny5894ux59uzv4acs4hxds4,false,8958658.361134,1,0.0373
addr1q90x5ej8xrn0sf92kah54tls8uwp5p2v2uf9qrt9xhac237waukhu8mujwv5t5rdcrf0hjvwlcd75f4ec23v3wmmfw9qvqdmgn,false,8597537.848407,119,0.0358
addr1x99gcg9us9jfp6gtsrgsenjjreg9ytevv7ha8nvyzuz4ef623ssteqtyjr5shqx3pn89y8js2ghjcea060xcg9c9tjnspxv0pn,true,8437248.75,5,0.0352
addr1qyukp2tmrfhynu7a7sjeqn0ca9qfsjwr2cmx39pgerjhgzhrzr27g03klu862usxqsru794d03gzkk8n86ta34n85z0sxw7ngx,false,8323244.29,3,0.0347
addr1q95j8lqu00h6vt0ps4ekeeljlwvrprgxtrygvy46xhtcf8hela258t30chera9hlk5n0z360kwuj3udk72t20sstq92qjt2d7e,false,8026891.211845,17,0.0334
addr1qxx4kuj0yyve7l036wswhgs6m339md3aa5zx05qqe7cduyndnls63ud5evuy4ak3xanwmz60jwdraa6nrc5ua7y325wq7khz06,false,8000000.690762,1,0.0333
addr1z9vcd07vpjluvr0v3hu8w9wvjhgrs9a2cwrtp6wn8ksrkwt5yku5hue7h7uv2rd02wst8jhjtel5rdtsx32mddz94lsq7a363c,true,7944268.077787,1,0.0331
addr1q9n5t9w2jqn7ndxcdau772meqps3m2ad9shv63sk8ftqnem8gk2u4yp8ax6dsmmeau4hjqrprk466tpwe4rpvwjkp8nsufuyvp,false,7811800.497417,3,0.0325
addr1q98kksz9ev5x5jhvwmutfqkpa0tn4qezm2kqax5pgtjmfn60ddqytjegdf9wcahckjpvr67h82pj9k4vp6dgzsh9kn8slh7vzj,false,7697312.555955,15,0.0321
addr1qxl69qdy0sqrzkpcx7pf9uwy6h5s5nnpsj24ljy82fjq0al550cmgzztj9z8drl95sexr5cxjsqcvzvk62rhpzvwel3qe4ujhj,false,7669689.088,1,0.032
addr1qxul9uvfyle54x9y7wtrpcukqdy0zefs3uxd3uydwq558qx0hyea5ahshw8dufs9q55dhva4qe7k9gv6ylgd4qd6e4wsd7tfqw,false,7575701.396138,4,0.0316
addr1q9fcxcn6d6sv23uel742jvwqjjfwamsaxuhf2cwzr3rw8zpm6ajnuc0cd2fw738e8pps05yav6xdaa3t5dmtkksln7ps57593d,false,7528649.900014,2,0.0314
addr1z9vcd07vpjluvr0v3hu8w9wvjhgrs9a2cwrtp6wn8ksrkwfm6ajnuc0cd2fw738e8pps05yav6xdaa3t5dmtkksln7pskjwykh,true,7528649.900014,1,0.0314
addr1qy7vs262wk47vg9s72h2cen2dfur6lzs3nnra2gyahmh5qe3jl00xutghe28wd2cj7uvgvnm6vjdymp29xtn2yjxkm5qsp2a9a,false,7505000.0,1,0.0313
addr1q9ljk6rysvfnpy4v4939ggt8j0fvu2ewwpqt0zcw796h0y5u7u3qfgsus5g5p8mdxch9cqy5s739z9wf2acjc05wk80s3scske,false,7334589.0,7,0.0306
addr1wxhew7fmsup08qvhdnkg8ccra88pw7q5trrncja3dlszhqczc0qfe,true,7196056.764652,5,0.03
DdzFFzCqrhsuQV5ohP1EBh9d4UjmmWDb2Vui2s2SACSBDeEW74kHhp3zj9hvLFDb9mK7hRr7fbctu1UYatPaF1omXiXPwf12bn7DQvbT,false,7019171.654279,5,0.0292
addr1qx8t3qmvznpd9l3k98hrrsfaudcagxsturgcw9tjx9pgxsncln8lvjldwqj7392vplyjk0q8ekg9q3kvf4m2r3vump2sa4nyde,false,7000000.0,1,0.0292
addr1qyhgsxmgzhqm339uue4zjwwxx4r8842gsyd8xcdw09klzcx60d34qvne0l3ts7fjrue8d5uc65n3yaarfnn0qxrd039s9pu63y,false,6991553.60426,5,0.0291
addr1q9h97da00469z9yfw4eju9h3y42az3nrcl3er58e0xcpm3hw806dqp8p0ymx40mt3ljs6pad2q6mk8663386amnk46mshs0vsr,false,6275474.0,3,0.0261
addr1q9v6fg63fu5rlmwz0k8qr5j448w4sctpxhq7f9vw7tgk7crw4yrst3uz468c08zmurnw5t5qrf79c6qyhxttlklr2yrs85k7nd,false,6200010.0,2,0.0258
addr1qysnu3egl0pkzp7l75388c6g6n6fpgymezjq0hrfprg44pj6elut5zc0t866njpvrc7ays4nshwdtshcapcyvu8ry7yqdar462,false,6136233.851564,1,0.0256
addr1qyyqa68cn40nfvmkpp83v3pjcrd78dgtk4gvmu2zn6dtx5cgpm50382lxjehvzz0zezr9sxmuw6shd2sehc59856kdfsrqxk76,false,6102567.573293,1,0.0254
addr1z9vcd07vpjluvr0v3hu8w9wvjhgrs9a2cwrtp6wn8ksrkwgdtwmya43gx2apzdhxr4fc8pcggryuscw2k2gck45dq47q59yhc0,true,5963809.226351,5,0.0248
addr1qxl4vntqalzhzl6t2gmcldaurptgua032rxcyu2v0ly80zwxl23t8tha3kpnjqvjrwcha2jx2kksttnl5xzsdwwyy90s8yv6kv,false,5711108.212582,1,0.0238
addr1z9vcd07vpjluvr0v3hu8w9wvjhgrs9a2cwrtp6wn8ksrkwgzy79028urrhly83ch445w3thlk37h6sfz70qfvkx8mj2sqx60qg,true,5688937.631001,1,0.0237
addr1z9vcd07vpjluvr0v3hu8w9wvjhgrs9a2cwrtp6wn8ksrkw0j7jtuuarxc8tv95rvr83t2u4cw7vf49xymfp7lznx2dzszkel27,true,5548071.95597,1,0.0231
addr1z9vcd07vpjluvr0v3hu8w9wvjhgrs9a2cwrtp6wn8ksrkwt22t2xa34rpjwq6jcw8ndcvwazuenu3shfd24z06spyxnqfq9aew,true,5482578.078045,1,0.0228
addr1z9vcd07vpjluvr0v3hu8w9wvjhgrs9a2cwrtp6wn8ksrkwwg6sl8fpdp0qpzwge4nct3n52a3x5mqvlwjusk2datdhnskpfy7r,true,5469505.546586,1,0.0228
addr1z9vcd07vpjluvr0v3hu8w9wvjhgrs9a2cwrtp6wn8ksrkwdtpx55s9wvwpkpcz0ztfs3y9c7ppep72dlflxamru6svmsc8lrxc,true,5469232.378938,1,0.0228
addr1z9vcd07vpjluvr0v3hu8w9wvjhgrs9a2cwrtp6wn8ksrkwwtdde77adnxf3hrgzlfc3m9jlw0et7k7j0dpmatze2l24q85yq9d,true,5448859.575203,1,0.0227
addr1z9vcd07vpjluvr0v3hu8w9wvjhgrs9a2cwrtp6wn8ksrkwf3zprj60tsgurkdntxmachdpgxrutmgrjk487lnq72j8zqlrxqwf,true,5447946.721739,1,0.0227
addr1z9vcd07vpjluvr0v3hu8w9wvjhgrs9a2cwrtp6wn8ksrkwdg4mcxm6nmyn3lsg7spmq9y847fcvgpdmfwp0992h4j80smqqely,true,5442992.142449,1,0.0227
addr1z9vcd07vpjluvr0v3hu8w9wvjhgrs9a2cwrtp6wn8ksrkw0e774lquvulsxaencq008ggp2zl48vgzpe0q23n7h5tdks08tnnl,true,5441940.718623,1,0.0227
addr1z9vcd07vpjluvr0v3hu8w9wvjhgrs9a2cwrtp6wn8ksrkw062f574zw6nmv4j2tw85vsdpetf9dt68flr9qzucr05zts908er7,true,5441858.475618,1,0.0227
addr1z9vcd07vpjluvr0v3hu8w9wvjhgrs9a2cwrtp6wn8ksrkww2duup4kj5uhap2ahy7e5prljkw90fmhxv2ht630cu9r4q873775,true,5439295.70106,1,0.0227
addr1z9vcd07vpjluvr0v3hu8w9wvjhgrs9a2cwrtp6wn8ksrkwwkcxyqynj8ckyek7l0klfxjpfg4ycr09rfuly5wmed4qhsn6r5rz,true,5434011.325216,1,0.0226
addr1z9vcd07vpjluvr0v3hu8w9wvjhgrs9a2cwrtp6wn8ksrkwdax5n6yt5t7jypzgrf09d6pswkgtxyskwxu0jsur57ymdqndrkxv,true,5432808.872708,1,0.0226
addr1z9vcd07vpjluvr0v3hu8w9wvjhgrs9a2cwrtp6wn8ksrkw0m36pzgsrr0qgat7zqs45g7cw0usgj73h4xaetw9yt3h6qk9449y,true,5432668.663431,1,0.0226
addr1z9vcd07vpjluvr0v3hu8w9wvjhgrs9a2cwrtp6wn8ksrkw2gkjp8sh5vj85ms33m4chjp2jkv33d7d8usarnfj6ncjvs2jrwdy,true,5429950.441762,1,0.0226
addr1z9vcd07vpjluvr0v3hu8w9wvjhgrs9a2cwrtp6wn8ksrkwgpslzzmk89r0xl2zcm7atyjgk76jcrzwhlnespwejwktfsw9rxq2,true,5422594.739947,1,0.0226
addr1z9vcd07vpjluvr0v3hu8w9wvjhgrs9a2cwrtp6wn8ksrkwwnc99pjct36elulvvqx65kkwhep6p6n4gtc3n3y47feahsk7tncu,true,5411635.327084,1,0.0225
addr1z9vcd07vpjluvr0v3hu8w9wvjhgrs9a2cwrtp6wn8ksrkwdfvr3xznqhs5w9ee70p34evm2f2yt740lfuqh34q3ghedq3xauj5,true,5403329.241395,1,0.0225
addr1z9vcd07vpjluvr0v3hu8w9wvjhgrs9a2cwrtp6wn8ksrkwv4u5v06vjwxzvqf03maxkjx6zqaeuelgtlaq2v7085rgyq577dqq,true,5402620.601014,1,0.0225
addr1z9vcd07vpjluvr0v3hu8w9wvjhgrs9a2cwrtp6wn8ksrkwwc25mv0sq7kem7syj7ae4vjss2m203jhpwzhhyngdrej3sypt438,true,5396678.791578,1,0.0225
addr1z9vcd07vpjluvr0v3hu8w9wvjhgrs9a2cwrtp6wn8ksrkwfjllqkvc9l2jmy4mn38fpkajk9sscu003ul2uwwats2zus5vp0ck,true,5391609.242835,1,0.0225
addr1z9vcd07vpjluvr0v3hu8w9wvjhgrs9a2cwrtp6wn8ksrkwte206y7lq6k8w7frxdu9gy42c2fry787mwxq8z006ga9vsur374t,true,5389490.126302,1,0.0225
addr1z9vcd07vpjluvr0v3hu8w9wvjhgrs9a2cwrtp6wn8ksrkwf9swvuyr7d76nstp8x7wu5cd68wq09r9j0jqyym58ed82q4unxyt,true,5388457.81515,1,0.0225
addr1z9vcd07vpjluvr0v3hu8w9wvjhgrs9a2cwrtp6wn8ksrkwwglzncv2wkyccxvmg4xuu8mf7k7v57wg7wvsetqu7vswmscuz93l,true,5383523.945226,1,0.0224
addr1z9vcd07vpjluvr0v3hu8w9wvjhgrs9a2cwrtp6wn8ksrkw2rpavk7gyqt6l7sauv42fxcx5zjw9khk8apgartvem2plsulgtyv,true,5382558.07079,1,0.0224
addr1z9vcd07vpjluvr0v3hu8w9wvjhgrs9a2cwrtp6wn8ksrkwtzf03a2pwgftjvs6t2t9rpf5m7us0hryzw84zuqtccxt9q2v2404,true,5379008.782407,1,0.0224
addr1z9vcd07vpjluvr0v3hu8w9wvjhgrs9a2cwrtp6wn8ksrkwdwjzym6p9qv9c7s9y602vzzqg0pthv497s56vwwxp9teas8hgzee,true,5374662.816414,1,0.0224
addr1z9vcd07vpjluvr0v3hu8w9wvjhgrs9a2cwrtp6wn8ksrkwdwrxrjspnjuek5mawjzcg3zm58gfxmr2an2sp28vlzm32q555ul7,true,5373930.129272,1,0.0224
addr1q86us4clp3v4jzmxamawqflck7xz7jm8xjq0wkr5pzzfeakchgy44j29gmxjhd8f6ujt62kanwerv5gg5d5tkc242uzs4nd2mr,false,5360232.570683,5,0.0223
addr1z9vcd07vpjluvr0v3hu8w9wvjhgrs9a2cwrtp6wn8ksrkwwy59ktvaxfc7dg32q3vgxcf0tkkfj2tqu52g44s7y9lvasf49hzp,true,5349200.64115,1,0.0223
addr1z9vcd07vpjluvr0v3hu8w9wvjhgrs9a2cwrtp6wn8ksrkwt7kqmccfnrtmd0cawm27s8q2s8sdyt87akv0ht9f3cvd2sjvw3r0,true,5343068.652158,1,0.0223
addr1w9el99gcmgqp8fn3gkx4ycj2fq5vtdd7mtlc49gtqp3mrnckmpaw8,true,5303652.792984,1,0.0221
addr1vxwlwkhlr958x323zpvw33ng5kg6qxuu0s0f9qqk6ku78xs95e2q3,false,5275896.125695,95,0.022
addr1qxvqukuaeq5gh0yfyy5ws3hc2mqvthqxpmug3k7mc8mz8te9sana7qv3mxl7nfwa7vtxqlm93z6etsg2fkkxpw0xcv4q9753t2,false,5144139.972345,1,0.0214
addr1vyeze6sepgrveg8vjeknza59da8pmp5u3v5muga6nvyhhdcxql6vl,false,5098866.23,6,0.0212
addr1qxeqq46mvu2sepv0gqjr8jymcvxls83auz6p4v3vlg9ylsdquq3fd457xmg5l9yarhvkyerutg77wp2dqwusvelx9t2shrvn5r,false,5003481.137701,1,0.0208
addr1qyccd8e4axkcjzutydvcl06rnd6v8unhhj8py0738futry72mcrlc2g79dgngeqv6sqffqjsdqvl5kmejkuyssp6dwvq00qpda,false,5000005.0,2,0.0208
addr1q8pmk843nyvn8zavy7jdfmvf8exsmh7ld845nljyusph7msr8sf9rmy4f02w8ar9ar4muh3vlgnj7hqaf04suqscc6pqyc4uxc,false,5000001.10568,1,0.0208
addr1qx708ql2czuqzjcxmynd8rh6p69f9zv39am3p0lvnfhlg50ss0e0ewtanu4r4trly2n8aw0e45jppm66k9jwuw3w0h2sm0d3d9,false,5000000.0,1,0.0208
addr1q8rc8dk2jzv2v00gf8rh6xf38dvcynsjrcwmhdv5ymk8ja20ypzz5jyfmrxupwdmxrt78dd3p6u0r2e302cgyr79qxgsnfx7fh,false,5000000.0,1,0.0208
addr1q832v3ufa8awxqx4d5nm9sjy48aq2t7hdqrzqu40p56ufwcdxkrl9jl3z467xwe98n2792k6fwjs0ghtp74pfajxnftqzhejju,false,5000000.0,2,0.0208
addr1qxp398e8gj35ege34c9wzu9enwpu30cp58nqfup359xxlqpaks2u7vjlr3frvanqegnc5k5zplhw7v7wncaeaytu4fuqn233f5,false,5000000.0,1,0.0208
addr1q963p6rwra49xupz9vdf34q0ktlfez4pufm6xnutz747jxn5yku5hue7h7uv2rd02wst8jhjtel5rdtsx32mddz94lsqncs3r8,false,4971264.439284,1,0.0207
addr1z9vcd07vpjluvr0v3hu8w9wvjhgrs9a2cwrtp6wn8ksrkwtw25u4d7wws6cz2eey6dwjlsayy6tvue7g7y8yzkhvtups093pdt,true,4965331.697616,1,0.0207
addr1z9vcd07vpjluvr0v3hu8w9wvjhgrs9a2cwrtp6wn8ksrkwdmt98xf5xvge3nz7ky7etfudte8rdn76lttwmlc67rdwhskjpvgj,true,4957611.634059,1,0.0207
addr1qxp0x53scqywwhva80vukr7hcmgfwmcdxkjg7jzlealxhdnwdz5laxsvsudestkj4zkqshs4zed2sq7nzqmekfx339xs4526gz,false,4759400.248458,2,0.0198
addr1q9eugh95929v37hdyfcd5mydukx09txr2v9mnanmz4v40d0w806dqp8p0ymx40mt3ljs6pad2q6mk8663386amnk46mshlqe4d,false,4583580.5013,4,0.0191
addr1q9ztwkmx3uexr8wyd0n8gqhd5epr7wf9ywnytv2sx9p8nlrdptxsf9k9tmy00e4tffnl0wfg3fnz8sgswu7mc4nqy2rs0xzp2p,false,4556961.250901,20,0.019
DdzFFzCqrht71mch8Kv6GhYc6jvmdj39cxf3tojWzi9diVEjCdrXtRQ9NNLzsxM6ydp7QtuaQ9v9YXDHtCwdvFEJphPFJsptqzAe8i3q,false,4375382.770394,1,0.0182
addr1z9vcd07vpjluvr0v3hu8w9wvjhgrs9a2cwrtp6wn8ksrkw0me7r8fs9npxrqth9w8lw0scz0gyjaka4yd9l8x5fcqu8qx3a3nv,true,4374511.304572,1,0.0182
addr1z9vcd07vpjluvr0v3hu8w9wvjhgrs9a2cwrtp6wn8ksrkwtgjcssltx4et2eduy2ueh8m0nagum5dewjjkthvy8rvx3qcnrn2u,true,4355055.116317,1,0.0181
addr1z9vcd07vpjluvr0v3hu8w9wvjhgrs9a2cwrtp6wn8ksrkwvqmzzucr08ut20qh2qa8ugvgjnhcf07u59nzc4vuvyxvfq47zf8u,true,4300333.739532,1,0.0179
addr1q8w5xxzdg2thtwytl9f8s4p7lr5c0gx76l4amtfk9j3jhkz6elut5zc0t866njpvrc7ays4nshwdtshcapcyvu8ry7yqthp2t0,false,4257622.939122,6,0.0177
addr1vx3r773a0uu4s9x3q7shcac0zgfepmqtuxttwtdtnwp4m4qhzysan,false,4237258.283748,44,0.0177
addr1qyjfeew8c0u4g58sznals3stzu8e5nw0j59f58654sukgu0rzr27g03klu862usxqsru794d03gzkk8n86ta34n85z0sc8plrl,false,4221046.8,1,0.0176
addr1v8pevh00wvhh4jgzet02t78tnym2sqt6k2nt9lvz4drjt5qd30xvn,false,4219858.314329,47,0.0176
addr1q8hylgrvzvzcypfwxycu0x848htqy6hcuuhz02tqvmy6c5p0fqx90nvrn89mwkaru7cxdy53p96py0cph8fl7g4sxmtqpqxren,false,4153457.668378,5,0.0173
addr1q8yyfldky9k22dd65m9we4unx9ssurtvy0g4fgkhtx28m6crnhfd5k2xynccp4t08a5sz0u9euvzqhj2h3hghqrt5qjsdrzydm,false,4134359.465586,1,0.0172
addr1q9je69dp02paxv66mtwwejv8kyzrs2g0f7f4dj6l0r2s73h2nl8qsuxfqxj45d0kk0fyjkwzjjm6gkzs8l74smgfztzsxj4e4q,false,4126961.388624,2,0.0172
addr1q9nd9yj5umartqm3aakllfu90ykffk8329xnn42pk5wy2aajl3att7rxc40zj79t9x87syfshllcq52kt58ra4zhtjjsdk7q99,false,4121068.3967,2,0.0172
addr1qx9ffq9fy35r3uq7gh295kvk9dduksxlnwf0kmkr6l273a6slzx4zd8rq77pjs94f8mm66px4mf6ng826x5cf4raj4zq9439w2,false,4105386.9752,17,0.0171
addr1qyejtsrxhk3dmhy3s6945de5r4w6s6wa8xdtf6hv0aqkh0l5yzlrtpj36fewfz304l0e9jxnu3e83cw50wnnphzyh5wqk6wt7h,false,4066956.510565,1,0.0169
addr1q82w7nw7ynez973yehzyt7sq4f5g9tewy3f4j5d0aeptrrde3s336ujkj3tkhgvktua4vw90t63edlw7et9an20wyyns9hp873,false,4050098.417348,11,0.0169
addr1qxzd26vgl2wu3uzv7wrh236tfhzfs7qdjv3nhya7846zxdmrf6kz37yz2tp3vt9jylgh70qyejgreksxfnnwudqlea9slcrmgx,false,4037207.052205,7,0.0168
addr1q9h6j46l423whrqqat0j0wdd03wzjmlsg4ndqhzp6v53xx7enzwz75yhw8z5kqajpqkea5p2fhhrh782ce02wgcq7daqjry6u2,false,4030321.0,1,0.0168
addr1q95y8a7eh8gg407ywqfrgltja6kefeu00l6m5nst56hymd8rzr27g03klu862usxqsru794d03gzkk8n86ta34n85z0snyrphd,false,3962167.540024,1,0.0165
addr1z9vcd07vpjluvr0v3hu8w9wvjhgrs9a2cwrtp6wn8ksrkwth7sec3ht3xxdh8txna0586fa2m3s4u0nzm67z7uxexnmsww5evd,true,3898959.993664,1,0.0162
addr1z9vcd07vpjluvr0v3hu8w9wvjhgrs9a2cwrtp6wn8ksrkwvwt7tdgsymm9cvppdvxhxxrjnt4nztz2fng8x3uf9sndtqmjahaa,true,3882536.990628,1,0.0162
addr1vxc0u8wet6dvpnqa7ru0z5swg0hs5273yay2a7sw0nevxrcdk2weh,false,3844842.976053,24,0.016
addr1qx6545nz6jmd9mdmz0zx6s6txy73ry3qqkuqlrestqkh2j94ftfx949k6tkmky7yd4p5kvfazxfzqpdcp78nqkpdw4yqyc9x9k,false,3830936.0,3,0.016
addr1qy7fccxe49xh2amgfc7fsk54smzm0k7akutu6jndyc4e85vjlj6t85qys4k0mu8tk7p04aahxvd2kgc7y89gplgc4jaszsr9ce,false,3807667.2689,7,0.0159
addr1q8lqt6f8dvtst3h25vhdl8jnuyskqsu72h6sa7wt2ur38uh7qh5jw6chqhrw4gewm7098cfpvppeu404pmuuk4c8z0eqd8xh4f,false,3806684.181274,2,0.0159
addr1q94hsw4eh7u233qtk26l0qcgzdlpxh86emmatdc2qpc4ke75u53mm2rvw58p79hvy7rt5fnrmw6yndlfcf0q5zhlgrwspggjj9,false,3795691.200464,17,0.0158
addr1q87kdwsgnj9hxt9k36cds5sklhp92qrsx5xr9yv00hwuaph577u7fl75ey04ys7jmy74lm4j90hj90d9sjp2mpfu49pq8kyzzl,false,3769354.5516,1,0.0157
addr1z9vcd07vpjluvr0v3hu8w9wvjhgrs9a2cwrtp6wn8ksrkwvgcp56xhxfs9kmjdy3c3su0n52h8njv3jhnq82ex9jcmmql9xeqf,true,3735915.142968,1,0.0156
addr1q89tqsq9umunmlg87wegnpj2mzp9p38zgz6sskvn4zm64ymvpzxez8g0nuhuazcm9man7749kczdpfpdtfmxr22ehnasfn6nxa,false,3731720.422387,28,0.0155
addr1q9m32g0ws3g759p54cdc8hffxa5nt0n8z9rqvxrejltgrtzk70zah7pwgdgxk8gdddf4e226vnt9cyqd4j5mcwkw9lls2u0x4v,false,3712500.96,3,0.0155
addr1z9vcd07vpjluvr0v3hu8w9wvjhgrs9a2cwrtp6wn8ksrkwtczjc8u7c8vser6zkzgd42zdz9zk6z9fec22x5xqgllzjs92rpcl,true,3701572.920885,1,0.0154
addr1z9vcd07vpjluvr0v3hu8w9wvjhgrs9a2cwrtp6wn8ksrkww9gm0k00q0knslhureswr7jajpyvgqjsy5l9lpd4pqkqpsmy3ke3,true,3664433.044411,1,0.0153
addr1q8z5dhm8hs8mfc0m7puc8plfweqjxyqfgz20jlsk6sstqq79gm0k00q0knslhureswr7jajpyvgqjsy5l9lpd4pqkqpsxrmkk3,false,3664433.04441,2,0.0153
addr1z9vcd07vpjluvr0v3hu8w9wvjhgrs9a2cwrtp6wn8ksrkwgfdxjzl3nahsyg68lzcpqh7tunv9q56key3uy80er306lqh8pg93,true,3652950.848182,1,0.0152
addr1qyyknfp0ce7mczydrl3vqstl97fkzs2dtvjg7zrhu3cha0sfdxjzl3nahsyg68lzcpqh7tunv9q56key3uy80er306lqzxlrlw,false,3652950.848182,2,0.0152
addr1z9vcd07vpjluvr0v3hu8w9wvjhgrs9a2cwrtp6wn8ksrkww4a0lt4xxe0yaj4lap02r69tkp0gfsj95cln8zmz7xzx6slj3xea,true,3646142.301939,1,0.0152
addr1q827hl46nrvhjwe2l7sh4paz4mqh5ycfz6v0en3d30rprdw4a0lt4xxe0yaj4lap02r69tkp0gfsj95cln8zmz7xzx6ss6ud6t,false,3646142.301936,2,0.0152
addr1z9vcd07vpjluvr0v3hu8w9wvjhgrs9a2cwrtp6wn8ksrkw0h3nxafjf7cdv4wdkv64w3nsxzwuja8wmn23s8uangs9js5q47pu,true,3645728.658612,1,0.0152
addr1qygf4gqq4kq3e6w5k79ja6wqn8uvf35p2pwe22w2fz4d96lh3nxafjf7cdv4wdkv64w3nsxzwuja8wmn23s8uangs9jsp5xr9v,false,3645728.658612,2,0.0152
addr1z9vcd07vpjluvr0v3hu8w9wvjhgrs9a2cwrtp6wn8ksrkwd6lm9acx3kh6rlyrgw8ea9pe35hzlx7rayynxkrp5hgjrqhccqf9,true,3644961.716663,1,0.0152
addr1qxa0aj7urgmtapljp58ru7jsuc6t30n0p7jzfntps6t5fp46lm9acx3kh6rlyrgw8ea9pe35hzlx7rayynxkrp5hgjrqpy3p6n,false,3644961.71666,2,0.0152
addr1z9vcd07vpjluvr0v3hu8w9wvjhgrs9a2cwrtp6wn8ksrkw0fesk2phjtqhgpfmk7s3thletg8qsmlccuatd697mf2n5skhv28g,true,3642763.251974,1,0.0152
addr1q85uct9qme9st5q5am0gg4mlu45rsgdluvww4kazld54f60fesk2phjtqhgpfmk7s3thletg8qsmlccuatd697mf2n5swvlygy,false,3642763.251974,2,0.0152
addr1q8heryckxma0ut7pjmnc056savp2z7vangrkghnmz2j2aqlzr7w344s0lumwmu87l0qhu8d7qedem2ef6rpgn6utlrzsnvkpw4,false,3638625.0,1,0.0152
addr1z9vcd07vpjluvr0v3hu8w9wvjhgrs9a2cwrtp6wn8ksrkw0vgk0r3gakkjj88ek5ulazjvewhgkrq34p6tm0ecrajwdswulk9x,true,3633617.434439,1,0.0151
addr1q8kyt83c5wmtffrnum2w073fxvht5tpsg6sa9ahuup7e8xlvgk0r3gakkjj88ek5ulazjvewhgkrq34p6tm0ecrajwdsywluz8,false,3633617.434436,2,0.0151
addr1z9vcd07vpjluvr0v3hu8w9wvjhgrs9a2cwrtp6wn8ksrkww427h5sdjcfz95pwtnjzqm4d2thw3vz93g9xnzxfkfzdjqtvtfm9,true,3625409.853481,3,0.0151
addr1z9vcd07vpjluvr0v3hu8w9wvjhgrs9a2cwrtp6wn8ksrkwgm22vzs2nj0pqmfg9d2dzyz7fxw44cmpjrgrgsul5z7unsmuyxn8,true,3621126.424015,1,0.0151
addr1qyd49xpg9fe8ssd55zk4x3zp0yn826udsep5p5gw06p0wfcm22vzs2nj0pqmfg9d2dzyz7fxw44cmpjrgrgsul5z7unshcd9hy,false,3621126.424014,2,0.0151
addr1z9vcd07vpjluvr0v3hu8w9wvjhgrs9a2cwrtp6wn8ksrkw0tvr9e4p5j053q7weqxtq0scnqd4g3zj06t8l9yjj4c9vq6du2vx,true,3619485.281173,1,0.0151
addr1q84kpju6s6f86gs08vsr9s8cvfsx65g3f8a9nljjff2uzk8tvr9e4p5j053q7weqxtq0scnqd4g3zj06t8l9yjj4c9vqamfjk0,false,3619485.28117,2,0.0151
addr1z9vcd07vpjluvr0v3hu8w9wvjhgrs9a2cwrtp6wn8ksrkw2un2thjcqme3ah9cuyn0h8xyesyad33wr5ldhxt93nkndqmj6332,true,3619426.627293,1,0.0151
addr1z9vcd07vpjluvr0v3hu8w9wvjhgrs9a2cwrtp6wn8ksrkwwv4ulxkv5pekzedcwu2jy3hd0fslfaejp06qxzldsye0fq6gww0r,true,3619391.163087,1,0.0151
addr1q8x270ntx2qumpvku8w9fzgmkh5c057ueqhaqrp0kczvh5kv4ulxkv5pekzedcwu2jy3hd0fslfaejp06qxzldsye0fqagtlhe,false,3619391.163084,2,0.0151
addr1q9wf49mevqduc7mjuwzfhmnnzvczwkcchp60kmn9jcemfkjun2thjcqme3ah9cuyn0h8xyesyad33wr5ldhxt93nkndq43mufr,false,3618926.627292,2,0.0151
addr1z9vcd07vpjluvr0v3hu8w9wvjhgrs9a2cwrtp6wn8ksrkwt63vc8ymq8m6syjn39mvmx2x9n70ekpju9l78gmun2ljesjjz0uz,true,3615974.888051,1,0.0151
addr1q9agkvrjdsraagzffcjakdn9rzel8umqewzllr5d7f40evm63vc8ymq8m6syjn39mvmx2x9n70ekpju9l78gmun2ljesyfxwev,false,3615974.88805,2,0.0151
addr1z9vcd07vpjluvr0v3hu8w9wvjhgrs9a2cwrtp6wn8ksrkwwxpnfs5lxsu70qzvsxyyfp5qqj7kmvaq4xz7kfxu3m0chspew9j2,true,3614324.858516,1,0.0151
addr1q9c8sw7kkjgenm8s36uk2qn93gdreylqsza8alfsyrp0wfms0qaaddy3n8k0pr4ev5pxtzs68jf7pq960m7nqgxz7unsr598r8,false,3612857.639336,2,0.0151
addr1z9vcd07vpjluvr0v3hu8w9wvjhgrs9a2cwrtp6wn8ksrkwts0qaaddy3n8k0pr4ev5pxtzs68jf7pq960m7nqgxz7uns8zefr9,true,3612857.639336,1,0.0151
addr1z9vcd07vpjluvr0v3hu8w9wvjhgrs9a2cwrtp6wn8ksrkwgrszjq0svn0vj5q0zhu4rcgcugfxxnjg8c2f0lt3jkxhrsxyg7m2,true,3609831.874342,1,0.015
addr1qypcpfq8cxfhkf2q83t723uyvwyynrfeyru9yhl4cetrt3crszjq0svn0vj5q0zhu4rcgcugfxxnjg8c2f0lt3jkxhrsmnezaw,false,3609831.87434,2,0.015
addr1z9vcd07vpjluvr0v3hu8w9wvjhgrs9a2cwrtp6wn8ksrkwvqu299xuajj3k32ds8z2q69c5gqw6cxj4tfvq2d6w3x0hsp0v84m,true,3605795.406141,1,0.015
addr1qxqw9zjnwwefgmg4xcr39qdzu2yq8dvrf245kq9xa8gn8muqu299xuajj3k32ds8z2q69c5gqw6cxj4tfvq2d6w3x0hshsrsnj,false,3605795.406138,2,0.015
addr1z9vcd07vpjluvr0v3hu8w9wvjhgrs9a2cwrtp6wn8ksrkw22pnr4panva9q37g8q3akaxkmhmqmaxtwr2glqn9a8q7es5ctty6,true,3604043.279084,1,0.015
addr1q99qe36s7ekwjsglyrsg7mwntdmasd7n9hp4y0sfj7ns0v62pnr4panva9q37g8q3akaxkmhmqmaxtwr2glqn9a8q7eseva905,false,3604043.279084,2,0.015
addr1z9vcd07vpjluvr0v3hu8w9wvjhgrs9a2cwrtp6wn8ksrkwdy8vnev9ypzpnmwqmw5lzaas7hn60z0r0eu7x2lz4jv3fscym90x,true,3599601.121463,1,0.015
addr1qxjrkfukzjq3qeahqdh203w7c0tea8383hu70r9032exg5ay8vnev9ypzpnmwqmw5lzaas7hn60z0r0eu7x2lz4jv3fs02fw4g,false,3599601.12146,2,0.015
addr1z9vcd07vpjluvr0v3hu8w9wvjhgrs9a2cwrtp6wn8ksrkwgmh8yndn29kke097wyt7l6f0fqfllwvq9en9kg8v69felspecpt3,true,3598681.075236,1,0.015
addr1qydmnjfke4zmtvhjl8z9l0ayh5syllhxqzuejmyrkdz5ulcmh8yndn29kke097wyt7l6f0fqfllwvq9en9kg8v69fels37ac40,false,3598681.075234,2,0.015
addr1z9dth23wk9mm2ars073kzl35xc5463wh090qsarz822sfkjjqwf6ykfcuumuv6shvw6nmvrjg820s4dhm7y08vzmjn5q4axulw,true,3596500.0,2,0.015
addr1z9vcd07vpjluvr0v3hu8w9wvjhgrs9a2cwrtp6wn8ksrkwtqky8hmm5gwdr6a6qj9q4w8e4njv4p52lpea77a5zm5xrqusud5p,true,3595572.290093,1,0.015
addr1q9stzrmaa6y8x3awaqfzs2hru6eex2s690su7l0w6pd6rpnqky8hmm5gwdr6a6qj9q4w8e4njv4p52lpea77a5zm5xrquhxl35,false,3595572.290092,2,0.015
addr1z9vcd07vpjluvr0v3hu8w9wvjhgrs9a2cwrtp6wn8ksrkw0hst52zdr7ayyes4sa3d6ukw0ghpe3tgvxqmqju4mn93qs7y6p4e,true,3591911.392125,1,0.015
addr1q8mc969px3lwjzvc2cwckawt885tsuc45xrqdsfw2aejcs0hst52zdr7ayyes4sa3d6ukw0ghpe3tgvxqmqju4mn93qsg2299v,false,3591911.392122,2,0.015
addr1z9vcd07vpjluvr0v3hu8w9wvjhgrs9a2cwrtp6wn8ksrkwwsj8l5k74zg59nyjh6cvu2l5d7nsxknmax77l0xur2slpqess66d,true,3590819.769121,1,0.015
addr1q8gfrl6t023y2zejftavxw906xlfcrtfa7n000hnwp4g0sksj8l5k74zg59nyjh6cvu2l5d7nsxknmax77l0xur2slpq7qf5pm,false,3590819.769118,2,0.015
addr1q9h4f2vhh5vnqgnsejan3psw6mj3a504fxlqm2eh3262qufesdvfs83ulr22vprsv9mwnt0vgkfwxlflxkns32twqzdqjpq2na,false,3589846.636009,61,0.015
addr1z9vcd07vpjluvr0v3hu8w9wvjhgrs9a2cwrtp6wn8ksrkw0qkqgdhkgaj0m805wsw2ladlhwur64et0uksmw3w3yvmrqzvsr6s,true,3586866.179723,1,0.0149
addr1q8stqyxmmywe8anh68g8907klmhwpa2u4h7tgdhghgjxd3hqkqgdhkgaj0m805wsw2ladlhwur64et0uksmw3w3yvmrqhp4wx3,false,3586866.179722,2,0.0149
addr1z9vcd07vpjluvr0v3hu8w9wvjhgrs9a2cwrtp6wn8ksrkwd8ecnx8tryaylk8p727aga5tjh3hlrgcxvzapazmlmqaws2eeahw,true,3579204.86249,1,0.0149
addr1qxnuufnr43jwj0mrsl90w5w69etcml35vrxpws73dlaswhd8ecnx8tryaylk8p727aga5tjh3hlrgcxvzapazmlmqawsq6l7jv,false,3579204.862488,2,0.0149
addr1z9vcd07vpjluvr0v3hu8w9wvjhgrs9a2cwrtp6wn8ksrkwwhnpkgvk2hdaupw9ja0ud2ly8gjlc3lz9sxmaxc7m3n4ysd76wmt,true,3579018.725747,1,0.0149
addr1q8tesmyxt9tk77qhzewh7x40jr5f0ugl3zcrd7nv0dce6jwhnpkgvk2hdaupw9ja0ud2ly8gjlc3lz9sxmaxc7m3n4ysqevzse,false,3579018.725744,2,0.0149
addr1z9vcd07vpjluvr0v3hu8w9wvjhgrs9a2cwrtp6wn8ksrkwt6lthp9rwrpm2cy5zw3x8fl7c5kgy84xqwvpyq6grnvjlsg5hmae,true,3571684.531723,1,0.0149
addr1q9a04msj3hpsa4vz2p8gnr5llv2tyzr6nq8xqjqdypekf0m6lthp9rwrpm2cy5zw3x8fl7c5kgy84xqwvpyq6grnvjlsg0ztty,false,3570684.531722,2,0.0149
addr1z9vcd07vpjluvr0v3hu8w9wvjhgrs9a2cwrtp6wn8ksrkw27skmacu23n8wn60v60e7p3ucc2xyseckuhlg9s9suuryqtzjujp,true,3570454.737701,1,0.0149
addr1q90gtd7uw9genhfa8kd8ulqc7vv9rzgvutwtl5zczcwwpjz7skmacu23n8wn60v60e7p3ucc2xyseckuhlg9s9suuryqmw86yk,false,3570454.737698,2,0.0149
addr1qyfd2wrqjxfxttvu3lq4sv0cs4ser6fd38frqu763ufg67cj65uxpyvjvkkeer7ptqcl3ptpj85jmzwjxpea4rcj34as8a0yee,false,3565533.508376,2,0.0149
addr1z9vcd07vpjluvr0v3hu8w9wvjhgrs9a2cwrtp6wn8ksrkwgj65uxpyvjvkkeer7ptqcl3ptpj85jmzwjxpea4rcj34asvwkduj,true,3565533.508376,1,0.0149
addr1z9vcd07vpjluvr0v3hu8w9wvjhgrs9a2cwrtp6wn8ksrkwv0n5cgf8q2fqs68m0nlfpn5n6h209fhyn469scv0aq8gxsd5j0yn,true,3565303.618624,1,0.0149
addr1qx8e6vyyns9ysgdrahel5se6fat48j5mjf6azcvx87sr5rv0n5cgf8q2fqs68m0nlfpn5n6h209fhyn469scv0aq8gxskqkm83,false,3565303.618624,2,0.0149
addr1q8nrhnqwwl5kgg6ywghfgknqlv4azdayfu9h3x80kysx358x80xqualfvs35gu3wj3dxp7et6ym6gnct0zvwlvfqdrgq6s7zkq,false,3565298.161038,2,0.0149
addr1z9vcd07vpjluvr0v3hu8w9wvjhgrs9a2cwrtp6wn8ksrkw0x80xqualfvs35gu3wj3dxp7et6ym6gnct0zvwlvfqdrgq4lfj9f,true,3565298.161038,1,0.0149
addr1z9vcd07vpjluvr0v3hu8w9wvjhgrs9a2cwrtp6wn8ksrkwtr8fnefvl0xsy2zr5xaryctwx2nnf977rzt46kywj3969qr83qfu,true,3562852.865673,1,0.0148
addr1q93n5eu5k0hngz9pp6rw3jv9hr9fe5jl0p396atz8fgjaznr8fnefvl0xsy2zr5xaryctwx2nnf977rzt46kywj3969qck42nd,false,3562852.865672,2,0.0148
addr1q9jqejrj85nups5nv663z6leu9laee6hd2vznt5ln8lcyqtypny8y0f8crpfxe44z94lnctlmnn4w65c9xhflx0lsgqs29y2dp,false,3562801.558208,2,0.0148
addr1z9vcd07vpjluvr0v3hu8w9wvjhgrs9a2cwrtp6wn8ksrkwtypny8y0f8crpfxe44z94lnctlmnn4w65c9xhflx0lsgqs9g52w4,true,3562801.558208,1,0.0148
addr1qxdw4lj76x2z0pf09w5pph943fr7f9admn7qtdez5jqran588lcczqhtwv78zsq9p2atxjg5qhg3yft9z4djhpx7ftmqcxvpmf,false,3542762.891428,26,0.0148
addr1z9vcd07vpjluvr0v3hu8w9wvjhgrs9a2cwrtp6wn8ksrkwvmm3yy3cqcjgmtcpem3595svwuztd2p2sz5z7u40dq8htqph9csh,true,3531101.025889,1,0.0147
addr1q9tn78gr526z7adx6de5w95m84vjtl6mkkv4ujx2ne84x0sjq3nsd7xcy2xu3j7pgf8ue86jgtjzkp99vuuu95v2p76sukkxw9,false,3528347.354062,30,0.0147
addr1qyvkauadk9vmcaxy3lwzq6tjf7zxcsxeyrectdecrvynl87427h5sdjcfz95pwtnjzqm4d2thw3vz93g9xnzxfkfzdjq38cvh9,false,3508947.451548,2,0.0146
addr1z9vcd07vpjluvr0v3hu8w9wvjhgrs9a2cwrtp6wn8ksrkwd0alpnaa3q9gdunp4ws6te32y2ulf4ysx3hj5wzet8rs9q2rp2mv,true,3461638.555798,1,0.0144
addr1q9zjqg3uxuncg5fu85593ecqveld4kvjsd93dqlm40ds79d0alpnaa3q9gdunp4ws6te32y2ulf4ysx3hj5wzet8rs9q2p8cyd,false,3437567.250953,2,0.0143
addr1v8zmclg0wa7na0445qk29yw4e20kzmrs0laeqknlksmseqslf0r35,false,3410858.771186,70,0.0142
addr1qyr4xctkh9yqgt02uxw25e726kls0fxwwwrf4fsdtnshuxncc8h6eldg66r23ltcd8spr4ll6uzldx9ts6g2ppkgylls7gldz8,false,3401396.407644,2,0.0142
addr1qx8vtwresh3wujdz0jx0ftwe5a55rz56jez9hghf76zgkhgamd4k6akwzusdt9rl2suzt247hhwnuanp8e49tp74upvs8c9g4v,false,3399456.585631,1,0.0142
addr1q96540nvyaqfc7xxygas27yhflxc4zc3sswngdrsh9vx2md5ppkqfazcmvgxgajhagd2jd6unxcw24nkcpx2djs9e5vq308kwm,false,3375585.8923,3,0.0141
addr1q85nqhk2mmsyxwn03wyztslkc9320ev0cx98s0m5nmajfu53cr8v52srx6z6hxxcw5f7wp7twem0tu8vsdsns7kuk9pquz9ruh,false,3360697.163978,1,0.014
addr1qxvs7vzepd2fjzfx9400lsjaeqxus7pktsgldthg7fk3fy5asj639z8xkd0r9p9ujad4qufxjp2fc5ya3hgpprg4d5hqw4mdnc,false,3308408.325207,6,0.0138
addr1z9vcd07vpjluvr0v3hu8w9wvjhgrs9a2cwrtp6wn8ksrkwwkrwg624d76jjjgkyp9fu930wxz92lyq9e0tk78gg43ycqkuwzgn,true,3234090.343242,1,0.0135
addr1qxfutkp6wspjh4jvfxga7m40zq858vwpheh7r5ehk82k9rxtrqkxrnppc0yvwx8knfd46w2meltvg6pn8u58srvf98zsv08emp,false,3228679.0,7,0.0135
addr1qxan6e36xc674twgurdw5k0f7h45yap5r7fl79ms2fvh6phrzr27g03klu862usxqsru794d03gzkk8n86ta34n85z0sszzumn,false,3217583.598997,1,0.0134
addr1qxp9ay48ps2dphuza07j7l34geuy3q43d6n9htpa0ju0k8x2npy58ky0jqcc5s4y0anwfmjjfzezqkljtqddwwtphnts7v9vc3,false,3188149.454287,1,0.0133
addr1q93s90un60ec37d482nfzddf058hgv45shwsyp9ktrgucamjjfcwzx5hyh8cx6z50t4yxhqp72tllwkxk202ttjw0t4sjse9v9,false,3166821.991517,12,0.0132
addr1z9vcd07vpjluvr0v3hu8w9wvjhgrs9a2cwrtp6wn8ksrkw064x2j9rtmwguvvns4d59mp2jat2nspg75czq6ppusrq8s507z39,true,3116967.537651,1,0.013
addr1q88xusfmyjd2nu7mgfj9pn947c2vjh7yfatlg08jz2gx84e8tdpq3x9nzmzumgn6gh4jhrfmgxcpjcmh3emxetv7ldts9sn605,false,3103715.99,19,0.0129
addr1z9vcd07vpjluvr0v3hu8w9wvjhgrs9a2cwrtp6wn8ksrkwdsxszcttzh62j287l7v2eskcdtk0utcshhnezgtyvjd8zqp22tpn,true,3074450.021763,1,0.0128
addr1z9vcd07vpjluvr0v3hu8w9wvjhgrs9a2cwrtp6wn8ksrkwtjfwwfkxu2uqqz3fx3tv9a35alq8q9n684gd3qn7etfwjskhh5gs,true,3070912.085767,1,0.0128
addr1z9vcd07vpjluvr0v3hu8w9wvjhgrs9a2cwrtp6wn8ksrkwwtett5yzy6wrh3ekfva0p82tucqm42la257v49rzq0mq9slrc54h,true,3026404.331715,1,0.0126
addr1q9nv4gfhkwe9zcnzkuey4h3grhyxj9y2dj6sjced7yhce3ytla0xy5vwtpv5d00yueej8ph6qawf89m6thwgl8zw9vrs6wgsa0,false,3012125.024106,1,0.0126
addr1z9vcd07vpjluvr0v3hu8w9wvjhgrs9a2cwrtp6wn8ksrkw242uhrnr4ac6deldel30m85xvql3r3xsc4khhmuun9wmzq6qtgzx,true,3003451.347536,1,0.0125
addr1q9pgqne273frtucm5zj3l02p8q7dr8htth5dw9vkqs65tau245gys44a5cajx8nulv2nsmscmg73mqrlkzrvvg20h8dsn92n0h,false,2942721.472354,24,0.0123
addr1qya037wcdf5g42edm5p3ur9u5xa7etdg5c64a3me5xaqg96eugduzy7ntyp942xsqej4zfqukzw6mnjtkx4xhh4mul7qrufls3,false,2938421.147571,2,0.0122
addr1z9vcd07vpjluvr0v3hu8w9wvjhgrs9a2cwrtp6wn8ksrkw08gw6nxfn79zuuls69glay77qc9z9qf8yxf5jshc5uzkaq3zgjz8,true,2928834.023874,1,0.0122
addr1qyqj2x2v5yyl3ghfea347lrzwsdjwnc450h5aa4r3wt3c75n2gy6khxkjj0wsl60zrl0m8t72wwldpnxfd70x57d5w3sncnwlm,false,2926010.903332,50,0.0122
addr1z9vcd07vpjluvr0v3hu8w9wvjhgrs9a2cwrtp6wn8ksrkwwrmtveeh8t252kt5aexnwfxjvv3f07r08l33ld5clpjatqv4ukjv,true,2924666.444196,1,0.0122
addr1q9phfjzqhcndne6chkxvtwt209n4335ghy0389mp5jfh3gyhry659z5gnwn04r2as2hy9m4uuqvlhjm0gm7r9dd7j65s7tsfxa,false,2916843.883199,1,0.0122
addr1q9n6936kfc4knpf4fmagq8m9du7eha9n7q0aeqs6m779xerxk85ukenwsqy7ma879ssw6erdhzsg8tcs3jpg9w8vmggqd8faxw,false,2859160.20311,1,0.0119
addr1z9vcd07vpjluvr0v3hu8w9wvjhgrs9a2cwrtp6wn8ksrkwtxk85ukenwsqy7ma879ssw6erdhzsg8tcs3jpg9w8vmggqs4rpt8,true,2859160.20311,1,0.0119
addr1q9jj4kg94se6xmjxzn5venus5eyqu9ewqswlkg8ytd64ae5pedd4s6erw22jlek6k734cnedn0z533p8t04lm9xyhscqm7xrgr,false,2841854.722385,1,0.0118
addr1q8wpalfu6xkr4r80d0sn8m4lfqwlx3ghyk60telw6v9qv9gyz9dshk96vm66k5lk558ggknpen9rf3yd5ufgm06q760qcm6zvx,false,2841542.516246,10,0.0118
addr1q8d8v4quu8hv6fg646h2clzjc4ethvnnuy0r9y9ys4jln6qed5cqhv6ykeyn46y6c3m8vzxp2yw60vv0qenhjvmkdlxqw69ugv,false,2819939.758156,60,0.0117
addr1qxxjhyp7jvlw3ka5wceuw4nd85rdztrms8rstd9ykl3clysmyxp4a5rfk2ppd2hy47ma6yshxa69n5lcfg7hl9nkmkfsjhtvh7,false,2815753.656755,2,0.0117
addr1qx4v888njem9eq60wuphts3ks7tu66uuchqs7qjtfd5g0dsr5p03zcmx79kkxy4ywg6pa7x93wy3vkmtr3zwnnd2km8stgmlzg,false,2813419.48252,1,0.0117
addr1z9vcd07vpjluvr0v3hu8w9wvjhgrs9a2cwrtp6wn8ksrkw2s5mxx29ywj2vneumm40ruj8u2v2760rw2zsn4n8d8y53qwj9atm,true,2806811.112925,1,0.0117
addr1q8hp2gkmdyutlu0cg4wa9mx95gmzx6sjmew06k07um7zk9ln5vnrmmjxel8tr3j3zz9qnxk6x9f36g7z60eug05nl60s2g7mkx,false,2714963.262643,2,0.0113
addr1z9vcd07vpjluvr0v3hu8w9wvjhgrs9a2cwrtp6wn8ksrkwv08mnn8advsmw6skp0mapfyqj4xhczfkk9wdne84jn2ymsmdj0m7,true,2705673.947341,1,0.0113
addr1z9vcd07vpjluvr0v3hu8w9wvjhgrs9a2cwrtp6wn8ksrkwfg7cakg7j646mruedvn0m2rva6jdrn69sevtsazxxpc7ts9m34x3,true,2671551.235258,1,0.0111
addr1q9dqnthtgqgrr23np6gyrjsuxw37swmqff7lf3h42lxakr3g7cakg7j646mruedvn0m2rva6jdrn69sevtsazxxpc7tscrk39n,false,2671551.235256,2,0.0111
addr1z9vcd07vpjluvr0v3hu8w9wvjhgrs9a2cwrtp6wn8ksrkwwwaukhu8mujwv5t5rdcrf0hjvwlcd75f4ec23v3wmmfw9qt0ya94,true,2613081.299402,1,0.0109
addr1z9vcd07vpjluvr0v3hu8w9wvjhgrs9a2cwrtp6wn8ksrkw0et4xsxvpm9u8ts8jjnxptvzj6yqrjrfc773p2ewlslt8qe2ffyy,true,2612806.307403,1,0.0109
addr1z9vcd07vpjluvr0v3hu8w9wvjhgrs9a2cwrtp6wn8ksrkwf0qk5d9wlvve4zjfjl7h4aq4k6a6tksyu0400uc5pqfzssazxwat,true,2612377.190272,1,0.0109
addr1q88z85y720chwag6e362ztf5g3dmlr76yu3sjqkp4eqdullrzr27g03klu862usxqsru794d03gzkk8n86ta34n85z0sgpra4c,false,2585762.121032,1,0.0108
addr1qxpzf4gjngflr2d03hp6fljl9zmnvwgq9wut9ssje0yq2u48nr9wzwx38mch9sfl9uqx0njtaddehpk6n53m3lhdzq4q80yvxj,false,2554806.542513,6,0.0106
addr1vx96nvxgss96t4d0u26wfkcwy22prsy557hsm823fz7dddc6qmjgv,false,2541383.32,21,0.0106
addr1z9vcd07vpjluvr0v3hu8w9wvjhgrs9a2cwrtp6wn8ksrkww6pslsdm9h5g4y5m9gtq9gnaspw3d0khkvdrs6e46a20ssz3r06d,true,2533553.183273,1,0.0106
addr1qxfrr8jc0wu73sz9j39yem4ffuap5pxxqe8k2yxprsyqylgf30qx2gasln0xmjst0ca5jnn4kj4g3usulzxy5p3qtgzstv04t5,false,2533147.53294,5,0.0106
addr1qxygs5s9r4kf40llhqzwacmuaqkxecy34mk4a9fh3v2htyare42czt2du74chmll2lepv7adc6xhwmphzrnsjgxa4cfsqse35l,false,2528212.46,3,0.0105
addr1z9vcd07vpjluvr0v3hu8w9wvjhgrs9a2cwrtp6wn8ksrkwdgfp0tzk3d4mw509dgshq47xkkz7zpaw2vdx3tuddkslsqn8h5rl,true,2506221.999097,1,0.0104
addr1qy7p4khaycgqugj6rtyh2sfjzv0tgrwgsj96lf7stq7h39agfp0tzk3d4mw509dgshq47xkkz7zpaw2vdx3tuddkslsq2rsgl6,false,2506221.999096,2,0.0104
addr1qxahpuy4jdqukkhrhfwg8s30742pynwzdwwve394xnj4rvlj9frk6p6g9rhulghjpf64ccxfuj787ywj5s4jnhjcqqhq8uch78,false,2480831.1187,3,0.0103
addr1qylm8x45r7377v7dcykxs8rz72u5ylzjhxtn2ppu55pgnrplkwdtg8araueumsfvdqwx9u4egf799wvhx5zrefgz3xxqnakzgn,false,2466722.166702,1,0.0103
addr1z9vcd07vpjluvr0v3hu8w9wvjhgrs9a2cwrtp6wn8ksrkwwkyfh6g37t7aclnyumv4407pj264g2vlsgjmd23wj33f6s7yyxl8,true,2442914.203129,1,0.0102
addr1z9vcd07vpjluvr0v3hu8w9wvjhgrs9a2cwrtp6wn8ksrkw20t5c69fuf8xlrvtl5yr7khzt6tfdyt96mwu3erp9vk74sftwxch,true,2433817.902065,1,0.0101
addr1q8fjhjva9luz38dn0ngh4k4nmv5aj8m9s6zq6zdpv3hdc9ch98uermqzr6qtnm537e4pacs6ulukj0shw5ng3y685g6q0xawgv,false,2431728.827317,2,0.0101
addr1zxfqfgce0xtmz8zjhp3l7a36vltdccj8yj0aphed5vsagsq6409492020k6xml8uvwn34wrexagjh5fsk5xk96jyxk2qjsegc6,true,2404123.265742,1,0.01
addr1q9x6705sy8tcq820j4e3dfckp9lu8acxdzhcuc4g8gps6th4qq4kd7r40jnhqklccvjdf5wugc53gpq0twjs6kfah2lq9z30jt,false,2360500.474703,1,0.0098
addr1qy0l3mr50fr9ta8n40lxvgelkq6rj4qz29p7jy6v5aukgr0t9z4ct73nsjsyaanh3evpdldngykxc25e2m8d6qglpklq8uw3l3,false,2310501.78719,1,0.0096
addr1q8drgfwucmje84r4k0sg4s502vqhhaxq6870fq7s2jpere5vjrz008dzuedc2nsyaj9zjhc3xttevv6aueuq9qz3up3qunagh0,false,2293787.93629,1,0.0096
addr1qxygz6wxm2th088mc7a3t29g73wtjta6r20eqtevfdxfh6fgj53hprzkl8l5vka4v3mpv49lxls8edwpzkat7mlmzl6stwkurm,false,2290640.404942,1,0.0095
addr1z9vcd07vpjluvr0v3hu8w9wvjhgrs9a2cwrtp6wn8ksrkwflsr0gkexecjsmr5c76nc2zfx08vwg7x7w0fd8j08zqunqcgq8yx,true,2272169.29059,1,0.0095
addr1q8f7gtwlcjletezwvkqwv39776r63xa9st70974fz95rcjkx94m2wdmtg2zj062gsz2l8mca2grg72zq7kkc0deyznhsyzx8mu,false,2264000.0,1,0.0094
addr1q85m0x5a4ycp8eyj3dnalw73mg5rdgcc9z07ydfwukhk78743eywemcp9hkslfw578qnrcg6zdule878mtl7csmg4p7qla2sms,false,2253255.867238,1,0.0094
addr1q9ylkppnx7zzng0dn8fna5yyp65d4avjmm8nwa03mvvsdr8cau3kj5wr4uwwy4lwdjcmddwh2aszeankh2h9r6hdp4pqdyzucy,false,2221146.324014,17,0.0093
addr1q8er3shahxwyc27zm2llu4y90fs68qamdtmx7kajd93zg0lrzr27g03klu862usxqsru794d03gzkk8n86ta34n85z0s4rjakh,false,2210816.16,1,0.0092
addr1q9y2lcgrmy24mzwszrv68cvf7us6skdsc79mhsxld4dqce3qx4u3yv3ptzeajcqmcjdhg8ey0d6pxjk7qghwd8nj2eqqf6v25p,false,2195901.732968,1,0.0091
addr1q87r7jej9r23j2hdzzyak4qnfpl4vvh9hyn4rlfz28dmwac42ev9y2z468h5s8pz45x7fe8nc7fwsccgsa33w82rjhaqqu7pyl,false,2189957.135826,9,0.0091
addr1z9vcd07vpjluvr0v3hu8w9wvjhgrs9a2cwrtp6wn8ksrkwts5djqakczk3z3a7tp7ctj88skwld87met9sx3te6x5cqszy7whz,true,2179253.974775,1,0.0091
addr1qxhc7xanwm7d6039hyus0rxap3fjmxpkkj2mfjlu83q34nd0yheuvsfh5agff7xlpt5xn85ggcxlpj6sgula5s47yn8sdx2gm8,false,2165613.179578,11,0.009
addr1vyleytwzhyemkaluhq2s2ks26vf009csahlnwev3efz8whq8geyw4,false,2152095.748504,20,0.009
addr1qy0u57jhf30kezglchcurq5fesgc0ny8nh9xtxc6sdkf4hnshflvhw258e3trswqc02gkugy6udvtc3mhdx00upj4h2s07x6ck,false,2151552.059549,42,0.009
addr1x986zukud92stffyx4fl0uez29x3ntwpzye6lnwz5r4n4g6lg7c79zlchteh3xmh80gjr62mxnr849cxk4fkduk5s9kq9ugens,true,2144017.601403,23,0.0089
addr1z9vcd07vpjluvr0v3hu8w9wvjhgrs9a2cwrtp6wn8ksrkwtv928uvqq30dzwmgqf3udht9r2uyu8j4qa3v6g6rshy2hs4h7vrq,true,2139357.730053,1,0.0089
addr1qyn86ks20rna86lznu8uzcw2t3e0p7sxj6lhn6nr3wvescru57pgp9ekw0m9vr4lj2xy22ey6qf5up0sjlh5xqhzn27qs74tw7,false,2130396.408896,148,0.0089
addr1z9vcd07vpjluvr0v3hu8w9wvjhgrs9a2cwrtp6wn8ksrkwgx4qy7wf4sstjvk298cxjy3eer6drv5eymha3m39j6hv6s7c8pxv,true,2128881.413381,1,0.0089
addr1qxeqgngx27qk48grz938wwz2kxdq73urmhvgrnqfdtqsfytz2rqwyds0dgal3mnu4tp00lflx7crtdpge7cqnsdf5pasdnysa8,false,2128500.754347,53,0.0089
addr1q82nsq4kgpxh75at3e48pm7rru07hzkjrys4rtw3pcqp7csx72mth5qe34juka4n9aac85l2q5d9ehthkg0cr7l3rj6qfss2vw,false,2104596.136038,1,0.0088
addr1qyunfz64mjktxp5r6g5jsklsmj6n84zvatvjslddfcqh8kc5x2d5f2whdhednvj2jtqzejfg08yryrhxenee8075nplsy6a8kg,false,2100100.0,2,0.0088
addr1z9vcd07vpjluvr0v3hu8w9wvjhgrs9a2cwrtp6wn8ksrkwvq46pd6lxh25xpn6sen4sv3zgl0a5drflwzrkkdlm3zehs9z98pk,true,2094932.37911,1,0.0087
addr1q86zp2tzh8zh2445wztpphpcq3q9mphl08943juaz7tlz5f8n333qhg84hrz8tk0uhpm7302jesfjzeqdlgq0lmdqrzq4uu8w4,false,2093195.864733,47,0.0087
addr1z9vcd07vpjluvr0v3hu8w9wvjhgrs9a2cwrtp6wn8ksrkwfqx4u3yv3ptzeajcqmcjdhg8ey0d6pxjk7qghwd8nj2eqqrnwesk,true,2084969.466432,1,0.0087
addr1q9033zf5susvnk55k4865gqgrlew4tlhusth6rvg7fynxlxjupe3agl4q0vfy0hw5nt02aul3wcw720zafqslgaxgntq4w7z06,false,2081292.006955,48,0.0087
addr1q863pujtvekzzjre63dqa8sj0d0hg3a6py6zxw7tmn00v883v6g66zdej5c25elvm7w3deqrxwp6sumkkagfmm38n7aq9lsddr,false,2061458.845917,6,0.0086
addr1q9p446m2t7v5ffhph6je4hexk6nm0y736s8w2jh6kt90w77pure5yf3ep6hxnmfguuyy5zvhf5sw77pwpdz48mduys6srfqsjr,false,2045880.323173,47,0.0085
addr1z9vcd07vpjluvr0v3hu8w9wvjhgrs9a2cwrtp6wn8ksrkw2sghjy7wmm3xmdmzlmt520v6e2dal8fqszhx8r979kp8fsjwker6,true,2044679.105107,1,0.0085
addr1qyatufj4rjdn0y98l40nz0mwppgukr6kmekmww222ja56z4zm2ntxqug99vsx6was5e7frhygflavpq2rk6rmxzedz4qq8663g,false,2043428.181533,2,0.0085
addr1qxcmgn630gzey0uafvxaqm6llac7vztska6tnc49e64yl8skejp0lhues8vndcc8k25p5jv574pe30sustp6qn8j223shssnw2,false,2028246.474461,4,0.0085
addr1z9vcd07vpjluvr0v3hu8w9wvjhgrs9a2cwrtp6wn8ksrkwtpgndf8fazq8xwgrsjhz52m5r59fy48rt23qxh74fr70ws8fzrkx,true,2025761.817341,1,0.0084
addr1qx60d0c3fvvgep4f7ma7kf5mhtpwwn3ej7xan4d039sgd7femjm8ty8gqx9jmdnf38sga7pta6nflgprjw5zv62hthfqnlv3eg,false,2013669.576573,83,0.0084
addr1z9vcd07vpjluvr0v3hu8w9wvjhgrs9a2cwrtp6wn8ksrkwvl4c2hz0tqhfax2jrd6043qnppk2tn05ekqr95vr9zuq4s9wsevw,true,2008348.292136,1,0.0084
addr1qx06u9t384st57n9fpka86csfssm99eh6vmqpj6xpj3wq2ul4c2hz0tqhfax2jrd6043qnppk2tn05ekqr95vr9zuq4snlty84,false,2008348.292134,2,0.0084
addr1q8zgtrgszz7k2g3mdj8mfasuw6wdt08tmu7ynrr67yp6eemlh3jx9eycn5ewfkxl9jldxlmvw0pzvvena07wudur48ls9l7hr7,false,2007230.900464,16,0.0084
addr1q9me9aye6xutak8rpe4m5u4xqtpwtjnx0clsqnsgl74mr5k8gftnuz3j6c46j77wk7kqmcf3hh5lrgyatxudt2l49gks620uw0,false,2007203.63,3,0.0084
addr1qykcuh9qxwvtr3d6dczwkpx87ftszckvdlpykrafnrp0sjxgdclscjtfz9map6efr2ntnxjuxlh7ws7rcv59vrf865gslsl4kt,false,1990282.176948,1,0.0083
addr1qyc28w3stk0sjyzqe2cs5hm9pkfr0afgw0z4tswq27wkw9pcjfa7ul6mz9q3altn2vx32cjarm9mvfk979t72m9tltgq4e3thc,false,1960837.841522,1,0.0082
addr1z9vcd07vpjluvr0v3hu8w9wvjhgrs9a2cwrtp6wn8ksrkw03h24cwz9g6uvzqzkazm2krx0rwh65ymah8ax3g52fytqqm90aps,true,1939946.934646,1,0.0081
addr1qxd793ghgss2s2frtyftexls6yt6juyn54qguurf6mvu9vzv4ukzffluv73w6sshjzye2xdt8ndlcw5d42jp4th94h9slz8n0g,false,1916516.0,1,0.008
addr1v8zhvdhlu8kssdvnc86ylr4j6yr7wx4lw2zzx2uae6grjagj56s0d,false,1902158.436164,15,0.0079
addr1q9txes26sdsqnjyyk20ksyxvjjlnp2p0ymrm7ynfc0dxuzzkdnq44qmqp8ygfv5ldqgve99lxz5z7fk8hufxns76dcyq3t3zw2,false,1900899.298068,1,0.0079
addr1qygnlyleyxhar8gcwa94llpznee7jgrn08f4h49h5cfwhaccazuktawjug98v72l2vx7yspceclxpxq57jf8smmn46tqnga2ys,false,1900048.34,3,0.0079
addr1z9vcd07vpjluvr0v3hu8w9wvjhgrs9a2cwrtp6wn8ksrkwf3vsph0frhrv4n8jxqkle78vzpk69kv2z20uqdnh8zcwyqtmax73,true,1896601.551979,1,0.0079
addr1qyckgqmh53m3k2enerqt0ulrkpqmdzmx9p987qxemn3v8zp3vsph0frhrv4n8jxqkle78vzpk69kv2z20uqdnh8zcwyqspvx2t,false,1896601.551978,2,0.0079
addr1z9vcd07vpjluvr0v3hu8w9wvjhgrs9a2cwrtp6wn8ksrkwdmnxe3uzfhsvqaw5s79v8euy0wketkvmd3vphm89hcwqxq0du0ax,true,1882943.20352,1,0.0078
addr1qx0jgduekaf7m38usax9xk9zkmm2dahgq85tl8j8hrslzhswuad4yfsl6tesrck27vd8n9fvyz0wjqz2klv70x73cn3sr9apcu,false,1880565.8093,1,0.0078
addr1v9c6payu4cdsnrev6rmczv8zh0jpvp4ewvemvdaxr359ppqd2d2w7,false,1872787.839279,4,0.0078
addr1q9840ady77wxwqvetg0fygp27x35vn864gc8jehkv24v3ztdr0q605tzp3tvcvm99zcgfn3rk3akvq2mvcmcdadhn82se7rqak,false,1867954.5392,4,0.0078
addr1z9vcd07vpjluvr0v3hu8w9wvjhgrs9a2cwrtp6wn8ksrkwt2sdaku6mrtgryypavuceg4x6rwku30vdjw7la90tphz9sh0u0ls,true,1855023.26826,1,0.0077
addr1qxx02kynlgzqwrp7nzqnv5mx500u7ql5edchlaly4xpw5jvv74vf87syquxraxypxefkdg7leuplfjm30lm7f2vzafys22r9gf,false,1855023.268258,3,0.0077
addr1q8dkp5xmlxph8wpf9ktt888unuh33tvfkupne4khphj7hjy8lamyws0ue26v9ecj6wv7ew327x37q0l98u7nxfzxqgsq9vcwr2,false,1854151.025901,19,0.0077
addr1qyr0f46lkd7f3qtxhkx7w4x5eks6tj0yxmhedmkc9qfeyz0j7jtuuarxc8tv95rvr83t2u4cw7vf49xymfp7lznx2dzs520cn2,false,1849357.318656,1,0.0077
addr1q94994rwc63se8qdfv8rekux8w3wve7gct5k4238agqjrfn22t2xa34rpjwq6jcw8ndcvwazuenu3shfd24z06spyxnqazp24j,false,1827526.026015,1,0.0076
addr1z9vcd07vpjluvr0v3hu8w9wvjhgrs9a2cwrtp6wn8ksrkwwq4w84u4lr897p63qngnhe37yegem07fcdg33rl0hx960qcd5u8f,true,1824067.072262,1,0.0076
addr1q8ydg0n5skshsq38yv6eu9ce69wcn2dsx0hfwgt9x74kme7g6sl8fpdp0qpzwge4nct3n52a3x5mqvlwjusk2datdhnsqjmg46,false,1823168.515528,1,0.0076
addr1qx4sn22gzhx8qmqup8395cgjzu0qsusl9xl5lnwa37dgxdatpx55s9wvwpkpcz0ztfs3y9c7ppep72dlflxamru6svmsuyjkaj,false,1823077.459645,1,0.0076
addr1qycmakt3mfzw9su0hndrhu5qtwyarlhgeyvkphrwv6u7ctek34rd2e0dssyl8sgqeccajfpdva23hxt3vkhe7zxssnwsgnf8sv,false,1821768.308196,17,0.0076
addr1z9vcd07vpjluvr0v3hu8w9wvjhgrs9a2cwrtp6wn8ksrkw0fn2gv7q7sxk9s4m4z43xp8ttjnttlm2xh4rvfyz042qzq702d0e,true,1819568.071437,1,0.0076
addr1q89kkul0wkenycm35p05ugaje0h8u4lt0f8ksa743v4042ktdde77adnxf3hrgzlfc3m9jlw0et7k7j0dpmatze2l24q0u4sdj,false,1816286.525067,1,0.0076
addr1qx52aurdafajfclcy0gqaszjr6lyuxyqka5hqhjj4t6erhag4mcxm6nmyn3lsg7spmq9y847fcvgpdmfwp0992h4j80snn4r7t,false,1814330.714149,1,0.0076
addr1q8ul02lswxw0crwueuq8hn5yq4p06nkypquhs9gelt69km0e774lquvulsxaencq008ggp2zl48vgzpe0q23n7h5tdksqutmf0,false,1813980.239541,1,0.0076
addr1q8a9y60238dfak2e99hr6xgxsu45jk4ar5l3jspwvph6p9l62f574zw6nmv4j2tw85vsdpetf9dt68flr9qzucr05zts9350ps,false,1813952.825206,1,0.0076
addr1q89x7wq6mf2wt7s4wmj0v6q3let8zh5amnx9t4aghuwz36k2duup4kj5uhap2ahy7e5prljkw90fmhxv2ht630cu9r4qed46fm,false,1813098.567019,1,0.0076
addr1q8tvrzqzferutzvm00hm05nfq552jvphj3570j28duk6st7kcxyqynj8ckyek7l0klfxjpfg4ycr09rfuly5wmed4qhs9wfy0c,false,1811337.108405,1,0.0075
addr1qx7n2faz969lfzq3yp5hjkaqc8ty9nzgt8rw8egwp60zdk4ax5n6yt5t7jypzgrf09d6pswkgtxyskwxu0jsur57ymdq8yrq7e,false,1810936.290902,1,0.0075
addr1q8acaq3ygp3hsyw4lpqg26y0v887gyf0gm6nwu4hzj9cma8m36pzgsrr0qgat7zqs45g7cw0usgj73h4xaetw9yt3h6q4x0reu,false,1810889.554477,1,0.0075
addr1q9ytfqnct6xfr6dcgca6uteq4ftxgcklxn7gw3e5edfufx2gkjp8sh5vj85ms33m4chjp2jkv33d7d8usarnfj6ncjvs0vt7dv,false,1809983.480587,1,0.0075
addr1qyqc03pdmrj3hn04pvdlw4jfyt0dfvp38tleucqhve8t95cpslzzmk89r0xl2zcm7atyjgk76jcrzwhlnespwejwktfsuy2y5z,false,1807531.579982,1,0.0075
addr1q8fuzjsev9cavl70kxqrd2tt8tusaqaf659ugecj2lyu7m7nc99pjct36elulvvqx65kkwhep6p6n4gtc3n3y47feahsvaw5f3,false,1803878.442361,1,0.0075
addr1qx5kpcnpfstc28zuul8sc6ukd4y4z9l2hl57qtc6sg5tuk4fvr3xznqhs5w9ee70p34evm2f2yt740lfuqh34q3ghedqajh46m,false,1801109.747131,1,0.0075
addr1qx272x8axf8rpxqyhca7ntfrdpqwu7vl59l7s9x08n6p5zy4u5v06vjwxzvqf03maxkjx6zqaeuelgtlaq2v7085rgyqwvdfza,false,1800873.533671,1,0.0075
addr1q8v92dk8cq0tvalgzf0wu6kfgg9d48cetshptmjf5x3ueg7c25mv0sq7kem7syj7ae4vjss2m203jhpwzhhyngdrej3ssd3tlu,false,1798892.930526,1,0.0075
addr1qye0lstxvzl4fdj2aecn5smwetzcgvw8hc704w88w4c9pwfjllqkvc9l2jmy4mn38fpkajk9sscu003ul2uwwats2zusz5jap3,false,1797203.080945,1,0.0075
addr1q83y7mfs9mncv98hnc5mcxnzp6g87y6ugwg6twelkhhn2uhzfaknqth8sc20083fhsdxyr5s0uf4csu35kanld00x4eq96qwt2,false,1797150.0,2,0.0075
addr1q9u48az00sdtrh0y3nx7z5z24v9y3j0rldhrqr38haywjkte206y7lq6k8w7frxdu9gy42c2fry787mwxq8z006ga9vs5accm6,false,1796496.708767,1,0.0075
addr1qyjc8xwzplxldfc9snn08w2vxarhq8j3je8eqzzd6rukn4p9swvuyr7d76nstp8x7wu5cd68wq09r9j0jqyym58ed82q0kcp0m,false,1796152.605049,1,0.0075
addr1z9vcd07vpjluvr0v3hu8w9wvjhgrs9a2cwrtp6wn8ksrkwgzu2c2z9vsfwqxl40umplfg4fajg0epuggtxyv6e5g39ksv8g7cd,true,1795271.640457,1,0.0075
addr1q8y03fux98tzvvrxd52nwwra5lt0x208y08xgv4sw0xg8d7glzncv2wkyccxvmg4xuu8mf7k7v57wg7wvsetqu7vswmsv9pfes,false,1794507.981742,1,0.0075
addr1q9ps7kt0yzq9a0lgw7x24ynvr2pf8zmtmr7s5w34kva4ql6rpavk7gyqt6l7sauv42fxcx5zjw9khk8apgartvem2plsvqnrdy,false,1794186.023596,1,0.0075
addr1q93yhc74qhyy4exgd949j3s56dlwg8m3jp8r63wq9uvr9jnzf03a2pwgftjvs6t2t9rpf5m7us0hryzw84zuqtccxt9qgdc35g,false,1793002.927469,1,0.0075
addr1qyyh73urlfk57seay7nujkcq8xdwv68mkw8ch5xv8vmredn8f6eydkmvqq3x7vsajw0qqmpeqt7v9mhc9ur6nhdggpnsc2kw4m,false,1792557.3092,1,0.0075
addr1qxhfpzdaqjsxzu0gzjd84xppqy8s4mk2jlg2dx88rqj4u7awjzym6p9qv9c7s9y602vzzqg0pthv497s56vwwxp9teasf46vve,false,1791554.272138,1,0.0075
addr1qxhpnpegqeewvm2d7hfpvyg3d6r5ynd34we4gq4rk03dc49wrxrjspnjuek5mawjzcg3zm58gfxmr2an2sp28vlzm32q0e6kwk,false,1791310.04309,1,0.0075
addr1q8z2zm9kwnyu0x5g4qgkyrvyh4mtye99sw29y26c0zzlkw7y59ktvaxfc7dg32q3vgxcf0tkkfj2tqu52g44s7y9lvasaxpczg,false,1783066.880383,1,0.0074
addr1q9ltqduvye34akhuwhd40grs9grcxj9nlwmx8m4j5cuxx4t7kqmccfnrtmd0cawm27s8q2s8sdyt87akv0ht9f3cvd2s4rrk9a,false,1781022.884052,1,0.0074
addr1z9vcd07vpjluvr0v3hu8w9wvjhgrs9a2cwrtp6wn8ksrkwf59exheny9cmrdf30ywh29n09k0llh49tz3g7ufmnnplcsyeuey7,true,1780119.866514,1,0.0074
addr1z9vcd07vpjluvr0v3hu8w9wvjhgrs9a2cwrtp6wn8ksrkwvvx8ajwtuyw8mytta6hj24dpv9phk07vzqem56jytaum9sekf54x,true,1776790.670702,1,0.0074
addr1q9dkprfwf3ug0r4e3zq2u0wscq4x70z9ry2v2y3k9ek5d8vvx8ajwtuyw8mytta6hj24dpv9phk07vzqem56jytaum9skepmdv,false,1776790.670702,2,0.0074
addr1z9vcd07vpjluvr0v3hu8w9wvjhgrs9a2cwrtp6wn8ksrkwd4ryn7sshnqr3l7v6p094xng0fqqzfnzwlka45p9jxcq7qw24tm3,true,1775490.175112,1,0.0074
addr1z9vcd07vpjluvr0v3hu8w9wvjhgrs9a2cwrtp6wn8ksrkwv2ttawq42ugfddslhszkw7q73s93em6d5c7kdnfsfsq7xsgw85kq,true,1768179.688046,1,0.0074
addr1qxdacjzguqvfyd4uquac6z6gx8wp9k4q4gp2p0w2hksrm45mm3yy3cqcjgmtcpem3595svwuztd2p2sz5z7u40dq8htqtg4r7l,false,1765550.512944,1,0.0074
addr1z9vcd07vpjluvr0v3hu8w9wvjhgrs9a2cwrtp6wn8ksrkwdhm32nt5s5n09erde6rsaua3mrqx3g9zgc45r372twlt6qyu8cel,true,1764947.425697,1,0.0074
addr1q8ymcjtaue3d3qet92tsd5pmkwfe90x9srck46tyzs79hhdhm32nt5s5n09erde6rsaua3mrqx3g9zgc45r372twlt6quxudm4,false,1764947.425696,2,0.0074
addr1qys2e702dg8xakelj8av2u8n9vuqy2chyelnq7xxv06yzkyn3flduhv5z3erl5c3ter27rh2vumhz99ttv4w3g7udlmsfqh93v,false,1763888.1771,6,0.0073
addr1qxpk6gmymqkwe4kxeerdxs6sxxfrcvj6m723yqu43754x9zv08yx59zng243aup593n6fr38qd3meqwhnl2mwtrz6wmqlnajsk,false,1761755.1517,4,0.0073
addr1vytwg24h7u6kp0m4c8lpfc5vtpmlsa7xwn4u3epdulr66xcg2qvf6,false,1735995.0,43,0.0072
addr1z9vcd07vpjluvr0v3hu8w9wvjhgrs9a2cwrtp6wn8ksrkwdkgquxsmlmqq4tu6ghq63hgp9zg0qmjsuxl0lpph8lf7zqtqu036,true,1728021.234256,1,0.0072
addr1qxxeykk0u6g9askg6xjtgtt4dhhqdakjmeldwrf0u7gv7576ll5zfyv50z0zlvrtfm9vseuwwc38lyxhrs83m8nqgjusf4hfwj,false,1713581.4,2,0.0071
addr1qyctcctlcls09yyrwzz8layks67hl2ta9nmtrvmyvharmyx29a4ux82295984xr3ncq9770409yjanaldkdma2tu5qrszky8ec,false,1713410.834751,1,0.0071
addr1q87zyv7gl93n65catfvtxaq7xclg9xht3ezgrlygv0w4spurnwx4aadrvj2975p8p8vlc4sutw62nd3885ttgfxv2m6shr2n6q,false,1708333.33,2,0.0071
addr1z9vcd07vpjluvr0v3hu8w9wvjhgrs9a2cwrtp6wn8ksrkwdhtk2p24jczmadchrrse20hm4teqn7zf95538ls7fpmsvsju64ye,true,1708155.650573,1,0.0071
addr1q907zdqpxk2hhkclx537erechhp79g5cfzxgj7pv44t2yfahtk2p24jczmadchrrse20hm4teqn7zf95538ls7fpmsvsz7mktl,false,1708155.65057,2,0.0071
addr1q9edzm4ln0e8eglwnskdlw9cqas6dlutrz9g49tt0v4awdjrnmpljwjfqvr4m8efh48hqstnmq7vlxzwxw3w7j6778kq9kjer7,false,1701583.52571,6,0.0071
addr1z9vcd07vpjluvr0v3hu8w9wvjhgrs9a2cwrtp6wn8ksrkwfz0xw3gr037xevjhs97pdrhzzmujygxavnkw5d9w2fn78sheqckq,true,1699591.002986,1,0.0071
addr1q8yenfl5v8s60ury3ahpn56sf9d0g6x807r7dqrk38n6k84nxpmn32wsfqkzdu0g74j2avtppsfvdmmr3sahycmumq6qkg32xq,false,1697694.431919,21,0.0071
addr1q8585cet2av82ypnw6mqlrnaqtr4e9gmvx95zjzeerxw6j5xxau3e76z2uean546xpvnujq49pj7rfevxtjn7rq3s99sml0l8j,false,1688145.28539,2,0.007
addr1z9vcd07vpjluvr0v3hu8w9wvjhgrs9a2cwrtp6wn8ksrkwfjcra02xtzmzx2fsq8cpzdgwu2ukyfgmf3ectxuv57c2tq5wmkch,true,1684435.612902,1,0.007
addr1q9uhaeslxsmjtxu4dr05d2l5x7gg89pvww7ctrr35pctwun0u36pxzaz6xmxkjlltq0fpk9mn64t22qxys929cn4m2rsc3ncsp,false,1681907.007783,1,0.007
addr1v8tzhly8q72vhnjtswnh0t6ndfrpffml9kvkwk8k6y8kvpg6dlq4l,false,1672624.22,16,0.007
addr1z9vcd07vpjluvr0v3hu8w9wvjhgrs9a2cwrtp6wn8ksrkwtqxpna4jkjccr0mu4m24qz36p7fsatdlmt7vyyqt70dlnq2z33vw,true,1671540.294181,1,0.007
addr1qye73efxmg9477smfvffwcedgkkpx7wfzu25vulfh4lj45uj4qmywcn8pepyxawme55anr253c4dyrc9mmw5zhls8g6qfryry3,false,1666672.0,2,0.0069
addr1qx49lt3dv70ta2j7x3lsvt3vllr8jt3yu8gg8e2aygweqgmw25u4d7wws6cz2eey6dwjlsayy6tvue7g7y8yzkhvtupsw6grxw,false,1655110.565871,1,0.0069
addr1z9vcd07vpjluvr0v3hu8w9wvjhgrs9a2cwrtp6wn8ksrkw0nfnhufl2y7nh0p2dq2aw05hv8t0my3x4k9vpyjwnmnxtshsj9t8,true,1655109.666662,1,0.0069
addr1qy20mapzjvz4cxznjku5hn6gy34g0g8tsm9cs3echyhrw74mt98xf5xvge3nz7ky7etfudte8rdn76lttwmlc67rdwhsq2gncs,false,1652537.211353,1,0.0069
addr1z9vcd07vpjluvr0v3hu8w9wvjhgrs9a2cwrtp6wn8ksrkwwhy3954pmhklwxjz05vsx0qt4yw4a9275eldyrkp0c0hlq0tuxyz,true,1646843.939643,1,0.0069
addr1q8003tck4x8er23vz4e04c84jxhy2tsa4r2w30rv0ecmz90hqf62z04kmxxmmkkw4kne9xmk2jzg20pc8rmlq0js92zq7ma3g9,false,1644217.462609,13,0.0069
addr1qxm9a6t4lkcv2nfh7rdstuseddmeneq3amd0z3lnx5994pm4cfw89nc9296w6j3frv45glg0a8plf07nuu23hvug60qs7ldmkz,false,1623684.33856,1,0.0068
addr1qysgpvmmz2ewexm5dhvmz8u7zdagnmuwn3gm2th9nzffm00qzsvt8xmhxee4ln3zevw80p32j2z69p2lv8w6jwwnepjqgfm0mj,false,1615849.302896,7,0.0067
addr1z9vcd07vpjluvr0v3hu8w9wvjhgrs9a2cwrtp6wn8ksrkwdvvrq4ffggyryss4j8dqwa348re0dle5kvuvavrtz2xhmsngwm05,true,1605618.636015,1,0.0067
addr1z9vcd07vpjluvr0v3hu8w9wvjhgrs9a2cwrtp6wn8ksrkwtm9lnl4ry3kmsa7r3ax8v6736ymalega4prgavyrrzcyms2u95x4,true,1581951.026839,1,0.0066
addr1qyjqwat0wrderdcvr9cn8qzz94748fxkvh6qucy6q423u0mm9lnl4ry3kmsa7r3ax8v6736ymalega4prgavyrrzcymsvg3z6t,false,1581951.026838,2,0.0066
addr1v9hnvz3lk8fwav0cc6y7hzdg8j80w6e390v38uss9e4nrvgc8u96f,false,1580589.555809,8,0.0066
addr1z9vcd07vpjluvr0v3hu8w9wvjhgrs9a2cwrtp6wn8ksrkwghfxfqm70aw88v2neglct39swepfd3xtkwxek9jkqwtdds3nlnyn,true,1559533.773366,1,0.0065
addr1vxjtdexl8yl6hn7rdg4jfv58k6tmj3vnx4vkqnm6qutsrfgzjadr5,false,1551475.413268,12,0.0065
addr1qx39p59f9afkegj8tuuhgr3alw5key7vms69hcg6r3jyqxksyzukuk9kaf2narsftvsl2uv33g2u9yc0vqen38ca8jwq2kfcna,false,1549402.121875,28,0.0065
addr1z9vcd07vpjluvr0v3hu8w9wvjhgrs9a2cwrtp6wn8ksrkw0w806dqp8p0ymx40mt3ljs6pad2q6mk8663386amnk46mswtqvw4,true,1545700.641811,1,0.0064
addr1q8na9gysve65pdcenkr7dplnm5v3c7s2j2xhj4u63rxc9psmxchnm4pp6gvefxqsp00uqmznyhqpky2wlgzt4yslel8qute7kc,false,1540594.346929,53,0.0064
addr1q8940vqrahep9a0snysgy2g4lshy93nzxs5d7mp0nf92mnw4g3xyfrpy7vv9x9ew7dulay36v55wd8qz88d4kcupexksnc5ams,false,1536441.812008,29,0.0064
addr1q8wlu50d9hyg3lmpgrtxq726r5xh86u264yqdrpf6edg0g7nh5lgkwx4q968gd70n8xe9ud6zjnc8h4kqt6tgssawensms7wrt,false,1534168.932835,1,0.0064
addr1q9sr6qz078utpy9re8vm4fw4crezrqm59et875fpefnxctfpc4gk2wtts6fvth7pj0qz2ddsskhqfh0mp3rpkpcgqw6qgy26dp,false,1523316.0,2,0.0063
addr1qx4kfg57lwg64jm5982tgvuvwwngfxkruhlcx4kaxp6rvulmrqdp9hd2nvflc4vjdk7wzczj3x83u52g80a2r7j5lrlscj2m5d,false,1500640.942645,2,0.0063
addr1q9zpwpap0yh8n6xnhxu6waqj3e07jyhfu8v8skmksydcuehz0xhayf444gekngu4arcn55322z6wvnpvzwdcft3e0fmquw0rsg,false,1500010.0,2,0.0063
addr1zx0pxr4sxglnrh6sh7ahx8e47knetf3saae8kjazwfrqk4v88lcczqhtwv78zsq9p2atxjg5qhg3yft9z4djhpx7ftmqsyltqu,true,1500000.0,3,0.0063
addr1z9vcd07vpjluvr0v3hu8w9wvjhgrs9a2cwrtp6wn8ksrkwd0ktvn0upq96algkcknt2zuq5n4ynhvajnj78zwg4m03xq45pc3a,true,1496451.81571,9,0.0062
DdzFFzCqrht5hmrnmZpmd5KxR5XyP9Hfha8Xrsm1BCXBH3QVv9WgHDzYb4qCrURorWFVHBqQUoqMNz8wUymnzbirwjFG7Hg5LLy22Zma,false,1494180.191191,1,0.0062
addr1qyla2yh7l5va77708x72zwwd9r5crxkv5n4w92hx8x3cejvhuc80sk993tfzqj3f96069sewj80enrkepru4a3tnqkrq4xtuws,false,1492831.337647,1,0.0062
addr1q88vl2v4yw5qqpmj9fxdpg8hcmxt2wku3u75j94lf3l7y5lu5dkj0f8r8t5a746c7wrkg0qz3v4chgzkn38qg78k8xcs8rfyn3,false,1483144.291964,35,0.0062
addr1q8u938y0zu67m9u9xvz08fk572amllk5qd2krz0edlcms560uugeeh74qdgsdjp2ng80ejlvtn77t2txtjgu0yqmjrds3gex4l,false,1474657.410686,58,0.0061
addr1q85khhnh3deacxa8j3qk9snnljjzt95slmxgx9ykjqv8masfv46fveph60u58gzwz3ace2r4gptte7plmcrmdr9mpmhsp6lkwg,false,1472132.251313,14,0.0061
addr1qywgh46dqu7lq6mp5c6tzldpmzj6uwx335ydrpq8k7rru4q6yhkfqn5pc9f3z76e4cr64e5mf98aaeht6zwf8xl2nc9qr66sqg,false,1467229.908565,88,0.0061
addr1z9vcd07vpjluvr0v3hu8w9wvjhgrs9a2cwrtp6wn8ksrkw2efhs58njrs82jkuf64hx5spwmzl32fr2jg4g4q0xxqrwsw2aq3f,true,1460308.284653,1,0.0061
addr1qy456nnl2rw8x0v3ekqawj0zjj7ww3u8ktxajru0d4l84kngjcssltx4et2eduy2ueh8m0nagum5dewjjkthvy8rvx3qx50mj3,false,1451685.038772,1,0.006
addr1q8ej9gelmuz75tfv44vjvaat87rpqfmtfmzhvzuw3c5shrtpgprhjqnfpsm9wjj0yyjgfcsat5jtnugxfk37864ju43qdgyu3z,false,1451230.200939,54,0.006
addr1qxq3msya0t22e6m6dejknwnxz093wk989q7hlzyt00cp88dwtshd8gwcl5e52ekyctwt5w4lsn8ygcssktzh5alvky4qcfftac,false,1448263.390532,1,0.006
addr1v9wa6entm75duchtu50mu6u6hkagdgqzaevt0cwryaw3pnca870vt,false,1445550.158258,58,0.006
addr1vxkeesemm42mxx3rs3wd3jq0q0f5hkyjq7pav26f699mxgqsvckny,false,1440213.809251,24,0.006
addr1z9vcd07vpjluvr0v3hu8w9wvjhgrs9a2cwrtp6wn8ksrkwt08q2yxzpedyl752r68shclves2wrg6932wh5j24j7fzysmjqgk2,true,1436950.420419,7,0.006
addr1q8076sa5xy3rxcuta33368263dz60hzdj9pccc8m6jle8xvqmzzucr08ut20qh2qa8ugvgjnhcf07u59nzc4vuvyxvfq6udty6,false,1433444.579844,1,0.006
addr1z9vcd07vpjluvr0v3hu8w9wvjhgrs9a2cwrtp6wn8ksrkwfgu8a3p93cfadzm8lrunh0u76ee77vgpf5jndt3wwexdwsq3x78y,true,1428507.617489,1,0.006
addr1qyvv4dr03cndmqc5y8g0xp3rrz7dyztekt33t0f80k2f8hfgu8a3p93cfadzm8lrunh0u76ee77vgpf5jndt3wwexdwshndh9q,false,1428507.617488,2,0.006
addr1q9atm7jtju0rfg77ehjs84ujyjr4g4mptslv7aw288r09kq3glkzuk36a5839lfptrp7suf49c6lrl780wagat56fheq3ke74c,false,1426736.225188,21,0.0059
addr1qy9pnwwqqh8x4ee68c7wft4llafcamv6slm978asz8pgp6md0edhvqfayczqkf4ux7r9negpqsc0gerfuesz3fqazh4qj7n2xt,false,1419954.822061,9,0.0059
addr1z9vcd07vpjluvr0v3hu8w9wvjhgrs9a2cwrtp6wn8ksrkwwgdvek8wmj587l6epnj0c4zfwepr5xp6wkdkmlja2unmlq8a3nlu,true,1418024.997483,1,0.0059
addr1z9vcd07vpjluvr0v3hu8w9wvjhgrs9a2cwrtp6wn8ksrkwvy5a8clehvhdpqrwztc34agxfckk4mscfcywf9e6th3ldqs67dtx,true,1413670.983485,1,0.0059
addr1q83erv0l095ywqsefeg54gscp393tcx4020w3q3dte5e944600z4jq93mr2egcg8rqqsgu30gtjgnljxmsv2tga9ak9shgw9dj,false,1401076.25573,20,0.0058
addr1z9vcd07vpjluvr0v3hu8w9wvjhgrs9a2cwrtp6wn8ksrkww60d34qvne0l3ts7fjrue8d5uc65n3yaarfnn0qxrd039syh6g3a,true,1397323.013784,1,0.0058
addr1qy0faslcn56s5wlxw9d6d4klhj7u28svzv2f87p8t2exwex60d34qvne0l3ts7fjrue8d5uc65n3yaarfnn0qxrd039sk39n6g,false,1397323.013784,2,0.0058
addr1qxn9f934grq2n8rx7c6z9t4ztpeseaj6nwuytlr30va2mxlwvjhm2qnhs267m4a3u9wk2shnur6jfqq4fanu05z6chfsqq3kd3,false,1374775.695713,40,0.0057
addr1q9y9kyruxj20wjegl8j2f7tvdspnsqrpkgpdtkd8c6z6gecprwrxcqswk2yky8csf87gs6pjn0ll0yx7tytmxwdrsjlq8f0rt7,false,1374156.31925,10,0.0057
addr1q9clfpceddhyejpxkr0jllp04spldxpsucge5nwk6pjx4z7hy3954pmhklwxjz05vsx0qt4yw4a9275eldyrkp0c0hlqtpqx6e,false,1372561.673763,1,0.0057
addr1q9n50nwxzm3c300059jgxswru2cv4nwwhjtkgrw4f9f80vhspz242wgm8tzw2m8ys2hk27z2zqe5pvmk2kf2ydzc2rms7xds46,false,1360271.089305,6,0.0057
addr1z9vcd07vpjluvr0v3hu8w9wvjhgrs9a2cwrtp6wn8ksrkwtup32u8zqxy0vkn52pxrshkxrqf9juc66ae5lzqgr8jk9sdkd35s,true,1358870.386526,1,0.0057
addr1q9m6lr07ccw4gkrs54vdrlsew6a46m6ermxnraujr2s9xymny8gwhdks9vej0mszczur4lqn6ae45dyn2zd3al0qrajq8uv4ew,false,1350182.816485,4,0.0056
addr1q8lk6m2krwa8dh9h46c3s8fvfs6lmkk0fxx34q2t74z8dl6jql5ekad08330kwk0cvg0yddr5j5tu4raegknu6ngtxdstt55qr,false,1350000.21,2,0.0056
addr1qxx2pyedcyym4477pjtmyka7atp67rd9fjux4n7nh3zk5zgdtwmya43gx2apzdhxr4fc8pcggryuscw2k2gck45dq47qvljysz,false,1337616.491245,1,0.0056
addr1z9vcd07vpjluvr0v3hu8w9wvjhgrs9a2cwrtp6wn8ksrkw0ymsfvrpr2uv4345pedtlf9s9zxa523d9fy99df8ptcu2s6r2dgj,true,1336507.113075,1,0.0056
addr1z9vcd07vpjluvr0v3hu8w9wvjhgrs9a2cwrtp6wn8ksrkwfxz5s9dwdf45387cfnd50jz4rp30x2ewpsfyzruu9n45ks9va3dl,true,1336148.539702,1,0.0056
addr1z8ke0c9p89rjfwmuh98jpt8ky74uy5mffjft3zlcld9h7ml3lmln3mwk0y3zsh3gs3dzqlwa9rjzrxawkwm4udw9axhs6fuu6e,true,1335903.241723,1,0.0056
addr1wx2degj2ru0uctl4rnvs7vh5l608smvxrgkm7lf8txxjd6qs43szs,true,1333430.872046,1,0.0056
addr1z9vcd07vpjluvr0v3hu8w9wvjhgrs9a2cwrtp6wn8ksrkwvs3dnu29l56k5kyq2xupakd53s78yp6qm3wc7358yt0e2qh6z4fx,true,1328001.571182,1,0.0055
addr1qxe63856gxlzk9urs6ut47uf4rhp6dhu2ku2amc94trmpq0pf783r082shcc9gaqqsgle628ndgsrh086799cwearl8s9wy96v,false,1318315.182853,54,0.0055
addr1vydhy6jsqwhlcqm85fawr8f8j2drghsk3wwunfwp4r6d94qea3rzy,false,1313706.026002,10,0.0055
addr1qxre72xy3dpm06jajwjxjr9w6t7fj0cgu0fed4hgc3c9tydrmgtzpukp5t9dyaugspppfk6khnw04z827pwexjh6zh5qrx8mzs,false,1311341.175886,1,0.0055
addr1q9jx547s93w6t06xy7293n0ln884ygjzx0tc9cffk0k05fyfnt5waq0snx6k2dmlj5wfegk9tjrkxwlrwl37exxspqjsqzst22,false,1306929.8613,3,0.0054
addr1qyksqkwlype3xge8pcayfqwkr8kejn05h88kl30cawm260ce26rqaj2n4z96qcmvuv03t6l8y79vlfxw07jyps20c0aqty23r5,false,1303796.735191,5,0.0054
addr1z9vcd07vpjluvr0v3hu8w9wvjhgrs9a2cwrtp6wn8ksrkwf57dsec0mndemzgz5vrzwzc46y0eelpvk9hcnsy0j3ed9qzrlg97,true,1302762.712542,1,0.0054
addr1v9kxcldnd5vxpm79rhw0mmuvk6fkxfy8s3sg4hzrjsaqq5sedvfnw,false,1301001.05,8,0.0054
addr1z9vcd07vpjluvr0v3hu8w9wvjhgrs9a2cwrtp6wn8ksrkw2dwq8vtm3ys5ez0qwayqxl600vvc0pt86hg06t5dwl520qzcjg7r,true,1299675.660186,1,0.0054
addr1q9z9wv8s0d8nn08y0qrjulsqqwjnpmf5hj0htt0vvhzwcarh7sec3ht3xxdh8txna0586fa2m3s4u0nzm67z7uxexnmsg2h7qn,false,1299653.331221,1,0.0054
addr1z9vcd07vpjluvr0v3hu8w9wvjhgrs9a2cwrtp6wn8ksrkwvy6lsq7we0829kc5ky36m7nq29msggm2xhm6mmdm88eh9q0swln6,true,1299609.598593,1,0.0054
addr1z9vcd07vpjluvr0v3hu8w9wvjhgrs9a2cwrtp6wn8ksrkwtdlrgh58fg03tn7phrqreraqd2fshs30np8rp703kl3n9sy5vf69,true,1296870.822849,1,0.0054
addr1q9jyhsgwtxasm53dq3cpzfzdfs93u467jdn5khcj625n36tdlrgh58fg03tn7phrqreraqd2fshs30np8rp703kl3n9smu7hee,false,1296870.822846,2,0.0054
addr1qx3eapk7hdnf6j2lcl6v6282293h7ea0lpgt2tfwazuaa42gqm4wvmwgqkwsghyaslenjxa8ltt69ydvv5f8vzxdxuqq40tqvy,false,1296002.1,3,0.0054
addr1qxct9fmn63pzp5hjez2xyyam83f6ydkz5gz6mhrantsjjzuwt7tdgsymm9cvppdvxhxxrjnt4nztz2fng8x3uf9sndtqmumvex,false,1294178.996876,1,0.0054
addr1qxwzj6q40d566a5c55pg3vpg6ght8694mspgzfh5dz7jqhfeek7knwaz4yrqwnse5tnuh4hmxnk2kjey0srddgwjrq2srcj8ta,false,1290833.502723,9,0.0054
addr1z9vcd07vpjluvr0v3hu8w9wvjhgrs9a2cwrtp6wn8ksrkw2qfr998hfyu8s7q5tpdgsvku290zyjnl2y8ue2ptdjf07q583t4n,true,1276801.668237,1,0.0053
addr1q87x242ay92hynzt6tj4zgjy8p8srtguwz8seaszdr5wgz3vhsjvks3yz0qvrlaml9uh50xj4d7k4pv2nqv6jlvt6zhqtleymw,false,1270622.609104,3,0.0053
addr1q8eqcccd2mn0ddnv6emmku8j692n2raezvujclxkh5v08hxdg4gfznazm429w7tl2j9feyyhesw4cwytzwcacug47lys0jdneu,false,1265409.480726,77,0.0053
addr1q94glcetyxh48dj6psz47e94j63clqtp8am34ddn53m9rjpu5am79l76dvygrftnqm6gjpymwu0r5vgama0vpy7nuzssqp8ypx,false,1261813.986758,2,0.0053
addr1z9vcd07vpjluvr0v3hu8w9wvjhgrs9a2cwrtp6wn8ksrkwfn6m6ccryf8mplt6k6k4rpzd9n3zsfzzeg3vslpxldjhysc59yva,true,1261777.050469,1,0.0053
addr1qyheypdvwhnn4rqkpakhxf78a0eh8gcd6nhprfn0ynf7msr5mkzy2k83h60pacdy5xkegs0n3gwg93wydlq774795tesqpqkzu,false,1253325.72121,13,0.0052
addr1z9vcd07vpjluvr0v3hu8w9wvjhgrs9a2cwrtp6wn8ksrkw0hsv8yltku2d0q789gyvmsgymlmfs0f2g9jf684js7rynsk9s7w5,true,1252414.001406,1,0.0052
addr1q83ue3ulgm4w65kyrpux7n4scq49xmha3rqqm6vqxjsle7hxqlsaxznx3l8dzqlfhk7mfyhla2c7xjagn33ftxmx46ks4q69ck,false,1252127.0,2,0.0052
addr1qx7zw4fr0685aghkphj6afkzuguqy270kgewyvfyyglsuxmk6ruaha8umzqj7wns7dfw6r6d207xh6hsr40ujahyq4kszmphgj,false,1250146.600851,1,0.0052
addr1qxnx04ejycwt7k5kg7u3z2wvn739h2fsv2uxwtmujpgxvwzdnsec8tddxfeg8q54zahj85z4trv0nsx56k9am0vu57sq30fqzh,false,1250009.071029,2,0.0052
addr1q866ncu24ua55dvllekxaye5yk8s23exyxrxr0rgatfrzn0fu6xa2yv8zh5cmwumqml8vdk9djs5748wx6ch8hphpdhsgfj5xp,false,1249975.0073,2,0.0052
addr1x9wrqt696lm407lc9rpe7gl7tjm06gpeh3km36hs7gdg6kydct6jduhwdtq9jtgqrgsusegk4h4jg350dm5fwdv6j3csfd77c9,true,1249936.268575,1,0.0052
addr1qy3c3suy70dud946276t7zmd3uzzvhqhnqv5myscadxeghvgcp56xhxfs9kmjdy3c3su0n52h8njv3jhnq82ex9jcmmq4c05cz,false,1245305.047655,1,0.0052
addr1q9jc7l43pjcewe2cp5mvetu4zl6ft264rsn3tapsz7j8zaanx5m03dzqu0p0pvnt3wmc8sm74nv3mgdejyvpadz8wlfq3pxylx,false,1243981.314332,2,0.0052
addr1q8teazc9l0t4ze5fsys8h4s085c3mu9d9cyag9dy4yrz0vv3wwg6ux5kjmqy4vwkhaa5uk483up9lapz0ncksahhzy6qn5050q,false,1241614.631287,2,0.0052
addr1qxakl0tauu9w4lwt3lvpwn45j55wt92sees6ffhmdcmjeusfkv4svk0d588tgrzhd0rfncq37xsqwycy2yxvcwztczzsnvcl7d,false,1241009.326839,22,0.0052
addr1z9vcd07vpjluvr0v3hu8w9wvjhgrs9a2cwrtp6wn8ksrkwvkdrtk6ta7mm5gyr3vnktvd3jutpwczwshnmm45j4h44ws48fd9d,true,1239935.023062,1,0.0052
addr1z9vcd07vpjluvr0v3hu8w9wvjhgrs9a2cwrtp6wn8ksrkw0mhr09mme8lagkh07nl2hmem04yc5y93wynjv6hj9z4elqldt8j5,true,1238282.183333,1,0.0052
addr1qymy56ukrkvnjq9wr9u0hya4uedlu5mdp9nqunxcuvz9ngtczjc8u7c8vser6zkzgd42zdz9zk6z9fec22x5xqgllzjsatv2jh,false,1233857.640295,1,0.0051
addr1qxh8pne829cpd9stw34sgx8wc39fk60x30kaswt50gwch34jc8aafddf8eqnvfy03s4mh4qxtfe08hklljwuahnc5cuqy7fv94,false,1229257.627229,1,0.0051
addr1z9vcd07vpjluvr0v3hu8w9wvjhgrs9a2cwrtp6wn8ksrkwfdv05rcnkupzjutmkdujxyvdmszn50wajhzuxvtrw5vc0q258wgk,true,1222361.673165,1,0.0051
addr1qx0x05njrw9z2e2trqz50evg6mzec3pfjkq350v4kp0uh9ygdrd6gd2ej3dr0fgxfq0trn0cv774ujv0wmse9gl3l4rsmkp4c7,false,1220680.018997,26,0.0051
addr1z9vcd07vpjluvr0v3hu8w9wvjhgrs9a2cwrtp6wn8ksrkwtpzy3rx70am9nyrtc8huwhlzrr95fgjeg6uk3thv2ut5gsmykkpu,true,1214502.175805,1,0.0051
addr1qysykfhsuxgyths7ngtnanq93dh7glyqeu3ufh5nm6tkhsr4zpcgqvradhwc9qx7jcmq73lt7gsl8vyacznkm22qt82sjwqxzw,false,1212693.583735,17,0.0051
addr1q8c3wxz982l2yhhvlv9arh0nykfmwxhsjy90yjadtlwsqxrdc0du2ykudjxmwc8rsfhky0ppm42h0twk22ucx7qyswtqa69rfn,false,1211603.529,2,0.005
addr1z9vcd07vpjluvr0v3hu8w9wvjhgrs9a2cwrtp6wn8ksrkwv0gtgk0umrdejdwgf8p2t6u47lwtf2mpzyk6cs8tmsdphqh3yena,true,1210218.519917,1,0.005
addr1qxde5ln8whel97j2m69vgt9d8m7g07zgyvtge4f5yxadk3lrzr27g03klu862usxqsru794d03gzkk8n86ta34n85z0s8nqc45,false,1206222.181951,37,0.005
addr1qyjxee8g7u4yuelv8w4gw74j2w4uhde2ravjwc2h5e0fru4f2an6zkv4ll5y7ctq543r9unpsnetexjr2gqugux323ps82jq93,false,1200420.0,10,0.005
addr1q9k3xqqauf8duvtgmqgvaxmyh0jj6ukwcjmsnyh08ya6jvz8j6xjfukwzhqv920n6q0f483ndhv6j9tvm9p9xjvdxj2q7gjtye,false,1200078.773663,11,0.005
addr1qxzegfr2al8ecc5syar2gtm6apvws7up4nn4wdl8gnrsljwxx9u5x3h69xu3y6ppyjnj87zx6290wktp3dg5zh6gjt5qzlvd4e,false,1200000.26,2,0.005
addr1z8p79rpkcdz8x9d6tft0x0dx5mwuzac2sa4gm8cvkw5hcnra8aqy7jgevlssqd0wvksdn03llpehzjng4h4t47dqhmgsreupet,true,1200000.0,12,0.005
addr1q8xjklxu3mr0zm54temeczu2c000sadmfr7vxruk5fq707nf7zcyky7gk2fqhsua0f74ng9pxv99g6ss9p70qw30736qfgkgm6,false,1194125.117416,1,0.005
addr1q8rsen0ms285zjawcz3yylykf8lhrc3cssjpzrz3vezp696vv86d7p6pfvymmxnjjku2pu8k06377gn4alp2dttmgddqldg680,false,1192407.793819,37,0.005
addr1vxxlnar4em87lz3zevttwa5h5kg9wefr8pmh9vu6pzv7qngstcfzf,false,1191972.951517,56,0.005
addr1q87ur5gxkdaj6t60n3zz943cxdcvcqd68f8tqdn97cc4a2gqwhts0ezlfwtqymvhen0pzx8d9zgdsyedwxyulywpn2zqw3fmgq,false,1191845.286699,1,0.005
addr1z9vcd07vpjluvr0v3hu8w9wvjhgrs9a2cwrtp6wn8ksrkwf485tvj0e2yn0xh7r305p2yxyajjfl4dhr58hef6fzxsws8jyq3e,true,1188591.469655,1,0.005
addr1qyrx6cnflhl33p5hdns5m9e67up43qdsnjy0ae20rhpdulp485tvj0e2yn0xh7r305p2yxyajjfl4dhr58hef6fzxswsradvlt,false,1188591.469652,1,0.005
addr1q86w6em03jtlnjrah70vxndfush2v7apkjev3z85e2264efmvzrtqsqvs0duaq4ms0m0etrfxgvwuw5zl2wsanlsasfq6a8xvy,false,1184531.590757,19,0.0049
addr1z9vcd07vpjluvr0v3hu8w9wvjhgrs9a2cwrtp6wn8ksrkwf4j5uhpjts5vpdgpupvtvejcnlv8j8ytp2pjv0rd2y4t2qxa49fz,true,1177795.308225,1,0.0049
addr1z9vcd07vpjluvr0v3hu8w9wvjhgrs9a2cwrtp6wn8ksrkwvsvaaww65d9u32xmyyxtgsmp8hn8fmv7x0gc7a60tekn9q3ecmkz,true,1172957.595063,1,0.0049
addr1z8p79rpkcdz8x9d6tft0x0dx5mwuzac2sa4gm8cvkw5hcnqk45w0xr6h74a7r3gmrn2fwq0fx3wlu5q9ywdryx7ll4pq5246hh,true,1168000.0,40,0.0049
addr1q8h2tyuengvsnyncm2es063vhufftkxjssyvmqe4c4uuq9n7hn4nxjev2c8p23wvwlaplh4kfmtx7rzlqvlzeq55zl7s58pd5m,false,1166581.277202,5,0.0049
addr1qy63u92ajxnzewlgt0cwrw8quurh2j8r6yy4vq09wm0qreskka9gvs2asv63z5862wvkhl6p64sasj50rm5eyxk9gm3slxwah3,false,1161599.942278,39,0.0048
addr1q87rqd9qgrwczvnr0v2s8jpvm6zrr7z92raxh2zr4s39l6cl70q702sccmjfzdr3fh5wdryalqz5gdl6vq94wdhfexpsl0m5py,false,1160572.412496,23,0.0048
addr1z9vcd07vpjluvr0v3hu8w9wvjhgrs9a2cwrtp6wn8ksrkwdwyxk5esgll2j4fdztl4z87txy3mg6salzfyhaqr4hp7kskp0q0f,true,1155638.701535,1,0.0048
addr1z9vcd07vpjluvr0v3hu8w9wvjhgrs9a2cwrtp6wn8ksrkwvejk20t57hlsn6xwas75e8lzr9gpppchr3z2d3sk4w2zeqc759tc,true,1152563.642226,1,0.0048
addr1q8zplpayj3h4x9rzefq2yknc0c3purwuj359q3stc5jyvr6y7dfqvcu5d09em2kc0zqqa86e5g9742whtwdt34ydcy3ql5nn8p,false,1149930.0,2,0.0048
addr1q94v8h9y7z6a03alfyzwpxpvn0vdcjaz9dwm9x8ps34flyy9tl3a9566xnv0r6zjykwts5ycs9lcenhf3lsdup8s204s7zszar,false,1148937.280258,51,0.0048
addr1qyy4uwfn8s80d3z7cynnw7330rn9uwjk77esjauxle2k3nmv69rj6x7gl35hpu7wxsgkqhntdz9er4t3pfr38dreznfsktm0td,false,1147187.93,3,0.0048
addr1qxp53jjhwckjkh7aq6ey9jhj6445fa7zar0e7n4rfv5rxe47tvxdtfq6hn8c79cxt4a5adl3mlwnh0yssdhtp26hnk5q9z8da2,false,1145500.524108,10,0.0048
addr1z9vcd07vpjluvr0v3hu8w9wvjhgrs9a2cwrtp6wn8ksrkw2qt82nnsj5r872dj0hpssksdc8vzvdq257rmncuwteughsat9wj2,true,1144784.769024,1,0.0048
addr1qyzewrcaxzycaap98hd98cgyd5xctn8qpfs8xpzjw4w87hr8j8ewxd2ppprk5c5yy0lzca8xf0wgv8tuvparfqnkmuusc24vs9,false,1143005.367455,1,0.0048
addr1z9vcd07vpjluvr0v3hu8w9wvjhgrs9a2cwrtp6wn8ksrkw07dpwy9rgxpzw8zrzgskm3u56tdskx0uanvpz02mxcsjfshd98sd,true,1142039.216225,1,0.0048
addr1z9vcd07vpjluvr0v3hu8w9wvjhgrs9a2cwrtp6wn8ksrkwvhmjwsamgyyejfdfpjdlm9vf0859k58eyszvczccv7ex3sskx6vp,true,1141570.181257,2,0.0048
addr1q9tsnre8ae9x3spcurc9adazw5zt65z29cecay25unq72rhqa7x0pg20c0hy7t50r82zzyanc22c7mvm5hjgvchqg3tqty4ftw,false,1138937.952973,2,0.0047
addr1q9ya40pn58m95333ulk96mfd9jyr60qqg8eef9n7wr4vr63lsr0gkexecjsmr5c76nc2zfx08vwg7x7w0fd8j08zqunq6pqd2n,false,1136084.645294,1,0.0047
addr1z9vcd07vpjluvr0v3hu8w9wvjhgrs9a2cwrtp6wn8ksrkwvmla2jq9art5x4p0achnpql08qglucfkqx4y5lanzne0ksswzzsr,true,1130755.875326,1,0.0047
addr1qy3seas3ejt6zdg3djufzfkkp4pzp65uawmwj54sf6e4yq78ake7lvjw5nnzcasmp265myl09d2m576fplk5j5ctj74s7ma56v,false,1130589.700234,3,0.0047
addr1zxhew7fmsup08qvhdnkg8ccra88pw7q5trrncja3dlszhqacq84zk0xfmaxftjjzm9f2q5mauka7jcrdjj89ehx3ex8qa2epvx,true,1128999.57823,1,0.0047
addr1z9vcd07vpjluvr0v3hu8w9wvjhgrs9a2cwrtp6wn8ksrkwt3k8r5jyfcv75hvkzkrwm7ghkkd9mj3fctrkpj8u33qh6shvuk0l,true,1127033.721264,1,0.0047
addr1q8jdx69a2ju0gdnxcwp344rgq8vvshrv5lu95eu3zm05zv2yxlrhrdgj49e94fu7m4ru2d8s63mnu3kmsdhv943a6xksga5kca,false,1125779.752131,23,0.0047
addr1qy0fsy6mnys7fl6hd9mtl5ss539hzrtrj5metvt7lzkw0rc7nqf4hxfpunl4w6tkhlfppfztwyxk89fhjkcha79vu78ssrsy7n,false,1125746.959582,6,0.0047
addr1qy2nhrj67g5zdgt4wu08zfxrrlga2h0pvmr72vlu4h59pmxx8jascmh8kmee9sausk2ls9cxcw6r8zc4hn6ql3r8agfqsw62hw,false,1125000.47,3,0.0047
addr1qyw7h92aedny4qs2nl20nd3gqd7x09fekkds9um0tgl8ntmnwdfd205u2fwl4ltufs0lxysk60q5lmlfvzlxjzl3cj4sdspy7p,false,1124957.372055,3,0.0047
addr1z9vcd07vpjluvr0v3hu8w9wvjhgrs9a2cwrtp6wn8ksrkwvahucqjtykn7fmn9m230a6rd858meaglvck85glfukjgrskc4425,true,1124613.471117,1,0.0047
addr1z9vcd07vpjluvr0v3hu8w9wvjhgrs9a2cwrtp6wn8ksrkwtcsvq8r04wezxjcpj4ehlf9gmvff40zl5844cwxy9gwegqsumrrf,true,1123345.411926,1,0.0047
addr1q9hlhjy9zgc2hngrd2q3dzkycwvd998q88ts52emxj9u5070dw83jmth96fwnmx7vfjgweff2ah097mncnd4tj2tqncsraarsz,false,1122207.054531,2,0.0047
addr1qyz8tkzpfa7ad0k49cv9d68dylcs4kfh3sp6ulmduw58zhv3svnklkz5u654u96gdmzqtx99v0p00nje4ksrc8ly58psttkxdn,false,1121206.223303,3,0.0047
addr1q9kfru559ctk97zawu9r3k3de4n6nu7hf5pxqrlpp9uqlldk0t8zlckk0lfumppp08lne0yx488lqe3dheu0la2uczjq2puxcp,false,1117607.71,2,0.0047
addr1q9mtsxk4mfjgpwy36gy3vr7c9cha5qr24umvvqwpjjanhen76lsnv6ztgvyt4g93njnypu2h4ynjg6kzluw2gwv5qwqschc0mj,false,1116198.954106,18,0.0047
addr1z9vcd07vpjluvr0v3hu8w9wvjhgrs9a2cwrtp6wn8ksrkwdkttc0w9th6aeqad4hue9trh8yz4rp5zhxmkvwl2duw0jqtlzl4j,true,1114691.153593,1,0.0046
addr1z9vcd07vpjluvr0v3hu8w9wvjhgrs9a2cwrtp6wn8ksrkwv5w6w0he6f0se883gfekde8zwma8wd7kd7hrjfp4hr2lvqvwfwcv,true,1113782.173631,1,0.0046
addr1z9vcd07vpjluvr0v3hu8w9wvjhgrs9a2cwrtp6wn8ksrkwfujc9y2d9zt3eye74klkeycrptqnrhzyk0knfrwaj8mv6sh23wyl,true,1110841.78237,1,0.0046
addr1qy5fw49xvr9jwuce5szm29z5lkxa4tl8ym87kexcshcry2erz0hvu9e75eatjrte6ftwxqt2l90nesc59currhkg346s4cggv3,false,1110327.427331,1,0.0046
addr1qxzhx5p0x47nzyuxl4xs3kq92ppx74m3dn0zc7375hrrq3986dhcf64ws9syyjaf0fs28vvcmyh236c60h045k8cswdskfhmkm,false,1105500.250609,21,0.0046
addr1qx0mwy68v3uv4lv0zgsf88tyvekqxn0v2upnrurjsnfvwpl083mp4297xpjh2jnd4a49j9fla9ykxrk4z0q7ck42eygskqv0x9,false,1105455.401031,1,0.0046
addr1z9vcd07vpjluvr0v3hu8w9wvjhgrs9a2cwrtp6wn8ksrkwdcx6c6jfy8nz36msrqddqag8xvxdps8cld48e8n0l0zpvqz02ez6,true,1095855.668846,1,0.0046
addr1q9tr0eug2zs04f64kmmjf88yfefweahfznn9stg9mjcpev52zxc9dwgxjk2cxxg2ufgt65s5pg7ea7n6yuu7yx6k3c2shhsfy3,false,1095141.93686,1,0.0046
addr1z9vcd07vpjluvr0v3hu8w9wvjhgrs9a2cwrtp6wn8ksrkwgg7gtg635kj247kjw5l25pexjrxszjs2rhplnmu2lqj46s2wky4f,true,1090698.624113,1,0.0045
addr1z9vcd07vpjluvr0v3hu8w9wvjhgrs9a2cwrtp6wn8ksrkwvjumg8qrsh39yz6gpdrmjqjtgs9xzu5wqkm86eyk3vd02q7zcqdw,true,1089869.37002,1,0.0045
addr1v8mjm3sj2de0rj8fresctkfzjgwz73xt7pq79hewvhzc6vq6gvpq7,false,1087421.4,10,0.0045
addr1qx0pclm68r5qlpww9tgnze2xz0nrddw96e7nn86pke2q59dq87h970xugkphafpl9372zcffx8h8hkqan6gwcjwx3lnqxqdm6r,false,1082668.602807,4,0.0045
addr1z9vcd07vpjluvr0v3hu8w9wvjhgrs9a2cwrtp6wn8ksrkwgf8r55kwac4hdh4jnadgc4w9gggw3xw02cauux83r3w8wq0l60f0,true,1079787.704947,1,0.0045
addr1qym7huj06zfc53uywju5sjwa6ap83a8lw9vd8der68hc5zhznveqw9e6vsvn469ezc7chema2zhc3me8sp5ha2vxzlssqtzpg5,false,1078731.0,1,0.0045
addr1q9w0ndla05z8euk8cfxgrj8l389y62seayfanaa3gdn2l8wkrwg624d76jjjgkyp9fu930wxz92lyq9e0tk78gg43ycqu53kgy,false,1078030.114413,1,0.0045
addr1z9vcd07vpjluvr0v3hu8w9wvjhgrs9a2cwrtp6wn8ksrkwfk7a9d54kmvu2nr5495nkj7yjqjvhkhnjn7pqptxmr4pwszw6u8y,true,1076124.120091,1,0.0045
addr1z9vcd07vpjluvr0v3hu8w9wvjhgrs9a2cwrtp6wn8ksrkww768sw24vejr68a6jrlurt26kwjfktn6zjjvdsnfnxhvmsg5jdqz,true,1073911.064512,1,0.0045
addr1v8ectxgpdthf53k2du5t5nq9j93t8ty4z3s22zwyyaudztgc8a4u7,false,1073692.330101,11,0.0045
addr1z9vcd07vpjluvr0v3hu8w9wvjhgrs9a2cwrtp6wn8ksrkwv0e8f7jvyvkq9jq4cpnnpygd7cjjez5rklv3lwzusrta9s9cn05h,true,1073377.637556,1,0.0045
addr1qxgv79h4epcxdujy0cskexv6z0jkws4k4ah4lnfwjrxfuj87y4rz59ac24eq3d2q92mzsdgkh99d7hjted9t559falwsc5nnfp,false,1069911.102006,2,0.0045
addr1z9vcd07vpjluvr0v3hu8w9wvjhgrs9a2cwrtp6wn8ksrkwfjdak54rlqspm8cupqm9jvry3l8czstk7fw2dp7wx7mlwq2em43c,true,1066608.612429,1,0.0044
addr1q8xtddn4ejqvh67pt2qsf4mvepmmua7qqzslu9y2had28nfjdak54rlqspm8cupqm9jvry3l8czstk7fw2dp7wx7mlwq6wq6ks,false,1066608.612428,2,0.0044
addr1z9vcd07vpjluvr0v3hu8w9wvjhgrs9a2cwrtp6wn8ksrkwvxtrll2ht5edrcpszvc6qacmh0t8wfj8qzslwg2nqdwdusc4rh0w,true,1066531.119287,1,0.0044
addr1z9vcd07vpjluvr0v3hu8w9wvjhgrs9a2cwrtp6wn8ksrkwg94lmyn536k5t2evkl3hmdur2rf56u37drttcj6n8rp5sqt33hzf,true,1062492.725058,1,0.0044
addr1qxlg7kwk9u9y9v3ckwl0t03l9ymxfz05hk5ukn4wqanjlfxwjassa8ms45mejcryzjwr06gh2chrkdh8mvxldlve7hqs68xt8k,false,1056985.75998,12,0.0044
addr1q9q6eefjv54evyd42y0zcurnl6q3fclq0m0luna2m22dhmz8wuplafr70ez705a8lxa45mxmqgxhdatj3kpnkywfhdgs2zg5kf,false,1052585.498,5,0.0044
addr1z9vcd07vpjluvr0v3hu8w9wvjhgrs9a2cwrtp6wn8ksrkwwv59gdzsjwa8ffa88qa8wq33ez2dvlhlvkppahlcjn8v3qp4wagl,true,1048302.189693,1,0.0044
addr1z9vcd07vpjluvr0v3hu8w9wvjhgrs9a2cwrtp6wn8ksrkwdk4v94m730w2mmegf9v4aq2sl5htljenf6yugejczvw4zsdyqcfh,true,1048221.438261,1,0.0044
addr1q9hc6v32akyzhsjxx7pj7qlhm7hlmfwlgfr5eayfalwjpy0zwep6gq8gxwghzy5t486awmtkn73gx3f77mfktcrmkesqk8gg8u,false,1043770.474897,2,0.0043
addr1qycuacp7ugmv53tdxsvnggu0pq9lm3c67yzcf30g43nne3nfh8sd38j0pnxfg9d4nw2ylze6mjwq7yrcm06hh82kghzsjp0s2n,false,1043391.0,2,0.0043
addr1z9vcd07vpjluvr0v3hu8w9wvjhgrs9a2cwrtp6wn8ksrkwve7075nqrf8yq5wqs7r9sla8cpl4xhp9st2j69zdg5kdlqh4n6v8,true,1042943.536841,1,0.0043
addr1q8ud9xfhkh0z4xhjunas4fda0aenpe56sgu6y7gq7l9yxg5e7075nqrf8yq5wqs7r9sla8cpl4xhp9st2j69zdg5kdlqxaxer5,false,1042943.53684,2,0.0043
addr1q9fdvrcyjwh69llqf7d2gj2xvl9re4t346s5zjwfvtn6nlgl76a7rfhu409ea5dpr5kzq3ascj6h86r8dt62d56mtmtqlu5n0k,false,1042083.366031,22,0.0043
addr1qyn5h4usxauv2htmasv3rvgcxzw2pceewjwzwgz0apawq8guwnkd3hz2ax9quef2q5vp56plj5xwnqjn0felfckeq40qn2ype4,false,1041333.110574,1,0.0043
addr1z9vcd07vpjluvr0v3hu8w9wvjhgrs9a2cwrtp6wn8ksrkwtmd84ygjsf5359slqpyyjks4kury45e97dpd9ma8susqzstyqh3a,true,1041282.388155,1,0.0043
addr1z9vcd07vpjluvr0v3hu8w9wvjhgrs9a2cwrtp6wn8ksrkwtaglvgm9pgfhpu9f2vngse9xxgg2x7v08gtjpj364rjm9q7emzgf,true,1041281.19441,1,0.0043
addr1z9vcd07vpjluvr0v3hu8w9wvjhgrs9a2cwrtp6wn8ksrkwg9whm6fru3yxhgypq2yquxnrp9xcyrgpwhnpp9t2j97p5sv4e92f,true,1041076.123975,1,0.0043
addr1z9vcd07vpjluvr0v3hu8w9wvjhgrs9a2cwrtp6wn8ksrkw29ahh59zjj647yvej3y0tz3e3ft6su34syurlgtmjgph3s2nchnq,true,1041043.902902,1,0.0043
addr1q96s48vntypfrfz03vqahnvffrglw89c5z2al90nhfpmrfmrpkyt8kxtwjnqa703xxw4w6nv3zx9mrjhe3hlut44avyst3f4w8,false,1040980.0,59,0.0043
addr1z9vcd07vpjluvr0v3hu8w9wvjhgrs9a2cwrtp6wn8ksrkwdg9ftlcsjj2gfvvajdzurdzplxda4aly6chg8ypfshc3pq4mu4xh,true,1039758.554926,1,0.0043
addr1z9vcd07vpjluvr0v3hu8w9wvjhgrs9a2cwrtp6wn8ksrkwtfczhdqyug3us85rnu38shvtln3pjjpgx0hp9ls6pdcnhsjduda2,true,1039687.349125,1,0.0043
addr1z9vcd07vpjluvr0v3hu8w9wvjhgrs9a2cwrtp6wn8ksrkw0ajt37xp9grhx09gkque5fhg9vjmd5lfwn7wje34gvzvcqhpcun0,true,1039508.048631,1,0.0043
addr1q8xtwf5ztja5fdgk65zljrf76apa4wtycvyduczqsg88fjh64x2j9rtmwguvvns4d59mp2jat2nspg75czq6ppusrq8shdu3hx,false,1038989.179217,1,0.0043
addr1z9vcd07vpjluvr0v3hu8w9wvjhgrs9a2cwrtp6wn8ksrkwt6hzr4mfzd5fumxdns8ks9r5yfdmmsrdu0f70fawkkdgms2yhmw8,true,1037180.788873,1,0.0043
addr1q8gq48ux6xp3p34r58t2pgv4u0lgc0uxulhs9n9k843z0eey3y5c5t4s9eedc645ql56qar2jtezrutfrtz4tuz2zz0sl7dkak,false,1036950.994386,43,0.0043
addr1q9suarfxkgfq8z2952nyct6lhgzvdu7hn93lvd2zelu690er9cwenth6dlka80xx23jvfdx2vw9l00k709vn7g3mw2rqnvr8l7,false,1031767.8861,1,0.0043
addr1z8p79rpkcdz8x9d6tft0x0dx5mwuzac2sa4gm8cvkw5hcn8ckt5v6630ryw3mfc6uwc00qv820m080pua6ahrjvwa8dqjr4286,true,1029291.963893,3,0.0043
addr1q9aedys43xvqpffqg08ujgcjucfw6st5dsecyplrhqatq68a5vsr30yffhk4ufkkh9e5ddhfwcecrhss2fps6s5czpvslmchu4,false,1026943.671749,49,0.0043
addr1qxnyq34m7yn0s6zrz2zq2jmuawknqcgg9yy2w7elt4hgact85u0fad7rfw6esa3007lxt7qvf4a3wft9ts9uhyxpanhs7xlc9s,false,1026014.540705,22,0.0043
addr1q9wzjd3wrlxddpz74hppat4n5mufnxgveasgy065c57sl8h794safgqysna8rlt9wg2wr8u5f65ea8fs3dz7dmzqwyxsq07xna,false,1025158.437273,2,0.0043
addr1qyeqf72md20rk7rwe79843t3a4am5ctj2tsa5t0dtdquytlcqcr5ytvx9756usja9pgg805rh4ftg7k6jhmes9u6eyeqfazz2g,false,1025057.398299,5,0.0043
addr1qxmw4xtlrs2t9rynctua308jvqdsckv8gltd5lhzvqhuky7cjh9kr6hcsvst2pmtec3q5rqwlrt5azxz2v99h8pdetps03vn0a,false,1024899.481671,56,0.0043
addr1qy9fdz4yyrgufs2xmgyq4nv3n6ljs9zaxd8nrta3f9jwaj4sxszcttzh62j287l7v2eskcdtk0utcshhnezgtyvjd8zq5rrmc7,false,1024816.673921,1,0.0043
addr1qxppp9n6rmzywv7328e8xr9ru84thdgnmv7pvykqz574ahtjfwwfkxu2uqqz3fx3tv9a35alq8q9n684gd3qn7etfwjszvytjm,false,1023637.361922,1,0.0043
addr1q8lqx34s2scyg6uwlsy4xfdc0s04cpgum3zpee87vdhdwcyhjmlua2p4l7jq7p5mz6t9pfmlu2h80x84s6vwd7vw06vql3lmkm,false,1021049.404163,10,0.0043
addr1qyskzkfqg7ku84348z33crh7qrh59qg2e9muxnzcxg7amd5l3gmxwd9qxt27x6qak0tl4frpdewhhe4nrft0vm876w7s5h5p5t,false,1019885.667451,7,0.0042
addr1qy4x0233tswq4c8qmyntp307uuttq990ftg5j68428dfaj0ejamlgl3hkfe8hfrqyk5qec24tn37ualdg6ju8g4l893qz2g3hx,false,1019250.744627,1,0.0042
addr1q9l5kuqaw4gxge0qk567v9cmt6nk4z3aah3r8etjt7x72rysq0e804w8vkc0drluhv5v8932ydmgs5jthvnyc8flge0s5sgggq,false,1018942.744023,1,0.0042
addr1z9vcd07vpjluvr0v3hu8w9wvjhgrs9a2cwrtp6wn8ksrkwvy9ghramf7s4j5p0qnegnf796hd583ecme9x30j9xvqems6jqwh8,true,1017553.645836,1,0.0042
addr1z9vcd07vpjluvr0v3hu8w9wvjhgrs9a2cwrtp6wn8ksrkwg32shhflnqtdpsaa3ql6ld27q3jurqc9xkck4xelgl4p9smyw4m4,true,1014211.97664,1,0.0042
addr1z9vcd07vpjluvr0v3hu8w9wvjhgrs9a2cwrtp6wn8ksrkwwn0wjnyedq9nt6skfzqzkhmqk680qvtu08vmtpgk6js4qqhjhsm3,true,1013066.286186,2,0.0042
addr1z9vcd07vpjluvr0v3hu8w9wvjhgrs9a2cwrtp6wn8ksrkwflv67seu3c5ldsejz9952udf00qhzmr5vf3yrs2np8869szw4d7s,true,1012787.613607,1,0.0042
addr1q8ysshcm2eew0g54qzz62gs6askvuu0dqfdjryz3p2egwz0te5hg8g8vynl63n5ae5seavh3dy5387ffs32r0ltl4hds09ufuk,false,1012031.119308,10,0.0042
addr1z9vcd07vpjluvr0v3hu8w9wvjhgrs9a2cwrtp6wn8ksrkwwfdclkzfm8a7u7pa4u272kyph4zgklgywq7f7dv76yz7aqlu5rgg,true,1011095.285073,1,0.0042
addr1qxcu9lvzlv5v7n7k07vd02j4c4eagh7xfwc4wed0p8scdhthykaqh2mdut5gvy0lxmfxnt2ns7tvvze4zmpt0puh2d8qg42ywv,false,1010422.797966,2,0.0042
addr1qxglr726e9yh3hcqzyvn4c7rurxte430w4t0an0lhed3lr4afg9cj574vwsjq2ur8vpq2e36fy64rvpxtfnmumt3r72qc8f33l,false,1010089.483544,1,0.0042
addr1qylph6sejxcrshluphwnq2yradxh8rs48gre7yhs2mqx2hwtett5yzy6wrh3ekfva0p82tucqm42la257v49rzq0mq9sr3cr9e,false,1008801.443904,1,0.0042
addr1z9vcd07vpjluvr0v3hu8w9wvjhgrs9a2cwrtp6wn8ksrkwwsagn7a3mx8dyf35ukaz3ngek65r28f458wq06ysx40uhsk02mxq,true,1008730.964991,1,0.0042
addr1qxxw3uwzua3fyjte695a5rs86jzxunz4uql5rlrllu2x0rhugldyeyeww3prus5t5983p4ndqvc36mrm9sjffwcafhtsgmw8tp,false,1008677.032136,1,0.0042
addr1q85qutazk26td3vvhgy3heq470m4xt8whej6pedae72xc5xj87l43ysadr4gmymjy3406hntv5xtughs3xfjd6f6j94qxmvl7w,false,1005927.977282,10,0.0042
addr1qycvhcz75sutegp2k44lqd75p9x7zd5nj0kd9qw3kq26csvpttqmsyjg2wauv442na3p57umdfm6u70k6tl8t9jdym9qe8tf66,false,1003025.531602,10,0.0042
addr1q9xzhyrm65udsf7q222qdkft4hv3lkhsxc7qr9zjqxsh7xmaldv7pfw4sr4tmq5asn8f429s7vyma0zn0apjq9naqrxqujtr9p,false,1001972.2238,8,0.0042
addr1qxz9zrgkqqgj2zt5uplak4h7csal0pup02lpmxz87acgejt42wwpwshwrck2c8ggtvdxwsk5g24pfd99vl5v7x0kgm2sy875gu,false,1000276.15506,5,0.0042
addr1q92gcqccgdup05hwz8dvw9y6p4ksf5u4sjvz6735lfw4f7aj08rcdd4fx6k72ukdkulj6dp8teukstk0ejs783sghftst3d964,false,1000009.830672,16,0.0042
addr1qxj3x6k5cge0ksrt8d9gaz3pujl0xwexzpw06gu86q4av37ku77kyp6rs4e6j5cymz3jl47s5lr8ezamsgv5p978k9msjpdkvm,false,1000000.0,2,0.0042
addr1q9suwdljmahznf7m2hq7ynhcunqedzzduyxjntwlj6xlae0rzr27g03klu862usxqsru794d03gzkk8n86ta34n85z0slaq9av,false,1000000.0,1,0.0042
addr1q9gaamvlh3ksswtxgmdargfu43vtw5wjcjsa24ysh39wd6hsyzasxeklwauqmpvsnfugu362zdhg5pwwwwc9cp0kkyes3lrfs7,false,996281.162356,37,0.0042
addr1q9dkulg8z0y8fqljzmdkg02h2j88k94qd9k4czxg2fwkd8e5lny9hz0pjealnpvqs3l5z6gvhj2gn6ctyct5kh2veh4s9gwn9u,false,990100.0,3,0.0041
addr1q96j5fw9nwfyl43kuexxkm2ssjs8mhrjjq2sd8d064f38q84pxvsq20yglz07rejnemxu5zdgccfy5wmn28pcm7y59zqrkzlxz,false,990050.0,2,0.0041
addr1qy8jq5pgvxyufaja3c98nzp32pur2uv2ltzx2kfvgzpmkw463803z22cvyjp68rr009u248qwan2lvm6rjufzvepp42q8argsm,false,990050.0,2,0.0041
addr1q90l9yducwvx8kf0u0y6gjd39rs9gmynyqxdz3zemkcja8x8y20hdk3ckd6urftct02zemupzyta9yaf0s3f99568h6q5lsh5n,false,990050.0,2,0.0041
addr1q8nx6pftcxl6u9zsykzsmtxytdzwdc0w62lfqgeqj424dgpglaz7m86tapjuqhkw3uu9vla7yeaytat2hl2auzfcsxsqu9wg0l,false,990050.0,2,0.0041
addr1q8543ne74gccmg586r9ngqpz33fr6uwxg2ejfhw25tt7gane0pyg4l8k89dn2jjewpfxsyzlqkrkc94yj4065h0u9fxqxpn6jr,false,990050.0,2,0.0041
addr1qylk542z0hkkqs0t8r5yj7q837x4t4xv80q7nepa39heatms89wenkvc2zt26kkxhhg6ev4cn380d7am7uhutcvz3h0sskv6r8,false,990050.0,1,0.0041
addr1qy26t6ft8ydaf2fnvg62457llw33pu0jruzvdwm4yhethhtd8w5vd0dwxzym94472r4s9q8zq2xdwppgqpuezqtgldss9pvqa0,false,990050.0,2,0.0041
addr1z9vcd07vpjluvr0v3hu8w9wvjhgrs9a2cwrtp6wn8ksrkwt7pjjsmzdtfu57prjjauh0pplcd58tuxut8zju3rjwnxgsj9ht4k,true,989520.403911,1,0.0041
addr1q9lr86289l4phmh5vlhs9lmapda59k3q68e7nmfar93r22la7c0txx3xe2qv3646qseuaxg5z80hlp5zx78lv5xmulfqx92gpn,false,987411.295805,21,0.0041
addr1z9vcd07vpjluvr0v3hu8w9wvjhgrs9a2cwrtp6wn8ksrkwvjvsxaayyutfr4e5crem7zw9nu6q8tl8gauk6qvt9w8agsjupsm8,true,986489.728809,1,0.0041
addr1q8ffzm0egw9fqsv0lkxjt574x2wql9t9dwulzpz0geey6kxrkmee8u8fhw4fmr9twrmttpf8vfwy6scx8c060zfl9huq5s6ra2,false,986001.964181,2,0.0041
addr1w8vtd879xcmme7kmc3rfpqlhq67zj06dn53fvervtjsk0wc7a283u,true,980749.41295,3,0.0041
addr1qxl30r4tutehpt36505l7cgaj3nnh0h4v7lpeqegr3hq54ghhndskw66jg3snsy6svzkyr3kyg67kldj86l44v727aqqgd9xfk,false,979860.0591,3,0.0041
addr1z9vcd07vpjluvr0v3hu8w9wvjhgrs9a2cwrtp6wn8ksrkw26p264zaz6kzzf233kwmflgyys85alvz8ln6u089rh4lhqh7qnsa,true,978631.508929,1,0.0041
addr1qxlcq65392ej6ndg9hgyyjp2ttmnjn9rtz38d5x2awxrk86u8wv4rj7s8fsg06g29xc42pklqp9jumvmqy2uyemrggps45k00j,false,977543.715528,2,0.0041
addr1q8rss4qlllmamdum7z0e3n29w5jzcsf0sk7tf2wslrpkagupfu5tkqd9lt790e3fsu632l3d0sjdh2vl0drle59wtq7qjqx37w,false,976827.18766,5,0.0041
addr1q8d500r8fwvqt6w7jctn4p69nh4h0nujclyd44hnpazggfxrmtveeh8t252kt5aexnwfxjvv3f07r08l33ld5clpjatqypuz7p,false,974888.814732,1,0.0041
addr1qx42qdu8pm8cjz9lq5gww9yatrfmuwmpjnnu529wgyku4mhuqccjtwffnchl77mvfggeu5zjarvre2f5ulmr6jcak7msc33fvq,false,972002.193456,4,0.0041
addr1z9vcd07vpjluvr0v3hu8w9wvjhgrs9a2cwrtp6wn8ksrkwgjntr5hgs2smdem3avjann05c4mmjwlyfda0gmswkfklesmscdgp,true,970111.82542,1,0.004
addr1q9536q6d54azwk78vzv7psgqnhg4ct8048wahlhql56t0wddqg75qtsvk9phf7ud70x9cdmh8q84pzha8djcas3sq50srkne3q,false,969914.318905,1,0.004
addr1q96qgz3k36lzwxjykxk3dwzyt70t3xxnlnezlppz3q03gtgphfqpynefz2gddlm8qy9leyy6qgz0yrlxunn02zwrhmdqt7uwtg,false,968882.544252,11,0.004
addr1qxk43gqp0f29724ul99yykkda355cge995x4r739694z4288rcvlsug8rrxz0eh0lquc7ujrfyry0uq6rrt298yf8chqt00cr5,false,963604.190169,1,0.004
addr1qywxsep438f5wvlpvmxneuljvfzpqgjhkg4aezn8j0kmguw5qj5f936k94ykh3zjxks2xmqgva4mq68faqs97umfl0rq3dl8a6,false,963203.357037,45,0.004
addr1z9vcd07vpjluvr0v3hu8w9wvjhgrs9a2cwrtp6wn8ksrkwf6kv578je9revensucu7m048lwcfmv2d6vyq7gfc83hpysvkekaq,true,962080.511709,1,0.004
addr1qxk6dcjxwagvxvzz9d466h36v65ldklpcu0gsmr9kedcaqt2xkewfcvpstcvmnllxpfvd8n94xmlgkxdn68x7jk6aehse30xan,false,961050.173339,6,0.004
addr1z9vcd07vpjluvr0v3hu8w9wvjhgrs9a2cwrtp6wn8ksrkwdkuvr8p9kuhpy7wj4s92n5clp362v4gtwpxwd86vsfd2yspd5d7q,true,960127.136302,1,0.004
addr1z9vcd07vpjluvr0v3hu8w9wvjhgrs9a2cwrtp6wn8ksrkwwnf0d588e2zuhgzrvmuv0wf89gp8ra4jc3pgrdvqgcmmlqudqsxc,true,958071.089886,1,0.004
addr1q9qz4570z8w562jmd3y2au83ue3yg4n3rd7yfawpy294fz45rck0d9zz8jsssf2ad92f9034hnzd6yzywhdctdwug8ysp0lg9q,false,955752.821029,3,0.004
addr1q9kljatfuhjkggg3ref4u2ujzhuddgjgecpuvw98t6uu3zt28265judmuzf3kvaj38e49ne9as3ltm6p0zzedtr2dtzsur3tu8,false,953554.479454,4,0.004
addr1z9vcd07vpjluvr0v3hu8w9wvjhgrs9a2cwrtp6wn8ksrkwfdkm5z9ahrw0y0j5595ud4fxkggwnlj24mqguhjp3ewmvqdgk4q2,true,952195.642869,2,0.004
addr1z9vcd07vpjluvr0v3hu8w9wvjhgrs9a2cwrtp6wn8ksrkwtxcxc7kgv5x2ztx3l62unfyf9y54uf0lcuev70d5wxp6cqqv2npn,true,950811.761558,1,0.004
addr1z9vcd07vpjluvr0v3hu8w9wvjhgrs9a2cwrtp6wn8ksrkw04hp6wwe6fhx3yd60x4ll5ccqvrscqmy4s6sayh55035wq2hnzua,true,950131.591009,2,0.004
addr1z9vcd07vpjluvr0v3hu8w9wvjhgrs9a2cwrtp6wn8ksrkwgys8pxe7krw82atedfwwnqwl803ykvf94qv7zppwu2dudq26f7vq,true,949897.32394,1,0.004
addr1z9vcd07vpjluvr0v3hu8w9wvjhgrs9a2cwrtp6wn8ksrkwwwxc3j65899cv6s3zgdkr8hxtzdd75gv2es3nfsttwchlqavddwe,true,947492.659314,1,0.0039
addr1z9vcd07vpjluvr0v3hu8w9wvjhgrs9a2cwrtp6wn8ksrkwwlh0d7l7d0awfdrsns3t8gsmls56qr0swqye4yqf9dc3ns3ka5pd,true,946649.396706,1,0.0039
addr1q8mzxqf7e8cvup4td9fj0jhmfeywzsm50a2nefgjq25yu6zc6st9pv6yuyr6p6qn3gy85jy423lajjh02x9m4mtmatnqpw6afc,false,946591.398456,21,0.0039
addr1z9vcd07vpjluvr0v3hu8w9wvjhgrs9a2cwrtp6wn8ksrkwvmg39k7l0dhpeqp0ggrfuyvjuvlntkuu97xcvwca5v5avs5hdvrk,true,943852.773341,1,0.0039
addr1qyc9xk00rlqe38zk3y07ca48cf7l6fez20hrpvnrlv6lhuye8kf9exej6tgwy33ytkyhnehlxuxazmey7z05vx6jmq4qhlellg,false,942947.94498,8,0.0039
addr1q8ahqgp0hu0l7w2cym2ch2rwjj64f3ug9vw4jmjzfhwag6jwjm7d3fkyx9l9m8ck40al0p3hukpra68j2dd4f8l05yuqf7hpqj,false,940238.483249,20,0.0039
addr1qyxp6rheh6rrv2re8lygfc4p9576utawg0vwsv6590f3ssjjngxgdk8vw48duwcdy4ykqut8v2eueldel6xgt7p25prqwh8rnv,false,939667.710644,27,0.0039
addr1qykuqtaxsc96fp9u7hvrz3uj008427vl0rndyft4gnthtwvstdh0jcfmxq3csmavt90q4c64c62ay44eme0mazx3rsaqfddala,false,938879.277896,49,0.0039
addr1q940z6qlk2k26d76ryeuklmews6m55889exk8pda5kmv28e5wpwkcrp7u03xfhsv0n3f2tt2ylp84jtms5zjqyewp6jsc6f6qf,false,938358.7212,7,0.0039
addr1q9h4uv6gf72cxg4hj35cw3rcnwh022qjnf9p5n4f4p2823pqjn8jrc0y5qfsg4k2f3ejzd4ukgkd0ednddvecv5khx3qtqc8ks,false,937505.85,4,0.0039
addr1qyxwxsguycg3l0va5aepslrde4whe4a0cdju2q8e2yd28f92h7ca0qj2hzfzn64jal9v4dkeheuqcnfsh0k7ztuuxvls2fqjky,false,937045.3965,6,0.0039
addr1qxj0xntqqy8xrn90pqtcsfsay40hqltr7qwy2v0qpc5hcptl7reqvsza0ycm0z6hrzag63dcllrgedrusvct0x472ggstahrm0,false,936027.002122,21,0.0039
addr1qytl8qlxvzyz37uqyg6tpfcmhr83dt05hktnz36q4ew3vedhrlp9zwdfecswgqy0uq3aalpre50kz8yt0xenkyha4whqpfq3y6,false,935500.3322,1,0.0039
addr1q9n2rcqdakfap85hcaqkn0j52py5ellh5qxppzvemax4c686dlav8etntmdytadxs7ts00ufhvf2900zfv0hsx48t7gs8gwwxw,false,931967.3863,3,0.0039
addr1z9vcd07vpjluvr0v3hu8w9wvjhgrs9a2cwrtp6wn8ksrkw2jadr4ddlgtwxrujd0agn4mpt6z6kljpg4z69a50fjjp0qhpdcvu,true,929763.925752,1,0.0039
addr1z9vcd07vpjluvr0v3hu8w9wvjhgrs9a2cwrtp6wn8ksrkwtc3vfmd6j0k9matw4kemwuf7jtu9zyza0332wrpjyxxmtsuu3js3,true,929712.762097,1,0.0039
addr1qxav48u696w8h68rmr85hzpxk3uv544g2zqn4kap7pystfeu2vl50tufxj4vs8m002ua9htnjs46yqya0athhcnrhe7sh0jzlh,false,928971.305529,8,0.0039
addr1z9vcd07vpjluvr0v3hu8w9wvjhgrs9a2cwrtp6wn8ksrkwfjgrkhwzvpqsnxfprlfnpf876wmwpnxmdt85ldhguz55dq3wdrt6,true,927502.75499,1,0.0039
addr1q87v78nr0mzk0y7mr6qml36rypx3judqwqpke6vtjzch00fjgrkhwzvpqsnxfprlfnpf876wmwpnxmdt85ldhguz55dqz68usv,false,927502.754988,2,0.0039
addr1qxg4xmfq52crz2m2qx2w90l3gamm6vs2zpc85893stmqyyzsux4z9ysh4w3s64eug5tnjgu7vrcw9t8cqr69q6hla7wslyf4hl,false,919053.49,3,0.0038
addr1z9vcd07vpjluvr0v3hu8w9wvjhgrs9a2cwrtp6wn8ksrkwdgcgz5flfr7rp3t4f82zlnk52re58ed5l0uye03tw0wnrq2rk20l,true,912598.049952,1,0.0038
addr1z9vcd07vpjluvr0v3hu8w9wvjhgrs9a2cwrtp6wn8ksrkwtj2chldv82e0p9fvmdcu7ekkallx83zjtzxrjhjyf3q02sgayg0r,true,912539.577328,1,0.0038
addr1q8tnhk28wwc3wngg3zqqzw6fsxxjcxkq4uxz9s3y5gqpzm8ledeczpq4dap894u9ne785cxphchzhnuulk03wlxcwhlq627w05,false,911234.98,1,0.0038
addr1q8mt2g365fljcru480ud36rt0zf2sluhgakg973vmjdxyrx6gcl6lh6c0673m0n35yz5va9jsg9w032ljasa9tu5cu4q3zmlrc,false,907798.279641,26,0.0038
addr1q80anpdgvjsn9juwja48a0w2wxn364vuujk3vu7vhssd02fa6yyynsqzmzv4j4a5whkczwadl4fw38kn7rlvgnv6wpnqgcg04c,false,904719.58132,19,0.0038
addr1qyjexpun5vtsa3dkfttn9pr6pjhr7rf8mg4zt6r4ew3mu3ucj5e04s2va4ph0v9fhae050qhfe7ycurugeacyksyhtpshkjpqh,false,904648.321582,35,0.0038
addr1z9vcd07vpjluvr0v3hu8w9wvjhgrs9a2cwrtp6wn8ksrkw2er8m0ztmraxfvxmy9rssm2hd9n8u8p7atd4f5hl4ldc3qefedqn,true,903695.170874,1,0.0038
addr1z9vcd07vpjluvr0v3hu8w9wvjhgrs9a2cwrtp6wn8ksrkwg42358g7d3cylqhum3hm3ts22573npsqlsac935kn234jqutw9tw,true,902293.082672,1,0.0038
addr1qy5f75gt32jretej2ngxguz6jxn6s4lum7dd48drqs93nds42358g7d3cylqhum3hm3ts22573npsqlsac935kn234jqfunal9,false,902293.082672,2,0.0038
addr1q9gu7hzqp7mv7cweacr5v6f5gv6g2wnyvau58acetly6h42q6cq06ajlk4d60gxcx2g5wx33mz6drzkzzmqm3xfzhgvqf4tgec,false,901722.045931,1,0.0038
addr1qx9qg2drvuld0qeyns3e26y6u8689q3ts9d4c7c4qpqp250d8auf5krtwfk8tshmdnq35gj9ffy2jzu9v652g2r55ffq7kvpqg,false,901717.702348,3,0.0038
addr1qx3v8qwq6rg7vu0fhz6ja0jeyraj73al6cmj5hufly3yg2yu4vqm8g3upl5ka7jskx3w35rkkf0avxpa2twmdrm57qescchl6g,false,900000.024212,23,0.0038
addr1qyksn2rqnx62vq5qkqzsu035548v2x3hvvkqz8qk798f4xyj2d8n40cwvslc0mfhfs6t8cnlzdwp8u3fccyh8sfkc0zszfquax,false,898383.908025,8,0.0037
addr1qxenjrxy9g0vmwxslxr9re0ffhu2u3xcvgu5s3m3g43ntspak0swpgr2a2g526r3v2z465warc40n0vtea6x8r9yla2qq2v5rd,false,898219.382949,32,0.0037
addr1q9mlrqr967euwkdu7fqwy0eqrsaccv2ye4025q5sy2f95vzv2d5w0f8ekma6pvhhrdl4gephzzff2y96u0mrx3tfga5qsgcxpx,false,898033.411187,1,0.0037
addr1z9vcd07vpjluvr0v3hu8w9wvjhgrs9a2cwrtp6wn8ksrkwg68l7zdwwewqu4yzhrtwmlaq6gvljg8v43udy6j7p97pzsckaq44,true,897978.878101,1,0.0037
addr1z9vcd07vpjluvr0v3hu8w9wvjhgrs9a2cwrtp6wn8ksrkwt7zkkasclaqzxgy6k0x9a53d5e4tqy33wau4lnaxxn3whsrq9vdf,true,896420.571643,1,0.0037
addr1v9l59e6egmsm0m4tlhv8g9xehxh0qrasva4eefaw6ygq6sgk9xpu4,false,895045.605496,3,0.0037
addr1z9vcd07vpjluvr0v3hu8w9wvjhgrs9a2cwrtp6wn8ksrkwdaahztujlqtl3m6t8a6pf4t39rpw093cv3d7h8zzyqsyrq8l7trr,true,892988.334159,1,0.0037
addr1q9ttclu4957ssfmuy3ql20e5edghpqyd5fnagjhefsfh0f4aahztujlqtl3m6t8a6pf4t39rpw093cv3d7h8zzyqsyrqme28ef,false,892988.334156,2,0.0037
addr1qykd4a0q7aj068fayjj5nx7yqanxcjpdv9eyl5yjv9ec0qu5v2uvj4v7lwa64zmc2xm2hn2p63evh0ud7lnl3ke48resgmmzml,false,890221.543761,2,0.0037
addr1q9jrsvylz752td5w8uzmhqufmhunhr99y48cw3sfq35drzggjkrxttlku9vym5zq6su3fk56r6h0qhvzk04g5q35dd9qkj6xhl,false,889793.773599,2,0.0037
addr1q977f08pm3jngk8umjnr00mtqkkl40vdpytz8rpkclh9lavrnwx4aadrvj2975p8p8vlc4sutw62nd3885ttgfxv2m6sqhlht3,false,888323.0,1,0.0037
addr1qyr7jaghz8frspeg4vpd2a63g4r4jmlyvj2qwpqautg5d0tfnpa6dj92ejhvd8jmhrk3szf4f4lf76dxl9wzeruqxp5q076srz,false,887670.244009,1,0.0037
addr1qxtj208qkhu6gg8a4kkhy9d9d5jr0w8uv8fghylvx3nhnptgsvzgd6j3r8xj2r7e847jnfup0du488x9m6z6wgncutrss9l2qk,false,886294.038301,16,0.0037
addr1z9vcd07vpjluvr0v3hu8w9wvjhgrs9a2cwrtp6wn8ksrkwfk8rq8kwzfxxd4ycf842w3fc5avpg93qlwrqc5xg3s2w5sgwhqs9,true,885789.161564,1,0.0037
addr1z9vcd07vpjluvr0v3hu8w9wvjhgrs9a2cwrtp6wn8ksrkwf4d08kkrf0flcsnj9hc4fan3072jwnnaz70eh0n96k2vsqz4ttm0,true,885541.335733,1,0.0037
addr1z9vcd07vpjluvr0v3hu8w9wvjhgrs9a2cwrtp6wn8ksrkwgy24dxlep5ns7cnz0t4el959v3h972z3gmnjp8qphxtt7qdjg3xt,true,885058.976215,1,0.0037
addr1qy7thsqyvpum342jp4fl6yn53xy6dpsx86g805409sjrn78l23ky3k72dpxw2u6gyvt7ga94mfu3q06cwsgvhy7uw9lqw7dt62,false,884000.23,1,0.0037
addr1z9vcd07vpjluvr0v3hu8w9wvjhgrs9a2cwrtp6wn8ksrkw0zpxuwk2pu6jss49re9aacrncpjafjle57l6ny5fhl3d8s0vlut5,true,882649.46591,1,0.0037
addr1qyl258fjtwph06z20sp70fja8tr7cyvfqusnfm0tdxdhgdrxdgyqy5v04zels39k3r9k47gst2vh275tytut3ge9pegs6wzp56,false,882197.811791,30,0.0037
addr1z9vcd07vpjluvr0v3hu8w9wvjhgrs9a2cwrtp6wn8ksrkw0h3s5j8pvz6235ssn3h2xnwuu69s7k0trzjq5jvgz292pq9krdfw,true,880131.146825,1,0.0037
addr1q92ruh650q2xvs6hzmyeq5t6xcp4dtz0qqzvh8qjxxzc2mzezqd7lwa8r2wl5x6qlpgjsfj63celkyrndj3uexfdfsds98vhem,false,875643.150326,2,0.0036
addr1v9mx89n0laa0emncsvdt4re2duhn8rz65hf3mwywxkhm7dcvm4tw2,false,874802.57,11,0.0036
addr1q8h4lm6ql5gyz5kpffft60fls2zuhjnj5nd25szmkgsut9vmp7xgfaw8j24pdrw5dulrnm02g4kxr33ulvmt6edz2reqj3f889,false,873788.228401,1,0.0036
addr1qyv2nq90at3zwgg986grf248547qcywz00wm98j2gru6y8wmv05reu80d043443j8n5c3rqezl8h6lzv03pdqnustudq6mggc3,false,873737.786446,2,0.0036
addr1z9vcd07vpjluvr0v3hu8w9wvjhgrs9a2cwrtp6wn8ksrkwwmv05reu80d043443j8n5c3rqezl8h6lzv03pdqnustudq4jde59,true,873737.786446,1,0.0036
DdzFFzCqrht72SXtM6DHXhq29B8D6bEi1LxxBrfr6ZgeEsfJyyYRdETTjkb6kbrYwazM3uNpQH9HuZkXHKsTcvHjBV7Ur3bdwfNm5WAs,false,873030.631719,1,0.0036
addr1z9vcd07vpjluvr0v3hu8w9wvjhgrs9a2cwrtp6wn8ksrkwg42veqj7ln05mjnqeldsn9xq70kx44698xruvqqlhh6faq3ee2ae,true,872485.01476,12,0.0036
addr1qys6eud68gupl7fx7cn2cp5sfq64drl47rs7knlshlt35x2h7twqk3z220ysz2hlzns53648ass8tv8wj7ytewmsxsfs2r5djh,false,872347.405404,25,0.0036
addr1q9slp2g874wfru8qwwy28zcpzvcuy22lvhajp87a4xzs27wwaukhu8mujwv5t5rdcrf0hjvwlcd75f4ec23v3wmmfw9qr8j4jw,false,871027.0998,1,0.0036
addr1z9vcd07vpjluvr0v3hu8w9wvjhgrs9a2cwrtp6wn8ksrkwvt96xk8m9ppv5p4glkw4jcxhh8xsa5ua2gnxmxktx4l3xss6l7rl,true,871017.435708,1,0.0036
addr1qy05jz6ruxlk2ydpf5ymfqd8rqz4mgcq77u97zd033r5ue8et4xsxvpm9u8ts8jjnxptvzj6yqrjrfc773p2ewlslt8qetfxr3,false,870935.4358,1,0.0036
addr1q8dpqcu63z06n6ul7eeckkap0967vlx2af96e57c9tyxuxf0qk5d9wlvve4zjfjl7h4aq4k6a6tksyu0400uc5pqfzss0qnr53,false,870792.396757,1,0.0036
addr1z9vcd07vpjluvr0v3hu8w9wvjhgrs9a2cwrtp6wn8ksrkwd0sz4sacwltaawpw7pv84nwr868wtj0ay6v3hfvdasrh6q74d8hg,true,870360.007239,1,0.0036
addr1q92gvlfvm7dwrzh79mvfa8sz0rqq59sar2270zkw5p7jvvuv5cp3222x8zn22qlwz3k3jz0kcs7atjt8mp74jq94uc5surghlu,false,870050.410286,4,0.0036
addr1q9cy3waz4ukcar0qcl3hvffzd8y9yvjv7edgf4pkjtn37pcvxgd5zqy23lgql0knurwgwz4mh9nknsfuhrpdfqwlk9fq2qpk69,false,867268.488978,1,0.0036
addr1z9vcd07vpjluvr0v3hu8w9wvjhgrs9a2cwrtp6wn8ksrkwde73h76yg88ke8st4r55e72yjfkrtk8jae6xx5yjgka2ksc40atk,true,866697.841533,1,0.0036
addr1z9vcd07vpjluvr0v3hu8w9wvjhgrs9a2cwrtp6wn8ksrkwdvdfv34gkzv5unznqnkw4jcvhk5c2pcf962gvussdys0hqepgtch,true,866455.603968,1,0.0036
addr1z9vcd07vpjluvr0v3hu8w9wvjhgrs9a2cwrtp6wn8ksrkwwvsqxcn60vq48tgxercae78lpl0x838kgghgq779qk590snt50a3,true,866440.00081,1,0.0036
addr1q9rwyaazahlwgp6gvf8lf9m8u9rye35609tj26vczlcts04jec8vnztph7c57l7clxqvv8t2lkwugcz3ydh5e86g4nwsa932u9,false,866406.203308,2,0.0036
addr1q9enzrxwtjr25m69kqrd2hnty5j4e5ukx08xatdt34q8m78rsstjl3jglfuus0hpc0pzdu8x5lr2rgpun6kwhpgeencsr4wa3v,false,866119.764766,7,0.0036
addr1qx9nx3czhynyzlycts79g98ndveq3nf2q7wnuma3hz7xak5rzm882kzmshdva4ks4xv4qqnly7850zup5k0245gnlxjsuvl3w2,false,865191.9675,1,0.0036
addr1z9vcd07vpjluvr0v3hu8w9wvjhgrs9a2cwrtp6wn8ksrkwt28265judmuzf3kvaj38e49ne9as3ltm6p0zzedtr2dtzsp8vyz7,true,865005.81358,1,0.0036
addr1qx7ly4kmkj3na6k6hl3szrmunr9hmjxtljy4r6cqkmmv5h47e4c9606aassvpwrwe2u9lvumnmakxf9jfh7xtq98kx3qxeyaqv,false,864005.7,3,0.0036
addr1z9vcd07vpjluvr0v3hu8w9wvjhgrs9a2cwrtp6wn8ksrkwg6mk3xl0v2cwu6ltzrrmtlzjpgu5r43su75sf0x3zkpvmqhlxlt7,true,862041.441413,1,0.0036
addr1q9p427uwfgt4lwutk0t8q8u46rcn4tyv6z2ee4l8y7fr7fqnqz3kzrmjnagl7nst88ayrv7zl6rdaqkud0777cstaq7q25m6ml,false,858044.070157,11,0.0036
addr1q9mxhn96t7j63fqvl2yx4hdq975knm2j84xu8zwe2klv0w62qwevnegfvzmkp79snfxv70vks52vs2symhegumsf3rtsun0jaj,false,857951.92173,6,0.0036
addr1qxlspcf9gu5xjh45zfluhtf0ptmg7ucxejy9jqmk68hw5jc2yuheypzsnrau9rfnfkekam28eurepjqr0drlsnmwg7rsudsuta,false,855769.878797,10,0.0036
addr1z9vcd07vpjluvr0v3hu8w9wvjhgrs9a2cwrtp6wn8ksrkwdgxtqk4smpe4657f6wlnj6eta563fla7jvqpekeywxl3dq4xrp3t,true,854040.70009,1,0.0036
addr1qx6cvr2clwdatu802e0s9t7dmjz6awurfn07ysszh3elhm9gxtqk4smpe4657f6wlnj6eta563fla7jvqpekeywxl3dq65v4pq,false,854040.700088,2,0.0036
addr1z9vcd07vpjluvr0v3hu8w9wvjhgrs9a2cwrtp6wn8ksrkw07h2a66kp3y52e4ww0gwvkwlz46cxpzjtutg78ntff2qjqryfp9s,true,851805.283116,2,0.0035
addr1z9vcd07vpjluvr0v3hu8w9wvjhgrs9a2cwrtp6wn8ksrkwfkkyxpffexaj090s6rmpfsyma7gtw7k2728cp2v4j6q88swduyn9,true,851507.851968,1,0.0035
addr1q9q03dy9u8wu2lrsvfm2tyr0a2tdltn3ja7lcuczgqeep3xqqp6rxcj05flkllntvl9zrq20rvt5w2hf9r7zd5s0wrcsuehwje,false,850303.104024,2,0.0035
addr1q9pyg0r05htg98298z3lffpmnvgpqtelhk76qtgrygxp204r60ejwqel067yxrt7nykygc8ppkw90uvxmg6n2pnxgtgs8r7fsf,false,847155.046989,17,0.0035
addr1z9vcd07vpjluvr0v3hu8w9wvjhgrs9a2cwrtp6wn8ksrkwtkqv447zpwkqfdjllvw34h9m9w36p9umn637kstuujtfxs4t047f,true,845347.410132,1,0.0035
addr1qxlgxa996e9ymx7a06vfexjjm5tca0h8g09ysd4yx8phztw6pslsdm9h5g4y5m9gtq9gnaspw3d0khkvdrs6e46a20ss2kp5q9,false,844517.727757,1,0.0035
addr1qy9dl6g558p5298m94v4avvngacjljdcpctvws2lqsagrgc25frr77cech0d7vlgwnjjnustf604h2mt6js8tgfxskyqff3vme,false,844120.890738,34,0.0035
addr1qyt5eu38sqm4affyhjfu8ztll75gf4fnvf38trfz4fmewxj276prltsw3zm6rxq2rlvqjd75nf8dzsrg3xl36zl256pqryp4jz,false,843750.95,3,0.0035
addr1q9mj0yrqssxwluesm299fd4hcvcvgelvx3pfjp06sfwg5gdshlekmdn8vlfl7xrqp4uckplxapj0vz33dlkesp4dd59sxt0stl,false,843652.925984,3,0.0035
addr1qyvl3pnnqsj4cfzux7mw46glyq8u4dm76annxz63ag5tu2w9ws2a77790v39ng07qlp58hzg2xy40ypxcsnftv0j9hdshw8g8d,false,843276.778054,3,0.0035
addr1q98uknsylcxnd9efscwcgtq0xx72ut4ryw92fag2nujplyucsk3ye32jxanjyctu64dcq7nca8ypnwwz8lkc2mttv8yqk9zp04,false,839039.050689,8,0.0035
addr1q8t8au5ggwmcnx5jvq5ds6mvwkk7plg9fjm62hnhvhu82xrfwl7ql8us47t88jggq9gh6f9v5uqt4y6867szyk592ggqk55cek,false,838160.282355,3,0.0035
addr1q8q2c7f0ncumv49gxx86kqv24q5v5n6accx4al3w8ajpz46qfj3mrnpxsdt0qvml3m0d0uu0deh5j6u9yw4rqkxnke7sltmnc5,false,832772.662084,19,0.0035
addr1z9vcd07vpjluvr0v3hu8w9wvjhgrs9a2cwrtp6wn8ksrkww7xv5ma9493fxvuxag2wedtw0vkf709lc3dk3jpcewk8cq4mc5xc,true,829652.120498,1,0.0035
addr1z9vcd07vpjluvr0v3hu8w9wvjhgrs9a2cwrtp6wn8ksrkw0kr0mxvnu4gjzg2qsg3pcy4ck5v5snvnadxl7szde9e09qgd3pj2,true,829368.529464,1,0.0035
addr1qxnyktj3qjjz2qcx9ut6sdd0cw5tyz7cmkwhqhyar4qfrchkf8qdx73pezshhtznqetum9v97l6mlls5l6aamc4r67gsyw9fl0,false,826381.918529,6,0.0034
addr1qyhgkjwmmr4anavmq783jgd058zm4jjt7wnkj3l4aw0fj2grtvygwm6wk39lzpr7xsrznuhvf7mx2ltxczy59v47wx5qu6g0f9,false,825069.711927,2,0.0034
addr1q9uauajxvx2q4nyfw0g36pcv5m37hzmgjay0yeekujpjkekjet0qrmh62pxf9x9rw2ctyqf2q5lq5lnzpwszp44rx86sc87mne,false,824599.003141,19,0.0034
addr1z9vcd07vpjluvr0v3hu8w9wvjhgrs9a2cwrtp6wn8ksrkwgr5uncxmltzwgurncktxxzt0cejdufnkcxwjr7sdhhcwjqjkz9kk,true,824369.783758,1,0.0034
addr1z9vcd07vpjluvr0v3hu8w9wvjhgrs9a2cwrtp6wn8ksrkwt8uvr022wwcpwuh3xfxd8w94h7d2rdlxkxy4544h2gz77sp34cc7,true,823942.346885,1,0.0034
addr1z9vcd07vpjluvr0v3hu8w9wvjhgrs9a2cwrtp6wn8ksrkwvmptdk7vr3fq7ckap09tvpdxd00leaqtuyv2dkg908qd9qley8x2,true,822086.081289,1,0.0034
addr1z9vcd07vpjluvr0v3hu8w9wvjhgrs9a2cwrtp6wn8ksrkwwn9nu2el2zqatm5ayv9nl28s82u2egmn5y2ynga4dd08rqt60pqr,true,821872.58228,1,0.0034
addr1q8tpjtfsfk5k2a25tn6p7wvu5gwkpva75f9zhmcmguzy2d5mw9s89s0v5tulave3t5nd90fl3l4qdwmxc4ec5lhw0mvqlj8ufv,false,821822.38619,1,0.0034
addr1v8u7p97tvhrn8zree6k7pkjl0z4rlvfqsuj7eyu2n3cq04cdfq9c2,false,821000.0,5,0.0034
addr1q9jj8wng92sgfqhn8z2x7fyr8e096ln7c9zf099emzhaz434ut4uxjxauqnm0l0nmkt68gy8mwu4qkuelkkddd5q692q9lnc2g,false,817993.985396,24,0.0034
addr1z9vcd07vpjluvr0v3hu8w9wvjhgrs9a2cwrtp6wn8ksrkwdjm4w3dskc695jdx37nndp0g5lm2tkm8gc5ng99u0c9fkqq7c2fy,true,814439.230554,1,0.0034
addr1q8fh3d3d3ncpg34hj6ffdd4v2x0hq9hy53fs5uk6ftt48wxkyfh6g37t7aclnyumv4407pj264g2vlsgjmd23wj33f6s2nuz4k,false,814304.734376,1,0.0034
addr1z9vcd07vpjluvr0v3hu8w9wvjhgrs9a2cwrtp6wn8ksrkwgzdp5e98yqrzz843uy0dpsr5uccqvrtm9arf395wewqehspnz7fd,true,811783.3511,1,0.0034
addr1z9vcd07vpjluvr0v3hu8w9wvjhgrs9a2cwrtp6wn8ksrkwf6xfe90taj20squ3wg78v6ep3xty6k7xv3pk6e4qk2m04sww2a29,true,809465.857259,1,0.0034
addr1z9vcd07vpjluvr0v3hu8w9wvjhgrs9a2cwrtp6wn8ksrkw2gn9h5wg0kwpy4eqj5gc5hjf97vyyh8urgl34a5yvuahmsr2xguh,true,808890.601757,1,0.0034
addr1z9vcd07vpjluvr0v3hu8w9wvjhgrs9a2cwrtp6wn8ksrkww6qkcvs9hm8lx7nds6gv980eucm733pmvw56yj7u69wlws7w4tvr,true,808839.277125,1,0.0034
addr1z9vcd07vpjluvr0v3hu8w9wvjhgrs9a2cwrtp6wn8ksrkwv3cr8v52srx6z6hxxcw5f7wp7twem0tu8vsdsns7kuk9pqyzw5dp,true,808399.927938,1,0.0034
addr1q8wvkz7vu0epfaznr8hwxjfncxz4dud2hja5hpqu0un2vhxuev9uecljzn69xx0wudyn8sv92mc6409mfwzpclex5ewqquacrw,false,808173.0,3,0.0034
addr1z8p79rpkcdz8x9d6tft0x0dx5mwuzac2sa4gm8cvkw5hcnx6gcl6lh6c0673m0n35yz5va9jsg9w032ljasa9tu5cu4qyjk3s8,true,805000.0,23,0.0034
addr1z9vcd07vpjluvr0v3hu8w9wvjhgrs9a2cwrtp6wn8ksrkwd6900rrmwesuknk233u5c5uhd7g70gtvwuawn78qrefg4qmkfyxw,true,803616.50975,1,0.0033
addr1q8rjgff56r2unpa6jlvfqg92pr3hfxts9cu2mfh0drm8wfgpy0t8a58zxqqup43d84ju95m62dqrwvdz7s6t429yx6hsm0xmyq,false,802297.264145,8,0.0033
addr1z9vcd07vpjluvr0v3hu8w9wvjhgrs9a2cwrtp6wn8ksrkww5q3t5hf9a7nn7pml8n8jrk4kq2mnykkts3jtsk2nxqles3ua2ea,true,800402.634416,1,0.0033
addr1qyk02dvdepn70793a7ehyrg9gqw573f2c0d2yadz9kjzvs3kmmwum33erjezet9p0et5vc3qjucayrqe5dwmca6g9kvs0a8ldr,false,798569.596194,25,0.0033
addr1z9vcd07vpjluvr0v3hu8w9wvjhgrs9a2cwrtp6wn8ksrkw0sfjtjnxguhvvjwj0ac00u7cng3p29qyast8jsxrd0ngssqnsmex,true,797837.817969,1,0.0033
addr1z9vcd07vpjluvr0v3hu8w9wvjhgrs9a2cwrtp6wn8ksrkw2sclqx5tqs50sv3nzyg4eshcgncx3gj4k7nvtyqvzcfh8q357cr3,true,797326.984844,1,0.0033
addr1qyk4ex25h5pyzdq2ep7awse03mcp88ts4tqj0k8qcpm3pr2sclqx5tqs50sv3nzyg4eshcgncx3gj4k7nvtyqvzcfh8qcn4qcq,false,797326.984842,2,0.0033
addr1z9vcd07vpjluvr0v3hu8w9wvjhgrs9a2cwrtp6wn8ksrkwdk4lxfqcna2jnf442997zst8ukwxfjxvsexd6m7778k7us7qkw8k,true,796538.511615,1,0.0033
addr1z9vcd07vpjluvr0v3hu8w9wvjhgrs9a2cwrtp6wn8ksrkwvnzkmn6d3hhxwr7q50z8ptmkh9c0y8ednetg9rlqxuh72s7t4f0c,true,795903.444397,1,0.0033
addr1z9vcd07vpjluvr0v3hu8w9wvjhgrs9a2cwrtp6wn8ksrkw0kln8ckfrapjg39ddhls9y0hv6q95hx3dh3j4kjgsjx9cqkea4zv,true,793754.159733,1,0.0033
addr1z9vcd07vpjluvr0v3hu8w9wvjhgrs9a2cwrtp6wn8ksrkw0az680c3dpwneu36f9r4uj7xlz9d39czw2ahglan9y2ugq26ewws,true,792766.989436,1,0.0033
addr1qyft80l85ygck5huq4w4vhhpxdev8favhf8hqlp2zckaw5zlwjch7v5adj78784s9s3p77yujkdt9l92ea4egttw898q06jhcx,false,792299.187779,38,0.0033
addr1z9vcd07vpjluvr0v3hu8w9wvjhgrs9a2cwrtp6wn8ksrkwvta72yr0qzxj9msey79vp5kmlsffagnt930lk7gw9h063qkladz0,true,792274.368968,1,0.0033
addr1qxlh9qnzfrlwkpe9prm69n9cp7rqeg7xz87fffdsc4mq922kzycx7rkk06fjnwnkqkyjhh5vfq4dzuda3pr9p3hlh23ss6lf69,false,790055.249639,4,0.0033
addr1q8hj6ry0m7wz0dpyj2qewqrenstl9sau0gw6rytcurwhnjs9382mgc7v4kasvl05yuwkp6sgf7uxn7d57cf8wzwkjftsrev86u,false,787010.101834,16,0.0033
addr1z9vcd07vpjluvr0v3hu8w9wvjhgrs9a2cwrtp6wn8ksrkwt6unk3fk62as4hj68jfsscdp3jet79avkd7l4mudl0nfmq5pspde,true,786714.810004,1,0.0033
addr1z9vcd07vpjluvr0v3hu8w9wvjhgrs9a2cwrtp6wn8ksrkwf08n5ze5207xc0aj0mkas60g8vs5c9rmz0l884mg7m4tequ9lxmq,true,785922.565449,1,0.0033
addr1z9vcd07vpjluvr0v3hu8w9wvjhgrs9a2cwrtp6wn8ksrkwfuam0a6kt5r0urfncfdgqammr2czm0tlt6fj2glt5t9kqq9qzcxz,true,784430.879083,1,0.0033
addr1z9vcd07vpjluvr0v3hu8w9wvjhgrs9a2cwrtp6wn8ksrkwwwxj3zmunjw5knf000dtcsge3798sfguhe7saln5k4prmq5tunga,true,780833.053886,1,0.0033
addr1z9vcd07vpjluvr0v3hu8w9wvjhgrs9a2cwrtp6wn8ksrkwf7y38p0gg3s9tpkxhkm3s0lyfrfze66dxzgcyktptcfu9qmhfg76,true,779766.218591,1,0.0032
addr1z9vcd07vpjluvr0v3hu8w9wvjhgrs9a2cwrtp6wn8ksrkwg0f9gr6qx7s2gxg8x7jtkvzf383ec2dqsu0cmtlvl6sqhsy9jll3,true,779409.925511,1,0.0032
addr1qx2ct4y26vf42as9hl0q3pgjwj5x0spt5vu83yjgce0dwzk6l2eeq4670m8ek30tyknxlc5kv362mgwddh5pnqsvkruqvjhdkq,false,778856.842458,6,0.0032
addr1z9vcd07vpjluvr0v3hu8w9wvjhgrs9a2cwrtp6wn8ksrkwg9939msqk9ft0q6zdnty0evy0lam7qlyt4wkdnunghzjms44c3ka,true,777459.2499,1,0.0032
addr1qygdxv0q6djlpn8vv46h9x7zqjn0rwpecw4nsyxsllpeuj5rutzrkyh68r2ujtnxqy5lhnzt7deg3w37wcwd98lrc7gsvnzwe3,false,777186.343848,69,0.0032
addr1qx9cmgr037yhfxuum9j8nnzuu4nj5akym8d6qnl2l2gg9mhgamp5pdqljd7hvnlat3l6f2r474u5xf4vrvsajgnpuchsm940nn,false,775179.896977,7,0.0032
addr1z9vcd07vpjluvr0v3hu8w9wvjhgrs9a2cwrtp6wn8ksrkwwq7632865rdcvkkkpsafg9uqadcuqkc0ppw0mml4krsmaq8dndug,true,775119.741188,19,0.0032
addr1z9vcd07vpjluvr0v3hu8w9wvjhgrs9a2cwrtp6wn8ksrkwtvru7z9t4re804wp0h9ekfh52gwtuxljrjgqr0xgc3aggs6rc8al,true,774636.488349,1,0.0032
addr1q9cafh6jc26ylm5rzkcwzfvf6k4lnaq8e36wktk947weak88n04gn0q04xqxuajaf9rx3zhzfwlgpqht7lwk4j5jl04s3wzk8d,false,773568.45042,11,0.0032
addr1q9r7m4cv8uzugrrg3uyj4mhxtrd0veuy9vgp0qpda4hrr4eekm25swzed39q4398hlatw83stttaqdqeg7rwgdwfp2kqc4wqer,false,772945.467851,6,0.0032
addr1qxezkf4rcc5ttlwmpct4wvt4tqhles4swfvgkshk2wqmcll9zq47e9y94c7etshatuknweytc4paslyrdahfpgl74zpszvwyv2,false,771266.728695,3,0.0032
addr1z9vcd07vpjluvr0v3hu8w9wvjhgrs9a2cwrtp6wn8ksrkw2w3mv67dmrff664hznxwrdsqmjm3wpv8ard9y4k2u9py5qns2gr6,true,765210.838352,1,0.0032
addr1z9vcd07vpjluvr0v3hu8w9wvjhgrs9a2cwrtp6wn8ksrkwv33d6sn49r9kld6hj4ny6f7k62jzv3fj7v8dcf8zel2quqqwt0j7,true,760696.948045,1,0.0032
addr1z9vcd07vpjluvr0v3hu8w9wvjhgrs9a2cwrtp6wn8ksrkwgm2q4q7v8l6jgz80anzdr7gefs3vjuvkgsg49qq80tvvpqjnmm0t,true,759883.741761,1,0.0032
addr1z9vcd07vpjluvr0v3hu8w9wvjhgrs9a2cwrtp6wn8ksrkw2mhrvc2weepg75lqzhc0tnytw5m5dz9tcsh55c9vwl6hnq3yereu,true,759609.755353,1,0.0032
addr1qy8dh7vfl3tn0axmxe605ys5l6d9tkwpvuh0l92l3uny2vcwm0ucnlzhxl6dkdn5lgfpfl562hvuzeewl724lrexg5esrnv7jh,false,757536.839945,1,0.0032
addr1z9vcd07vpjluvr0v3hu8w9wvjhgrs9a2cwrtp6wn8ksrkw09dtjc5hht6rzesz5pc8m33ylzc6dfh79ftyr9z736mfpql9gwp8,true,757105.11424,1,0.0032
addr1z9vcd07vpjluvr0v3hu8w9wvjhgrs9a2cwrtp6wn8ksrkwv4xv0fpgj80vkvrm3h39xry93daenx05vhyymj9eu4d4es3slva2,true,756546.033769,1,0.0032
addr1q80q5kzey0mjdg555fslsqq7zm7jxx2d872jzmw3lvp8svesfhraq44t9x7nhr6fr73k5w28s93y4d2tvk6sqqm2c8wsxs9z6n,false,754730.962785,22,0.0031
addr1qyhndfxeflkefnqywgn4fwaymfhpgcq9zycuam6xslg34ftm8san97yahww6x5fwcqwj7su8nxv83lqu3q3thpxvusyqfyerpw,false,753677.177042,1,0.0031
addr1qxeydg2zz8ngw5fnj9fyl2u9jcfw0pf94lm5gshjr4q82qu2zxc9dwgxjk2cxxg2ufgt65s5pg7ea7n6yuu7yx6k3c2szsrlk7,false,753565.35,3,0.0031
addr1z9vcd07vpjluvr0v3hu8w9wvjhgrs9a2cwrtp6wn8ksrkwwcdxudz4tg400phxqvyhq8g8ultdar2k9dhgs3mwk4yhmsh7aky4,true,752442.248571,1,0.0031
addr1z9vcd07vpjluvr0v3hu8w9wvjhgrs9a2cwrtp6wn8ksrkwtmx0te0ptsa25ta5qw6hq83fqujmvfftzapmjsylgw2rsq74p2sa,true,752363.939343,1,0.0031
addr1z9vcd07vpjluvr0v3hu8w9wvjhgrs9a2cwrtp6wn8ksrkwga80x543m6ptuy9w03xyuklw2ntw4zejjq5mgk4f0nva0spracqr,true,751250.273101,1,0.0031
addr1q8wjpz0dh3tza55ljxyfx3h3apqc4dp0rfacllf3jprvtd4nvugp2eusd5zwqrzzu4vnd7yxllepaxpt5h4fa6x0pacsvvtyzh,false,750000.96,3,0.0031
addr1q9tdr5xrcdw9p333wtmzxf3casfqlwaf3r2mpcxz005v95pd2clq6flg4hrx7zzld0dukkn9st6qg2nr9cfg3vy5v2psel7er2,false,750000.2,2,0.0031
addr1z9vcd07vpjluvr0v3hu8w9wvjhgrs9a2cwrtp6wn8ksrkww2mwm3efshxl7c2ej5cwe9a5spf8cgm5npr78u6494ct9qcrs6gy,true,747995.410583,1,0.0031
addr1z9vcd07vpjluvr0v3hu8w9wvjhgrs9a2cwrtp6wn8ksrkw05f3657uu6pthhu0vh2spg70yt2a9dn2335dkgylds5q0qq2wuug,true,747426.393886,1,0.0031
addr1z9vcd07vpjluvr0v3hu8w9wvjhgrs9a2cwrtp6wn8ksrkw2rjhsg4kzkrdzhak33ujx9n7jkuxuxx7a3fj3dfyynsl7qaqt5jy,true,746660.528822,1,0.0031
addr1z9vcd07vpjluvr0v3hu8w9wvjhgrs9a2cwrtp6wn8ksrkwvzszn6jchpz2u3x03pv0wcd420a5nruhv954x54aazdptsprjmwj,true,744776.693598,1,0.0031
addr1qxae7649550snf05rg6t3yuhwdkrxm50rg87lktxfks0lvv0kqk98wl7k9k9sy2auehv6dphpss07z4q0grr9gah2tws9v7qus,false,744637.768635,24,0.0031
addr1q9kz77zu9ntpwcs5l2efcvxlq8txvkmele94vnufrmuedz9jc8aafddf8eqnvfy03s4mh4qxtfe08hklljwuahnc5cuqqttmdr,false,744098.96,3,0.0031
addr1q85zq5mvln6h6axpmzcfdqnld9gfaklwcevw3njmas09eymne2t2jjytkzuam20m0h7ad9q6ze6pt5tjqm773fpsve7q2w0hks,false,742664.061529,11,0.0031
addr1qy9sha73k0mxvp64gw5z8fhh6ascmvx53nj4k0vea7vs8nnlnsz6fjyc6mk0ynkug6cgz9yk2rlatsxlws97d69c7alqzu96uw,false,742457.94296,1,0.0031
addr1z9vcd07vpjluvr0v3hu8w9wvjhgrs9a2cwrtp6wn8ksrkwtcp77kynlaylzlau4yy8atceujr9qge8g72u309hganqrsgpkgxm,true,740688.532321,1,0.0031
addr1z9vcd07vpjluvr0v3hu8w9wvjhgrs9a2cwrtp6wn8ksrkww9u6697u0dt7wlh4pa7m8qtyrt902p593kha4p7y9vuw7qjdw80t,true,740638.453678,1,0.0031
addr1q94zkdalkz8kf7j4pqw8aaz5j08hkeshkk8f95c3ajvtwgs4qx8d8chlgzqst2rwqz9ellptrkftmhwjj3ksayswtfjslpmh4w,false,739000.6,2,0.0031
addr1qxyw22haz2kjd7lx45esjxtu3jp0v3nk09mmhw5258ndt4ap939vvvxnmzaufpr322uncl338rrj5hpqcxe29thtsgtqdcqavp,false,738018.980052,4,0.0031
addr1z9vcd07vpjluvr0v3hu8w9wvjhgrs9a2cwrtp6wn8ksrkwfezz2jhlqgkrqtq7c0rzd7efjd0c4l7thufq3j3fwn3l3q9y42fw,true,737462.518148,1,0.0031
addr1q98kelyxhjphsxt7ggkj3cz00ask6cjdt7x902lu9gfcwn2f3kss4juqdukx5szmg4qnfck0ww9x4l2gajzkq4hm5fkstt8vx5,false,737159.16,7,0.0031
addr1q88d0jmhd5mw36cclxmf25rrvrfeaudw9n3qyc2upmfcj4tax8a6plntqzcudvvfejw8dh4kxaupyxvysrzyax46902st025gl,false,735161.722178,43,0.0031
addr1qy73972g575h9e35l9rqe6q7w0ujsrsphc73facs7sxdl063hfz4u9t377l88n3rlfznhx7u079qeukluaegxzpguzuq7ttp7c,false,735008.355395,48,0.0031
addr1z9dth23wk9mm2ars073kzl35xc5463wh090qsarz822sfks4kl0f2tt0n3vgl4fw4xchn6l9wd6thvm7lehaqdve3e2sp06vf6,true,735000.0,5,0.0031
addr1z9vcd07vpjluvr0v3hu8w9wvjhgrs9a2cwrtp6wn8ksrkw0ha23t6v9l8f9t4jkxdazqwgheqaesun6z5weeapfnlknsp5c885,true,733877.713164,1,0.0031
addr1z9vcd07vpjluvr0v3hu8w9wvjhgrs9a2cwrtp6wn8ksrkwgyz5tdgza3k6zl5nuqlydvfxmur778d8y5f6603rg8tm0qgj7tpg,true,733241.299165,1,0.0031
addr1z9vcd07vpjluvr0v3hu8w9wvjhgrs9a2cwrtp6wn8ksrkwvmch5wqjm9d5g8gt2g2886jdzs2g7wl89wnzyqe0g4dlnqurq7u0,true,733194.705954,1,0.0031
addr1qyjde44u8ajmnxhwd7mtpqzlf8y3kr5p7x5wwa66frt8q5dlk542my4yds4keuvdsqg4anuap3a6a55npymtthnxsxxsafnwre,false,731832.559991,4,0.003
addr1q9kncwawkc55nf6sxy0f305fhjaaw47p0exsmr44fsvx5whx2wx42vfyz3em8qxlyqylca4t96dqe4lcuqujlawtfu8s4qxgq2,false,730381.668269,16,0.003
addr1q9duld03aqwmtqjmn0ldxyuyxwv5hrrrwv30fvgthursv6lkrhux4383vy6l0dplzz2rak33suh99jsn6vrk8ram5laqzmd6l6,false,729898.183054,44,0.003
addr1z9vcd07vpjluvr0v3hu8w9wvjhgrs9a2cwrtp6wn8ksrkwgnan5dpt6nvnezgw2yaa0zudvfrrtug8gk6mmlqylexuksegkd0e,true,727788.947024,1,0.003
addr1q8849pvfe3n9mv55yj4de5tzcrdwuhvuwnqhakcd8xflwams5djqakczk3z3a7tp7ctj88skwld87met9sx3te6x5cqsx3vg89,false,726417.991591,1,0.003
addr1z9vcd07vpjluvr0v3hu8w9wvjhgrs9a2cwrtp6wn8ksrkwwasf93hd0pcxumqkx4cc7f8wxmcs2rwwyk9c5n4269c70qusgmgg,true,725844.498129,1,0.003
addr1z9vcd07vpjluvr0v3hu8w9wvjhgrs9a2cwrtp6wn8ksrkwwsccc66asl0a8ysh9srm9tuc04rlchjw3myhmqdpgcsyjsygd7pd,true,725045.344841,2,0.003
addr1z9vcd07vpjluvr0v3hu8w9wvjhgrs9a2cwrtp6wn8ksrkw2sxkd62uuxcg6paexvlg70cjfaatu2q275k8q5tfqaldhsvvk02f,true,724363.412994,1,0.003
addr1qyc8hhds2vkwqssuxus37qhveck4m9y6rpfwke9thpc8k9ttgqzyc7yk6hw9g02l20nepjsmje289lfv6l9v5tnh097skg8q3k,false,722951.476967,1,0.003
addr1qyr8le2tr2czy97g6ghyy9nueml09frxfqyjt2ggz0dp8dqjxzp6emg3wtkvu7pp7c26y2jtat26cjz4glwrf5qkjg8sgw75gm,false,722626.799931,1,0.003
addr1z9vcd07vpjluvr0v3hu8w9wvjhgrs9a2cwrtp6wn8ksrkwt3utngy94vnh5h23985shp8ljq6zkfevfw5s5mm0es06es2gzmeg,true,721736.805879,1,0.003
addr1z9vcd07vpjluvr0v3hu8w9wvjhgrs9a2cwrtp6wn8ksrkwwcua0zefmeuw53w2lkxkryazd8r637gs83rs0agay702xqxwvwls,true,720479.570366,1,0.003
addr1q8q4uwdp9quetg6csd2endeguaya6f9m6qs4tzz063t9muszend7vrq7hn27kp4w7rmz988u82ryq9q447n6em3ymwwscdsler,false,720253.81505,63,0.003
addr1q8hgcngtt3wpd2gfzuqm2f5cmxk4cqpnz709a8uus3z6jjnuclaruml9fjtu4hszq4chaxz4prydyxzluwmjkgl99l3qjuw62m,false,720000.838058,2,0.003
addr1z9vcd07vpjluvr0v3hu8w9wvjhgrs9a2cwrtp6wn8ksrkwt5tutmfx7a9uz02evyd2p0dlhsga7u9f5w29jwygwcjtgskkq5rt,true,719900.335309,1,0.003
addr1z9vcd07vpjluvr0v3hu8w9wvjhgrs9a2cwrtp6wn8ksrkwffqzzrg2gy805sqgrpyxcpv6lfj7dq2thzr35j0smtkr2sjz82m9,true,719219.877259,1,0.003
addr1z9vcd07vpjluvr0v3hu8w9wvjhgrs9a2cwrtp6wn8ksrkwdcdvf675krkgy3xweh4qhrdtntr5yexewcc79h3g5q48tseztxlt,true,717685.245255,1,0.003
addr1z9vcd07vpjluvr0v3hu8w9wvjhgrs9a2cwrtp6wn8ksrkwvsjfqu234j52au845dwskrjw2mztnj03rszwsnjz74064saxqa6c,true,717565.642746,1,0.003
addr1z9vcd07vpjluvr0v3hu8w9wvjhgrs9a2cwrtp6wn8ksrkww8xxcj7tgjftn23ccznwe5g69zp6pgcu9l9husuznvx6usne3ch6,true,717557.523744,1,0.003
addr1qyzgqr4jwhggp4s0l0mspr74ed6p7wsgpr4e8zuam5efkpl37ptt7nd2y77za06jx59hzevmthpq86h7m9g2d5rwgp5s4ze5y5,false,716328.065673,20,0.003
addr1q9l5nncuretwvvgm42p8vl742j3w658f2w4geyezzx0hnnf0tvhsk6gj0l9a4c7ju86z0z8ru0a6t0urwzauw52l37ksxa7876,false,714000.96,2,0.003
addr1qxkmr0m22xeqludcg5rjdmecjxasu9fat0680qehtcsnftaadgykewa9ufvegeuca9yyq03d9v7ea2y2zthgu7hfgjtsddp6gr,false,713694.311633,3,0.003
addr1qymvhqkylu5d0xqs3jezzh7pctdn982nvanlqqvhnm5c3t272jylkska8fjw963dt8ae968xqwqv6yz0cq2vdw7qlurs3hmdx2,false,713578.827795,1,0.003
addr1q9ehdx09fgardtjkgm2nq8y9z9dc66plak9vkxv4g564k5haytuzzwhjhxvyymdnac6lwu2yjelndy0nshvgdt59mrcsgxk5cr,false,713350.0,3,0.003
addr1q9qlw7nfpjymnkqajtt3frckx0w5ersqy4rq44enlfldwftv928uvqq30dzwmgqf3udht9r2uyu8j4qa3v6g6rshy2hsejqfph,false,713119.24335,1,0.003
addr1z9vcd07vpjluvr0v3hu8w9wvjhgrs9a2cwrtp6wn8ksrkwf0sskqklk30df07hg6unpatszvveqdgr3vkhvxz4z8mz6qw3kdpd,true,710951.728918,1,0.003
addr1qxp65cqn3r6texuqyc3y5k8xua2u498qvlw2trz6edqdhg43ss4ffp0rj92d0adse904eetxk4mp3p8clujrqc52q6fssjx2f5,false,710794.855388,10,0.003
addr1qy607nm3rtqwa39lf8ake8gz4qs3c8drn44nwegamt3sh9ufn887pcqrr4zetuzzkl0uc0662dkfm94qhxgqkxyjsaqsnrvr25,false,709536.829679,1,0.003
addr1qyllzp70ykhfeyh8nrujqk8y6v79y7gdf5e30amxg6a9jrh8qdk48eg2l240u43uqcqjxukqxqtvrmn05qvhc8f5zukqmtrvch,false,708659.187218,8,0.003
addr1qxe3pznsqzucy0uh2skcrywvwecdghv7wrhp7rsf60hefctvpzxez8g0nuhuazcm9man7749kczdpfpdtfmxr22ehnas3zw5yf,false,707878.5228,1,0.0029
addr1q9wpys7pk9rx2xcgcgak2l4k7d6zfnhwdtkw8lth284lxqg5ecqp9qrhlfxjhtpu2dzttshwshaxut5la0u7g4mtkc0q95c3ux,false,706015.400594,55,0.0029
addr1q8qe6pfc320g7lgcj2ty6ftqg7et7lm0h4gnjqdm90x5w08alrw5urpsa2wvvz3kjunj3fuutap7yh7a474yzazazj0sj0hlxu,false,704331.39244,1,0.0029
addr1z9vcd07vpjluvr0v3hu8w9wvjhgrs9a2cwrtp6wn8ksrkwwkak907mj5ae22q4rjjhd4wu5p50kpker5s0tyw7yhux2q8krte2,true,702684.356113,1,0.0029
addr1z9vcd07vpjluvr0v3hu8w9wvjhgrs9a2cwrtp6wn8ksrkwtltn39z2wfnlasrfmc3xj8k5qj74g7jsdwkc3axuwen6fq2xd0tm,true,702193.514329,1,0.0029
addr1z9vcd07vpjluvr0v3hu8w9wvjhgrs9a2cwrtp6wn8ksrkwwq09wr2uaut8nyamvxqltcjup9xcqplze67fwpuf56zd6qm33ym2,true,700302.177192,1,0.0029
addr1qyfs7ztypvpezm0srqyutp9vyp58vqem73hufl7d8a8yl0w6cd5qmkv3e30j09syy6cngan0fh84srtppghl42p07gnsrc4del,false,700215.041372,12,0.0029
addr1qycjuncf5dvq669de59jfrghekzm94edjld087e0fm6ap8eqdsuvecx68n8gehsrngpx7peuwzn7vvdxdq7uuehuz4kqre69ua,false,700188.274747,1,0.0029
addr1q90u2wt5aqu7wnem0t7uyjx3qa20p9mnpjayt0kkkj6gdvrvpzxez8g0nuhuazcm9man7749kczdpfpdtfmxr22ehnas74gr68,false,700135.420014,1,0.0029
addr1q975hqj6n0ctt7zh4pfm5qupce5f53jnx49yw5qu6fwd4fvx8jhv9wx7a7waw2hf5lvja944l7ymv64mxgcpmka2u62sgmefaa,false,700000.246286,3,0.0029
addr1qxtw8hwsktvv6p5cqwnz95ktpz3w5wcww5dp7sjp5v9fv4zj9ws4ex64tuhd6twduj3veca6fptnsh27gg2zpyxwy2ys0jdewe,false,699985.0,1,0.0029
addr1q8vh7s9g4l4qyyafderl5y08lm2g7drhf3rxzd930g2qgeetc6alldcwnvyt650ku4kzvedaxs7vfhmz2yj4c0ypl6nsa859ft,false,699013.84617,11,0.0029
addr1qyf70xr759cwavgag99lf7szn453gtqenk6r40dlmmsltwvq46pd6lxh25xpn6sen4sv3zgl0a5drflwzrkkdlm3zehstnmxum,false,698310.793036,1,0.0029
addr1z9vcd07vpjluvr0v3hu8w9wvjhgrs9a2cwrtp6wn8ksrkwwd5pjne8eah5attyje3qspuepfw8hvn5wtdd72lcp7zszs8vy4s8,true,698160.879751,1,0.0029
addr1q9zfxv5rkcau8mdp2njd6qmrqz4txkqwuslrw24sf8t08hyup85zc8ag3jdwvprr7wefxs2fykfl867jfxze7z9vzq7qwe8luc,false,696741.379,2,0.0029
addr1z9vcd07vpjluvr0v3hu8w9wvjhgrs9a2cwrtp6wn8ksrkw2l4fyq0qysdm3dc2exa239q4tgwah9h4lt32cy96gv0ekswq7pte,true,696366.706276,1,0.0029
addr1qx8wdp402xhq94q872ndxudnpfdpdsd82awgm9hc2ek8txmpl00txwrfqe82qely2cver9kk4ek0mcj44e9uulzg2vfq3k547e,false,695886.334876,2,0.0029
addr1z9vcd07vpjluvr0v3hu8w9wvjhgrs9a2cwrtp6wn8ksrkwtpl00txwrfqe82qely2cver9kk4ek0mcj44e9uulzg2vfq4hsjsm,true,695886.334876,1,0.0029
addr1z9vcd07vpjluvr0v3hu8w9wvjhgrs9a2cwrtp6wn8ksrkw23f9lqsmaf2ftc30k0dkzavzy6cmwmzhycalttuhc5rnas348qvx,true,693239.070019,1,0.0029
addr1qxwfqqynxg7fq6y3lu4l95kj0p344qrh6z0pls05zh98rmqhkez089wvs6szrcq5rsd524ddgd6g6yupfukwt3d6njqslgsyfl,false,692949.49598,18,0.0029
addr1z9vcd07vpjluvr0v3hu8w9wvjhgrs9a2cwrtp6wn8ksrkwguu0amlud5a6lwmasp5978zuf7sc922jju68cz0p3qeuqqde6c6c,true,692822.580938,2,0.0029
addr1z9vcd07vpjluvr0v3hu8w9wvjhgrs9a2cwrtp6wn8ksrkw0gxknq5lfc5v33ww6l5ep4x9mt7tnu779m8zkv46yrzhnsg8sey2,true,691638.271316,1,0.0029
addr1qxe6c3xfkx8jngz8xmndhsx0xcv2ue9kuzy5mewa83m2ctthjj5nsk6fwe9sdxz4a8mtfjwnmt93y9ptalhvkjxfgx8swj95yq,false,689153.26,2,0.0029
addr1z9vcd07vpjluvr0v3hu8w9wvjhgrs9a2cwrtp6wn8ksrkwd7ylzdpejtrgm4s8nmj6xx0haqracmaxf3mdf6kgctlnfs0g8qfj,true,688614.569646,1,0.0029
addr1z9vcd07vpjluvr0v3hu8w9wvjhgrs9a2cwrtp6wn8ksrkwgy2tj383np8ewjwg7amkvyv0vnx3ylq7z02aduz37lkelsj52sln,true,687553.633827,1,0.0029
addr1q8txcul9qklt0u2h8f5puyr3vdz4de8g2rhkhr9dgs5p3f34q7yraplxx0xjvwufezd3uh4qs6uk47j80js6asf3ytsqv4rmw4,false,687380.599832,1,0.0029
addr1qy5fxu8qp0um550wrde6pgyquakmzard2388dhsk8eyns6zhl5ey2h0akcet7eplpgewd7tss9f9uu2898t3vhg2xeusnmkx4t,false,686190.314894,33,0.0029
addr1q86xur5r4e4w4x5ga248fpacf0tay08ff9f3pa9krew7jknt8ctrvyft4rncx6ejeuv93zj24gaumdaur5d80ec9tq4s5a0srn,false,685725.126187,2,0.0029
addr1z9vcd07vpjluvr0v3hu8w9wvjhgrs9a2cwrtp6wn8ksrkwtllxxgu0dychsey04f8ypesrlu3hm8yznvr58skrsfprls0q8wz6,true,681833.02722,1,0.0028
addr1qxvhvz9860r2qzcmx0qz55gzdt58etren35hhn9etpe3j5yewcy2057x5q93kv7q9fgsy6hg0jk8n8rf00xtjkrnr9gq7mz2sz,false,681659.701702,3,0.0028
addr1z9vcd07vpjluvr0v3hu8w9wvjhgrs9a2cwrtp6wn8ksrkwtdzthk0ckku0780caj9sdyw8576jacvwclw79dxxhd8epq7qwf5x,true,680143.714599,1,0.0028
addr1z9vcd07vpjluvr0v3hu8w9wvjhgrs9a2cwrtp6wn8ksrkww5t6cpuzzwg64dnklnd9s8fqkfl6cltmrrxkw0ykduq9qqdgyakz,true,677883.891381,1,0.0028
addr1q9z6gsujp6qmn3rxc5pnj5rd35mfffwa5e9z5p48x3q72975t6cpuzzwg64dnklnd9s8fqkfl6cltmrrxkw0ykduq9qqqsxmps,false,677883.891378,1,0.0028
addr1q8k928l8cdhplxh0kpwy8r9r4cxpv807w3cd9rexhn30792ry6a0p6jv9rwhdcq2q58kzxz2t09a6d2hyfjl8pu5y5jskqqxuw,false,676563.26236,19,0.0028
addr1z9vcd07vpjluvr0v3hu8w9wvjhgrs9a2cwrtp6wn8ksrkww2xlryxp0rpraxx7pdxelj8dux7d5e86h5r757qhtyur8s946z8h,true,675931.995289,1,0.0028
addr1qyza0c5f052vh95nw5z8y30m2a2ak4gqzxh9t8yvy8sgp9tpgndf8fazq8xwgrsjhz52m5r59fy48rt23qxh74fr70ws6wck4m,false,675253.939113,1,0.0028
addr1q896adskprvvsfew469alhc56u4wdegru6synk9p0y2ydm9m2mlyqsfk3wk8ws8lwfu26m7sz3vyku54vf8cyz3lfx5q0l687p,false,675000.56,3,0.0028
addr1z9vcd07vpjluvr0v3hu8w9wvjhgrs9a2cwrtp6wn8ksrkwfll0cmu3523tpqktsjfzsj77ntxgy6j3zpmk3cf6fweg3q94wh5y,true,673673.486181,1,0.0028
addr1z9vcd07vpjluvr0v3hu8w9wvjhgrs9a2cwrtp6wn8ksrkwdjssncep7tqpyw6s9cwkp9mynxvlayszm5hnufjyaqda9q3xkvcu,true,673272.897512,1,0.0028
addr1z9vcd07vpjluvr0v3hu8w9wvjhgrs9a2cwrtp6wn8ksrkw0k7y0we99prc7xy8fgc64rv5wzwh29pccutut47qfm2vps8kvak5,true,672790.710718,1,0.0028
addr1qx65ckzv2vwqmfhjeluzk389krxqcnae8x3uhn92ylgxff2gycvx7snv5hw765jt24dxdqrl0rrcde9qwfqfynlq3rjqqqdj0y,false,672564.0418,3,0.0028
addr1z9vcd07vpjluvr0v3hu8w9wvjhgrs9a2cwrtp6wn8ksrkwd2lfnwyuulyhn7z0ewpezujm046fkv7k7m54nedthh099sqqfkt3,true,671887.349705,1,0.0028
addr1q8q3epwdyfxz3pzxz8r354j5k0hx9gfecfjex3k37uzrn3xg08qfqllp359g6kyzr4ayw9rz8hx50s8870s7zk8enu3sj939sa,false,669606.928753,5,0.0028
addr1v8cmlyat4cm23j74aer7xwrykp22wqz0zs0tw9ume8cyzvqefaa0t,false,666706.284119,2,0.0028
addr1qxhy52e4vuxn87aezcztrtppfa4f0rfwvjgfk7n0tyy8xpzj0j06cgv9r3cd8cytfts4h3akrqvl9fptnp7kczvytl9qlny2ac,false,666667.96,1,0.0028
addr1qye05225skvgxyl3a2s49tfs8y8faqh3z5u9j82ye7e5qa5fe838uc4xwfcwdw5gywc78fv8jkvt2z0u64nal97m098sr7hcz4,false,666666.6,3,0.0028
addr1qy3sxsku4y27s54vy2dzmfcpsjd9a99ufazshnn0pacdrt36mxuthvsyx2a6t03yhdusn9w3q6cfrwdzsy2l5evrpxuqkmmrxa,false,666666.0,2,0.0028
addr1z9vcd07vpjluvr0v3hu8w9wvjhgrs9a2cwrtp6wn8ksrkwvvm462pauexqx2wvmefjmzk3dkp3wrcalqvxqt850qetlsf3aqzz,true,665381.869282,1,0.0028
addr1z9vcd07vpjluvr0v3hu8w9wvjhgrs9a2cwrtp6wn8ksrkwt7sgvzu5qrxu6qcrsljhalqrax2h5lwd5lycvq8zsya5rqyt8mq5,true,665262.60952,1,0.0028
addr1z9vcd07vpjluvr0v3hu8w9wvjhgrs9a2cwrtp6wn8ksrkwf9axpue76qg8zpdck4d5s5q4rc2hlwuyap8cy6ql3kkwwsxta4cu,true,665214.146412,1,0.0028
addr1qxxqwuw7mh5twsxzrst7kt6djf06n83lfrk8cl6kt4t7r2nxj463ndz0rrqzszwrx2mle54c07hwu6kd2w97ae7xlzgq7qqkq5,false,665033.519623,4,0.0028
addr1q8u08367u49auw6kmt50855v2jkxdxgjkt8zavndvus8v88yfnqf6fpharulr745qx2kmvhxw39uxszhplhh4jtqw3vqp5lc3u,false,664008.173328,1,0.0028
addr1q89ya2u37ghkrwtw28l35wfuh0kjfeau2jpclxfmfdrr09zw27krzc5adc76n769zr4ul7amy7f9gudcl2fq2saq0vgs4ka00c,false,663633.718568,5,0.0028
addr1z9vcd07vpjluvr0v3hu8w9wvjhgrs9a2cwrtp6wn8ksrkwdx9sfgu98jgrwgnuw0e4090a4t5ypemcuwun7tlv8d78eqfm2x3t,true,657072.916114,1,0.0027
addr1z9vcd07vpjluvr0v3hu8w9wvjhgrs9a2cwrtp6wn8ksrkwv2ysynltavz23nxlekvzxatxppfycz9a9t2n2z7zg4r3tqjr5zej,true,656302.937948,1,0.0027
addr1q9dye3w37cy0zg0avudvtx66aywt36f80sl3jx4tjy0hzk04k6wpuu90urkdj5rxtkjd39dw3num6s7k9229s50peucsjxeqda,false,655976.273341,2,0.0027
DdzFFzCqrhsgsBMfoutveYMJk14Lt4gKbPBe2jWZMCq8CUaUE3J7Y2ArTLXanLm76XMF6i3BKzaVNTq9jrtx8JgPCtnTU8vW3zG7ZftT,false,654879.508848,1,0.0027
addr1q9853ufc68xhsycm5k3sprgmrkjvn83jckw0rffc7lpcqdv07rjs2nerlx8wn4ep3phez9947n8k8hjm6j5r8u2xw84sqtm7dy,false,653684.774591,19,0.0027
addr1qyme3nq7zr244hzjpuzuay2syz2hlf59zlpewkw4wkgd3hc42htpydan67jek8kzzq04e5t6xgfmgscz3zhfskmm7ukqj7397l,false,653386.541604,1,0.0027
addr1z9vcd07vpjluvr0v3hu8w9wvjhgrs9a2cwrtp6wn8ksrkwdgfdw24e5ev96hh47mz9sumua09xhe2g4adsqduzsc98zs2w9qsk,true,652918.181503,1,0.0027
addr1q8yh3tlqeywg8p3l7n5sls2gn5cd96tga8m6dyddxvny6udgfdw24e5ev96hh47mz9sumua09xhe2g4adsqduzsc98zs09rys0,false,652918.181502,2,0.0027
addr1qyzvx929z795rtqp77xdehp3y6gxn9ftqct7nmedalvcrjmyaalzx473xl27p76wrgllnyd48u8xynvj8v2utj6pjvgsdv57k9,false,651350.39,1,0.0027
addr1q86xrjm3xsvx0s92g353gtmqqyz4nrldupfd6elrht93sfj0j6p88rm0t4yd9c5cnhdemapc055erzxx4c8jutnxfjfq273p85,false,651000.0,1,0.0027
addr1q8kcamyx5xa3df7lyu3eldu0jnrj520arjc3f78nx7sy5cxfcm3kugwsuksmmgcr9a76chwn7flxwhf485lyppt2rk8qchyu9t,false,650343.604,1,0.0027
addr1qyg5rjeywe69kxe07pvzwxqluqv4n6rtcw69fumx7cp3n5y9gfqzwe7pcry4gg0rfctepkwayr5v95hx6cx8ffzzqvaq92z455,false,650322.738382,37,0.0027
addr1z9vcd07vpjluvr0v3hu8w9wvjhgrs9a2cwrtp6wn8ksrkwwrpu93d2zkvsqhywgzdsgs60ds9ymxw4t9mhgha7z3jv8qqket6p,true,649449.763245,1,0.0027
addr1z9vcd07vpjluvr0v3hu8w9wvjhgrs9a2cwrtp6wn8ksrkwgvf5vuyr2ey0mzv8tg7scx4wyq6p6wh03ffg6v5uw3vvqsskkqhy,true,647214.431685,1,0.0027
addr1qxkrqaynh39ya0tl6fta8rxzu6xpsjt36jkcnnd0en2gzv83h24cwz9g6uvzqzkazm2krx0rwh65ymah8ax3g52fytqqmlyltp,false,646648.978215,1,0.0027
addr1z9vcd07vpjluvr0v3hu8w9wvjhgrs9a2cwrtp6wn8ksrkwdgfz2uujas0zlp60j9k59jnx9sfze44m7s4qhv7d6g8ayqcyctny,true,646122.905027,1,0.0027
addr1z9vcd07vpjluvr0v3hu8w9wvjhgrs9a2cwrtp6wn8ksrkwv2c8er39cr9p57sa4v0mx3tgh7p5enetxq47yead7yrncq52842m,true,645560.912021,1,0.0027
addr1qyx80n0u35hw7948g8pw4evwj5fzchaqvawayvmmf92rpdqgg3dc6xezh9e0rxpg6qgk45x2ngquv4965cwglhc5gkjswzqkja,false,645143.694676,27,0.0027
addr1q973pfddwgtyj44458f2j4xwersc3s8c7smgvjgdua98tqxkhc7f27duqrvgnpx30tlc68h40ve5guj0emwz8cpxcu3q4ykhkc,false,645085.490807,27,0.0027
addr1z9vcd07vpjluvr0v3hu8w9wvjhgrs9a2cwrtp6wn8ksrkwgyywjyva5gpflzwnj9z87evl9xm5wtzgcchnaudr6z3ykqje46js,true,644383.4572,1,0.0027
addr1qx6fzqzlspx7hysp2e72mgjyfkk4kfmgv3gnq62tdulngh678tl65dpcudkjucak0zcux5vn2vurywxyfph7e6llxcjqjqwvwj,false,642366.003356,19,0.0027
addr1z9vcd07vpjluvr0v3hu8w9wvjhgrs9a2cwrtp6wn8ksrkwvcpd3jpe95k569ps44wlfd343c7qflkksllr7kr73rq9gstu90yf,true,641733.317016,1,0.0027
addr1q99vpfy3zcj78q3j04yjye8wcwwp8x08mel9me4p5yppqtjvqxgsesygwt609m9hnuaqp6gmwx75auv99pc70vw3zudsj3f2xl,false,641345.719594,15,0.0027
addr1qyy7guc38532kae5uep6ma7l8ycqgsp9svuw90lvqs9fksg6kqd8t9v3k7ft4ez4ld7fgx2swauxa5cguzp3z799mp7q479vmk,false,639865.6122,3,0.0027
addr1qykzjh8kyk3nwqzr6zare0mp0k33t092yvym0q6twww9snkxglsrtcxu3f9ed4k5sadj3wpuhjfg7skjtkrpycrnmx8q7swwjw,false,637477.159483,32,0.0027
addr1q9vrsy6t4rk0ryfh0s35v3pp0aegk29udh95d4z958l7vn4sd0qpvvwfnlp2504gfz07nyx9wjf3rzqlmjcvfe4wuyusagc9nr,false,636688.277443,3,0.0027
addr1z9vcd07vpjluvr0v3hu8w9wvjhgrs9a2cwrtp6wn8ksrkwf5cpkw8zt8k8qnzsa3tzuqld5z5txqqql65gr7nnrucvvsmpjw4r,true,635328.534193,1,0.0026
addr1z9vcd07vpjluvr0v3hu8w9wvjhgrs9a2cwrtp6wn8ksrkwwqg9zqc95yrdrqgg9gh9nrm4amf8j9xdmvdzu2t6j6xlzscrchk5,true,635152.953496,1,0.0026
addr1qytfxu4cztug0lap7gjd6t5vr6lufqwuh4gkmsfvdywh5hs2s8cgs074h5xn52paew6wgy6cavmsth2lpwn6xjhvt60qwpm63u,false,635041.706926,18,0.0026
addr1z9vcd07vpjluvr0v3hu8w9wvjhgrs9a2cwrtp6wn8ksrkwg84p6ztx5t4kgdv7jyv2sm0juz96qchp3wpcznut53lr3s93ypcq,true,633390.516028,1,0.0026
addr1z9vcd07vpjluvr0v3hu8w9wvjhgrs9a2cwrtp6wn8ksrkw2exuyn8ukdfzkfjt0kf892q7tn7jew8ayk0npsek6a9smq98e04v,true,632271.500214,1,0.0026
addr1q9m348czmkawsstue6j0sd62hc7tc7ylnhjtkw2scaraza24adkyfhph0cpyzyzs2k4wvgfczvhpqh2t9uec29wxnvdshm539z,false,632038.030191,4,0.0026
addr1z9ls2t8uuwa8w8xz5sfupxj2c3v0cj90gyyfy7m58hnxt8cdnx54hcz0mfmqxynectt9hkftj3lsv8alace3wd6cdvcs6zps59,true,631940.832042,1,0.0026
addr1q8zy66g90se6n4z8ejanqhvftpvh922yrr5e42dh20zzpq4latuwde30gz6y06nwyxj0n79umw006k5qfwt29w9j6mzqns67km,false,630736.006186,9,0.0026
addr1q9w5arttutx7rpugj04var9ptv82z5eh7e3gg03tlj70ulte3mrpd2d4p2lark3dqwrvf56uzqqz6ghutfrhy6922pqqzgqp73,false,630495.09617,40,0.0026
addr1z9vcd07vpjluvr0v3hu8w9wvjhgrs9a2cwrtp6wn8ksrkwtslp9pnv47vtcfamfv2khvd6sgclma2es42dw4jj83p8wqf4dyw8,true,629081.485073,1,0.0026
addr1q965le9qw270hvmga5d99ker59gunmg5gwwlg470qvr7s5tslp9pnv47vtcfamfv2khvd6sgclma2es42dw4jj83p8wqwcjs83,false,629081.485072,2,0.0026
addr1qxqp9kvuaar67xlc2qp0r6z648xwrt7yq4anhv7y7hzgknqma83eglkmz3sdntg0hj3qe9rz2e6k4q5wj08tcve09r8s0vms2s,false,628546.47047,2,0.0026
addr1z9vcd07vpjluvr0v3hu8w9wvjhgrs9a2cwrtp6wn8ksrkwgma83eglkmz3sdntg0hj3qe9rz2e6k4q5wj08tcve09r8su86zl7,true,628546.47047,1,0.0026
addr1qytlgzfe7eztwaytca7g54gt0hymvjp5l823unczn89qwfswtzsh76ekj9rcxg65n5jzhv40lr3vuzcquxn3h3drnkusjp96fa,false,627586.02115,4,0.0026
addr1z9vcd07vpjluvr0v3hu8w9wvjhgrs9a2cwrtp6wn8ksrkwvuyp4zh98w9vuve5akeese2xqe0ye73flfseatq26zxmwqajn2lh,true,626367.050526,1,0.0026
addr1qy52qaj74aqu6jmszdq0ed4xfs57lxankxppys0yr8wjsl4r8vl52fyqlt5ek2emeqgsjjhrc7gmd6v0wpgslw3fra5q6h5ywm,false,625937.124847,4,0.0026
addr1qxwnqshlt7459lgak89hvspx6uz0qcreqwp9cq4uppg5e8ez7atnkht6gga0y2vre3692mjq4ej4hluqfkqt9ysxslmqtg84qk,false,625052.232021,3,0.0026
addr1q94km5m70r5pk557rxf3uenv39surugmk0vca20dr8pum0lrzr27g03klu862usxqsru794d03gzkk8n86ta34n85z0sumtl3g,false,625005.0,1,0.0026
addr1z9vcd07vpjluvr0v3hu8w9wvjhgrs9a2cwrtp6wn8ksrkwf6vkgpnp9e0kklrqd2fr78andspwxs75nuk0qg37yw7e2q7umgtv,true,621500.954565,1,0.0026
addr1q96j7kdu748n3dh5ezpdp80kg07cl38w3jyaa5jks3ltczewc2c2a0deknvg7un3jn6uql247wz9c5dl5x3mq8ql9suqn9yvyr,false,621372.0,1,0.0026
addr1q9h8xag7nfsadvk9ys7qxjj5h70ngcdj0lglupjumdg5znj8xf09zq4xmlzktywz8zpf2zv769n32pnqy6rjgj0g7zysxv0d6f,false,619409.9959,1,0.0026
addr1z9vcd07vpjluvr0v3hu8w9wvjhgrs9a2cwrtp6wn8ksrkwv4yydtjsj8m54xuy9gh4utqqf42vn8d9uulyj4cakex3wqk5h63l,true,618790.503645,1,0.0026
addr1z9vcd07vpjluvr0v3hu8w9wvjhgrs9a2cwrtp6wn8ksrkwdpj59azm72c3223np3mu07n5h5un583u0ywlk8pewjj74q9cjsqp,true,618345.388358,1,0.0026
addr1z9vcd07vpjluvr0v3hu8w9wvjhgrs9a2cwrtp6wn8ksrkwwl9npflry87ghead8h6fqyzmz2qh2vh6jwh5y6fe4k0ckskk79an,true,618283.362859,1,0.0026
addr1q8tev9g854p8dy7rlnnhl2pusckc4qfdkh9qwz9vdp2l4fwl9npflry87ghead8h6fqyzmz2qh2vh6jwh5y6fe4k0ckse9ww6w,false,618283.362856,2,0.0026
addr1z9vcd07vpjluvr0v3hu8w9wvjhgrs9a2cwrtp6wn8ksrkwffjtfq9xf7hepf8tucq286svc5crzkhl4v80kwnwmst29q3aju7k,true,618043.008018,1,0.0026
addr1qyy2h03rj9ahmcfv8048py3elgxgldcekr69d9p3s3jpq66p9a8pj90d7vyzfap6a8w9akllrymv736rzc6m8padu45q5aawfu,false,617351.140877,3,0.0026
addr1qxa5lfwq3s2hw5k9e3w4nd28k8exgl62c7rmfqnl92769lgc3eq6ps6akjlwk56rlqd8p9n3t5v5yyrvqfmmeydvh9hqqgl07s,false,612388.660818,2,0.0026
addr1z9vcd07vpjluvr0v3hu8w9wvjhgrs9a2cwrtp6wn8ksrkwgc3eq6ps6akjlwk56rlqd8p9n3t5v5yyrvqfmmeydvh9hqh6n7kw,true,612388.660818,1,0.0026
addr1qxvlu7qvdkllcwp3e7u47hyyaywsds6d59h7gys8lz9hkhtu4su24nmwlu3rvk787udfe5mvsxe334mdjgtxajlr9slqat4m85,false,612269.816879,35,0.0026
addr1z9vcd07vpjluvr0v3hu8w9wvjhgrs9a2cwrtp6wn8ksrkwvvdhvtpna40ma3ghdqft6wfzvdf7qzzg9zsn9lntctdlqsyckdav,true,611531.13092,1,0.0025
addr1qxv3jd6nfea5qgu0mc095qfw676th2jc2pwd85dq4mn0zfwq4w84u4lr897p63qngnhe37yegem07fcdg33rl0hx960q7na5tl,false,608022.35742,1,0.0025
addr1q82f9klpcef9v9r387mz5raxpq6xpln5v3gy3qf364kkxzqnvsdcafz8qeytnls00ryv8xj9hfmdwsyprprzsmztmgdqfvvcvt,false,607660.467317,1,0.0025
addr1qx488ff6vczn05sc5ajfsjg0sqgydp0mmesx5c50zk8vm520j6p88rm0t4yd9c5cnhdemapc055erzxx4c8jutnxfjfq9naq3q,false,607437.388744,6,0.0025
addr1qypdv4ttlancq9uaap34wvxuevahdd5ftwd45xmtf8vzugngyuw8wa9aju72ssqky6x873auvprjha54uaj36f7shgns397zn0,false,604750.825289,12,0.0025
addr1q8l29h89q4ypwmnquc6th7gufapp2x6jg04krrr3jr8p656emz96ge24vtxj6zv4qedvavcgr0ywlqyu520fnl0d35tqy2vm5f,false,602784.261491,17,0.0025
addr1q8fdu2q879078k6fcpehjmsda48kj954qfg0g2lpfuqpklaqz3cmqrw97vx9zdwq739x257nhkeerm873r6wr99cwdtqz7k0yn,false,602561.967264,5,0.0025
addr1z9vcd07vpjluvr0v3hu8w9wvjhgrs9a2cwrtp6wn8ksrkwtd537yjmnk0c9zpljqcnuxw2w8xmj5k0e0v73tetfxwups0xx0sj,true,602541.320343,1,0.0025
addr1qyem5tv75urptfwd4mrvtk5jzkvwpar4nweznpc98gr452l87tzylqemy0px420kkgmdexejp3pdkncdge79mz964y0qf9xnvg,false,602424.133334,4,0.0025
addr1q89sm5y5kw64nh2p9mvsk3p7kchlyhjx8wklr0kjlzpk5w38vcp95suhp4rkkf7k9r3qfye4f9tpv86hwqx0cscnsewsavl837,false,602330.534358,49,0.0025
addr1z9vcd07vpjluvr0v3hu8w9wvjhgrs9a2cwrtp6wn8ksrkwge73vulc4kwc646xjtxqq9gj8ans4p3cdsqupk5j7thaaq4pnetp,true,601454.651782,1,0.0025
addr1qxaadf4cp4enjfyv8nzzf9rawdqu68a42396ffagp2zxytsrwk5gknz2vqr74kv4hsn0glq2522ky45npj9hs03lc7ksgf8z4g,false,600632.278877,4,0.0025
addr1z9vcd07vpjluvr0v3hu8w9wvjhgrs9a2cwrtp6wn8ksrkwg36tu83qc9lf6yedf5257wd3fy5vclku66y802n842wszs7j5sh9,true,600461.391804,1,0.0025
addr1q8cpgndpwdas73rugw8gx7ges4sg94m04vzs7kqhwhp4d2vf46e4fcxvwgwrdwllyj7ng9344yr298mshlg07a9eyhjsld6mqc,false,600383.366693,2,0.0025
addr1qyxg08vpvgfa7g0w5kf8ww8mv25ecmpaswcdma6p5m9ll4t2h4zvenxtd39ajen4epwdxukurswgjfy8axjtpf3sx6eseuye23,false,600000.0,1,0.0025
addr1qy7wjhmkyqwz2vtl6nqttnwujtqx9j32rhr9rku8xfh25hhjegc44p74k9zyxajcuujamus5papq6k32zpspdaaltg6q75tfus,false,599233.525344,1,0.0025
addr1qx8cauv060uf922gmulw4lx2q2lyd6n0dtchz9zv9lr0y9rvtqenlfxlc74e6ak9urzy9s4rlk5802xhq0a8tzhnxynqwpncnj,false,598423.88,1,0.0025
addr1q98naqu3n2ya6457ga6jgksxt7n2h07ejggza4jmvrwqe9hckrhzhrr0xcdmzedaj52v076q353kjtgw5d5534gsl6yqzpxpza,false,598254.665658,35,0.0025
addr1qxg0gnknm9292662z6wvhzdajnfvx0963rh3f9968unum7awasj2edq9a5xhxn0wraj0z96p69sfl7py95dm2y2fctks8kj2fy,false,598010.0,1,0.0025
addr1qxpvl3glyudmhqdmswulpuf42l4uxtc4wrsushgs6z3kq96vjvwjs306y0xsfrfdf98qmsnudh2l5gxfxu99w9fuqsxsgs5x8a,false,598010.0,1,0.0025
addr1q8xaht2860cl848uc8ulp5kxlcqetwasnk33fm3ywcyz4f5lz0r2asrzvgdedqhyzs44xs84yynllfhtnlvejlcsl2ksfjuyrn,false,598010.0,2,0.0025
addr1q8argzx38xswav22g69l4k5px9pyymgujt76wwxc2wknyr7fmwjaarpk6cyneza58exdn0tzcvnaxqpd64zdz9d0wpgskpm8rc,false,598010.0,2,0.0025
addr1q9uz26f6r4lkyrpr56lqvkq9ew0m9yhux90qw5r9e74yz6p6k532qfxp74ed5p0elj8wtkmtgvth86wxw6znwh8xrkhsgfq3xr,false,598010.0,1,0.0025
addr1q9muxvn2agq06uj0axedjqvncwkq7mze3j3srth38jupt2r6ycc5utgav9yn55mxtqn26g3trqswl47vue0xuvke7p5qje9ne8,false,597753.293399,3,0.0025
addr1qx3nfnjuxfkrld9c7cphmwc7mjvzht8e0ukzgkm9zjp8th9n0zk3ygtv47h25deg7cdqyclqpwumtszmcvtqzx5ur5cqrxvmm6,false,596714.416257,13,0.0025
addr1z9vcd07vpjluvr0v3hu8w9wvjhgrs9a2cwrtp6wn8ksrkw2ydnw28vxhwfjnh4nq5hxxls8ym0at3y4qk7r7w7kcckmq64vms0,true,595317.027999,1,0.0025
addr1qxcg2vvwu4us2meh4wd93lvs8wtckat34jvay9hhlhckmnxr2gfwhlxh7awz8tnt0z6jz35zklvz6np36jg8mnzym6psr3epes,false,595158.89151,3,0.0025
addr1qxm2qljshdlacf80vdlwn7265jepwzne6vjjv5kf9m69rxyzszn6jchpz2u3x03pv0wcd420a5nruhv954x54aazdptsrf58tf,false,594878.432875,2,0.0025
addr1q8lspj2w5efrhjers5sm0zk2kc4yj2uhh7ks7e0zrx7pnuf28cgucmwpzekf2nzjevmy7ewmdu39lknzu9z43mkkx5asq7tna7,false,594364.5804,3,0.0025
addr1qykzjwv0vknekfrq3s0qeevmvq78n4khkykhv9qldg8znza30le6tud7lmu56kyacfq36xfh796sdx2srhg7ey4r0waqmsaktv,false,594279.810671,1,0.0025
addr1q8va4m3jtapt0lg7kujdru8t0facuhrghashsne749hexm359exheny9cmrdf30ywh29n09k0llh49tz3g7ufmnnplcsc80duf,false,593373.288838,1,0.0025
addr1z9vcd07vpjluvr0v3hu8w9wvjhgrs9a2cwrtp6wn8ksrkw2ct2nnnzxxfdx8gnnk2lgklwtfrcdu0u6u6ctfs4rwskes05pmsv,true,592727.453391,10,0.0025
addr1q8u6ljch8e8d8x5tett7zdkq6euspg4dnvlz00zm33dt7d0d37dkx53q5yd265zcdx93jqgwagavh0yx9qlxa4urr44sxffen2,false,591983.387106,12,0.0025
addr1qxvtke9w8hlfwah2q8hvxpcq24hwu93uk78u4ydfj85men44ryn7sshnqr3l7v6p094xng0fqqzfnzwlka45p9jxcq7qdulktm,false,591830.05837,1,0.0025
addr1z9vcd07vpjluvr0v3hu8w9wvjhgrs9a2cwrtp6wn8ksrkwdgyz5rcrea5p2cnk98xa0aduskdmvwqmrljrhuf8pcg03se93hjy,true,586635.450117,1,0.0024
addr1q8mwr6gh9ttlpgu6vafwsqhtatzfxd474as2zaxrnw5ha304jmg5f8n82trga0zm0m8x93yu7c760tjpfayfawrzsavscpuqmc,false,586144.669666,4,0.0024
addr1q8zqs9edeyf5z5cw9v2f733e2ryukfl9tn583nyclxft4s2lphm8zw5vw6vsy236env3smsj3pcuf7p6ajt9dc79g6yqhr3rux,false,585692.9197,1,0.0024
addr1z9vcd07vpjluvr0v3hu8w9wvjhgrs9a2cwrtp6wn8ksrkwtcq7dmqu20hxxtcts5zkz7jaqrwua8claa2hrghvgnwnpqnw4yz0,true,583845.788374,1,0.0024
addr1z9vcd07vpjluvr0v3hu8w9wvjhgrs9a2cwrtp6wn8ksrkwtxxreywpmrm8na9fd95uuhlvqq5w9ewaz9kwttklzrl7ss2dnu9g,true,583702.669949,1,0.0024
addr1z9vcd07vpjluvr0v3hu8w9wvjhgrs9a2cwrtp6wn8ksrkw0660mh97veshdzphffxuudfus3acf0h3zpdanxd7hm26jq5qd5jj,true,583485.137212,1,0.0024
addr1z9vcd07vpjluvr0v3hu8w9wvjhgrs9a2cwrtp6wn8ksrkw0r3y02upxcj9yuchkvf9nh2pterpmlcxgpxzl90hgrwnlqzr5kyd,true,583255.377278,1,0.0024
addr1qxk87dsvlfwhwjc8fc4q2d63v8pqjrkucm0gm6x2ps3t778wv0kd7ls06n0kfqxgwlf630ttaa93ua4x42s84g4xleasa6xjag,false,582457.995639,7,0.0024
addr1z9vcd07vpjluvr0v3hu8w9wvjhgrs9a2cwrtp6wn8ksrkwgdd8vnjvatcth2t3mjza8va0skun7d3jwf6j2nx3vzuwxq0qs6yr,true,582002.232225,1,0.0024
addr1z9vcd07vpjluvr0v3hu8w9wvjhgrs9a2cwrtp6wn8ksrkwgkgctm26kzhukrc29cmh9zju7pdyt5al6qql7pfrlsdfqqux8sxw,true,581853.542967,1,0.0024
addr1q86v75s9a9yq8ufuqzmt3u0gl5udjemgqr7rxlwaxqty8f7z0tsv9n6dyal33sy2nhq2g9wpmjjvch0e2vl8elsna65qvjpad2,false,581265.052658,3,0.0024
addr1qyf9l9zhsj4xs5wx9n6saz3zcc5ug2up2kdl4hrzk73jc3kdsznhj5dpkw7s5urtjwmwq2r3crd49wlu9zl50577a9fq5tua2x,false,580023.066206,14,0.0024
addr1qxpte66r549qugr894cnj9egt2tk5gj50zt09a385efaujjmu7c9dyxzrnwsd4f0cucyr80wwst0e79war8dg7ntnykslfvw09,false,579879.816095,7,0.0024
addr1z9vcd07vpjluvr0v3hu8w9wvjhgrs9a2cwrtp6wn8ksrkw2w73arg4ndxjn2et4x6g7p3xyzj8dm7zls266a2wz92skqasjt5m,true,579768.636596,1,0.0024
addr1q87lyhamga76jzyv8vgvtwknyx5v9rt3s5ezu6nrj007gmzw73arg4ndxjn2et4x6g7p3xyzj8dm7zls266a2wz92skqavx9vs,false,579768.636594,2,0.0024
addr1qxmdquchr3uthwufh5uswr8v0rm98egwnyqn6yxa8nljv2g0qvl0rgyf377jy5m4lcqvzyumz0e9dc2pf0wvrs48h4vszp37qz,false,579048.42136,3,0.0024
addr1z9vcd07vpjluvr0v3hu8w9wvjhgrs9a2cwrtp6wn8ksrkw0tr6v7phm3whpuktt8awhrgvn3eer0622dgd32uj4jshuqdssdct,true,578707.730858,1,0.0024
addr1qxrwq7arxm0f4c6ut8m0j6x0uuk72008xg5vz2pda4sg2gv6wcs6y6vwadudc6zp5r4exr35w3vtsvu5eqzyyywsryfs4r330s,false,577933.134314,6,0.0024
addr1qxa069sw8ust638xupqt6rgl3t3ajdyqnhqpdvh6pcweu72ahwlgdl6pzdx4kfz6v7prfhm6c0exepxlk6pg7edn3lhqkqfjyg,false,575332.909035,1,0.0024
addr1q9a3pk5s66hzmke50ppmaz3s7q35s9qmm9lqrf37wmfrp39tt8zme0lqmnu68efnz368ekj5tdtu2gqzd7fn0h3ec2vqjwee0l,false,574981.168116,1,0.0024
addr1qyae9n6wdxna3xcpt5qncl55pezlm3u0c36m9d3m3jwn2wqx8lpr5j6xqr0qdpdz6x8whr5gad7txgxl4yplth2cehvs785k2y,false,574738.844221,3,0.0024
addr1qxwaz9f2698hsra3uy763mfuxsgh7r5yglw3x30sy89fa7745wgn0k4v66m2pagsn89j95ywrutv4e46yhavcpgceg5q3n2hu5,false,574014.448805,1,0.0024
addr1z9vcd07vpjluvr0v3hu8w9wvjhgrs9a2cwrtp6wn8ksrkww7y99jz6fev5sca65ugpa5k7szkjuzfsv35yprns03538qnn727g,true,573824.670306,1,0.0024
addr1z9vcd07vpjluvr0v3hu8w9wvjhgrs9a2cwrtp6wn8ksrkw22vm3p2ht8k2mhen5fhmw4axtmfl36720xllm9hk56dv3q20xe4a,true,572459.204136,1,0.0024
addr1qy0rnw4pgc8egr5cuka4hxt2nv0hpz3nf50pg7h4vq22vw62vm3p2ht8k2mhen5fhmw4axtmfl36720xllm9hk56dv3q9ppfyl,false,572459.204134,1,0.0024
addr1z9vcd07vpjluvr0v3hu8w9wvjhgrs9a2cwrtp6wn8ksrkwdun0e8hmgv88gpna3r6u6hcq90g5zgyksu4xv5tqv4kj0qdt6fhc,true,572181.119065,1,0.0024
addr1z9vcd07vpjluvr0v3hu8w9wvjhgrs9a2cwrtp6wn8ksrkwghldyrmhpea4hsqmnxnyx88q2vtrc8avvtru49xfefrlmqg403ud,true,571826.445627,1,0.0024
addr1x8vtd879xcmme7kmc3rfpqlhq67zj06dn53fvervtjsk0wlu8fyauwwxpsemmdm52t9qp00kgpnkqjldsaf5z47zkxks7gcmh8,true,571821.008335,1,0.0024
addr1qxzqv568q4xnta3k6clq0pc8y75tjm6nut6lwfg64pt3savmg39k7l0dhpeqp0ggrfuyvjuvlntkuu97xcvwca5v5avsleu0d9,false,571560.93947,42,0.0024
addr1q9q0urams03g0jwuw2c5gux0a0hctqytmv5y6pwgnemdl0ylz2l32thd2glexppu867r993aqhk8whqs4kmtlg06n6lqgd6rdz,false,570353.546082,3,0.0024
addr1q9agqfu93h6kgtjzw0uh8luwswm2hsp793xsez6q829l2ftp0kd26f83v7qfzzguzq47nesa5kqa76z9lpgy8vy85rases30gd,false,568160.461895,1,0.0024
addr1z8p79rpkcdz8x9d6tft0x0dx5mwuzac2sa4gm8cvkw5hcnr80qy5yng5v2qjjjsahekfqsch3n9wtjsefc96ct9gj0lsa5wpv9,true,568090.329236,12,0.0024
addr1z9vcd07vpjluvr0v3hu8w9wvjhgrs9a2cwrtp6wn8ksrkwvj4h70dpv0j6gl02lv62tumpxgpy3act40a298xvq3wkcshcqm0s,true,566576.689831,1,0.0024
addr1qy2l22xnm37nzzytqkgc65luw0n5egtn8htwxn9ykh73jz3z0xw3gr037xevjhs97pdrhzzmujygxavnkw5d9w2fn78suu9t7x,false,566530.334328,1,0.0024
addr1qy8zyu9wy09lpm55jut2dff3wltvyuz6qr9me7t9pz0j3vl4g8dquzy37qvvdwgs9szsq9lpy5d92hnc5fxdjcq8pqzs087m7l,false,566296.080093,12,0.0024
addr1q8zkj4ud4f5kvnvzj46jgz06ckqmxkcrk94fn4qzh4z22dxjn2trrpgj4h384h65mwsq25q6fk4wp0uc5r45h7pn7lxsvy07lw,false,565827.497556,6,0.0024
addr1z9vcd07vpjluvr0v3hu8w9wvjhgrs9a2cwrtp6wn8ksrkwwa7q0j7d240t2su8a3pmvpwn0adtaf9euldqs75lyk04rs3lzufy,true,565696.223053,1,0.0024
addr1qykpewmahztctmqtk2j4vjec9kdxmhuuv9vq2fs2qn69760pwufvma36v7zfyryfa9tdy0rzhulcvfmhpxa5ell5fsmqrxm493,false,565204.644539,3,0.0024
addr1z9vcd07vpjluvr0v3hu8w9wvjhgrs9a2cwrtp6wn8ksrkwwk55vpwrye9avgm8wv7t94w73w27wh9lmyyvfm366ngrxqcdqjh0,true,565152.192092,1,0.0024
addr1q96lhl2z6nl73h53s68vs285r8jx8yf6egdduxejy2grxpwk55vpwrye9avgm8wv7t94w73w27wh9lmyyvfm366ngrxq63dqrj,false,565152.192092,2,0.0024
addr1qx74tnnla9rxq45dfsghrs7usyng2kpgksgp3atjuk7mfv8wvckrztecp49p2avqjn4nvp7kghfm40qyq8suca8js06s7clunw,false,564907.0,2,0.0024
addr1q9gv88edrahz7w6qey0d2jmvf99dump8ngzq7nqw8aucc932fljjh37z6hkp6uvsw8zq48cz48ffm2pfk2zsnmlrzwmshxk762,false,564418.388077,4,0.0024
addr1z9vcd07vpjluvr0v3hu8w9wvjhgrs9a2cwrtp6wn8ksrkwwj2zwlq5rfnc2z6srrd98rrqgx9nyc6aqnly3nk7hcqc3sh62wcg,true,563945.985929,3,0.0023
addr1qyuqrpgh4ln4hxym9fsqwrcplrg6pt39ke3nrw4y0dndu2hak5fsxk7yg9sz8wpu3yw9q86vgffutj3pjl3mrl5ulvssskkcse,false,562901.119311,8,0.0023
addr1qx5v9uxjk738e94n980plfjy3natmzgh562qhc30mg9rk7a0ad4xnnwshg6ru4zw8acvqvah5vl7wqrl6lh75p58n0pq3h6syj,false,562520.609802,1,0.0023
addr1q9g4gxld5vq6ha37qwpc4pygl8lgm7rr4c0dx24rluznw7fjcra02xtzmzx2fsq8cpzdgwu2ukyfgmf3ectxuv57c2tq4qejnv,false,561478.537633,1,0.0023
addr1z9vcd07vpjluvr0v3hu8w9wvjhgrs9a2cwrtp6wn8ksrkwtg9mq2dmw2weqklwe299rcwgerwc8sd925mv4aswjq2rlqgzh7td,true,560534.321091,1,0.0023
addr1z9vcd07vpjluvr0v3hu8w9wvjhgrs9a2cwrtp6wn8ksrkwd6qp96py6zvez3cqewczf5jhsqg3c0eadte4qh2anuzc4sfhazd8,true,560336.949423,1,0.0023
addr1qx3dwr865qpkcn50l8t8mqk8pzldhp246tfx6fu482njhzghsg9n6s5m6y46dfevu47y92sp7y6n72ua5edsyz0phy3qtjgwax,false,557184.458585,17,0.0023
addr1q90uptv6ggzunlr864mfxua8ecce5224fxycfk42vjefwqmqxpna4jkjccr0mu4m24qz36p7fsatdlmt7vyyqt70dlnqupgemu,false,557180.09806,1,0.0023
addr1qy05ss5rkctalkup0prrp3jzw75nnufw9gl5zr8yp402dl4egkpf8chcg6gskz4d89aj2kdz33emu9tc43hec77hkulqaguqw6,false,556335.910102,3,0.0023
addr1qy7mn78ykwz44nnz6svayd4mqx27jyvmdgjtzgutqe2ctysvvyjnczzjnfj9j0wh8esnhexdckcy398a95ra24vmhmcsw6jca6,false,556146.0,1,0.0023
addr1qyshu5nwyz4w7qprr59j93yvee4l95w9e5ansfn42drxt2jvdv9cxdkm7r0e33zhfmzr54mvu79786g4nxhaftk5mtuq2ftr4k,false,555781.383,3,0.0023
addr1z9vcd07vpjluvr0v3hu8w9wvjhgrs9a2cwrtp6wn8ksrkw2ued78849wjjq8cslek97p0qjc9ustzdd7q87s4hhuu3ksgxlfs6,true,555752.126064,1,0.0023
addr1z9vcd07vpjluvr0v3hu8w9wvjhgrs9a2cwrtp6wn8ksrkwggjkrxttlku9vym5zq6su3fk56r6h0qhvzk04g5q35dd9q6yhp0d,true,555103.113201,1,0.0023
addr1qxdh9x5m83lge7yy9yvc2a33tjyt838m55xjgre39qja7hcgjkrxttlku9vym5zq6su3fk56r6h0qhvzk04g5q35dd9qws6wsu,false,555103.1132,2,0.0023
addr1qxsfzsmy6y2seduagp6fx9pht4yz9nspxvzyldtv36p2uz0gzxzwvk47qvndp09kkvcr6wu73g3mlv6987xf087cyc7qfskjcn,false,555046.215863,17,0.0023
addr1z9vcd07vpjluvr0v3hu8w9wvjhgrs9a2cwrtp6wn8ksrkwtnysuyqzz8w6n8h4kahe3f82x384zamtaluc0l57kyp9csh9d8au,true,554981.033706,1,0.0023
addr1z9vcd07vpjluvr0v3hu8w9wvjhgrs9a2cwrtp6wn8ksrkwfsvcl866jqf0hckzph96k0d4cajsmqytdlgudw0f5zpkcqpwshey,true,554743.613679,1,0.0023
addr1z9vcd07vpjluvr0v3hu8w9wvjhgrs9a2cwrtp6wn8ksrkwt9wne4sapgspuvyp34m7wm35j2lnpzn0d2ra7ryg7crxtqazscu6,true,553439.274942,1,0.0023
addr1q9j5nhys2hqgw5rw3ml29dwne057wqeujkx4ddc6gsaszq3cmjsnt24rsp7sn2hdk44snuj86h4nz5lyc6q8t50s7teqjjtrll,false,553228.108408,24,0.0023
addr1qytwrcmaef6tus5qf3k7hspt4v4ca85myvf9l6ca6q8mcqhgass5l63egzr56f9h24p42ks2tg734zvqe7j5qew6y03q3dxul0,false,551843.011074,11,0.0023
addr1qxajt27urmf558ypfwvj66tj7guj7rtk9mfc00at7m39dv8nfnhufl2y7nh0p2dq2aw05hv8t0my3x4k9vpyjwnmnxtsncks6l,false,551703.22222,1,0.0023
addr1q9u6fxfjdc8r07u64mvxk3c9ej5wawm9wex8c6vwz8cdame9v37vec5var96cvwqxx359au57anhlaccx42jeptqjkysrj3g3y,false,551346.837612,8,0.0023
addr1z9vcd07vpjluvr0v3hu8w9wvjhgrs9a2cwrtp6wn8ksrkwwx0wyc3x6dkt3ep6k34x084tkp7tawzggqh0hazxl7xd5shlqknh,true,550837.408979,1,0.0023
addr1qxdf7esrd6jscal6xft7cwdcx2gvrpff5g29kuusjswh37xx0wyc3x6dkt3ep6k34x084tkp7tawzggqh0hazxl7xd5swrvd0d,false,550837.408978,2,0.0023
addr1q9hl5gs7p4q876lm963u2wqgczyd37uy7ra2sm55jhfhsua7txu0n3gcvhwx55kn987cg07xu98phtsz6klhxdyc9khsjucwgc,false,548359.90165,2,0.0023
addr1z9vcd07vpjluvr0v3hu8w9wvjhgrs9a2cwrtp6wn8ksrkwfpyv0z879yhpkxfgtthqzwvujtp035cm4u5m3sveqn6fcqjepkvj,true,548022.667394,1,0.0023
addr1qyavj88nqktgr3d6e03pqaxhhqq6yr9nw2knp07u3h06l03pyv0z879yhpkxfgtthqzwvujtp035cm4u5m3sveqn6fcqwwr0fy,false,548022.667392,2,0.0023
addr1z9vcd07vpjluvr0v3hu8w9wvjhgrs9a2cwrtp6wn8ksrkwt3nzlh2377k9zq3ez2r5z46gt09hw9dpln22a0nlxqs4esfgxnsn,true,547249.605849,1,0.0023
addr1vxd950vgmvw7x37ve6s4uskly66rrz6223ue2qwk6xhwhpcsmnay4,false,546435.487,7,0.0023
addr1qyuc600fsd2ck8uzxu0lza2ke0f3nywyrxq0ef4f659tsqh3q72qme7rtafjefczu4vemwdwmdvmwdyfw9ucen4w65ys2xh9d6,false,546369.023818,7,0.0023
addr1z9vcd07vpjluvr0v3hu8w9wvjhgrs9a2cwrtp6wn8ksrkwvwlvcuuhay95zn9d44turuc2dqfe5y5nawxdhuahvrna4sx23gq5,true,546282.114848,1,0.0023
addr1z9vcd07vpjluvr0v3hu8w9wvjhgrs9a2cwrtp6wn8ksrkwv00wrz7zald8uspp7w90vqcdt85ywv9yulzj96ee6uxn0s3wv7d2,true,545954.539369,1,0.0023
addr1qxy3c7jktupn9xvd3dr04aspjzgdht37wuflevpuw472y7hru8snl0lk6h4y7huxvc3kuehkwtefgyvynqpa99y2eyfqyh0npt,false,545437.420527,7,0.0023
addr1z9vcd07vpjluvr0v3hu8w9wvjhgrs9a2cwrtp6wn8ksrkwgte702wwnv3dxwedxy4e8nje3ns6k4nfu78g46445y2z4q4qmkdv,true,545309.06246,1,0.0023
addr1z9vcd07vpjluvr0v3hu8w9wvjhgrs9a2cwrtp6wn8ksrkww5eztggwz3xfghkn7atpcl7n7czrcr5yf9yw7ggql8szksdcpk0a,true,544260.59928,1,0.0023
addr1z9vcd07vpjluvr0v3hu8w9wvjhgrs9a2cwrtp6wn8ksrkw05w0tkqnk8yse880j7ajy3pg36l4cgdm7h2nhs2dwrgctsgp803e,true,544225.079329,1,0.0023
addr1z9vcd07vpjluvr0v3hu8w9wvjhgrs9a2cwrtp6wn8ksrkw0pp64uqgfu8trnq5tkdea2flvqx2yywkynedaq6c4vd9eq54dq4y,true,543914.38889,1,0.0023
addr1z8p79rpkcdz8x9d6tft0x0dx5mwuzac2sa4gm8cvkw5hcn8t0fjfz4a33785nz5wwx58wajnjwu4ga2lvpstrg98a0jsmdaacs,true,543273.656657,8,0.0023
addr1z9vcd07vpjluvr0v3hu8w9wvjhgrs9a2cwrtp6wn8ksrkwgkugekw5mapx8c2aunyg2f95v2hy4t9qgcf0vqkp4xg3gs4qyul3,true,542457.304724,1,0.0023
addr1qxh3nmctyl0yr2nww7qj8yeje7k6wwnj3hzen5n93dut5les54df75jpqq05m8zgna70mqgdlg5nwrvgqzv5fk0rfvfssfzjg7,false,542383.517972,3,0.0023
addr1z9vcd07vpjluvr0v3hu8w9wvjhgrs9a2cwrtp6wn8ksrkwg8eke52e54lwe2gypfumgvsqzq6dkuv52wmcf9d2n3cmpsep4pad,true,542307.523314,1,0.0023
addr1z9vcd07vpjluvr0v3hu8w9wvjhgrs9a2cwrtp6wn8ksrkwgk0wezhh0sc6v8gp7pf0kn8kd2s0e29h4mvs2c0pw5yras4vf3s0,true,542083.823966,1,0.0023
addr1v9s9h9ml8shal0ka6pw4cvuckwc0zl9xacx8krqvnrs449schfplv,false,541961.773735,5,0.0023
addr1z9vcd07vpjluvr0v3hu8w9wvjhgrs9a2cwrtp6wn8ksrkwtkz54xtdg56vypxx3zxzd38f9ajxes2f8ht2fawl77pkxqk3ftdl,true,541673.406107,1,0.0023
addr1z9vcd07vpjluvr0v3hu8w9wvjhgrs9a2cwrtp6wn8ksrkwd8xp09qsdy5wuz87thk3aus283z0fekljsujuwfws8fmwqfpku57,true,540929.296872,1,0.0023
addr1q8z23dv90ea72rrdnf929wswuljcxzvjdywkjd2ee5f30y9au9uvsyr25g8hd6klz3a5twv4gxfpj36y4hq29u2nhylqgksj0g,false,540336.268694,1,0.0023
addr1z9vcd07vpjluvr0v3hu8w9wvjhgrs9a2cwrtp6wn8ksrkwtf5hy3s3ck2yfw3p94e6jnjnpjpgmecqkdd73c8y774uus3rdhaj,true,539867.297871,1,0.0022
addr1z9vcd07vpjluvr0v3hu8w9wvjhgrs9a2cwrtp6wn8ksrkwtdptxsf9k9tmy00e4tffnl0wfg3fnz8sgswu7mc4nqy2rsk3l3q6,true,539024.066982,1,0.0022
addr1q8753cdcr9wlxvr9sr0e7uugg5lgjntexuh3q2jv69xetnmdptxsf9k9tmy00e4tffnl0wfg3fnz8sgswu7mc4nqy2rs7exfur,false,539024.06698,2,0.0022
addr1z9vcd07vpjluvr0v3hu8w9wvjhgrs9a2cwrtp6wn8ksrkwvcfzlwv0vvd33ntmmps5zgvdf74ayslfgwdu78h4k8yxdq267shn,true,538566.774531,1,0.0022
addr1z9vcd07vpjluvr0v3hu8w9wvjhgrs9a2cwrtp6wn8ksrkw2t4u9p0zuhr8g5fwf4qw0mq35fwnn3g64zfvrgj7d2ntnswsn0na,true,538256.293074,1,0.0022
addr1qx5hj92duls763ycs2nxhv84dczty9x4y8zdg0u7hymhc7k7e0j4tlr5wf8f0lg2u2ms88yn0h3hh3nsrzxvhvcpe5esh8taff,false,536966.467565,15,0.0022
addr1z9vcd07vpjluvr0v3hu8w9wvjhgrs9a2cwrtp6wn8ksrkwv7yahxxjawlehx7aeuulmag9u4rs56u5c0e0s2lj23xels48gzzg,true,535974.753993,1,0.0022
addr1q9x3zl7z5tytk8as6qhflh34czf7tzjd2uraquazvfn8nru7yahxxjawlehx7aeuulmag9u4rs56u5c0e0s2lj23xels625c49,false,535974.753992,1,0.0022
addr1q9q9eu3yyhm56p5l5s9070j2nlxvm4uhsdlpkrkzxl7znqxejqxspv0wgcvqthra2d56ljk3z2vv02t4fj9mxzuz3xgsg4lwmt,false,535791.844316,6,0.0022
addr1qxm4wspl8wl9gjjqu3lxumzmy4ereyvcgsk8henzzfm5sk9vvrq4ffggyryss4j8dqwa348re0dle5kvuvavrtz2xhmsf2vtmy,false,535206.212004,1,0.0022
addr1q9pw86wxrssfancrekm86sxkfv85yk9357t9arcp5d2uxcgtm98hpjf4228cx6emezfzrrjmeed5d0uwns20xrf8m5csn5kcxh,false,534687.21,2,0.0022
addr1q9ul2ve9n7g832uext2xn7pafrqvd0xrwlymv9sl2k8d9d39ngp4mppahetn3r5wmcl7cxn7z2rzxd4egvgjug3dnuhqccnsmu,false,534261.443462,2,0.0022
addr1z9vcd07vpjluvr0v3hu8w9wvjhgrs9a2cwrtp6wn8ksrkwf9ngp4mppahetn3r5wmcl7cxn7z2rzxd4egvgjug3dnuhqdvyr79,true,534261.443462,1,0.0022
addr1z9vcd07vpjluvr0v3hu8w9wvjhgrs9a2cwrtp6wn8ksrkw2sf9xdl60ksr5spt3nrqhqh0qupawd0cvza0vq84qahz8sm6k9t7,true,532763.635344,1,0.0022
addr1q8uusz9lm6uwhqz56ekucgfpx6zgs3q9jx47qgxwpea625e88xz8kfmwnvhayhd207g25uucrvgw0wyrktl2mvkawatqkc7zut,false,532280.186516,1,0.0022
addr1qyse0723qr2ny4pya5csqleexdwv2hgr6plv8gtkdqh747ppjlu4zqx4xf2zfmf3qplnjv6uc4ws85r7cwshv6p0atuqz35d6s,false,531077.406958,7,0.0022
addr1z9vcd07vpjluvr0v3hu8w9wvjhgrs9a2cwrtp6wn8ksrkwdty9hhzxawg5vrhaxjy95clqustym2kfjr7fzf9atfwg5qzu946w,true,530938.417455,1,0.0022
addr1z9vcd07vpjluvr0v3hu8w9wvjhgrs9a2cwrtp6wn8ksrkwf3dccuhwpq7f8rvlrf4x7um00ztfcrcxxnhl02m5ath5wshp98n7,true,529561.718686,1,0.0022
addr1z9vcd07vpjluvr0v3hu8w9wvjhgrs9a2cwrtp6wn8ksrkwfeq42mkrg8zgzh86lpm5mafx3a0va4xaue92mengdgdp3sfr0kkv,true,528965.808777,1,0.0022
addr1z9vcd07vpjluvr0v3hu8w9wvjhgrs9a2cwrtp6wn8ksrkwfsd4zuw7fv420dkt70ze9azf3dfjz4nkndm50f6tqtn0lszkrk3c,true,527641.918111,1,0.0022
addr1z9vcd07vpjluvr0v3hu8w9wvjhgrs9a2cwrtp6wn8ksrkwfj4hdr99e3mqrp8nh3qqnzzxf2sfluvyhxlf4n6z25h45s7j84jl,true,526288.095528,1,0.0022
addr1q8zdtd25aqp8plmtenpg583dzyu93qyw9h0cj7ns6zs5eaf6qelj4nmlzrhu8qha7p0jy65zjvu95unqk84yqnzzjcrqv2xu8k,false,526240.64401,1,0.0022
addr1q8du06k4g8awug0e6zr8ncfx4ewspux7pe62e0s8ptzg3r3t3mwhs4pa38q0wrfg4mqj3yj953duylctc6gt8lkyxsxspz62ap,false,525029.03,2,0.0022
addr1z9vcd07vpjluvr0v3hu8w9wvjhgrs9a2cwrtp6wn8ksrkwfhqemcjal8dvung8x8gmm8msvcrvx9ntymtgls934hlwesme9xk8,true,524253.373782,1,0.0022
addr1z9vcd07vpjluvr0v3hu8w9wvjhgrs9a2cwrtp6wn8ksrkw0x4fzg2prwdxwaa7ln2knee5d3la59vygcdrhh3qkavvfs2uk9q7,true,523436.697901,1,0.0022
addr1z9vcd07vpjluvr0v3hu8w9wvjhgrs9a2cwrtp6wn8ksrkwv4ymvxrsjx6xhydwuc6qmqp622jdpku3vsf3fk8s7yd5wq0u8jah,true,522319.756063,1,0.0022
addr1z9vcd07vpjluvr0v3hu8w9wvjhgrs9a2cwrtp6wn8ksrkwfzg94afys8dn2y036rjtaet76fquu754dhpu7ugrm7rgjqhk2z6j,true,521641.013188,1,0.0022
addr1z9vcd07vpjluvr0v3hu8w9wvjhgrs9a2cwrtp6wn8ksrkwt9wj4urte4gerl7kad2ep08alfpta08z52rnevg7fyfmcsudlxm7,true,521631.424827,1,0.0022
addr1qymcqqcy62esgxxp8wac8edd9qhz3ud23mslcv7xq5pwn3ur8s7l4g4r4u2ajfg33zcwuy73ks3t7qsuk0qmhkevwtysyj65nv,false,521244.973575,4,0.0022
addr1z9vcd07vpjluvr0v3hu8w9wvjhgrs9a2cwrtp6wn8ksrkwt3dm20vss3vpct3xpzm2m4rjfd4d4nyuferyxpcktd233scw3hp7,true,520672.180855,1,0.0022
addr1z9vcd07vpjluvr0v3hu8w9wvjhgrs9a2cwrtp6wn8ksrkw08vggtw5vhu7t0frsrzes5r7qk2ctcd62fy4cy8cy8dtmqsgp4hz,true,520306.765102,1,0.0022
addr1z9vcd07vpjluvr0v3hu8w9wvjhgrs9a2cwrtp6wn8ksrkwdqrngm982wmxfec02etkna0qnanlghhzzdzjpnck2f97fqmnjlmj,true,520272.731094,1,0.0022
addr1z9vcd07vpjluvr0v3hu8w9wvjhgrs9a2cwrtp6wn8ksrkwv38u7j4jpyfl6f69wqhl3q9phsqedx42n9nj5acghhh4hq7mz64y,true,519884.525568,1,0.0022
addr1q9u0j3tleucxg2jftg60hg98s8wm8cl3vfcxaldzwj8n204g9ftlcsjj2gfvvajdzurdzplxda4aly6chg8ypfshc3pq93tyag,false,519879.277462,1,0.0022
addr1z9vcd07vpjluvr0v3hu8w9wvjhgrs9a2cwrtp6wn8ksrkwg6u6wm3v0lsk097c5td0vj5hhnlj9rkfw7uvv2uldn6npqyajkc5,true,519869.450044,1,0.0022
addr1z9vcd07vpjluvr0v3hu8w9wvjhgrs9a2cwrtp6wn8ksrkwgjc65fequ9g0jy0sx88gj07axkhkqzxx7s3jntm8y36hgs6q4l7u,true,519852.178033,1,0.0022
addr1z9vcd07vpjluvr0v3hu8w9wvjhgrs9a2cwrtp6wn8ksrkw0cl8sj88elvsafthr0fnxpavvs9jgysespvljwhq20cfjsadgpyq,true,519844.83282,1,0.0022
addr1z9vcd07vpjluvr0v3hu8w9wvjhgrs9a2cwrtp6wn8ksrkw0lvemhs2xq4pdl7zgpnq5ayqqq2v8ku9kpd7rmcvpw590qlp02l4,true,519844.217253,1,0.0022
addr1q9hf9prr9xnctx5n3nnnlpep0hyg5nvm26vqa5glzxulcr8rwu3t95zv97js7lppr6vqlg5w0exlh0gad5qyjefcaxzqppy5jj,false,519437.5,1,0.0022
addr1q87gnj6u6f83pspw0dsu5u8afpw8w7avjxxevnzjrdvgkasejxez0f24a3r4yxsedteatk23e463xfd9rvsnc64vz8qq3gl700,false,519410.176858,12,0.0022
addr1z9vcd07vpjluvr0v3hu8w9wvjhgrs9a2cwrtp6wn8ksrkwdwwamq3sg5k7z7ea9v2d9vk7pu0srxlhk2qf8nyjk207pstx89l4,true,519037.808785,1,0.0022
addr1q9vcuf3tsksfvkpxugult56r7d0gdxqj7qfat4veghajkn4qmfm8q4y8dws4guq5uprvzw66ycd4jtz78dwjphzsze7q0e5lrz,false,518908.384846,1,0.0022
addr1q9yyqqjtzwrrrmfa708806ullmrey9d02y35956l2rgvkzl94g04fqz67ylkwacr7teqsnmxuzt3v7ev385aumuaxfqqzy0caf,false,518431.903776,1,0.0022
addr1z9vcd07vpjluvr0v3hu8w9wvjhgrs9a2cwrtp6wn8ksrkwvmjp7d8xcx0tmxypz3nsa65x76wqgdwrl48q8jukv2s98s305tah,true,516544.672227,1,0.0022
addr1q8w05n49g8n3zvg6z99j30du2nahpykqz5qgxy84um4dsdlw806dqp8p0ymx40mt3ljs6pad2q6mk8663386amnk46msuqcuru,false,515183.54107,1,0.0021
addr1q8gquq4se2h5udt0n5w2qp5j205ku9dctafgcsv3qmjy4mx8luw8w4dy49487ud8ne98hgc4z68cd76vmd7tmyyylakqpvvzel,false,515077.8679,3,0.0021
addr1z9vcd07vpjluvr0v3hu8w9wvjhgrs9a2cwrtp6wn8ksrkw2eql9j7ycjrkuvw2d9ueeqvttjc96f2q9sf37vfgjf8ues56pvmv,true,515050.433019,1,0.0021
addr1qyu5uphj5d42w03sljrrgy06eqsme4xs3d5ufa564su73p3s03jk3xr7c9gqga2hw24fnymenm008uj2x5ucwuvx85lq0eh4a8,false,514998.7685,1,0.0021
addr1v8q74r8msyp62rsz7am27qwk4pfurytze6lzs5aytnwjmrgf5rkmq,false,514946.198734,44,0.0021
addr1z9vcd07vpjluvr0v3hu8w9wvjhgrs9a2cwrtp6wn8ksrkwwkdvhq8gnkzk5w64ql5sk236t4aryk0jaje405h9djtlvsw9eycc,true,514685.522658,1,0.0021
addr1q9mfkr7u4dzn7k7yk38gfeu4gxftg467vxhpgcqdk9yvh6cg93lfvhmvrqn4yzff9zx7zq7538ptx0d58xz3ct7vr5ksrq9q6z,false,514638.213351,1,0.0021
addr1qxv50y5rgqygzxl98ygyrzvzfvc9vvjt3dqc7u4xrsnlmhlh24lj5cm7p337rpeq30m053aljhjjpfjkncx5m6cdwjvqdtzpzf,false,514360.0164,3,0.0021
addr1qytqgpmqh6nnk8wpqu2dwd95spxtx0dd992zkz6s9y7nt94mm0zcxf4z62cqrn2ly29a80ev0s4u004vyalrun4makaqdc0r9j,false,512909.622158,16,0.0021
addr1qxkf45gchvc6uaa4hmld084m3l32mzt845m23zaf6cyv4fs272zx6ajhlvc02g8pchtanrd5y7y5ywt7zty2xfzqhwmsye4cns,false,512412.859169,11,0.0021
addr1qxltt2vreprdh0047jtjjvsfxyxk8nck8mw4qtffvp6y6z0e4d2f2ngpm5zkks9gn6nkr2qvndq5wrhlm3qt7dhjwjasa4w7se,false,511804.75237,1,0.0021
addr1z9vcd07vpjluvr0v3hu8w9wvjhgrs9a2cwrtp6wn8ksrkwgcd9q4m7m4g62jsflfwcy769xk2wuhw25wpkg7hx0s2rhswk8e6k,true,510547.957953,1,0.0021
addr1qxa8yvyeuu7ncy4may6ax2rv4pgmatdmyn5zu3va9nz8p9wqcav4qmdmqypz4fcg22j2zdj6r5rwzd04ufeq3k6pnneqf68h9h,false,510113.397175,1,0.0021
addr1qy9cvf68yg3u6dzl2gvf7za9cqqantw6e020283vzy65df8jcj0yyufvq9zv7tspg4pl5cnygkmsppq6vvp2ph7y40tqylajus,false,509180.237367,7,0.0021
addr1z9vcd07vpjluvr0v3hu8w9wvjhgrs9a2cwrtp6wn8ksrkwv2nfyf2x3ch23p76cqw6f2nfwy6k93lswhg8klc2d0279s6ftq3c,true,508909.190227,1,0.0021
addr1q9j96w6k3zjfs0khc772nzzs8xqhrt9auutmvq0hzmd5nup0k55pwzth7w9ayg4nrlt2gmu577l86rs669c2dh3tay6qpp5ypy,false,508459.271761,1,0.0021
addr1qy6genmmz7p0hppupupk55vw6r78qshnm3hsy7lkv5ahvf32m3plve0pqudal9fvpadytgngt6fjhv43y9szntl0cujqv8sz2p,false,507739.995882,39,0.0021
addr1z9vcd07vpjluvr0v3hu8w9wvjhgrs9a2cwrtp6wn8ksrkwvlvw83u0vkgkqr74f94xkf0yqg69fgl53xa3vfhktz9e4qhjs0a3,true,507565.597773,1,0.0021
addr1qyw5pvxsydvvmurnuz2l0mrysd6kf3fszvu7csa5ym0ycuulvw83u0vkgkqr74f94xkf0yqg69fgl53xa3vfhktz9e4qx64psr,false,507565.59777,2,0.0021
addr1z9vcd07vpjluvr0v3hu8w9wvjhgrs9a2cwrtp6wn8ksrkw2jvn9cs7x9hkv5mp2rkdtcdtwr2g2lfxrkss44pf4uuhnsu2auvr,true,507439.145246,1,0.0021
addr1z9vcd07vpjluvr0v3hu8w9wvjhgrs9a2cwrtp6wn8ksrkw2yq9e0p6v3eugkexqt2r9jsfrhven72vsc6844rsnr9dvsa50ae8,true,507280.472593,1,0.0021
addr1z9vcd07vpjluvr0v3hu8w9wvjhgrs9a2cwrtp6wn8ksrkwwlh7x8m89wcectxl0pf8nq7zgn466uwt2tggjvl42dkyfqd4gmuv,true,507189.358238,1,0.0021
addr1z9vcd07vpjluvr0v3hu8w9wvjhgrs9a2cwrtp6wn8ksrkwd2sqw90thcspl6pwn5wq9t72ps7utahh6vnxsdlmyselysrnnzr6,true,506965.387114,1,0.0021
addr1q96885jf7mz604m7fmk8qupu3wh7n6e2uufzntn20h0a3d3fy662gy7zd0gw3fg7wz76phjzj5srak4krwf6hxhapauseew6sl,false,506400.015876,1,0.0021
addr1qye93uefq8r6ezk0kzq443u9zht7ylu5nelvw8eracd200ylzvhpxn9c4g2fyxe5rlmn6z5qmm3dtjqfjn2vvy58l88szlpjw4,false,506133.231494,4,0.0021
addr1z9vcd07vpjluvr0v3hu8w9wvjhgrs9a2cwrtp6wn8ksrkwdr7p5ta3v5tq8qzer4spptqdqmhs262msy4a0at9ct205qffnwz4,true,506027.720381,1,0.0021
addr1q9sfclz33ru69w5uvr284xvydjd93nqw5ky8m90lyrhfkuyy98ej0ps2qpkpt0prjm57686fpn8djqh6safh4ftcf4wsscjtgf,false,505711.282861,16,0.0021
addr1qy6zp2y524ajksjjgtzluvl3lhw28q5lce30666e7zm8q9u3h3qnvn9chw77njpf6u9p5u9vlu6wx2yu0x93y4gyvpqs7qkq07,false,505300.215307,7,0.0021
addr1qye5krd28fs5p62ytucssmnxsf6phspcs7zh40yuwra6rwlygxhdg6c6345wwkegdxc9fat5hfc4mga54vh57anqr6usy472ju,false,505220.334277,22,0.0021
addr1qxdp3nxcpgcel6quedwnfv3jnc5rqzd6vst8t0vju27xgadcvr0h3uhglyk4lvmpfeq9gfvh08xew7unkdpwurykcutsf4w32e,false,505141.5116,1,0.0021
addr1q8je2yl7xmhh7k55aa78mh536a8n67s7xrf5l00sp7cl7506d7nhmq8z8p52h73krhzqaq9qfmmjnhxcth9p7tm3fr3srxt75y,false,504964.796356,1,0.0021
addr1z9vcd07vpjluvr0v3hu8w9wvjhgrs9a2cwrtp6wn8ksrkwveh2menvj8q9v2la5k2tx07awf70u7rypmcsmz4adwjr8qe7h7lr,true,504656.248942,1,0.0021
addr1qxkuw5rphusxl0x387ctcvlvxy3jghzgkjsc4uk24a45f7maf7aualvsuv92ejxcva3v9lfjqsmlzznwd998mqrdu9vqpu0xzx,false,504403.95,8,0.0021
addr1vxkztz078r99x55l55fs7lph9kp56duqzkuj9tdrky73wyq6l2n4h,false,504388.851139,2,0.0021
addr1z9vcd07vpjluvr0v3hu8w9wvjhgrs9a2cwrtp6wn8ksrkw2zpxfytqq7yjqv0vnd9tlr2268hulpqkccvqsk2x0jwswsjq40cm,true,504238.211387,1,0.0021
addr1z9vcd07vpjluvr0v3hu8w9wvjhgrs9a2cwrtp6wn8ksrkwvcvcv0du43uyr4n0tpa6889eu9wwvmykunu5l5974crf3qfepfwh,true,504161.27649,1,0.0021
addr1qyr0u95rke2l9y2tw8rv5daf386sp4cpgazq3d04dtf4pnu68vh3henxfuar8an2l527f0j3e4md26ppc6qpldzqn5cs8czvg2,false,503661.881736,16,0.0021
addr1q8egjcaun62ul6tklfg5mhcn6stwhnchqs680c9697ykdfv3wptfwxn58q9g4v8ahyjmg2xgjs9q2talsnzjty698saq3rx7q7,false,503459.90412,1,0.0021
addr1z9vcd07vpjluvr0v3hu8w9wvjhgrs9a2cwrtp6wn8ksrkww7lxcvrxqgqhqrt82zdfy0ndl3n8xv65q2evuf00snk0eqxg89z3,true,503437.787277,1,0.0021
addr1q89ywekxzgakj7x2x9c9tde5yrtxjkf6azqa6mzgddr4kj2m78svxe8hpjkq4nalgersvu6rufg3wj88c99l2henhujsgvvh24,false,503344.122969,6,0.0021
addr1z9vcd07vpjluvr0v3hu8w9wvjhgrs9a2cwrtp6wn8ksrkwvst2llym4esxzwhj2wl57jykx2mrxr3heppc2dtw4009tq46cjeg,true,503243.683476,1,0.0021
addr1v8cla364qx0ucqawp6xd4dx406j7qrxeskmm08v26qk85ag9ug4t7,false,502800.39,4,0.0021
addr1q8map7c04aj4q57d8k73amlv88tqhl0mmzzjwy9nqvcrclzyyrun4cuw3k0g8wuwh2qj5attcqs7y7krpcptgxuca9gsxf9hpt,false,502159.550717,15,0.0021
addr1z9vcd07vpjluvr0v3hu8w9wvjhgrs9a2cwrtp6wn8ksrkwfvt0cyyvyqtgye977tghjk0cv52htx35j625qdtym7fk5qf5p68f,true,501573.324095,1,0.0021
addr1qxcqga8m35zk9u4n2he3qla004n30p6cu4ehr9wvd5xj36evt0cyyvyqtgye977tghjk0cv52htx35j625qdtym7fk5qgnn0n2,false,501573.324094,2,0.0021
addr1qytyxn0wmdljlgpxj43pdlrn8jxf37vatggfg3trhkc7vhaavcn35qkxffjvw7k9vh86vemuvcfam2ty59sr7shnqw9qd3gpqq,false,501522.221754,27,0.0021
addr1q8an5z4er35act52zqellz829xha5venx9wtdh7rensl95qk0hdmplk29svcvamasegj3ruhrlzc45dq55pchlft7tysg9jq3e,false,501484.3049,3,0.0021
addr1qxhuam00u4d9fuu0kf0exwva8qjrr2w5z9neduy7s8x3vvzeqkwt7tqpfwty9kfk95nqmcsv7dn9hjrn9pgyycn0j3nqvk52ks,false,501478.946182,2,0.0021
addr1q94cd2qh0tq82gsm457enn2d6kxrhfz8m5k0vhcpqql76c6g50qsgzrm3d65qmn9rq6lxzv9p5dcvafs28vg7zpljwmq9trnnk,false,501182.071377,6,0.0021
addr1qytjj08hg7c860lh3wdhyh7v92swl8fvwye265dpuyvypkhesucr2wkz2s3ya88xr8s3p3qz4ej9u3003luakeqw3jpqrmknax,false,500767.911576,17,0.0021
addr1q8dz35kx7yy5h33jge3tmmzgvf74ffjlx4ngnls9q3pw69pdl9q0x5tevwtxzr9jpvkum3arem26z8ana7rqg9pjk5fsjyfrnx,false,500754.0,48,0.0021
addr1qxw8jyhdfta4sj4wpdq9e34xhhg9cv00pgagp559mgwwkscnwrnctg35knyvm883rrkuzs58qmveygsm74x7262npjcspe2ndh,false,500625.578417,38,0.0021
addr1qyq4exn3srtdjkm58pfkx6rcsc0ktlsx6wjgdkh3spjytp2ul86vqfpm02tazk22wxdyssp5wqwzpqpx70gf9vq4jmwq7fu5a4,false,500312.356085,16,0.0021
addr1q899c4r83049x6jvhc4vxzhm6h3egk9thpkukwgmehkzpdyhy3ypwqldp6tc0hxfapt8qgsudl7xv6smhxwzx9dtksas26rall,false,500199.365899,18,0.0021
addr1qx68vgkqmfdekgdyjufngyneprsahxgjsm3lgfe5w74jgwdq3xzucuu43dlc052x5grguu7dlxdvtyn575cwa08uknksn7fx86,false,500052.283506,4,0.0021
addr1qxymks6lkrthka99ruhtsuzes9ezdx87awdg73zc6vu6x6hnuqa79kvk0qw2pql6k2sxqsxx6p5s89phtgmfa47u72wqz39ava,false,500021.432974,5,0.0021
addr1qy2gtq2ctwjmjkjfckqmx28qg7nalp0xjpk0q0pxe3kt7cmnnnfgr5j54wxygyshyuc7854j58xdjw46wfmfjvt2fguslwl370,false,500000.424022,2,0.0021
addr1q84l3s5fcge8nt9hadcgy4d7zca2e7zae6t9pq6ed7r8c2c3486q0fwcpnh62nek5uy283uwcx2sfay0cfe68hps86fq7yf9rt,false,500000.0,4,0.0021
addr1q8d0qs8knv7et8s2yt3e26tym6rzyg89m73wvc3vc8uzaskku77kyp6rs4e6j5cymz3jl47s5lr8ezamsgv5p978k9msv7ank5,false,500000.0,1,0.0021
addr1q9g2krd6dzmyd7mcv7exaqgvlm96mxgj6ct8wvlf2p2eyfp9z3yn28xhkmwy0d8muqv2re6hy4cu4v7mem6ug4s8c0fs34enn5,false,500000.0,1,0.0021
addr1qyr7d9we7pfusyzp0mh92dm35grrp42fdq4vlu9s52uj50fkja940azlyvagqq5fvg72exd2phejgzvnxgv0aw9lx4ws5j4swj,false,500000.0,2,0.0021
addr1qxw5368ku5enmzk5l06ul6qfndgtwhtx6ylcdukppvxzn6rurrt4f80uau04ln7ymf3fxwglpxmhk77ym3q2pu5647ssf5l52c,false,500000.0,1,0.0021
addr1qynfpmpmemvca0fp6jhwfq9fr6skwr94zn2a60ez49rdhuqznmm0q4e8j5nuu5jjzf70t73xx7t6erns45a7s8mxhf9sjmsc76,false,499985.000004,2,0.0021
addr1q93awsahgps47tgjh3c5tz7avjhkp9vs8j2jyucj8a3qraggss5pd825m8wgr4lazs38ee3qagyqreulrgczpum7tl9qcmvlna,false,499616.238364,9,0.0021
addr1qyhz8g7yzxh0cxwnxvsnhcc2xtc444vvj4cpqgrqswxmh3u2f735j00m5aertdjvaue6kaenrmkeqtlecp8w09dg4f8sl4n5zu,false,499447.762643,3,0.0021
addr1z9vcd07vpjluvr0v3hu8w9wvjhgrs9a2cwrtp6wn8ksrkwf48hxtrq76j7m0dqaaw8342s3g2e3q6k7643wngeh5cqsqhczq0j,true,498887.897622,1,0.0021
addr1q9nayhngdxy63xa2fq69h6kmhqkn46z29ug5afejufmjclrw20r8tjtmnxsnsuws3a4kca5g04frh0p4h7n3qf6tcq7q8j6s7x,false,498810.416093,1,0.0021
addr1z9vcd07vpjluvr0v3hu8w9wvjhgrs9a2cwrtp6wn8ksrkwvul8qtmysdz4fdwm30z8aru5fchufvm0aw4lmqkf4a8hwqypd03m,true,498323.290378,1,0.0021
addr1qxs94w9jwnewsdd5jae473vkwd7uw2x9tmuqrnll38tutjq33f78gn7j65yhht8wse35wzcd9ec44m8kyl9gvd35l38s0y7ezn,false,497309.278943,1,0.0021
addr1q8tkmpp3zqkaa0rjq9qs2p0uglsana2krppndsf29ldr9rerz0hvu9e75eatjrte6ftwxqt2l90nesc59currhkg346s3haqws,false,496973.0,1,0.0021
addr1qyu0wlkvc70f8gt97e7y6cyqdrvxkq3tyap4fp0n6las7lkl0gagw5rslkjarv7v9ux8u5w40du0dacfm6psp762p58sq565rj,false,496609.762324,9,0.0021
addr1q927nkpzzzw4renyhsnqzl8gphafalxtfwjqyt24xjx5fqedklx9lx8r5cgjjwu5wc507qq8094n9qte299tmd25m75qac2xwh,false,496154.702652,6,0.0021
addr1z9vcd07vpjluvr0v3hu8w9wvjhgrs9a2cwrtp6wn8ksrkwvu2l8s9sued386pt8mfxtt9mfz0kcyr29t2y0k8kgs20rqumyjq5,true,495127.460681,1,0.0021
addr1z9vcd07vpjluvr0v3hu8w9wvjhgrs9a2cwrtp6wn8ksrkw2764q3w0hdn3tq54svzxzd5ad96yqgrkxhpu6sjt2hw3dqfn80tr,true,495086.923082,1,0.0021
addr1z9vcd07vpjluvr0v3hu8w9wvjhgrs9a2cwrtp6wn8ksrkwfvghsuph7p8q43cxzsdumsrxgkenducchjhpfszc4wpzesj74zl6,true,494570.499126,1,0.0021
addr1z9vcd07vpjluvr0v3hu8w9wvjhgrs9a2cwrtp6wn8ksrkwv9g7csjhugu2kaemg0le8auwrfg0x3j4ynv2gdcw783axqgg4skl,true,494033.344905,1,0.0021
addr1z9vcd07vpjluvr0v3hu8w9wvjhgrs9a2cwrtp6wn8ksrkwvgw28rmt205n3x8v5frkpnjxkmu0mgzc9pj3dj95jcgcjsh203jz,true,493853.280271,1,0.0021
addr1z9vcd07vpjluvr0v3hu8w9wvjhgrs9a2cwrtp6wn8ksrkwddqg75qtsvk9phf7ud70x9cdmh8q84pzha8djcas3sq50syedacf,true,493436.479212,1,0.0021
addr1z9vcd07vpjluvr0v3hu8w9wvjhgrs9a2cwrtp6wn8ksrkwwl6dzjqcnw8g2jxtypmuh0yjyv7mgheeyjydytf92e6adsugl254,true,492506.829651,1,0.0021
addr1q9c4vhx8r4svyakeznvjesj93vgd34yadxz5ynjz20adlxvgj5rn2z0vqfrat9560v7dpxl2fn3tsnh0rfr8hzz35w6sh7kva8,false,491630.008526,8,0.002
addr1qxy4j2ge0m3fvk98zwx4324z4knqm8uv2k4m7dsn2tdmzty4qw0qe8wkrw5l5vjkqx68npvjdzusftl96c598epmnenqsc5ann,false,488828.229491,3,0.002
addr1z9vcd07vpjluvr0v3hu8w9wvjhgrs9a2cwrtp6wn8ksrkwg3wd3am39r3qxcv45qysumrsgqqth87w6xdmqxmmug8mcqjwjw0f,true,488666.922984,1,0.002
addr1qxqdwza5k6q32g38emyduuwx5eflw3rv3sj4g52et6rk4805783wwyhyxc42766459skdx0kcrh9xquujlnl0uykznjsj4vtg7,false,488621.77,4,0.002
addr1q93k6rgprz5fxwkpvl2vgjq4pwejth400f8aldz2m3lj7khrnd05p259l0qjrf396am6wahv5895ey35y62fexta3q5q3cc3k8,false,488230.699639,19,0.002
addr1qy07pl29pvmy43alj4w3kyhs773fd2ca6znla0stvfe6272efhs58njrs82jkuf64hx5spwmzl32fr2jg4g4q0xxqrwsy9nlhj,false,486769.428217,1,0.002
addr1z9vcd07vpjluvr0v3hu8w9wvjhgrs9a2cwrtp6wn8ksrkwwhl4wddykm4s9ul6sxww6eaf664a2v8kk2cpze9ux3fsasawqts7,true,485772.433522,1,0.002
addr1z9vcd07vpjluvr0v3hu8w9wvjhgrs9a2cwrtp6wn8ksrkw2j2u8ewdeakpptahajn2jrtqc0j5hxt5c9fzpsgz5uwmvqjm6w0a,true,485727.452985,1,0.002
addr1qy5008072uxjjul553dy0kye5rsvexp03ayxa2s4232frcnztckwaacq55dq7py4pzskl22e6h2dqrrtrwkcjpsend3skzyse9,false,484531.361043,1,0.002
addr1qx03xv4xpfpthclm3wcf5t5tga7h35vc756z7qgue235y4y6heyrq5mrv90wtsafx5lht7nzjsf2cxxhklehj5pdznqqfawtan,false,483891.427659,8,0.002
addr1z9vcd07vpjluvr0v3hu8w9wvjhgrs9a2cwrtp6wn8ksrkwgcdwa6enwxp945rf46h4xxk2h24wx8vfklek9wnqsfe3fs8j4h8p,true,483307.322798,1,0.002
addr1qyuqthss3rf4v0hengtuua2l4w776pwsd85h9s0zufq0upnjfgslenzxe6zl2flq5f4cjdr0830738wp95kqcaegl84sdtcnpd,false,483242.748586,1,0.002
addr1z9vcd07vpjluvr0v3hu8w9wvjhgrs9a2cwrtp6wn8ksrkwta4ygpke40z33j7scdvcf03ymm5xjpfu45fuqaa9ly8dusq9x35h,true,483134.88039,1,0.002
addr1qxcgwz48ve0k2qgvxsg62nfphylj0yjguade2ndz8p0d69ra4ygpke40z33j7scdvcf03ymm5xjpfu45fuqaa9ly8duscmfmpx,false,483134.880388,2,0.002
addr1qxk0wv47v9phfe8r0uded37dpqguchg450ngwne5fj353evrvf6jgdveh0mku7e58tpk7k7eppkfprcs5mtzqqwknx0s4sjds5,false,482795.854909,16,0.002
addr1z9vcd07vpjluvr0v3hu8w9wvjhgrs9a2cwrtp6wn8ksrkwfxz9scacu6k7ljn9hq053dv864760e6tn3fk4qcu0d4qvsha40lp,true,482294.513205,1,0.002
addr1z9vcd07vpjluvr0v3hu8w9wvjhgrs9a2cwrtp6wn8ksrkww6aa3wamtrll4euj0q6xel992ldnzacdzlamzdv4fsafds0krfem,true,480890.986893,1,0.002
addr1z9vcd07vpjluvr0v3hu8w9wvjhgrs9a2cwrtp6wn8ksrkw2lua03j765xe2w8w6ge4hjhnvq8wp0rwgap354xutu3f5qmwydd9,true,480536.01128,1,0.002
addr1q8wecgs27fsj9uy7qczwrdrvwq5mzhlxde2v6zch2yum64km0l5lgz9lysj46zlgt28s6uw7wpf74hhkh00q76396hkqcpudhc,false,480000.56,2,0.002
addr1q9artm60a9jk93jnk6ug2hwtj4pkmumykf9jccd8hpzwtjccf22nff8396jdxpu42fvl0e4vd364dkksauvn99pxvp4qdgnj49,false,479077.278517,2,0.002
addr1z9vcd07vpjluvr0v3hu8w9wvjhgrs9a2cwrtp6wn8ksrkwtc2l7etpfzsgh26wj5ucxxva4m42c00ezfkzqzesrqup9qlme0qg,true,479001.93804,1,0.002
addr1qynl4kglgu98rr5tnpgr96spuxcmpl6wm88qtyqzmddjxjvjkvylkdgzx8fv50jkw04ye7p9vu8tf05wvk9faphpn6gqwyfkz0,false,478936.773996,1,0.002
addr1z9vcd07vpjluvr0v3hu8w9wvjhgrs9a2cwrtp6wn8ksrkwfl3rpgfkvy72lp56khtxtahuanq5rc54nz4t7zexfmuqgsty2nvh,true,478689.232571,1,0.002
addr1z9vcd07vpjluvr0v3hu8w9wvjhgrs9a2cwrtp6wn8ksrkwfemtlrwvqjw37rx0lanhyr39e48x40sstc6d9zu78muyzssxaztq,true,478203.924259,1,0.002
addr1qycy9nr9pm24wfp2uyqqduljexdh8mvngak3xhxtvz4jpylj8dxsw47hux4g8clhtr26htga0ysym3azxarw9f0zxu5qnutasr,false,476787.149816,37,0.002
addr1q946d4f6sap4czl5feglh8lvgz0k9qwup8p4dnrr3lct3pl5snsu7j7v26u2q8fn4pcfmtkh7906lw6ckkmly9ts5ggs666fy2,false,476222.31646,10,0.002
addr1qxkmqa47f2k7lq7450cj3wgaglpaum5m9qqglexxwar4fasut6gh4u9l96jr3hs6fhaxs5ldyqjatzlugfxythskjdxs9nsvhh,false,475176.982295,1,0.002
addr1q9tankg6pqnm45jus52fsrecy69axg3n5lnk38e4ch7arwtpmz6m0plsfcm89mmwat32c3gpy374ateymrz8fvjs709s242ykd,false,475079.554776,20,0.002
addr1q8x7q2hzar86eg2qfh9w8mgg5adr85hqts66vx7v683vmzx4f4k4lcaxjephe7v78u096dtv6z5x8svm704hcu0kxqfsjsyd0u,false,474958.784804,7,0.002
addr1q8g5mateyv8n6ntaqswmvwvg4dy8f7d2p75a5lh8x2w4k02npxy5z885ljwyjsultqquzvdyyndghz7j7rvl55a2drss3v3ym7,false,473517.274916,11,0.002
addr1q9csqmqsql9lradnqcpqtd05j2arh20mjkpsq2cat7v6vhylmh4sxmnxunuzlyvpa66n2qxyj7aku9wjx63cmrwfxywqvcnr6j,false,473233.541779,13,0.002
addr1z9vcd07vpjluvr0v3hu8w9wvjhgrs9a2cwrtp6wn8ksrkwftwp0tztp3pxpwxwy7dfpm6nr50qw9eeu9kw9jds8kpkqqar04cd,true,473018.57466,1,0.002
addr1z9vcd07vpjluvr0v3hu8w9wvjhgrs9a2cwrtp6wn8ksrkw2f2nwc4czmg0dpkdkfw9wjl9pvgdwfcpxw2qydmkggh2rqpl303f,true,472627.765282,1,0.002
addr1qxqz8saaqke2qsmux8rk90pa4qy88ad8qls8yuw9j5lfjkhja9p3nwxf9jfhz8kcu3rn8t5r02wtqlw50xhhq7p4p7ps725lwq,false,472510.510835,1,0.002
addr1qyrl7upkssg3pmfpwer63vxv0egtm9tnlf5f6c4jp6mrr3hhz8zmsudmanxljveuykva7tsrpn3hmfejyvpj87pe824stjcwwn,false,472362.646683,5,0.002
addr1z9vcd07vpjluvr0v3hu8w9wvjhgrs9a2cwrtp6wn8ksrkwv9xc4s9mq8lv39dhgzpq38696xf96qewa024cf4gzjxw3sjzek99,true,472255.398103,1,0.002
addr1q8ptalaevwzfdpdqprq3e7wrpfu0qhytqftlqeye3rxgunk0vy89e9nmy9r4mvvvwqmt294cm6s9jqrklm7asd4fn4fsvhhkkl,false,472023.253787,2,0.002
addr1q8xes7hau3e27fq94pspeuenkyuf3xtsdr6t757vlvuhu0uy5a8clehvhdpqrwztc34agxfckk4mscfcywf9e6th3ldq3a2264,false,471223.661161,1,0.002
addr1qxeemtllcaxxf2x058l7n3zjauk23snatx6xdtl08asdtjdnnkhll36vvj5vlg0la8z99mev4rp86kd5v6h770mq6hys8hk28w,false,469872.15104,1,0.002
addr1q8gl2nfct7hagw7lkxq4a2f9nz363jvvjzzyx7ezgtadlhpmd48h5fjr7lw497ssrsfm5lvwfsfejfmckv7s2gm7ng0qrlrdug,false,469292.31261,14,0.002
addr1q9fvnh7r4htadcg62ukrgxxplcmkrhzd5twq5ed0hkjfxaanwj8gklq2tk79syzrjv9mrn0r96y8tzrqxtunct4cmasqee76ky,false,468824.888324,4,0.002
addr1z9vcd07vpjluvr0v3hu8w9wvjhgrs9a2cwrtp6wn8ksrkwwv3pujshze0ft29qe7a2umyfc54zza58g2gdpu6krnt0zqrzp8wz,true,468678.339919,12,0.002
addr1z9vcd07vpjluvr0v3hu8w9wvjhgrs9a2cwrtp6wn8ksrkw0lwf7y8f27hcnymkhdk4wpqlcsas54ltwn0263yq0sl2yqrds58c,true,468325.475152,1,0.002
addr1z9vcd07vpjluvr0v3hu8w9wvjhgrs9a2cwrtp6wn8ksrkwd9nwmq96rj265w97c5p6nxw4rxuz7nrcjjlqnntpjjs59qjhfaer,true,468171.523186,1,0.002
addr1q94lpv30xa6thnhpa02znmmz56ls6fnvkfy33ag5zgvtf249nwmq96rj265w97c5p6nxw4rxuz7nrcjjlqnntpjjs59q2w6g3e,false,468171.523186,2,0.002
addr1z9vcd07vpjluvr0v3hu8w9wvjhgrs9a2cwrtp6wn8ksrkw0mdc4w37hd7s99gncu0x8jyvgn9js0ftmf2d53gujusvvqesyzkd,true,467861.201129,1,0.0019
addr1qyuc36hjxpapp2ppsd0l9rmah4ejk3qvpr8wmc8sa65848e9v37vec5var96cvwqxx359au57anhlaccx42jeptqjkysd0lvy9,false,467498.9942,3,0.0019
addr1z9vcd07vpjluvr0v3hu8w9wvjhgrs9a2cwrtp6wn8ksrkwdd5y8zttyaqhjfghnas7v95xd94z2zcwf5922624jkxhcq6vymck,true,467495.835574,1,0.0019
addr1z9vcd07vpjluvr0v3hu8w9wvjhgrs9a2cwrtp6wn8ksrkwwdu0d0f0utzu3t9lj33ldllw09dxkv9u7kwxygnlnxemsszyuxvh,true,467383.15226,1,0.0019
addr1z9vcd07vpjluvr0v3hu8w9wvjhgrs9a2cwrtp6wn8ksrkwvk3yjd0nkykyr7kxcmjasje095ukn3xd8hcqxue8xesafsruwknr,true,466665.486215,1,0.0019
addr1z9vcd07vpjluvr0v3hu8w9wvjhgrs9a2cwrtp6wn8ksrkwdwtshd8gwcl5e52ekyctwt5w4lsn8ygcssktzh5alvky4qpwyacm,true,466367.901421,1,0.0019
addr1q8qa9w2ppde4zkwtvsk6xvt77m0uppjdyfmmehemhmls9ygt34lrrdrf52jl6kzprgl65ag5yynycaa4gur7juumkq2q36lc5d,false,464963.52075,1,0.0019
addr1v80nj6kcwr5jg9wzqksz5jrsgpva9vj7y7hel78waf0qgncppf69r,false,463294.690079,47,0.0019
addr1qyxhc8g9n97f0xjt7kpfa9253ghct2eh23mh8dz2kkqh6k036ygl80gs2cnhncwl3kfmrqrgk2r4ftzkkpm0hz5gqpeqfwqtjd,false,462880.666285,1,0.0019
addr1z9vcd07vpjluvr0v3hu8w9wvjhgrs9a2cwrtp6wn8ksrkwfsgfhnglpp4h4ss3nk5rh59waz68xx9aysyw2p3teyeensvje5gs,true,462007.708857,1,0.0019
addr1qyvjxkrmc2hkwje6t5q3wk8tfx3v2msd76fyazw50yxgna9ygv9vp2p4ru43rzxr8hhpmx56fhqaunm2vtpqjt4c879q28du57,false,461257.557764,1,0.0019
addr1q92a8tvm5u6e7zyhykmels5tfspf7m48wphh3dwtrngufqq3qhkrjx5xrvuvmlaq84mfne5qe3s8ptg28shuujwuynas3pjpdq,false,460232.284086,19,0.0019
addr1z9vcd07vpjluvr0v3hu8w9wvjhgrs9a2cwrtp6wn8ksrkwwhnng3dx28ladxlac3sq504fj33fa5n0qc5ljlthq690lsh5lxap,true,460192.840102,1,0.0019
addr1q9lypymddj0pdnlx7hattjw0zuht3fs56rsxw6uepvnuyp9uvnflwazqptmlc7vusn4fy4k7lxnlwslglhad2pketa2sqxej0a,false,460000.0,4,0.0019
addr1vyga4wnkzz9f7r63aeqycuffxqrgwmkwlrt88mk5clsmecqyvnw2w,false,460000.0,8,0.0019
addr1qx88pgwgw3pwaq5htcrw8x3vvrqxrm7y2nqd65us2sjrja2dq5xr9em5xs5q5nhlc6s75xp8dum36q6mffutex2hmhpshm3sxd,false,459979.725335,37,0.0019
addr1z9vcd07vpjluvr0v3hu8w9wvjhgrs9a2cwrtp6wn8ksrkwdng0qxr2asxpn8uzekcw7x8npuqhdj5s9w0s0af88dy3msj57rh2,true,459360.553495,1,0.0019
addr1z9vcd07vpjluvr0v3hu8w9wvjhgrs9a2cwrtp6wn8ksrkwttnyjc47pxgf3lc4svc2ujm703sv4qgjt00q54y6epzm7s3fm4jr,true,458626.188399,1,0.0019
addr1z9vcd07vpjluvr0v3hu8w9wvjhgrs9a2cwrtp6wn8ksrkwwmvg9kyv3h92e4us3cd86syh4nfprunwm2mseplmlppgqsqamk6f,true,458407.707193,1,0.0019
addr1qxrlynj0cjsn9pscey7g73znskqx9mceltv6pkn2tzyhc0qujlpay6j9jtvkznumpp75d6r04xajge78ps44qzrs73kq8qw62e,false,458385.96872,5,0.0019
addr1qxhjwmakwncq37v6h8gvu5mxe7n40ccfajyttezzzzexumc8kew44tlzgekpmuh4ajuelddcreztmnw7at4rktpmxkzs9p6dww,false,458214.349826,9,0.0019
addr1z9vcd07vpjluvr0v3hu8w9wvjhgrs9a2cwrtp6wn8ksrkw0mrqdp9hd2nvflc4vjdk7wzczj3x83u52g80a2r7j5lrls8xv8h8,true,456332.250387,1,0.0019
addr1z9vcd07vpjluvr0v3hu8w9wvjhgrs9a2cwrtp6wn8ksrkw0998cqam7p5ckqdct8x27armzm5993v8ynjcz8c7d27dms8w5sa8,true,455773.981354,1,0.0019
addr1z9vcd07vpjluvr0v3hu8w9wvjhgrs9a2cwrtp6wn8ksrkwd68yc9qxpykgygqn63zjmqutjp9cnhk9wr7xlf85dqwmas8cduxp,true,455084.090533,1,0.0019
addr1q8rm6uqk4yqdzxrczsr0lutw6wzwgkzvhervpk2a6pjn25a68yc9qxpykgygqn63zjmqutjp9cnhk9wr7xlf85dqwmas8xtvc5,false,455084.09053,2,0.0019
addr1z9vcd07vpjluvr0v3hu8w9wvjhgrs9a2cwrtp6wn8ksrkwtu6zdr3unhnm232929ga8qwqmnxk4z4dlk6gr98dptwl2ql9wpgl,true,455079.015967,1,0.0019
addr1z9vcd07vpjluvr0v3hu8w9wvjhgrs9a2cwrtp6wn8ksrkwfxfktuwgp8t4trqvftjelq3yud204epc0ykvw86870j2wqewjn75,true,453814.585866,1,0.0019
addr1q92ktmkh3jll2d9qu926vkc53u03zs49t5rz6s6phfx03vrup32u8zqxy0vkn52pxrshkxrqf9juc66ae5lzqgr8jk9stmel54,false,452956.795508,1,0.0019
addr1qyz3ct0tfvgnecj5p9gxal93f64gjtvmsf7cr259m6w2qzmlsnssqfgjydvrme87l7hu7lwpz5x2cylc0dhqk7z9ejhq7yx7qe,false,452535.293185,4,0.0019
addr1qxcpnawhhluhgkuyptt7memdrsmjqjahxt9t77sdcp3p3uus8kfek3wjcvcmwht3m2kguhutansl9rkv3axf2ycxj9kqywz3en,false,451038.057466,1,0.0019
addr1z9vcd07vpjluvr0v3hu8w9wvjhgrs9a2cwrtp6wn8ksrkw2l5q4man5e8mtz84r4pn5sxzcet8yxv2rnm4eju72wqg8qkwjtvx,true,450538.768657,1,0.0019
addr1q8ugdmdv4ttafywmfj2hkpjeyhsdc4z0cp27j56zgagxkmkt6wpgdl0jrkase0lkn3z0j0rcmvf47c83zkag4h9ngnrs25azc7,false,450276.955101,29,0.0019
addr1qy2tv7eavgjg3uman8crzgvnfsczqvc9vnu05rsar0rdql59q2z966eeywn7jmzwujutakmsu9tcckh8trzwzccjp2ss4q7vq3,false,450253.243696,1,0.0019
addr1qyemgavut6gd3jggadtm8fmsldg0k8r77da8fx888cw5p02j2c79gy9l76sdg0xwhd7r0c0kna0tycz4y5s6mlenh8pq3w79fv,false,450218.83536,1,0.0019
addr1q8spd7zuj9np07276dngq0g0pu5pglkhaf3vykm7me5a4ylugn49z8x7t0qqhp6ezl8ls89228wwvhqx76aas87lukfshhqmhd,false,450098.672195,1,0.0019
addr1qxvlz625rax3eku69q07zf8h50d9az0ttsnqrd325tp7whuue9v636u3w89u3lw9ut67z83hx05m4gstk6qzlcwtlufsj8f7dz,false,450000.0,2,0.0019
addr1z9vcd07vpjluvr0v3hu8w9wvjhgrs9a2cwrtp6wn8ksrkwvxk2ssrlhpap365gearm3m69956zn2ez80kq9m7ae85k6suqdmka,true,449865.770645,1,0.0019
addr1qy3ya4zw5lkpzrr4kcrq7pg4pr72hhhjuydxylmp79qc26cmwvdjxw3f0ech6t6rgu9g5elell43epdm8tdpagw0n3pqxxj29z,false,449654.44701,13,0.0019
addr1q9nsd0stv3llw42nrgz9qcm8er4nmwugdtd4rre8pdlekk8pclsjx2fsxl5as44xdxc5m86zj7p0fw2k950xxdz68n9qflm5ny,false,449319.666352,1,0.0019
addr1q8hj4uksng6yansr6m86kum9qw9hwnd0c5as5mj9hhtzcx6yurjl70hq34yaf649jan4rv68zedngt3rtv7garjn6d6q7pasuh,false,448571.37461,10,0.0019
addr1qxdn5rn6wjy9au3d35lrw3m9v3r0gu0memcd7yxamynjlumvu4hekdlm87dne9f6g9pk2wdp9zs6cx28xzda9zzk0e2sgc6jxz,false,447686.812995,23,0.0019
addr1qyk9vxg2867ejaskwqwgckukvxxclp4z7e2gd283unuezjr6avt26fyrsuyz070mytvh7d09496jjncljqrex6nu9xus70w6ud,false,447588.061146,26,0.0019
addr1qyzgnk6rfzan3jf4uhlzyr97kfxxy8nn6kadc6m9y49hrk4asnlcawvgspl5ysfj6a0eclxanx0g0h65d6nx349p4swsqzlmpc,false,447161.129155,6,0.0019
addr1q8979dn6x226xwsrxk0wd8xh7v9ltnremdukpenq377qprq45nlyw090nc9x9ytr60rz60rjzdtksag3hkea36hk8t3qyj4my3,false,446571.213598,2,0.0019
addr1z9vcd07vpjluvr0v3hu8w9wvjhgrs9a2cwrtp6wn8ksrkw0m0nkzxr6czyt5utsvuf50kw3m9rk05krhkgj5ja6yzrqqfrf585,true,446468.851592,1,0.0019
addr1z9vcd07vpjluvr0v3hu8w9wvjhgrs9a2cwrtp6wn8ksrkwf4px2n7uz3gm8ff60h293am5nt6u7camjps97nq5rx5tus766tdg,true,446106.569831,1,0.0019
addr1q8jhfa7j3mhzrd46r60a3wp9dxu78e7d3g8dw49txh6w0p4tnhulx5wtzwf4jej9tzdtgzk8gpv7e4ajt9sg7pxwxp3sq9yprl,false,445569.343359,1,0.0019
addr1qyzd7n0znq3ufhmlk9heu24tpc63x63sx7wysxveccsxmmwh3ywtxgvhtzceh9jdhmvna7hwazlu0uvhh87yqwjcn04slf06hc,false,444917.840913,3,0.0019
addr1z9vcd07vpjluvr0v3hu8w9wvjhgrs9a2cwrtp6wn8ksrkwtm9rd3jurelwvkyutjk0j2jya7unpnvmrax6t4umtupxws4j89r6,true,444904.935539,1,0.0019
addr1z9vcd07vpjluvr0v3hu8w9wvjhgrs9a2cwrtp6wn8ksrkw0q554ulz99jsuyuus377du263sv2k62hhlulxg6m48pd2sz2d9kd,true,444603.430723,1,0.0019
addr1q826tg2hf7dvg8akud6dza99dnzav9n7heds5dj82xwgzm5r6p5xn4dsae3jwcgwkufyvmcxlk6fm4j6d7cr5lt4esms57v983,false,444574.926687,6,0.0019
addr1z9vcd07vpjluvr0v3hu8w9wvjhgrs9a2cwrtp6wn8ksrkwwsxuaxyfarv22glfrvnp3fdnerz2rspjcxzlqmew8qwxcset3d2g,true,444478.708288,1,0.0019
addr1qxfr9e2y9kqv42cueatj9623lp32sjdtj5eqgacyp9sygl3pgwhzyzgfdc86s5s2njtk0gqufeqrxgdhsvr6g7la99jq844m7w,false,444370.0,13,0.0019
addr1z9vcd07vpjluvr0v3hu8w9wvjhgrs9a2cwrtp6wn8ksrkwvrtqyvafde4ck6fs04jz2a9mu48q6asgzsuaesj9m7hq4qy9e2md,true,444317.853342,1,0.0019
addr1qx5f3u0xxechz5zvxrk4mzx6qstrr4307z6q5nr3xr9pp6wh07wsdyzxhvsx99gjtttld7389s349ej33pcydhcccyusnu8r96,false,444016.396536,83,0.0019
addr1qy3h0j3zs9s7spkf637yk8ppha8numlduvntevp4vhvhqnys3dnu29l56k5kyq2xupakd53s78yp6qm3wc7358yt0e2q73ka86,false,442667.190393,1,0.0018
addr1q9n2skeyehzdl4qyk47qf3emacyhl8c4vcew5lwvq794265lvw83u0vkgkqr74f94xkf0yqg69fgl53xa3vfhktz9e4qms2zxl,false,442471.578951,15,0.0018
addr1qxf6k0n6sc4kz6ch2klkx5a890fnjxvjgrc3nag485kgz58uqf30vq6wxrzhsaje38nluwcvxevqsg7jt6t7guw79wnq5y5m5x,false,442461.251553,3,0.0018
addr1q8rs47w3ctl68yamjevcxvrqku493v46wfcferuz46rczwswjyjpup4x428pm6m0kgmg6uepupc7tflt494kk9xpvknqr7g3za,false,442345.578806,1,0.0018
addr1z9vcd07vpjluvr0v3hu8w9wvjhgrs9a2cwrtp6wn8ksrkwdluszauhuppr0usy6wnr5dwskyqmet756yy4d5ljk7jxqser8zjz,true,442130.294755,1,0.0018
addr1z9vcd07vpjluvr0v3hu8w9wvjhgrs9a2cwrtp6wn8ksrkw0l23ky3k72dpxw2u6gyvt7ga94mfu3q06cwsgvhy7uw9lqh69fnn,true,442116.931625,1,0.0018
addr1qxgjgnqysjtu86qzww4ttelrj4slx9268w7l8kqwcwuq7kwvzcry9ugfyg8wuv2u8ux2kt4wl24mz40d3fdhe3fzvypsjy0nsa,false,441861.629898,8,0.0018
addr1z8p79rpkcdz8x9d6tft0x0dx5mwuzac2sa4gm8cvkw5hcnzhlpx5nss4msg5e3zhwd6rh2qxkeh6zjmnna8yt69qkurqke8y7u,true,441446.769,11,0.0018
addr1z9vcd07vpjluvr0v3hu8w9wvjhgrs9a2cwrtp6wn8ksrkwt96r6vyws4at6knrda6lag8dlmg63fxts63h97fe440w0sudtxld,true,441106.358121,1,0.0018
addr1z9vcd07vpjluvr0v3hu8w9wvjhgrs9a2cwrtp6wn8ksrkwwjydpjfvg3mcv6d3kn9n3rgx437pdunyxg30vvlmvyj6yqk26tth,true,440432.948018,1,0.0018
addr1q9wnfuwpkgu5vmxp3z866kjq2dw2y8q6lft28k2n677tgezxspre9kvxg8wyq4ax9ednvlqa9edxs7d003nwdut3p3cqth3vjj,false,440423.490739,2,0.0018
addr1v9we6e2kqexgj8k4243qjlyu73rzy5nnh2q22m84v5pgtxctf5qm0,false,440283.786218,4,0.0018
addr1qxuy9z9zdjvr3atf2kfsxdsq2899s2f9jaj6gtvnta7x6l0kftsfzzmrfzlenn39mk7knjessjqc807upf7cm7de4q0q85x3rw,false,440147.244504,10,0.0018
DdzFFzCqrht1awBNRuJCuWeT6MKVDR4dGTJor84DbJqqwVS188DubERga8GDcDUVtC1iLq7A4nfakeCn6ph7utD8mPABQyZo8QvCw3pH,false,440067.897348,1,0.0018
addr1qx0k3xtr78qdqf5v0h8exmmdgk694h0t6nddflmta7p0vs9dmuxzs4e2ta6j52rweqx3zzhh2j6h8erjypeth2t8ksmqcxsdn2,false,439698.422012,1,0.0018
addr1q8mqz0u7dq40gm3jld7qhmdwuucrwvaf4ldzvley7fvufcyalvhx3jz7yv6lznsvcepaszkzc4y6tvzeuhsj8dwtjvtqq6prjc,false,439120.423588,5,0.0018
addr1qxmck5mtsfqmua987wtgyfj7mrt7g0hhjqyw58cv7shzgurvy5qvptx90mcp00sdty4vsrlqp0pt7ja4cg6un0uueuaqyn25ep,false,437890.479749,6,0.0018
addr1qyutfek7l0wccmlde80zzw2envxvxa8dcjx7w2et3e9ez4y2haz5gmgx4l05hdrfvypjxahh8tmg7t85d9ywvxc3p88qqt3uuk,false,437831.641368,4,0.0018
addr1qx98kemp4rzhtzyv6xtzpv399wf7edaq5vzqpv9qlad35nzm3unw4v2cdrrr76y7ck3gcytsg8cgqv2zlwg39r0vr5jqzh0gs6,false,437562.810506,1,0.0018
addr1z9vcd07vpjluvr0v3hu8w9wvjhgrs9a2cwrtp6wn8ksrkwwxm0wm034cmfl27re6rhw2y464tv7vkhlmucc58upkjj8sc4jn7z,true,437551.992255,1,0.0018
addr1z9vcd07vpjluvr0v3hu8w9wvjhgrs9a2cwrtp6wn8ksrkwtgzepakl3g5yavgnlgtjaq2kem7ttzgey92vram095haeqe5ajym,true,437253.073861,1,0.0018
addr1q9mlqzcu7luwzlagale2ad803lguwnxjhq3le5jvqfyqchvz7faz5gyx5ky83vpragx54j8kuw3kc8s6ltuj9l53uncqnl9tg2,false,437041.229586,12,0.0018
addr1z9dth23wk9mm2ars073kzl35xc5463wh090qsarz822sfksvc2tu6qpceuyqea2xgl908wr733g0fsz6zsvvt8w7htps0ljceg,true,436579.452839,7,0.0018
addr1z9vcd07vpjluvr0v3hu8w9wvjhgrs9a2cwrtp6wn8ksrkwt4cfw89nc9296w6j3frv45glg0a8plf07nuu23hvug60qs98w7qy,true,436414.214251,1,0.0018
addr1z9vcd07vpjluvr0v3hu8w9wvjhgrs9a2cwrtp6wn8ksrkw06dlav8etntmdytadxs7ts00ufhvf2900zfv0hsx48t7gsr7ejuj,true,435775.849357,1,0.0018
addr1qx9h35zjezj2ukvv93jynfhcmq5lf5jss2qqavdtfzrxqfh6dlav8etntmdytadxs7ts00ufhvf2900zfv0hsx48t7gsqv5hdj,false,435775.849356,2,0.0018
addr1qx80pc0dkd2qrtsyl3ezrxmxuvd00d7wgct3lh0m2wah6lehnen5ps20uy7n8d34pxfq3uxf6yzexfutaw9muh4ly9ksulvmqr,false,435372.833144,1,0.0018
addr1qykkus0vvl0jnxntq6tsv0jchwjuakhy86ymldryvza4mfe57dsec0mndemzgz5vrzwzc46y0eelpvk9hcnsy0j3ed9qeujray,false,434254.237513,1,0.0018
addr1q8u5nk6fh7cxw7m454sp37j9whukl5klcd0grcsn7z5fm5kcfwcywytdmckgtdsa4k0nwzsac38dwnqhwvd5kukrcgzs24nxyp,false,433950.059359,3,0.0018
addr1z9vcd07vpjluvr0v3hu8w9wvjhgrs9a2cwrtp6wn8ksrkwtel4m93maflhcp6y3euec7x4r0937vr6alpd7zcdw5sr6s4x3saw,true,433940.900516,1,0.0018
addr1qyvk6n4qntrnhr3prxwc26jyc8vv3uxjha82yav5pe248ttel4m93maflhcp6y3euec7x4r0937vr6alpd7zcdw5sr6sj26v6h,false,433940.900514,1,0.0018
addr1q843ajx6hn2ls520f5lftqnleenu5262u54dtp7ny3rtl9g6z3z0h9tudh5j7cwrq7etjln6sn32u3qczp2awhsvwypss9xmyk,false,433666.5333,3,0.0018
addr1qywep227n20mzv6t869qrjmaly5q09dxcvrfsjkv9vgc6u4jec8vnztph7c57l7clxqvv8t2lkwugcz3ydh5e86g4nws8y60ut,false,433203.435615,1,0.0018
addr1qy9w44u44zh2rpwd5hvsc63mtharju45stfeyrvuaxyh6qdjec8vnztph7c57l7clxqvv8t2lkwugcz3ydh5e86g4nwsmtmyx2,false,433203.390594,1,0.0018
addr1q9gl0wh6sv2c4wa68ndrfcr6c32jnd6tflg7q436qlw22jdjec8vnztph7c57l7clxqvv8t2lkwugcz3ydh5e86g4nwslknewn,false,433203.367607,1,0.0018
addr1qx77dmap8fvvdcjurlhjlljm0fgz4c8qhzqew5kkh3nmc75y6lsq7we0829kc5ky36m7nq29msggm2xhm6mmdm88eh9qctjj0g,false,433203.199531,1,0.0018
addr1qxlmhrs6kjpk2a5hp7q3pdr5rkunyy3cfl7qpg4l43lk924jec8vnztph7c57l7clxqvv8t2lkwugcz3ydh5e86g4nwsy6pzpe,false,433203.188295,1,0.0018
addr1qxky44jxm6g7hpr9zwslzavvrek2x909074gck04jltxlq4jec8vnztph7c57l7clxqvv8t2lkwugcz3ydh5e86g4nws8354f2,false,433203.188142,1,0.0018
addr1q83hazevu5njylc84ajj42y6zrfa4xh0q0kdnkwwdkh2umdjec8vnztph7c57l7clxqvv8t2lkwugcz3ydh5e86g4nwseq655g,false,433203.187772,1,0.0018
addr1qxxfhng6ysnqrjh6aw80095keypvlsv22ncd3sa3mded78v5w6w0he6f0se883gfekde8zwma8wd7kd7hrjfp4hr2lvqcr0lyp,false,433000.000007,2,0.0018
addr1qyejqs36za68a0wug9z9mr00kfy7q0tksy65vh8mj8mqszjhuk22l6k9xr8c29y72vhk6mh308y2empj20nr5u20rf9s6f0l4r,false,432696.030205,1,0.0018
addr1q88hmqmpulry504glvew9749uhfuuemfmeaqfj9dy3l2rlt94zcj5yc85n0ymrqcr62z2pzdw5kjn6w0en7y3uhfju6qrekvg6,false,430933.885987,7,0.0018
addr1qy367h6qn5wj2ar4h82q9cs2m7fmph47kdv57cj2p5848yuj23462sgnrzekaz5plnyyaej3puung9ws3sf4sp0ulfwq9c00ud,false,430750.761138,9,0.0018
addr1z9vcd07vpjluvr0v3hu8w9wvjhgrs9a2cwrtp6wn8ksrkw0hg054zazdmmdram5hz32dw6k76nplnkefy8h9acgu6wmscyuazx,true,430739.877267,1,0.0018
addr1qx6k7kukxfkq0l0ddlmqx6929y59nc86gt7s3kmmdathxf8hg054zazdmmdram5hz32dw6k76nplnkefy8h9acgu6wmsnrjn2a,false,430739.877264,1,0.0018
addr1qxpgvmse7qfzg0r7249mkhlkhhyevhjdr08leq4qndn4p94zpklh543pm9yyz3c9ytmn245l73jj5tzps3kwm0mac8cst06790,false,430721.510669,18,0.0018
addr1qx0jwzlf0fyew4m7c7hup7wjdpcvvqjkqsmpmpwk336dkctsvzpu4u8693577wa6tj52skyf7khxd89pd22ce9s9kd0szn5evf,false,430688.850053,66,0.0018
addr1qyfjnkw45zjgygl59ruvms2wa6032lz0svxrl0quc7qqede2cdwawq99q465j6052aufl6f7fjdrkgrld7a5m25j64fqc77933,false,430063.98,1,0.0018
addr1z9vcd07vpjluvr0v3hu8w9wvjhgrs9a2cwrtp6wn8ksrkw2q480nu3qq75zd8lgwv97vgtqjcwpr7wgtr50ga3pp0kksc45kjr,true,430056.839991,1,0.0018
addr1z9vcd07vpjluvr0v3hu8w9wvjhgrs9a2cwrtp6wn8ksrkwta7frgtpz5hfsr89qjqamyjh5d2tpfzghu2sgr08y09mdqpz42ky,true,429676.146547,1,0.0018
addr1qx7tam2xetpt504gnynkwz32a863de8utq9gfkl4enetnuma7frgtpz5hfsr89qjqamyjh5d2tpfzghu2sgr08y09mdq0zsf3j,false,429676.146546,2,0.0018
addr1z9vcd07vpjluvr0v3hu8w9wvjhgrs9a2cwrtp6wn8ksrkw0385v803tz9juygzreggcwcfeqsjwlzp22l33yftpm3qcq0zzpx9,true,429655.521186,1,0.0018
addr1z9vcd07vpjluvr0v3hu8w9wvjhgrs9a2cwrtp6wn8ksrkwwd5hswqnq4v2zzhhxhjkkjfqwmvccre0u08lxt884qvzkqkvkx53,true,428424.605231,1,0.0018
addr1q98kxvn3dezdy29wj3s2mefz300gc9zr9akyzwt2ta4x5hkd5hswqnq4v2zzhhxhjkkjfqwmvccre0u08lxt884qvzkq902cc2,false,428424.60523,2,0.0018
addr1qxnnezhpqex2pfcvm7vljn8u60nqpvz8mcdkfael9gtc4rjhf757kh4k9ht6qkdqx4arw4xn9pzjyp29k38emlfdelfsg870w0,false,428343.04351,6,0.0018
addr1q8xgcululrszgm7wckaejlvdanc3dfr798c846h9dlza09h2jq6eyzxxxqzak9qd75zw3a8rvc94hmcpskytsmhmwtlqs5sy4x,false,427541.16674,19,0.0018
addr1q9t95d2t562rcv2hvm76x3xu96ugtr8hw324umjalfpm902gghwnd373vtfr7ald398pu6pg63hma04kp2m5shsftwsqj048ve,false,427386.235256,22,0.0018
addr1qxgzy586vk9tedv9545u0t7q0szn3f6fvtkl78sdxymexjwqtp399g29054wlh5fmnpd8emmsg6k2tl4vthqaqaznhpqwj4a26,false,427366.752792,26,0.0018
addr1q9gk246pc6m9tmh0fcq4revs20k6n65p7u52kel9uvdsyvww784lxyk8gjgvhamez6cfm9kqzzut65ptqu0t8q0wdlwq66yscg,false,427095.619293,6,0.0018
addr1q8jfgpchn54v0vga9wt8kj3ghuw28yl8a7ccvmcxn6ph97edg3zspzj7eavt0h04ytyvygcgwfe9eazldcnn75y3jxsqsm5auf,false,426786.40879,2,0.0018
addr1qxt2veeqg0vu4d4mvpxmk7d9kdks8r0u9a8rnm7ut85tf3q47mrx5uzpdn8xs270d6rrf9k5s3adqmlm02z8ugaat9qse4vk8r,false,426660.029376,1,0.0018
addr1q98xdvxxwf5ked92dtnjej347qq76rmjd3jmp8wkcq40cv4j2jjsjvxruvdyzwytz4ej38f3thar3mhf4prjqnrzuzasaj7l92,false,426095.478546,1,0.0018
addr1qynddhtzjnescf9y5p0ze99tz80akn34rr253m43ckkvqqwywcrvs4uwp5c69w0yg2hhgfnxy00jh5g54ffyxl3u98vssg54w5,false,425878.139218,1,0.0018
addr1qxgnfu7lgjmuhynn3mn68d5l5963qgxnzulh6uzdee6xqzzqfr998hfyu8s7q5tpdgsvku290zyjnl2y8ue2ptdjf07quw6t8m,false,425600.556079,1,0.0018
addr1qxrycxhcy3stls9qque0202xyku2jqsuxye8y8mvzrdmcqr4469n52fg28jxhk5nelm7lzzudv4pjszp3h8z73e9kk2s9j27yr,false,425525.443958,3,0.0018
addr1q9m3g8p8pp2tqly8nthnagqj3a5d33c3t5uw7mftkwqjm4wsxuaxyfarv22glfrvnp3fdnerz2rspjcxzlqmew8qwxcs5ppk5r,false,424471.408288,1,0.0018
addr1z9vcd07vpjluvr0v3hu8w9wvjhgrs9a2cwrtp6wn8ksrkwd6v6pdg30l22dund5fezm5v7h6yk69rym6dd3cm4lgnsnqsw3cg9,true,423878.221785,2,0.0018
addr1qxph0t8wta5arutdwk5dv499gxzx8mays707em0un3zzjrlgt2udxypq73g3v7d2mptq666c0fq20uvsk3he4g0uz9wsudpmy9,false,423596.0174,1,0.0018
addr1z9vcd07vpjluvr0v3hu8w9wvjhgrs9a2cwrtp6wn8ksrkwv4h77sxal2wuhqjmtsdp4lwt8yugrg02fujg4hv0vazguqrerh8x,true,423422.152061,1,0.0018
addr1z9vcd07vpjluvr0v3hu8w9wvjhgrs9a2cwrtp6wn8ksrkwwneu0mehg0yfn9xaxym2tq25t3jg2qz0krru8kdsgcxursy4phv8,true,422845.083144,1,0.0018
addr1q9ywzm95mhk8l7gla87wy8tzqfquenq930r2q2m8v36a6exneu0mehg0yfn9xaxym2tq25t3jg2qz0krru8kdsgcxurs68hhq8,false,422845.083142,2,0.0018
addr1z9vcd07vpjluvr0v3hu8w9wvjhgrs9a2cwrtp6wn8ksrkw2uvpckvkvgkm38k4uzt4mj5sfjv6sfgu3cld8fc6c5vhjqpfm6r0,true,422501.286959,1,0.0018
addr1z9vcd07vpjluvr0v3hu8w9wvjhgrs9a2cwrtp6wn8ksrkwf5s9ztla50y0qns6u9m6s0ssju546trgg7rz8l4wn82d7qn3pkva,true,422291.950869,1,0.0018
addr1qyn5x2y4pfh7t9lxt9vutt8v30zrrakhvg8xztyzy4rlhcf8gv5f2zn0ukt7vk2eckkwez7yx8mdwcswvykgyf28l0ssfndcuc,false,422146.865101,2,0.0018
addr1z9vcd07vpjluvr0v3hu8w9wvjhgrs9a2cwrtp6wn8ksrkwgtm98hpjf4228cx6emezfzrrjmeed5d0uwns20xrf8m5csl2ulxq,true,421174.383962,1,0.0018
addr1z9vcd07vpjluvr0v3hu8w9wvjhgrs9a2cwrtp6wn8ksrkwgmapf4qgj3hdxe3g5wgq2k7yvfyh52qdc3zsaly6r836xqx6fjnq,true,421105.998619,1,0.0018
addr1z9vcd07vpjluvr0v3hu8w9wvjhgrs9a2cwrtp6wn8ksrkw258rwus02eahh48xz6fsqdt0tlnwnl602ey50c9khu3nrs27uqr8,true,420893.963972,1,0.0018
addr1q823j5nmw00lyve39xv2f9t2wxamgkrdme2m3luls8l3gt4kdv0wzqa7p9j2y3ccp4erymdu66pp9smfzhs8k7rz0j5qjwexr2,false,420801.708335,3,0.0018
addr1q9edj45ce770r986s98acxqadjl46a8kuhpt8dn4wh5pedvy824fy3d9fkx2qty432hrcq6rrz235fqv2fuewltlqcastkuaeg,false,420463.022745,3,0.0018
addr1qxmjlevcfqtwatvhar68j8ws57akugjqqktu3yln7ptnx788v5chthnzg0t3k3hry9gwm39mnptmtvpk0p0lj5krwusqp8tc0j,false,420324.76162,29,0.0018
addr1q8vha7llrk28z5grx0e6khzuyzukayjmrjz67wfu9esrwyxltnngazz8k2s8ex0z85p6scqqnsep4yjdzef6r830qpustn7u0x,false,419950.15,2,0.0017
addr1z9vcd07vpjluvr0v3hu8w9wvjhgrs9a2cwrtp6wn8ksrkw2q8gquvuqdr7tc7u609tv06cpvjzn8h8jtwyqhr7twr9uq704vqm,true,419845.898799,1,0.0017
addr1z9vcd07vpjluvr0v3hu8w9wvjhgrs9a2cwrtp6wn8ksrkwfah80wsfh3qcuv86r9hllneyqhx0wlpqn5c7j6d54euyzq2uzu8m,true,419199.197045,1,0.0017
addr1q8dxe7388fky3zh84gqqtl8lhgnw9lu4chlxek0548fqxz8cvqmtc26287fr8j5trg4zfjvwdq4pr69fre0cl6lwzf5swclrag,false,419195.953898,2,0.0017
addr1v8km7nrkdahxdtwnwnlpj4yjkcv85h4lacfpvxs0hy69qds5jypkx,false,419049.0,3,0.0017
addr1z9vcd07vpjluvr0v3hu8w9wvjhgrs9a2cwrtp6wn8ksrkwfuy03u830hrvtjk3m86fhp7wvdnekc8hda2txufj3txpjqvegjm3,true,418778.617986,1,0.0017
addr1z9vcd07vpjluvr0v3hu8w9wvjhgrs9a2cwrtp6wn8ksrkwwdx4ufnygz99hsgmz56m8u69nzpd4wxvzdn9s4layzalwsukrt2e,true,418141.262306,1,0.0017
addr1z9vcd07vpjluvr0v3hu8w9wvjhgrs9a2cwrtp6wn8ksrkwd5k5lv04tpu8tsg6ugtuya9gy3dtu23tk7ldrffpt38l8qvmalvm,true,417866.668455,1,0.0017
addr1qx0zwc4s44qs3uueu434pwchd8tpsmlvl6v4q78kx7cjt2nfjz4n3qvw2g96w7z56j707nljam430ck9c6qsyzvdzursa8srh2,false,417700.454244,2,0.0017
addr1z9vcd07vpjluvr0v3hu8w9wvjhgrs9a2cwrtp6wn8ksrkwwec5a047k888rpc4cmmwury850nt2qgrkx65e94y47nprqxhmmej,true,417079.940696,1,0.0017
addr1qx5fcyq47pjl7ty83608c3de40s5uhmlulsl9z9j0sl5rs6yp89d5r7x73nwls27gd2lqtfq9ht7rdwxpj93v2htzk3qx2jk24,false,416778.64775,2,0.0017
addr1z9vcd07vpjluvr0v3hu8w9wvjhgrs9a2cwrtp6wn8ksrkwdfwyka8r6v7w6ydqvh7dmur2vu8f2ld0au5my52s5nvr2quvted8,true,416679.97768,1,0.0017
addr1q9uvcud5ktmmv5shnnyycxcydjrz7dx0jd9dywtlk27uw5743eywemcp9hkslfw578qnrcg6zdule878mtl7csmg4p7qlymj4p,false,416667.0,1,0.0017
addr1qxlw9dqlfgajwrw4zsxzyyf6rcdvz6guazp8k2ayyldw8dwpeehk62eqy427sk6g8yyn5tyat6d5gclza40k43gw8q0q6fdlvf,false,415760.878974,29,0.0017
addr1q847dzsrkqncq9v4p56k4fq838yslhmw0pkvczaauxek42zwltkymjey99qaqlzzwtz8q9vqeuhn2ksz20zexyd9wcwqq3kpqx,false,415629.127642,38,0.0017
addr1qx633zehdfnnjhnflj007wv8nt4mx6lr32c6pwtg46e0r093dxar2nhgsstjmd74s4kpckyhg6ww79mz6krt2n6xjgmqdyh6t6,false,415345.957363,26,0.0017
addr1z9vcd07vpjluvr0v3hu8w9wvjhgrs9a2cwrtp6wn8ksrkw0dfcuspuasjhd95c920f43g2tv9amksw32e7h4h3d0zcaqlpda47,true,415077.289364,1,0.0017
addr1q80fpqpwl44yy8zrkvxz6vkmsvzfds6r07nejumgdygut820x6lxr5u0u5y0aqk5wj9u8sfge4z50vzf9p3hdkl2gm7spg55um,false,415029.476649,1,0.0017
addr1q8jsqr670g5cyhrvg235l9t5np2a5dc83r8sjwgc9fng4mytla0xy5vwtpv5d00yueej8ph6qawf89m6thwgl8zw9vrsntvu02,false,414312.0,28,0.0017
addr1qxmzqctl2yxnv79w99tzvzzmray5scuk6zq69n7tch88eqklx67pywgd2f9stt3tcxuyhztmum2aqjvwkplfqtc9ycsszsggpt,false,413821.627376,1,0.0017
addr1z9vcd07vpjluvr0v3hu8w9wvjhgrs9a2cwrtp6wn8ksrkw2qmm36pr2lvx4ze3eurckr0wl9x4gmz4hy6s9w4vf70l4sknwve4,true,413582.966715,1,0.0017
addr1q9wy5strgeuwnnf8hrxedsmh3t8t56n2zfh2enxnud0ycewjq0es2xhe2etphscxw6042s4cc56vr56y7xdqcq5pzkxsk6p25a,false,413440.445042,6,0.0017
addr1z9vcd07vpjluvr0v3hu8w9wvjhgrs9a2cwrtp6wn8ksrkwdx98ewywy0zyph8cgfj37v5kjswuw7a2nmnkk4vzj9cqpqsqmuxp,true,412610.898516,1,0.0017
addr1qynzlnhmlgvw6nrzqfxmw9mf603lgkh48mz77e8tef8xf09x98ewywy0zyph8cgfj37v5kjswuw7a2nmnkk4vzj9cqpqcy5x59,false,412610.898516,2,0.0017
addr1qx9p67f5afj9469w9p8awq05jtchu95p5238h7maf4zftx4dq6znpx0elykzef06nneww0jwkk73n0k9ennn4rvw5x3smyl0ym,false,412193.545389,9,0.0017
addr1z9vcd07vpjluvr0v3hu8w9wvjhgrs9a2cwrtp6wn8ksrkw28g3m956448hwp8wf25yyc4vecmna7wcq74rjhj03xfp8s45p7h0,true,412095.335503,1,0.0017
addr1qy8xxsr0cd7sayhd6kskep0hcmwkmczdg0gnjufl0qt9t2z8g3m956448hwp8wf25yyc4vecmna7wcq74rjhj03xfp8swghxt4,false,412095.3355,2,0.0017
addr1z9vcd07vpjluvr0v3hu8w9wvjhgrs9a2cwrtp6wn8ksrkwtv047p602fkd8uhrngan8sagp9fmwzawff2vng2hpjnymsndfdnt,true,411605.311368,1,0.0017
addr1qxvm3hedj5nhd26lxgs9rsmusrg3t8nhx0v376fjsnz0xcmcfqxe85yj97nm80s0vfm9v56upxlg95u9wyrjf3kxpc0s5kexqt,false,411498.185195,16,0.0017
addr1z9vcd07vpjluvr0v3hu8w9wvjhgrs9a2cwrtp6wn8ksrkwtt85gs9gly5m9gyx6d22j7swculzdl2mgnzsw5345t88jsnlq9px,true,411244.835758,1,0.0017
addr1qysryr4y635vj3fj8md9m75rlrfk5v58zksfqxgr8ez363wg6447a9s45307hn24lce6ekk2m6rfzw3u97mde3vg9f6s5ta9y5,false,410853.264867,1,0.0017
addr1z9vcd07vpjluvr0v3hu8w9wvjhgrs9a2cwrtp6wn8ksrkw0a8hc3tmwezswkfm0ggl4h480udf7pwg0vtx4tv2c9aq5st6lars,true,410459.36271,1,0.0017
addr1z9vcd07vpjluvr0v3hu8w9wvjhgrs9a2cwrtp6wn8ksrkwvwaz42wzuetc7v9rhnvy36r8zvm9a04qgfj6a39sfj56sshw659n,true,410412.16905,1,0.0017
addr1z9vcd07vpjluvr0v3hu8w9wvjhgrs9a2cwrtp6wn8ksrkww98396c99ts6hfxlh87zd4luf3amntw0hk2slxhwsa02es32zfmt,true,410370.698709,1,0.0017
addr1qxyjaydssjpts0txj4ywnw0xfdtcfu8kdexm8w09gts0khe6x9c6ge36a2encyhef0w7wnyp4ceanw65t6f2twt6tsfqqlyy2n,false,409944.553184,21,0.0017
addr1qxukdu6hmt2nvkw5585hl9jcs7jacjzzyym0nq96m70uhnr2pseynhrkdl5uwgemjfemfcskpkma97mnjwcv5cwc7vxswheppj,false,408935.750121,12,0.0017
addr1z9vcd07vpjluvr0v3hu8w9wvjhgrs9a2cwrtp6wn8ksrkw0w567ytl8qqmkrpa4734qtdjd9euv9x682msa2jmncdawqf9mys4,true,408421.395181,1,0.0017
addr1qyuxlz22avrjfkvmjmwkya53h5klut342d4j03cmkd55zllw567ytl8qqmkrpa4734qtdjd9euv9x682msa2jmncdawqj9hpen,false,408421.395178,2,0.0017
addr1q8ehxc2htkfgu5nwxjs2hhy36vrdj23eajrvahhk9a242rc6exnmdlv6g0t56t4lerxq4cnywv2jg5c64g9rsda3sc8s6avw8x,false,407803.501719,6,0.0017
addr1q9qcsw2ev6p3n024j5epxq0hvgsny4nl6v8l2d5vjt9464lkv85v47r5qvevk29k4sw7zz4sxqm4a4y83ukttce877psdswwsz,false,407477.91853,5,0.0017
addr1q9ac6nwk88fvy9dkvc9qzcktdfqem7hd4qhxw8x47s5uxyqnnuhszy44h9sypy2yy74hz3vd7lhazlnn5nswxx70523qv9d455,false,407337.171209,13,0.0017
addr1z9vcd07vpjluvr0v3hu8w9wvjhgrs9a2cwrtp6wn8ksrkwgl92nxtzpaeuk97c5agd0902uakufgnd5wrefc0m9shllsapuyz4,true,407310.543836,1,0.0017
addr1q9zn74cmzwma9qkhqzd4qq5fxcl5yyzcu0vrvw2xadklvesl92nxtzpaeuk97c5agd0902uakufgnd5wrefc0m9shllsqq7nqp,false,407310.543836,1,0.0017
addr1q8dgsa42hhtwzae9c8av4380f48lp0n8fzwrj7nquf57e8evm2wa2q2u2n2ep7ttlc59ss5pdhv4ktdrsrytdnadatfquxk2ky,false,406288.481851,17,0.0017
addr1z9vcd07vpjluvr0v3hu8w9wvjhgrs9a2cwrtp6wn8ksrkwfhr0hn6r0j2j4j8lrvknc73sxcxljylgvk543ggjwtkzrsry0l0l,true,406200.669228,1,0.0017
addr1q9krs95ex3f7j6e35dddh5fke7rcrkgtkn0j22mp2ze60lhehkl4dxtmr8aaa7229dmwmaxsacq3cpd0n43lwm2pxkkqzuwkpg,false,406112.65502,17,0.0017
addr1q9xd5kccfdctjdd467cxxgskfa20tp3hm3eva44cgxammpv72auvg6h8ndk6a9hgwtq5vc5z66edepa86ak5cvqcnfas4c6yl5,false,406026.063282,3,0.0017
addr1q97eydy3wqpjm65wn0e8nkw4l2n0lv49286uxtmsy8hj3mrpzy3rx70am9nyrtc8huwhlzrr95fgjeg6uk3thv2ut5gs88f8ve,false,404834.058601,1,0.0017
addr1q8578d07t02szwfttltswn3r8fsyv0tw8yumjsy9a9d7wkdk04csjw7vw3c6mqymwkrvcr7zcvr45xgtv5snqntcu4eqt4nzj3,false,404716.084007,9,0.0017
addr1q84cmm6xd03ur8p5curunvttrzyhfv5kfx0jxds0vqnc0vzgn9h5wg0kwpy4eqj5gc5hjf97vyyh8urgl34a5yvuahmszqdj2m,false,404445.300877,1,0.0017
addr1qyryy92z2mfmwhlgy8n84akxr5cmks5gaxfv02828frl57653h80t98lpqu7fepcxcgdej0370psq9xqal0nee7m3hnqfag8p2,false,402806.272152,15,0.0017
addr1qxm3pug7hs5rkdlyhxwg2us4dqgzy8vws6ryu46mcqxndl3kgh9w2tags6us6a59yrqz3lgqvr54hv33p0a66d2ds9mqm94t54,false,402734.09681,3,0.0017
addr1z9vcd07vpjluvr0v3hu8w9wvjhgrs9a2cwrtp6wn8ksrkwtg6j2sgzdawnc89k9kv7j2raf8l66kvpxtpwmr8kkcvqgqden9dh,true,402124.569153,1,0.0017
addr1z9vcd07vpjluvr0v3hu8w9wvjhgrs9a2cwrtp6wn8ksrkw2pap0ve5aaf24p4500ygsfkzgqlkf7r4vjnemlhr4j692qddsn8p,true,402106.908024,1,0.0017
addr1z9vcd07vpjluvr0v3hu8w9wvjhgrs9a2cwrtp6wn8ksrkwfph00q6we03dd9c0yg8p5psnru4zmzkzprz7zsfqw4hfdq3kf2n0,true,401929.0946,1,0.0017
addr1z9vcd07vpjluvr0v3hu8w9wvjhgrs9a2cwrtp6wn8ksrkwde9q9h3xr6fq3kjkpe49uqftp7v37fnah9upt65mgrylfqmhsyp6,true,401926.398172,1,0.0017
addr1z9vcd07vpjluvr0v3hu8w9wvjhgrs9a2cwrtp6wn8ksrkw0f4cdq0d6jlyc2exh24m6qjrkk40478eqnwnwkcprlazksg8vrug,true,401785.749815,1,0.0017
addr1z9vcd07vpjluvr0v3hu8w9wvjhgrs9a2cwrtp6wn8ksrkwvu9hcl3ka42wqa07yneufdrflhvnm80c5k09y6mt4l237smtx3uy,true,401696.098572,1,0.0017
addr1qyhjtwxpuq7h9rx9263n8l2kqhv050mmgv4lc32yvg3j5jekvc7uwrjxn2ny9tpkwfhq2ualmy6pvw00ws55cr7gstusa2m7jk,false,401498.292823,2,0.0017
addr1qy6hhkvde47h2tqwqfv38ha4ae08ak2pqt3hg9yk2fsmmwn08m6ddhur0du6l577cd3x0geg9ztm9z4mr3krdw90k63s4td43j,false,401372.840411,33,0.0017
addr1q9w2umuptx4xf3ae2h2qewdqc80kglwqk9ufj67hlj6frjymtrk0nhhjjtvfn34f2m0atzxhk4475w85m8fxp3fzu6gqhv5k9w,false,400819.887841,1,0.0017
addr1qx3l832r97x3g07mzemg6xn5gfy5ncly94sc80an9uk0ns6g67xl9d6gulmdmhkxxvptdnvfyvrk52xmuk66v8yxsxyqyk9jjn,false,400399.050817,1,0.0017
addr1q90g5nnqcdsvtmysty8lqd3acwa2782hk4u82zfdjwuystq97lep0363n2a804uayvwp7s6t6lcwj7veup529w9gcg6sv2l4vf,false,400032.725226,1,0.0017
addr1q9hh02vcw60m2pt5er8zs7qxc69pmvmr64p8pggkmhd58dn83ghzdx3ss4ya9va7ysyqjrjme9aadrv6ystm043cxhjqy28xch,false,400020.1389,2,0.0017
addr1qy07568k85stjkaxux3pxj0exdj6fxchvw5f9tfclzs9c7fecgvqdp9n9pqsfzgrtmmyerd8pdqn3q276p46dagph34q58unjs,false,400000.510966,1,0.0017
addr1qygjakypx2qvha5xvhqmfj5fev6q89aj9nxn8dwdcd9xj4s3nq6l4qjfkkuhg8gwnq2gnyzyedpwrfuvpppmm8yzaqls5jgxmu,false,400000.0,12,0.0017
addr1qxq64waten67c97s6pqzfth6s7px3dnvrmgr38uyupwvftlc4qp02h8vus4nzefa93agcx9nej5yzwg5xmxtjnu5atqqup4afv,false,399931.986889,25,0.0017
addr1qx6nwnudeykdh2h9wptxmjsyl85hje6d4xv66txw3jt0j3tk4dcmpe95ecgfgpdz2a2v0ysy3rdrejlcdmwcelhqxw0q93fppt,false,399771.98798,9,0.0017
addr1z9vcd07vpjluvr0v3hu8w9wvjhgrs9a2cwrtp6wn8ksrkwd35lwpj8nzhsr5mmnd70xzcg5ecgp6wg539cc9hdtenj0s0c60qh,true,399355.301176,1,0.0017
addr1q9xuc3t47twkjm0370tp8rf5s90gpnqe262lenulmsfcrwau7rguanzqzn6kl55735q7yyuv2uqhzthkglh9ll6rynrqtq6qqq,false,399321.444911,13,0.0017
addr1qxkdg0qnyurpvd0fakfna9t7gdsr7m7hj7r2rcqk3dxgeu0p7eqzmhuvd8ylswe2a67xwhw0973vzt5vsz3zu8weutdqry9t96,false,398408.825061,39,0.0017
addr1q9494dh2up2slzlfkdgds2ruy3wmqmfr4c8575uc9xglw2npk6xcu99tlhq2ka0c4lhe4nvm06kh3memawmc24sg0lrsdcr869,false,398337.816011,17,0.0017
addr1z9vcd07vpjluvr0v3hu8w9wvjhgrs9a2cwrtp6wn8ksrkw2jdmhrqgq7xegmrajcy62z72aea4x9qs2w333qjfszf70qmsw6dy,true,398020.358297,1,0.0017
addr1z9vcd07vpjluvr0v3hu8w9wvjhgrs9a2cwrtp6wn8ksrkwvcxyljuaxej47jwv8zna4a65m9q7ye7tx4prnkhyszahwsfcclfl,true,397784.05667,1,0.0017
addr1qxqk2wwnw9hsnufa258mdw9pfugcng0k2yc54dl4pf29u68fqxtkttuk3ww8khw4xckj02m0tt33ff7kl4d5yaluhcss6340zv,false,397727.205515,1,0.0017
addr1qxflsqlleqsseg6ue6p8cect2c7us37w2zxww4ymca2ztc83szrgmmppeuchll6sa5y7elm88y0fg544jw7r6s55fjlsqwhpr6,false,397173.431643,16,0.0017
addr1q9s44tjx960z44nxt89y3jgamvj4w3sgg7w5enc2hu2002fuedwel2nus0enfeegx6mtre9x8h83023jyh9s9wxd8tpq0vnw5k,false,396745.991469,3,0.0017
addr1z9vcd07vpjluvr0v3hu8w9wvjhgrs9a2cwrtp6wn8ksrkwgpypgw0tffde84repsv2jy7ewvk9lnvwj4k7jsnrf9q0dsf3y4xq,true,395874.047661,1,0.0016
addr1z9vcd07vpjluvr0v3hu8w9wvjhgrs9a2cwrtp6wn8ksrkw23vc8wynlpwuhuz5xl3qd6z90lylg4j675yhax3ks9gg9quw2san,true,394991.37555,1,0.0016
addr1z9vcd07vpjluvr0v3hu8w9wvjhgrs9a2cwrtp6wn8ksrkw2qvl2skyx3m7496ant5k3fgavr2yxak5zynyx2n4c4kehs64yz6r,true,394415.011322,1,0.0016
addr1z9vcd07vpjluvr0v3hu8w9wvjhgrs9a2cwrtp6wn8ksrkwgzmvw9sxmfpr9fss55tuspd5ee8pd7mvzsz6354zfs5q6scdkszp,true,394309.360633,1,0.0016
addr1q80zwsd3sze4sqrnzt3hm8u4hv4fm8lzregpqa7qjujzhdnjpvugshu3alpnfx9pfmc7wvkc4h4ru3eglcczzlq4ltqqex2yrr,false,394053.942986,2,0.0016
addr1q8xxwmdxfjpqw378d68d83f69rdf97ctvwt9zajw2ut0tadza3he4lkr6eeqf6fxqt3zx59m54gyaqgxy4g5en6vncws9ku0yy,false,393267.435655,13,0.0016
addr1vxhyxumuh98fxf9y4d4z98q34lmtpgqaxxu92thp2ynvnrcf38k4w,false,393258.12871,1,0.0016
addr1qykdxh9tyk8crxrjz2uqz9zxdegsegq0vy0l5trkxmyrvqnl592f0m4dype6mh2wry3cru4ak7x0nd9g9w300w3kgkzqy6c8nj,false,393088.792267,14,0.0016
addr1qyzwkaf84yaavfyga7uvcmc7d8ht08nqxt6qpmpy8r5dcgvhquusvdnttky907chr27tfdwt0zlaup05l00sj63tequqyv5399,false,393012.98,1,0.0016
addr1qxpr2zy6znmyzmfqwkzdlvdccqpuc0mxm83t962ert32puapwl4g0uw6rp37svdts7ynfcutrsyzd5ac8jurh57s9x5q7jycy5,false,392787.917324,12,0.0016
addr1z9vcd07vpjluvr0v3hu8w9wvjhgrs9a2cwrtp6wn8ksrkwt4wfrz4zgmk52gjdf4rsk7y5dky76rkgktrd2876j27ycsgq6amh,true,392620.300067,1,0.0016
addr1z9vcd07vpjluvr0v3hu8w9wvjhgrs9a2cwrtp6wn8ksrkwfqer24mrmlwhu904sfwat44huqfkrgsvyfl8nt5qzrkggq7tjrye,true,392097.244614,1,0.0016
addr1z9vcd07vpjluvr0v3hu8w9wvjhgrs9a2cwrtp6wn8ksrkw28wuplafr70ez705a8lxa45mxmqgxhdatj3kpnkywfhdgsxsppm0,true,391804.287289,1,0.0016
addr1q9jufgh7f2msn5450rkcs8m7d603rv586fg7ytetlzu0hhz8wuplafr70ez705a8lxa45mxmqgxhdatj3kpnkywfhdgsdcz9c7,false,391804.287286,1,0.0016
addr1z9vcd07vpjluvr0v3hu8w9wvjhgrs9a2cwrtp6wn8ksrkwvea9uytfzu4093u5av3v8qsyqx2ff6ptqphyks33lygx6q0g0u72,true,391599.17157,1,0.0016
addr1z8p79rpkcdz8x9d6tft0x0dx5mwuzac2sa4gm8cvkw5hcnpe5sr7aa388r7g8zrsv95jpl3xzq680a98evwx7e3exc7q279xrl,true,391349.553548,1,0.0016
addr1qxd325k59v5zutl39drmknmjt4cz3vah94readmtgva27zzjqwf6ykfcuumuv6shvw6nmvrjg820s4dhm7y08vzmjn5qvyfd9t,false,391349.170592,3,0.0016
addr1z9vcd07vpjluvr0v3hu8w9wvjhgrs9a2cwrtp6wn8ksrkwws7hyn9k2cr2ew2lurksw2p98n7shk8d497cwygg2laq9que7tyx,true,391314.51858,1,0.0016
addr1qynvxpkcv55t3rnqswrsqa6yc0fspreara74wem7aql60cu8g5y42u6f276yrvkvgmkl9ygd9uy37ayyt774gs9d2tasrd2vy5,false,391047.024028,10,0.0016
addr1q8x8rdclnerqtqjznlyfn2attjqgt6q464333e6gd09edvthykaqh2mdut5gvy0lxmfxnt2ns7tvvze4zmpt0puh2d8q447qgk,false,390985.86502,1,0.0016
addr1z9vcd07vpjluvr0v3hu8w9wvjhgrs9a2cwrtp6wn8ksrkwdx3vk9sccnre2uflq5vcwy9r38sq6pcqd7tz2awehl5shshma9e7,true,390767.778065,1,0.0016
addr1z9vcd07vpjluvr0v3hu8w9wvjhgrs9a2cwrtp6wn8ksrkwghthue3krya3va2qum3ja3ves5grasd7c3p0z8kjqrvfaq9fy05x,true,390381.92574,1,0.0016
addr1qyq7ltzxn3j0c7sgaa7gj2y2jrrenvngpq5x53twx4h2gd0arj6s4vkzcwu8leruc9zaccu9cwskv8uruke6gp3458hsatj3vs,false,390165.229315,15,0.0016
addr1q8xk3u7hsmget32ym732d3slucapz48wh8e2lysvs7rw65e7mgjydnrvvc8gl9qagcl5lrn3nq9u85dd40uktvcf3geqc95tmr,false,390000.0,2,0.0016
addr1z9vcd07vpjluvr0v3hu8w9wvjhgrs9a2cwrtp6wn8ksrkwv60r4u86ct2s83qkwcghg3vwuv48ywa4mechpmh8lvel5qm49z5l,true,389998.901769,1,0.0016
addr1z9vcd07vpjluvr0v3hu8w9wvjhgrs9a2cwrtp6wn8ksrkwdull8nlz3u8uqwd0we40fkkk7006m0r864493nfnra4mmsqc8483,true,389883.180471,1,0.0016
addr1z9vcd07vpjluvr0v3hu8w9wvjhgrs9a2cwrtp6wn8ksrkwtd9uhenfvsh9h0su0za9ypql87raz3wlswv6c9peu02gfsg3gwar,true,389883.137964,1,0.0016
addr1q85supaz530gx99nggzf4z0n09w6wgf6tv2pcfyuw8l6lltd9uhenfvsh9h0su0za9ypql87raz3wlswv6c9peu02gfss6gyzy,false,389883.137962,2,0.0016
addr1z9vcd07vpjluvr0v3hu8w9wvjhgrs9a2cwrtp6wn8ksrkw29nu5unyhwvpku4pnglvp603jnch7tf3ak4ehrxwuy3ftsau24pp,true,389085.670741,1,0.0016
addr1qx70v7wfrcsfr8847ts05uak0g6kwsv0dl9fx6cqa8n27m69nu5unyhwvpku4pnglvp603jnch7tf3ak4ehrxwuy3ftshl69k2,false,389085.67074,2,0.0016
addr1q8mqywkn93c95ufffmxwfstaffpxl55q7r7shflmnl8erkq6sfr0sflvl2uush6eyyf4ftvdyywvtj0f560armyd60tq0xrcrj,false,388610.706442,1,0.0016
addr1q9atyensnzwsgzzqzg9d478pwehd93hzd9f9r9tawze9p3626440dvyy886qw6muk5fqp6nfl8n9x80gaxjcylu53wesjf2fah,false,388310.9154,2,0.0016
addr1qy9dq4rnuzxwuhkzadm4af786mfh5p6h3j0nayqkjet0qpg3lxgkftjshnjuuaxx0tfndld2jnrdgs3f62357hknr0vs2vsr3j,false,388220.86,4,0.0016
addr1qx5y2m4yt052axu4dqfwv76j0pc25xyr57epfgqff0j56ftaqrv2p0ew0tf8cvssyz3xchr0lhcykagkk0hral0g5gds2t82n3,false,387463.6652,2,0.0016
addr1qygzf5k73u38zu7mhu84y56z7ne87l9wceuagesa2n6ga2m89xqu3fgnqe9ce9a0puktzk4a7ghmvlqf2dmjrs673w3qg0tqe4,false,387432.530071,6,0.0016
addr1z9vcd07vpjluvr0v3hu8w9wvjhgrs9a2cwrtp6wn8ksrkw0cccmqfmhqd4kyvfun64kmujt6fjapsju3c9e6mhtre34qxr4h6z,true,386594.347504,1,0.0016
addr1q92f3gxk8h7ngqzrywquwd2uksxc2pffpptcv3vllr59n4hcccmqfmhqd4kyvfun64kmujt6fjapsju3c9e6mhtre34qecnfnq,false,386594.347502,2,0.0016
addr1q86tmtyqjnhau4thk06ymk444qze0eswz69nuq8jecft53ewwa0sx99nc7wd7ufvkn3waxjwz7qtnnpnkl76l77cmrtqxhyjqt,false,386383.301174,7,0.0016
addr1q8y0jxwh2x2v2djm4eq8sxwzka03zg8h9ydqcdhwltm4vr4nfmj8htnudvfmmv4lnz5g4ae0p4ahlj29t4fr78g6eakqwpacvc,false,385394.737863,54,0.0016
addr1qxn5288afzwqmgmtph78e08jhkkhznjnj60a0l4uv6ym854wyxk5esgll2j4fdztl4z87txy3mg6salzfyhaqr4hp7ksln3hz9,false,385212.900511,1,0.0016
addr1z9vcd07vpjluvr0v3hu8w9wvjhgrs9a2cwrtp6wn8ksrkwg76ayjqexxzher43jzfvrc7ff2nvp6u8jvzswve9ccgxgqrrndra,true,384907.377722,1,0.0016
addr1qyzjte27r92yrvr6e2yqtdax3nnmfauv9dcdnl4w7t5tcy3us6h9687gzywj5pd2r807hc5403qu3qkzm7e8hj9yerfqnhv7r6,false,384759.304372,3,0.0016
addr1qx6434xurr3ra6eayz36a7lucegeahgecdry5xvalfy8nkwn038d5pt687ldkcf2h20j8zt0ya2z57l6qauzx0kfetus2ensm9,false,384607.917441,7,0.0016
addr1z9vcd07vpjluvr0v3hu8w9wvjhgrs9a2cwrtp6wn8ksrkwgr8ps2ru6uktsxljevhel8x8y5882cv6fzj3ajcv4cagnshdezh0,true,384057.511776,1,0.0016
addr1qx7nac94ztmafx8grd6cptlyqr7fw2nd07eujjtrxs5yergr8ps2ru6uktsxljevhel8x8y5882cv6fzj3ajcv4cagnssff5fq,false,384057.511774,2,0.0016
addr1z9vcd07vpjluvr0v3hu8w9wvjhgrs9a2cwrtp6wn8ksrkwgex2y2v4ppa7p0hu5q5zma44krqj0uhd8tg8s4dstllw0q23ex64,true,384040.741445,1,0.0016
addr1q9fcdunlp8sjfen3kx4tr7jct7hr5fra9pgr8vcafu8wf8tpxljmp28vhkpe8hal8fej6lpnk7ghehp52qtnjch687ns0hkk5h,false,383702.302343,1,0.0016
addr1z9vcd07vpjluvr0v3hu8w9wvjhgrs9a2cwrtp6wn8ksrkwtn9t0h7ve4q2tq3s92p3aa7d3kgwldquur78nqldy3kxxsgfpsvh,true,382221.730406,1,0.0016
addr1qyta7mv4uuhznqqtlgjys24kuzcyqzll7cswcvq6cut32cahfjc4ckrcg7x6ar7j7e9jhkzhuctrkvc9xtvhg9zntkmqfg6fx0,false,381780.212617,3,0.0016
addr1z9vcd07vpjluvr0v3hu8w9wvjhgrs9a2cwrtp6wn8ksrkwdc2hc49ve7nehlucfvvz2u3rf9z9navrughl4p7e8snt4q8r40w4,true,381487.875728,1,0.0016
addr1q88ex3hsw2gsjj4xt5ypytu7fc56zrv8k7vwu6m59xfjr3ac2hc49ve7nehlucfvvz2u3rf9z9navrughl4p7e8snt4qeajdye,false,381487.875726,2,0.0016
addr1z9vcd07vpjluvr0v3hu8w9wvjhgrs9a2cwrtp6wn8ksrkw0df78ajncfjqxxddtpagdg7nezy6c8d7hryclsdm9c4hrq78al9u,true,381356.189983,1,0.0016
addr1z9vcd07vpjluvr0v3hu8w9wvjhgrs9a2cwrtp6wn8ksrkww7gtmq8kmnxfpwavfl37k3j4934aw4mz2nlhy5twq7tynsmcc96q,true,381219.383465,1,0.0016
addr1qxy0rpdcnd7tlhn9x30jg6683rsd93sfkphwegk545apdk77gtmq8kmnxfpwavfl37k3j4934aw4mz2nlhy5twq7tyns9ptu2c,false,381219.383462,2,0.0016
addr1z9vcd07vpjluvr0v3hu8w9wvjhgrs9a2cwrtp6wn8ksrkwt8m4n9jj2yej26sdzyj7tmk6rjupwxjhha4jfrhj7ghvaq50khzh,true,381014.355554,1,0.0016
addr1vxqt5s0vueva8k4yq2ft3vktprdg3k7wg790w5n8xp4nmesunt0ch,false,380799.870712,6,0.0016
addr1qxh6le3zt64w6r3dlhdfa9s20khxjlkw9e5ka54ey87wh3r02kyepdl5n7afh8wngj2r0tt8ce6539rshzhaggdmzjds2kyzhn,false,380798.915576,1,0.0016
addr1qy7jzqe3dwk8ycqz4qv9gy8dfdgtyflx40pqy7ck7avz2xv33d6sn49r9kld6hj4ny6f7k62jzv3fj7v8dcf8zel2quqddsmqp,false,380348.474021,1,0.0016
addr1qxnvrx2chnldwjjwl056muf2h5pszs7lc90rv35ylchxkfuhmjwsamgyyejfdfpjdlm9vf0859k58eyszvczccv7ex3s06m0uu,false,380273.913727,1,0.0016
addr1q8j4pkewdjwlkunyffv3n3w24xztr46vda5gmyr9e57vclu4g66v9lk2r4fa3mc5pkmwvemekncec4rxx6uj8yp7zz4qhqrj4c,false,380051.14332,25,0.0016
addr1z9vcd07vpjluvr0v3hu8w9wvjhgrs9a2cwrtp6wn8ksrkwfm8nauugxedzcqxk499jmhwt3dkf4vce9t8t9qp9rnxuysy8z82p,true,379799.363132,1,0.0016
addr1qy295umq792a7rj2dhptksxpyn0wkcadlgkqczk0v28u6k6zqm32ksz75ywepw2l30u98vxxsas82rz783u6t6u7a07qez8laz,false,379200.138363,1,0.0016
addr1qxaj657xz2lwv93ltggve7aaqwse49wcljk6shn3ffpgd37negjypvmhg8q7z4ymzn242t0d2hdwg8h62w7vqm9h6deqru42p7,false,379065.64076,33,0.0016
addr1q8ntkff8883966swaa23eftcp7537adl3c2ascwxh4rvq779dllqa4sp5c5dk04rud4xmpurzgevz3nfzj5vyw339dzq8nwg8h,false,378565.888259,11,0.0016
addr1qx3f3pzddzn3prvgacnhj4hrm2hwxgtel8c29qpyhhdlq0fgad2t4783ex0zqusl60c8w6l9ejphvhhkkcgqs05hw3kqy6dynk,false,378339.774827,14,0.0016
addr1qxsqndqcevrhsvccnm6uzqz0cxs6qpxnldrglfx0fumkgrzp8ylul3zzev4kf59efa5e4e94eyjh2qsdl2ss7he773wq7glatr,false,378285.33575,1,0.0016
addr1qykerxlg3lsj2yq2gul73ctv5szeelnct8zgfsa3kazhmw32xuah2uh3tgt3tf0p3jnsc70l39093fp3san2w6g5ecfsacpztg,false,377969.7736,3,0.0016
addr1z9vcd07vpjluvr0v3hu8w9wvjhgrs9a2cwrtp6wn8ksrkwwldqg5wslmu3wcfqy4yyarrs3l84znzeq6jy9vdguzyj7q6mctcx,true,377576.804852,1,0.0016
addr1z9vcd07vpjluvr0v3hu8w9wvjhgrs9a2cwrtp6wn8ksrkwf44c4m454xt2z3hrjmuenm0d9rsrajzv9qv673hqxeg59scza84m,true,377323.152636,1,0.0016
addr1z9vcd07vpjluvr0v3hu8w9wvjhgrs9a2cwrtp6wn8ksrkwddlys4p4smwlqpj664n2v8s60u7sauep9tnw4nesv9kuvs73e0av,true,376778.825872,1,0.0016
addr1z9vcd07vpjluvr0v3hu8w9wvjhgrs9a2cwrtp6wn8ksrkw2hads3n57ggt3zcuq8927y0nny5j6q953q3uajv6s2rchsz3sf8a,true,376660.033242,1,0.0016
addr1z9vcd07vpjluvr0v3hu8w9wvjhgrs9a2cwrtp6wn8ksrkww2j4x7lvzwczkz9uult4fdc92u6yppg36t7mzdws478k7slqn09n,true,376010.444746,1,0.0016
addr1q8w79g9autc030f6r7g44s2snjddx5ps6mrd535ah3m9c4hu95w0mvfqrqdw9z57k0gpa2xef56d5aphp3y2ctfs2ppsacj574,false,375573.087422,26,0.0016
addr1q9uy6438j68vfe68cjmlj3gglskh66ud47xage58a8wrxhj4lszu7u2lgkzy65zpsld30t2fqwh4wpg935ms0qd39rhqapf6pw,false,375102.101326,10,0.0016
addr1z9vcd07vpjluvr0v3hu8w9wvjhgrs9a2cwrtp6wn8ksrkwwstzet9sjwwr9q7nqlp7sryn0k84fcfwc54nuwqf9l73rqqtqntp,true,375000.861057,1,0.0016
addr1z9vcd07vpjluvr0v3hu8w9wvjhgrs9a2cwrtp6wn8ksrkwd96pcurkndd30nk3lacx4p2mut46er20nzvf7ddd6dvfust2fcep,true,374967.157421,1,0.0016
addr1q89pqfsc7lvqk7m7kp7lxy3jxm6hmd4ysgchwt5jcg4pt0yahucqjtykn7fmn9m230a6rd858meaglvck85glfukjgrs3dprr9,false,374871.157038,1,0.0016
addr1z9vcd07vpjluvr0v3hu8w9wvjhgrs9a2cwrtp6wn8ksrkwtr7s3x8c9z0km3l6gf5q8vp7caun09eqry2jf66u5rhjzquf08ks,true,374434.842267,1,0.0016
addr1qx6ux2nz2t27tzp4wm0c9r8wg3sfevvfqdvw6dazh6k5a5jasp4csp2wxcgqzc6e2h0cs0n539ucpd5f47skm7fdhv2qu8kl8k,false,374332.5249,2,0.0016
addr1z9vcd07vpjluvr0v3hu8w9wvjhgrs9a2cwrtp6wn8ksrkwdt4jkyrze2jhsavmln9g3x3hgwgy9wd5nfjxcqysu43lusvfgwsj,true,374265.785934,1,0.0016
addr1qyw7as5nzy7wfjh6v9fsh3zluy5fnncsqs2u2q5lz257w9n7tdknm4k273r3fjqfqzv070kehal8xapsgwt7vxt5gyvs4v28dj,false,374201.19668,2,0.0016
addr1z9vcd07vpjluvr0v3hu8w9wvjhgrs9a2cwrtp6wn8ksrkw2d0nxys58xdd2khq2x8ansx0khwrwzurk7gyym5lqprh9qpltefl,true,373083.212609,1,0.0016
addr1qyg9fmr7wkj5tdj92u6d2m5dzrkafnlxamu0c49te6un8ep8rxwwf23qwlw9aek9wvp6umqwnuvcmzldahm9prkvegds57dcey,false,372845.54113,7,0.0016
addr1q805tnsatuqw5t5pg3hh9xcems3pvkuchwyt73fnzc22p7qcazuktawjug98v72l2vx7yspceclxpxq57jf8smmn46tqmxj43h,false,371452.31,1,0.0015
addr1z9vcd07vpjluvr0v3hu8w9wvjhgrs9a2cwrtp6wn8ksrkw2n4xamtm6eed8kj2egp6na5qxm2cax95v2dncpru5keyaqd5jxsv,true,371190.950221,1,0.0015
addr1z9vcd07vpjluvr0v3hu8w9wvjhgrs9a2cwrtp6wn8ksrkwdlllfyalxn727hxcy0u5nt8jr5wqpptj3dl83yw0mwfyfqrpnqca,true,370974.816546,1,0.0015
addr1qxdsaa48mf0jlnjpcfe4x0ug2jcm7rzp9n3ftecy8ygnajhlcn590xywt50l3fawltsmdpxy2j2tewm5q0tfz6yhdg9sqwddfc,false,370936.140089,8,0.0015
addr1q89rs89up863a923n66zuw36zvnf38y6htcv34yq7etrnjevghsuph7p8q43cxzsdumsrxgkenducchjhpfszc4wpzesaarjwj,false,370927.874344,1,0.0015
addr1qxndk0y3z59m05np37ggm49ewzz2ef24kjh68hh6m4cggaajm3ge9r7phaptljrtycamf2m4s8xkjg0m9me0s5s59kfskt28zp,false,370812.326803,2,0.0015
addr1q8g9chx2z9gv6kj2q6r6kggkdz8h34ke947tps2ka068dwmapy86g0kr9h526rtv8qektg23p7mu7ejjq2xh6md090tsuwm6tz,false,370607.309113,6,0.0015
addr1q8vcmu7pwhjmcmllw4cr09g9478ncxsext7gd7tj5czfhkpy06j9m25xmctkx8kmsyk9mp2j4l9ngfj768t49whfwkcqzae9gs,false,370245.04,3,0.0015
addr1z9vcd07vpjluvr0v3hu8w9wvjhgrs9a2cwrtp6wn8ksrkww4rwyq5wkjymus2ul6q6yr04eqqtm2x25de5pt8kf7y45qzfsat3,true,369905.866537,1,0.0015
addr1z9vcd07vpjluvr0v3hu8w9wvjhgrs9a2cwrtp6wn8ksrkwtggy9rzz9pvmymtccp6323r0awvzymf2gs6zv3qf837dcs6fm4sp,true,369762.289744,1,0.0015
addr1z9vcd07vpjluvr0v3hu8w9wvjhgrs9a2cwrtp6wn8ksrkw2t46vsuq2xac8tm60298xfykhxzq36w9e5msdjv6xte6ysj25qd5,true,369389.16309,1,0.0015
addr1q8estug34wej6qgg4flhw3tp0ffdu6xdkn7hg8xp2ynujkqdcp4q7wye87d7jzc270s7mq7c6eze0pm96l2e0qvfaxvswd3pnd,false,369356.410478,8,0.0015
addr1z9vcd07vpjluvr0v3hu8w9wvjhgrs9a2cwrtp6wn8ksrkwvszwgn3kym0rwylpfctpke0f5fufzgyv6hgvqm25dh0lesxxcfdz,true,368143.470147,1,0.0015
addr1q8nl45pcnd80d8ucn25fw7c4mqw3xu08u8q55nllzaqk8cyszwgn3kym0rwylpfctpke0f5fufzgyv6hgvqm25dh0lesjuk6r5,false,368143.470144,2,0.0015
addr1z9vcd07vpjluvr0v3hu8w9wvjhgrs9a2cwrtp6wn8ksrkw2tszxphwy2ruhseyu2tfuld3srsjcjx4n62wvtes8menesk34uw6,true,367158.924701,1,0.0015
addr1q96tqkxy9lt0fkuh3utucw8xfgk9g4czj3u5u57dxzl7amxxs8peeutnkwx5gzyswr3fd9p6g605ete7mu34gqvyzxss285z3u,false,367100.77338,9,0.0015
addr1qxrt2dnqlmj9w5q3gw6ed8tlu6sw39masfhpkys5nzfus2h2k24plfjtysc2dkcmkqgxg5uqhzzc4a70mmutef9mj8ssp70tgp,false,366853.859415,7,0.0015
addr1qy9ppx6gflav3lh9zc5ulc5mp6ecz5snt78jvlczqktjh5457rfs8xneh3qlnf6qwqtwc2pvg6rskjwfkz0l0mf333rsurp2kj,false,366686.32771,3,0.0015
addr1z9vcd07vpjluvr0v3hu8w9wvjhgrs9a2cwrtp6wn8ksrkwf2jxtsl24zx5s6uf4z9u0tldtpvcev44f2smcl95e8u2sqpunq7n,true,366461.132899,1,0.0015
addr1z9vcd07vpjluvr0v3hu8w9wvjhgrs9a2cwrtp6wn8ksrkwwq25cpfuyfws3velsaswkhw5kss8d2rvq2yu2nkkxfdynss9uh5j,true,366090.56593,1,0.0015
addr1q8frk8s4uatd4p6snwvwkvhn8dckg9npqts3krtrqcvjkj0z4v2d52zfy5zl24vezf7x2wpr85p5x4dzfnzqm629hpuscxfhs0,false,366047.7257,3,0.0015
addr1qxzn9tcxq7p95fst30ewyl0qq82q02tcqq9zayr498keqr9yd6xkdr6l05w0u0rfdjqqzxpph3cmpx4mdqvyscmh9g5sq3x7kv,false,366025.890816,12,0.0015
addr1qyqhtw329nta70vpfq7c7v8jha3c845l42ckeqn7dp9t545lldczaxyjswdx6hq6l8lhwua7zgcz4a7tm5wyqxz3dpksz7u0fd,false,365634.5323,2,0.0015
addr1qxvm93tp3xrxejzqwclem20qakyy8euhza994nud3x0n8csu77hm7k0stq847kh3hanndryecj7n3yyss6l60xa7km4sxmpwfq,false,365615.585417,36,0.0015
addr1qyk8lgdsnjnkwpwrxv0tcqytlj3gxjzn8ntnph4cps8yl0prj5vl48e0f8jtnvdhvw4wwkgy3agq4erak9zxtymhqtlqgh60vj,false,365538.587994,17,0.0015
addr1vymvpagnwjsssft6k00zl7wqwgwszjwf0pyzesfcxrfx5cs8s460x,false,365419.272637,2,0.0015
addr1qxtxl7a99wpx0e4cry27de0jeyz6kfztdragk0u776amy96cdqfmszhhnjfxhspt5jutk2kyflaw5ekygynz2uuvcm2q7jpy8j,false,365327.022645,6,0.0015
addr1z9vcd07vpjluvr0v3hu8w9wvjhgrs9a2cwrtp6wn8ksrkwve8teaujfht27fxdw7ysnts3f4w5edadq6chr45kj67sgquwsahw,true,365292.979185,1,0.0015
addr1qyhqhyxuat447fytdxrwa6n4jljpjfg4t3qvaxa6sffqsu4cx6c6jfy8nz36msrqddqag8xvxdps8cld48e8n0l0zpvqr6r5eg,false,365285.222948,1,0.0015
addr1z9vcd07vpjluvr0v3hu8w9wvjhgrs9a2cwrtp6wn8ksrkwgsctcks3x6gw58m8fycfhndqngg7qpdsevwpvjtekmnqzqlhw3w6,true,364967.062942,1,0.0015
addr1qy6wc8qwcz2atgyuw2zdvfm8af2zxhzp96vykrgm0rj89wgsctcks3x6gw58m8fycfhndqngg7qpdsevwpvjtekmnqzqu37hrh,false,364967.06294,2,0.0015
addr1z9vcd07vpjluvr0v3hu8w9wvjhgrs9a2cwrtp6wn8ksrkwv3svnklkz5u654u96gdmzqtx99v0p00nje4ksrc8ly58psndmp77,true,364847.153712,1,0.0015
addr1qyntdcuq30juzpq8pczge5q4e3p7xdp43ehfyyfclc67lt60pvzqynzec0hmz50n99et7f5a0f462ptesy8zzce270vqpfscrx,false,364693.874864,2,0.0015
addr1z9vcd07vpjluvr0v3hu8w9wvjhgrs9a2cwrtp6wn8ksrkwtpfnw4rgec6x3nv3pjq8y3ekkrjlydphphm77d49vl3apsh6myer,true,364336.119977,1,0.0015
addr1z9vcd07vpjluvr0v3hu8w9wvjhgrs9a2cwrtp6wn8ksrkwfjrazy77lvn83kwcs6symylt7x8nx9w523mfyju5hv5wrs3pr204,true,364306.008915,1,0.0015
addr1z9vcd07vpjluvr0v3hu8w9wvjhgrs9a2cwrtp6wn8ksrkwwn587pvfggr6g8e45ec7vv75jyhvztmtw8k8r7sw6dnsrqg2q9c4,true,364140.278672,1,0.0015
addr1z9vcd07vpjluvr0v3hu8w9wvjhgrs9a2cwrtp6wn8ksrkwgkd0dyf8nku5txuaezmku4jsyaqlkn4gmmgpwea4g4qnqsnxp5ey,true,363958.419769,1,0.0015
addr1qyrlg9n2alq78wjczpnls7h3v3q3tdjlrrcfx8c830pacxqkd0dyf8nku5txuaezmku4jsyaqlkn4gmmgpwea4g4qnqs8rk6g7,false,363958.419766,2,0.0015
addr1z9vcd07vpjluvr0v3hu8w9wvjhgrs9a2cwrtp6wn8ksrkw0v0d4hen52wspfpqhd5ddk22e90lmx7jx0qdc9kz82pcrqmt5h85,true,363914.24172,1,0.0015
addr1z9vcd07vpjluvr0v3hu8w9wvjhgrs9a2cwrtp6wn8ksrkwfdl2dqhqhxmqgeyx7yfztcsk7863jchv3l7k7amgd5vupq09e8km,true,363897.939198,1,0.0015
addr1z9vcd07vpjluvr0v3hu8w9wvjhgrs9a2cwrtp6wn8ksrkw292z69dwsetq8wfd2q4syvda9hps6ssk60xda88gqhfyuqu26gu7,true,363896.470985,1,0.0015
addr1q98rzelvjca2mhvmkxwqmyl4ehw95mzvj045zd6svcs2nrcnan5dpt6nvnezgw2yaa0zudvfrrtug8gk6mmlqylexukstvtvds,false,363894.473511,1,0.0015
addr1q8xzjqy9vxgqsq8f3k6zsxw779msuln2vfndpddksmgyzysnan5dpt6nvnezgw2yaa0zudvfrrtug8gk6mmlqylexuksqlsrcw,false,363894.473511,1,0.0015
addr1q8djnnmxg4wkh0arkg8vmmy0vrtlt9gkz8llg8fulant00z6uyve36gl3jd3t229zwa2jp26shnjr8mesmca6fcak0uq55j4f3,false,363765.919741,6,0.0015
addr1q9yl64969clk6n6yw65467207ychwv3qjgdtam4wwprzm4ujumg8qrsh39yz6gpdrmjqjtgs9xzu5wqkm86eyk3vd02qssz83j,false,363289.790006,1,0.0015
addr1z9vcd07vpjluvr0v3hu8w9wvjhgrs9a2cwrtp6wn8ksrkwfemjm8ty8gqx9jmdnf38sga7pta6nflgprjw5zv62hthfq5fjf4c,true,362745.80433,1,0.0015
addr1z9vcd07vpjluvr0v3hu8w9wvjhgrs9a2cwrtp6wn8ksrkw0u2xat33783sf46gsu9pmnp62pqkrrfp6atvqt5k52325q490430,true,362711.931949,11,0.0015
addr1q9xyjkfnhzmpgh4n0gq33wfdws9dd6y2r0f6ew29ta33srr6dhjkwauspusatsjj6dlfgdskrr4rhddzmslxpk5u9hssnavt5v,false,362524.24938,29,0.0015
addr1q8vt5p8n880m3s7jtdj0sqwqe3jk2ze7at0a8pwng6jvf7370veuwmruw2l3yc07qdv6upy83ep06h6t2c4ywdvjdl9s5fum53,false,361765.5,2,0.0015
addr1z9vcd07vpjluvr0v3hu8w9wvjhgrs9a2cwrtp6wn8ksrkw2zrm9mjpn5cyr6zmy0qze5ag763nwxc50w9asyd6vr683swxlud2,true,360800.943639,1,0.0015
addr1qxaxjet8c7cnk7hsu78wjh3h5eku6l3j30k84ksqq5eau6gxzyrvs2gw0yrylpfnrt560nmnnr2q4jwaedyj844r0paslwuqhe,false,360462.174181,5,0.0015
addr1q9huplz9jrf4p2e8tlx6htj3wh4z7lp6f9rls89xc94neanmpn3rp27rt20xzqf40rur9nz6gmlql4mfuvazhkvxkxrsxd28jr,false,360180.049739,6,0.0015
addr1qyvf4nzp23h9ygyqte44kzvqlteguj3jvz0zvqk73p6tyv759uacfc0upsu097rxh9tulhlpxuymy8wyh064xq086s5qe3m2p3,false,360079.66026,2,0.0015
addr1z9vcd07vpjluvr0v3hu8w9wvjhgrs9a2cwrtp6wn8ksrkww59uacfc0upsu097rxh9tulhlpxuymy8wyh064xq086s5q3kgtly,true,360079.66026,1,0.0015
addr1z8p79rpkcdz8x9d6tft0x0dx5mwuzac2sa4gm8cvkw5hcnqnqz3kzrmjnagl7nst88ayrv7zl6rdaqkud0777cstaq7qpylazl,true,360000.0,1,0.0015
addr1z9vcd07vpjluvr0v3hu8w9wvjhgrs9a2cwrtp6wn8ksrkwvmw9s89s0v5tulave3t5nd90fl3l4qdwmxc4ec5lhw0mvqaczegq,true,359162.027198,1,0.0015
addr1z9vcd07vpjluvr0v3hu8w9wvjhgrs9a2cwrtp6wn8ksrkwtntmrj2cfwy0ma6l6kuxceh4ww5u4dcklswcqrw6kn9j2q0fc0kc,true,359157.383765,1,0.0015
addr1qykrherf6jg68zdql2lyy2z8y78rrsm7u52hyy4ywyfaaqek7a9d54kmvu2nr5495nkj7yjqjvhkhnjn7pqptxmr4pwscc4wpn,false,358708.04003,1,0.0015
addr1z9vcd07vpjluvr0v3hu8w9wvjhgrs9a2cwrtp6wn8ksrkwga9s598cqnmju4rn3p4phqvl7g96f7x9045hk0pjdps6aqzvhgtx,true,358671.224279,1,0.0015
addr1z9vcd07vpjluvr0v3hu8w9wvjhgrs9a2cwrtp6wn8ksrkwvpnp7svjf9xjug8279w0whx3jye9yy083j9cy3fknl6dgqmzllg7,true,358577.187273,1,0.0015
addr1qyw62aamw30m5u8hfwdccuzm8x0w0s5axr2rwmj8j3xk74w768sw24vejr68a6jrlurt26kwjfktn6zjjvdsnfnxhvmsju3c23,false,357970.354837,1,0.0015
addr1qxwe5n2el5hsyjrsgmmw96mmlwmcs525uaklysq9gwf0fy7rqd72ucjuk5ypfy5kugq973twvqygrnzg3xqwl0k7utusnp70ew,false,357359.3343,14,0.0015
addr1q9rkfw2qgpleuvew6e7gxukfcu7tuucz4v2uxjgzak4axht0n7dp429ast9qgfhrw3pesguf6pf245jdd77uvgnvlm8s20nhzq,false,355714.576285,10,0.0015
addr1qycga5r9w6yp32vqjgzwcm76umc66nclsl0szfpc2rh4qqh7g2r7z0c379zxwqzd9p4zapk7wsd6cw9l8a7az786v4mqpk3a53,false,355602.916215,4,0.0015
addr1qyzqk5lfsru3708laj3g2cknt2wltw35wyyapvy258plfjyxtrll2ht5edrcpszvc6qacmh0t8wfj8qzslwg2nqdwdusdv65uq,false,355510.373095,1,0.0015
addr1z9vcd07vpjluvr0v3hu8w9wvjhgrs9a2cwrtp6wn8ksrkwg0f57qsmq4370auck4tmyg3glffvt4h2k0km9wm44rgdkqvhdx5z,true,355448.290962,1,0.0015
addr1qymj4lrtzjyz3977vpx3x4tff2mvkul92y0ng2ywcsvdj4gq9tkmj2pywey4slxpnw6ple57n54zwmwfwvw9lkztsapqddpj7e,false,355237.10111,16,0.0015
addr1z9vcd07vpjluvr0v3hu8w9wvjhgrs9a2cwrtp6wn8ksrkw2tcx6p9lvnd22ttupadqvsne4mq8jcw9lrrpwudreuk5wqglfwuu,true,355121.406947,1,0.0015
addr1qxq4r4z5n2k3fmsvufe7wze25rdusx7rcraxw9l8sw8yddzux56lmtytal5sj34kcnz4t6r36wpw33aamy2n29gxecmq3h3t3t,false,355000.199795,5,0.0015
addr1z9vcd07vpjluvr0v3hu8w9wvjhgrs9a2cwrtp6wn8ksrkwvfn887pcqrr4zetuzzkl0uc0662dkfm94qhxgqkxyjsaqs83rdfn,true,353899.417189,1,0.0015
addr1q9d9wpzm6gkwt9v7cce9yhlf3u0rpag0x5cnzshpnth6clhwkwua2gs6wrgmpjjnzh3zky854xcee7s5wu90k9l93wrqvj3qjr,false,353877.451477,1,0.0015
addr1z9vcd07vpjluvr0v3hu8w9wvjhgrs9a2cwrtp6wn8ksrkwf987x0gt2w9cfq7jf8wr9gxqmguzenq8rjxu5wdkf387jsrw3w6p,true,353728.828079,1,0.0015
addr1q92fsmzn02v652l2k5ytdyfpgugz8z664vf8u2av54r8ewf987x0gt2w9cfq7jf8wr9gxqmguzenq8rjxu5wdkf387jsfaj4gr,false,353728.828076,2,0.0015
addr1qy223xun9wjfhrfkf3h0pal3uuhxjeeljjgtrl4mewwdpj973wfx6vqnfs0pzyeruwaw5atntpahvh2jupn8rptvlvfsccam88,false,353114.349716,4,0.0015
addr1q98h986yunu6xjmzskfc8ns5f0y8k02pkauqp0ucwdjqd0z6pzt9uh8ks9ddkqpxv8ctrcnqvw3jemk9pgas6clf6xeqqe39ye,false,353108.813009,1,0.0015
addr1z9vcd07vpjluvr0v3hu8w9wvjhgrs9a2cwrtp6wn8ksrkw0chen26f64prsmlxx2z9n6gkt3kdjx7swhasv84lcwjt9sxlla0t,true,352404.061513,1,0.0015
addr1qyx5gu7dnr8hth8jsf4lnr7e5dvfdl935a4wqz4ce4x8uexpkklscdy6wu8ht3d3k5j6yp7kfdwnme4y0dgt5n7zh4hq9u4qh6,false,352363.161659,4,0.0015
addr1qxwxmnzxjkwgtuwakwvvpjwqjaresr3a3zk8ax9ut9rxh6xpwzw5k70r9t3p23j93rt6xflajdyp0097spghwrpmvpqqmcemhz,false,352171.99,4,0.0015
addr1z9vcd07vpjluvr0v3hu8w9wvjhgrs9a2cwrtp6wn8ksrkw2mt2vtfnnw8j8ej5zkpfu7uuvzlh4pvpflusdfg74qeu3sl2jzhd,true,352102.216275,1,0.0015
addr1q9gk9s3d03yhgzqz9xcmgg6fq0wrm3e6p88c2ts7esnzllzmt2vtfnnw8j8ej5zkpfu7uuvzlh4pvpflusdfg74qeu3ss89zlt,false,352102.216272,2,0.0015
addr1q8zauz90339ykuc7mgrtxz72nlxavhts5sp2m7asykh5um9v2gcd7zk06zdsx9p7qvwhdg5kjxgdp0cmdvdwzqnp7hjsmgac82,false,351996.672082,14,0.0015
addr1z9vcd07vpjluvr0v3hu8w9wvjhgrs9a2cwrtp6wn8ksrkwwddglslpypel7lw7u47hj5mq7me0y0y2eelau749el8zpqz8kdc6,true,351986.682084,1,0.0015
addr1z9vcd07vpjluvr0v3hu8w9wvjhgrs9a2cwrtp6wn8ksrkwtcj686ehjvk3dz6p5spxe2yz2c5y8x37tavuuu6pdmyefslzp4se,true,351873.638034,1,0.0015
addr1z9vcd07vpjluvr0v3hu8w9wvjhgrs9a2cwrtp6wn8ksrkww7e0j4tlr5wf8f0lg2u2ms88yn0h3hh3nsrzxvhvcpe5esw8wfqu,true,351789.938077,1,0.0015
addr1q9phltny03cn3kat594alvpxtmyanpy8jngktlu9hwe4gu77e0j4tlr5wf8f0lg2u2ms88yn0h3hh3nsrzxvhvcpe5estqqcpl,false,351789.938076,2,0.0015
addr1z9vcd07vpjluvr0v3hu8w9wvjhgrs9a2cwrtp6wn8ksrkwvzj8f6zuxu6x5hk4u8s8gs909nd8gffu83flvfefycka9s87gyvh,true,351649.551655,1,0.0015
addr1z9vcd07vpjluvr0v3hu8w9wvjhgrs9a2cwrtp6wn8ksrkw00ryuwt2v6tgksqemj755nrg8taejdpjjhyndh0ap4utvsdvens4,true,351620.88731,1,0.0015
addr1qx64usuxlkx2gedv4zhm690nragrq0px02fg0s9xz6yls380ryuwt2v6tgksqemj755nrg8taejdpjjhyndh0ap4utvsrye7s8,false,351620.887308,2,0.0015
addr1q8krrkf35glehyxgkptvfvhdgg462lcvfelxxcf2m35a0x7kak907mj5ae22q4rjjhd4wu5p50kpker5s0tyw7yhux2qetxh48,false,351342.178055,1,0.0015
addr1qyesdlyxwhar2thlml2y077mh2eghtm6ar6nuylft30n7g7kak907mj5ae22q4rjjhd4wu5p50kpker5s0tyw7yhux2q2grr56,false,351342.178055,1,0.0015
addr1q9lg672tm5zssvl8namkjdnkv4zxqux3dpvfcclzyslunjgy4t7xt5c6r79zqf0u8e94ysygjq0jdzpvne49qmpsyndsdwh9zy,false,351208.015394,19,0.0015
addr1q9pket8pwa9k96pjzar2y3yh9dg8cj4735qlwdjd6ddt2avhx6qj8ec8dfjc7qxzt9xxa44svsjapnyqe0ykcckajs3qac96ru,false,351153.518156,11,0.0015
addr1z9vcd07vpjluvr0v3hu8w9wvjhgrs9a2cwrtp6wn8ksrkwtj6ehmwt625pz9lcxjk7ahz9r4ar6tlr9pstj3vq7y7fjqcx8v3z,true,351004.323978,1,0.0015
addr1z9vcd07vpjluvr0v3hu8w9wvjhgrs9a2cwrtp6wn8ksrkw0pf60jaxyzra6zfgtjtac7eka60d45d2e0ak8zvqae3xxqsgx5cn,true,350820.002889,1,0.0015
addr1qxfxs4tjlw3yt8wn4zqpp69r379nzt8jcpc34lllhy9kt4hpf60jaxyzra6zfgtjtac7eka60d45d2e0ak8zvqae3xxqwjeqaj,false,350820.002886,2,0.0015
addr1qyvzmqef888jr9jlnxj0rasrsmx7ckvccxgj8u55f9hje8qh2m5e968l3gnmr42xdgxja3whstnjqj0xcx0j2l8wjwus305j0d,false,350652.342113,7,0.0015
addr1v9k5zwhumadshwrunxgacmhvhlm7j9zjetpkt2q53hvstvgxf7j4w,false,350314.91517,3,0.0015
addr1q8u8ceux5mhcj6tz2aa6gzdd3wzvz26sq4ewlvthj9ap4rs9v08mk2tgng5r04rvnnscjqztzd62ruxrh3547tjd583sdts4l7,false,350000.0,2,0.0015
addr1z9vcd07vpjluvr0v3hu8w9wvjhgrs9a2cwrtp6wn8ksrkwt5ggrm4mu0q30630fj67favw5ht3e7mn6lhn8qmtkrfdnqra6mhr,true,349546.935184,1,0.0015
addr1qxs2x75lmafz0de23cuuh5fpes32cn2f6wcxfrunrd9au3dk4v94m730w2mmegf9v4aq2sl5htljenf6yugejczvw4zsvksyps,false,349407.146087,1,0.0015
addr1q83erv0l095ywqsefeg54gscp393tcx4020w3q3dte5e94sdes7nln684ml7wfshcapqp5dl0z9fqmy34z2uejnycncqpuu07k,false,349075.314652,4,0.0015
addr1qxnueq9kv64u67tu05sl6xx5n30jxpq5wuvgllxh2xj34z4ha2w4w7ahmz74ankhe6chx086pawr64fmtgtfh904e5es5scuf6,false,348617.786518,16,0.0015
addr1z9vcd07vpjluvr0v3hu8w9wvjhgrs9a2cwrtp6wn8ksrkw2j4r7zz39ugv3feeaauu0yuzjam0gfnya3x33ejxtdduustwpc3n,true,347947.099218,1,0.0014
addr1qx4mgtkla7mm2vm6rzf48akwd2wnawv7ty55p5y5m7vq5j66chhake7epwjgmn3pqgtl34dfneua8p4t07zddtrjws4s5nc0wf,false,347894.156174,1,0.0014
addr1z9vcd07vpjluvr0v3hu8w9wvjhgrs9a2cwrtp6wn8ksrkw26chhake7epwjgmn3pqgtl34dfneua8p4t07zddtrjws4s8vf0vz,true,347894.156174,1,0.0014
addr1q9zsa36jpfg5js80em48q3n7x8rkzr6vqurzy562c9ndcyxeqazftjeeh9taxwmpswg4mjc886ecmmv80my47shh5hgq4l54z7,false,347465.136196,11,0.0014
addr1z9vcd07vpjluvr0v3hu8w9wvjhgrs9a2cwrtp6wn8ksrkwwvpdkzetkka87mg6t508pz3jvl6yr9d3fuadlecnght9ksj23q87,true,347345.993767,1,0.0014
addr1qyr58jx0rywv82g62tpdftn8t4v3m68avu0c8rtx3kdtgnkvpdkzetkka87mg6t508pz3jvl6yr9d3fuadlecnght9ksg2umuf,false,347345.993766,2,0.0014
addr1z9vcd07vpjluvr0v3hu8w9wvjhgrs9a2cwrtp6wn8ksrkwdhmqn8lkpcq932l6a52ffgxufyvrlr98hhhums9tyxprkqldx8r9,true,346696.691541,1,0.0014
addr1q9pa29pmnh60hmdfgc07kql74u6xm6dgxpx8v7vz4ue2zt35zeax3gpwqur5xazccnmkzur2xaukfdm9ld28gtlnrkqqjg4lyr,false,346662.016561,6,0.0014
addr1q9hmusxdxeuhmht870ap7vvxyw70reuqc5n0r2rqqvev08j3f9lqsmaf2ftc30k0dkzavzy6cmwmzhycalttuhc5rnaslstjr0,false,346619.535009,1,0.0014
addr1qxg5gyw2lynp3x3vtn7tfw7cfrttw4yqd572ukharm8uvnfjp6kddspltppa0hmqw4nzyha0zr4wztexnhu0pagrykhqdpemg2,false,346565.547148,5,0.0014
addr1z9vcd07vpjluvr0v3hu8w9wvjhgrs9a2cwrtp6wn8ksrkwg3336snxfcqrpe9l8l75kl9hyfr7h4mczv35zdhapnydesdg3gvp,true,346563.093493,1,0.0014
addr1q89whpvpwn3ra6ka0v3dyf4lc6l8hyzvpk2ycmv42a0t6cq3336snxfcqrpe9l8l75kl9hyfr7h4mczv35zdhapnydeskdw4lc,false,346563.093492,1,0.0014
addr1q8k5d9yl3yctn73hdcs0dzeevyx7m0qwp6sqjv5emqwmz3lajt37xp9grhx09gkque5fhg9vjmd5lfwn7wje34gvzvcqpwyct2,false,346502.682876,1,0.0014
addr1qy9ttvjjez70l7zqwwdf3j9da2tenngpprjg3ytmh8da2en6hzr4mfzd5fumxdns8ks9r5yfdmmsrdu0f70fawkkdgmse7nunw,false,345726.929624,1,0.0014
addr1q8f2x405qzt35yarrnjmtnydmq4y0e4dh9x09esk6qxqg35uh5mddrhr2t3mpkcj894ydtshukg5ld6wch8frhqspucq3qvf7y,false,345715.060087,8,0.0014
addr1q88r36tgkz0pre3w3pcfj6yl33htcfmd8l0xdjnc57mw6qtvg0m7z80gtn8hyfwsf8a244yfk9vl54rjjk2d9qyluhtqmakntk,false,345434.2357,31,0.0014
addr1z9vcd07vpjluvr0v3hu8w9wvjhgrs9a2cwrtp6wn8ksrkw2srcqg5u2yv7unevcx26lchpafru3pmqdt336794xagp2ss69ayr,true,345063.675785,1,0.0014
addr1q8meldcyzvtu70nr5w6qa5mrwc428dc7cs6f9xutgpljnhtn8cl4jftswurn8qxltwpe7h8d44zld8qsfk2pxm2yluksecamd0,false,344702.552377,4,0.0014
addr1q8kl0z7ul2dq5rwxxazrzfatsaezd9x0q0w3ulu2q5jnrak5eztggwz3xfghkn7atpcl7n7czrcr5yf9yw7ggql8szkstn6r37,false,344601.19402,46,0.0014
addr1qy2clwgzzlc9akdnr50xnj9yqsdzluauh7qj0ssaa9y2uvpkrhajzg96n7re0enmhak0dshm5qzpzt4ge72ug7le37gs4nrv7s,false,344366.872147,24,0.0014
addr1q8ykq7r3taskdrg8vyv7k9kd09jduh3f7e53fc64l3p03lcldf4uj66ujyz7mns3uvns4acdmwmj5e2pyjdzp0d584yqv20ktj,false,343990.705757,2,0.0014
addr1z9vcd07vpjluvr0v3hu8w9wvjhgrs9a2cwrtp6wn8ksrkwgvfraczeqr4dlkzvxln9rp92p8j07vhjnze0f08htj5n0s7evmm3,true,343869.96927,2,0.0014
addr1qxz6cg80dasfejgk0ec59yqq888hj04rwmffcmqqsc5nhtsvfraczeqr4dlkzvxln9rp92p8j07vhjnze0f08htj5n0s2l807e,false,343467.08542,2,0.0014
addr1z9vcd07vpjluvr0v3hu8w9wvjhgrs9a2cwrtp6wn8ksrkwdhxc3re2zd3lcwncjk8dmvmngyaq8ezmkysqdgn4h6ex8stf5f3d,true,343422.312655,1,0.0014
addr1z9vcd07vpjluvr0v3hu8w9wvjhgrs9a2cwrtp6wn8ksrkwt2eemx9hyta8s267jch0hzkzklpvyzk9ngg35y4cklgwdqwv2m32,true,343044.352386,1,0.0014
addr1z9vcd07vpjluvr0v3hu8w9wvjhgrs9a2cwrtp6wn8ksrkwd4d7h2hzl2s025hvt70kfdrlyl69wd6agf9qzqugpsfqzqcv2x9a,true,343016.252713,1,0.0014
addr1q9adqngetlmqc0gwfd9jh6lj4h583y8dhlt0qp7hll9szamtz82j43vt76g8hhng4zpnzfyt9zt8vd78d0a3hgz39laqsltjjp,false,342991.752417,4,0.0014
addr1q8g3gm59e9t4fwjzrjwu8yqxfcma5temjhwnlaqfdqg6hlmpremvmgkd3u44d3gy4m8mny2mlkszxvvpymyh9tk2rslqhn4xp9,false,342960.542836,6,0.0014
addr1z9vcd07vpjluvr0v3hu8w9wvjhgrs9a2cwrtp6wn8ksrkww0hflh8xx82m6r3e8s3d5jg3l5etwk2flgxgu0xj0xhy5q6uujcg,true,342635.676381,1,0.0014
addr1q87a83sp5akug5e0m2ystxydtu62kmy6p392xm5g0wsyjkndjxzft2rf4kffutvfg8xlu47rjc4txz78hwjwhvnfmc3qklxuwp,false,342038.028211,2,0.0014
addr1z9vcd07vpjluvr0v3hu8w9wvjhgrs9a2cwrtp6wn8ksrkwgvvztaq6ghtk2gfhn6jctv6en4vg8dmxz59qjmk35wlcwqqm57hk,true,341907.215793,1,0.0014
addr1z9vcd07vpjluvr0v3hu8w9wvjhgrs9a2cwrtp6wn8ksrkw26lch63h2r5fypp0zf2mg3scq58q0nffa8wahzckgs0fxsgl76x7,true,341715.324084,1,0.0014
addr1z9vcd07vpjluvr0v3hu8w9wvjhgrs9a2cwrtp6wn8ksrkw23t07375a24l8604a4plca8c7w8rlay2kdz6w34npxk28qfh9xjk,true,341521.454554,2,0.0014
addr1qyjr8d5etxw37swy2rdhhfks06hc5eu0t5gfkgqx99t59g27xexre5m49yj52ylh84wj80v8yh5l66sw4e99ksu48cjqan06jw,false,341387.057313,4,0.0014
addr1z9vcd07vpjluvr0v3hu8w9wvjhgrs9a2cwrtp6wn8ksrkwwecsqac8z55d9nw9rtl5kcnmvv22ym7cdajqqevvenrjmqzxvfw9,true,341139.084125,1,0.0014
addr1z9vcd07vpjluvr0v3hu8w9wvjhgrs9a2cwrtp6wn8ksrkwfn4r369jzhmzuklslk5rtkx3dk7j7uufx2gpckq3fs2x9s00cy6v,true,341080.332738,1,0.0014
addr1z9vcd07vpjluvr0v3hu8w9wvjhgrs9a2cwrtp6wn8ksrkwfl375tae076rcmht9zw2mre76pr5fd70263gcudqrvk23qj2l2w2,true,340986.884185,1,0.0014
addr1z9vcd07vpjluvr0v3hu8w9wvjhgrs9a2cwrtp6wn8ksrkww8w56z82rsupgf8v0vznduhg78rca6wulrn29ejch58kyqzzpujk,true,340532.852992,1,0.0014
addr1z9vcd07vpjluvr0v3hu8w9wvjhgrs9a2cwrtp6wn8ksrkwt2mxjj6493esgvzcmr49q5anyqp7w38kjx34fu5rnup85sf7vh2e,true,340465.931577,1,0.0014
addr1z9vcd07vpjluvr0v3hu8w9wvjhgrs9a2cwrtp6wn8ksrkwv4j4qaa8cqfgxn8kmxay822g4fytqmayny0y8d44kk9flqm3m7a3,true,339718.888763,1,0.0014
addr1z9vcd07vpjluvr0v3hu8w9wvjhgrs9a2cwrtp6wn8ksrkwvygrccfuzect9zqpfh7ykwler8q6ha9jn6jnk8p7r2vjks0fek7n,true,339620.338941,1,0.0014
addr1z9vcd07vpjluvr0v3hu8w9wvjhgrs9a2cwrtp6wn8ksrkwv5kj82gwf47956z8gq02j64eg96u4k7ncu60utycnu6z4sqrmqtx,true,339597.953005,1,0.0014
addr1z9vcd07vpjluvr0v3hu8w9wvjhgrs9a2cwrtp6wn8ksrkwgjvrnvxv5vq8k3jna6aes23wpvq23a43f4r7237ztuxm2sxlnxpl,true,339299.176254,1,0.0014
addr1z9vcd07vpjluvr0v3hu8w9wvjhgrs9a2cwrtp6wn8ksrkwfde43wjnczturec69rv50ry60smyq097jk2md07c3xl57q4hn5jw,true,338984.824249,1,0.0014
addr1q9g9tk46xgwv9gvvkdx4v8v2xa8h9xffdq9k4xwqpa98lf3ph00q6we03dd9c0yg8p5psnru4zmzkzprz7zsfqw4hfdqc787hh,false,338792.9702,3,0.0014
addr1z9vcd07vpjluvr0v3hu8w9wvjhgrs9a2cwrtp6wn8ksrkwgkgnh99h8rn8fnkc22dl0tvp58e02r82e6vrznx7s4s2ms4w0ysd,true,338675.04132,1,0.0014
addr1z9vcd07vpjluvr0v3hu8w9wvjhgrs9a2cwrtp6wn8ksrkwtekfchyn3d9my3fae2y70mwlrgj243fuzgrp5d8su27j9q4hcaaj,true,338315.901414,1,0.0014
addr1z9vcd07vpjluvr0v3hu8w9wvjhgrs9a2cwrtp6wn8ksrkwgrm0wmg68jjkw4j762rsr29qp92xmhufvsx2722qm6j2zqs446n4,true,338049.918549,1,0.0014
addr1z9vcd07vpjluvr0v3hu8w9wvjhgrs9a2cwrtp6wn8ksrkwtcfqxe85yj97nm80s0vfm9v56upxlg95u9wyrjf3kxpc0snr76rh,true,337880.005926,1,0.0014
addr1q93y8xjspcn76amyzed8rrs69czfhw7r2j9ae6j6vcfw2j0q34mduhft4u7lwauf4ky7e5fxe85nc0088vcnxx6hspmsxr3yvv,false,337872.975551,1,0.0014
addr1qywf2ncnevpp9msn6v5xjr6wck9ddxx0w2nln4wrfuhsma2rq8avkvd7kgavjlp2srh69kwhq2dpyk2s6pwnua50j0sqd620yg,false,337607.2415,10,0.0014
addr1z9vcd07vpjluvr0v3hu8w9wvjhgrs9a2cwrtp6wn8ksrkwt8pul8qy6ygar4yu4h82rvnqclxrnt8jzhqays0a4tgktsxnp5a3,true,337175.823534,1,0.0014
addr1z9vcd07vpjluvr0v3hu8w9wvjhgrs9a2cwrtp6wn8ksrkwgg9v2gtjhwce9jeg56ry6swe4rw5amy79uklasw8w583ksmmkq89,true,336959.726205,1,0.0014
addr1qy34ty6gv523qe3gynxmz8379pxxpaczupfju0c3vy0au6lhp4hfl6r9mgjulgx304ksaz0q8cgtqsxkmy5tp9s65upqk5c0ls,false,336256.958852,2,0.0014
addr1z9vcd07vpjluvr0v3hu8w9wvjhgrs9a2cwrtp6wn8ksrkwwruw322mffmasv9pvzqxt70uw2nkl5t8gls5fnv0t3l06s7esd2s,true,336158.947906,1,0.0014
addr1qx4fma36tnd45yeackwtffncmkwdm3s83jen3mf99tln2th25czveyy0t6e77ha7znlv2f2h2jan7mrljnj2h88mwe4qqs0zv0,false,335895.073521,2,0.0014
addr1z9vcd07vpjluvr0v3hu8w9wvjhgrs9a2cwrtp6wn8ksrkwdsed24rzvl79m8jwdgp3xm732ukw8nrf57ntveqslevv9sq928y4,true,335538.661263,1,0.0014
addr1qyura9cjcphys3urekuufpxa7mca3chp5wqghp9l95est5cyeyfatyak9vy8a2kvdm7zs6wcl8aqpyyqq64wuwfdm7ashauvdr,false,335337.324664,2,0.0014
addr1q87x42k9s6gdykvtsql7vvljwenpyjmdgrv2u6r0zw2f63uajwqrg8k50uj6cutkflgc4yp8vct8laf830jt8myrr6tsqukarx,false,334822.62582,2,0.0014
addr1q8dmucnunhw55t5chmg0vgt4llvakxfkcjx3qeknzc878lzmt2vtfnnw8j8ej5zkpfu7uuvzlh4pvpflusdfg74qeu3sw0vkda,false,334536.146583,12,0.0014
addr1z9vcd07vpjluvr0v3hu8w9wvjhgrs9a2cwrtp6wn8ksrkwgfftlde6tjhzldq43d9427zm7l98n6377268rrvm2u2s8qd234kv,true,333683.637681,1,0.0014
addr1qyjvwurmppz6jq6rsr0hhlf6fdesxvdulspj28sm6kxvnjzg50qsgzrm3d65qmn9rq6lxzv9p5dcvafs28vg7zpljwmqgq0gy2,false,333508.220964,1,0.0014
addr1qys6zur5yyty3p9jsr4ex8w3zgpvfdudmdfkyy8geckqtclvk9ww8aad4g53dgmsn5ql73p7azumkau5mqy8h7ec7y4s3w9mld,false,333435.027671,11,0.0014
addr1qy2n59wq3yysww9ut64vz6am3q4npv89wl7e59g06k3v3p7d0fgkh55cd3jmgatcl2sua696k5w56aqyy7la538k8cdqalhp8p,false,333333.2,2,0.0014
addr1qye94dl54std649sf3yfazjtu28pxaqws7d57682k2wxkeayzydj225wydr2kxrxkgaf4ymmt6ugyn69muc887akjeqqmtwgd4,false,333278.0,3,0.0014
addr1q8mm70g3ekljy9zc5l6ev4jmkmfa0swkrqfxaleg2ngpuw43tmlsaze8873uz60kt37mjhkmqcukhye7w5atkk6rannqsnyuu7,false,333129.4277,7,0.0014
addr1z9vcd07vpjluvr0v3hu8w9wvjhgrs9a2cwrtp6wn8ksrkw2lpeqhjyj9gwrgjuumuq3dxgru5zxmdc6tncr3u79cru5qn4ny4k,true,332648.717456,1,0.0014
addr1q80x5dhhxgc8ydl4lhzwgpyzhydfk57w2ffwx8spn47ens90yheuvsfh5agff7xlpt5xn85ggcxlpj6sgula5s47yn8s6thhpm,false,332219.567,1,0.0014
addr1z9vcd07vpjluvr0v3hu8w9wvjhgrs9a2cwrtp6wn8ksrkwgqu8chdmknld3v3hfcv5zk26nzf2j8w37dcamlg4hedqvsqtzvnx,true,332184.164162,1,0.0014
addr1z9vcd07vpjluvr0v3hu8w9wvjhgrs9a2cwrtp6wn8ksrkwwcmwz6sfpfxny2z4g7txxw03kj3ux6ac7xeuh0wq72quqqvnukdj,true,331969.471058,1,0.0014
addr1z9vcd07vpjluvr0v3hu8w9wvjhgrs9a2cwrtp6wn8ksrkwv2jzh9j0fvav3z4eejs70ah7cuj0d500f8jxkt8549aaeqe845gf,true,331924.603206,1,0.0014
addr1z9vcd07vpjluvr0v3hu8w9wvjhgrs9a2cwrtp6wn8ksrkwdf6fhjlf2lrz3r63q2y5yjw2qx4wx9w4aj7efmpnva043srz72mx,true,331817.30974,1,0.0014
addr1q9nww3dp3xhuux9nxtcpzdk5ynzgfjkjx5u6q8eym3ty3nxn0wjnyedq9nt6skfzqzkhmqk680qvtu08vmtpgk6js4qqj247aw,false,331163.94887,1,0.0014
addr1z9vcd07vpjluvr0v3hu8w9wvjhgrs9a2cwrtp6wn8ksrkw26elut5zc0t866njpvrc7ays4nshwdtshcapcyvu8ry7yq5duf8t,true,330986.16779,1,0.0014
addr1qxeewxu6hr0julhgtx90n5l3k7lw55u97x3kgdn9wdlw6p3z9nelu5yl50lf5a4ym0wgj7a4h78fyqhgtg7rywenc0wquedef3,false,330732.673699,1,0.0014
addr1qxu74fm09l7v5rlw5drtxgedaw7ru8nxmsfnq99han0vjuhraxsew0e89l4jged7v429zlrmpp6tgqaf0ufx8mkel2xqnynej0,false,330534.878822,7,0.0014
addr1q8h803v9mel7s6cymnc7pcq55wkq0qd4k24tyujvgvlej4ha5pvk6unaqs6rzzsw32hnqrwdzs838jyrtjwlcaxdzl7speep50,false,330000.948474,16,0.0014
addr1qxnr9jsm435r5apk03tc3xuqaeeh7ld8zluzj4mpq3kyy4r7pjjsmzdtfu57prjjauh0pplcd58tuxut8zju3rjwnxgsgrvq86,false,329800.0,2,0.0014
addr1z9vcd07vpjluvr0v3hu8w9wvjhgrs9a2cwrtp6wn8ksrkwfc50ytldht9rufs60u3kgqktsheqq5qam9tskmulctanrq37ugsc,true,329457.78866,1,0.0014
addr1q88322w33wrz0prcxjl3n8ru0gx02f4hmp3q3h2kzvzs43jsyzuddhxx2qjksc8p0g0gkyvps4djde64sfkn25xkr9ssfkwf4u,false,329028.315524,1,0.0014
addr1q8ytdtcvehjr9xrph340rpg4c5kmuvln24wrvcca6mwnczk5267hz7vean6yf2g7h32vp9eey498aayh2m5fndu00pkqg8m5uq,false,328771.353194,6,0.0014
addr1q9vg7pqpaq3va6uwg49sgrxm4ff5uwpv6wz9p8q0ppxmddqx9cdxq9de0l5x43kglc95u2vlh0qkudezvcwntlm0975q92vhwn,false,328457.215503,5,0.0014
addr1qyfmde709ju9k2r9zfs45j4xlukfdhln60s0krnz98kawkfm8l3rmlnj67fltafrg5e5s59r3ytwgs2atkwez8wncg4s82mztx,false,328365.896817,1,0.0014
addr1qyetx3tw78ekvjlxr2a50p2dm0klegpnjr6yx5fqnxtk58qt34lrrdrf52jl6kzprgl65ag5yynycaa4gur7juumkq2qxyzeg4,false,328355.928449,1,0.0014
addr1z9vcd07vpjluvr0v3hu8w9wvjhgrs9a2cwrtp6wn8ksrkwvx6nyrt7f0jgflxn4t70wk4mcvw4dka2ghvn6atqkqqt3qcmdd5w,true,328180.429478,1,0.0014
addr1qx5atflfcam3uwf9n6djdl0h0jajk4x6v0pzc3ndctusk5yx6nyrt7f0jgflxn4t70wk4mcvw4dka2ghvn6atqkqqt3qln74zh,false,328180.429476,2,0.0014
addr1q80y03xua53nx098klv23xzjkv46hwal2egez5c0rdzn4lyku97e80pdezs4j8v8stkwdew4ul8jdpl4ylgyuejfk4hqafl70r,false,327710.041554,6,0.0014
addr1z9vcd07vpjluvr0v3hu8w9wvjhgrs9a2cwrtp6wn8ksrkwfrp4lzkmdulwxqx2z42s84p3rqvffhcmt9mf0fk8wzzdfqfput6r,true,327657.421167,1,0.0014
addr1z9vcd07vpjluvr0v3hu8w9wvjhgrs9a2cwrtp6wn8ksrkwwtu03usylja4gx6zulnc536zdc0e40rlgvfwcs29mmlqks4plmmx,true,327208.070901,1,0.0014
addr1qx3hvmx20xehs3e02mqfq9p5994mdy5wqgmetqdaej3ch7k4w04pu8gufr3yxe0yd48txld3yqdkwuv5mhv2fg3wqxeqvc9l9p,false,327132.809004,12,0.0014
addr1qx00s2eeaszjrm3q2ncckwq3qpa039wx5vjgawdlgk8tahwvqan6gxlqz2gc3qcetkuuw8vqfa8t6ry6zctmspdgea8qvpgp8k,false,327128.733367,18,0.0014
addr1qx55c8lv7h6h5vx5vhtp7f9r7t5j5wuyqugaqkcayjupujzfwsctw3vk9r7yya069he2kwclgqmny9pn54d9jacxajmq6927xj,false,326751.362755,4,0.0014
addr1z9vcd07vpjluvr0v3hu8w9wvjhgrs9a2cwrtp6wn8ksrkwvtt0spafkrclq730fk7z04w8qt0vfdqfjjjwfpf7twqgxs8m596f,true,326711.001106,1,0.0014
addr1z9vcd07vpjluvr0v3hu8w9wvjhgrs9a2cwrtp6wn8ksrkwgudw9plrefe6k7ef3rtn4nxme63aa3uvfq727h3qtq32psagupw4,true,326532.30632,1,0.0014
addr1qxv92zckfd8elqdzn30rm9dx8n2238sg4f6zx0hcxqthxjx45wgn0k4v66m2pagsn89j95ywrutv4e46yhavcpgceg5qe60nn2,false,326271.367537,4,0.0014
addr1z9vcd07vpjluvr0v3hu8w9wvjhgrs9a2cwrtp6wn8ksrkwtgp9qs3r4zxevf846w23hfjdzsh72twh6hgufupdy8uqtquurwng,true,326010.715993,1,0.0014
addr1q93xqsgpgpvk9ajx96aks8xq7qas7vppp9pqgtjpg7scxnklqw8da602q2jdkapcpm569h7lyktjr0g5gq9y52ptdtjqv4g2cs,false,325788.972899,14,0.0014
addr1z9vcd07vpjluvr0v3hu8w9wvjhgrs9a2cwrtp6wn8ksrkwgxxw05hcx5lf72eqlvzjfwrv0e5pwgs3kwn90qknxzwvssm78n3p,true,325399.255333,1,0.0014
addr1qxrrdjcwgzk00mu3jy4u63acshmsznp8y2jx4dr5empzn8qp27kf76x0y09samhrqtqqq0956csd0m2cjchxfjw5m3jqqrx73s,false,325211.0,21,0.0014
addr1qxqq0uwfxzgyd2e5l246yhfaqa6tgk8y2fqj80h8qa93cs5dpmt2ry7qarp8zrap4p3w2pzv3dsq94vt7ukm98qk3w4se6hcfg,false,325003.707639,14,0.0014
addr1z9vcd07vpjluvr0v3hu8w9wvjhgrs9a2cwrtp6wn8ksrkw0vl8n8v90ujqeym5n9l4t3vd09x9hjqn8y7z8yay33z0ysns4xzs,true,324695.622522,1,0.0014
addr1q87dacp5cezvpt8z06fudmh76rp3vve5qtxlrgkvcstxznwc48hj8g29x8qjv4dlenccj9zxxr3gtekq80s8ntqm7ycs03fzff,false,324656.723374,1,0.0014
addr1z9vcd07vpjluvr0v3hu8w9wvjhgrs9a2cwrtp6wn8ksrkw033qswmyte29h3tx2cydrcg9xjqnu9sfuhl3we0xz0jm0szt3nyp,true,324128.357626,1,0.0014
addr1q9d0fl2xwg5l5gelnrzfhd9gxftjsyyuk8vklr9dmsdfagsdtwmya43gx2apzdhxr4fc8pcggryuscw2k2gck45dq47qcreuuu,false,323324.681269,1,0.0013
addr1zyr08qnt6a45nqmgk8my5g3fgm7pyyqqjqa56dcadzzj4hdksyd8pn7amnr48geat0yft0uezfunealzy4ghl0cayp4s5khr93,true,322753.197946,1,0.0013
addr1z9vcd07vpjluvr0v3hu8w9wvjhgrs9a2cwrtp6wn8ksrkw0e4yy9unel5kf35cvhmjljtqfkpws3tucadldmxryuxhdqt3744e,true,322698.549905,1,0.0013
addr1q9q07skd9pkfw09pcd6vfem3mnv6z8qsjzkdh88upfsf7pgxlc8qdu2ueke2m9pxluzsdp4ahex532x3ak2wxjytmemqushlym,false,322126.683621,1,0.0013
addr1q9tev6kssps847ednp2un643gctdlxrnraxnmdnwff5jrkyeqe0gk7x5snrg82r9xejvn3pgqfxcf7lclaqrycchmahs0cvwfd,false,321974.302412,4,0.0013
addr1z9vcd07vpjluvr0v3hu8w9wvjhgrs9a2cwrtp6wn8ksrkww3nq05m8ra3shdq5mav8x4v8nc3wvljt3u82gs8q690k9qdk7w45,true,321881.358646,1,0.0013
addr1qy5y76kdk5k9tt8mzcjq9xj9wtg0ylmg2w08s34z0lae0ltqf9h6mt97pjc6mv5u6zlkyavp00zgncvprshf7ymffwmqu0e3jt,false,321660.066321,15,0.0013
addr1q9y2dqse84qujy3furlddqfuxan4yphcz5dye6874qgquddlxwz8r6t6lvunm6l7uztudwsfhz23pwu3srlg60t7wchqzj7de7,false,321484.161,1,0.0013
addr1qx6zd258knlmdp37wxs90f4n7qdg2dkxql6z85wvurps9sgq50enesrzf485z0ujtsmfu6cc4nyyexdswnsxtruusflq6trczf,false,321276.9017,1,0.0013
addr1z9vcd07vpjluvr0v3hu8w9wvjhgrs9a2cwrtp6wn8ksrkwtypmtmglnaqn9wqzdwm9uhm89ctuk6cgpafwkpm45eq6ns6vhsfe,true,321142.212026,1,0.0013
addr1z9vcd07vpjluvr0v3hu8w9wvjhgrs9a2cwrtp6wn8ksrkwwdey5ars0aac4tun6g0acw0j3mx3e8dr36xehrqtthuvxs5njmpe,true,320863.554956,1,0.0013
addr1qxz93vhnxu7c70xqs44qnakseecx83hykxapkantrzma6w36kv578je9revensucu7m048lwcfmv2d6vyq7gfc83hpysfdhkg2,false,320693.503902,1,0.0013
addr1z9vcd07vpjluvr0v3hu8w9wvjhgrs9a2cwrtp6wn8ksrkwd3uk2aw97ypjvvf3kjy43pl4axma6c4sjadq2lwlx80tus0suw8f,true,320543.259288,1,0.0013
addr1z9vcd07vpjluvr0v3hu8w9wvjhgrs9a2cwrtp6wn8ksrkwgq37xtyshf47k3kfxhae3zsdcgvfce8vg85mlr733z2p2skzgs86,true,320352.05445,1,0.0013
addr1q93043daaa75z9u5ds0tud65xl3wtnl249eswzplanxnwdjhuk22l6k9xr8c29y72vhk6mh308y2empj20nr5u20rf9s8m5cjp,false,320314.945133,18,0.0013
addr1q9wv348k0x4udhsaj0gsxrqh0j456rddxucumldl0wxp48t8equ3nl3krdcds27llj8nr7g30xmpdhz3wk6j9jugcu9slzu5sa,false,320253.676969,42,0.0013
addr1z9vcd07vpjluvr0v3hu8w9wvjhgrs9a2cwrtp6wn8ksrkwva4zz04ktc2xwj6tfctl5hea74y052k6k4ue3fcwfrzk7qcr702a,true,320225.609044,1,0.0013
addr1q8zhp7z25hfdca9ed0rp4rqp6etynddec62mxzpr6hq7n2wc2dqaqpcq8z0u7s6tgjsrjj3d0d042deaw4gyk6xve7kqjuw28z,false,320000.0,7,0.0013
addr1qx4u5jah2ejtltwdvms85vrc70e6wqudqllu6ycrcwh7ehu7ap6sr5078nmqh73ge02jxlme2msfcljkgee629v6kyeqw5p3fm,false,319897.83926,2,0.0013
addr1qy7m67szu0ndfr26el5l4urg6wenan3q2hcx00kagrw9a7gdsydylk06wea546gvshrq7hhnzunuhsqwh36n0n6ltkyswtj468,false,319852.320306,9,0.0013
addr1z9vcd07vpjluvr0v3hu8w9wvjhgrs9a2cwrtp6wn8ksrkwdvfs6qufve9gqvgllwvkzj8vtlk78jurc9vsaruuem62pspvztnw,true,319554.19922,1,0.0013
addr1q95hl64deytfr9nc8j8x6k6x9x4uknmeu0mjf2egz09rcs7nf0d588e2zuhgzrvmuv0wf89gp8ra4jc3pgrdvqgcmmlq58n4z6,false,319357.029962,1,0.0013
addr1z9vcd07vpjluvr0v3hu8w9wvjhgrs9a2cwrtp6wn8ksrkwvlcle5txtgtf3m0xfyun7j7jvxnt7l34xa56fa3ua3arys0xcl9d,true,319000.929815,1,0.0013
addr1q9twn9at2hrgggcqvcxfld329gn9aksy8q6e2zx3dprqt7jha2hffgnjwyuqshs3nshptwjd649q464mx8ayhualxfgsczufg6,false,318901.98302,15,0.0013
addr1qya2033tructf934045sd0klhx8wnq9a498jn9d8a55zse0hl0rxh2lsfjq7e6gux6pmnv95mz8vnpvapg2n4x2ufytqf9jdx2,false,318765.8799,11,0.0013
addr1q92gjtfc2u677k80kj0nytplrvj2nk49nz4xptfg5hcn2radhmruazz4lm3xd9lwnkn9und7w8x523u47fynxe763ansgck6mp,false,318740.827628,4,0.0013
addr1qypv27suedhyfvpyg03msa07egdz2rj0dmgy48r4klp2dt0f9z5l2ln7x92te9tq3pn9mtmhsu6fv62sk7s7fv8fcgwq2s0llg,false,318555.178665,7,0.0013
addr1qyrfzt9grmngzpkpaxqyg2m3459rjlpwf4acp002cy3v25y6std23cthyu3npeesd4q7kc6vmf37nxawsn02c53ww72qwr5w4y,false,318287.295836,10,0.0013
addr1z9vcd07vpjluvr0v3hu8w9wvjhgrs9a2cwrtp6wn8ksrkwdf904uf3mlakyv3z8pxjr7h7rx6a5f0xxxkf4vr0cz8hss98x9yp,true,318145.769685,1,0.0013
addr1z9vcd07vpjluvr0v3hu8w9wvjhgrs9a2cwrtp6wn8ksrkwgacgga55htu8at4plqhv2ykpy84geswl4rkedgyf6p4qtqayg8hp,true,317525.369284,1,0.0013
addr1qydekdgdc2tvlyjmhsuzmnnuc4qj6c8w4gn2n8fpfvhhq27p6cenlvctepa9k8amy5nu3hauxvg2yvj5mvq9q5ahlj0sx3sj0g,false,317426.786616,4,0.0013
addr1z9vcd07vpjluvr0v3hu8w9wvjhgrs9a2cwrtp6wn8ksrkwgyuzdcw64audtmp3pkk0u0usfr20gayg5q5j5un2nny8jqg3j3ay,true,317314.140522,1,0.0013
addr1qxx225vzxudv8zlw950dl0qegt35qjs5nmesvg5pgxuu9dax6rngzawta4a74659fush53x39n0pwawuac4fpkvxe3wqxufrel,false,317217.238373,28,0.0013
addr1z9vcd07vpjluvr0v3hu8w9wvjhgrs9a2cwrtp6wn8ksrkwt7srlrnvelhx8wyjnf0squv4lpnqxav47frnfhg5ztst7qr4fjnx,true,317211.777335,1,0.0013
addr1q9z02uut8rsmkvqeypqh2f2n6dmazag5d6k2ktcf8dapd2ewfc4c9s2z9xymyrrf7mp449kwm0rhkxq2nt8sr4rpvdpspwcq39,false,317211.777332,3,0.0013
addr1q9csfkv940e0juf3m8lftjr6s4eapx5vlkf05mrfag0y0csvlktu7n06027e588vf2mxt3uajup7r6kwvc45k3wgayqqvgd39y,false,317065.993248,6,0.0013
addr1z9vcd07vpjluvr0v3hu8w9wvjhgrs9a2cwrtp6wn8ksrkwfjrtcjeycq0mpk6skf0cktnevyk8jd94aqggfnteqy4yjscmttee,true,316710.440703,1,0.0013
addr1qytf5t2408ezt0p03zhcd99z5ylaqfh32dnnrx47cqaqtzgys8pxe7krw82atedfwwnqwl803ykvf94qv7zppwu2dudqev2kgq,false,316632.441313,1,0.0013
addr1q93wp6jy9fvx79lewdfuk7wz8aw0x52ygsxm2gs3a25um9dfhajw3rdrszdy8zg7tp4vzadld3hk92k9vf8ulvlvtxys4p0mgg,false,316607.515302,5,0.0013
addr1qyy5uszs9usmdycazg4y9wvs4q0qnv8rq3vd5856l49u6e84hp6wwe6fhx3yd60x4ll5ccqvrscqmy4s6sayh55035wqd9glpm,false,316480.425328,1,0.0013
addr1z9vcd07vpjluvr0v3hu8w9wvjhgrs9a2cwrtp6wn8ksrkw0ffj5ygflm39d7snxt6f65alla34vwcnkqh0aqwrufaz6qwk0jwy,true,316285.02675,1,0.0013
addr1qyvkpvjy4tj8txn25wq9rlwgahv0c80q54c68nlpqd6ptakrkmdzg3hwxf2w9ejhpctcr56px68rx4kzaz78tld4carqpkt9g6,false,316196.13434,1,0.0013
addr1z9vcd07vpjluvr0v3hu8w9wvjhgrs9a2cwrtp6wn8ksrkwgn89g3yxuh6h5eaeuwxxgrcd59h5ydwnmruckfa74r33asfnmj5n,true,316151.065758,1,0.0013
addr1q8a56j6wdkt073pxd8ggffzqsma3tp7lnks8fdr3nm6wg07xwxz9qruxx09heqhpa0ece0a0xuple5h7wc4kfe84kmysx4x0m3,false,315613.381827,4,0.0013
addr1q9r6dg5wy5g8ql5ss9newqttcvdqu393kw996v95ksfgwuxlh0d7l7d0awfdrsns3t8gsmls56qr0swqye4yqf9dc3nsz8298v,false,315549.798901,1,0.0013
addr1q9dkx9qflycwcr7wvmf2e5tkvmf0dgfgecqehuse4qnkklw2de6fyyg7s9glyyqz8u7uh2vdpeh9tuxh4hw0tck8p4vqtzu7gn,false,315517.126586,1,0.0013
addr1z9vcd07vpjluvr0v3hu8w9wvjhgrs9a2cwrtp6wn8ksrkw2kevzn57uztjgnej0f23lm64rjwxpe5e2tz294xsanz9lsyjmydc,true,315508.11676,1,0.0013
addr1z9vcd07vpjluvr0v3hu8w9wvjhgrs9a2cwrtp6wn8ksrkwfdgaqay40qj2gcz6vddssq24fsrlssxkryumjayudwlyhsyr6dn7,true,315340.626944,1,0.0013
addr1z9vcd07vpjluvr0v3hu8w9wvjhgrs9a2cwrtp6wn8ksrkw0gcye5qts8pgwcpmku9nf35n2xtum7272px0qnrxjaczrqs7wqq3,true,315291.072024,1,0.0013
addr1q9wmvshkytwn8dyp26tgtu03u3ws7y8cs4r3ttt45yvhgcwc2fcz3puj8gs2qn3r3ndkm20e9tt6qkx7mxt5yhzh2xmqzeg3t8,false,315260.359989,4,0.0013
addr1z9vcd07vpjluvr0v3hu8w9wvjhgrs9a2cwrtp6wn8ksrkwdwnf5vclsexyh7ludd2erl2afjf6gmlvwu829ax2ydyhhs7q7xdy,true,314916.005597,1,0.0013
addr1z9vcd07vpjluvr0v3hu8w9wvjhgrs9a2cwrtp6wn8ksrkww6l2eeq4670m8ek30tyknxlc5kv362mgwddh5pnqsvkruq9vksn2,true,314756.162214,1,0.0013
addr1q93wp80za7a3km8ku6w5la4tuvs5y6uetxq6ct4w86kvc9vmg39k7l0dhpeqp0ggrfuyvjuvlntkuu97xcvwca5v5avspd42kg,false,314617.591113,1,0.0013
addr1q9fxn300hme5qqrkpcjxzfrn3ed92apmjct8ptakmpj7ynvd2taf9pr4e55sc4t22ld5jlxtntdhwfxhzknpyr52njqsw6eane,false,314240.87227,4,0.0013
addr1z9vcd07vpjluvr0v3hu8w9wvjhgrs9a2cwrtp6wn8ksrkwv92uzk66ngth7zcjjh0yjr8dumwht0dplkkskshlr8wg5s4ey2x6,true,314179.894692,1,0.0013
addr1qy9jd6a8jw6e7x85y075u9vm2lna4f7klc94tnjhljzlceu92uzk66ngth7zcjjh0yjr8dumwht0dplkkskshlr8wg5ssda8r2,false,314179.89469,2,0.0013
addr1z9vcd07vpjluvr0v3hu8w9wvjhgrs9a2cwrtp6wn8ksrkwwg5a6kz22wu564uklhg7zh4nf0fd6dva4w4ckuc9a8qk9s68v6a8,true,313809.293253,1,0.0013
addr1z9vcd07vpjluvr0v3hu8w9wvjhgrs9a2cwrtp6wn8ksrkw2q9sem5qtz002vhlwuzpzedlevq38g24p3e2gdds3e743s49ay4c,true,313547.449716,1,0.0013
addr1z9vcd07vpjluvr0v3hu8w9wvjhgrs9a2cwrtp6wn8ksrkwdwxq9yff2vctvvu3nj5v2exw4nvkn4a29m7jwajhjylm3qfzsyuy,true,313460.720525,1,0.0013
addr1z9vcd07vpjluvr0v3hu8w9wvjhgrs9a2cwrtp6wn8ksrkwd4jfgmgu4m5jc5dp2ykttxhu0swewcskyk26h254xz44ms0xp50v,true,313457.754668,1,0.0013
addr1q9574z4ya55yqnxrjq55gv4fht55z9zakhs70778m7mgkhlrzr27g03klu862usxqsru794d03gzkk8n86ta34n85z0sagfpas,false,313336.84,2,0.0013
addr1z9vcd07vpjluvr0v3hu8w9wvjhgrs9a2cwrtp6wn8ksrkww2md886kk8d4466hunump9e9hleen99934rcyj7avmpzgsutpqc8,true,313111.213254,1,0.0013
addr1z9vcd07vpjluvr0v3hu8w9wvjhgrs9a2cwrtp6wn8ksrkwgansufu3qvptqzfc0sch5ay6jxsg3lnmwxu47d8vfq5s3slaylqm,true,312987.241441,1,0.0013
addr1q84ewq9xgd28ydwnnnv04073d4q96x8nj2fzl7vcwtys3esansufu3qvptqzfc0sch5ay6jxsg3lnmwxu47d8vfq5s3suc5zx4,false,312987.24144,2,0.0013
addr1z9vcd07vpjluvr0v3hu8w9wvjhgrs9a2cwrtp6wn8ksrkwdl58pm5zzywvqna7ltyuza8cdm6fza5mqlzrxv7zu9h7tq9cvt92,true,312857.828599,9,0.0013
addr1q82jcn08r4em38w8plm046mwp62lwjznw8gkverefnrmtmkgvsz9updsrkr39smr6ggljvj9jr00vh7uxpwyngr6jj9sq9rtsh,false,312600.0,2,0.0013
addr1z9vcd07vpjluvr0v3hu8w9wvjhgrs9a2cwrtp6wn8ksrkw2gt5q6uk22gzvkd2xhaffuqjs8fcf9galyec0tpfmwrsuqulp7mx,true,312538.505924,1,0.0013
addr1qxmv74tkphalxfjn0xcq6m288ht6xj2qjl3zndfjygtcz7edkm5z9ahrw0y0j5595ud4fxkggwnlj24mqguhjp3ewmvqdsg4z3,false,312104.905139,1,0.0013
addr1z9vcd07vpjluvr0v3hu8w9wvjhgrs9a2cwrtp6wn8ksrkwfcyd03kg83vt05fa27zqe7vm3aqdl4g9aey46cuhzzv3zsmjvxrg,true,312036.223356,1,0.0013
addr1z9vcd07vpjluvr0v3hu8w9wvjhgrs9a2cwrtp6wn8ksrkw2wm60tfqwrtta4j77c98k8u7rl2jg68fchfhw4u3a42gsqlx0h80,true,311957.376817,1,0.0013
addr1z9vcd07vpjluvr0v3hu8w9wvjhgrs9a2cwrtp6wn8ksrkw27y9cnevkqa90mx9jcw3c2ud39s709qg2jpydnxj62ymgsq635mk,true,311905.392911,1,0.0013
addr1qylnwp3lp2re0jtw9kf0dfvxf4m2c7me3st5d54n5t3m7glkl7mmhyglmr4767lesncnyxy2fcjhx0v0gnqahtmtetaqkjdgzm,false,311669.633185,13,0.0013
addr1qxmg5gdeh4709g3n9fyqqvvvymjy9at0xc0vxjzmdpzr720l4gyclta004l02cnkzfnkfd4g783tvzpsjayeytfthxnsmpnsww,false,311239.299944,2,0.0013
addr1z9vcd07vpjluvr0v3hu8w9wvjhgrs9a2cwrtp6wn8ksrkwgmncck4suhul2kap0zupaadsdaeyas7jk59faytf9st36swwl0n3,true,311072.174258,1,0.0013
addr1q8w3ee9ldexjw7qgg2pjhhzuzfxxs26wxfdfeyv6q460myhww99x89v0404jtaxcp9qshkw97vhn6sqp2z4gqeyhp7tq96kre4,false,310653.646495,9,0.0013
addr1z9vcd07vpjluvr0v3hu8w9wvjhgrs9a2cwrtp6wn8ksrkwwug2l6fm53h09hja8g0v40y6ggl074gvnz3l3dzsau5smqwyjx0u,true,310397.782136,1,0.0013
addr1q9m4cqzsxyz3s8nyr674w4u68rayur78mga6faxed4nrj42jadr4ddlgtwxrujd0agn4mpt6z6kljpg4z69a50fjjp0q93yhdz,false,309921.308583,1,0.0013
addr1q8949nzd4ldzcuguqm4uqdpte7kqxwh5a9vqpk3xqlc8sycz9r6auuu64unw3s4fkeha068dvgfr7qxtjrxcehmu60ts6mdaap,false,309747.46,2,0.0013
addr1qyc0dp544yw23fatrd2wtpvfjj094ts34ljdxmydea8tteuxa4h03glumfc3tf09s9ep2j9r4q4fx6x4zsv9q88zzats5782qc,false,309598.088834,1,0.0013
addr1z9vcd07vpjluvr0v3hu8w9wvjhgrs9a2cwrtp6wn8ksrkw254q3d3s57nmm66t3she7thcz893xxjge54eda9v5y8l2q0kadyt,true,309445.541488,1,0.0013
addr1z9vcd07vpjluvr0v3hu8w9wvjhgrs9a2cwrtp6wn8ksrkwgt5wyrd2075rpwxarzqyh84g53y44dmayz6dwdrdprxjsqftxa9z,true,309402.637714,1,0.0013
addr1q90q95x68rpkynkxa2j0433rrw67mx4qetdh25kwaspk7pg7hg7ugk7a4gzvum32d5ah965rdvj6nweqrmh0ytd7elnqz7rqex,false,309393.92,6,0.0013
addr1z9vcd07vpjluvr0v3hu8w9wvjhgrs9a2cwrtp6wn8ksrkwvwyjq4a2cfjcrgzhcfemdeghqeap6k4awuqg6d3cqupzpsnw0urh,true,309275.931323,1,0.0013
addr1q9223e8nktthyjkjmfx3vt98pygchx38tan5v3nh0n7prfcrafs4s7g4xdz9pd9x7luqhzlw7rtp2lzmk9s90mn98mpst8tmn0,false,309256.929038,9,0.0013
addr1q8vap5tn22knr7wzql8vrt39qmg59l36twr3rvtuqgu3xlhxpl9jy0gyc2ja9pzam7ttjedvc4k7xk52m5uq7yp94hpsqy0g4h,false,309059.0,3,0.0013
addr1qx9vht0y3ecjhtjv5czvqxelrfz6fps6wp385tqqh9uj3z5y4p9x6xgyuxyt2k093tyq27s57gql3rcaps2lsyp0gyaqsfnf08,false,308991.693836,22,0.0013
addr1z9vcd07vpjluvr0v3hu8w9wvjhgrs9a2cwrtp6wn8ksrkw0feycwwhkuu979qhj48de02ahqeytqjk48gwvzg0y6f9cqtvdfa5,true,308857.179176,1,0.0013
addr1q8d9jy5y42k8s0997muh96lgmpev27uc48z0ctxa998w4thr7kadlzt93jyshp7w6am4l4ml2vn2hsl2m3wuspj2c48sp38g7w,false,307603.771221,18,0.0013
addr1z9vcd07vpjluvr0v3hu8w9wvjhgrs9a2cwrtp6wn8ksrkwweyxhpe2er5kuqx4y2s2m7xlagkq9fp3jwqw6a9uz5tjeqykfmjs,true,306732.682845,2,0.0013
addr1q9nzgtun3rga2ydj4h84defu2dpkvyffhtn4ecw8725n353pu8q6vk6j8gta48fcc4j33m3rmlprv3lke46elvjqdkgqhdnq25,false,306551.532247,6,0.0013
addr1q80u7rpz6m6jc5fvrx0xtwt9zf5rqy0yg0jdtqg2tgxqs6tnthju7h5824rx0mxxv0y2ad9jtpp8m7t85mpvlefl65msfvge0v,false,306412.085658,24,0.0013
addr1z9vcd07vpjluvr0v3hu8w9wvjhgrs9a2cwrtp6wn8ksrkwtamkvs4zg0un5z6xye9ep8swfcrxqccjyh2pmppswzrypsvmn7sh,true,305696.54548,1,0.0013
addr1z9vcd07vpjluvr0v3hu8w9wvjhgrs9a2cwrtp6wn8ksrkww0qxngjewlyhf063ra2urhvzzmcvndez5dayc7njz36c7q2zmnqp,true,305603.107298,1,0.0013
addr1z9vcd07vpjluvr0v3hu8w9wvjhgrs9a2cwrtp6wn8ksrkw0ea0jz6wlfctmst6jh4343gvf8am2357v4jwl3up4ju6vsmaaekm,true,305483.126034,1,0.0013
addr1z9vcd07vpjluvr0v3hu8w9wvjhgrs9a2cwrtp6wn8ksrkw0f2v3q9c49pa6csvp2ge33rkpml3x8wac6fwqrh7gvznqqqmzx0t,true,305459.000531,1,0.0013
addr1q8t3lp0a6ws59cklsymx3n0nc58u3522hywmaygznytz7e8fw2l5y2v7x26xdzucp7svzcjsrypr8pqduycm0wfcdm0qm5p6p6,false,304883.968001,2,0.0013
addr1qydex96wjagw97dgd6s76j0gek6pphfccznw72tc5yg770qhk9dg636a3unadtnrfafkcrwrxfrmvx3207udn54ea0ss0rj7ua,false,304835.65111,9,0.0013
addr1z9vcd07vpjluvr0v3hu8w9wvjhgrs9a2cwrtp6wn8ksrkw0shw4zar3xkneewnaupw2mvs8kex5ll3mk36emgxs80amsnsfrfj,true,304590.697777,1,0.0013
addr1qyxqh8qymuekhvqky0ejfu7d42qxkznku6luk8pact2ehps8trl785sqww9taews4qxnn0vjdd4fnz9gjh3fzm09lysqy7gstj,false,304417.857922,1,0.0013
addr1z9vcd07vpjluvr0v3hu8w9wvjhgrs9a2cwrtp6wn8ksrkwdsn86ytvljayvmpsp0ff8vlf50v56dp7qeuv62tgprpw9q2u5754,true,304325.09806,1,0.0013
addr1z9vcd07vpjluvr0v3hu8w9wvjhgrs9a2cwrtp6wn8ksrkwwxx7y3e9s26pna2q5a0vztjef0dvcslnu4atve05evk0zsap4krw,true,304243.317246,1,0.0013
addr1qyrqx8dk5gz47yrgmtyftnjceuaxqfsjyfe65uj7m4sz78agcgz5flfr7rp3t4f82zlnk52re58ed5l0uye03tw0wnrqew0xd0,false,304199.349984,1,0.0013
addr1qyje8n7pd8fjm0lrfnsqxjcrw4utgr79r80xvlrmpa2pfc0u4rdv4lulkccq6pa8rv5vj27zwyqdjtyaaeqhw70afttszvx7yg,false,304092.727994,2,0.0013
addr1qxgkl9cqkhwcenn068mp8zwu0ng0rdq648t7he4vm74f7lg2x36rpx8xhzjdlrekzd2s3z82308yhd08prahp59nvv8smjhpjh,false,303963.110641,1,0.0013
addr1z9vcd07vpjluvr0v3hu8w9wvjhgrs9a2cwrtp6wn8ksrkwv46lc6hpyk7fm2l7c353xnj8j756hvvhsq5arkwvurz5hsjdjgvh,true,303946.132712,1,0.0013
addr1z9vcd07vpjluvr0v3hu8w9wvjhgrs9a2cwrtp6wn8ksrkw0dfvx53xwzqt3vvjzdn0hqwlje38jwplfljflgfpm0fpeqmux9yj,true,303925.063988,1,0.0013
addr1z9vcd07vpjluvr0v3hu8w9wvjhgrs9a2cwrtp6wn8ksrkw2lwt7erkvjnwjv3l09qhzp3l0ay7vkhclmgaqcuwvauvcqn0nx99,true,303787.027419,1,0.0013
addr1q8ngf9dzxvx6a860sy440e9az3gpljv6mgf06g06n9tjhzjlwt7erkvjnwjv3l09qhzp3l0ay7vkhclmgaqcuwvauvcqt9upkl,false,303787.027416,2,0.0013
addr1qx3cc0g0pswttuayfj9u3h9x2gql93nd2dyhq369vge88s59rktcy424x0u9nxpgfxg6trcdfhw8ff3xv7cn42n98v5qstvhlm,false,303752.7232,1,0.0013
addr1q8j0hdu48kzuryhwj7j40nuk2ay5nsczlcpxf8azg3w56eajmslcvxse4yxrqvh2nx5j0y2zyh74ewf7ppx9mwnlq28su9syl9,false,303673.332061,1,0.0013
addr1z9vcd07vpjluvr0v3hu8w9wvjhgrs9a2cwrtp6wn8ksrkwv2ul7l2lkjzlncrs9p3cyrefuykevmurhvrv0auhyge0zswz7zev,true,303610.439031,1,0.0013
addr1qyrqpsfg02jwv2schzndsx0yu6wsntznsq4wzvjsh7ux7qky3qn3e4qn4qdxadms9u6rvcnn49z9w3r0aq5c2ze48muqp4e065,false,303487.567377,6,0.0013
addr1q90rrs9s36rrj5sk2s080fctlkm3hc7ctqs304k5w657y2xgqlmphr50ju9aascwmey70krxskr7r0xwfzlwwu6uf65quy6u77,false,303115.731508,4,0.0013
addr1z9vcd07vpjluvr0v3hu8w9wvjhgrs9a2cwrtp6wn8ksrkw0hpchnj7s3ney6497zjlnx57ckrtvnt90yh48345d7qxeq6rz4zx,true,303072.209539,1,0.0013
addr1z9vcd07vpjluvr0v3hu8w9wvjhgrs9a2cwrtp6wn8ksrkwgd8v4pkd52wma2pfagmmudgddd80n3e38ga4yzdkwtg95snleyrf,true,302316.925708,1,0.0013
addr1q8xs0672ungse2yuzmgzcne2xj7neuagxgdllq424cy32fqd8v4pkd52wma2pfagmmudgddd80n3e38ga4yzdkwtg95sm6jm78,false,302316.925706,2,0.0013
addr1q9jrcnvmg5yphc9jh04gm9vj7aj2kcc0glsq6g6ln5zvelxhdu8fsu6r9ypv6smc5hrn6mg3alychcq8xpgxe8h6kzxq5gr2wn,false,302228.85,9,0.0013
addr1z9vcd07vpjluvr0v3hu8w9wvjhgrs9a2cwrtp6wn8ksrkw079zr5dpyyzj5duf5swfnu4kzer9ly50l7fjq8e9c4z6gsy4gkd8,true,301886.561824,1,0.0013
addr1qyxs8q6qn4amlxcvr2k5tdnfpxha5qpa3t9eq2ml642fmfnrn53pxce3htxcfregmt3lmd6724vk65ztv4znm6nmrscql02mmk,false,301778.313441,7,0.0013
addr1qxslvw5drr3rnldynsllpsneffcpxa5fux5u8qnd3zv2k0qtm98hpjf4228cx6emezfzrrjmeed5d0uwns20xrf8m5cschpu8u,false,301649.56,1,0.0013
addr1vx5pg743sk3vd53vkchln0jus7a6lw5cmlrzr4jkd5mqflqx288vs,false,301551.465941,2,0.0013
addr1qyue5uulkpf9ea4ydkqccfr76lsqz0lmfg2dtm2rrlfdythxwuvgyayytfj357shk2a7uygrlnwt9u6axmx2khwy52tsz0lmtg,false,301447.20064,3,0.0013
addr1q9epp2vml827897t50uzupsq7tt0n2aukrmtc40hrh99nspz783k3cvxsdh9xv9wz2xfz2h547vmdsjfywhcmtrsemgs3q3pe6,false,301387.381964,1,0.0013
addr1qxuumrg7s50at4z7cychx8yxh3hyv94733hs2u62usrwge80y3ha0a8tqfw6du8tauvc6delveh4523f7hl0emcn45mqannf8t,false,301371.815015,4,0.0013
addr1q8dde6gm3mq7msvqdpydz52vsgx4slagjpe8h88wy648j5kwazv6kpgwqsszck0s6ghxsm5vewaagy8ka2pvrxtkswusfpcnvu,false,301350.131636,1,0.0013
addr1q885wfz39c94ntfhepy68ugsdlcvlwghlf8vrdzae2g8wlmsgegstfv3p7qfrl2c3st0ezrsya00grsmrm594y8twjys4u6nj8,false,301305.24,1,0.0013
addr1qxpnrkj4040uczrq684j5w84smvee6gjgqypp9ftxvul8vh5rwnx3pnkn2s7uv3wx9vrpgt7pcrcl5s0c9ve3cxgtg6quta44z,false,301068.953325,7,0.0013
addr1q8txrszh7c5xsw39r662k738zyfsyc8jxedvyqg4a25ql2txr3fgfdj4znhzq5sf38zrl5p4u57cp8c0mmlt3y36yruscy0fc9,false,301000.0,2,0.0013
addr1qxd8rcqx305zwvtjl36mzcv6xqksrlrn2w9ynlhnwfphl5ueyx6zvzmzzamps0uqvlpj93mz9yump0jnmrjfac993fes7mfgpy,false,300645.25044,2,0.0013
addr1q979ll36rc7w6f5tky4c67695py5mc0q2u9ssfdqk7gr92qzn5jfqztw9ykmefca5g2ppenlvjfhjyzd7alhjqmp0tmq9r8kyr,false,300592.038822,1,0.0013
addr1qypkf325dmcsmjy929g7s766r0qktf7dyruavh6n4r5nh45692dsfxuuh9gp58du68p5ku42rmwxylcjkex9lkee0geq8vsxqv,false,300353.954808,1,0.0013
addr1v9xd7qldunccu7crnntgrummz226mxl9lr252ntfjss7ezsjfspjc,false,300230.695901,1,0.0013
addr1q92faz94s23kpkrjh9au65gfgg5g734k27g3hxhl8n8c00paf8w3weyxj85rhsun58vlvwssm3y30c4nxv7l28ys7qdqe0hfrf,false,300016.796175,1,0.0013
addr1qys4w23ama9zu5threqekmc5v52w6q5cuqp5tty32kn9aux40y4rzfw4pds0cgkdjjjhr5p45rltsyangr4e5cvqsn9s3at3a4,false,300000.99,1,0.0013
addr1q9xwg9hrcj9723llu0jqtphc7emggh0e29dv2e90gfkp8d60j6p88rm0t4yd9c5cnhdemapc055erzxx4c8jutnxfjfqzkj7ud,false,300000.000003,1,0.0013
addr1qygty8wt06m4pvlhqlq5fa2l9xz5hrhzdrp9k2gjqfckhw4g9ftlcsjj2gfvvajdzurdzplxda4aly6chg8ypfshc3pqt5nzat,false,300000.0,1,0.0013
addr1q92r5s057nrp5qrcxtfjn7f3j7cvtp89qlh3k79nleu55xw9pn8y957z4wmq3vldtpl85ntv38pvzuh2zlfe3gsv6pcq2pm8j4,false,300000.0,2,0.0013
addr1qxqxrd2gxvezyswztajxncv2j4k3amdxjaachess49x5sdm62keeq3ag6h7v7fmkj70u3h59c6mf6w9lda4c9l3yxj7qrvlhvc,false,300000.0,3,0.0013
addr1qx3fwmjhdya4upq3p5gshvxe08cplujmcn6us5hh3gy8g58sgzr0w6w4d2tyj9y0jnpmjjwwarxq57pe3um9um2k5mcqekf7kg,false,299985.0003,1,0.0012
addr1z9vcd07vpjluvr0v3hu8w9wvjhgrs9a2cwrtp6wn8ksrkww6tnv8pct0agc0tv8s8lzjqej2tzqewt92plammj9ap8ss3f7zwl,true,299803.340927,1,0.0012
addr1z9vcd07vpjluvr0v3hu8w9wvjhgrs9a2cwrtp6wn8ksrkwfhspnn0fcf7stfc2lmr2gp45dxunjacqttzwmlh3pgp0lqrw0adn,true,299409.053574,1,0.0012
addr1q92wwfvze8k4esgnn0a5vq3x7e8ek0zyxvhdd28mz4x0rr2vz4l8g5dvlfg8gau5e9fxswx5fu9d4hvvlcstzx5zkngqamlrwq,false,299326.2927,2,0.0012
addr1vxmc0v7wqgd6cf4g2qds72l782x02jwv5w4dscm83fzfgqqym5xd4,false,299180.97087,2,0.0012
addr1v95pufr0ly972xxt2r98qf8m3e76y8mxv6m4mvk5dnkrj3q7spnc2,false,299154.547153,3,0.0012
addr1q82n4vqf0mmh5mjapv6xa87jm23ncmmrl0vetdfjka64gmc3apq72fmrjxvqrufplw76yjcqgmzz6qhsmucn6l7shh8qcnqlf4,false,299035.285552,8,0.0012
addr1qykw3plf4ux53qk0ay5dwthkrek2y99vzhl7p3dt5huqd8ewkjlvlg97mrna2ujyvcr2ex9lnm0wlf9fugh8u9n5xjeqmcz23e,false,298948.204315,23,0.0012
addr1q8c0vq6p97q9maatsuu2cltw7xxe8frwcarwph05cm6xuxt7zkkasclaqzxgy6k0x9a53d5e4tqy33wau4lnaxxn3whsat7uma,false,298806.857214,1,0.0012
addr1z9vcd07vpjluvr0v3hu8w9wvjhgrs9a2cwrtp6wn8ksrkwfz9wwvehdalse33mfal5xl3r6nhy7ztlhuk6p49jm9fzfq6kxxg6,true,298577.973646,1,0.0012
addr1z9vcd07vpjluvr0v3hu8w9wvjhgrs9a2cwrtp6wn8ksrkwtptu2rukp6efsmyta0kphtj8l49jw20y8luprp2umua3rsv3c325,true,297880.423481,1,0.0012
addr1q8znug880kdar4d4wtcu4a92unwjc9sey7ma6470k3qxpq8lv5fngawgphv0w3rqf627shfvqy9wx9hzlp0jc5c47fgs5uytjh,false,297800.0,4,0.0012
addr1z9vcd07vpjluvr0v3hu8w9wvjhgrs9a2cwrtp6wn8ksrkwtnvtgwa6zvljn0zr50rzaesw2t5wy23y7vkr20qxyn0dyqk0gq8a,true,297713.28767,1,0.0012
addr1z9vcd07vpjluvr0v3hu8w9wvjhgrs9a2cwrtp6wn8ksrkwfwdlp38cmqtzy465ghzd9e2vh4pwr5jxjxxshvv3ehygfs5cr8lx,true,297182.883214,1,0.0012
addr1qyt49pjv47jh4usjwpjrnfr5xqy4vlc0gwwu9g8y7j5ya0dmxpahclrmnzaydxy75r7ucpcma5ww82jxlcqk7qhd6xgqux4pp3,false,296853.151568,25,0.0012
addr1z9vcd07vpjluvr0v3hu8w9wvjhgrs9a2cwrtp6wn8ksrkwghj9fvhsa3u5mnaztea6dq88cr77c6klgyuz55zd46sdlq8hgh39,true,296645.083269,1,0.0012
addr1z9vcd07vpjluvr0v3hu8w9wvjhgrs9a2cwrtp6wn8ksrkw0l3sjd84l7a5qda5dcgql88ve3q9ceeq903up42xxrdwfs59rx8p,true,296143.261851,1,0.0012
addr1qxz2yfmklchatqsnq66j2ac9l85ejwyfpyyxlemgzgwtc5s04z32gs3jwhccrhelsrsw6f6ns0f55kdzwkpp8dvulfvql9n0rf,false,295997.646347,1,0.0012
addr1z9vcd07vpjluvr0v3hu8w9wvjhgrs9a2cwrtp6wn8ksrkwtd5rkl6c42uy57a5w0yfd7r5z78cal00y9h24xl9770h8s9eqrfa,true,295941.82433,1,0.0012
addr1z9vcd07vpjluvr0v3hu8w9wvjhgrs9a2cwrtp6wn8ksrkwfnfy3z9j9ugdg5q8qe9kythhsx5p0fdserst6t0hsyz24snsgc0d,true,295940.342999,1,0.0012
addr1qx7z3v6c87nulzva8lfexzsa0vnpcsxer83dx4zhkavpknq64m003pt4t9eadgvjqx5h8wxa3dwxlp2zr7f79hsd56vqsewqea,false,295719.68,1,0.0012
addr1z9vcd07vpjluvr0v3hu8w9wvjhgrs9a2cwrtp6wn8ksrkwdxx98khml59v0stj305p0tmy26tsr7y3uc9m30zydyndjs4pms9q,true,295313.27058,1,0.0012
addr1v8dh0qxtuvvy4qvm4ts9ynpl6ke0y8w3fne08zjj2kuyfws76ktep,false,295302.230196,6,0.0012
addr1q8xc77npm03leavym0k6vhzgpy3jtak2egjgw95z70v3evcy24dxlep5ns7cnz0t4el959v3h972z3gmnjp8qphxtt7q3vgjjf,false,295268.948454,2,0.0012
addr1z9vcd07vpjluvr0v3hu8w9wvjhgrs9a2cwrtp6wn8ksrkwtdsvgm74kg03zzj4u7gs2r4skxpaqun8w3jgpawg73ux7sht3lm0,true,294951.911183,1,0.0012
addr1q9n9cz6zx994ctl5jshtyf4shaq7x7lv8tuek8dq7auctsrerw22h82aey8zkwqdfzx6kulavadh6s0492gvlykjt9mqagc8m0,false,294638.60039,4,0.0012
addr1qyst4clmgfc7xejdqywsu7v2hhd0c2ce0xyxkhgkkm0ag5engsqwl8xzttnsfx50h5fn2kcwhc0m3qh9fr0fnn9gee4q00vyad,false,294527.337561,9,0.0012
addr1z9vcd07vpjluvr0v3hu8w9wvjhgrs9a2cwrtp6wn8ksrkwwaz6a2puam5wneqh7pav52lmw72r3ufgaxk98vh6e38e6sxpcasy,true,294416.922304,1,0.0012
addr1qxhghtzvxn0qycxnqn9sp35506ueqq5aqtj576qr2er8maak2y4f39kapzzr68k7ept8vlj0spxw2xr00extnf2g4z9sd7kpsc,false,294245.869531,7,0.0012
addr1z9vcd07vpjluvr0v3hu8w9wvjhgrs9a2cwrtp6wn8ksrkwwtfq62gwuau0mp46apjmf5ppqax4qr99wymr0xdvd3ktwsuged7q,true,293871.979449,1,0.0012
addr1q999q2cr3gvzv0lx9r3upd23k3s6g99vmsvef463p4d76urtkx069edtj64f354qm8mf24d3zccq3sjts4520v4e6edq9ckfwv,false,293862.057711,1,0.0012
addr1z9vcd07vpjluvr0v3hu8w9wvjhgrs9a2cwrtp6wn8ksrkw2vmdm7a7ullwyqutggs2yd4kv37mhnnnsv76xej02grmgslyjjsh,true,293674.018393,1,0.0012
addr1qxpypfmefgdtcqvpfcthszwsp6ss0h2neva0ve7trmyx7zzvmdm7a7ullwyqutggs2yd4kv37mhnnnsv76xej02grmgshj6awp,false,293674.01839,2,0.0012
addr1qynzrhttnvme07w50t9hl5gp8g4zehzzsuk3375sdycns40z2aa3x9ssv6mwnq49tsgdh626ldzx5jtavzqj6s0dz7ssmzpqe3,false,293600.252396,4,0.0012
addr1z9vcd07vpjluvr0v3hu8w9wvjhgrs9a2cwrtp6wn8ksrkwflhl5wrx038k8e6mxrd8cdl3s5dtwsa0qv7qq7eh9nmvusvunjy7,true,293413.162876,1,0.0012
addr1z9vcd07vpjluvr0v3hu8w9wvjhgrs9a2cwrtp6wn8ksrkwtmez6q6jf9cta7rxat6se5y67ku599wf86xvl0vjd3dt9ql9sf6g,true,293381.700555,1,0.0012
addr1q9wd6yv2v2xmes02ddl2z4ycg3ys9dqukvcvsy4mvwmdjcf795zs63h6qvgnyvfjkx8qeu3war4h9hwx7fvgvtkse5yq2wrq0r,false,293362.1952,3,0.0012
addr1z9vcd07vpjluvr0v3hu8w9wvjhgrs9a2cwrtp6wn8ksrkw0ry9txz0rpq8szhymw80qz7vekmmztxwsyta97n6sny9cs2j6af3,true,292963.883979,1,0.0012
addr1qxcp80s2z3zjh9sh4drmelqfz85e82uwlyfk7sk32w2708snt902jl7tpymhxtp4g87tvr9huq3r5p75yka6uakxvyrsk352s4,false,292914.910641,10,0.0012
addr1z9vcd07vpjluvr0v3hu8w9wvjhgrs9a2cwrtp6wn8ksrkwgakrr0cvtyd00et6r5570tsvv9dwu2e4fq8vpclctuwf7sdtxxtz,true,292868.440173,1,0.0012
addr1qyu80udqk8ck3ujeqgnmvuq78ht35d7tlkc4sha3vq699lsvc2tu6qpceuyqea2xgl908wr733g0fsz6zsvvt8w7htpspr7pej,false,292731.527434,2,0.0012
addr1z9vcd07vpjluvr0v3hu8w9wvjhgrs9a2cwrtp6wn8ksrkwf3urhhd0tgypqtyx68gjqgunerkq757f4yzwhm0ca3y6sss98pl6,true,292412.86305,1,0.0012
addr1q8xfjhm2xh8kfrm7mt3vjyk4myfa209p07kwg2k8562fxtx4gertu9gwpaelxq99v09fu28w4n7q49x0yvtre6q2k3mqam72ts,false,292257.872432,8,0.0012
addr1qxshfkkqkwhr9ex7p7r9wd0q7u9slwrru6ceeltncvs8nw7lwsjnunyp7lejxpvw7e4zum9raky0jyrkpt3mqdwd9d7s8yarx5,false,292079.243326,2,0.0012
addr1z9vcd07vpjluvr0v3hu8w9wvjhgrs9a2cwrtp6wn8ksrkwwlwsjnunyp7lejxpvw7e4zum9raky0jyrkpt3mqdwd9d7s7v7335,true,292079.243326,1,0.0012
addr1qxrud3yuuj6ma5sd63kew3a0ywzuqsxj9zegzk4ce566netxf5pecz7p9u6zev8zulx3nd954l7kr57l5ekrsy442y5sraxevv,false,292077.647413,3,0.0012
addr1z9vcd07vpjluvr0v3hu8w9wvjhgrs9a2cwrtp6wn8ksrkwfyafcqxzj3kax0exmfr7kpppglxz3sjw95s62n3frnrmpq4m3fcx,true,292001.800198,1,0.0012
addr1z9vcd07vpjluvr0v3hu8w9wvjhgrs9a2cwrtp6wn8ksrkwtmxgfkxvrthwevekxt0kljwq4g752atk6r3nave6d9lraqv8xlv3,true,291637.931376,1,0.0012
addr1z9vcd07vpjluvr0v3hu8w9wvjhgrs9a2cwrtp6wn8ksrkw2zugrhkaremktegdkg39zp362ne2ckqjyeer07t4tv0vuqgsghd9,true,291534.548637,1,0.0012
addr1z9vcd07vpjluvr0v3hu8w9wvjhgrs9a2cwrtp6wn8ksrkwf8zha6lzvqzma4wt0z5f5655ukayyudp0yye8vhnt76t5qlek73s,true,291514.598565,1,0.0012
addr1qyfznhey5l9l76ayzy0qdjtsyym4lp9ge04t5tzc7lwu25r7k59ux7chc7jza4yzf8ylsj39zne2dzh5vvj73feur4lq72gwaj,false,291475.489327,1,0.0012
addr1q9j4legt26dnywm2qanslwgvqpagwtkgmaddlqfxazd7jc2lpeqhjyj9gwrgjuumuq3dxgru5zxmdc6tncr3u79cru5q64fzuh,false,291358.9832,2,0.0012
addr1z9vcd07vpjluvr0v3hu8w9wvjhgrs9a2cwrtp6wn8ksrkwgx9u8378sfrkutzy93h5yypfmrm7hecxqxre3h9hrvhfmsymkx6r,true,290495.375,1,0.0012
addr1z9vcd07vpjluvr0v3hu8w9wvjhgrs9a2cwrtp6wn8ksrkwtgegvdzjfvwhepw5dystv2sgnl3fpljzwk0sd753a4y0fqkga2hs,true,290391.595859,1,0.0012
addr1q847w20000r0s628phpxlk6qp32m6vwhvwucuvk5d5sgk5ut96xk8m9ppv5p4glkw4jcxhh8xsa5ua2gnxmxktx4l3xsr3m5pp,false,290339.145235,1,0.0012
addr1z9vcd07vpjluvr0v3hu8w9wvjhgrs9a2cwrtp6wn8ksrkwtu57pgp9ekw0m9vr4lj2xy22ey6qf5up0sjlh5xqhzn27qces9xg,true,290333.370984,1,0.0012
addr1z9vcd07vpjluvr0v3hu8w9wvjhgrs9a2cwrtp6wn8ksrkwgx72mth5qe34juka4n9aac85l2q5d9ehthkg0cr7l3rj6q8ve7m3,true,290257.938049,1,0.0012
addr1z9vcd07vpjluvr0v3hu8w9wvjhgrs9a2cwrtp6wn8ksrkwvaj7xva3y4gt2pl8r0e58z5pfervvxpseuuawslcgglcfqxkg2e5,true,290203.542399,1,0.0012
addr1q9lkprwme0qdshmjxslvl9nncwpfaawcc5r8dtssasxcqcjcsfnttmgncew0d89adce44rg5cxm44fz6swxg9ztfneqs3m0yle,false,290155.588461,2,0.0012
addr1q8f72y49r5wz2tvudn0h44j3njkf8u2w6jayjmdfc4kr3vcukugt7fh4zhhqe8kw9c2ztw3cd6v6tdxc8rmkulglps8qpdyf26,false,290129.555847,18,0.0012
addr1z9vcd07vpjluvr0v3hu8w9wvjhgrs9a2cwrtp6wn8ksrkwwtxhup57pe3zl50308mqh6xdh4akycvsr57lvpz63g5p6q55s033,true,290069.681592,1,0.0012
addr1qxfhxnpqds5qs0av24grcze6y2v0spw2twvuyrukdaffxwy8jx4qczrvrd0yn0cge43pjljszv6sf06mz9aelyrwquqqku8pcm,false,289740.091289,1,0.0012
addr1z9vcd07vpjluvr0v3hu8w9wvjhgrs9a2cwrtp6wn8ksrkw0aym3yz9l6mfy0wrcw3j25eunq7063ya9ehrpep0d3fwsskns6gc,true,289388.382423,1,0.0012
addr1q95j03fff97t72rh95n9p7mye8ppy4hxdjc4akgazl6tv59r7e4249xk5lccjavegsjr6n0x4u3as420dzl5c72tee9shdzy2k,false,289323.909538,3,0.0012
addr1z9vcd07vpjluvr0v3hu8w9wvjhgrs9a2cwrtp6wn8ksrkwwrrak285qul9ncfeng5rtg0kqau7zc0fvkuw3p5t9387xqek6h4e,true,289163.687693,1,0.0012
addr1z9vcd07vpjluvr0v3hu8w9wvjhgrs9a2cwrtp6wn8ksrkw0kg9zdjqd23tf9kqdfdlzs7laj6q6yvahx92klqtjfrahs7spjar,true,289128.192276,1,0.0012
addr1q8jzkzx4s06wf7z67pejg57g5rhr3sl9a32f3qptk47m42n6pfc823787fly484fdzsmqze7ckels32tn9a3menu6t8qjammd4,false,289037.31064,28,0.0012
addr1qx4lk5hjpmh927n23q89d4ac7jzxtdvs09r9cyw03vrvxt4e73h76yg88ke8st4r55e72yjfkrtk8jae6xx5yjgka2ks2ncx8p,false,288899.280511,1,0.0012
addr1z9vcd07vpjluvr0v3hu8w9wvjhgrs9a2cwrtp6wn8ksrkw28m3ggkjaeuudgdyetl0s2egrn6lhy3lzd6hmugv4djs0qnxwf94,true,288181.25034,1,0.0012
addr1qypw796lmcjv28ptpy7c7ytxrlvhdkk29njlyv5fnqxenqyplv4qk5udcw77nqjjh5j6ktte9gn2ldzyv9k7vd4rrkzsugaxxd,false,288005.9,3,0.0012
addr1z9vcd07vpjluvr0v3hu8w9wvjhgrs9a2cwrtp6wn8ksrkwwdlndyg6y6uu8xzztz5zl46rgq7sl4pd86r9ekff78qq5qn93cej,true,287982.534779,4,0.0012
