pool_bech32,ticker,cert_number,changed_at,tx_hash,relays_before,relays_after,delta,direction
pool1ahazpr2yz5gljk2m4q8g7wnmq7m2sr9unhdfmr5arhqrjnntwdz,ADV3,6,2026-08-29 15:26:22,29f8a161c6cd1fbb25818e12b3fd49ecf841fbfe590ad9903cb1bc9ff6e7f275,4,6,2,added
pool18vej0s9gska8c847aj95g9v24duuxg2g63d5cuqngnxew643jw9,ADV2,12,2026-08-29 15:18:53,ad6bf18880134f2890fd3329e63d7d864583e52c8b9e0aebe79f09a53b93af14,4,6,2,added
pool1xytvsd9qnvqxpthh9p8k85e823trvn3npxeur8kr9zhkqz5uls9,ADV,26,2026-08-29 15:11:54,48118c000b1d594f99cb1f117d0c8632775fbeb122dd960a74c00887931d687b,4,6,2,added
pool10eltx2wej46e62ulmwzm35xfu0azu47yvpjper7gwhncqe74vg6,CHIL,14,2026-08-28 22:27:29,011c4371c5069c0c97de6856bd41a3586eb60f255eea4caa4e3394345c7c732d,1,3,2,added
pool1sghwg652uwe7ksmk5laxxft58j6km6prahvnddk3s6zgxek5qen,FLUX,12,2026-08-23 15:49:55,7350f7e8de0858be733b1983c27fecddba0e514802daef5a0e5f8d1c03fd07dc,3,5,2,added
pool1peayemzlkmcwn64c455mx8sxdaztq0xuv9hdxlp0kcsxz57up3z,AID1,9,2026-08-21 09:23:00,fc1fe09414ec3241cf5c657f1022d6a63c76d4cd7d92406fd2e2d8b01ea157c7,2,1,-1,reduced
pool1n940lfxkd7z73qzj5y554yrletrmgg5x2eya9tpglh3uwcqfnud,FUNON,31,2026-08-19 23:46:50,e1af8151e555ce82ff98a0fa8ea6f1a827a51680ebe848e735bce69fc47a632f,2,1,-1,reduced
pool1uvzzcc9vh9fs2e3j0dg20cumxxqxfjtdqc6cvzszrqexq6a3uuj,AIADA,2,2026-08-16 10:39:58,991bad7348b36e8bfdc842d23685af7fb09353fff9cd029404fc0eb93aa3ad99,1,2,1,added
pool1jsxk3ymqv2gdc6mhqk52544g2aun4zhq5wgx6n32l5s3jlne70n,AKYO,17,2026-08-08 10:04:15,a03de8451ee52e374217223cbc13f8015104ea0c55a4a163410ef37f05145125,2,3,1,added
pool1tnl3yxmj8848vq6meduhz9n5520a7dwsh05r5gfyvlatj87k3jl,SPIDR,19,2026-08-04 11:22:18,bdfd8c799177e3ca10a81c521f2b3a82d602bd21ab228055bdf74dfedb7e0358,5,3,-2,reduced
pool1dxkf7k3qwnpgpxqfye8y9jvk7lver3fk8dq7c4dpzezyyx8cf5c,SPACE,21,2026-08-02 16:21:11,4ae25b46900c73a4f2472bf1b97e7ff2e46ab3b095d2d41b1d2fe113bd402b1f,2,1,-1,reduced
pool136wr0g23dw9daekuyqtgk366vywms6meespgpm3hdguxqczaaug,DDLT,3,2026-07-31 19:59:10,698ec5c004075995da4770c933635150dc77f521ac7cceaf53898e09d8354f95,1,0,-1,removed_all
pool1ux4es4p8kfq3u4nax564ukcte2vzepsz68dkgg24k7l7xh5786v,XC0DE,6,2026-07-31 04:08:15,055dc6446b0ec6f8fc93a13cb66ad43f33711dc60bae089d3b1157019ba3db43,4,1,-3,reduced
pool1ddhftaa3pv225npllmevq9remkeaf0fhsayx78zhannjv0tm0ds,LUMP,5,2026-07-28 23:35:02,4e3a99dcacdc891a0c7d1dd4c5cb4b682856b80835c4c370d341d4c7819570f9,1,2,1,added
pool1srdjughnhp8xnn0wlf7gj7v9k8lmzl9ht4vhksp5qqc66fnpccj,WIND,8,2026-07-23 22:00:43,39ab7a88985f19adc4ba6e1f9698111f80c8af14bd25575f0929d62d414a0375,1,0,-1,removed_all
pool19ae6xhzsscypyha0sszv90xwjsh20hxecxjpcqynshfawvwxqnn,GENE,4,2026-07-08 22:37:44,78e6be4d1f44460db079362fb52f83a1808ad3aac51712282b7ca833085758da,3,2,-1,reduced
pool1ddg6t2h9kj6lqlec4ncjs945lzj43m3ggrgdhf5sgzhtygpkznz,FAIR,32,2026-07-08 20:05:56,d60854483623ed52cd9395106cd87289542d1c04c8e20034d71c6db986765ab1,4,3,-1,reduced
pool1dl4695wfl79k7gtzt87gsf8gsqeq97yzuvaq0d4zxhz6c0nlf4g,BD2,3,2026-07-06 12:01:41,fb25b93db821b1ba0071e8e7157fc572f1a6e874020bb1665790af0196540a37,0,1,1,added
pool1q9kwa675j2z53jecrs6pn3fqsc9ypxrsypu5dgu6hammqkagy22,TIGER,21,2026-07-04 03:24:05,e6c9915c77aafa84bb6c8522da7a220dd7ddc6459d5fa6e9ea36a8ecb00fa29b,3,2,-1,reduced
pool10mf43thtl3keag50mrlvqa78xkwg7harmu4w5yzr3k7jvw0ap43,JORGE,24,2026-07-02 15:19:37,a75f9a98ae62909be2e94209182d411122e625ee43b564af8e8c01ec6be95b12,3,2,-1,reduced
pool19ae6xhzsscypyha0sszv90xwjsh20hxecxjpcqynshfawvwxqnn,GENE,3,2026-07-01 17:51:02,49857b8c3fca66c362d092ad83093b4bb7aa49e15739990f010df06d6aaa548a,2,3,1,added
pool1c89d4drtwn0048mekkdkzllz559ahnntxelyw2mppxnmc36hjlx,CLIO1,16,2026-06-11 15:28:33,a88501f6e355bb87bc66cf4b4b10782294de7793566689a104bee304cf6e51df,5,4,-1,reduced
pool1h92eaq3wksa7j3ecd8llyxva9kuyuz5ucm7a8hpwz8vhzj0wtsf,SSX,55,2026-06-10 22:57:45,c5c90a6a558a47eb7783579680b2db866c51ac1bed3855ebfdf68aa6d77cf97a,2,3,1,added
pool1hqwxta8p0j8ffkyle5mf6yg80tucqzh8q9mszws60xe5ja06nwa,LUKE,19,2026-06-08 20:20:16,bd5b175673bfabb61f4ea414ddc90952928ed68f39c905373a197d59b74673a4,2,3,1,added
pool1k0xa8wlsntmjhtw2shj3tspqd4kjyquw9tuyx5s7zz5jsyw4y2p,WMOPS,27,2026-06-08 17:06:51,eee24a29ee4b2fa8e8e41f7b7317d22b1baa2ca325cb91a385024cd4647fad2e,2,3,1,added
pool1xs34q2z06a46nk7hl48d27dj5gzc6hh9trugw2ehs9ajsevqffx,SNAKE,56,2026-06-08 06:19:41,4a1c2d59be538f405b3a62a4abfc3cf19941d571b4de38e8567a089fc7d2a713,2,1,-1,reduced
pool1h92eaq3wksa7j3ecd8llyxva9kuyuz5ucm7a8hpwz8vhzj0wtsf,SSX,54,2026-06-03 22:20:55,767e65e61995bcad5b566ffe29158862c5410263e01852e70e56c83b736149cb,3,2,-1,reduced
pool1xpeupsjcwntlt78ak74kk9ymfhn2pac000yu9dp42qlpz58f0un,BAT,3,2026-05-31 21:30:18,ed3edb8e7311abe64311daf7d9d18d2bcc9f41d589a4d25d61903f27db0ce829,1,2,1,added
pool1azwa3mcez0mr7520jznl0kamr3wdun5ygzscwtjulhdy5s58vvu,ZMT,5,2026-05-29 21:35:29,3a74adcf22bcf8bd217d09cc97b9c57e180810c4202d95978a5b24583d37c19d,12,10,-2,reduced
pool1j099ctc7kcc9fa78dz5qwsy2g0n96lrgletwxvxmyzh4zd7ck0j,PRIDE,25,2026-05-27 23:43:49,2321bee5e23929860b9dd7b17fabfec679e75fb2a61c521ba2bc0ad894c8c0fd,3,4,1,added
pool1nffpy6r7l4ueeedzvvzsta2vty9g6mtet6huuhfzyvndkwd35dl,ALAB,5,2026-05-27 12:18:30,7b348ed826ed5668b26faf2563bcf009881d77555b870713b176034f0477f950,1,2,1,added
pool10pd44d65586rldtdzuu88e7mn4sxjctvdksmt05nnqfzqu7g7hd,RDB,15,2026-05-27 11:54:25,8f901cc0dfb2f0df73b82f450e5fccac7025d8f803a2625c43ad3487b5131d4a,1,2,1,added
pool1p00qq8zftf8m2ll0r9d24fx6tq7yzxzy5teltpswl7zew5m7nqp,TALOS,7,2026-05-26 18:44:26,6d0c0f0efab9fe7db1f2429905bd2ef58ad0b1c6828088fe967f85a24b791612,2,1,-1,reduced
pool1p00qq8zftf8m2ll0r9d24fx6tq7yzxzy5teltpswl7zew5m7nqp,TALOS,6,2026-05-26 17:10:45,bc8a03e9a900229a2c004a9b18e951b36ec81624abb2c22f83b131f8a6ebabe4,1,2,1,added
pool1jv4yvr5edp7qp690hk3qfudwmw28n2wygjxyhaecqkzeqh0wlem,WEED,3,2026-05-19 19:44:24,d1f6f45aa2e44e79d39c5503ee307be84e070fa4a31cdff9c5d564e42d93836b,2,1,-1,reduced
pool1q8a7ym63gurl72wr32je0tv0lp4p2uh8vzzc6rn6un7ryslvqmu,LSSP,27,2026-05-19 13:10:02,c1e7408c7ad2d9ba3b93d6ba4a591e2f17af734055ea8b63b55f2744c86f9c59,3,2,-1,reduced
pool13846y7q7tng3endxhet9qdcz5w0fjs09ytcye4dm5g54wmyqeqr,BSP,23,2026-05-18 16:10:17,21c963261cc67a33e31b6647b8bdb762e8c3150b7e4e4a70afeaf3c899c4a2e0,2,1,-1,reduced
pool1j099ctc7kcc9fa78dz5qwsy2g0n96lrgletwxvxmyzh4zd7ck0j,PRIDE,24,2026-05-17 14:49:08,6fd2a53c69739759785bef9bdf33bb74986afeb558ee04d76f12772a3b121759,2,3,1,added
pool1heks0vmxkfka2amg9c8yn8qdsxvgmzelfx6jhpfkj8ht5mn0r2m,ADA,49,2026-05-16 15:52:12,60bd63ce8ae8189930e9680bce2ff40d828b4a6fc42b4b06eddcb43665a43599,9,3,-6,reduced
pool1sqpksswmxpgk6yxllyq9ad4qhtnt5qyz2pv5xmz6kkt5ujrgqwf,SJG,5,2026-05-15 17:06:02,ab06b4b9b0c3647b53ffda3898754971b76061509e7fa7da32e3090c3aabc4d6,2,1,-1,reduced
pool1pp7tn2w6ken4rpfcjwcdup3g4m5gcdhc9lgvrm3mnxz5stmrhq2,CROW,12,2026-05-10 06:05:39,6736e5b8a9f5780971e1c0b9ccf1f6959a75c8706358ca29b89c9ce644b97ea9,4,2,-2,reduced
pool1wt0pf4u2xktp0f7apveu242w6nkm4ltk3m8g039lvuhwq4zdtf3,ECO,34,2026-05-05 23:58:38,5bfea5416b03c9e127596a2ef409a5fbe2dd66811305f86cc4e3c9db066e2af8,3,2,-1,reduced
pool1qm06f4n2hwgeqzm9lsc3rdyqcsvtt2d7z76carwxjv0e274mu24,ECO,4,2026-05-05 23:30:45,78557f26e44ec21a75c04ced7223032696589b8e1b87f3e410e5d19e01effe43,3,2,-1,reduced
pool1jezf7dcx26edfpxmpuh05yen64a9cj44xm2ggsapcxrtqewfek2,CURRY,11,2026-04-25 16:37:51,f984628c68f995454beef7042629a779c6faf694b464a2ac8220d6dbdc5b05eb,2,1,-1,reduced
pool1pmrgd8snhv0nnj97xcg70nqqhg0v9g3d0e93jl8vn23wxtsxz53,CALM,10,2026-04-20 06:54:12,34c42ac827f75249e6fd6e1756d3e511eb54556304d7cb3f2f19a9b02e240ca7,3,4,1,added
pool1vdcu0y6ujrwmnv4u50j6upxkjug7cx7zsaynjvgkcm2ycmajelc,COOL5,11,2026-04-20 06:53:31,f9a45b49b6e7accac75b2af84d30380bf2d9603f882f66a1bbf4eb6a6a501d31,3,4,1,added
pool1w7pt822hfgw30xnkwpjzz0sr5psejksqdcdw4l0ms33lsgynp2e,COOL4,11,2026-04-20 06:53:10,6b628aeccc3167501fe80c89ecab681cac167a86f62948d7d29f388cbd328794,3,4,1,added
pool1ppqdq5yfkkllrcj0u47pakg9e4ha568pz3a9kkrr6w2kyw8gxv7,COOL3,12,2026-04-20 06:52:48,2c2d9337492976afa8233d75bc38a468d36161b3e8f7be8239b7c7e328869f75,3,4,1,added
pool1myvgx4ef424e6nw2strqq7dxcepav52plyyhxrk0avaw7y098l2,COOL2,8,2026-04-20 06:52:04,69f117e9ec0c3917776b5295304b650d3784c0fdefab70ceed7b55b7a61b0743,3,4,1,added
pool1vxvdypctdecvc2j7xu9y8h2fdxvkpjy2pp8luwg2h6dx5jlv0nk,COOL,10,2026-04-20 06:51:11,a32e2d1d4e95646209913adc5867a40e28afe1af95244d97ff4f976331535946,3,4,1,added
pool1cn0ku4zvg266h3rznm7kzsytg3smeu9wma785g25yr89xdgw3kj,ODYC,3,2026-04-19 17:46:58,aa3ffb8aaf2fcc7e88858aeb5f3f55d104648541f7d4610eaa310750a94db083,1,2,1,added
pool1fm57fshvdlrgs5pnpk78tnxha0me28equyy96vj0xm85gy5chv0,BANDA,12,2026-04-18 13:41:56,b78ccef33bb8616f8fcfd9a4bea0fd0f9d3bab6920c2f20e11d54a7b8a6e0831,1,2,1,added
pool17s3mr9c4ejjfq20dz0ls9ggskc770kt267s9xmw93payzdswwgg,FIKA,17,2026-04-13 13:06:12,f0cb40edc3b84d43132673d2a8525fbc3419400a4aca4e481f3c65f1e5819185,2,3,1,added
pool1ufp38a9zwlvvrzcyxaxdrvav50nd7az5lyuzh4t0h3qp2gqamsx,CAFE2,6,2026-04-03 19:14:38,109d34d11c0fa8994245be94fab573d0a0ef4f00bf395e7db105638774aedf27,7,6,-1,reduced
pool1azwytj96wpa7hqmj5adks6tpw7rhnwdqpf9hkgyy0mwdxxzxz9w,XAT1,4,2026-04-02 06:11:19,5fcf1b612cd617d01f62619948d79dbffe635ac46872467b662d29c278337fa2,2,1,-1,reduced
pool1us8dkk3y8j00qq5kscxxklyzwt74jgav226s2rtgaqxek7h8vc8,SWARM,4,2026-04-02 06:07:48,c58636bde65e00f2ec2255b95a364c909ac692959f6a61c968d3131ead4930f7,2,1,-1,reduced
pool1xtrwqwu6jn896szjwsyxxjczl6hc9sq4lh5ax68f7dt3gc0y9rx,NERD2,3,2026-04-02 05:52:32,c72131094e59cca9338b4fb6ddde21fb1d5d80dfc1efc1d0f80af5141d0bcaa9,2,1,-1,reduced
pool1wm5quxelvgk8q50jyfznf9asvelp9zf0tk2wu4jazlw9yj4uctw,EU01,21,2026-04-02 05:38:14,dfe91c98b4e3f8bfe7e02286f6d7eadc74ac60181a41d7ccff9fdaabb7396880,2,1,-1,reduced
pool1jpezycd8q3l6a255dv8wt7vpt4aay8llqakdn7vkum5swes4hu3,BOLT,10,2026-04-02 05:34:28,a4b0a67747b0086a9ee4f6112bdf6fa92d4dc339c5a62185a5280807dfee8369,2,1,-1,reduced
pool149d5lzg7m6susau4f4yfdztgkty34qrcdpvd3ygsetmljgxxf8g,TERA3,7,2026-04-01 04:49:32,41866f4600b33085f4c33a533cf427376a0d666750362207219f8efa69727257,3,2,-1,reduced
pool12rs385dd534g8gtdtmnvlhq63whdvc6vnuzxa5cpx843zdy73qy,TERA2,11,2026-04-01 04:49:32,8ebf232919d035d1d4ada98b2e85ec820da1728c9443638cae5f8ebc7a0e7ea6,3,2,-1,reduced
pool1wyfau3rlkckr3clr4mkyxn9vdlrkup0fj7uyyflfccmms24gm3a,TERA,18,2026-04-01 04:49:32,492b732cd81e3421c543aef167fe26cb8ec62ffb754ca9610f085cdf9e7d043d,3,2,-1,reduced
pool1ygsyw93csvam58nf63gttknj9dvj3zxh54h4eh0kals7kdf0nx6,ELDEN,14,2026-03-29 09:15:46,84854abd9b7a36d1a4bf34fb0999aa0f7d8a0086b7fa126c7795c0e4bf1ce8da,2,1,-1,reduced
pool1gxvkc0576e75065p5k0csvwme9y2qrefd5ga66nx0z65xxjt8jk,CLINK,38,2026-03-28 14:09:54,9218e8bee09f8ca96f46f2b9a15a871d01c2e4bdaa7224419d15494d71c4de98,3,2,-1,reduced
pool1gxvkc0576e75065p5k0csvwme9y2qrefd5ga66nx0z65xxjt8jk,CLINK,37,2026-03-23 14:57:09,b6e8e2450e6289cfaeb6729989d6fe0d033b75c1945b27788f87912c1aa58774,2,3,1,added
pool15wppycnx4mgq5nmwg4eyzj4pg5wazhyml48wsy0jskunsqq69gh,INDIA,2,2026-03-20 19:45:07,cceb5ee5fa21f5e4ddc733de81e8f847e86ec83d61f35a0418e444752b3e4b80,1,2,1,added
pool1s0kkragd8r2xyyms680l9eed443v3eufmarykpjfh2r6cpksm2j,SABAI,9,2026-03-20 03:39:44,62c437a6104cd355bed99738308f72e8f31bec72f6a54bf3fd04dbd8c5b0b460,1,2,1,added
pool1ktkhv4sw2y68d4xgfg9sjw829kejnvnh5zajq6g7jycry6cd7h5,EMPL,2,2026-03-09 23:40:15,c1939cc5ae12be36997b1bb28eb803e38e4668ced16832f3244e3b26663e71ac,1,2,1,added
pool1xftlxx9slpz59thcgtwgdj3k9e0ntn3p4qnmzs3r84dkx0hccjc,SPS5,3,2026-03-09 08:51:02,338a4f69c2fdf0f7b5c9d7f5db5174a5fac0544fb9e9bf02f07e7f3eadee925b,2,1,-1,reduced
pool1lu2luhmkyayq9njh848kfknn6evwzmn3gzsxar7z3sttg7grxcm,PPTG1,3,2026-03-06 16:22:00,8ad48a639baa0d9860d93a0c44ea1e729cb1c89e7fbfd35cc7b85bf4aace8df9,2,3,1,added
pool1s0kkragd8r2xyyms680l9eed443v3eufmarykpjfh2r6cpksm2j,SABAI,6,2026-03-02 22:38:25,e7d829a18cab362fdcf33b5288ec411028dac51c1097bf6e67f79148858448e8,0,1,1,added
pool1k2yfr7tapqzfgdn7vq2u44225rtqxctelr6dp0xjqggrwnx9hnw,BPP,19,2026-03-01 12:02:58,992fd892d39bbbedaf41f4c1956cae436e5f1652536e4428ab5dac69b8655ea8,2,1,-1,reduced
pool1c2wf97p3j9gfvfjshj99ufxerpy3aznm8tzr2fd0ua465s26th4,P2P,11,2026-02-26 09:49:35,f63f6eb696ea2f0aac29d2c68c1a7935cc1d821e8be645531a73037091496ee6,2,3,1,added
pool19qa8uctj5ql4e2uwslpruak6655h02l8fkmwjlanq8qnqyap357,LCT,17,2026-02-26 02:01:35,2006fc72b53fbfe7489c3b73f919999d3f505cc34c9b13b1ecdac1b6b267b26f,3,2,-1,reduced
pool1q80jjs53w0fx836n8g38gtdwr8ck5zre3da90peuxn84sj3cu0r,000,32,2026-02-23 11:30:07,47786b24eb9a786f9c758e715c25b4e17cfc806d6eb4531d1db5ffbdda105c45,2,1,-1,reduced
pool1gxvkc0576e75065p5k0csvwme9y2qrefd5ga66nx0z65xxjt8jk,CLINK,32,2026-02-23 10:03:41,0dac492979a54493753c028e39a26ec57b44de4186ec5a3faa84b41405897664,3,2,-1,reduced
pool1gxvkc0576e75065p5k0csvwme9y2qrefd5ga66nx0z65xxjt8jk,CLINK,31,2026-02-21 17:15:15,87f68abf4e6fc8cc67da6178a58addfe35bbd8b07ff6c8f7096a7890cf17b928,1,3,2,added
pool1k2yfr7tapqzfgdn7vq2u44225rtqxctelr6dp0xjqggrwnx9hnw,BPP,18,2026-02-18 21:40:49,ad6dcbe21a7541f0c91d990a387b159a3df0b840ae0cb047ec59e556c46f2613,1,2,1,added
pool19qgfp80d2sv3p2azmygfq87g7va4s3ewd6aaulas6eqsyz4r2yl,P2P2,5,2026-02-17 19:26:03,9c552d582304952693de11097835ebd1f9d61abbf1c14dd3c2be3188b18c47fb,2,3,1,added
pool1zyjvzvvkppsepsv4d75t2lmxt5p3cpn73pw7jk9gstxh78aa9ah,MYR,3,2026-02-17 12:08:40,eb2c600b940bda37a5b2f88b891d21b5df459e743f87c3bab9d48346135b4919,1,2,1,added
pool1pp7tn2w6ken4rpfcjwcdup3g4m5gcdhc9lgvrm3mnxz5stmrhq2,CROW,11,2026-02-17 06:22:24,0c764a99c3584f898630c8d8e06ebc0d7337d0951702faf46c67c3e2f785b9c2,2,4,2,added
pool1vc8jhqtwjrjwsfk6a0enx47hd2ufg98c34ta6lvl0zv0uhpech9,MDS,17,2026-02-13 20:40:34,5b16a6c5504dcae559aec3091fca51e74af15e6a96aa035cd0b33bc0e419f0e4,3,2,-1,reduced
pool1zsyqzr04g5pr3nv7vfk8ldc3uf0xljc8yftdsqpxxqpychpxj65,AKANE,10,2026-02-10 03:27:17,db5b13606f663b788d155735290ee711e98ea454b6fafa9b7a296a5e0898d8d2,2,3,1,added
pool10cpz0zepq23hm6lrk8vgnsdwl772lasq9caaemvw9kh9ktxqygk,ESQ,6,2026-02-04 03:11:43,992a4522720a81e13b270ef69b2c7546915f5c051977ecb75037cd2bda4e8293,2,1,-1,reduced
pool1j099ctc7kcc9fa78dz5qwsy2g0n96lrgletwxvxmyzh4zd7ck0j,PRIDE,23,2026-01-22 16:55:31,02a37914ef96d5d508eb7aadd60f0ce43ef8a3dfaacfc8d105acf3e773453aa2,3,2,-1,reduced
pool135h773klt7djljmyawkh88e8qc457wxqfhc6j9h6y9n4y3sgh7t,KTOP,17,2026-01-05 02:03:09,e866e3098f5b6ed64f8ab513b7ee6fc5d71fc247779788dfeb503023548d757c,3,2,-1,reduced
pool1fv9f8phzn7hp623ypw6ctf73a98hd7nrh8wm7glpcuhf64856g2,GNP1,15,2026-01-01 22:43:12,09c1611084342bac6f49c7f1d9afc936370ab3c915deea008710a45164286994,3,2,-1,reduced
pool1g2y0j7rsv7dpu8p6jt2dva3rxfqjl2zu0ag9dd0cfm8guzg0lh0,SOCIO,6,2025-12-28 17:36:26,e1892fbe7b56d308ee0e98c97f521084a91b5350549abe909ea0ba491ae4b873,1,2,1,added
pool1h9jr0f9evk3raxlljq6mt4gj7ej4v82afvnlc2wh28rwy2d8lsy,RUNIR,87,2025-12-19 06:37:56,43c640b5a56e6cc44543789373ede40c38658e13e5c23fa8381a7aacf5f6621c,3,2,-1,reduced
pool1mkjtce8r8yeku0mmc9vpwl0scuwuwc8lz89ckpj3k0kwgvlunv5,RSNG,3,2025-12-18 22:17:32,82c5b72ffc737bf98c0d3b9f59dd0b12b78ea102a0a219d81c195085e0d9db74,2,5,3,added
pool1pqm2cev326p2mrruzw9xru65uvt3r7f0rdf5gtx54zdskxqhmur,RSNG,3,2025-12-18 20:24:15,0f8303448c3b301430622fa2a7bb486f10850c40d233fc90a2c43bb02784d03d,3,5,2,added
pool1h9jr0f9evk3raxlljq6mt4gj7ej4v82afvnlc2wh28rwy2d8lsy,RUNIR,86,2025-12-18 19:00:33,addf06f44de6f5dd49726812a4bf833054b10601fd622bc0eb6eb383ebe34d51,2,3,1,added
pool19qa8uctj5ql4e2uwslpruak6655h02l8fkmwjlanq8qnqyap357,LCT,15,2025-12-15 04:00:43,0a19b95ef295cc6b105aa5f3403f30ae68bd210a50811fb8863f8be57c3e6bfe,2,3,1,added
pool1ls80gx9sen3qc7s6c7u2ajw6hk8faqanljugcg5tfukp6qscetv,LGBTQ,8,2025-12-13 15:04:25,f8e731d4a4b43f3215039e89d082c8cf53eb9559a5dfed0579438d68c22a1fc5,3,2,-1,reduced
pool1q7k8mmnvsgthp94hpn8jrnacjewplvywq70eef90fv4nu7gedzp,LOGIC,19,2025-12-10 04:36:07,4addd1812fd86042ed0a1a15e48888634037e2bb4c252d979814f6ce343c2f8c,2,1,-1,reduced
pool13l9hxj5dke9yd8xrxtfdkxgppj4wdyy52k99jded9f4kv5ce7al,TOOL,4,2025-12-08 13:32:53,90f70e5cea6b7d6f150c5f83fb91bfc007116cac7e770063584386e2740ec5c1,2,1,-1,reduced
pool1upx7l0yrsxt4l94t5xfckahj6m7pt5dpmnx6u60sjxmn5p5mezs,TEN,14,2025-12-06 16:19:25,fc703fff3e255fc6255c14c83c6bc0c38660db26770a098bf795c789e3f58426,3,1,-2,reduced
pool1yvf4nxph69ztm0tgj73ummxq45kfjhecyad26e3xc2002xgzalg,CCV4,3,2025-12-01 01:28:09,ea1fa47abb712d700115f05b655b80de740e6b78137c8a340dbdb6d1cfaa34ee,1,0,-1,removed_all
pool1jq7r3evstu2c040vlry8tgvpwf0mfvft86cxecwjpwcuvvqfu2r,CCV3,4,2025-12-01 01:22:06,bf98e9008233cb2a79f53b472440cd2ce3505f5078c3014649df5aedcd605055,1,0,-1,removed_all
pool1mh4ng2ldxk4sqfppzu6r4knxrk6e87e9c4wgrred84uy7xauzlh,CCV2,4,2025-12-01 01:14:57,9c03ad2dac1c48faf846d4d9cf3b7db97dad38bbe6aa5b51e03150b169094615,1,0,-1,removed_all
pool1urgvu6zk422j4xwtxa45lzpd6dm25msfthpkezr042secrtuwzc,CCV1,4,2025-12-01 00:52:27,0e8bbd6c82e4d07612c902621afb02a393325359f739d89c531972a6a0abeac4,1,0,-1,removed_all
pool1s0kkragd8r2xyyms680l9eed443v3eufmarykpjfh2r6cpksm2j,SABAI,5,2025-11-30 08:35:05,41666f5e94f2778e89aaa6a329bded0a077c46e5dc3b1b98985d6a43c483f26c,1,0,-1,removed_all
pool1980svf2cxnfy66s5jgjv7y22xud75z9kfe6n0c3y54s62w56435,HYPE,32,2025-11-30 01:06:10,c23caefd1f14086ff0baadaed4ddab92dafa5afe000a705a82be0da8bab516f7,1,2,1,added
pool1mrxg6svcug7mc459ce5zum4qd6p0hkfc08jzpphxfnxzz8yf7ll,PET♥,10,2025-11-29 16:05:01,794954cdadafc069c0b227ee61ffca050c74894aa892a8701ef4f4dfdb507c01,2,4,2,added
pool1wz27a9pvd2jat98s375lxaaj7qxy405km4vzp83wn5vtwp59kvh,BRADA,23,2025-11-28 02:38:46,5c65e3c4c6509ea23066eb3aeea0e8f20fc77dd67e15ee67647e74b2a20dff7e,2,1,-1,reduced
pool1uu35qfkmjyxwpm3pgptfgr0qga9j2fzkc0tsjplcx840x295xj9,CHEAP,9,2025-11-27 09:06:14,79eb87d99d0933d071a5f9bf7dc63d650bbe7138bcc6c6da75705bd0e594e440,0,2,2,added
pool1sjwdmeme5zs042jzwmdvxshhv27kepxke0mr02f2yzacsyd4wtu,CCV,6,2025-11-26 21:58:11,90d79fef13d6da3c957d9bbba3020392451bca810bd2cd2a72cbf54beb32a2d7,1,0,-1,removed_all
pool15cy4p3axu0m6sfrmxsp46z5cevx3ruksfwjl48730cgx24j4ydz,TECH,7,2025-11-23 22:09:25,56420a0522099e219977e7b0b9430fc66bee0287b57701292809c88eddb99931,1,2,1,added
pool1wll3vr4v605eap9hpjfpda5cjegqfkjt8hrz3kkxpnffqejhav3,,24,2025-11-21 00:52:41,f9b489eb6fd3f63cba8e5be7f278381c8646671cbb4591aaa549151708356495,1,2,1,added
pool1980svf2cxnfy66s5jgjv7y22xud75z9kfe6n0c3y54s62w56435,HYPE,31,2025-11-15 11:25:19,62b7110b4727d126574e81749c31ef94f699e83a1506e5acf84bcb36d2270e59,2,1,-1,reduced
pool1a2ffl2d20yransp2p4hqys5vy6hys8kmtchdvlfqale7ywxssjh,ZUND,13,2025-11-05 01:14:47,dd09a8cab5c15f0a46382e357aaaa8d18babdc8fc61593fc40242b9fa910d7c6,2,1,-1,reduced
pool1ksh2zpeeqe0rpcug63up5l66g3kr5vf58jraeun82rur6m4g6xz,TRUST,91,2025-11-04 05:21:32,e4f2df202caa9fd9af2f7165dba1b9a806472b36d3b0042ba94b2dcbc510329b,2,1,-1,reduced
pool1gxvkc0576e75065p5k0csvwme9y2qrefd5ga66nx0z65xxjt8jk,CLINK,25,2025-11-03 21:35:24,8c4abbfbe6c768b927c65ad916a899ada62dc3dbcfbd9bb0afe281ec9148b9bf,2,1,-1,reduced
pool18872nzahx0h2f7j58pxrn5rjektn8na8p4amv08x2xj8qkht30g,MNKY,12,2025-11-02 18:55:31,dc67fc562eb41473d1d31d377fc5b5570f5b5bf8cf3707d8cef9e88afe7b3139,2,4,2,added
pool10c9l3k0z50ytt4krkfet7w3gwpv9d9nq47kk9ecy2c5f2uyvkgk,BIRTH,26,2025-11-02 13:23:18,b28047d075d15671a0a457d3c21bf31f26d7423d5441cb4e01128de55340df94,1,2,1,added
pool1nz9h4raywm6mu2v8l7htuaqvmn06l3mepuaxynpzlwljsf8txhy,NORTH,14,2025-10-21 20:55:44,334a7e60b998aca2ea3f8f91c5accced2877201b8af93760e61ee3f4b0606e3d,4,3,-1,reduced
pool17rjst78s67lvellg8s586rf076jxa3wnsdz730f4xk2zwuhrtej,NORTH,20,2025-10-21 20:55:44,d0063de3b07cd43d0ccf27e056826663634c3d7fbbf92118c8168ebec08f0732,4,3,-1,reduced
pool1k633phcvz2hjhj45evwwau4w576jpq83acg5h84w23jauqu56cw,NORTH,10,2025-10-21 20:40:32,6798d9067dd39793568545aee4181f5704ed9fe892d3a512609ff54c5e379d79,4,3,-1,reduced
pool1lfvzgsrghmugvpym868mh29288ez0nncz680mamzjygu2jpuwcd,NORTH,12,2025-10-21 20:40:21,9d046c6b4362c47d4d616a226027bbaa2c2376c5f2c6943e2ee427ec0e0bb275,4,3,-1,reduced
pool12t3zmafwjqms7cuun86uwc8se4na07r3e5xswe86u37djr5f0lx,NORTH,40,2025-10-21 19:45:21,73fe76c89dfc6ef0f7bb155002abcd8715b116526676f831aef4371bdf24f1fe,4,3,-1,reduced
pool1w2duw0lk7lxjpfqjguxvtp0znhaqf8l2yvzcfd72l8fuk0h77gy,PSP,36,2025-10-18 01:56:54,d9f3a99bf2e3dc3fcba3f313049aca565ebe49d4281d7ae5bb8a5b62d905057a,6,8,2,added
pool17wsk3ww9asev7kfk9ktfw2cxcq865jq2l796aue66xldwx6cy82,FUND3,2,2025-10-13 06:08:38,79a4bf2813c459fe598527f3042e38a345a573825333c966753ab45529b99516,4,2,-2,reduced
pool1zsyqzr04g5pr3nv7vfk8ldc3uf0xljc8yftdsqpxxqpychpxj65,AKANE,9,2025-10-11 03:18:48,42573ec7f034a03995c7210bec4a57136a030cdce309839a651b722c012e0a72,3,2,-1,reduced
pool19k9grwq9cdswn4k7vxzmwcls24jj3466g4s4xr5vucehcqpslfy,ADV4,10,2025-10-09 10:52:01,139efe9c9f7662cfb6b0d05a44ae74eaa9abfdc9b8578cc1543015835134f343,5,6,1,added
pool1659knc82juzdqycvvwz0uzjsj5scxwewguhuzae93ed36xanxmz,CASH,3,2025-10-08 02:02:52,b0e670377a785f6d5e9ebe15fc0dec9f0af1574b0e70c9db9a621ff1c71c4ec9,0,1,1,added
pool1z5uqdk7dzdxaae5633fqfcu2eqzy3a3rgtuvy087fdld7yws0xt,OCTAS,11,2025-10-03 15:59:51,cb69eb136510d4a5907cbeb3f7bbace691088aad08c73db518703338db9910b0,2,1,-1,reduced
pool1sdvrd0sxh2mprqc3m9zmvrfccavzpz9r2uancg866hpec7nnt0s,FIALA,16,2025-09-29 18:47:01,ddaf2580e13f7fd403dcead981cf157d319d788d25f74744557141d9cc2477af,4,3,-1,reduced
pool1etfxpqw7456eh337p7x5jsvxxa67fsduvnmucevrqweckex3nhl,KYBK,5,2025-09-27 11:18:23,39e77063f1588c9e52bfc65accf57b7192b0bec0299a0e3aaded644c5075e427,2,3,1,added
pool1f2wfjqkf2wx6jq93pdck6hgmy9zgw32lmvrq9zejl7scqxjqfze,LBF2,2,2025-09-10 13:15:47,a1dc351273ec150f4f1269fb3a2720f7fae6783969c379553c92e1b1f5bd2bed,2,1,-1,reduced
pool1cunvnkjkzh2lna593sjmkylcr3r5rmxdpr8r9u6pfuer72p24x4,LBF3,2,2025-09-10 13:10:11,8f8917030c00029545cef686f7235faac1ce79ac72c2c6d56fef4f666184e178,2,1,-1,reduced
pool1p70svj9zrg7lgzkdn8udlslry0t27qs8r9tz9lr955v2yfna2rl,BTV1,2,2025-09-10 13:08:04,74b047f54f3df6d154d49facd7584a6571afed2ea67f61e16714e1578c7a9d6a,2,1,-1,reduced
pool15v22rpfg6qx9l0gx0m955gfv7tes0jpa9sy0gjs3a04lv6x9jdr,LBF1,5,2025-09-10 13:00:59,9b24e147cefe15ad294e54ddcde63822623cd597f63a1ae30a1fee9749ef0a0b,2,1,-1,reduced
pool19yzqr3meksnvzdxh5xf6aknfhldyqdj7eaquxgcjva4mzt5kg3v,gjp7a,2,2025-09-03 13:33:41,5828928ffc93ad401d37cbd96aef7291b62cdadf9250070d81258b6f55c6cb21,2,1,-1,reduced
pool1jqssxka8hu94aj6f4w3s8l5m6juqmx0hk3ges48jfac6zngmkh8,GOMA,6,2025-09-03 02:05:33,b4e90b141f26c516a8c0522514307a46609d76367a70c491b1b96193df5a11fc,2,3,1,added
pool12e8xz54gjtcz6dzkhua9uq9dp23cqcmf6xc4929t4ep4ketccsm,SOCK,16,2025-09-01 22:27:13,4b386e2903fd5320a9fc5cba1646f8f4b5c238dc9be585a92997a462a3c8744f,2,1,-1,reduced
pool1659knc82juzdqycvvwz0uzjsj5scxwewguhuzae93ed36xanxmz,CASH,2,2025-08-31 23:53:15,b8bbd0c0253b391e3bb211a4c3cb0a91203499591387e50480b6d5f148a254f2,1,0,-1,removed_all
pool19yf67fkanhu30qqdcug4gwfy7gpzy8jhq56llg5ua3g3kufg3s5,DSC,8,2025-08-30 02:11:51,08b38e5289a3a2caf9a1d87b3bed5a60a2f4f28835669a5b6be9d19005847ff7,0,1,1,added
pool1zsyqzr04g5pr3nv7vfk8ldc3uf0xljc8yftdsqpxxqpychpxj65,AKANE,8,2025-08-30 01:24:53,48a81aa29caeda8bcc7163fcee0f88db2bb70f4fe0ec74ac75ca112bb68fa1ed,2,3,1,added
pool1kv53mzjwqjp4aw48rczj8vm6hejwfnfwa634czyx5tw5qq3tata,GRC1,14,2025-08-26 20:35:29,d8aab135eb93c17c31502d5994bfe81097fcec02afa44fba99673fc4211e199c,9,4,-5,reduced
pool18gysxqfwz4j8rm3vlh6677vs9n23prvfr7gwe88mhn5uudgx9ng,EUR,9,2025-08-26 06:27:37,224d8415c6ced51ffb4c4f593ba7891d856ce18ee7d0113efc957675b5715461,1,2,1,added
pool19yf67fkanhu30qqdcug4gwfy7gpzy8jhq56llg5ua3g3kufg3s5,DSC,6,2025-08-26 01:59:05,93685de97ade9da89134a0090134a4d53ec613eb9ab3e3519d0629e8421a4e0d,1,0,-1,removed_all
pool18gysxqfwz4j8rm3vlh6677vs9n23prvfr7gwe88mhn5uudgx9ng,EUR,8,2025-08-25 19:56:39,a24a0461e5ab77e54d71a0bfcc733ec8b6e4e2c2ce09394be17fdd648ade4cde,2,1,-1,reduced
pool1uu35qfkmjyxwpm3pgptfgr0qga9j2fzkc0tsjplcx840x295xj9,CHEAP,8,2025-08-25 02:58:59,7d99b78451e07385c4fc4a1b8d425369a984fa5f623061438cb5cf6cc6c7ae87,2,0,-2,removed_all
pool1e98xlcgj80c3rdmm27v5hnvrdtut52e65uk0ema7ctfag596vr2,COSD,18,2025-08-24 17:45:44,66ad75e9eb1e87f57e60d8143d3933d6e5c6d1c34fe17e8ee47bb9d9fcbf2755,1,2,1,added
pool17s3mr9c4ejjfq20dz0ls9ggskc770kt267s9xmw93payzdswwgg,FIKA,16,2025-08-21 20:54:32,de76130d36e40912f6934e88c3a085f0e0e6f3fe3d417daae16f0bb1aea60d67,3,2,-1,reduced
pool1p9sda64t6l9802tsu2fj6phvt9xfqgcpjucyr3kek8wzurmn8rz,K8S,15,2025-08-21 19:58:09,50a7298031b8e3c3eaa84d479818524074fa6e2c9c6fc8a29f9a76989a477dd5,4,9,5,added
pool1ak3vhtv7alve9wfj5kx5xswrtfvy5a23txuupgy6nqpduq350w5,HEAP,4,2025-08-19 08:24:24,a817cb9fb864d573a312d087947bed15a2e96268c854bc3dcd99b3fe9fa58c3d,2,1,-1,reduced
pool1vqjyjsp6dawkj8tzmfpu39hvgnkph99qzarw4dll6yq76gpaa4d,VFS,5,2025-08-16 23:24:12,c93c2da634baba814e56106a15dcd2ddd7cf22a1fc5b83bde293f26d9dde5e0d,2,3,1,added
pool1w2duw0lk7lxjpfqjguxvtp0znhaqf8l2yvzcfd72l8fuk0h77gy,PSP,30,2025-08-14 14:44:59,ca8943fcc0bfff34dcb179199c1956d73415a7a0a6c1e7b697366732a19d1c3e,5,6,1,added
pool1av640ert5ktadalakrc5lkgrf988tu0t0j58d9hptd06u57qlms,NUV,2,2025-08-12 18:26:06,a740e5669cd618f2284fcca90cea31e81309ad37b9edb100610b050b826d862a,0,1,1,added
pool1yj9xduuwzvdkcwm2mc9x893zq684x7pyah4ja8zmzplgvxz6wgk,SPIR2,14,2025-08-07 20:25:55,c43c337d0bd338af41944ed3e142d28c0caa31afba3735ef6589be5db0269698,2,1,-1,reduced
pool1k5a5e3ylva34qpmwdywv7fn75wt3gzv423e9uw2vmw5rqjc2q7t,MAXC,8,2025-07-22 15:54:00,ba7fd1fcfb9139e28b7234baaeff412644f51e8e9b0565382af70fea779f6f34,0,1,1,added
pool1f9934hk9awd25mmxl0dd2haqvda9nlquwnh5pv64hs42znl07zj,BD5,3,2025-07-16 15:05:33,e1fba9c191b00b51971a591a0240a6bae39088c805edf413966e8dfaafd11ef7,0,2,2,added
pool1f776th42gqa5ammpj738evvnlga5jk4ll0gr4uupkrqnqpjsfyt,DEVFO,3,2025-07-16 13:42:55,99c2bb6cf6aa1531b55728bfefbd165fa3266f8f99c499b42273b974f0a742f5,1,0,-1,removed_all
pool18heqrjtge2emf2hes4mdxkr76y99zztkqk4qtjr9dul0vuur0yu,RX78,21,2025-07-07 13:44:58,a21a8f425b021431cac51dcee1ab54c821c104299285b1d334b5374c88f49bb9,3,2,-1,reduced
pool1xjqjwe0t7uw7wfdygvt99e5wjcuz6ex6rcx2p067aqxp6tsgwgm,NVET,13,2025-07-03 23:39:20,258ccc01626296828229f0248a6687917303c985116dbc60a7a3ea37225f7a9b,4,3,-1,reduced
pool1jk25l2pejpdzq8vdjlxrr05th49v9tgd78fqrtxvuw3rumpfc6t,GROW,62,2025-07-01 17:23:40,5ac398664b0e8d4a36aaaf9b0474467a06bcb5bf4a8948514d693ceb3dce7c97,2,0,-2,removed_all
pool1xjqjwe0t7uw7wfdygvt99e5wjcuz6ex6rcx2p067aqxp6tsgwgm,NVET,12,2025-06-29 04:33:00,70d6f54edac3c06abd093036c6434ab9574bfa01a537c6424836d01e83379cf5,2,4,2,added
pool1nz9h4raywm6mu2v8l7htuaqvmn06l3mepuaxynpzlwljsf8txhy,NORTH,13,2025-06-13 21:47:10,24e9254f3dde2d1d434859ffb65c0185334a6a999d68037296cd2e6294ae883a,6,4,-2,reduced
pool17rjst78s67lvellg8s586rf076jxa3wnsdz730f4xk2zwuhrtej,NORTH,19,2025-06-13 21:47:10,bee24ffc55cfd9ebd8d51fa1699be9ed995d99916b18238bbc62e5a83922589a,6,4,-2,reduced
pool1lfvzgsrghmugvpym868mh29288ez0nncz680mamzjygu2jpuwcd,NORTH,11,2025-06-13 21:47:10,88b461ab0b7debbc77a330d41efd5584f2bba90b85fb9562f39f8f4b45fce6dc,6,4,-2,reduced
pool1k633phcvz2hjhj45evwwau4w576jpq83acg5h84w23jauqu56cw,NORTH,9,2025-06-13 21:47:10,d936e31462f846ed71c24f37ec9ce934a898cfbd5a60f1dc7b15867d4394fe38,6,4,-2,reduced
pool12t3zmafwjqms7cuun86uwc8se4na07r3e5xswe86u37djr5f0lx,NORTH,39,2025-06-13 15:23:40,6b056f0d90de9ea462e02eb3ed493c0a9e2d812411964eef072c20b1db70fdbc,6,4,-2,reduced
pool1d3gckjrphwytzw2uavgkxskwe08msumzsfj4lxnpcnpks3zjml3,CRFA,28,2025-06-11 21:13:26,87edb414e5c80d1feeabf63d1801260c4d2d426d177924db7259b8fd8b136413,4,3,-1,reduced
pool1dy7tz7eyf2qal2jcns4qwm4xqn34gc4rj9dz34kfs6zuju477k7,CSP,21,2025-06-10 20:18:08,33124d213790fb8e2cf060aa5935bcc5f944a2e26d1420a7a35ec2d30c8cf533,3,2,-1,reduced
pool18mgmqghey8az6duffc6e9tpzwxsquf00wpkl0jr8gvqxumkg4m0,ARRK,32,2025-06-05 13:44:59,a5fb22b28761c1407cef8273705e398b85fc1323178d00269a4a29fc8afcc794,1,4,3,added
pool157dwm0l9jf2h59me75slfww8dylcnumdgjvhpsyhfmlry4cn44a,ASY,7,2025-06-02 08:48:03,6b7bb7496ab25f05f39a1108b0247da39a0f66be21cb1c69c1c1f7ddddcf15ee,3,2,-1,reduced
pool19f6guwy97mmnxg9dz65rxyj8hq07qxud886hamyu4fgfz7dj9gl,BERRY,7,2025-06-01 18:40:44,f68d7d1f1dd3a3964a5f92e77342c6afab21ba7c25d72b6af60953577d82db17,4,3,-1,reduced
pool18mgmqghey8az6duffc6e9tpzwxsquf00wpkl0jr8gvqxumkg4m0,ARRK,31,2025-06-01 14:24:30,8ab4ac8fdfcf8aef50ca6b2d7d7d0c506de6820adea8dbec8e37374e152dec40,3,1,-2,reduced
pool1zj4h7kc6v53q9r8x3fwzfuayf2frwme8u5k86gu0uzeeuvqxgul,CHEEK,5,2025-05-28 21:22:08,7de5166cf2d95e089ceb89278f683961d4123ff65a745890138837787d4c9912,0,1,1,added
pool1keasvddt9vndl8jyhg204s6kqusv5zgzg3kk3l3g949ew402ahe,UPSTR,9,2025-05-23 15:43:15,f613855df6eda735994bdac5d4517130d14aba529195ede46f16dbcc4327d34f,1,2,1,added
pool1druxd2syfrvqvepxh60fz0qhralcesruphh5atujuh0jktjy0ma,BSSP,12,2025-05-23 09:19:58,827fdfb55f79f4d92626d6e55ead9b077182238f68eaf8e7f1259c20ba21d66c,2,3,1,added
pool1dadfsnjauzhgcvz5hkrulwevpe9mk2a9rsxt24pawcy7zndhll3,zzcf1,5,2025-05-22 18:38:17,6ec133a92a5d5e9fe2cd347694c9b0c95964b980c30daf09fde9047444fa5208,2,1,-1,reduced
pool13z5t8wlhtf7ccc0hud8pnvpjeekjdsyn7sq69fcxf3k6kpnlm74,BTV2,2,2025-05-22 16:59:26,2b735aead74f5e3a177252c561e1154743d46ff4bf3e8477a6f3b6faa420e91d,2,1,-1,reduced
pool1cpwymxe2fjr20u34f874e2q6za3razk0rttslrxqhc4tu3zxau8,BTV3,2,2025-05-22 16:53:20,13c13e8efaf15b2cc5e8d62be389a7a4c14c3a7c5a0db3565384cf429cc8a759,2,1,-1,reduced
pool13h08lf24fjmxxg0mmuattjv8dvy0r6fc4hrqg4qmj38xsweexrv,qzsbu,2,2025-05-22 16:19:15,09036cb278344cc7c03101af4d27bab8dc4d1d0eeb8dac23f31e24917c64006a,2,1,-1,reduced
pool1vy9qerf9fenp893mqrdm58uj45w3etutv4n0vdh8669uvqenkqr,MLMA,3,2025-05-22 07:12:31,cb4b3a9547d7f9dee3b606dda78e7e0e164b660cbbc1e1bbc4416f44a62eef89,2,1,-1,reduced
pool1e984zjl55jxym2v57f4axfss0geg0qundlhcmmwlj8ekqrk5e62,MOLEH,9,2025-05-21 17:06:13,91e7af790b27ce2186f1fa1a1ed0c2a859c64286fb249cb340c99191f728a9cb,2,0,-2,removed_all
pool15m78a3nfcepn8ekyzx6sa8yexg7cqseer2ktu26f7l9jjq0e502,NOBI,7,2025-05-15 09:38:33,5a21d591c86d243f0364abbdf6f01ebde14f297a03be455708543838369d0f80,2,4,2,added
pool18mgmqghey8az6duffc6e9tpzwxsquf00wpkl0jr8gvqxumkg4m0,ARRK,30,2025-05-14 14:04:30,30fcd95a0d6fabef8a4ed5a523050362158e8ae079829d242874a3902fd0b02b,4,3,-1,reduced
pool1e2tl2w0x4puw0f7c04mznq4qz6kxjkwhvuvusgf2fgu7q4d6ghv,DEV,10,2025-05-14 09:34:31,e8dba07cbed433d7958b3f591c43535331d09cc39e60e1aee0726159d202a722,2,1,-1,reduced
pool1c2wa8326fulnkq42uerra78pue48pdwsqru2dhp5xrhsgzqmlsc,,13,2025-05-05 15:05:31,7a7fe3be3f22f5b553c11d36fa4e4f59b1f03405640966d1f670f99490454a3b,2,1,-1,reduced
pool1mgkn6k5esursgcwyvhxy7guhnx8cdwjjcfmz2t5hve5n7shtphl,NIGHT,3,2025-04-28 20:55:25,2324910db4a31e2d8d740df003ffd0df74131b5d72379e6b76382b283bdbcf49,3,0,-3,removed_all
pool1j045vdrzmj3hl36p50c6mhhpwtu2q7cmecnrqjuqq0khja02sr0,,2,2025-04-28 08:43:47,f56d7a5ecf58327b75aea42f38a0e1a6b406eec04a33d26f66e3395c6f19ac24,1,2,1,added
pool1yjlmvfck6a2mhup4ljel06r635e9lhs0qsrzu6f2luepvsd42lv,,27,2025-04-28 02:53:41,54f266bd31b22b582ccaaf75e507153aa8da0b607054f5f0b40dc9fadcf407ea,4,2,-2,reduced
pool1mgkn6k5esursgcwyvhxy7guhnx8cdwjjcfmz2t5hve5n7shtphl,NIGHT,2,2025-04-27 19:38:29,47ee8c50ae5c2d3b08c500e52a206547c970befe796b8018c26fa95ddbbf733f,2,3,1,added
pool18qddv82sx8p22uxzdrf0qx9lkewxadlr9ef45kpcf7dzz3n56qv,ALFA,10,2025-04-25 13:31:07,70df1c8d5b0fb4f032fc3d73d1bdb1eabc95237ff0466f0b5f8e88be7321e8b0,3,4,1,added
pool157dwm0l9jf2h59me75slfww8dylcnumdgjvhpsyhfmlry4cn44a,ASY,6,2025-04-25 08:19:04,4c794b73577c65ffc9e39aa938091a318eb384b70d74e4890f539b1b6ce55a8f,2,3,1,added
pool1ygsyw93csvam58nf63gttknj9dvj3zxh54h4eh0kals7kdf0nx6,ELDEN,11,2025-04-16 08:11:21,375fb05661de5b8b0c14c0a541e0ef70a79ae1322acd89e8ec1a507a5e952ab0,1,2,1,added
pool1m7mcqg2k4tvrsxgesvw9796f3d028at8z8zxnc5dfksk203fftn,,2,2025-04-10 00:56:31,e33979df0c3e09b6ab45ce33998805e2cb0a5aa086af50570985d7f3c4b9544e,1,0,-1,removed_all
pool13k6tphjfsgqdq7h27p4x86ruchcdg2x073luw8pndh3ajxvwvja,BLC,3,2025-04-08 23:34:58,a0a4411310c61f9cabdf648a91f9765dc812490f67bb478824b5c2c443024fcd,2,1,-1,reduced
pool1k5a5e3ylva34qpmwdywv7fn75wt3gzv423e9uw2vmw5rqjc2q7t,MAXC,7,2025-04-06 09:12:14,7468b71485d9cf193dd7ee7883bb7c8de8a2863549303fe7ff654bd78fa8b79a,1,0,-1,removed_all
pool1dswpls43u0s6cpt0dh2d6npm0rnxh5qcjm9xax9y6fp3uq880xm,RELAY,21,2025-04-02 23:39:10,166d0c191397ee5448f8d53d202641e69883370df408e2a3e94ccf8e8c37a371,1,3,2,added
pool1k5a5e3ylva34qpmwdywv7fn75wt3gzv423e9uw2vmw5rqjc2q7t,MAXC,5,2025-03-29 19:46:54,9f161b0e488b456bf9eb234870938a81414d133d417dfe148789774e8ea9c9e8,0,1,1,added
pool1a7gj89pcxm7h63le3hjkneappj3m5kuqeg4t8fa5rn5d6z2nhkx,KNY11,5,2025-03-27 20:45:56,1e71bbb46908728e300710246394fc033b391ed07766b807ecd24bdb8716e610,3,1,-2,reduced
pool1h9jr0f9evk3raxlljq6mt4gj7ej4v82afvnlc2wh28rwy2d8lsy,RUNIR,82,2025-03-25 22:18:05,b40a435ec2b8025b35d04f854bcfb2d8dc366290ec284550fbaefd3423ab3c9f,3,2,-1,reduced
pool19at4pzt6ghethuls7ehr0v5x65cg7mj0zun79eenefa074yfcz8,,20,2025-03-25 21:33:19,7500f9184c68d8d617ffe591906583b7147bed68eb8e4f185a2f3724eb628d50,2,1,-1,reduced
pool1692dxqqcsavymwz28w44t2jhyjnakvj4l3gwz2dqrarmc2k6dkh,BLUE,35,2025-03-23 08:33:57,75d287e6559f3ebb380ab67c717833939537a59997796927b80df0c25480a8f3,1,2,1,added
pool1q2fh3cl6rx0wv5gry4qx5l4h65qpjf7x99xmq66nqj2fj5g6u9z,ASTCH,30,2025-03-19 00:54:32,69305d648278be17adeb54251d1099438abd4bec1f8f6323c6c982e591884c41,3,4,1,added
pool1w2duw0lk7lxjpfqjguxvtp0znhaqf8l2yvzcfd72l8fuk0h77gy,PSP,29,2025-03-14 15:48:50,478a64c07a212bdeda46f6b7c4487b5220581217b883710cf60eb4535298eac3,4,5,1,added
pool1jm84g92qcju3nvatf5fvxxw9n09pke3292jh3tv82x2t6d5zynn,MKBRO,5,2025-03-13 11:00:11,5490fde05f36456979aa81fba19a1f97bac68405bf9da00be6dc9f9616aa5c12,3,1,-2,reduced
pool18jqumjfevywycjj54m62g74ghds4mmuyqynpwfkaem0xktazlqw,CEX,4,2025-03-07 13:15:38,89d1fa37e31424a9227220022b09143b7d97626ab538a3c13953b2d21c34a4d1,4,3,-1,reduced
pool1wlzug8x3xu6dy60pdj6mrkcpvc0fa0cjje6fzxegl4f8ua97dvw,TIPFS,10,2025-03-05 17:48:41,dc693b20b0c2c43d86083181dadc01f1189990b46236909f4007d385aa077686,3,4,1,added
pool1wlzug8x3xu6dy60pdj6mrkcpvc0fa0cjje6fzxegl4f8ua97dvw,TIPFS,9,2025-03-05 16:44:10,2613dedcaf8ede479cd54f6455aa1d1ca563adf3528a9e54c939c102a840db72,2,3,1,added
pool1dxwgzj66pual956mnv9delkelg873yvgr2dd8s279m0hxqvr475,APOP,13,2025-03-04 04:01:22,754bf56213dc10fa9afaeba115352bef819b8c81f589c02223fbb0902bd34726,1,2,1,added
pool1wlzug8x3xu6dy60pdj6mrkcpvc0fa0cjje6fzxegl4f8ua97dvw,TIPFS,8,2025-03-03 19:33:48,3344af80405a850c78080e7816fe6f2ad061bb38b7284819254cfae628ac6a92,1,2,1,added
pool1hwlghkwnjsjk8370qt3dvp23d7urwm36f95fmxcz3np2kghknj9,PEGA,49,2025-02-27 06:36:08,d8fa43581d8d4c28d9da2a6bfa04c38a6f04e99e2f208c7d67a449974f03556f,1,2,1,added
pool1l0pmgdsymmdntuyan4snj88q8nm9axemwefu5ymkuq2s6gr90cn,SWIM2,33,2025-02-26 20:56:10,c585e74442f0226adda8edfe08ee31c97ceb55e1d005138c6e8cd1f2c373b97e,2,4,2,added
pool1xxhs2zw5xa4g54d5p62j46nlqzwp8jklqvuv2agjlapwjx9qkg9,SWIM,82,2025-02-26 19:12:40,1963292e7c2e10270035f9deed6e46628d66ad2acbba73fa3484496bba8f4b59,2,4,2,added
pool1yu9y9qvqu2d399qvzcy2ugnrsw4vh8uzsufq8jhyfrsjk563jqc,VHOSS,2,2025-02-23 17:34:17,c49e4e32e9fbf745411637b221697f3a84b0b8cbd29f3b4d32b70badf71ded9d,0,2,2,added
pool1a2ffl2d20yransp2p4hqys5vy6hys8kmtchdvlfqale7ywxssjh,ZUND,8,2025-02-23 11:53:15,6ba858c0ad032effa7f4119a6f604d3a1b35c78dee97f5bd6fa2a4a00d57c659,4,2,-2,reduced
pool12pk63q22re4up2dg86tyjwthuauqu0ryq3jlxs9v29zk68cpugl,0AKN0,26,2025-02-13 22:28:09,f9c762435ba066cf240af1cf7d263093a5dd5e11dee0510b7fb86ae254f31d3c,1,2,1,added
pool1zj4h7kc6v53q9r8x3fwzfuayf2frwme8u5k86gu0uzeeuvqxgul,CHEEK,3,2025-02-11 12:06:08,8ad89bc98d9683342dc3144899b74b8a97413b2369b996621d78f7bad19ae8d5,2,0,-2,removed_all
pool1dswpls43u0s6cpt0dh2d6npm0rnxh5qcjm9xax9y6fp3uq880xm,RELAY,20,2025-02-07 22:29:36,c6b8dc7da6e5da5d86b13f2b584f5e5f9c36981cc107f238ff01f84fd08cda49,3,1,-2,reduced
pool15f9qklmaajysmwx9n3rkgc5s2g3rfffz4x8spnedtzdgq43tpe2,WEQNT,8,2025-02-07 14:20:20,748906a938046cfa7930d5abee87f289581b8978a358491af2fc9cbfdbc2b3b5,1,0,-1,removed_all
pool1jrws5cpc6nydu0yxrexf5vflgga0fr4qlduz8cs3pgqmye3xurt,SHIFT,4,2025-01-30 10:15:15,53b945a845be662d6c8e7ccd4c7e82f5db6ef333520fffaf5578900bbf3e862c,2,1,-1,reduced
pool1mrxg6svcug7mc459ce5zum4qd6p0hkfc08jzpphxfnxzz8yf7ll,PET♥,7,2025-01-29 22:53:50,4f426eb602710e6ec5e94e4707396ec14ad7c427dd5393ccd1423bd92c376b2b,4,2,-2,reduced
pool1fu69ry8k9qxfque9hng3lxcq7g30pykg38mtahah8x4mzpgls3k,BFADA,7,2025-01-26 14:15:37,bddb42a721c96998a585a8c78a9512bfbcc1a194efb70ccbc422752356bf9d5c,1,2,1,added
pool1jvknf3dwtnqln5hcjrh5m7s979revuj5dlxr0337nwmm6p7250q,SQQQ,7,2025-01-22 22:28:22,a753a65bc188fb8979a73694478443a03ac3ed03979d3e9e6c9965231b639ece,2,3,1,added
pool1zn4wnk52kmfjy9mw4z85p6wn9kzrn94l9h5gys8r2k2w57mdnhh,ENVY,20,2025-01-21 00:32:13,92241ae5ff1771e8e4a0c1042c2cb75bf5359098e3ed13e825688a0677d3255c,3,2,-1,reduced
pool1c2wa8326fulnkq42uerra78pue48pdwsqru2dhp5xrhsgzqmlsc,,12,2025-01-20 15:44:30,68e04b036776ea2857d045202d5cacd711877127fa7929b0906e10a63a40be1d,3,2,-1,reduced
pool1mrxg6svcug7mc459ce5zum4qd6p0hkfc08jzpphxfnxzz8yf7ll,PET♥,6,2025-01-18 00:10:55,b06fabe4313d4234c2b1489331808e230909f17074431246d903839cabaf5488,2,4,2,added
pool19n5ml38q5uedy8kgwwwtlsa3p9tmfcef0lfjp42k7j9d5mpgs2m,SLR,33,2025-01-16 20:55:58,c59bfa068f0c9f627309b92991d69d85322981c6e832ecadf4e92a2df867d40c,2,1,-1,reduced
pool1rk28hp58ptwapha9nc944ast32gln8a7hx6eue0gzuj7sndzrhk,NOCAR,11,2025-01-11 01:58:49,6b1bc7e8f7421b996ba5e4b4d1c3f0d2408709cfa1905ee61c063c736c344570,1,4,3,added
pool1lugxr82p89qm35spzwccle405t5dfdznhrasyrtr2cyv2vyfud6,KISSA,8,2025-01-10 12:42:04,9ea5c8656a556b473c619143e648435ec263002dafec33a9427dab9fc1664cad,2,3,1,added
pool1p5ja48uqc7pjnuqvwu7cgmspvx938qpnf4zqm0x2k0ngkh4lkjx,SIPO3,8,2025-01-10 08:53:57,3a6f00fb8e463d5939fe9cf0b93a3b6b6cafcf5e435ef507095bc9e22a95a62e,4,3,-1,reduced
pool18rhzlrv83a7ygj7cp5uv8dx07qkn5drhe8nh6f3qvhv66xcyj2m,SIPO2,10,2025-01-10 08:44:10,4eae9051b8d1a9df3ca3542ef5e9ff4fc1112103415ba259a69b71679b771dc2,4,3,-1,reduced
pool1w6l6rvhxtym5psec3mvgrjlg28d6hrv8g9jjexadzmxfgndfg2f,SIPO,15,2025-01-10 08:35:38,c850c08fe3dd21f00a79f1fae2010f04dd55cafce6338639a33ab8a429d2fe69,4,3,-1,reduced
pool1p5ja48uqc7pjnuqvwu7cgmspvx938qpnf4zqm0x2k0ngkh4lkjx,SIPO3,7,2025-01-10 08:10:19,c0e25fe9927656692fafc488711d26e721e1fc6926c8eb01ccba5f62a444032e,1,4,3,added
pool18rhzlrv83a7ygj7cp5uv8dx07qkn5drhe8nh6f3qvhv66xcyj2m,SIPO2,9,2025-01-10 07:58:04,0e741c87df1bd34c736519ee180360da7b114f3ea19ef1db7b916c5afb645ff4,1,4,3,added
pool1w6l6rvhxtym5psec3mvgrjlg28d6hrv8g9jjexadzmxfgndfg2f,SIPO,13,2025-01-10 07:42:47,f7eca611c04a03673c556ae8fddbe7a134dec74325d23840fd1dcc33f7f5b649,1,4,3,added
pool1q0jmr57udknpq8k5qtgt5vgdjq9pzrzevf68966wxn8zgz7qy3w,EPOCH,22,2025-01-09 03:25:44,f7b9d0c2fc6cbbe886dd7747858fc58657e79cebe6bcc772f4fa76720e784a6b,2,1,-1,reduced
pool12ptdh2np3sl3c9zxaaz58ka775hv3z9f4nypgn5dlhp0w4qcd0e,MINGS,7,2025-01-08 02:49:45,e2db16ab86eca4f20a44730dbf1b07458e19d53784edaae12884ebd5ff2c97f3,3,2,-1,reduced
pool1lugxr82p89qm35spzwccle405t5dfdznhrasyrtr2cyv2vyfud6,KISSA,7,2025-01-08 01:33:25,c640c785b55f5db200a6a4dcb0f9c4598091de08f9f3dd1dc94edf17fcf178d4,3,2,-1,reduced
pool1s2wsk5z4u0f2unmfyc8ye705adhwayv0wetlk24sawmyj5u74rn,IDEAL,25,2025-01-07 18:33:57,b30e79d3fbf9177db5ac8b01091750fec117fb7795689f484c7e79315770ed33,2,1,-1,reduced
pool1venk342j5dqg2a9ue6nnv854rht25734jqaxanngqtrjk6m89um,BITB,7,2025-01-06 19:22:47,165853d62781e8c842aee1acb3c2304ea5d5815db1a044779d7aeb56ded23c51,2,1,-1,reduced
pool1e3y7u0rtq2zskc7ansvtrd4p3vtv9hglyztzcvsvlk22w9t40v0,CRPL,11,2025-01-04 17:55:02,ae25a43a10b96efd1a9da22b24b666e0fb89159ed15dfd7395dde58493810ff8,4,1,-3,reduced
pool12ptdh2np3sl3c9zxaaz58ka775hv3z9f4nypgn5dlhp0w4qcd0e,MINGS,6,2025-01-04 17:10:03,ed6dc3803218010f29bb167df2d7e9abcc2d75b1e82c915144e059b074e63771,2,3,1,added
pool1k0ucs0fau2vhr3p7qh7mnpfgrllwwda7petxjz2gzzaxkyp8f88,POLY,18,2025-01-02 16:09:40,809569b27ff017e56fcd74cb636a32aa8f0142bea17c29a829f32dee6f09eccb,3,2,-1,reduced
pool1upa4pa4qmcgaps4uactx9eas44rfwk9h0rxgua3l4xnf6wevfkt,FMS,31,2025-01-01 15:55:01,6eb4dc3eb0a090e4d9a0d2fe069128e3a5dc9614ccf88469ce694c0b54d753f9,2,3,1,added
pool1gf8a46j6hvhad8e48hez4084x34snpua8k7t3kzy9w42q6w60z8,GRADA,15,2025-01-01 08:49:16,414073d8fd9edbe02948160dd01ab2d67ee81097b533d84c7cba3b4531d02974,4,5,1,added
pool12ptdh2np3sl3c9zxaaz58ka775hv3z9f4nypgn5dlhp0w4qcd0e,MINGS,4,2024-12-31 11:56:42,2ae4a572867e1cd446efad021f7a3a318ef699355d0161fc7a86a2699095a6ed,1,2,1,added
pool1jvknf3dwtnqln5hcjrh5m7s979revuj5dlxr0337nwmm6p7250q,SQQQ,4,2024-12-31 04:04:51,782d848c52954d498b017f4090bc7ca71471b82c6a16ea69d216ee4920091954,1,2,1,added
pool14cq4fchmmqjygwjw4zexmqqd6a7caxptjnvseyu6wanjuppv4vk,CH1,14,2024-12-29 18:02:33,cc6b443d5903f66b5070b293f6456d3362d0e089499beacd98454807985d4e0c,1,3,2,added
pool19qa8uctj5ql4e2uwslpruak6655h02l8fkmwjlanq8qnqyap357,LCT,11,2024-12-27 15:16:04,dc767369d1f085f1b7bd9642ac41ec91b8b06769cdf560da0496a0d243e77257,3,2,-1,reduced
pool1l4synes9s3swlf5r5rsfpede3582r4km2wd94xctceyaudv9zx3,STAYK,5,2024-12-24 08:20:37,e50dfaceffc84de06a5f6c3224520a0796c24e052cf3443e12555415a006c82b,3,2,-1,reduced
pool19qa8uctj5ql4e2uwslpruak6655h02l8fkmwjlanq8qnqyap357,LCT,10,2024-12-22 14:40:32,bcf59f0f7814a71f32bcc3e8cf7f38e7393f30de1193b0e2d8d63d98ad59e8d0,2,3,1,added
pool1xru6f3fflzwkptgm68pncrsncg9ngllv0jk8jnz40m7wusfhazk,OASIS,56,2024-12-21 01:53:24,7c0aa2bbc3ba8ef4b61c510b12c5556ffb018a54b259e0504236befa1ede8532,2,1,-1,reduced
pool127gdv243hfcrapslaqq0nnh64u2gts72gtrt4888g6g2z0zsu64,TTS17,27,2024-12-20 21:59:33,c3ff2b0e8297183a489d396423e3dd945a332e69f257337af6fedade54a79f8a,4,2,-2,reduced
pool19qa8uctj5ql4e2uwslpruak6655h02l8fkmwjlanq8qnqyap357,LCT,9,2024-12-19 12:25:16,d15f21b90b4c5c0014d5b0e1e932c4548522d031a24cd1b978bacdbc54d9f6e0,3,2,-1,reduced
pool1k26f25u5uqvhxuj20x3p72kx5gx4lc658f55kr328y5xzh0x4et,BICKS,2,2024-12-18 19:43:42,35aaa3645579abf67e1cdbb65434de76b39284d7cd6581fc4ab96864b16f4dbb,1,0,-1,removed_all
pool1vquhv3kh6xkklckaenl8alyuhfsld57ef5573aqauueyqacx4ak,KIWI,25,2024-12-17 11:53:32,2a2d1379b77fa046e0a17ed0a1ef742d53f4e231fa50c52d22def3f5ae624f0f,3,6,3,added
pool1r3ax7pd3cgad5kttench60ttr23kvfpx3vzvd6c3azppgw7q93t,PALM1,4,2024-12-16 23:12:03,69772d108316d639a805c7c4db5570517a1dc9eed2754f033147c8f1ef590f42,2,8,6,added
pool1r3ax7pd3cgad5kttench60ttr23kvfpx3vzvd6c3azppgw7q93t,PALM1,3,2024-12-16 04:05:11,d244a66eb9194b28775c29cc16eb403e3ccb09c9bd22d043cbd657a32f7c6d69,8,2,-6,reduced
pool1r3ax7pd3cgad5kttench60ttr23kvfpx3vzvd6c3azppgw7q93t,PALM1,2,2024-12-15 17:56:07,d66921a13defe2e03f10ce968ad6bbd878dff3936c6e08c01531d0ec42f9696d,2,8,6,added
pool1l6aeyn35nkqkn9lqqlwqnpraakdzuukjrqprcrj3sctk6hhe32k,OYSTR,18,2024-12-13 12:37:08,73f3c043a0d080716b4facb39c5b4d534db7ac358a2baa667ea2f403520fd163,3,2,-1,reduced
pool1ekcsyzwexl7p2kwxxh34hy28l6772vrmff7jwmuxsa6u6fzty9z,ADALO,94,2024-12-12 10:43:14,68dc5ea4c78a1cd7322507b05b8428e783a31bf9b5362e9c4a875659dfaca0d2,2,1,-1,reduced
pool12n6lycv28kjtkzecfz2a3uujyxy6ewuwjcmjq84my67psqmgagv,MANT,48,2024-12-10 15:49:42,0d79f1f74bfed7642ed7291f5bbe4bdda755ed51d14f79237b1f02ea95be8121,3,2,-1,reduced
pool1nyh6jcznks8wvlek7r7rlvg9hfchfqqyvup39ugkmr6kghrl0as,HNB1,10,2024-12-09 00:59:50,a71489a9df7a0fc04c7c002ce31c3c3525bf3453040396c6fffc28fc25723690,1,2,1,added
pool18mgmqghey8az6duffc6e9tpzwxsquf00wpkl0jr8gvqxumkg4m0,ARRK,26,2024-12-08 23:28:02,fa6e8f0f6c54dfb37dff6b6e19515b1d78107bb10a105d1317d315cbf98510d3,3,4,1,added
pool13k6tphjfsgqdq7h27p4x86ruchcdg2x073luw8pndh3ajxvwvja,BLC,2,2024-12-08 17:10:03,75b42795d97e34e0a8198dfa5b62754553a896aa3f867bb0161a216fd0d871b7,1,2,1,added
pool17ahr5ygy48vpdfnatqn2z4wfu2te4quapk2yx3k50ce6kd7feg0,ST3AK,12,2024-12-06 06:47:23,eddd7b649beb11fcf36ef3119802c4af53505b34475de5186ff1a073ad020646,2,3,1,added
pool1h92eaq3wksa7j3ecd8llyxva9kuyuz5ucm7a8hpwz8vhzj0wtsf,SSX,48,2024-12-05 02:44:16,909a94ef84d01799fc7103ab0cf12085569a5a4cab08322535407737a99ee010,4,3,-1,reduced
pool19qa8uctj5ql4e2uwslpruak6655h02l8fkmwjlanq8qnqyap357,LCT,6,2024-12-04 05:38:36,a8f791137fcd3e9ed0272c784b5e3abc1ae576535f30b0a0c5010e7df6e47243,2,3,1,added
pool1xvaagsvl9prlr20hvg2qv434yss5c88r2ml6n43wcpepxmw85lj,DCONE,14,2024-12-04 03:11:28,c6882d569dd355a22f740c8014ade017c8699a3a288fefcef221ff42dc7c643f,2,1,-1,reduced
pool18vj02k4taarxxsdr36jxftcc5x270vsysp078j0n3v0njh0dt9x,SODM,3,2024-12-02 16:12:37,df12172842200d1d41b1c21d1ad3281b7467580b39f8a158f0e6908e1712bc0f,1,2,1,added
pool1akt37u42nfegyf3atv6c3c64da7dwa9grt9kjxa8zwj9qr4y8u2,LAMP,12,2024-12-02 07:20:31,273236ee2006187789847895e867f9b39ce622a882a2350d1df37efbd62ae978,32,14,-18,reduced
pool1h9jr0f9evk3raxlljq6mt4gj7ej4v82afvnlc2wh28rwy2d8lsy,RUNIR,78,2024-11-30 07:48:53,99c6915353b6f3efabdd8525cb7c95d161ca91bcc78cd809ada544184d2012b1,2,3,1,added
pool1druxd2syfrvqvepxh60fz0qhralcesruphh5atujuh0jktjy0ma,BSSP,11,2024-11-30 02:00:03,e3c6682b660aa67574fddc8608d3e12724a79b06f66c71a53018c9a21908e9e8,1,2,1,added
pool1gx6eawfvnhckevmlzhfz9j3uzj92j2wgww0mdd2fu5d4zd4wvaa,BSSP2,6,2024-11-29 22:16:53,6b3b8e80f459eb667af96bac3e0e219b9064113122e1e78ee1211ff6b5e910b4,1,2,1,added
pool1g2y0j7rsv7dpu8p6jt2dva3rxfqjl2zu0ag9dd0cfm8guzg0lh0,SOCIO,5,2024-11-29 03:10:06,3e1334958a5cc9c31174f3357ac370f9e758b199e9c66198700ef0910d457cb5,3,1,-2,reduced
pool1xru6f3fflzwkptgm68pncrsncg9ngllv0jk8jnz40m7wusfhazk,OASIS,55,2024-11-27 15:10:03,6ca560e0ceff01048ddf4a7195ce7d9da821196cf0a4bf2a060a73262dc8b49c,1,2,1,added
pool1upa4pa4qmcgaps4uactx9eas44rfwk9h0rxgua3l4xnf6wevfkt,FMS,29,2024-11-26 22:08:17,bef32ec225dc8081ecf0338ecfbd803268583406117855b5b47937e969195955,3,2,-1,reduced
pool13fpvzhz7p0f4c960k44erfykflr7qdp86t6jnxlfamhqcmfha42,CET,3,2024-11-25 02:03:39,d23d744989856c45704b5e5223ae4f104226456e32ba95eda68c47f7e85e25f9,0,1,1,added
pool1gxvkc0576e75065p5k0csvwme9y2qrefd5ga66nx0z65xxjt8jk,CLINK,20,2024-11-24 14:01:45,d43a6a177876b2e0648e8de28ebd1871b9c6a8cddd98b325d78ecc9a27f58cb8,3,2,-1,reduced
pool1d3gckjrphwytzw2uavgkxskwe08msumzsfj4lxnpcnpks3zjml3,CRFA,23,2024-11-21 15:00:09,b48326b1b615cac411e182e7b3c23286778418c09d5f5c19d4a17ac9ed080bfc,3,4,1,added
pool1ksh2u6kktx74ugv8jadrdqttwyjz9074ke82xt6j0qgfvdn43a5,MILKY,24,2024-11-20 02:46:31,1f0f2d71a3bbb28f7c3a6cd09efb6e62d3bdd0a5f13da02bcb231e004541b6aa,4,1,-3,reduced
pool1ksazs9mzcuyr3mfrvw48dc5wkgsjceztakymmv7jpxle7l2nfs0,TOAST,33,2024-11-19 13:20:29,5cd9ef9f6071cdbf9cb416468a322fc26b4509e0725c6f5a07440665b697171f,2,1,-1,reduced
pool12n6lycv28kjtkzecfz2a3uujyxy6ewuwjcmjq84my67psqmgagv,MANT,47,2024-11-18 22:52:23,7fc0b0b5f9b27e54cfb0355a6490f0432aecd36798f0796a9c84f11d0bdfd025,2,3,1,added
pool1peayemzlkmcwn64c455mx8sxdaztq0xuv9hdxlp0kcsxz57up3z,AID1,8,2024-11-16 09:18:10,9d37fd7f64505793e218dcf61f9b25d3214ea1d32939956b52399911ccdfe96e,1,2,1,added
pool1xj5f7a79lnc9v0gjn00fkf2lyzexngka59tpcew5rrkyqveagpt,GREEN,9,2024-11-15 21:12:14,3958d9bfe36dcd2967cfdb025495f12e242416d200bbadd2afce6d8749b9cf52,3,2,-1,reduced
pool13zagy9a4nnhgme5wcnl0w3xzt523yn76jxh52360rryexc9f9dc,,9,2024-11-15 14:13:52,252e38cc66caa99c2676d92371b74652031b9d68b042c5363af6f92959590d58,2,1,-1,reduced
pool1lnk67xp7jsc2e3yyun3fpaqvkx0f3c8q0ml29ge85udeghn2gvn,WIRA,7,2024-11-15 10:00:40,b498625689e281107ea87a5c06ca74f048e19cc649f7ed802dde5cf415a9ad1a,1,2,1,added
pool10c9l3k0z50ytt4krkfet7w3gwpv9d9nq47kk9ecy2c5f2uyvkgk,BIRTH,22,2024-11-14 16:45:38,9cca63ef7551075f40e1030ef6001b07f60f02373c671e49a0a8b33c969e61fc,2,1,-1,reduced
pool1rmxe8qcmqfgtxu9hcknv202hmhw278fnzt8pwncd4mzf54cuv67,JADE,8,2024-11-13 18:36:16,01fb3f93c0d4d5dee7ef4b650d1b5985fb9898be252164960236efe0c965b1b1,2,1,-1,reduced
pool1llfrhf0htc528jcmp9dr2tzsjnt93y2gkjfjn5znjh9a79avwv7,WMTX,7,2024-11-12 17:37:39,bd0b87fb1ac6f5be8fdb789cf2d36c418f22237b9e5f5f551ba00ec41f39479f,1,2,1,added
pool16dxn8c697qrqtzl3xe695trtde2hvgw0qtd65208ruaq70hv4ud,CENT,2,2024-11-12 15:49:32,dec102e5daf19dd897f2a7a5a8b7e57769ace1e2fb15403409b0d7c367e6af4b,3,2,-1,reduced
pool1fuzqy5r9x98826zv6wp40tr27uplemmstkd57cuw8jh5v5m90vn,247,14,2024-11-11 21:53:36,17d7d906571842c1a35f3e192c3bad60028b0ebb9ce6a15c68c5cb381c0f7353,2,1,-1,reduced
pool19qa8uctj5ql4e2uwslpruak6655h02l8fkmwjlanq8qnqyap357,LCT,5,2024-11-11 01:58:52,3db061d44d199debb2584891c657ddc47014e39401e159adecfc7353270f387b,3,2,-1,reduced
pool19qa8uctj5ql4e2uwslpruak6655h02l8fkmwjlanq8qnqyap357,LCT,4,2024-11-09 15:19:09,b9792160cf7a0b222f8c7503fd04f39b3ff957f59892d17ff0df9dee8a4df109,2,3,1,added
pool1cspe7naf0mtntwyysqxk6czah3jlh6v4cja8pdfju932yxsehnm,CBH,20,2024-11-08 14:28:00,1821ab67a8c5c7fdb7a6f86f972866ddbb8f8b08f58ad166638a23d7da30c1b5,3,2,-1,reduced
pool1wntxmftndrsj7y4aqles8knl3nfuyj22l83jun02yyx9s962gm3,CBROS,16,2024-11-03 21:17:03,3a9babb58d332662e30a15af29a9f2e2ac4830e3ccf1841fe640550c2302ee7a,2,3,1,added
pool1fdgzsd07tq6t7zd44na0a72kz6gpedp9avny02z7qsx9ywr3le7,,2,2024-10-28 16:25:48,9626bddde4b51d78b1cfffdaf7bd2b1b236068fc9385552ce3e1aacf43b23a0b,0,2,2,added
pool19qa8uctj5ql4e2uwslpruak6655h02l8fkmwjlanq8qnqyap357,LCT,3,2024-10-28 08:29:17,e134820283187d9691000707b1d5b2ac7effaa933be4ac81c21cd427d8bb4614,3,2,-1,reduced
pool1h92eaq3wksa7j3ecd8llyxva9kuyuz5ucm7a8hpwz8vhzj0wtsf,SSX,42,2024-10-27 23:20:13,1a73fe9fe09a2ca8751dbfefe696a2e68350ecfaa104fa1d22fa33d0dc8e3eac,3,4,1,added
pool1gxvkc0576e75065p5k0csvwme9y2qrefd5ga66nx0z65xxjt8jk,CLINK,19,2024-10-26 17:26:48,d031959b052220161c6de3b9f7d87b21571703c93c82007e47745891c2e4e507,4,3,-1,reduced
pool1vev8z03vh7jwx3mfrgzrt9fltt97nupaxv8ffj4r5r8mgwts5ze,ADAOZ,48,2024-10-23 23:45:18,679d271001c97d1b81cbf11cc9f0ff2afd4744e1c650fe7933a637e081ad8ce8,3,4,1,added
pool1prc9hna2mgamtspchrygc66s9n4tlkvh39e3t9zccef4kzc3ns2,TERM,9,2024-10-20 06:32:26,ddf2b19ae8a4907866b9ffd5ad7ae6fce27dbda54fb1d5aa0bc6276ae1a8416a,5,6,1,added
pool1gxvkc0576e75065p5k0csvwme9y2qrefd5ga66nx0z65xxjt8jk,CLINK,18,2024-10-16 10:50:49,c66cf7b9cbdcaa2feec25e16943f9c98d951d3714c693baaca946868173e3a57,3,4,1,added
pool1j099ctc7kcc9fa78dz5qwsy2g0n96lrgletwxvxmyzh4zd7ck0j,PRIDE,22,2024-10-14 20:34:26,b84074d92f6a35faf0d3f74a7dbbd41b66b42baa878d46cc4ac43b4ae26dbb0e,4,3,-1,reduced
pool16ajaae2n5lsyr4f9k9uz5y8tpf0996tw640dzu7chwp2wdrnz6a,BLADE,16,2024-10-13 04:17:27,0f825aaefbf9c42356abddb9ac0c86f864f4685728af24be8ade0fd73c4e7142,2,1,-1,reduced
pool16ajaae2n5lsyr4f9k9uz5y8tpf0996tw640dzu7chwp2wdrnz6a,BLADE,15,2024-10-13 03:21:02,4c504ddba796cd627b892e0a7bb6361c41ef11d8fa7a539d9a27780343cca6c8,1,2,1,added
pool1w9yeaaadjz9563tf2h7katrlujvxnywda8el8z66h02ckccx95x,SUI,21,2024-10-10 21:33:10,67701b08846c9e2d116b6e168711db382983e0895259615759a35f7b1590d37f,2,1,-1,reduced
pool10qmnswfc22zm0fscg80gkwqz65ujwjkqmctv8g9l9l58wqtelgg,WAAUS,13,2024-10-09 03:03:16,ccee99c041395b17f3b226d782b12e243563c8dd9cc60eed4e3c24f632ffafcf,4,2,-2,reduced
pool18e0uhtm4pspfrnktwguypytjfgwz6dw6zzn3gulpdjfx7qd0439,MINES,5,2024-10-08 17:42:42,4eee219fecec733cbc16d1471d029a59359a7ef767411269bf01b6d8058292b3,3,2,-1,reduced
pool1hxdcr4u22lytge79hr5hds39e90jsdmhafphdgnn4hlqvl4qlt7,TRADE,6,2024-10-08 14:59:42,ee8527fbacc267e1acc803e169c38e540d47aeafa2c52409dc9e230239f3ec58,2,0,-2,removed_all
pool1w9yeaaadjz9563tf2h7katrlujvxnywda8el8z66h02ckccx95x,SUI,20,2024-10-07 02:25:41,19f3a0ffe8b61bdc046bf33aee69a46f48d55e802269395cf9d582237840d962,1,2,1,added
pool1upa4pa4qmcgaps4uactx9eas44rfwk9h0rxgua3l4xnf6wevfkt,FMS,27,2024-10-06 22:45:07,d59f042d0baec08907eabf02cf2a3fde6ccbf1ec27cb4ffd3049339708c3ab14,4,3,-1,reduced
pool15pmdr6nw3g6mmt7regefp2lrx3njah0gpwsnqm794c4wsr23062,METAX,10,2024-10-03 14:55:31,faef8cc158f868c4e1b85da230c646fc6baf8c6e91da73aac5f5c10f20d62b54,6,1,-5,reduced
pool1h92eaq3wksa7j3ecd8llyxva9kuyuz5ucm7a8hpwz8vhzj0wtsf,SSX,37,2024-10-03 09:14:55,8563256816f75dc9855d68e2d66325b7200e2ee2e1b1c6c9d8a0ff1c4c90a19e,2,3,1,added
pool1ux4es4p8kfq3u4nax564ukcte2vzepsz68dkgg24k7l7xh5786v,XC0DE,5,2024-09-30 22:58:03,9f4f5020d467a815c6fc93a986c533c54f783e06ca5a4e5659f9ab0ee8035165,1,4,3,added
pool1det0jsa8huncdzmlxh4rtcn23vc4eks93544wla86shxq8yl99m,DJED1,6,2024-09-29 13:59:25,11a809ea940a3be43e9f27950a9a23fcb6c35ad352cad3d69fb3c53b920fd5bf,2,1,-1,reduced
pool1gx2pz27mgupdqynr54s57jrepc3n28yx0wlx0j5ypka55aan9qx,LUCKY,10,2024-09-25 10:28:11,2c63740a364523192c4ab6a03f617c20e67697111db416cecda813786d6e7121,1,2,1,added
pool1lp9wmr8dkcceta5we999nvlfh9um06cd6sggtt5523eawf7mtg4,YYG,32,2024-09-17 16:20:02,16a0de3ea30df525fcc3e93fe2793d3b8bd270bafeca5b05365e703911d0f39b,1,2,1,added
pool1w2duw0lk7lxjpfqjguxvtp0znhaqf8l2yvzcfd72l8fuk0h77gy,PSP,26,2024-09-14 14:59:30,4edc464b14c18692dd4bc8062e5b3a1c7929d38169f7de71004c304588d938d4,3,4,1,added
pool1tx6e7gewsrcceejwpa69vrhlhay6862amaks095pmw9jxulwhvx,,15,2024-09-14 09:07:33,bfdd0a92290ac5792f8ef6f3a7a25b186d2fbe7ba719e72a43b31f256c931f82,2,1,-1,reduced
pool13zagy9a4nnhgme5wcnl0w3xzt523yn76jxh52360rryexc9f9dc,,8,2024-09-13 09:22:10,7de6906a6451210aabd78c4314720412bbc3e5b57101c9fc1f2681e945e51f2a,1,2,1,added
pool1r6dzsz6ju52hgelstefrrel4y8fsyt8ck9qgfvvmamgns4vh7w4,DAI,3,2024-09-12 08:33:00,2d94ed7414a2f9f6498948b39e968ab3f3b60ab9a007659fad44e87c858beca7,1,2,1,added
pool1gu33fszp9ek0w9fkdt2xpnp4vznvvv2vhktc0dypa8fr53lc9pc,TESLA,10,2024-09-12 02:23:06,51dc854b8399b1c3e6cf4d16c94330d922b95482a209d14aea6e47f0f5cb5910,3,2,-1,reduced
pool1g5k0fks847av9zdayg05htnj8wx0ah7jmnwwqlt63rjdzyjr93n,ADAMS,18,2024-09-12 00:47:01,1bc83ce20ab9ea852554cd8782619a33492a6fc1cbd556c42c1f99670caf44d2,3,2,-1,reduced
pool1w2duw0lk7lxjpfqjguxvtp0znhaqf8l2yvzcfd72l8fuk0h77gy,PSP,25,2024-09-10 07:06:26,c4177eb989cb8079220123447ec2141dfe696a34bc4b83e74b12726e8eb00e30,2,3,1,added
pool1krznhwu3h5pu2stuslr53z5rme50t6384macsmylcnljwc7yjky,LEAF,31,2024-09-08 12:36:22,97455a985f60d99e84a30dee2449302d52664a673eb49455d1f5e75005ea5f6f,3,2,-1,reduced
pool1rcd7qslz3xnpnk9u6tcwegy5r2574uf8suqu24ptg637jha3sr5,NINI,15,2024-09-08 10:11:01,d6ad89b06e5b0f34640c953b7a0f24c9bc32935a29b2c30e9fd894f66020eba5,2,1,-1,reduced
pool1zeya2r53sxmqh2ux3ssfsrqerergnw2hjxmp63r83ntwverpqwm,NICE,16,2024-09-08 10:10:35,8a07619e0d6355b09665db6c58ad3f57dd891c799e0c2d7c1500fd4e4a4d8148,2,1,-1,reduced
pool1nss40t2xhh7ntgp8ca73u2xd8kzyn3dgtf9jfh0y57kxul9zt82,,32,2024-09-05 20:29:35,996ebccfdd328a649952a03d353d36d5d402dcfd13f7c028135daf5609b789c0,1,2,1,added
pool1vev8z03vh7jwx3mfrgzrt9fltt97nupaxv8ffj4r5r8mgwts5ze,ADAOZ,44,2024-09-05 00:29:03,b2ca4b950c2af64cf8df6488039bd04c0eb20943983e57b08e8b7c9944ae404c,4,3,-1,reduced
pool1h92eaq3wksa7j3ecd8llyxva9kuyuz5ucm7a8hpwz8vhzj0wtsf,SSX,27,2024-09-03 16:54:30,2831be3442bd8bf1d01408ba674047fcc3464bb2153ab68e15b34abb4dec8af4,1,2,1,added
pool18xjkr4xpscwxsatewj9lqc6z74vw90qycjd0wrypeqej673j5u8,TAM,12,2024-08-30 16:58:22,b82aa49fdf7a302520590abd5972c4b975b38752d95103b807c217efaeb394d1,3,2,-1,reduced
pool1wp7vqk4mkx0w0wxzpy8avhft4qwcg60xldwem2uh9n4pw777fhz,,25,2024-08-30 13:54:03,261ce7c2b5122595b65a5fea0638df46412d1013fdba24ab634a63b32b26ea6e,2,1,-1,reduced
pool1u0u2s080a5plun4acn6s70xa3q98ct7skt88l7w6nnwwyl9ecym,VOLCY,48,2024-08-28 14:16:56,19b0d4c535e27700dd693bcd05ddad35d907d836cbdb65388785e9ea745e0278,2,3,1,added
pool1w5ws76te73pjhep4zt8axh2r6wczm0220gp49fmfnjmzvtal7fe,,9,2024-08-26 17:11:57,ed880302618c076ad509cab61babac4623eb0298995abb3f3acf61b335c7d340,2,1,-1,reduced
pool1ksazs9mzcuyr3mfrvw48dc5wkgsjceztakymmv7jpxle7l2nfs0,TOAST,32,2024-08-19 10:19:58,9694db941da29b4ed29aae0a55d5bd23f996b323ed7b8c2b6cc28d70cb89e29f,1,2,1,added
pool1upx7l0yrsxt4l94t5xfckahj6m7pt5dpmnx6u60sjxmn5p5mezs,TEN,12,2024-08-17 06:41:17,e76a1ccf6008fab0ea3e72f96a1fe806031c744bb2a741e6706d1029bcfc1b82,2,3,1,added
pool1chzrvd7wzmw8ufsehctn8fmf7ca27xf7d6f5tpreat7kxx6hwf9,MOBC,22,2024-08-16 11:23:35,54f865cdd35b2b1638853369369cefe792c97c69d4f6903d25f4bff6116f67a8,4,5,1,added
pool1ld9hkah2dkzh73pvh9tf6xr0x28us34msv3zcv2sase5vhvq962,KOPI,6,2024-08-12 10:16:09,64b49526df31f25630e1979d9b55b6c2f97273cc1e359b19d4772907e6a008cd,1,3,2,added
pool1csrtagrya4hc5pectc20s8s7am3e6vpdjj6antqzvn2lgmm5afs,,4,2024-08-12 09:34:27,0b5d5112f47c172b9ed1b54d7d0e0ce2c4ff58d691066e085d479af0adf8a960,2,3,1,added
pool1qqlf3epa7m8780p2jx5689u2ql06tw026l5377tptk2zswrc645,CPS,5,2024-08-12 08:02:29,badd9bcb793ff722071e912fdc8548f7a38c7cc5bfb1c76d3a1b1d1dd819efba,2,1,-1,reduced
pool1jezf7dcx26edfpxmpuh05yen64a9cj44xm2ggsapcxrtqewfek2,CURRY,9,2024-08-11 19:16:10,9fb04aa234fa892c315de5ae84145eec097b90b48f5e4d1b329b92c3d0c82891,1,2,1,added
pool1w2duw0lk7lxjpfqjguxvtp0znhaqf8l2yvzcfd72l8fuk0h77gy,PSP,23,2024-08-11 07:56:03,088002db5c579ca989f2f275c764a17a1dc0a18f1b06f2576fbb6d4a4690168e,3,2,-1,reduced
pool13r4e7tttcxp4qfs4gqtv0hz5k48qdhhxrskz8pjrj6fqy5qmee0,SOLCY,50,2024-08-10 20:45:44,859ba2950b93347b6ccaa80be9daceed26d9cd9934776d95396e49207c3385a0,6,5,-1,reduced
pool1ksfzungz56vxa9sy6hr54v5hf6qx8rmcu6734gqm3qlxucveed6,EUSKL,18,2024-08-09 13:47:12,89f4e41c4abcb4b1bf309dca09ef67b665e7e36a65640980d6833d29ce73793d,2,1,-1,reduced
pool1j3umdcuxcewcxz98wm3sx5xqwgxx0v7z376xyjfq4jgejpvv8fz,MASTR,8,2024-08-05 15:59:18,bb95afa6cd0d5dd393b6ad6d2fd43e686829409025614786a8afd3a4a4e91619,1,2,1,added
pool1qqqq4md2rfdt75qvh3x9cgmkrgkl74ctcj3fnxpu3ylcudl22ex,MASTR,8,2024-08-05 15:55:10,7154f0c4463b8d8fe25290c5d9f94ad6c8e09cefc7cc38c6cd1c26394064bd90,1,2,1,added
pool1h9jr0f9evk3raxlljq6mt4gj7ej4v82afvnlc2wh28rwy2d8lsy,RUNIR,71,2024-08-04 17:15:06,2adf211c514113a278e6133cbbdc974de757716c08eaa16965a0d2f7837e58cd,1,2,1,added
pool1j3ll2032rnaqrrzzq0j3e540d2ga50ze82s9083tnfjyz2a7zdt,,3,2024-08-04 12:33:22,0fbb5184726644351e7d30d0affaf68d28ebf91e8246b160838b945dda163e05,2,1,-1,reduced
pool13l9hxj5dke9yd8xrxtfdkxgppj4wdyy52k99jded9f4kv5ce7al,TOOL,3,2024-07-30 16:06:25,030697b61d29e1b0342de59eb9493f653b74ab05876d8c4f78f227db3c3d42b4,1,2,1,added
pool1rmxe8qcmqfgtxu9hcknv202hmhw278fnzt8pwncd4mzf54cuv67,JADE,4,2024-07-30 12:15:41,cdb410452e8131a0b1c1fb4197d05690f95b6bb7c7d5cb8cb08988c68c48e0d3,1,2,1,added
pool1t847w2hfv33qrra7q33nzq8epvcxv6ydshcq7w7j23c87xv2c2k,CAPO,19,2024-07-27 12:20:16,9687807f6caa10326d4b3f0967f3cdcc060920b2e4a25868fdbc5dd3c3b0414a,3,2,-1,reduced
pool1t847w2hfv33qrra7q33nzq8epvcxv6ydshcq7w7j23c87xv2c2k,CAPO,17,2024-07-26 08:26:21,16a56d77339a2c0e854f6adc5712f1f927b54b970b17886915fe78aec6ed457b,2,3,1,added
pool1w0s8vf9qse980vulgszvusw3800d6dlc7wkusr0aqvzlz75qgqg,LIBE,5,2024-07-23 09:35:14,0b055967296b9cc149385f1413f6b80e44ab2790d3ed4eee767b6433b886c208,1,2,1,added
pool18hkq2t8ss45h4fkr92f52flhc4mpzedx5mcz4xhnpj0dzp76028,XYZ,26,2024-07-21 04:15:17,1778727155f2c2f5ba2c84ca603549011177a0608dc39865493444ce85f42b1e,5,4,-1,reduced
pool1agwy5atgc4ptg3whplaxyz28g4dgvsna8auktszctkq8xmtl7dh,8964,3,2024-07-18 06:03:33,e648dd3375630f35c46569bfc412bd2f95fb928b93e657bade11c78ced3fe81b,2,4,2,added
pool1w0s8vf9qse980vulgszvusw3800d6dlc7wkusr0aqvzlz75qgqg,LIBE,4,2024-07-16 10:00:30,af2788093fbf1fcc629f1af786c81ad5fd654e3ca751d3786e308e78f15beb40,2,1,-1,reduced
pool1qku2yhky7sv4dfjfv42uyvauhehuqevk25aw952d7ulzqzx3jcu,ASPEN,21,2024-07-14 21:41:28,88b32b56a24f55ae403a5794133968bc4293b95a0f488549024a7955e121ea80,4,2,-2,reduced
pool1rvjj8cp3urh7de07pm0ceqha2x4lxws69lhd4429dm6djfjsy4l,DINO,72,2024-07-14 14:27:05,aab3310aab78d9db2b212cce23649d2d94d52bd9aa45ed34d7cc66eedf46c02c,3,2,-1,reduced
pool1dhf4dt395f0c0ujnscazvzvw73ynzgwvtf5k4y9c907hwjdyaq4,JSP,3,2024-07-14 08:36:17,0ca81a748f1da7cdfdcc335b10f9549afe9899136355cc2f50d04121f936cc1b,1,2,1,added
pool1rvjj8cp3urh7de07pm0ceqha2x4lxws69lhd4429dm6djfjsy4l,DINO,70,2024-07-14 06:15:43,1808b5fbe9f704fe0b3bf6b1f71cf475d2a7f0c58d4c9f5b78a63f409943af8f,2,3,1,added
pool1agwy5atgc4ptg3whplaxyz28g4dgvsna8auktszctkq8xmtl7dh,8964,2,2024-07-14 05:07:43,c74c4780f996e0b420a67af43ce0d2566918be044e3fe389c4be84d41c41354e,1,2,1,added
pool1rvjj8cp3urh7de07pm0ceqha2x4lxws69lhd4429dm6djfjsy4l,DINO,69,2024-07-13 11:08:40,a7ed2d2d88f6b26741428bfb9d4c285ddb3711ccc5544ec2285d8f74be8c5f81,3,2,-1,reduced
pool1rvjj8cp3urh7de07pm0ceqha2x4lxws69lhd4429dm6djfjsy4l,DINO,68,2024-07-13 07:53:43,8149b11d361d6112bd2cbe44fb30a166dccb246e0fb284bf57485b66f486eb2a,2,3,1,added
pool1nchr83fc0hrykvhlnh64n3wlt5vkdu727xjep59znrwzs589jdd,CANDY,7,2024-07-10 16:42:05,384e67dc08e4de93f8ace25ed63df0d75d2e521b069f8657dc465cb1c9c7c0bc,1,2,1,added
pool1q2fh3cl6rx0wv5gry4qx5l4h65qpjf7x99xmq66nqj2fj5g6u9z,ASTCH,27,2024-07-09 17:06:01,48d85438568cd1de0ca7aff54488258a3bc9dd2d9b86fc6a93fbda9df10e8e0e,2,3,1,added
pool1mtxmk0skqkr5y0wxnxps4n35j6wn9q8dfr82y423vvlp53vccux,KILN3,5,2024-07-09 13:13:17,64ca3a16f63f5f3e3f719883f5279540b7a7379df290905f78cfe56207597ad3,1,3,2,added
pool1v62c7d92xv6gyh4x9rhfpkwzlpw2ypxk92xvzavakg3xypatklv,KILN2,5,2024-07-09 13:05:55,37bcba70a9b277edda24be3dea87003a985e2dff1a2ad21487c6ccaa50fd0b20,1,3,2,added
pool1fcp4d2pxh0e7q5ju63sjqcdpxpr3pvxg6ykl23t6c97d7dnvjvw,KILN1,7,2024-07-09 12:59:42,cbd31661288f7a56c95651890c467628b5c366eda98b129188faeacc6a709cef,1,3,2,added
pool10rdglgh4pzvkf936p2m669qzarr9dusrhmmz9nultm3uvq4eh5k,KILN0,10,2024-07-09 12:50:48,54d5b745772a442069dd9dbb1d9961f2d9570f41ed79e9530c796bc7e124060c,1,3,2,added
pool1mtxmk0skqkr5y0wxnxps4n35j6wn9q8dfr82y423vvlp53vccux,KILN3,4,2024-07-09 09:13:15,7e9f71e1c5a5168a4c7a640f17cbd31338673df482386238333cc2141b990a02,3,1,-2,reduced
pool1v62c7d92xv6gyh4x9rhfpkwzlpw2ypxk92xvzavakg3xypatklv,KILN2,4,2024-07-09 09:04:14,093ffbfb33f83e4ac0bdc8241d1f55c818c90bb0d512ca4fdbc22d6fbe7b40db,3,1,-2,reduced
pool1fcp4d2pxh0e7q5ju63sjqcdpxpr3pvxg6ykl23t6c97d7dnvjvw,KILN1,6,2024-07-09 08:54:56,9019855d6e6d80d4797a8d4d0cb76d25451e2ab73c5e14508b370f0a36a7476f,3,1,-2,reduced
pool10rdglgh4pzvkf936p2m669qzarr9dusrhmmz9nultm3uvq4eh5k,KILN0,8,2024-07-08 15:00:39,340af39ba90540e352d88ebebaa1562dad083d6140593133bea1c31bd2ac0835,3,1,-2,reduced
pool1f6lnuxzw90mmd399nxqjvzyyxgmf4h3cp7j6pp5s7xmps86arct,DYNO,12,2024-07-07 00:02:52,ef9f4394b66a0d2a9c028a64141e14e10f9dcb4f65cbd3477aa8b19210761579,1,2,1,added
pool1yr0cv3dtmhcfgqa6yetvmf769ngk89e6tepecmjrmjl2jzcw2lm,EASY1,29,2024-07-04 22:48:02,9d5fe7f2466202688082f26b3206df0ad5ef0e65c4fe9f7dbaacc817d92d36e7,5,4,-1,reduced
pool1777xvdg0vydjp78cdcfrmpuqj28w3nuasf7h9a2f6cd4z990777,777,5,2024-07-04 16:05:36,8bf588a8761076fc1e8f1c67640fe53ad5f6d1684749004d93d4540ef21a0db0,3,2,-1,reduced
pool1zdtqtsu3l3ytatzyvrq48d4mpnll9c5evwfq6taxkmn9vvdz839,RANKT,4,2024-07-03 12:08:39,68a4875e38b870e40ffed7bf18faae0b5836111c368d5839abc6fbb0610c8f79,1,2,1,added
pool1568zhphxsnj5mfszwgta5zlvulu67g8f4jn6d3xs2tvas8ffu76,PSPJ,10,2024-07-03 10:41:51,a6e2e603c4bf7c3dce479209a23162fd95d45ee065a9aa2efd1c39df3ebf5a12,1,2,1,added
pool1ewrm7y47s9hv6hxku9n5gfnsuspymp0qqpwgvgm9rvm37cek2h6,A4G,14,2024-07-02 20:54:14,df7d05700e7a4e911b4dacc76749e6e8f722ffec19419e9f20c5793b11806b81,4,3,-1,reduced
pool18heqrjtge2emf2hes4mdxkr76y99zztkqk4qtjr9dul0vuur0yu,RX78,20,2024-06-30 00:21:37,b29cdb11290e3faef1241f924e62da489d3c1f13114293e652da8c248e5de64a,2,3,1,added
pool1dswpls43u0s6cpt0dh2d6npm0rnxh5qcjm9xax9y6fp3uq880xm,RELAY,19,2024-06-29 23:37:18,23398c8f1c36f352ce24cc532f88ee919a4af01591511060a07ee7cd7c5aa4fb,1,3,2,added
pool1mchqp2fr7mwsz6jrpplxpr0ekmwafev8arl57wwxfck5x0dwv60,,14,2024-06-29 14:35:20,a7cf595c30d3dd8b3c1be628c1557038a52cc5bc636b748c27c7e01e49c6ad04,3,0,-3,removed_all
pool1fcgm2ae0j3rmvghwa2064rfxcvugwa2qt89cc4jwtj0ecgh8na8,CSPHD,4,2024-06-29 02:35:41,2962eed41d388b23d806f01d1cf7f886d98e8085a12a7f659407618488f6c13d,1,2,1,added
pool1lr02c9krwmtzr29e9h2w5e7crr9elss7qfflkr42j0ke6de4vh7,nmk,2,2024-06-29 02:25:30,96f3dc7a394351e28a467ac265ee05c86c39099d9f1d6a94950e79aea1d43cb0,1,2,1,added
pool1hezakp5r240dy4fcsm7mfd3qqahcvyrhj8hl770yxmxxzdwvcre,HIT,8,2024-06-25 09:09:19,17f2eeba8d853399e730e30a6292ecd18f8dfc9ecf9d0138ef83a91ea0e11815,1,2,1,added
pool154sjkrwdu80wp6mnjvkwk55aj53l4v37z4zwulfak74vcxg60x0,ANZ,10,2024-06-25 08:10:47,552fce27c7e7f1cc3c86fe981d1a5d3710c18649883fcc547ccc6bbb1e3ed6c3,3,2,-1,reduced
pool12e8xz54gjtcz6dzkhua9uq9dp23cqcmf6xc4929t4ep4ketccsm,SOCK,15,2024-06-25 07:50:44,1899efd00878551392b46b6d2be0cda2dfc12d9635e0846219fd693896db4b9f,1,2,1,added
pool1prc9hna2mgamtspchrygc66s9n4tlkvh39e3t9zccef4kzc3ns2,TERM,6,2024-06-23 08:06:05,9afe8b421c108b46d5880e67b5218f258a48f0a6999f8715538ea665f3f6fa38,4,5,1,added
pool1tj3u8pz6732uy2ut3s90e0j880jyu9j0ve9vtu9zj5xzglhdlqy,RPSP,2,2024-06-18 15:43:47,c2c9914be2b450a3ea3bcda34fe61f71fd58fea6bcb5ae80e75f9311e9aacf44,1,2,1,added
pool1lmzhzkdvkh67a8hjcexlhajkk8f7kz2tf35frjut6creqs2kedg,HRDIB,2,2024-06-13 19:37:10,728f98f7881acb04a4448065a198e6a27c1e1757f161bccec0ab8451c770ecf4,1,2,1,added
pool19k4azhj8tye5wwy5pfj7q6m938m8fg5nglds5dkhtfwnvcg3s0k,,22,2024-06-11 16:47:14,0c7b3076570f61e9fcd2417b25d231ba287c5289584bcccb04b14c3617a432d5,2,1,-1,reduced
pool18qddv82sx8p22uxzdrf0qx9lkewxadlr9ef45kpcf7dzz3n56qv,ALFA,9,2024-06-10 16:26:45,7298a78b496a4e0b9deee68550551249a894c3997989b193f18cf448a3cebcb2,17,3,-14,reduced
pool1vl0hlf4jecm3rk0vcc9mtpu5us2cv7hzlz396cgs8crc5df43mn,NUT1,6,2024-06-09 10:27:58,ce4339ba7a274d79c025ae3cb4d4cb16cc824741f5870128e566845646b2fb7a,2,1,-1,reduced
pool1zt2d9aa8ck62uyy985yny47hr0f6cmf2hnxzke0up0lc7zcp65f,46S,15,2024-06-09 05:21:46,f2f29b4954ec089d977c6b2dedc14285a8e24e6e5371e4f6104cdc8f74f7f50f,1,2,1,added
pool1w2duw0lk7lxjpfqjguxvtp0znhaqf8l2yvzcfd72l8fuk0h77gy,PSP,20,2024-06-06 23:03:00,6d1b80d550cc0b9a209b811355745bd9faa56423657131bfe06893100c728414,5,3,-2,reduced
pool1nsaul82z7ytu73q96w2wgj8wrardmrzjkuzaankzn0xuqkj70qm,,4,2024-06-06 14:32:51,d46be6c3b5a9c38a855b5e9ec50298a75124bb162afa0f5323b1c284c260300a,1,2,1,added
pool1wnrrg33lw9fxcn0h3x3vexh78up660ajgk7pvrlrz5kkcgh9khs,SIDAN,6,2024-06-05 03:57:09,24a0a9e667b7f162cf2ee52f35206295ccfbdf28c95d09f3f1082e33561eb6e1,3,4,1,added
pool1m83drqwlugdt9jn7jkz8hx3pne53acfkd539d9cj8yr92dr4k9y,BKIND,19,2024-06-04 07:10:10,8ae59cbaea333b1108555d0b10fcb7ddaa2708518af8cdedd2f1c5a3475fc4e7,2,1,-1,reduced
pool1w2duw0lk7lxjpfqjguxvtp0znhaqf8l2yvzcfd72l8fuk0h77gy,PSP,19,2024-06-03 15:10:31,35237e2d120fb0e5cc12b0e26471663d023f124d8a2712904468efc569da2f02,4,5,1,added
pool18zf8txwv8lmtpq2src8wrhz0pjut5qft8h5tfxnctwc95r7jvvj,Malu,9,2024-06-03 14:59:40,e810bd5a8df9a12c0d1fe684b590c1e150e91d61876925612bee2ee84b78dde4,1,2,1,added
pool1l3wdq3cec23jadkt2cx384vtgd75ncau33smrptwj87n2wedc0d,PIVT,2,2024-06-03 00:07:18,72cdba4edbf51e93bd103bdaeae3b23d5b5a7029f617741baf54e9e0a5572fd9,1,2,1,added
pool1j6uz7hz3mzd5hncsnvdw04q7785kpxx4vfze686zekdly7jz7gl,TPS,3,2024-06-01 03:40:47,2f5cc89919fc5a44e4e9b7da169c65f9e3d9c8cf251f60ae770f19ba5958a924,1,2,1,added
pool15j6hdfel6c6zcr8gu39qgp5xkrs264yn9hm8ynhaydjtxvmznxq,ASKP,20,2024-05-28 22:40:03,dd71f2f314aad3286aa84e80a13a12dbb718288f9a900f8c48f3614f69bbccfd,4,3,-1,reduced
pool1yjlmvfck6a2mhup4ljel06r635e9lhs0qsrzu6f2luepvsd42lv,,21,2024-05-28 12:57:12,8b4a33cbb615dd16179109d66bdab172e1967019a57eed9f95c4900947b0288a,3,4,1,added
pool1xlfty06hg6q23qvcaxwv3p9ke7ff9n34qpr8tpxt2zflyq20ceh,SAKE,21,2024-05-28 04:30:12,457badb273f8009dc067d6e0452a527c914fbe1ce039947ae5dfb0383993d5e2,1,2,1,added
pool1pj5jnehwjtt4esfl0325hr338n98v3kcww3sggce59ugyf2f883,MIMSA,4,2024-05-22 06:18:56,3fefcf7f9f7030288c1164b5212371371a63a41a719202b777ba6b3adf0a3751,1,2,1,added
pool19rjjay24ez2ezgqkyqvna6uwc5ur9lt489gwvrv7ve5exlcld3x,MBCG,13,2024-05-21 20:38:45,bf7a115123e9b90c33f36cdcddf21de952ff60d3bb05f59d8532585336941294,1,2,1,added
pool1munms54eag8ul80zm9gprjjachydm0ex52vjfzsrcjwpcdavcdd,,6,2024-05-21 06:58:23,2d62cc6de85f3c77bf55da905c560f07d4e4ff4a8de61a5393c7a5514729ecaa,1,2,1,added
pool1hu6l932nzvfj9vvnezt22zud5e7lvk7y0y3paf6dc7u9k680u5w,SWIFT,4,2024-05-19 08:39:50,84f2b14d8a1b91659a0a8b9fe80d8d911c679cee4d5261039cc88d247e490ff1,2,3,1,added
pool1yjlmvfck6a2mhup4ljel06r635e9lhs0qsrzu6f2luepvsd42lv,,20,2024-05-17 19:41:04,48832fe2733e2be8e721fd401c8aa17ad080808c72cf10b6e89b9a049fbbe86a,2,3,1,added
pool1ralkckmup253k79hap4chku450qyshezh4sasjqh0ltxu2gytlq,OYAJI,10,2024-05-17 13:52:33,2f969b757408589da8544b094a83cd436f4c235aaec83ff97a40e054a452e001,3,4,1,added
pool1nyjw0460ww5qjtpukexuywxdz4lzhy6tm7yygn74lnlcc62hnc8,ETO13,2,2024-05-16 15:20:26,e84abfc41a46fd7c2b72dafe4801ce99c98f3d062e7f28513cfe9dd4436c04a9,3,4,1,added
pool1fvgmxt3688a5zl6amhvaqk9tmvk3lhxkgdsta6yj3czuy5hjwfy,ETO12,2,2024-05-16 15:19:15,c24e0a9303f3788b16667fb3c7b19e20c437783edf573b58f060c564c8ba7be7,3,4,1,added
pool1jzk8rwf2fs5l02dmm6pm5tnw9stmd8jpmvsy54085vu2u2656re,ETO11,2,2024-05-16 15:18:32,58090cf598244786323689776d76a1d187d5c96c116b8231b29e5093e16a1696,3,4,1,added
pool19l206haluae6wyzm7tjpt3gln9paa5m9s4fedec2u09fqz300ht,ETO10,2,2024-05-16 15:18:00,b3ca9d06d1b52f893f2d1687c46e894410d2a852abca4528f206decd2061e905,3,4,1,added
pool1sskadl6p2w0ttfr60y2ssfzcmrnaty4wt68v5glzd3e5vwkh7z5,ETO8,2,2024-05-16 15:17:43,7d3eb82866b49636d40dceb4f12da979c364a2daa9c4ecc0303924be814803f3,3,4,1,added
pool16eua0zalaln7q0s9u7jzlyygqad0pu2l2qdxx8r8ueqrw2jdhqf,ETO9,2,2024-05-16 15:17:43,5d09f66364609ebfee781e5a6ccec8e3a0b89637d0daa21bc5c2f25945f9eb04,3,4,1,added
pool1wdujj7tmux5nuwnpeksgncendr3mj8ecsjcddpzx9gewc3flp4r,ETO6,2,2024-05-16 15:16:10,ad5e616d132db28b9d35d29cea6d465f8ba5b51ff95bf6903546effffc6351cb,3,4,1,added
pool1dzdxps32uqhva9q9urx4lm7m0nhlczjjccwy9kv4t2d3krsn4m7,ETO5,2,2024-05-16 15:15:52,c560649cea295d038373dd2dc27b1c7fe71fe89be1f69a60853d09993d52d825,3,4,1,added
pool1swuyjknhewtqcmh583jjpvlcl0p9h9hrt5l2f3v2hl6gchqrn40,ETO4,2,2024-05-16 15:15:48,30b48072ae37a98b6ebe020304e5ee9400d84f8978032309a07cc2b67cddf767,3,4,1,added
pool1xt7mjrtnsew3v33lu8sf93upf20sxhmcrfnpm82ra46yxk7uy45,ETO3,4,2024-05-16 15:14:21,897332fb3ba125a8c07b1d563cd53ea1efd92319a17ba81baa099904e540016c,3,4,1,added
pool19066qvd5dv6vq7fh5a5l7muzk6nc5fw8zq3w4tclyrhvjvlyeuc,ETO2,6,2024-05-16 15:13:43,8aab5e93519badc987b8990370bbd97e3cbf850051fa6fe3648328fc3503abcf,3,4,1,added
pool1hu6l932nzvfj9vvnezt22zud5e7lvk7y0y3paf6dc7u9k680u5w,SWIFT,2,2024-05-16 12:04:01,ea1081fbf9f5a93e2eb8fa81d98114745db2608bde19320f796060112bb9bd3a,1,2,1,added
pool1vy9qerf9fenp893mqrdm58uj45w3etutv4n0vdh8669uvqenkqr,MLMA,2,2024-05-16 05:45:20,fe730b7f460f9c6745c6b556655f0acf96fa7017c3415d182cd55d04323ce460,1,2,1,added
pool1lyh8e725vttnkr5eylgfap7pmnmkrk0wznpkfl8qxahyqe2agcu,ETO14,2,2024-05-15 12:27:03,44295eee84293a45627ee926fb46e7e025129bc51639d30df30f2593af393602,3,4,1,added
pool1hqlvn3qndgkne52uhe5347nlysmmec73ys9vduk96rs4jzjjyxm,ETO7,2,2024-05-15 12:25:59,3717adc1a0731eecb2c93dbc4b0f05bcda283fb47aac93dfd668b65a32313346,3,4,1,added
pool1w0s8vf9qse980vulgszvusw3800d6dlc7wkusr0aqvzlz75qgqg,LIBE,3,2024-05-15 11:33:09,da413e370849da4ce6f9d178d4ad5d2f8f4e0cdb6dba5b4dae1f085e5135b846,1,2,1,added
pool1d42r0zln3kvvc54w4945735gnrm635as8hj8zy38tjprw2l49rd,,12,2024-05-14 12:53:51,b1c189623befb26d4dfd99358af4638af05522b2b688eae639d7fed16edd7374,1,2,1,added
pool1c86ul4pnqvu7jzag8fjdy6dgrn6pt4ad4vmyq038hyg0wl2kaed,BAIDU,18,2024-05-14 10:50:24,68680c7977862a6b221b353027475de997ad3efcbe17fafade4484adb7cfc457,1,2,1,added
pool1a2ffl2d20yransp2p4hqys5vy6hys8kmtchdvlfqale7ywxssjh,ZUND,7,2024-05-13 16:12:09,0972c2091fe837eb9165f86d32936c08c5d35f106293665ba46ef1aab1e574b1,3,4,1,added
pool10qmnswfc22zm0fscg80gkwqz65ujwjkqmctv8g9l9l58wqtelgg,WAAUS,12,2024-05-13 02:07:19,1220edb3934f061bbc333fdf8b2d7c952116d29ad35fb9c92e3bb50f7939cd79,3,4,1,added
pool10d303wup90j39mmvysf0lhr2xmr3mf38y5vs577nmlq6yy8n666,CBCP,15,2024-05-12 02:22:38,772e33fd0528435bc6ba85e29a8825134e2234f2517b33666f731d69a61245dc,3,1,-2,reduced
pool150n38x8gquu4yt5s0s6m3ajjqe89y68x96dh32tq8a4es2l6dvp,ETO1,3,2024-05-08 09:31:55,ed9306d73e6bb397f41884f0559aae7479139dc3083e634a49bcea54d3c1e9a8,3,4,1,added
pool1dpu6kslgxlg3ccrwxldl8e6r7ylnq0yalafmucp0yc7k6qegtt0,FARM,32,2024-05-05 19:01:29,29b94a480e8387e386c4b78a4af3af919a722afd88bbd8adfb095ff310087e9e,2,3,1,added
pool1h9jr0f9evk3raxlljq6mt4gj7ej4v82afvnlc2wh28rwy2d8lsy,RUNIR,68,2024-05-04 10:55:00,34a9931b59dbf6e8e988642bd672417a0ab9ed20bb68b837f315f5c31d1c76b6,2,1,-1,reduced
pool10ldeq0mccp8t4gfmvfkwmfcvh2pvz44hj2hmewfpk9udjxug58y,BREAD,7,2024-05-03 13:06:02,be05c6731519ebb1bac64e47f4e56a062893c1107205006263cd1aa48b58b527,1,2,1,added
pool10ldeq0mccp8t4gfmvfkwmfcvh2pvz44hj2hmewfpk9udjxug58y,BREAD,5,2024-05-02 09:56:55,2de1171fc9e0b7684291765aafc18e51a3dac9a07962e5034434836714675b95,2,1,-1,reduced
pool10ldeq0mccp8t4gfmvfkwmfcvh2pvz44hj2hmewfpk9udjxug58y,BREAD,2,2024-04-30 15:46:08,54ba56f9150125ce99386bbfcdd9e3c33dc6539f6b83ae623cd8b5dbe5899c97,1,2,1,added
pool1py6q7y3f7jz60mt5jhsrdx6lqtuvc02chqgvwzjzayctqhgzzge,WSKS,5,2024-04-30 08:11:39,954a2e4394f0d9242298c46ffb087def1b28fe2780d022c6c195925cb13f0672,1,2,1,added
pool1gplusrfxc087ep94rata3m02qpyqa6a6g4wezxf4fwwnczzyg3l,,9,2024-04-28 22:20:09,ee49576ce555016e5f445f3e52aa68766109b081b74dce135678a24f95282c1b,1,3,2,added
pool1yaapy9ew5cs3qvv69zxxwq8pn3jk8cylt9k7s4ejvv2tsu4czh2,MAP,10,2024-04-26 09:37:55,e73ae8aabbb52a7e06588add9ffbf914a6d1be97377c8da1aecf4a206dbecb3b,1,2,1,added
pool1qvkdjemewy8phhrkdhscjcnh3947f5ae42rdfjkv6gkgkjtlfsg,RANMA,5,2024-04-26 03:04:28,99fe54a438048642a3fbcd4db982c7b774707678983d0fa59b883bb597e34823,1,2,1,added
pool1hkr5zcthjvcn3ffncc4jqk5ctxxfrk37h7uddqnvxd4cu872nrt,PONTA,5,2024-04-26 02:43:45,7ccadceb26ddbd63e6364e14abb3fb30db69252becd15a3e13acdf1caab89826,1,2,1,added
pool1axngzl8clfn6pnjaf4w5r0q4tgcwktv0zcuxnn32hl995pthddr,NOSP,5,2024-04-25 03:25:40,f1192f064a5102be8b3d652952936e777493e0a416290f275d06253cf62fc1fe,1,2,1,added
pool18xjkr4xpscwxsatewj9lqc6z74vw90qycjd0wrypeqej673j5u8,TAM,11,2024-04-24 05:28:41,3fe806e594352c1655952573bddaf89fb5eedcbf8dd9b4ff540d47630d38bc59,2,3,1,added
pool1yrprrg6segrjprav2xjnvtgl57w6er3ttjskg70fjtwc524u0k4,SORA,4,2024-04-21 12:58:26,4957417f220d7a228f46d3e7a4c1d862df49b2e9d428f13d69adf4a34ce96f9e,1,2,1,added
pool18xjkr4xpscwxsatewj9lqc6z74vw90qycjd0wrypeqej673j5u8,TAM,10,2024-04-20 17:07:47,475b7f194eb1ccbafcc08c0f20703fe7599e6b78e3a2faf785addf7d63c6b29f,1,2,1,added
pool1qqqqpanw9zc0rzh0yp247nzf2s35uvnsm7aaesfl2nnejaev0uc,TITAN,25,2024-04-19 10:12:29,0b6326f21f5b066b2a7424f7696043763ace7ec7137d21c84575f51913036df1,6,3,-3,reduced
pool19pyfv4xnln8x4l7auw0n0skk3hd97shun707hrw5d4s553ys74x,TITAN,14,2024-04-19 09:07:59,5f5c12126544f1034466377e2e6142c1de834332ddc5747b56f4af6a9f7721cf,6,3,-3,reduced
pool1c86ul4pnqvu7jzag8fjdy6dgrn6pt4ad4vmyq038hyg0wl2kaed,BAIDU,17,2024-04-19 05:28:41,2acfbe17e44eb0f659d09ef7be18b32ac1f9c5abb07352a36db9fd085a342336,2,1,-1,reduced
pool12pwp8hln0cjsxv0h2a0463qsakkhwetfhyqw7vzmpwd2jdj86n6,KAP,4,2024-04-15 06:06:11,1a144961743ba6d2dfce871e68943c869560f73f38ecef87c99b8a69685aaa80,1,2,1,added
pool1w9hdxd0ydy7qrtxe2lceg80mpsyamwnaqyvu2v0yngj4cfkfu2t,NAPPY,4,2024-04-15 02:57:01,1fb98b398cf06e65cbf8f9886ec2ee478ed03f434584b8d8fcf1183b83b0e9a0,1,2,1,added
pool1les50pm26wpf8gym7cda470xgfswukzhyykvhyfsfl4dcu2ezj4,SGTRS,4,2024-04-13 12:40:42,8b801ee54f53882d9a1c3e5fd4cd62dcb053a012a2889fcf64bc6710bbc4ada5,1,2,1,added
pool1xftlxx9slpz59thcgtwgdj3k9e0ntn3p4qnmzs3r84dkx0hccjc,SPS5,2,2024-04-13 09:28:59,6fbe15a280e152c9ae6269899616fea8ed0e9be382d9dfb4bb82945720a7c909,1,2,1,added
pool1fh4sh2telea0tfdy39h0drx6uq566yt9gf24edpz7335sclx39z,CANUK,15,2024-04-11 20:57:42,7156bb3652c0d5c388208ab4c6d0e24f3a87370f5771edf741582c55988ec0f1,4,2,-2,reduced
pool1flkcdxj7cq6sfgl4fujx50p20ylqgj02kgwvfj4g5w24s6th8vz,U0001,4,2024-04-10 08:17:26,247303f45372a7132d92f04c93dbcfec51fb370fb18050f994c6860a9a5a27a8,1,2,1,added
pool1pyegru75d64xgg4jh83904nst8fs8qz6mvtxquatv44rkartevc,IBEX2,6,2024-04-09 20:35:22,257b99299cbd23f6ec83bd8d2baad1e47a6e69d0061fef232a1c5e586d1352f3,1,2,1,added
pool16v0jqnz2zuqsdrf6z94ec5rx9ds0xeghsvmddauzt6j5w2u7lsm,IBEX,15,2024-04-09 20:19:33,313aee76753bc5e2550934aad3b00e1cbb5fba6065d8226c14681818110f2db4,1,2,1,added
pool1asfgkqtmjuusclgx72xpzvpw336gkulchtstsx9lsj9uqzjckv0,BASHO,13,2024-04-09 10:43:11,459a92cd2c5bb7a1d4da66e509df08449f983d3c69496358ff940130b2fa456f,1,2,1,added
pool1rxgxstg6t7azlsrk4vuuwp0jgl9e776dg86zqzaa0qt6vz43n9r,RKD,3,2024-04-09 08:59:06,2f0291d2dd43c33c5daed516d27a81bf5eea9acefb8fc331eab0d07d2811b3b9,1,2,1,added
pool1n6z7rf722heq35v2dxvstfwezgdt8cv0mftpv4r9jay3wjk2kkt,YKSP,13,2024-04-09 02:35:29,3cfe51cd17b298d8d32e99669e1925585b3dee29bedb3d77f867c83fabee8863,1,2,1,added
pool1nh9j5qucsddxkzn3m4dm4gxkhwtpya4wm4e0ye2u0puaqgkcm65,FUNGI,17,2024-04-08 17:14:42,8de9d1665c07cff66f3ed06faafe11523a70ccf5aedc483ad3ac0755265857ca,2,1,-1,reduced
pool1c30lqt59t8sjn5lg04r5wk5eucxa5h9cj05xs9gzc8lngl4cmta,RUMOR,3,2024-04-08 10:15:32,fc1338fc1328d3ec31fc63fb88d9baf5d389b64133d954be16de9124b26efed0,1,3,2,added
pool1e7mwu80pmsjqdf8lu7rsfdj5sldashslll0hpj7rhx3w6xpwkq7,NIZI🌈,27,2024-04-08 00:50:16,0dfbcbb3810333f81372a45da67a5a5867a6457ad7a55833de0eeef7a2602928,1,2,1,added
pool1h9jr0f9evk3raxlljq6mt4gj7ej4v82afvnlc2wh28rwy2d8lsy,RUNIR,67,2024-04-07 19:25:16,14b578567c139e5ea8a9c399d7a8845ea146439b756155334748bc043ebb9a81,3,2,-1,reduced
pool1gztqypddgmycs0fjat62k5f2kt4zjck4l4f2ffrsmagj2w8zkq3,SGEN,18,2024-04-06 05:13:19,1b04d86122c597645ee83c883ea8163675daf35d8e437e003c94b0ed68d94172,3,1,-2,reduced
pool1hfn7yuwfyhmmqe4qpaxfewuly7cnemc6kqkv5npytj9vcrskh6j,AMINT,20,2024-04-04 15:39:48,ef9360676dbf9148b82aa1d5737621597b8276bf8cf3afa0c383a7ce7614eb9a,3,5,2,added
pool1h707wwzd9a3wlsz2x2dwng0rn7vep6mggxlgww9u7szagx8elcn,SOUR,10,2024-04-03 14:21:45,277147a2add932d7a3041323252eaca1e929b092687d2348580149d5e57750f9,1,2,1,added
pool165zu45p489lpuypt4fsuc5g8l9g9ha4dddlls84jlsp3k4vsw9p,SWEET,6,2024-04-03 13:34:53,1a80cfdd090047bc2083c65aa4d5d28371f8fc87b537c8db649e00a6d066e492,1,2,1,added
pool1lugxr82p89qm35spzwccle405t5dfdznhrasyrtr2cyv2vyfud6,KISSA,6,2024-04-03 09:32:30,16f98d0713da327f0d33907aa4d9b4e90658bc93e8eec065de3cb20de82fbe99,2,3,1,added
pool1nwfzutmm6et5yt6mdk6d3ls57qfmwje0hwcepr3dn68mu9wl0pd,GAIN💎,11,2024-04-02 18:08:21,40dcba985b6db09546b31091ec1ad3c0f32b217e31216a6ef183da6ad757609f,1,2,1,added
pool1apupv5qtfp2aa2xlrzzjzx0uj686g3n695a329nq8j5jvvzumz0,RIDGE,11,2024-04-02 11:49:50,79d99a5627b83e7655a2e66c1e7eabb547dd913667440cad4ad9933c6102fbe0,1,2,1,added
pool1r8lmsrdure385hz647kl2qjhyyxkdle4au5krjcsqed4x8227k3,MAYZ,24,2024-04-01 20:11:14,0e9c4c9db6d855d4cea345463ae5b77b11397b6477b0356389d7c20bfbd92abc,3,2,-1,reduced
pool1lfnlxfxxwvjadesxzm4c7grgs3elj70vfdnpjwjmg0ufsqnq52t,HISAI,5,2024-03-31 10:27:50,e30dbbf2aa082935c25f81b4e151b0cde4c40961418e0646ea06de6a6545f0c7,1,2,1,added
pool1qqlf3epa7m8780p2jx5689u2ql06tw026l5377tptk2zswrc645,CPS,4,2024-03-30 12:20:33,2c7ccc72f82a2204fac4a93a36ee305de3aed57a04afbf9a6c724defa92f0c9a,1,2,1,added
pool1n7s5kpymwd0zsld8q23tpf7z5esjaqwmnnzzssee5630zpx5ww0,RABIT,18,2024-03-29 16:41:19,d3d4777f62889dd504535643363bcec71186c7c4306bda066f3e79508bd2732b,3,2,-1,reduced
pool154hq0j6u6ydz62mtlu7xaj78mhreyp0zsv2kq7f0qmne2fu4t7y,CTEC,5,2024-03-29 13:22:09,45034e234a87e7961419fc43c196cc4648f295f0b6c6f0310df307e573563c7f,1,2,1,added
pool1ck8rqpxp7j8kyzutk856fnvgm8xsqmuh922wkeeg32ekjjrvtc0,ISPF,16,2024-03-29 10:24:31,603309ccab6222ba6db507aa7fb0d2bba2e57f2198f5a4bf1e7480f3c2ce61d0,1,2,1,added
pool12ktz62g9d32nq0cdk9jyyqg6kquj7lnmx776at5h598supql0t2,CTEC2,5,2024-03-29 08:28:37,6f62f4cacdc4bf333316dd94224978bfdc8071bda72565fdf343187584468d72,1,2,1,added
pool1vce30junxx06g2ha8ww02cqgy644yj69ehhg2x95qe7323zfznp,ISPJ,11,2024-03-28 10:24:30,5aca948af6c6bd6767edea60b73e5f182e0549a1c0b763657a3ef6c0f1283017,1,2,1,added
pool15ftrqf7j80w57leflatx66x00qfhu483a290gmp7q85pjxrf480,ISPP,5,2024-03-28 10:02:47,a93dfd4070fd4acd72fadf8ad81242023c3dac2ad6c67fff9e3a5e08efb1326e,1,2,1,added
pool1jyutduy73e5u9877uns3k9rm0tf4r24j8lrn4xtkjpl3q5sn5mw,KOALA,32,2024-03-28 06:37:54,624d0676a17c595cd6e9c7549490f8f9c510d19ac5d54753905632651ef7188e,3,1,-2,reduced
pool1zfhww5y28t303z6uyq3w47pkhfmxww9dsn89vrxteplg2zjkekl,CARE4,17,2024-03-28 06:34:20,708a6ae721c6eb12c645171f8c2017e2c76479342f2d5d4788a843f69f3fbb4a,3,1,-2,reduced
pool1j099ctc7kcc9fa78dz5qwsy2g0n96lrgletwxvxmyzh4zd7ck0j,PRIDE,20,2024-03-28 03:29:26,7aee5375189ff3e53023190b117a2a58a1a81f6999ff536d6f315ae606abe1cf,3,4,1,added
pool1la0t0gsskwejyfca5lchw5aqd5g8hknxdu6tuyqp0ttjxl6zt35,HUNNY,11,2024-03-27 17:28:01,31db232eac801f137ec7061f8a796edb4331e0088b4d01d017d149e1894a1b92,1,2,1,added
pool16qr7dz5q4vwf3n87t4lmr0d2zlr5knexpdzkuk4trc8dwed7aw3,YASP,2,2024-03-26 17:18:38,8d0c4ad435241e3df1de28f39ab2170fc245b9f0be1e0d8f4ebc7d61b2d2a027,0,1,1,added
pool1wnrrg33lw9fxcn0h3x3vexh78up660ajgk7pvrlrz5kkcgh9khs,SIDAN,5,2024-03-24 15:02:30,a8ee4e0e67924cef4ee1601548f84fd79331db1e22993da5871b10d41cc87f23,1,3,2,added
pool1a9xyvnnfjnujzy0n2mpf4rztdwrssraw5p5f06mqlgn4s06z0nw,LAGO,32,2024-03-23 19:34:02,c3e947cc6bb027ebea41616c812c2113ec0352cc0cff616e5e70463872446ada,3,2,-1,reduced
pool1sghwg652uwe7ksmk5laxxft58j6km6prahvnddk3s6zgxek5qen,FLUX,9,2024-03-23 19:17:11,f6e714911f1fa50f51ce18f99290c36b32a3f02e09cebd7f7b5917d50ca090dc,1,3,2,added
pool1zfhww5y28t303z6uyq3w47pkhfmxww9dsn89vrxteplg2zjkekl,CARE4,16,2024-03-23 06:56:31,3641536c4f347d5b616e46e186bfc8db29385f7022c341fbe4dc80f2ace13513,2,3,1,added
pool1jyutduy73e5u9877uns3k9rm0tf4r24j8lrn4xtkjpl3q5sn5mw,KOALA,31,2024-03-23 06:50:18,23b726827035841b645c9532474c1d1738da6a9c1fa75f26b648e2d1c9fa255d,2,3,1,added
pool10p6wd9k0fwk2zqkqnqr8efyr7gms627ujk9dxgk6majskhawr6r,BBHMM,23,2024-03-23 04:08:38,32577836a4f9716d2f159917c522927130e8cb0e098dfde950fed67383906d27,3,2,-1,reduced
pool1gw25vftc9nnqqgld043k2fsjsm76rkkcy2xjzqdm268cvlf698l,,11,2024-03-23 02:54:32,bbe849e87e802845f4b659d812c400fdff2ce05c2a5c5e66d6270693d3fecd20,3,1,-2,reduced
pool1vev8z03vh7jwx3mfrgzrt9fltt97nupaxv8ffj4r5r8mgwts5ze,ADAOZ,42,2024-03-21 07:37:21,55ecb37913170a4eadf5bd409ffedc901a8d3089dddd3217ac206dc720223cc3,2,4,2,added
pool1ea34czsr90yc63fmv4gj4tetp7ds7c4jhpj6vqg4yw40wvygdl3,SMILE,14,2024-03-19 17:38:32,9c241ad9489094b09a3509cf03605924f69e1e00c32b13ff28679acf03ea16e1,3,1,-2,reduced
pool1ddheaqwfuxwqe89lyd9wla222uhzvp8zstmvc30mrzy4zc5yevs,TSP,5,2024-03-18 23:53:46,a178c233bd3fdd24777755b8457260fb84c1a178110d8ff34669b5a1d89eebe2,1,2,1,added
pool1h9jr0f9evk3raxlljq6mt4gj7ej4v82afvnlc2wh28rwy2d8lsy,RUNIR,64,2024-03-17 15:13:00,a2fbbc60d9df71667971ef988dcc95c317b9c6485b2a5c5a256d5347e9e1bfda,2,3,1,added
pool1rjxdqghfjw5rv6lxg8qhedkechvfgnsqhl8rrzwck9g45n43yql,XRAY1,13,2024-03-17 09:44:24,6a6214337b41486707a0d9f7a5ec331c733f542aadbe26f5efbe10edcea8b871,3,1,-2,reduced
pool1ntfxj2jgvhzen8e86ed679ctukar3vj538ywyyq8ryld66jj4sx,XRAY2,5,2024-03-17 09:42:57,7eceb9a2f18ac374023d2a557caabc4f3c791757eec9cc8bc1095ecdbd91869b,3,1,-2,reduced
pool1yt868wrp9s2x5pehe96del9m3nwasme62yw02vww3kg6zwzspcz,XRAY3,5,2024-03-17 09:42:19,7db3ee4fbf68fb0343980c94b5338e346132377f8ba1edd83ee7e9d685f4218f,3,1,-2,reduced
pool19ru9alj7n5anmzs0f9gpzlj8kaq44yhcp45mldjvldxck8f6yg6,XRAY4,4,2024-03-17 09:39:10,dc23f1f1f8b5f08cb2919cf6f59e888e5f41b05d87bc4f0e3fff30f7c2979e7b,3,1,-2,reduced
pool1szy2tdjj8a4av365wk3q2fqg9srllmt0383e6v9p664ng076x9e,XRAY5,4,2024-03-17 09:36:32,62bf2ad4694a44f4492607d0c11baa1d3a4915af700daa8b2efea4fdee9fc96a,3,1,-2,reduced
pool1r650ja5y4jy7xd6srjz8ujkumy8xpk8kqgrxu92g3nwyk5jf4zq,XRAY6,2,2024-03-17 09:33:07,ac5533390a6c29acab751fffaf54ada53c3163c71dd9d9bdcf50d5931fe8ee12,3,1,-2,reduced
pool1e6rjpsl42hsc52zc9s2awhv2df50yzw43xtc7d0vranpc9ej8uj,XRAY7,2,2024-03-17 09:30:52,ff7a1c73b9f1f4c45c532f63f5869df3b81abd902f9c8c0babde40d5f77cf8bd,3,1,-2,reduced
pool16erldmmx5nvrwncujtp6lxs9tmvgxcpthd600pe6axm5z3p6522,XRAY8,2,2024-03-17 09:20:52,f21574dc8cd8b28837e646f7c38e3eaa4afe171eced782c24f659c560b7d3c4f,3,1,-2,reduced
pool10etudcty0dwyl0t40hdmdpry6484ezyk6w0fd97l04k5gwzeege,REGAL,8,2024-03-13 01:13:33,c577cc149ccee59f8abb1649dc8d3ab662d0568804ccfb981064777ffa141c21,1,2,1,added
pool1u0u2s080a5plun4acn6s70xa3q98ct7skt88l7w6nnwwyl9ecym,VOLCY,47,2024-03-10 04:36:01,3ebe7a33c2b0136ff8f5a5c18af4843cf8bbfeff263c1d49c2ff11330f3758d7,1,2,1,added
pool1q80jjs53w0fx836n8g38gtdwr8ck5zre3da90peuxn84sj3cu0r,000,25,2024-03-09 23:50:45,cabd51c79c5474b4776ef4e3468dde89533fb962637c50b7877182ba7a3e9ce6,1,2,1,added
pool13hxlxd6qa68fmfhrvvmasa0mjg30tj9p5v2lmgmgsmrp2rgzkfp,dtDn,16,2024-03-07 15:51:18,8a56ef77fbf992158f6d089f014a14971ebe3d99c52f7558ef1422e39f607890,5,3,-2,reduced
pool107rsdzswa5s3y8wk5z62tgh5lhm790dsyqjp4lq66fht7qnaq9d,WORLD,4,2024-03-05 14:15:25,1c7017864a9de58e3f78939a2d17c8ace88cf57aa7ffc03d2e1f35867d1f7e03,1,2,1,added
pool1qznyv8g4vxv8ys05rs6dgtzutqc2z9gs6vq85vkn8uq8u0c83we,,20,2024-03-04 06:11:49,197b03ddd474fff4c4189a0c8e5f4ca6280eac22fc39448e327ab32380236d5a,2,1,-1,reduced
pool1r2g9wv7jyt7haygrmrc2tst2m8m9ssrr3c690ffp49uhywhvmdl,CRFN,5,2024-03-01 13:09:43,00bd98f3a113ada6f6c95e35b35c5fa8c9c501e906c1051488e30ea63ac6c73d,2,3,1,added
pool1lr9vvcf5r5jgkgv5ly7z2lh068ymzg4xmqk5f8pu2k23vt25x7a,HYGGE,25,2024-03-01 13:06:24,89e950e5fc8d996c1d94f3ee45c5da2e6d66fa56561c79329b2405f7e8f7cccb,3,2,-1,reduced
pool1tx6e7gewsrcceejwpa69vrhlhay6862amaks095pmw9jxulwhvx,,14,2024-03-01 12:45:33,8fab3e2ccfc798777162991749614dc061e5dbf688d1df5ecd5a076d098c256e,1,2,1,added
pool1e4hhy29krxtmvs475myrsxuan35l28sky3v27xv9asetum0tv8p,,2,2024-03-01 09:35:22,aae7b0cf5cadf7a907ecc4fd5d96963ef5796c5848e3a04804717ed9ab7ca4ed,3,1,-2,reduced
pool1cmqpzlsrrjup8zg6qaperz868u64dlt7uvvdszsr658mvzz9qq0,TREK,22,2024-02-29 23:08:00,454568b3308b5f69d8e73f28edfa394dd8a3335498e76e4436a2d0a9286062cc,1,2,1,added
pool18v9r8afalh50l4lstct2awdc3zspnvurcs7t45nv29uc2mnxc6c,LONDN,9,2024-02-25 14:07:27,9571ebe8ed37c7ec8c487023ca9b75b2db06d66e0c99bdeb1ed54211024505fc,1,2,1,added
pool1sf784g6eje8vzq9f5wu583eurhfq2ee9hzyhl46yezkuqqtmw07,NOVA,21,2024-02-24 19:46:59,382cbc1ace5bbe749377459a46bac4d2dfb263441968a5d0aa47a4659298269a,2,1,-1,reduced
pool1sx4e8rvx2xdxgkww2fpjtmvrnaftfrtfge29xcn72hh7kch5snf,UK1,7,2024-02-24 16:40:44,e2a2ac28c3f5d455c271edb14746e0e43374e29737f5b0e10b6214e29e211cae,1,2,1,added
pool1wp7vqk4mkx0w0wxzpy8avhft4qwcg60xldwem2uh9n4pw777fhz,,24,2024-02-23 15:10:59,98ef427813001d728aa585240ed2a32c501aaeba2d7c0fbfa34ee40428c49495,1,2,1,added
pool1fv9f8phzn7hp623ypw6ctf73a98hd7nrh8wm7glpcuhf64856g2,GNP1,14,2024-02-21 19:31:49,1b82cfb1ae3cd929fdc4245e4c4987bbfee97138003ea8fcfbf60bb0190dc687,2,3,1,added
pool1upa4pa4qmcgaps4uactx9eas44rfwk9h0rxgua3l4xnf6wevfkt,FMS,21,2024-02-20 22:01:22,ab3f1f1c6b5241617b1cae30640fb447a0b09f02b51676da9dfe43403a7a15f1,3,4,1,added
pool1p82vmqednsalje23mpnz9u3qt9ruj79xu83mr6p8t93fw5fcu3y,RCADA,10,2024-02-17 14:35:23,20232e887814abcfe355d382c99d2953507478a67079cdc359c58c88289a9035,1,2,1,added
pool107rsdzswa5s3y8wk5z62tgh5lhm790dsyqjp4lq66fht7qnaq9d,WORLD,2,2024-02-17 07:52:36,d7898b403f977c5bb5219ff6d70b25fc8bd2c3aedeb7807754ac74935ba5b36b,2,1,-1,reduced
pool1hnnfvsq3xlln6vz7d2xmk6kqekd5z4ctmfpdad8g8kr0yk8kdfd,AZDFM,17,2024-02-14 05:21:23,b475e955518ff1998da701a2214d88f7814a5b124698e41196436199f185fb84,2,1,-1,reduced
pool1kx0jm9ycs3t99tnwafw6w72jkdlzhj5ltxe2nrzkd9x2u5x343h,EMUR6,5,2024-02-12 17:42:42,7d8d5706842dd3407300cb107d2b80040eea14191f2a764df539a9955a857f68,1,2,1,added
pool192pfftt48zc4x5aellvpufk6l6zxllpldw0rx82vrhqrqfhhqs2,EMUR5,5,2024-02-12 17:41:57,7171719d4fa361b4b72df9a4da09e2fb5f507b06b0f7cc9507b881f36fcca400,1,2,1,added
pool1xkwnlr34tjrnkz6u4c0p36cju3xuls4dyynsdkf6cv22ksuhz6q,EMUR2,5,2024-02-12 17:38:54,debe50462f54fb8756b71de956adcb335df366698111a41581166281d2ce1a7d,1,2,1,added
pool1m0drnjxsvnlesq0rwmur2rh6lenuql57jfzd6cf6aegj2cv7ugy,EMUR1,5,2024-02-12 17:37:25,40a0b4e1ee946f76407e6e92ebb8cf6dc402e38c92408e5a207d3ab19a2834eb,1,2,1,added
pool149d5lzg7m6susau4f4yfdztgkty34qrcdpvd3ygsetmljgxxf8g,TERA3,5,2024-02-12 14:31:34,af84b829da87252bc36199fbf6aa06680aace54d0bec6f39b1ac941af1499f25,4,3,-1,reduced
pool12rs385dd534g8gtdtmnvlhq63whdvc6vnuzxa5cpx843zdy73qy,TERA2,9,2024-02-12 14:31:34,e6fdcffcf632c7d45054605facd064c44daeadcb36f8c037e0a9f1e0886fbdd7,4,3,-1,reduced
pool1wyfau3rlkckr3clr4mkyxn9vdlrkup0fj7uyyflfccmms24gm3a,TERA,14,2024-02-12 14:31:34,c32cac013a979718aa49eeca96a7b5074d54292d0343e9a6ead10cd775cbb0a7,4,3,-1,reduced
pool1fs2m5rmlx66crcwwrrsf2pcxjhvk7kzdurcqusd3v5gm65cufnj,BIRD,54,2024-02-12 09:34:05,8bd1cfdce825506db7454efa6a25da8a3d8f820a259430c5bba2241c905cae98,3,2,-1,reduced
pool1qaxrj6n50naglqmzj5puq5sd0awgy9wnqmykpwmcah4vzhndpve,🐈NNSP,19,2024-02-11 14:15:12,1e79d83a3c667b1317f29e9241d390dbce4a8a0a6098cee747be459467103802,5,4,-1,reduced
pool1g9v6nnrn8x7jcj26mqernsh3h97g6gyhamttzg8q39yvjr60g7k,DEGAS,10,2024-02-07 15:24:32,9dd8508813febbd8ff8670e0f3cb5a8fd9c30c98e76ba9351f426ef2d90d9a08,2,3,1,added
pool1wp7vqk4mkx0w0wxzpy8avhft4qwcg60xldwem2uh9n4pw777fhz,,23,2024-02-07 01:00:00,e797be3036166fbed694b854ae5918ede7deba371d2a97a5186b051a2360ae73,2,1,-1,reduced
pool1ch3k0e07dhqwum847sa02cyecrp000a6egdx89fz5rza230jhlp,ZAM,3,2024-02-06 20:46:07,3a11d04428c14479f322a8a67f5758c96ed411991b045a97e5655aa9ff253778,1,2,1,added
pool1fmf707pca09wmv6dc7ap4kxf0j648374ruu6ahazhpywcngt780,CHIVO,6,2024-02-03 04:45:43,e166c71ee7e1541a099cbcc823992ced1957911e0f778b365d908ab76990026c,4,2,-2,reduced
pool1085up093vl7qgwnqsuset7kdt3yflscdp6h8eeakuhyzwlhmq68,BPE,19,2024-02-02 16:36:12,15f94026620ea2aff274dbea24f5cae0c6787d8cd89ba98497a1ef53cd441343,3,2,-1,reduced
pool1c86ul4pnqvu7jzag8fjdy6dgrn6pt4ad4vmyq038hyg0wl2kaed,BAIDU,15,2024-02-01 02:08:49,d2c6f08345c1735944fff815a93fb3fac0f627bc140250366290f77813d277d6,1,2,1,added
pool13hxlxd6qa68fmfhrvvmasa0mjg30tj9p5v2lmgmgsmrp2rgzkfp,dtDn,13,2024-01-31 19:55:57,c870725b00ee94c615c4d574dd9745948b678918c44d644c9982e04ef24a7274,3,5,2,added
pool10p6wd9k0fwk2zqkqnqr8efyr7gms627ujk9dxgk6majskhawr6r,BBHMM,21,2024-01-31 08:21:58,1da44e04251148b5fad6558880d23de7f9a27b922983fe46fae74f5c616fb7a8,2,3,1,added
pool1qaxrj6n50naglqmzj5puq5sd0awgy9wnqmykpwmcah4vzhndpve,🐈NNSP,18,2024-01-31 04:44:51,9090e4cf1262ca556d711e6cfe68a1b06e537641f608412b8239d6b5bb575bff,4,5,1,added
pool15mkly3gw008dmxfrh9eycl5aguyfm0rhdlup2hzukjkrsfdxqew,,2,2024-01-30 22:46:49,a38c4a93461ea3bf2db6269c3c7c5c5e984079470b102eca6bad70b2ff1063f9,1,2,1,added
pool1ct59zfxfvtv74k3mmukq5faq7kc48wuxrstyxtd02pxluwf6mkh,,19,2024-01-30 11:52:14,228c56d3fd337c19428ac94f1b03abe9eb52766fb0cc39ea357c0329be66d3e8,2,1,-1,reduced
pool1xayucs2qde9rldc4tlq680ynycv2zxu9wc3mqjrgkcgqg5fp4g6,NHD,4,2024-01-29 03:28:44,863edef24411f79d90ec9df94911b699e0d159c8c526726320840fc951d65b0e,2,3,1,added
pool1yechqtexl9r7esg5scwynqalmjrpd5l69wkwrrw54y0x26eljpq,ICRYP,13,2024-01-28 06:36:54,a328293a0e97b7ddd7546897937981292ca7eed51315edb55a24fa10ccbead83,2,1,-1,reduced
pool1gxvkc0576e75065p5k0csvwme9y2qrefd5ga66nx0z65xxjt8jk,CLINK,13,2024-01-27 11:40:22,0753f6303d40ab797624a82387043e190a8bfd207c038fd169c62c3b3fd1b738,4,3,-1,reduced
pool1ztk6dcj2nc3plnujf3ek6jqngtx8hcryufz56lyumemlcy2xxn0,IAGL1,2,2024-01-26 18:40:31,26ea131bfdcf02272a86cc7586938f077087db33ccffe0ff4fc0ed00db599d90,5,2,-3,reduced
pool1cmaafeyy52ppz62jqmsm20c5p8nua7xx95lkkf96ktmqqj3w5td,EDEN,9,2024-01-25 16:08:16,9f79eedf58dd7e0dc68dc481c85a1f607b575c668b90ad99ed6453887ad092ca,5,4,-1,reduced
pool1cmaafeyy52ppz62jqmsm20c5p8nua7xx95lkkf96ktmqqj3w5td,EDEN,8,2024-01-25 13:10:48,7983844d802d39a22145436d09ce2b9080b6ef7b1b52390f80948141394c09e6,4,5,1,added
pool1dntg2qvnf6sgr0fkjpqjfq5gckkmydqmjhctszgqx6fsv0gcufs,BLIFI,2,2024-01-24 23:03:48,7013377c78f7f7cfdbd97d8334cccfef1d4d19e695b33bd14ad9733c800a4a27,1,2,1,added
pool1chzrvd7wzmw8ufsehctn8fmf7ca27xf7d6f5tpreat7kxx6hwf9,MOBC,19,2024-01-24 12:22:24,ac5b6190be64350500ba77ddeb3872121548acf9db3c3319d5dc9357c7bea134,3,4,1,added
pool1glxxd5ty7ldjtuaxvzj4t3ryhtdtuhgmgm6gc78dkxkzsfhljh3,HOLO,17,2024-01-23 23:49:05,045688d6bbd3f8a3878b11920d1b935df8b4d8806c8796d8830527f3b7994287,1,2,1,added
pool14hhs6ruwnuaf4fzsmx89mvmjl2qhyy5jnzyk2le03886kj6z9yp,OKYM,5,2024-01-17 01:38:16,6cf48eb06fcca7ef7e0bf5ae07bb29cff3f9b241f498a2fe567904dbdba56da8,1,2,1,added
pool18s9snlm9kwex29wtgjjpkmwcn8j3fk3r22dpsehtjyqs754l70q,skys,3,2024-01-16 11:00:00,7b72b8c3d15b0967b00d79b1b694e2f5f56256e17d2f06786501f9381f2633ff,1,2,1,added
pool1n5kljtvdhg29vrhr6uefqk76dpepzfwuvsw8zd0z5yqfuqj7x8a,,5,2024-01-14 19:05:46,b2ecc5ca9b36f4761fa8be09b50a9d2c6e91edb1068b0ff160299a746227a61f,1,0,-1,removed_all
pool1ex7p88tnq3d6d3dsqtlc3632tp2t8eurc352mwf9phu3w8n3vz7,LOOPS,4,2024-01-13 17:18:34,55637126ea78396efd06795cc6bca5532f49da4f0061590665acf5a4c409c6c4,1,2,1,added
pool1dxkf7k3qwnpgpxqfye8y9jvk7lver3fk8dq7c4dpzezyyx8cf5c,SPACE,18,2024-01-13 11:24:08,cda34ef0b36c5dff59e0102ae1f9b91a74ab5533edf6455e8f249ca4ef07b90e,1,2,1,added
pool1gr5pa4shzsyefw445qrpn5pxnuxa8tuev0jquz04acdx6efjpvg,,10,2024-01-12 07:56:30,6bccea9d5588e084987a43381be2cc7c86e06f94d0b2c82aa8e77a8276f4f05d,2,1,-1,reduced
pool14mma26pz4v888lrxtlzm22vjd68h5hd89kj7jaag6knx7x3k5ed,TRT,10,2024-01-10 11:18:01,13b1705aa71ab7d817cc2f5609d5b1c02f64f11f77d0b8415652eeacfae5d79c,3,2,-1,reduced
pool1xzu4pva0k4y6geukd9uvvl3t3s8q8alzwahf575y5fj6cnkd5y2,,4,2024-01-09 21:11:49,b214491a19e77cb7ac8dbe0e24773b36f0b2882b887618823a6c3697e9d671f7,6,8,2,added
pool12pk63q22re4up2dg86tyjwthuauqu0ryq3jlxs9v29zk68cpugl,0AKN0,22,2024-01-09 01:15:17,b919201207968b588a044cedac5f57914302d4ff023422fce7acdb62ba6c8327,2,1,-1,reduced
pool10qmnswfc22zm0fscg80gkwqz65ujwjkqmctv8g9l9l58wqtelgg,WAAUS,10,2024-01-06 00:18:01,a09341c5e7451375943f20b8c95afef8c1150bd83d21c366b891c8a6bd7817d9,2,3,1,added
pool1u0u2s080a5plun4acn6s70xa3q98ct7skt88l7w6nnwwyl9ecym,VOLCY,45,2024-01-05 22:21:38,d8ae153a9046be6d1db34a07b1400aefb8e608a0278d26b4bfade18b232bd328,2,1,-1,reduced
pool1hmtm4mukp5gs7fgrp0k997lveh4psq9qpeqa6ldugq9nsfcdxmp,ADALY,8,2024-01-05 14:28:48,415ed37a6b0e83358fa717a8dd0aa501a56f39de8a34adb0e0cc371821465361,3,2,-1,reduced
pool136q98jnwt093qle4ph86vdpuwplg7gyvt20h2nq4m6ksv8xjcuj,PNR39,4,2024-01-05 13:42:57,50593c91752a0c9c34ab7b047f12fb1bfa510c93357cbfeb1865a9707e75ec92,1,2,1,added
pool1quj6cp7w4tarq7hrcdsjxlgcmnunm2xvnpvmj20l9nplue6rjxx,FGPX,32,2024-01-03 22:59:53,7a40c7a978e7af52b6c4b3181b7cad0991988a4f9e82ae75b1d5fc880b0e635f,2,3,1,added
pool1vc8jhqtwjrjwsfk6a0enx47hd2ufg98c34ta6lvl0zv0uhpech9,MDS,10,2024-01-03 12:24:40,9d0a6e4e62b38214a1d44a3006f731a5fd319542d1f2517701d8c22211e0b59d,2,3,1,added
pool1jhzf2mm6zdlhl6w89uhgx8nq8p6ykcc86qq58vjy0ejyxrrksfj,LOVE,11,2024-01-02 21:49:14,99e79837e088d31fb8fecc7317114619b3f84d06a81bc16c8058d47ef7b6a843,1,2,1,added
pool1tc6cy0cqknsm49cvsz0mksajfvlmh3vvcp8ngtmspycgx932w6g,TGEM,5,2024-01-02 02:40:18,b6f1a755bafc848169effe5fed6c35ca3fef182b5845c86d8bf5cae5c28f442d,3,2,-1,reduced
pool1853ffwhtuka742fq4av7s3ssdpvzhdkpw53th3es36zkwrllj9g,ATLAS,4,2023-12-30 14:06:08,6662156539888d19e55c33f17bd6161cdc36bec05ec9aa47cbd44a6b8d50540e,1,2,1,added
pool14cq4fchmmqjygwjw4zexmqqd6a7caxptjnvseyu6wanjuppv4vk,CH1,12,2023-12-28 17:11:08,6294820dabaa02461f2baa540d08e70fc3b4572f153c0929bb5bc44a20efa3f1,2,1,-1,reduced
pool1gu33fszp9ek0w9fkdt2xpnp4vznvvv2vhktc0dypa8fr53lc9pc,TESLA,9,2023-12-25 11:44:15,3fa67b776de06e2b6a0c47a6aa67438171c650a54aa79cc9da0a3cc956faf59f,1,3,2,added
pool1chfk2749hyrwqqpj9fapredjsgw3fdauyxw3hn82kavqva6nv3w,KSP,2,2023-12-25 04:45:43,42ae735823fad7674b8ef16171929e6d015eacd90ee4eaf3cf1b38af540ed6ad,1,2,1,added
pool1xs34q2z06a46nk7hl48d27dj5gzc6hh9trugw2ehs9ajsevqffx,SNAKE,43,2023-12-24 21:02:51,02315dd052135f244158a81abad5cc2ee6e831e1ef9746d698bc30985f2f7986,3,2,-1,reduced
pool1ksrg8a964464las0ymw88slrwxkychjz9lh09lqltu5m7nw3pq0,QUEEN,18,2023-12-21 23:37:27,a7e447b36bf7c151a80ef5488b552e267248d99a6df56f0d2a0e0dcc0adbab88,2,1,-1,reduced
pool1glxxd5ty7ldjtuaxvzj4t3ryhtdtuhgmgm6gc78dkxkzsfhljh3,HOLO,15,2023-12-19 00:12:32,723218439366b147c1f8c5f61f4019da36687240be036f5c8c30f3b16feb2753,2,1,-1,reduced
pool1pj7r0wlu29sa56t2ujdm2vfl2yx77jaxwyw7wrptatuq65skf66,HGK,3,2023-12-18 13:46:09,be2f1d837405bf4a8562349d42069554993d9452c04214dd4e294c5a4e4261e0,1,2,1,added
pool18c2qgn5fv5vfhsvqjvn20j943qjaegs0dylgpsmmwz2lx03n76k,BETTR,8,2023-12-16 17:09:18,304d3c16f35129598ae993987d6da0a69b6bf79695fff31693af66256a902a51,1,2,1,added
pool1xs34q2z06a46nk7hl48d27dj5gzc6hh9trugw2ehs9ajsevqffx,SNAKE,41,2023-12-14 08:59:10,27149e451d1c91191c6f60273fb057c031d45aa417e59d7300a57801be5b7597,2,3,1,added
pool1wn5cmtuzkgqfnh6htjplu7uleq5qxk4thc6wtm2fjrgmspqutaj,,5,2023-12-13 23:34:32,e5719f59b1be530d425d41f96e1d7795d809abf41ffe15db828b08c2ddad8bc7,3,2,-1,reduced
pool1hqwxta8p0j8ffkyle5mf6yg80tucqzh8q9mszws60xe5ja06nwa,LUKE,15,2023-12-12 10:06:49,9e06a50a6308483be8b95252ca37816674372ec7fd876144a79e1284d617183a,3,2,-1,reduced
pool1t847w2hfv33qrra7q33nzq8epvcxv6ydshcq7w7j23c87xv2c2k,CAPO,16,2023-12-12 09:31:30,a0e6db7fe8b46bb4407a46c04f3b9c71da16eaf27a151409fddbcb79f1fda36f,4,2,-2,reduced
pool1k0xa8wlsntmjhtw2shj3tspqd4kjyquw9tuyx5s7zz5jsyw4y2p,WMOPS,22,2023-12-12 09:26:24,136134115a5cb2bfb9424ff3560612babcbe00b3e466d3b234f678a79d25f184,3,2,-1,reduced
pool1t847w2hfv33qrra7q33nzq8epvcxv6ydshcq7w7j23c87xv2c2k,CAPO,15,2023-12-11 19:15:35,23e5b3ca7eecaaef04804ca5052c4f4b843d701287fdfc7bf5e82a33e3a4c2a9,2,4,2,added
pool1vc8jhqtwjrjwsfk6a0enx47hd2ufg98c34ta6lvl0zv0uhpech9,MDS,9,2023-12-10 11:22:41,2cb7bd9abcd680a41403d8e177e8fc59c57172d5a3203821b2fd59940640a770,1,2,1,added
pool1aq2kqdp9xf9w47vttvmqnahwd4scz2qyddsr9l4mfru4qddg3kr,NMKR,7,2023-12-08 16:28:08,5daae8c46c80e4bc4b6c29180510d4629b9f2b1323f8121022e857fd7318d13f,3,2,-1,reduced
pool15j6hdfel6c6zcr8gu39qgp5xkrs264yn9hm8ynhaydjtxvmznxq,ASKP,14,2023-12-06 19:22:40,5940b8feb5e66daf225bf0bf63e164832a702e1d6e7e63e1294ee16d31171b16,3,4,1,added
pool157e2zadjusu6esf9mmx37nf63ep2gazdeln5mh04ylpcvz59g5c,AION,9,2023-12-05 13:54:02,e58e33da546da3e64729f3c9f8da7778470a6cc2d031d5c9e82d5d518bf52a9b,2,1,-1,reduced
pool18l6lvx95vl5p88zfh7xjkx073s9gufpz4sa5q43fu7auqunjhg3,BLNC,3,2023-12-05 13:25:39,db6a0cda52e470d96b97ac59c5dc4156aaecb6d7eeb376a0ed0d0fd9a571d2c2,0,1,1,added
pool1n3sjq3qvu5vvcd6aud6ndcwq7r3ghmkafcg60gznlwfrk2ucxku,ANVIL,9,2023-12-05 12:37:23,e62d2f9c46753ec53017313297508a9f9f76f0c28720cdedf3a9226bc3a4438f,3,4,1,added
pool1zn4wnk52kmfjy9mw4z85p6wn9kzrn94l9h5gys8r2k2w57mdnhh,ENVY,16,2023-12-05 05:37:18,e124d1fa84500e9e57d9e9a7a3e06e64a540ec15babd74dafd11a5184e568918,1,3,2,added
pool1e2tl2w0x4puw0f7c04mznq4qz6kxjkwhvuvusgf2fgu7q4d6ghv,DEV,6,2023-12-04 16:29:31,823dff7a0a841c70c0eb6c777e093263c090582b0eed67a0041ffb0316881441,1,2,1,added
pool12jnulzs7j8lsku4r2a7q6tee6tt66872vwhqh8jxvgzn6837jtl,1JPN,20,2023-11-25 18:47:55,016e41bb64e7035476dff7d9dcace3bb6b16ae51e4b3c6da2674be590cd93ac7,1,2,1,added
pool1l6aeyn35nkqkn9lqqlwqnpraakdzuukjrqprcrj3sctk6hhe32k,OYSTR,17,2023-11-22 19:03:15,d2a105e8c0822cbd22748c4aa18c28dfd0418709a98c316c32eb44c0d9c7e6d4,2,3,1,added
pool158ag8p06qm4apd750ekep6een9cdldqsq434ll2mp0ykgunmguy,ALPHA,7,2023-11-19 07:13:45,c2f8e65dc7ecc11b87bfee4a270dc58e3e14bd7d27b88638c6da595cc44cb9d3,1,2,1,added
pool1js570lkcs6t3pwsj3eda0zz43mc5gm922ae5rdxcfn84gu5uyrg,ASSET,20,2023-11-17 13:25:45,202675b412a4c8c46d5e03fb3157e6b10c11dd60a08f1144ad9eb961d201435b,2,3,1,added
pool1lyvg6ukqpumsr6wz0jvh7xutcgdtcyyde4wkvptzyl8rql4n3c6,FLAIR,7,2023-11-17 02:40:12,ed9d6e9c29a6b28aa2102249716d4d78c6daf86f53e4c1d9c2ae2933b2df7b6c,3,2,-1,reduced
pool16r6g7plyuh4cqs9f3qy97l4rh5edwx3w9xvd205mhj2e58cpp28,LQWD,3,2023-11-16 21:34:24,4b052962a43275e7815e6acb5f75dfc6cb7ca26c5c8669d1590ad7eaa1a0e932,0,1,1,added
pool1a9xyvnnfjnujzy0n2mpf4rztdwrssraw5p5f06mqlgn4s06z0nw,LAGO,31,2023-11-14 21:06:40,7069bb163a9c97f74fde5a7ab7bebc1b43e9adcccca9cb2c1251d04c86bfa871,2,3,1,added
pool13zdrhek6m4n947grhrm0772zt09lrm2vzkffsla25e7yq6xqjkg,FPOOL,11,2023-11-14 09:16:05,9182143a6484a010e1759988d698c9fa4b7835c788cc9138c1509800e381e389,1,2,1,added
pool1akt37u42nfegyf3atv6c3c64da7dwa9grt9kjxa8zwj9qr4y8u2,LAMP,11,2023-11-14 03:20:11,757299c852c3f6d6fe76cd4aeeaedd03adcb77d0f7dbab9e208e978cc0932cc0,20,32,12,added
pool1qqq6qqa0hpzvumv5p87ynczfmdj557xuwlc3289ke42g72z7f74,AHL,15,2023-11-12 22:48:49,37e1fe6513805438fb39975b98c8f440cae1b3d00d331b2901b0871ddf13c4ce,3,4,1,added
pool1e7mwu80pmsjqdf8lu7rsfdj5sldashslll0hpj7rhx3w6xpwkq7,NIZI🌈,25,2023-11-12 10:32:04,51aca4fd25370cd81a3db717d3dc3fe3122471267ba674f1df37b0b0cc12ac73,2,1,-1,reduced
pool1q9kwa675j2z53jecrs6pn3fqsc9ypxrsypu5dgu6hammqkagy22,TIGER,17,2023-11-12 03:44:05,cd79746dd2a5b1e1b6f61e637cc1b8d8a5cef623e2b97441855c1eaf2e2e0447,2,3,1,added
pool17taqml487n9t4r9a6ppvf9qv0qlw2lu4zcrzwfdsfcv6xp7uqym,PSB,14,2023-11-11 21:07:54,b1c9eedf85f3326e9c07e3c00208d3a0394d6c37844dc39e716efc07cf40dc4b,3,5,2,added
pool1sdvrd0sxh2mprqc3m9zmvrfccavzpz9r2uancg866hpec7nnt0s,FIALA,12,2023-11-09 22:45:22,70a3f2463ee2e1f0467e8fa917e648412a80d00cef2553aa6295938b21307b8b,5,4,-1,reduced
pool1gsfu7c2ac6rh45dn836myms9flp99y0erppqez80nwehk9c70eu,BZONE,3,2023-11-09 02:46:00,ccbd1b5e6e2666d000dc03e48193b5a81d2469d51cc92d73b1c92eca8f9cbd3e,4,2,-2,reduced
pool16x5fslqfvgmsyra4vmpvuzq7p5fzeln240envdwfm2jps0j3rw2,0FEES,6,2023-11-09 02:38:43,2e68f09026b74f61c721a9c43f2a74798c1dfd756c90466a0ef032749dbfb982,4,2,-2,reduced
pool1gxvkc0576e75065p5k0csvwme9y2qrefd5ga66nx0z65xxjt8jk,CLINK,12,2023-11-08 13:28:01,8afd233f0ec3ecf05d85ddfef35bd15897103a282c15d0781b8c550e12fc040a,3,4,1,added
pool1q6lzp5x6tqg04chsxakupgq6x829nsx2dk5w8h043fnajm8d3uj,ADAIM,16,2023-11-08 06:11:21,ce8e381b6a723810cf3d52061d82c8f6c957da84bc1be816e9b63f9975cb0ed8,3,2,-1,reduced
pool1vqjyjsp6dawkj8tzmfpu39hvgnkph99qzarw4dll6yq76gpaa4d,VFS,3,2023-11-06 17:16:47,8fb82c0a5dfeb8485b7d1fada2219f67563e0e9084f1d3726414fe917a54ee0a,1,2,1,added
pool1tx6e7gewsrcceejwpa69vrhlhay6862amaks095pmw9jxulwhvx,,13,2023-11-06 16:09:41,9f3607135c8251c0818577cc1402e14d07dd55fc56ec06ca2ee2604947d990d2,2,1,-1,reduced
pool1xt2nyju82ea3pz33e5sqwgjx05ks623tkmuw8jvlca3kzmz9mud,,2,2023-11-05 23:59:44,72f51d8562960d4912a502fd0db3387133a3b302a1439a46e1fdad9d44f520a5,1,2,1,added
pool1h9jr0f9evk3raxlljq6mt4gj7ej4v82afvnlc2wh28rwy2d8lsy,RUNIR,55,2023-11-05 16:45:29,f3b7fc786b156391c11c0c0405bdb31c660e80998a2714c6fa0547b5ce4ac341,1,2,1,added
pool19z9ac79g48kekg2xghx3afj6qp5skr9ar590w0huhc8nxn9s5j9,TOAD,2,2023-11-05 16:03:18,a115b621fb959ac618f6852cd358e6fec15c39fa9f97b05369ebfd2a1b7adbae,2,1,-1,reduced
pool1777xvdg0vydjp78cdcfrmpuqj28w3nuasf7h9a2f6cd4z990777,777,2,2023-11-04 23:05:55,4473462aefce7ae5b262f2fb4cdb87b183864409f18600c9fffec2756ead1e0e,1,3,2,added
pool1w2duw0lk7lxjpfqjguxvtp0znhaqf8l2yvzcfd72l8fuk0h77gy,PSP,18,2023-11-04 07:29:18,59b89dfac447e4fdaca122c6b17fd6c359352a70ec80ba54234ddcc20ac43a12,3,4,1,added
pool1gw25vftc9nnqqgld043k2fsjsm76rkkcy2xjzqdm268cvlf698l,,8,2023-11-03 19:21:31,6bd6f390dddf8ff6bfcdbce188ca8fc0d8887949f425aeac90b244782428d47b,2,3,1,added
pool1vtdw9ec95lw0nj8uk0sgf6ahy7qk2tfjz2faegea7wyl63ejtqp,AMBER,3,2023-11-02 10:09:21,39fafc73aeb3fff08735f5990a8e4061a1664ccf1581f9f271f7b0b6a674fb00,1,2,1,added
pool18qddv82sx8p22uxzdrf0qx9lkewxadlr9ef45kpcf7dzz3n56qv,ALFA,8,2023-11-01 12:14:23,97eeac0b2836fd72b32761aab63f55222c230273f3228ede39c2a6739c2c7f6b,16,17,1,added
pool137j9xuzycq4jxfpsmjnc75w2wnpz68khlwvsh69kt5negg6ldhg,WHITE,10,2023-10-30 17:04:17,0c70198656c005631afca603bddcd4f3c495d8e9fd7e7805e1f010398a8c81c7,2,1,-1,reduced
pool1cpr59c88ps8499gtgegr3muhclr7dln35g9a3rqmv4dkxg9n3h8,LACE,7,2023-10-30 14:06:45,a188d508ff09de54df05dfed47391efa7229d32c0f4f0b38e58ddc811c8f2193,1,2,1,added
pool1h59405hmvnxz2kyjpll3f65lnqhm7we3u96cws9vzzxzzws9gjc,LBA,4,2023-10-30 03:14:02,8b54205a9745e324bb624615a534d2d164f65d6e7468a7d1d0282dc70810d316,0,1,1,added
pool10qmnswfc22zm0fscg80gkwqz65ujwjkqmctv8g9l9l58wqtelgg,WAAUS,5,2023-10-30 00:34:10,8aec1e95f7b6df91fb0b5b9b1cc0fd0842d20d13e822b45bd12e2018064c5682,3,2,-1,reduced
pool1pmrgd8snhv0nnj97xcg70nqqhg0v9g3d0e93jl8vn23wxtsxz53,CALM,8,2023-10-29 12:39:40,8de5af0cb9af1d69040fe662275645226d94776a707f938ac745691747f0bb1b,4,3,-1,reduced
pool1vdcu0y6ujrwmnv4u50j6upxkjug7cx7zsaynjvgkcm2ycmajelc,COOL5,8,2023-10-29 12:39:40,47a67e7bb088a58d27a2ceba2f1656a4b79869eebba4b4a880b3feeba16fae57,4,3,-1,reduced
pool1w7pt822hfgw30xnkwpjzz0sr5psejksqdcdw4l0ms33lsgynp2e,COOL4,9,2023-10-29 12:38:41,57149823437e37e5344817227dc6bb434072b2e7c185d729137ea07266df67bc,4,3,-1,reduced
pool1ppqdq5yfkkllrcj0u47pakg9e4ha568pz3a9kkrr6w2kyw8gxv7,COOL3,9,2023-10-29 12:37:59,f90e025a06ca2539239159ecc02af4921e87f4eae49ae2dbea08b39de1f214f9,4,3,-1,reduced
pool1myvgx4ef424e6nw2strqq7dxcepav52plyyhxrk0avaw7y098l2,COOL2,5,2023-10-29 12:36:04,1dcb2ae92ff25e2665d92b9a8515e6f3f821cbf3ca921b0fc270721eadd61a1b,4,3,-1,reduced
pool1vxvdypctdecvc2j7xu9y8h2fdxvkpjy2pp8luwg2h6dx5jlv0nk,COOL,7,2023-10-29 12:35:36,6a2ebcb0ca7dfab342f7c8819a05b567b0e2f9eeb7fded3f1db43ebe917bef91,4,3,-1,reduced
pool1cspe7naf0mtntwyysqxk6czah3jlh6v4cja8pdfju932yxsehnm,CBH,16,2023-10-29 10:37:39,69d0a0148f2a182ba393bca36918215958a0cf647fcff9a5c660b7b5494e4a55,4,3,-1,reduced
pool1cspe7naf0mtntwyysqxk6czah3jlh6v4cja8pdfju932yxsehnm,CBH,15,2023-10-29 10:28:43,f1ef681ffb6a6d3bdb9acc8be828082d780ad644a0f1487c6fdddd78237894b7,3,4,1,added
pool1upx7l0yrsxt4l94t5xfckahj6m7pt5dpmnx6u60sjxmn5p5mezs,TEN,11,2023-10-29 05:43:17,b3ecbecf4caa26be100984227c43de906fd2803a0ef05e670085f61f7e472204,1,2,1,added
pool1sffl322qgsrsmkcedzzwk05396dkmj56pcepqvj6px3n2re3qu4,MOON1,13,2023-10-28 22:07:07,4d0d2f49b7b37876d6680ec2068510633d6b1c6e68e76c496d36f23e5c909f1b,4,2,-2,reduced
pool137j9xuzycq4jxfpsmjnc75w2wnpz68khlwvsh69kt5negg6ldhg,WHITE,9,2023-10-28 16:35:23,09122503814bac2f2c1fb5e6813b5bd852b54b06b2f8e0a870813e9d2a68033e,0,2,2,added
pool18qahj5ggudguk69g9aaztf5dvapmazql4hdvd7v0947j7gy4wqf,TMS,10,2023-10-28 09:17:10,ec6f39f7fb48eddca2e9860d7caf2075fff76e7131f177222e31a5a58fa2f1c0,4,2,-2,reduced
pool1jf32ru0d9mcre5pp7yundjdfcz8qlhmw4f5cftgh8vkqy8scj09,DXB,14,2023-10-28 08:23:25,908ba384b48dea668409c28f70ee02eb3ff68fb29d2ae606a89b80554f3a3dc2,1,2,1,added
pool1we0xjccr3vc4ypnmhzsgwp7sxpsytu8dtv0syeqmtrllvcex68q,JUNO,17,2023-10-28 06:55:18,855a51eb6aca71298101cc3b7f9a34885199cbc1437d03bb810ab028d2fcca86,6,4,-2,reduced
pool1k0ucs0fau2vhr3p7qh7mnpfgrllwwda7petxjz2gzzaxkyp8f88,POLY,16,2023-10-27 23:05:54,2161b06c602cd43a7e2dc6b34e561e1ab2995a69f05c7298e4fef450df6dd944,4,3,-1,reduced
pool16ajaae2n5lsyr4f9k9uz5y8tpf0996tw640dzu7chwp2wdrnz6a,BLADE,13,2023-10-27 22:07:31,5f792b92c8c82ee95c083d300f86e2c85630cccbbac5d23fa8add9f06903b970,2,1,-1,reduced
pool14pxhk34wlpu2azrnwy9ah8hrzxgffhqthcxcp620209eupfjfcn,1337,16,2023-10-27 21:47:37,1804b42c0bf9e8a5c9ff2927ae228bc4bbb14a94a708d1038dd8557df9bc0b3a,1,2,1,added
pool1q7k8mmnvsgthp94hpn8jrnacjewplvywq70eef90fv4nu7gedzp,LOGIC,16,2023-10-27 17:10:27,fb486dfb27e57cddbd728b0472a7571e1b25483812f0280c8cc2795a731a442b,1,2,1,added
pool1hfn7yuwfyhmmqe4qpaxfewuly7cnemc6kqkv5npytj9vcrskh6j,AMINT,19,2023-10-26 13:12:10,ef0492075d1472731ce43cca8e9f7f0cbe53e61e750077bbf5a960cfaa68a782,4,3,-1,reduced
pool1fs2m5rmlx66crcwwrrsf2pcxjhvk7kzdurcqusd3v5gm65cufnj,BIRD,52,2023-10-26 08:42:36,a3dfe23c0b3da69773108de814ebb9cce3c2b3b49b6c4de097e52f05ad4ffaf2,2,3,1,added
pool19q034g07ka2ltwc3wwjeu79w29nlafc0w2ppne5ppu5wud60rgq,HEDGE,9,2023-10-25 11:27:32,8e9df591ec5ce5f482875ad8731c127430a8f145777e081b925acc83c2d4c929,2,1,-1,reduced
pool1u2lghnv4ae3zy73ysjlgvxwj7tuqpmyfavk74j48g0gnqnyc692,ADEN,8,2023-10-25 03:09:36,c79676e768bee51a1bc0865b227fc4efb34f15cd5f0301dd07b1418c8d3b8cb2,2,1,-1,reduced
pool1mtxmk0skqkr5y0wxnxps4n35j6wn9q8dfr82y423vvlp53vccux,KILN3,2,2023-10-24 11:09:47,5a2afd2c23bd7dc1eb330dfff40495d830dee76bba8c4212f9d61ebf6dced6fb,2,3,1,added
pool1v62c7d92xv6gyh4x9rhfpkwzlpw2ypxk92xvzavakg3xypatklv,KILN2,2,2023-10-24 11:04:08,5a3166021c593a2439ede595e2dc023a2f6f1b580911d5dda7f82a1869c9500c,2,3,1,added
pool1fcp4d2pxh0e7q5ju63sjqcdpxpr3pvxg6ykl23t6c97d7dnvjvw,KILN1,4,2023-10-24 10:51:45,1c2a9969e1aed3f5e2ad3bfab0c37dfa8917b731d2eadf009bf08106b74c85ac,2,3,1,added
pool10rdglgh4pzvkf936p2m669qzarr9dusrhmmz9nultm3uvq4eh5k,KILN0,5,2023-10-24 10:36:25,24cc6c071ff99c136f0bd290a63808ef99b9902ebf59d8592eb95358d22c1cd9,2,3,1,added
pool19q034g07ka2ltwc3wwjeu79w29nlafc0w2ppne5ppu5wud60rgq,HEDGE,8,2023-10-22 23:00:50,ac87c9dd8f3f9291150642e483749870776182aea2223a01dabc763489956ad0,4,2,-2,reduced
pool19q034g07ka2ltwc3wwjeu79w29nlafc0w2ppne5ppu5wud60rgq,HEDGE,7,2023-10-22 22:33:33,f1628ccae9811d4a0e36215bd722ef28797d4531a653e919cebd12aeea3bc495,1,4,3,added
pool1x8z226hvsvw6l80f5qu0j6qlqustjcudna30pvk54tgqwd8lche,EVT,34,2023-10-22 19:07:37,9ad17723a001d2e4d313480e17e8e32390f49bfc6b7307311103dd3568ae1645,1,2,1,added
pool1u4p03p6eextu3ge40f2za7lspjz5qkaw5lmqq6emx3qkqq6yjvr,,37,2023-10-21 01:23:52,d9735fa1cc23d4ad56adc6fa80dd9482e30c5345512de68d3e584ed02e194a6d,3,2,-1,reduced
pool1heks0vmxkfka2amg9c8yn8qdsxvgmzelfx6jhpfkj8ht5mn0r2m,ADA,47,2023-10-17 16:36:07,9804e9fe36fab822e4b05f37cb384b0bc733506d076b55df99141b2b6f1fbe7b,1,9,8,added
pool1qv785q9wx056p7ngq2ec3n86tj5kx0t3ygcug8zx3sknj038rsd,,6,2023-10-17 15:10:04,b726ed7161e79a2ab4c2fe5803b17f2e06349558e7f7fdbe5ae2751fd5bcde52,1,2,1,added
pool1xjqjwe0t7uw7wfdygvt99e5wjcuz6ex6rcx2p067aqxp6tsgwgm,NVET,8,2023-10-17 13:06:57,df8e3affcb9b72797905f3deefe22dae173986543aca7e0c56761012b34abe51,3,2,-1,reduced
pool135h773klt7djljmyawkh88e8qc457wxqfhc6j9h6y9n4y3sgh7t,KTOP,11,2023-10-17 07:05:16,53a9c640fbf84e55dc425a814adc2879bf9be98c7ca6e289cdc90453f70245f7,4,3,-1,reduced
pool135h773klt7djljmyawkh88e8qc457wxqfhc6j9h6y9n4y3sgh7t,KTOP,10,2023-10-16 02:17:49,ff05d0e9e1dfc8f68f96fdb207310aaf570a30d46813762163364439b2b08dfc,3,4,1,added
pool1xjqjwe0t7uw7wfdygvt99e5wjcuz6ex6rcx2p067aqxp6tsgwgm,NVET,7,2023-10-14 01:20:09,fc778df88a29120ca5a8a07b394fbfde893c67ae0a9bba325dd88c43c2948aa1,2,3,1,added
pool1xcn2yddehm5ncjx0p24vkguth4rta7zv3getcztflxs3kh9rexd,MONAD,26,2023-10-13 15:53:12,871c624e0a862a618f10c2ef8ed760ce3694c6ff32e57c7eae51e49a7e084480,2,1,-1,reduced
pool1azwa3mcez0mr7520jznl0kamr3wdun5ygzscwtjulhdy5s58vvu,ZMT,3,2023-10-12 13:18:04,ed5476ff545dfb2df2317a396473f2e6915d12d4259601d5a4eceb86ceeb2194,8,12,4,added
pool1g2y0j7rsv7dpu8p6jt2dva3rxfqjl2zu0ag9dd0cfm8guzg0lh0,SOCIO,4,2023-10-11 06:46:07,0da8743229c440b8ca563767fb9b742a294227302be26e554f0e293b4d9eb1c1,1,3,2,added
pool146842tr5vgq52vksmccp82ttelgk6vwy5804sknmx6slyrehm4y,SWM09,5,2023-10-10 08:55:55,f921c2714e5ffbbf769dd0240a5df9058735ba488122e066c09106f3327f60be,1,2,1,added
pool1nw0cj8zd2m6uu73msp7a5sjnht7ap3pe73kuqd7cjwsmzyhflex,SWM08,5,2023-10-10 08:51:28,607aae84cd0618beac7af019f41ef9149f2e199770fb5a7c2ec42af2ef3aae23,1,2,1,added
pool1rm20ecfxj8plt6509yzlc5x853s2twpjkmv8zt0pjtr9vhlmyhq,SWM03,6,2023-10-10 08:36:05,01d6efb1adc4632dcdbf7b99525c3079a1cbafb27959d0a9d742fdaad15b1663,1,2,1,added
pool1mxhq6etmemv3pdyycz2kxth3a8gdqnjewxgne67fqwlfgz6f7xa,SWM01,6,2023-10-10 08:32:30,b0036b47b7b5aff18e84c8a9b02b45ef6c34e5fa4299052fb0503689bdde4fc2,1,2,1,added
pool1fmf707pca09wmv6dc7ap4kxf0j648374ruu6ahazhpywcngt780,CHIVO,3,2023-10-10 00:42:23,0ab9b11183b90e6bb748c2bb34ec94947e501031169965b00b645f772b7ddf0e,2,4,2,added
pool1q7wrwstqkzhrffdzpw8ftfd4epmxywdjnp8384atjcnezchv242,SPEC,13,2023-10-09 08:18:35,2317f5130a67ff85b1dd55f683c1bbe5983eef02095f8f5d0c27149994b21970,4,3,-1,reduced
pool1gplusrfxc087ep94rata3m02qpyqa6a6g4wezxf4fwwnczzyg3l,,6,2023-10-09 03:48:23,cd7477588d8cb7022cd43a546171897dc51ed7671a48a4d5f4b05dd93aa38ad8,2,1,-1,reduced
pool1qadgwr92pgx0yz3u9n63f0s9ugryaud6wxers850z6sfu06y3rg,VITAL,16,2023-10-06 22:45:54,392366f1d60e89ff0bf182bd4508b9695a18e5f317fc6fd637ec9680c9e42138,3,1,-2,reduced
pool1ncst8jldzmwa4s874u3x4q7seqjyq3njc89a2w2056m2ywktd6w,PROUD,8,2023-10-05 20:11:00,7cddc56883f42b40adb242639733077e644177d66c737f84323cf10e013b8196,8,1,-7,reduced
pool178yk6ddgn3z0d04mmdcth430hpp4pyx06jyelvh6xdkngm68rmk,,5,2023-10-05 05:15:33,d9571b4d67f6fdacd1ff5fad62e79be8c9c0b8faa09521b2638165e5baf0a6ae,3,2,-1,reduced
pool1zwgnmfxj9nkqdfxxq6dxfe68hqn7mjl2gk2tk5hvu9uxqrtdw5e,,6,2023-10-05 05:10:03,fa614950e561f3439a991df98e71499411e578c1f456a0cda5970b26491f8894,3,2,-1,reduced
pool1lhvpgr8lhsf6h03v9zqxm74pa63rdxx4yuvkqfw4tv9fua8t37a,OSAKA,6,2023-10-05 05:02:54,e9272232d895fe8f4193c31bd7c3463cca20a0faa2f522d1ae8051c2a6465986,3,2,-1,reduced
pool18ufrgfgmslekdxnk9v9345qvhrr7vfgzkvneqtwm7unnwaht6ww,OGAM,15,2023-10-04 12:27:38,57d0647e32e5133d7f000e404c9fbfe823db8dc3eb51140b7dc0ed95994860b4,2,3,1,added
pool1u4p03p6eextu3ge40f2za7lspjz5qkaw5lmqq6emx3qkqq6yjvr,,36,2023-10-02 22:36:12,bd49cdb86c5898488226d440c3d523c1e56f9dd5d4de6ade4d05d522d8a9a440,2,3,1,added
pool1r8lmsrdure385hz647kl2qjhyyxkdle4au5krjcsqed4x8227k3,MAYZ,23,2023-10-02 12:23:00,b97921eee90afe414cee41247145ca9a96665b1743958bd81ef9f44524958ed6,2,3,1,added
pool1xyx655q6ch4d99fuewwtkdwjx5tvfr0rzqvmwehm2cpzj7e2wgl,PARIS,22,2023-10-01 15:30:36,785dd8d3aabdcffbbf68084018067225e75f1557af5800530d4d3dd4be8a1d54,3,2,-1,reduced
pool1dqhaw0h2f4ehpdhh57quszcj22qhkglhg6yvaf39w3clxdl2kpy,CHEF,28,2023-10-01 05:44:13,1f1d5fda12cc48b2afecd227e567e0acfba72fd05fb981fbc7e07dde6856c4a6,6,8,2,added
pool1gxvkc0576e75065p5k0csvwme9y2qrefd5ga66nx0z65xxjt8jk,CLINK,7,2023-09-27 09:18:55,13dfd241a2aa93defba0e4ca539f71d3c57fa4fd186bb2eb423ed23a190653a6,2,3,1,added
pool1xvaagsvl9prlr20hvg2qv434yss5c88r2ml6n43wcpepxmw85lj,DCONE,9,2023-09-26 07:34:41,fbca3ae60cbe38308e6c43a4190fdf48176de016ff73a822da90ea720f978a67,1,2,1,added
pool1xvaagsvl9prlr20hvg2qv434yss5c88r2ml6n43wcpepxmw85lj,DCONE,8,2023-09-26 05:59:54,b80a88b09aa193110056e599324cde6c6349b88a8c8c385f915bb9901d448267,2,1,-1,reduced
pool13mas2wthxs28zftxskcsd8t87jk2w9ntc0u5uflt45sh7lcvs8h,EMUR3,5,2023-09-25 11:39:14,d181c20f6be032a292026148fe8572fc761918857cfc5f49628a6fc5ba425277,1,2,1,added
pool1pmm654jfx088td54ekkkd0j28x6r5gnjdhnutzggursrxjnpk2y,EMUR4,5,2023-09-25 11:37:11,ed49d3ffa0c53e6bff977a7ab7304ab5ddd4805a93b7e8700a9867a80602c4ca,1,2,1,added
pool1dqhaw0h2f4ehpdhh57quszcj22qhkglhg6yvaf39w3clxdl2kpy,CHEF,26,2023-09-24 05:53:54,040703e1734afd29efc58e028df5e4a1a2b8fa8f2db8a61b7647250c3e993b89,4,6,2,added
pool1h0v99elmvl50rqk778ue6g49r3mtgq3z4draq6pzy0nqv000frd,OMEN,23,2023-09-23 18:28:01,6a137856668a243fd8d0fdd98a44e723c062175fb9218511e8d672cbbcf27286,2,1,-1,reduced
pool19k4azhj8tye5wwy5pfj7q6m938m8fg5nglds5dkhtfwnvcg3s0k,,19,2023-09-23 11:24:39,ce68ef4511397cd785d59e57b480626607879a780e4f7f7571ebdd4cae096c45,1,2,1,added
pool1x8z226hvsvw6l80f5qu0j6qlqustjcudna30pvk54tgqwd8lche,EVT,33,2023-09-22 16:18:55,db36223a82777687421c7a3f3288345efc05dda9215c5435399eda5484e65f13,3,1,-2,reduced
pool1pfprlfz0ywcnewjegazz05ghgcfkvu40v6edsz6yn8w362sdjr8,ADI,13,2023-09-22 11:51:17,82dc884abdd49cbf0c19292dc494c8f0c484464773c04e451d0c3f438f6eb2dc,1,2,1,added
pool1x8z226hvsvw6l80f5qu0j6qlqustjcudna30pvk54tgqwd8lche,EVT,32,2023-09-22 08:55:22,667db2f22ab5d85cb6816b07e650e9ee14fdcfd2f502d925e8a79793ab6c3fd9,1,3,2,added
pool1x8z226hvsvw6l80f5qu0j6qlqustjcudna30pvk54tgqwd8lche,EVT,30,2023-09-20 12:45:10,f945ae001fd99fd3a68a6ecdf27cbe5b9c0ac72b5fe3669fe83f28f9f6aafd00,2,1,-1,reduced
pool1fkg3cr9en57ccsmnde20eevkaeu3elp0h4yyqk3udkkxzhl70ju,ADMON,17,2023-09-20 09:14:45,e7bbda15235ade0f4e47e04c15db57dc7cb8aeeb3bf54d8345eeee2ad1b4b491,2,1,-1,reduced
pool1fmcv9p7vv754rwc0p6ud2mgm76vnn0gq0gngrk7rq400vsvhsvs,JAZZ4,4,2023-09-19 06:56:54,34f4099664283a602a97d20388913989970c15b308d2421edb17e50ca576b53c,2,1,-1,reduced
pool1h0524mtazrjnzqh5e4u060jsfk8lpsqqjfpa5gygjwuhqu34wvt,JAZZ,7,2023-09-19 06:56:15,ee991744f1d0d66ebd19f0915873c2bab6196f835ba16bc51e2522f53da8a8e1,2,1,-1,reduced
pool1gwnu7f7qgaruxph8gn3u28qphvquvnj63elyd3r0nndacj9g9pa,JAZZ2,9,2023-09-19 06:56:15,3dcf08ca72778c3a826af44feab99e61fe6da2be05cc7cfadef931f8cc9afa0a,2,1,-1,reduced
pool1hsq2jrulgj97tna2femdhsfn2wurkkwt8uk9uvs42h9zs0a783p,JAZZ3,8,2023-09-19 06:56:15,f78aee6d113c8225d63f03f721d641fa8c78b29ac0ddb72a62147fe3cef28db0,2,1,-1,reduced
pool1ytszp582dm9u5un6mevt9czgcnuqhflwfr9ly4ukpeqcughryqh,LEGA,17,2023-09-18 15:39:35,11e552645e9b60b111d25d8794d21cfc5d2da5d4f305280e4508826b05b06828,3,2,-1,reduced
pool1dghwejqptsjtf9k8paspg9rhl8humxx0nh7sk37j0ada2dr9mqh,YOROI,6,2023-09-18 08:37:54,e3a202c27fe56ce26b61a86bd06a2240416e44bbb15e7da3a064d15e70715ee4,1,2,1,added
pool1945aw7069upf9xpt6uvkctrj8uwju3q89f67e6g9mm2jx3xcy59,SWM02,6,2023-09-18 08:35:10,0016f71c1f5a6169d949c83239bd6edee368740d33dec9e6c32c37de2270668e,1,2,1,added
pool1xvaagsvl9prlr20hvg2qv434yss5c88r2ml6n43wcpepxmw85lj,DCONE,7,2023-09-18 06:45:14,38e3432bdfa1a9304167209a70182d511bc07cb2793350e82f996813cf3f56f9,1,2,1,added
pool1a3ekt9me035qgju0en2w39vjns9ggtewnc9fugsmpgczvgtl6u9,SA8,14,2023-09-18 02:31:36,71fd9250214361e1cc644f0542c767518b2fd251da7411faa95456e781b64b1a,4,2,-2,reduced
pool19k4azhj8tye5wwy5pfj7q6m938m8fg5nglds5dkhtfwnvcg3s0k,,18,2023-09-17 18:57:49,5a21115ec1d503defca1d7f238ecce05f0e9c9ff8924edc6bcd1f60a112dbe9a,2,1,-1,reduced
pool13r4e7tttcxp4qfs4gqtv0hz5k48qdhhxrskz8pjrj6fqy5qmee0,SOLCY,40,2023-09-16 22:47:03,50d36ff578e0b41ba105211a5455249e6e55744758b021670fcef016382eb2a5,5,6,1,added
pool14dswwngc8j92uek927jced2lfc7c4pa4ss9gry9nu9rhkc7a055,VRIJ,4,2023-09-15 23:10:52,06b8a65a505f5e9716639968a9e56486f13bdf471288ac8bf786c59ea52287ce,2,4,2,added
pool1a3ekt9me035qgju0en2w39vjns9ggtewnc9fugsmpgczvgtl6u9,SA8,12,2023-09-15 02:38:04,41c934b4ca29cdf5509f90959b3c58fd87b3fc14b4b70f3b7b193ed887e25fb5,2,4,2,added
pool1upa4pa4qmcgaps4uactx9eas44rfwk9h0rxgua3l4xnf6wevfkt,FMS,15,2023-09-13 20:44:19,05fb400b6e5b5dc0e695a641e7f27de232335f27a82c08b666db322406aea23c,2,3,1,added
pool1hwlghkwnjsjk8370qt3dvp23d7urwm36f95fmxcz3np2kghknj9,PEGA,37,2023-09-13 06:07:00,e31871e468ccba0e4a0d980c1f9475b7dececd8d9313553decb35b4521bd49be,2,1,-1,reduced
pool1tdtzmmmak0tkte2j2hr223dfnqpdy85ypd66tddwywpeuknn2pn,CSWP2,3,2023-09-12 21:42:42,ded06b05fce5ec87504e52e699eed7a08b721f05a84580c609f158f2694f8c8a,2,1,-1,reduced
pool165ljt7xrrpceutz5ppe96suuw0jcnrvhg0f5vu60df0r5mt0x0c,CSWP1,3,2023-09-12 21:38:22,37ff4864ef156eaae82ffc0535797d55b56332d0f25509b4c6e36a9388dd7f18,2,1,-1,reduced
pool17gfj5t240hqaqr7vtrlrlhmyazw3lcyqvfd06v4kpxv7qxpdzau,EVOC,11,2023-09-12 14:54:57,2d7f3af9f68f03ab6b6a025139a29a3f6602ee2fef540f361ef0b7f9e4ad689e,2,3,1,added
pool1835qw65tsy3x7mta5dfdmfq4mvqzn9cpvf9keaca0nqgvguk7j5,MS10,4,2023-09-11 07:44:52,a10cd44be8f61d50aefd87bd0d5088116263840e274bc44fcce4fc2b5c8dbfe0,1,2,1,added
pool1k4ejdzlnd83l8f8xm5t0m4uv5q0tzexpm23f6cg7lzzayrquzqw,MS8,3,2023-09-11 07:01:49,d27e5e1ae0fb938395ffd25274644032d04226e7789f343fa936af6c972ea94b,1,2,1,added
pool1kcnh9avc9jgelajcja7y6wsvjdaulkqj02azcszjvm3pwmksr0l,MS7,5,2023-09-11 06:52:24,1478c60d876de53675b3cae5dc929131a06e8851443fdff39ef8775a9b797fbd,1,2,1,added
pool1fpu5xurq3jx5rn626ejcx0dzzzk5lmtvdl2qkj9l4kw2sjp50dz,MS6,4,2023-09-11 06:22:57,1b486a301c17903793d606d3148fe437e5d7c0d273c5b1de495648b10cf1a42e,1,2,1,added
pool1wpmjtfqcwvtcs9znpuulk99yk2zz6pfh0c4k9f2xlcspgqjndk2,MS4,4,2023-09-11 05:43:42,d7b05d8720de5a8275c57315c99c2808783da3e9368e7c07a788c7285636919d,1,2,1,added
pool1xppj5zu9kmuqk05u6dtd3dmtj7fl25cvjyzsc95gmfyjywaslnp,MS3,4,2023-09-11 05:32:08,b8fda0ae7f20e8f3950996771a6b60256825f961ae3356d6dce0875c0541a260,1,2,1,added
pool1ydmetputlff49n9ry5qjupemx3xwxdapm46je574afxdcy0907y,MS2,4,2023-09-11 05:19:37,d79f40998004418a63dce3280811c1e5aa136436bf6264eb1a3f56c69e17e056,1,2,1,added
pool1a6v2wt0m8wjra80zuw00sfdxn4w52cna96gcaglzvred6gnsusx,MS1,5,2023-09-11 04:59:03,9cdf57e46348d4987357d28ff6866ee60a67b909c066eed34b5bfa206a7f0941,1,2,1,added
pool19lz8nyz0jjpdrdtnjaar4untk4th23gpg5s7aegn7480zff4vgq,MS5,4,2023-09-10 12:28:47,39637aa238712f5d94a65464a1d6a3009df0b9204373be4ad823ca69332a0cf5,1,2,1,added
pool17ak367upaay0c9thyxq9xn0qn76h03r3j3s6dp658ha650r38nz,,3,2023-09-10 12:03:47,b51b4ea61b7d620cdb0e4f44ff2d6a367adc508b81e197d6a7783731a1b084cb,2,1,-1,reduced
pool1pfprlfz0ywcnewjegazz05ghgcfkvu40v6edsz6yn8w362sdjr8,ADI,12,2023-09-10 05:12:16,743e0da2216244eab85f139250ae8e5ba0302d8348c019f7a3f3b6e3160de788,2,1,-1,reduced
pool1q7wrwstqkzhrffdzpw8ftfd4epmxywdjnp8384atjcnezchv242,SPEC,9,2023-09-08 16:02:41,eb2c40f7011a59d8f22453780b6a764f782ce13e11766010b0f133edd816e504,6,4,-2,reduced
pool18ufrgfgmslekdxnk9v9345qvhrr7vfgzkvneqtwm7unnwaht6ww,OGAM,14,2023-09-08 13:41:29,41774978dbd45a049c5cae0b7115d810fd44cc02073a450515ddc87513e3be08,3,2,-1,reduced
pool1azwa3mcez0mr7520jznl0kamr3wdun5ygzscwtjulhdy5s58vvu,ZMT,2,2023-09-08 08:20:24,ad0179a5dbbae3c59c05873927655b8af0334267b999704c516db84e3fd0c9d9,6,8,2,added
pool1xyx655q6ch4d99fuewwtkdwjx5tvfr0rzqvmwehm2cpzj7e2wgl,PARIS,21,2023-09-07 21:40:50,ae3082bf28a800092f3cf965b40f37fc9d2fccf1d74017240cd4318f08762aab,4,3,-1,reduced
pool1t4zp4wlastva63rqk99k7578e2h3znqdk2arhzuegz6kgj0duc8,ROBOT,2,2023-09-07 20:47:09,f64222949e9bf5d472ebd8a5caef608725bf2e672fcf8b64b17a2d5738d05cad,1,2,1,added
pool1xjqjwe0t7uw7wfdygvt99e5wjcuz6ex6rcx2p067aqxp6tsgwgm,NVET,6,2023-09-03 22:32:57,d2bd74d2cf8f281c036426cafa56862ff34d84d8f3710c96f958af2b069acf04,1,2,1,added
pool1calq8kjzrvp83l80rtvgmulausl99q4tjfkz2lp227vkymd5wgg,ODIN,9,2023-09-03 19:55:40,5ef28bc18f8c17d5ca10ce74bbf3b209d2c60fdd345005cb98ea85153950e064,3,2,-1,reduced
pool1qqvukkkfr3ux4qylfkrky23f6trl2l6xjluv36z90ax7gfa8yxt,STAKE,15,2023-09-01 15:06:11,645aaac92a671040c6d0b407e32ad556ea323841e50979e5902f03639c8ccd69,1,2,1,added
pool1samrdfdupytre8zuqf5y3sda0kxhp894yvjpnhwwczukwd4mx6y,,19,2023-08-29 21:59:51,11ee6aabb174bcfba3f32287e3cd0fca8cff92e41eca1c02d2c676243264ca44,5,1,-4,reduced
pool1lr5ku0p3jhykdf3a2kcr0tyra30qvzrtl02dr6uyv98rxdsy3k9,STAKE,10,2023-08-29 12:53:40,40f08de03deedb0919ac3d644152663d3b9b0f36c16cbd6d87c0db592af9655f,1,2,1,added
pool1yenqraf3znn07qmvtd8wg23fymsr0vsme7ry2475r48vk6ss0z2,STAKE,4,2023-08-29 12:41:12,90c9e7fe082fbf6904af7d1abc20bac29f504a3e826b130de38c375af5726c77,1,2,1,added
pool13r4e7tttcxp4qfs4gqtv0hz5k48qdhhxrskz8pjrj6fqy5qmee0,SOLCY,35,2023-08-24 14:40:03,16b46f94f88c94fae784cbcadfa1cb0cd6c41dc154e64274d946a31619fb0447,6,5,-1,reduced
pool1c7jrfce3zxkk9s9enzpvwj8fuayvx3pdzc2k2es6mrw6gsfcjep,EDEN,6,2023-08-23 16:10:17,982d873fccb67d759c715850201fcedb7421654c079c9dcd97645d03ebdefa73,6,4,-2,reduced
pool1cmaafeyy52ppz62jqmsm20c5p8nua7xx95lkkf96ktmqqj3w5td,EDEN,7,2023-08-23 16:10:17,982d873fccb67d759c715850201fcedb7421654c079c9dcd97645d03ebdefa73,5,4,-1,reduced
pool142xwjhpcvtp7tahpmn8tlnek7smefp9wn66z67j8vjpmjxqdg56,EDEN,5,2023-08-23 16:10:17,982d873fccb67d759c715850201fcedb7421654c079c9dcd97645d03ebdefa73,5,4,-1,reduced
pool103455uc7a3477q8pdmzvny884qtlv9vhm2csxvqx2cadwuk36sq,EDEN,11,2023-08-23 16:10:17,982d873fccb67d759c715850201fcedb7421654c079c9dcd97645d03ebdefa73,6,4,-2,reduced
pool16kus5xvdysgmtjp0hhlwt72tsm0yn2zcn0a8wg9emc6c75lxvmc,EDEN,18,2023-08-23 16:10:17,982d873fccb67d759c715850201fcedb7421654c079c9dcd97645d03ebdefa73,6,4,-2,reduced
pool1dxkf7k3qwnpgpxqfye8y9jvk7lver3fk8dq7c4dpzezyyx8cf5c,SPACE,17,2023-08-22 22:45:09,b650f3971bdafa5d6de98bdda5136db1dd962fb67806560696d769e1f85bb1ac,2,1,-1,reduced
pool1fuzqy5r9x98826zv6wp40tr27uplemmstkd57cuw8jh5v5m90vn,247,13,2023-08-21 00:22:13,f09d82479b98039d9416ccbaf421b2bf5c33d1e60bcaccb098fafae786dc556c,6,2,-4,reduced
pool1dkww2vlysa8lsnuf5rca979zdsyr3zvt59hu7e420yxfunkka2z,TRUE,11,2023-08-20 10:28:55,241647d522b5785df200364f11b569becb58e79a8053613f73969f7608c727a0,1,2,1,added
pool1ljlmfg7p37ysmea9ra5xqwccue203dpj40w6zlzn5r2cvjrf6tw,AAA,16,2023-08-18 22:59:40,683c6703a2cc109ddd8b118119b1d5a0ec48524c4f546fedcf3d971f4fdfe603,8,5,-3,reduced
pool13r4e7tttcxp4qfs4gqtv0hz5k48qdhhxrskz8pjrj6fqy5qmee0,SOLCY,34,2023-08-17 22:48:06,1181809071ca592ce7a0fedf02f50f1d4af9db3911b8a11af6735797dceebaa3,5,6,1,added
pool1arsqn9w87wpqlm0sre66gs79dcs0jmwulytgke3vut7u62lttu7,LATIN,21,2023-08-17 17:27:12,6e5a9f162cf088d0f8dd06a910ffde035ac902baee0c1929402975d6c567ee6d,2,1,-1,reduced
pool1c2utlagkpht4zj0jetsf245c258geuxnjqp9kf4f2z9rutx9dz4,QCPOL,21,2023-08-16 02:02:38,445057d5415fa910ef7dd0395c6269e2203ffe9239c0a0ff782036d84f277266,2,3,1,added
pool1qpuzf5kcxrmuf6qg2nnu9cs7hj2d6ke3fwz58l7rlefcy50caaa,ANFRA,2,2023-08-15 22:55:51,fd1cae9d28f0b594bcf5720cda3ecd0c3d409cd4450eb310a008633cf887567e,4,3,-1,reduced
pool1yr0cv3dtmhcfgqa6yetvmf769ngk89e6tepecmjrmjl2jzcw2lm,EASY1,20,2023-08-15 20:56:32,ec99be15454c69db39372541a2b6d981700f3c958a0c41cb5cfbabda99984acf,3,5,2,added
pool17gfj5t240hqaqr7vtrlrlhmyazw3lcyqvfd06v4kpxv7qxpdzau,EVOC,10,2023-08-14 22:06:42,ec5be60f6ee3f802f3a26a5fb4af8c52dd46ed3aac5679fbb74a3eb83a8a9688,3,2,-1,reduced
pool18qahj5ggudguk69g9aaztf5dvapmazql4hdvd7v0947j7gy4wqf,TMS,7,2023-08-14 14:26:08,1078277ce0883f3d1989acc0b9b484f5d81b324b85f4a0984895db4bac867808,2,4,2,added
pool1c89d4drtwn0048mekkdkzllz559ahnntxelyw2mppxnmc36hjlx,CLIO1,14,2023-08-14 06:53:42,6d19e90d7b56248641cf9a858f235394ddc12cf71b2756a00b0c6c99e88f31a9,3,5,2,added
pool1fuzqy5r9x98826zv6wp40tr27uplemmstkd57cuw8jh5v5m90vn,247,12,2023-08-13 07:00:46,ddcfc145c28b8aa07d4772ee26777b24303454fd552bc0bfdbe804efcea5e22c,4,6,2,added
pool170028ak8q37qf4e5lf7z8eyuscgcrqgzn9lh58a4g9ngzd83a0h,AQUA,191,2023-08-12 21:49:07,8a9ba626dfb736227efe19880342dfd16cd6f67e597924664be9f2297cbc600d,1,2,1,added
pool1vp5fev56urx924nyxj5qjvzcsh76e47c4lc8xruh0rdlv0n2kvt,REIT,2,2023-08-12 14:21:49,24c41bfbca137c7886b710dbeb4cb481866b0af036dc3b0433210c6f2790ce5c,2,3,1,added
pool1mrxg6svcug7mc459ce5zum4qd6p0hkfc08jzpphxfnxzz8yf7ll,PET♥,2,2023-08-10 22:09:36,70a51e0a322e684632af19bbbd4940eb52fa4eaf567e2735bec57bee65083660,1,2,1,added
pool1yr0cv3dtmhcfgqa6yetvmf769ngk89e6tepecmjrmjl2jzcw2lm,EASY1,19,2023-08-10 11:34:20,ac8b115d35fc4887cdaef0cb06623743493e0f5cb631b22eebfbb142f7bb6403,1,3,2,added
pool1w2duw0lk7lxjpfqjguxvtp0znhaqf8l2yvzcfd72l8fuk0h77gy,PSP,17,2023-08-09 22:00:01,8add68ffb9acc0c0b2eaafaad0d935b502ed2d62c9dd5186eeee22ff35ffef1b,2,3,1,added
pool1ksazs9mzcuyr3mfrvw48dc5wkgsjceztakymmv7jpxle7l2nfs0,TOAST,28,2023-08-09 12:46:14,7501d223d6a913db8df226652c21904d12a82ae5a1e7b40ae9608731eb7382bf,2,1,-1,reduced
pool1pmm654jfx088td54ekkkd0j28x6r5gnjdhnutzggursrxjnpk2y,EMUR4,4,2023-08-08 06:18:50,e11b0d01e2680d904e760aaf285f3417457ed96c3b8a1afd557d6849951f50dd,2,1,-1,reduced
pool13mas2wthxs28zftxskcsd8t87jk2w9ntc0u5uflt45sh7lcvs8h,EMUR3,4,2023-08-08 06:16:57,1c62e7012ff86d1631badd57e1543fe4e74c18aceb3f5f43a04d704981e18e23,2,1,-1,reduced
pool1nw0cj8zd2m6uu73msp7a5sjnht7ap3pe73kuqd7cjwsmzyhflex,SWM08,4,2023-08-08 06:13:57,ebf54c6c1749c0c83e48845910f1c74698e687ad48dd23e0bf7519e2ffbf96b1,2,1,-1,reduced
pool1rm20ecfxj8plt6509yzlc5x853s2twpjkmv8zt0pjtr9vhlmyhq,SWM03,5,2023-08-08 06:11:59,0d710cf40251c0823a6b12b0dba6e56cbf7d3bcb153faf58e69d87272d0012d8,2,1,-1,reduced
pool1mxhq6etmemv3pdyycz2kxth3a8gdqnjewxgne67fqwlfgz6f7xa,SWM01,5,2023-08-08 06:10:07,adcd219a4e1e7c8436ba24991b4a882e95aa7b505e2554796a7e9fd81f011d9b,2,1,-1,reduced
pool1ujcu3myfg9wwvdyh2ks653954lamtufy3lefjs73jrr327q53j4,PUDIM,5,2023-08-07 21:15:30,bd4b6c1ee2f538e15ffbb734e79eccb3e4919d8ea0fd857d9817d10abd79a09a,4,2,-2,reduced
pool1hwlghkwnjsjk8370qt3dvp23d7urwm36f95fmxcz3np2kghknj9,PEGA,36,2023-08-07 17:50:17,4358613b061d110563a4ec4be89b68e39c2cae87ea2894d60dd7f78c6b5ad8cd,1,2,1,added
pool1ujcu3myfg9wwvdyh2ks653954lamtufy3lefjs73jrr327q53j4,PUDIM,4,2023-08-07 00:26:54,fc970e62a7833df69e11a4ac2b7ffaa944087404fd59b27ab33f8d9df5ef926e,2,4,2,added
pool1samrdfdupytre8zuqf5y3sda0kxhp894yvjpnhwwczukwd4mx6y,,10,2023-08-06 07:01:28,e83e52a22dd13c6a46d21b8360eb85035c1a9efdba5a1661ccbb18c6d1a409a0,4,5,1,added
pool1v5u6wzakuc25q3zpx04t8gjz3rgu60wuxkv2mh5nga23xjkc86s,MOKSH,11,2023-08-05 13:54:57,5cdc985c5f000a6321339b1765cb68c4755ffc0361552cb12ae21077f6192cc3,4,2,-2,reduced
pool15ze5nu27jma6ynnrtnfqktsqun265sar5vlfx4m5mhvmy0mnjvj,P2P,2,2023-08-05 09:10:33,76b2a56be711e69f1098d2fdacb4c215d86831664b07968b8e49d30894d5e002,5,8,3,added
pool1devkrwcez409eqm07mr224qqm4a5t3efx3x7u046kct7yk4fxa9,AMAP,4,2023-08-04 21:21:51,23c926f36f12a25fe5a863205f24066b292b91c0bc20ca9d43ceb47c1d8ebaec,1,2,1,added
pool18zf8txwv8lmtpq2src8wrhz0pjut5qft8h5tfxnctwc95r7jvvj,Malu,8,2023-08-04 15:05:42,1ee8a9e13afd5762930f26d48b32b9785383bcbee9321d109312b1be330322cb,2,1,-1,reduced
pool19zhl50qqzpfvvhdytqg6qx0cthummjyunfyvkfqx9uxrsp7k8ek,BKV,7,2023-08-04 14:39:18,deaff98acf1775625e5374f808c9fd470f4cc949fcc8f1c379e576a118a52b44,1,2,1,added
pool13r4e7tttcxp4qfs4gqtv0hz5k48qdhhxrskz8pjrj6fqy5qmee0,SOLCY,31,2023-08-04 13:47:04,0118553e160d2610dff41af1e0455bda5bd94eaf8e1909be014d5c0b28b388df,4,5,1,added
pool1kx0jm9ycs3t99tnwafw6w72jkdlzhj5ltxe2nrzkd9x2u5x343h,EMUR6,4,2023-08-03 03:50:03,c03f2845f1a87464155eb5073ae800ff925eafdb66100c6729c00476dfc96166,2,1,-1,reduced
pool192pfftt48zc4x5aellvpufk6l6zxllpldw0rx82vrhqrqfhhqs2,EMUR5,4,2023-08-03 03:47:38,49706d9935b05261c1db3236e2cb2081b06e72af239f7797351ecec596e8b798,2,1,-1,reduced
pool1xkwnlr34tjrnkz6u4c0p36cju3xuls4dyynsdkf6cv22ksuhz6q,EMUR2,4,2023-08-03 03:45:03,2629cfe3b7932b432aa5f6dd0c70e62dc6e5ad7ec8fbcf43f9e76b65c30f474b,2,1,-1,reduced
pool1m0drnjxsvnlesq0rwmur2rh6lenuql57jfzd6cf6aegj2cv7ugy,EMUR1,4,2023-08-03 03:43:27,06db8971c22b2d1bc45e95ef6f69380b8f595a6220c6e0afd473b0bcd8d140f3,2,1,-1,reduced
pool1pyzhux0l4lhd7ex2mj6dqt4l0r5hymlu4jc8ka6gna305jn4vhm,SWM13,4,2023-08-03 03:41:13,7099a19476575435bea35ffd15a4f46d793772e2417af03ba43c1e2d16d1a8c6,2,1,-1,reduced
pool1qcra8mg7vaju9cxad4cffye0zq35eag220dxrnje2exzq683u4x,SWM12,4,2023-08-03 03:39:29,bb381989b0492cb64963d9131997c923807eddd9c162c8c535b9f45510809b04,2,1,-1,reduced
pool1u3lnayg0fwfzhkcrnula5teuhrf9vwfn3cu4p4k8peqrcdv6sfe,SWM11,4,2023-08-03 03:37:20,df58c18914f45441517e1efcc49e4b5b3adf1f63df006b76fd707b975d56eefa,2,1,-1,reduced
pool1fe49nfwktu8rhn3ysqz4he594nh8a9gkgg8hy3mtwrq4558rptz,SWM10,4,2023-08-03 03:35:07,b978b4ecc726f4ab0921001c72e075fe8aa2268b5ca1aac44be3d2d909ab4bc4,2,1,-1,reduced
pool146842tr5vgq52vksmccp82ttelgk6vwy5804sknmx6slyrehm4y,SWM09,4,2023-08-03 03:33:03,9bc515a6d47755826da35c35fbb42971ff97224f7cb1d893f43e85aeb3298ba4,2,1,-1,reduced
pool1d6k8r2hhczhfvfgddx72j0jzp4e823r9lknqpec4tux3ymlyeye,SWM07,4,2023-08-03 03:30:52,f6048cec9cdd55ad89633c516e1191a9ba197c0c999ade4cf2d145053d66cbb8,2,1,-1,reduced
pool1fu64mttm7d8ljndu4hz68df5fkpsuuz3uj233wz3qpj0vfk9k4d,SWM06,4,2023-08-03 03:29:07,c4b002bbf5d8eec939fba33b297d311274970edf8196554c84cc0a389157e1bd,2,1,-1,reduced
pool16x765v3ge3th3dml6v7zrj4x7r6zlrtr7y5qa9ap7uzg7f50uu8,SWM05,4,2023-08-03 03:27:36,5079ca56bae7288224a79ec9fb29abcc57a14769a4c3dafc3549b809aa3987e8,2,1,-1,reduced
pool1dghwejqptsjtf9k8paspg9rhl8humxx0nh7sk37j0ada2dr9mqh,YOROI,5,2023-08-03 03:25:02,2eb57948c9e3b269460cdaf18696e434f16bd32584394b96454779856d9695e4,2,1,-1,reduced
pool1945aw7069upf9xpt6uvkctrj8uwju3q89f67e6g9mm2jx3xcy59,SWM02,5,2023-08-03 03:20:54,63614e6646afe5a6cba898b92d4299ca9312be8a134bc4e012b08303ff40a40d,2,1,-1,reduced
pool1v5u6wzakuc25q3zpx04t8gjz3rgu60wuxkv2mh5nga23xjkc86s,MOKSH,10,2023-08-02 03:12:41,8e8401b0ba630b6e7409a1d5a28f93442d434d28057a308a957c50254de13af5,2,4,2,added
pool1samrdfdupytre8zuqf5y3sda0kxhp894yvjpnhwwczukwd4mx6y,,9,2023-07-31 19:16:56,fab95680897ecce0cbc1b26cd88908f8eb183520e783d2ee2f15834740c14aa9,3,4,1,added
pool13r4e7tttcxp4qfs4gqtv0hz5k48qdhhxrskz8pjrj6fqy5qmee0,SOLCY,30,2023-07-30 19:05:59,d7c27db4b12dfdab7bc3c6aa146b06205b962ce99afc556a48bbdc1cd57b0c51,3,4,1,added
pool127jufnlxk4n6he84qjf8ppzmxs9sjnqlhulnuzsk0uc0whtl9sn,WILDR,8,2023-07-29 19:39:02,bd18ef74aece08b35efe52d98f109348df4cb59e6e288ec0415f8ad74f0474da,1,2,1,added
pool13r4e7tttcxp4qfs4gqtv0hz5k48qdhhxrskz8pjrj6fqy5qmee0,SOLCY,27,2023-07-29 11:13:03,17ec081119af4280a0a4a854f4aabc4aea545355a07663e5325b7e86fbb69c1f,2,3,1,added
pool1fuzqy5r9x98826zv6wp40tr27uplemmstkd57cuw8jh5v5m90vn,247,9,2023-07-29 02:49:26,3ea0858f7973abd000389868ebd27f4ea6c79c8ca46a08946fa141ca7d9fda76,1,4,3,added
pool1ekhy5xsgjaq38em75vevk8df0k0rljju77tljw288ys5kumqce5,,12,2023-07-27 17:31:02,f139d9e149d3d940789206dd6d7705e19e2f3301823c35975542db82e9b7f97c,2,1,-1,reduced
pool16v0jqnz2zuqsdrf6z94ec5rx9ds0xeghsvmddauzt6j5w2u7lsm,IBEX,13,2023-07-27 04:37:57,a3e662b330dd738e853637055a9df8270a62b3523a400e450227e56150548d7e,2,1,-1,reduced
pool1pyegru75d64xgg4jh83904nst8fs8qz6mvtxquatv44rkartevc,IBEX2,5,2023-07-27 03:56:28,666e346163c3e99c1fe2b8e59a1bf3b587505706082f3622f1fa8235cc30caa9,2,1,-1,reduced
pool1arsqn9w87wpqlm0sre66gs79dcs0jmwulytgke3vut7u62lttu7,LATIN,19,2023-07-26 18:44:36,25fee1a53dcd936d380a5c657f2a4b93c2b2b2f7f2dbdd6dfec94df81aec6031,3,2,-1,reduced
pool1cspe7naf0mtntwyysqxk6czah3jlh6v4cja8pdfju932yxsehnm,CBH,13,2023-07-26 16:19:42,b180fd12a4e1c53da5c7148dafac913992ee44999b15179c7e124912c07b9e49,2,3,1,added
pool1re8cmjt895tpx8dx2veg0cew5yqtxnt82sll03e433a4ugnh9w7,RISE,3,2023-07-24 19:17:55,c97fcf0da752f4459f76561c4db6d6a36d3253b2fdd55e63972dcbf4d366a129,1,2,1,added
pool16utp8esfwwpwf4fzlvtulugtdj9mapt42gdwza962pk8q2f45yt,DRMZ,6,2023-07-24 14:08:16,48fe6229e3cb5cb7d16fc8a90f2d734c062a6d479cd81c26741e5f558cff7f25,2,1,-1,reduced
pool1h4gwh638485yd0xcw0pkrm935nvm4aecqsxjx2yzzz0u6dfj73q,SEBA,7,2023-07-24 06:09:46,589140794d5d10815f411937dc45fba1df2ab0540b4eaf8d2b51d84cf9db4d55,2,1,-1,reduced
pool1rhq7qyw4y2s80gstyevm6rhz2lsdsrcstawunxx5eld8csvuvlu,ART,10,2023-07-23 09:12:50,ed5b3ea1bf5c43dd8ccf78663846f7bc27b8c99765b0e12af0bcac252f9d0afe,3,1,-2,reduced
pool1ty9xkrrhp3unwdp6szfmeu9vgzn7qkfvqlerp7j9mu8cxl4rsnl,COL,4,2023-07-22 12:15:00,d846fe90ecef5bdd5652ce79ca6475ce06666bccda884f4c9329d2b438917c77,1,2,1,added
pool1gplusrfxc087ep94rata3m02qpyqa6a6g4wezxf4fwwnczzyg3l,,5,2023-07-22 04:11:00,f16b7c76a7fcf8cf582faad4e3d34827411c06c3ca0fadad63ec17ed66df82bf,1,2,1,added
pool1asfgkqtmjuusclgx72xpzvpw336gkulchtstsx9lsj9uqzjckv0,BASHO,12,2023-07-21 15:00:55,0cd44d405f32774c8052cc67e39a1f7735202bbca81af024e182273ef5508a4d,2,1,-1,reduced
pool1mdyuct0kgd0hcjjnea999me5dxqpepr4y8du4smegfm3vlr37w5,AY1,16,2023-07-21 00:05:13,a68f291936f47a8fdb92608658ff0d6c85e72721893acdaa4595686d5294adff,1,2,1,added
pool1samrdfdupytre8zuqf5y3sda0kxhp894yvjpnhwwczukwd4mx6y,,4,2023-07-19 04:25:05,f399e15c4cf6f365f579b286886ee83ad961936b9510c17f2d3191f35da3c903,2,3,1,added
pool1ncst8jldzmwa4s874u3x4q7seqjyq3njc89a2w2056m2ywktd6w,PROUD,7,2023-07-19 03:02:43,278d25ac870dce3d2ce994bd20f2244c0a591ccf106870c380d3aa3c459e86aa,19,8,-11,reduced
pool1hjpax8lf2hmct63xxrspe9zzmmywcrzw89yg3nacu0axzy0latu,GG63,3,2023-07-18 16:31:11,5d3778e2a39c3bd16c434981f396ed5f2f24019b787e92235311d9658f83ef87,1,2,1,added
pool1d9g45764jtjzagrmy5ndtrx4pua7l9sr4nh08l3mqs43xe6wnh9,SS63,6,2023-07-18 16:21:49,e0bf86278b15864602ffb17ef6df04aa1089cd843926b6f2e3a54b937852f258,3,2,-1,reduced
pool1samrdfdupytre8zuqf5y3sda0kxhp894yvjpnhwwczukwd4mx6y,,3,2023-07-18 06:38:32,629c6932a28aced3b02e4471be4589b0d8b8446a94c91097106021076aeeeac3,1,2,1,added
pool170hmssk80z2ameg7jhj5m8psnkjejcc77vfpd0875yggxhhntd0,21ADA,7,2023-07-18 00:16:58,8dabdda0e8a0728de713199249bbed1f2a6ccf47da2b27d9fb5ffd3cb422da7f,1,2,1,added
pool1dqlgn7smehsnj5ztz8almy2036lfhrdjv79nmg9tmje0zzt620h,POA,24,2023-07-17 23:06:03,c0e7570e51d18be3140ae00e05226e5a73a99fc82aeaa3df87ac604392487189,3,2,-1,reduced
pool1mdyuct0kgd0hcjjnea999me5dxqpepr4y8du4smegfm3vlr37w5,AY1,15,2023-07-17 00:03:49,763ad3c0d9f73f6c48ff5d4dbd460f90f6c4164c27d3bdbae65f66bab51152c9,2,1,-1,reduced
pool1mdyuct0kgd0hcjjnea999me5dxqpepr4y8du4smegfm3vlr37w5,AY1,14,2023-07-16 15:39:01,89609f00df8d6f2004eb4af3e49bbf8a3248f08736485ac24a2375c97ac99286,1,2,1,added
pool1ckxdmhmt252pd0yz2r9wr60y0t4we2j8lz4qnv5jdz5sgrxc3vn,CESS,2,2023-07-15 03:57:48,dadff85f53dce143d2ef5c0a4b1f73de8c2b4df322a5d36166a4f0a0bfc88013,1,2,1,added
pool1tc6cy0cqknsm49cvsz0mksajfvlmh3vvcp8ngtmspycgx932w6g,TGEM,4,2023-07-15 01:55:45,88f4b804c49f77d5d98fe6524b0239746876028f77139fef372c7de3e0ea41c0,1,3,2,added
pool13r4e7tttcxp4qfs4gqtv0hz5k48qdhhxrskz8pjrj6fqy5qmee0,SOLCY,25,2023-07-14 19:59:57,439f64691a0d0221aca9b8bcdb8a9088ab4f8acbb840615f986f129dae634602,3,2,-1,reduced
pool19jeddwg8shp4c9edc7crt60gdjh26xc2tvarutmk3cfau7ry6f4,FLCRM,4,2023-07-14 19:27:17,4d7ba7fad96404cf06ddb46213fabe49a5eedc135e051f95c588ddd43cfd2830,0,1,1,added
pool1mdyuct0kgd0hcjjnea999me5dxqpepr4y8du4smegfm3vlr37w5,AY1,13,2023-07-14 02:05:33,61a1e6b5f3b793a2821cb4e32e792cac4fb17becc6f17141489dba61e11681a3,2,1,-1,reduced
pool1yff3j4xqhmunrccjsdh0u9qxrws7xdqhagjx5lqktklwj67u5s3,CDNC,8,2023-07-12 18:46:27,c0ee278b1f07aee7a38ef628edc4c68533c23aaaab6327a470949b221de6435b,3,2,-1,reduced
pool1ux4es4p8kfq3u4nax564ukcte2vzepsz68dkgg24k7l7xh5786v,XC0DE,4,2023-07-10 19:03:28,abc72f7a9e7a696d26180a3ca583c20ffef106eabcde61dc337c9e533004576f,2,1,-1,reduced
pool1dqhaw0h2f4ehpdhh57quszcj22qhkglhg6yvaf39w3clxdl2kpy,CHEF,23,2023-07-10 07:07:16,893b729ce20ffdec580f500a879828c869d76678f4517e27892c2cf9b03cd372,2,4,2,added
pool17e4rdh59t4fmn4g3p02xvs853katrjzge830tsmd3sfdc645yvt,GAIA,25,2023-07-07 21:34:47,223623e9bf1f558ae50c52d50fa8b0b4e309c6ccda1be73ac321af3f83eac14a,1,2,1,added
pool13r4e7tttcxp4qfs4gqtv0hz5k48qdhhxrskz8pjrj6fqy5qmee0,SOLCY,4,2023-07-06 13:58:52,9ff8afb246d15a33d719f59c0d2064d531cf94321bd339b5e798847d390fcd6c,1,3,2,added
pool1yd67lvc04eztwrpnefqh3g4dsydmezwgrg6ce4km728v6sg8zwf,FRADA,5,2023-07-06 11:36:14,44949c26c602c66fb473d60810f53608c6d3c98989c45144c3bd48f7b67b5af5,1,2,1,added
pool1qsxhnvr03tg6jj7cl0y74jd63n85fgejm8tlqq7ct7fexfygkye,BRNS,7,2023-07-02 22:19:19,8c900a0a03eb659a265589c26c78eeeec5359ff5cd724c33b5354660ee8856bd,3,1,-2,reduced
pool1we0xjccr3vc4ypnmhzsgwp7sxpsytu8dtv0syeqmtrllvcex68q,JUNO,15,2023-07-01 06:02:14,bbcd5adf37a193fbd9144293720a113306e959b9b451c76abcd964c365e22550,3,6,3,added
pool17ak367upaay0c9thyxq9xn0qn76h03r3j3s6dp658ha650r38nz,,2,2023-06-29 16:54:42,5de902d9fac81393e47a1c0ee38168948ef98b49365e659eab43179fde42eeb4,1,2,1,added
pool1t0jheek3yftf0a9dgzgr2hc2wttwrcjyd5whdrek4ggcc5famre,POND,13,2023-06-26 06:51:52,d0c98e6dbb1a44032631890484ac125995f10ad81d55e39b7e3b90e57a5786cb,5,3,-2,reduced
pool17taqml487n9t4r9a6ppvf9qv0qlw2lu4zcrzwfdsfcv6xp7uqym,PSB,13,2023-06-26 01:48:30,e87bbde7d975f546f1f3293e71c06ade6f9bba87bd8195d5aa635088cc2d3c52,5,3,-2,reduced
pool1gf8a46j6hvhad8e48hez4084x34snpua8k7t3kzy9w42q6w60z8,GRADA,10,2023-06-25 09:35:25,4784644616257fcde351d7b8b3a4e08d6fc5c9729f39c0f04fce8a2c5ef82706,3,4,1,added
pool158ag8p06qm4apd750ekep6een9cdldqsq434ll2mp0ykgunmguy,ALPHA,6,2023-06-24 06:39:27,bfd58a23472a6072ae31052a65a27cdeff8f59d5800d76761c954d3da6bb4bd3,2,1,-1,reduced
pool1qfxukshs4fkcrflzdnxa2fdza5lfvew3y6echg8ckaa4q8m5hyf,NEDS1,37,2023-06-22 06:49:25,f05837d1e73dbadfb1749decad76ad3d05f326f8bad01e151994917856dc9596,2,4,2,added
pool1cn0dqtplwf67fds40hgkf0u5rm4q4azev5qutmgkw5hdyvue2ue,NEDS2,38,2023-06-22 06:47:43,01d84ed4e71887974511f2e8d91b13e9d211da2b19b822665c92b20dcb347675,2,4,2,added
pool1gas95lqlch5pj5e4lwg78gxlq7km9xfurfd557x4tgwk5kktd04,NEDS3,13,2023-06-22 06:45:37,d97d9aa5dda7a71753b38d61c1e802ef87d3569a70ffc55bfbce12e84702506f,2,4,2,added
pool1vdh6kxcqt9mxavyv80ggnec6jjwms44ms30rhle3lt266aj8jgh,NEDS4,9,2023-06-22 06:43:19,fa12271f77f6696188e4ad790fa5eb927446fd2a52216b432c64367cbab7d4aa,2,4,2,added
pool1a3ekt9me035qgju0en2w39vjns9ggtewnc9fugsmpgczvgtl6u9,SA8,10,2023-06-18 11:44:12,ac66fa499222206deff0b4554a10eff950dce2590aba864951042ba9ac8d57da,3,2,-1,reduced
pool1k65vmd0uyy0k5eylunwakd99m9j0n2hfynkxzd9472276m32p50,FM2,2,2023-06-13 07:11:44,ad33c1604e299f517885e2191d22089a8a73b162297265a7e7633cd6f5b3a32c,1,0,-1,removed_all
pool1l8pvaam6f2wj2ank46uywp32wwapqga8e8utve3mgzzuxksc3tq,COR,13,2023-06-10 17:45:14,2ac8f38a2717cc4335d9fef4300bfef75fd16854dfc5cbcbb3263baf803bfd69,2,1,-1,reduced
pool13zq5jktx7xmngfer82nkrs8aqjklmydntxdqzttas328yuttgx6,VICIS,24,2023-06-10 16:30:12,80ce07f8a59d383bbb3134c4d8cf9507a8412ded99997ac6aa4ca3d68c726cf0,3,1,-2,reduced
pool14ujg8l2x6fm5jm07jd6jftktt35dzsnefl2jmx9d8vr4cxxkt5d,,7,2023-06-08 18:33:24,5dd254c4ef3c5b03f73aff753fe99b5e949e993edbf798aab051e35370982c5c,2,1,-1,reduced
pool1yqzyhuvspkzpjsnlm4rervl76y0wgc3mvuyc2x45r3j4scmufmv,CREST,5,2023-06-07 06:27:17,6d310e137960b615ac9cd49bfd65f27911bbd1e3f00d03748aa56d9b64403e3b,3,2,-1,reduced
pool1vphx7ph5rayjxuuqmwqhlw32pl3m6lstcr5jz0ecajdc528fjdt,USAGI,6,2023-06-07 06:22:29,492a4246e11801459d113497cdd7e1db3d2b7f351d6dad1a1e1eaabc5e8ec0e0,3,2,-1,reduced
pool1vtf34mujsfrr8wesg8nvmnupk7npz7f287whltv2ga4wc2728mf,OTANI,6,2023-06-07 06:17:50,e59e0d4170959ca03a836d9fb0827808d2155b2713620045a90ce596c827bc73,3,2,-1,reduced
pool178yk6ddgn3z0d04mmdcth430hpp4pyx06jyelvh6xdkngm68rmk,,4,2023-06-07 06:13:22,85dcfe990a11cb6ee735e5331dc38283f9cfede58b84fd191e4628ac86a527ee,2,3,1,added
pool1zwgnmfxj9nkqdfxxq6dxfe68hqn7mjl2gk2tk5hvu9uxqrtdw5e,,5,2023-06-07 06:08:46,bb9e6e63231ce080afae23e5465515edc097b1396efd00f94894a2bb0b699796,2,3,1,added
pool1lhvpgr8lhsf6h03v9zqxm74pa63rdxx4yuvkqfw4tv9fua8t37a,OSAKA,5,2023-06-07 06:01:51,660713f6f05c17ef8da47f6677b6f55cdb283390f791f24164c67fb088bd5e93,2,3,1,added
pool12yscr8j3zs34ewxrwlk0p2w5uvgcnrzywpp78ddjsj8kxd530f9,GERO,12,2023-06-04 23:41:56,f9f72a1b53821648fb6e583aef9f4fd97da760bb6c3dddb68548a1c5d9c20420,3,2,-1,reduced
pool10c9l3k0z50ytt4krkfet7w3gwpv9d9nq47kk9ecy2c5f2uyvkgk,BIRTH,14,2023-06-04 21:57:06,7d0be84bd89010c413a3f9f83574481e0cb506337561f797161bfb8c02717963,3,2,-1,reduced
pool155x3l57d4xu52t93f9r55cqaysej4pc2dl3jkc9d6w5ckyu6u7n,SPRO,6,2023-06-03 22:31:17,cdada121eef22ff700f9dc4ac87ce771d9dc7b1b3f7cdb96f7cd72c647ccc894,2,1,-1,reduced
pool19mpy9euyvak6usvdalcjyl8kqvrf75sf8lzkc0nl9e8mw4kzhyk,,5,2023-06-01 09:03:58,9dc0c0106cc3da371595d489cedba906684033642a5a2819b94c5cb406870b81,2,3,1,added
pool1rmpv0h0pecysach8tj06vxx9wku2pdm74mk9cunx759v58q0hu2,SASA,7,2023-05-31 10:02:13,c3e9006b31a4ee896ccf7688d0f775e2a82666d032cc4e92bd10104985d9686b,1,2,1,added
pool1y89sy2e927hvvt66wnukx5xnnrarzxrt55eypttaw3n06u0uam4,BBO,5,2023-05-30 08:24:16,cc9fc4e126fac8088cea7130ca3b02effe915c9c5cb1336a8482d2bd8e01777b,1,2,1,added
pool10c9l3k0z50ytt4krkfet7w3gwpv9d9nq47kk9ecy2c5f2uyvkgk,BIRTH,10,2023-05-29 03:30:54,b454df44f7b7db27c1b7512527fc14473d7117318bb798e4b749b2917caa22da,1,3,2,added
pool13qppafmw3vq5rl4ewmxv7zy84x3rshx9sdczs0zq40cxu0dqkrg,CIEL,7,2023-05-28 09:36:28,8054becae2ebefc5651bec995c9774c5fb956d6ca9a05367198e711373c03f9b,2,1,-1,reduced
pool1wntxmftndrsj7y4aqles8knl3nfuyj22l83jun02yyx9s962gm3,CBROS,14,2023-05-28 09:01:28,f999424d2b42a8e5866be8571f353a7d2074c6cfc26248e3ed13e143d9eeb54c,3,2,-1,reduced
pool1fr8ug253hlv0pt4sxu3w20r03pnpkh2wpedegp55t8nsx28rkma,JOKER,3,2023-05-28 04:22:16,13fac4175df02b37ff48363f59ec12d8bf819801fc7e8553db042936d11b28ff,1,2,1,added
pool1evg78egp8gfqae273kvmmdee2dnt6vty60dpwdespg4hujznh3a,SQUID,3,2023-05-25 07:12:36,c430461600c21fdc4349be49bd70a7dddd58a848e903b82ed4aff826b7f92984,4,2,-2,reduced
pool17taqml487n9t4r9a6ppvf9qv0qlw2lu4zcrzwfdsfcv6xp7uqym,PSB,12,2023-05-24 03:13:24,8e8362bb1da796ee8e5b8e20c0d2069908936a9ccc5c229aece4cdd776e6cb09,4,5,1,added
pool18hkq2t8ss45h4fkr92f52flhc4mpzedx5mcz4xhnpj0dzp76028,XYZ,24,2023-05-22 04:44:21,1067b21945b08f64f4aa9ab193956c97f251f95e911deba7c7602442e320d987,7,5,-2,reduced
pool1psr42v6rvv3raeqsg9ru2zy5dp4cchlde8hw9xthrpstx5wz7wk,PLKOZ,3,2023-05-21 14:46:36,02f2197a757611fd77161799f97e921adaabb6d1067b8c8c58e4f945372f7ca4,3,2,-1,reduced
pool14pxhk34wlpu2azrnwy9ah8hrzxgffhqthcxcp620209eupfjfcn,1337,15,2023-05-21 06:16:48,b1af8ef0abb6ba1f3005a9ba698d3a56d28e34115748870a06d952051cb36a31,2,1,-1,reduced
pool1es67mveksd22l9alfh5cht6w2krc7lcrq3zvxcpaj5hwxgmhg3m,ANEJO,2,2023-05-19 17:18:05,935c98b0dcda4758e12eb0e98349725e6bf3c46be6bc8b0089791a729d7a1976,1,2,1,added
pool1yqzyhuvspkzpjsnlm4rervl76y0wgc3mvuyc2x45r3j4scmufmv,CREST,4,2023-05-16 02:15:59,224872344a67c7db660de1f14bfcc32f8320ce2be9c52b83f723693411406858,2,3,1,added
pool1vphx7ph5rayjxuuqmwqhlw32pl3m6lstcr5jz0ecajdc528fjdt,USAGI,5,2023-05-16 02:03:59,b020d07801604cc14b18bf72fafb3693294d480bc83f99775e04d2f09987053a,2,3,1,added
pool1vtf34mujsfrr8wesg8nvmnupk7npz7f287whltv2ga4wc2728mf,OTANI,5,2023-05-16 01:58:02,c61cd3d30b2c68330ca9f4a3744d53f0a1d8a6f09c5c417fe231379544af0d0c,2,3,1,added
pool1hfn7yuwfyhmmqe4qpaxfewuly7cnemc6kqkv5npytj9vcrskh6j,AMINT,17,2023-05-11 17:25:49,4277dcc37a27a4f8d3e1bc0bee6a54b8d4b8fcafe826c6b7de4ccc43c9d89044,3,4,1,added
pool1du3r4a7xq60hg2x0wcz7lw5ya3qs74rk258c8kanp93rsqdqu45,,16,2023-05-08 15:49:50,60ccabbcd5e67106f0c5c4b2155e5044c7b8f5388d2b0dcabe5e7855f0c6ba11,3,4,1,added
pool1r9fpxs4kcn80kylsjxs8tg3p50nk2s66qerfqtw4x70n5740nj9,,4,2023-05-08 03:25:13,152c662917698fcda9a8787020cb0b4d14630c5447d03273659d7d42cbce8f41,0,1,1,added
pool1ccyfxwl4nfy0whmcmhxwn066lnrguja33ayjrg2mkdvqxkuzhne,,2,2023-05-06 10:05:13,a678096f395aa84c6430594e1643fb84e3a99a98514633f62fe431a0caf66a39,1,2,1,added
pool1gztqypddgmycs0fjat62k5f2kt4zjck4l4f2ffrsmagj2w8zkq3,SGEN,14,2023-05-05 03:59:17,617e98e755daf69db89aa5ee2980dd5f6c79505313047faab6cb54bb8301bc76,1,3,2,added
pool1n3sjq3qvu5vvcd6aud6ndcwq7r3ghmkafcg60gznlwfrk2ucxku,ANVIL,5,2023-05-03 15:09:16,d264c59356005abaa93a70b70503dda9376a9121ff812026b2f59deae94a901f,2,3,1,added
pool16utp8esfwwpwf4fzlvtulugtdj9mapt42gdwza962pk8q2f45yt,DRMZ,5,2023-05-03 13:20:32,5f14d75dc40b01e8868dc442c7c43771fb0617a9fec1280c4a6c4ff41d1ac1c1,1,2,1,added
pool1lfzvl4q8nemdajv4sa4sa8nc9rfkdv8fj33alpjt26r86q9wy4m,,8,2023-05-02 17:46:56,4305600f896b46c822bbbe7b1b4bcc3468530b2c6a2e1f751b72576272d49e59,2,3,1,added
pool1kdhhrsl8av6gzr7vrf5q06pwlrsr8646wkjkg0h550tw6vxf8mv,VIVA,4,2023-05-01 18:47:31,82d651f392eb85fb4f8c4cdf16f268c225ffe8ad7e1caea0d11b9ee4bc0c378e,2,1,-1,reduced
pool16xwm8el8knrmxee7d79wjt9lgm45cyuf055rv0s0ms05g592l2c,TAB,2,2023-04-30 13:24:37,5b9779e8161b19abaf3f899cf654598d04f81246b73e83dc4c9d222d003b20e7,1,2,1,added
pool1knjqx4qtcjhvqrnmgs3yccfvjl6efl5vrcgezunktqvsx5tjrcq,,6,2023-04-30 04:37:31,541d1dd5b2c912c7a15a85da3280abefd04ac6ee42ff509884c36d5fa3e1dee0,2,1,-1,reduced
pool1dqhaw0h2f4ehpdhh57quszcj22qhkglhg6yvaf39w3clxdl2kpy,CHEF,20,2023-04-29 15:31:34,26471d2208723ec8b76ef21ba1b4d6fafee4ee50d6d28b67bafa1a8d52287663,3,2,-1,reduced
pool1kdhhrsl8av6gzr7vrf5q06pwlrsr8646wkjkg0h550tw6vxf8mv,VIVA,3,2023-04-29 01:48:52,978e6a5d8b474bc6ec2389dfece1a6148e77b96b483d8447bb75d01c92b63d57,1,2,1,added
pool1692dxqqcsavymwz28w44t2jhyjnakvj4l3gwz2dqrarmc2k6dkh,BLUE,31,2023-04-27 15:32:44,e66e00c910d771f170688446015b81efab368643fb445ffe42ac55aaf212bb63,3,1,-2,reduced
pool137j9xuzycq4jxfpsmjnc75w2wnpz68khlwvsh69kt5negg6ldhg,WHITE,7,2023-04-26 17:48:55,c1551d42eca24ce74f7ecd4e3d4a2e77b3a227b2017d3b1ef485f92a6fb97184,3,0,-3,removed_all
pool1m3gg43uhtetn4hmw79u8836dyq8qe4cex8qnn6mks5egza7n6tp,ULTRA,3,2023-04-25 20:48:53,9b170c20c8feb9b1bb82737fd11688ba2a174df6ee4b981bff21f5e716b1f53d,1,2,1,added
pool1nss40t2xhh7ntgp8ca73u2xd8kzyn3dgtf9jfh0y57kxul9zt82,,27,2023-04-25 19:16:21,1f3585cbbb4cc11e913bfbf4606b444f2742059d5a3179caa5b5386fd8c07db2,2,1,-1,reduced
pool13daql23lkcwwj0gsz0dnu9tu20pugpswfped3kp05ekxkgmcumt,LAPO,3,2023-04-25 16:20:23,cf7e3893423cbabf306f03ea38dd5a3986b8d3bd10c39c7dfe5686bb2b12b0ee,1,2,1,added
pool1lfzvl4q8nemdajv4sa4sa8nc9rfkdv8fj33alpjt26r86q9wy4m,,4,2023-04-24 23:21:53,6ce44567fff5abc61f14e0d8f7e6befb9c02e3b1ded7ddc12fe513e097f5f3c5,1,2,1,added
pool1grgycym8cf0xmgjjr7gx7udmkpu93hqaygysy5myx6ghx8dvl5r,THOR,15,2023-04-24 19:19:26,bedd25f77543c9f337d30f8a887a5dd96c8efc5933300c1db7d5e18115dec5c4,1,2,1,added
pool1892ry20mvu6tvrmuua5gdmk7unw30w7tf8scpllpyq8w2sdwvc7,1GURU,2,2023-04-24 13:57:29,67fae021101208f9aa7f67fb83f8ec6c04d3869dfbb4a692b919846084539dcd,1,2,1,added
pool15j6hdfel6c6zcr8gu39qgp5xkrs264yn9hm8ynhaydjtxvmznxq,ASKP,9,2023-04-23 16:07:11,8e0b0e222ba8c2fc22097a098ef43c457ccfa0c05de8a246c07161fba00b3e89,2,3,1,added
pool1au6mugzekrwccr2eek6qa8vlzpnv7efu7qmup26xe2jfk9vhtce,OBAMA,16,2023-04-23 09:01:55,5e3d1081c40b715295c9d55bb98152fa7b61ff4efc055e8336add4b349307d12,2,1,-1,reduced
pool1y3f9qvq2umfqnm0w20ayux8lczchcakh3v5wz4j5z89aqfc73ea,SANTA,14,2023-04-23 08:51:48,e7fa309b96a023c45c712602f85e93de97ea90b36390e1b08f59a76b92b4a540,2,1,-1,reduced
pool18ufrgfgmslekdxnk9v9345qvhrr7vfgzkvneqtwm7unnwaht6ww,OGAM,5,2023-04-22 13:56:54,d7925716ccfcde9c1152e5a0783af872359774c5d15e2c41f723c87156461489,2,3,1,added
pool1fs2m5rmlx66crcwwrrsf2pcxjhvk7kzdurcqusd3v5gm65cufnj,BIRD,47,2023-04-22 03:03:43,76b93bc81ed6cd051b29a8c3dba4b046e78e714a966d6577f499aefc13d31c7b,3,2,-1,reduced
pool10zpgnaflyf6hmfk97h7s6nk7l6q04xhfzgrw7uns0js67dj65ux,,5,2023-04-18 03:39:33,249c871fb0c8ad86f04b3e61230787c6a2ba0fbcc1ba76adf234c8fc7e986b42,1,2,1,added
pool19mpy9euyvak6usvdalcjyl8kqvrf75sf8lzkc0nl9e8mw4kzhyk,,4,2023-04-17 23:14:13,91e3b173a09d0c1aa7026450ebaaa367a20f5993c818f7ed151a38e767d83579,1,2,1,added
pool1m7rvxkzc6rseh8axp7ckk7kwlqzctnvqc4lqq5w84sn4g4j4e90,,5,2023-04-17 22:18:52,4f4a6da4e16eb9bf1cd6000315dab46513d60b96fe1de6c9b94546bfd2f6cf0f,1,2,1,added
pool12pvaxxcv3sgad5jqgfnggn337y76kp02uauptkufjjjes7nxwfm,SVRN,19,2023-04-17 21:11:55,0ee18fb36a4ceb378a5c681233ae35883f9999a8b8312cbf1b324bc462aa5a3c,3,2,-1,reduced
pool1txjkxm7qgflxa6eu7gcpdl8quaym9a9r7r6cn4k25y8s2p7z8h0,LLP,7,2023-04-16 20:45:07,dddce13f26aa0712689bda2ce2d9d88846bc21015ba2b85496451ba44f5a336a,1,2,1,added
pool1zkdc6ve9nndk7vxnjlalhqt4hr5h8auz5qzjk7lrjrqtv23yuy5,CLOVR,7,2023-04-16 02:08:23,807f50d38ac895ec81d613e80f59dff535220c17266921e6453e9743fabbea98,1,2,1,added
pool1tqywsutw3wtgcvzrljdacgwmv5kfzm8f0ladml5frkckccd72gg,FBSD,14,2023-04-15 14:34:50,b85a62f680d758cf91de1ef3502e78288ba2c4ac107233c1285b939b8b9f7181,2,3,1,added
pool1lp9wmr8dkcceta5we999nvlfh9um06cd6sggtt5523eawf7mtg4,YYG,26,2023-04-15 00:50:47,31c644029bf5fa6433facdae899393c1fa520b4d2b295d15abbc9baa46ca77e4,2,1,-1,reduced
pool1fmcv9p7vv754rwc0p6ud2mgm76vnn0gq0gngrk7rq400vsvhsvs,JAZZ4,3,2023-04-13 13:49:47,6b36389873bcd37116b8cc64ff6c6936c9dd5ab8b811236f58a9e9df335644e6,1,2,1,added
pool1hsq2jrulgj97tna2femdhsfn2wurkkwt8uk9uvs42h9zs0a783p,JAZZ3,7,2023-04-13 13:48:09,89e6e4c1c818a080169421b42e9272ae29b775df19d0737970f0a7c435cda4ab,1,2,1,added
pool1gwnu7f7qgaruxph8gn3u28qphvquvnj63elyd3r0nndacj9g9pa,JAZZ2,8,2023-04-13 13:43:58,1d542a0f8b795d7282e68cf2b9cd959f0e4e3be5496bfd3a50e8f2e01c215de6,1,2,1,added
pool1h0524mtazrjnzqh5e4u060jsfk8lpsqqjfpa5gygjwuhqu34wvt,JAZZ,6,2023-04-13 13:40:33,5d194883751dde57d98e2b283a4fe127325483763a4e6f3b2a5eae67540be59e,3,2,-1,reduced
pool18ufrgfgmslekdxnk9v9345qvhrr7vfgzkvneqtwm7unnwaht6ww,OGAM,4,2023-04-13 12:12:05,25957e8062bbcba7d6fb7b9f6d339f931e4696529698249b4a0b5f2cf66adf5c,1,2,1,added
pool1akt37u42nfegyf3atv6c3c64da7dwa9grt9kjxa8zwj9qr4y8u2,LAMP,10,2023-04-13 10:02:34,145275ef8449ed568a02c7b0b704e22d359440a3fa0c088c1f69e8404031764d,2,20,18,added
pool1vhz87537anw4u0ruqsyuftyh7zxnrxptr4nnv0m6mjgeu8kp83z,,2,2023-04-13 02:46:53,28298ab4dc35841b11a1fb777aaa1e41aac6be41c9a5d9cfdd9402f819120595,0,1,1,added
pool1q8x5k5wq6zsshdjcmyzcgzwaqd9mfg9fypaaew8xs597svmeyk4,,2,2023-04-13 02:45:31,3a226a3e88cc26eee6763ca3b118cd286157aa00f4b1b38767266b5587f2d6df,0,1,1,added
pool1glxxd5ty7ldjtuaxvzj4t3ryhtdtuhgmgm6gc78dkxkzsfhljh3,HOLO,9,2023-04-11 00:42:24,bce3381a6dee149a7f9e6433ff1b66d990e3a429460877aa98bddfba9bae80e3,3,2,-1,reduced
pool1p9sjhjx0v3k76wvgdqu7jcks2ra48wqlhc6g0mkewd25k3zcymy,WA2,5,2023-04-11 00:23:44,e29df074974ced4d4ee5550c19bf0383066933fbf3ecdc6bf0928a1533af7624,1,3,2,added
pool1whk6lawmfz4zq5fw8zghglp23452gnm9zgs59nqafhpexwcvute,WA1,6,2023-04-11 00:17:05,ef6163de5629a78f9fd7a652ddb58c139c53b7e1eef3fff668118fdc06db434a,1,2,1,added
pool12n6lycv28kjtkzecfz2a3uujyxy6ewuwjcmjq84my67psqmgagv,MANT,45,2023-04-10 15:08:19,bf16ea0679956c59b3735908e71f0fecc5a9cf2d5c7047d7d480d37184ebbe07,3,2,-1,reduced
pool12udshcl3ycj4qpxes28n0ugsye23h89rj8z2a5ast4482m08xe7,QQQ,3,2023-04-10 12:02:42,ad4d341e5eef66e2c2d63889cf5fe72cce7adf0f97c81b3f9ef44587b15072e2,2,1,-1,reduced
pool1aqt8ycgfpavswxxs7m7n8rz4atqlanpcmf73gq50rmr8um7nde8,KEI,3,2023-04-10 11:21:24,bbf33cf7d0cada61232aae022a86f0a8793b380142351bd56f3821a3031673fd,2,1,-1,reduced
pool17y0uw9jraxxtqk4mhgkhkye2v6jqzn84u8hl68l9xwq3cvm2vqw,ADNT,4,2023-04-09 21:46:09,6b11abf27c6340d820b4c5661fd0c03b0eed0e074d25410907102fb638e95b24,1,2,1,added
pool12udshcl3ycj4qpxes28n0ugsye23h89rj8z2a5ast4482m08xe7,QQQ,2,2023-04-09 06:04:22,f51732e3e9fcdd5f4fd1e9119c8d65ced476efd7856c83586e41f52945843539,1,2,1,added
pool1aqt8ycgfpavswxxs7m7n8rz4atqlanpcmf73gq50rmr8um7nde8,KEI,2,2023-04-09 05:35:40,432c143ae7fe7023ae94dd9de9243784b0e234b4e1cae24972631525fb4fa22e,1,2,1,added
pool1h0524mtazrjnzqh5e4u060jsfk8lpsqqjfpa5gygjwuhqu34wvt,JAZZ,5,2023-04-09 04:01:20,5489bd20eb190ef9176d35b657a14a6eeb7883f56292801be75568222c268f79,1,3,2,added
pool1398yhldnhm3y7hzmf8c0h8wf4gwyqa2jd9s0vagj8srqyt7jcen,,4,2023-04-07 16:06:25,29c586412f3c5d05b1770c1853bfc52af3e271d471568e5745d24e4e2aa09f43,1,4,3,added
pool1x7j89z3n7y7g8syk06nahcrwkdphhw6dymt8r3gf8ulyksrzh5t,ALLIN,23,2023-04-03 20:48:07,7de5f198d29ea9c02cf2caafda3a612229c4c0cc9ffe65a1da77ec6f2feafbd3,2,0,-2,removed_all
pool14w9tn4w30dwd2lfv4cwjg2a2e3ukfd0nqrydx37fjzf7z5f5jnk,KOBE,8,2023-04-02 18:40:10,1a9cd810c7d32856547d7d48962d63eb009b13a0b452f0b2b87aaeed23ee1f3a,3,2,-1,reduced
pool1efxh54fk0dj5uu2e4eu08klxl5ys3saphv3kec33kw3xv8738sc,KRONO,9,2023-04-02 18:25:35,8cea6b6ca8bf1e84c5cf43a59746fb573ade95359e379f8a4370271091b6dce9,3,2,-1,reduced
pool1zc7vxe3ymyej76h8wu8gm79chtt7w9c3adkza4uhrjvagr9w4zp,KRSNA,16,2023-04-02 18:00:29,e6382dee6285f926bea028fef7d6d8abd3ef284af6faea4ba18c2e4ea693eaec,3,2,-1,reduced
pool1jeu74g86ys4fekhykqcww99kdsq3nlym8a6kfw8s8ff3vskad70,KAIZN,19,2023-04-02 16:42:58,e68017de07bb6fc51385c9aad90f2c901a97e5ba6f2ccd70e3ced69591b0cfd6,3,2,-1,reduced
pool1q8a7ym63gurl72wr32je0tv0lp4p2uh8vzzc6rn6un7ryslvqmu,LSSP,21,2023-04-01 21:03:05,c3de6c644c53d9277d68fc58c0991640052b562325e2df5bf3613bcb3ce5a0dc,2,3,1,added
pool17n47upcpnzsdks0yd409nf79sg6hqy73twg87eddwh24uj745rt,HEPHY,5,2023-04-01 15:01:40,d52b2016787c8541964ce0856a4bdd774be760473fa67356031ca00d58a0ba5a,1,2,1,added
pool1tx6e7gewsrcceejwpa69vrhlhay6862amaks095pmw9jxulwhvx,,11,2023-04-01 08:48:10,ea30bed1959216794954cd2476c5ed4f01e6ca3fd722d5b6247a1cec026d2d99,1,2,1,added
pool170hmssk80z2ameg7jhj5m8psnkjejcc77vfpd0875yggxhhntd0,21ADA,6,2023-03-31 23:44:24,58d44b1f785a639cdaa2372260f953fc90ce98eac37169e049b3db2fb81d86cf,2,1,-1,reduced
pool1n7eagzjgs3suervkql229a8080j5k68x25jkl8zfxxtuu6802lc,SAPPO,8,2023-03-29 03:45:42,9dcb8c69b511bbbeb5e24cfd3d20f0e6feaf643e998541662677fdb2a5b2f934,2,1,-1,reduced
pool1hmtm4mukp5gs7fgrp0k997lveh4psq9qpeqa6ldugq9nsfcdxmp,ADALY,7,2023-03-28 12:51:15,8593e578006c52689c04f7de5ae6c1ff48b05de47167e3a1bc41b71fee5ad7bc,5,3,-2,reduced
pool1g9dq4q05spsaxm0u3cqxyszycjyukzvdufc72etgtc875el0key,FLOKI,12,2023-03-27 09:06:57,b8bd427bf009d6452e1b4fe898cfad6f8c825be859a89d34c8e58fa34e26449c,2,1,-1,reduced
pool1glxxd5ty7ldjtuaxvzj4t3ryhtdtuhgmgm6gc78dkxkzsfhljh3,HOLO,8,2023-03-26 17:03:11,8a365052930c6aeefdb1f885bd6cb24f1a85f975b22ca67a9fd5fbbe695970d5,2,3,1,added
pool1k2yfr7tapqzfgdn7vq2u44225rtqxctelr6dp0xjqggrwnx9hnw,BPP,17,2023-03-26 11:01:45,d7e75a5f658ea0c69c660a160e598d9d2ef3ba1953541b37d34a4d3f870c92ef,2,1,-1,reduced
pool1hgz6tcl8xjm8zsyp5e53xa4n9mk0ag04tlnnenjge75uxng032f,DRKSN,20,2023-03-23 21:44:58,1a040dad2f61a9b4d3b126a3d1940c0d86ef47985f177c2904827886942099b6,2,1,-1,reduced
pool19rjjay24ez2ezgqkyqvna6uwc5ur9lt489gwvrv7ve5exlcld3x,MBCG,11,2023-03-23 00:26:27,a8becb802e62cc4f9fb4bd96ca5638a53fa1c4f95672e5348af6339abf5709a2,2,1,-1,reduced
pool1y3f9qvq2umfqnm0w20ayux8lczchcakh3v5wz4j5z89aqfc73ea,SANTA,9,2023-03-22 08:15:28,7defe689f27da7e00c0f385dea7c95a98184f2cef1b263994f1ad72eec663b7c,3,2,-1,reduced
pool1jv9pf6w2fmjqpaekyt74tjkmjxhma8wsqs8ur3dte45tqdxe3t0,ICP1,4,2023-03-19 22:17:42,680b09f17015d46d3a444da3453aca85f36f2fed84ee5a48455d68f469be542b,1,2,1,added
pool1zga7fc8swn5l4rha04ddq07m2rc8rh9vxqmc56j4k2l2xy4lw22,SHUA,6,2023-03-17 00:46:46,42e298be21846ef4c60dd33dcc13bc04bc42f25d33f27f827db7face7c41d80e,1,2,1,added
pool1gztqypddgmycs0fjat62k5f2kt4zjck4l4f2ffrsmagj2w8zkq3,SGEN,10,2023-03-16 16:07:27,8ac0e0bd7bb0f12d98f320b6a98cd6b7b219e1acbef17bd447a287859a8998a2,2,1,-1,reduced
pool1rvjj8cp3urh7de07pm0ceqha2x4lxws69lhd4429dm6djfjsy4l,DINO,55,2023-03-13 08:35:40,9d39426dff3135d5b4fa6e245d6ea68829f770941e730072c00ef86feaa261ae,3,2,-1,reduced
pool135h773klt7djljmyawkh88e8qc457wxqfhc6j9h6y9n4y3sgh7t,KTOP,6,2023-03-12 00:44:18,c66f68ec6c73ee987bdc2843b82d00b64745906b370171a4b7f34fea766c54ed,2,3,1,added
pool1rvjj8cp3urh7de07pm0ceqha2x4lxws69lhd4429dm6djfjsy4l,DINO,53,2023-03-11 14:20:47,b5939898abe0100876b9821c1488c55471725110994187e88f8cd371927a0c0d,2,3,1,added
pool19zhl50qqzpfvvhdytqg6qx0cthummjyunfyvkfqx9uxrsp7k8ek,BKV,4,2023-03-09 13:34:44,411126a5440fdc9b7564f671bacdcb7ee2366bb216f1e34843a2649fae384991,2,1,-1,reduced
pool1p8yn95k4wgznc38ezckler84ufc6kxemmsvptv74r3g4zkxj24q,BUDDA,23,2023-03-09 04:48:45,6d9922ed79705d26a3893837bbd65943ba75eaa58da7dd2723568d800e7f7d01,1,2,1,added
pool1esrdl3mj4pflc70p2rx5trz920v8d4796m6h2yqwpq39x5dmmxg,RUG,8,2023-03-08 08:00:00,f835fffc429d0de57710641dbd7a7b863a07558d279b4a22951f349ed8e48f77,2,3,1,added
pool1glxxd5ty7ldjtuaxvzj4t3ryhtdtuhgmgm6gc78dkxkzsfhljh3,HOLO,7,2023-03-04 19:40:24,0cb2ab81b0154ac399cb10912cbd99564d900816c48953c13f6ad2402492b299,3,2,-1,reduced
pool1k2yfr7tapqzfgdn7vq2u44225rtqxctelr6dp0xjqggrwnx9hnw,BPP,13,2023-03-04 13:29:22,3fa42d2f4269e7ea89482f881b4247f20980c3d44bacdda2a25a542315763f9c,1,2,1,added
pool1qakys0fxx5p2fxcnsc2tyjpqa88q7qgtdh5t3a32hplv6fg25r9,DAPP,4,2023-03-04 03:50:31,9669e814b2c2f21517b7973201aac8a0a08fe4c392911f99e2046b7398e6ff9c,1,2,1,added
pool16wfrrl0vhq5ldqa2u3kz8mm9r7l5pmlqqu0667gfjykfkyv98ge,ADAMX,14,2023-03-01 06:20:10,ddc3b40583da75afdff81be4953297db0b5752e432b4c39facf1ef969b01b121,2,1,-1,reduced
pool1uthdnav2zc2hxpg2hyeyy545lnxtl8lqdcdqxjm0j8t5srmyvzj,ADAST,8,2023-02-28 23:44:03,35b5be2f482a542a82ee90f09498e97de36bced4f535ff286688d68a1c33c523,3,2,-1,reduced
pool1ekhy5xsgjaq38em75vevk8df0k0rljju77tljw288ys5kumqce5,,11,2023-02-27 04:56:06,477c70840c5f89ea0cfefa9315041b817dd798298f9c659806be1f3ae5266e95,3,2,-1,reduced
pool15g3cwwmd3qks03ztl5464j044jasn3dcs6zcgpxtxadfj86lvf2,MNSTR,9,2023-02-26 21:31:30,d60bae47498820d2f692126ec95fb084a85afff7cb4337b01a74f8633919012a,3,4,1,added
pool1lk0hu3njxgra3emgfa73268el89qzytecff0fzz982avvjsw3l6,IMPI,11,2023-02-26 11:31:12,2e72947b4afc994b67f7bd4f8e4f4d21b0d7314fad4a87eaec133e51f5e4cc23,2,1,-1,reduced
pool142xwjhpcvtp7tahpmn8tlnek7smefp9wn66z67j8vjpmjxqdg56,EDEN,2,2023-02-24 18:12:31,b377987ee3d717d03a81fa5bad5d9b93e8e7c9f030f331e4d35c192aaf641b62,2,5,3,added
pool1cmaafeyy52ppz62jqmsm20c5p8nua7xx95lkkf96ktmqqj3w5td,EDEN,2,2023-02-24 18:08:31,9c49079392ffe4e59d16d7b731e1774349d4d25f08464375db0365c2b63e90fe,2,5,3,added
pool1c7jrfce3zxkk9s9enzpvwj8fuayvx3pdzc2k2es6mrw6gsfcjep,EDEN,5,2023-02-24 18:04:33,5fb85033d43abfd7510550fd3bb23bf34df03808cf6c27f9e68d1b1468803245,3,6,3,added
pool103455uc7a3477q8pdmzvny884qtlv9vhm2csxvqx2cadwuk36sq,EDEN,8,2023-02-24 17:59:45,0eb18479516d8f7b7643f2b99c18bafe942058f5da42d7c7078e05bd38abd38a,3,6,3,added
pool16kus5xvdysgmtjp0hhlwt72tsm0yn2zcn0a8wg9emc6c75lxvmc,EDEN,17,2023-02-24 17:56:23,e4fc9e5161b86d291ed9498bded5f7aa127b1b76a5030798823dcc1b2a4bd762,3,6,3,added
pool1e603j2p4q346w8knqt2a8c96n8t9l5u4qdrv4kk50qvpgvh8hax,,4,2023-02-23 04:47:08,67126062925a84bfb0c9cb5266e83829c66f63639ae9c798b04c9b9ef4f7c961,3,2,-1,reduced
pool1sdvrd0sxh2mprqc3m9zmvrfccavzpz9r2uancg866hpec7nnt0s,FIALA,11,2023-02-22 11:10:49,0498e1a9c55be78af9adcb048271ff5eca0fdecbea21c7b13fff9ed1df5db66e,4,5,1,added
pool1dqhaw0h2f4ehpdhh57quszcj22qhkglhg6yvaf39w3clxdl2kpy,CHEF,17,2023-02-21 19:29:17,a9150fdd54bb77774761e7d84cb01c1af79f801465b69e3678eb23e502523641,2,3,1,added
pool15z87p296y3m7eq8pwuu8qs6h2v4d2ctnx3yd2vqpl6txkkdvl5h,MUEN,11,2023-02-20 14:41:46,3350346edfcc686b5c11eeb5162ae8245a0146b2a43c8b054d13b136910f42e2,1,2,1,added
pool1l6vtae673eltsx86sk4xxr3fnn9tk8e99jkrdvcmjqlc6cca4nk,MUEN2,7,2023-02-20 10:34:26,16a488b4dcef0fd55d89677a0f856618fac16989f186c20d9d2bc3d26c257224,1,2,1,added
pool1fs2m5rmlx66crcwwrrsf2pcxjhvk7kzdurcqusd3v5gm65cufnj,BIRD,45,2023-02-19 21:32:13,7bf6b13be1274616e9cf1922e3d067c1932bdab20ece1c98c28dfb5344590431,2,3,1,added
pool1692dxqqcsavymwz28w44t2jhyjnakvj4l3gwz2dqrarmc2k6dkh,BLUE,30,2023-02-19 17:14:55,dffc4a62ccc71a6e3ed51fc68ae9d35f878c974d52d54c380d38e2cbcacb5665,2,3,1,added
pool194lhpd5e6a8n8n0zce5hg9f5279pqecd86yl0ytf8nztk2x9unv,ARTMS,5,2023-02-19 13:37:15,72d9cfa2df0e764ddfe5f22df1a241b454e425ccd289f88d057ef794de5b363a,1,2,1,added
pool19peeq2czwunkwe3s70yuvwpsrqcyndlqnxvt67usz98px57z7fk,PREEB,4,2023-02-18 21:38:44,3506e82324d43be727687b0bfeeb2d02530defa190f7d88784ae430b372c7901,1,2,1,added
pool1692dxqqcsavymwz28w44t2jhyjnakvj4l3gwz2dqrarmc2k6dkh,BLUE,29,2023-02-18 12:12:19,5fc8d7853453a743908a2b7276f1565e118ffcea6e2f13b9b48434e062a5a9ce,3,2,-1,reduced
pool1692dxqqcsavymwz28w44t2jhyjnakvj4l3gwz2dqrarmc2k6dkh,BLUE,27,2023-02-17 17:52:32,c5b2ac2545876cbc4e0e46f65976c7b16c3364850e28b5134f152f7b24b5115e,1,3,2,added
pool1gq7zwmtpnj7wufnv97xhx43eqhla3trc3803r3rcwppszc6vh9y,,9,2023-02-17 05:57:19,4f9a1e1124843bea4e6135c15d33877d0ca889936895ff193b7243f1cce392cd,1,2,1,added
pool1xzu4pva0k4y6geukd9uvvl3t3s8q8alzwahf575y5fj6cnkd5y2,,3,2023-02-15 14:24:26,7eb12ab35a9848a5a68779378e02f6945a6e1742786ea51fefe55b6390222261,1,6,5,added
pool14pxhk34wlpu2azrnwy9ah8hrzxgffhqthcxcp620209eupfjfcn,1337,14,2023-02-15 14:08:38,b86291da6bbb3f2390db08b023bbdc764b33bd3d8aef1110035661b6f634a35b,1,2,1,added
pool14skj6e4rpjanzclx3fc880xnl8xafgg63tmw93t9xspvwx985qu,EVRST,10,2023-02-14 18:26:18,9eef5fe71bbd9727702396490a942810f7d80adb6433ecd8ca9fb583012691c1,1,5,4,added
pool12l453n0jtxqq88cgwgr67z06ldyhqqvwxgkn0sgungjfvhtp2el,EVERS,4,2023-02-14 18:16:34,edfb1585343bff77dffda7550603f0093846c8b6165dc39ee674cc41aa1ec7ba,1,5,4,added
pool1jst7rrhucnp93hepezv5yqy6fx982xs2v0udwfc5ea6my3kfak7,ESTK,4,2023-02-14 18:02:38,073f4f52e76388d477d227c3eaa1acc9c5f307fb2b90537081b47d660f296024,1,5,4,added
pool1ynxx88cq0y8vg8yrq3jrw6epm7rq9a8859v34sq9lzjy7ztg90u,EVE,5,2023-02-14 17:51:07,12ac3d9808daa91ca8569e17690a0110b6ddc7b52412e4e7760467d394515c11,1,5,4,added
pool1g3ssnndd8e7lcmstkjl9ane9mup0eshv3aklg63u5tznwl4ch87,VRSTK,5,2023-02-14 17:28:24,e7ec3e47a52421520536210ce7a58b9aa327d2a9914b22fd48190a74a6fc5d75,1,5,4,added
pool1zgxvcqf0dvh0ze56ev2ayjvuex3zdd3hgxzdrcezkx497mv3l7s,RSTK,4,2023-02-14 17:15:36,c4105519577d10b280f9b4abe7d6a3b689feac2c6ab412c848f0285e784a79c1,1,5,4,added
pool1uj4u73qgtprqre78q75fq2vkcrpfrcdreqcqkvn6u0m2k6nk2yp,EVE1,2,2023-02-14 17:02:55,18e1dc51451ca0fb58f3727aab33178bd98be52d6512ed62b5446a09c428adc6,1,5,4,added
pool1ng3vqzrhn3z45yjdscv3q37n26g2pj3vp99rfkgv6225y8lqg8j,EVE2,3,2023-02-14 16:56:00,392fb194ca22d0c113ad17a91feede21e3988999cb26d45e90a31c08d654e6a0,2,5,3,added
pool1xmsdhync6k6grkkj7tuycskjpseykpr24luhlazl5nsngsy87gm,EVE3,3,2023-02-14 16:46:32,e1b6a643c6f700aff55b83b018a8704b39f1ed88ff24cfbd4209f6493e582277,2,5,3,added
pool1ywpt43nttzjd7883wafg255mh0hmjypwe65ercw6p2sxg5lt7ez,EVE4,3,2023-02-14 15:32:27,1df57c8b0c060dc44112cac1d6a6e49059f2cc3169d505cf342a1296601b4ce4,2,5,3,added
pool1r5dqwfl3etjylqqsj8lzhqx4tz0nllkjf3sz4r0heke2xs5kwap,,9,2023-02-14 07:02:53,9f6d4e627ede351e5b45da25028de4a913cd9eda96d7f0c63310726635c86f84,3,2,-1,reduced
pool1qznyv8g4vxv8ys05rs6dgtzutqc2z9gs6vq85vkn8uq8u0c83we,,19,2023-02-14 06:07:26,262f7b4d5ecbc2807b625f37a95f30a0c4b1238ae6d2c8410af7dc41e8eff3e2,5,2,-3,reduced
pool1ferfwtmcjm9rxc00ugtdwrm9m042jf4xjvse6a8u5smxqt0pwnx,MOCHI,3,2023-02-13 03:38:23,5a95fe13f751f3391860d38507c2169d113d7378bcc9b832abccb33c726d54f0,1,2,1,added
pool1k2yfr7tapqzfgdn7vq2u44225rtqxctelr6dp0xjqggrwnx9hnw,BPP,12,2023-02-12 22:45:00,85cea05ff2d0ea6e285f4fe6a6e6ae8a2119ad9197ba0ca7cda75274ec6b3b83,2,1,-1,reduced
pool1k2yfr7tapqzfgdn7vq2u44225rtqxctelr6dp0xjqggrwnx9hnw,BPP,11,2023-02-12 13:47:43,460abbc109bec9bc20d6fc4a89789ebc1c737b0a97fc1b13c07b9087c46a09cd,1,2,1,added
pool1qmsck80ldwm23t4t5elxc857r82ph3urkt7tpyq65ntn2dv2ust,CAMP,7,2023-02-11 12:51:11,d943f8653ca207003804c875a028ace03eb1db87f3d86e90750e2b5881cb6b6d,1,2,1,added
pool16zjsdvuxa39w9k48c9ds7sne4c9lhclmmcly53cdat4nu7l36f6,BMP,3,2023-02-11 11:15:07,9e70aac5f0f287dec2367a1cebcd7b51970bc987da5fb90224f9389081b863bc,1,2,1,added
pool1upx7l0yrsxt4l94t5xfckahj6m7pt5dpmnx6u60sjxmn5p5mezs,TEN,10,2023-02-09 14:47:08,addf0567e38f7d9aa9db4cc0661251a55f377784aae0fa576519c948290fc6fb,2,1,-1,reduced
pool1xs34q2z06a46nk7hl48d27dj5gzc6hh9trugw2ehs9ajsevqffx,SNAKE,35,2023-02-09 12:41:16,da49bed6e5bcfad1eade76c45b2ac661710313d1c9d01b5164727285ed21f33a,1,2,1,added
pool1k2yfr7tapqzfgdn7vq2u44225rtqxctelr6dp0xjqggrwnx9hnw,BPP,9,2023-02-07 22:01:34,febc4f8c60aed424ce50ecf02fb5e7d030963ba5a6df09f617a6ee0a8eb16296,2,1,-1,reduced
pool1k2yfr7tapqzfgdn7vq2u44225rtqxctelr6dp0xjqggrwnx9hnw,BPP,8,2023-02-07 21:07:29,e7533043b1455682bccbfb9407a977b7df88544091ae938bf0f08dbcacc87621,1,2,1,added
pool16rru46dcyk2h5qjwq6gnxwumdj8zkjjnhxdtvpclyq8h6q9apua,,12,2023-02-06 06:03:58,211cdc1819b6092babeb55570101dcec2239bbac1e52eefd44b8fd3ab26f0eb2,1,2,1,added
pool1glxxd5ty7ldjtuaxvzj4t3ryhtdtuhgmgm6gc78dkxkzsfhljh3,HOLO,5,2023-02-05 19:45:15,3a5d965a69e684046a1d960dcc0295983aea739c78df54f4deb2eb58fb7d3ff0,2,3,1,added
pool10d303wup90j39mmvysf0lhr2xmr3mf38y5vs577nmlq6yy8n666,CBCP,13,2023-02-04 00:54:46,74607de5dd7a2bddae04b91b1cd0cda6c2726bf6f1668ce00667b7e480dc4f45,2,3,1,added
pool18l6lvx95vl5p88zfh7xjkx073s9gufpz4sa5q43fu7auqunjhg3,BLNC,2,2023-02-02 07:51:28,d7babd8c4d52e72a6084de77a976b137ff66b228df676d00eb5444198278395d,1,0,-1,removed_all
pool1qzz0flh92qkg0mjufaw9j2zk72lmvf5n2kuaslk4f8j4ze362w4,,8,2023-01-30 04:41:11,2662e7c9508d1e179f554f4f047a3869076ce4e538aecc103b56e20705dc7143,2,1,-1,reduced
pool1sru6yhj5q0zvfyyuappgrvssxzjumjsd3ekyeslhvwmv6hmmxzn,C1ST,3,2023-01-29 13:34:47,8a26794560f4cbf104abd161ce1e2a6345484ca0e1b2d427272eccea0fa0ef1c,1,2,1,added
pool1f007ygdyxyl3kjs9fr8466q0ql3qmhc2yrr0y4rdxt3s5g9ftsd,DEE,13,2023-01-28 05:04:40,314a3136b4f2e3191a65188dedb851394f76e0c13110d46982e875ee914b861e,2,1,-1,reduced
pool1h40xjqda9wmw9cff5jss3ww9npujkhlvg6xjy9l5ujsu5rqlw28,CHG,12,2023-01-28 00:12:19,3e45c91816f60343fad0a7b84fa7cbff84590453b0deff7b7672746a1caa773d,1,2,1,added
pool1tc0g4htxvzvg2z5c25ffq5ycukn9hjh3el5dzy767za2gukckee,AMSC1,12,2023-01-25 22:10:02,b94a1674e331d64b506e525ea3e1a06090d88272549fea369d7d01e551b54c99,3,2,-1,reduced
pool14glhqr7989jz4yu0hnytpw62xlq0666sy075ztufdya2yw4d6fe,CNDL,9,2023-01-25 19:27:49,cd67313e7950b5171222c58610cc501296c41501b6d6c819985913b060d3e514,3,1,-2,reduced
pool1q2fh3cl6rx0wv5gry4qx5l4h65qpjf7x99xmq66nqj2fj5g6u9z,ASTCH,12,2023-01-21 01:58:35,f05fc6988ac4592e01ad161a59816a9947fae449fa0c8be0c0197ba6cff0c6ba,3,2,-1,reduced
pool1uqrecfnsa6pqd2tz60r0lcj4kunhc4rrw8lldrpdvfx9qfjd6n0,AMS,41,2023-01-20 05:28:43,24653c2d023d9511ba59bbbc09a99a04b80a314206e3e626f5d5e4c1a175d331,3,1,-2,reduced
pool16p0mlm0acj3nvl4yxunnanf0fjewk7udj6wmkpvvupa5grx344k,,5,2023-01-19 11:50:23,7334ba21691ccc1550de2e52d60ce3d73f93290c52d91a4a9d1f67c156f997ae,1,2,1,added
pool1krznhwu3h5pu2stuslr53z5rme50t6384macsmylcnljwc7yjky,LEAF,29,2023-01-18 16:13:19,88fb6e3bf77bea70b8d698dbb33de34b57a45c5281ad7ebd48b5f1d52b1f090d,4,3,-1,reduced
pool16p0mlm0acj3nvl4yxunnanf0fjewk7udj6wmkpvvupa5grx344k,,3,2023-01-18 09:49:49,840e648e8827f9449e63269553176c5f4e31fec68bce3c693e3b0e87d9c1d299,0,1,1,added
pool1n3sjq3qvu5vvcd6aud6ndcwq7r3ghmkafcg60gznlwfrk2ucxku,ANVIL,3,2023-01-17 03:03:36,e23d368536adb9fe2eaa661f9d4edadd93318460a89af71bb5f8fb9d44508fad,1,2,1,added
pool19q034g07ka2ltwc3wwjeu79w29nlafc0w2ppne5ppu5wud60rgq,HEDGE,6,2023-01-16 20:39:07,f191ec844e5ba1f8b16a216a9305f42850b40bcf8b5062b960caf309c83f8937,2,1,-1,reduced
pool1xcn2yddehm5ncjx0p24vkguth4rta7zv3getcztflxs3kh9rexd,MONAD,24,2023-01-16 18:58:00,31a0166249bd601ba225e18f9126f006a27b4c4c046f3646226a7c5cdc775b21,4,2,-2,reduced
pool1fmykj5jqxtpxu0285209ar37taw52p68q87nmg6vpckhwrtje5w,,13,2023-01-16 03:35:38,c72460fd044cd0269b4a400482b73783beae3046ef4bd005c2b2a346cc061c86,8,6,-2,reduced
pool1wll3vr4v605eap9hpjfpda5cjegqfkjt8hrz3kkxpnffqejhav3,,18,2023-01-15 04:05:18,5f3c8882670d4eff5ca4b550ced4d3f27fdec404e38d5dd390b738b01871427a,2,1,-1,reduced
pool1ulx9ennungrtcucslrpz93cze5fddlg96h0wwj83p6fpsrvgz2v,GENKI,6,2023-01-14 20:02:48,17b03003f65e1f831eb2b3ce10c4d29f1a25968613f38ae9a74c8e83090e0bfd,4,1,-3,reduced
pool1mdtkvurnjyh079s45jtscls55trr6t0xazf7g2rp3nse59avrxl,MUC,4,2023-01-14 18:53:51,609a2c6eb7f8903de121b07879ae990be508d135d28d36a93f05601e24196624,1,2,1,added
pool1rm20ecfxj8plt6509yzlc5x853s2twpjkmv8zt0pjtr9vhlmyhq,SWM03,2,2023-01-13 17:11:21,be2f768a10746c3654f3050c464d92f75a2a7be2763491f85d3907ff23b1bd11,1,2,1,added
pool1qcra8mg7vaju9cxad4cffye0zq35eag220dxrnje2exzq683u4x,SWM12,2,2023-01-13 17:11:21,7f5dd903c697eb4ff4c84e41f476e99d105024167279585951c940370c3a72ed,1,2,1,added
pool1pyzhux0l4lhd7ex2mj6dqt4l0r5hymlu4jc8ka6gna305jn4vhm,SWM13,2,2023-01-13 17:11:21,18964db254d768c926b6620554de09aa752c198cf39c0481645ce5576497070f,1,2,1,added
pool1fu64mttm7d8ljndu4hz68df5fkpsuuz3uj233wz3qpj0vfk9k4d,SWM06,2,2023-01-13 17:11:21,53bd903e778c79ea1e468fc743f83747a9aaf2611eae1d540cfb77b44f76122f,1,2,1,added
pool1945aw7069upf9xpt6uvkctrj8uwju3q89f67e6g9mm2jx3xcy59,SWM02,2,2023-01-13 17:11:21,ff7b0383ee6f0835651d92d21c7dd9a29689ba00cf9bff34b43221372393060f,1,2,1,added
pool1u3lnayg0fwfzhkcrnula5teuhrf9vwfn3cu4p4k8peqrcdv6sfe,SWM11,2,2023-01-13 17:11:21,05c4650a2ebbd833df022d83128a9b5583c58380e7895a450243ab4ca5f841a3,1,2,1,added
pool1m0drnjxsvnlesq0rwmur2rh6lenuql57jfzd6cf6aegj2cv7ugy,EMUR1,2,2023-01-13 17:11:21,eb9b341aabed873f09f52e2ef6f193a2edef769f8f341a076d07468c4d3b76f7,1,2,1,added
pool1dghwejqptsjtf9k8paspg9rhl8humxx0nh7sk37j0ada2dr9mqh,YOROI,2,2023-01-13 17:11:21,b982c7b46095211260fa71d814aefef64a6208cf3d343e05ff268c06e2ce1a45,1,2,1,added
pool192pfftt48zc4x5aellvpufk6l6zxllpldw0rx82vrhqrqfhhqs2,EMUR5,2,2023-01-13 17:11:21,d2a354740ae79e555de45205bee0c67abe7ef18e252482ababa0ffb9789a6c03,1,2,1,added
pool1mxhq6etmemv3pdyycz2kxth3a8gdqnjewxgne67fqwlfgz6f7xa,SWM01,2,2023-01-13 17:11:21,c5c046ca1ea864b6d12c07f3b3e55581884fef44205eb324abe83ce612d8c9bd,1,2,1,added
pool1fe49nfwktu8rhn3ysqz4he594nh8a9gkgg8hy3mtwrq4558rptz,SWM10,2,2023-01-13 17:11:21,dcf939b171a383fcb5309448274a6f31b3244dfb0a8086b4f2768554ed8bde98,1,2,1,added
pool13mas2wthxs28zftxskcsd8t87jk2w9ntc0u5uflt45sh7lcvs8h,EMUR3,2,2023-01-13 17:11:21,f4d9c4965fe774cda3d7ffe15fc8434fdc680613b775d3f622bd896616cfc448,1,2,1,added
pool16x765v3ge3th3dml6v7zrj4x7r6zlrtr7y5qa9ap7uzg7f50uu8,SWM05,2,2023-01-13 17:11:21,9a3d73108712df29d5487bf2769247415a80242759cc96716ef0847cfffc61c4,1,2,1,added
pool146842tr5vgq52vksmccp82ttelgk6vwy5804sknmx6slyrehm4y,SWM09,2,2023-01-13 17:11:21,8d2e02613683182c7a16e569a7ee742ff3084c04829cc97e6a825a6dd37532cc,1,2,1,added
pool1kx0jm9ycs3t99tnwafw6w72jkdlzhj5ltxe2nrzkd9x2u5x343h,EMUR6,2,2023-01-13 17:11:21,0d114dab4a0b311b2a720b5448ac0d0a72fcf90edcc21a91b4282cd98dd72929,1,2,1,added
pool1pmm654jfx088td54ekkkd0j28x6r5gnjdhnutzggursrxjnpk2y,EMUR4,2,2023-01-13 17:11:21,11b15586058d7e17b7ae730546b1c0f086e756fe47402efda91a48f85d39f7d9,1,2,1,added
pool1xkwnlr34tjrnkz6u4c0p36cju3xuls4dyynsdkf6cv22ksuhz6q,EMUR2,2,2023-01-13 17:11:21,d321734a7735a8f16a5026273f7e073458724b242dd19fc8f3eac44949ed5736,1,2,1,added
pool1d6k8r2hhczhfvfgddx72j0jzp4e823r9lknqpec4tux3ymlyeye,SWM07,2,2023-01-13 17:11:21,f81d13eddc5a60d19501e20e8e593c0a4cad06d5b283f25d03329fc04ddf26d2,1,2,1,added
pool1nw0cj8zd2m6uu73msp7a5sjnht7ap3pe73kuqd7cjwsmzyhflex,SWM08,2,2023-01-13 17:11:21,4205179ef251ce360ca3fb0e657c447802bbfdf5b92c6851d8f4bbec65da1782,1,2,1,added
pool1glxxd5ty7ldjtuaxvzj4t3ryhtdtuhgmgm6gc78dkxkzsfhljh3,HOLO,4,2023-01-11 21:15:38,45b6e0f5d8b40c2c8944c471aedba5f56005ae00fff12b5f52f41b5e678edb55,3,2,-1,reduced
pool1ke7faeddsw3fnx8e0knykrgj2rry8ufxg6j844c73wc4gw4rcet,FTLOA,7,2023-01-11 14:47:58,33a4effbce3b7b1019407154ac9d73b4e993185192952c67ca8f0d9629b9d867,1,2,1,added
pool1qaxrj6n50naglqmzj5puq5sd0awgy9wnqmykpwmcah4vzhndpve,🐈NNSP,17,2023-01-10 14:19:19,cef8d98496ae30abe33a9c26d92f35b2e68d83271ad57f86fc1c509a4e2f03d6,3,4,1,added
pool1njzry7kcm6p0skyqr5hkn8j454c5mjjyeavfwxxytzz5za8v6ud,NEAT,9,2023-01-09 15:02:40,a8a2e83ce65183c4fe9f36228f37922e057c336303db9b95a60c1eb55017b6be,2,1,-1,reduced
pool1tnl3yxmj8848vq6meduhz9n5520a7dwsh05r5gfyvlatj87k3jl,SPIDR,16,2023-01-06 20:47:32,0bad6ac23168b236c6b57e327a7b9622dc6855824de046b6b290d4467cc2333e,4,5,1,added
pool1lhgjma5lejn65er7lxfsqxa0lgcv9r9wrntse9wjm834qp89chh,,5,2023-01-05 16:39:12,eff9dbba3062c6a6f6a1824f4c2c4d4973cc7042b28415091863d7a8802008b3,2,1,-1,reduced
pool1vfayajkdc0gw876lax5va6ygpfpsd8kz73k4y977emm3clnxlm5,KAYA,8,2023-01-04 13:10:07,6fe4b700b682f1ccf172bf9eea4fc65e348202ffbb04f19c71e66446393ac7a7,2,1,-1,reduced
pool1yk8yr5wl94gu5dnfck38q89lcghkmgd8aeykrlm7w3qc703alar,PROSP,6,2023-01-04 00:51:46,761bcbad1850bcd72ce8ae71d08a282d2af9e222e87c50135b0251f483a82d02,2,1,-1,reduced
pool1zeya2r53sxmqh2ux3ssfsrqerergnw2hjxmp63r83ntwverpqwm,NICE,13,2023-01-02 19:20:35,2072c1026e0e95771bcfd70bee7a6f39c24f239982bf9ae48968bacd2b44c642,3,2,-1,reduced
pool1rcd7qslz3xnpnk9u6tcwegy5r2574uf8suqu24ptg637jha3sr5,NINI,12,2023-01-02 15:12:42,e483177fd6acba65b9df3bdf8ebdf8c7c40b6295a32b4be04ea86022e0f8fc90,3,2,-1,reduced
pool13ws3wf9skw0ngg3aze482tdxqsnfmvf4vgy46cux599mxm8n27g,8BALL,9,2023-01-02 01:24:08,d4667629a387923d9b7ac47a6c9743d3b0d7d34f7560ab3b3edb9762c53f42ec,1,2,1,added
pool1pzcv2snyufcnjvd6nhnn069ujxyagh4lvzvrewxu0c6hxdnw7yl,8BLOX,9,2023-01-01 02:10:43,e111a8c8e7febc4437e04afbe380ee302290068a371a575442590ae914be3428,1,2,1,added
pool1utu0y9ukdf3xsl4sqleuwa4jsharkt2q3kmkahdpd5lpg7zpth5,ADAUT,2,2022-12-31 18:06:36,d52693836e0dc07d16cc446f6cb5e6ad60861b8a8720a3891da59aa460567fa9,2,1,-1,reduced
pool1wnrrg33lw9fxcn0h3x3vexh78up660ajgk7pvrlrz5kkcgh9khs,SIDAN,3,2022-12-31 18:04:30,3f3699236a683a595d7887f5b15b4ba45f8ba40b6b15a58da04a43dfcfe3a1d6,2,1,-1,reduced
pool17087kgd2lvmysclhrgw59zd5k9tnhkj8pzxg6ed0upmd2f0q7up,CGP,4,2022-12-31 17:59:55,84439e7ae9f8e5a542b47476819286b4c641e852178dc85cb5dea2436e374713,4,2,-2,reduced
pool10nw2295p9xkwtzpm26ewn79v3m2ez2yztjzqusc8n6kqxrja8wp,EULP,2,2022-12-31 02:23:58,eaeff8bf2bbeefecd7c5c214d68185bbbc6fda6a3175928f10cc538333d31da2,1,2,1,added
pool1cpr59c88ps8499gtgegr3muhclr7dln35g9a3rqmv4dkxg9n3h8,LACE,6,2022-12-29 10:17:04,2a047378ce539ae5ccbb6f2f3dfc2299b72d55c3472ed6e7636fec184256bcc8,2,1,-1,reduced
pool1p5ja48uqc7pjnuqvwu7cgmspvx938qpnf4zqm0x2k0ngkh4lkjx,SIPO3,5,2022-12-29 01:45:43,a20282bf3a71f72d5323549f2a705d62fd54a21e87742069670bb3025b2b3b0e,2,1,-1,reduced
pool18rhzlrv83a7ygj7cp5uv8dx07qkn5drhe8nh6f3qvhv66xcyj2m,SIPO2,6,2022-12-29 01:34:17,3ec0b0b85663cce5a527e5b8ec5383d99da139ead5f12709bc3b2cce4477b1a7,2,1,-1,reduced
pool1w6l6rvhxtym5psec3mvgrjlg28d6hrv8g9jjexadzmxfgndfg2f,SIPO,10,2022-12-28 15:11:05,e919557aa4cdcc126581b387ded0ed55e0e8a33bb3fa5e9424adcfd6116f3cdf,2,1,-1,reduced
pool1wxpzjtfr79pdfs6m6vg6xmcqjh79ff9d6sgzfdpvs2q26swahew,DMOON,14,2022-12-26 04:47:38,079a7b5e6ace3f70bd66dcb3eb02bef49fa43823a7f4990012fdbe475319a14f,2,3,1,added
pool17087kgd2lvmysclhrgw59zd5k9tnhkj8pzxg6ed0upmd2f0q7up,CGP,3,2022-12-23 00:04:36,cfee13f0669a93214b8fff539f7a1c0a57830aab94a10e14fc59e2c40138babd,2,4,2,added
pool1kmmahq4upmm5j8fkh3xa9vd7gdffkp8pd4axucfh4w4dw549yqe,,4,2022-12-20 05:29:28,3150f581fdc414602345982de48983200360568dd2b79d9caff0d9af56d93a9f,0,1,1,added
pool1r332ha95dh9nck7w92g7x4ecjglc7jg7l7tddcnnwf0vg97lk89,ycp1,2,2022-12-19 09:46:33,bf587e71e57cf780cfeeae8e958bb115337c71264ffa587fa8e5ac7ee083923b,1,2,1,added
pool1fzyyw44hv3me9xya55cnhsfntrx97vz2evz97x4gx88wwx64q6q,KTOPB,4,2022-12-18 06:33:34,6f1d6311fa470671337f4d36eafdf1061e53c02e47824f1f8a49958f12bf710e,2,1,-1,reduced
pool1wk37820zgughs6fj88st8j6qy5m6zss0vzeu5mmrjjj2srp9yf7,,8,2022-12-16 21:49:50,b9808f01537868594341b6d3224272c304299e136ec20210cd236176a9783e24,2,1,-1,reduced
pool1s09jaeq38rlfp3wtedlc82fwgu7xkl9mv7fqgu87qnggzzrqy6g,,13,2022-12-15 07:04:25,eb3bb07bb33ce42c7046dfb9965f9f1aedb6afb568ec42b3b6559b1c8e289c5f,3,2,-1,reduced
pool17gfj5t240hqaqr7vtrlrlhmyazw3lcyqvfd06v4kpxv7qxpdzau,EVOC,9,2022-12-14 16:47:24,7d5c2e2109f66f14b5ecdfd939d482c0e2870512ed869822edb951297db5778b,2,3,1,added
pool1vzpakzvtx46t7kpla6pus7wpnskeprdlrxc3snf897tryuzfh4v,LHS,9,2022-12-14 13:11:48,3d32e60388eb167574e3e56bf7f5003031c44578a73e17904d66a0b97bfc3ee1,2,1,-1,reduced
pool1glxxd5ty7ldjtuaxvzj4t3ryhtdtuhgmgm6gc78dkxkzsfhljh3,HOLO,2,2022-12-12 03:16:32,fab60b6d5bae8e0281cca1527ad55e5027856199709f634018b26eba3d9787ae,2,3,1,added
pool1ralkckmup253k79hap4chku450qyshezh4sasjqh0ltxu2gytlq,OYAJI,7,2022-12-11 14:10:20,e6a3115e0bcf8c6f16ae45af87dcc3c7148a9c206e9ff1e47dc24cfb29620b39,2,3,1,added
pool1kmmahq4upmm5j8fkh3xa9vd7gdffkp8pd4axucfh4w4dw549yqe,,3,2022-12-07 03:35:46,13e37966362184db9be312e0bcaecb5d9634bb4fe99fb6b1d135eed666980e57,1,0,-1,removed_all
pool1w7c2j0px43jmudhf48ezp7dy8j7904c9l3wc7809lhh2z026hch,STAT,10,2022-12-06 20:12:56,2e891bb19d721bc46b4221ecca8d8312f3ded63aae170ce21245bbc158575bd6,4,3,-1,reduced
pool1venk342j5dqg2a9ue6nnv854rht25734jqaxanngqtrjk6m89um,BITB,6,2022-12-03 00:41:00,3f25ca2e914dd5bbe7f7679ff3697564141d5f90cd2e03ad4c17b4c62054e0b5,1,2,1,added
pool1rvjj8cp3urh7de07pm0ceqha2x4lxws69lhd4429dm6djfjsy4l,DINO,51,2022-12-02 15:25:19,5fec90c79cec8666a8562ab2cc7f968a259542abf35bfe963102dbbc01534013,3,2,-1,reduced
pool1ewrm7y47s9hv6hxku9n5gfnsuspymp0qqpwgvgm9rvm37cek2h6,A4G,11,2022-12-01 20:46:19,0387e101cc94e9980ab711492922ccefc5cbffa8c55a0e6e21993e11892e9ea1,3,4,1,added
pool1w2duw0lk7lxjpfqjguxvtp0znhaqf8l2yvzcfd72l8fuk0h77gy,PSP,16,2022-11-30 13:18:24,5b10ce6cf76eb0fe9355bc705e9b8709143c6aa222f95127b6d4eb084da46507,1,2,1,added
pool1ytyw34lckr8k9dhn59h287wqry5lk6waqtfhxe6v94v4gsaa7vx,CZBE1,4,2022-11-29 20:20:44,9de1f7bed2c02f24a7ef1d9664a14ea3969a582d7f7d6eba143471d8b8ca2e23,1,2,1,added
pool1upx7l0yrsxt4l94t5xfckahj6m7pt5dpmnx6u60sjxmn5p5mezs,TEN,7,2022-11-28 07:40:04,e8c37f61226733dbd6c1e56ff263874170d14b478dd4d3abd03680afad6c10aa,3,2,-1,reduced
pool1lkcd3w5g6s6v3hf6kwt55dqpalrmq9h9f3ec033nnzhvgjgl860,FUND2,3,2022-11-28 06:17:12,a0199ca227833cee2dd63bc8451c49f74b57eac3887753ea39f561cfd370c954,5,4,-1,reduced
pool1jufp9k6gmyusvch65ra8yk2s7wu6cx5fsgnltl83p93ejg6h3xg,FUND,5,2022-11-28 04:29:33,2e7c46f04c0b1fd23049b8528b59279649db3f907fc66b3b4a1e2caa62858111,5,4,-1,reduced
pool1qa6lqyu67ghpa0evxfu9nzqkj3h82qpfku82ec79zdwru4pd25m,CNODE,10,2022-11-28 04:12:20,8524278c6b254b5e04884570953118fcda684d651a5925e3b5eb0cf09e3bb205,5,4,-1,reduced
pool1rvjj8cp3urh7de07pm0ceqha2x4lxws69lhd4429dm6djfjsy4l,DINO,50,2022-11-26 05:05:49,32cfd8fb2e9107c62ed955a196f48ac82125e217b0740b3fc3dbffa569a09c02,2,3,1,added
pool1umflj8hjq873fs9r6aq2zvgs88zrs5xjswn2znkdaehlz2eqy59,BANC,3,2022-11-25 22:20:31,624840368aee516bf973390c06f9c0680b0b617817daf1f3c746c35bfc40774e,1,2,1,added
pool143x8nhnr3j9mpzvhayuaen0y8l350guj6yd8mhmhhuupvuah3hh,XSEC,3,2022-11-25 16:57:52,45ff3f3275b4d35ac833101b118e3d89a6901765aa063425fa98826e07469d3d,2,1,-1,reduced
pool1z5uqdk7dzdxaae5633fqfcu2eqzy3a3rgtuvy087fdld7yws0xt,OCTAS,6,2022-11-24 07:56:04,1c946afd3e420b9ae9193c2eb8d83c4efa3b99e47947e4aa704608633e100f4b,1,2,1,added
pool1j099ctc7kcc9fa78dz5qwsy2g0n96lrgletwxvxmyzh4zd7ck0j,PRIDE,15,2022-11-23 22:43:10,d80dd8a7c538e73e9a62efb21ebbd9d0a68532eb8361ab5812404a48715c1e4d,6,3,-3,reduced
pool16agnvfan65ypnswgg6rml52lqtcqe5guxltexkn82sqgj2crqtx,SPIRE,17,2022-11-23 15:34:18,871051460e0813fb697a8365fd01fe404c8f633e40c549abfd13a54b70875377,2,1,-1,reduced
pool1s7hgkw2nqjs4l0vl4fu2f5ndzmnw3nfehchf4ekvscycscxj5ec,,7,2022-11-22 13:10:45,60cd1792b45aa39dd7a16eacf93e0fdd99cd9af94ac5f69a621837b9af453bff,2,1,-1,reduced
pool15fxktqvd92sq8plh3rjdrksumt9p8rzsayfk4akv2hng5r8ukha,HAWAK,5,2022-11-22 04:52:24,07a7e9469219a35932af5067eb7dd0c863d4fe08e2a2b425458c1f55213af992,2,3,1,added
pool1th6xh9uks6rywerld5aya0gc3yswwrx3yus9zvehyqaky5c6utd,AVOC,13,2022-11-21 05:24:16,019eecb52b82beffc5733fbb33f67d736c883ae936762fd73cd56da4cb9bbfca,3,1,-2,reduced
pool1085up093vl7qgwnqsuset7kdt3yflscdp6h8eeakuhyzwlhmq68,BPE,5,2022-11-20 00:30:50,aaf2ac782cd920881a6dd1867e84c8d3e6dffaa48f7a1b626eb35bc0a25b578e,2,3,1,added
pool1qtrmcca06yuu5tm9zfv6hantkm2xqhl24hnmg8knmx7pjt2cw7m,,3,2022-11-18 22:36:38,6541f8681165ddefbba707c01681756970601add41a1572999b9e2db8898038d,1,2,1,added
pool1sdvrd0sxh2mprqc3m9zmvrfccavzpz9r2uancg866hpec7nnt0s,FIALA,6,2022-11-17 09:05:10,e065cc92aa5ef49d81a83355944df246c8db3bf3829b47fb87ff8a05360c26e9,3,4,1,added
pool1qhs3cf9ymc2nvmrd2j8cs36cj9jdqgnqk6s9ngyvy2lz5s8rak8,PANL,11,2022-11-16 01:27:19,fb4329579e2aecd1d4a13d664825618c4b862f18d6abb4236ae0bf25a4aacf54,3,5,2,added
pool19k4azhj8tye5wwy5pfj7q6m938m8fg5nglds5dkhtfwnvcg3s0k,,17,2022-11-15 06:11:07,e3e4dc03caec236475e68f0d23dab3d447ef4cc46be2065972b8db7386a51fbf,3,2,-1,reduced
pool1w2duw0lk7lxjpfqjguxvtp0znhaqf8l2yvzcfd72l8fuk0h77gy,PSP,15,2022-11-15 00:09:08,c9d6289c6c4d91d3c2756d5155f9592fca80644c855cb9431e6409cfd1c412df,2,1,-1,reduced
pool1qaxrj6n50naglqmzj5puq5sd0awgy9wnqmykpwmcah4vzhndpve,🐈NNSP,16,2022-11-13 14:31:22,f8c5408d950af1975dcce5ccbf4da03975033ad3446caa7d4c8d801872066a54,4,3,-1,reduced
pool1qaxrj6n50naglqmzj5puq5sd0awgy9wnqmykpwmcah4vzhndpve,🐈NNSP,15,2022-11-12 20:10:31,586bfc9174c1a7c511596c2c136c8b6ae888d4f654a15baafd4b28d31368b844,3,4,1,added
pool1w6l6rvhxtym5psec3mvgrjlg28d6hrv8g9jjexadzmxfgndfg2f,SIPO,9,2022-11-12 08:37:12,b5f19d7c99c1f9d1f4551a36bdd31f8954af3963265f5bdabc2093cb72fafb43,4,2,-2,reduced
pool1p5ja48uqc7pjnuqvwu7cgmspvx938qpnf4zqm0x2k0ngkh4lkjx,SIPO3,4,2022-11-12 07:12:14,0c63b4deefbaf1a975a643dfbf18f6b510ee565bb29c82942591f9add01fff1b,4,2,-2,reduced
pool18rhzlrv83a7ygj7cp5uv8dx07qkn5drhe8nh6f3qvhv66xcyj2m,SIPO2,5,2022-11-12 06:43:17,d24858dbc89382fe513b5039de242a385ed68a123cd51ca9f36ca1ff59197365,4,2,-2,reduced
pool18rhzlrv83a7ygj7cp5uv8dx07qkn5drhe8nh6f3qvhv66xcyj2m,SIPO2,3,2022-11-12 04:38:42,d07143e9d798990215540cfee7b119b0d3354341aceeb1d4bd3fb12113d347a7,2,4,2,added
pool1p5ja48uqc7pjnuqvwu7cgmspvx938qpnf4zqm0x2k0ngkh4lkjx,SIPO3,3,2022-11-12 03:38:54,3ee578fc3a5c879b8ded58fd926322e98ca29080172e6742e3fd906c871802dc,2,4,2,added
pool1w6l6rvhxtym5psec3mvgrjlg28d6hrv8g9jjexadzmxfgndfg2f,SIPO,8,2022-11-12 02:54:23,e78c48386e92114d77260f1d770bfbc66612051f64310d8445125c1accf8e07e,2,4,2,added
pool16pv24th2tzy8k70vk4ms35tff0fjxfm2dd2psk7cvs27wnjvlgh,SDG13,6,2022-11-09 06:59:55,6c4621d19072739d6452a95a56efcfb055dc57364891c2ac7f108909d99e047d,2,3,1,added
pool14hsxa2zfwzvy9ncdjwnx0xkcltjmdydeayxfju7suuuewv0dnke,KROM,19,2022-11-07 11:56:15,8e50b21b36f4bc404acaa9cf56584cb50cbf4d1e5d99f407846640a1ce0458ad,3,2,-1,reduced
pool1eaeynp2hs06v4x8q65jfm2xqcd3dc80rv220gmxvwg8m5sd6e7a,HODLR,24,2022-11-06 15:57:01,7bcb075df0df0fd49f16062f0034a2d90cc0628627b39b01f9800c8788a429b3,3,2,-1,reduced
pool1sdvrd0sxh2mprqc3m9zmvrfccavzpz9r2uancg866hpec7nnt0s,FIALA,5,2022-11-05 15:23:35,d3af9e3b1e6a025bc399634d25aa745ce1433a90feada932865ca7702baa6153,2,3,1,added
pool1glll6eskvg5f4jcep5trqcgqa8zpekfv8d8a6jrprvcwum6u5jn,MZS,5,2022-11-05 08:46:47,7c46898b274f9cd16b77eb3f2ca989b9214144b33036bacb76a4ee53b9d875f2,1,2,1,added
pool1xdgzul0qespnz56zzrckwf4hcryyql9ypc4tya2dlu9a22h43ag,BIKES,4,2022-11-04 22:45:59,bc384ce1a942b597b13332ed348b5d0ec1178de3fec591206dee1b35dee68727,2,1,-1,reduced
pool1drxxm3mncpnn9zjruh3ppp44zhfrlqexckgr2fzejme5k8dmv63,,18,2022-11-03 11:01:01,de0b3929f157f3c3a95bc5fd039a16429cf17ef558b2493c47d20bfc6fb54bee,0,2,2,added
pool1r8lmsrdure385hz647kl2qjhyyxkdle4au5krjcsqed4x8227k3,MAYZ,15,2022-11-02 18:35:03,db70acae0ef6ebcb0029ca63afda652d6162845b859334b65e1530f821ad3a41,3,2,-1,reduced
pool1u0u2s080a5plun4acn6s70xa3q98ct7skt88l7w6nnwwyl9ecym,VOLCY,36,2022-10-31 05:31:43,88ac25fd213ebb5ae78915f82ec23d3b27f9da59e5125423b441e8e38b5ae5b4,3,2,-1,reduced
pool1r8lmsrdure385hz647kl2qjhyyxkdle4au5krjcsqed4x8227k3,MAYZ,14,2022-10-30 22:22:19,5bae5a8c61a9de380ba675220096a6a1c3c36a80860d0c4ca0a99e4f1086e750,4,3,-1,reduced
pool18ljuhhw27t85zddz0pvsmsjsz5k0mlz03pzsxgh8qarcsw5wycc,CAFE3,2,2022-10-30 21:45:26,41668fcb46b0aa29b476d20457bf290d037c87a309ae0844d5fb80646a5d3ebc,7,6,-1,reduced
pool1zeya2r53sxmqh2ux3ssfsrqerergnw2hjxmp63r83ntwverpqwm,NICE,12,2022-10-28 11:51:37,4ae59650bc5b13d20202d6d15197b33d6710d6bacf3314d3978869f6858da5af,1,3,2,added
pool1rcd7qslz3xnpnk9u6tcwegy5r2574uf8suqu24ptg637jha3sr5,NINI,11,2022-10-28 11:27:45,435019ff6856a4791e926b15056171e0f526df6b3bb2aa181623aa2e67da2fc4,2,3,1,added
pool14mf6n48dmclgg48t8e5tr93x8nc2fskd70lmdplcwdqsvkaaegh,URGO,5,2022-10-27 23:17:30,407caa53cabcccb339ba5ceaf5e2b0cc3060314bf0cb7a8a49356f047a5edd58,3,1,-2,reduced
pool1q80jjs53w0fx836n8g38gtdwr8ck5zre3da90peuxn84sj3cu0r,000,18,2022-10-26 12:00:27,f90eb02426db6cf591f4658fe7207328513c5849840b1cd47fdfaf0c173c8c25,2,1,-1,reduced
pool1s09jaeq38rlfp3wtedlc82fwgu7xkl9mv7fqgu87qnggzzrqy6g,,11,2022-10-26 11:44:04,a5d39f2e1c22b28f95749f9318c27720903a97203aa2fa9218298542c9249d3a,2,3,1,added
pool14hsxa2zfwzvy9ncdjwnx0xkcltjmdydeayxfju7suuuewv0dnke,KROM,18,2022-10-26 08:24:31,f33bdd37013accfba1a6b10e261d2f443553d75d7d19e00f8ebda27948eb5fad,2,3,1,added
pool1vqm5n5d503uumuc89s5y4wuczrwe3tlgylt2u2uj7y276avr5pl,BIO,14,2022-10-24 22:27:22,b936128c5008c39c57ba87bcc8a75d4fc1f91aa2cf0ff17995f303f2f87d90b7,3,1,-2,reduced
pool1wxpxss59wuqz5qzw7dl0v2fncgwc9equ67qkmgupw93fz2jqsay,SHIB,4,2022-10-24 02:51:15,4bae3cb678431832b26aad975ab62295581fc0b32b1a88f55af59f63dc58392c,2,1,-1,reduced
pool10rs8ty9j52x2p6gxqtaexx0pzact29hvxsu8ce37hk3gwkpz345,BECK,6,2022-10-24 02:31:09,ef2b599990dd1b8c132f451abbe2c423defb78a639b2a413fb8fd6ffc890cf0b,6,2,-4,reduced
pool1pfprlfz0ywcnewjegazz05ghgcfkvu40v6edsz6yn8w362sdjr8,ADI,11,2022-10-21 07:01:44,b23906b2d64cbaac3e7636e4663f2ac0dfc33a7c6e58c0d459d955145f54bdb1,3,2,-1,reduced
pool1257katluv06rs2zhp4hgkw24fy0qhx7ru0v07435w3fcjskqp4s,,9,2022-10-20 08:08:12,f886e60d45e25fe28fd1c54217d4c2f0eda4ea7d8c00432c011766d797801f6c,2,1,-1,reduced
pool127gdv243hfcrapslaqq0nnh64u2gts72gtrt4888g6g2z0zsu64,TTS17,25,2022-10-19 17:22:21,4ebb08a8b2aa7be92f0cb84d1e974d1a7604dc6a91ac4b66450c606b6bd4dd6d,6,4,-2,reduced
pool1cj8dxjjlyn9xmjavr98ytmvlpd4vwgqp36kq8rl6jjyt6k2adfh,,11,2022-10-18 09:06:54,d664398fe29b95a73077e249dffc196b56240edd5d43e3faccc80d08f51f5bbf,3,2,-1,reduced
pool1dqlgn7smehsnj5ztz8almy2036lfhrdjv79nmg9tmje0zzt620h,POA,21,2022-10-15 11:12:25,e3aa5f98dd076b8eb3f73c1ef8c7f4bc4051430e55d9cbbc3ab23ec8b06976eb,4,3,-1,reduced
pool1drxxm3mncpnn9zjruh3ppp44zhfrlqexckgr2fzejme5k8dmv63,,16,2022-10-15 00:14:34,731564fff1fc666fffaf5f7c97aa1490d4584a8909a4dd907b69df9336e53d6c,3,0,-3,removed_all
pool1s09jaeq38rlfp3wtedlc82fwgu7xkl9mv7fqgu87qnggzzrqy6g,,9,2022-10-14 01:25:18,e7fecf5f9d2766ef2fe0b17f7472ce2ed389c31db10226eea796bf6c6c89fb2b,1,2,1,added
pool1a6ft5ktrkv8klnadtuec6ku2khst5q5vtt67mpma02vfx3nwm7g,WAT,8,2022-10-14 00:06:27,d68dac398776c588a3b8e7653d891175b800a5cc3f6e3923732705ec1500bef3,2,1,-1,reduced
pool1heks0vmxkfka2amg9c8yn8qdsxvgmzelfx6jhpfkj8ht5mn0r2m,ADA,42,2022-10-13 08:44:54,225b41c70593bde0968ccffcbbdda0971898403630bbbc31c0a6d4a8ddceec03,16,1,-15,reduced
pool16j6m34wg86tm9nvs5r7crreunk888z9ucacxxfaf95sfys7vdz0,,23,2022-10-12 20:32:32,f18db46c0f5c5ced608662f4537ddc75519794cfaab2de90d696b73483ca162e,2,1,-1,reduced
pool1q6lzp5x6tqg04chsxakupgq6x829nsx2dk5w8h043fnajm8d3uj,ADAIM,13,2022-10-11 20:59:56,014e1651c76f95c5f73c4c696e9830eba4b143635729199b24e0456fbc479da8,2,3,1,added
pool1k2yfr7tapqzfgdn7vq2u44225rtqxctelr6dp0xjqggrwnx9hnw,BPP,6,2022-10-09 22:13:45,014bf72b8d8193544b295b36fcc7f55ffe5b21137831f123ffaae5e9ba02f7b6,3,1,-2,reduced
pool1cxd9pkptpkd6supm4dh0tlu9jfx63l4xjnn2fkvxk50y2j67665,CARL⭐,7,2022-10-09 06:38:30,2e6f8c969678ae2189e0633314c73011546b0b32e9782676125d99361dafa6ba,3,1,-2,reduced
pool1af7dmzgcyp9kc5lyrtrtpsce58l6j5cjvc8wavkwmzlr53ym50v,SHARE,8,2022-10-08 10:25:52,bb91ddec1be588d2412ffd3c432733ff803c55d17e7265a2710c0111dde9d8dc,2,1,-1,reduced
pool1vygvrczrlzapm25qf8w3cxz4gxv2azrp43xj6538tt225jjfcpw,1BEST,3,2022-10-08 09:13:27,874d1c217b6fa286fb5dc5a288d60a78fa357eea9b6e65d749f05b0f9f50f5e5,1,2,1,added
pool14mf6n48dmclgg48t8e5tr93x8nc2fskd70lmdplcwdqsvkaaegh,URGO,4,2022-10-08 00:58:27,d381d2c7fda75fa4176853788b5cf131a5a7cfe971a33df3827f898fcb28eb65,4,3,-1,reduced
pool1p82vmqednsalje23mpnz9u3qt9ruj79xu83mr6p8t93fw5fcu3y,RCADA,8,2022-10-06 16:51:04,e0e78890bc7cf716690d160a1900aaddd4b168465540c48b7bc7ae63845223ae,2,1,-1,reduced
pool1a3kdettzvvlqvkl9m9hwe63ggeq5fgvz0twqew5c62dzx99vsed,LEAD,35,2022-10-06 10:37:42,9d340e2d8e845e1e0e88a306ca7120c6b3d53b5accb9dbd36ebdd27c4443a648,2,3,1,added
pool18qddv82sx8p22uxzdrf0qx9lkewxadlr9ef45kpcf7dzz3n56qv,ALFA,7,2022-10-04 16:47:09,e79fc7338460d671cba2713adc6d8607fd4bfa2e0c087c7798e470ce37fc8a78,14,16,2,added
pool1th6xh9uks6rywerld5aya0gc3yswwrx3yus9zvehyqaky5c6utd,AVOC,12,2022-10-04 09:53:49,40e8ee446574aef2c7734669a18fcfd01c7300d23928ff2af715462c05fab3a6,2,3,1,added
pool1sdvrd0sxh2mprqc3m9zmvrfccavzpz9r2uancg866hpec7nnt0s,FIALA,4,2022-10-03 11:19:22,146869b00d1dbba71376c41d0d8703db3bf5a0553b9321dcca95a36459471ef5,1,2,1,added
pool10eltx2wej46e62ulmwzm35xfu0azu47yvpjper7gwhncqe74vg6,CHIL,11,2022-10-02 02:47:57,e5ab61eab6cf66596a5a314dd49ba841d2722c95bca401b7bb0c9e8c9fd624a1,2,1,-1,reduced
pool10eltx2wej46e62ulmwzm35xfu0azu47yvpjper7gwhncqe74vg6,CHIL,10,2022-10-02 02:04:26,3c7ad296a9da8f8cf0628e841e0c4098d50bfc3d0a6cd61504b2a8eb2dce0537,1,2,1,added
pool15hx9hze8ulcsw6e7ceelz2pem2g3u9c29wqe4eszkhspj3wcdlx,NETA2,3,2022-09-30 23:29:27,d6501e93ca45cebc4aaf07819e193e17fb41fff38e6472c8ae0f15e7e5a83496,2,1,-1,reduced
pool17h6slydr6rd9vquqa38p5cf9xqnpc24w6a99rhllcjzljgugx6x,NETA1,4,2022-09-30 23:05:16,be8f7c771861100a42c587a8b26f19a2b129b0fbf2a980a73a6f02e08061f6b7,2,1,-1,reduced
pool1kjd9ff9u5ytq4atavv2dfsg3pvxqw8d50642pzmpn386zel0ka8,HASH,9,2022-09-30 11:59:22,b4e216ed6bf066ba938cde9c12760f2916d054ab76de520ce53a8588d68a44b6,1,2,1,added
pool17rjst78s67lvellg8s586rf076jxa3wnsdz730f4xk2zwuhrtej,NORTH,18,2022-09-29 20:42:41,d365288619da5babd546e0be047579ef2b6de95c3b922cfea7a41b1659121dbe,7,6,-1,reduced
pool12t3zmafwjqms7cuun86uwc8se4na07r3e5xswe86u37djr5f0lx,NORTH,38,2022-09-29 20:42:41,32b1510e3ad06c96ab51337990aacc4282f65332c0183e1a86afdae888ec74fc,7,6,-1,reduced
pool1lfvzgsrghmugvpym868mh29288ez0nncz680mamzjygu2jpuwcd,NORTH,10,2022-09-29 18:28:55,824c5e4a2baa94e75d1bc4e345eecc41b1925a5032d2feec1339c39073fd9b7c,7,6,-1,reduced
pool1q8a7ym63gurl72wr32je0tv0lp4p2uh8vzzc6rn6un7ryslvqmu,LSSP,15,2022-09-29 17:13:31,61831ba91ca437c0b103f8af99ca7601e2b210927df1c604be7b0186809f9bc0,4,2,-2,reduced
pool1k633phcvz2hjhj45evwwau4w576jpq83acg5h84w23jauqu56cw,NORTH,8,2022-09-29 17:04:09,c3002c30d165f1a6c1b1b3542372c7b0a0fb965e54f20169bd59971d209ccd45,7,6,-1,reduced
pool1nz9h4raywm6mu2v8l7htuaqvmn06l3mepuaxynpzlwljsf8txhy,NORTH,12,2022-09-29 17:02:57,09a4a2e28413a16c84b18f3285d00dbee9749ae4401d9a8533fde8539c5719a4,7,6,-1,reduced
pool1kjd9ff9u5ytq4atavv2dfsg3pvxqw8d50642pzmpn386zel0ka8,HASH,8,2022-09-28 08:36:02,761a960eaafcacaaa4bdf6d7062adc9b65e5d17b5554765df96b2d657bd1c48c,2,1,-1,reduced
pool1cuccvs6vdlrxw67kwvzdx3gcl3ha0402mkhhseqmre7u7vdkwev,ADAGO,13,2022-09-27 11:19:30,7d24bb5cd12266f3ad6f002c45dec8303b4b0d07b09a1e991284ebfc44961ee3,3,4,1,added
pool1p8yn95k4wgznc38ezckler84ufc6kxemmsvptv74r3g4zkxj24q,BUDDA,13,2022-09-26 16:20:54,158845b026fbf1b621b447d82d3b00f33c56e19e42acca68c5415538e91bd0d3,3,1,-2,reduced
pool1hnp560z9e5acwux8tjguxq36j9r255zuf02u7z2d46dvcf5zhns,LCP,6,2022-09-26 13:30:11,b21a2c6ff3f2bf0002b5d5064b8f84164ea505274ee1bbdbc1f02ecf53beefea,5,4,-1,reduced
pool1rthy0xp2syng0cydp85wvz973szmq2ns8u5p4hdedkwlyhry27w,MEDA🌌,5,2022-09-25 18:22:49,e9d3ee957af56504975ba31897a112a0eb953459d035c4dde097587fdd0ed7ad,1,2,1,added
pool18c2qgn5fv5vfhsvqjvn20j943qjaegs0dylgpsmmwz2lx03n76k,BETTR,7,2022-09-24 22:14:06,fa4ff749b93aebda3a08fc8fbd8216d7776a1a180f798e974b7c019e2421e59f,2,1,-1,reduced
pool1e98xlcgj80c3rdmm27v5hnvrdtut52e65uk0ema7ctfag596vr2,COSD,11,2022-09-24 13:21:19,139c2f143d16c499ffdc8f83797faec4e8da37a0d51e78e39605eb6edecff439,2,1,-1,reduced
pool1g6rm3p7695z7xfhp629hcsj09njun2fnsz03pjrshw8rgs7pluc,,35,2022-09-24 09:11:25,63fc78c0fd6238c9aa6296168159f4c7293dbfa09d19f73b710f03ea276201cc,2,1,-1,reduced
pool1qu09ve95eqz4mgygn8a85jhhpce6578lvfvs3ltv5flt5xv66vk,,13,2022-09-24 03:31:28,1a918cea932a77b14f86cf99c4da2f762a508c4c6900b24363dedefb6c7b12bf,2,1,-1,reduced
pool18jqumjfevywycjj54m62g74ghds4mmuyqynpwfkaem0xktazlqw,CEX,2,2022-09-23 11:50:44,f3256bdcac21450b0608340c9bbfcff0f0aee0a9fc2d8de6c86fc18a1f965403,2,4,2,added
pool1t94qdjkuu5qmtpxuljrnsvjdctgf0sr6vfu34eqseztajsxhsw8,,2,2022-09-23 08:22:43,3be5401bea151c184ed83bb48c94e80e9600f92f3d7f0b05dece1e67fb498c66,2,4,2,added
pool1xcn2yddehm5ncjx0p24vkguth4rta7zv3getcztflxs3kh9rexd,MONAD,22,2022-09-22 22:24:44,fc105d561d3c9b5e5d0e78ab6f8e05444db1677b3a13d61fd6419a944292344e,2,4,2,added
pool1xcn2yddehm5ncjx0p24vkguth4rta7zv3getcztflxs3kh9rexd,MONAD,19,2022-09-22 21:53:02,7ecd9ac38a256fd279646f82f488760a2061ee6a0badd3befad4bd5d2dd1d3e8,4,2,-2,reduced
pool1a6ysvnx24xsjh2f6ehgmx7yu9q45fd7lsk88v2swxkek7pkxtgp,VIVI,101,2022-09-21 08:35:31,6f018fdcda8f841b5924197506ea9dbeeb98cd605fe22151193ea2ad954f5361,1,2,1,added
pool1sduhuyqh3kecve728ghxyzqxegfgy7t98669yq5vx99m5k5lcr0,SPCRA,2,2022-09-21 07:43:00,41564b7b54f2c58c728bd7afb292b88a1475cf1188324174dec79e9131c884ad,2,1,-1,reduced
pool12lmfzu2n64dxtv35p5am4qhzkxe4uxcrxef63zfuylvwzly3zm4,TAROT,4,2022-09-21 07:35:24,3ba7d11836b8697fe176c1b1cbaf6c5b7c05ddc0fcd6b9651ff693e18cbf5c5d,2,1,-1,reduced
pool1a6ysvnx24xsjh2f6ehgmx7yu9q45fd7lsk88v2swxkek7pkxtgp,VIVI,98,2022-09-21 05:17:44,c2cc99e46470f8f3cd5c6f2dea07b44ff6db76894acd2f31eb68662095f0850c,2,1,-1,reduced
pool1qaxrj6n50naglqmzj5puq5sd0awgy9wnqmykpwmcah4vzhndpve,🐈NNSP,14,2022-09-20 15:04:21,baac7ad237d5283e101d601b8e3a4d09bdd9bd84f33178c6d2ebe04ae7b31b18,4,3,-1,reduced
pool1quj6cp7w4tarq7hrcdsjxlgcmnunm2xvnpvmj20l9nplue6rjxx,FGPX,27,2022-09-19 16:32:46,d4307531648c5771accb8093b452c81309ffa55ce0507bdcc6e235915a4e993f,3,2,-1,reduced
pool1t0jheek3yftf0a9dgzgr2hc2wttwrcjyd5whdrek4ggcc5famre,POND,11,2022-09-18 16:53:08,e5ef497069d8d53a3d450643f18dffd349011387c7fd39ecb82e35f573a45dde,4,5,1,added
pool1gyasf94f8l6w7ht5x6pga9my6dmh346dvznzg5w0hmg9w4nv8vp,GENS5,7,2022-09-17 15:15:14,7afb951fd89de9b2c4f9d01945901006d85c9f768a50df96a74be5b3639cd6e7,3,2,-1,reduced
pool1p8yn95k4wgznc38ezckler84ufc6kxemmsvptv74r3g4zkxj24q,BUDDA,9,2022-09-17 08:27:14,660e92bd2211e51d0e75b217e887e7a05b3e70d8d24c575164428e58b62cd3c3,1,3,2,added
pool15zms2hm7rqffqcdm2kzkv7kz02w6j0kzkhyvn0c4dfctjaaqggt,,33,2022-09-15 21:05:09,d6b09ca51979df34af58fb0b6a8c969eda2e1e2afd8fcec0b23a54a3b6c88146,9,3,-6,reduced
pool1p8yn95k4wgznc38ezckler84ufc6kxemmsvptv74r3g4zkxj24q,BUDDA,7,2022-09-13 16:40:22,c272edd08c98ee81988ac01e4b41506d9dd42f52f49bc28b0f3fc9820870176e,2,1,-1,reduced
pool1p8yn95k4wgznc38ezckler84ufc6kxemmsvptv74r3g4zkxj24q,BUDDA,6,2022-09-12 16:21:52,3987d3da250da7d86d8738c18ca5b1aaa7c1822ee931714f3cb2b0349c8d7be7,1,2,1,added
pool1257katluv06rs2zhp4hgkw24fy0qhx7ru0v07435w3fcjskqp4s,,7,2022-09-10 17:02:00,739a7b289d05368910a88ae391f966c67eda3cb34178aed2283eb45b14dd76fe,1,2,1,added
pool1mmrh2l3t5r7w5l7e82ven0e595vhgvu0hyf4ttrgcyejq8gwqcm,FKAI,6,2022-09-09 18:13:09,4fa4583654b3161f6764fb49fa8d2fe1fbf1ae3b2c919842d4b64bd8b1e4e23c,2,1,-1,reduced
pool1rj8zkzk3dm0lmnjtafczqfp8sshmang8gg85eypjeh2e6cve0vl,STKD,4,2022-09-09 18:03:58,dc3d9b286c6a66f0ed890e0a65719b3eaf821c8e628ac486b51327f268c773a2,2,1,-1,reduced
pool1tt9jnp33mua5vznrdm8lja2qpjnam8w0lhx982ssjexv64rm8fr,,7,2022-09-07 11:20:06,cbf560b5143ffddd02e3b654bdb35bf29c17fc924fc7c8614ee0b2a3e0a4ffbe,2,3,1,added
pool17gvd032slmxg267lp8rwcykkfa52txm8ylefhmdsdkytzugrtaw,STPZ1,10,2022-09-06 21:47:56,408e6d43681ced3f5352f202947d9cc60e5ab3ba35f42920f8ed13b4639ba7e3,1,2,1,added
pool1qaxrj6n50naglqmzj5puq5sd0awgy9wnqmykpwmcah4vzhndpve,🐈NNSP,13,2022-09-06 16:59:35,a97fb9e62db9508e2c535ef212a0e81652561fbc22dd3861b7c6d8898435c3ed,3,4,1,added
pool1ept87cczsj37l6wuwem6ed0teuu5ed5ljp6kldusqnx7xhsp02p,,6,2022-09-05 20:21:49,08e3b98813073aa9d4e1b0d560072303187a1931cb7e22b10d541e1a686aa887,2,1,-1,reduced
pool1k6jheduzrrahqc3nt3htpqhphne74l224fc45yqzqfg9j2j2qqc,,7,2022-09-04 04:34:22,de7559d1a8ffe3da2fb8d81863d9c64c006ea89951ee8f08a8df4b0b19ed1e8b,3,1,-2,reduced
pool1qaxrj6n50naglqmzj5puq5sd0awgy9wnqmykpwmcah4vzhndpve,🐈NNSP,12,2022-09-04 04:28:04,3008187afe5b15ce3848a03e8fef4fcbd82f64e8d72dac14c8019e70f6877e56,2,3,1,added
pool13zq5jktx7xmngfer82nkrs8aqjklmydntxdqzttas328yuttgx6,VICIS,19,2022-09-02 19:05:29,3075542bca543c318175c3324bfbf525063114a30a481b18d8c7e0f83cb4f82a,2,3,1,added
pool1sk64cyef3v2m000eshsdz6ydu3j7rczuyv93dl76euyev7pslxg,SAIGO,3,2022-09-01 06:23:30,db5da0397b4959c37220f562797de0610022582577a6dc621bd667ab2f6d809c,3,2,-1,reduced
pool1tgwsxdt0wuet80r3axcaruh3e2yw2s4lqy7mc7ldppkzj3skpw9,BXC,2,2022-08-31 20:16:00,8795b9cd59a1f6886547c6bec6d4e5738d9fba2b79823e7e1b2b70be3ea6e783,1,0,-1,removed_all
pool10p6wd9k0fwk2zqkqnqr8efyr7gms627ujk9dxgk6majskhawr6r,BBHMM,19,2022-08-31 20:04:16,774d5f5545c8023bc6deb7d0cf01896a28a1aebb9ce7204695b2d594a3c815e9,3,2,-1,reduced
pool1r55hyfrd3tw6nzpkvf4rfceh2f04yph92fc462phnd0akp2s5r6,COFFE,52,2022-08-31 12:54:19,0421df60eb9d6a77c8b186e4fd171b708d28d674ec89a697580d22566e96b3b2,2,3,1,added
pool18qddv82sx8p22uxzdrf0qx9lkewxadlr9ef45kpcf7dzz3n56qv,ALFA,6,2022-08-31 10:25:36,15a25b53f983d6bfd5213271593ecf0f8a645c267c4d063d9142fdbdb06fbebc,4,14,10,added
pool1q2fh3cl6rx0wv5gry4qx5l4h65qpjf7x99xmq66nqj2fj5g6u9z,ASTCH,9,2022-08-30 21:11:40,b1dbe9aec73ca0cc6f4cb696e098a912e23f29692cd6d8a71548d98e4a7248ac,2,3,1,added
pool1g5k0fks847av9zdayg05htnj8wx0ah7jmnwwqlt63rjdzyjr93n,ADAMS,13,2022-08-29 20:08:39,8cac0f73aebabc9c0e1599db26a1a630fc8aebcc38cd8f2867cd609f96b2def1,1,3,2,added
pool1tx6e7gewsrcceejwpa69vrhlhay6862amaks095pmw9jxulwhvx,,7,2022-08-29 19:29:34,ee4176254ddb76e691c7b4d50f5158dad0a1c7c908f1a489f01f23d744f18085,2,1,-1,reduced
pool1eaeynp2hs06v4x8q65jfm2xqcd3dc80rv220gmxvwg8m5sd6e7a,HODLR,22,2022-08-29 02:50:08,63f1f1b63ce0bead2093b8d22bbd49c4ec9da709ce2515243353466325c408e0,2,3,1,added
pool1gf8a46j6hvhad8e48hez4084x34snpua8k7t3kzy9w42q6w60z8,GRADA,9,2022-08-27 15:10:49,1394e48f6ead87ff2114b3391493c0c4f35592e2b22ba5c82fa06fc5f6ca8986,2,3,1,added
pool1lg2kh02ffljktystvakj5y27ezc3u7u6mhquk9w94676vsmntrk,RAY1,2,2022-08-27 02:05:16,5cf72aa74c059ea185e6ab0d08fb5b246be216f4cc5f44b7d99ef8920bcd1129,1,3,2,added
pool1zkdaju2rjefa52uh6yh6etsxla0x6aqs6p6wm245y5szk7k3msd,A3C,2,2022-08-25 16:07:33,a48539716c41d909aa9005bdef4021a71c9d35ad6aff0c41297ee7afb41f3151,1,2,1,added
pool16vkczv2z6tmynp7up0hj8pjd3ajzh6h28p5cl4uul4hkskksjke,MOJTO,16,2022-08-23 16:34:27,90d3303c7d251b7fa8afc6c9115678a2071ed9a563341c3ea255e2f647970106,2,1,-1,reduced
pool1r55hyfrd3tw6nzpkvf4rfceh2f04yph92fc462phnd0akp2s5r6,COFFE,50,2022-08-22 17:05:45,50cc75b540dd3cd201c2e1b668b93d292ab92e868e5d396e2cc28857a7946d37,3,2,-1,reduced
pool1rk28hp58ptwapha9nc944ast32gln8a7hx6eue0gzuj7sndzrhk,NOCAR,9,2022-08-21 21:25:15,c99335136e0f4807a21546dc2d1a2a8c89647606675c81146de84df6e10f9d7b,3,1,-2,reduced
pool1r55hyfrd3tw6nzpkvf4rfceh2f04yph92fc462phnd0akp2s5r6,COFFE,49,2022-08-21 06:50:24,ef0624fdcbef8677f80340c297b0c45ed20e5397345cfcff81aff7a9ce9cb89a,2,3,1,added
pool1prc9hna2mgamtspchrygc66s9n4tlkvh39e3t9zccef4kzc3ns2,TERM,4,2022-08-21 05:39:48,7c16b812b87710aa92b10713ccc0af81ea587e50fe929bfaa2d808f612adde0e,2,4,2,added
pool1vwf7ptdmz4vlgah5gfs3agf98v48gwszw6zxr0n39jx9z9avu7n,RAY9,2,2022-08-20 15:22:19,8de37f0ffdd1d8ba50a2b1e064c972f1149c0f1f0ae0e60bcc02a0f38e97f04a,1,3,2,added
pool1a6ccp9fpgn40r2jl7fapjv3224swqf72z5gt4cgwctnk5etfjlr,,5,2022-08-20 12:16:25,a1ef18e6356daffd4e43aabedf2147d8b220d7b43830729c8dddd9bb538c0114,2,1,-1,reduced
pool1agk62kg0s9606v78exurl53mqsdu44d6qeuzypur5e7ku6gpgzp,,40,2022-08-19 17:44:29,234327704b493a2a378438c3c80e0f26c73c9aa72f6d546dfef0445be0503be3,1,2,1,added
pool1je2n5smmnyn3lh92xrp8nepjyfp596ypga6pmdecwtcrcj9uvec,YOADA,33,2022-08-19 11:37:21,1fe80e36f9df085ee1c003b1ab5cdcee0b1fa1795c3e7a4e20d4a2e2a4f7c830,1,2,1,added
pool1mmrh2l3t5r7w5l7e82ven0e595vhgvu0hyf4ttrgcyejq8gwqcm,FKAI,5,2022-08-18 13:16:35,2d657a4db464c13731ad46269447117d9ed6519a2d80df6fbf43a031bb39e97a,1,2,1,added
pool1rj8zkzk3dm0lmnjtafczqfp8sshmang8gg85eypjeh2e6cve0vl,STKD,3,2022-08-18 13:09:53,2b2a6f1595e52359b3f08c6a9710b4d5e0cec857438dee4fd9d8b4886dda6012,1,2,1,added
pool1hy08gpvzkutxkg3ccxwmkzqaun9cd0styl4dtpqp2yxq2rjxehj,,3,2022-08-18 13:07:48,cf5000021a0f25d8ebb26e544189a2db0cf12c77adfa5ea7e887ed18214538e7,1,2,1,added
pool1qlxxw3zlgx0kgv2cel0n6z3a6yjs0w8grwtp5xwna8fm2g5tsda,,2,2022-08-18 13:04:26,fc47645d5d1eab66e802037a9a16bfdcb5c8989ff2fea5c1637a768fe8f6a2e7,1,2,1,added
pool1dzkrcxlqgamf3dwgyh89nrx2xkwm7cfju9mp54eyqwulku73jxs,,2,2022-08-18 13:01:48,15549229115bcef829cc8d4dfdef6ce5338293aac30632daaad6bcc3d2bd88bf,1,2,1,added
pool1gwljutrkqx7km7ec2e8u93y0tvd8w07mgz2aaeqj75h9q7tntmq,,2,2022-08-18 12:59:19,0cbb1169570fde9782acc61e854bac36fb923bda4ec3246705eaf35d67c6e95d,1,2,1,added
pool1xk3ck79lra9c9x5c684lylvg8vlexmh0eh7w90t6s0zvw6k5vn7,,2,2022-08-18 12:57:07,f06e82d13c9b7dac04a352df82d71aa557304d2c8b0aae7893fe30330c0e0df8,1,2,1,added
pool1cljrz5vyw7jp2mp23nt9ywn2wdg5ulamhalw6d3mng326laxs77,,2,2022-08-18 12:54:07,e8b7a46c21f287cb6d9e9d992f2a513ea3f8ed9f62200e4957b30913d936ed5b,1,2,1,added
pool1tpd9mcw6y5mx05gv9rgfkl6y0vsdswqs8qdexmf8vstkqk0snau,,2,2022-08-18 12:37:06,d9db8c391163deac3404b0479fa1cfa4083f1934ac048bbd7ad01f9df1b1f1d4,1,2,1,added
pool1m4r66650ugw2xshz3gtred6wdxcn65v48r0r6p4vy64dy276q8h,,2,2022-08-18 12:33:50,bfdb9c3f913e25e52d9b2d94e2796bc59db5fc7327719bb1456c691c0221b526,1,2,1,added
pool1g6rm3p7695z7xfhp629hcsj09njun2fnsz03pjrshw8rgs7pluc,,34,2022-08-16 23:27:14,d2b815be7b00134bda08f9495cd5c88e90750f1145121a4d1d1af52276153598,3,2,-1,reduced
pool1kusq9ku7q9ml9wkjvujyqygsl80l0czx0xdwkgxf0p4074ls4wp,5TL,3,2022-08-14 18:12:50,ed35903b85cc32f5bd0761d2dac7c9967a6e91bba261ef70dbe3fc84e9c1df6a,1,2,1,added
pool1x8z226hvsvw6l80f5qu0j6qlqustjcudna30pvk54tgqwd8lche,EVT,26,2022-08-13 21:12:29,3a1815f4a95cfafda9ab2d964808e7e3e4a36830a416637332deaaf3dbcea295,1,2,1,added
pool1fkg3cr9en57ccsmnde20eevkaeu3elp0h4yyqk3udkkxzhl70ju,ADMON,15,2022-08-13 03:08:34,fc0ab22ff5ce092486a3264177c005c54879576bdd063caa31b55d1516522fd5,1,2,1,added
pool1fkg3cr9en57ccsmnde20eevkaeu3elp0h4yyqk3udkkxzhl70ju,ADMON,14,2022-08-12 16:14:05,17a14dea5c74d3069a0f065ba18459eb422e956952e83810fd21cd5476e76ac3,2,1,-1,reduced
pool1wp7vqk4mkx0w0wxzpy8avhft4qwcg60xldwem2uh9n4pw777fhz,,20,2022-08-11 14:39:11,438eda6783ed28d3e73b4d9d3924b6957d72fdf7a279239ff368103cfbf6fcdf,1,2,1,added
pool1rzx598y7rd2ek0k4x557cnxffrtjuj509evyj53mk7yajppymde,WELL,12,2022-08-11 04:54:24,b9c16059f10ec184411aff7f27e348236b0eafa5fe9d4c0f7a1b69c6347c8188,2,1,-1,reduced
pool1p8ap6v2k60kkav3hqcchwltxhuwpfw2qtj8txcw4scp76hdvgmc,JNGL,2,2022-08-09 22:50:57,b2fd69256962773f544f5285ef9cb84e600b4ac82c29634353454a254096f462,1,2,1,added
pool1qfdzhvd4kttdew9klp89jtuts46dnecxdj36lwax9j2eyag0v6t,,3,2022-08-09 08:22:14,a757e05301f400def2c9cab1c994cbbbf2d22ebda91ca9f2029d6395ba99b418,3,2,-1,reduced
pool1svv9st22dywp9exwsltt7cdc4v2dyrf4zls00jesv2lzvpz45jh,SCAR2,3,2022-08-08 00:21:11,c89109771b95f8fb464294b7bd96369a598d4170b139eff6c8ddfc666cdace1c,1,2,1,added
pool1vuwavngz2hums4ll34z9afdjkn826wnzgy2kpmnynhd0wr5qxkh,ALKUL,6,2022-08-07 19:56:13,ed2b9db4bed99b6753f560c6b652a0eace808273e15a6baba171582a1c7bbc3c,2,1,-1,reduced
pool1au6mugzekrwccr2eek6qa8vlzpnv7efu7qmup26xe2jfk9vhtce,OBAMA,10,2022-08-07 10:53:56,b33b03e3467e6e2238ad3f9624fb5bc6c004943760a990517c519aebf7003005,5,2,-3,reduced
pool1y3f9qvq2umfqnm0w20ayux8lczchcakh3v5wz4j5z89aqfc73ea,SANTA,7,2022-08-06 09:35:17,6c2b63b6b4de71abe9e75d6f323b2b460825e1b6963949957119763ada0a9933,4,3,-1,reduced
pool1au6mugzekrwccr2eek6qa8vlzpnv7efu7qmup26xe2jfk9vhtce,OBAMA,9,2022-08-06 02:56:35,a742cb5d29ebc8085043407954e9e0f8e809a39ba8d923842ccddcaa91ba3ece,4,5,1,added
pool1g9dq4q05spsaxm0u3cqxyszycjyukzvdufc72etgtc875el0key,FLOKI,10,2022-08-06 01:21:16,565151c7905503de0b91ad32168cc0ea5946ad3cd83bcbe0f473457f8591a984,3,2,-1,reduced
pool1klq8yy3rr6k4ez7uwkzz5ku3yuym3eeg6g2ne3p9f4hnzfycfkl,,2,2022-08-03 15:04:31,191499c3224824669b953e0f9548731a55b9b2437042275ae0e4ef7d0057b9de,1,2,1,added
pool1qprj52nh0j32p5vq290rludcfz58kujyszt5ztfvj2ymx43649f,,2,2022-08-03 14:59:27,1459ad532e680b1c5ca9a22f0dae2dcb0be15707cf326ec58e8331e290851714,1,2,1,added
pool1796kveuwxrquwhwnne5g99er50q6alcaf7yjf3kd6xr5vemfaqc,,2,2022-08-03 14:55:39,8f89d200f8c668df35230f2b5c9074b0319699b56ba4c13b10a0d1f7a0da89de,1,2,1,added
pool12h408zlkavwxw4wkw96mt8unjs8sn27k0yk4yhz4pzvsx0wvmq5,,2,2022-08-03 14:44:45,21650e370a9057ea6a32a986c210739aec7d3d157f5a09a7273c3b51c40848cb,1,2,1,added
pool1ews5ryrhl5az8egrvun68x2wdhgvthxjtx7m380ksc6rzxkqz2f,,11,2022-08-01 21:55:23,5cb2c5af9c4e13d31f9c169a6e0813bd3ce90b734f441082e1c5500dfa2043b9,1,3,2,added
pool1fpkjz7j77m5ukhjx5xvspfttrs0578kyxa9hgn0458hk55wp784,,3,2022-08-01 19:02:07,b4c15db7460bd67f2caae59e9bcd32afcbfca002d385b22eca03948c41252d07,2,1,-1,reduced
pool180fejev4xgwe2y53ky0pxvgxr3wcvkweu6feq5mdljfzcsmtg6u,CHIEN,13,2022-08-01 18:29:16,b3d79ac3b34cde172d9d733277a1eaf04fff234aa235156def718cca672267b4,3,2,-1,reduced
pool1x8z226hvsvw6l80f5qu0j6qlqustjcudna30pvk54tgqwd8lche,EVT,25,2022-07-28 17:53:18,0599ad74d70c169195c7d4cf03a5bc6ca39b2a770b7fed270ef3759de45489b3,2,1,-1,reduced
pool1je2n5smmnyn3lh92xrp8nepjyfp596ypga6pmdecwtcrcj9uvec,YOADA,32,2022-07-28 12:30:39,65634cf24ee0d2e05782c8648fa7f8bab91a067952da6de9f3bcc7eefe84cd75,2,1,-1,reduced
pool16pv24th2tzy8k70vk4ms35tff0fjxfm2dd2psk7cvs27wnjvlgh,SDG13,2,2022-07-28 05:58:28,e5a3bf6889685f454e0b482541d21156f8f12e2ec80d6f1ea3df30e9a1a80028,1,2,1,added
pool1drxxm3mncpnn9zjruh3ppp44zhfrlqexckgr2fzejme5k8dmv63,,15,2022-07-27 10:42:35,b2127f09b513adf42441436c6dfb647ac4be5c32bb49c0d8c94210c0919272eb,1,3,2,added
pool1w728ekz4fs2f33qmqf7047hvwsmarjrv5l575ncnh7hkc0zdhgz,LAKCV,6,2022-07-23 20:10:23,b084ce1f92c72653a2f44ba02c74dbb1e85755f760930cb73fe021de2818570f,1,2,1,added
pool1dkpt0xwf0wzh0xzkqzxlyygznj9pt8pw6sdze7cs8tdd26hc3v2,ADSND,15,2022-07-21 03:11:57,1abecc2aaf85d5d1182ef957e94c88e70a5e5b8f926eabf29f5956dce115e153,3,4,1,added
pool1fpkjz7j77m5ukhjx5xvspfttrs0578kyxa9hgn0458hk55wp784,,2,2022-07-19 17:40:34,e10a181d582d1831d27a5034cb4b2ff901c2eca4333a953c4c1e3956d9cf96bb,1,2,1,added
pool1fts0a4clzu7wyhdqw48cpg2kwvstzeqddtwj34pxfw9jgvznu0q,,2,2022-07-19 16:20:37,30ada038c8d84f87007730a2df01ec529a58b0c6ed0fdefdb95ef56dd9c01c4e,1,2,1,added
pool1tgnjac8edmu0ptgzpxc3lg5p970wm0rga5crxelu2z70kjj6vpr,SONLA,8,2022-07-19 07:50:55,38b0b6cda82afee1c83af767ae4aef6e429f4c528c2c2f25c5100146bd21671c,2,3,1,added
pool1vev8z03vh7jwx3mfrgzrt9fltt97nupaxv8ffj4r5r8mgwts5ze,ADAOZ,25,2022-07-17 23:56:41,6d5e97c9f5d5a1373ccb0f0cd10b165d2a57eaa59d05a1c8c75fdac86b13e487,3,2,-1,reduced
pool1chzrvd7wzmw8ufsehctn8fmf7ca27xf7d6f5tpreat7kxx6hwf9,MOBC,17,2022-07-17 15:50:22,60555247992e4116dc6029061e896b6fd09f2076d68f650000f4413a0fc55116,2,3,1,added
pool1q8a7ym63gurl72wr32je0tv0lp4p2uh8vzzc6rn6un7ryslvqmu,LSSP,14,2022-07-17 14:20:50,509a82927c90e31fdd369ebbcf063d20579e783d31981f3cc57a0ad933117c16,2,4,2,added
pool1hjz482dskv7vvc3wpmgwy2avx784c26xq8v5pc8dm0ne6shyfzr,SCENE,4,2022-07-15 21:21:41,d0a2812bd7bc496eaf46c828451c320bbe31606f44e2385bab16fa53e63af830,3,4,1,added
pool1xyx655q6ch4d99fuewwtkdwjx5tvfr0rzqvmwehm2cpzj7e2wgl,PARIS,20,2022-07-15 09:22:25,739e873a3b5e71ddfb9cac5c33c734199c7c2c1e131f69ad1aa69b94982cc903,7,4,-3,reduced
pool1yk8yr5wl94gu5dnfck38q89lcghkmgd8aeykrlm7w3qc703alar,PROSP,5,2022-07-15 01:52:02,b2935214a1f42768cf55c842d90a3cee146d09e0a6ee16a7af0973dd6e47d381,3,2,-1,reduced
pool1hjz482dskv7vvc3wpmgwy2avx784c26xq8v5pc8dm0ne6shyfzr,SCENE,3,2022-07-14 19:55:05,33f722add493f2f4ab9db7316c467ef9f3d267d9bc34b8841325efb6e07bff8b,2,3,1,added
pool1fu6ppur5uumrpydpeswzrvfg4epr68xw39aar9rcu56tk5ukat3,,12,2022-07-12 16:56:48,fe25196e730fb15264679b6f5a8cef26ab5bfc29003c3c889483806d964fe09f,2,1,-1,reduced
pool1z724xxqgzf9a30eejsa4edznmv8hgy27ssxqfcpqz42sc6lfqwu,YYC,6,2022-07-08 14:21:41,7737531610e9cb60ce55028eee9e6b9a480486d8310df760ece535f226ca2ce2,2,1,-1,reduced
pool1nhlv5z2lsptzgcp9ype0mppc7zyndm66ypm4sw5hy27ewdchqx0,P2P3,4,2022-07-08 10:31:26,2403247494c9ba776a951d8d6fd6f261a03ff80cac40354973eb76037f7ff062,1,2,1,added
pool1x0qm7xsyh2za3ltprxsgael544je4hg8tc3q3v5gv232z8jt4wp,PPCX1,6,2022-07-08 10:30:14,2dbb5fb6ea4573d473f4fd5f908e2ffa084da703264b021f4cd0940b7fa8b752,1,2,1,added
pool1fzc5ma5nwhfe8vmj3gqm7w9qf8qtrmkqfktnjgk2hq6uxjdnkz8,SBBQ1,3,2022-07-07 16:07:16,af49cb560c28606a59a2330d3a669b5db3eb64566cb5703a107929bd9cba8388,1,2,1,added
pool1rvjj8cp3urh7de07pm0ceqha2x4lxws69lhd4429dm6djfjsy4l,DINO,48,2022-07-06 01:56:08,0cbe9b272ff5cf9ec0cd10d1b11cc57e0ac18f76e6e2fb98e50b5fc4f635ca54,3,2,-1,reduced
pool1tgnjac8edmu0ptgzpxc3lg5p970wm0rga5crxelu2z70kjj6vpr,SONLA,6,2022-07-03 08:27:15,98283a124a24d7e02737e8929fb0545ff768c61c87221270bf2cd99649f00dcd,3,2,-1,reduced
pool13p725l7vqedxvkrstaq7myguewcktjglapwls3re7wakxdv90fw,ANCO,6,2022-07-03 08:21:22,549582b0a67899a3d32e96f4163ce61d2ce0ce671cb0c5cabcd89a3b4579cb00,2,3,1,added
pool1wccveh5l4gvns7egngqdd4qk27w0kxqc68jjrnnkgjxz6zwt7ws,YUZUP,2,2022-07-01 07:34:08,6be0c64b46eedd8b7229fb753446825f4a81c0e4813486107aac4606bbf43d4e,1,2,1,added
pool17gfj5t240hqaqr7vtrlrlhmyazw3lcyqvfd06v4kpxv7qxpdzau,EVOC,8,2022-06-29 19:32:30,7d4480615084b38eff59837925732542203b10f8526580d0772b75baddccca55,1,2,1,added
pool1gqk5pzqmrc9c6030m5sj2s3560ymm5ymq3hqjmz6vfdmx4mw5gs,HIST,57,2022-06-29 12:45:40,03ba4b0f37e3870a99955d0c388c0a88ec23b7f29fab1ae8a84338065b606cd8,3,4,1,added
pool1chzrvd7wzmw8ufsehctn8fmf7ca27xf7d6f5tpreat7kxx6hwf9,MOBC,16,2022-06-28 09:32:46,6320d4d0757d2359b0ebb3efec88b2895310540421bc35b29938aa6704a154f6,1,2,1,added
pool1chzrvd7wzmw8ufsehctn8fmf7ca27xf7d6f5tpreat7kxx6hwf9,MOBC,15,2022-06-26 03:42:55,dab79fd7ffa6a0c4e24cd9f41f3c2892bed1a728ad890f920772e1d9634d720b,3,1,-2,reduced
pool1re05a679dfnjdlfk4uhcwzem6c4jqneu6xekuvhg54nnwuat2pf,TOKEN,11,2022-06-22 06:49:46,dca39ec482d717ceecabc24913982d1b75fbc78bf9438a1efa5b6e868483023b,1,2,1,added
pool1yk8yr5wl94gu5dnfck38q89lcghkmgd8aeykrlm7w3qc703alar,PROSP,4,2022-06-20 02:48:45,4942dfe9a0275fdc19c10f44fd6a63e8e3ef301fae59dc946f109d431434272f,2,3,1,added
pool1j7sphrhrqtlj32k3alhnnnp3pfxq0n6mwels9ysnfaw563wpue7,,11,2022-06-18 11:55:13,36850b335b1e16abef6a5bcffd5024290421b925fd5483b4e8bd108a3b784c4a,2,1,-1,reduced
pool14f0uj8vghxzs09p3rzvhlur0dnfwylxc67whaz087srtjjrcjgd,BOATS,3,2022-06-18 09:41:28,51906e51b20a00bb7cbacc572e4a391800ef4724250856b619dcb23a30d917a6,1,2,1,added
pool1f0j2g4xk8mu64da5fgc5gzslshh28mnjf0gnegrmnle92l3zpx2,ADAV,19,2022-06-16 17:13:12,7475cdcff0dc436871d7cd83508326d3afb5229f3d45f4bc5f4efc83b6c01b60,2,1,-1,reduced
pool1r8lmsrdure385hz647kl2qjhyyxkdle4au5krjcsqed4x8227k3,MAYZ,10,2022-06-14 21:37:36,100305cfc5c6dd715ecdc055e59d0e3e20509b7bf226c50a6c96129b000c6588,3,4,1,added
pool1xcn2yddehm5ncjx0p24vkguth4rta7zv3getcztflxs3kh9rexd,MONAD,18,2022-06-12 18:23:29,6fd41d9733831fbe8c17e92a1bd97b3a880ddf5c4077a29fbb2c45439992cc1b,3,4,1,added
pool1yk8yr5wl94gu5dnfck38q89lcghkmgd8aeykrlm7w3qc703alar,PROSP,3,2022-06-12 14:50:07,1101ce1ef51b2ebc72b2925d07c47d6b3a425e3f403c5d46f4d7552e2479da3a,1,2,1,added
pool1ksfzungz56vxa9sy6hr54v5hf6qx8rmcu6734gqm3qlxucveed6,EUSKL,17,2022-06-08 11:42:41,3dd9f4572789d23f998f862248aa45b3e68ae9643a88224896b4129753bd3295,3,2,-1,reduced
pool13qppafmw3vq5rl4ewmxv7zy84x3rshx9sdczs0zq40cxu0dqkrg,CIEL,6,2022-06-08 04:55:54,944477f962c58710d6a4ed3ce653da8dd4120af310bec162627df2421bf93b92,1,2,1,added
pool1cspe7naf0mtntwyysqxk6czah3jlh6v4cja8pdfju932yxsehnm,CBH,10,2022-06-07 12:31:06,3002303344aa7c1b64d26e969613504f8fc3e1613e61a443b1a43b5eba9249c0,3,2,-1,reduced
pool10d303wup90j39mmvysf0lhr2xmr3mf38y5vs577nmlq6yy8n666,CBCP,12,2022-06-05 02:25:06,9391437d313b7cb4be251a83d8db092c9567e5b3cd8df149efb4c53012bc8a64,1,2,1,added
pool14qpadfdjzw6jkwxy67uhey6tjpyppsmwgz5awfsxwrtpsecslpc,BEADA,4,2022-06-03 19:12:23,91f638560ddb17ef2d0045a11afef9b04545f1e50946fd36e2d3b055cd937592,2,3,1,added
pool1tdsrw0n33gmy0mzh7cgtn9p0jy5xwjxaa2s26gn2ewf8kg4nrzx,CAFE,13,2022-06-03 16:38:34,287a49dcf3125d6f0369ff9f696fbe2cf06efd16ae3c18096603205a09349463,7,6,-1,reduced
pool1lzrg40g7vwgrxf52h40mjv77wywajekkfr5p63gcaa6gxrnqy2t,,14,2022-06-01 18:56:42,342f6591a48775b5b1895ae1f489112957af324df73de313aea70ed5450eed04,3,2,-1,reduced
pool1qcu4r9rw853pyvfznfeujfzxlku4xtvp8cas6c2y79hvuy22vl4,MPOL,9,2022-06-01 16:22:58,f701c56db8f02dcda5ce7fe66d67014368fc3f4bdbbffb4553eae773ae03f783,1,2,1,added
pool1tjp3sxlh2v5eeh67utm9flrgan32m4ynem7qdmkrfqanjcgut2e,A180,20,2022-06-01 01:29:29,05c1bac10e63d0862d00cf246244a47852dc2760916d1f746af2a87f7ceadfa3,2,1,-1,reduced
pool1q7wrwstqkzhrffdzpw8ftfd4epmxywdjnp8384atjcnezchv242,SPEC,5,2022-05-31 21:14:09,99eb8996ce5db87fc99aaadfcea7558192432dac6b40f7735377097fb03cc0eb,4,6,2,added
pool1xyx655q6ch4d99fuewwtkdwjx5tvfr0rzqvmwehm2cpzj7e2wgl,PARIS,19,2022-05-31 17:34:40,cd47b06334281e3407eb549f7fb870ba30f00d07a95914f6a7a09f4be2006a90,8,7,-1,reduced
pool15zms2hm7rqffqcdm2kzkv7kz02w6j0kzkhyvn0c4dfctjaaqggt,,32,2022-05-31 09:21:51,43c9ed74d6a4c63e364e1ae60467e0968d61781060f794404c4d8d18780308de,6,9,3,added
pool1kprt6l4quz03dhqx8jw22spdjvp5dkshdnn567vlexqkj35hd8a,BDRK,8,2022-05-30 05:30:17,fa9f81057f2e884a5b59f3a05d376eb684ddef78325d3fafef4c082943a69162,1,2,1,added
pool1a7gj89pcxm7h63le3hjkneappj3m5kuqeg4t8fa5rn5d6z2nhkx,KNY11,4,2022-05-29 05:43:17,d2ca340fa0a1bfda5082cae212a3229fac63ad66da25303766a017be862fdb96,2,3,1,added
pool1qsxhnvr03tg6jj7cl0y74jd63n85fgejm8tlqq7ct7fexfygkye,BRNS,6,2022-05-28 18:05:45,b3c1f31dc31d93baee1d0562080b1e9b0d8afd6297b9cc581dc6b51f18ed8ff2,1,3,2,added
pool15zms2hm7rqffqcdm2kzkv7kz02w6j0kzkhyvn0c4dfctjaaqggt,,31,2022-05-28 11:04:38,8dc12bf6117e0cf80fb47acf5d2d0ed00891218f5c3f4a44db6863b9a2d744e4,3,6,3,added
pool16vkczv2z6tmynp7up0hj8pjd3ajzh6h28p5cl4uul4hkskksjke,MOJTO,15,2022-05-28 02:40:03,1d138039f45b248c838f43a7c14f8f196d493da33b17dc214d396c2f3fb4a610,1,2,1,added
pool1u283gl35gdj2l6c5cmg9crugf9aq7w6242pr88v6enr8u9q2vzj,,23,2022-05-26 21:59:50,97dfcd7a37771124f4f4a69a0b0eabee3076c70dc74d4c46d628a3ee9cff2349,3,2,-1,reduced
pool1u283gl35gdj2l6c5cmg9crugf9aq7w6242pr88v6enr8u9q2vzj,,22,2022-05-26 21:46:15,cea01251cf777e5ccb56e4c001ae7ce9305de230d621147c6e37903626f2e8f4,2,3,1,added
pool1ewrm7y47s9hv6hxku9n5gfnsuspymp0qqpwgvgm9rvm37cek2h6,A4G,10,2022-05-26 10:05:24,45cba10263d253aa4b29ee494b46884712f104ba07b530558d9b0d32951515d6,2,3,1,added
pool1692dxqqcsavymwz28w44t2jhyjnakvj4l3gwz2dqrarmc2k6dkh,BLUE,26,2022-05-26 09:54:21,d782033d768d6dcb092deea2713c27a4d7669f3a6af0fc3b61471a7f3fc0cb9f,3,1,-2,reduced
pool1k3wpsc8q8za2qeptx5kv73r76hs5gvp59gga6ad6u5hnj3scy3q,CPU,5,2022-05-25 12:42:32,76af570ef1b7a9eda795b696b48d7ce3d1b6224f38adee8b58f6668338f73385,3,2,-1,reduced
pool1zvm45jj5wz6kgfr2xfg75rx0auzxaedu4ulddhnrzk4uwuyuvpn,ERA,6,2022-05-25 12:25:23,7dd35ee93d52e17428b494c2a2153980f5513330d26a5ea333df09680a514cfd,3,2,-1,reduced
pool1sf784g6eje8vzq9f5wu583eurhfq2ee9hzyhl46yezkuqqtmw07,NOVA,16,2022-05-21 21:27:18,59425b037e7a3632ff4683dabd8b251771c24d82e98c4e58a798f562b6afe8bb,3,2,-1,reduced
pool1q6lzp5x6tqg04chsxakupgq6x829nsx2dk5w8h043fnajm8d3uj,ADAIM,12,2022-05-20 16:34:13,706946789014b0446bdeeb2453048675814845567dbbc5cefc7e4338852cbb41,3,2,-1,reduced
pool17e4rdh59t4fmn4g3p02xvs853katrjzge830tsmd3sfdc645yvt,GAIA,19,2022-05-20 07:01:19,f38ff64fb3c2591c85bd9f86e6ce64ab92fdcb368f1defd1ea2c207f753a740b,2,1,-1,reduced
pool1mc4h5pk0juqfd5lj08d09d9tfeyd86v7se4kq2jyu9j0jy8ey4y,,6,2022-05-15 16:07:36,f3cf8f116abe2942f8f3575e74b721b070f07f8ec1376a6be4c30eec76e308d5,2,1,-1,reduced
pool1mc4h5pk0juqfd5lj08d09d9tfeyd86v7se4kq2jyu9j0jy8ey4y,,4,2022-05-15 15:46:24,0fd20825eb78daf9c68053f5045eea3d48bee4da1857a77d2bc54f3a9c4a7857,1,2,1,added
pool127gdv243hfcrapslaqq0nnh64u2gts72gtrt4888g6g2z0zsu64,TTS17,24,2022-05-14 15:45:50,034955393c8887c8ba3bb24f3601b7d363ef51171600716589d753a63d987928,4,6,2,added
pool1wll3vr4v605eap9hpjfpda5cjegqfkjt8hrz3kkxpnffqejhav3,,15,2022-05-10 02:44:29,4a134b665ecf34fa6d23190d4b17e421ea924376a4a079945d2c09de21b1fe07,3,2,-1,reduced
pool1qsxhnvr03tg6jj7cl0y74jd63n85fgejm8tlqq7ct7fexfygkye,BRNS,5,2022-05-08 09:44:37,ae74b4adb2059b21235f6fedcd07ad5b7dce80041038fdc654975881d66c36cd,2,1,-1,reduced
pool15zms2hm7rqffqcdm2kzkv7kz02w6j0kzkhyvn0c4dfctjaaqggt,,29,2022-05-06 18:50:10,b08a4bdc00935cc858b92bbdea2968611a3c74fdf95cea80851755bf30b9fee6,1,3,2,added
pool1dhfz7yak8wqmpvm5luf8ey44aewa9hcrldz0ea3rhh97jmrru5j,FIDE,3,2022-05-06 08:33:49,62d235b16660ce15aafc0a66d803e8f616f3c951af18c6cdc418fedbdca8dc6b,2,1,-1,reduced
pool1kveecu8hx4dk8pe9rmv4q4tjwr9xmq30nacu2pafeljhypcn4wt,,3,2022-05-06 01:29:39,41c44f2157213d279fc646d98a934640acf8b442d0d1ae8cf4663cc9c4256c97,1,2,1,added
pool1ey45kz6cwxxzgz6dfy89srvwcfzkmv3ea8g3jxkxmtr9zk5ayeu,HOSKY,12,2022-05-05 20:46:19,3d838334d4f4586b1684349d2949558b77c46f337792ab007701e4365a11bb49,2,1,-1,reduced
pool10rs8ty9j52x2p6gxqtaexx0pzact29hvxsu8ce37hk3gwkpz345,BECK,5,2022-05-05 20:31:08,be559bc9db175ecc308088175460e2ca58de69cef72e87ed42fcf0fddbaae070,2,6,4,added
pool1ypjuw08k96xme0fagr4yq54f4uxre9a37a3z7laj0wru5ye47uz,NETA,5,2022-05-05 17:28:40,ed9075030417d0c411b704875e9d276c018b13f0e3bfa09dc487be0e53832024,1,2,1,added
pool146xm42jwhld6w3scv5axr8fg6kprycu2eq7vkhtxahhrvm6p3jz,GENS5,6,2022-05-05 17:14:51,db76f09160132df7d8fd46f58a72f8d34dff37a6e43f1ebaa3befe1c0e257851,3,2,-1,reduced
pool10le7rwlfg3t9646gm09jp05qg5kqvq3gvut4q2yaeu2ujncnh7w,,2,2022-05-05 16:51:43,5edbc6e6d39c155f2e736ec6479371f522ac7396fa9225eecc639be83374ac7a,4,2,-2,reduced
pool10rs8ty9j52x2p6gxqtaexx0pzact29hvxsu8ce37hk3gwkpz345,BECK,4,2022-05-05 15:03:41,b63d27401a3dd7209a530f0b499bab3122c2c7f567f8e4d82f680926ae00e455,1,2,1,added
pool1g3hkp6tzs6y79d4dzj88azrzt9xtfqj8nr3xmr94r2lx2ehl02k,EMUR5,5,2022-05-05 13:53:12,df5c25eb964a93de3217cdc2c01c9fd130cae22a1ca9e455dd112fc4538236b4,2,1,-1,reduced
pool1gyasf94f8l6w7ht5x6pga9my6dmh346dvznzg5w0hmg9w4nv8vp,GENS5,5,2022-05-05 13:36:15,dbca46e0a72ef18ed6a204cb32ee3b819924d7d06643014f6583d5261fc65e15,2,3,1,added
pool1vf2kjdjr6twtsp9m38hl65xcaf6rhwhq0ttz5w63wnlj2a4mq2j,PLUTO,11,2022-05-04 10:30:31,34d8ab7117b46c5a1dce8e3afe652968531fcbb47feb139f5c4c48518bf4250e,1,3,2,added
pool1vf2kjdjr6twtsp9m38hl65xcaf6rhwhq0ttz5w63wnlj2a4mq2j,PLUTO,10,2022-05-04 10:16:58,678dc03d3439acb58c22e359c19c1f794aec66ed6fc9916d7794ff7e1b2b6062,2,1,-1,reduced
pool1gqf605yxhmyfasdjhf8yxcesztgzuek9gfuvy2dnyj5cyp8zga3,OLEUM,5,2022-05-04 00:46:24,4802451c9c7fd04f0d9f2d51e5943fad296b0132202258a91092678dba7dc3e9,2,1,-1,reduced
pool16vkczv2z6tmynp7up0hj8pjd3ajzh6h28p5cl4uul4hkskksjke,MOJTO,12,2022-05-03 20:14:14,141788f03d87720620e6057a15159a793439ef0e3cb6e4f1bd2e4b56f101f598,2,1,-1,reduced
pool13hxlxd6qa68fmfhrvvmasa0mjg30tj9p5v2lmgmgsmrp2rgzkfp,dtDn,4,2022-05-02 18:48:32,a58b36ef3c82e875dbc4f0d056b675eb6eb9ec8d7a03f1c9cebb32dc328c57a3,1,3,2,added
pool1xs34q2z06a46nk7hl48d27dj5gzc6hh9trugw2ehs9ajsevqffx,SNAKE,29,2022-05-02 11:43:52,064a9aa48201ba83cc728f17d3af23e9f8374d06fd217c5471bcbbbfc5d97ff7,2,1,-1,reduced
pool1hhy7qvgc2lmjlwg8z6yag67yjylrquy9hgxwyhgps5e07m8h0ep,BICEP,21,2022-05-01 18:23:31,38f2dd14ed5e6f4b3af7f425e1a7ecc6013d91997b5feb31cf4b6a9ee3660680,2,1,-1,reduced
pool178jmsy6t03udg2urvckseyync6y2jkq26haj7vxtwszc7ycq5ws,ROLL,5,2022-05-01 14:54:10,9e5c211b499946d070a1a5da6876ea1c4721c9d5b67a68ea52c6285e28d6e951,2,3,1,added
pool1xs34q2z06a46nk7hl48d27dj5gzc6hh9trugw2ehs9ajsevqffx,SNAKE,28,2022-05-01 11:57:25,635444bc8305ce50ef90c1023d0143627a20e186f8911f53bafdeec1718f7e0d,3,2,-1,reduced
pool1t0jheek3yftf0a9dgzgr2hc2wttwrcjyd5whdrek4ggcc5famre,POND,10,2022-05-01 06:57:55,99caca52346efaafe56ba018eb74e71b1bf0daa2473b48dde917d5f30a7259e6,5,4,-1,reduced
pool1q8a7ym63gurl72wr32je0tv0lp4p2uh8vzzc6rn6un7ryslvqmu,LSSP,11,2022-04-30 00:18:04,eb8aeb411df7bb68d528e190f963f76558b2e3c7f4fa75891188e4681f56de8f,1,2,1,added
pool1sf784g6eje8vzq9f5wu583eurhfq2ee9hzyhl46yezkuqqtmw07,NOVA,15,2022-04-29 13:00:25,bbb92873772b010ec43cac1863ca190f25d72328bfb0f3e320d177c923842b1a,1,3,2,added
pool1dthnjfd48kvqsn52nmqpghqhwrn7k4lcfnfdycfmknqe5xpkjcd,,4,2022-04-28 02:16:46,8328d7070def60c532f27ef793399683ce4ba2e72c7a95b5a5ce1884aa0ed05b,2,3,1,added
pool1hvevy8qu5lwg7ul66xmzvwv8zwdgdradsg9ncvrflm7dvy407e0,HAMDA,24,2022-04-27 18:33:07,e52c8be0136b4c9bec4dfd175df95a48d09b9f8014885273a85b1d33a07f1f34,4,2,-2,reduced
pool1mxf3za99yc9lfnndjjesjla65rz9vln29y7wjx4p33u0cr84n04,SIMIA,4,2022-04-27 14:54:43,f8c0b07ab22ec61d8cabd87cd35b7a1c32b26a2486cea69542936c66c859ef1b,2,1,-1,reduced
pool1hvevy8qu5lwg7ul66xmzvwv8zwdgdradsg9ncvrflm7dvy407e0,HAMDA,23,2022-04-26 12:45:28,0ea859a7ae94c1d2d6fa86934890350f55fd4f6e1b33dfc073b0a3ebd1f55dfa,3,4,1,added
pool1rtj8f2pjedcjh78ey2fc4wvatjyeudeam6lsv6snttwuvhn2vsq,,15,2022-04-25 19:18:53,a88b9f7db701b1aa18a5ec6bbf6c9f43ec3d1f7d11a2788ab0dfb532e87f47d0,4,6,2,added
pool1hvevy8qu5lwg7ul66xmzvwv8zwdgdradsg9ncvrflm7dvy407e0,HAMDA,22,2022-04-25 09:27:45,fdf38a5745032c8096fef0a861083dc65bae6723220a2052297bc6ee41024c28,2,3,1,added
pool1j099ctc7kcc9fa78dz5qwsy2g0n96lrgletwxvxmyzh4zd7ck0j,PRIDE,13,2022-04-24 03:12:04,a875492e53289ce8e494be2215fc9f918b2ae403920bbf28bad40440c84f4ce6,7,6,-1,reduced
pool1ncst8jldzmwa4s874u3x4q7seqjyq3njc89a2w2056m2ywktd6w,PROUD,6,2022-04-22 22:22:57,e62bb87e3f6a5ef10a332b7ba3da2ad89deda6bfaab5af7f6218017607d3737a,9,19,10,added
pool1wntxmftndrsj7y4aqles8knl3nfuyj22l83jun02yyx9s962gm3,CBROS,13,2022-04-20 15:17:48,4961ffffb4a34d1489a80131f282c38c93171935e6287ed8dfa279160219ef15,2,3,1,added
pool1h0v99elmvl50rqk778ue6g49r3mtgq3z4draq6pzy0nqv000frd,OMEN,21,2022-04-20 10:58:04,8fa9a38a5f9b944977111f6b107362af2b770d4e19696e2087bf96423c1bd8d2,3,2,-1,reduced
pool18qlwnav8ca79dqlw5grnt96f0pxe4awdyvrdpxde89ln7th9utp,,6,2022-04-19 17:36:41,9de9386163944b983726271ce56e34f4aa4cc72ab3d3971ccec85b0a9f7592e9,1,2,1,added
pool17fge0jukcp0vqwu0chh3jh4g0emt4rat8vxucrx5n8s5qz6fegp,TRADA,7,2022-04-19 09:18:50,3ab70a572f034bac805c0c81c12a5cdc6a45d43330f3dee9f60b1fa9f487e90f,2,1,-1,reduced
pool1gduk8s5stt3uej5nl9vs7marx8jjyeadwz3505gzvuqey2lch35,TCATL,3,2022-04-17 17:13:59,26f2bac7ae71ddd0e433a5e1e359b2537abf6a61929cf0777590657b5c02e0cf,2,1,-1,reduced
pool1hwlghkwnjsjk8370qt3dvp23d7urwm36f95fmxcz3np2kghknj9,PEGA,23,2022-04-17 08:41:37,cd4b4a56b565545bb2dab4ef031b77580307862fca58dcaf67fdf7973fd3d0d4,2,1,-1,reduced
pool1u9ptvg0l9lzypt6dxlyhn7phclu7jgx0j285zyu9y2n2gldazj5,NUFIK,10,2022-04-17 07:40:09,a66c8a95de3b6d1faee1a91720a207730701eddf1794fe2aeb367df7bacf3e47,1,2,1,added
pool1r83ewppu2rxsgdcqclz54v7wsm95t9dezttr0tn6hkelj6nurf9,NETA3,4,2022-04-17 03:51:20,dd5c835000730096c89deb7691b080ca11b5f1399b2b78680987029c2b1b1897,4,2,-2,reduced
pool1dum9ya0d8dufl3alf4xska5acuq3w4p2a6fu5v50jnh9xzexsxt,ESP,15,2022-04-17 03:23:23,a827b011781bf9aaadc4de9f545f862eead3e7a131f3f9d7468453fe9a20e69a,2,1,-1,reduced
pool1w3rezwl9vnl5ufg9lvsu5h0fspgh7wc4whsqdn3dw49hg8mrp6z,TROPC,4,2022-04-16 18:12:21,e3d2745353cd82854f327db7999236a16a3d3a5c26742b69e26b5fdfa3e78184,1,2,1,added
pool1gf8a46j6hvhad8e48hez4084x34snpua8k7t3kzy9w42q6w60z8,GRADA,8,2022-04-16 07:51:59,c979b08c3f43e7bba522d369854785b7e377d3ba2f5e83f75941fa4af37773f4,3,2,-1,reduced
pool1mmpcruumps75an6yeg3w5220gke4r749l5fqc4c0v8shwjg2y2k,FORZA,4,2022-04-16 02:44:46,19b964b4680324455158d8a7b9f7fd4ff9bb0e9e3403cdebea5138e6f3cf5022,1,2,1,added
pool1r55hyfrd3tw6nzpkvf4rfceh2f04yph92fc462phnd0akp2s5r6,COFFE,46,2022-04-14 06:44:06,84fd49cb17dc22f6a578b396ae91b3dcb53eef8deb84650e64b94e62e98148bd,3,2,-1,reduced
pool17zs395fwgd0fvk0cpfqjxmd02f0qsxyhq2395lggwmukycj5rqm,C3ETH,3,2022-04-13 13:31:12,32f7262ba881a6a8da80d43046a6bc33c8c4809086517fe431a12c0142de8fa8,2,1,-1,reduced
pool1kc0stmq7jpatnvrfatkxcejq2mqk74k2kkg8vyyuvmf2uk5gmyt,AIM,2,2022-04-13 13:28:37,066fc182f4caa6dd7b00400acde9239ad4d2fde1996c5be11f2038457805e22b,2,1,-1,reduced
pool1gl94azcwvhgenn0muq6a8sndqfsxznujy3s07263c30pq0h3pxg,,2,2022-04-13 13:27:36,1800c5c2890ab2f621b0ffe177394beb873aa6d8b1248ac644f7c6d217efe41f,2,1,-1,reduced
pool1wm5quxelvgk8q50jyfznf9asvelp9zf0tk2wu4jazlw9yj4uctw,EU01,15,2022-04-13 13:19:25,63e2c6b4e52661dc44784e357b7da2e96294086fde52f6c85a3a2068805f1028,4,2,-2,reduced
pool1yff3j4xqhmunrccjsdh0u9qxrws7xdqhagjx5lqktklwj67u5s3,CDNC,5,2022-04-13 00:44:32,64e83e42a4462a71206c00edf72bdaf7f467437abd11576cec511a49afa3f7ee,4,3,-1,reduced
pool1ncst8jldzmwa4s874u3x4q7seqjyq3njc89a2w2056m2ywktd6w,PROUD,4,2022-04-12 22:09:20,90e8e1ec6ce1176f49942eff42832c617a97fffa2759ef7cde83a848f2370ef7,1,9,8,added
pool1lp9wmr8dkcceta5we999nvlfh9um06cd6sggtt5523eawf7mtg4,YYG,25,2022-04-12 09:09:09,6c9f9659ce67f3499e9cfb1ccca8b44ef366136d40765ae5899525ebf4dc7068,3,2,-1,reduced
pool1dcjycc5mvj9svh9ys482078mnqutu48k3zj7uqzswj7m54a7hzr,JUST,2,2022-04-12 05:30:10,73b8333dfe51aa9591f0e7c53fc98300c5d1b771961935aae816bf21a15a9e5a,1,2,1,added
pool1rcq8vnrl52890nvt0300w7rgqkuk4az98kd9zcvu43agk3u84ms,ALIVE,15,2022-04-12 01:50:28,e9686af85ed4017d16b93758f7905f10e86784394988d84cb9e7beae5600792b,3,2,-1,reduced
pool1ljlmfg7p37ysmea9ra5xqwccue203dpj40w6zlzn5r2cvjrf6tw,AAA,14,2022-04-12 00:08:50,c3bd3c8b3ed42206eb4aa7c118ab0336195f4fc7979c3dd298b321437e84841a,13,8,-5,reduced
pool12vs4c3cm0tr49c7alrevfs0xa5g3s4al4fn46h33e69uusat04v,BLOOM,6,2022-04-11 16:12:58,2587b7500cc3a348eb1d275425135615e6c6237805d712b2ee77d5bdd7f6b981,3,4,1,added
pool13c9mnvfx4nvwvkszxcprwlv60fh3tteef50hhhv9yxptsua2v70,DARK,5,2022-04-11 16:03:22,fe4da7c25ccd0c88ca172578b8e0f8565041cd3015c56b80b345a3a39f73a326,1,2,1,added
pool1hntu7agmt8u5j9c20ejen7dvq0jfkvkpnul3mrdd8tppqvwfvt2,BLOOM,5,2022-04-11 16:00:23,96f00b73182cb4a1c1ab91030490a3dfc6cdd621839588a3cf84616622dab183,3,4,1,added
pool13crd2ljx87988umk22er6ynwadfwdqupdpcq6prc6v59z62kxse,BLOOM,6,2022-04-11 15:47:55,a20075e4ab49b52f466bf29ba7d03c7fe4a8529954123f1906bf217dcdb8a609,3,4,1,added
pool19r8kcmqpajlm6h5q0lv8jye0q7evdur39wfsgs4z98fcqpz9lct,BLOOM,4,2022-04-11 15:40:06,54c588909540092d91286d0d8d327e681b19b61ab2764d3582a0e102d835f439,3,4,1,added
pool1uyvyxt9k9g038h567x8halej4x87j7m4r4zyz9lhv4dcv83husk,BLOOM,5,2022-04-11 15:34:47,659fbed787c4066873c8dcace2641d6fd823ed9bf32cfe32f48c89cced1a74fd,3,4,1,added
pool17kew7rtakc7g6qzydntann5umw08xq3ll2j7spk7en4kvff69fa,BLOOM,7,2022-04-11 15:32:43,d7282c8c15512d6602a66a50316a8d6ccbc9a0a6d895cb06f9230be4b26ab6c6,3,4,1,added
pool1lp9wmr8dkcceta5we999nvlfh9um06cd6sggtt5523eawf7mtg4,YYG,24,2022-04-10 21:40:47,58dfce1ade32c9371260a7d6d9b52f74be30211a8ee43194074355d0e25b2429,2,3,1,added
pool1drxxm3mncpnn9zjruh3ppp44zhfrlqexckgr2fzejme5k8dmv63,,11,2022-04-08 12:41:12,493255ee69c9f60df5c9793bc3a0f453b1090cb3b38de65f9ac7bbb1d2d40067,4,1,-3,reduced
pool14glhqr7989jz4yu0hnytpw62xlq0666sy075ztufdya2yw4d6fe,CNDL,7,2022-04-08 02:33:08,f4ee80f92cc3162daa31905bddb3cc51a8e6917074049bef0a0aacfcdb647bb3,2,3,1,added
pool1l6946mnu54f6v0we4xzra8kwm68ch7fphhxvgytd0m4lzk3pats,SMACH,4,2022-04-07 10:00:36,9dd8805d79db88be7d5b6d9160deefcdfccac988504b304278dbd258f3599cf0,0,2,2,added
pool1f0j2g4xk8mu64da5fgc5gzslshh28mnjf0gnegrmnle92l3zpx2,ADAV,10,2022-04-06 20:47:57,0478c88389afa6366a33350de64255ce8a68847c9a84a671d309d934341b77f2,3,2,-1,reduced
pool1tnl3yxmj8848vq6meduhz9n5520a7dwsh05r5gfyvlatj87k3jl,SPIDR,15,2022-04-06 13:27:00,ec0994f1e8af7c2ef3b04898b78b9ccc2a22dc3a4fcf04815fe901320f1f9395,5,4,-1,reduced
pool1l6946mnu54f6v0we4xzra8kwm68ch7fphhxvgytd0m4lzk3pats,SMACH,3,2022-04-06 13:08:15,6c3bfd1dfaf6a42b71fb2f59fcc6da59366f63b92a16dce6c54e51471f444c4d,2,0,-2,removed_all
pool1j099ctc7kcc9fa78dz5qwsy2g0n96lrgletwxvxmyzh4zd7ck0j,PRIDE,12,2022-04-05 16:30:49,d6f7a6a4c6f2d807517a1eccda24e11b6db2628165d393dcfbaa942ee06fe531,4,7,3,added
pool15zms2hm7rqffqcdm2kzkv7kz02w6j0kzkhyvn0c4dfctjaaqggt,,27,2022-04-04 14:13:01,75548e5b7f9e1f98cceb9168eb66114ffc743473d35398734b7bb23ee97d42f8,2,1,-1,reduced
pool14glhqr7989jz4yu0hnytpw62xlq0666sy075ztufdya2yw4d6fe,CNDL,6,2022-04-02 20:49:50,9c2e5660e5544f4476de43cda01459730d439c6bafd48c2731dd32cf0358d9b2,1,2,1,added
pool19pyfv4xnln8x4l7auw0n0skk3hd97shun707hrw5d4s553ys74x,TITAN,12,2022-04-02 18:57:47,4dfa968705a58fd4bfbde9b09c5be8325836332908e72a3da3b5611a94fa7e67,3,6,3,added
pool1qqqqpanw9zc0rzh0yp247nzf2s35uvnsm7aaesfl2nnejaev0uc,TITAN,23,2022-04-02 18:44:47,c47a705ffb75dc4bcbac5318b774342bac2b6523641de21ce55222d44760ffe4,3,6,3,added
pool1fv9f8phzn7hp623ypw6ctf73a98hd7nrh8wm7glpcuhf64856g2,GNP1,11,2022-04-02 16:15:42,bc915ed21ab34520f77059b3646ba8828c81310d6e7b41712f005c603eb99587,3,2,-1,reduced
pool10a92ufl803mysgtuu2jcf7yqp9xdczsdj5zlxdjaxzr778wtfz4,GSP,5,2022-04-02 15:59:32,08d97aff7212c48a9130da2138e29b511df2c6245be1e0384833e3f592c1c766,2,1,-1,reduced
pool1x8z226hvsvw6l80f5qu0j6qlqustjcudna30pvk54tgqwd8lche,EVT,17,2022-04-02 14:58:35,c0565e44249e57e287b9df2ea08806e1ddd6be63cf1fad567e142e66756732a6,3,2,-1,reduced
pool15ty42f8jmnd5y3ys5km3y66cy6emnqfx6yfwsm6ral0zwrs3ktj,OTB,4,2022-04-02 14:55:23,d8ddedc19062d2e35ef0f2d686949de271cf9913febf7bf9d780c1761217bab0,3,2,-1,reduced
pool14qpadfdjzw6jkwxy67uhey6tjpyppsmwgz5awfsxwrtpsecslpc,BEADA,3,2022-04-01 16:26:07,08c2270af9492be320eb22fd8ca0659072bbde2d94bfb69f2561bdebcf5d2729,1,2,1,added
pool1a44j6jas4sjhh3qc96r8rmhsdjxjuntuzxr3440jzwjjcysl9ca,MELD,12,2022-04-01 14:23:01,23465a654e6baf97077115de8e2041df1b8ef5e45778a66fb898fc840f58dd9a,2,1,-1,reduced
pool1f0j2g4xk8mu64da5fgc5gzslshh28mnjf0gnegrmnle92l3zpx2,ADAV,9,2022-03-31 23:42:44,0909c844bd41793accb5e10ef1c4a34999076dfa3da7b0abb1e5e490eda4800d,2,3,1,added
pool1ksfzungz56vxa9sy6hr54v5hf6qx8rmcu6734gqm3qlxucveed6,EUSKL,16,2022-03-31 16:51:50,beec680223e3f78fd8eac7b81b2af13dace2a079f00a6f95c569a2b9634237f1,2,3,1,added
pool12n6lycv28kjtkzecfz2a3uujyxy6ewuwjcmjq84my67psqmgagv,MANT,44,2022-03-31 10:38:39,296e9a63478ec031bac6a322a4ae3ecd114513cfa31e8a4d67689cc70877cedf,2,3,1,added
pool1fkg3cr9en57ccsmnde20eevkaeu3elp0h4yyqk3udkkxzhl70ju,ADMON,8,2022-03-31 09:34:22,0e46a5796efdbd8ff9a435739fd7ecab4d0feb89da4ca4194b8a47f4d5896056,1,2,1,added
pool180fejev4xgwe2y53ky0pxvgxr3wcvkweu6feq5mdljfzcsmtg6u,CHIEN,10,2022-03-30 21:14:34,af59c3f3fffb0d7ea283c050ad1e4e32b2f4da8ccb6588df79f29c0fbfc25368,2,3,1,added
pool180fejev4xgwe2y53ky0pxvgxr3wcvkweu6feq5mdljfzcsmtg6u,CHIEN,9,2022-03-30 19:51:13,c3b896a40d0f979b7da87bfbd2cb0eaa2f6542ed7d6f7e093e4a568f64eb6471,1,2,1,added
pool1x8z226hvsvw6l80f5qu0j6qlqustjcudna30pvk54tgqwd8lche,EVT,16,2022-03-30 19:16:50,2a3da4b5c1f236e6c241382da44deb7ab8f1085959ea026533dcd387ecd6618a,1,3,2,added
pool1rcdq9r6f0nwv376afk5dx3ugaumlhm4kx7g8tue74dlwgwsmd4l,GALT1,2,2022-03-30 02:36:21,36285c88fff4280f3938650cd184091b86dec2be08aca5e2f0297e71690d8b83,2,3,1,added
pool14ecpt42vvd8eytuqpkvqq55u83dqqu2g4wwhj2kylue6utptm63,,14,2022-03-30 01:11:50,0dde3fc6aeeb92dd8f6b856c25015dc871d2c449dc5573d8a87ec25658203952,3,2,-1,reduced
pool1lkcd3w5g6s6v3hf6kwt55dqpalrmq9h9f3ec033nnzhvgjgl860,FUND2,2,2022-03-30 00:46:52,d34002861d632fb1c68a3a886731efe3fc6130178f9c1cd1e93ae392d354dbd4,6,5,-1,reduced
pool177xu75tv2wqnz2cg879yekswm3wqqvwfgzhulkglrfksslsyj9r,PUP,3,2022-03-29 21:00:47,4c18ba29e07765555cc89aeeb47caf0eac0c63338f0e1459af2067d07ed06282,2,1,-1,reduced
pool1u0u2s080a5plun4acn6s70xa3q98ct7skt88l7w6nnwwyl9ecym,VOLCY,32,2022-03-29 16:51:10,f6e17ff8b3b76d56938af941789fd9c7132af17734fe8741b057e533b4da1152,2,3,1,added
pool1ddg6t2h9kj6lqlec4ncjs945lzj43m3ggrgdhf5sgzhtygpkznz,FAIR,29,2022-03-29 09:27:52,ccab8ebbe1bdf245ea9e95081b6000a55cd14bcd2f110c10afb35a8e4d880731,3,4,1,added
pool1j099ctc7kcc9fa78dz5qwsy2g0n96lrgletwxvxmyzh4zd7ck0j,PRIDE,11,2022-03-29 03:36:58,16febb9441d8f37ca9bee2b0e415309e63c279e7a5e01470dc75375759eb7d2b,3,4,1,added
pool1u0u2s080a5plun4acn6s70xa3q98ct7skt88l7w6nnwwyl9ecym,VOLCY,27,2022-03-28 14:18:01,e69f9026a5e5c223b95d86e0c98d1582887dfb13cd9c3abf044a7ea965f78986,3,2,-1,reduced
pool1k99yncea8tq9pfeks3yymyj6fwjf4apx0s490j09m4y66vtyufr,PUMP,15,2022-03-26 12:02:45,99176ab3634d492073805ea2744a0a66ba80a83408fc9f049af7999fa7e4d04d,1,2,1,added
pool12pk63q22re4up2dg86tyjwthuauqu0ryq3jlxs9v29zk68cpugl,0AKN0,6,2022-03-25 19:27:35,b7b47a848b7758746c3abbbefb7190dae280ffe89c280ed8a1eeb62c9aad6032,1,2,1,added
pool1mchqp2fr7mwsz6jrpplxpr0ekmwafev8arl57wwxfck5x0dwv60,,10,2022-03-25 16:28:23,33c83fac439b11c94a77a2a2c7f51faa442dd49e46460a315cac96cf7ec6ccc1,4,3,-1,reduced
pool12pk63q22re4up2dg86tyjwthuauqu0ryq3jlxs9v29zk68cpugl,0AKN0,4,2022-03-25 03:05:15,7dbb92c632b29706ba8e6433f026d36d40903174bb4c196dcc7d062cf5ea1839,2,1,-1,reduced
pool1drxxm3mncpnn9zjruh3ppp44zhfrlqexckgr2fzejme5k8dmv63,,10,2022-03-24 14:19:10,c8bc5bcd6b357492ece85a3c71385ccc6dc1d2ba8b3b321b8457dc9c8128f7b5,3,4,1,added
pool1lyvg6ukqpumsr6wz0jvh7xutcgdtcyyde4wkvptzyl8rql4n3c6,FLAIR,4,2022-03-24 01:15:27,350512673c3643db1fda5e56e5c80920f830adc6ec33fd72b6e58e2dbddaad7c,4,3,-1,reduced
pool1ljpfctjjpye6m3xqnckdwwvwqwgwkyjut3mulzczg427v8mske7,MMTR,13,2022-03-23 14:02:42,295a246536674a6b518e6f9db1b7ede92bf973955f3da47a1c575956b309f7aa,3,2,-1,reduced
pool1w3rezwl9vnl5ufg9lvsu5h0fspgh7wc4whsqdn3dw49hg8mrp6z,TROPC,3,2022-03-23 04:56:16,dedf095ba87c6193deaffb3be89e00e59d3472c10f596dba754c48e9eafa77cc,2,1,-1,reduced
pool1j099ctc7kcc9fa78dz5qwsy2g0n96lrgletwxvxmyzh4zd7ck0j,PRIDE,9,2022-03-22 02:32:01,9620106a86108b5ad79dc2bc919f2e5662f362f79b5e9229fe97070ae376d832,2,3,1,added
pool1rshru8pm6y0jy7jncmt6qzfs8u4f5qa5gvyh38kgec767t20z3d,FANCY,5,2022-03-21 18:59:46,432e72504fc4bffc898d24f5a2faea08bce48621eb4b0a590e89730506d088fd,2,1,-1,reduced
pool1lyvg6ukqpumsr6wz0jvh7xutcgdtcyyde4wkvptzyl8rql4n3c6,FLAIR,3,2022-03-21 01:38:58,cc1f16d0bffc774f34f5e611b962c189a42e278fac369f434298270b0b112305,2,4,2,added
pool1dy7tz7eyf2qal2jcns4qwm4xqn34gc4rj9dz34kfs6zuju477k7,CSP,16,2022-03-20 22:55:29,42fa5d1ebbeb647dd55c692fdbba109f217fd5bbf3c43d208ddeccbb3cbecce8,2,3,1,added
pool1d3gckjrphwytzw2uavgkxskwe08msumzsfj4lxnpcnpks3zjml3,CRFA,18,2022-03-19 13:22:05,486cbdbe6f973a885e76123994ebb14b876f956c2ce3cb1162631ac4df73e684,2,3,1,added
pool1ljpfctjjpye6m3xqnckdwwvwqwgwkyjut3mulzczg427v8mske7,MMTR,12,2022-03-19 08:49:50,6b17e57142e1afda2facffb6939d659a1de2497961886fa503699dc7b3836249,2,3,1,added
pool1f0j2g4xk8mu64da5fgc5gzslshh28mnjf0gnegrmnle92l3zpx2,ADAV,7,2022-03-17 22:12:45,17d117ed63f6ffe821b12faaac5501be3e43c984eeded5c674a5191a7d7c41bc,1,2,1,added
pool1h0v99elmvl50rqk778ue6g49r3mtgq3z4draq6pzy0nqv000frd,OMEN,20,2022-03-17 19:53:51,3cd46d2c884ed86c5465a3a956dd997905d62eb1ecb2381fc4eec9ab3e35141c,4,3,-1,reduced
pool176z4pf0r9p6hqvp8m333sqm6vx8tj93q5yyunyv5478m5yp8j07,RETIR,17,2022-03-16 21:49:39,51823813c79b007e5821768fe226a2690938207f91472fe170dfc5650fc83beb,2,1,-1,reduced
pool1fkg3cr9en57ccsmnde20eevkaeu3elp0h4yyqk3udkkxzhl70ju,ADMON,7,2022-03-15 16:52:22,e2e2793b46d724d2be916427fa7f52cc4e18985b288a58fd87091e3eabfae389,2,1,-1,reduced
pool19jmvkt2qhhlqjk55m2kz4y3n4nr7w44jpny4zlzn59vdqdk60qn,,4,2022-03-15 13:39:25,ceb12452722d4626457aed6d75784fc0840992ed158e1dd9214d7b6a38eef85c,1,2,1,added
pool1fkg3cr9en57ccsmnde20eevkaeu3elp0h4yyqk3udkkxzhl70ju,ADMON,6,2022-03-15 04:04:55,23ced59180a0616b58cea7727f458273749cc9c93218332b9427f5e1f78cf6d1,1,2,1,added
pool1u0u2s080a5plun4acn6s70xa3q98ct7skt88l7w6nnwwyl9ecym,VOLCY,25,2022-03-14 15:43:03,4d72937505f1f5f35f27e3997fb925434aad7ed9742cc37f5fcebdb0476816f7,2,3,1,added
pool1fkg3cr9en57ccsmnde20eevkaeu3elp0h4yyqk3udkkxzhl70ju,ADMON,4,2022-03-14 13:59:29,60190a137a3249198a0fb4fa758cbd2e520c1eb0923601b6a97815d4276b3a67,2,1,-1,reduced
pool1x8z226hvsvw6l80f5qu0j6qlqustjcudna30pvk54tgqwd8lche,EVT,12,2022-03-14 12:26:43,083a2909fd8f826ab41d83de341f6df16b77e0d47dbe3bc2a77d503e6df3e17c,2,1,-1,reduced
pool1tpr44v3pxth9j0ff246dvsryxpanxwx52f024ws3ecvn72sgv55,,11,2022-03-13 19:14:22,9cfc77ba99a404c4e986e803b3d1a0cc2343c3074395be6b900ba8877c2e8723,4,3,-1,reduced
pool13n4jzw847sspllczxgnza7vkq80m8px7mpvwnsqthyy2790vmyc,,12,2022-03-13 08:27:50,3898f836b61c4baf41fb9dac2dbfe18d611fbff0b675f8a9290a1f4e90e90dac,3,1,-2,reduced
pool1ksazs9mzcuyr3mfrvw48dc5wkgsjceztakymmv7jpxle7l2nfs0,TOAST,24,2022-03-12 18:12:37,80c13a3deb61e7c67170ebce7f6f13c5d8883e6b8be8e89f2eefbe17b6d856bf,3,2,-1,reduced
pool10mf43thtl3keag50mrlvqa78xkwg7harmu4w5yzr3k7jvw0ap43,JORGE,13,2022-03-11 14:52:15,7dc6ade9527dbddb1543848fefd8e51d3075d15b485d152b73c3d27100795f3c,2,3,1,added
pool1lyvg6ukqpumsr6wz0jvh7xutcgdtcyyde4wkvptzyl8rql4n3c6,FLAIR,2,2022-03-11 03:12:58,b46562a8ecf0ab8c8543eff2cc5feb20ffe416af70ec60c9ac8519972085cbb9,1,2,1,added
pool1qku2yhky7sv4dfjfv42uyvauhehuqevk25aw952d7ulzqzx3jcu,ASPEN,15,2022-03-10 16:37:47,8f5fbfaf5840056c6b89a92b21c582e2125da793028f4b48d0239c687d5057ab,2,4,2,added
pool1k2yfr7tapqzfgdn7vq2u44225rtqxctelr6dp0xjqggrwnx9hnw,BPP,5,2022-03-10 13:29:28,36b0d611df8b240acab7f64b05a8023888a425865c1c308be3521811f4517818,2,3,1,added
pool15ty42f8jmnd5y3ys5km3y66cy6emnqfx6yfwsm6ral0zwrs3ktj,OTB,3,2022-03-10 10:42:07,991f6f41cc7d6994fcc089727c2d9e58ba5471b67227521d949e6e7c972529a8,1,3,2,added
pool1f6lnuxzw90mmd399nxqjvzyyxgmf4h3cp7j6pp5s7xmps86arct,DYNO,5,2022-03-10 03:34:49,3a289ab123a4fd421924b813e86828394fd5c1f36a8a528d84942e5fbed64c1f,2,1,-1,reduced
pool1my7sevxtc4dfvj626q0ujqqukntfa2v0uuydq6wd8x8hvml03rn,POWER,31,2022-03-10 01:28:23,27dc8fd62c909437f9f32f41ada10dad30319ab03ead6c883dc9e6547721dcef,14,2,-12,reduced
pool1vmj2h5vwgc369g9v4lym57rg84t8sh6twn2sc75cr3pdjcg90gt,SEXY,7,2022-03-09 22:38:33,67d271d747c78071d4e0edd3ba2ca379a6d31a4ef4c8f6e9b321945ee5567e91,3,1,-2,reduced
pool1e3y7u0rtq2zskc7ansvtrd4p3vtv9hglyztzcvsvlk22w9t40v0,CRPL,5,2022-03-09 21:34:58,2fecfbd8c8281e2fcabef6840b0eb39c84d5eab8d8314a4609fac016fae15c98,3,4,1,added
pool15g3cwwmd3qks03ztl5464j044jasn3dcs6zcgpxtxadfj86lvf2,MNSTR,7,2022-03-09 20:22:17,f86ef7a080cfca6b8c35803b2e1b2e08c96da4db1524cf081a88bf1492dbc33a,2,3,1,added
pool1h0v99elmvl50rqk778ue6g49r3mtgq3z4draq6pzy0nqv000frd,OMEN,19,2022-03-09 17:28:24,886363faa1e16deb03552101ebca26b1b1e92251dd17d8cbdc5e331eda41bd1a,3,4,1,added
pool17aqvu5856kvgxtkd6l3v5wmncexp4tf88pyz3qamlpjlyuwn4vj,OPTIM,7,2022-03-09 06:55:46,9421a5ad8a7e647d8a1cc9fc04bc87e88c3dcff70ae06116295c0d14521d14ae,3,2,-1,reduced
pool1lurfk0k0wwx54hlg8a7zp3jtstu57u59aeq7aketl55hknmmtu0,TNTM,18,2022-03-09 06:34:30,576c1e4d67d1c58d9a217f4f8b0da5b36f9f9e9bd4e59b351c922549760eb763,3,2,-1,reduced
pool1s27fdpdv8zx8flkaa0hkh8lsdutxlxkgz6njcwy82zy5cls0mw2,,8,2022-03-09 04:29:12,f3b0d202440b4086ca5c9aa8563dc3ab8c1276ba5f714f3ed1241d8689b1e81e,2,1,-1,reduced
pool1rvjj8cp3urh7de07pm0ceqha2x4lxws69lhd4429dm6djfjsy4l,DINO,46,2022-03-09 00:29:53,eb5909a49a02a98aca411d2baf96d1cdeb20950ff29f5a095d13523b5a689e9c,6,3,-3,reduced
pool1pdsnzs8aft7hfq3xcmvgltt9vmncwsvsw955p29nra8g5hves4x,GINO,16,2022-03-09 00:29:53,6cc1273476f1106d28a35256b19bdbf5f61fd4ed653e8a4cf91c3de3ed669681,6,3,-3,reduced
pool1k99yncea8tq9pfeks3yymyj6fwjf4apx0s490j09m4y66vtyufr,PUMP,14,2022-03-08 10:58:59,f0fdc45f306cc0802a3d8a991c93c2a9920ad8ee7276c86fe71c7865467592a9,2,1,-1,reduced
pool1pdsnzs8aft7hfq3xcmvgltt9vmncwsvsw955p29nra8g5hves4x,GINO,15,2022-03-08 02:37:26,29fc15595254da28e954bb02967dc3477f7527e05e4cf87b9e71ef73e89d2b90,3,6,3,added
pool1rvjj8cp3urh7de07pm0ceqha2x4lxws69lhd4429dm6djfjsy4l,DINO,45,2022-03-08 02:27:39,f36e6e3f9f66ed0a1fc8515eda1bdc4894cff2ce2ba4516f346ff2540f22e7b1,3,6,3,added
pool1rjxdqghfjw5rv6lxg8qhedkechvfgnsqhl8rrzwck9g45n43yql,XRAY1,12,2022-03-07 09:44:10,d20cdaa343f5df7b61dc146e5bb7aaf200089652657dd25e49527c2922e3f2eb,4,3,-1,reduced
pool1ntfxj2jgvhzen8e86ed679ctukar3vj538ywyyq8ryld66jj4sx,XRAY2,4,2022-03-07 09:43:00,69ad4207adedb08b7ee7d1070593a9d65d42f128300006c8683b18ee3e824a02,4,3,-1,reduced
pool1yt868wrp9s2x5pehe96del9m3nwasme62yw02vww3kg6zwzspcz,XRAY3,4,2022-03-07 09:42:10,2a639aa81a5198050b4c9b87111f377bfba4e4e89623ad8c37b24b747a761aaa,4,3,-1,reduced
pool19ru9alj7n5anmzs0f9gpzlj8kaq44yhcp45mldjvldxck8f6yg6,XRAY4,3,2022-03-07 09:41:28,0e1f181d5a243aa2182a9e46195f7c7418c4868851fe71581352ec7c40e48dfa,4,3,-1,reduced
pool1szy2tdjj8a4av365wk3q2fqg9srllmt0383e6v9p664ng076x9e,XRAY5,3,2022-03-07 09:39:20,a9e90b0b37038efb1ba3f9132ea4e8e89e0b53c6df6edbcb4e14f49fc6e4cfa3,4,3,-1,reduced
pool1ucmm6rgdta0sw4qrcj3vml4wsr8pld495pptuypxg2uuvvlqest,,4,2022-03-06 19:18:00,ad93f5c73b39987891b5b8d2abdfa8fee680927908081603b999139902cb72ea,2,4,2,added
pool12n6lycv28kjtkzecfz2a3uujyxy6ewuwjcmjq84my67psqmgagv,MANT,43,2022-03-06 02:39:45,9324a0c692bc21dda6e373c14784f1d643de7656fcb3cad12d8b552e9d7598ac,4,2,-2,reduced
pool17ynruzy9lvq0x55ks22vtf4lrrdrw2ucydh4tfzhg9kkyeaw8nf,ASN,27,2022-03-05 11:54:06,7f1ebf9079356a443a60d1ec1019706acab2e29caf74844b9f62db64cc152ade,1,2,1,added
pool17ynruzy9lvq0x55ks22vtf4lrrdrw2ucydh4tfzhg9kkyeaw8nf,ASN,26,2022-03-05 01:27:03,34192ebf301351d53a575229471e6349c8f79857e7cbe99548f2f711fcada546,2,1,-1,reduced
pool1r8lmsrdure385hz647kl2qjhyyxkdle4au5krjcsqed4x8227k3,MAYZ,3,2022-03-04 20:14:35,5cc640f5f2aab207afa8cfc525c0d5c0c516147ae286e1e1bddd10e634994351,2,3,1,added
pool1yvwry5gmqta5tug7gjmfr33c2whdjf88tfykqckaxsdcgcd482q,ZENA,2,2022-03-04 19:52:51,bb90a2a588ec601eeadb5e2273234b15fc84c067a7a7414d463bc8bf26150a5d,1,2,1,added
pool1yq8xwvf856x3nyj348ghhwegwl8ggq87gjlp6wgy9ms9xznny84,IAG,16,2022-03-03 23:05:29,f96ec4f84a9d342656c77c271460ac7f35ce05b123b3ff67d52e21069fa8ff2a,2,1,-1,reduced
pool1g6rm3p7695z7xfhp629hcsj09njun2fnsz03pjrshw8rgs7pluc,,33,2022-03-03 17:46:36,eeedee0913221007afd7dfe91759ae027ff8738399f13d9d8888ebd991323cc1,4,3,-1,reduced
pool1gxu3vkh8whgygd32mjxsl5thd7p82qv9xygfkvssa90myrmytus,,3,2022-03-03 17:42:24,529c38e9ca471f8ac49b5015fc6e8d109eca1ded253054ab97c055d1e995258e,1,2,1,added
pool13qwq7vtauuxsfajwk0ed4vsmhvske45u5v86902thjsnjplvqt6,,2,2022-03-02 05:17:34,78f3eba1cea17ff2ce4f7ed768b42845952e322cc42363eb326a9c5eb09e44b4,1,2,1,added
pool1c2wa8326fulnkq42uerra78pue48pdwsqru2dhp5xrhsgzqmlsc,,8,2022-03-01 20:37:09,e9ec2b4c22a937a18cc07ae37a0c0c4c35a0a1ca038bb233472e7efa629fcc11,2,3,1,added
pool1gh06f56tnkj6uhlfrlntwnczlfm6tszmm6umga3anevn2tvcds4,,4,2022-03-01 18:49:21,fa191ce735c8ffa944f9c7fb5639da7a47251ff43f7b99a23939d8ec5299404f,1,2,1,added
pool1arsqn9w87wpqlm0sre66gs79dcs0jmwulytgke3vut7u62lttu7,LATIN,17,2022-03-01 16:53:29,4963a48a1073dddd846df42164672d1de0511dc06a93f33f81eace936b6ddca2,2,3,1,added
pool14mma26pz4v888lrxtlzm22vjd68h5hd89kj7jaag6knx7x3k5ed,TRT,8,2022-03-01 13:15:28,f6d871da58a1719bccf5b91788bfdc1c469019423c9d4d3b748c85a1d419a772,2,3,1,added
pool1dny787kkt067gfl0rts25rlq32v8npc2fmxvg70nkgt66vhp8e0,,8,2022-02-28 18:32:53,4a75185ae6a235964a2bdeb4e4ee2c21d6c0de2f9c9a7646055b763da9e00f81,3,1,-2,reduced
pool1gntlh2yq89tpsd7kgaeuremj3s60rscqahyl52qzv0x87mt22rq,KOR,4,2022-02-28 08:09:38,0ebce61a6530d7764189c07d4aac4e98379d7871383730af8ccb4d369e8bab54,1,2,1,added
pool19q034g07ka2ltwc3wwjeu79w29nlafc0w2ppne5ppu5wud60rgq,HEDGE,5,2022-02-25 20:56:18,8eb9fbb52ffe37cd451d1f08253bd22773c89a5dd19e70b433f58f47a1c96a49,1,2,1,added
pool1h0v99elmvl50rqk778ue6g49r3mtgq3z4draq6pzy0nqv000frd,OMEN,18,2022-02-25 01:29:00,ef7192a4f244b8d5497a2a3423212357e319aab5a47f253450b66934f17eaa3a,1,3,2,added
pool1vf2kjdjr6twtsp9m38hl65xcaf6rhwhq0ttz5w63wnlj2a4mq2j,PLUTO,9,2022-02-23 09:04:06,dd9ab8bf2a001b3ec21a5a3a18f83a564e7a11e83f8bf546f0821e0daa71ca42,1,2,1,added
pool1vf2kjdjr6twtsp9m38hl65xcaf6rhwhq0ttz5w63wnlj2a4mq2j,PLUTO,7,2022-02-23 08:37:02,e0ea76e66c188decce285d128c7979c0a834cb82619948bf65f468f3fdc85c28,2,1,-1,reduced
pool1js3l2kgut64prz0q0a8px7qtyduclfm3h2kuvrl5gfzmy0waxyt,Gunda,3,2022-02-23 04:58:38,ec26f2410697642f6c7921ffe4b851ea66d0f65aeb0e5d8bdc63351e5c252254,1,2,1,added
pool127gdv243hfcrapslaqq0nnh64u2gts72gtrt4888g6g2z0zsu64,TTS17,22,2022-02-22 20:50:55,ac1f794f73611a408dca551543e4f9248981118f98281cfc46463886df68595e,2,4,2,added
pool1ncg357pkgx29g6jrwunk94pwxe409ktxyrw8s0k66vwkc4qdgnu,BIMI1,4,2022-02-22 02:55:21,1f8bc58ed1d42ff1a1e3060aa468545066394b2c5a13757818633b836fbbcffb,3,2,-1,reduced
pool13qe6ycacqjg3gpvjewg8734d6hs6rhduuenjtnnkwh327hmtyz5,TDOT,4,2022-02-21 19:54:07,cba437451efc802b0aa8351c922d409e74071953a9a5a30888f149eea216f623,3,6,3,added
pool1g79uyzvt9mm3z7jdcxnp36n4egm4z6l8c6n9l2mk8ae2yf5zman,ABC,9,2022-02-21 19:35:10,996e3b93f31715491b31fbc9802578e79e062ebe0d5fdb6d451704089f711fb8,2,6,4,added
pool1zeya2r53sxmqh2ux3ssfsrqerergnw2hjxmp63r83ntwverpqwm,NICE,9,2022-02-21 15:01:13,28c883ca13e964918372d33c6c88b5ea68a061d24c9a8d58c0076da055f9d971,2,1,-1,reduced
pool15g3cwwmd3qks03ztl5464j044jasn3dcs6zcgpxtxadfj86lvf2,MNSTR,5,2022-02-19 19:41:01,6dbe6c7c807ee295bbb31b1a6f7794ff0fe490d3d30ccbba31f4c19377069776,1,2,1,added
pool1dy7tz7eyf2qal2jcns4qwm4xqn34gc4rj9dz34kfs6zuju477k7,CSP,15,2022-02-19 18:53:43,67f80259bf074344697b057c95f798367ba2acb252e79d01794787cbd80a5b56,8,2,-6,reduced
pool19t833uyjq92aajf5f7qd9w3jcnyq78p4hsx0fn63aejfjtyn99j,OCT,2,2022-02-19 14:34:55,362083f5616e37e308aeac082151cea9b689ca1ca13721e004460507c7d87097,1,2,1,added
pool1ty7lh3nvtwxlcpqg2x30fkr3j9ys6nprztr9m4zp3aajxyjk2vz,BEAVR,49,2022-02-18 15:43:45,95a041d57f1d15589ac8a950675d5a3000b8b92fbf12d2864c0fb309ad7232c5,2,1,-1,reduced
pool1zy4arks3chpruyt32p0mhwqu3qpdgyx7nejrw06nqu3uzfuv3aw,SPCP,31,2022-02-18 11:17:44,9cdd97f56ee606f1ff8e16a9b2f768cc3c47d30163da24c0812c361fe39600fd,2,1,-1,reduced
pool19aw7zl62a72fy0vz2g8tj7raxzqhw2775ynymyvaeayvk8xf9er,HUG,7,2022-02-17 21:18:38,76b3920b450599e25f406d0c378700e227fad3417d3f63ec4a247153cc2a957b,1,2,1,added
pool12u28yewx8ycf6dj77lzpj6vvhjwp6veh6kxpc63h8fqnqqtlwmu,NOOPS,12,2022-02-17 20:53:32,5b7a94ffacb771ae6e014642a4326e17156cfb2a789bdf76f294a1600a4d1a8b,2,1,-1,reduced
pool16cy45uggzv3ah3s5m960v9vuxlx47sfnezpszuhcwl99z7nq8kq,NIXE,12,2022-02-17 19:29:08,8453c5dd629ee53ed4c122ebaacd8173fa41bc3e867be0d8606e6b85bb3981ca,2,1,-1,reduced
pool1qhs3cf9ymc2nvmrd2j8cs36cj9jdqgnqk6s9ngyvy2lz5s8rak8,PANL,10,2022-02-16 01:22:22,1a94594273032bcdcb2db47b335b301a2bb915c9831537dbc81f86a924a2315a,2,3,1,added
pool1980svf2cxnfy66s5jgjv7y22xud75z9kfe6n0c3y54s62w56435,HYPE,24,2022-02-15 12:16:09,73de6ebc1bb260578fd1189cea3a8f99f483a2b4407482693634982fe054b3eb,1,2,1,added
pool1agk62kg0s9606v78exurl53mqsdu44d6qeuzypur5e7ku6gpgzp,,39,2022-02-15 04:58:26,7f35cdf55a9a9436e0e35224c351de63bc043e1deef962113d27478c80e8d7a5,2,1,-1,reduced
pool1q8a7ym63gurl72wr32je0tv0lp4p2uh8vzzc6rn6un7ryslvqmu,LSSP,8,2022-02-15 02:15:48,27b3eec2f438530474af9eac0b2dba304e4d8837d6b1be395e18019339eab183,3,1,-2,reduced
pool1a9xyvnnfjnujzy0n2mpf4rztdwrssraw5p5f06mqlgn4s06z0nw,LAGO,26,2022-02-14 18:47:22,a4fbc70b7459dc224ccb19084b2d810bf5b7d40c68c091d0657e9e66cff2e533,3,2,-1,reduced
pool1y44fkeps7ftnnf495a7grfrwtt7hxcntaenyzu4x4vah5cud0mt,,14,2022-02-13 20:35:58,74180be430f13a8b69854ed88f1cb9add636cac60172d0a6f4efe40e4ad20db6,2,1,-1,reduced
pool1ey45kz6cwxxzgz6dfy89srvwcfzkmv3ea8g3jxkxmtr9zk5ayeu,HOSKY,11,2022-02-13 06:36:19,19bf2ffef1cdbf8236c27acd52e3e8266a612a81e705da0d0428cce13a5e0587,1,2,1,added
pool10tcg3efecc706w98qs7j5jw84nxkcycseksp4mw64pjty26wr7f,,20,2022-02-13 01:12:55,a75b78cde680571f170e364e2db93b69473827ce8e6e53372c36646e4b85231e,0,2,2,added
pool10tcg3efecc706w98qs7j5jw84nxkcycseksp4mw64pjty26wr7f,,19,2022-02-13 01:05:12,61cc2589111bf83f81ce526bb558989b1d9fa0ea39560dbc0954eae2959d1e5b,2,0,-2,removed_all
pool1yeqcw6v9t4ma3x0aqzfrh7as4yzj4ppmczc00fdffw78xw9qvz4,MBX,18,2022-02-12 22:22:32,34159f9c44ad6262002ccb019972916012b46401cb6c363f49a4758df34d735d,4,3,-1,reduced
pool1z724xxqgzf9a30eejsa4edznmv8hgy27ssxqfcpqz42sc6lfqwu,YYC,5,2022-02-12 19:09:30,fecb4526570a2cbbe7baf8aea2364c77bb2433d816decb4ab826baa075970a93,1,2,1,added
pool1d3gckjrphwytzw2uavgkxskwe08msumzsfj4lxnpcnpks3zjml3,CRFA,15,2022-02-12 14:26:01,c97ac019802081f373ab5b646e8da6b0d50e2d6c5c961cd0757f24bb69cf56dc,4,2,-2,reduced
pool1cf7mqj0xd8z4jqhr7nf565mxuvepk8euv5t6ehmuwe49kfz9llr,TOKAI,11,2022-02-12 11:44:00,0944654711783af674f3da662b8037b2f34e3f3e45ff92f9c7288c2b9087924c,2,3,1,added
pool169t8r0420lfrgr47c46kym3na4r2vqvla5wtahl7z9akgwr8eqf,,5,2022-02-11 22:42:10,a748b30ed323c4b82ead767b807897bef6b762112f7539fa5fef1a0aeb0d3b77,1,2,1,added
pool12n6lycv28kjtkzecfz2a3uujyxy6ewuwjcmjq84my67psqmgagv,MANT,41,2022-02-11 12:16:23,eea42835bdacf811817326ce32375ef8f23101b065d01ab7e77e847541fe49b3,3,4,1,added
pool12ll3j3sfjp5sh34zahawfka254kw9lkmemymxue56vapcmwafu8,XSP3,3,2022-02-10 12:04:59,9fe5958caa30722313fb65149f6f336bb0fd27a1a358b3b5a1c182712d7fc63d,4,1,-3,reduced
pool1g6s7gy86hpgpyl2nyyyd3sqvs8zq0vjuc4sgh249g8rz7fycumq,,2,2022-02-08 18:52:26,ed768c930b7d09d624cf4c62dde4672028492ebb96bfad61761b8f48b968533b,2,4,2,added
pool10gtnlhevam52ynwuzua7dqgv7vje4q87q25dzzfrjgw3wwjk2xw,STKCH,5,2022-02-08 16:07:28,1399983fad643bc7a6d3f93abb2383b5a53f6cc9fa31a37e580b645b80288b2c,1,2,1,added
pool10p6wd9k0fwk2zqkqnqr8efyr7gms627ujk9dxgk6majskhawr6r,BBHMM,15,2022-02-08 05:12:29,c3adf6130a574cd1ace39758b6348a5c6786baffb78825c14ad68ffeb2720c46,2,3,1,added
pool1npggw7euw00kg0ttn5s653akaphnr9rqur9yq38tw6duk0rsklj,,3,2022-02-08 01:05:07,4e7c6077a20d9a49410808b19212b41a74922161d0d4d31b9cf0f8c868c0f686,1,2,1,added
pool1ar6nsa2uzng70uf8fdrttu5jhgxzgu2f4za8h845zr435nfcruw,1STEP,3,2022-02-07 02:46:25,f42959278a17e516e5a5298670734dbf20378dbaba186bdfca3b9b56c6e451b9,1,2,1,added
pool1lfvzgsrghmugvpym868mh29288ez0nncz680mamzjygu2jpuwcd,NORTH,8,2022-02-06 22:55:14,c00c4cd1467020d36441853b11f65799df912525d08b808edfb2b4f00a1ad0ef,3,7,4,added
pool1k633phcvz2hjhj45evwwau4w576jpq83acg5h84w23jauqu56cw,NORTH,6,2022-02-06 22:43:43,fd2cf22a7c04ed19ba16d7eafa3b4bb0195ea833d5c7f858c793a4ca7a74ba09,3,7,4,added
pool17rjst78s67lvellg8s586rf076jxa3wnsdz730f4xk2zwuhrtej,NORTH,12,2022-02-06 22:34:57,771fee9c2e014ffdf4dd219e6bfa26a628518137f93d91bdf7d569222109936e,3,7,4,added
pool1gha260s6hx855p49fc735w78p0kcp4hyxl8glymp5k5muk9jkgm,NSPYR,9,2022-02-06 02:11:03,25166d7a8edd09ab6bf86fa5ba819b098bc03d74fc04313d1989010a3045f104,3,2,-1,reduced
pool1d3gckjrphwytzw2uavgkxskwe08msumzsfj4lxnpcnpks3zjml3,CRFA,14,2022-02-05 19:45:52,67ac0ed4542588eaf54c5c8c0388eba0e909b401de0f0521aecfd6767250ca9e,2,4,2,added
pool1vev8z03vh7jwx3mfrgzrt9fltt97nupaxv8ffj4r5r8mgwts5ze,ADAOZ,21,2022-02-04 22:21:40,9d95b1f6a110d31b4f13cfce397371e52c19a8b764d07a4606fe17e1ff866a0a,2,3,1,added
pool1tt9jnp33mua5vznrdm8lja2qpjnam8w0lhx982ssjexv64rm8fr,,5,2022-02-04 13:19:45,a32805d89e090a441b2135652c494818d796c567d09356ed85bb4dc7407f7d24,1,2,1,added
pool1chzrvd7wzmw8ufsehctn8fmf7ca27xf7d6f5tpreat7kxx6hwf9,MOBC,13,2022-02-04 10:26:21,fe1a67608eb7ecaa584a6e4a39d01e8d6c44f86696a38448954404123a648bde,2,3,1,added
pool1u0u2s080a5plun4acn6s70xa3q98ct7skt88l7w6nnwwyl9ecym,VOLCY,23,2022-02-04 09:40:37,d070a8a42b9e05c81d63983be8dad0201fd277def0da864fdb30d1dd86d14486,3,2,-1,reduced
pool1h9jr0f9evk3raxlljq6mt4gj7ej4v82afvnlc2wh28rwy2d8lsy,RUNIR,30,2022-02-03 22:35:35,00f07dce2b2bc363bb064b08be2472041d9ac7227abacbb25fae6ce2d9e8a647,2,1,-1,reduced
pool1ksh2zpeeqe0rpcug63up5l66g3kr5vf58jraeun82rur6m4g6xz,TRUST,64,2022-02-03 20:09:16,e28c72f3f13360fda0acbcd045ee21d96486a7f7c73a51f9d82d466641e900d8,1,2,1,added
pool1nz9h4raywm6mu2v8l7htuaqvmn06l3mepuaxynpzlwljsf8txhy,NORTH,7,2022-02-03 11:17:28,dd31217a45cd0de7b733bf624abd8a44a6de92ef31596b2e35cf0f95cf27dc58,3,7,4,added
pool1tay8z4sq4a4gmyhnygyt0t5j84z8epwjra06wq28jnnmschkkuu,HIGH,6,2022-02-03 00:01:24,0c0e317654ca7e688e66a1cdf20787823126fae88f2f6e9f7dc84e1456db66a8,1,2,1,added
pool1a9u5zphfgqlgl0s9nvdzw2863a5xeahfq4jl0wj59vku5kv9ykm,HAW,12,2022-02-02 08:35:18,8cc5c7eb3fa7c0128fc166747a7b102ca06c896f546bb403a27947e9204e41b5,2,3,1,added
pool16hjf8wp5ac3nzpx0l8g5rlaw9kxhdftrlq570zv82sqyvmffx9s,MOTO,2,2022-02-01 09:24:15,827f549c695e3dec4ce4dde3dd05c1ace11ae953aae4977aa590a8b546f6528b,1,2,1,added
pool1cspe7naf0mtntwyysqxk6czah3jlh6v4cja8pdfju932yxsehnm,CBH,8,2022-02-01 06:26:11,0233e3e6a798e707670224989f9e5442948e37d03579852f7368a2f0558a46fb,6,3,-3,reduced
pool1rtelf370z5ejduxe3rn5mk5vrvqxg5uvggqv3z2k0cc0wxy3c4j,,4,2022-01-31 20:29:27,a98853c3f5acf6acaa71442fb22f2f67d2e02149deb633380e15f3b9036611f0,3,2,-1,reduced
pool14a39gegmmc0xp7u3vr2lxggpphjm97nef6d35ytrukfwqvavj8j,,33,2022-01-30 20:33:18,7d1fde5283e483feeac796c9e9e9769e5ecfcf6c4d2918bf7b2a6c7516248371,2,3,1,added
pool19nw9emug78q4uxwr8lv0glvmmzwr6lhylgy4ztaagjsjvyqjylw,,8,2022-01-29 19:54:05,ed9f864c525a8638a2c687bab2a1f705b1eeadd9b4dfdb1430ea2e6ca37f910a,1,2,1,added
pool19nw9emug78q4uxwr8lv0glvmmzwr6lhylgy4ztaagjsjvyqjylw,,6,2022-01-29 19:02:14,dc23da70432529d92e397cc6c65a48e9a3c0206ef5c86fc2958dc1240bc78212,2,1,-1,reduced
pool1cmqpzlsrrjup8zg6qaperz868u64dlt7uvvdszsr658mvzz9qq0,TREK,14,2022-01-28 05:45:59,89bab965263feca60fa3bd411f53008f9c7845b3269459d89c7eef1d52c9284a,2,1,-1,reduced
pool1q8a7ym63gurl72wr32je0tv0lp4p2uh8vzzc6rn6un7ryslvqmu,LSSP,6,2022-01-28 05:28:17,d3cbfc45feedb8a629243e8efcba64d0d0953ba7d680c380f55b758ca5dd2eb7,4,3,-1,reduced
pool1v6xpvq7argftng40s80804eyf4m7as45292las40jw0nxte295m,,2,2022-01-27 20:54:23,e812671f8c005d3af5d917cd3851cfbea7199d9cc037f0dc21bf5252d325f359,1,2,1,added
pool12t3zmafwjqms7cuun86uwc8se4na07r3e5xswe86u37djr5f0lx,NORTH,32,2022-01-27 17:02:32,fd025b83ec2e07b8f3252c3b4de7229f51054163c47ba981eade7b0791be9434,3,7,4,added
pool1yeqcw6v9t4ma3x0aqzfrh7as4yzj4ppmczc00fdffw78xw9qvz4,MBX,11,2022-01-27 16:19:56,98e39c25358c66dc3a76fb433326ea4ead2f9ed4eaaf48d821d737a57dd6a67b,3,4,1,added
pool15r7xg0vrrv2yu8wj3866eap8ftkuxvdk5rjz2lh4xajjq5v3p5d,NUFI0,3,2022-01-27 10:01:50,a0850f113797f43dd3222ed3d928760ca4c17689805e25a3bc3f56887bb3ece9,4,2,-2,reduced
pool1fqwnqk3phwa2s5thgym8dw34pv0z67m526uqprnjh93cvzxymef,NUFI9,4,2022-01-27 09:57:52,c81affac3620363108e6c11ec4186b284da4e5b168e59762a96e345039776bb8,4,2,-2,reduced
pool16hs0jxw7h6pwg3ru7rcq3yvg4csj7lhmcpj68kqem2sh5nt8mwk,NUFI7,4,2022-01-27 09:57:52,d1128c75e4cd81a034b75edbe82199885ffc9b967e3d9dcfbc7fa865ea49dc3a,4,2,-2,reduced
pool1q0a7a94cfk4ph7gugj636tsuhhd98l2sfjv2adhaff2mvs7kmtl,NUFI8,4,2022-01-27 09:57:52,ec03e9d665bf5b5fb282c8f9252ded0960de0681df5b880002761485f7b9a084,4,2,-2,reduced
pool1jg3fmnmc9n52sgzslhhvhye5e3xeqmrwkekdhh82sma47r47zg0,NUFI3,5,2022-01-27 09:51:54,8dfc982d0b2710b3cc5be5165b4e8ac6fa03e0267befc4108c23f965053d158c,4,2,-2,reduced
pool1ecvcst7k9eul4ggnljh0jw2s5nc2tyfmyzsx3xg3kmmz6ptgfwj,NUFI2,5,2022-01-27 09:51:54,edef79f395fe69c8d9fab619744c8b0b6ff43ac6fb904e9cd0efcbe51518fbf6,4,2,-2,reduced
pool1caulv7s08g0jnptzdc69qycptacu7fzahny2epzh7sh9vhqz6xz,NUFI1,4,2022-01-27 09:51:54,61cf93cc1c7aedd5b69cdc06b3125d0fc2003bd3d1802ea9135e4b17216845a2,4,2,-2,reduced
pool1ea568m9q882n0tx5d4vxff2dmz2n7rq5h62hx5ystq625m4tcfu,NUFI6,4,2022-01-27 09:51:54,eb22f6d25bc68fe72d1ed4f1dbecb7d913315a2d5addceb62b7537c2a6220383,4,2,-2,reduced
pool1jdhjfcu34lq88rypdtslzwyf27uh0h3apcr9mjd68zhc69r29fy,NUFI5,4,2022-01-27 09:51:54,56003d89dd94411507dc11a7c5d54431aa1244f74c57d1a4db31307812cd8c7b,4,2,-2,reduced
pool167zl76srpt5a2gthpsq0ye9z4fpray5vsh7xyzcn63hd5mnw7fa,NUFI4,4,2022-01-27 09:51:54,d2e4576dc0b617ef0410d4f421cbcf7c7b45a0c611c5b2ceb500f0b53c30fbc1,4,2,-2,reduced
pool1qnrqc7zpwye2r9wtkayh2dryvfqs7unp99f2039duljrsaffq5c,NUFI,4,2022-01-27 09:49:20,d36dd5c6a4d46b9fd8d7e1ee6012e22a3f58bd35d98ee3def9656eb89d8c32eb,4,2,-2,reduced
pool1uhy50u9y76nd6z2xmzt3mta0yc7g3gdssef8lheyyg7zzymgzm8,NUFIA,2,2022-01-27 09:06:45,3212eeaf1362a5dd39d683a37f9243e8adcc7fa840d040cfac58f8a4f4460161,4,2,-2,reduced
pool1f9sru9g2f2am9p5tekwt0e7yrvqcatt4f7eq95uc95jcypw03hl,NUFII,3,2022-01-27 09:06:45,61a8b28c8d6aa6648c9460285e93647e89fa189ac3141af12dba4bdc8a571634,4,2,-2,reduced
pool1r2ztq76ufvwxgl4pyc70t8gccapeqaumdjyv6ug96guz6230e69,NUFIJ,2,2022-01-27 09:06:45,e2d66b200a9c836965c46df5338dc6695391d080b5ae0e6bc6287f58f0a655e1,4,2,-2,reduced
pool104avq7309gjm0fxms69yqusxy8zf888k4mamngg5vnc6vculpzq,NUFIB,2,2022-01-27 09:06:45,84fc28a977e0fe528bc8e1786b9ddfa3e5ae26db063695d9c145b4ae96273c59,4,2,-2,reduced
pool15t2zmpej2qep4n9z6lx854r9lyrq3y4ahdj9kn0dk2qj237xhln,NUFIG,3,2022-01-27 08:31:16,2f72960fade64c5df51779d77916fe0d68fcca7d30e56acf2b7a1fa062aac27b,4,2,-2,reduced
pool1ye4zrxf0w7d7drq5wmat36dlzq270dxy9rhgcwufnaja644vwr9,NUFIH,3,2022-01-27 08:31:16,0e108d9002cd862ce0318f6e237e579d7d7b87626e64958050f6336c37fb8306,4,2,-2,reduced
pool15d62znf04qymt6ve536tt5y9ky979ly4um5zmgz9m850vu7wuv7,NUFID,3,2022-01-27 08:26:09,6554a271ee9d0d3c544288db9e5d98052d42fcb083c495df9488e824adc7271b,4,2,-2,reduced
pool18p3wzqhpgs932rx2lew3dtrge4uvumjx4lz0kzthlntt6shz4rg,NUFIF,3,2022-01-27 08:26:09,3ae9c49f184667502efa95773cc19572e68f39815ce4a4a2d58ef5e5d39ee678,4,2,-2,reduced
pool1f8erepj5w5nth5xfxgxnwpz59jzywt6zdwfr50jzjwfwksmg9ek,NUFIE,3,2022-01-27 08:26:09,7548404a166d43a76049b52b1648de65ed20c90093c9b65b25300a170a53f3e6,4,2,-2,reduced
pool1chtam5czevzk2ttctvltpsc8twlwf6zzyh7kj3jkz72gks975sn,NUFIC,3,2022-01-26 21:45:56,cbd1540e46c7abbb1d2077c5fa62c8da08f6fa4160ad4a4999048d8275daf4c0,4,2,-2,reduced
pool1v64qxd5fvrq6yzh84jnsmmurnmt2x2femcne4az8wamcvxcf6x4,,5,2022-01-25 20:02:36,df2b586f30358ca1b3f71ca65e04bdbcfbdcd59b7ff9bce9d3a959daf7b6be54,1,5,4,added
pool1ytszp582dm9u5un6mevt9czgcnuqhflwfr9ly4ukpeqcughryqh,LEGA,14,2022-01-23 20:50:17,78b26d5283365af4b4f0960f660cc507ecef2a3c33cc695f537cc2388cae3342,6,3,-3,reduced
pool1lqpymyzg9glc88r7urptuv0d8t2tu9ty7xtshvxmgpu0j4lp8p3,VINCE,19,2022-01-23 10:30:52,2c181a9905c4bb8e34569e519d2e5ea3c6d323e72ac14bfdcb88887ab5695c90,4,2,-2,reduced
pool12fr472y9lwzjy055gpuvpxdy5slpe0ej20pykdeatl59zg9ren2,CARDX,8,2022-01-23 01:54:59,805b18dfc0aa96673fa91ec99a0ddd32528b67f4eb7653a25693e7aad87d5975,3,2,-1,reduced
pool1dkpt0xwf0wzh0xzkqzxlyygznj9pt8pw6sdze7cs8tdd26hc3v2,ADSND,7,2022-01-22 20:26:36,0a157e5781c3fd75dd0084ae570990cf10aee1d119d676ea7b2f9b92ded9534e,1,3,2,added
pool1n6qqnvjfzskcq9zdld5pnp8q3ktd28pqsh5tkmvarqcayr76puv,,67,2022-01-22 09:56:56,b27cacab2134e479d30b3aa0835b99618dca4aa596cd7377809fbf5b17dff87f,3,2,-1,reduced
pool1vkvmj9r4w77fypzqxynxuf756zma5fgf89sh4xpxryx4yrxd64m,NLP,5,2022-01-22 09:28:02,ddf0f081051608a9e36d92f22287a8e5e80862e1d9fecdce851e62e71dc6d8ee,2,1,-1,reduced
pool1dv7s5fn4m9dee8ncvx5hktfmsnx6agydhn798rfdqjazuwr84gc,BOBA,10,2022-01-21 22:33:00,d9040d8f1605f53b57cd04b10ccedfa82454f6ed2092a15d0ecc3fbc1d4c27c3,2,1,-1,reduced
pool1v64qxd5fvrq6yzh84jnsmmurnmt2x2femcne4az8wamcvxcf6x4,,4,2022-01-21 18:43:54,bded8157dceeef83ce58215a5bbb00bf6f9a8e30bdae77ed310907737cc522c4,5,1,-4,reduced
pool1g4d7fv0j6lrpsmk2vvsvpjqxthw8pce5xtw6c7z9ewedugqfqle,,2,2022-01-20 19:51:35,77639e71f1bec80397648cc0896ac175b5a8052ccb9e654a1cdeaba3edadee52,2,1,-1,reduced
pool1lxhlu48gq0606mj6k20mh56zz804zf7narxvmty4pd3mgee65e5,ORPH,6,2022-01-20 18:41:16,50e494bc4976138aea6573504ba5ad10e40ec8ebeb1fc1fcb81127bd5c36cd96,1,2,1,added
pool1dy7tz7eyf2qal2jcns4qwm4xqn34gc4rj9dz34kfs6zuju477k7,CSP,14,2022-01-20 15:49:44,723c55134994329568623456f3e7fa689a7aaf70a6c949452f48cce2365e0ffc,6,8,2,added
pool15grn4zm690mfdxa2gspgg94l0t53n4y4608767rl9scqjz7jy4h,,2,2022-01-20 15:49:31,28d4e6837b9ce6efb3de6daebcfc1010f4fe8df82bef8b3b63de7dc7946ff328,2,1,-1,reduced
pool18kqs8hf26zpcmxz68lqqya79tks4y7gg3ua3msgamq2vuphfc2z,,2,2022-01-20 15:40:26,ccf3877b7d1fe670fe7b9f767b27dcb2dfd7d354c28e299cf0bd646a04355cab,2,1,-1,reduced
pool1k99yncea8tq9pfeks3yymyj6fwjf4apx0s490j09m4y66vtyufr,PUMP,11,2022-01-20 10:23:46,62c5a0e676bd8874d60f242ba1c9fc24d5a71209403b7822b5ee0b916295a0a8,3,2,-1,reduced
pool1h6q8jj55dn6727yydlypu0rz4sflf2enxhs0thqydmddgu3shl5,HAZEL,6,2022-01-20 07:04:22,bcc74b14d3a780f3bba533cae402763ef1c422bf8006b60a2c7dfa5acdfde534,1,2,1,added
pool1a4qtpgce7cu6wzc79fx7qrc3938hkl2gf8c2h5jugvm2gnu86l7,,20,2022-01-20 04:21:51,07e30384eecdf67ba4e1a779cd5c757cf379d1f41e436c107d9fee505aad6208,4,3,-1,reduced
pool19asxjgd6ah9ddzauwede4wpt9vsp6s4ax5nz297wt47evc9sn7z,,42,2022-01-20 04:14:01,42620c0fce5b663d6388a202c0b5ba6cd30986c148d0aa8bd8180d278504c2e9,4,3,-1,reduced
pool1eaeynp2hs06v4x8q65jfm2xqcd3dc80rv220gmxvwg8m5sd6e7a,HODLR,12,2022-01-20 01:57:09,941f266d2c10d38b5cbd28d14ecf2fbf45c234e1a3a2f55298f02e066bde70bc,3,2,-1,reduced
pool1fd8qnudvhz2hanlccdsfrwdxmmwwfryalrmy6a6y62cgqfx3ujz,MOST,9,2022-01-20 01:38:26,2562eadf9d0ca8ef89cdef50f6dc10c071cd1c7932e8ac709a7a360c8a9a399c,3,4,1,added
pool1yeqcw6v9t4ma3x0aqzfrh7as4yzj4ppmczc00fdffw78xw9qvz4,MBX,9,2022-01-20 00:45:36,b9e3bf72c4acdcd2539e84bb159239100e939cef0fc582d95a4db52bff6866f0,1,3,2,added
pool1nc8vcafsgemc2jx7mmze3sppakahrl4z5qqauw6znr93jfyqv6j,,37,2022-01-19 16:10:04,a81217dc987102ca24a05885ebc384ff77167ef23a4a7263bcbaca43c9754785,7,3,-4,reduced
pool1ju8f57hyvaa32tp85r468kuedvmjmcy56f8u9968drea57p50l5,AICHI,17,2022-01-18 12:18:16,67d52f624842a52860e50d7229cff6f1548f0cec23bfbff0c85cbe1917843394,2,3,1,added
pool1wk37820zgughs6fj88st8j6qy5m6zss0vzeu5mmrjjj2srp9yf7,,3,2022-01-17 22:42:03,43ce7e95c0967fe9be87810e0057531950f7f7d033ad6b06b17ccb471b0748a6,1,2,1,added
pool1nhd907krga9dh69kf0jg4tl0764rravepy337gptvsknxyyx94k,TOPO⚡,34,2022-01-17 21:05:34,0dbc9cf6a549e0f8d04a59af6c8dab96338f8812348364a4959e0c9e0d813709,3,2,-1,reduced
pool1gh06f56tnkj6uhlfrlntwnczlfm6tszmm6umga3anevn2tvcds4,,3,2022-01-17 20:38:20,eeb475dd417fc8972edb47b39b874932e8a9a1738403866e5881b56503bb069d,2,1,-1,reduced
pool12320ed3wn94ey8rr7f0rlxr6zr0t6cntx7tvg7xmu3srghgc05y,,4,2022-01-17 17:33:56,cb4c78046cb718aad351a2467d8f399d41e282170d5768dd7bb1d2cb334e3c8e,1,2,1,added
pool15z6cv04zauz63jcjqmy5uxw657rrhf5aqts3lhk6x6zswsjdpmd,,2,2022-01-16 23:58:11,7b00832e68b48e65655289417247228e0b0f0cde6b4bc437ac4f38cee7df4a8e,1,2,1,added
pool15zms2hm7rqffqcdm2kzkv7kz02w6j0kzkhyvn0c4dfctjaaqggt,,19,2022-01-16 11:20:55,e8c1f49b5491f00e3703f3067a533dd7ee71dcdb68f79f747a24b0bfc687b364,3,2,-1,reduced
pool1drxxm3mncpnn9zjruh3ppp44zhfrlqexckgr2fzejme5k8dmv63,,9,2022-01-16 10:55:12,a327f156c8948d4c64d1b093388a5d874db31797c2113d906e6027815fcc4a7e,4,3,-1,reduced
pool176z4pf0r9p6hqvp8m333sqm6vx8tj93q5yyunyv5478m5yp8j07,RETIR,13,2022-01-16 05:21:32,a9a913e5123c5678228be2823748cde64e93ac8c9ed6186afce3efde2d8ee203,1,2,1,added
pool176z4pf0r9p6hqvp8m333sqm6vx8tj93q5yyunyv5478m5yp8j07,RETIR,12,2022-01-15 23:00:02,b58f649563f1c5aa1c4f19d03841d04faa1055e2ba0bf6441f5602dda7ebc711,2,1,-1,reduced
pool18qamc87vnl2sjd888f3gv4ssh4qjww859z9v6mr622fvjhemunh,,3,2022-01-15 21:11:38,a882b297260748a6b127571fbd574d5c33065ad589582e03cff1a49417f7d0ba,2,3,1,added
pool17p4syst04f92ylfzlcn8qwq8w5muxkwqn0a5fl98ksxhwj6y7g7,,3,2022-01-15 21:03:07,70bfa0dc925097dd017c57652cf5878d92bbfed241ddd89bd39270560b498431,2,3,1,added
pool1qhnjcmyy9xrf00z4uj66yedje5ue2ukqte2hr6dmty9a2gz7tu5,,3,2022-01-15 20:53:36,c91d0614971ccc843057a3b7c3688f54b49d582c773e4c67b2f88f1b325fd8ab,2,3,1,added
pool1vkaycnf2sv8rxzv4nex8s2unnzahtjs8eht9ypua4takugjgaa0,,3,2022-01-15 20:34:18,28ef5e44644daeb49a166c04648c394a43954fd3d1b5a591cb7ad5cda575a892,2,3,1,added
pool1xs34q2z06a46nk7hl48d27dj5gzc6hh9trugw2ehs9ajsevqffx,SNAKE,27,2022-01-15 16:16:34,172297c55e01a7050a2be403449c4dbf31c84b9f3477fd2395c835ce0c930b7d,1,3,2,added
pool15kmauzzxvy423nxuf58gpyhrs8wngpvmvkzw4ncte2mmjn2wpvt,,4,2022-01-15 01:29:36,6f5e74062bff665fd65460c58ffdc51b372595f2e594e0ed633d30e9039f78ff,1,2,1,added
pool1692dxqqcsavymwz28w44t2jhyjnakvj4l3gwz2dqrarmc2k6dkh,BLUE,25,2022-01-14 20:08:55,ae0160b68d1c5ed412a72b359ae037da865c0c32f9f1a9d24aa64796482df122,1,3,2,added
pool13846y7q7tng3endxhet9qdcz5w0fjs09ytcye4dm5g54wmyqeqr,BSP,17,2022-01-14 12:36:10,5db1562f507d2e546e2ae1a6d6a1e268df05d0eece80e5dafbbb4011824288b6,4,2,-2,reduced
pool1pgmuramw9waw9ckxsvpxmcn9p6fd4xl5jmavu8jje0x5vuc00l0,ATRMN,2,2022-01-14 06:10:53,d923855b31c9042025ab050d973b1e3974b4c78377c4107779e113f6ab04c0be,1,2,1,added
pool1kcrr7re05pwesye0zh00a4xxnsrw5c29rd82fn4qecdcqu5rue3,4WARD,6,2022-01-14 03:17:29,c2e2d03bba9fd3c78af2b32dfe39ff0734e0c6470d53a477dc45fd017ae20657,1,2,1,added
pool178jmsy6t03udg2urvckseyync6y2jkq26haj7vxtwszc7ycq5ws,ROLL,4,2022-01-13 20:55:23,dcd0a6c34b596b640fecc7c2124ab61e4b05f789f01603d41b845e378aba0672,1,2,1,added
pool1sq7pf76nn7wx40g3hufdwc9g5x8eu0x8un0gkjhz9rwhjcyfsrn,,10,2022-01-13 19:41:05,9c9aa58bd50287365a4dac52d401baf278f4ed6260fadc750380f87528deb765,3,2,-1,reduced
pool1kf9f3n4480rgar9qmng837t65u2psmqd2dz05hsvvp7jx9zeqpw,,4,2022-01-13 18:10:27,a3cbc3e20e2636d2a7f50c07621868f918903b4aa179cf415047f048702bedd3,2,1,-1,reduced
pool10tcg3efecc706w98qs7j5jw84nxkcycseksp4mw64pjty26wr7f,,17,2022-01-13 10:26:20,32bef6ecc5ee38382fcc0aa9297d8399f7b3eb2f67b3de541d9906e1713dea37,3,2,-1,reduced
pool17etnr2ngwpnqwuvdzszzd36u67kzcsrs8scuxf0a63hezy9zvpv,ARARE,12,2022-01-13 01:35:20,49c3465578ed4012885226466bf540b57702e87b8fae21abec8e658741178d77,1,2,1,added
pool12h5xyakqqs83hhvanqqjw3tylkdey7hf3wyy8grt5dcc683g0a2,HYDR,2,2022-01-12 16:45:00,454b5a765ab9af695d88c8620eaeefa936f0952906266d1476d0dad69a44e755,1,2,1,added
pool19a88drt8dx3wu29e85vcl96wjsjt9vlnlj5tr4ydjqq86sfa84w,,20,2022-01-12 15:28:40,b06e5b983f2efaf2a1a36cd7bd01cc42ea6c81996c1c53443a668a55c1f38a97,2,3,1,added
pool1jrws5cpc6nydu0yxrexf5vflgga0fr4qlduz8cs3pgqmye3xurt,SHIFT,3,2022-01-12 12:17:13,687d67f2de47159e752e515cb636e236ebbb4c818d91c3f48c3f10b30cd6644a,1,2,1,added
pool1q2fh3cl6rx0wv5gry4qx5l4h65qpjf7x99xmq66nqj2fj5g6u9z,ASTCH,2,2022-01-12 05:14:48,9fbd8a835d09e5d644aa87cc20c7d7aa83a75c5c584f685f9728c9144b840277,1,2,1,added
pool10tcg3efecc706w98qs7j5jw84nxkcycseksp4mw64pjty26wr7f,,16,2022-01-11 23:10:52,04b13512b70765e72005e45a042ad52b8ad0e493d64dd11057f9bf5dbd3f9742,2,3,1,added
pool16w2y9xnpdjt22klzhuwcz9jpvyyq8640mepljcwx4mjmsvpqk0y,,7,2022-01-10 21:50:25,7b776ee60bc5af25d19de833e94576d9132937ef5e27b02c1f041e2cc94186ab,2,1,-1,reduced
pool176z4pf0r9p6hqvp8m333sqm6vx8tj93q5yyunyv5478m5yp8j07,RETIR,10,2022-01-10 21:16:56,463953748f9c2b94dd67d8c4a48293ae9680ff2a2d728e3d74aef416e580e2d2,1,2,1,added
pool1p9sda64t6l9802tsu2fj6phvt9xfqgcpjucyr3kek8wzurmn8rz,K8S,13,2022-01-10 18:52:32,984ea294d430ff0528e542b54c3a0ac3f4be2979c79b5fa3a62922b664862f70,1,4,3,added
pool1jy9uaygr9wzr3p5x87knflu229lj4lsgtzc3g2gvq2jf5hf7lcl,,5,2022-01-10 16:56:28,46446445d35f4e9de23933063b7fc2845045a33bba61d5e9a1ca703d7f3380e5,1,2,1,added
pool1fmykj5jqxtpxu0285209ar37taw52p68q87nmg6vpckhwrtje5w,,12,2022-01-10 12:37:08,884e0c00864b3a1d276811e4b51365acae9397727b93e9b69642c0ed3e0d4270,7,8,1,added
pool1ljlmfg7p37ysmea9ra5xqwccue203dpj40w6zlzn5r2cvjrf6tw,AAA,13,2022-01-10 11:46:57,1cfe48058bbdad3cdbcd289c067eabe2a1e2155979891b18376e30c0a66eb57b,5,13,8,added
pool13p725l7vqedxvkrstaq7myguewcktjglapwls3re7wakxdv90fw,ANCO,4,2022-01-10 02:25:06,42068c1b7bf4472b6be810eaf7c90c2e586200bf3381f17300644e362ebd1723,3,2,-1,reduced
pool1dnszy9spu7m4u9s8jqh95myuqapujwcju593eqczgl56khllyuc,WOOK,5,2022-01-10 01:36:19,0912fc5e5898b71bcc30394a276041dbb567a6f5035c88e920a93665d5f720a3,1,2,1,added
pool1q8a7ym63gurl72wr32je0tv0lp4p2uh8vzzc6rn6un7ryslvqmu,LSSP,4,2022-01-09 03:26:50,eb3a2b82652f63ac308c899792aeee5d96596a2b6bfb34e0779b89c009c7fffc,3,4,1,added
pool1u9gudcfadehlarkh4xdtgrf3zeze978mrnhtrvjdkjwj7wxvcje,,24,2022-01-09 01:13:18,0332b76c625ad008fc830a1bc0cdf87ebecff39b3093e88ae10443adf38ef014,4,2,-2,reduced
pool13njpuytryujfz5csc8f0mlx3rc666jx9fl2e302c4cdpxaghfnm,W3C,7,2022-01-08 18:56:08,5db34289d9db7be6984cd47eb5e1dd89b6829d2f6b9dd3b0dabd66613171130c,1,2,1,added
pool1ea34czsr90yc63fmv4gj4tetp7ds7c4jhpj6vqg4yw40wvygdl3,SMILE,9,2022-01-08 10:30:06,41ecad0b1492bdd566216628e99b2387f042f213fdc95d07277cdaee6804d780,1,3,2,added
pool1g6rm3p7695z7xfhp629hcsj09njun2fnsz03pjrshw8rgs7pluc,,32,2022-01-08 09:08:58,0c44c70f8e29b95817bee29b622cf7359d004982537c5fff647afa8f7d5a6aed,5,4,-1,reduced
pool17r3u34ywld6sehe9dd5t40ygq7rmc6yfw2k0h0hpllznwlmwsnn,ADAR,4,2022-01-07 23:15:41,e9915ad49f20b9229375a4230fe81c21b8ad066f1f9ece13ef0db0b3a77f5645,3,1,-2,reduced
pool176z4pf0r9p6hqvp8m333sqm6vx8tj93q5yyunyv5478m5yp8j07,RETIR,9,2022-01-06 05:20:59,94f17ac58ee98dca014c232a5087593092099af478645561d3d360b44be7cf9d,2,1,-1,reduced
pool176z4pf0r9p6hqvp8m333sqm6vx8tj93q5yyunyv5478m5yp8j07,RETIR,8,2022-01-06 05:10:48,740ea643fcd458ca9c9a7da261035731df53f024559b8f9f016841d5a1e233ff,1,2,1,added
pool176z4pf0r9p6hqvp8m333sqm6vx8tj93q5yyunyv5478m5yp8j07,RETIR,7,2022-01-06 03:51:57,c200fbf9bace3495bee3cf0ec99f2a3a35723891132fa9d217946797d7c5e77f,3,1,-2,reduced
pool1f6lnuxzw90mmd399nxqjvzyyxgmf4h3cp7j6pp5s7xmps86arct,DYNO,3,2022-01-06 01:54:47,e937b645acc9709669776fb63cbb9dbcdf809a0865f841c566cd727658c2244a,1,2,1,added
pool1my7sevxtc4dfvj626q0ujqqukntfa2v0uuydq6wd8x8hvml03rn,POWER,30,2022-01-06 01:08:13,fde366bdec9a8fd8e5ca4fc5e0f9cd5080cbca4fc9ea8ba1ee1d225bb52b93b2,7,14,7,added
pool176z4pf0r9p6hqvp8m333sqm6vx8tj93q5yyunyv5478m5yp8j07,RETIR,6,2022-01-05 21:04:04,f5fd736405f326ad081d1da1e7f777d1f316849ed33c08d99c797bdd0c8b1797,1,3,2,added
pool19a88drt8dx3wu29e85vcl96wjsjt9vlnlj5tr4ydjqq86sfa84w,,19,2022-01-04 19:40:01,422088fea5603464d953cbc5b10baedf4322687c5c01ad38e75b7103573311bc,3,2,-1,reduced
pool1k99yncea8tq9pfeks3yymyj6fwjf4apx0s490j09m4y66vtyufr,PUMP,10,2022-01-04 09:08:49,ab1e52c301e7657edad305e246e4ec89bcd129d44891b95fcd565c6fb43b21ba,2,3,1,added
pool10ysem79xjxd223plxqws0fheawd78znr3qs4h2h422gmxa40amu,LUCY,14,2022-01-03 16:58:22,046c59f4ce12c70cf323c38e54337875d8b6867bb9f4519ed85d5fd70268ee38,2,3,1,added
pool14pxhk34wlpu2azrnwy9ah8hrzxgffhqthcxcp620209eupfjfcn,1337,5,2022-01-03 11:30:23,0df00b303ed867492671df4af296ef829e8b2a2e8cb57ae1590b8471fe3ff905,2,1,-1,reduced
pool1692dxqqcsavymwz28w44t2jhyjnakvj4l3gwz2dqrarmc2k6dkh,BLUE,24,2022-01-03 01:26:01,9f2dddcbba98dc1700f346e56f1234769c8d36e77a038cc3214bbaede799d736,2,1,-1,reduced
pool15zj07ap4uk8egdtkpju4qdckw88v8hgffepew3wg7a07x2jead7,,14,2022-01-01 09:47:06,4092236c21778d69a477884764935a70156fedf8423df9a055256faec2707cf2,1,2,1,added
pool15gdh4w26ax66aa2j5ehwcvm46as3jx0v7mhu678y7m5q5s80dwk,RYZE,15,2022-01-01 05:47:13,b48771c0393be5dc678ef24bb76668fb48a825066e1176fdcbfe2a4426cc3f0d,2,1,-1,reduced
pool1kzyukfavxv9sdrsnmxchvh9qng39uy6yg78tdqskaum9khnrvj7,,5,2021-12-31 11:10:32,4522a1a377e283b904aefa2ab50694b6c535924a62292f3d52f14527b4de6e93,2,1,-1,reduced
pool16cy45uggzv3ah3s5m960v9vuxlx47sfnezpszuhcwl99z7nq8kq,NIXE,11,2021-12-30 20:36:33,7c064c6005cdfce69f8b39c459458fd478e1fa97512867524745e3c4fb5d15da,1,2,1,added
pool1gr5pa4shzsyefw445qrpn5pxnuxa8tuev0jquz04acdx6efjpvg,,6,2021-12-30 10:04:56,896d8e7bc66d83591337745c5790bf61b26bc1f16dfe311638a5d90cdbeba6fa,4,2,-2,reduced
pool148krjn23nlwpjfc8s6xz37pgttehl6pupjddg4q6expq7s98xl6,GNERD,5,2021-12-30 07:51:18,c522072660f858662509dcd73325c289fe5f70efba23cc7900d753f27eb0473f,4,2,-2,reduced
pool1j5ukjmhn96jslmcd6k3ymj3vnjf3wpjn9sarhk7m7vtkv7ll2w3,REDH,9,2021-12-29 20:02:28,a29b39ad0b46a6766f8d8dd1c3a9edb36db82924ab9da0db5a7ed0f25d58dfea,4,3,-1,reduced
pool1z89dx8u42f4cvujvsjupsg50cfgqhjjuaxegvj59h9q9scra5fy,CO2P,19,2021-12-29 17:09:06,0db557e87b5d7d02431b328187605bb887e982f74eaf8bf73b41d3ee7ebc712c,3,2,-1,reduced
pool12ll3j3sfjp5sh34zahawfka254kw9lkmemymxue56vapcmwafu8,XSP3,2,2021-12-29 06:20:04,600d9717240ca901e4026e5dd9e337cce4574aaa6244d5991ef38b05ce5833c2,2,4,2,added
pool1tz6u0c2f2l30xt5cs3qtpc6nl7fems2e0awg53n5k575w9x5auy,BCSH7,3,2021-12-29 01:03:58,26776414bfe8c882ddbeccb9497e1c4c01b5477d05f45ec0ebba1668867366c8,3,1,-2,reduced
pool1asw8ckedtetw9w778dya6nmn84zawjnd07fwhm8tn29pkav585j,STI4,3,2021-12-28 11:12:45,49e6fa62fc3de80f502cd9899e7352d4f6e17e2fcd869e9f8b4aa68a5e04c13c,4,1,-3,reduced
pool13ch4c85v5rms7q9fk977jyd0w9n8370zkefh9re4d3l0vl070rg,NERD3,2,2021-12-28 10:23:43,f2204cceda2f66a41716c0caa5555d89207084afe992c599938a84fadd2deeb6,1,2,1,added
pool12n6lycv28kjtkzecfz2a3uujyxy6ewuwjcmjq84my67psqmgagv,MANT,40,2021-12-27 20:26:36,154756b79197e7fb4f991fec61f65cee322d4f1c2777e517abe4f06701fe0971,4,3,-1,reduced
pool1lmfdaxm9xjp4enwezryf9q427fzw5zcyk40qe5qgd338za9x65e,,3,2021-12-27 11:39:50,9fd0714b62b24e6ac1bd677b0c5001ac9203675177df2860b9c5022167410b38,1,2,1,added
pool1ls80gx9sen3qc7s6c7u2ajw6hk8faqanljugcg5tfukp6qscetv,LGBTQ,7,2021-12-27 11:38:28,0ed15703c1f8222c3c8d985fbefca096aaa11eceac30c5342dcde2b811b46a47,2,3,1,added
pool1gyasf94f8l6w7ht5x6pga9my6dmh346dvznzg5w0hmg9w4nv8vp,GENS5,4,2021-12-27 08:18:23,6bd6980af67a10a6733c19ad0ebc243236b1244b82b0ea7f011dfc36b26b50b2,1,2,1,added
pool1jwfj798wxytm5jkpr8ulwu30z9paqfmqe4fj392cqn4rv2ksxra,SAMBA,4,2021-12-27 08:12:21,3c533f3cfaf581212d00fd83f7dde6215f63e0ed0cbc8d13ce074a1e9c437680,6,1,-5,reduced
pool1yjlmvfck6a2mhup4ljel06r635e9lhs0qsrzu6f2luepvsd42lv,,3,2021-12-26 23:12:37,5e383ba3c4940be2b105792e165eab01f00fb82a1cff4e4ba91a764ffad245f4,1,2,1,added
pool1v5g4rmkk0394q6swgfusgzjjzrv9ajy8qntgpuumegka5xhpgam,COFFR,13,2021-12-26 21:05:21,fce7b102b40c8beb53c8d6dd56465930061a36d01c263043eeed9681f8b0d114,4,2,-2,reduced
pool1q9kwa675j2z53jecrs6pn3fqsc9ypxrsypu5dgu6hammqkagy22,TIGER,13,2021-12-25 15:56:03,69293c714051e2989c3433d861f539634335f1a51bd4d43e72f6d31c036545c6,3,2,-1,reduced
pool1y44fkeps7ftnnf495a7grfrwtt7hxcntaenyzu4x4vah5cud0mt,,13,2021-12-25 07:42:17,0dae172efab5b50343ed2bca2164a2419e8f64e88fbf65870cc3ced2c8290879,3,2,-1,reduced
pool1j5ukjmhn96jslmcd6k3ymj3vnjf3wpjn9sarhk7m7vtkv7ll2w3,REDH,7,2021-12-23 15:05:24,352663baa7480245a9e3fc9fa35cab9411faf8755cfc245364f655d80c1bcb92,3,4,1,added
pool17k2dpgvx8spkdhgf5j7x5u7pqjpvlwa76sugwen8l3xtk7kq3c4,,6,2021-12-23 05:34:45,664bcc7f5de45047074db5e8b7e74f5f3c74d82e2c9b65dc41a5bc245f3cb3b2,1,2,1,added
pool15wfu7td5r4k27erk5q5wt06x59skxxyqj206tdnfmfmk7pd3rp3,,6,2021-12-22 09:54:32,5bd4611fe48705aa09329e36667db83e7ca9c9c99b40406d7e05bbf5785b64e2,3,2,-1,reduced
pool1g3hkp6tzs6y79d4dzj88azrzt9xtfqj8nr3xmr94r2lx2ehl02k,EMUR5,2,2021-12-21 23:51:01,2c9e2bf59951918f82b3eaf06cd522cbe23af77fd0818b7e173342b55fa3b000,1,2,1,added
pool1sj0plznq9nnduxp82aa8crchfety7kzcryqdmn6860xvwwzzc4w,,22,2021-12-21 12:53:44,8e6aac6a1124edf8f321f27046bbfdb4a286434918e6c51d90ef79c04a5847a3,3,1,-2,reduced
pool1jgwu8lq3dqddnnx7prymcgcyrqy0fdlghg33he2hmw9t2gma3zd,KIWI,15,2021-12-21 11:48:24,10bd5e7b1dc7ff1f5e0346c9aec323fd2be9104b2db0ef2ae56af9a0f6d54791,3,4,1,added
pool1gntlh2yq89tpsd7kgaeuremj3s60rscqahyl52qzv0x87mt22rq,KOR,3,2021-12-21 06:58:56,cb86d5bf59e42988c6217db207af5018f15e0473199f42d6c596189e7b08c88d,2,1,-1,reduced
pool12m054975da06xdlsj48p03dw84df3uehph3qllpffp37xgzdxav,,2,2021-12-20 19:42:46,1411f8b3ab31587e24a60eef8243201daba232b1b59addbe0f10c71b5d6977c9,1,2,1,added
pool146xm42jwhld6w3scv5axr8fg6kprycu2eq7vkhtxahhrvm6p3jz,GENS5,2,2021-12-20 09:58:58,e0d705ad2affa980e757e94cda78bc17069a03427c99fc69ca9de0a979c85693,1,3,2,added
pool1tz6u0c2f2l30xt5cs3qtpc6nl7fems2e0awg53n5k575w9x5auy,BCSH7,2,2021-12-20 02:08:59,c49a1409591817699e8e915fb9ce13005056e7902ffa18b9edc6220a3efca6f5,1,3,2,added
pool1rtj8f2pjedcjh78ey2fc4wvatjyeudeam6lsv6snttwuvhn2vsq,,8,2021-12-19 18:36:36,f5e7da8822361b668a60d8ab888ee1bffe94a74834d2a0a9d66e2442a614b6a7,3,4,1,added
pool1asw8ckedtetw9w778dya6nmn84zawjnd07fwhm8tn29pkav585j,STI4,2,2021-12-19 16:56:13,955c4913bd42f090a9847779cd1747a540fa44f765944b8cb9094f0f32d5073e,1,4,3,added
pool1u9ptvg0l9lzypt6dxlyhn7phclu7jgx0j285zyu9y2n2gldazj5,NUFIK,9,2021-12-19 16:04:16,7961befcfcd04e4e3ea8f950e3c77f36d56c1a6bf4fb003603f182a99eb178d9,3,1,-2,reduced
pool1q6lzp5x6tqg04chsxakupgq6x829nsx2dk5w8h043fnajm8d3uj,ADAIM,10,2021-12-19 07:30:01,89a9d39010e030037577bad1a4144d2bd2e6d2bc289347e09159d74cd901d3c2,2,3,1,added
pool193rdch53x9c53rmftlqgzj22vmz6w8z8hhut2ckzd2zej45zpap,ALLEY,3,2021-12-17 12:10:09,8ce0743b69883ee3142e90e495cbd6eba9f485ff9cbdc39aed487a9aef95f098,1,2,1,added
pool1ey45kz6cwxxzgz6dfy89srvwcfzkmv3ea8g3jxkxmtr9zk5ayeu,HOSKY,10,2021-12-17 02:32:34,38a0ce47fa1bb806bed3ff933b1af6efde56dd3473747f0f335d6fb66fe2411b,3,1,-2,reduced
pool1ygn86kh02qcmc5h57nlhye9a49hcdq430cumxmw2ugzkc9f75g4,,3,2021-12-16 19:40:55,30ca60e2b4fed6c2db89809b10a4a794a42500f45f57b0acdf766b18945680da,1,5,4,added
pool14kylaacel98eg4x70xhneh0mw2qcnhs33afvmes8p2yy7m0wqzf,,2,2021-12-16 19:15:09,47c9d38ba4a0fcc97e9e1869051363667441619d9b155e33b5e10ff5d60aa36e,1,5,4,added
pool1cp0296javx3c22ca003e08pkrqave6xtw7c6600c8w79vy6yvgs,,2,2021-12-16 19:06:10,c123f487101e3830900e1c52c8ef01084b8e70f467254db341270065b8fb6645,1,5,4,added
pool1eqy35fv5xvs69nfz8l65gd4h29zxfl8utxgf2x2phsx8gj5vv4n,,3,2021-12-16 19:00:15,af88b39e5279379f75a0d5819da5ec99c8b6e31bf69cac4fe35e010e22b94e77,1,5,4,added
pool17578dvvcu38v8pgc853euxrmtgn9899dq8ea7kq8graw53y4s35,,3,2021-12-16 18:54:46,0a77d50a1fc1c6e4b6da97b8ff5d82c2138c6e9ce84141cec7e03d93276a18fe,1,5,4,added
pool18xn4r5ewchr6c69kcrhxsgc03c5xmpfmdy45aynn5dqp6gvtzy6,,3,2021-12-16 18:46:30,e96c38e6f2b805545255a3ce439bc37e2649d014e391e947b066f6656cf53ea1,1,5,4,added
pool1v64qxd5fvrq6yzh84jnsmmurnmt2x2femcne4az8wamcvxcf6x4,,3,2021-12-16 18:39:58,afa3805f0ea6e70a970cce95a64efdc663bf3fda2cda48a7a2884c1eaf6732f7,1,5,4,added
pool1zrsclmngm5vva97sv0ry98mdrudwmhvch2s8ht2tt8rzgc8sy7d,,3,2021-12-16 18:34:31,feba71f422494a5a2d87b61cd92bd8d2e8c089af08237eca3171b1d9486f33e4,1,5,4,added
pool1zhv6xecz8qyrmjn4n6qdacs8ae5tzxxk0n2cfph48qv2ylq8fmv,,3,2021-12-16 18:18:54,2322beb83ea3647e1b238d1a9cf1267b14405f6e5a13fda1ccd7f0c16268a000,1,5,4,added
pool1djfaf8a77tey4hkzqwdqd2p6a9xccsf9aaz0qlrg2r6gsspldzc,,3,2021-12-16 18:13:38,88ff3c17624f57914e499ae4dbcf2c117563c27e8e36100cbd20a81bd5f14df6,1,5,4,added
pool14qmlrjywm47puwuf54lpe8her8awu4hswuedyj2pgmfn6yu5ymy,,3,2021-12-16 18:07:25,f593327a834df333f0b8b2c16d93eeebda6812056850a5d8ba75f61c9b38f5cc,1,5,4,added
pool180r706q842fhz9lhv4dp3t7rcudtt9q4xfk4dnty6j57gw62lx2,,3,2021-12-16 18:03:33,0fe96f630d6c1c7e26f3c8c2e803d0d6efe44880550b04dc98bbe288626a34da,1,5,4,added
pool1hrfhk0lhv4pvlejv8jy6hu62d7932d3xjg2tlt5e6gu0jucu6mf,,3,2021-12-16 17:58:14,85a060ed3c50c125b9d6448cba09e536f40429ef25e3d1a00ecfac51d94a1a9f,1,5,4,added
pool1phk75mwe007kkrfam78yyd6jv6k7dmr2nsdvaw80amx6k4q5nl0,,3,2021-12-16 16:00:51,8b9841653ed4e464ea74504c56f538e14bb668e71e0341ebae505082cf5648d7,1,5,4,added
pool1cedx2cdt279aqlvghj9sgc0ggvp2ytkgq40dx85rt6yuje6c4v7,,2,2021-12-16 15:45:55,f30f611d7470dd6ccdfc9ee8ccef3d4a27878bb5b8e1f4451c7a784df897ebee,1,5,4,added
pool18q7axjzcrs7pd2vpmcgh33p0r5cng2q0v6ldw5vtwuhl6ctgmeg,5CH,2,2021-12-16 12:30:06,dc7f5fdc8eebb548fd0788b98c44ad310db742bda81781697ba4f41f20480107,2,1,-1,reduced
pool1j2eyaqku6kqh2w37376kvygn84mr5a7qx0pgjtvckaz0gcd2ccs,,2,2021-12-15 23:36:50,9ce955b81b6fa6b11565c4437b3e0fb0476b4931c6898cda6313d1defcb83925,1,5,4,added
pool1k3mtxd2duy4848gx8knvlsas7w77f3k2cplwk6hjul72646fjte,QUACK,2,2021-12-15 21:16:38,f3d52257eb8d1d79864d73625fd274dc1b86894ce7faec894b679a4ac9fb96ff,2,1,-1,reduced
pool1rcad400cdqvuqh8s9x4rxkk7v72x04pn3kucw4y4uw36xlfcy4f,,3,2021-12-15 20:45:45,ae0664e1beb742c7111fb4cd1b4620a98872454a271299b3fee2428a560cee05,1,5,4,added
pool176rlgcj6uw4a9062fxa4up8kd9mnekxtsz2568f2xt4ejvz68cd,,3,2021-12-15 20:34:13,a0b109c1729233d0e247e6845f5d7aec0c943d3267d53fc2f3f0452ce470c0b2,1,5,4,added
pool1wwqaw3edn664ydywtndlf06x7zjnjc7g45lt3fqae8lnqsvajdj,,3,2021-12-15 20:27:49,76acdcf9924a1da840b126c6155aae993afae97bfaa14109dbcd87116b92db3b,1,5,4,added
pool1ec62uwr6tk5xerz94w6zf66zjd4thag09yqrnvn6cnfpu6065va,,3,2021-12-15 20:21:56,87aa0c4275653be818d03ad3fac8e497e81496db801ee395e2b8164b5ee6b986,1,5,4,added
pool16uxl45xl9vdav3qpk7ul0ggy7h5r7ghwt4nkaxwlsms26harw99,,4,2021-12-15 20:13:09,7035ba59ac0f5d1bdf0d506fffb87ae61b68f8bcc1e8c45b9783ae1469f17b7c,3,5,2,added
pool1xsvt4g0aukace8gfcy0e9y038fpt3ea3zu6fhfh24f3tspm84cv,,3,2021-12-15 19:08:26,e3c675183c4dde80c706c248622548339b209c3c45db74fec69dc81086b3bb47,2,5,3,added
pool1a8v2xw8uvsam86prpp2gek3fc54t9hnjsaglal9zp7d4g2tf525,,4,2021-12-15 18:47:14,b7d29567ff3983d39eedee4382e8ced13054dea37ca6af49d0910a3597e0f702,3,5,2,added
pool1l6sa5mpkx8cn0emv0kynm4tnw0lcf4p5pp2jhna97p2ucfj69n9,,4,2021-12-15 18:36:19,4c81b0da805fc8ae94527c94d11d24a0ae43a78886797f960f79a528ee79cca9,3,5,2,added
pool1klwddp9hysrplwmkaa8h3d65rg9qtz4hhpsw7uvz3e0pj8r3lrg,PECHY,9,2021-12-15 11:04:12,7ca5a43ab0de2bd362d6df67d0d806e24bee8326c01272df4b599622ee6f8e2b,2,1,-1,reduced
pool1cuccvs6vdlrxw67kwvzdx3gcl3ha0402mkhhseqmre7u7vdkwev,ADAGO,12,2021-12-15 02:55:43,2d3fcda6f63b853475ccac0819e94f212acdf9cea9380b0e2b4991da3fcf9bae,4,3,-1,reduced
pool1r83ewppu2rxsgdcqclz54v7wsm95t9dezttr0tn6hkelj6nurf9,NETA3,3,2021-12-14 23:21:28,463f008a9af84b1233d2fa81274ed5205883854f915dca0f2200093c1e366294,2,4,2,added
pool13emfyzp87amgcma2sr7v3cdk4l4asy548yuhqv4p5xgw2zjal5j,,4,2021-12-14 20:38:04,45cedb279364de807bc42e39da890b1ce3341721a23c0d7fd4821c518b2007c0,3,5,2,added
pool1srsrtymd9dqxwduke398zxx9724zkct8qchkm7xqjq9vudxwxm8,,4,2021-12-14 20:13:36,0fd7b6e26c9a74e140ccea2bd7844558a2bbd6eb5f7491be29d71f09acaae874,3,5,2,added
pool12mug8xkllalh7ck7srgu9975avv3vuufqr534acr3020kzcn8gy,,4,2021-12-14 20:06:18,724252eeeae26f6d292703e2a13623fc7a581c2bdcae7c8ced23fc427a3dfb46,3,5,2,added
pool1lgf0ep9wenr6cfe8673n2qq9s2n74xpu6la8xvce6tz0kzp7wpu,,6,2021-12-14 20:01:59,b21fcceb10226a6db6147c4afa91b634768217e2c215365132bb39c82ebccc5a,3,5,2,added
pool1rwdly4kzsra64ftc4zqfc4cv454uaqsd09rawcu2ct5p78duteh,,6,2021-12-14 19:29:05,40a61431923881159eb33e00546fce3530ba4db87e3369f3cfede2bce362dbf6,3,5,2,added
pool1xheqeezmveyea80lk2gm3eygu3pw95h2thpm5g9ypf46g2dn3w5,,5,2021-12-14 18:42:38,459895dec9d70c6271b99c5262ddbaca7b9fa0258fb9b0d68c17e08450809a0d,3,5,2,added
pool175mm8fdv9mxus499xks47aejvv3htg9l9tchmn97tdpz6lhq0zm,MALX,8,2021-12-13 13:56:48,caa0339af20e170073e26f00fd2ca7623f6660032c41c1b975c01defa326e68d,3,6,3,added
pool10tcg3efecc706w98qs7j5jw84nxkcycseksp4mw64pjty26wr7f,,15,2021-12-12 10:39:32,47cbeeeb5d42487689f55c933349e44aaceb434878764e28578e41ebf2a49af1,1,2,1,added
pool1z5pp0s089t439jgz8703klvsex2nrfq40vuqqga66hvfqw6ucxr,,8,2021-12-12 00:24:16,c5a1a207dc327b84914ec314a3f0aad52bf2b30f00961312a1a48ea8505535f1,1,2,1,added
pool1gr5pa4shzsyefw445qrpn5pxnuxa8tuev0jquz04acdx6efjpvg,,5,2021-12-11 23:38:27,fc6a1912cf3d29837d89616089c7c201a68c34769ed4aecf9bb3a2d54855d6c3,2,4,2,added
pool1h290edu6y50y09ulac7t6krculahk9fjwzvx4hqeqc7l2ruttku,,14,2021-12-11 11:01:26,c87d78da38297d9b3ffdb951fc21ffb682501729d20b5d5e7c9550a767213cf1,4,3,-1,reduced
pool1ffrre548h22n68ln29xph3qezrag3z8ad0kg8yzu6epds3qr58k,OCEA6,10,2021-12-08 11:37:53,5c9448f80175460b11c3fd4c015b5123c3eacfdbd3cfbc28d6cecdf0a93bbd53,6,5,-1,reduced
pool1s0cfkzheywsftgwp0yz7sq4rt5gyf7t5kfwj5a269kpxvndjn6q,OCEA5,14,2021-12-08 11:37:53,25249826c71af5f456519e8ed5a31c98f3c1581a298af2d7520a15f4ea6e43a6,6,5,-1,reduced
pool1xaudqyen24fz02vhu9qa2ry44suzfk8z3lh7sc6qx7c3gpweww2,OCEA7,11,2021-12-08 11:37:53,2572ec2af552b7f395653d756f1c23f837a60e84820e4da001c27d840baa4e99,6,5,-1,reduced
pool1ell3xjtspzzz4vtsatscan6rheltf7j3hh2s8qsam2h3jvcxzm9,OCEA4,14,2021-12-08 11:37:26,e517960fae7067afcbb81130eacefe886782f99e9e3fe9716ee6273599a97fdc,6,5,-1,reduced
pool1zk6uxgptztrxxamzd0ugrtu84xg8mjymd2xcdvxqazpruqt9r3x,OCEA1,12,2021-12-08 11:37:26,f59f1cf14a44beae47626cd7e61b60660f1ee126fad09b84cc60cd4017133a89,6,5,-1,reduced
pool1vc8jp7uagxgh8trzx7r260ndcydz89ges8sws05cyv7jj8q8gqs,OCEA3,15,2021-12-08 11:37:26,08f9c0ba145054aade427859404ab318e8963f32275e6bb3a17dd7ee4950b38e,6,5,-1,reduced
pool1ctzja2cdwyeqnvehmrlclc5wrn9w9acwklk3acn73jrx56d66vs,OCEA2,13,2021-12-08 11:37:26,dcf117eedd889cf0babe4492f2628b29d5846029ad05abe0c8b9038862dd18a3,6,5,-1,reduced
pool1a2nh3ktswllhwf07fjahpdg5mpqyq7j950pyftq9765r6t4cefl,OCEAN,19,2021-12-08 11:18:10,4ba111ca60c31b07c694b0cfc0a42bfe5284c4dd6bba308c4f93e1a03c96ce00,6,5,-1,reduced
pool14f58kf59ec7ymk7mm5w07advfgs6a2guur3g5zyf45uvyvl80t4,EVE5,2,2021-12-08 11:17:40,ded3af25f68c7a36fb7ac2392990ba75591cc91a3c7653bd9b4f31a555e5a453,3,4,1,added
pool1jf4f4kr5f8hg0q5jdns7uplkuuvv4qkewnvx6sdsm3c3zeye5r8,,33,2021-12-08 10:32:54,afd12ce2c6b29cbde3e56a99d855e857db4a679dd4fc028af4029ae9205626a1,3,1,-2,reduced
pool17p8a9e5ljeucdvmsl62a667y7lwwx9xzwzjulwu7df2q7854mh4,AGC,4,2021-12-08 06:01:26,65a385a3b17b3a63a790028bd46465a3a9eac13e45e3d80cb745efd45fc4736d,1,2,1,added
pool16l9ph0cm42qk4h8wqlka3fw7ws7rvnj5n59xzy8ky4l8gnudugk,RKDN,4,2021-12-06 20:08:08,fa1b3ab57333673ff4a3c95046884e37be3709404b1019222c36dacf91fc6f8f,2,4,2,added
pool104v7kzpq86r0wnfsz8r7jeld2raap92qq84trjcqk62zyh9akqt,SEAL,13,2021-12-06 18:02:05,55dc0fbf9ccd97fe6eb6c9a6b4fae019507e4e91abca2d18f0c07671b499c64a,1,2,1,added
pool1cuccvs6vdlrxw67kwvzdx3gcl3ha0402mkhhseqmre7u7vdkwev,ADAGO,11,2021-12-06 01:16:58,db55da8c1f31595153703542093eb00193057520d577f3aef73baad31eb0de8b,2,4,2,added
pool1qa2h3hha0m5he0429ym7tqvsn89nsddvn7wgkx3v8g6hsstdzc0,SNSKY,7,2021-12-05 10:36:09,a890342fa1f77d288a0ac5503b4f4547ebe2f99aaf8794d9e069a49b106deae8,4,1,-3,reduced
pool1my7sevxtc4dfvj626q0ujqqukntfa2v0uuydq6wd8x8hvml03rn,POWER,29,2021-12-05 08:38:29,207372e4cb0ab8af16b888a781bfad3a8e88de2971ce7b795882eefefcf084f2,2,7,5,added
pool1692dxqqcsavymwz28w44t2jhyjnakvj4l3gwz2dqrarmc2k6dkh,BLUE,23,2021-12-05 00:37:54,d6dd673d2a0ecc7c58d5556b0ae4e083241e1e00f9a50a082318e82f1f604788,5,2,-3,reduced
pool1wvyh37mrm2rcx75gvp22cdrsy5w300aj8lglnzyxzf2hjuph0mt,BLUE2,22,2021-12-05 00:37:54,883a9a469e9abe60133ca86554bde423d38226d880ea211a6a51629813e67bda,5,2,-3,reduced
pool18hkq2t8ss45h4fkr92f52flhc4mpzedx5mcz4xhnpj0dzp76028,XYZ,20,2021-12-03 21:48:37,b1008dad61a62b65b35d0adc17a0219e24279de530afcad0cd82326120309c9a,8,7,-1,reduced
pool1wyfau3rlkckr3clr4mkyxn9vdlrkup0fj7uyyflfccmms24gm3a,TERA,12,2021-12-03 13:56:33,68be57aa59674a69f0d931916135fa81eb0ea2c6bab86c90a7584c0710828d04,3,4,1,added
pool149d5lzg7m6susau4f4yfdztgkty34qrcdpvd3ygsetmljgxxf8g,TERA3,3,2021-12-03 13:56:33,adf4862250a59a3b606f9c66c3da10afb4bd174d29f76adb04179f70b891c901,3,4,1,added
pool12rs385dd534g8gtdtmnvlhq63whdvc6vnuzxa5cpx843zdy73qy,TERA2,7,2021-12-03 13:56:33,3d7749e6a89521db196d3eb5027a32f7888346eb633ba6c27c8cef9a177e13de,3,4,1,added
pool18pk9e3gshwfm02zawsd0q9cwsul7w3m4xsvemmztyujakk0snx3,001,6,2021-12-03 11:58:03,67064e35bf1d5f8716591035676a60ed1e5653c077d05de228ac185fe3cd9f9e,3,2,-1,reduced
pool1v0s8c20l67rf8xlkt4f2e7tr2jkadwl4v4nmrfhrpxr05s0jxhm,WVP,3,2021-12-03 05:48:24,6578aa251d3784d3358d27a53206a7529be3c27bad5757caebbb9dd375b49d1b,1,2,1,added
pool16xpa8km92m0cq9unn84cezy8ygl2mr90t5qvvauswfm9yqyj524,FRESH,7,2021-12-02 18:29:33,305978936e77dd56118ba057f71edeee86d5d335d7d996a19de2d78eb44c4e31,2,1,-1,reduced
pool16zjsdvuxa39w9k48c9ds7sne4c9lhclmmcly53cdat4nu7l36f6,BMP,2,2021-12-02 15:20:10,9b3e29356410b35bb36b53cefbee838d4d7a9202b8b400b28c63980c6cfceb3d,2,1,-1,reduced
pool19pyfv4xnln8x4l7auw0n0skk3hd97shun707hrw5d4s553ys74x,TITAN,11,2021-12-02 09:24:09,c378b721ad66ae8c90b13660294567f360657e2c07db2c81b5dc76040fd1d8ca,4,3,-1,reduced
pool16rahfu936wdfq34wf6t8rqxvdjxayra5f7y80xq0udnqglrqel9,4KOMA,3,2021-12-02 08:50:14,32c8d8357904d126fa954528591e911d99c906b4c0e53c869932d5dbac45086f,2,3,1,added
pool1dmpzsnuwxy44ky3dskuhmwpglumy6j0rc5wyfxlu3zym798f79g,GENS2,3,2021-12-02 04:12:31,bf1de1b6a8bb3778c5a4871cd7090396e60d633d92bc05a934e6bf0ff2bc5aef,1,2,1,added
pool1cjz6kg9a8ug9uk0nc59q60a67c2628ms58rd98gq587jwa2x5qt,GENS1,5,2021-12-02 04:01:01,8b712a662d4b0c31d237bbfe7be9b905a5c458701e3c241ca1e089dd5dcb582e,1,2,1,added
pool1jwfj798wxytm5jkpr8ulwu30z9paqfmqe4fj392cqn4rv2ksxra,SAMBA,2,2021-12-02 02:54:03,8b64939e244bfd722abee61ec7e7e30ac9504cb24acb1cf62a648504c06ec90a,1,6,5,added
pool1zug38qs8r3ggmzqnqmyxkz34zy3gc9uw3pn59g5gfjwcxdskxjf,VERSE,23,2021-12-01 17:17:27,267630a2d445c0ae04c15240fa1a49744a68d701e78ef884e225921773a1070c,3,2,-1,reduced
pool1fs2m5rmlx66crcwwrrsf2pcxjhvk7kzdurcqusd3v5gm65cufnj,BIRD,41,2021-12-01 17:14:05,0cfed70d4ae3274b9e97030636412b9316d2ac33b471b65305ef7855fcc207de,3,2,-1,reduced
pool1drxxm3mncpnn9zjruh3ppp44zhfrlqexckgr2fzejme5k8dmv63,,6,2021-12-01 01:03:48,df853f525baa5edaeca71ad797d9c4a22f0072d3465f46c11cbd611008c5a1da,3,4,1,added
pool167rklq6c7hj8nt3g880x94pn2wc8kgqx5s8ml988y0qcccr6qsl,MADT,11,2021-11-30 09:47:27,12c54eb5a3442f3d0ffa074b3a33bf9439c4b9a4e0bf2d410507316d5f398340,3,2,-1,reduced
pool1srsrtymd9dqxwduke398zxx9724zkct8qchkm7xqjq9vudxwxm8,,3,2021-11-29 19:27:26,75ef25fc3920f7bf27029f2ac5ae163881cfb6b3865fda4c1c54a465a3dc501f,2,3,1,added
pool1w7c2j0px43jmudhf48ezp7dy8j7904c9l3wc7809lhh2z026hch,STAT,9,2021-11-29 15:30:25,134b5d435a1f9b1945bc92fc44a6ce7a28e66b1cba420afcd9197c3b68e43e5b,5,4,-1,reduced
pool1l0f7d56gwgdyct6vev88mnuf4ankx2fpm53plr8g6rd6zxz6del,,6,2021-11-29 12:43:21,ce7396f89a8e8aaba56d051ed3d940daf23a7828f9b1d1a74753ab72abf1f1fb,2,1,-1,reduced
pool14ku0z9rx9yx34zl00jtxtpyv6ehytfl8fewztavx7qvju7nrtr8,BOT,6,2021-11-28 16:39:13,b9edfb99d9f10f3a84b423a7ec1a8c5bbd002fa08513cf6a439de8c292b0db89,2,3,1,added
pool1tg90tjqwmpzkkxpvs8nrl3383g9numsp380rzsmnp6d2jv525le,TATEK,17,2021-11-28 13:03:20,f677c6a60e9d4acfa9fee44842beb20b0e4a7cb2492b5c6c42db9ecca19b7fed,1,3,2,added
pool1em82wluecx7rp85jfr3xfggck0j44e4yq39cpklt6tdcvngjds7,WINGS,5,2021-11-28 02:50:44,183e8861e5563560745ef5b3b03da73b2dcfa302e5ca44adfc974593741625e8,2,3,1,added
pool1h40kkf28nr3amhs6nsmqn75aderg6cutmygr47czu2dw2dxzvgm,,5,2021-11-27 23:39:00,bf6c7421752557a0be5e1a1192aeb60c5e36a191edaa1250f3d8dfbf12c7e018,1,2,1,added
pool1qcfzjvw0em6g02pwjqpnfh6260epge5ll3z37ckhcylsjuktkvp,AXIOS,11,2021-11-27 18:19:26,3612edcb3e0e688d17dcf696238febfcbdabba467792de671671ea8e6cc3d2fd,2,1,-1,reduced
pool1kf9f3n4480rgar9qmng837t65u2psmqd2dz05hsvvp7jx9zeqpw,,3,2021-11-27 17:51:36,d3274a4a23429c92089ef78815b2b8eda285e7798fdbd3501a68f09d1f75f663,1,2,1,added
pool1lp9wmr8dkcceta5we999nvlfh9um06cd6sggtt5523eawf7mtg4,YYG,21,2021-11-27 12:47:43,19c72f9d9bcaba44163440d417cfcf982efca713e6cbdb600153f32401cc2854,3,2,-1,reduced
pool1fhv5ptycez7r7lpmx9qjt3s83flpegzx0anynun45rlhuzn7kwk,TOFU,4,2021-11-25 14:06:46,61cb626639d9690d1169e049682fc531c7222564337be74e0281f5c772ae718b,3,2,-1,reduced
pool1lp9wmr8dkcceta5we999nvlfh9um06cd6sggtt5523eawf7mtg4,YYG,20,2021-11-25 10:21:18,9f09cb74337e7e6155377d06e5f7b90d93d75fd49d3852cd16a7270636f5f42b,2,3,1,added
pool1r5dqwfl3etjylqqsj8lzhqx4tz0nllkjf3sz4r0heke2xs5kwap,,8,2021-11-25 09:20:00,985888192849729bc54c17af1060116d697f415155c95c81edbd6deafce493c9,4,3,-1,reduced
pool1esnguwymrxrtpqu33hxtqssywwqdfa9hyak8jwk2pd3s5qhytda,,13,2021-11-25 08:14:12,86af9c2747cf03f34371cef188744fb066811f23c93fa7fbeb8f992d6571a03a,2,1,-1,reduced
pool16uxl45xl9vdav3qpk7ul0ggy7h5r7ghwt4nkaxwlsms26harw99,,3,2021-11-24 21:00:16,267de91ea0df988469684cdba6d0f39a9b1a4ac550fed31609ddc785d35bcee8,2,3,1,added
pool12mug8xkllalh7ck7srgu9975avv3vuufqr534acr3020kzcn8gy,,3,2021-11-24 20:50:43,100e7b079140b81210ff159a0cff25a66a8e85b17d97a176fec4d7f2b3539090,2,3,1,added
pool1l6sa5mpkx8cn0emv0kynm4tnw0lcf4p5pp2jhna97p2ucfj69n9,,3,2021-11-24 20:36:50,fd07dc6d0f350ef4fd24972b8c8a9831027701920f3e97c58811424b953ec66f,2,3,1,added
pool1xheqeezmveyea80lk2gm3eygu3pw95h2thpm5g9ypf46g2dn3w5,,4,2021-11-24 20:25:10,11e8e3bfd1097556cb1f9e082d3c2719ce88f98bed32004291d834384dc1b615,2,3,1,added
pool1a8v2xw8uvsam86prpp2gek3fc54t9hnjsaglal9zp7d4g2tf525,,3,2021-11-24 20:00:59,63a075862af101d6750e68d7bfad804b3dc6f0b47d29686a58822ac21196d788,2,3,1,added
pool1lgf0ep9wenr6cfe8673n2qq9s2n74xpu6la8xvce6tz0kzp7wpu,,5,2021-11-24 19:49:59,433320f5e770a606aba745446ad757c42048e3bcfe91b95e8777357aec249cde,2,3,1,added
pool1qkaunkpckny74vcphlg4rh5eqaufnjvheu2x40uyxmklydefjeg,COCO,15,2021-11-24 19:35:41,0762a6ec348fa981b7d0397ae7d4a76ccdf32bb2f9dc8f08ecf4fa7f521cf8b6,2,1,-1,reduced
pool1rwdly4kzsra64ftc4zqfc4cv454uaqsd09rawcu2ct5p78duteh,,5,2021-11-24 19:04:39,b96f66be67ecc3d43e9d32503f9603fcb782d3a7a97199e4d1d751f6391732c4,2,3,1,added
pool13emfyzp87amgcma2sr7v3cdk4l4asy548yuhqv4p5xgw2zjal5j,,3,2021-11-24 16:57:55,2b0edc5b09604ab6272b73f24f39f3f268202c1b5002391e10bc7d23257f4bfa,2,3,1,added
pool1pfdd8d8n7jx0xnk4uev3x36se87c747w6l2d5x7fanh5w9evhw2,BRAVO,9,2021-11-24 11:16:08,9a43ece1046bf5cbcf135e8b1692b878198ae9b8ac41f139145119bf5dfeb123,5,3,-2,reduced
pool12z39rkzfylvn9wfe8j6x9ucq6g2l4mw4azj70y0gd8ejczznyj3,BRAVO,37,2021-11-24 10:37:24,57205aa1b50bedc08958277c9c1e64025cd1152e0bfbd5f410cabd2d6a2732da,5,3,-2,reduced
pool1gd0h7xh3vksxjmupgtu09p3l9ch8r3w2kf5aye9dtd3kw0cksml,RCKSP,3,2021-11-23 15:39:18,f862979d4a6d8e1d9c6957e396f5450243d97109d2394b36b8a34c415ea0a705,2,3,1,added
pool13zkcgp7se22046p9gczt98au93dw85q2g7m3zany4kzf66y46x0,TERO,19,2021-11-23 13:40:23,7966bc9f8478a706bb34b93eeb248ab1e6271f623d07fa02f5d72f4c1ab00e91,2,1,-1,reduced
pool1fatmstlhqf93wyhlnvpdr0ud78hj8k6cnk2062lqkcvpq6lw8wu,IVA,38,2021-11-23 13:03:46,7672cd4b29970c9b46b285e6a2707223f367112ade34480d2627352e3bea0feb,2,1,-1,reduced
pool1lgpgrxawvu4w0qkusdga9jz7207eqdqc6m8fhdw0heg8gcpu7r9,,2,2021-11-23 09:12:37,6c03e314927060fef6013f0953dad9e5b11eb1e1a72830ddd1cbf7fb36f467c3,4,1,-3,reduced
pool1wmw6zzvk0shj9gelqly9skmg8lsc67nsqdzrjpw3873tymtmutj,,2,2021-11-23 09:03:40,7b39dabe213ed76b32b160a086b9bd5cf8ba25161e8dc02230f99fe7fc8e632d,4,1,-3,reduced
pool1r5dqwfl3etjylqqsj8lzhqx4tz0nllkjf3sz4r0heke2xs5kwap,,7,2021-11-22 17:25:47,6ce41aad6bf5949beafbe260bfb1076b918c936265359f9ecb6e9e21fa16e5be,3,4,1,added
pool1vqm5n5d503uumuc89s5y4wuczrwe3tlgylt2u2uj7y276avr5pl,BIO,11,2021-11-22 17:20:53,6f8bf770391fbb672047ff1b393f4112d74287a6c0dc2f72ec9662214d98c803,1,3,2,added
pool1w7c2j0px43jmudhf48ezp7dy8j7904c9l3wc7809lhh2z026hch,STAT,8,2021-11-22 00:13:48,367156c684cf4b9bab0a597a983c6dc14260ae5b92a7c033d2ab96f741eb66d3,2,5,3,added
pool1c5lxn8j87vhvc5rgtgytzzy9ujfyslh55lccr5r25ceyjxfdxav,WSB,5,2021-11-21 16:38:50,6db046e995d7d9c6b2a55707e505d3bd429c4e5a5652d9efad672ee9249c69a2,2,3,1,added
pool1ljpfctjjpye6m3xqnckdwwvwqwgwkyjut3mulzczg427v8mske7,MMTR,10,2021-11-21 10:12:24,4dc719e5a90c5b7ca36703d12a9d80888adc4291f157f848f37079ee5b3c5e96,3,2,-1,reduced
pool185ev4czpm5hc9xud25xlcz5lhpnl2jztqas6mgxujqke7j5mdzc,ALDIA,3,2021-11-21 00:32:37,5296c50bde65d0ceee1ae55f67c167ed924c875fc0f365179e58a9187ff8933a,1,2,1,added
pool1kxtzkv3ylyc48hgjqkwe93q2vkx67vgzag9tvqfalhwsjs43w9u,ADAAT,6,2021-11-20 20:07:45,4dcc74efa3a8a2607ceebf6021513e5c1547d52a03072ccb768ff96a7a3b2e65,1,2,1,added
pool1q8a7ym63gurl72wr32je0tv0lp4p2uh8vzzc6rn6un7ryslvqmu,LSSP,2,2021-11-20 06:27:12,ffce9c9be40d259302c55f8130fa5f8130c049c5d78dd95eb414c63b65a032f3,1,3,2,added
pool1nqm7rm98j5z027kdfcf09kunacz2w672xzx2ucdxacs954r5dul,SANTO,13,2021-11-19 19:32:45,bbf31bf4a6c0b4dca2180b31b3c9ce76eaf469f84a980ad417647f372dc6f259,2,3,1,added
pool1ljpfctjjpye6m3xqnckdwwvwqwgwkyjut3mulzczg427v8mske7,MMTR,9,2021-11-19 12:09:04,3a612278b0af5b2275bf787b30a2b9ff48fe78d41036d93b407de32993082aa2,2,3,1,added
pool1lgves5hhdt5h6jzy7sf57l6gq9x3csf5w05ymv5zq7a9jfwn7kk,AdaPi,4,2021-11-19 10:45:22,60e4f952dc771f71fd82fb15002b2d60bacd339adc232c74ca45033e2a1582a4,2,3,1,added
pool1lxqewhueg4hzyad766zhdwsjet5348ww8mzejf6fprxaw8wfq5s,YOON,4,2021-11-19 01:14:35,ae318cd2323229c1e99280a701665e76488c507661ab19f7669781646fca5174,1,2,1,added
pool1u9ptvg0l9lzypt6dxlyhn7phclu7jgx0j285zyu9y2n2gldazj5,NUFIK,7,2021-11-18 10:46:21,6a73acbaaf3f2bf0874dfb1fe44285f586b91614cbcea73f902106336602e3f4,1,3,2,added
pool180e2yxhaayqaavvlxke7ns5tpzy24alzxyj0s33u509lvne6qhk,,6,2021-11-18 10:31:07,fcff770a67217a75763c495a21e797fc07a37f526d68884c8401a1fe84b23c67,4,2,-2,reduced
pool175mm8fdv9mxus499xks47aejvv3htg9l9tchmn97tdpz6lhq0zm,MALX,5,2021-11-18 10:24:58,b0b59a5dce100ae08ad6676ad99e66e36ad7fbc5b8c57892d433a38c3c63126d,4,3,-1,reduced
pool1tg90tjqwmpzkkxpvs8nrl3383g9numsp380rzsmnp6d2jv525le,TATEK,15,2021-11-17 20:47:45,6efaa20a2a40148c5b16df8b9f5c51ea215914244a1a5def1fc264454e28ec52,3,1,-2,reduced
pool1980svf2cxnfy66s5jgjv7y22xud75z9kfe6n0c3y54s62w56435,HYPE,22,2021-11-17 12:23:13,a27b3f6a29244a6302cec20b3183579cbae225c1daedc65af4b243386709f66b,2,1,-1,reduced
pool1tem8k8927zvn5jg22g3mxuzhnu62jdnqvn523dduupce24vwlrl,,2,2021-11-17 05:38:16,0c30a26743370a880901f918cebe809a3eed1812499c6e8bcb0f1df1ce4e4d05,0,1,1,added
pool14mfq8s3gspe8sdka6cgkm6jzgd644dvw2av5kqa8w4havs9e57u,,2,2021-11-17 00:49:48,81dd0e72579b73ac855e55c263069945c5e5e49a96948c628c9f4f7fa0165dad,1,2,1,added
pool1zkq5fgc00wumz3zruusfj7pdvuy0q94tyzn0pmn8lpuwgkjrv7l,,7,2021-11-17 00:34:59,7525f23ba47e196c15def06a2344aa881bff37032abfacf8e076f8796f1cd043,2,3,1,added
pool13y0l8hkl0qepn2uaphk3vm7u03vhuxzsr37euhmgfq35qqxh456,IOHK,4,2021-11-16 02:53:55,f62f0b4285eb7be712ce88b2299f1aec9f8bd31fd1b2f06f17082ab24f61fb74,1,3,2,added
pool1eaeynp2hs06v4x8q65jfm2xqcd3dc80rv220gmxvwg8m5sd6e7a,HODLR,10,2021-11-16 00:21:19,fab30488abb944fb11337c6280e15c5ee0efe83ca017cbb36543797edc70e27d,2,3,1,added
pool1ksrg8a964464las0ymw88slrwxkychjz9lh09lqltu5m7nw3pq0,QUEEN,16,2021-11-15 08:19:07,dec3fea7caa62c9624841f4a92950acb08675fe78392a684caa69009625425f1,3,2,-1,reduced
pool1tg90tjqwmpzkkxpvs8nrl3383g9numsp380rzsmnp6d2jv525le,TATEK,14,2021-11-15 04:40:49,801f1582201fc9109cd7544c942afb4c2f1b5f26a085c972162e665fb76d82f8,1,3,2,added
pool1tg90tjqwmpzkkxpvs8nrl3383g9numsp380rzsmnp6d2jv525le,TATEK,13,2021-11-15 03:05:32,c350ce7eb4795db69eb613837689791e4cd581e345457c64003287beb9ed5925,4,1,-3,reduced
pool1y9kyay477kukjfsqxfxzg852lpfvp9d3ref5v3kzmqt67hywn08,,2,2021-11-15 02:28:23,9fe6ec4fe8dfecd2320c7bbc9a1b30d62e00e6ae4135f8c11f57116a3a9a2dfa,2,1,-1,reduced
pool1du3r4a7xq60hg2x0wcz7lw5ya3qs74rk258c8kanp93rsqdqu45,,7,2021-11-14 19:53:13,8c729293b171bf87ff4da2aeac05873f2bf9ebbbe88bd37a3d9e3be907230041,4,3,-1,reduced
pool1r8zzmq5y2g6ctj2nexxg3232e9ltf7t5tks3htd0m9apq5ml2y8,,5,2021-11-14 08:36:23,897266bf727d82636215e652b37e4775e6d322b465016ddd425c512c56b39b90,1,2,1,added
pool1g206nprdtmyad978rtnjtjvwx287mg7ss79u83vfplk72k3elsa,MRQR2,4,2021-11-14 08:25:25,3ea7a070c3cbba8b6bd0fe1d3a7554f3fd7f30b625ab0165a5ebde379bc17dd2,4,6,2,added
pool1ww3v7euue6vkzstk2gm5r2s9jsnj9zgtvvscfcmhwfxlzpfgap2,kowln,4,2021-11-13 12:38:25,ce5898af93f98cf6a0fc61747bde699d76a073a53b20f5e6000e9708a3bd3183,1,2,1,added
pool166casnxyty2nzzkvmwlyhyzeqsm3q4zgs9pjm2kcjgkryashttq,COCA,12,2021-11-13 01:20:38,ea5dbf880898f5fadb5f39b7095c54fcc88fd9f3b6d5af3eb66c35594a89f642,3,1,-2,reduced
pool165cyssah9wcnkuqq339c9fam5wga3x7zl6kw4ktltq5x68tlu4w,,3,2021-11-12 16:48:00,68a83fc4d3e6b3ebb2e77efd019daaac09e87d09f896a7a47b0e148956a72edb,2,3,1,added
pool1u7zrgexnxsysctnnwljjjymr70he829fr5n3vefnv80guxr42dv,VILAI,10,2021-11-10 02:31:31,99a699e82d1792fc650182ae2d59abf7bd99e775e0c6074bcd9e20f7fe433013,3,1,-2,reduced
pool166casnxyty2nzzkvmwlyhyzeqsm3q4zgs9pjm2kcjgkryashttq,COCA,11,2021-11-08 11:38:52,4bc3ffa7577405174a63e697d5c495effb9f96af63ed0424bc546c6ddfd5ee95,1,3,2,added
pool1d0m6dxdvqcltvyvjjha2v5hyq4rxf4xzs7j95v00hpxvzuu7wqp,,3,2021-11-08 10:22:00,880e53dcaebe186ff3b07c8efae3b860ebf471a4d81484b894958fec3038c19b,3,2,-1,reduced
pool166casnxyty2nzzkvmwlyhyzeqsm3q4zgs9pjm2kcjgkryashttq,COCA,10,2021-11-08 05:52:32,1a0c75b43dd5bdedde9722051ac0f2582773a2b8fab2c5c5df7aa04c8118f897,2,1,-1,reduced
pool1c4lk5ftf4l02mtxl9dhp47fylfkkzq97ef9lr626nxt5v40z9fa,,2,2021-11-08 04:37:03,6a01167030d27d0171c68a1a4bf527429d8b90e9f026d3f85eab8b77b4a9db3c,1,2,1,added
pool1yff3j4xqhmunrccjsdh0u9qxrws7xdqhagjx5lqktklwj67u5s3,CDNC,4,2021-11-07 23:57:05,dd0cd38b6a1876e2e6f1360bc8705d198e6092a377be982f88908698dc2deb7d,2,4,2,added
pool166casnxyty2nzzkvmwlyhyzeqsm3q4zgs9pjm2kcjgkryashttq,COCA,9,2021-11-07 23:33:25,04bd788db26a6b7f937906c8c5650600780b2e9f5afdfd131b232c50003758f5,1,2,1,added
pool1upa4pa4qmcgaps4uactx9eas44rfwk9h0rxgua3l4xnf6wevfkt,FMS,4,2021-11-07 21:29:43,c6c07c50460c4018301f742f78feb09ffb326d094e13a990d106ffcf174c0992,1,2,1,added
pool1rhepjgtmzjrcgvm3urg5t780d44v5t5enddfv0ps5vjyvefncn6,,8,2021-11-07 20:31:50,e3cfcbb5d766259eb19b823723eac2f4c6268a111863ae4e3f2460a4a8801753,2,1,-1,reduced
pool12yfqjghmn47qajajqduf2rd83qxtdhva8j0qdctmla4v5w3mhq4,,57,2021-11-07 18:11:21,99e2cd1473cf98a0694bd3828d6f542807eb2a109053c7b1574dab9335ff6ab0,3,2,-1,reduced
pool1rtj8f2pjedcjh78ey2fc4wvatjyeudeam6lsv6snttwuvhn2vsq,,7,2021-11-07 17:10:38,550f210e7962f1890834d1094d149b4210c500b88706e04c5c2c21e8754ed20d,1,3,2,added
pool166casnxyty2nzzkvmwlyhyzeqsm3q4zgs9pjm2kcjgkryashttq,COCA,8,2021-11-07 13:08:40,98cff42c47fccf896f80714aa33f5d4e6e72835f9022e461eb697b0098d76b4a,2,1,-1,reduced
pool1u0u2s080a5plun4acn6s70xa3q98ct7skt88l7w6nnwwyl9ecym,VOLCY,16,2021-11-07 10:02:33,161628ff04c3ddc825d0e2436a6e3969940ce8150ceef614b250103e7c8ce209,5,3,-2,reduced
pool1c2wa8326fulnkq42uerra78pue48pdwsqru2dhp5xrhsgzqmlsc,,7,2021-11-05 17:03:13,8a928376763ba2396bf62029254518c218771d8d93390a309ef4efe49dac83dc,3,2,-1,reduced
pool166casnxyty2nzzkvmwlyhyzeqsm3q4zgs9pjm2kcjgkryashttq,COCA,6,2021-11-05 11:56:31,9eee7cf51ff8592bb2d872afa2c633f4e80b9518a89f4273fb082ab89f070404,1,2,1,added
pool14ujg8l2x6fm5jm07jd6jftktt35dzsnefl2jmx9d8vr4cxxkt5d,,6,2021-11-05 08:44:20,b8902b709f99d98b7a14229ffb6e3ee3f901a773131fc69dcfd983678698cc76,1,2,1,added
pool1s7v278tcxu305z7g4n3qg7ntuecrdyyptpl4cem5ezmqvg78a0t,,6,2021-11-04 20:53:17,e07859b3909f76e3058d9b4e05e28e5a63fe3161cb4196e3a4a08ac7324f3d7d,2,1,-1,reduced
pool1th8afnzy79jerwjg0cqgm3y4xz5pfphtfkggyqw0htz8ssujvf5,,4,2021-11-04 11:44:53,07f6b83cf849e08fa3bfcc8464390fa3ad89cfc80fc1bc4e585228fdf20970d8,1,2,1,added
pool1adllnm43t3nuspvnr5r08jh6gpyvedu76hrhc6xymjzavd5d8f6,HOC,4,2021-11-03 17:01:14,e62bdc308f210e8b4f0af8c0ffd849b88bbf59958ec5e928a20658655dee9d0b,1,2,1,added
pool146tvhyjes5recygg5sfwsy97rpcadr9tdhlmdmwm4jddkd784p2,LVMNT,12,2021-11-03 13:02:37,2b4606103a2ffb6187b1887233596daa8ec2a7451e2ff997bf7094ba5d109ee8,2,4,2,added
pool12r08n33avu33ncstukwxyr440mgaazmuclay38v0yt34xytu2dq,FALCO,9,2021-11-03 05:56:23,8b629d448fd2921368e2e40acfc1e82b2becb4ccea6c59c903a546c5541bb0fe,3,2,-1,reduced
pool166casnxyty2nzzkvmwlyhyzeqsm3q4zgs9pjm2kcjgkryashttq,COCA,4,2021-11-03 05:08:37,a2f0dbd267194cef461bdf5c2ecef61b81443757761b7ef4650a3117dd79a04c,2,1,-1,reduced
pool166casnxyty2nzzkvmwlyhyzeqsm3q4zgs9pjm2kcjgkryashttq,COCA,2,2021-11-03 00:34:16,d69374e8fa314adaeff593f1b1df93b0541f1d34097db01566cce318a3ef25b1,1,2,1,added
pool1qu09ve95eqz4mgygn8a85jhhpce6578lvfvs3ltv5flt5xv66vk,,7,2021-11-02 20:45:51,5f11a780a6c337e49952c94957b35e327f1e9e4c03d26f7d75ce4f04a83bffaa,1,2,1,added
pool1jcn4al6m62h0dyqcfpvar272dquuqjhfmsyc0uwpaum42l5xp4s,NTRE,8,2021-11-02 20:18:49,05ccb1318a6caee6de6aabddc2bdab4da55bb46109ff445709effc107ac5869d,2,1,-1,reduced
pool14ujg8l2x6fm5jm07jd6jftktt35dzsnefl2jmx9d8vr4cxxkt5d,,5,2021-11-02 10:30:59,0da4f24e1fa1bf461ba719c414224ef3510e84dd8ca177879ac7e4e290e1fad2,2,1,-1,reduced
pool1rtj8f2pjedcjh78ey2fc4wvatjyeudeam6lsv6snttwuvhn2vsq,,6,2021-11-01 21:03:29,14e1f54ab3f4987a9cd194cad86134a2cb775acba28838cfa64cb706ac4b5996,3,1,-2,reduced
pool1fuaj2fz0wq8rp8pz9455d78pgvedjyuf48gl5y6d7h72st5wmy9,TIKI,6,2021-11-01 12:28:18,2b33fbefa5f0fe59e02907906d01a9443d2396da8e4c4d357bf65d82e667c8dc,1,2,1,added
pool10zyf32q3w3n9x940j6yqgkwuegzn77p94wcmpku6gvmrqw8a97d,XSP,12,2021-10-31 23:25:30,457e07c55b4718464956adb62a60332ff391e8cbc94c1bd61bba07fae97412ca,3,4,1,added
pool14fjmlppz76667ws3jl5luejf2wgztuhpsftulvh3ucc65anqgve,XSP2,4,2021-10-31 23:18:17,5f7640102540b06ff4dfe0471866f3af9724582f6a41b9ad878d8f4aa6534c7f,3,4,1,added
pool17p4ue73dvnjcnz25996uzpg50cy89l829ltjceee5mc3s2p502n,FYTO,2,2021-10-31 21:12:43,306ac4866daab1496a21432c2a4c8c2510427c075762613be427f545449afca2,1,2,1,added
pool1hy28g3gywvf25yu6xvfepwa8zhhtkk83kekfdenqujycvqjc96g,BLU,10,2021-10-30 18:34:24,660eec8c94a97d681e47781cd56ec2404466f6e5c6abbd8d6354b35c75df0821,2,1,-1,reduced
pool1kg8fqjwsunsy0rk05pn946fzwrcm0ds9dhtllqwzvc822l6utk0,,10,2021-10-30 17:21:39,9e32178158a48104c8457afc08cba3d8a58a1fe032b0676082169794d73b6b9c,2,1,-1,reduced
pool1n7eagzjgs3suervkql229a8080j5k68x25jkl8zfxxtuu6802lc,SAPPO,5,2021-10-30 15:08:20,35bc2c5670104514d7b39263050eb0c57473e44c615153c59e7166770502e10a,1,2,1,added
pool17499z7lt392dd3pf3vn30e69cver0gqqaja5rdnyerpv6zdzgkd,,7,2021-10-30 12:59:22,bbeb07de1f7dad6b6624c54a8b81deb76741192c726a7be133cd70450d8a5a3d,2,1,-1,reduced
pool1w3rezwl9vnl5ufg9lvsu5h0fspgh7wc4whsqdn3dw49hg8mrp6z,TROPC,2,2021-10-30 06:46:36,4958a88de4cc8aab681da30bf1a8dd8f5522377ce0f296fb210d477716839d03,1,2,1,added
pool1xs34q2z06a46nk7hl48d27dj5gzc6hh9trugw2ehs9ajsevqffx,SNAKE,26,2021-10-29 20:29:27,1882b2359553148a1cf99793b6899484ce5cf86e7f8f8c0ac9dab1f76c275e12,2,1,-1,reduced
pool1z89dx8u42f4cvujvsjupsg50cfgqhjjuaxegvj59h9q9scra5fy,CO2P,18,2021-10-29 13:48:25,fa7d597fc486fa9050f936ee53abdac570c69d04f737e5cf459471551c39a6a4,2,3,1,added
pool14hsxa2zfwzvy9ncdjwnx0xkcltjmdydeayxfju7suuuewv0dnke,KROM,14,2021-10-29 09:30:38,c9b98bd5548dc86e759170fce5ca9ef3d3284cfecd8464b86a2a37700300550a,3,2,-1,reduced
pool1jufp9k6gmyusvch65ra8yk2s7wu6cx5fsgnltl83p93ejg6h3xg,FUND,4,2021-10-29 05:29:36,7f6e304d22d88186cb83cc270d030062f329caefefda7c0f379ff23588f8dc61,6,5,-1,reduced
pool18tchat44f64u7h3jsjqp26g7xamat252789wg8ly9t25xfnnw07,COOL7,2,2021-10-28 07:13:04,dd803c3146e441bf222fece3933caf38984238cb1d1902fe3921f1559cd07077,1,4,3,added
pool175mm8fdv9mxus499xks47aejvv3htg9l9tchmn97tdpz6lhq0zm,MALX,3,2021-10-28 06:42:27,645508bf9323154c0b31102916d2848f7bd02ae8666e2763424c8c5db8eada4e,3,4,1,added
pool1g206nprdtmyad978rtnjtjvwx287mg7ss79u83vfplk72k3elsa,MRQR2,3,2021-10-28 06:21:06,1dbeb8c916f823222be509196854647f024c8b3bc874d1b547c3cf8f1a623e3d,3,4,1,added
pool1tav5sukegfdam9cq4shm4hnlzclh7nvk366mmnq0ycyfjqymlcw,,4,2021-10-28 06:15:55,505e91152324d9e031964089540509838bae56dbe48e468f57544de998a7231e,2,4,2,added
pool1s9zjwj4pwy75260qm9r275gtf54cqeqdslq6pe8q29u4gg53lmy,EMUR5,2,2021-10-28 06:01:28,2b354787796c9336239a458ade8a160e9c303b250bccbf4e03136e09c935f389,7,6,-1,reduced
pool1z56rnzw94rxxm5mwkyxfdwfej5fdh0k7056gqs6whr8tyjn48wq,,3,2021-10-27 22:48:29,791e967a8a72c32040546c6c38b4ff73145e7dba8d636ed5c5379f0273e7966c,4,6,2,added
pool1yctcnexnjqq25ve5jh2dh6zswz98leafjcq356lfspsdk9z690e,,12,2021-10-27 22:48:29,66139fdcbfb042448d6baf0a10c519e5358076ff1b4eb4ef52b3c84d88a439a0,2,6,4,added
pool13t6cwz9hhr8xm29pc94zyg5tx3kteqeu8gw2nc3lhzatqegzp6z,,2,2021-10-27 19:39:16,3320f73d84d41abb2e8c922d8901745b8f7f7603eb11b94ec0c5f3ac41a2bd4b,1,2,1,added
pool14mma26pz4v888lrxtlzm22vjd68h5hd89kj7jaag6knx7x3k5ed,TRT,5,2021-10-27 13:26:08,3a30fdb641091b879ad2ece691fe3cdfe48267ed1c98953f4efd0f46ea90da88,1,2,1,added
pool1dj4l8qma9zzqqzhsawdkvxrs7qyqyv70kn56ywdqqazscvcqvva,K9K,10,2021-10-27 02:07:01,24bf3cd624ea265dce43fdafd486bce75cbc98866291e99878c016d914fffee5,2,1,-1,reduced
pool13qze0weztaxl9uje7gjryzs85mwlx0cn9pgdnkdxs3xvu78tsr3,,17,2021-10-26 10:25:02,e6bf9b1b3bb46723641eee453cd74fd1ea2532cb32a4be4ac87e5ea76c7b09c4,2,1,-1,reduced
pool1wwjj0tcr6w9nvk0jpvnrqq9p7ukn7wux0h669wcw25t0zmx3zfh,,2,2021-10-26 04:01:34,62c9b2cfba95957f71be0f36e3ddb60e7af8b336ce01008b9159f4e4a53804d3,1,2,1,added
pool1ljlmfg7p37ysmea9ra5xqwccue203dpj40w6zlzn5r2cvjrf6tw,AAA,12,2021-10-25 23:38:17,8b802e01c3dee0d43cbb99c1070cd0ae2aabb6ac4c179a4964f08f67d10171a0,2,5,3,added
pool1gh06f56tnkj6uhlfrlntwnczlfm6tszmm6umga3anevn2tvcds4,,2,2021-10-25 16:46:48,47a3566181c66c15d84e388f10f84cc1ec37edf1d484169a728dcd67fd6bb004,1,2,1,added
pool1g206nprdtmyad978rtnjtjvwx287mg7ss79u83vfplk72k3elsa,MRQR2,2,2021-10-25 14:27:58,9e9ea5aac6fedddf36c3e99488cb32e39e2fc4bda28071c67808d5066b0e6fb5,1,3,2,added
pool1drxxm3mncpnn9zjruh3ppp44zhfrlqexckgr2fzejme5k8dmv63,,4,2021-10-25 12:30:27,3883c45a53a42c1ebeec7193dd6869cfc41bea76d11d7d36967882144e38b3b7,2,3,1,added
pool1qa6lqyu67ghpa0evxfu9nzqkj3h82qpfku82ec79zdwru4pd25m,CNODE,8,2021-10-25 04:28:41,f0331f255bf47af7a8563e442d2225fae242a938f0089b64afd02213cc4db88f,6,5,-1,reduced
pool1ss7flxmvmhgupfl9d694jdn30n5knexk43qj0fpp5qjp22jpg3k,,2,2021-10-25 01:23:42,688a4798f56a879c602662f542d2b9d2e4ad780cae616d6f94d694fe73c8c950,2,1,-1,reduced
pool1wvyh37mrm2rcx75gvp22cdrsy5w300aj8lglnzyxzf2hjuph0mt,BLUE2,21,2021-10-24 10:12:27,733e8500cc81842220d74a9537e8d387fb56c79a50717601fd5385afad29e9b8,1,5,4,added
pool1692dxqqcsavymwz28w44t2jhyjnakvj4l3gwz2dqrarmc2k6dkh,BLUE,22,2021-10-24 10:12:27,6a325a31100a5a4d829cd43f107dc2dfc985c0aad6e658f595f03c40e2de61f2,1,5,4,added
pool1lqpymyzg9glc88r7urptuv0d8t2tu9ty7xtshvxmgpu0j4lp8p3,VINCE,18,2021-10-24 05:45:26,04679c34d499cca21edcf27cc5025df3028be66b9d366d3a63a3262cd0072565,2,4,2,added
pool1rtj8f2pjedcjh78ey2fc4wvatjyeudeam6lsv6snttwuvhn2vsq,,5,2021-10-23 20:10:34,7933d89e62571ecab6043a2e8c11a6de32d4cf872f108eb61e318c79977213a3,1,3,2,added
pool1zy4arks3chpruyt32p0mhwqu3qpdgyx7nejrw06nqu3uzfuv3aw,SPCP,30,2021-10-23 15:33:36,d985a10ae92162ab0e95381eca0c74eaa7b5db331dec35ed63953bb3a5598979,1,2,1,added
pool1h04mh7qugt09hp8mhjpvfl4t0rutmz703dd003e6qeny5jf9c57,P2PFI,2,2021-10-22 21:34:28,47863e4319fc5492eb288bb4ece42d885136bb57f3d0be2e3e077dc364b4d681,1,2,1,added
pool16wfrrl0vhq5ldqa2u3kz8mm9r7l5pmlqqu0667gfjykfkyv98ge,ADAMX,11,2021-10-22 16:12:32,159c9f640ddf4b3f6bdbeff528fd6ab2c80dd0f827007ae61abfd7b64f613642,3,2,-1,reduced
pool1kg8fqjwsunsy0rk05pn946fzwrcm0ds9dhtllqwzvc822l6utk0,,9,2021-10-22 08:05:55,c69b333c4e5d5250f4672827a1130770fc572661cb667d20294f06f1cb377226,1,2,1,added
pool1tx6e7gewsrcceejwpa69vrhlhay6862amaks095pmw9jxulwhvx,,4,2021-10-20 17:58:15,1483117f512a76ef63e2b7bdb3ad6bff898dbc5b5acf09bb6e7281865977e7c1,3,2,-1,reduced
pool19k9grwq9cdswn4k7vxzmwcls24jj3466g4s4xr5vucehcqpslfy,ADV4,4,2021-10-20 17:43:25,2774337d33495c64888acb92f0fdc4ae5e4738cae269119ec66c29ed428950f9,4,5,1,added
pool1qsdg8ylzy4kv624drfgkzuqgqj3y29lw44qnvltepht2wegh58c,ADLF1,3,2021-10-20 16:00:49,1bb9a3c3029042547c4264af94f696c4a71f24bedcbae321bf338c440a19a496,1,2,1,added
pool12f9spr26phr9fc94shfmeuy8hvhqlm4932vz7v5j796t5tyyrj0,NYORK,2,2021-10-19 21:17:42,80ab523a94074a1eb6e1037483c35364538314026055c4a5b1929b0cedddea44,2,1,-1,reduced
pool1l7mpegmvfj4ph5fxkuj7ucnu4w0j50h622lncgwkvtlkvhjfp9n,,2,2021-10-19 15:22:56,19f9da5eb64732a3758111745ffb1f7a508295f4e9da33bc2c6a29145d3d73b2,2,3,1,added
pool1aupuaddm9ac3g0y37wrkqe33ufe4u7a2uacfe5xudw8ruhtav0m,,8,2021-10-19 08:15:50,544e18fbd039b21efb529df2d6913875be32c4d6ce94f93bf2e9d4221ac87369,1,2,1,added
pool1x0zhj6mavt2atvf4yenz6ql3m98pda8l6gmrscfhu9lvzy46y5k,VERT,7,2021-10-19 05:46:39,df2a04b8640ee0d20092dfdbc75b1f15d59545aee33ef24a7f33c83631f4c61c,3,2,-1,reduced
pool148krjn23nlwpjfc8s6xz37pgttehl6pupjddg4q6expq7s98xl6,GNERD,3,2021-10-19 04:09:41,61a3ba927d3677d26557d66fa1e4242823235d0de4614c198f7ad9b99db0fc07,2,4,2,added
pool1dswpls43u0s6cpt0dh2d6npm0rnxh5qcjm9xax9y6fp3uq880xm,RELAY,15,2021-10-19 00:25:12,95f5b33c6578b1e33bce9df5552cfba9752c9c291bd653e728d6f6a1a2dc27d3,3,1,-2,reduced
pool1nc8vcafsgemc2jx7mmze3sppakahrl4z5qqauw6znr93jfyqv6j,,35,2021-10-19 00:00:22,743d516d10aa1c89f15f69ceaea3551dc9845da3fa66fd2684d78a768c76b3b0,11,7,-4,reduced
pool17taqml487n9t4r9a6ppvf9qv0qlw2lu4zcrzwfdsfcv6xp7uqym,PSB,7,2021-10-18 07:06:29,94a1f2d80620c61ab7852cb13cd8d8f14373d5134951c3caee4492b05d28bf72,3,4,1,added
pool1gqk5pzqmrc9c6030m5sj2s3560ymm5ymq3hqjmz6vfdmx4mw5gs,HIST,50,2021-10-18 02:29:55,6fe8baaa3182f846d6d1ede8e7dcd897a3ccdb7e2cc86deb28a750efb0375a72,2,3,1,added
pool125mzd9dmxlkvg0g3fuwl96rxd4jmzha77d9evnetldzl66lvpvz,,10,2021-10-17 18:14:06,5abcfacf9bfe4f320634338d575aff368a3fc175f4d3769dc47a2e3c355fa84f,2,1,-1,reduced
pool1x7j89z3n7y7g8syk06nahcrwkdphhw6dymt8r3gf8ulyksrzh5t,ALLIN,17,2021-10-17 10:31:14,c082e8fb4b000f78344187b49db36599b14153120e8468cc0907d68180346c18,1,2,1,added
pool1n6qqnvjfzskcq9zdld5pnp8q3ktd28pqsh5tkmvarqcayr76puv,,59,2021-10-17 08:36:04,81e8d8096c83d233e4fd739588f7f0cab23012dafd4c0cc0a0be1e9548244a57,2,3,1,added
pool12fr472y9lwzjy055gpuvpxdy5slpe0ej20pykdeatl59zg9ren2,CARDX,7,2021-10-17 03:41:45,cc8b0fb1480bd90777339177e664e3de8d55dd26da85700a9b9211b2a2c8e7fc,2,3,1,added
pool1x7j89z3n7y7g8syk06nahcrwkdphhw6dymt8r3gf8ulyksrzh5t,ALLIN,15,2021-10-16 12:44:40,255507fe598b2699857a66e6f300cedb3f29f5d7abe574767a6b94822d545e9d,2,1,-1,reduced
pool1nc8vcafsgemc2jx7mmze3sppakahrl4z5qqauw6znr93jfyqv6j,,34,2021-10-16 11:31:28,006ce5c550de906fa4cbcc9d66a1f428eafba997e71f9e790e378cef1d2b23be,7,11,4,added
pool1m7hcz7w6d2lk8ma8gm7x9hv5jfdq8u9384m6q462pjntsgfr982,,10,2021-10-15 20:11:53,07ee038d3060a718b43930730b0d29d022f09f842c1ae435effbdaf642ca5ba3,3,1,-2,reduced
pool1hmtm4mukp5gs7fgrp0k997lveh4psq9qpeqa6ldugq9nsfcdxmp,ADALY,6,2021-10-15 17:40:57,e3821fdce59b2bbc1b4be367e387eb1d9a71067440af4a192cb3975beba9a6d9,3,5,2,added
pool1prc9hna2mgamtspchrygc66s9n4tlkvh39e3t9zccef4kzc3ns2,TERM,3,2021-10-15 13:42:12,116347bf383e797d6486f1ca0b76022cebc450a405b4a9c7f1b388bab1d28549,4,2,-2,reduced
pool180e2yxhaayqaavvlxke7ns5tpzy24alzxyj0s33u509lvne6qhk,,4,2021-10-15 13:07:45,1e9725bb3675778241e01fab38598d3de0a85f7cf3ac8cebf9b81e1f78b344fd,1,4,3,added
pool1tav5sukegfdam9cq4shm4hnlzclh7nvk366mmnq0ycyfjqymlcw,,3,2021-10-15 13:06:55,710b0ed5f222e681b8c262936d8a5d09a85ca0a03d93e338d5eeb3e0a2bfc973,1,2,1,added
pool1gqk5pzqmrc9c6030m5sj2s3560ymm5ymq3hqjmz6vfdmx4mw5gs,HIST,48,2021-10-15 08:05:25,c972a57c8d16c8ab15b2fc754cfecdbf6684772e90a12780210844855a979301,3,2,-1,reduced
pool1yla5xge99yeddrcts0ya9n66k3x2vrcachnnmzu2vqqjzm6fw3k,,17,2021-10-14 16:55:31,4d7af40b480f8e5f4a2238d9eebf13a21db0a8b1eb665a9d0f0a5a829af3bf64,5,3,-2,reduced
pool1d0ld90s42dnypxxp08923d7pezh4xnzht2gfl5c6xm2pg6lyyyq,,5,2021-10-14 13:13:58,5040db73f313d0bac037488af5b53e813f78c64dc94ccfa11c1a87ddaa048178,1,3,2,added
pool1f7ae434je9m7uak63y33t7c7ye5h4pal3d2fzlh65cq9xm73u5p,,5,2021-10-14 12:36:50,e0c2b3ed63dd4f1114facf732c2ca6b1359aa611b147879279a9c06fb5c11ce3,1,3,2,added
pool1f7ae434je9m7uak63y33t7c7ye5h4pal3d2fzlh65cq9xm73u5p,,4,2021-10-14 12:33:17,61dd5c6bf0f7f489dbf6d1dd69587a671b4af644b4a0415ca8a98cf02f3d9fc7,2,1,-1,reduced
pool1tnl3yxmj8848vq6meduhz9n5520a7dwsh05r5gfyvlatj87k3jl,SPIDR,14,2021-10-14 11:09:25,73b0f3628071e734e839e453e9e80ceebf0354e7e9958ee6da5e1c536ed7230d,4,5,1,added
pool1ac0erf0qsxt9v75gmch3rq9548m889s7tshpwppp5wgqy5j32mh,AXNSA,8,2021-10-14 09:39:13,6dd3afa2f38a5dda8af81dc4a67346e8472deff896a2a3eb8c16f42d581639bb,3,2,-1,reduced
pool10nfznlnt7u46rfaqrclf2zljzprjps8muxugrtynkfk85rv033m,,2,2021-10-14 03:48:58,aad224c3f707ae47d79277a7677714d6a6624b82906d5c484b24316ea931db15,1,2,1,added
pool1e3y7u0rtq2zskc7ansvtrd4p3vtv9hglyztzcvsvlk22w9t40v0,CRPL,4,2021-10-13 21:39:42,6bef2cf49141a3f27a62b006d43578f4dabc57f3e9dadba284c387e85bb04145,2,3,1,added
pool140j5dhrhhvpa259wa6wmnqzt8ha872mqa7hg92u8v4e2ym8t9hx,,13,2021-10-13 11:08:42,1f7b8b7a3fee4c353c0e07590dcdf44cd1fb7ebbf7a8583c0715c3b989503785,2,1,-1,reduced
pool16sjl6t8exdrenygxhramgc7vs7hjv7ga35caj4cexgzdk7mrpxr,,19,2021-10-13 08:01:28,45abb46a294f1bdac620987131984d175a374427fd0858ef2c687c3111c8f0cd,2,1,-1,reduced
pool1pcyjd40wegzvzkhvmfrylzsg43h962f2zvgcpg9hc26826wefsn,,11,2021-10-12 22:15:47,6d5b22020daf60229d596afce54c5f2fd2d2b16e2eb8aa4bab2a393c61c12cf4,3,2,-1,reduced
pool1agau6rm7aakuc7ftw5cd9mkn3r6haqfqfcc876afkdwyw3wac6t,BANTN,3,2021-10-12 01:02:29,9b2b47389752d1eac52799de382474701c939a1d6cfc33281dd03b78ae75320d,3,2,-1,reduced
pool1yctcnexnjqq25ve5jh2dh6zswz98leafjcq356lfspsdk9z690e,,10,2021-10-11 00:04:03,53dabb5e4c6e3c02236567e877df46194819725129bd9f6f4a69695e4f54692b,4,2,-2,reduced
pool1yctcnexnjqq25ve5jh2dh6zswz98leafjcq356lfspsdk9z690e,,9,2021-10-10 23:45:17,1259104b9720dd949f810c9084086fe6e3856fe7e2ce2dd4e38a0fb5533f0939,2,4,2,added
pool1a3u8zuz7fqavxgl48s8k37w8w6njk7zevlzyfjdlzxfexjcue6a,AAA2,14,2021-10-10 11:29:32,0504f2143c2d19399c6c8c59e3a389238f9616c1ba87963d8b1305d9aa6c27ce,3,4,1,added
pool1kzyukfavxv9sdrsnmxchvh9qng39uy6yg78tdqskaum9khnrvj7,,4,2021-10-09 23:47:59,f82edbf8cfeddce978335d0d0e02821806c26728f13141e08f04bf2a9a0dd78e,1,2,1,added
pool1u4p03p6eextu3ge40f2za7lspjz5qkaw5lmqq6emx3qkqq6yjvr,,20,2021-10-09 04:41:47,0d8a75974b7c24d1682cc2602aa82bac82d9bf3cbf6657714c79d182564d2806,3,2,-1,reduced
pool1fhv5ptycez7r7lpmx9qjt3s83flpegzx0anynun45rlhuzn7kwk,TOFU,3,2021-10-07 10:27:45,0dd74e95e06c7d030287f2a8de035f12bd6ff2ee44a84946956681326dc0523e,2,3,1,added
pool1vkvmj9r4w77fypzqxynxuf756zma5fgf89sh4xpxryx4yrxd64m,NLP,4,2021-10-07 08:05:53,79d1618c447f2e369721ddc27f86402a15f2c3ae423e7cc7853b848773db3573,1,2,1,added
pool14kd9lt3gsdhv48j9w4vgcufw0txdvz932xwh9dapkpv2c0j4ytd,FRNTR,12,2021-10-06 19:07:40,5c5d34ae186798dce209073d0d845562afb961ea4c63976999ce8a209204ba84,2,1,-1,reduced
pool1zmfpd5r5vfwjmwm4cgy53exe58h7plnecny3t4948yw7zumzp4c,ALPS,14,2021-10-06 19:01:04,c2e72ccef4d19fcb94f8339ac43f6736645a81f9dcb180d8c1a779f1bb2c4151,3,2,-1,reduced
pool1mr95wmscrwj04kf9746sx539qeffj3mg5ndez5rzv8k5cdwjc0t,,3,2021-10-06 16:40:30,a9e7bdc006a055d5cb16e0085d59c2d90bd9ef454dde03610bc7e8665b2f572e,1,3,2,added
pool1cvgz7kkxkpgcu903hggjtsg97myhfmze9e547cwzsc55j2ch2wz,SNOWY,3,2021-10-06 00:08:04,5f3e58c5f384a28a4f3e41e1be4fd53928605471e140938d2e80e047c6762d26,2,4,2,added
pool1etgtwnwu4lmtw0dwdtmjvp9fh7wx2fk4e6jt725ysp5f7sjd5vy,,4,2021-10-05 20:52:49,735b594c0bacb71d8064f2b997160439f459b17173898d9793fd9a291029338e,3,4,1,added
pool1cus3lsxn962f3tx30shytad9u8487jpnqz6875tahxr26waf2dv,,5,2021-10-05 16:45:16,1e01b29f86b71a16f3124e493e9138ef70698c4a9f02c23874d8e663a97d384e,2,3,1,added
pool1x7j89z3n7y7g8syk06nahcrwkdphhw6dymt8r3gf8ulyksrzh5t,ALLIN,10,2021-10-05 15:57:56,347f54727e7f676f92c7f63546f46e0b170d3b740c3ba1b4bdcdff2fb9c49749,1,2,1,added
pool1u283gl35gdj2l6c5cmg9crugf9aq7w6242pr88v6enr8u9q2vzj,,20,2021-10-05 01:43:40,89b912c51ae9a49c3128077a3db55fd55b6dff461a5fd14361c38b15bb045427,3,2,-1,reduced
pool1r5dqwfl3etjylqqsj8lzhqx4tz0nllkjf3sz4r0heke2xs5kwap,,6,2021-10-04 14:14:02,f0e74e235ab106ce601c7ee6d7c64cdd2f43a94a5493147331036bea0efa79c2,2,3,1,added
pool1ahw4989fry5qhxemm5dy55syj8xy7sl0cvhycpcsxlmpsz9x853,SITG,13,2021-10-04 09:32:44,776eb6594da7e9b50377993a02b7ae6fd6d4d7b0cbe9184f8ef14e871012a4a3,3,2,-1,reduced
pool1u4p03p6eextu3ge40f2za7lspjz5qkaw5lmqq6emx3qkqq6yjvr,,19,2021-10-04 06:30:02,0dd731a56f721311dd8a92b37ea6bcc231432a3b8b81e904654c10e94e59dfbf,2,3,1,added
pool178j8pevk04pay4lgz29c9y52k30xql7uaj5zdsqzpa9jwkuhqn5,CASTE,7,2021-10-03 19:46:25,2cc3c717863ff4080f9c658f2a8305a09fdfbc1bcebcdd451c61f808b1251b26,4,2,-2,reduced
pool1yla5xge99yeddrcts0ya9n66k3x2vrcachnnmzu2vqqjzm6fw3k,,14,2021-10-03 16:38:17,137863008bdcce3d60c40e6931db50396ba00f2d698de18d74e72eae791a96f2,6,5,-1,reduced
pool19rs2895l5ghjn4d38c9qpqn2d44amqx7cqd3easdav5m786w6ng,IRF,2,2021-10-03 14:08:42,bedffe729bf4d00394904713a688fdde88f604cc62ae6b4fe81c0c3daa3a4b42,1,2,1,added
pool18heqrjtge2emf2hes4mdxkr76y99zztkqk4qtjr9dul0vuur0yu,RX78,17,2021-10-03 12:19:00,14c9b0efcd1c71ef1196ebfd449f62eddb02b704bbd58c48dd44bd556c1f0d6e,3,2,-1,reduced
pool13wd88txwe9xhgld7hf6v8kstppcexmqu6t4fhxwx5zktz0l5nxv,PETRA,5,2021-10-03 02:49:27,762bb7f9b5b61dbf4f66063374e188856a19da7d9b6e3f69a8c3e4b560bb211b,2,1,-1,reduced
pool123v70pyw5tzkdwwgug56j6qy2msg9hpvww0jpapqvcg96ep4nj8,GADA,5,2021-10-02 17:12:01,bd2453798234204ae2f1574655942b0fa3a5d9c2561e7674b86ce2241e00e231,2,3,1,added
pool15nww4436eq733eypdq7vnllsnqyrwftw434xkvpm2mc2kfue2ux,SEED,6,2021-10-02 14:48:10,2bc96b4b0f02d5c64a00978844963c66c865b2c1c44ef62cac38a968679c64e9,1,2,1,added
pool1j22mzxf5x4gw9zltvey3g9nw2d99skasjcm0xl2mtesk54ffy77,,4,2021-10-02 13:41:08,0377780cbbc7703af9150458cfcd817849ad6829f890816eeeb1f4a9e14ee097,2,1,-1,reduced
pool145v4l7yyrrfsgwq99yl7rtr6xa3jmdj738wlwtv8tkp4qgvvl9t,GDANE,3,2021-10-02 08:09:26,fa716a4e0235f22a31c080ba69897aaec755a7c8e922c9635a9cc0ad5d25dac6,2,1,-1,reduced
pool1a6ysvnx24xsjh2f6ehgmx7yu9q45fd7lsk88v2swxkek7pkxtgp,VIVI,78,2021-10-02 06:39:58,1f92c42dd5413f726c3bf38160e70a56e1940dec7c036146dd0f90220f32860c,1,2,1,added
pool150tpwr9xvlcqe6hjx54atwxyer6e2mz4ptslm6m0p52kugk6cl6,,12,2021-10-01 12:46:27,04340e417668f36996eb90fb8c1adfa3fd3ae1336fb266cdd826fda3d9a2c991,2,1,-1,reduced
pool16x5fslqfvgmsyra4vmpvuzq7p5fzeln240envdwfm2jps0j3rw2,0FEES,2,2021-09-30 22:09:23,0315bcf7c1dfa14d7de08498aa0087d6d547c6d5022a5ccfb690044b979612d3,1,4,3,added
pool1cuzhrcpp676p4u9yk2vrtj7utmq2dy4ey56uw6znml2f5hrpgpw,MIAMI,4,2021-09-30 20:49:42,eb0ae3538dc30a17c38344a1eab46f4ba108f0703be1291d1ed78621fbac87c3,2,1,-1,reduced
pool192xshj2cu50qfy2pm5cck8lnm9lxv2tjquznqjdkkzw6y5hnzl6,STEEL,4,2021-09-29 20:02:43,9cff8310b402e262bd35a442a369a2361ab16471f80a8b908f36e8057ef9b3b3,2,1,-1,reduced
pool1a6ysvnx24xsjh2f6ehgmx7yu9q45fd7lsk88v2swxkek7pkxtgp,VIVI,77,2021-09-29 13:47:53,533b4d6d4de2aea068ea91f404681193b84a14d9286aa3cd7e1ec5f87734bc8c,2,1,-1,reduced
pool1pxw4z2m0lmw422hr32dwyy3uz9436g8p7qdmg2sl2w0m5pyk3yn,STOIC,44,2021-09-28 20:24:40,2b7464accd937509b6f14bf43b395c35769395e255822f212803ef42de9ad925,3,2,-1,reduced
pool1pxhywws8s8h05c69ug3k4rl6jtpxms23eyag7eawwdvxql8spwc,,3,2021-09-28 17:07:05,064a78ecf4e76b7e881d652b9152d7b67ed901c8024a2180ca041b883dbadf72,1,2,1,added
pool1ekcsyzwexl7p2kwxxh34hy28l6772vrmff7jwmuxsa6u6fzty9z,ADALO,70,2021-09-28 16:54:01,c00f6ab1fba7d0f0c07f6dc06eafe21ebc20378aac69a5de0a8839883448378d,1,2,1,added
pool1l8pvaam6f2wj2ank46uywp32wwapqga8e8utve3mgzzuxksc3tq,COR,6,2021-09-28 15:15:05,be55772b8a4fd7b6c4700471e2fc6d385ba8d7783b6fabb7f69e6eec3b864e6c,1,2,1,added
pool1rnnaf39mea70fzmdpj55tfhzd64494nakzn3a49zld5cw035qh4,,7,2021-09-28 09:40:10,937a81f286129742b4a6ead4fcd868e25abaf7bf99e3f1d1481196ffba8c8949,3,2,-1,reduced
pool1gqk5pzqmrc9c6030m5sj2s3560ymm5ymq3hqjmz6vfdmx4mw5gs,HIST,47,2021-09-28 09:34:09,eb6b30886e81dd8624d65c6824ab1856c0b449210a9ef4ddce9fa337a6a939e5,2,3,1,added
pool1f4rs6v0cpsqa09ueddp6hhl8xwdwtdqglvcuce26srxdwmzxl6v,,8,2021-09-28 05:39:36,6285b5dba16d0168dcbc93b72cd0630ba5bddf12df747ff7c00b145599fdf699,3,2,-1,reduced
pool1cpzz6aqljgk97ks728xa76wqg96kj79ndc3gasx7kdnr74wrk70,7CS,12,2021-09-27 10:19:49,48133d2478eb435992d5bb7ddfab4b6835bc372539a29a3fa70856cb0f0057dc,1,0,-1,removed_all
pool1eaeynp2hs06v4x8q65jfm2xqcd3dc80rv220gmxvwg8m5sd6e7a,HODLR,7,2021-09-27 00:55:41,ae2bd5f07fd4681952419332cdab5063b42d0984fa65dd98511b209cfb797104,4,2,-2,reduced
pool1c0nsyh46ucuwn9xpf8jhq05zvxdnrztuncwkflrgf7quyvh82q0,MINI1,3,2021-09-26 17:59:03,16c4a1897b5e9d754fb0f0760aab5c92f4cff9834d2872d24a3df23af0bc698d,1,2,1,added
pool16p8y0pzx8yx7vz6eqksw9xjhh3tzeymvxcstrgtk8ncw75356yw,ZPCT,2,2021-09-26 17:50:09,ea51f50022f0dbd370800904d0057659b06020093f5a25d5e32d54ade9c624f0,3,2,-1,reduced
pool1hvevy8qu5lwg7ul66xmzvwv8zwdgdradsg9ncvrflm7dvy407e0,HAMDA,13,2021-09-26 12:54:41,dbcce323fc78aa400dbd2a1e102e760fde3a06dc9391879451fd185de497d781,1,2,1,added
pool1au6mugzekrwccr2eek6qa8vlzpnv7efu7qmup26xe2jfk9vhtce,OBAMA,6,2021-09-26 11:36:24,bc1f69599a6660ebf3cfe6578e0ec6484429b5662510296f15eb9aeaa1841478,3,4,1,added
pool1y3f9qvq2umfqnm0w20ayux8lczchcakh3v5wz4j5z89aqfc73ea,SANTA,5,2021-09-26 11:33:40,aaa6806bb9fbb9b6b2640fba802b96d24c4c87af853385157a9c5c40b04d5c0b,3,4,1,added
pool18499qzkx0gcsa92ykrv84yr9pycqrje2dndcg2xxq7pxyadvwjj,,3,2021-09-26 06:52:16,fcb1ae8a80c9943619f8fe48dab845a16b40d895ed845539973eca0ab3f6915e,1,2,1,added
pool1fgj2ua0rz4dkq0hmmkv7syuccda96slh40wex2w7vsnxujuvjtv,CUJO,2,2021-09-25 22:23:02,f4752b892115cfd272f3fd27457e891d2da5cfda7b9ff90b4f30528a8d926185,2,1,-1,reduced
pool1u4p03p6eextu3ge40f2za7lspjz5qkaw5lmqq6emx3qkqq6yjvr,,13,2021-09-25 21:57:37,da4a4ed6ff547fc379ee4525e0782079f37515b36154dc10a57e0f688cd32edb,3,2,-1,reduced
pool1692dxqqcsavymwz28w44t2jhyjnakvj4l3gwz2dqrarmc2k6dkh,BLUE,21,2021-09-25 20:42:04,81bc4541705cac99dc20b55a64149fd3868b9dfa08a48a53379b70f9a60c89d5,3,1,-2,reduced
pool1grz62pdyyakffeymsjxpkz4x9382y3zhfa8zu28tk2fpqxm6p5l,KAWAN,7,2021-09-25 16:24:46,a28403b653bfd8cef9be762296a1d7bfc42c7c1cd1d674fc50063885978cae01,2,1,-1,reduced
pool1y3s9nkynwf9kcw5lus6w6mtarzwa8sxz9v6h5vda89fuwvy00g5,0PCT2,10,2021-09-25 13:58:18,c8b163c9c0bf21d04397ebdf058aa193bff61dec27599c1d6e9fb8b26835da4d,4,1,-3,reduced
pool1dk7amefkjspgaknam7zkxdjs4ytld40fdk5hh6ytf4zrvm3n2ps,,2,2021-09-25 08:15:56,e7a50c0de8ab0ad8fe5114707dc309c570118d02cc793d3582521c74b3ecbd38,2,1,-1,reduced
pool1ljpfctjjpye6m3xqnckdwwvwqwgwkyjut3mulzczg427v8mske7,MMTR,6,2021-09-24 12:37:08,bc992a90a2a7dd61cfa0d8aa4c0a892455cc6574c2e8742d7cabe158650b93e9,1,2,1,added
pool1lp9wmr8dkcceta5we999nvlfh9um06cd6sggtt5523eawf7mtg4,YYG,17,2021-09-24 08:42:38,b4e20e3a0d0a6e0581b8bfdf46245c8eaff2634fad7aef8083e774e86091d497,1,2,1,added
pool1vxz2dtul2asqpxtuy60hqg4749dw7uy7tyg907hn65luws3wxfv,AGROT,3,2021-09-23 20:39:32,6d7f062e480a8a00ec5e074eebd897db77bf7a38a1c93508b9a8f44fb1bf0e34,1,2,1,added
pool1zu0r24er0aune3g8p9re5t6svlm5chnp3clt5e4t38s6g5tyu3d,4its,2,2021-09-23 17:23:57,3ce88803b85a3d90553588001ff103d90dcdcd9cff64a08930df2c845d975065,2,1,-1,reduced
pool1h0prd5vcdv6uk7hglztdcqfp5czjqxdydxkxkdhg8rrk22mr4ym,SIGN,11,2021-09-23 17:00:43,05fcbb124c236ab52d12acab1ca9619c183a4497fbd8f70f6c90e041e89440eb,2,1,-1,reduced
pool1ljlmfg7p37ysmea9ra5xqwccue203dpj40w6zlzn5r2cvjrf6tw,AAA,8,2021-09-23 06:02:54,73098aacccc8acec857fc3ffd2c3b98cf356329efbd934d066e1aa4d7cf81ce0,4,2,-2,reduced
pool1y5vdjz0g88h8m4m4eye3w2jch0pn88k0p44005g5dd05wr2f8vn,,5,2021-09-23 00:06:13,b78e7e9f6315b0af39416a3db51d827f37462cf7c6a4dc1d90dd23f7c604eea5,2,1,-1,reduced
pool1hvevy8qu5lwg7ul66xmzvwv8zwdgdradsg9ncvrflm7dvy407e0,HAMDA,12,2021-09-22 18:59:57,4fdc8d6be08e48ad32db170ad02f573677374d30198d24193e29723e939a6422,2,1,-1,reduced
pool1zug38qs8r3ggmzqnqmyxkz34zy3gc9uw3pn59g5gfjwcxdskxjf,VERSE,21,2021-09-22 02:05:58,cf446eefcc4bdc76d050d6ca5943afc8410834505309ba69e9c88e3fd10686c8,4,3,-1,reduced
pool1fs2m5rmlx66crcwwrrsf2pcxjhvk7kzdurcqusd3v5gm65cufnj,BIRD,39,2021-09-22 01:57:04,04ac1fdd1d90b65ed88064c4cfa23ce7ce160d7699e6fea1fe21c7c4c2323a30,4,3,-1,reduced
pool1v6q842vfdg4mhj3jt7jh9shgeerydcrrz5yg26vf2gzagyr5hkr,,9,2021-09-22 00:56:56,ee7c5116418c4d32630d76707c32b060942bfc321354459db61ebd3418fe838a,3,2,-1,reduced
pool1q6lzp5x6tqg04chsxakupgq6x829nsx2dk5w8h043fnajm8d3uj,ADAIM,6,2021-09-21 20:31:27,461ad837ca02550004d8487c7032beee228737dc936844c2c4ab6f892d801923,1,2,1,added
pool1ekcsyzwexl7p2kwxxh34hy28l6772vrmff7jwmuxsa6u6fzty9z,ADALO,68,2021-09-21 18:24:40,e02ceeb437aa9c9c1a048b5d9d3a6190e62df661ff6c752f94978e44843a856b,2,1,-1,reduced
pool1vev2lqvn00fpq9uqrlqm383dy6hht56c5udmm3qwryrm2a9ft5e,,3,2021-09-20 17:11:49,d1b591a218bd130277d86e0a980892ace3f84f0d230757d27ad6c09edf79a1a8,1,2,1,added
pool1ekcsyzwexl7p2kwxxh34hy28l6772vrmff7jwmuxsa6u6fzty9z,ADALO,67,2021-09-20 16:34:46,c75a64584399820d728846a3140206d816ceff2b7300db5e557b325e58e7a57a,1,2,1,added
pool1cj8dxjjlyn9xmjavr98ytmvlpd4vwgqp36kq8rl6jjyt6k2adfh,,9,2021-09-20 14:51:40,0550c9044c25dbec7e8e0e679a1687d401634651f3f7a2de7683da50bbdeba10,1,3,2,added
pool18dmncsu0wwzfnje42udk3eeld3z0zwjpjxname3lp8a9kpah28w,BOS,5,2021-09-20 13:25:38,923d72411a1c749439610da5d72966c1481a9e606ab6a66404c8fb2c800f95ce,1,2,1,added
pool1uqx6c3txsyjyy96te76vzg39773s2crwa5f0vtnzppf9xzrm8qs,WOT,5,2021-09-20 09:02:20,b44306ac31459bc3de21174e2a68ca5bb60c3672433d4cd99d4ce2cd58ea84e1,1,2,1,added
pool1sqjyrgm94jfm2s6y6utvrf7msewpcrfne7qylrffekc0jtvwdlk,,5,2021-09-19 19:01:01,f63565c28b63b28829d2c6dd2ae2deac39f6a73d8a17cdfb9835c0675d5488ac,1,2,1,added
pool1692dxqqcsavymwz28w44t2jhyjnakvj4l3gwz2dqrarmc2k6dkh,BLUE,19,2021-09-19 14:30:03,afa1ca99a682901246aa031119395d6535b79d3f58db6820bc712fbfb5bb2a41,1,3,2,added
pool1xyx655q6ch4d99fuewwtkdwjx5tvfr0rzqvmwehm2cpzj7e2wgl,PARIS,18,2021-09-19 10:27:41,19e5fb5efa5d01dbd96bbfadcdc002284f4d5a39a20c59cea6175e0a3cf44c54,7,8,1,added
pool1pxw4z2m0lmw422hr32dwyy3uz9436g8p7qdmg2sl2w0m5pyk3yn,STOIC,43,2021-09-19 09:47:01,46459f2eeda33f78953668cd2b8e783a7a69b18bcb7ac96fec4f57e9b68f70cb,2,3,1,added
pool17cqy0mkm7p3ufv9k3h37w040x08cx6je23y6jrkgmts3x9g78tu,LOTTO,4,2021-09-19 08:48:53,cb73655fbb52b76cbcc7e6f6f0e31ad6961ae55cf6e37925955c1716e76d8cb8,2,1,-1,reduced
pool1e7mwu80pmsjqdf8lu7rsfdj5sldashslll0hpj7rhx3w6xpwkq7,NIZI🌈,20,2021-09-19 03:36:48,d8b58f2f7224b4b413ac691ba6cae695094aa3378a47a2b51eec2c112c0fd29d,3,2,-1,reduced
pool1xdgzul0qespnz56zzrckwf4hcryyql9ypc4tya2dlu9a22h43ag,BIKES,3,2021-09-17 23:35:49,c4277b0c35436438424b9dc4597fdff210da33271161da6b55e80f14488b58c8,1,2,1,added
pool14ujg8l2x6fm5jm07jd6jftktt35dzsnefl2jmx9d8vr4cxxkt5d,,4,2021-09-17 19:06:23,2a2ce10a6f406016c07376ca39bda06f529ff59d12519ebfe2d9dbb9143aaddc,1,2,1,added
pool1pvsvhzqlrtmseg2mlk600hzs7zqztuqm4ytxyeupa2dyjzs33nr,,10,2021-09-17 11:28:27,4ad34e12bc0750ad10c0f1d7808e8bc26888139b6d368d41832854629e7b5520,2,1,-1,reduced
pool1fatmstlhqf93wyhlnvpdr0ud78hj8k6cnk2062lqkcvpq6lw8wu,IVA,32,2021-09-17 00:19:39,981426dd908ab5b1226f37f14f59d79fc8593bcd32272dcaf1daf19de35dded6,3,2,-1,reduced
pool178j8pevk04pay4lgz29c9y52k30xql7uaj5zdsqzpa9jwkuhqn5,CASTE,6,2021-09-16 23:46:51,c513b24016f73659368f1fe68db4ac1d1d5d5c2c01d0bc3d9f05a516ffb1be31,2,4,2,added
pool1y7cmg3cvsndh3nsll0llw7asdz4mferag09kqzw24g6jx2ce5ws,,3,2021-09-16 00:59:35,ef6932ea14114b04a51a3a12b8984ed5e1fa40f845a38df1f912e75c7ca5d0a0,1,2,1,added
pool1dswpls43u0s6cpt0dh2d6npm0rnxh5qcjm9xax9y6fp3uq880xm,RELAY,13,2021-09-15 23:31:17,5618ef1536c57e3631d09c83459ffdadd3d60b046d79a80200215581b6a1956e,2,3,1,added
pool1hmtm4mukp5gs7fgrp0k997lveh4psq9qpeqa6ldugq9nsfcdxmp,ADALY,5,2021-09-14 21:18:23,19a328bdda5a2e4b9c27b372f7e389af5b6956fb30610d2272e9204da77f0d31,2,3,1,added
pool1k7phpkumqxxvvf5rg690xg5u2vnqmh2sykl0l0h3z0692lzx3hq,CXPA0,6,2021-09-14 20:09:13,ca25c4268201a139b6e8bb3da41278242b254b0fd72c0dc48cab2ada1ab8f11a,3,2,-1,reduced
pool1s7v278tcxu305z7g4n3qg7ntuecrdyyptpl4cem5ezmqvg78a0t,,4,2021-09-14 10:51:39,e801ee13a5e748fee8d702859479c7459fa35b8f6f8b5cb28e09725cfce4ae12,1,2,1,added
pool14gw9d5yhxf5t6k68tqvpa95hragu78yuyr7lm9gz9d9dx2yz9s4,EUADA,7,2021-09-14 07:53:47,b3a9a06c992dd5817726cdbb85e75c96be6f860b4dfa842cbaed50726ccfd04b,2,1,-1,reduced
pool1mw8jpnmxd22vw4h68uqw70nx24vfju4aav9rznesc4vnjnt68g4,OZGRN,5,2021-09-13 23:44:15,ee5b54981475089d5655894edf1181188fa4cb008893cd0543f30c3dc9e36aa4,1,2,1,added
pool13m5c3jtlvg2mgk5chl5zu8adsdk47qumlpxmuspcd3855m8t73r,,10,2021-09-13 20:03:10,cb8648b07dda19d48f523924823513d5fa39703f9aef107585a1900b10119f6b,2,1,-1,reduced
pool1lp9wmr8dkcceta5we999nvlfh9um06cd6sggtt5523eawf7mtg4,YYG,13,2021-09-13 15:02:49,0d86fb403d13f4c25750b1ee6b3773f1fe3e80ce219ecb159783af9ef383909c,2,1,-1,reduced
pool15nr3j0nq7wjlx8u3egwlemhzvdr08vryykktqvav5l96yhlmm68,,2,2021-09-13 12:12:54,282e61b547439d6b5b850906184cfec490009180dd045e45bd3e4e619236254b,2,1,-1,reduced
pool1a6ysvnx24xsjh2f6ehgmx7yu9q45fd7lsk88v2swxkek7pkxtgp,VIVI,76,2021-09-13 06:00:58,e1423864309b2ed050df7c962b1abdf7eb1a9d8a960b1c25973c582307539071,1,2,1,added
pool1a6ysvnx24xsjh2f6ehgmx7yu9q45fd7lsk88v2swxkek7pkxtgp,VIVI,75,2021-09-13 05:29:32,d7b7d30309f32f7b18d632d430f8ca8fbe0de45aad9c38846a428bcd752ebcaa,2,1,-1,reduced
pool1j8r3q09v0tx48f78u4kxldmakryd384uk6cg9rrlzjhtu93027r,LIA,3,2021-09-13 03:25:34,502ff010eef788a470eda27276f6713efc182fa787322daf082e5a939310a08a,1,2,1,added
pool1xcn2yddehm5ncjx0p24vkguth4rta7zv3getcztflxs3kh9rexd,MONAD,17,2021-09-12 09:56:27,4898ac9f41aa1662e8e7febae15735f86305d766b1fc8e26c27779b31d41017c,2,3,1,added
pool1y49e700dnx8lpvznmysgzw203mjq6l7um85ka4ys6x0zcwgs77w,NAP2,7,2021-09-12 09:47:18,8bfe4989adba7c23f9323765293630353d112725516cd1261643f426b55750da,2,3,1,added
pool126mkma8nv5axltmz7mmg8qz9e70nmhnf58hwx5772fhwgkhk6ag,NAP,25,2021-09-12 09:37:18,56e9f394805e49b66a144a191d468180d340be1fa3dd0933c04d94c603e0d1b6,2,3,1,added
pool13wd88txwe9xhgld7hf6v8kstppcexmqu6t4fhxwx5zktz0l5nxv,PETRA,3,2021-09-12 01:03:21,add4c25336f47f0d1714ec6dea439f863db714687ea3206e27aed47f0862d901,1,2,1,added
pool1hfn7yuwfyhmmqe4qpaxfewuly7cnemc6kqkv5npytj9vcrskh6j,AMINT,14,2021-09-11 17:25:21,650d0302ae4126c7dd7ab0cb42e678e9a3737f947275d9b841a453df15f97b03,2,3,1,added
pool1z2chgkz58c7dssm2a37kesr4m645pd7eqp4m94c9u87rs8ek2mc,DIGIU,4,2021-09-11 17:12:53,acdfb4c146c9ea3566b5761f7b74723964a2567de2ce80124c2c906b63083b6d,1,2,1,added
pool1vfayajkdc0gw876lax5va6ygpfpsd8kz73k4y977emm3clnxlm5,KAYA,5,2021-09-11 14:43:47,893d463bed28b9ae908e955b1f3cfb4dee31121d3ddebb60fb9c712d97d609a4,3,2,-1,reduced
pool1agau6rm7aakuc7ftw5cd9mkn3r6haqfqfcc876afkdwyw3wac6t,BANTN,2,2021-09-11 12:03:53,03754fa64f9d0dab9e40d63f499f3e4a60039dab6279eeb52cda529033676da3,1,3,2,added
pool1jj2hvts3ryffy5txm7w0am3zt7s7sehdf8rrwfesjmr7shv0mgl,FIDA,5,2021-09-11 03:53:35,0cf1a3fdcd7e7200dd86d4d9733b8ed86a3aeec326267c457a60d559b6caaf56,2,3,1,added
pool1fmgus36uc0jf0wlspfvzwfn04mz34kwrensmqgfzkv7t58dejw4,GRAB,3,2021-09-11 03:53:35,7edc6f974cd62ba9e1083b472e149119ae60676bcf56fc5c716161c42a7b0dd9,1,3,2,added
pool1rct5guwnp6nk9f4ldn5tr3s42j0nm5rxeayv56lxua5ck47ex39,FIMI,4,2021-09-11 03:52:55,3e5a98b5b769f9c3c7b2a85ff86d9a8f087af4591482b2a3ec62ca1d0a0eaf2d,1,3,2,added
pool1dy7tz7eyf2qal2jcns4qwm4xqn34gc4rj9dz34kfs6zuju477k7,CSP,13,2021-09-10 22:01:09,a72423c57db43b41d4b6595d910472085883fc8b096d2e108afca46b52382ebe,8,6,-2,reduced
pool18e0uhtm4pspfrnktwguypytjfgwz6dw6zzn3gulpdjfx7qd0439,MINES,4,2021-09-10 19:06:13,2f19f9d2745323c72334d0ee7a0d9669f3ca954b128c6567267ae04bbbff457d,2,3,1,added
pool1js570lkcs6t3pwsj3eda0zz43mc5gm922ae5rdxcfn84gu5uyrg,ASSET,19,2021-09-10 16:19:42,ddf24e395c38d0274ac59cb985f7be0db56f434e7cfd2bdd8e4482d09a30f3d0,3,2,-1,reduced
pool140j5dhrhhvpa259wa6wmnqzt8ha872mqa7hg92u8v4e2ym8t9hx,,10,2021-09-10 08:02:44,8a5ce9a2f22c4e33fe9306d3f3be25e1bf62881e5464f90d9f6fe2d83981ef9d,1,2,1,added
pool189elcklfyhaczaasjdyrrxmhaeepg6avn9gxjte78ntny5fqdl7,AIOA,5,2021-09-10 01:48:06,f4dd28db55960f332e921c10cb683dc349905234c9dda4f96b7b84ae56cdcaa7,3,2,-1,reduced
pool16azs8wsv28h54zleuvr7hq2tuecsqa5kuzj2rgpxxjxfc0k06el,,4,2021-09-09 19:12:20,1add8822010fa0916c82475545bcdeb2e5598e3e45b14811d64a5045fa101c52,2,1,-1,reduced
pool1rhq7qyw4y2s80gstyevm6rhz2lsdsrcstawunxx5eld8csvuvlu,ART,6,2021-09-09 13:04:07,84e7646a068e6c8b2d7e47cb62c298b8954c06ef3079ec0031ba0309ce2feb0e,1,3,2,added
pool17s3mr9c4ejjfq20dz0ls9ggskc770kt267s9xmw93payzdswwgg,FIKA,5,2021-09-09 12:10:42,9b894daf8b6884323092908a8c0a94a01d5b221d9b76ecb1d1ba5be1a627f7d2,1,3,2,added
pool16r0t5fwwnehltxhh7wfstl8rwvjpz4npdn0s5jd36j0ysflw7ef,NANI,6,2021-09-09 11:42:58,a6fcee11a16e58d5404a0da1b54ff7bfcec6dfc607eb9d2acbb3820ce3271b60,1,3,2,added
pool1lr9vvcf5r5jgkgv5ly7z2lh068ymzg4xmqk5f8pu2k23vt25x7a,HYGGE,17,2021-09-09 11:41:39,d2de28a8f6dc4a4f15eba4547db4d7ca6f019b46ad7280c56265759ff0b196e8,1,3,2,added
pool1tg90tjqwmpzkkxpvs8nrl3383g9numsp380rzsmnp6d2jv525le,TATEK,11,2021-09-09 11:22:09,ac4a3d0081d10507560b84ac76f07ff525935a8efcbaf230ae6ff9251676edc4,2,4,2,added
pool1jp3wtdhgpeu6qf53upw5rupaqwtl7pzvcuuyyn0f8u3xgx5755y,MARTE,8,2021-09-09 08:22:24,7858bb4025636b647622aa573f9da7e7ffe131c09187abeba16cc55132cae4d7,1,2,1,added
pool1y3s9nkynwf9kcw5lus6w6mtarzwa8sxz9v6h5vda89fuwvy00g5,0PCT2,9,2021-09-09 07:23:19,a3b62e823950c01876f48ae969f3dbfb089c27421cc1bd3b92c2194c3a37a612,3,4,1,added
pool1w6vj437xqhlkasuhc2td09jd6vfem5e03nhhpn7yqxfkzrkamch,WINE,6,2021-09-09 00:58:25,17b246f94c8fce965dd11e9b38c4d720bc086a22cc11a5c35fb3b6377ab271e2,1,3,2,added
pool1heks0vmxkfka2amg9c8yn8qdsxvgmzelfx6jhpfkj8ht5mn0r2m,ADA,39,2021-09-09 00:48:34,da416a03aaec8b6de8da702e76f9feac7409b256aed18e0906a5a56d8d1eca2a,14,16,2,added
pool1dqlgn7smehsnj5ztz8almy2036lfhrdjv79nmg9tmje0zzt620h,POA,15,2021-09-09 00:12:57,5fc1ed41629687b002eb1afacd902885dba0c6c2a2fe9121bfc75b800af0a29b,2,4,2,added
pool1sq7pf76nn7wx40g3hufdwc9g5x8eu0x8un0gkjhz9rwhjcyfsrn,,5,2021-09-08 15:29:41,d5edcce8ec9af41a20ce254c00ab3cc221a1fed4ff6330b2e86197afc492277e,2,3,1,added
pool125mzd9dmxlkvg0g3fuwl96rxd4jmzha77d9evnetldzl66lvpvz,,9,2021-09-08 15:22:21,8fab6b22450e6c1a913c4500e5e09f1ce6bc55faf55abc12ef7cad7525af6a7a,1,2,1,added
pool1nlv8mxyx5juqe5aua9tplr5j9ar4wy950zlya3ul94wkgqmf9z0,,4,2021-09-08 15:19:37,bff67f55b969899ab91ae865750ae34f7b67758b886fbda7c037811ab4cff18d,2,1,-1,reduced
pool1rgg3n2j0e7xmsk9cymtuhzva44y7ap2mmjf4r7gvdaqcu629hs4,,2,2021-09-08 14:16:17,4fe599c5dda8bf761ac5414fdb4c49aa5038c11935f656f038b6ada845c2ea5e,1,2,1,added
pool1mchqp2fr7mwsz6jrpplxpr0ekmwafev8arl57wwxfck5x0dwv60,,9,2021-09-08 09:39:00,1a06567289280d66e13ee1862445ecc2e5607d7d9d798b7ff2f639fdea90b180,3,4,1,added
pool10q33p4hx4wqum6thmglw7z5l2vaay4w6m5cdq8fnurw7vjdppcf,SPKL,17,2021-09-08 01:57:58,2cbe427b4b6f477f6c6c0d960a94d8ccff3c8cd91d2827c44118caefb865ed00,1,2,1,added
pool1ey97shazvk483tzqsvda6hvh8z0kld4g5ssxanrgetddgcf2mns,INV,4,2021-09-07 23:16:39,a6897de316d003f1c0bc7be297fb50e8ef5d5f83d4c19446b3f16e78ce3e251f,1,2,1,added
pool15jkpn2jewgensrnulsm0kqtj58nauvgng0qvy2ux47jdwncsw9s,MERCY,8,2021-09-07 21:04:08,a30462129cbfa3db472fa288be366f420e6a4995de17822622289e2e15205914,1,2,1,added
pool1xj5f7a79lnc9v0gjn00fkf2lyzexngka59tpcew5rrkyqveagpt,GREEN,8,2021-09-07 18:45:03,35334be3583eee47ece1a3b79ab889d6bd4e5434365327d8845cb541e3f44422,1,3,2,added
pool1vzpakzvtx46t7kpla6pus7wpnskeprdlrxc3snf897tryuzfh4v,LHS,2,2021-09-07 14:19:12,df85895a1b2e0ebaf6be27738dd222548d7c3b863ed062373cfac6769ee585c9,1,2,1,added
pool1x9ar8wy7ljw83ppe6y9p6h2yskrmf5dfa0td36ypk6vtgqzwqh7,,8,2021-09-07 12:10:45,b412f536ca5c7f7f80c299cafd05cda75926760c7e75fd0677abdc580dd88d3b,3,4,1,added
pool1hmtm4mukp5gs7fgrp0k997lveh4psq9qpeqa6ldugq9nsfcdxmp,ADALY,4,2021-09-06 21:40:48,b91cbbbe1c6cbc36e68308b8adfdc0dc7661468d1be5ca07222347d076ab41d7,1,2,1,added
pool1wt0pf4u2xktp0f7apveu242w6nkm4ltk3m8g039lvuhwq4zdtf3,ECO,23,2021-09-06 21:24:10,2b4f6a2f2ac5b8b75a3b7b964d0d2994b8f60473a7868a1ce12153d4c3fa8711,2,3,1,added
pool12tvj2j05hh6gtsvw349vuesyn0zphh75u7vadh5rkjs566s2ty5,,3,2021-09-06 20:37:05,9f17a1521e9734d908ba18c5ed86b8edffffd5e968bd563db42e40be9429bac3,2,3,1,added
pool1gyf5nm2d4le3l6uh4j8340xugfc5zyn7u32j4hpk4vhusvtqq2n,,8,2021-09-06 19:52:25,f040dee6db46ed97cb6a178bfcb584eebdb88347029235d7a854388dbc27ab7e,1,2,1,added
pool1gyf5nm2d4le3l6uh4j8340xugfc5zyn7u32j4hpk4vhusvtqq2n,,7,2021-09-06 19:38:08,ed171e8c19aab116ad82a5d1285c9186ec970ad45ce06a2c4055448868e70030,2,1,-1,reduced
pool1esnguwymrxrtpqu33hxtqssywwqdfa9hyak8jwk2pd3s5qhytda,,6,2021-09-06 14:29:13,c51bb0232592a93ac15a3ef470f9b68995fe08a72330156f46c0244b8c6edd6d,1,2,1,added
pool15lp37f7da0guj662jcxy0eyc49s5gxudcd93j8qz4nfcvuhrsf9,SCV01,9,2021-09-06 14:02:51,cac99cbb19c12791dd69b7a2d05769a0c251b8487eee03db5db340f54e13a407,1,2,1,added
pool1n6qqnvjfzskcq9zdld5pnp8q3ktd28pqsh5tkmvarqcayr76puv,,56,2021-09-06 05:52:36,f713978525bc72b004acc379766462ec19d316515f5b53463761a00b5db4f5f0,1,2,1,added
pool1qa6lqyu67ghpa0evxfu9nzqkj3h82qpfku82ec79zdwru4pd25m,CNODE,5,2021-09-06 04:27:02,d171623a8cd73b33017dee30b357205419871aa9640573b5543756f7eb3fa939,5,6,1,added
pool1l4gza884cpv5868j2rjfvxmg795u0p4sgsf5cer4nv88k8gu6wv,HORSE,10,2021-09-06 00:14:30,e3b7f547bd7f60ab24c651361c5fcbb0d256945f39e9336b54cdc998e3c4983a,6,1,-5,reduced
pool1fv9f8phzn7hp623ypw6ctf73a98hd7nrh8wm7glpcuhf64856g2,GNP1,9,2021-09-05 20:26:16,309b8a0207f2702d997c17926cee9d6125ca98e1c348ee59b716b12adb409588,2,3,1,added
pool1fd8qnudvhz2hanlccdsfrwdxmmwwfryalrmy6a6y62cgqfx3ujz,MOST,8,2021-09-05 18:21:50,307c82639f1f80191bafd76fdb9268ddc43fff7d33a83edec11f49625fbdda81,4,3,-1,reduced
pool1g6rm3p7695z7xfhp629hcsj09njun2fnsz03pjrshw8rgs7pluc,,31,2021-09-05 15:23:35,3382bbde2719df33ee3d750ab73727a951754258807e545c5921b4070870457a,11,5,-6,reduced
pool1h0v99elmvl50rqk778ue6g49r3mtgq3z4draq6pzy0nqv000frd,OMEN,14,2021-09-05 08:13:28,5cdbe8ed7f6643b10ffe9cd95a98ede837cf814008c03415478190d8d046404e,2,1,-1,reduced
pool1aasrxs9vpr97rjlqqwpp5gnju9tp9dgtsmqqvmsy8hryuuepvra,NEP,15,2021-09-05 07:12:04,a1d113665398458539284a84a3dc9d741beda6ff0af4b2ec9f0da7a3ab974603,3,4,1,added
pool1u4p03p6eextu3ge40f2za7lspjz5qkaw5lmqq6emx3qkqq6yjvr,,11,2021-09-05 02:18:55,2a1117791501a02f052dd27984eedf5a92991125b6382ef29efdcdcf7527c501,2,3,1,added
pool1wnshjhwqv9j7fgd4tkynpsqr0xczns4pghljy5j4z4qjj7qy4d4,GXY,10,2021-09-04 21:22:47,2bfd416ddb65c78875c37d41f47d46b8e17509730d7ce227826991f15dd460ea,2,4,2,added
pool1v99msed3jqh4fd2qyzdn0t2qfmh3mv2cnfweatl85mdhz6l0ewc,SUNO,8,2021-09-04 20:34:33,21620fefd3773cfb3457442c6b00b7aa7d1e96a979d9c36cbb3656d2dd00f21a,2,4,2,added
pool153dhk7t4yxagany2dyglnenh3h9hgunnjjr2magfuf3hqgdphc3,,2,2021-09-04 18:15:47,cc558d0a15908f084695c459e44057363f5b636840e3f7253043109fd0eba472,1,2,1,added
pool1tlgwdlde3v5aq3vlm7pk8l37tydmjjhucsf0g84xwjtwvwfsmhm,FIONE,2,2021-09-04 16:04:10,9165eb8dc05fb81651b4d6b3614c825c569697f853a9fafb579b257d82075611,1,2,1,added
pool12nqsj7f8g5veavcu7xz6h95h95pugkn6nje8c2hl3ulm7m9zu5u,SANDA,2,2021-09-04 14:44:06,56fd0805ca1e338f325f107717148ce29edfd19e9d8171d425141ba44e364557,0,2,2,added
pool1ksh2u6kktx74ugv8jadrdqttwyjz9074ke82xt6j0qgfvdn43a5,MILKY,13,2021-09-04 14:02:57,fec7b7c618395d53eb472fb5d420e1a9b25b674c8464c6d30e8df7dd58bd0f76,5,4,-1,reduced
pool1qgm942xc95w8f6qsx2vd35ghsqsyy3v88p6cdmahx5wmwjscahf,SHOW,2,2021-09-04 13:53:10,7aaf7a2c3d4fbd57616d770ca3c95644c2465782f602c93ad6fdac4467f678c4,1,2,1,added
pool1v4xevkf7fx08pzy7atsk59dds6p0sdyl6xmhwf4mh79x6l5p6kx,DIVY,24,2021-09-04 13:19:32,d1ae83771ecd63f237c5cb8146a2c77eddf8c8b804e37daae90fef859962740b,2,4,2,added
pool1z8z759nqgd2lu5yzw2pxhkaq9tq3s43t2t4kk3umme6cc50zj3d,,11,2021-09-04 10:29:50,109c40887807f804be6a869c91d79f7931b2b9b9bf6ccada175b66996a79197a,2,1,-1,reduced
pool1duc76uxej6d97gjgdwxqy8lan2k9dxa5x5dqgrjwncfyj5p24ar,STACA,2,2021-09-04 06:40:17,678479557ba296ffa1c22c0306112c77ec0eda3d907c5c68f6ce3a7e6852e612,1,2,1,added
pool1xtevc3n3cm27lxa58egkklnkf3kn8je5g5p2czseghlhvcrja93,,3,2021-09-03 12:44:44,9bb950d182277ec97477fbf24597e668d2b7c14f9d110ef70f993dbabd4310af,1,2,1,added
pool1a6ysvnx24xsjh2f6ehgmx7yu9q45fd7lsk88v2swxkek7pkxtgp,VIVI,72,2021-09-03 04:33:25,dcafcec87532fc6ea30336239af650d3b22102b9b2bb9a0983b321ae2e049cad,1,2,1,added
pool1nqm7rm98j5z027kdfcf09kunacz2w672xzx2ucdxacs954r5dul,SANTO,12,2021-09-02 21:26:36,53e35271341ff9e1d9d58c3248b2cbaa1b6fc0e5c92b6cbcae9a1be3f5f2e1b3,1,2,1,added
pool1nqm7rm98j5z027kdfcf09kunacz2w672xzx2ucdxacs954r5dul,SANTO,10,2021-09-02 18:41:02,f53afe02aa5fdf4523fb90860ca3f2a8ebce24758d7097419f3d6e6f986d8b6c,2,1,-1,reduced
pool1t847w2hfv33qrra7q33nzq8epvcxv6ydshcq7w7j23c87xv2c2k,CAPO,11,2021-09-02 17:36:30,66ceda9ddfce377f3b1f026c5e08192c043329063c19dc15b6631e1b3a08ad24,3,2,-1,reduced
pool1q5h54ekx7wwqpfz78y8dppyl6uv7rpyvvr8nhf4es434un4mpx3,BHMT,11,2021-09-02 16:22:58,b84062cef389c1235c70e4ae3b9256d6209b715dbe8249f9b298af073aa75db5,1,2,1,added
pool1vz59e00250xfjck8qd04kns89j56430wjzpdf37zfjnnyxttm37,,2,2021-09-02 15:23:08,973dcc5273758bbdce213b0e949dffed6d372d076c1fdb4f596a2f6c4d12cba2,2,1,-1,reduced
pool140j5dhrhhvpa259wa6wmnqzt8ha872mqa7hg92u8v4e2ym8t9hx,,9,2021-09-02 15:14:13,334156a1bcee47c4d8d3ae117518b087854a868eb7208f905076eaf39e602327,2,1,-1,reduced
pool1ne8v4lea43wyca22jm9djcd5qju74dyh4ljr2utqhvsuwz9wf4e,CIA,6,2021-09-02 14:07:22,b5b0dfc60f40077ba4d9ecdbcdc357327094e16243c105642520b6b6c8d9e758,1,2,1,added
pool1t847w2hfv33qrra7q33nzq8epvcxv6ydshcq7w7j23c87xv2c2k,CAPO,10,2021-09-02 13:20:17,d449197a1109299a98ae379e04cc7902517025c67680f33c938b38c2df0e90c8,2,3,1,added
pool1gl90juvqt674dhvr06f6vtth8uarhglx3q6cj3y3q0vdsy5ujsc,,2,2021-09-02 12:01:52,54d722ff3e091194ec80b88f73dd5ecb2b13338369020e7f3128b59a28dd968d,2,1,-1,reduced
pool15pmdr6nw3g6mmt7regefp2lrx3njah0gpwsnqm794c4wsr23062,METAX,8,2021-09-02 11:16:21,9a878a7ed83d6d680ad4666d81cbab1dfbc8eca79c0359f12dc99ebcdb9b72c7,1,6,5,added
pool1jdeg5kn8m77t873vufp9hty99fl0f3huvf8uzylk2ydz50l6a22,RETRO,14,2021-09-02 06:10:51,fa155c85299644f30ae3898b815cb071b99ecc42d284eb5cc81f187537ba0120,3,2,-1,reduced
pool12vyqstpuv48tgs2ygf57npl6phzscrfll46lyq6tw4l4xknp54k,,4,2021-09-01 22:22:58,489dc0fbc5973acc728bfaefe8315f2add92a626d002c3743bd6b9fbb585681e,1,2,1,added
pool1kffetqjt06qvk4995tz3e3q9h3c8cdq9eedrz8qr3ynnc63qckz,LUNA,7,2021-09-01 19:20:55,69558d3c496d81ea1bd9cca6baeec1fd275075dfea63fcf2f8803c5d46482202,2,3,1,added
pool1nz5gv6s4erxdmzq2yuxrqzlazyw8mmev6qzc8uwyhr93zcylpxh,,3,2021-09-01 16:44:16,76a203c332f9672a2fb2a4bdc314ee91b3137be9756054c0ea277b3158b3bfed,1,2,1,added
pool1a6ysvnx24xsjh2f6ehgmx7yu9q45fd7lsk88v2swxkek7pkxtgp,VIVI,70,2021-09-01 04:52:26,435d866ff06a6b353597e18af8db1680726620475965d016a270f10571776d84,2,1,-1,reduced
pool19a88drt8dx3wu29e85vcl96wjsjt9vlnlj5tr4ydjqq86sfa84w,,16,2021-08-31 23:07:33,588f284796e703cb0b2b8f91a8d75d29a611eb2d07acf616a61bca507d677b1c,2,3,1,added
pool1zytydvyy3qztrs8l2xyggvkfcjctp23m2hc3aj7sudnzgny79cg,PSYA,6,2021-08-31 19:38:57,91a6896d8da02a110486d5d099eef297ccd2d37b7d3a2f768bc7638d60a3f4e0,3,2,-1,reduced
pool1eh6msmm3v7fs90lapzem3lkpl4sn2dgtz4hfvnfmqqtxya3k8yh,ARGT,4,2021-08-31 18:40:33,881ce5a280a93dc4f149dcbde3ee46603b5208b15d9eed99bd49cb78606fc305,1,2,1,added
pool140j5dhrhhvpa259wa6wmnqzt8ha872mqa7hg92u8v4e2ym8t9hx,,8,2021-08-31 16:31:22,6b58ba7e54e957ab7ab8f15220716242229db7ee117d8c848521c0916a73f1cb,3,2,-1,reduced
pool1r2g9wv7jyt7haygrmrc2tst2m8m9ssrr3c690ffp49uhywhvmdl,CRFN,3,2021-08-31 10:11:23,18e734188683ba05d50ea08c20f870ddcd2c814f4e39611945e69a54c5afd8d1,1,2,1,added
pool177fdptmzxyncd0k5xut6gvq0cu30e0s9ffsl5ch9uxp7xnev57d,,6,2021-08-30 19:12:21,c836459be77677c0f238f2b9d8804ef581ac6d9ddb24a1b336e543e919afcc4a,4,2,-2,reduced
pool1wvhd4nf6mar2x0zaek2te6lqkrckk9mxtjctezy878a3zprru7s,AD247,14,2021-08-30 17:13:07,7a577a4d1e140ce0046d2babb0c98e02e33d1339bb9ebb692a709e6bc9ebc4d4,2,1,-1,reduced
pool1xs0xknp362he7dwm09yrtc3wywz468yyxk2cy3md04jjst7fcnk,,5,2021-08-30 16:45:55,ab5560c5b255c79e62c4d433fc2a9cf66e767875c71e1aa681d61ac0c36675ed,5,3,-2,reduced
pool1jrn3nlmzt4r99fh5z450nnwqerwljzn426ffknfs9x8gcqgffst,,2,2021-08-30 15:33:32,b589188edf34803d42505bd868f834989fcbaae2813af7e42de58d96082475c8,1,2,1,added
pool1rcd7qslz3xnpnk9u6tcwegy5r2574uf8suqu24ptg637jha3sr5,NINI,9,2021-08-30 09:41:25,9b4061cf9c2461814cdc87c9bef085ee64c349dc1f65c52cc85a9169679aa693,1,2,1,added
pool19at4pzt6ghethuls7ehr0v5x65cg7mj0zun79eenefa074yfcz8,,10,2021-08-29 16:12:04,07ed0c9c68e77f52b77b32a37968eefc6544a5e457cb177fadd86f95606f6f56,3,2,-1,reduced
pool1l36xrzcwh9pqtlgmea66cqv0z6z2lvgse3nce50xajcnqzyuwg9,,23,2021-08-29 15:28:26,02101fbf9b3fcf834b54027c8bbc0e0f3140e41dec153020e922107a2bc3e7fa,3,2,-1,reduced
pool1efy92dh3zsmgu8xsm6t6vsg63ca2da634w0aa9vynrx2k83988u,,7,2021-08-29 11:45:20,71a1107a882b9113202e5e8a71c6c0fbe990775470607009ffc3d9fccf7cee68,2,0,-2,removed_all
pool1ufh42ppqnet625mqql2fkc79p3emuqsnmf6s6ugxygqa75xgc8c,NEMO,3,2021-08-29 08:50:25,c73c580719fd4d6734bf869b38d8d480761781cb0f1237401a1388f37e274dd7,1,2,1,added
pool1xs0xknp362he7dwm09yrtc3wywz468yyxk2cy3md04jjst7fcnk,,4,2021-08-29 05:12:25,9926700556ee6985c10549fc5ae83909cad9e32f1f5bacb6235a554811aba98c,2,5,3,added
pool189elcklfyhaczaasjdyrrxmhaeepg6avn9gxjte78ntny5fqdl7,AIOA,3,2021-08-28 20:01:55,6237511f2f35bcb7e0e3310e7b1e225ad2e961a72cb57c9e4c083b52f6a7ce23,2,3,1,added
pool1030vz0wxheg0dvarr8hmeavelpszmp52qucs68c7wc9uga6n6e4,ROMER,4,2021-08-28 16:37:16,22b15d0675a6c42efbb319ba2f312fbd790edadf77fab25bf1c9150aea0dbbfc,1,2,1,added
pool18wvcp69ju0qtx63c2qwjz3djvf2nxgwyx5e4a5vt9r84gpnuhjt,,8,2021-08-28 10:15:55,6d5744d25808e2ea5d2f3e8de51aca6ba82d4fb94a71e89dfaa729ef1b3d6552,6,2,-4,reduced
pool17dag45ldepvckqdxvvppwdy4w8qczsz0awtutqyj2pzashn3ds2,,7,2021-08-28 08:45:26,93dcd096b1750d1594ca8a33e04c3cd9dc11a91ef80110739641e373c5f4636b,3,2,-1,reduced
pool10mf43thtl3keag50mrlvqa78xkwg7harmu4w5yzr3k7jvw0ap43,JORGE,11,2021-08-27 21:05:36,4c7edf9cbc2e34d9a9025b1d141aae49dfd5fb2d3169a9a069523fa130464358,3,2,-1,reduced
pool1kxfvv8e8u9crfgy3fp89hlchehutrjq9wv7hax7dxs3lsjuw9kc,,7,2021-08-27 05:34:47,5e735900d8e3cd9ff7d17944bdc7de8cdc054587d715758ceb97c43c1ff2966b,2,1,-1,reduced
pool18ffq94mvagkvrlqtaz87xdvft66gcfdad2e05ngrwy7gge48tc4,,2,2021-08-26 18:09:23,ba8594826b87a8671f78dc7350d3f65795ed82868eaec606c9634ef3b8435e17,1,2,1,added
pool16v0jqnz2zuqsdrf6z94ec5rx9ds0xeghsvmddauzt6j5w2u7lsm,IBEX,7,2021-08-26 02:41:10,61ff8a81fdc3d85ddf8572de389bc04792e68ab01811279458c6e572366298b2,1,2,1,added
pool189elcklfyhaczaasjdyrrxmhaeepg6avn9gxjte78ntny5fqdl7,AIOA,2,2021-08-26 00:07:15,9a79e16aa778b0a1f544c42108904252de8d8b1b3eac74279147b83d208cbd7b,1,2,1,added
pool19xyfanyp28j6j07dxgwdjp0wur6seqmyyu64qgzstzl7s47pvpj,VLHLA,3,2021-08-25 12:20:33,263d0ad45e0ae616538ff2e500926133616f02beccfd2c938137c025f64c9658,1,2,1,added
pool1vl0hlf4jecm3rk0vcc9mtpu5us2cv7hzlz396cgs8crc5df43mn,NUT1,3,2021-08-25 03:52:31,6d88f92ab375f963683aebd09aa4abb70cde1b6d2bb7b3ddd3145457593f0ac0,3,2,-1,reduced
pool1h0v99elmvl50rqk778ue6g49r3mtgq3z4draq6pzy0nqv000frd,OMEN,12,2021-08-24 17:34:22,891ee18e2042e07d1a99cc34a24893b234c71702eca5970beacd6df280bf924b,1,2,1,added
pool1g3vqq9cj30cmp4e57y3jpqzuj2hl72twp5qdlh2v89ejk4vnazs,VNA,3,2021-08-24 14:03:41,da91fe4fb08f69819130c1df25f326646f7f1f4a26d093f6e850b1abeec1e5a5,1,2,1,added
pool1wuwn88wa9yxk6jygatjpmslzdletkyc5838l34akc6yysq44ms9,,5,2021-08-24 13:25:42,a0eb20ee821022c8348ef4690a9f3a98d21e7c42cad3a2493f56cd83eb8d8fa7,1,2,1,added
pool15lp37f7da0guj662jcxy0eyc49s5gxudcd93j8qz4nfcvuhrsf9,SCV01,8,2021-08-24 09:51:27,29eca656b93a19b846eca52225ab207817fa7893ef3ffe727ed1984f65b43580,2,1,-1,reduced
pool16p7t60zfvdda4l47khsd9jwwszysxxed50lxxg76lzuyvqg26nm,WADA3,3,2021-08-24 09:39:53,753add23407a9e1978720aac50e91ca70f008e7bc292fb4795469e29f5d2a785,3,2,-1,reduced
pool1zeya2r53sxmqh2ux3ssfsrqerergnw2hjxmp63r83ntwverpqwm,NICE,6,2021-08-24 08:34:00,b13265a7551d63a34ffcd67d919c49310b1135f2a86e5a3a9ad345cf80a946d5,1,2,1,added
pool132wlg2axv5elynquuwt40tc2av9pl0583axmvu4hwch9unh29y3,WADA2,5,2021-08-24 07:30:46,63a37fa1daf3d4fcb74ca1ac74d6b2af0ea17830513ef95ccd05e4444d5473cd,3,2,-1,reduced
pool1y44fkeps7ftnnf495a7grfrwtt7hxcntaenyzu4x4vah5cud0mt,,12,2021-08-24 06:49:28,0fa5a5f333fe438170d3973538d57df8fde732de6567bd050829a9161f692c4e,4,3,-1,reduced
pool1m7hcz7w6d2lk8ma8gm7x9hv5jfdq8u9384m6q462pjntsgfr982,,9,2021-08-23 19:59:16,37a472c7c0040aa873a91931bffaece723bb8e71a34d5500d83c2a691b9c4d25,2,3,1,added
pool15zms2hm7rqffqcdm2kzkv7kz02w6j0kzkhyvn0c4dfctjaaqggt,,14,2021-08-23 13:45:39,de44e7714c015ef01b0bcb2d36f5db386a11a444604eb72697ca062cd9225092,5,3,-2,reduced
pool1t0jheek3yftf0a9dgzgr2hc2wttwrcjyd5whdrek4ggcc5famre,POND,9,2021-08-23 07:57:07,c403a5a14dc7cc4fc7ccf81c708b699cb62eb4a57959a902c1ac8094488eec84,3,5,2,added
pool1q0memmdw4ktr88fkma53tqgkaqeq3wfc476le59rped4cu8tn4h,JOEY,6,2021-08-23 03:21:57,b5d87177f890f8b7351d3491fa014f14bfeafeb0c7389d2de3b0f899291e690b,4,3,-1,reduced
pool12n6lycv28kjtkzecfz2a3uujyxy6ewuwjcmjq84my67psqmgagv,MANT,39,2021-08-22 23:57:40,dbe89ce4fd718f5fd8a1aaa44e6662f7aab812248794c4a401f6818f7a830351,2,4,2,added
pool12hh4dvqyxhlv3lu9mkyvpnskma642fj3zv3s8xlau42ak9m60hf,MANT,15,2021-08-22 23:44:38,43402b7feed832c914bdc2797fc233a9a50cc806cf4ead0f8d6a15222193f62d,2,4,2,added
pool15z87p296y3m7eq8pwuu8qs6h2v4d2ctnx3yd2vqpl6txkkdvl5h,MUEN,7,2021-08-22 04:43:48,bb7f266befa51258a9581975a8cd0340c970bd4fe5657cf2db91ea1438550fd2,2,1,-1,reduced
pool17cqy0mkm7p3ufv9k3h37w040x08cx6je23y6jrkgmts3x9g78tu,LOTTO,3,2021-08-22 04:02:26,2e0832c302c37dad016c120693462778ceecca865953bae78bc939e337bca2eb,1,2,1,added
pool1xxfkkvtk2nekehjeunpr5p9e9ejktwxetunpka8ffjpr7amg45v,,5,2021-08-21 19:59:39,5d63b6ce6888eb8c635e62e499e6ef50ecbf8bdb6866e4c7cb5398019d1648b6,1,2,1,added
pool1xyx655q6ch4d99fuewwtkdwjx5tvfr0rzqvmwehm2cpzj7e2wgl,PARIS,17,2021-08-21 17:45:35,567d33db77019145e2cd9d89b0dc4e17d3aec53fb40590632ba1576f1728f1d4,6,7,1,added
pool1hty4gkjyf0rgdzvxjwfpf3406d6s9xc56gksx2u9lxsz6yyeswm,DURIA,5,2021-08-21 07:09:27,eb68ac51737def4004ce814805835db9cb12d1517f9c84b1d55b1c6c8f4f28e2,1,2,1,added
pool19ccud9eawdghzqg8425g8upxqws9r64f35f3cvv3vpxdcl879cn,,2,2021-08-21 01:11:43,54c0cab5d7d42675daf7914be539ae01c8b53b611aec4d0fb0760aa9b4e961d0,0,1,1,added
pool14ecpt42vvd8eytuqpkvqq55u83dqqu2g4wwhj2kylue6utptm63,,10,2021-08-20 16:51:18,2f674b1aeb562e89e0019a0627c22b1c666931b433c7fe8b9ca0489001453212,5,3,-2,reduced
pool10dyxr6rscva9k3x9zcu70zda2ln0gtyf3g8h7j02pzzwz8e5ddm,INADA,2,2021-08-20 16:11:33,35e3e177d64d6d36ebce7b170bdaa55c0b2642383b2a88737ee01c21ca98aabd,1,2,1,added
pool13zkcgp7se22046p9gczt98au93dw85q2g7m3zany4kzf66y46x0,TERO,12,2021-08-20 12:16:49,908a9c269468dd83ff313f65a6101b33c80dd86000328e98e22fb09b42d0c86f,3,2,-1,reduced
pool13zkcgp7se22046p9gczt98au93dw85q2g7m3zany4kzf66y46x0,TERO,11,2021-08-20 04:37:23,dbd97609a267f607dbf31b629f1958869c20373c198c3b1bbea3443b47694733,1,3,2,added
pool13zkcgp7se22046p9gczt98au93dw85q2g7m3zany4kzf66y46x0,TERO,10,2021-08-20 04:30:54,7cfbb96df996802e6409baa7977adeecb99f2f4973dbaf571a2caf25c7a01236,2,1,-1,reduced
pool1p7mhtnmcst29u7ws7d70lhugg4udywmhdgggy4km0dnnga0tymr,,3,2021-08-20 02:45:28,5e3a16efc71086094d0642477a1dae3668ea7b0616bd2d914ebaae387a13fcb8,1,3,2,added
pool1q9kwa675j2z53jecrs6pn3fqsc9ypxrsypu5dgu6hammqkagy22,TIGER,10,2021-08-20 02:36:20,5ea6aead68ecebc4678981e64b34571c92cae4b0e350efda65f7bfcaff6fd0bc,1,3,2,added
pool1x8z226hvsvw6l80f5qu0j6qlqustjcudna30pvk54tgqwd8lche,EVT,8,2021-08-20 00:02:24,bfba3e3be9c663060483f2ae19c5ba87943ff993ba643cf36a6f16b2b7134c6c,1,2,1,added
pool1gk2kmn8vx7z73rmmfg47pxm03cj6m5v06qqjtgeum95nz5hn8tl,FIGHT,4,2021-08-19 07:47:46,b139ccde0446d81d9dba73082e2a61dd5aad065eadc9ccbd59953b8cc36e329a,1,2,1,added
pool1tjp3sxlh2v5eeh67utm9flrgan32m4ynem7qdmkrfqanjcgut2e,A180,17,2021-08-19 01:33:00,54b4e730baadb644f03ed9d6d0a87eba1bf7b0d732a4dd0becadf1ec8f260fc5,1,2,1,added
pool1wfmschvahufqva4x9y7ey87hamhy23qfvgxrlkm8rfq95vgl4uc,,5,2021-08-17 22:20:06,dbd073db0b2c8d41d4f81d6ecaea47689a98289ac8073cd86a2be3aa664f099c,2,1,-1,reduced
pool1mxv85lq4lvuqx8r83lmwlvqhtnu3qjy0lldhsv83rfnj5ed7vyg,,5,2021-08-17 20:58:08,1948efe2a8bc1eb2c0981a2564172417b4f80afa23a6850d27b1b22ea68f13de,1,2,1,added
pool19ut4284xy9p82dd0cglzxweddfqw73yennkjk6mmp650chnr6lz,ELEMT,9,2021-08-17 02:00:36,c8dd60d7722a5551ae37b1cb7109f6661ade81a23f01dec8506d596eb23b8e13,2,1,-1,reduced
pool1rcg65q6m4y2w49n0nvj570xfa3hsyarm5tjnnumy4xm3sw0d6lu,,2,2021-08-16 20:23:41,b2e4f9b18a66d120b4b6692795aeb1e610fe7082f663547e043ba2e041e5d7a4,1,2,1,added
pool1u9ptvg0l9lzypt6dxlyhn7phclu7jgx0j285zyu9y2n2gldazj5,NUFIK,5,2021-08-16 14:59:19,426915138bbdf1d43feef8a985ae15551fa281b0309bd7481a5594cbe3ed2348,2,1,-1,reduced
pool1s54847dyrcpgxjvsjvhjjqjrkz3x6vevy77xaqje5nugxhp6j2g,,5,2021-08-16 07:38:54,3d2255e14a97fdbef729fa184d742022966e12dcf500671f1a8d3dc9d5292cdf,3,2,-1,reduced
pool18aklqwussc7j6y9nap8vxst4ht8s6sv76ge9799rzv3lcrau7yg,,2,2021-08-16 06:44:03,b8467ce2e3ba18fd0f20afae83e68755523b5acfb761b71e120bf60c3c265dd5,2,1,-1,reduced
pool16ajaae2n5lsyr4f9k9uz5y8tpf0996tw640dzu7chwp2wdrnz6a,BLADE,7,2021-08-16 05:22:48,1c8dad42fac844891c86bfebecc9bdf3c8dcc6b85ab2e1ab18c9622d1299fe92,1,2,1,added
pool1s54847dyrcpgxjvsjvhjjqjrkz3x6vevy77xaqje5nugxhp6j2g,,4,2021-08-15 07:25:33,3b39c54da0c2baf0c9971b124a4f23b9478656c672d63e0884d172b8861f7b12,2,3,1,added
pool1e603j2p4q346w8knqt2a8c96n8t9l5u4qdrv4kk50qvpgvh8hax,,3,2021-08-14 22:54:36,d842870b727653699e41a92147bb5f40c6f15c1157782fd01673a89c80a1f4a9,2,3,1,added
pool17edtg9kt83mpguyh87u6ju2fkgjta4jjmmyzj9n8tsf4uwalg7h,,6,2021-08-14 15:17:54,3914795d85d5dfcc9af3ddd5b95d8c81ef14466123d93f20be1e9e363bf36047,3,2,-1,reduced
pool18wvcp69ju0qtx63c2qwjz3djvf2nxgwyx5e4a5vt9r84gpnuhjt,,5,2021-08-14 11:34:36,1ae90810bbcbcbcdd3554642d51ea32cfa1a12d87fe8315a00480ec91c11b933,4,6,2,added
pool19at4pzt6ghethuls7ehr0v5x65cg7mj0zun79eenefa074yfcz8,,6,2021-08-13 21:04:15,9d6e914f9e921b447b837d1d3793ef7081549202cbd482c8d624662dd1210074,2,3,1,added
pool14ecpt42vvd8eytuqpkvqq55u83dqqu2g4wwhj2kylue6utptm63,,9,2021-08-13 20:19:53,caab4d3e588e0268cf6b00fd29154745e65f8b0e3254833b0739339c0b85d8b2,6,5,-1,reduced
pool1k99yncea8tq9pfeks3yymyj6fwjf4apx0s490j09m4y66vtyufr,PUMP,8,2021-08-13 17:13:31,bf52aa77966e3331680a24798034cd0adf387acad4e77707e388684c399cd34e,3,2,-1,reduced
pool1c5lxn8j87vhvc5rgtgytzzy9ujfyslh55lccr5r25ceyjxfdxav,WSB,4,2021-08-13 16:50:07,436b80060568700433b6262ef0d6b72b89813309cc5c48283c10cbd72e472661,3,2,-1,reduced
pool14ecpt42vvd8eytuqpkvqq55u83dqqu2g4wwhj2kylue6utptm63,,8,2021-08-13 16:22:24,000f27c51e19e72727d2285c340d2b1db9caf269000f85a929937c6985824272,2,6,4,added
pool1chzrvd7wzmw8ufsehctn8fmf7ca27xf7d6f5tpreat7kxx6hwf9,MOBC,5,2021-08-13 14:28:56,150371f4208859e73103d34e0f9c95ef22435d6b9be70ae16309989ebf12f391,3,2,-1,reduced
pool12qtv7kyrx8g0d5890alk6dkc6n6nyfx80synspvqafjrqd3ergz,ASAHI,8,2021-08-13 09:08:24,f43f3e5092a040570e68a5c48a92d6fd7905aa219e1251555e791aa16ad78f6e,1,2,1,added
pool17j4er5hpzkzyzpqzc98hxc7srvt5pvuye9q86mcrxluhjjj2aaj,PIXB,4,2021-08-13 02:34:53,4d675d7bbffb72f5eb00904cabd9f8ab3506d28efb46da0c4aa35ffdbf3da909,4,2,-2,reduced
pool1w2alpqttaulpukcrz0j902kk8wmq68q9qm50c6npaypk7yypy5a,KIBA,5,2021-08-12 23:01:29,99989dba4414edb3bbe567c6b810cf82080063f6afc9da497267e633a0845349,1,2,1,added
pool1j8355yxxpfuhqyda4lrj8c9cdghaang3wvwge8jq8nlxurvfqv7,LvLUp,11,2021-08-12 02:43:23,61364218b07eee21a2722ac331b1d9069fedfa3f2860b85a439b312916ad2d3e,3,2,-1,reduced
pool1829u4wxz0hdatsc0sczd0r3362wxk82qlqncjw5ksx7ngne07w0,LEAVE,7,2021-08-11 18:37:38,6a787adf6e1cf169b6970ca751c9be04681b159256f0ab3ea5db48212c7ebad9,3,1,-2,reduced
pool1rq6c8ntlsh2xl3le0utg4fpxqhag7fdlpzdykcld7dh9gtz8fxt,NOCAP,6,2021-08-11 18:11:37,16c31134e2918510c6f0836f96bae8db34ed0fd8a5d8a8381733b2c0afec1b32,2,3,1,added
pool1c0qt93ydpjdndag5v9fsmzjv0hm87ehstqn6ttvrr60rw9d6uaq,PACT,12,2021-08-11 17:32:01,761bb36f2b53526812c5a67b1c508613efbb8eb4d6faa25e3105f2290c338730,2,1,-1,reduced
pool1c25428845rm7sp2cja9jgahpr5kll29srjdzzh84pu84uzanqfc,,8,2021-08-11 11:17:01,ff4826f598be1bb36a76426841a45fb1776a255e8e0ca0a73aa9aa21991665ce,2,1,-1,reduced
pool1zz7x8ergn02chznayj9fjds2gk5q6prmpdr49faspd65kzqsrjs,AUTO,9,2021-08-11 11:14:02,2ca2a0e0d2084af314680c540b57d402b228eeff496e382946a8c9f7ffc97755,2,1,-1,reduced
pool1rs8xygd8rdqjjr5ums0w9upw9uwrrkvuvyjvq8wvr3kekhjkpl3,,6,2021-08-11 11:10:12,e02fe467fd15e91b577252092846f14034607310da7ed59052a2eb0629686bc3,2,1,-1,reduced
pool1yet04d4ykpp7me8uc2jx2glxrx88kt9uhmv6jeh7xkmtu5zucna,AUTO,12,2021-08-11 11:06:11,b890138e8f9279194de70e82775f1e8012105ec51cdd349ec5763080bf1d092b,2,1,-1,reduced
pool1ljywsch33t7gaf02aeeqkqpuku0ngpwl9fm04t7u5sl5xyunmgp,AUTO,19,2021-08-11 11:01:40,f486faae9dc537d8699531124e02c46f72e837db0dcd8c4eed978cb7fd1f56d9,2,1,-1,reduced
pool194usk2h8vcq6yw89xs5asrvw22g08kcfy72xyfrnnkg6qrhtlfw,AUTO,9,2021-08-11 10:25:16,136c40bb2f0c95bb35c8cf994d7d1850247c150101b7e66f633d95da68dec756,2,1,-1,reduced
pool14hsxa2zfwzvy9ncdjwnx0xkcltjmdydeayxfju7suuuewv0dnke,KROM,13,2021-08-11 08:34:41,705fa48aec63d2ae406317c56d4533c82e78c89cf05bea69233e2ee98b46eb6d,4,3,-1,reduced
pool165uzxp7wngre355fekttvhcs3977aweshz8cawv0q5gygdv5yuv,,3,2021-08-09 20:15:57,231a4c51577bf700e75b8f5c0b668754149ba1a6ce2af4039d880c381bf45fbd,6,2,-4,reduced
pool1n7zhzk2zyvqywfj476s4xk9h0xzncsq37469d8cyg37lsngvvqp,PUB,10,2021-08-09 07:35:14,e0e333ad1ddb5070d723ec68fd685882ad0bd033091018811e41138ce2cb0d5b,2,1,-1,reduced
pool1j8355yxxpfuhqyda4lrj8c9cdghaang3wvwge8jq8nlxurvfqv7,LvLUp,10,2021-08-09 01:13:11,9b2df02e2267eceb9ff34d0d8fd0aa7ad28bd20abd77671dc0908f72357ebab5,2,3,1,added
pool1jp67hct7n86tdkr7qxrfh3q0xl973rl6986aawxkrqz6wq4ymc9,69DN,4,2021-08-08 19:10:08,c0110eeae9e165468f1ed7bb9ea520e837aa8ab5d04385388df622fd959f330d,3,2,-1,reduced
pool1twd9vvegn3fqq0f4n08p3aml2ud8q87njs49900rycj4sr5hhcy,AOAUS,12,2021-08-08 04:32:27,3e782fbf591402abef2a1053ed2f7937ad0e20161e0389455b45893a713f10d6,4,5,1,added
pool12hmkuq2khrwaqz44aajawp0n92mpyk3nhexgujd9xtu3q4exnau,CRZPA,5,2021-08-07 17:17:49,f9255b606d3ece8c5701ed691d9c8b4f65923c51958bd63e3c83788803d7e198,2,3,1,added
pool19at4pzt6ghethuls7ehr0v5x65cg7mj0zun79eenefa074yfcz8,,4,2021-08-07 13:07:06,615c3d390cf788495c5e7a0b68de57f8f56875cd3c2852cabd543f2be6dcd1dc,1,2,1,added
pool1w6wdqqu5qyj2twwsmlck05l3jew9hjrvr6s6hvgvnn87x53h40z,,3,2021-08-07 11:44:06,135d2052256434094eeb3d8ff692efbd38e2569005764e7899e11245ac9daf7d,1,3,2,added
pool1c0qt93ydpjdndag5v9fsmzjv0hm87ehstqn6ttvrr60rw9d6uaq,PACT,11,2021-08-07 09:15:57,7b996d936cadfb4b2c39ff5c8a59774dc428f956aa3dc2b62949fb8a92e8cb30,1,2,1,added
pool1du3r4a7xq60hg2x0wcz7lw5ya3qs74rk258c8kanp93rsqdqu45,,6,2021-08-06 18:11:11,c4bf006e9bf5ea345f9bf1ab6ca7822a3ea90d03906b9ef4457988ffcbac27ca,3,4,1,added
pool14ecpt42vvd8eytuqpkvqq55u83dqqu2g4wwhj2kylue6utptm63,,4,2021-08-05 21:07:38,bc1039b13adddf2bc739417494f131b3857c30001365ab0d6313517c2298d227,1,2,1,added
pool1q9kwa675j2z53jecrs6pn3fqsc9ypxrsypu5dgu6hammqkagy22,TIGER,6,2021-08-05 02:52:22,3deb2266d833bed347a1102cb0fb804d9f2b027c0abcf7f68674b0b07d71a2b0,2,1,-1,reduced
pool1aasrxs9vpr97rjlqqwpp5gnju9tp9dgtsmqqvmsy8hryuuepvra,NEP,14,2021-08-04 13:53:24,755e0a153d0fe2b9778ee2299e86062ae9707cdf054fc53d9b4ad43c41763bc7,1,3,2,added
pool1ksh2u6kktx74ugv8jadrdqttwyjz9074ke82xt6j0qgfvdn43a5,MILKY,12,2021-08-04 09:57:34,0a2d0e7208b34839784622b73e1fb8c5664cf30810ffe83c7f80ebe1b5d7257b,2,5,3,added
pool1jufp9k6gmyusvch65ra8yk2s7wu6cx5fsgnltl83p93ejg6h3xg,FUND,3,2021-08-04 03:41:47,a455c5586262d2d3423be5c8b4b05f210d118411a6753258827cbeb94b6047ab,5,6,1,added
pool19k4azhj8tye5wwy5pfj7q6m938m8fg5nglds5dkhtfwnvcg3s0k,,13,2021-08-03 21:29:15,6b2d93e018c4405563f228d7a4dc54c5bd9d70fc5915203f8d7c765489f0b4c6,2,3,1,added
pool1dxkf7k3qwnpgpxqfye8y9jvk7lver3fk8dq7c4dpzezyyx8cf5c,SPACE,15,2021-08-03 20:01:49,98756452e8faf57f9176fc2575bd753368a22b7ec426a78798a0158d6e61dc11,3,2,-1,reduced
pool1aasrxs9vpr97rjlqqwpp5gnju9tp9dgtsmqqvmsy8hryuuepvra,NEP,13,2021-08-03 16:11:41,34c8b49b10c8c337b6315f0ec86098f0dc6000758f87d2e70c0908abcda6f9a1,2,1,-1,reduced
pool1sfjdu0xmz7vdmp6cufxd55gprp95g4p703zzr3upt70dst0fur2,,4,2021-08-03 11:33:54,0e4092ff0f592db1332374ea4bbc3d499da79d1513ebfba9f7cbff6de213ebdc,1,2,1,added
pool14cq4fchmmqjygwjw4zexmqqd6a7caxptjnvseyu6wanjuppv4vk,CH1,9,2021-08-03 10:48:00,6cfa24683d51c5c232199f5537e9530fe3f8519ba9cf6461974fbf7f84ad0303,1,2,1,added
pool1eaeynp2hs06v4x8q65jfm2xqcd3dc80rv220gmxvwg8m5sd6e7a,HODLR,3,2021-08-03 04:20:22,0dd0fba4efac5de235f777271bd8b784528bfd425769eaa5e9d4d8f1ace6c6fe,3,4,1,added
pool1a9xyvnnfjnujzy0n2mpf4rztdwrssraw5p5f06mqlgn4s06z0nw,LAGO,23,2021-08-02 21:23:53,9bd43616cd2140b423d1299700f0fa1961fe76715cdf1ae47de760b27544a341,5,3,-2,reduced
pool1fwhu9w2z82n5r7hdeu8ayl9tywraursthd78mxxekr6zzdjgpkm,MARS,2,2021-08-02 19:18:53,f73ffdf69767f27bd8abf3ce30781f8c83024ea1089222ba3829e4ae28de00bb,1,2,1,added
pool1t0jheek3yftf0a9dgzgr2hc2wttwrcjyd5whdrek4ggcc5famre,POND,8,2021-08-02 16:45:01,3549b4de8c5b8c0ef2668e8c33f9f93c51dcba8b1d9ca4b16e7b5f03356ddedf,2,3,1,added
pool1nas73ykumj4ns95yawdxc2kfam5cj6yqw8sejgl4g844vnvuxzc,2BIT,2,2021-08-01 22:57:10,2bc30255a99daa95dfdbf0401003bfe10fd68e0f492c0b3632e0d5cda4b4b427,1,2,1,added
pool17s9pcsnhgueer24p4lk53ruglr0r8009yxfrqvwgk5gx6r44cpe,PROOF,5,2021-08-01 21:05:01,3d3bc673b5e1720e352077c2d72d4a2b50f676a50e47cf8fdda22167d1c63a68,2,3,1,added
pool1r0sxz0hygfc0266lhdclve6j3cwcwlth6dya6uey65yxjnwm7qc,BURN,8,2021-08-01 19:38:54,1ba5cffdba999d8eebee903a5681d27a0daa907a781da4557f9ddd484f971fd4,3,2,-1,reduced
pool1ut39vczq4h03vpzfcn7ssxa04qzkyj8nxu4nq4rfv0nsxz39c5y,TOBA,2,2021-07-31 23:53:04,4add14e110444681e21de8fff4f055b73021f860958e9c25180ea468e0cd1fe7,1,2,1,added
pool1q9kwa675j2z53jecrs6pn3fqsc9ypxrsypu5dgu6hammqkagy22,TIGER,5,2021-07-31 16:15:10,2f7a604c889a23e28b7294ad222235c3510a418f2a9c6f34f9cfc550bf1563fe,3,2,-1,reduced
pool16fjt5c3fwmlxtmgdr9qhttlgpyn7x7dvy009umpagtltkhzdsnh,,10,2021-07-31 15:53:46,4b4314109d44910c66bb02fa6fb1cc78d37ac6d49bb3f521ad8165eb39d8179b,1,2,1,added
pool10ez60e4t8t70nyfqa9awm7zwwphy8kpfmhrppttx02z6xeyzgyk,PGWAD,3,2021-07-30 18:28:41,4bcfd56558c838ce95776f12983a376806183cd34ce7138441de47a22ec2d67f,1,2,1,added
pool1qarmuvc39q7ygl2affsuly2hs39mukcag9tunsnu8xudwv8mf00,,4,2021-07-30 16:33:06,6286c301abeffa5e279c7c5ab7773a4cf7e9802fb38fac321bc0601ff9fa6f47,1,2,1,added
pool1esgq3g4ll90ylfqg4rvdft06cdppyqc8urancufle6yrgpp5grw,,4,2021-07-30 13:24:43,7640ddf834b01165c50f17cd694d9c62ae82b9c6302ae7718f0048283ef135aa,4,3,-1,reduced
pool178yk6ddgn3z0d04mmdcth430hpp4pyx06jyelvh6xdkngm68rmk,,2,2021-07-30 07:36:29,188975b1154af3e748a496e2453065acf0208556afa32ef43e2c28850136863f,1,2,1,added
pool1vphx7ph5rayjxuuqmwqhlw32pl3m6lstcr5jz0ecajdc528fjdt,USAGI,2,2021-07-30 01:27:30,4bb8e362f94f95c707934dd811681f5442db413c442b65d88ad9cf2bb963a4d0,1,2,1,added
pool1yctcnexnjqq25ve5jh2dh6zswz98leafjcq356lfspsdk9z690e,,7,2021-07-29 19:53:06,ac5b991c0a39a75fc17f443521ccec04ac1ea2eaa78a43e193a5e72faa1c1b7d,5,2,-3,reduced
pool1agk62kg0s9606v78exurl53mqsdu44d6qeuzypur5e7ku6gpgzp,,35,2021-07-29 16:09:34,cda8a9a2c51d7221e60ffe8f4df83356c01126fc7d6345e8fb82eab7abf11ee7,3,2,-1,reduced
pool1vtf34mujsfrr8wesg8nvmnupk7npz7f287whltv2ga4wc2728mf,OTANI,2,2021-07-29 07:45:56,59516b1f8b0a42ddcd3c2b5725ad2c15b704d074bffdfb1c74688fba6a23ecd0,1,2,1,added
pool1yqzyhuvspkzpjsnlm4rervl76y0wgc3mvuyc2x45r3j4scmufmv,CREST,2,2021-07-29 07:20:26,e03fe2199535f7bd576c78c54c43d0f2d0f6959e64519a78cc81a0b8c9f216d8,1,2,1,added
pool175jklkquzts0u05axap90uqpym5knnjxky396mz95hhauwyzswe,ANADA,2,2021-07-29 06:55:50,8c9abe996751be8594a3b9072ff3c1de43516ef097d7091977906f7d41e51cfb,1,2,1,added
pool1rhepjgtmzjrcgvm3urg5t780d44v5t5enddfv0ps5vjyvefncn6,,3,2021-07-28 20:11:56,65a9e9932a93c7c7d1ab29c0ee7489406a227d122f07faf44a5d09c0c3d63c9e,1,2,1,added
pool1tnl3yxmj8848vq6meduhz9n5520a7dwsh05r5gfyvlatj87k3jl,SPIDR,11,2021-07-26 16:19:00,30a35363342295d71c6cd94a8d56194344d158be3aecbcc3ae1e2c1d8e5f3401,3,4,1,added
pool140j5dhrhhvpa259wa6wmnqzt8ha872mqa7hg92u8v4e2ym8t9hx,,7,2021-07-26 13:26:11,e27ce8a6b169ae987d352ce60da5ad57ba71778851b6023fa1a3dca9f4fbf54d,2,3,1,added
pool1u9ptvg0l9lzypt6dxlyhn7phclu7jgx0j285zyu9y2n2gldazj5,NUFIK,3,2021-07-26 12:25:34,a731d254ce5d012eea4f3a438c90ce41c0cd1de24e9329d019ca22d92a955421,1,2,1,added
pool1au6mugzekrwccr2eek6qa8vlzpnv7efu7qmup26xe2jfk9vhtce,OBAMA,4,2021-07-26 12:21:16,915a1910927738affce6ca35e3cea92eb62b11cc49581f613c79744ebfa4a656,1,3,2,added
pool1y3f9qvq2umfqnm0w20ayux8lczchcakh3v5wz4j5z89aqfc73ea,SANTA,4,2021-07-26 12:18:41,eaca29d305d835d6c91d863507512e875035525a7c966e84b659e7cd7e068624,1,3,2,added
pool1y3s9nkynwf9kcw5lus6w6mtarzwa8sxz9v6h5vda89fuwvy00g5,0PCT2,8,2021-07-26 12:16:11,3ebc151cd66e6e1789411d33ade0c7db4be1eb4dccccf629452a1a0351ca7ecc,1,3,2,added
pool1g9dq4q05spsaxm0u3cqxyszycjyukzvdufc72etgtc875el0key,FLOKI,6,2021-07-26 12:13:05,73b8fbe3c750cb4b1de78d9958f1919bac7d13c0cf200fade22b6dfaa971ef29,1,3,2,added
pool14cautfm2e8jxv79tv59grnryjxs8f2wewz66wup695xgu7wjnvr,,6,2021-07-26 08:41:27,8e2cda6d54addd41f22a3f41f83a2f10179a21f9c4aeda1b84a9124d6c71a0fc,3,4,1,added
pool13p725l7vqedxvkrstaq7myguewcktjglapwls3re7wakxdv90fw,ANCO,2,2021-07-26 03:55:36,68879ab9ea0c14e3fabe3af7ee156d2efb390e4e494e5eb5be6d17b230b579b9,1,3,2,added
pool1tgnjac8edmu0ptgzpxc3lg5p970wm0rga5crxelu2z70kjj6vpr,SONLA,2,2021-07-26 03:53:24,87626f5c1dfd7b85d771e082dfc7646632a0faa13017a99d4daf78bca85b3ef6,1,3,2,added
pool1ncg357pkgx29g6jrwunk94pwxe409ktxyrw8s0k66vwkc4qdgnu,BIMI1,2,2021-07-26 03:50:55,aa7a9eab243986887ecf36eabead1f675dd383d58d0e9bbc724b23470f7900e0,1,3,2,added
pool1dts0h87pntgmsffp6mjtnahfht2dz5zjjeeujhzmtn6wgctcuzd,DSIO,8,2021-07-25 23:08:25,13239665c82a5290ca57152f085513a17b0040b0d8be8c51f623f55c6280bdd3,3,1,-2,reduced
pool1u0u2s080a5plun4acn6s70xa3q98ct7skt88l7w6nnwwyl9ecym,VOLCY,12,2021-07-25 14:31:53,592488d1980f02e7e9af9d44eec62e90dbc2ab465408d43aa9e93ad60634a89f,3,5,2,added
pool1k63gzudxnchvnj5c0t6s2vurqu8ke84uplr7nemknzpl2w37vn3,,5,2021-07-25 14:25:32,df0744e1b1f819e7ec47dcef68793cda6405fac42b2e1dc0bf50526fb720a209,3,2,-1,reduced
pool1e0jyj79d3ady680wajgcd4vgndqjdlf65777pz5939ehseqaem3,FRONT,2,2021-07-25 13:21:44,c09d05cda0b6a3026317479b27d958d6813b97c0fdb4df2012592cc98294ddc6,1,2,1,added
pool10j307gzqx5cuqxzgnycg9rwyyutjy2eqyhnkmu2umj6cctcvrqq,,8,2021-07-24 16:38:18,c0627729909d1ca8400d294638ebf61ee84ea9f9ab766bdc5fe56afc109e0419,2,1,-1,reduced
pool12hmkuq2khrwaqz44aajawp0n92mpyk3nhexgujd9xtu3q4exnau,CRZPA,4,2021-07-24 12:57:27,ad5593bb198053e56b15af188577dcf52c74fdcd50393d26b780bd4da01a16eb,1,2,1,added
pool1pcyjd40wegzvzkhvmfrylzsg43h962f2zvgcpg9hc26826wefsn,,10,2021-07-24 11:08:00,653f6e4c87ecaf60cca8a5127c032ddddd864ebd1785234b3b2f8cbee8c51f22,2,3,1,added
pool1yctcnexnjqq25ve5jh2dh6zswz98leafjcq356lfspsdk9z690e,,6,2021-07-24 05:02:47,dc0a4df0144d08745618f644919fc04b49adb0bab81ab25a32fdfe6f98cb3b19,2,5,3,added
pool13l0j202yexqh6l0awtee9g354244gmfze09utxz0sn7p7r3ev3m,DUCK,8,2021-07-23 22:17:02,70dfa3d8fb8c64d54c5748b138a1fd14bd3e7b14069a5ae1792fe5f0651eded4,3,2,-1,reduced
pool13l0j202yexqh6l0awtee9g354244gmfze09utxz0sn7p7r3ev3m,DUCK,7,2021-07-23 18:20:47,9308e0dfa2b6059d08b69e07128ef60e2b856cd4054d2680b7e57ddd0e19732c,2,3,1,added
pool1zd3naf63ntdwtk3qkl365xhk2s9m0jvj789u8y9kyzjwkz2tmzr,HANOI,4,2021-07-23 09:39:21,91cffb2af068685b1dbef27dd37c9c84a57229e3c643212a762d64481372d4c8,3,4,1,added
pool13zq5jktx7xmngfer82nkrs8aqjklmydntxdqzttas328yuttgx6,VICIS,4,2021-07-22 15:38:17,160d8f13261200dccd3b6478f702f044584fcad18c9a9714cca32d44bb6347ae,1,2,1,added
pool10q2fhzwe4f5k2llny65z5z2fuhrpk3x56fdc0782djdq58p9uee,KURIS,10,2021-07-22 06:49:57,b9927a3edb0c7666b1f7528065a2d4570a607001fa26bc58156abec45d8fe10d,1,2,1,added
pool1w07z3ve6xp52dzd3fkg6rere8qpy7zsr4kwjmpw35zpxj5rz5jj,FIBOT,2,2021-07-22 02:27:22,0a23da9fc39f4f037825a0970dcf8286221b199084206e60b93144faa4c1c750,1,3,2,added
pool14kd9lt3gsdhv48j9w4vgcufw0txdvz932xwh9dapkpv2c0j4ytd,FRNTR,6,2021-07-22 01:53:42,657c2d019c1167051c2cdd2b07f696ab2267910114d664412d443dd55e1009e3,1,2,1,added
pool1zd3naf63ntdwtk3qkl365xhk2s9m0jvj789u8y9kyzjwkz2tmzr,HANOI,3,2021-07-22 01:49:34,fee8d55e6a566d6a0b0bdaff710925e9059ac42c8613d6e1425b9cc0305c2217,2,3,1,added
pool1mr95wmscrwj04kf9746sx539qeffj3mg5ndez5rzv8k5cdwjc0t,,2,2021-07-21 22:51:17,e48ebd369ea1d2bce4787af55329b50502e6546fe9ad6084484c2abf374db56b,2,1,-1,reduced
pool1wlmyl6csyc5m9sxezcladq3ttty4hja9mue63dwdh5g7ymucukl,,2,2021-07-21 21:56:22,a5067829255f949edce866f095d67dd32731ff9f74cb47874a2ac9d7988bd7b6,1,2,1,added
pool1agk62kg0s9606v78exurl53mqsdu44d6qeuzypur5e7ku6gpgzp,,34,2021-07-21 18:04:36,abcf8ca02274780324b00b7211ccab2d49b6783f1b627a8381dc264e24477d79,1,3,2,added
pool1z8tvv9cg0pu9f8nj309uukw2yw3ej32m57al9fve82w8q26ma5j,,2,2021-07-21 15:35:10,6fd5d3eb4b0384013593e42807fffeed4b4436e478e5efabe1e330eef4bdf6da,1,2,1,added
pool1fl0gdfcmzg4jf3hw839epdteuazm23nff44vddap00r0sm5gvvk,OMNI,2,2021-07-21 03:48:30,469bbc09a23bf1a57164841df623affd4ad5653fe1cf50a0cd2abe501c5fb33c,1,2,1,added
pool1jpfk79j3vzx3hnpqshl99m90qk3jsj4hg0pmxc8szz4juz8d653,,9,2021-07-21 03:17:23,bf92bc40f580a9d85edeada535c8304ca8c214f484b78e617874c7fe64266793,2,1,-1,reduced
pool1mrv06cwwdjnp6zz6y8wq7epav5eywka75r2k2xqy58ez6dge9cf,THC2,9,2021-07-21 02:46:01,6428e9999ce99bb15151684d91b8ec04fe960dd739b2d8388d399f54fe07347b,2,1,-1,reduced
pool1yla5xge99yeddrcts0ya9n66k3x2vrcachnnmzu2vqqjzm6fw3k,,11,2021-07-20 16:17:58,c7a65c3b807c41fda504eb90a65a54cf9309342072d6fb8d332e5df162d6fd1e,5,6,1,added
pool15zn2lqq4849ujttuthaycpamnyr8ae9k2pn2fkrlfzzsx4ek0tc,LABO,27,2021-07-20 07:43:00,ca99f0df8c603f7857766b9990d5abd2b974468533af3038893686dae96d3d26,2,1,-1,reduced
pool15676jwlm6gancffzs2jg9vf5xwzmspyktw75dl4kaucyst4qt8q,RAMA,5,2021-07-20 06:39:07,4e672b477ad1dd2d21c00802e4d4480e77a9e3937f2fddc3b18a62a445ae26e0,2,1,-1,reduced
pool1h5368szqrqvfy7txc5r2lyay0xx4fvp2w38mswplqknax8l9wl2,OSADA,2,2021-07-19 17:20:35,1617d0e6385691fb840ede93f7d49ac23059b0136cbcf8079a5d0fab8fcdf1a5,1,2,1,added
pool16fjt5c3fwmlxtmgdr9qhttlgpyn7x7dvy009umpagtltkhzdsnh,,9,2021-07-19 16:16:29,2b0a3c90545e96c6d661c8fe88ddd3d974a70681f6ede2909ffdd8a0decee555,2,1,-1,reduced
pool1eaeynp2hs06v4x8q65jfm2xqcd3dc80rv220gmxvwg8m5sd6e7a,HODLR,2,2021-07-19 04:21:48,555f922d279517e439825814dc05e9ee7c81d539b8139729bc9960b00dddce7c,2,3,1,added
pool19nhmxfd2tts089nx742g8jtc2ynwstkhp2594y0wwp6d5we25f6,,4,2021-07-19 00:29:10,8aec81fa9b5956f3190a294f573b9b134efd9127a7e39c57415716abdd09d060,2,3,1,added
pool1y44fkeps7ftnnf495a7grfrwtt7hxcntaenyzu4x4vah5cud0mt,,11,2021-07-18 16:38:11,37f63d3e0f33d752e31fa16597fdef6c3a8f32927abd7fc60e01778e80590362,6,4,-2,reduced
pool15zms2hm7rqffqcdm2kzkv7kz02w6j0kzkhyvn0c4dfctjaaqggt,,12,2021-07-17 11:49:50,713955f025751deaf4fbfac53e35b5f6b2f2d768ac2867d6fd34a2d538463e7c,1,5,4,added
pool1r88vs06qv3vjrndvhewwhz08zc6ka7eqwxvf4stsj53n50nr8n7,LEAVE,11,2021-07-17 00:23:59,601736a4512402040dadc5f7f99865e0df0c1c63a00a6d7cb4a8e110d9afcc95,4,1,-3,reduced
pool1t847w2hfv33qrra7q33nzq8epvcxv6ydshcq7w7j23c87xv2c2k,CAPO,6,2021-07-16 06:16:59,b6966dcfdc3878c4a370676d34535f2dd664a5746b3a5919dfd099651569131d,4,2,-2,reduced
pool15zn2lqq4849ujttuthaycpamnyr8ae9k2pn2fkrlfzzsx4ek0tc,LABO,26,2021-07-16 05:32:52,b69eb34282959427ab139a42da4b30a20271266075efa9ba015f08f58e518b99,3,2,-1,reduced
pool1qzz0flh92qkg0mjufaw9j2zk72lmvf5n2kuaslk4f8j4ze362w4,,7,2021-07-15 20:00:53,7fddef999a5a57e3d0b67102ba959fc87832a9f6d16a75b98b47e16434889ac4,4,2,-2,reduced
pool15lp37f7da0guj662jcxy0eyc49s5gxudcd93j8qz4nfcvuhrsf9,SCV01,7,2021-07-15 14:46:44,75ca4d957c30db1e1d25f0ec17621397c8c86b6430858153d4961aa77793dff6,1,2,1,added
pool1p2wmgvnvxvwyxhy7h6guzjesqwp3ku8t5kskcul69n2k7n7gyk2,,2,2021-07-15 12:43:32,e1d1b685c1d9ae44f113c623105e192affd18d6f05649bf4ac79e56b3f1fa03a,1,2,1,added
pool1th6xh9uks6rywerld5aya0gc3yswwrx3yus9zvehyqaky5c6utd,AVOC,9,2021-07-15 02:36:02,c7eddda1745e8d11f867b3f24fce613380ed9c98cc8778db63ed3079060ce414,1,2,1,added
pool15zms2hm7rqffqcdm2kzkv7kz02w6j0kzkhyvn0c4dfctjaaqggt,,10,2021-07-14 18:40:18,351b4875adec269e84208fcf64764c6ffcf8eadd1d37288fcbcec650033f2b34,7,1,-6,reduced
pool10wcmpvjmmv7ph7cz2263f52yckvnnwu5kdppwqgu74s2qhe7l7m,4TUN8,6,2021-07-14 17:58:43,1aeee88d60f7c8951ecbb70bcbdb8a04f1c2607f590418b6d6961f08f6a35fc2,5,4,-1,reduced
pool1meljzszklf23y97ka5sjqwasnel50xe5ar68gz70slm0jmt2wxs,MRPHM,12,2021-07-14 16:44:41,ae8299a53e1003f9cd5260a6ea5752d1c6f87c51e718fa800f4afbd35cfc352c,4,2,-2,reduced
pool1525d8qqw9cjykckqk9dgz6xmxdevm68zyspz90ac58p4v2gr6zm,MED,14,2021-07-14 15:28:26,29a5823fd3841a1dab78b37d6fef10ff17388a2b1f94b5ae37441cfa802af948,2,1,-1,reduced
pool16w2y9xnpdjt22klzhuwcz9jpvyyq8640mepljcwx4mjmsvpqk0y,,5,2021-07-14 13:56:34,7835350db06d89a37d3e8e362b67f42335eae32ce98a497a409e14534a68bb04,3,2,-1,reduced
pool1kq95y8auvg8s5t7u7vjryewj2wewxrzqmgkpwtw94dryqx0xcwt,PROTO,2,2021-07-14 11:48:57,544156e8d41f3c10759c9e01045f615820b9f868fa5fe27f4095d6ff9fdeaaf7,2,3,1,added
pool12yfqjghmn47qajajqduf2rd83qxtdhva8j0qdctmla4v5w3mhq4,,34,2021-07-14 09:41:48,993e63a6050f25cd70f1612929b91152d559a37f3f257039d0663fcbb6a65c34,2,3,1,added
pool12eml4wy7xh9uqq9ldrtu37xqepjpaz5heq8sjr3fdddj7h9j00t,,2,2021-07-14 08:24:52,1bb435133c95a4eb6fea32d1c1e001d7cc2ac92ce5a0009efbe0d3b0561215de,1,2,1,added
pool1rvjj8cp3urh7de07pm0ceqha2x4lxws69lhd4429dm6djfjsy4l,DINO,44,2021-07-14 02:08:09,f9f07d846954d485dc217996bfba864a6cd8041272e711728b36ebbca33fb56a,5,3,-2,reduced
pool1pdsnzs8aft7hfq3xcmvgltt9vmncwsvsw955p29nra8g5hves4x,GINO,13,2021-07-14 02:08:09,42c303272f43025d8513435e9af5aaa6381ef24050e4a649c6d44ecf6a988af9,5,3,-2,reduced
pool1u283gl35gdj2l6c5cmg9crugf9aq7w6242pr88v6enr8u9q2vzj,,17,2021-07-14 01:13:34,53641486c2ce1b9d02e980c705022c24ea64175b6de61a201768a87dbc438786,4,3,-1,reduced
pool1u283gl35gdj2l6c5cmg9crugf9aq7w6242pr88v6enr8u9q2vzj,,16,2021-07-14 00:59:43,b5b5f1a734ccb9e95eb94fc591aae86159273f5a8d65f328504c081e29ff6235,3,4,1,added
pool1f5qqm7029znkuzl84s9qjr4rctr4mrfsnlnl5yvcsspd6fec4tk,NEO,50,2021-07-13 18:34:27,fab91238ab070a10eebecaf9d7e9caaba45e8ef945fc1f370005f900a5f5fa11,3,2,-1,reduced
pool1x9ar8wy7ljw83ppe6y9p6h2yskrmf5dfa0td36ypk6vtgqzwqh7,,7,2021-07-13 17:49:11,2492a7604a6ab37b81f93f761d1f5f361927dd50a4b12e2ee05adc06f4b13753,2,3,1,added
pool1rvjj8cp3urh7de07pm0ceqha2x4lxws69lhd4429dm6djfjsy4l,DINO,43,2021-07-13 14:25:37,a68838b09376f289ac8b9ffda08cf759a494649ec0c6a9f80d3261891e874a8b,3,5,2,added
pool1pdsnzs8aft7hfq3xcmvgltt9vmncwsvsw955p29nra8g5hves4x,GINO,12,2021-07-13 14:25:37,8df781647ab2a712edfd572312ae0dbd2f824e086475f8c9106625d391212f11,3,5,2,added
pool1fjxud865hvsg3us4t5ndv6jhjcssj5rg2eq783664wpn720deqr,,8,2021-07-13 09:44:22,b3bf35a7892dad2086a78b6cb05d469946af561d04914e484ff7b017a08f1cbf,1,2,1,added
pool1p42f6kw9lkgw5tn77kqyrc22zrs4uq298p468gacwzw6gq0ckq2,WISE,8,2021-07-12 21:33:49,c5082a87dbe4d7ab0714eb7272133b6d5ef6ea85fb67cf0297ec556a43baa641,1,2,1,added
pool1th6xh9uks6rywerld5aya0gc3yswwrx3yus9zvehyqaky5c6utd,AVOC,8,2021-07-12 11:55:00,41429f1f3897ac04684569beb33855402361c7d7eb6f86a49a7edb68efa068d3,2,1,-1,reduced
pool19nw9emug78q4uxwr8lv0glvmmzwr6lhylgy4ztaagjsjvyqjylw,,5,2021-07-12 03:13:23,6d3e700aa2daea7a8fd40976f5e70ee22d183c3fbc2e02a1dfced03a583bdfcf,1,2,1,added
pool19nw9emug78q4uxwr8lv0glvmmzwr6lhylgy4ztaagjsjvyqjylw,,4,2021-07-12 03:06:16,004d72dfcd5f8bee2ad8209e7a9bc94f22db0638e2143317bb3e6363ac2aee69,2,1,-1,reduced
pool1f5qqm7029znkuzl84s9qjr4rctr4mrfsnlnl5yvcsspd6fec4tk,NEO,49,2021-07-11 18:56:40,14566cc9aefad71af1efd74d7a8c674f9901b13c129d3662821a5d9afa7f69d7,2,3,1,added
pool14e7gept0fycjzh333z2pqgh2vhzr86uu3y3u4n3ursu76qxzf5k,,2,2021-07-11 17:19:47,537034dd1189de8db4665cbb26cfd0e8e82a27388c3bdfbd0ae44ef175cfd36b,1,2,1,added
pool1h9jr0f9evk3raxlljq6mt4gj7ej4v82afvnlc2wh28rwy2d8lsy,RUNIR,19,2021-07-11 14:54:12,e85c0447554a4582069d180236d68a9f9608f93f5143e8abb756a6264be5a70a,1,2,1,added
pool1nhls8e9swnyshldgjknku4npreax075nw0ltrkmrarh4w3skxt9,DAN,3,2021-07-11 14:31:15,33fe4c169c3171e5fb379a250b5f5f25440a8d996fe103a67beeedbab806cfe8,2,1,-1,reduced
pool1djq5whlgkv44ml0rque95t93zh0zdfrxqd7sa3mtkjvmx5nf3xs,CURIE,3,2021-07-11 14:03:38,6890515fbe203e456ce53da4880af5c932a074e9e7070cffb192028e069fa6af,2,3,1,added
pool17s9pcsnhgueer24p4lk53ruglr0r8009yxfrqvwgk5gx6r44cpe,PROOF,4,2021-07-11 10:33:41,bd6419b2eb12e9532e384c6938d670a656ab97a65572c72bde75c8d20640b681,1,2,1,added
pool12tlu3dm864fzxgcjp9jrsykcmcvxskjtqwy07z982avqx3n9dp2,,7,2021-07-11 02:14:26,63724ff1bfb67df157a29e6c8759027b6ac0ff83b296567dc793e1fae5377281,1,2,1,added
pool1m0mwqg6ktv62jtz7yq7hq6jttklchcemjzmqfmz3n5rk5rpxpfk,,4,2021-07-10 03:24:21,b4ed1c9a06b3a3697816da9286a358e4a006287e3aa029576d4e4ac193472377,2,1,-1,reduced
pool1k7phpkumqxxvvf5rg690xg5u2vnqmh2sykl0l0h3z0692lzx3hq,CXPA0,5,2021-07-09 20:18:33,cc7e6270b5087d03a373ce3cb7a4c12e15eb98924063dbf4a44ecf6f67fcd400,2,3,1,added
pool1qqqqpanw9zc0rzh0yp247nzf2s35uvnsm7aaesfl2nnejaev0uc,TITAN,18,2021-07-09 19:38:11,2254abc7596bb77fe165266a8ad4e2ec2588685558155017c191a6358548ec28,4,3,-1,reduced
pool10wcmpvjmmv7ph7cz2263f52yckvnnwu5kdppwqgu74s2qhe7l7m,4TUN8,5,2021-07-09 19:08:47,447d006ec0656f2090f4d7126e543b3bc1720d806c3bcde4157c966c3971d04d,4,5,1,added
pool1zvm45jj5wz6kgfr2xfg75rx0auzxaedu4ulddhnrzk4uwuyuvpn,ERA,4,2021-07-09 11:08:38,5b2aed044648689249c47ed138f09bd5d4cf30e10ea52a00ba86e17097717102,2,3,1,added
pool1r8938r4ts8f4t8nsp9xl9dktzapt7f67jgpsp4wrju39xrdnaye,VENUS,10,2021-07-09 10:36:16,c5c9c601f65ff3ef457fd68266ce3075086d3e05c8fee9a4c96df3881fb41232,2,3,1,added
pool1k3wpsc8q8za2qeptx5kv73r76hs5gvp59gga6ad6u5hnj3scy3q,CPU,4,2021-07-09 10:24:18,8d720da859c4a3d0f387ce78464946af468c8f35692bd395fd3b139fb6f4cfb9,2,3,1,added
pool14dswwngc8j92uek927jced2lfc7c4pa4ss9gry9nu9rhkc7a055,VRIJ,3,2021-07-09 08:16:21,8d7dc68a57a8ee5bf3875a96172268c650c3695d95c3b2cfcac07b0ebbea7810,1,2,1,added
pool1f5qqm7029znkuzl84s9qjr4rctr4mrfsnlnl5yvcsspd6fec4tk,NEO,48,2021-07-08 20:03:32,2fc277673e1d98ab691f7af3da63da7b98735f73b6d9c0ff19d65cea3bad148c,1,2,1,added
pool1vs689gkmqtrljtmcwd2690nzqm2yyq23wk2zzx5g0v0gs5ug64a,VAMP,2,2021-07-08 15:28:19,aa18b7cf70eae73f9cb69dc554d9a48d1240d9b676e0191ed34b5793a88477b7,1,4,3,added
pool1hr39htmhccu8692uctc3kxaye3jjc6t7366t7st4tvc37sp7gfq,,7,2021-07-08 11:23:54,e254137db4267f0117e6dbfc8f8adb32b2509ddf762215fe6cdc51379bb10baa,3,2,-1,reduced
pool1hr39htmhccu8692uctc3kxaye3jjc6t7366t7st4tvc37sp7gfq,,6,2021-07-08 11:11:05,c606be32950b5a91d7d9bfa17458b44891534c31f3f4c097f751ccfcc367b397,1,3,2,added
pool1cmqpzlsrrjup8zg6qaperz868u64dlt7uvvdszsr658mvzz9qq0,TREK,9,2021-07-08 08:47:45,13a9516222c207ac96aaaa59ee6e7f54a19cbab293b8c384b6ae96d5e70d0642,0,2,2,added
pool1cmqpzlsrrjup8zg6qaperz868u64dlt7uvvdszsr658mvzz9qq0,TREK,8,2021-07-08 08:40:56,03cf11c3f927135c1174ce8d9e761f3ab8928611fd3560a359cbae62cf1aa3ce,3,0,-3,removed_all
pool1m7hcz7w6d2lk8ma8gm7x9hv5jfdq8u9384m6q462pjntsgfr982,,7,2021-07-07 20:56:51,aedf7f84c1bcea3abded9d4eba9492c06892dcbf5ae5844c2ff43c82a4288c3e,1,2,1,added
pool1mxv85lq4lvuqx8r83lmwlvqhtnu3qjy0lldhsv83rfnj5ed7vyg,,4,2021-07-07 20:44:56,07aa8f00404d17008b63a224c1206bfdca38dcbe2eba4484c520bd1e43ca7671,2,1,-1,reduced
pool1j4nkshfytq8tww99ttfwvrmv8n7yq2tvuw0xlphelzzw6vfghwq,TAPC,3,2021-07-07 20:05:13,717b2b9e93cfb832d1d19f44f8f590ee0247bb252d732efabb0927ea2970b29c,2,1,-1,reduced
pool1mxv85lq4lvuqx8r83lmwlvqhtnu3qjy0lldhsv83rfnj5ed7vyg,,3,2021-07-07 18:49:30,a03deaed0e48556dea1e1ab62a998ad40a549887b80955694b610f8e848d0475,1,2,1,added
pool1030as3pp5684ghgf4kzcpv4p2jnmkmme7j363t95690zwxp7wa0,888,10,2021-07-07 18:09:46,0f14abe4d11f9742538761e98c13b36c2490de057e58ca822784575b91e2fdbb,6,4,-2,reduced
pool1zd3naf63ntdwtk3qkl365xhk2s9m0jvj789u8y9kyzjwkz2tmzr,HANOI,2,2021-07-07 13:27:12,36a0192fe24f015a263a118cf7ee5ea942ffcca99f4653ca4bc833b1b2b005eb,1,2,1,added
pool140j5dhrhhvpa259wa6wmnqzt8ha872mqa7hg92u8v4e2ym8t9hx,,6,2021-07-07 12:50:39,6ab50e13c5db8a1ce375d9788b7f96e3f342f480a94883fabbdb3f9a7570f4c4,1,2,1,added
pool1m0mwqg6ktv62jtz7yq7hq6jttklchcemjzmqfmz3n5rk5rpxpfk,,3,2021-07-07 09:33:59,44d468d3f66395feac660100719d2d904cd90836e6ba0630c8a84f6e7aed8f02,1,2,1,added
pool14msuc40fcjvwl2g6f9p2dxx24ekj7qvemla3pzkke6p86d4swzp,CUTE,4,2021-07-07 07:29:36,dbcb9de89ce1535071e493d42507ac68e88a4d76b8b2c20375715334ebe88094,2,1,-1,reduced
pool17hn4l9t5dyyq4sst5jwqhzvrgv74ctyahvhtcmshq3u47qpdxhd,MAZE,2,2021-07-07 04:50:26,1c28c9d3d61e142910af38cbee170d33d7ab2853b67008d5080ea38b80c44991,2,3,1,added
pool1n7zhzk2zyvqywfj476s4xk9h0xzncsq37469d8cyg37lsngvvqp,PUB,9,2021-07-07 02:29:03,3f12a328f9e1eb6d033699591860f108fcb432a0870c5f2c3aea306cfbe3929f,1,2,1,added
pool1a9xyvnnfjnujzy0n2mpf4rztdwrssraw5p5f06mqlgn4s06z0nw,LAGO,22,2021-07-07 02:14:42,5702e952e465f3c926544070d9e332111289cb7b6cc4586374d8f4d1944f05bd,3,5,2,added
pool17v4te44hk9p80028ads7znxatmxenj3jverwlg2qq2f3wwr5exs,,4,2021-07-06 15:54:57,41183866075761a830edf81e531995b322e3734f229b2f821db1f838430ba4e9,1,2,1,added
pool1k0xa8wlsntmjhtw2shj3tspqd4kjyquw9tuyx5s7zz5jsyw4y2p,WMOPS,17,2021-07-06 15:39:31,38a017a280126d8791dc7a875e7fc9747de8b73799a8247e070717b8a8c2ad56,2,3,1,added
pool1hqwxta8p0j8ffkyle5mf6yg80tucqzh8q9mszws60xe5ja06nwa,LUKE,11,2021-07-06 15:37:47,a50dbe6f88d68f07d9e7d27f44b7fe5a076a46ad78594c8d1eb3aee8b336fee0,2,3,1,added
pool13qqaukspw73rcpxj0qmvlahm4ch5dc0rr2qfx02hxgzncvqe0nc,LEAKS,9,2021-07-06 15:35:36,3ad7fb409a16ede434ad3cafd685e2c4725121fc822b1570aac55b61986448b3,2,3,1,added
pool188rwerlxm4se6qzlz7g9mh3zrccuh492ma0wemuuvyf3zgstqy4,,17,2021-07-06 14:48:18,6705ad08a2f2e4525b6b8e22fc45ae303767f154d2c4f27cd7e5ac65c1023ce6,1,2,1,added
pool18qph3xrjkds0hytfyrrm0nwxk29u70q3hz8d2qz5ru0uul04v4f,CABAL,20,2021-07-05 23:54:51,5c614578f77ba0f1b9272b7151e079bf8b2ea1ff0353ec7abd5595899dcd5f70,1,2,1,added
pool1mscll7kd2y9c56kv7thv7kv99wjvrr72uwpmuhphaltjz0pkuqa,RARE,5,2021-07-05 17:04:07,e94d483ffedefb7ec742599fb9d908d86ee83acb0d67510361783279fa472e80,1,2,1,added
pool1q0memmdw4ktr88fkma53tqgkaqeq3wfc476le59rped4cu8tn4h,JOEY,5,2021-07-05 00:48:18,1f6ffd19f2aedcf993154e709dbf6973fa5dc81ca4c4a3c30385a40dc233416c,1,4,3,added
pool178j8pevk04pay4lgz29c9y52k30xql7uaj5zdsqzpa9jwkuhqn5,CASTE,3,2021-07-04 20:57:04,2a8b201e6759079ce6e2c398e8cb3d2bb8f3c34f40f7830cba0449bbf327b9fb,4,2,-2,reduced
pool178j8pevk04pay4lgz29c9y52k30xql7uaj5zdsqzpa9jwkuhqn5,CASTE,2,2021-07-04 20:38:16,adf3b41d7c18994cd72f5dee95f9c9bd71877e921c99c0e33f3f99ebce7eda11,2,4,2,added
pool123v70pyw5tzkdwwgug56j6qy2msg9hpvww0jpapqvcg96ep4nj8,GADA,4,2021-07-04 15:56:55,eaf6b65b9265b656aba4b42ef52e9e1b3450788bd98e60e171138bd092543728,1,2,1,added
pool1ujy0vpwutsk46v6sytvd2xxszzp4neencpkph5prl20vssnz3dv,,5,2021-07-04 09:10:25,a7d69ba2e0505d248ee6687fb20b2d74457008868fb129bc6c06414dea7c0f94,2,3,1,added
pool1h9jr0f9evk3raxlljq6mt4gj7ej4v82afvnlc2wh28rwy2d8lsy,RUNIR,17,2021-07-03 18:43:47,19e1b0d3ff8c141cbf17a27ef5c1ad5028acd4ca34d66c1f8acb7e357115f689,3,1,-2,reduced
pool1hr39htmhccu8692uctc3kxaye3jjc6t7366t7st4tvc37sp7gfq,,4,2021-07-03 12:49:37,28f935bc8c1b8ca0ae427f802fde6d95a79b4bb12acde49ec0cee8967321a94c,2,1,-1,reduced
pool19seeqvu6hfr3qru6kx3rp4khymssa82j00jfm3d6k3ua590wdwv,RUBY,2,2021-07-03 07:03:28,71b58f941d0adf9a3e30bc8600c51eca42c7324fe2dedf274a8cc38803659d99,1,2,1,added
pool18qph3xrjkds0hytfyrrm0nwxk29u70q3hz8d2qz5ru0uul04v4f,CABAL,16,2021-07-02 20:12:40,411cc27b98f61c47c0e3517c30dbf7b3f3795554938a3715a037f628aee3935c,0,1,1,added
pool18qph3xrjkds0hytfyrrm0nwxk29u70q3hz8d2qz5ru0uul04v4f,CABAL,15,2021-07-02 20:11:32,e9ea1ec7e286c22e8a57bd9cfc2375d04a27c33fe62dee213ab7a4728cda6444,1,0,-1,removed_all
pool1w9ksllt0ktnztjdzzlzaqfh7tzspu09xf5l08flz0cadyq0dv3j,,8,2021-07-01 10:33:09,17600b93a23882930b17840e7c3958e65fb6c8ccaa3ab58df627002c1d7b72c0,1,2,1,added
pool162l5mllj07f6ca7vz8ej5cydxtse0pzxlrdhfqpj6gusylylpxn,,3,2021-07-01 06:05:49,14fcab9a2f2a61234d92d778b32f2db3228aeea57a0ab64c46a378a1fb6af758,2,1,-1,reduced
pool1cmqpzlsrrjup8zg6qaperz868u64dlt7uvvdszsr658mvzz9qq0,TREK,6,2021-07-01 02:03:19,556edd7b6c46b442eecf7c37a850956832822b56a9784a26a87f2fa40a00e87d,0,3,3,added
pool18zf8txwv8lmtpq2src8wrhz0pjut5qft8h5tfxnctwc95r7jvvj,Malu,5,2021-06-30 13:05:02,12b3701efcb403907ce2909675fda0fd34cc15c0e6965d716816faee9432b2a4,1,2,1,added
pool1ll76vzv3atayse60wym6wms3mhpyvn55cuayxxtzjpetg03xpdp,ROSE,3,2021-06-30 12:16:23,b3d1370e32db55b78663f4c78ddde90002658ab1c2fdec7f738dc1375c9f17d5,1,2,1,added
pool1ujy0vpwutsk46v6sytvd2xxszzp4neencpkph5prl20vssnz3dv,,3,2021-06-30 10:29:55,97c4133cd56cf6589abf80e9c63a606ad5f951f1b163905d7986ed50ee89dc92,1,2,1,added
pool1zug38qs8r3ggmzqnqmyxkz34zy3gc9uw3pn59g5gfjwcxdskxjf,VERSE,20,2021-06-30 02:52:17,4ff91ce7c131e8c80b57f368f3e71db7c300911df13489dae413bdd4a3f7d907,3,4,1,added
pool18gys2arurr8su3qssvh7vjcn42k5clgrvdxah8mxcg5xquvfu8p,,103,2021-06-29 15:49:26,cf1099702e637f0e7455c00ff6b83bac8fe90f291f9b63d85708e677a0c2e393,6,2,-4,reduced
pool1qa2h3hha0m5he0429ym7tqvsn89nsddvn7wgkx3v8g6hsstdzc0,SNSKY,6,2021-06-29 12:50:14,945cd03963940dc2eea582131a60cd5d05994a51276b6651f83d8bcd60f6d5b9,2,4,2,added
pool1nwt6mxqus3tpzrshky5h5kykz9rjpxmacrvw0z6yak9uk5p5045,DNEWS,4,2021-06-28 23:47:01,c8f76b5d9447172ed2a023ed60365d8b81d610978a99fa4953583814f9b6570b,2,1,-1,reduced
pool1nqm7rm98j5z027kdfcf09kunacz2w672xzx2ucdxacs954r5dul,SANTO,4,2021-06-28 22:14:54,63e2f86431dde09ca86519fd9021c3391dbf0ce33586cf2dc9c6e1bcf35a5463,1,2,1,added
pool15uuf0sz5w0kp50wmflxml8ffnz880402nvj54e40e7l8x06y5e6,MEA,13,2021-06-28 18:36:58,8fe321d2c4544c13e1500ddec11478843a4bc6891582f858940a69020549f157,2,1,-1,reduced
pool1mchqp2fr7mwsz6jrpplxpr0ekmwafev8arl57wwxfck5x0dwv60,,7,2021-06-28 18:36:58,4b894efdf87675d6d21001061a0901f8f92c4de1a57d6b03977adb03d9260f3c,2,3,1,added
pool1a44j6jas4sjhh3qc96r8rmhsdjxjuntuzxr3440jzwjjcysl9ca,MELD,6,2021-06-28 08:22:14,35c036ffb03ca8e043c069a92f19fd8c07a39e8dcde4542718f7338545d316f8,3,2,-1,reduced
pool1mk9k389xy5szdzyc0fpty66fu93rhwnar3202vy0d7w9ue2rycu,,5,2021-06-28 06:19:28,43e15fb499885414ad3cb7926dec9aeb42bbb6786cf7dc85c93a8a33a64e36ee,1,2,1,added
pool1gqk5pzqmrc9c6030m5sj2s3560ymm5ymq3hqjmz6vfdmx4mw5gs,HIST,45,2021-06-27 23:32:58,c340eefedbf5e8f2c209cfe1727e41a8d38f16651b30b3f5f8d2b70663bebd8b,1,2,1,added
pool1fs2m5rmlx66crcwwrrsf2pcxjhvk7kzdurcqusd3v5gm65cufnj,BIRD,38,2021-06-27 23:30:54,8484c0efd556a876b79b74c1115e9bc6b20bf71bcae6c7604923c6c6f126fb42,3,4,1,added
pool18gys2arurr8su3qssvh7vjcn42k5clgrvdxah8mxcg5xquvfu8p,,102,2021-06-27 07:39:10,39a14c80a1dc7fba7bf78dbb39da36525b463d8b6659b6c57bdee679ad8ce572,7,6,-1,reduced
pool12ur7gf2psr2grf83u6gturpv2je6vxq9rkg8malygdxqkwnqc5h,,2,2021-06-26 14:15:17,3393b977494510272ddde2f2eebdc899898b2af600cead14280663a75f062a79,2,3,1,added
pool1y5fze58uu0cpkmu9zr56kfyzjgff80mjr8g43nsm48ymxeezq8f,,9,2021-06-26 03:24:26,3903d3c3ece60b7086576b9dbe588c9c4b0c587e4baca176e739949149117898,2,3,1,added
pool1arsqn9w87wpqlm0sre66gs79dcs0jmwulytgke3vut7u62lttu7,LATIN,14,2021-06-26 00:05:59,d1db638ca1daba473f642450143404c5d0f8b2740240d2fb97f5416e47fb637a,3,2,-1,reduced
pool1vnmt64rmtmpuxhsc6xcfj4403hfw2wma575m0av0832cqeplu2v,,12,2021-06-25 12:44:46,c28003d6df91c1e16c9eff318ff66f083e5e09f0d3451d9c2d8f61c602a55531,2,4,2,added
pool1vnmt64rmtmpuxhsc6xcfj4403hfw2wma575m0av0832cqeplu2v,,11,2021-06-25 12:40:26,7a114a9fad55e84eb1893dc6062dd23cc4fbce49eb23dd3d3a0bf6a0f9908bb1,4,2,-2,reduced
pool1paxzxl23ygch4ad08m8zu477atpfumdeg6uyrvg579eawvsy77z,VELES,5,2021-06-25 09:40:37,fd406776590cb4a29f431422c821e585a50e1f14e62c39a74c594e79ddc9433f,1,3,2,added
pool1vnmt64rmtmpuxhsc6xcfj4403hfw2wma575m0av0832cqeplu2v,,9,2021-06-25 04:58:37,05e2abc55a4459adc0bf1f0a9ea2b69d9db9a10e1d8213006e936e591e5f1798,2,4,2,added
pool1cmqpzlsrrjup8zg6qaperz868u64dlt7uvvdszsr658mvzz9qq0,TREK,5,2021-06-25 02:12:33,876ca881c93a8a8bb110e42d77b7df0a5c3e037cab7b9bc5460f490da5014ed6,2,0,-2,removed_all
pool1q5za50d3sr707xkmjtyrs0v76ezxyj8g8uhggfk0wfl77aufd9k,,4,2021-06-25 01:57:30,6e6f95da1b9352d6768cc287d10f4fc2f7e41db34e2793216560dc0f80bd7bd2,1,2,1,added
pool1v6q842vfdg4mhj3jt7jh9shgeerydcrrz5yg26vf2gzagyr5hkr,,8,2021-06-25 00:25:52,1683f04edb54834d907e947d1c2cf0e87687ccb4f28306f0ee5d1bfcb7dc1130,2,3,1,added
pool1qadgwr92pgx0yz3u9n63f0s9ugryaud6wxers850z6sfu06y3rg,VITAL,9,2021-06-24 15:29:39,9b0972f5efab18341563c779482b60a1bdcc1945d70058e2b91f7f2b48e6c913,2,3,1,added
pool1lhgjma5lejn65er7lxfsqxa0lgcv9r9wrntse9wjm834qp89chh,,3,2021-06-23 16:16:30,32107a4dc950ea65ba9eb20c6bb0febada47ca84f5bde8546629960fd8bc4c09,3,2,-1,reduced
pool1c38rf777lz0lweuz856xtetz2p2tfq04xfles089839tclt4dp3,,8,2021-06-23 14:36:34,e01e37ac718a40374e4c4026ee403cf7986409db62169a0660b9d74048d747fd,1,2,1,added
pool1ac0erf0qsxt9v75gmch3rq9548m889s7tshpwppp5wgqy5j32mh,AXNSA,7,2021-06-23 11:55:37,225433d3b491cc90f00471a846d5c0e4d482e1255a95d38d0e9c64e03a3a0d07,2,3,1,added
pool1aum2mx8ds554pfm45el2wn3lr7lsnphlggxzhk3qlpl56qnffm2,AMM,10,2021-06-23 09:22:50,90cd85fd0ff464d222d6f249d609b9abfb306d050a2d695871076dac856c2b61,1,2,1,added
pool1t847w2hfv33qrra7q33nzq8epvcxv6ydshcq7w7j23c87xv2c2k,CAPO,5,2021-06-22 10:10:42,a7b3ecce52ac6575ea2556b78e50ea504cd05314199885dde073a71ddedc5b44,2,4,2,added
pool1ghsq6nqsdmxxep9jrfml0j6jk935uhq7d9l5a0ltllev7nk2fa0,,3,2021-06-22 07:15:01,f7bc757af92b4d17330540b3600648514ea9e34208fad38dbfc378d3dc09ded7,1,2,1,added
pool104ug5smdp7ykd8qjcvk9vwjm8yjldwldymcq2zlueymzje6mu3q,,4,2021-06-21 20:07:06,2b36d27d1e1a68e7a9bb79a6244d3e637d9a26d735f590601413965b3336bdf1,2,1,-1,reduced
pool1prwcf5nlqz4faek27x2asyjk50fp0hf5tptumzlxpuvtqh3ulv9,QUBIT,2,2021-06-21 17:39:04,111f5b8e722b593452cd4088fb3d96a6a339756e639ebf4923cd459221338f7b,1,2,1,added
pool104ug5smdp7ykd8qjcvk9vwjm8yjldwldymcq2zlueymzje6mu3q,,3,2021-06-21 16:58:37,0cf541de780049c7e559540dc66e0499cb27a6c99a624b4b863cca1920aedd9b,1,2,1,added
pool16x0sjyw7rurtka3apuy46mvd53qm3e6yppt3t4alklp050qr3up,,7,2021-06-21 16:16:09,ebd2597a6f1df27036b2e8737bfbe91c176464dfb0962225602d8f9c6a66506c,1,2,1,added
pool129557r2j5fdr4hjjz3e2n3t4ypt9rvkpy56pq3y7rsw7jzvalq0,,3,2021-06-20 20:38:15,239445bf53b7c833e33aa28d9b56557220369171ab13cc154152f3ec9ff3f0b4,1,2,1,added
pool1aum2mx8ds554pfm45el2wn3lr7lsnphlggxzhk3qlpl56qnffm2,AMM,8,2021-06-19 10:44:22,f23494df628e7a06b9729a2ec599bbae87afc4c60f54cdb6314ba882062f1561,3,1,-2,reduced
pool1th6xh9uks6rywerld5aya0gc3yswwrx3yus9zvehyqaky5c6utd,AVOC,6,2021-06-19 01:57:22,ce0074bad8ada3f6a8ac8e9289d053b14be94915211049b5325a19ca13f887bd,1,2,1,added
pool1hxdcr4u22lytge79hr5hds39e90jsdmhafphdgnn4hlqvl4qlt7,TRADE,2,2021-06-18 10:15:58,3d00ca6b2d371f71529828663d76fa705be601f2475087584b03f5ab1796080d,1,2,1,added
pool18qddv82sx8p22uxzdrf0qx9lkewxadlr9ef45kpcf7dzz3n56qv,ALFA,4,2021-06-18 09:05:40,661d5611270d50bf039a241b8f9440bf21dd0932f3bb4d598216d6f610a79df5,2,4,2,added
pool1xtmd7d45vfw4r9caakcv40fq5my9wut96hc42vzefk7xkg07as9,,17,2021-06-18 04:00:02,8cb1faa370e8b4cd9bdb84986768519431d608e0a2afcfac9f57689dec345ad3,1,2,1,added
pool145v4l7yyrrfsgwq99yl7rtr6xa3jmdj738wlwtv8tkp4qgvvl9t,GDANE,2,2021-06-18 01:13:21,846993d500bab21f7f3b9259ad87c9322657321eae18fab2f5876f2e680e5ca9,1,2,1,added
pool1yrqqa03ea5fdh5hnap99k4actjtj6ypeeauuwrvf8d3zw9ywvye,,10,2021-06-17 22:40:48,570398514da7518f21935cc68743d2315940215431c2e11eea50f673791c069a,4,2,-2,reduced
pool1wm5quxelvgk8q50jyfznf9asvelp9zf0tk2wu4jazlw9yj4uctw,EU01,11,2021-06-17 15:11:17,5a40cb37de6b9b09184346aceb74112eaa515f9f8d1d78de959d75bfc1f4bcc8,3,4,1,added
pool10fxpa6wkv0wc6wcmahcnz4wvvfx9m7547sevxrge3nfuv7yh8m0,GRANA,13,2021-06-16 16:31:53,cf4b76e21a1a5f1c7d4e446c0d1e18e93429509371545bf9de1323c36d248a55,1,2,1,added
pool1scf33vtacfc9ga6rc8mgm72x358nha67hc85a34ywjvncxaan5p,USSP,3,2021-06-16 15:47:08,2450dfa7f94949c516f2fd55a75f8ef5b17b08f64c3562620b8eaff929bc78a4,1,2,1,added
pool14y230zspjkhezehue4p2d9q87xh3p8a0vnpugzdty7gwcruepps,FAST,14,2021-06-16 14:05:40,e91b2fe2fdd88af555ff28a4e9bc0c2cd0d7d403f84bf76095ddef9696960222,2,1,-1,reduced
pool17ldnu9mcllycx0klst77xzk2s7qhu2xshrgrg9zy74842476era,LIBRA,6,2021-06-16 06:23:14,7988e82d98655b3a12d97c981ba77035d2c08adbf954dd631e2deabb715c5fc8,1,2,1,added
pool17ldnu9mcllycx0klst77xzk2s7qhu2xshrgrg9zy74842476era,LIBRA,5,2021-06-16 05:58:14,6179c14edbb735fd3102879d372f01037df762da7da41fc914c5c0001fffd1b9,2,1,-1,reduced
pool19n5ml38q5uedy8kgwwwtlsa3p9tmfcef0lfjp42k7j9d5mpgs2m,SLR,14,2021-06-16 05:54:20,05bc8fe6c75f737cbd2381f982abc3f3478afb27a9cd5a3f4403b7d8338817c3,4,2,-2,reduced
pool1dgmuwu0txducah4pes4e2avlcv98wedml33kdz7ujtrrxk8xv9y,XORN,11,2021-06-15 14:02:10,cf77dc0cfb12ef656eb3d904c56357979cce40f8692a6c64bd0e311cbe4ac3f0,3,2,-1,reduced
pool14fka0t3prjrldjkavqc6vs0zyngq7jw9edek57js94g9v4r25rg,,2,2021-06-15 10:26:47,b5f8a48be30767dc690d922bc413095f8c53defaaf93c2610fceeef27e2f415d,1,2,1,added
pool1pnjpjwplwycr9f8zs40hnvga7zfwsgxe49crqsfgkjnvkn54sd5,,13,2021-06-15 09:58:48,9c58e5ee263ea47c421d38032e335d9d99dc8ef87daae27010a45e82c68b9669,3,2,-1,reduced
pool1pnjpjwplwycr9f8zs40hnvga7zfwsgxe49crqsfgkjnvkn54sd5,,12,2021-06-15 09:47:40,b5697c04634a8b3e628fa3cb34bca56b562231f2312f8d67b90d3c4341fec8f1,1,3,2,added
pool14w5ask2gdumhsqwjft86qhrlm306hvyr7a0pzhkwrsznjsy6ar3,PTP,2,2021-06-14 22:41:50,64cd7c15f2a4f68a70607a808bb6fd7ad5cb52fa8fa908ccce13925565537cb7,1,2,1,added
pool143x8nhnr3j9mpzvhayuaen0y8l350guj6yd8mhmhhuupvuah3hh,XSEC,2,2021-06-14 14:00:21,5be41b3418ff4409fa3f0cb1be68c2a19692137647cc833c72acfbb9bdfe6df2,1,2,1,added
pool17ldnu9mcllycx0klst77xzk2s7qhu2xshrgrg9zy74842476era,LIBRA,4,2021-06-14 05:32:41,f747e720df5ca60f1eb5af8c7ac3be806cc096f2ba249a8d333346947294f2c9,1,2,1,added
pool1ja80t0htscp6v6htjr276ycj7v08h5ds6ued7qyr4avzztj8wfz,,3,2021-06-13 19:23:36,ff28c56c920957e6dba1c7adda23b8a85f77713bdaff4750c494802f3cd5a6e5,1,2,1,added
pool1cmdq8atcy8x7lfhh09vdumveuh0ywsx0269ur774nvzkyhma37d,MOMO,4,2021-06-13 03:43:25,f8a6026a2c82edd3a6fd16aa580107551a36d20018d7493c8eb625541a08455f,1,2,1,added
pool15jc92k3rhksa3uf92sluqhhnnetx04l49xttslx67kuxz5e36e4,MAYA,4,2021-06-12 17:21:21,078043c0d36a4b74338cce51513ba3fdb04e777f754543d3284c8bfb25da3efc,1,2,1,added
pool1zfca0a6fvll53qmm5ehckl5vz76jxgvycl93hq6yc8d5cgf4tx6,,2,2021-06-12 10:30:18,db5be85cbbb63c40d8b9908315c5cf4dece6b4b6bc3ce05966f39d1744a02f19,2,1,-1,reduced
pool1gn5txrx7ay0pxs7cj70ewxpqx64sqnptnkc4u3zghxv8y2y9sxr,MRSP,7,2021-06-12 07:09:13,c61e2ef67a6d10f743aeed86a16ba5ec30ef08e1bfebcac1ddcb29e479780fcd,2,1,-1,reduced
pool1dqlgn7smehsnj5ztz8almy2036lfhrdjv79nmg9tmje0zzt620h,POA,12,2021-06-11 20:42:07,5bb700d1ec41ad40e02195acdb9ffe6cff7a685ff0486790408676f228bcedc7,1,2,1,added
pool1dqlgn7smehsnj5ztz8almy2036lfhrdjv79nmg9tmje0zzt620h,POA,11,2021-06-11 20:06:54,1cbb798a2b26a37b11828c1fd3a67506de3978035b586d659df922d786a7dfb3,2,1,-1,reduced
pool1wll3vr4v605eap9hpjfpda5cjegqfkjt8hrz3kkxpnffqejhav3,,11,2021-06-10 23:47:42,c38da17867aad4be4830de6403dd0901ca0e2c81d11cf309d5e09267edc94b0c,2,3,1,added
pool1s4a3y5ktdg7s08d6mntkctzc739h5n46t930jggef287cwz8pph,,10,2021-06-10 17:57:33,de080acb4ed0e183678f9bba4cb498feaa56927c19fb0967ed08c7156fbd9113,1,2,1,added
pool1s4a3y5ktdg7s08d6mntkctzc739h5n46t930jggef287cwz8pph,,8,2021-06-10 17:46:59,8c3fab8133de43b31888932db62c5c4ba3ae8306e6fdaf5fe9f962bd07640b67,2,1,-1,reduced
pool1fs2m5rmlx66crcwwrrsf2pcxjhvk7kzdurcqusd3v5gm65cufnj,BIRD,32,2021-06-10 08:08:30,45d1410fe912e65ce7b16d638b724834815324e69d3cd3ca2e61c9289bd6da69,2,3,1,added
pool1zug38qs8r3ggmzqnqmyxkz34zy3gc9uw3pn59g5gfjwcxdskxjf,VERSE,13,2021-06-10 07:57:31,4154875f3a61cb35eb24eaa5f0e56ea20ff749d6bc8cd4ab311781da8d94ec95,2,3,1,added
pool1509aw97y38yl6cpamvpzv58hh9c6lxrggxssya9twj9f6xxd394,HKB,4,2021-06-10 07:37:49,95412bd4be80f737f1912811388b4991e1f66fd6eae92ed8ddc321a3bfd46bb4,1,2,1,added
pool1u4p03p6eextu3ge40f2za7lspjz5qkaw5lmqq6emx3qkqq6yjvr,,8,2021-06-10 06:32:58,2a6fa155160c3fbb6f3a59b0e083a5ca7135f21dcc1d73194355e0c2fbdc3321,3,2,-1,reduced
pool1gn5txrx7ay0pxs7cj70ewxpqx64sqnptnkc4u3zghxv8y2y9sxr,MRSP,5,2021-06-10 03:49:15,388bba8bda35ea3cd16e550c444f9755846900232a9efe000d2bfdaab71caf7e,1,2,1,added
pool1k63gzudxnchvnj5c0t6s2vurqu8ke84uplr7nemknzpl2w37vn3,,3,2021-06-09 21:50:34,06eaba6e99e816ad617f9a2b7f1566ea0d7b5a0bf8bf257d4940d0cac6010a62,2,3,1,added
pool1lagcrwhhy24grdxpetj5vwwey6z8ncp7gx9gdd5p7gnd5f6urcc,,12,2021-06-09 19:15:07,c88254752f3413c7c1e2159f7518c358896f6c356af02c2d47ecacd4fb1010ed,2,1,-1,reduced
pool1w5ws76te73pjhep4zt8axh2r6wczm0220gp49fmfnjmzvtal7fe,,5,2021-06-09 01:05:54,a9045104d3a4e7b3eb55ceb1a877fdd40cf78c460b7c28e2fd7251c726c59293,1,2,1,added
pool1vr8tegnnjtvfe7me66qrchaq6ucmmxve6anuuypwn6s3zs6342s,WING,6,2021-06-08 19:25:54,040538f6717aef5e41b05b7155d6493996c8236dd3b90d79594424a00ac5d317,3,2,-1,reduced
pool1x5dfpgp987e4jhxvgczr3wv50nv2pwd873tlx3uthvcasm422q6,QXT,13,2021-06-08 18:43:23,b842b113b5c67dab898b0067f6bd690377e797361b96e10c67b350ae5eb4d343,1,2,1,added
pool1eal2z34ugj8a0ckykd6xx45dz6jwdgz4cuvutk320cp4w8t2sm4,,2,2021-06-08 15:08:04,b6addce12e2f6e67ea0350985807465438644afb4c5b455036707aa984e0d709,2,4,2,added
pool1q80jjs53w0fx836n8g38gtdwr8ck5zre3da90peuxn84sj3cu0r,000,12,2021-06-08 13:43:06,ba121c5afd5793160e6b108eb873d1260b07fb5865afd7a4c53d61cf2f008534,3,2,-1,reduced
pool1x5dfpgp987e4jhxvgczr3wv50nv2pwd873tlx3uthvcasm422q6,QXT,12,2021-06-08 10:52:14,003a6ff609553daa1575d7263fa9ed1b7e3dbc614d8facaca5528b87cccc6af0,2,1,-1,reduced
pool1yd30pmjhfwy0dhpvdtahhhmgqp0qxw3auy5ammtmug2lgfm2vn7,CASK,3,2021-06-07 21:15:38,974170b866e98adaa88a95d74cd6de1addd79cd136b81a9e22ce54538b82bf11,1,2,1,added
pool1mchqp2fr7mwsz6jrpplxpr0ekmwafev8arl57wwxfck5x0dwv60,,4,2021-06-07 16:19:07,1a2708be17a282d16f1c92c9b9c703d1fa1cbaa3a52c0699dc7d545ed1c42308,1,2,1,added
pool1pclcqwg45da00d4py9qfry3k86w7vkzjgfmvyrpx75g7u8t9nwf,OZZY,5,2021-06-07 15:36:58,3080a9509265dde03053cb38cde41af783c33545da4d57c591d18f2205045967,1,2,1,added
pool1k63gzudxnchvnj5c0t6s2vurqu8ke84uplr7nemknzpl2w37vn3,,2,2021-06-06 22:44:56,2894a1cff2b93166a4575bd7f50fee0d64a6fe72503642ef4cfb9d381390e6f3,1,2,1,added
pool17edtg9kt83mpguyh87u6ju2fkgjta4jjmmyzj9n8tsf4uwalg7h,,2,2021-06-06 17:26:26,c7402101f18c190a74855fe0e6d03c27cced6bd0ecb89b9208105190e2794d6c,1,3,2,added
pool1fk7lk6x7j6jkxuvl0het8nmunra4g7370mw29f286dv9ylegutq,WISH,4,2021-06-06 11:49:53,2f23a3cd992e341a902e7db4535ca978ebf8072c480c95a32fca7282177abdad,1,2,1,added
pool1n7zhzk2zyvqywfj476s4xk9h0xzncsq37469d8cyg37lsngvvqp,PUB,8,2021-06-06 00:59:47,6d967f234c5038a8bea22acbd5cd724866ced35127a7795ade6ebe9d9e4e774b,2,1,-1,reduced
pool1hcjc7d8g0awkledqs4ne8chl4gqmcc57yucexw2pyzll7eq84af,BIRDS,6,2021-06-06 00:08:19,2c2accb9879f1a5f7d0a817dd11e8b793d7da8954bc8fe589df7e1161c1a3324,2,4,2,added
pool1cace8zqecz9rkxfyleephhwd4xj9r4yw70cgxne2jz6e7xusjcn,ST4U,3,2021-06-05 20:33:19,2b6a5a536482801ba37591da6b33dee101779ed2de99b52c1b8f5f941acf6117,1,2,1,added
pool1ept87cczsj37l6wuwem6ed0teuu5ed5ljp6kldusqnx7xhsp02p,,3,2021-06-05 12:53:36,2a6c12042a924acc068a8e6426a807313a2f43ff45ce4c58bc7b631f4f37a53e,1,2,1,added
pool1uqrecfnsa6pqd2tz60r0lcj4kunhc4rrw8lldrpdvfx9qfjd6n0,AMS,28,2021-06-05 04:06:30,8657fe816be4cc9eba564895160482256963b06a51217cca964854b2e13edd50,2,3,1,added
pool1yctcnexnjqq25ve5jh2dh6zswz98leafjcq356lfspsdk9z690e,,2,2021-06-04 23:53:23,14bd8322f329a6106910828fadc80ea9e01879e2e312680e002288e6946c5eec,1,2,1,added
pool1drrfl4ef8uwaqsyjpssdp8epsflnwdjdku0gx7ycc6qnsqfqv32,NFTY,5,2021-06-04 20:14:32,bb4a347740a934480917f88e096bbcab6362ac9ed1464a3dcff511fe4ef846e3,1,2,1,added
pool1rk28hp58ptwapha9nc944ast32gln8a7hx6eue0gzuj7sndzrhk,NOCAR,5,2021-06-04 18:21:06,51e1136a82f8768618dd739a0cf50d817718a5617d9629bad8011e2fd5c49913,4,3,-1,reduced
pool15zms2hm7rqffqcdm2kzkv7kz02w6j0kzkhyvn0c4dfctjaaqggt,,9,2021-06-04 16:06:18,036b9d3cce13c26d49b09bc1760aa4e2479abf2348bef67f2e2a64cb3a0a0ebd,4,7,3,added
pool1f007ygdyxyl3kjs9fr8466q0ql3qmhc2yrr0y4rdxt3s5g9ftsd,DEE,8,2021-06-04 15:43:37,d1011336404936d004f2bee1e6e75152ce129d6206b7aea998c7896473e0b4a2,1,2,1,added
pool1wt0pf4u2xktp0f7apveu242w6nkm4ltk3m8g039lvuhwq4zdtf3,ECO,20,2021-06-04 10:35:31,25767d2f86140fc0f128193cd7e6d0906496e93038bc1871bfe28c3f99560879,3,2,-1,reduced
pool16lwqfp7cpvzwn6mhu0gj3h4aa5k6j9my0he4mgjjva5f7vvnkw2,ANEW,7,2021-06-04 06:38:10,8b1e470ee23b6e322c9d9818b3b417b7d8ce3865a636750cadfa1787f98494f9,2,1,-1,reduced
pool1pvsvhzqlrtmseg2mlk600hzs7zqztuqm4ytxyeupa2dyjzs33nr,,7,2021-06-04 03:44:17,7641dbac4db9284d177c70f11ffd50f9a81772c09245d685f9ae149fad3cf78c,1,2,1,added
pool1dthnjfd48kvqsn52nmqpghqhwrn7k4lcfnfdycfmknqe5xpkjcd,,3,2021-06-04 03:44:17,3b752e7ec08e3d032c6f650452db4140c42df948f9f5aad39fc484135216dc59,1,2,1,added
pool13qqaukspw73rcpxj0qmvlahm4ch5dc0rr2qfx02hxgzncvqe0nc,LEAKS,4,2021-06-04 02:35:01,dc2f2ee1101fe7cb75d44fe3e5f122a60e1afa9b8e2c7cf3f18c6ea0e4b3a049,1,2,1,added
pool1hqwxta8p0j8ffkyle5mf6yg80tucqzh8q9mszws60xe5ja06nwa,LUKE,7,2021-06-04 02:29:19,4ff3754d2f5f3c8b6a36a9f5f6654cd2b20de58d0d5a109a51a7fb76ef282e0b,1,2,1,added
pool1k0xa8wlsntmjhtw2shj3tspqd4kjyquw9tuyx5s7zz5jsyw4y2p,WMOPS,11,2021-06-04 02:21:06,d86820c0781900b2118746841859c9f714b1db2f22e53248a630c7846cfafc8d,1,2,1,added
pool1c89d4drtwn0048mekkdkzllz559ahnntxelyw2mppxnmc36hjlx,CLIO1,5,2021-06-03 22:20:17,52cfecb805b564930c5defe55d9f7706428b782949f0a2d18e0757fd4bbe319c,4,3,-1,reduced
pool1wg2u58u9fgnf374hruvtpkgsh9688hgfx28huf6zt6edvy3fckx,CAFE,5,2021-06-03 19:44:36,d786b97ad00425816e1270162d9e4642fd8121a9e36595c7a932ef44e5368a7f,2,1,-1,reduced
pool1lvh0pd5n8c3cjzhgef9y6vfh7cver24hdve6ysnwpa42ys5emms,RAOOL,9,2021-06-03 17:08:42,a56e5d98b580a36467a5d4dc024bc30dd41526875bb7dd486d27c78de7f4be36,4,2,-2,reduced
pool163upd22vyphcg5gu90f0vm44gc04qwak6fl7vphdg0fxcp0ga8k,,3,2021-06-02 20:44:22,022f67792710251f3de19378f40a871f211fe1ced03ec5c1c8bb3c30b48f74ae,1,2,1,added
pool1xtmd7d45vfw4r9caakcv40fq5my9wut96hc42vzefk7xkg07as9,,15,2021-06-02 18:27:24,f416aaaefed418d858a7d44d6e8beaaa263e300c8d85526d9a6b3911f59503d4,2,1,-1,reduced
pool1v5g4rmkk0394q6swgfusgzjjzrv9ajy8qntgpuumegka5xhpgam,COFFR,12,2021-06-02 17:19:13,c24caa9ef2709165b7ab854dfeb43f4c9dd822c25f87f0ca48b022c4c5ff141a,1,4,3,added
pool1xtmd7d45vfw4r9caakcv40fq5my9wut96hc42vzefk7xkg07as9,,14,2021-06-02 17:13:27,89fb2f5a66b36ba3f62c50bddfb6b7b3f0e3ec8102e1f530544edd7c8033497b,1,2,1,added
pool1pg2k7lp6w68vlvdycug2ycu3mkrt0z4ftxay4g8zchj87mw6ug8,VJRAS,18,2021-06-02 09:24:21,a72330eb517d7db655330f1ca869e120286e5d17c22df52650c625aad0b637d1,2,3,1,added
pool1fu6ppur5uumrpydpeswzrvfg4epr68xw39aar9rcu56tk5ukat3,,8,2021-06-02 06:54:28,e22d9cccbbacecec166588e4d0ee74ac364c3eb38258551b38dc7dfdd5e32078,1,2,1,added
pool16mdx8j46kf7cezpmgt6pwhamd49qunfnr20wnj6ukgp2spam082,,11,2021-06-02 06:19:43,2ce45c01c8c614855cdcd8e5c63949b2a7773d1b9a1ef2d2fc005ebb4d13dbe6,1,2,1,added
pool1x0zhj6mavt2atvf4yenz6ql3m98pda8l6gmrscfhu9lvzy46y5k,VERT,5,2021-06-02 04:47:54,8b603b53357cbf207928453acd38191d1a1ade62296a791d736d2e6c199a880a,2,3,1,added
pool13qze0weztaxl9uje7gjryzs85mwlx0cn9pgdnkdxs3xvu78tsr3,,14,2021-06-02 04:28:38,d2f93166e32ab5702f15422028c1aa9e1101e8c1e011efa25f920053cd80758c,1,2,1,added
pool18n5hw3960p7su9dvw08w3nf7sgky52qzwkpatv3zsf52qy0vnk6,DECEN,3,2021-06-01 08:29:47,94eb6d55e767a052e50479eece5286b6ba7212d1491c67a86d66d2c634e7ca0d,1,2,1,added
pool1yrqqa03ea5fdh5hnap99k4actjtj6ypeeauuwrvf8d3zw9ywvye,,6,2021-06-01 06:17:00,1aad498d83f2b44da7f86e4b5b6c9fb9b2aa41af55515a13dfc67b3657c5d5fb,3,4,1,added
pool15zn2lqq4849ujttuthaycpamnyr8ae9k2pn2fkrlfzzsx4ek0tc,LABO,23,2021-06-01 05:26:15,08bcf9e465ffcaa5f340ec1ac33bfa81a76e0ca62f3047743639a3df215496b0,2,3,1,added
pool17k2dpgvx8spkdhgf5j7x5u7pqjpvlwa76sugwen8l3xtk7kq3c4,,5,2021-06-01 04:58:27,25c1e3eb11eea597b4cb3e2b55a50f03de8caf58c048ab1b84b9e712c463a811,2,1,-1,reduced
pool1kadxtp5d8lf4s0jz8qens8gsfsptahf6s0ynjtvjussmzvzzk8a,META,4,2021-06-01 02:21:54,db735c6ee4cda915bebfc0a4f8c04654611df6c751eed77faa0d4c62777f7f32,1,2,1,added
pool1ytszp582dm9u5un6mevt9czgcnuqhflwfr9ly4ukpeqcughryqh,LEGA,12,2021-05-31 22:57:10,765da43e39fb789da8da77d2bdf1fc214eac3476d96f05459e5fa5e2db1adee2,3,6,3,added
pool1u4p03p6eextu3ge40f2za7lspjz5qkaw5lmqq6emx3qkqq6yjvr,,6,2021-05-31 22:02:14,18169b200f2ac4e734f69910146e237c4c171be3e22d1d5b23b801247f26a305,2,3,1,added
pool1ksh2zpeeqe0rpcug63up5l66g3kr5vf58jraeun82rur6m4g6xz,TRUST,58,2021-05-31 15:36:45,62a558bf6f301b82584227e91f8300cef62a23e888dfd85a83bec5f6b48ce578,2,1,-1,reduced
pool1a3ekt9me035qgju0en2w39vjns9ggtewnc9fugsmpgczvgtl6u9,SA8,8,2021-05-31 09:53:29,9edb59ef171e71dd58bc6208747eafafbfbde2d86a938d5019095ebbc2772e64,2,3,1,added
pool1f9jpccuyf2enxlacrqvwzt3cmx6rgft7f4gpkgqn2v74c6jatyf,,4,2021-05-31 07:29:21,ec71e7162b2027ca1a9af37225d427886c0a25d33b72b322b413912db4005685,2,1,-1,reduced
pool1vgcwg06lyydtnukylyxfw8mclr2quc2wuhtlqzvr3ul9jnply9x,WRTAH,4,2021-05-31 04:07:11,ec80d8d4df10c23ab5ec10dda3d62e4c4ac513f315e6792fc1a3f14ef1522b7a,1,2,1,added
pool1vekz9v9ntugs7g3flpg2q3au8tp7205zsyl9kh03g72s7rz5hvm,BRO,4,2021-05-30 20:56:31,24960279bd56a6d706badbb3f4fed841f894717fa097ef3b10616079bdf0dbce,1,2,1,added
pool1wg2u58u9fgnf374hruvtpkgsh9688hgfx28huf6zt6edvy3fckx,CAFE,4,2021-05-30 18:29:56,0a4c216701d02a34c2c9ad8762a8654c4b910f44e7a2dbabb9fa844b0257f809,1,2,1,added
pool1akt37u42nfegyf3atv6c3c64da7dwa9grt9kjxa8zwj9qr4y8u2,LAMP,6,2021-05-30 17:13:59,dec05aae8f1330b5d315ef1b4486eac08d9b45f2bdaaf443a57a695e2f5076ea,3,2,-1,reduced
pool1s4a3y5ktdg7s08d6mntkctzc739h5n46t930jggef287cwz8pph,,7,2021-05-30 11:43:21,2297ff09d42b7758d2e1ff8c631533383f467f5fe46204b8959e78e53ec7df83,1,2,1,added
pool1ex3e0w92rktrqvyen48dl58cp8efp7vfn3ealgdd8fkhqqychgd,,10,2021-05-29 17:37:37,1681f6a8ae8b28d286957f09571a838fb9e520725a59e8bf01111f5fdabbda2c,1,2,1,added
pool1ld9hkah2dkzh73pvh9tf6xr0x28us34msv3zcv2sase5vhvq962,KOPI,5,2021-05-29 10:36:26,8605638009af0bd0175237481976b2aae4eb6da3664ca4b4af8e38bf041d545f,2,1,-1,reduced
pool10fvfzepq2udukqm3t8thyf66qn5k36paltt4ptexl9pl6j92tfj,,23,2021-05-29 05:23:53,9429d3875452c46bf7703e832a4112fec31cafd0b68bfc5f7c920e72ceb1beb0,2,3,1,added
pool1tnfd2sdstmjehxw0fd3x9wc07975x60su4xpv9jnhsam2cf64np,,5,2021-05-29 04:54:02,8ba7a046738e78069e00f6dbc92340d2346b14fbe726ae655875a8f99cd08dd7,2,1,-1,reduced
pool1chzrvd7wzmw8ufsehctn8fmf7ca27xf7d6f5tpreat7kxx6hwf9,MOBC,3,2021-05-29 03:41:56,bab3d71d00f4f8375d84a2be84cdcc576d98b3700648f69380f012d1e6d9d65f,2,3,1,added
pool1xdcg6kg0g4y3wqf92f8uh44urz06suglhff036k5yak2g0m8zlc,00000,2,2021-05-29 00:18:06,ff79972c110f567c572c0a007bf58794430d0634748571f636d4285c0e675a64,1,2,1,added
pool1mjehcx2qu7trxuzugdywuvdyqs8zx8kph23y6c7hhx69z50acun,,2,2021-05-28 17:11:57,260734b5ad07e06fe6297f63eb2f8b6982bd5376f0d5a5c5f0c778b80cd8c4b8,1,2,1,added
pool1l92x52u37neuc2w38wrgeu3esu9qzddmzvkvyuf9vfk5gav8nxl,,4,2021-05-28 16:23:52,9a53f4fee15e44b333f7a0dda31af91eb6ae076fd2b555fd32e9195f317a441f,1,2,1,added
pool16mdx8j46kf7cezpmgt6pwhamd49qunfnr20wnj6ukgp2spam082,,10,2021-05-28 14:46:32,fe9d333cb3bdfc6b80a13a32c32b429d130bdc2c407587dc2290b2527d98e336,2,1,-1,reduced
pool153lhpqpcms4a73metcjd439h8yzvht2yyjluuav9vfsv75gtf7l,AGG1,8,2021-05-28 12:35:26,db669938dd92e235dda10847590965575327abfa8cd161cffdee652e2768d98a,1,2,1,added
pool17k2dpgvx8spkdhgf5j7x5u7pqjpvlwa76sugwen8l3xtk7kq3c4,,4,2021-05-28 08:28:12,f44c0d3b3372845b37065e495200ce9e556ca1cf9eb7cabec3fab2268f631851,1,2,1,added
pool16mdx8j46kf7cezpmgt6pwhamd49qunfnr20wnj6ukgp2spam082,,9,2021-05-28 07:03:14,a429fc8bf99c933eacacd5847052841634275f28cc1704ecfd9f0fdd3044ea12,1,2,1,added
pool16mdx8j46kf7cezpmgt6pwhamd49qunfnr20wnj6ukgp2spam082,,7,2021-05-28 07:00:47,0c705e39f104ef048c506a729bb6df1dd3bc1f4e1d84c89598cfe6595ea1fc57,2,1,-1,reduced
pool10fvfzepq2udukqm3t8thyf66qn5k36paltt4ptexl9pl6j92tfj,,21,2021-05-28 00:49:25,4dc29bfadcbcb97e19e9dfedadd861075bc18ff79d266471b30f0faa4b226a92,1,2,1,added
pool1l92x52u37neuc2w38wrgeu3esu9qzddmzvkvyuf9vfk5gav8nxl,,3,2021-05-27 15:15:51,ec146ea268d9c62795330bec071241f98afac998a6793c9a10c868e5120a8b06,2,1,-1,reduced
pool1drv9qkh2tgqqucc0jp8cwswpmmkfzdd898ja7ac0uwm9j5d44tq,NIMUE,5,2021-05-27 11:57:16,eb99042c15a861e2a2bbe927f4a27f3ddd489b4a5e98b84030b92b95adaa9062,1,2,1,added
pool1mv9jm887f4gdpr0f5p8rerewjsdgvd29lt2awtdnmj3ggkq973a,,4,2021-05-27 09:50:05,51800f22ff61e9d1d279bfe9781d21dfc2b6950b64307ae95f801d59a38972d4,1,2,1,added
pool18jrsaddmrwtrdycydmk3zv0fxawnv0q8xh7f6fyp2r247zz9tc5,SUNNE,3,2021-05-27 03:05:24,320037c84d5f7d9d0300d6729375a5c4b0bd98d7eea43d37746c2d3678634542,1,2,1,added
pool1nu6c26gql6yhnpagsp6nt0phc36vfjr5q9x0eerm5534gy4jqul,,2,2021-05-26 19:15:18,284fe16523ddc9926ab2cd891abe50af22708ce35d5132b3b65a4e88fb48c669,1,2,1,added
pool19w58kjpq4w808n8mgfzutfakngudwjyrdga8mkv3z9vwkn4x9p9,,2,2021-05-26 15:20:00,dfaa0d7ac869df6eca69a5bb2b433b554d8449b7e89f5b56bce8c6bdcca37417,3,1,-2,reduced
pool127gdv243hfcrapslaqq0nnh64u2gts72gtrt4888g6g2z0zsu64,TTS17,18,2021-05-26 15:03:45,d206a90cd79277c40685a1e36956023d12b6c43e9ed510986f4b9d4848049fbb,4,2,-2,reduced
pool185de843ugva6zjfd9wz988xg80fwke6cjavkwup5e45fjrw6uha,MTL,4,2021-05-26 14:03:45,d8e283a8a2ec4f6b5701f67a5017718c8d072448fac233ea786ed77b941d576c,1,2,1,added
pool1rd02pkrtvme3pd6fznltk62e4cr5ddgq5fmd080neu4mkt8r020,,2,2021-05-26 01:44:15,8f3fde079da302b2cb9e9c49ffeae009e1d8e305e072c6a7b6746d311977ff85,1,2,1,added
pool1ugwj76z4cx6sywscud8ntd2m9tg3gyesmnnl35qr2l5mu06pe3x,JDFR,2,2021-05-25 20:08:48,4afa62c72106a99c5370eefa9e73fe7a12d025a649a24925920eaa7bf7ff152c,1,2,1,added
pool165uzxp7wngre355fekttvhcs3977aweshz8cawv0q5gygdv5yuv,,2,2021-05-25 19:26:29,2f3ec9c37b2aeb10341889b6435353fbb7cc6fb1219b00b216d74ee6cee73091,1,6,5,added
pool1ghkvvv54d5463ymc44922ld927wtcaxm0e9ej67sh9fp62q6s9e,,3,2021-05-25 18:59:08,38cd0dda17e5b9daf683726929f5d29f55f094b57910e80c7edfb41333b60efe,2,1,-1,reduced
pool12rruj0mjqzaf8ryg7ny0x77y80lpdxd7zh4kgg5zyy0r2rzue0q,INFAR,2,2021-05-25 02:59:06,d89d130014d2189c5a403d57026946cdd74de34211448413e31995d06f10e185,1,2,1,added
pool1u283gl35gdj2l6c5cmg9crugf9aq7w6242pr88v6enr8u9q2vzj,,15,2021-05-24 23:37:04,89b97e368088398d857bd2d34a87bbfce8534a4d09f9ed757c8f087f790d3a6e,4,3,-1,reduced
pool1qzz0flh92qkg0mjufaw9j2zk72lmvf5n2kuaslk4f8j4ze362w4,,6,2021-05-24 21:46:41,278af284c1891011b7cd426e4ad5e7b060d33319a1b886bb619a8850ae20bc7b,1,4,3,added
pool1snvcmtdnssf6t8fhs7943uxmmujlt4f89yv58cp7m99cq5tw9hy,INDYS,25,2021-05-24 20:41:28,1cba19c5eb17a25ead73ac735e26adeaac6f12f1029bc9166943d47080e121ac,5,3,-2,reduced
pool1h6l7mhtqqvkgq5hyvkrjrrwddulx7zc6mxlrsezsspymckuuext,Trump,6,2021-05-24 07:10:37,aff817cfd8199c550aaab00054f882be0bbbe1261ce8bd6eb2dafa57ce3b0b29,3,1,-2,reduced
pool1rtelf370z5ejduxe3rn5mk5vrvqxg5uvggqv3z2k0cc0wxy3c4j,,2,2021-05-24 06:40:44,58f9bd6c1f1e37427df05fb0b08450592dbfac65b7c13108dbc960a3e0480d1c,1,3,2,added
pool1jeu74g86ys4fekhykqcww99kdsq3nlym8a6kfw8s8ff3vskad70,KAIZN,16,2021-05-24 01:29:04,972a00f4cfe40a6d9fda6c5e10092bc33bbf4aa6f2779eb82c2ae50e7b4fcb11,4,3,-1,reduced
pool1zc7vxe3ymyej76h8wu8gm79chtt7w9c3adkza4uhrjvagr9w4zp,KRSNA,13,2021-05-24 00:00:43,0c81491b55e74cb29d3512043e964b4b719097404823199cbe7b82c80eb7be1d,4,3,-1,reduced
pool1efxh54fk0dj5uu2e4eu08klxl5ys3saphv3kec33kw3xv8738sc,KRONO,6,2021-05-23 22:49:15,834eef2ed2935a88885093d731ceaa047d293599caa575f2ec49cc29350ee152,4,3,-1,reduced
pool14w9tn4w30dwd2lfv4cwjg2a2e3ukfd0nqrydx37fjzf7z5f5jnk,KOBE,5,2021-05-23 21:53:32,b96e78daed810a3c7197b39d79850fc170639007f6c8e7525968ce7993b65bda,4,3,-1,reduced
pool1gf8a46j6hvhad8e48hez4084x34snpua8k7t3kzy9w42q6w60z8,GRADA,5,2021-05-23 17:28:16,c261166f044e5a1d75620d1aa5a7c39feb5d3c24ff1467600bf69663b2ffaaa3,2,3,1,added
pool1rvjj8cp3urh7de07pm0ceqha2x4lxws69lhd4429dm6djfjsy4l,DINO,42,2021-05-23 04:58:32,3cd7a557635cafaab1dca8c8ebeb6e3f3596946db7ef1c3a7f16503a8a30bb73,6,3,-3,reduced
pool1pdsnzs8aft7hfq3xcmvgltt9vmncwsvsw955p29nra8g5hves4x,GINO,11,2021-05-23 04:58:32,7a32e48d52499dab346a5cabc14dc87a62ddf430017af16998d84e74d5f2a90a,6,3,-3,reduced
pool17pappd4r69ag7ud695he8rhygzh80qvtdtv8k25hjyggzz8gc53,,3,2021-05-22 21:50:36,721a2c8ec5c108488eeea392672051755f49ec4add93b74245606d677fd08b2d,2,1,-1,reduced
pool17r3u34ywld6sehe9dd5t40ygq7rmc6yfw2k0h0hpllznwlmwsnn,ADAR,3,2021-05-22 19:03:14,36b9b52f9f362921b17981990a930c600bfb2de66164b6bd40123f2443b4ede8,2,3,1,added
pool1pdsnzs8aft7hfq3xcmvgltt9vmncwsvsw955p29nra8g5hves4x,GINO,10,2021-05-22 13:20:11,7c11cb7a21ca0c2327ea822234403d4c616f99605708fb925e4e914f3272f9e0,3,6,3,added
pool1rvjj8cp3urh7de07pm0ceqha2x4lxws69lhd4429dm6djfjsy4l,DINO,41,2021-05-22 13:20:11,dce13ee900435b2f5e67161a05b3eefdf4e7f950c7097e383c269e385396736c,3,6,3,added
pool1tdjjgjfwzl842nrzplkfakj4y7y4000cd8dxm2zjtlrjugt2aac,,49,2021-05-22 12:55:20,d6af8b43f9767ff907e29b9ead5dd93d0ac6dc7ed0e488c5befce39fac0992ae,8,9,1,added
pool127gdv243hfcrapslaqq0nnh64u2gts72gtrt4888g6g2z0zsu64,TTS17,17,2021-05-21 22:12:54,25469cd59ce82df519269cf41d2b19cb121a32ec810f12e946fe0f7a18969533,2,4,2,added
pool1ju8f57hyvaa32tp85r468kuedvmjmcy56f8u9968drea57p50l5,AICHI,11,2021-05-21 15:09:59,52c818e543204c25a646b14477390aaf1fd69babab0917a0c390a3df7d194ccb,3,2,-1,reduced
pool1k3sjc2sypvtrgne7gc7mlgv5pfu2pn4zdlyky9tkxzmckcp9mxr,,5,2021-05-21 13:29:52,2a37365ce5df02fd2c17376a628dc73042ab519b2f3a9cb894e4f12700d4a8a8,3,1,-2,reduced
pool1wt0pf4u2xktp0f7apveu242w6nkm4ltk3m8g039lvuhwq4zdtf3,ECO,19,2021-05-21 10:03:59,a91bbf1802b7101e941e2377729bdb4211bb9cda3ade62a8ac90da4b59a555cb,2,3,1,added
pool1cspe7naf0mtntwyysqxk6czah3jlh6v4cja8pdfju932yxsehnm,CBH,6,2021-05-21 06:49:31,1e4c0b018a9813de56d0c08d0c455cf182505327a7eda3900bc0011c72430f2f,5,6,1,added
pool1a44j6jas4sjhh3qc96r8rmhsdjxjuntuzxr3440jzwjjcysl9ca,MELD,3,2021-05-21 05:00:06,f3aa7dc338238d2b5cd1b89a4a4e80e51b028c581f1bfe1f70d034e0f29ce410,2,3,1,added
pool1tnl3yxmj8848vq6meduhz9n5520a7dwsh05r5gfyvlatj87k3jl,SPIDR,9,2021-05-21 00:25:28,1fa631f33f5d2d0770145d933aed98d2d5398db60e4349595349b4f1a5fde95c,2,3,1,added
pool1rmj268jpjncqrr0mcej7wf7n5lmcckv9p359e4dp74duqe7tljn,,2,2021-05-20 10:30:26,ec279ffdbb72d002766406dcdd4ca12f2b9016c299148e3df692a2ece6d07b7d,1,2,1,added
pool1akl30anedgzrf2pxnuqqeukt4p6992lnnjvk0j9rrr69vtqka7k,,10,2021-05-20 09:35:50,a6bf1a9975a9fa8fce0891624687c3a0bc277614d82cf65f66f7ce4f1ce8d2dc,3,2,-1,reduced
pool16fjt5c3fwmlxtmgdr9qhttlgpyn7x7dvy009umpagtltkhzdsnh,,6,2021-05-20 07:12:00,4dfe64bfe7f9d28f69446e73c41033640cedc8627e1254248be061e66153e0b5,1,2,1,added
pool1x93vyx5y06vxj3c6ufah786jvqpfrs04hwl23c6h95lc7yhwu5y,,3,2021-05-20 04:43:49,8eef878bb90174acdd2da18890ddc499e0fb35038c4a05c465b6589b5d5e7401,1,2,1,added
pool16wfrrl0vhq5ldqa2u3kz8mm9r7l5pmlqqu0667gfjykfkyv98ge,ADAMX,10,2021-05-19 18:57:20,7d5e7d698519b84ccb7e89987653c8c6fc4ad894ab9ff8f6c77373d1ba651fe9,2,3,1,added
pool1yc6h3nppujkdlwrv53afp7aeyq9zq0j9ja0xl6jz876rszrmd8l,,7,2021-05-19 15:42:40,2c715e3e3565875225e25197a4daaa059d618c9f23f2b7ae7d0af49e886cc4f9,1,2,1,added
pool1u4p03p6eextu3ge40f2za7lspjz5qkaw5lmqq6emx3qkqq6yjvr,,3,2021-05-19 03:00:38,61e317c619ddd4940e9238b74d9241fda8e5efd6bbe9f9e238236020beaffa35,1,2,1,added
pool1tnl3yxmj8848vq6meduhz9n5520a7dwsh05r5gfyvlatj87k3jl,SPIDR,8,2021-05-18 23:56:43,5242f97302986c3846f964eb0b3b59d6e9715f0a875a10d1bd55fd4477520bb9,1,2,1,added
pool1l6aeyn35nkqkn9lqqlwqnpraakdzuukjrqprcrj3sctk6hhe32k,OYSTR,11,2021-05-18 18:19:28,91b758593e1fbdb087aad5acddcb6410fa626d7b02ed7ade9c0b519ab6deaf0f,1,2,1,added
pool14gw9d5yhxf5t6k68tqvpa95hragu78yuyr7lm9gz9d9dx2yz9s4,EUADA,6,2021-05-18 09:19:10,6ff27d35bcebb9231c3948a52e0a9f0a235ed2c13238163703071992c6505076,1,2,1,added
pool1mhmgvgflp2v0v5260fcqv5hz988zygt5zk84lq45x3tmcl0aa67,CCOL,2,2021-05-18 03:33:37,31ca2039bda643921a228a1e384dc9f0d30190713e96411a4f4ea9540c16be1b,1,2,1,added
pool12r08n33avu33ncstukwxyr440mgaazmuclay38v0yt34xytu2dq,FALCO,6,2021-05-18 02:22:58,be6c3185b29cf6d008ee7a98619b0ceda463edfbe3efccff2a7067822f0b5ef4,1,3,2,added
pool1rjxdqghfjw5rv6lxg8qhedkechvfgnsqhl8rrzwck9g45n43yql,XRAY1,8,2021-05-17 20:05:52,242ae36ede068892daf3e18b76aae64f84d31a624a673c3b7bb9d1c53ccb0e22,1,4,3,added
pool1t847w2hfv33qrra7q33nzq8epvcxv6ydshcq7w7j23c87xv2c2k,CAPO,2,2021-05-17 15:03:11,f20e84ff5fc78c09c7ea8e853660db996393537be1037dda33cd5960596f0c45,1,2,1,added
pool16m6c5rcpm63k2606lkqadg3x5pykjwr4pthhj9h4ancquafwhjl,,2,2021-05-17 12:04:57,cf44ca7a503891dcd1c9a2cc7c3591232617a314b8017297b2cba99d33dd6cbc,3,2,-1,reduced
pool1x5dfpgp987e4jhxvgczr3wv50nv2pwd873tlx3uthvcasm422q6,QXT,10,2021-05-17 10:35:00,5ab76d96be1ef651439bb91bc7c3092524e863fce8acd8dd6cfcf8ee8a35b90f,1,2,1,added
pool16sjl6t8exdrenygxhramgc7vs7hjv7ga35caj4cexgzdk7mrpxr,,10,2021-05-17 10:35:00,cd3acb595a10919906c9a1d2e7f8286548f6b5f705a6b5acc2c9ba22166278d0,1,2,1,added
pool1cspe7naf0mtntwyysqxk6czah3jlh6v4cja8pdfju932yxsehnm,CBH,5,2021-05-17 07:13:44,06bbe42b0a69eee9a49f40a406038ae4b22864389b7afa2ac40fbb51c42d0323,6,5,-1,reduced
pool1fftlhn68f3lejs2u39pcd5q33zgwnlumrp20dr6cqqkxwyuft2r,ARKA,4,2021-05-17 06:46:11,14358006d88b8ba994d6f875030ff9a9abbcb9f587f590ae6028a9232d5402ca,1,2,1,added
pool1ju8f57hyvaa32tp85r468kuedvmjmcy56f8u9968drea57p50l5,AICHI,10,2021-05-16 21:38:50,ccb2293e32043257115407548500bb39bf4a3393a8d4d7e216b314d2ee7cefb4,2,3,1,added
pool1dts0h87pntgmsffp6mjtnahfht2dz5zjjeeujhzmtn6wgctcuzd,DSIO,6,2021-05-16 19:10:34,7d7079c5f7151f671ae757ea1d3bf779662436d74cb9de3e79388ad5c3135deb,2,3,1,added
pool1qa2h3hha0m5he0429ym7tqvsn89nsddvn7wgkx3v8g6hsstdzc0,SNSKY,5,2021-05-16 18:00:03,9781754ddb6fa1c63ba28d5d8754d27e16f000ea13d59d1764f067025bf0db64,1,2,1,added
pool1l9y3pjzxqd8aaq3zu7c29rfcrtvdn6at2x6yxy7ca6mewhgdf5f,,3,2021-05-16 15:24:10,0d417f939dfc12af58684a0bc1ed4078d49466138c9d85f1faae3b857e069ea9,1,3,2,added
pool1qaxrj6n50naglqmzj5puq5sd0awgy9wnqmykpwmcah4vzhndpve,🐈NNSP,10,2021-05-16 12:29:50,4583bd058c3f6814e8a5ce094e622078e3609fbdce08e6363291fc419bee8250,1,2,1,added
pool19wulgnewwpeszs8gpccyk3snjefx0rp9qnenu4nk93wqxv4w2rc,GRID,5,2021-05-15 23:51:41,13eb25770add7c83d864c88d4c6ed191e6f96953f788f333e16b80f687231a95,4,3,-1,reduced
pool14wlry07ztuujxw7lkcpms78jdznp6u0mhhhuhm2crsf7xczldtx,,3,2021-05-15 12:31:45,31c937a7db903692b78f48fc5b399d4a08c18d3eb7ed5222d7712806e1737b24,1,2,1,added
pool1qznyv8g4vxv8ys05rs6dgtzutqc2z9gs6vq85vkn8uq8u0c83we,,3,2021-05-15 04:39:40,c3733abc95e5b81e55cb5a0f48a7f587574e903c7eae156e950d54b1b852338a,3,5,2,added
pool1ytszp582dm9u5un6mevt9czgcnuqhflwfr9ly4ukpeqcughryqh,LEGA,9,2021-05-15 03:18:17,0ef5aa587a636ba431c89efebb9b88cdae780018472bf72266fa6312139c3e84,4,3,-1,reduced
pool1uqrecfnsa6pqd2tz60r0lcj4kunhc4rrw8lldrpdvfx9qfjd6n0,AMS,26,2021-05-15 02:48:57,f863f1a4ea85ca0407dfe566581e1c8683ac08a83c5797d266993417f8d91456,3,2,-1,reduced
pool1r0sxz0hygfc0266lhdclve6j3cwcwlth6dya6uey65yxjnwm7qc,BURN,4,2021-05-15 00:10:55,1154f78a01a57f79f48528fe1fba2204a95fb70068ff42343fdfe93f5005e144,2,3,1,added
pool19rjjay24ez2ezgqkyqvna6uwc5ur9lt489gwvrv7ve5exlcld3x,MBCG,7,2021-05-14 20:51:35,085cff2f3c638e6e949f31c15c80c54553a64410a90b922e93112e77ecc784f3,1,2,1,added
pool1zht8n9qyssc4y2vrqap8acn6jf6jpqktq3tnlu0mkhq5vm8sv2x,KNOW,12,2021-05-14 19:57:05,d2d8a61fb2733bfa4d67b3ba0040fe786651381a79a53000ea01003cb767d66b,5,2,-3,reduced
pool1a3ekt9me035qgju0en2w39vjns9ggtewnc9fugsmpgczvgtl6u9,SA8,4,2021-05-14 16:12:00,50be7a26b827ee131c19296a87c71c6387d933dac2f7a568b75b42f63bd6caee,1,2,1,added
pool1qznyv8g4vxv8ys05rs6dgtzutqc2z9gs6vq85vkn8uq8u0c83we,,2,2021-05-14 15:44:25,68a6fa14e956b561987bac3c82c89e86454e811424bd310265a7dd51ed680629,2,3,1,added
pool10fvfzepq2udukqm3t8thyf66qn5k36paltt4ptexl9pl6j92tfj,,13,2021-05-14 03:07:51,e0d2ac8f44fd79c4c5087581b5c9328a41c4a036e9a2ab52bdb0d3e16781d224,2,1,-1,reduced
pool10fvfzepq2udukqm3t8thyf66qn5k36paltt4ptexl9pl6j92tfj,,12,2021-05-14 02:50:38,3bac76e415b620fb34707f61d287df27a2641f809b0c916f79a7ed1df71262f6,1,2,1,added
pool1xfkn3229pxwfmaula9vk9se4ur5x5pvxn78m7j63etgcczdhcs9,,9,2021-05-13 22:38:04,c7bd812ff715e0bc8cadd5f9a2702698a4ef7b36db3992bb725c820d0aa9b328,2,3,1,added
pool19wulgnewwpeszs8gpccyk3snjefx0rp9qnenu4nk93wqxv4w2rc,GRID,4,2021-05-13 03:03:45,a74fb95f753f6e619194999d8de68995cdc9bf1a86a0ad2d645b0b202862505c,3,4,1,added
pool1ytszp582dm9u5un6mevt9czgcnuqhflwfr9ly4ukpeqcughryqh,LEGA,8,2021-05-12 22:41:06,b7db1dd2999e755f551de6b7d35912edfbcde259a1db1084d84569d0a8768504,11,4,-7,reduced
pool1nyq3fcx438ydyprzfnpg8y8nkekmjqe2gp3mh04e9hv22ljaavj,,7,2021-05-12 21:37:42,a187252d6515c977c47c6d318735d67e8aa8ee1e5fe5c9700777dc597569d140,2,1,-1,reduced
pool1ura3w5x8uy7mgzu0pd4kskap4hynt9zymt30h5macll4kuxpqnv,,4,2021-05-12 19:17:20,69ad08d1bcd3649863bfd67390e528b382953b8a46dec18c9099c0c098c6f590,1,2,1,added
pool1h0v99elmvl50rqk778ue6g49r3mtgq3z4draq6pzy0nqv000frd,OMEN,11,2021-05-12 16:13:42,781b05bd68cbe14fbe97f808cbacf33680bf99caeb8a366d255e24202f1648d7,2,1,-1,reduced
pool1j5ukjmhn96jslmcd6k3ymj3vnjf3wpjn9sarhk7m7vtkv7ll2w3,REDH,4,2021-05-12 15:29:35,4e3020216c7ac95162753c825405154a7c15295f610a5d7b96d22b037df52f1f,2,3,1,added
pool1d85unpsumsxmq4kfvy0prju3n983vp3ajuavmt2r5tyzw2jtpcw,TRIBE,3,2021-05-12 10:47:38,0c8fc494635e208f228140af307f43f33fead38030ed7e8067d95715806e638d,1,2,1,added
pool19mmp7v06nwup40yvk9sehzxn4ahvle03gc3sfk8pxpma5rnfhr7,caraz,5,2021-05-12 09:24:57,cb6d789bfaae229721b056f82a31e72ce34703d2311bd9b091ff70da55b20dc0,1,2,1,added
pool10fvfzepq2udukqm3t8thyf66qn5k36paltt4ptexl9pl6j92tfj,,7,2021-05-12 04:12:01,ae31a151b4461e7c3a4f60b68890cb0a817b94a25a3403601c677228bf6c8ce7,2,1,-1,reduced
pool1tdjjgjfwzl842nrzplkfakj4y7y4000cd8dxm2zjtlrjugt2aac,,45,2021-05-11 22:04:31,20dc1dc4a70166079cf2f859617c62de0b0ed908ad7e7a020d217d35986fd6a0,6,8,2,added
pool1vc3tk2s8xe5kvtldpmlhkgjnnt6nkllevyyszevapg0qwn0ch29,,10,2021-05-11 17:13:53,4f31ea5fb40550147889d2c59f59fa0c9cabd1ba21bb74cd911cb6f977ecbb68,1,3,2,added
pool1c2wa8326fulnkq42uerra78pue48pdwsqru2dhp5xrhsgzqmlsc,,5,2021-05-11 14:45:03,bea98fe9fc645e9c1b57b2cc4cf74795f1d1bea2f9d17b4c106e80f768b0002b,2,3,1,added
pool1rx2745qj65qrgcutmpydv9k3ld930puq52t7skcd3ennqh550zc,KUNI,3,2021-05-11 13:17:12,885218664c019dc7166b561bae8f0ca268b5d5d6cf408c51602965b6e95998f8,1,2,1,added
pool1k99yncea8tq9pfeks3yymyj6fwjf4apx0s490j09m4y66vtyufr,PUMP,2,2021-05-11 12:14:31,9432c978ff48b217e4b4e42e83d1da52b4d19a769b27662bf39cb1c2e1e1b307,2,3,1,added
pool15zn2lqq4849ujttuthaycpamnyr8ae9k2pn2fkrlfzzsx4ek0tc,LABO,22,2021-05-11 08:48:14,034697174a1c09b82d88decaca591e1c816f085609aeef48f1939e04572cb6fe,3,2,-1,reduced
pool1uqrecfnsa6pqd2tz60r0lcj4kunhc4rrw8lldrpdvfx9qfjd6n0,AMS,24,2021-05-11 04:51:17,90d23bed2a6ebb041741789919a79a71ece01aeadee864c4476ce24e15d35f2d,2,3,1,added
pool10njemg96clmyks8umfs20m3k34dvszpds8etka07l8spum3lu7r,ADATW,13,2021-05-11 01:57:02,6a0fa4ca4d177b8dcabf14965d787d16a1356e8c505172a9a317427f398a83fe,1,2,1,added
pool1rcq8vnrl52890nvt0300w7rgqkuk4az98kd9zcvu43agk3u84ms,ALIVE,13,2021-05-11 00:35:48,7706fc0e5cb964913ee66ecb6522cf81b53a98a9a8dc1791041a5edcb2e01e4a,4,3,-1,reduced
pool1kqrsr700m267q9tz4pw4rjeg69nkahk5wuy3kkw479y56fqfy9t,,2,2021-05-10 21:05:39,b1a5a7d566629c375bf8f7ff5a4a280b2dd7af4300615f061a0b6caa2bcdddca,2,1,-1,reduced
pool1w7avkl9cszkmx96zn8cfgrwj5quqh6ehdmjp9ejszuhegtevrcc,YNMS,11,2021-05-10 19:33:38,dc3744a841b2b8397497707bac0c9ba80b30ec37210ffdb96aaec47ac194230e,1,2,1,added
pool1nptwq04t73vdv0ymhmc4hm42clnef3v5tch5snhtfadyje6sja0,,4,2021-05-10 19:07:08,ea7ab7d919fc80f9d6fa7a4ede7de0cc999dd5942804143297c33aed2781cd2e,2,1,-1,reduced
pool1lqpymyzg9glc88r7urptuv0d8t2tu9ty7xtshvxmgpu0j4lp8p3,VINCE,15,2021-05-10 16:48:49,fcd707a5c61f4684db38d305e91e45aa5b57c3895dc19c0de75c2e62548bb03c,3,2,-1,reduced
pool128zxs504x4ulqjkyml5vmcgc99md0zc9327578m6t82txvgg4tv,CAPYB,3,2021-05-10 04:25:35,95d1e785350c51d46132d09d0144b105f45bee2cea14b1470f49d2ed1729d7c8,1,2,1,added
pool1nptwq04t73vdv0ymhmc4hm42clnef3v5tch5snhtfadyje6sja0,,3,2021-05-09 19:34:03,77c2d6882d04434f00b73850dcaf9dea31e0a3d0d8613ae2fe2d3f18d55ced13,3,2,-1,reduced
pool1s27fdpdv8zx8flkaa0hkh8lsdutxlxkgz6njcwy82zy5cls0mw2,,4,2021-05-09 16:53:41,390f71202052f527b0ac8f1482ca2de944bd42f94d457ff3273ee6841918733f,1,2,1,added
pool1tdjjgjfwzl842nrzplkfakj4y7y4000cd8dxm2zjtlrjugt2aac,,42,2021-05-09 15:18:03,916ef830187dcb6323c1a75bf24c83b472fb0805a3f9ec6761dc60e505ac3195,7,6,-1,reduced
pool1tdjjgjfwzl842nrzplkfakj4y7y4000cd8dxm2zjtlrjugt2aac,,41,2021-05-09 15:02:52,b7501642daa96289d0ece3393b43059a33fa33a872d5c4621bfa00297b885de6,5,7,2,added
pool1nyq3fcx438ydyprzfnpg8y8nkekmjqe2gp3mh04e9hv22ljaavj,,6,2021-05-09 13:31:24,1ca09d7bd1eaddfac9047a524a8f92e2c6d821a40bd01677a4ee0d18f42ba74d,1,2,1,added
pool1us4ctkpuk3xpyf4p7khswh8l8s3wyxmlrls9cenpa2xmx7jyvrf,,8,2021-05-09 11:23:43,785917007a35def58d85095829d5f2f2d61f6ca2abe899ccbc7e14d9e3085ec7,1,2,1,added
pool130m0kxlxegqlh38t85gr72ef3klkcguzfmcetmsrnwe0gyjtuvs,RBS,7,2021-05-09 08:19:52,c9f084308d052ded1d3e22ca87edb52f5b20b2ebf9f2010b8962ad60d88c5f17,1,2,1,added
pool1ca862gvy5r06k5l3hulsphtp20tvuxqef0arzcyejdf365c5nrs,CHILL,4,2021-05-08 08:45:27,d68a48209a6d7d4af3c8708f9126e05935c8b32a7f0b270bdfa4e71b8e298568,2,1,-1,reduced
pool15wfu7td5r4k27erk5q5wt06x59skxxyqj206tdnfmfmk7pd3rp3,,3,2021-05-08 04:37:13,06c4f2d1718dddae664d8ecddd04b8fe8a06ca24dc5e75dc2ecdbf99ba830d81,2,3,1,added
pool1zhy8k6aswdeshg5g4tr6xpchzsuec7re87d484ehptryyrpxe9j,SANTA,10,2021-05-07 14:48:33,239e0c8800cb24b4c3924d78cf4db60d5d36d947a9be6b341c71f4b4485c9077,3,2,-1,reduced
pool13p67qys4zaa52phfv39dd7da5zh2vvr26gt7fwmx20slj6e6pmd,,14,2021-05-07 10:57:58,5a5d4695e37fb1bc34e8cfbff042d65126be89adc8b24a4d3deb95444e87728b,1,2,1,added
pool1esalxy6na9c4gz3gfwma5vx04tztp4qn3cpmhhu9qylv56pdsa3,,12,2021-05-07 10:21:00,31a75f0ea45166b195915e815694a155e3228d1b4987a9732dc1182a21f28881,1,2,1,added
pool1l4synes9s3swlf5r5rsfpede3582r4km2wd94xctceyaudv9zx3,STAYK,2,2021-05-06 21:14:24,b05b978089ccf14dd33c320df3863b0df5c7d2b700b1e23d203b427e0088c131,1,3,2,added
pool1nptwq04t73vdv0ymhmc4hm42clnef3v5tch5snhtfadyje6sja0,,2,2021-05-06 21:14:24,05b499e8862f128e28ea2d59126dd4f6adc1374af618637efa3bc7bc0f2fec66,1,3,2,added
pool1gqmjahruyhxvec59g9wh0z67aqxa2k3n4al4lyafv08xk90zl2z,,4,2021-05-06 20:50:54,1cc65dad64e772e5d45ffa6d3dceba455d5266ae438f11488c0fbe80e7332784,1,2,1,added
pool1nyq3fcx438ydyprzfnpg8y8nkekmjqe2gp3mh04e9hv22ljaavj,,5,2021-05-06 12:53:13,537ccac05cc35d459f1164177b858764441ac822062ce3d55ad941eaa807152f,2,1,-1,reduced
pool1esalxy6na9c4gz3gfwma5vx04tztp4qn3cpmhhu9qylv56pdsa3,,11,2021-05-06 12:35:04,12c27df5ae2b4ea2b876671f283c54b469aa70836b92507ebcf83265d31a1322,2,1,-1,reduced
pool1xx3wxlhxu2l8qcvdvealhsry8r0ge966lmpp45ztkte77lx3qq0,,7,2021-05-06 12:14:52,b711f2e70c535f7ef6a7f234be1b803e820925c38ee5f48f8bfce8efaee2f137,3,1,-2,reduced
pool1js570lkcs6t3pwsj3eda0zz43mc5gm922ae5rdxcfn84gu5uyrg,ASSET,17,2021-05-06 10:24:25,bc56f0c07a7e2632f668370769238f17cfe305c1d8d06eeb317f9fa194114432,1,3,2,added
pool1cspe7naf0mtntwyysqxk6czah3jlh6v4cja8pdfju932yxsehnm,CBH,4,2021-05-06 09:41:50,d95e5de217cc614824dfa741c88df5c825e059e35d6f4e3d86879f2e9902bcbb,4,6,2,added
pool1vvesqladm29fuzrv93px5qse0upw82a579lz9063xsfrz7yef7z,8SQRD,9,2021-05-06 08:03:54,6b393152c9f032d780bde8283411695c939ec1b687d5c7f4ebec39186a4001dc,1,2,1,added
pool1g6rm3p7695z7xfhp629hcsj09njun2fnsz03pjrshw8rgs7pluc,,29,2021-05-06 06:10:12,565def9d238c958d83c1b6ab8a3d453908eb5a7c74d5cc9d9aa2daf5b580b418,13,11,-2,reduced
pool1e7mwu80pmsjqdf8lu7rsfdj5sldashslll0hpj7rhx3w6xpwkq7,NIZI🌈,17,2021-05-06 02:42:49,0816d9c61b42d04045fea168aad84a2ecc51a18f339d48bb0a295190595e4ba6,4,3,-1,reduced
pool1mltwh4elef39dkuuz058lgfuvx79c5wcnz3szau3arhsyq22ace,PARTY,5,2021-05-05 22:45:17,c5b326b9e16ec2e32316c441e3758f17ad5f8fd45b76a48ff03e7d88925b96b2,11,5,-6,reduced
pool1pcyjd40wegzvzkhvmfrylzsg43h962f2zvgcpg9hc26826wefsn,,4,2021-05-05 21:27:30,1ec15fe9bd2762bd1522c7504ee35873076000d4f4d64c1c1d4fa72dbe5a1ea3,1,2,1,added
pool14hsxa2zfwzvy9ncdjwnx0xkcltjmdydeayxfju7suuuewv0dnke,KROM,12,2021-05-05 20:22:54,762ba7edf397c19f9de3c3e80530b19b91ed020e39407afa318b5b49df7b7454,3,4,1,added
pool1kxfg47ms0mlszthp5j8uqpmqp6575j0nfusqne5sd7ggy3ntlsz,WAVE,8,2021-05-05 19:46:07,ec585db213f1164cc9277077e129a392d334c46af0e485ab1c839e231a7f3fc2,1,2,1,added
pool1p7x98437an7p6c7jf9zdkd0ekmw077q4a3c3r3lazxr0ccgf5vp,,8,2021-05-05 19:26:23,ce0e971935c54c82d8b39b63a06f9fa9887a53f6e70f32b27633d6355aea69bb,2,1,-1,reduced
pool1y44fkeps7ftnnf495a7grfrwtt7hxcntaenyzu4x4vah5cud0mt,,7,2021-05-05 19:05:11,b2128f88927087e5cadc8ce4f0b8e55613f2567889fe12288fd878871af843c5,4,6,2,added
pool1jzvjnmsquaw4psvjudkehqp8lmz77lf28h4ldqr6n72us3plkpl,COLD,5,2021-05-05 10:44:10,27c725da274901da051e43936e45ef90d65ea457b7ab1f0e621522dbcc72d28a,1,2,1,added
pool14nlun87fylxm7d7c28ydalp335scey8c588vzf2ums7wj8xt80x,,8,2021-05-05 10:27:02,ba08dc7f24b8de7c1842cd4ac861fca80184afb52c15182885d4144baae0f5c0,4,1,-3,reduced
pool1hl9tn0qpujfss69h6jr3wepc0e7tuczchpfu7nu4ma006u5scfw,HISTK,25,2021-05-05 07:27:21,fa4daf49898b10ac88bee646a2ad7b5deab7c6214a4ec2e07e70e3b1c2ed94da,2,1,-1,reduced
pool1dv7s5fn4m9dee8ncvx5hktfmsnx6agydhn798rfdqjazuwr84gc,BOBA,7,2021-05-05 04:25:47,b7e5bf36907043c30c029fdf0a876065c2fa63854103ce1c46427ea57866adb6,3,2,-1,reduced
pool164g26r07tugjhpvj94n6v29gtrg4pu6pjcyf6lq4j670u990ztk,47c,6,2021-05-04 23:38:52,f841074640e2f260edeb28898ca0bac317863d986c15c3433d265d07e9fb1fc5,1,2,1,added
pool1vr8tegnnjtvfe7me66qrchaq6ucmmxve6anuuypwn6s3zs6342s,WING,5,2021-05-04 21:28:59,193405bce667713ceef6575985ae5a91638541e7b625fdf3adff1e2be838f8ba,2,3,1,added
pool1w7avkl9cszkmx96zn8cfgrwj5quqh6ehdmjp9ejszuhegtevrcc,YNMS,8,2021-05-04 19:45:04,7078a1432d8deee84f84f493fe1822e1136b2810e5ad61867e7eaa72b2d3eb1f,2,1,-1,reduced
pool12hh4dvqyxhlv3lu9mkyvpnskma642fj3zv3s8xlau42ak9m60hf,MANT,11,2021-05-04 18:08:47,f462ce70e31bf663e7df07dadebeaa88b94599f016a8e5a3f87b5a2d18d426e8,4,2,-2,reduced
pool12n6lycv28kjtkzecfz2a3uujyxy6ewuwjcmjq84my67psqmgagv,MANT,35,2021-05-04 17:58:29,0493e07e3dcc255f567d032a21af1c8611382a67f04ce78c9ab82805fbb5734b,4,2,-2,reduced
pool18gys2arurr8su3qssvh7vjcn42k5clgrvdxah8mxcg5xquvfu8p,,97,2021-05-04 15:42:05,7a0628626ab764a6c7f53e246b8152df7c5773e4c44f434f07f1bb4b1866d085,6,7,1,added
pool1hl9tn0qpujfss69h6jr3wepc0e7tuczchpfu7nu4ma006u5scfw,HISTK,24,2021-05-04 14:42:14,dc0c45b78be094936f725ef56b09069e744fd12661043e5d2ca249f4ee4afc77,1,2,1,added
pool19nw9emug78q4uxwr8lv0glvmmzwr6lhylgy4ztaagjsjvyqjylw,,3,2021-05-04 01:12:47,4164407bde2845f2ca40c8795232a62fce0f70b30404949558bd92e63e1609c2,1,2,1,added
pool10ya6hxrssmyhl560gqyalhqxudkgfjdlc0e4krww6wweyaeajs8,NKR,5,2021-05-03 13:57:15,6ae9d2e4c855679aeff9ab5fde4d36fdd4764156c927f312b51dea1af1c70b71,1,2,1,added
pool1vyk3x4j2lfrj4y8t282xmwep936rh8gv2vqrkxghm2h67l2upjq,OMWCP,4,2021-05-03 11:50:39,89125de8285c7f84464ff2ff80dbaea122d2d49aa94eaffdf664c72435b8e8bc,1,2,1,added
pool1u0u2s080a5plun4acn6s70xa3q98ct7skt88l7w6nnwwyl9ecym,VOLCY,11,2021-05-03 09:08:02,fd5e047e63d935383e9767068663949d609947850be285e100c32a7bbfaba3a7,2,3,1,added
pool1hjjj584gq0ynqf06g036a4a0stpm90asrdfskpasqjxf5948ygv,,15,2021-05-02 21:13:39,302cb6d80c6d6f16ef8e05c0c4d147c4a02564ceb81865a3249e0a7201e37384,1,2,1,added
pool1jsxk3ymqv2gdc6mhqk52544g2aun4zhq5wgx6n32l5s3jlne70n,AKYO,9,2021-05-02 17:04:35,1d2db725e6b1adc2609f4ef4516b2ce551bec962782c0956ba274adac5be9178,1,2,1,added
pool1rjxdqghfjw5rv6lxg8qhedkechvfgnsqhl8rrzwck9g45n43yql,XRAY1,7,2021-05-02 13:43:14,183f35db34af7ca4ac5cb20292035033b490d0ec60e668afd20b7b463e1fc5e4,4,1,-3,reduced
pool16sjl6t8exdrenygxhramgc7vs7hjv7ga35caj4cexgzdk7mrpxr,,9,2021-05-02 10:05:55,825bed62757060681c7e56ed5392415fc3efd0cb6bfb93169b37c297793510cf,2,1,-1,reduced
pool1ua5234a77q69ev8588wpas9v0s5nrz8ucx8kpafq32zs7ylfvg3,KATET,2,2021-05-02 07:34:03,635442828b77df4b4ed3c2402d9416acc9a97d3267d77429407d3651cb94ba6f,1,2,1,added
pool1twd9vvegn3fqq0f4n08p3aml2ud8q87njs49900rycj4sr5hhcy,AOAUS,10,2021-05-02 04:45:27,004061e76e32d23f603e51347a86bf049ffeb8b48fe686df82cb4a8247193d8e,3,4,1,added
pool1rhew9hdp6wpudh22k7gyjtv98r872hca064n8ug8lk3j65ae59a,HAX,3,2021-05-01 17:36:01,2ba667fad2e26888a0ab02548b7b1b57054d5085a2b28f864b1243e01ea4eabf,1,2,1,added
pool1rvu72lt2j0z0qjfzlqhccvvvu9v7hju6hndtkagfzvvvjgy6zds,,3,2021-05-01 09:21:24,f28ca535c9748d2dc7f62f8134d46294a2d45816cf4bd4287c228e6b042c1f68,3,6,3,added
pool1n52mcyvll6hw864xtqdqqyjwj6953aquqj0u4j23780tc0zc426,,3,2021-05-01 09:11:20,85c45c37a8550e4fce0998526935bb5b8d9e47611d99e6d788c9c650fbe14ff3,3,6,3,added
pool1mvtjl73f2d57mvzgkzjmsqh36lk427dhreurx334klqww6sx7xm,,3,2021-05-01 09:00:35,e1a160514054b479634e5931981d975dcece5ad4d6228dba101d5de5e3172a2f,3,6,3,added
pool1442wwr8zzdpcu8uwnglackzr3u5ggrmfxsjja0s7aef66hk2fuc,PASTA,2,2021-05-01 08:29:33,080e1c2642be3f5c64e08647ec2f37b0c0a81bf7466013dfa393e626dd9002da,1,2,1,added
pool18xysavc2dazzvc7xaqyh6t966zlawgupkdzyfc0yspt76ggxw6g,,3,2021-05-01 08:10:58,409cc2ee317942cf77565b3ea5284fc31390a116f9808b18b9a705c70d63c47c,3,6,3,added
pool1l37xvdpcl49kr3wscpjp9pr854g06nnjrlndtu3h7k6pvfapgap,,3,2021-05-01 07:56:22,da4a85c43933766a951b302c8d3fb7fb6274abe5ed6be643e7d361517773d6a0,3,6,3,added
pool10akpqvczl93ep4rc59c0aqyn3dm0env2ydysuwmdm670wl24pd8,,9,2021-05-01 07:47:57,14e29a672cd1cbe8b60be471826c10087676d3aa97e2fd5e2238af62c0a4f0d9,3,6,3,added
pool1c24g8qlmmhxrutsaus20dzy84vnaws2839ssqltcaqnwsa4ssy5,,10,2021-05-01 06:22:16,69ea0ca6c02d7de195e97d1a749d81642fe40763a7836a4ed63017d9bc551697,3,1,-2,reduced
pool1hr7pgag6z3sqxrzss6vh28j2d5qgrz884had2p4kuu97uazn2de,,5,2021-04-30 19:23:26,1ad624d51a664c384e7eb0a28cae51707b5c94e1e8ec8d6b28a70d3d7f22e537,2,1,-1,reduced
pool1y44fkeps7ftnnf495a7grfrwtt7hxcntaenyzu4x4vah5cud0mt,,6,2021-04-30 13:55:25,485baa02619d8dd785ab27a03b15fec55603271c819605874cbbbfa18d4a4662,3,4,1,added
pool1f8selx8g7gwdy3htr0u2crc6zmvn0sytjd8rglxsj37as8y60gt,,16,2021-04-30 13:24:57,53cff34b5cfea38b0d0974f26e6e14c1cc8aa9980162cc242083eacc47e7f667,2,1,-1,reduced
pool1wf7wk3802jxtkmek6uprm77cgqx53t4qep9kwkl078w3yw0ff69,DNEWS,3,2021-04-30 09:48:39,0ef8d3ac0a3bba52007c989d4959c6071a811cffec65fa79eaf477a75c967baa,2,1,-1,reduced
pool10qrz84cvz95zg8saf43ruhs5ulczuuqm2d3jn6d8xkkkzgzfje7,,3,2021-04-30 07:42:07,b77b530b7c80ffc1d7b8a65eb113fdf75773c15952aab9f0d49392f49e42f5b5,1,2,1,added
pool1ralkckmup253k79hap4chku450qyshezh4sasjqh0ltxu2gytlq,OYAJI,2,2021-04-30 04:45:10,b359ae58a70ecc663aab0a0eefddcd90cc3afc08da83c477e617fc56ce9ab157,1,2,1,added
pool1e6cgqk2gs73aw6hekp4tgxrcchska08rc2kuysmuky3acyp5yn8,ADA4U,3,2021-04-30 03:35:51,8cbea05230d862536ba339450165300b1b53acc97d383b41dc617ab2c61a3d23,1,2,1,added
pool15zms2hm7rqffqcdm2kzkv7kz02w6j0kzkhyvn0c4dfctjaaqggt,,3,2021-04-29 23:56:58,6b30859de6cfe26eebb412d68430cdeb7d5473afec861e3d63ce5d58e2fdcd48,3,4,1,added
pool15zms2hm7rqffqcdm2kzkv7kz02w6j0kzkhyvn0c4dfctjaaqggt,,2,2021-04-29 20:58:45,2c65f89e49ad99e3cae38edb01fec4a6d8c465d6a33c965fcc7c2cb282c8b318,1,3,2,added
pool1w7avkl9cszkmx96zn8cfgrwj5quqh6ehdmjp9ejszuhegtevrcc,YNMS,7,2021-04-29 20:06:47,9fb1465efa5f0890202adbbd1e461c75ee49bb74e756f0632c537e2010ec0515,1,2,1,added
pool1j4nkshfytq8tww99ttfwvrmv8n7yq2tvuw0xlphelzzw6vfghwq,TAPC,2,2021-04-29 16:26:14,58af5a3e9c9cb486ed0fd4ead3f3590d9ce1bc26cf29ba2fa211c9f401045b3d,1,2,1,added
pool13qze0weztaxl9uje7gjryzs85mwlx0cn9pgdnkdxs3xvu78tsr3,,12,2021-04-29 15:42:03,f23cac66592cecd461757f4dcd3141168925e26370dd6bf31cbfbfcb36a05105,3,1,-2,reduced
pool1030as3pp5684ghgf4kzcpv4p2jnmkmme7j363t95690zwxp7wa0,888,8,2021-04-29 15:06:24,53ed6588b185172eeab63e30348448a5a124177bc780bfc742f67132fb08d0d7,5,6,1,added
pool1qy23q2qe64n6awyhrz0a97lk34zzcvgpk2e4vqmhjs86swwp9gn,WATER,14,2021-04-28 19:22:46,6cdde68fc1c10d2bb2f6cd1c1fdca7b2a3c4895a1842ee4d0bda1a89fd61a768,2,3,1,added
pool1e7mwu80pmsjqdf8lu7rsfdj5sldashslll0hpj7rhx3w6xpwkq7,NIZI🌈,14,2021-04-28 16:18:54,6018481a17892a640f1b8576b093dd97e7966714f44272e794bc0d4567ed0aa0,2,4,2,added
pool1tkexntwvhg0fqs2xnm7xg6ljqzjkpk0pl4nxxe3nf48ux8nucqy,ARTA,4,2021-04-28 14:44:13,fc628c4291ac3e3840ffe3e02b5ae95084d29bd56cfe900143967faf7e129271,2,3,1,added
pool1qqenhz258k5k9nyjull6gkzg7s4f3ae8v7qxwpegeef9v0nsy3e,CHRTY,21,2021-04-28 12:51:57,36eae1c620dbe6eed1b4f80acb7a44511d285f653072f57246a8defb2d63a03c,3,1,-2,reduced
pool1uqrecfnsa6pqd2tz60r0lcj4kunhc4rrw8lldrpdvfx9qfjd6n0,AMS,22,2021-04-28 03:11:36,e7c367c36ffc60efb181bf103adf0a4542b9e7bec7c2622dd8c8dfe358b20cdf,3,2,-1,reduced
pool1gha260s6hx855p49fc735w78p0kcp4hyxl8glymp5k5muk9jkgm,NSPYR,8,2021-04-28 01:08:12,5478c2b1b2b40d77bd3f1073e488d9f020357f11c357146035b062a3737e2fb3,2,3,1,added
pool1n7zhzk2zyvqywfj476s4xk9h0xzncsq37469d8cyg37lsngvvqp,PUB,7,2021-04-27 23:19:25,2187794e26009d47931c830d3eef4d96d90b43ea32685e148dab431e47e00495,1,2,1,added
pool1y0lq6rjckxxly36gf3wdsxzjzg97mq9c90una3vfq8pu77g7zkf,MESH,12,2021-04-27 20:29:50,daf67e6aa4e6ed5b59f0e9b33232f0eca90797bf2dbde3b50b5e935d2c9cd7e7,3,2,-1,reduced
pool1pg2k7lp6w68vlvdycug2ycu3mkrt0z4ftxay4g8zchj87mw6ug8,VJRAS,14,2021-04-27 14:05:46,2e66270918a34e12414cb3f58ccb051f1cf32a684f4a8753ef3c49c0b8f6edc5,3,2,-1,reduced
pool1pg2k7lp6w68vlvdycug2ycu3mkrt0z4ftxay4g8zchj87mw6ug8,VJRAS,13,2021-04-27 14:03:56,1e9d628b0721820b847238aae5a1337685f4613e1591529fa3e31abed12acdd3,1,3,2,added
pool1ju8f57hyvaa32tp85r468kuedvmjmcy56f8u9968drea57p50l5,AICHI,9,2021-04-27 14:02:42,99bad19d2ddb894e659f065e1ad951b02c49ca27c6080e7bcb85390478d8ac90,1,2,1,added
pool164g26r07tugjhpvj94n6v29gtrg4pu6pjcyf6lq4j670u990ztk,47c,5,2021-04-27 13:47:12,8006bc5a760a1b81f66b415b25d2eae420e3b309c6d07f7622b890b27c33660a,3,1,-2,reduced
pool17xh922cr9skc0fqk7sr8at6xx6eluh5qyv9p7ca2x0mtc3st0mz,SEA,4,2021-04-27 12:08:35,6d55306d307bc8921f78da86d2ec9a217ce10c7cc64fdd108d89d206819d712f,1,2,1,added
pool106p2jjwuwagq2as7cdzx4y6cyc2pdj7a3h3vv5cvkvnskegff3w,VOLT,13,2021-04-27 09:10:58,a2d240c394fe70caa2e11e940ccc2678257449dc2bdaf1a8b13ff70986d7105d,4,2,-2,reduced
pool1k7asvr2vd28jxw25fsh9pxckt5ykadhn8ua4x88vu39dzquvqvh,PRIZE,5,2021-04-27 06:04:43,72da10295546c38291c1d62b89f30294da277aea2cfdee8bb553f6614a5aa52b,1,3,2,added
pool12hh4dvqyxhlv3lu9mkyvpnskma642fj3zv3s8xlau42ak9m60hf,MANT,10,2021-04-27 02:46:56,3251ac5b7e41e7960fda0a7165f1a20ec55e45bed93ef3ec1367fe0cf678cf1f,3,4,1,added
pool12n6lycv28kjtkzecfz2a3uujyxy6ewuwjcmjq84my67psqmgagv,MANT,34,2021-04-27 02:41:43,8ef7201fcac9878952ea8226ffd49075dba9ed9755b570451143840179f29268,3,4,1,added
pool1q5zd9f96akga9ychn3ya6wwc8vczl5ynkc30w5m7kq35kk868dv,,7,2021-04-26 22:42:45,b6710e99f6dc5ddab301021bbc1786d791a3446d13011240b507d3fb7f5f67ca,3,1,-2,reduced
pool16u0wt20kh7fv5h78ruuxpuxgxs4vdfmjfwdy6gqchz45v8skm8j,MPN,3,2021-04-26 18:52:18,766d5e8a82fbce92792755d3c8b5da3beaee7ee2d249e3f9be1fd424034b5717,3,2,-1,reduced
pool10q33p4hx4wqum6thmglw7z5l2vaay4w6m5cdq8fnurw7vjdppcf,SPKL,9,2021-04-25 20:03:43,9d9b56b25afd5c3d924c208d8cd2c04182fa881aac977b1b45890f674cc01454,2,1,-1,reduced
pool1wntxmftndrsj7y4aqles8knl3nfuyj22l83jun02yyx9s962gm3,CBROS,3,2021-04-25 16:00:11,9af7688f114d779f452ba8a2af172b51d501fba429bce9a3d95ade3ed79d89b2,1,2,1,added
pool1628y4cuysuspjhcfhmx3te5ctd2vhuak9eft757947zsz5rtx8h,DEN,6,2021-04-25 15:45:00,ae915efe31118bc7052efdfb6c5417ac05d45ad78279ae492a7140be5b08e870,1,2,1,added
pool15yyxtkhz64p7a8cnax9l7u82s9t9hdhyxsa3tdm977qhgpnsuhq,SECUR,10,2021-04-25 13:39:19,6866e34c8c4fe7030168d469141f91a345008d02e5f9d17e79e8a9730dd6eff2,1,2,1,added
pool1zug38qs8r3ggmzqnqmyxkz34zy3gc9uw3pn59g5gfjwcxdskxjf,VERSE,12,2021-04-25 08:37:09,4b25b2085bc67d210150bfc04006d7dbaa30de955e122256e29a6993739ed423,4,2,-2,reduced
pool1fs2m5rmlx66crcwwrrsf2pcxjhvk7kzdurcqusd3v5gm65cufnj,BIRD,31,2021-04-25 08:27:03,13e9226771136f3a066c5e86d43caa2037c90fe72fd051970a1ce0c9ce73e7e8,4,2,-2,reduced
pool1wvyh37mrm2rcx75gvp22cdrsy5w300aj8lglnzyxzf2hjuph0mt,BLUE2,17,2021-04-25 06:13:47,1bf1550908e8fad5a503e79a7ed8903d0af1ef9b9de471fda713ddda3c0e4498,3,1,-2,reduced
pool1692dxqqcsavymwz28w44t2jhyjnakvj4l3gwz2dqrarmc2k6dkh,BLUE,17,2021-04-25 06:13:47,e41c7239baadbef28cd4dc76551e9156c4df4e7ed3409896b1a129a5040aa867,3,1,-2,reduced
pool1t5kn4jenpyukemrdaecd5m3wt84p3fezmcha0fn839dewga3ejc,,5,2021-04-25 06:03:26,a4c9af9925f66b2fa8adeac0ff5a11a690b758a3f0075c5d821d7075390df316,1,4,3,added
pool1t5kn4jenpyukemrdaecd5m3wt84p3fezmcha0fn839dewga3ejc,,4,2021-04-25 05:18:17,f3bdb1ab1901fac5e12802b90afdc719ceb27c0d2a0a9a7936367c6733ed3c17,2,1,-1,reduced
pool1g9v6nnrn8x7jcj26mqernsh3h97g6gyhamttzg8q39yvjr60g7k,DEGAS,2,2021-04-25 03:16:41,8bf531827c759b766a517c3dbef2da8899caa134b200c09c40c53eaaf4e7bf0d,1,2,1,added
pool167rklq6c7hj8nt3g880x94pn2wc8kgqx5s8ml988y0qcccr6qsl,MADT,8,2021-04-25 00:41:29,e54f1e0bbefdb81a574fd84d41c722658f9f742eaf9b7f3602a3ca87b391c9bc,5,3,-2,reduced
pool1t5kn4jenpyukemrdaecd5m3wt84p3fezmcha0fn839dewga3ejc,,3,2021-04-25 00:22:12,d5ece1099cfa2288e4cd04d46a42bae59af3d4518186f407002f9ec4e4591f17,1,2,1,added
pool1wp7vqk4mkx0w0wxzpy8avhft4qwcg60xldwem2uh9n4pw777fhz,,11,2021-04-24 18:12:10,521cd605896d80ca26e6d6e646686b59a0b5ce3542bba448e691a0a75c9d7d6f,2,1,-1,reduced
pool1cq283yxznkuj3wmu7r6q2sxrqquz8rr0vu3403utc0ggx37vjzs,,3,2021-04-24 17:57:53,0e00ab1c70645c76165622be0b478dbb1780994ab83da9e415390b7c2f5d0797,1,2,1,added
pool1fmrd4ds793ja4c5muy7hwj6q7kssuhtx22em4udmvx6957z9m0u,TLP,5,2021-04-23 22:11:29,3bad55a72b90165a9a0abf1bfe499e9b4dbfe46694a9a08abbca15384cccf738,3,4,1,added
pool1akl30anedgzrf2pxnuqqeukt4p6992lnnjvk0j9rrr69vtqka7k,,9,2021-04-23 21:06:40,80d65f124910cde517662a817beb8461eef0a229f354efdc87741d4b7ee1fb83,2,3,1,added
pool1al783um2muyhrpcj779y46z0qtnd0nteu0y5jt7252nl26dt0h0,GOLGI,2,2021-04-23 20:58:34,5a128ddc8de7b414082200abbea584fd98334bfc6de544b14480434e463bc955,1,2,1,added
pool1jcn4al6m62h0dyqcfpvar272dquuqjhfmsyc0uwpaum42l5xp4s,NTRE,5,2021-04-23 17:09:16,865f52fa03f2a65e20b7cb503db864e3fc5eaeba1754220700372e12562259b8,3,2,-1,reduced
pool1fspfv7z8l8755une5vt8drk7aufenxlucnl0p09sy8vxjw5kz3y,,3,2021-04-23 11:23:09,8e7178a5fad31a732ef8c0f4f626d83389482559b967a01db0432a943dbbcffd,1,2,1,added
pool1wyfau3rlkckr3clr4mkyxn9vdlrkup0fj7uyyflfccmms24gm3a,TERA,11,2021-04-23 11:11:05,372a8c020f1bdc25e3361d6b4d8d0e3f4e82619ae53406cebfa847c5774722f1,2,3,1,added
pool12rs385dd534g8gtdtmnvlhq63whdvc6vnuzxa5cpx843zdy73qy,TERA2,5,2021-04-23 11:06:42,ebd376fac7c5395bd7c70fa96d425987f0c991043cc1300df6f45ab8ea16b167,2,3,1,added
pool1qgjcr8zldwp926kf6vm0c633wfcamkeepylgpcvw24gdksr0ng2,,3,2021-04-23 09:46:58,518e2de5d3ec6c39fcf9493952c25f9174e4125757876b5698b3345250f56d15,1,2,1,added
pool1jdeg5kn8m77t873vufp9hty99fl0f3huvf8uzylk2ydz50l6a22,RETRO,6,2021-04-23 05:35:13,996d5537d1b11106c592c3b29ec759a4e391a632c799a4ad8670e8ad8648388f,2,3,1,added
pool1rcq8vnrl52890nvt0300w7rgqkuk4az98kd9zcvu43agk3u84ms,ALIVE,12,2021-04-23 04:39:24,38c5c86e40821d2baa5b840f74b7af7c0b461ead328ffa3c064ffdadc90ee3a1,2,4,2,added
pool10q33p4hx4wqum6thmglw7z5l2vaay4w6m5cdq8fnurw7vjdppcf,SPKL,7,2021-04-23 01:05:16,7821d39a236455b1f6a751d260dd5afe19f7263500079095a22ddaf021b37812,1,2,1,added
pool1snvcmtdnssf6t8fhs7943uxmmujlt4f89yv58cp7m99cq5tw9hy,INDYS,13,2021-04-23 00:31:03,445eaede89c026e08f377a42b6bc7589207f4fc9d2e35860b3f63bbefa0a9fe0,7,5,-2,reduced
pool1378u3xd5h393n0dwqszfw4dmen5vlmnm2fsdczd3v92n6dlw6qm,FIRE,11,2021-04-22 21:44:29,0c106cc8ddbcd5e784cf375416033140f1dc2aed95dce00fc718f6fa5e13f309,2,1,-1,reduced
pool1sm2kmdn4f9rat3kl67y9drqcnnqc34zg4f4ufmnrfaj45gcv89d,LTES,19,2021-04-22 21:15:51,bc28221a7e609138215027444919f467abe1a75d4f78b1c6937e6503e6befd5d,1,4,3,added
pool1tkexntwvhg0fqs2xnm7xg6ljqzjkpk0pl4nxxe3nf48ux8nucqy,ARTA,3,2021-04-22 12:34:42,6821327086887e23537cbe2e974726c5ba425f678eefb2cf59fc0cc552a5e98f,3,2,-1,reduced
pool1lkuwrel3s8er6v0snw69gumsaugydz9n0vl87n7mygh576mwcy0,ATFF,3,2021-04-22 12:23:03,620c996b4fe4c6c7bc3a7afb7ad8ff699c05d87ece63c4ab9e415d748821d98b,1,2,1,added
pool1snvcmtdnssf6t8fhs7943uxmmujlt4f89yv58cp7m99cq5tw9hy,INDYS,11,2021-04-22 09:09:18,922e3282f5a56fcd03b4728bc5c2348096333c8b6d77ac3e35997493ed65a6ff,4,7,3,added
pool14fjmlppz76667ws3jl5luejf2wgztuhpsftulvh3ucc65anqgve,XSP2,2,2021-04-22 04:37:11,32bfa73e76ddeee0c157ed8831859dea417ecee7bf12b857d98b397b4dd1930f,2,3,1,added
pool10zyf32q3w3n9x940j6yqgkwuegzn77p94wcmpku6gvmrqw8a97d,XSP,10,2021-04-22 04:25:24,d12c3d22fb3f969ca0fcb945ffb43ac7d65c1a72d7aedec33b027acda052e29e,2,3,1,added
pool1mzry5s8pkfy42ul2xevaq7dk6qae8247hqd8serm3ms06glvny0,SCP,2,2021-04-21 21:41:40,3eb745f48f952751635bff98a4bccbf0a39f09a485679a855ff8c41a4e655d9f,1,3,2,added
pool1sm2kmdn4f9rat3kl67y9drqcnnqc34zg4f4ufmnrfaj45gcv89d,LTES,18,2021-04-21 18:57:19,9cf06c19232ff6891566b8708b6cc7555c441e8af8accf9e7f001470b7713c14,6,1,-5,reduced
pool1jhca0ycgclhc3ae860llt8fwtgvkw4p44m0khs2df5xawk4kx8t,BTPUL,2,2021-04-21 13:58:17,0ccd750296cfaffed2b5f5fcb904994898f836b35dcacbe3305102afefb208d3,1,2,1,added
pool1snvcmtdnssf6t8fhs7943uxmmujlt4f89yv58cp7m99cq5tw9hy,INDYS,10,2021-04-21 03:35:13,7730640e87530066941825131e41d0167fac9ebe9c4a8718c139b522697c5d0b,1,4,3,added
pool15gdh4w26ax66aa2j5ehwcvm46as3jx0v7mhu678y7m5q5s80dwk,RYZE,11,2021-04-21 03:19:44,4a1b99b2e86cae2e5b81476bb65d9018d9c1b0499a3ea6541eaaf09d16450ada,1,2,1,added
pool1yrqqa03ea5fdh5hnap99k4actjtj6ypeeauuwrvf8d3zw9ywvye,,2,2021-04-21 02:50:56,8b76698f20ebfd56210f54cb0f6d6f417b163852a412536362e49830214eb439,2,3,1,added
pool1046enzdm6k4897m6zfgsph7sq9xs3ardvnlh5t80puz77vq6355,,3,2021-04-20 23:43:39,14ccfd42cf3e00e305f27988a9c85e1616b53409aa5c3ac982e6053b8646f231,1,2,1,added
pool16sjl6t8exdrenygxhramgc7vs7hjv7ga35caj4cexgzdk7mrpxr,,7,2021-04-20 18:42:14,43ef9c0a24ce3ea67a6f95a23c4a829b3bd14431712f37cac959c254392155cf,0,2,2,added
pool1u283gl35gdj2l6c5cmg9crugf9aq7w6242pr88v6enr8u9q2vzj,,12,2021-04-20 14:19:51,af6a7d06b59dff5b09c6ee8455c91511fc57f8c2947b0709c679ab7c99770056,3,4,1,added
pool16sjl6t8exdrenygxhramgc7vs7hjv7ga35caj4cexgzdk7mrpxr,,4,2021-04-20 12:55:37,2a37ff15d38078834bf343e8ddd21a268861de22ce533fedc43e2e35422ee614,2,0,-2,removed_all
pool1hdk2awe7895dd2nzrfqjasckjflwtly6qpmvx4yttpex7ny236e,SHARX,5,2021-04-20 08:28:17,79abcd8d36f97a7d1767c498e8c6301358e2f13b84ca316fe37c1b1fc36da630,2,1,-1,reduced
pool1u0u2s080a5plun4acn6s70xa3q98ct7skt88l7w6nnwwyl9ecym,VOLCY,10,2021-04-19 22:19:33,1d5c334b0fee60d73ae3efd5a159f6b531e511c8df19d788d2f780b092d415dc,4,2,-2,reduced
pool1u283gl35gdj2l6c5cmg9crugf9aq7w6242pr88v6enr8u9q2vzj,,11,2021-04-19 21:11:13,010c5cf3d016aceed0258289a40fdcfe11c0a5f261bb41dc2cde05d7a600654c,2,3,1,added
pool1hy28g3gywvf25yu6xvfepwa8zhhtkk83kekfdenqujycvqjc96g,BLU,5,2021-04-19 20:58:24,81ecf13156e70c50230faa92adceb992d7f39ea68e0faaab078a842f7c95ec7f,1,2,1,added
pool1980svf2cxnfy66s5jgjv7y22xud75z9kfe6n0c3y54s62w56435,HYPE,18,2021-04-19 16:57:36,c5e1970979bad0027f6531a3fdf8c340018a01ea14cc8dbd0463ccfe80564cfe,1,2,1,added
pool1wyfau3rlkckr3clr4mkyxn9vdlrkup0fj7uyyflfccmms24gm3a,TERA,10,2021-04-19 12:49:37,0d1109b95e92efaacd920cefe63eecad9096e3e03e8f16c3f8ed6d1e3808bc98,1,2,1,added
pool18gys2arurr8su3qssvh7vjcn42k5clgrvdxah8mxcg5xquvfu8p,,96,2021-04-19 12:21:49,6f685bc35e89197422f41e1dcf8f5345e573a8ec6ec9ab4560e3223169745d71,5,6,1,added
pool1fmrd4ds793ja4c5muy7hwj6q7kssuhtx22em4udmvx6957z9m0u,TLP,3,2021-04-19 12:01:06,9f2eb1246084d32421b4eff42a8cdb828e7fd6204356c2cbabd5460c947ec541,2,3,1,added
pool12rs385dd534g8gtdtmnvlhq63whdvc6vnuzxa5cpx843zdy73qy,TERA2,3,2021-04-19 11:20:18,a252cd7a77e7c699e3b7038d5db7a036a05e7c5c5a907fcc73e2b2139bbe4de7,1,2,1,added
pool1a3kdettzvvlqvkl9m9hwe63ggeq5fgvz0twqew5c62dzx99vsed,LEAD,26,2021-04-19 11:02:40,86b60a3609fc3e0690b232b9f131d0b2db03af3f4e712b0f7781decab4941acf,1,2,1,added
pool18hkq2t8ss45h4fkr92f52flhc4mpzedx5mcz4xhnpj0dzp76028,XYZ,16,2021-04-19 04:09:47,ca03f76853d59a32c489cac79304e85d4c0f9a1aeb3b7f680c0778b5d8d695af,9,8,-1,reduced
pool1s27fdpdv8zx8flkaa0hkh8lsdutxlxkgz6njcwy82zy5cls0mw2,,3,2021-04-18 21:09:49,a4aa8b02c9c49d77e5dd71fe362a0ae91db4fe4c23ad103c1ee494d8e99ed663,2,1,-1,reduced
pool1y44fkeps7ftnnf495a7grfrwtt7hxcntaenyzu4x4vah5cud0mt,,5,2021-04-18 15:55:01,1399b9046e5c6eecbe07dfba022a880526abffd8d30a4a5a79db0bdf78a91f5a,2,3,1,added
pool1vf2kjdjr6twtsp9m38hl65xcaf6rhwhq0ttz5w63wnlj2a4mq2j,PLUTO,6,2021-04-18 12:24:24,7344a07935fc835809e884e11dbc49e36d3c7daec5a52e23c92aa44fd40e3fa2,1,2,1,added
pool1u4sxd6x0qsy7evljt24vtnyhpxd098n609sfcmly6c096mr3jgq,SCAR,2,2021-04-18 12:24:24,65fe646cd403e56e7b5d0e0e06308fcb3ea4839f5d51d177e618d1c5b8707652,1,2,1,added
pool1z4d4s883ul7h6vsrmg9s3t64df2vcx02h8tqtm8sq5yqw62pu44,SEOUL,11,2021-04-18 07:44:00,dbc2a94303c532fa654a8a4a35a8e6b12c0b57cc94ce110e27e8ae3ae504f789,3,1,-2,reduced
pool1klwddp9hysrplwmkaa8h3d65rg9qtz4hhpsw7uvz3e0pj8r3lrg,PECHY,5,2021-04-18 05:57:19,0e9043dac1e3ed9395d7881a13c0a85618fe25b52e9611cb6f056711c91b822b,3,2,-1,reduced
pool1uqrecfnsa6pqd2tz60r0lcj4kunhc4rrw8lldrpdvfx9qfjd6n0,AMS,21,2021-04-17 07:20:58,9b66ec8064ae6cc4016acc487a71f15cfec1d6b45cddb999e6063fd4ca2a788f,2,3,1,added
pool1ewrm7y47s9hv6hxku9n5gfnsuspymp0qqpwgvgm9rvm37cek2h6,A4G,6,2021-04-17 00:11:00,f9ad924faa04c04184df2e9484b9b081e0d2f17109e2e24c15d0a7284a3aee70,1,2,1,added
pool12dcwy586prq83qggtfvaxwdpys9dw4sl2yahrdjyjxsqzcq84rk,,4,2021-04-16 15:02:50,3f4ff92b176b9a9d079853a120af5fc858680efe571f22116c6f22c6c220d873,1,2,1,added
pool1yffj4e9g8hkfzwrmrgxa6vcxuzrtsrandt59pc3hd46m7vm3pa2,STFU,2,2021-04-16 11:03:05,9ab03d76aaf4b8a9c987a7873712864c37c7472c8fa9b6dcb54be604e594e7f8,1,2,1,added
pool1n73klrhjp7ez9fxvzkwpfk96xd6752urpyu9nncqdw93jdu07s0,SPORT,6,2021-04-16 04:13:17,5464a723a4ed4845ba41d64b60b1c041a790aa886ef27da52efd619069948275,2,1,-1,reduced
pool1rk28hp58ptwapha9nc944ast32gln8a7hx6eue0gzuj7sndzrhk,NOCAR,4,2021-04-15 21:22:43,ccd60654cf65461e715790da8c61db2851deb01746cff0650690207a9cc52676,2,4,2,added
pool1jcn4al6m62h0dyqcfpvar272dquuqjhfmsyc0uwpaum42l5xp4s,NTRE,3,2021-04-15 20:43:23,833a13bf3072d11213b0904b76f790f5fa87a1e320f09689df0ac7cca7812e23,2,3,1,added
pool1apts5675m9f6tkp4ed2jeu35azt7a0hxd3dypzjvwr2hxu6lg9a,ANON,22,2021-04-15 19:39:03,4ba6ed648b8adeb5987bf1664a0c92f59aa5ccb080cb4276a5a305d1232eae2b,2,1,-1,reduced
pool1h0prd5vcdv6uk7hglztdcqfp5czjqxdydxkxkdhg8rrk22mr4ym,SIGN,8,2021-04-15 17:05:12,2dc141727d2b5e984642fba2f4a45881edf23cdaf20851a7379133cad2e91cfb,1,2,1,added
pool17qu9sh6u53stvpykqgs539fsrke7x8fj4e52tlc7uzhp75vk0wl,,5,2021-04-15 14:49:11,c670ddd648ab865ef912991750fb6d140ae11e571855c7852c7028e15f1cbf6b,2,12,10,added
pool1s27fdpdv8zx8flkaa0hkh8lsdutxlxkgz6njcwy82zy5cls0mw2,,2,2021-04-15 01:26:49,81d4f5d160fb521c7bcdaa6831be8476b510736162ac1f85a343a3f3a949cc4c,1,2,1,added
pool1jcn4al6m62h0dyqcfpvar272dquuqjhfmsyc0uwpaum42l5xp4s,NTRE,2,2021-04-14 22:35:44,7e469f72efae60e86e591a4fe0f17f71e426a511bf78e1713ac144480161db17,1,2,1,added
pool1f2pf8da5vxq8mams3gdqhs2m2yk8wngdesu0cjxkpd9jk7a5v0m,BGOOD,2,2021-04-14 21:40:14,a1015161011d0918d2ef7fbb768b134da3a81990ccf4c925f3b72814bf077b74,1,2,1,added
pool1ytszp582dm9u5un6mevt9czgcnuqhflwfr9ly4ukpeqcughryqh,LEGA,7,2021-04-14 21:27:18,1bf28f43c0bb06ca063d2371252fd72fecc22720fe025767100c3dfedf36504c,10,11,1,added
pool16w2y9xnpdjt22klzhuwcz9jpvyyq8640mepljcwx4mjmsvpqk0y,,3,2021-04-14 15:45:48,179b7e6b3bbd463c8b840fe66a2f8028b5278226190dad1ecf1c17915d2eafd3,2,3,1,added
pool1zhy8k6aswdeshg5g4tr6xpchzsuec7re87d484ehptryyrpxe9j,SANTA,9,2021-04-14 13:44:02,66372f76fa3fd336d3390c3f1fee6d48e60550a4abe1b4c52ca82f7fb4426917,2,3,1,added
pool1crprz3rdcwvfxmc0s4gxquh3qeqmscww2qfvpl93q52yyn7agsc,WOW,3,2021-04-13 21:17:38,251030aa5b2ab13d51c87a9ada4e5f88705aa1e6988503e59c53343c58058ecf,2,3,1,added
pool1z4d4s883ul7h6vsrmg9s3t64df2vcx02h8tqtm8sq5yqw62pu44,SEOUL,10,2021-04-13 14:18:58,68dccf3ac3f950600359135f93885813ed6f8fba85ab0e56a06a69b6120350c4,2,3,1,added
pool1ct59zfxfvtv74k3mmukq5faq7kc48wuxrstyxtd02pxluwf6mkh,,7,2021-04-13 12:58:12,d1f9f408f0b51b16cc73b513a65315a36126e3f05cf2441097effda20be32c4f,3,2,-1,reduced
pool1fmrd4ds793ja4c5muy7hwj6q7kssuhtx22em4udmvx6957z9m0u,TLP,2,2021-04-13 10:39:10,ce131e865f9861dead92a244eaf6045dba59ee2520a4e21ff16c5fbc95e3ec89,1,2,1,added
pool1y0lq6rjckxxly36gf3wdsxzjzg97mq9c90una3vfq8pu77g7zkf,MESH,11,2021-04-13 09:52:21,04cf830500039823a921db70b988f5bf90c0b6209ccc9421377c6d2fbaf7ada4,4,3,-1,reduced
pool1jteau4duu849z6udwkam2jzppe2zd3lwlyp05r37lguj2c2v8hy,,2,2021-04-13 08:30:13,56eea7a68ea29d125ba478468a61d02188edbbcf909ca7ae466bb4d0c1996699,1,2,1,added
pool1q5zd9f96akga9ychn3ya6wwc8vczl5ynkc30w5m7kq35kk868dv,,5,2021-04-13 04:13:17,050864558521141885f33c69c3f8f1dcb23b27f362a5ce4752add8cdf4112bca,1,3,2,added
pool1fkp87gzks7duu6ncjclpl6aysfwcphy2q9pakvt9jvdfygqp75t,ORO,7,2021-04-13 00:07:47,14292494ac53e4d868ae66a1f9a62bb00fc945ab3594fce51b891c4925923c22,1,2,1,added
pool1hdk2awe7895dd2nzrfqjasckjflwtly6qpmvx4yttpex7ny236e,SHARX,4,2021-04-12 23:43:19,988ce77455b8b567c25cf8b4e0e96ae4bc7bc1e13689e7f0b38306e42c79e73d,3,2,-1,reduced
pool1dd9a2hsle4jsc97vnuhxqhfea7a3pwwygtctzxdy7jnlca7j2e7,,4,2021-04-12 16:10:21,672fa2f7a64f671cefbc71c056ef84b972a703287161253a031efe16e0fff2c1,1,2,1,added
pool1j22mzxf5x4gw9zltvey3g9nw2d99skasjcm0xl2mtesk54ffy77,,2,2021-04-12 15:37:37,7c41f82102fcdb54892d1892a0b6a01538adc1aabdc2ad8189afe51acb11675e,1,2,1,added
pool1cx3clsl5r0f6u9hw23u7mtn4fuazkjqh3aq9as7jm7f5uf2l059,,5,2021-04-12 14:34:37,01f98f8681cf9c3fc65ce09e13f3be6089bc35e08ed9556d10a5e6ed7e0ee538,1,2,1,added
pool196fz9gd7n0jnn2rwpcqqdyf9j5q3na6qwhhy0k6j9ysx5f3u7r4,,2,2021-04-12 11:53:03,a97c70dbdbc579b7ec379e335c24ab95eac1c6a7cd0ea24f3be45e25d59e5a3f,1,2,1,added
pool1klwddp9hysrplwmkaa8h3d65rg9qtz4hhpsw7uvz3e0pj8r3lrg,PECHY,2,2021-04-12 03:05:28,b39a661bd7545df2673c9ccf50afcd79d2298e370097cc6effa267322f6a44fe,1,3,2,added
pool1h6l7mhtqqvkgq5hyvkrjrrwddulx7zc6mxlrsezsspymckuuext,Trump,5,2021-04-12 03:05:08,408658b2d7ab692d78c96bdc67c2b0cd9098d7b15ecdb113b5e3f7f61b34da43,1,3,2,added
pool13qze0weztaxl9uje7gjryzs85mwlx0cn9pgdnkdxs3xvu78tsr3,,11,2021-04-12 03:00:49,5aceeacc9c52150097e5976dd4b919ebe07ff403633498241e1bc954874f5eca,1,3,2,added
pool1xl208zapjg640pwk94ay8l5wk6ulfxfz6uhsw5uxlun6kxjvh8u,,6,2021-04-11 21:12:32,0f8ec8b2bbe429e133de5721531f7c6629ac55298f8d958d80ad55e76888044c,3,2,-1,reduced
pool16w2mssm03rrk5jzkcvxyma77zcxx4vsjhwz77hka33gnsk9j47n,,2,2021-04-11 15:23:41,6f533a36aff43928490a87d5ab69a1e85a69156b58600de13fdd663689b28c96,1,2,1,added
pool1u7zrgexnxsysctnnwljjjymr70he829fr5n3vefnv80guxr42dv,VILAI,8,2021-04-11 11:24:14,cdf435b8f334e5b1209170357c6fee02236938c46d4645a658b83c9d263aec3e,2,3,1,added
pool1aum2mx8ds554pfm45el2wn3lr7lsnphlggxzhk3qlpl56qnffm2,AMM,6,2021-04-11 09:12:15,5e83d2acdae4c0e69e411c1a1bec2d97a9c3dd866242474deea33f99d1dcdbe1,2,3,1,added
pool1pf6yhzdr9vpct5rc3dtwersl4lyuglp80l4jc67kf2qj29xjg2u,TAVN,12,2021-04-11 00:03:21,7d3f3caff2bd6242a64115661566cc37b33f765e4681f731678cba34dd0f25c8,3,1,-2,reduced
pool1qsykq4vpky4mjmgltjg9wzjgrfag9renr6579d0gyvg6jh5erye,,5,2021-04-10 20:54:03,ec586f8162db1b74137313c88a9dff46d17360973204eff0b4f2329687202dca,2,1,-1,reduced
pool1a8902n5s5z8cgehphzj8ujwv6wf7dycnrdx4ekfz9cwmwj2fenu,,2,2021-04-10 20:10:35,a2b0bbb36186cdd3ac4fae36581f71a126b2698eb3de1a1d73d1facfd49c635c,2,3,1,added
pool1akl30anedgzrf2pxnuqqeukt4p6992lnnjvk0j9rrr69vtqka7k,,6,2021-04-10 19:13:00,fa46d9cb5ad3dcf369c2731bf4c2b4c5fbbb4421140be6bf4154f7501283254c,3,2,-1,reduced
pool1xxhs2zw5xa4g54d5p62j46nlqzwp8jklqvuv2agjlapwjx9qkg9,SWIM,17,2021-04-10 15:11:04,9500562bbee7ff4f6d45ebd68ce62c2c21dea1a2cf5ce03088bb9535a2494070,3,2,-1,reduced
pool1n73klrhjp7ez9fxvzkwpfk96xd6752urpyu9nncqdw93jdu07s0,SPORT,5,2021-04-10 13:38:42,349c2b3edf7ca9d90b27037da3e65760f13236f8c173b34106dc6ce8b93fd5d0,1,2,1,added
pool1e7mwu80pmsjqdf8lu7rsfdj5sldashslll0hpj7rhx3w6xpwkq7,NIZI🌈,13,2021-04-10 10:40:42,9af9764a145871fde13c5992a6f530dc8fff5a70f75603a5d9370beaeed2fc85,1,2,1,added
pool1zhy8k6aswdeshg5g4tr6xpchzsuec7re87d484ehptryyrpxe9j,SANTA,5,2021-04-10 10:39:39,981cc1ad42a2338186bada5d394794af02dd2741f8696c3c5340dc42d70f7905,3,2,-1,reduced
pool1vev8z03vh7jwx3mfrgzrt9fltt97nupaxv8ffj4r5r8mgwts5ze,ADAOZ,13,2021-04-10 10:07:24,ef7101bdbcb9f955a340811714e05fd29080f24a185ad86c1e1b9b74a07eaac9,3,2,-1,reduced
pool1a5njhrg4s74vgynnae0hht04wgmcf75kwen3676jhrr5v3s8ecq,MARLN,12,2021-04-10 04:59:51,19db7ac5f7c11c06a21fdbb96ececce6ee855937794c8b996eb664ec75a0f78c,1,2,1,added
pool1rk28hp58ptwapha9nc944ast32gln8a7hx6eue0gzuj7sndzrhk,NOCAR,3,2021-04-10 04:16:42,966ca96390d475e923278e6f7abf0d33fb86619260d5398f53bd4a7791efff55,1,2,1,added
pool16ajaae2n5lsyr4f9k9uz5y8tpf0996tw640dzu7chwp2wdrnz6a,BLADE,5,2021-04-09 23:58:42,0542936fe8a1b058bee6f0302cc45dc2a774682e1e638d8e104d8e68642c6ab7,3,1,-2,reduced
pool1wp7vqk4mkx0w0wxzpy8avhft4qwcg60xldwem2uh9n4pw777fhz,,9,2021-04-09 22:20:36,5f5085b686ec693c32108c3be628e8fdcf58f845d3af025cf7c70aab9930cda3,1,2,1,added
pool18c2qgn5fv5vfhsvqjvn20j943qjaegs0dylgpsmmwz2lx03n76k,BETTR,3,2021-04-09 20:48:38,3e5042ff41da342e25ac285a0085d0096b4512db6660be9717db9f9b3665258b,1,2,1,added
pool1e2w8t3hucc5hfhw8k6r69er3y5kqs9dj9um65l5qe3a82nl25zn,MYADA,21,2021-04-09 19:31:17,04d911eeea3eb426680ee80866e178bf1bfa9d652eb05de6f8fd1199e741b0f2,3,2,-1,reduced
pool1zhy8k6aswdeshg5g4tr6xpchzsuec7re87d484ehptryyrpxe9j,SANTA,4,2021-04-09 19:02:25,cccf2dc9e1f038ce46680e34151e34f5027943be3df1ab0e383b148d72f14a0b,2,3,1,added
pool1zhy8k6aswdeshg5g4tr6xpchzsuec7re87d484ehptryyrpxe9j,SANTA,3,2021-04-09 16:33:43,a2726db5661959f1ede34abd7f57aa616a169b508d2ec9c484c7e6b89c022168,1,2,1,added
pool1z4d4s883ul7h6vsrmg9s3t64df2vcx02h8tqtm8sq5yqw62pu44,SEOUL,8,2021-04-09 11:37:34,6db421bc18cf10d1df6cac0d4d7483302ae1683a228b509602bd47ce1a24d3e5,1,2,1,added
pool1pf6yhzdr9vpct5rc3dtwersl4lyuglp80l4jc67kf2qj29xjg2u,TAVN,11,2021-04-09 05:30:03,0b9caec860dc8cc843c7aff4dd03764f3208bc07769d4a1c0f42703a39cd4159,2,3,1,added
pool1hr7pgag6z3sqxrzss6vh28j2d5qgrz884had2p4kuu97uazn2de,,2,2021-04-09 04:34:50,f407faca33dd1483e819826008fded60de4c4a23fd3bf0db83d3f85d8a63497e,1,2,1,added
pool14a3uqp0q9fyj4zmzna4yklhdsrrrx85tcdtjwmxptzkt6epulj9,AMAN,3,2021-04-09 03:55:21,05ba4d5b2299aeb4f4f4d23d65fa9bf8265ce2e349dcf9051feb3c5eca4ea929,2,1,-1,reduced
pool1mwp8ewtzmun0426v9z0h9um2amswgfzn78rckfl2fc3t5sy0m5g,AACC,10,2021-04-09 02:12:18,fcb728cbbea93ab958046d542db4233bf112cf19b6f4498189f82dc70fc0a1fa,3,2,-1,reduced
pool10pmpya78vv23pngluf7hwpg9lerepmqdmdu47huf5vsskt56wzq,,2,2021-04-08 23:54:57,3cc032c6876dbf3dea3b0259cbd458e44e09150f3633bbec17d51a42364ecc96,0,1,1,added
pool107nx44v67sgca9mkl6gjqg3l03vauh5crp58rm5shve4kp0zfjf,,2,2021-04-08 22:26:47,406f53862e77aad48df730617fc94369873695dae4a6f9e30f58b622b722c44a,2,1,-1,reduced
pool1g3wjq2yyg7hxteky9eym8fhc9xdtut63ss46a96gxndhqjgerqv,,5,2021-04-08 21:48:06,35a25dc67929882a7a60b4654681158c8ec6035699f400097a95029987ab3f84,1,2,1,added
pool1qq76dtlr0m9g6xlvngzq550j86cgtslphyjffz3pgpn7wazatdc,ATM,20,2021-04-08 10:21:37,cb3615c4b1d1c05f4881d351a27b7c2089bfac2f0849ccbc55ab3ae0a205662c,2,3,1,added
pool1ezskfrplms9h6hxcw7adqghmfrtpn6cy7ax8ajrm5kn0crvl6sn,IPIB,6,2021-04-08 08:06:05,375739a705336860acd4c5cbc348592688dea9985167df860f7e669cde6118fc,1,2,1,added
pool1ull34uxtt3h37ysxeq6lesp9536kqqetddew882ldawu6yqmsl9,CANDC,13,2021-04-08 04:49:53,4eb2a0bb2f304b1026cde745c3119a44607b41a5d269359ae3f9c1279fafc035,2,3,1,added
pool1vev89m93eu9t930fswf8ee2xjehwrrkyw7msdemjwl4ev3xaqdf,,4,2021-04-07 21:36:40,60ccea3ceddbfd6205c7e8b0f5fb738113b46c155eacb486326ccfa7938465dd,1,2,1,added
pool1xuhzpgl9fz9yp62ydktgvpnht3225jhrf5lc3eehszjywynznaj,,3,2021-04-07 07:46:52,1b0f458e3912d2d3d0cd9bf93dcb9d441d6a4a5728e5b3930e8894b40b11ec00,2,1,-1,reduced
pool17taqml487n9t4r9a6ppvf9qv0qlw2lu4zcrzwfdsfcv6xp7uqym,PSB,4,2021-04-07 07:02:31,8d22ec432f1e50010133534fc9b51217331ae8384aaa8ee4c6d6487ac1341b90,2,3,1,added
pool1h6xjscpyekfvc8e8udgluvyqmz0etgy8dakuxu8apw0a5yxfzyz,BEETL,2,2021-04-07 02:20:12,f9425b514a3fef57f5b9a2a3378b1c10f922bf481d459ea94b284479ae6e7c28,1,2,1,added
pool1umslg2gmre4znj8hsx9x2u4ah4gfw8guv4mjthnjge3k2j5f8cl,SPRTA,5,2021-04-07 02:04:42,a324443f7f4e760ece8031a2d6f0099f2b9fbf446737bd81d3fff382ad483ba7,3,2,-1,reduced
pool16lwqfp7cpvzwn6mhu0gj3h4aa5k6j9my0he4mgjjva5f7vvnkw2,ANEW,5,2021-04-07 00:38:27,0f3edd65bf70fd889c8faa8d398625324079e3f5f0d875b65377d89d3fa8d654,1,2,1,added
pool1vru3p8sswq5xkr38ceavad67t6krh6m6q0q42p59e6htkld4yxs,PTGR,6,2021-04-06 23:30:28,45e1b01b977b069184f1f071522fb91556ceffbeb161721a5bad8f662132742e,2,3,1,added
pool1980svf2cxnfy66s5jgjv7y22xud75z9kfe6n0c3y54s62w56435,HYPE,17,2021-04-06 22:12:43,a6965e35b516fd55bfa206f443872935971fee06a5626ff0d5623c7e4bdff9ca,3,1,-2,reduced
pool1tx6e7gewsrcceejwpa69vrhlhay6862amaks095pmw9jxulwhvx,,2,2021-04-06 17:12:22,a96538e1ed6cb6a3bf60eae6b9dcba3a3ac944def05aa7870139ba2f1878a684,1,3,2,added
pool10ddqa29qqfvtwr27qfpzauhunqhng8zcu7kc888q6y9k5xhqm8z,BERTI,8,2021-04-06 15:40:02,67aecb59147283b561bef7b1e4b547757dcf042b6c1c1cffa427fac9f4269169,1,2,1,added
pool18gys2arurr8su3qssvh7vjcn42k5clgrvdxah8mxcg5xquvfu8p,,95,2021-04-06 13:34:04,df0c4f6d2a268a732eba04a7a3065b60655b9d6f1dfde78c3cf6566b6a0fdf1e,4,5,1,added
pool167rklq6c7hj8nt3g880x94pn2wc8kgqx5s8ml988y0qcccr6qsl,MADT,6,2021-04-06 11:41:58,52ff873a9baabdc3407f480241773fed8e86fb6f169bf82bdb035bbf3da66d45,4,5,1,added
pool1ysf2cvvju686v9uu5w5yel9ssznsqln633y43hyu93xhyghspxs,KODL0,5,2021-04-06 10:07:07,97e902771f852f108dabc9f4b212c0063b7dfa0d902f9882be34ff2f0aec8232,2,1,-1,reduced
pool1ml2d55qeljt26cmnrplqfjt92twmvp98p2zhsq8pgvtnzmkdj4s,,4,2021-04-06 09:29:38,edd5e433464e81d81aabac107b29dc95205ebe8e28aa71e2e70432539dcec026,2,1,-1,reduced
pool1jdeg5kn8m77t873vufp9hty99fl0f3huvf8uzylk2ydz50l6a22,RETRO,5,2021-04-06 06:54:30,69e8795a0f66dbd6cd259cb466da8923bd261308d7b737d752113d5024441647,1,2,1,added
pool1crts5gmqr34gsrn6wvrhfs9yqp0ynu8t2t4r350xp80s6pc56ue,BREAK,2,2021-04-06 05:01:11,8a3d84cf549a7e666d6de7e0b56ab0d911f5b7ddd0dcf32d952f08cd77ae577b,1,2,1,added
pool1l3u6jww4npkx2e0utcsmkhwjjgnp43w62exrqwzm8wudg0457e5,ACE,3,2021-04-06 04:53:30,913bb1fc71ea6948423b4bc4de446d9c76c9a5779c37c626b98784f18aaacfdc,1,3,2,added
pool154sjkrwdu80wp6mnjvkwk55aj53l4v37z4zwulfak74vcxg60x0,ANZ,7,2021-04-05 22:25:10,f3ed9ab5248b715da102f6b31b26b85c51104b41d5a159f5c0c7a442346a698c,2,3,1,added
pool154sjkrwdu80wp6mnjvkwk55aj53l4v37z4zwulfak74vcxg60x0,ANZ,6,2021-04-05 21:34:39,f84c443efb6b040a4cb93c83c6dcb6892593bc862b3dfc715852540973e0bbb5,3,2,-1,reduced
pool1yk2lpf0lg9zl84hwp85pcfyghhlzq7gqfmdxxkndec23288wlgl,,2,2021-04-05 21:33:20,a0a1b1e5be01e633324c07728cae5afda82a656b9b4568c81809cffb897d3e8b,1,2,1,added
pool1mhww3q6d7qssj5j2add05r7cyr7znyswe2g6vd23anpx5sh6z8d,GMBL,2,2021-04-05 20:12:25,78d817873cc6dfc7e9e97bf56c664d8db14995621f78afd8b250a2ef830a771e,0,1,1,added
pool1qzlw72zfwhhc0ptvzdpld06szu39x9mlm6782efy6sluz932fx6,BCSH2,29,2021-04-05 19:04:02,64326e766f32eb29f56d38bf818a25ad3ab7d8e2dc4ae8da3934ea5daa3209e9,3,1,-2,reduced
pool1qzlwlyu92fsx94qu6u5nw3sy334f5yat3dv3jgx0grrsv0kp422,BCSH1,10,2021-04-05 19:03:20,cf73f62973c124f1c6ae3c7a80de4970bf96e43d057f7261ea45f8d8f3d790ba,3,1,-2,reduced
pool1qzlwlpcsgflr9z3f24fg836tyq45p0kf5cnrp20s8v0psp6tdkx,BCSH0,24,2021-04-05 19:02:18,8fb014d6ff7e226a26082f976aea45c1f21c8cf885ecdfb122d4e7c006ffb35a,3,1,-2,reduced
pool1qzlw7z5mutmd39ldyjnp8n650weqe55z5p8dl3fagac3ge0nx8l,BCSH,24,2021-04-05 19:01:53,edf01e6e4f71cb01607d6f53df07700312e5603fc4413b153bf5b78c418e9635,3,1,-2,reduced
pool1esd3cqme3zzvvdnsx3p6ywudn6p86mqyz7fpvqpegxv2qzmtes0,SRN,6,2021-04-05 16:55:08,088e232b4270c4ecdbc969cc7634626db496243cf2d10cab546248c4f65d915d,1,2,1,added
pool1r55hyfrd3tw6nzpkvf4rfceh2f04yph92fc462phnd0akp2s5r6,COFFE,26,2021-04-05 15:09:58,71ceb334863e441fe1c19dc723f56aa034995096f3d6085fd9a2ebfdde76a3b5,2,3,1,added
pool1mleknpqvaf283fyvzlx62jw9g40288vwwyjnf9yqq6c6vc5d9lc,MSSP,3,2021-04-05 10:11:52,b430822ac1efb0ee8dd664307bc03cedb8f546b0875ba071b0ebc0fbd5de148e,1,2,1,added
pool1jmg0vmtnwzvk6zsle8rcs282slcyumq5pcl8vj0ek2mk5t2lvf3,SADA,4,2021-04-05 09:10:41,5d6fbe2f080ae95b38184cb0ad711d24e4a8f539395ed66d789c59a6a03a8fd5,3,2,-1,reduced
pool1xwy9ulstsdfwuh0q0jc76hjalvmh2mfal004ep6ka38k5z4zmh3,ZBP,4,2021-04-04 21:10:52,293d69d92f24f41ce7c0744faf8afc2c74ac3a642d9c2495d2e183b01e437881,1,2,1,added
pool1ull34uxtt3h37ysxeq6lesp9536kqqetddew882ldawu6yqmsl9,CANDC,12,2021-04-04 20:13:52,b396dbdc03278859da8839345ed1b946fc455f5ec9337f406b38afec6cc7b8bc,3,2,-1,reduced
pool1d9g45764jtjzagrmy5ndtrx4pua7l9sr4nh08l3mqs43xe6wnh9,SS63,4,2021-04-04 17:22:29,7b33497a3207900d7db1a8fa113c6f5d036167ffef259744d76448a659e4fee8,2,3,1,added
pool16r36znhvh3h2lk55vu89hsx3ug94sx2etqv9s2006d8awufhaz7,,3,2021-04-04 15:38:21,ce07460853ae8e4219e104e7f9c5b0d4d0b978ac4fd5997bbdd654f49e450897,1,2,1,added
pool1qsxhnvr03tg6jj7cl0y74jd63n85fgejm8tlqq7ct7fexfygkye,BRNS,2,2021-04-04 15:27:36,16982c4d742cf4221bb774123b02b7b1b47948c5cc35ef3c58b362ef5f91b37f,3,2,-1,reduced
pool1h9jr0f9evk3raxlljq6mt4gj7ej4v82afvnlc2wh28rwy2d8lsy,RUNIR,11,2021-04-04 14:25:14,6a6aa398cb4da882570ab90b64b53a9acadf6d90aea62e4fe71f3bc1fc6dec31,2,3,1,added
pool1ls80gx9sen3qc7s6c7u2ajw6hk8faqanljugcg5tfukp6qscetv,LGBTQ,2,2021-04-04 13:45:35,0d890d00673b35fe7ecf5c1e3e91429f0f62bae04ae1655235a4de679ee16dc0,1,2,1,added
pool1akl30anedgzrf2pxnuqqeukt4p6992lnnjvk0j9rrr69vtqka7k,,5,2021-04-04 13:44:41,0c4df1f49b6bbdd6d3d8eba0a60315c46f2b93925b2dbac8b6c9b0c31980fe5a,1,3,2,added
pool17taqml487n9t4r9a6ppvf9qv0qlw2lu4zcrzwfdsfcv6xp7uqym,PSB,2,2021-04-04 07:57:31,afde1848200aadd7783c3af5a37c3af5e5664fb86d18dee4b0f24cbdd75a0b6c,1,2,1,added
pool15ku704knemz35g8qavzj0tx4jrl947qs9zc6t0vflhlj6lp2ud5,DCT,5,2021-04-03 08:14:53,c756cb3541fbc9ec37395c6691e02fe507c9fcf58bb49211f5f57858a460cab4,1,2,1,added
pool1rnnaf39mea70fzmdpj55tfhzd64494nakzn3a49zld5cw035qh4,,3,2021-04-02 16:31:50,36c66d1179291779953f1b060f3f644f8ce02ffa1ecc89dd075423328e018621,2,3,1,added
pool1jmg0vmtnwzvk6zsle8rcs282slcyumq5pcl8vj0ek2mk5t2lvf3,SADA,3,2021-04-02 15:19:26,77e582ae58ce3d04742920da7d8a2bd552aa84dd3e9277d9baa6c9665fc79dc0,2,3,1,added
pool1sqvctpchgaydqt9whf5jz3vf4vpesdq5t8hw2rxsdx3nymx27uc,ASGOL,3,2021-04-02 08:07:28,ee911c2611f3313f0e3f01ac3a4728a59b68b6f452bb1538854f5f1041c6aab1,1,3,2,added
pool1z4d4s883ul7h6vsrmg9s3t64df2vcx02h8tqtm8sq5yqw62pu44,SEOUL,3,2021-04-02 05:22:44,7abcfcc52e4dd626ead38eab8d04cea850fe7df89e13daa5d0db545771098450,2,1,-1,reduced
pool139uvx6vy29g6rydz346dzfmg43a0dlacyuejd7kpdcw2wqzupd6,,2,2021-04-02 04:16:50,3fa50492b3b4fae9e0771f5b9d2cab5941838be87bbace58e90c978bc45f212a,1,2,1,added
pool172vhywk0n2m7r47a8wq78xzc7nnytu3x78wyftmdedvjyzxjc7s,,3,2021-04-01 20:44:30,50db48243debc6053b082b704d326ddb4ee10c4eb410ef5d9b29fcd693870caf,1,2,1,added
pool1s4gzzd2p6gd3atduexq8pzdpz5szm8uey7cnnn43vg3560ehg32,,5,2021-04-01 16:01:21,a968acab904c1f9242f46c10b7ea9a9278693c96123148a3e58e4b7401a0b169,2,3,1,added
pool1hv3yae6keeeu2y7eusejx4swd2myfkurldt7lasn2qu4xk20j8m,BLESS,4,2021-04-01 15:40:53,7c74efd63c6117a99cbf0179998fcce7df423e17b38c0354782335a35893e395,2,1,-1,reduced
pool12eht6dqxpzqj87xuextrpufz2gxmt4reuesuw26r2utzw0kw906,CAN1,3,2021-04-01 14:07:34,15b6bf887675a39f6fef4fa4143b22fc052a997389b7e9d2ce08ab99e615fa03,1,2,1,added
pool1sqvctpchgaydqt9whf5jz3vf4vpesdq5t8hw2rxsdx3nymx27uc,ASGOL,2,2021-04-01 13:15:52,6f879d74058209e8bf3935112ad6aa080c1975b4b4e009e34ed0fef27bc1d96d,2,1,-1,reduced
pool1aum2mx8ds554pfm45el2wn3lr7lsnphlggxzhk3qlpl56qnffm2,AMM,4,2021-04-01 13:13:01,b95856daa6f4e203c7f4b71c78aac185868f52d382046dd48a4522dc2ee116fa,3,2,-1,reduced
pool1wrt4jvd6nsxxtjws5lzl54zdjj8793u9jumcltqhsyqcgaa9d52,,7,2021-04-01 13:12:56,4236450def3ea4c15cd560564c2b4f194d06d224e1f9a91ce79b033567811f7e,1,2,1,added
pool1aum2mx8ds554pfm45el2wn3lr7lsnphlggxzhk3qlpl56qnffm2,AMM,3,2021-04-01 11:09:06,cff8b63a7f02accce4ef2b3c2646415721ddbda062aa636bd3a81c3eeba07d7b,1,3,2,added
pool1wrt4jvd6nsxxtjws5lzl54zdjj8793u9jumcltqhsyqcgaa9d52,,6,2021-04-01 09:48:21,76a051c35904567ad376ea57ed4b8da4105cedbce369a2fedd880a578f913ebb,3,1,-2,reduced
pool14a3uqp0q9fyj4zmzna4yklhdsrrrx85tcdtjwmxptzkt6epulj9,AMAN,2,2021-04-01 05:26:31,629fc4cf824c109677fa1289c49f26cf2feb23509cc67e00dd80c1dcb11dfe70,1,2,1,added
pool1wrt4jvd6nsxxtjws5lzl54zdjj8793u9jumcltqhsyqcgaa9d52,,5,2021-04-01 05:14:14,8044a64e156a7914c4558fd332a44b45f47a2ca4b2c0fd033d102571cd9df4d0,4,3,-1,reduced
pool16ajaae2n5lsyr4f9k9uz5y8tpf0996tw640dzu7chwp2wdrnz6a,BLADE,4,2021-04-01 02:37:59,d0789e79398f5d72b6ef9452c9c5fd1790bf410577ffb2eaad24827c61bdfef3,1,3,2,added
pool16ajaae2n5lsyr4f9k9uz5y8tpf0996tw640dzu7chwp2wdrnz6a,BLADE,3,2021-04-01 02:24:48,244c1b3c09c8f7d038bb71b624486099587f9d82cc3f9671668e2fb5a88d0dad,3,1,-2,reduced
pool16ajaae2n5lsyr4f9k9uz5y8tpf0996tw640dzu7chwp2wdrnz6a,BLADE,2,2021-04-01 02:00:49,3cd60eb24bfd26f9224664f5c6960f21d2bb1537481ff5e081242c33178b4bfe,1,3,2,added
pool1u283gl35gdj2l6c5cmg9crugf9aq7w6242pr88v6enr8u9q2vzj,,6,2021-03-31 22:07:06,092676d427fed612bb7e8d76366414be1597032d15477832f478ee19564b6c4c,1,2,1,added
pool18wvcp69ju0qtx63c2qwjz3djvf2nxgwyx5e4a5vt9r84gpnuhjt,,4,2021-03-31 19:29:59,ca850255348b87afdd8d5e0f60df0864b32a23d3088e504137620f1e12d3bbc2,2,4,2,added
pool18dwcl9dc0pqa3f05d4qne7c5lnhwz20lpffsp9pah25xjz3cesm,,2,2021-03-31 19:07:32,79160f54b17e60f377c15ec8ef2e091e2bdec7a42fddd4834b9964ca80d31b84,1,2,1,added
pool1rnnaf39mea70fzmdpj55tfhzd64494nakzn3a49zld5cw035qh4,,2,2021-03-31 15:42:46,6f4a7b93bd3f7b5a3f0ff271c70f1446bee3f996bd18910f424949d4d59f8b99,1,2,1,added
pool1we0xjccr3vc4ypnmhzsgwp7sxpsytu8dtv0syeqmtrllvcex68q,JUNO,13,2021-03-31 12:36:04,37f02e16fcc68042d4379cbdb5cee014b7ab8c93d6db1032c389edae246da95e,4,3,-1,reduced
pool1wrt4jvd6nsxxtjws5lzl54zdjj8793u9jumcltqhsyqcgaa9d52,,4,2021-03-31 12:22:44,f05863b7d20a8a1d8b25d9a302dce304e9cf445e9fc5d4b82ccfcc17a314b47f,3,4,1,added
pool1s4gzzd2p6gd3atduexq8pzdpz5szm8uey7cnnn43vg3560ehg32,,3,2021-03-31 09:31:01,8b21b272a477bdb968616d1d3f825fa9c97efefcd13d3ea88224034f049afecd,1,2,1,added
pool1jslaut45plz6ek7grjyzxz6kzgerr7p5204h9sprh3msw6d8yht,,2,2021-03-31 00:33:07,7246f01c97ab5f41943db680df576f5c6c22efaad586ba91769b2f6bfd883830,3,1,-2,reduced
pool1a9xyvnnfjnujzy0n2mpf4rztdwrssraw5p5f06mqlgn4s06z0nw,LAGO,18,2021-03-30 14:44:36,1782c233810ba0980b9d1e122b7312ccf7bad848858d0d96c38da95ef3ff335b,5,3,-2,reduced
pool1djg8jsygtculv3q2qdrxtnpxfq003pdxcvlw2pvfupq7jm5xpgp,ADAAP,2,2021-03-30 14:35:30,f2e9447d69244b4553e762ddabb152ff453d6e6e9433c2ae9cd9570e6ba50ade,2,4,2,added
pool1jmg0vmtnwzvk6zsle8rcs282slcyumq5pcl8vj0ek2mk5t2lvf3,SADA,2,2021-03-30 12:24:29,ed5a4b42370d6773360fbed8530f8b6d3819996805e597dd83d7c11062afbbd9,1,2,1,added
pool1vev8z03vh7jwx3mfrgzrt9fltt97nupaxv8ffj4r5r8mgwts5ze,ADAOZ,9,2021-03-30 11:15:14,099fc013a8c695b3535f5c5ea8e4e40425315ecb24db720e02bdabbf8e22e499,2,3,1,added
pool1tqywsutw3wtgcvzrljdacgwmv5kfzm8f0ladml5frkckccd72gg,FBSD,9,2021-03-30 05:11:31,0685e8d5e1f70e5de270cfd4d08bb14892715ac8bce657f39b723a730a49f010,3,2,-1,reduced
pool1wrt4jvd6nsxxtjws5lzl54zdjj8793u9jumcltqhsyqcgaa9d52,,3,2021-03-30 04:28:22,00c4f7ebd44df6bca40602925b1ac1a5c039c8833b6db9c16f01645c9a9c8f18,2,3,1,added
pool1c2wa8326fulnkq42uerra78pue48pdwsqru2dhp5xrhsgzqmlsc,,2,2021-03-29 17:40:31,081ec940af6c9a19918959b5b4b8a8a8cb0be8a129c4a741cb020d31f1e2883e,1,2,1,added
pool186wnrzw2zq20wt6p9aer6z33vqgv4xaxm6445fa4g4wr559e0j8,INF1,3,2021-03-29 17:12:41,c395fe2c9412aea70f5b9b816a41b05dccfe8c323177723796386a30a4bcdf78,1,2,1,added
pool12yfqjghmn47qajajqduf2rd83qxtdhva8j0qdctmla4v5w3mhq4,,6,2021-03-29 11:10:00,a2bffafcbffaacc98fb520efc55d9ee8f2141fd1fa58ae4f66045b00a21fada9,1,2,1,added
pool1qq886cqxajlp554p3l75tldwutp2lakfzcrppzyhxd687u86864,,2,2021-03-28 20:22:20,8c5821574acdf6c6771ee583b7c1a6159812d54f666d7d8eb5d1ef362285efb4,1,2,1,added
pool1y5fze58uu0cpkmu9zr56kfyzjgff80mjr8g43nsm48ymxeezq8f,,7,2021-03-28 20:05:24,b308df5b951c1521a88de8baacc7bd03b0a0cb01faec046be100c7dd21089663,1,2,1,added
pool1tzfqal2n80z9zejfxlgrc9qhdvrf8gvqqvnfx0e6h0rws4gqyxj,FLOW,15,2021-03-28 18:11:05,64189f9801b9fe0b93967782af1f2f78ad7d0de9bcc3cfb5114f1009aa3ff31e,1,2,1,added
pool1e2w8t3hucc5hfhw8k6r69er3y5kqs9dj9um65l5qe3a82nl25zn,MYADA,15,2021-03-28 13:31:50,3630301a1344879c9f24925640ef8052e21f82068101ab4a3839f85629224dc1,2,3,1,added
pool17hgxdym8wwvn467t55m4wucw9j9uasmsh8dylpvprvcmqusaj5c,,2,2021-03-28 07:32:07,279bb33d323b1dd65ecde65cdaf4e3e2c20a3763c7097d42f6304da78ed8400a,0,1,1,added
pool1mtlhhdajrx7a5r5acyp3g4rjrmv72tymvf5r8jme32276x7jgvs,FORUS,2,2021-03-28 04:34:51,5a619a163acf97199235946096097723557a1465ed72eb457f448bfbef9bbade,1,2,1,added
pool1lw0xmaytyuqcka58s50tkl2tmc5qyvq2nplyqs4cfdvuvu76pmu,,3,2021-03-28 00:45:32,a8e31e32ae3bdfa2efb42bd1d658423138b090a591d14956b318957acaca4470,1,2,1,added
pool18wvcp69ju0qtx63c2qwjz3djvf2nxgwyx5e4a5vt9r84gpnuhjt,,3,2021-03-27 19:34:25,d6295a044fead53aae88a47919c03ba930f2659b20c46bf78c9b7743c9551cdd,1,2,1,added
pool1udt98825znk9uslz4v05gh5cd3s5e4g0cd9c4gzhcfpd2j2xm2u,ZORBA,4,2021-03-27 19:21:08,fbe593a9a2bc05dce755bccbdd4cd23d59597181bc8b9ac6d5bb5e686f451874,2,3,1,added
pool1n5kljtvdhg29vrhr6uefqk76dpepzfwuvsw8zd0z5yqfuqj7x8a,,3,2021-03-27 17:44:34,eecce73112bf005d7064eb4f5f6aa2f688b23235b1a83289e0bac5946671a6bf,2,1,-1,reduced
pool1q80jjs53w0fx836n8g38gtdwr8ck5zre3da90peuxn84sj3cu0r,000,10,2021-03-27 15:35:44,39be68928de286767d442e2a4bb91ff0f580ba5ab7aafdc3f6e7e77e9e1339dd,2,3,1,added
pool1whmm0hkxunyhxsr6dfjpx2tpvd05qhev820lx9vcmvqa5wjc6nh,1COMM,18,2021-03-27 13:49:19,49806011fb25b18639794398cf0c14ed94de78c01b1f50983908af319fefddcb,1,3,2,added
pool1j74j54cx4u7pu629hs7tes6d3ffm8hnc8zes2shf7m8q6x0j5pk,,3,2021-03-27 10:22:50,78cd872b28f2290f1bb7898e166ad597754a24f0cc8cb95bfcf2f2a0f4eb8b6c,1,2,1,added
pool1whmm0hkxunyhxsr6dfjpx2tpvd05qhev820lx9vcmvqa5wjc6nh,1COMM,17,2021-03-27 03:56:11,355d3610f1f928717a9969b985e0d4949585e1c3354f03e15920f4305c95808d,3,1,-2,reduced
pool1quj6cp7w4tarq7hrcdsjxlgcmnunm2xvnpvmj20l9nplue6rjxx,FGPX,14,2021-03-26 15:21:31,ac792b660d4cb23a9db6b1f675b3f1c4a92004347fb44af061364c93691d225d,2,3,1,added
pool15j6hdfel6c6zcr8gu39qgp5xkrs264yn9hm8ynhaydjtxvmznxq,ASKP,7,2021-03-26 14:51:15,9a8038a9092c2ff9a4ca99314e2e82d4560a98da8fd7fed9174e0be77bb31296,1,2,1,added
pool19asxjgd6ah9ddzauwede4wpt9vsp6s4ax5nz297wt47evc9sn7z,,20,2021-03-26 06:05:23,303ffc43743dd03d23295500ad2b205c14c648f062f67e33a3aa2c2771fdb91c,3,4,1,added
pool1a4qtpgce7cu6wzc79fx7qrc3938hkl2gf8c2h5jugvm2gnu86l7,,5,2021-03-26 06:01:30,4d686837c7c7a88282d9a7aa449819ef7a09fab824c96f503f5f6bcab021cdea,3,4,1,added
pool1y3xp350370yqfy6y5kw4q3tze5mjnl8ttnkge829p0fr6665fme,GEEK,12,2021-03-25 18:57:19,6531848ac84db04d22fd798cfc88c9cb2786488488a615c26f867a80dce31e7c,1,2,1,added
pool1zx909vz9qe73avvpd0y7qqcwz8fffvnup6yuq2e8hql4svk9xr7,SDGs,6,2021-03-25 12:14:27,bf2d7eff167c78835a44b7cf5c4633da17d59311b3d7d1e2ad5366188c19c51d,1,2,1,added
pool1yqkfu8vtlacq48vncen5h4cr5er2q6n0j0w9vmjs0yy86zmud80,Mofox,6,2021-03-24 19:28:11,2af7d76a9880ac15daaf87cce0b115ce4813482f18046568edc50b68316d34f1,2,3,1,added
pool1u7zrgexnxsysctnnwljjjymr70he829fr5n3vefnv80guxr42dv,VILAI,7,2021-03-24 15:13:13,4143ea83ac6523ec917ce37b44bfbd3d69fb5e4f2e5762f5b96ecb1e2d94ebbb,1,2,1,added
pool1quj6cp7w4tarq7hrcdsjxlgcmnunm2xvnpvmj20l9nplue6rjxx,FGPX,13,2021-03-24 13:27:26,589b81adb0ef5021dbabc6e973d33c2463b6bfe3a91505c4b11211a34b050a82,1,2,1,added
pool1xuhzpgl9fz9yp62ydktgvpnht3225jhrf5lc3eehszjywynznaj,,2,2021-03-24 12:52:42,fcca0d5b2f20e2ad9db0d515a66bb3169132d41b99f4d9eda3626bf5c520fbc1,1,2,1,added
pool1cpr59c88ps8499gtgegr3muhclr7dln35g9a3rqmv4dkxg9n3h8,LACE,5,2021-03-24 11:58:06,35905852c01e7aa83d82526cc2df2454abeb140987491bc1eee13e18a4eec6ec,1,2,1,added
pool1pcsj4zltacqzdjefsqsyysgk3hkrusxdp4uyt0delernwcusn2g,LIGHT,3,2021-03-24 08:25:51,32821d867a74aed42c34e28a4c4fdfa54133c38f0da6d583979e78a52385278d,1,2,1,added
pool1pcsj4zltacqzdjefsqsyysgk3hkrusxdp4uyt0delernwcusn2g,LIGHT,2,2021-03-24 08:14:58,4bc059285b534dcd05c09747412ffb2b8aa4276fe373a8c841a641f130daec7f,2,1,-1,reduced
pool1telljurmr9xs4z4ux7e46m9rgyf042nhwqewyf5t97xswrzwvsu,AVENE,3,2021-03-24 07:35:55,b221aca205241ae2aa69ba6b380fa08023c48a2e86bad1fb8563861682c117ae,1,2,1,added
pool1aqslsnawz622pd8367tgsu2atfm3lgk9xcdw5rh3c6rgzca33yq,,2,2021-03-24 06:30:18,ab736efad8e4850d4078c67fe2ad7a30d24b7a931253e80c962b1d1269e027ff,2,3,1,added
pool1wggqaqs4pw2l4vml0k0p2kmvpq7pme3fl6smwc8cjjhvvuun9ww,XST,6,2021-03-23 20:01:08,a7de695026d70fdc5769d4d315ff91f9aeb13208c57fff961f543fdcdbd408bb,1,2,1,added
pool1yqkfu8vtlacq48vncen5h4cr5er2q6n0j0w9vmjs0yy86zmud80,Mofox,5,2021-03-23 19:45:59,4e8ed05a4e57619cf1ebabaa2a1a24b0cf989c2f0340a84ccbdbb812378b9743,1,2,1,added
pool1sm2kmdn4f9rat3kl67y9drqcnnqc34zg4f4ufmnrfaj45gcv89d,LTES,14,2021-03-23 18:42:52,21bd4a157405be4b3a1a4a665674a74337eb4eeb45bc8cf77d529b3550282033,4,6,2,added
pool1ywpt43nttzjd7883wafg255mh0hmjypwe65ercw6p2sxg5lt7ez,EVE4,2,2021-03-23 13:32:15,debb5cb2a7c7b80e86c53e797a06f64efe26466e1d693bd431febc4f023a0b7d,1,2,1,added
pool1kjd9ff9u5ytq4atavv2dfsg3pvxqw8d50642pzmpn386zel0ka8,HASH,7,2021-03-23 13:25:32,e4c5e21c6ec1c10afb58f4f911e036b54b9d4668e44ae5836979358f9bdfed03,3,2,-1,reduced
pool1xmsdhync6k6grkkj7tuycskjpseykpr24luhlazl5nsngsy87gm,EVE3,2,2021-03-23 13:18:14,4de222fe6c1445c9df02e09d2ef047d3519b4d6fb9da7118e313b55f348f2d7d,1,2,1,added
pool18edw9myyszkjuqm2u3v7anszd6vtnrjwhhq3k5r3nhm4crzwp5q,DFAM1,4,2021-03-23 11:27:30,11eeb2917177f9de797cae631d9da5ffdd95a371def8e4e8f5659c4984b345a5,1,2,1,added
pool15ngqkccnl4pe35xldrmt6m6q6fcqcnyjvhdac20600gwxdqhr4w,,5,2021-03-23 11:17:56,d6f08a94f4d16cf157029c33fe822cae5baae4e3aabd1ade6d441004bccba048,2,1,-1,reduced
pool1sr3kmj6equa9h8ey0xdyje94t6rmc9688a5xvk0urynwuqv3z0w,,2,2021-03-23 06:07:38,a1b71473d729da0410bf5bdcd8e08f7007f987f69eaa9191357359229f758020,1,2,1,added
pool1yqkfu8vtlacq48vncen5h4cr5er2q6n0j0w9vmjs0yy86zmud80,Mofox,4,2021-03-23 04:19:16,a6e90fc4db612f337059e9caa3ef3facecf8e03e1765d462eb8c34cc52fa558d,2,1,-1,reduced
pool1e2w8t3hucc5hfhw8k6r69er3y5kqs9dj9um65l5qe3a82nl25zn,MYADA,11,2021-03-23 01:29:29,388032f4cb4ccc278302c9b66ddeb014591db31ae4e09efc03c88c89954fcc03,6,2,-4,reduced
pool1pnsk7v8a4eyn9qtqev7k3clazzw2s66cpa850zprqlu5x5eqtuw,LKBH,5,2021-03-22 23:35:30,ab0b7eeda7eedb2e6040ddb281c8510d85bed6c31c98deb861a771211f9a4637,2,3,1,added
pool18p7p752cjnf9z8g70ygkre5cstwmgfatzuqm0tm3n2xf739j8k8,SAGAN,4,2021-03-22 22:12:55,469e08c0912fe4d06dc00e4de7c4984ca32c941cb2506aa4b398d42481822e7e,1,2,1,added
pool1tez268q6v9afz54csn2lg95kw7yyjykc3px8ry5gwkk656azfnz,,17,2021-03-22 19:34:06,ef2798c3502a98441a894650d4585791ac754e2b28df5608498c82b5ee573ff4,2,3,1,added
pool1g8w64u3sx9mrvhwrdfvysw4g4wnffkjfp5zds3ur6svwzdhwhx9,KNGHT,4,2021-03-22 18:07:35,04c725530834b90d4b6cbc8d1dde8ff51e8b8d9affa568229c6edaa6d11c6758,1,2,1,added
pool1ng3vqzrhn3z45yjdscv3q37n26g2pj3vp99rfkgv6225y8lqg8j,EVE2,2,2021-03-22 17:34:43,ce220adc5bbec07c8323506124b4cbcf92523484559f84990c4f9d1ae6374c80,1,2,1,added
pool1l36xrzcwh9pqtlgmea66cqv0z6z2lvgse3nce50xajcnqzyuwg9,,2,2021-03-22 16:48:04,c1c30e51825c1888bda3ce752ea77b03e4ba725fce1b3387079aa2b8671bc322,2,3,1,added
pool1kxsrst6skutusnkng7pj3mucwftp686wzkqxthglwdz0v8s6teg,VERVE,5,2021-03-22 14:50:45,5dbfc3ea3f0a1de1a7d7e2649769a9b7c9662fc803fec3cda4e13131095009fc,2,1,-1,reduced
pool1n73klrhjp7ez9fxvzkwpfk96xd6752urpyu9nncqdw93jdu07s0,SPORT,4,2021-03-22 11:52:39,6cd7e81ca220b1f3e6e350ca2ef067ac1ba6515743fa1adba35db4ab93a52ffb,2,1,-1,reduced
pool1camcu3qj6jl4m6yf2rwqe70p28xapqe8fadt6pxznywfwdqj0gy,TRIO2,2,2021-03-22 11:37:26,7b927ae9c8f931a2f7a984e847bb91a8dfb9df9d2de955630061040447f80e88,2,1,-1,reduced
pool14rpgdxcawg7zjqv0xl793nhmle76n6r5kqe3j2mvvkdg5llxzg3,YASP,5,2021-03-22 10:44:38,7929fd3750c824c9446ee8430161087d1dcdbbfb68b4e997c8a426da7e28149c,2,1,-1,reduced
pool1n5lqfxsq3uv6k63ac3lg3tmr4u9rcyhjtdewramyzngtkskmc4u,,9,2021-03-22 04:15:21,9a0db994ecd44baec0fb8789f4aa394d03e19a5b4cd175afc65de6f2d8f208ea,2,3,1,added
pool16l9ph0cm42qk4h8wqlka3fw7ws7rvnj5n59xzy8ky4l8gnudugk,RKDN,2,2021-03-22 01:26:57,7b3171d4f6268b880241e9fb600457a3a68c89d04a429d088a34228d2ce7cd57,1,2,1,added
pool1n5lqfxsq3uv6k63ac3lg3tmr4u9rcyhjtdewramyzngtkskmc4u,,8,2021-03-21 22:50:20,e72013ee5dc77a32d8698510baad35bf27cd13a3136afde9365facc8d48249b5,4,2,-2,reduced
pool1lwp52dj9762g7uk2jk3czwywxqaa4753v7x2v56qr5l2znkky4h,PMP,9,2021-03-21 21:27:20,65f0c22c3e36b8d37e5af6f13a3d720ef02246fc6d5b68861b3646d79753210a,2,1,-1,reduced
pool1druxd2syfrvqvepxh60fz0qhralcesruphh5atujuh0jktjy0ma,BSSP,9,2021-03-21 18:48:49,5661cf9d904fdbfa79a6ff4bbfee9ae0fef6ab4467f369ee2b609c7cf7b03172,6,1,-5,reduced
pool1gx6eawfvnhckevmlzhfz9j3uzj92j2wgww0mdd2fu5d4zd4wvaa,BSSP2,4,2021-03-21 18:35:22,b642faa9666c3fd45e536f4274425cd119d491365f2fd040711e5f4dcade5156,6,1,-5,reduced
pool1vfpslzu94fetc0j4tfk2rjw49s7vw8xsp7e60x38cr8rylmjlug,BSSP3,3,2021-03-21 18:19:11,4640586e86eebad6cd1bfd230de56da57be93c22ce111a3828dfcfe3989a6eb2,5,1,-4,reduced
pool1ccr56kt2f5tzjvztlkf8zhkpvaawkduwfye8ydsk646lz0m4h5x,APOLO,4,2021-03-21 17:12:15,3f8a98ce51ae2d18b443724f3bc8a93a9739d2a47e1017af1a7a85b18ad3a864,1,2,1,added
pool1t0jheek3yftf0a9dgzgr2hc2wttwrcjyd5whdrek4ggcc5famre,POND,5,2021-03-21 15:02:12,0ccf1930bb7f2bdfa90fbcdf4e2c21073f39fe4703d948343b78f531b3948d7f,1,2,1,added
pool1hhy7qvgc2lmjlwg8z6yag67yjylrquy9hgxwyhgps5e07m8h0ep,BICEP,15,2021-03-21 12:03:54,49f3c62be6a19d647f6e69543d5e780a48c81f31bad70b69dff1a6081d9172d9,1,2,1,added
pool1e2w8t3hucc5hfhw8k6r69er3y5kqs9dj9um65l5qe3a82nl25zn,MYADA,9,2021-03-21 12:01:51,d45f32aa03834c3f653291164a7325f2efa37f9bec644a274fead33ace844225,4,6,2,added
pool18hkq2t8ss45h4fkr92f52flhc4mpzedx5mcz4xhnpj0dzp76028,XYZ,15,2021-03-21 06:21:33,be73f7fb04f21d6ff9ba00608ab8b20dc519b6b97384ed6e7e9507ab6fe264a4,10,9,-1,reduced
pool1hdk2awe7895dd2nzrfqjasckjflwtly6qpmvx4yttpex7ny236e,SHARX,3,2021-03-21 00:09:40,fcdce482389fe68e1b825aa329e0d3460907196ab421275a7e888b0aebba6ae8,1,3,2,added
pool18gg869xqpx2vf4u8tnsqeep7txv24yw7tmcd7fv6tqdagznda9p,,6,2021-03-20 19:04:51,dd7e006c608c61aec97724025b230c6716bc1d11cb94b5b45ad6a7af67783cc1,3,4,1,added
pool1pvds9vfh5fx2c57pfsx9r46p4spwsk59mfx5legjezavs59d2vn,TRION,3,2021-03-20 15:17:12,f524eee34f4a649929119796381cc0544478cd40423df3f2667bca20d8bbe86a,1,2,1,added
pool1zht8n9qyssc4y2vrqap8acn6jf6jpqktq3tnlu0mkhq5vm8sv2x,KNOW,8,2021-03-20 14:29:15,8b965262fb54c6d75ec5f8f63a2a43cb58e2d4b5b14eb944495191b733ee4447,2,5,3,added
pool1rxpysk2ahxz442mqapv4shtrpaddw2lsuufdeg9gsjjn6gjr5tx,GOT,5,2021-03-20 10:09:40,60f13de3479e0c0241a1688fd9d7b7c11eaf14a981a674c691ccb1523c8ba1b0,1,2,1,added
pool1xsfw7mrqpfgf9ay060ugp46m2eh3uydd35lw9ychcnsrk7mar8l,,3,2021-03-20 03:25:55,ccff21a5d11a9b23b3bc1eb9e93be32db1e4a6b42d4e102d731a6df0941f979b,1,2,1,added
pool1mukzsec605hfk2tsx4r4xd2rjfjytua8puge5pa0g82rgqm0kt9,,3,2021-03-20 00:58:51,a12765de5c8e2e908d1ee578ee6ed4eff353c314c14e4089c782a7f6ef6bc986,1,2,1,added
pool168235cjpsrvwnvddmhc7dmtcqr7c40j2mlrph3qvuxk3jqls0wy,,4,2021-03-20 00:45:40,28ff265f0429e1f083ee64c719d4a21e3dc41e3a9341ae12c546031511687b01,1,2,1,added
pool1nzmkgkksk0nccq3nhe7ysaq7stm4mc3x2llkpesfvpa32v5et7s,CHARY,3,2021-03-20 00:03:36,d065e5e6398d87cd9a77863cfc3f31250fdebd71c2f1a51d28a41a59ac262238,1,2,1,added
pool1qsykq4vpky4mjmgltjg9wzjgrfag9renr6579d0gyvg6jh5erye,,4,2021-03-19 22:36:52,6308b10cc3742a8f482e3fcd00e966f0130cde23b02741cfc486561c39377a01,1,2,1,added
pool1e2w8t3hucc5hfhw8k6r69er3y5kqs9dj9um65l5qe3a82nl25zn,MYADA,7,2021-03-19 20:15:53,6c0229f3bdee73db9833e4800c39e073adc08f1f2fe31995f26c138cfd8c6af9,3,4,1,added
pool1t8dkgz58qcqlak6nn5l5j4qqwvewwmjx85fxtsykk6w9j2e0ng2,GYS,5,2021-03-19 19:21:29,99c58e03ec1cc3d54eb25bbe752f7f784b69705b9345dbae4ace978de8b37ce1,1,2,1,added
pool1s79cqtwk5s24lcske704ckx7k2pagn8hc95rxvy3xfda6r62pg9,UK007,6,2021-03-19 16:31:33,6bdc2a5fb03ba43a12b88a13a606693511bbc5d6a8fb1f4c0a4ecaec8057820c,2,1,-1,reduced
pool1030as3pp5684ghgf4kzcpv4p2jnmkmme7j363t95690zwxp7wa0,888,7,2021-03-19 15:02:11,bb385d7d08a520f9abfa58fcb4c1d7e2a6e269adff31138917fe85940f93d75c,3,5,2,added
pool1fjgj68ppdw64ydaxntjwhh6gtqretwkm0l8zty72shxxc4dx0ws,,2,2021-03-19 13:02:33,76380aeca5cca9928eadb24a1d9239da701bdc8f273210580823767652aaa38a,0,1,1,added
pool1wshr3unahrahj2sl0sqns90hczaudun4a7jzdfkhwlkg2jjhymm,,6,2021-03-19 10:00:20,9c8427bf665d5b9b95be0a503faa3246484b0b1cce3786a3dd25e0c2fb58ae0b,1,2,1,added
pool1arx4x8ecnxu46xrpfj88hwm25j9gcy8080szvf62a0avke556v5,SPG01,3,2021-03-19 02:17:33,fe51fafebf9b57cdd6749bdac3c81f3a83b57812a4c19291ee7867333c4c05c6,1,2,1,added
pool1mgpcx225587y9uf2zcwrputd3kj70jfpf654ca86dehuw5qk5pf,,2,2021-03-19 01:18:29,930408763891d96b0b8bcf30fd85a92797e370085e7bb47e712a1ea03f5af28d,1,2,1,added
pool1tdsrw0n33gmy0mzh7cgtn9p0jy5xwjxaa2s26gn2ewf8kg4nrzx,CAFE,10,2021-03-18 23:04:11,46f1693df70639b430d10e5e32790cc34e19868524ccca62cea313e6273e53e9,3,7,4,added
pool1w7c2j0px43jmudhf48ezp7dy8j7904c9l3wc7809lhh2z026hch,STAT,5,2021-03-18 22:49:29,05672196969553751798dd9e80f75811e98e17970c46a737bff697efffbc6360,1,2,1,added
pool1wvhd4nf6mar2x0zaek2te6lqkrckk9mxtjctezy878a3zprru7s,AD247,6,2021-03-18 20:27:44,d92587c8c53818ff90a08e358f2e32e4a3411a04329096a410edf16676c0f9b9,1,2,1,added
pool1ufp38a9zwlvvrzcyxaxdrvav50nd7az5lyuzh4t0h3qp2gqamsx,CAFE2,3,2021-03-18 20:16:10,200f9a54a9369e4a05e4f5307b0f9d24d6fe543c3a969553e5a3133874d5a929,3,7,4,added
pool1enul577he3e0s500lv8z98m6k936uecz2rpckxxmmk8c7k0n2rd,PXLZ,4,2021-03-18 08:58:01,e269311b63d7cd4db0d5f3960d0c6eb940f4381764533f6a86faeb7df97ff397,3,1,-2,reduced
pool107attaqquuq5ne2ch0hx0qcnlkzzr2683s4gml4ywnqvgj6pak9,CCJ5,2,2021-03-18 04:16:49,0a93460880957926ae6f12b3178d1f816b04a68db5a30ba841f0e8045c3b0ff9,5,3,-2,reduced
pool168t0xlm0dtdgf7d5w2mrm7ulsw4czpw297yvrpke9pmjcc9hz7k,CCJ4,2,2021-03-18 04:15:42,2e1e3de9e70de94fa5a98f7df8b60dd73d85d5dd88b25ab230f49cb780013b25,5,3,-2,reduced
pool1x89ssjp53eczthatft9w74749558nsz3pq5jn056634pgt5m58s,HOPE2,3,2021-03-18 03:51:57,628b3dcadca15a841c65606cb04358489c3ba497029979c24f94a931b4ddf7ef,5,3,-2,reduced
pool1udkx9rmgzf08z7zz4p7ykpdqsdv5nf0w8uf38wrsdn5dzk9nq4g,JOY2,2,2021-03-18 03:50:56,1c31d078e585b0903b638d68d529cab195ef8e52f754a33b6e94bb88a3922822,5,3,-2,reduced
pool1lkpj6fa4l0sy39qfvyl4pcsnnd22y8np8j98vzwula2kuxgers4,JOY,5,2021-03-18 03:42:35,bf1970a47a348c22014f861efcf3b7661cd14128996b3b838f99dcda2c851026,5,3,-2,reduced
pool1yqkfu8vtlacq48vncen5h4cr5er2q6n0j0w9vmjs0yy86zmud80,Mofox,3,2021-03-17 17:54:03,e33771216a7b4cbbe623918ac6fb712e30344173710ffc4c1984c8b92bce7aaf,1,2,1,added
pool1rvjj8cp3urh7de07pm0ceqha2x4lxws69lhd4429dm6djfjsy4l,DINO,38,2021-03-17 14:57:26,ee1522539b28c843e00e38eecafd6e86ddfdebf1c4fa4a3b52be870780e06312,2,3,1,added
pool1njzry7kcm6p0skyqr5hkn8j454c5mjjyeavfwxxytzz5za8v6ud,NEAT,7,2021-03-17 14:45:12,8cdc92112c80601a77c0bc2bb68626d55d39fa9057d0f5a802654388241f37d9,1,2,1,added
pool1pdsnzs8aft7hfq3xcmvgltt9vmncwsvsw955p29nra8g5hves4x,GINO,2,2021-03-17 14:43:58,3eb3adf3a9dfe1f138fbd7b4f56252363f1c5804d8d6b3f8e1e67458639b7218,1,3,2,added
pool18fw3qgzt4u094hn8kf82n6jye5y96csamj0f20dja8tnq4ad0hy,,11,2021-03-17 14:41:30,e073ac32853db6639afd19ed5384d0dc643bb9bf2414e9e13b62137e91997edd,3,2,-1,reduced
pool15lp37f7da0guj662jcxy0eyc49s5gxudcd93j8qz4nfcvuhrsf9,SCV01,4,2021-03-17 14:25:10,bf90907a21ddb6c21e6c6a0ed2354903996d1084beae57ecf99c5d683b4b119b,2,1,-1,reduced
pool15lp37f7da0guj662jcxy0eyc49s5gxudcd93j8qz4nfcvuhrsf9,SCV01,2,2021-03-17 13:00:02,8bdb63f07d9db5953012b0e2c057865d3ce828c3c4b92781a5d01d4ba1a93c36,1,2,1,added
pool1vev8z03vh7jwx3mfrgzrt9fltt97nupaxv8ffj4r5r8mgwts5ze,ADAOZ,7,2021-03-17 08:45:52,e4211b7a72a5cd5dd5df8922d4b96d84c25c80e3c7432441bb3ae9473a7dfe6c,3,2,-1,reduced
pool1e2w8t3hucc5hfhw8k6r69er3y5kqs9dj9um65l5qe3a82nl25zn,MYADA,4,2021-03-17 08:03:17,9956894f8567e9b18362eeac2248129ae472d76c82b9073ed232168b196cf8d0,2,3,1,added
pool15m78a3nfcepn8ekyzx6sa8yexg7cqseer2ktu26f7l9jjq0e502,NOBI,6,2021-03-17 07:51:16,a0063b111607fefda00fd0efceb864ebca2c5cdf4a3c84b13979ea2084f9a9f4,1,2,1,added
pool1dy7tz7eyf2qal2jcns4qwm4xqn34gc4rj9dz34kfs6zuju477k7,CSP,10,2021-03-16 21:30:33,96747c86963e4d655fb0d51c5990533f1806058b04c6b4cd1e100a9e31f29f38,10,8,-2,reduced
pool1ex4gapjdtnpf9u8fxe560x6p6elcaf3ysxsdskc5h63cv0zq5cv,,2,2021-03-16 18:55:54,249bce95ab718269faba47b77cc22823c68bee08e19999cdf4acd77b9ffeb476,1,2,1,added
pool1j7sphrhrqtlj32k3alhnnnp3pfxq0n6mwels9ysnfaw563wpue7,,7,2021-03-16 11:51:48,282f39dd24f449a45a8457a367334093d80eb4f6a51b5130c18e905c1a51e834,1,2,1,added
pool1hl9tn0qpujfss69h6jr3wepc0e7tuczchpfu7nu4ma006u5scfw,HISTK,21,2021-03-16 06:17:40,406c3fc906191c9c46c83f4ae648d33eb724a83e92da905e0fe32d5324cd9b25,2,1,-1,reduced
pool1vr8tegnnjtvfe7me66qrchaq6ucmmxve6anuuypwn6s3zs6342s,WING,2,2021-03-15 21:15:47,049987123f8133e946ca30876596a245a3ef10222522562e15c87598f9167924,1,2,1,added
pool1ju5tzz5jdszg47fcuhzjq5e3nk6mays73d5csskr4lfucg397c3,,8,2021-03-15 19:03:37,bd357230ecc47194a96412945dcaeb59788102eded7600ff74cd15e8e7d1c66a,1,2,1,added
pool1valllhvjve4utph0zj8rchaz339z72qsagaztm88jvqx27gd62y,,3,2021-03-15 15:25:10,bb0b8a8f552479ab1879885664f7bc33b9d457a73c807741b5304cb55bd6ec5e,1,2,1,added
pool13ygf6ae5d2e0577s2gwg259v7xaaqun9084ppudu6kqt6yqf2sf,cBTC,11,2021-03-15 11:57:35,2bbf5a5b21bd002487a3e62b97debb540c6e01f389d4f516d3fb7eaee1b1e274,2,3,1,added
pool1xs34q2z06a46nk7hl48d27dj5gzc6hh9trugw2ehs9ajsevqffx,SNAKE,23,2021-03-15 11:40:09,5a43260142ae3d41d5243df2998c505d13155b0e8a054bca17baf8af97af818b,5,2,-3,reduced
pool18gys2arurr8su3qssvh7vjcn42k5clgrvdxah8mxcg5xquvfu8p,,94,2021-03-15 10:37:50,494025587a2368027221f66332d91137983f23428c82310dac7923827728f99e,1,4,3,added
pool1hl9tn0qpujfss69h6jr3wepc0e7tuczchpfu7nu4ma006u5scfw,HISTK,20,2021-03-15 09:15:05,5ceb15a014f31295a648601c3c8c3a52fc49ae6904b99312aa856316c846b39e,1,2,1,added
pool130dfxy05jqejrkfm5tnk7d884ytspfdxgzj8lw6gkav2ss9ljjd,,3,2021-03-15 06:57:54,2805dc4f9e9e2f964ec0b2cc6fdeedaa3c8fc61c7a062b26240f5347ec1c9a40,2,3,1,added
pool12plmfgtqk4nj0wse5wnr49xth22fjacxm0gxg3wc88ewzztpwf5,AMPLE,10,2021-03-15 04:31:23,2093b463ba933da27df719fb8be661b6009a8e0cbd2d528a5cc6c8d53a482868,1,2,1,added
pool1k93a7tazk6uhy0pe26pau9hthyn9kmtdcdl9er5kw9w82fl5j2w,LIFE,6,2021-03-15 03:51:34,c3b52936b64a42e0d7af9d1f9afc12af2f34d625382165e7ccf74cd108840120,1,2,1,added
pool1lny2fx0ywywfkg7lzxul8gu4snl50wculalmwe8k7hkec29zlh6,,3,2021-03-15 01:34:24,441a7562c910747d5649713a51d6bfb9121a9e9d1cee3eab8fc93d624c9e4160,1,2,1,added
pool1g79uyzvt9mm3z7jdcxnp36n4egm4z6l8c6n9l2mk8ae2yf5zman,ABC,8,2021-03-14 19:29:20,24047404bd0cbc1c7ea488402be12abb951fd800284f536fdd869fd3877e68cb,3,2,-1,reduced
pool1tez268q6v9afz54csn2lg95kw7yyjykc3px8ry5gwkk656azfnz,,14,2021-03-14 18:21:11,62379be04043230b97165ed3a98e5cf9ff51ca6e2ee4c7ba46bd4d53b5ff540a,3,2,-1,reduced
pool13swkukm53su9nkwah6mduyxyqk00vh9g85hum8hmmkvekc6ygjh,,2,2021-03-14 17:10:34,8a6650772ce54727cefca3c79fa72a30fc1b5cdccac47b384ba1155fcb81930f,1,2,1,added
pool1esgq3g4ll90ylfqg4rvdft06cdppyqc8urancufle6yrgpp5grw,,3,2021-03-14 13:02:53,612a5b3cdec1d62aca16ea6789da633e272f5f120b25e7a878aed8d1abd39f01,2,4,2,added
pool1kxsrst6skutusnkng7pj3mucwftp686wzkqxthglwdz0v8s6teg,VERVE,2,2021-03-14 09:16:35,abaffbe455fa1bb8db87180b600979048c562981c72bc3d6e66ade478765677e,1,2,1,added
pool1kks6sgxvx7p6fe3hhnne68xzwa9jg8qgy50yt3w3lrelvns7390,lido,11,2021-03-14 08:41:23,6a65272ffe000a002430c45b082a3ccaff321810734ab7fbc53e20b6c573f130,1,2,1,added
pool1gqk5pzqmrc9c6030m5sj2s3560ymm5ymq3hqjmz6vfdmx4mw5gs,HIST,4,2021-03-14 06:15:09,a687c47487814f68c61d5e71ac87f89942a8f5e00b5431e2a9186568337ea7b2,2,1,-1,reduced
pool1kv53mzjwqjp4aw48rczj8vm6hejwfnfwa634czyx5tw5qq3tata,GRC1,11,2021-03-14 02:29:42,9a35664c9de978b39ec63751bd66a3bcb418d759d17bc2a5dd48da289fb8314e,10,9,-1,reduced
pool1kv53mzjwqjp4aw48rczj8vm6hejwfnfwa634czyx5tw5qq3tata,GRC1,9,2021-03-14 01:06:16,73c9236f1506d56b278f4c082ab66b43b02eda2f3c55e9a6562a5b31046d0777,9,10,1,added
pool1nhr06ggy43l7mhekvazlrdywl0udvf5f03drz8t4649zwzndc43,,11,2021-03-13 22:03:08,fed954febe1852a584d9eb196d9d926ea8b586fd1bccb9c4424bdc5cfc2cfdc5,1,2,1,added
pool1sj4l2jrykge07u4ke7unxyxpma0qara9x828xpvck6ev68zlvn3,,5,2021-03-13 02:50:36,a903cd304644a694a50aea716f32358347e14b4fbaed94863e32350014eb052b,1,2,1,added
pool1d9g45764jtjzagrmy5ndtrx4pua7l9sr4nh08l3mqs43xe6wnh9,SS63,2,2021-03-13 01:27:21,01539323752ff6e223d1f27dc3fbcf0c4f1dd2ce5cc468eb3de952de474ce891,1,2,1,added
pool1tdjjgjfwzl842nrzplkfakj4y7y4000cd8dxm2zjtlrjugt2aac,,14,2021-03-13 00:45:41,eb8c638f0333b005548a4b74f79925cd3c29d66874afa3b5526f796f90b1f4a9,4,5,1,added
pool1tdjjgjfwzl842nrzplkfakj4y7y4000cd8dxm2zjtlrjugt2aac,,13,2021-03-13 00:25:07,f7ec752834234d739cd9521a675028c50042782cd4d37784c80ad6058abde4b3,3,4,1,added
pool1ph3u549evvr8626xav25vk3sgcwa9llhvcp65q0m0gvz6q2klz3,,6,2021-03-13 00:13:03,d8e3bdb7efa4a7686da0e30ce583000a197d829b633818104c6333ef0f11018a,2,3,1,added
pool1tdjjgjfwzl842nrzplkfakj4y7y4000cd8dxm2zjtlrjugt2aac,,11,2021-03-12 22:40:33,fc5dc2d5996f4a96aede284cececf7ad696e1241dc0dd566fef557082a3acfa1,2,3,1,added
pool146tvhyjes5recygg5sfwsy97rpcadr9tdhlmdmwm4jddkd784p2,LVMNT,5,2021-03-12 17:27:57,69a4361a31b9af9ebf78d44e7550c2e7ff5ba4b952491cf89f68828b42f4dac2,1,2,1,added
pool16azs8wsv28h54zleuvr7hq2tuecsqa5kuzj2rgpxxjxfc0k06el,,3,2021-03-12 16:54:51,f37d897a63444b04a5c939f4e84060f843b89769212e347c65ae48707bb6deef,4,2,-2,reduced
pool10wcmpvjmmv7ph7cz2263f52yckvnnwu5kdppwqgu74s2qhe7l7m,4TUN8,4,2021-03-12 16:28:49,5a7d1fa8d473fd0c2ec47b6381c4704d8dbcf9553eee8a5608a310d6f75ab8a5,3,4,1,added
pool177fdptmzxyncd0k5xut6gvq0cu30e0s9ffsl5ch9uxp7xnev57d,,4,2021-03-12 14:12:21,daf47b75007dcd979bfbfc722b6da83adfc013ae49bc3eae8a13a938e94a20f4,5,4,-1,reduced
pool1helzgcd9sjm9xtyh9mw2wy06gekh6r52s6mx987q0p8lvklwura,,13,2021-03-12 14:09:43,ea5ac3d2de048df536e9277cc84c2ac184bc87bd3369650d9e23f08b1f0da635,2,1,-1,reduced
pool177fdptmzxyncd0k5xut6gvq0cu30e0s9ffsl5ch9uxp7xnev57d,,3,2021-03-12 07:32:21,df6bb7cd9c99e6849bdb19d2890d8f5ea856a6e3e2c5c21bf7e8956850aa6a45,4,5,1,added
pool1zgqkgsmmskrhsgkv29qm4snfhefj2n305kxw7my5ywxuwf7pxu0,,3,2021-03-12 07:15:51,08e23ea8798ec39b59a3371b2c96a29b06fdc57f83c3a51c3737321ee5329654,2,1,-1,reduced
pool17ynruzy9lvq0x55ks22vtf4lrrdrw2ucydh4tfzhg9kkyeaw8nf,ASN,15,2021-03-12 07:03:11,7b1f760e6eb4c5eb82d0b405380f97bd76e07836de7d677ef73d16930b0b301f,1,2,1,added
pool1v3rzrj25ak30dhuyrupkxeddttetxzh4cz9ccpjlfxuh6d85d58,XRX,10,2021-03-12 02:59:39,91ce7558b22bdc70fbfd65b5c2855efcb8b336bae918e2d5aca17afa75f4d2ed,1,2,1,added
pool1lf3kn4ykqqrany9jwhzr28wmsq76xr5xx3gq206lwn7ugln9ul3,,14,2021-03-11 23:05:14,1f8ae67ee9962deb613c821089f2cd087d51306405f691fbc0db193689da946e,1,2,1,added
pool1tdjjgjfwzl842nrzplkfakj4y7y4000cd8dxm2zjtlrjugt2aac,,3,2021-03-11 22:36:55,fee45034f288392e84cd4969c10c76d13ff43edb78453e972e54304cb7ecce49,1,2,1,added
pool17ynruzy9lvq0x55ks22vtf4lrrdrw2ucydh4tfzhg9kkyeaw8nf,ASN,14,2021-03-11 18:52:54,e32a4335ea95da6834b168ade0fb9e6ad7785329ae81ca594b2e4c8b860348b9,2,1,-1,reduced
pool1f2ehgwdn0fsq040gefzy8ccfxfjzwwljp3urmufxvw0mvg08598,CWRL,2,2021-03-11 18:49:42,3e92e05bc7737fc953cb31968bcf1df328f49732fdf93dbbc7ca214160e69c27,1,2,1,added
pool1980svf2cxnfy66s5jgjv7y22xud75z9kfe6n0c3y54s62w56435,HYPE,16,2021-03-11 15:49:55,a14feebd929724304410bdc44ab94129127e85fef013a26b0934d6e07d5b930a,4,3,-1,reduced
pool1grz62pdyyakffeymsjxpkz4x9382y3zhfa8zu28tk2fpqxm6p5l,KAWAN,2,2021-03-11 14:07:45,4962de4edb94ce65d55d8740a85d954804026713c13366d6866921bc861ea3b0,1,2,1,added
pool1xs34q2z06a46nk7hl48d27dj5gzc6hh9trugw2ehs9ajsevqffx,SNAKE,22,2021-03-11 14:04:40,27593bb9db5d3a2a76b05986642c0fd2e95984997f37ce5d3b472cedbc7d4ae3,2,5,3,added
pool1je2n5smmnyn3lh92xrp8nepjyfp596ypga6pmdecwtcrcj9uvec,YOADA,17,2021-03-11 13:51:31,b2210d8de220155f2889584ef52dd8fd4a0922f30c8bb63531e6cf7eb85d3275,3,2,-1,reduced
pool12yscr8j3zs34ewxrwlk0p2w5uvgcnrzywpp78ddjsj8kxd530f9,GERO,5,2021-03-11 10:30:47,363942646d73b4e4cb26634c18e176082c3f0251f0952b501698828476f1d51b,2,3,1,added
pool1v4adhelnswa7pwv2njn5h84atw08mlc79ll2ewl2kgxhv3cqwql,12345,10,2021-03-11 07:55:43,45639e8e44145775a4f9632d915d2843d17a645c28bd0ad697958cc7dc12f438,1,0,-1,removed_all
pool1ak4tngpqqflhca5emtvnp4822xpxy77mclvdhsrv87y77y0jnrl,GER,2,2021-03-10 17:48:08,a98debe3516bb46705eef4005220a10df22ddf6e1b50ad8b857fc55859685b59,0,2,2,added
pool1f9jpccuyf2enxlacrqvwzt3cmx6rgft7f4gpkgqn2v74c6jatyf,,3,2021-03-10 14:23:52,d26dd40e121da185885241b5fdf012c4dd465d982a95920b41916142a0a152ac,1,2,1,added
pool13zh79cqv3y36cgknzagwegp8y0kuzel2j046jmup97hhjwk5myw,,10,2021-03-10 13:05:23,4c663c4b7e85f3e74784b105b8f19dbd36a397b0b2c5dbeee81e3b890a95761f,1,2,1,added
pool13zh79cqv3y36cgknzagwegp8y0kuzel2j046jmup97hhjwk5myw,,9,2021-03-10 12:18:11,1705384eb5c8af3bc1f7a05996c7f82e12ab6de4e42cdf0a3dd3679ce98419c6,2,1,-1,reduced
pool1xkjh30ek3npwshwzm0fa0pv64wa89p9urrugjvv55wdvjct5vk9,,3,2021-03-10 09:44:51,eeefc1e77b48dc92f95545847d0f300d69d609b3f831ca2ea2b24d83294abc1f,1,2,1,added
pool18fw3qgzt4u094hn8kf82n6jye5y96csamj0f20dja8tnq4ad0hy,,7,2021-03-09 22:23:24,f87fe23762a3a3f3a2d80f2e9cd4888e3458f7a615c16d2b774bbd0db971fb5a,1,3,2,added
pool1djq5whlgkv44ml0rque95t93zh0zdfrxqd7sa3mtkjvmx5nf3xs,CURIE,2,2021-03-09 22:16:30,b6236663de7e27e943a2bae63c2d480ba9a4f454078fd1957d1ad9cc60b65a98,0,2,2,added
pool17m39tt99rq96gv9s4cp7u93auavams3khrdtzfapngxgjs3tj7s,,3,2021-03-09 15:52:00,be46de80681302b46dbf57d768b3e7d3fd35627d350e1775f86a544e5282166b,1,3,2,added
pool130dfxy05jqejrkfm5tnk7d884ytspfdxgzj8lw6gkav2ss9ljjd,,2,2021-03-09 12:25:57,538934777fd183780b17d5e9d9c4c49f4d5252aa46387e7068fe770f19c10128,1,2,1,added
pool19ht066hngsjfnv3mfsc8u9fgzl4w5qcrmh8l6zppwph6s2t7jn4,4GOOD,6,2021-03-08 21:58:11,c320190ee37547b12b3e3ba8d038d4a9533a6f4ce3253ab7ffd180a16d71cec9,4,3,-1,reduced
pool1mnw5ulc8uwy64hgjgav8daamuqjw7wv0ppt3e0fu8x8pvjnpyfp,,2,2021-03-08 17:51:50,5fbc2f6efba8d256c9d8b25f360e924004c88c174a22339882bfcc85040c273e,2,1,-1,reduced
pool1ahw4989fry5qhxemm5dy55syj8xy7sl0cvhycpcsxlmpsz9x853,SITG,8,2021-03-08 16:47:14,5eba9ebf8fbc49c45e1ea644b65064446f97730181d81f7ad7fafbea4ce0e2dd,1,3,2,added
pool18fw3qgzt4u094hn8kf82n6jye5y96csamj0f20dja8tnq4ad0hy,,5,2021-03-08 05:03:55,aa250e77332c9c0875034fca58f5f0dd514c2ea6782a701d55c2e26157b680ec,2,1,-1,reduced
pool1e3ruzmywc69c8m53xr85ljvvr52xez5t0xv32n3sll0wq4m5w8p,,13,2021-03-07 19:44:51,7b2259cd1fd4573a540095c0a67093b77fadd7053ec4296ebbd2fce7268207c1,2,1,-1,reduced
pool1gq3500u0hf7zjwfxsr45zqx036sw0faphejv6lasr2wewck7k04,,5,2021-03-07 19:21:31,40eb50d41b397b930f617afb3f83ed1f505fc0a5f019a5e079302280956a8f50,2,3,1,added
pool1gq3500u0hf7zjwfxsr45zqx036sw0faphejv6lasr2wewck7k04,,4,2021-03-07 19:00:50,22fcfdf56657584da639b95c845957eaa18f54b3d9544a20db24d48909da7f80,3,2,-1,reduced
pool1y0lq6rjckxxly36gf3wdsxzjzg97mq9c90una3vfq8pu77g7zkf,MESH,9,2021-03-07 12:07:25,d7973f4753e456b998e9bce70c2f891572e87bb29b2b271cc19b882b32274fbb,3,4,1,added
pool1ju5tzz5jdszg47fcuhzjq5e3nk6mays73d5csskr4lfucg397c3,,6,2021-03-07 01:11:31,7a9cf5fd30d7a2951f6c4ebab473e22f713ca34413e2dc9cc2eaeb301f9a474b,2,1,-1,reduced
pool1eqc4jwuez8yyerwlyjwenh99dlvmn6t6n3qjym70ulf5u8xr6lq,VOLVO,12,2021-03-06 23:18:04,8f79ad4070602a8cf50d3cc218e71ae48696fda5bd9ca1b121c96823e48a2b7a,2,1,-1,reduced
pool1ml2d55qeljt26cmnrplqfjt92twmvp98p2zhsq8pgvtnzmkdj4s,,3,2021-03-06 23:13:46,95a33744df8d54589c4d10915fb73796253e69ebfe57398d9c606fe17d93f0ce,1,2,1,added
pool1vev8z03vh7jwx3mfrgzrt9fltt97nupaxv8ffj4r5r8mgwts5ze,ADAOZ,6,2021-03-06 20:30:04,1e099dce7048f15dad23f58ffb3723daaab15fc935a120803263c5931c1b0585,1,3,2,added
pool1n8r5ecd9vuxxquu8zhrn3ltprn7uk2k90nyvnavegkcqkl94x30,VEGA,2,2021-03-06 20:12:19,ebef7be5320cecc70036db59df3219d75223f6f17bafb633a29fa8feebee0ed3,2,3,1,added
pool1hl9tn0qpujfss69h6jr3wepc0e7tuczchpfu7nu4ma006u5scfw,HISTK,15,2021-03-06 16:56:36,1c194e51336225f9cc866f1d47c11537a9c7c2670ed47cbc899c090cb0a8a01a,2,1,-1,reduced
pool1qqq0c53vaf5ju0n3fvujmyxwca0yhp65930evw9lngmr5705csz,ANP,7,2021-03-06 16:00:24,b88bfce9e1c0f3e31b6b47d9a168af102a60777af022e1839c82ecf883a0052d,2,5,3,added
pool1wxpzjtfr79pdfs6m6vg6xmcqjh79ff9d6sgzfdpvs2q26swahew,DMOON,11,2021-03-06 07:15:00,1cdbfc9ad4e4d8dfb9fc75d7fd22ab44996bb6bfb5b87b62ac5259ec5790d1f9,3,2,-1,reduced
pool1c2utlagkpht4zj0jetsf245c258geuxnjqp9kf4f2z9rutx9dz4,QCPOL,4,2021-03-06 02:39:30,71495145d1b949dfe1bdd473b5a9f24739ea72897f1d0530a8304165da6580e7,3,2,-1,reduced
pool1h2vtxz36m93e2dw9mn4luh64372t794qsjcpgt3fqpnycc8qh3z,FRITZ,3,2021-03-05 16:02:52,80dc79e37dd045401c5563994fd2956ebf34a84159972a82d1252797adbd13b6,1,2,1,added
pool1rc822z8u0e2pfpt5yl9sy9gkmayz6cmpygrsh96wzc3g765e33d,,4,2021-03-05 16:01:31,4461c5152b375aebcba26c228ee81c2d59deed6ce7ba3b48b702acf1e43dd913,2,1,-1,reduced
pool1hl9tn0qpujfss69h6jr3wepc0e7tuczchpfu7nu4ma006u5scfw,HISTK,13,2021-03-05 12:55:59,789267d2caf5877d3f8e07369f3500f28a6b68ceca7df28d3a9f47f6b46a1e77,1,2,1,added
pool1y0lq6rjckxxly36gf3wdsxzjzg97mq9c90una3vfq8pu77g7zkf,MESH,8,2021-03-05 11:10:21,157bc2c63b7fbd08a4987f7de93af29d4330616301a56fe1201b6c3ba20ea620,1,3,2,added
pool1jqfk2y5wked4sjpx9sqxn6dmut8hq2n9qlreymqtpxuc5l38fl0,,5,2021-03-05 07:42:27,ce566556ade379966c1063299821f7a50b91779654291a4a9f718ddc15ae34bd,4,2,-2,reduced
pool13ygf6ae5d2e0577s2gwg259v7xaaqun9084ppudu6kqt6yqf2sf,cBTC,9,2021-03-05 05:32:22,fba3b44cf494a73c4843c918b9b5f5feff262aca048cdde06c9a618377493285,1,2,1,added
pool1zytydvyy3qztrs8l2xyggvkfcjctp23m2hc3aj7sudnzgny79cg,PSYA,2,2021-03-04 21:11:53,68722da0aea39cd28ac0215ac19c473fd795cb63e1fe92020aa1b007cf23f371,2,3,1,added
pool18gys2arurr8su3qssvh7vjcn42k5clgrvdxah8mxcg5xquvfu8p,,78,2021-03-04 15:43:11,a81ba1984c94bc6650f69c3742c10368c42f7ee5a6b523c569ae7787a12cd6a8,4,1,-3,reduced
pool1r9zrp0hpy3dj6lse5vl9yc672v5w7fzrrp62pjcersqe2djm409,,11,2021-03-04 09:17:50,25b390b1beed1d394452a15cfa04ff85a809cde8553ccd5a5eeee1af88dc7bb3,1,2,1,added
pool14h7cjyklnrf2ylu6g2z89n5zckeyprw36lstw7lw5kvqwc4xw2d,HIMAL,5,2021-03-04 08:37:58,d75e783cc3a7c9d5dc2e7f7db6b68ab260f992c2cb7251e242f67bcf6cd6dbcc,1,2,1,added
pool1ph3u549evvr8626xav25vk3sgcwa9llhvcp65q0m0gvz6q2klz3,,3,2021-03-04 04:04:44,26a908ffffeacd2e40c88c11a371b96161d199d53dbae01a7c9864506297980e,1,2,1,added
pool1e3ruzmywc69c8m53xr85ljvvr52xez5t0xv32n3sll0wq4m5w8p,,10,2021-03-04 01:40:29,518a10b66a1a94bb34270d70c6914632dd0eab3c21fbdc1b733ea7b08041dcb0,1,2,1,added
pool1jeu74g86ys4fekhykqcww99kdsq3nlym8a6kfw8s8ff3vskad70,KAIZN,15,2021-03-04 01:10:44,184e33e87de6e954032b3f05c6343b2f7bfa2b43e5b7014a186d8f0f832a3208,3,4,1,added
pool1e3ruzmywc69c8m53xr85ljvvr52xez5t0xv32n3sll0wq4m5w8p,,9,2021-03-04 01:04:50,43fa7b72c5d0bfca171f454094c1b1c3e93a4d1d079a351e6054127eb8884776,2,1,-1,reduced
pool1zc7vxe3ymyej76h8wu8gm79chtt7w9c3adkza4uhrjvagr9w4zp,KRSNA,12,2021-03-03 21:05:04,3bda03a1398a0cacf3622d9223714c57c541b634b3116b6eaa5e64b09f9ef828,3,4,1,added
pool19n5ml38q5uedy8kgwwwtlsa3p9tmfcef0lfjp42k7j9d5mpgs2m,SLR,3,2021-03-03 20:55:55,b1aba38dee244e9570b4f3fcd7c5db0218d030c201077db0eb267057b3ff21bb,3,4,1,added
pool18gg869xqpx2vf4u8tnsqeep7txv24yw7tmcd7fv6tqdagznda9p,,2,2021-03-03 20:47:52,d7aa9e3617efcea064a5420a5c25212e639beb62d9cf6898468e7d42a691e814,2,3,1,added
pool177fdptmzxyncd0k5xut6gvq0cu30e0s9ffsl5ch9uxp7xnev57d,,2,2021-03-03 20:35:57,f49a705387f942f159e26c160bec342c297602cc7234f048d3b95d4cb9a92a36,2,4,2,added
pool16sgz8tde9q7ldszg2gx22enxfzd6rx8w6gg6vg3jxl49gdsf5e0,,3,2021-03-03 19:21:09,b9c0b27a02b341f0871556bea573a34d15f57ed57216faca00804b875d39d37c,3,2,-1,reduced
pool1ksrg8a964464las0ymw88slrwxkychjz9lh09lqltu5m7nw3pq0,QUEEN,12,2021-03-03 15:26:15,a39079507cc74de4cef2bfcffa9fa97280be1f90d5352732c3bc828a379a344a,2,3,1,added
pool1rc822z8u0e2pfpt5yl9sy9gkmayz6cmpygrsh96wzc3g765e33d,,3,2021-03-03 15:05:14,aa827a8078518f9b5412b819a74c4c56fe9d1d0e790eb44d95fbfac81c081dd8,1,2,1,added
pool132wlg2axv5elynquuwt40tc2av9pl0583axmvu4hwch9unh29y3,WADA2,2,2021-03-03 10:03:21,87b0356d30d080ad2438b3642c54f73829e2aebb63a15583e0618e048c90e4b3,1,3,2,added
pool1s54847dyrcpgxjvsjvhjjqjrkz3x6vevy77xaqje5nugxhp6j2g,,3,2021-03-03 05:03:09,7132608875575885eb9d93cf0455db4828def01cc62a0ff7ecad71a6a929187f,1,2,1,added
pool1efxh54fk0dj5uu2e4eu08klxl5ys3saphv3kec33kw3xv8738sc,KRONO,5,2021-03-02 22:29:27,e36b3857f99cdeddca6549703a49b2ad80580bde7b7bcc1d68a4947b4910d5bf,3,4,1,added
pool14w9tn4w30dwd2lfv4cwjg2a2e3ukfd0nqrydx37fjzf7z5f5jnk,KOBE,3,2021-03-02 20:44:39,a8da77943b5ae7a794ac84c27d3129167fb001c15e700b8227d2194dc1b94515,3,4,1,added
pool1htw66pdahtg57f0k4zwrx9gn568x5s5n47pgxn0w9dufqu5ckkm,your,3,2021-03-02 13:45:28,c54b46eb89e99e9361eeb3d3f107908d1a01d1aa1f55493e90bf1f68bd975951,2,1,-1,reduced
pool1vev8z03vh7jwx3mfrgzrt9fltt97nupaxv8ffj4r5r8mgwts5ze,ADAOZ,5,2021-03-02 11:18:33,314f45781eaf3bd3838566e249cd48a4a8171deb6e62ffa642572e8ea292f931,2,1,-1,reduced
pool1qadgwr92pgx0yz3u9n63f0s9ugryaud6wxers850z6sfu06y3rg,VITAL,3,2021-03-02 10:32:35,3655e81dda0fb9105e2dd13d5cfd2c68f3585941e3522e7125ee9ced05ae2c50,1,2,1,added
pool1r55hyfrd3tw6nzpkvf4rfceh2f04yph92fc462phnd0akp2s5r6,COFFE,20,2021-03-02 03:39:21,daf4fc213c162664ca33be9b26feac83828bd9e7e31ef90638d516e59d385eba,4,2,-2,reduced
pool14l293trv4pdm7uv7pfunq3sawyvf8m00qlfuahenc3uyujqnstf,,5,2021-03-01 20:50:05,78397bf40603bcebf39a6c4b501111c7b2bc5c78de2a018be75372c21ff20027,1,2,1,added
pool155cu3s06js3llfh07vnzepatfuvt3s5s7uwldt9rzz55wz7pugt,SPS,4,2021-03-01 13:25:35,a79d48674a9ec266c70e2ef40c091f94f8b86d0095c1bc649a2410207bf090f6,2,1,-1,reduced
pool1ggx3akymhzl5d7r8jd4cc2nmnvl8t8gkrerd2cwvd0vc29lwje9,,5,2021-03-01 03:58:55,64747c96095f9123677429f9bcbe906fc9af0a0e3529b1f825aa8a54b35db1a7,1,2,1,added
pool14z5zuqy98d956cktyjuztaj7u4a4wje88c8ewznqdh6uxwlpnj4,LINUX,4,2021-03-01 00:14:22,0d5d9119ebbc1ece8174e42f5ded600735129c1353ea8517f0c38cb3bcac9681,2,1,-1,reduced
pool1uaa3le5zjzjtzacvglgv9sha2pz8zlegl8udy9z8lhddcgufzlx,,5,2021-02-28 23:58:56,c31f50ae0b31e2b252af8eabd0b8406f6964232e06461616a6e36636ce87f7fc,1,2,1,added
pool1xfkn3229pxwfmaula9vk9se4ur5x5pvxn78m7j63etgcczdhcs9,,8,2021-02-28 23:57:42,0eaec7472245b6c2c80316750e51e112d8a49a40209b10e7fca03fe22f4a94a5,1,2,1,added
pool1jhzf2mm6zdlhl6w89uhgx8nq8p6ykcc86qq58vjy0ejyxrrksfj,LOVE,8,2021-02-28 23:52:56,615f2eddeb6d2e129a50364429fd30759b6c261d24ab0d71aa5cb4ad85060fa9,2,1,-1,reduced
pool1vgn0eerhcs9pfrmftlxjmc2sm0t4vmhrqyma0hk6spc6geahrck,LOVE,10,2021-02-28 23:49:13,54c1d19b6f7a554e7478a43a79ea823de36711708b69ad4cb6ffc3dc17676c25,2,1,-1,reduced
pool15j6hdfel6c6zcr8gu39qgp5xkrs264yn9hm8ynhaydjtxvmznxq,ASKP,5,2021-02-28 20:57:59,68a8eb8f8d0e88717da9b099435d5501ab8ea2a2f1612ee33b96077afcf07078,2,1,-1,reduced
pool1e3ruzmywc69c8m53xr85ljvvr52xez5t0xv32n3sll0wq4m5w8p,,2,2021-02-28 20:23:25,9b288dce40d91894f09ee993ae4eb06bbd47cafc9e35f16272e24e24b701cac4,1,2,1,added
pool1ju5tzz5jdszg47fcuhzjq5e3nk6mays73d5csskr4lfucg397c3,,3,2021-02-28 19:31:56,0cefa4865b8ebb1b16a2d5a1a70a5bde097a004b5fb23b37767c34d6eec5521c,1,2,1,added
pool1xkjh30ek3npwshwzm0fa0pv64wa89p9urrugjvv55wdvjct5vk9,,2,2021-02-28 18:56:41,35253daf3a14929bdf9c17a3d71b63bfe96d4e375237dc24198b5e5f20ce2ba7,2,1,-1,reduced
pool16fjt5c3fwmlxtmgdr9qhttlgpyn7x7dvy009umpagtltkhzdsnh,,2,2021-02-28 14:50:25,2041dae6e9c62fe2947803d50740ed057dad8067a09fd5e2bd09eb8b179e554a,2,1,-1,reduced
pool1zfhww5y28t303z6uyq3w47pkhfmxww9dsn89vrxteplg2zjkekl,CARE4,10,2021-02-28 14:07:13,b2289c891d592d7ce1a032cfb3e794cb3f92f4dcedcfe58617d04f7a48aa37c1,1,2,1,added
pool1yz3fnqnsqhqpkc2tjqn4dkws8nnr8a5kcs50g780nh0wk8tgnp2,ADAES,7,2021-02-28 11:03:27,b702707f5a1808141746520813fc5420bae91ed6040ce74299359e4e8b250024,6,4,-2,reduced
pool13qze0weztaxl9uje7gjryzs85mwlx0cn9pgdnkdxs3xvu78tsr3,,7,2021-02-28 09:15:18,616c1ea27adac65cca821670a473bbd356e1d7d79c2d1efc7b0dd21bc3d725d4,2,1,-1,reduced
pool1d84ma9ssangjw5swgn74j0lmv44ysjftglsjatllv68hytgekht,,4,2021-02-28 07:50:25,49b5d7a73f9a5854538b485c98ced61758046fc93075cd90f17609f2f303151d,0,1,1,added
pool1wxpzjtfr79pdfs6m6vg6xmcqjh79ff9d6sgzfdpvs2q26swahew,DMOON,10,2021-02-28 06:36:57,56eb80fca8da472194dd997bf267bca59f16556b1d1af040ea8d23e3865661a0,2,3,1,added
pool154sjkrwdu80wp6mnjvkwk55aj53l4v37z4zwulfak74vcxg60x0,ANZ,5,2021-02-28 02:17:39,6215b46d8177679d92edbf1547245af5b92a851d64c87a854d741e4749ed7396,2,3,1,added
pool1ndsp54c35racjsxnxxgj3dflf39r7klppmpm7zsjv9z85m78hm9,,3,2021-02-27 22:12:28,4dbc5aea9b56ef19caabe441fa1c5a7802f19d845f0c29a790712841de8347c8,1,2,1,added
pool12z39rkzfylvn9wfe8j6x9ucq6g2l4mw4azj70y0gd8ejczznyj3,BRAVO,36,2021-02-27 20:35:16,53b5e7e0ab7ce733d229dfea6afca641b27e8e56561db9b3da7e654271507de5,3,5,2,added
pool1pfdd8d8n7jx0xnk4uev3x36se87c747w6l2d5x7fanh5w9evhw2,BRAVO,5,2021-02-27 20:22:20,0c9b841e904f5ca140bc45af6a1be0eca02c93edbba5ec6915012bcc25617059,3,5,2,added
pool10wcmpvjmmv7ph7cz2263f52yckvnnwu5kdppwqgu74s2qhe7l7m,4TUN8,3,2021-02-27 16:24:16,399817f951dd9f1eefd3d67fadc466308f55e0ae9bf2ac679c34485188186df6,2,3,1,added
pool16sjl6t8exdrenygxhramgc7vs7hjv7ga35caj4cexgzdk7mrpxr,,2,2021-02-27 10:20:33,f4beda739b8f88410d871058303b4e58e7cd95a90a6cab0a7f0339b3b067e415,1,2,1,added
pool1x23r6an7a8yqtepj0ls8jwg7k2gys5e03ttmu66yg64q6n2xa75,,8,2021-02-27 09:59:10,375005c035fbf3c78f690aae1f18ebaeb34c6c6a995444b5e86280e60521a4c4,1,2,1,added
pool1jqfk2y5wked4sjpx9sqxn6dmut8hq2n9qlreymqtpxuc5l38fl0,,4,2021-02-27 06:52:46,238deeac62b3eb40f163eb6e3089bb9f96af01e434bc0b2cd563d06019c33020,3,4,1,added
pool1lagcrwhhy24grdxpetj5vwwey6z8ncp7gx9gdd5p7gnd5f6urcc,,7,2021-02-27 06:17:20,0b0b202ffd9ea5cf5ced0eca884b3c6525ca6f30571d8b933fcf7c595f24b07a,1,2,1,added
pool1rcd7qslz3xnpnk9u6tcwegy5r2574uf8suqu24ptg637jha3sr5,NINI,8,2021-02-26 17:58:23,e344beab729d93d0ed1bb6aef07e3fbb47820b07778e636dced379ad7060f68d,2,1,-1,reduced
pool1zeya2r53sxmqh2ux3ssfsrqerergnw2hjxmp63r83ntwverpqwm,NICE,4,2021-02-26 17:57:13,fec806d3b0760d7781cc67d11ad36e1877ad47c1122f317b3aad5444226fe7b4,2,1,-1,reduced
pool1n20x3spgcj72k0azl85gxt72qzr2eq7sr53tlmwdg8wrz60ynzn,MAMAK,2,2021-02-26 08:51:13,dd2a435d4f56ab961f6cbac7fc7c91fe079c708d8885dcd1564415398c288dfb,1,2,1,added
pool17ahr5ygy48vpdfnatqn2z4wfu2te4quapk2yx3k50ce6kd7feg0,ST3AK,8,2021-02-26 03:44:51,ead87d91b52c30792bf7b8462b498f860879a9a794033497f6fc29c60c9561a7,5,2,-3,reduced
pool1je2n5smmnyn3lh92xrp8nepjyfp596ypga6pmdecwtcrcj9uvec,YOADA,16,2021-02-25 20:00:47,7ffcd2b0d8057b177c0802a37935ebceb0977f7ce0b83cb807fd714f7a4c3554,2,3,1,added
pool1ull34uxtt3h37ysxeq6lesp9536kqqetddew882ldawu6yqmsl9,CANDC,11,2021-02-25 16:55:35,45422f9edaab900c2065067f523c15ee54c68731ad0ce783a042ef5935199000,2,3,1,added
pool1snauzgh8r7tww3emfmdt58dt4hpvyjc23j0nj3h0ql2wwzgdkp9,,2,2021-02-25 13:57:27,53da4ec20bdabafbb3a63aca91342a9b5b0d08ea68c9efa97bfc300a0736faaf,1,2,1,added
pool16vsl464q00g9c448k8pru9hngywrqrkr5wanemafrnrcv2frl0e,BACON,4,2021-02-25 02:04:16,f68273772ba425d6acbf417ffcd99f6193b4b3c1f8db97e64e4596be0af22fba,2,1,-1,reduced
pool18xqt8enh3fcqq9jvczkmcyaxzapyg7yp9najj96gg0gmxjuglyx,AMOUR,3,2021-02-25 01:35:45,bde35c8d17acdc4b9d6de0bc99f69812495a9bfa8fb48a6d580dfbbaeca5bfd3,1,2,1,added
pool1lr9vvcf5r5jgkgv5ly7z2lh068ymzg4xmqk5f8pu2k23vt25x7a,HYGGE,7,2021-02-24 22:17:41,7ce798c502df36bf8cabf252ace8ddee4d24ef01337ddb6fd8c2fffeaa3d7862,2,1,-1,reduced
pool10capak8jppvj8h46e35xdth6h22pahtr3lcgscrpa06jzv0xn8w,SWAG,7,2021-02-24 20:45:19,cbfe270d355d0f2d0ba697ccae763b0a2afc5e642bba7ebf9d6ebb1cc7f39b0d,3,2,-1,reduced
pool1ytszp582dm9u5un6mevt9czgcnuqhflwfr9ly4ukpeqcughryqh,LEGA,3,2021-02-24 20:16:35,d866139c55bcb71ffa5da3f86d7e5ddda5ddb46ff23bbbbb7db9dfe7cb639e54,5,10,5,added
pool18f5d53qv77aawudfthjp8gk9cvg836aevzjf2ywfrm26wc0vcrs,,11,2021-02-24 15:36:51,6d284b2f8567fc8ce2fe7765c2a3ae7472facac1d125c313110d8c4285898b2e,1,2,1,added
pool1r7tn56lj5j7te7zyj3wvqn0wyw8tr3g96chw6lwnqxjmgggrfd8,AKLEI,2,2021-02-24 15:11:25,fec723ba1066a5e59d7fd4bdf82250b5c0a9224327e335712c96203c40565b3e,0,1,1,added
pool1ue4ngerz28nkpstsr5p53qvl5ulq3jtmllj4my0d0n28yyrn4l4,STP,4,2021-02-24 09:52:54,b9a693e73aafbe235f71bad1157b8407c41c3caffc347ff557e935955f8aba14,1,2,1,added
pool1tkexntwvhg0fqs2xnm7xg6ljqzjkpk0pl4nxxe3nf48ux8nucqy,ARTA,2,2021-02-24 07:43:51,02a79c961b3258e50207e3d2a9eda2d79324b25d3aff84e0c5c57530ef5aa054,1,3,2,added
pool1fu86pxxs3c9sgjkmpwx8d2udckt5y9ycg7ampdf894l0cuv787y,BCAP,2,2021-02-24 06:10:06,49775fc55bff44753ec85752f70999b31aaf1c236d62274dff1e3fd4f2aa3a17,1,2,1,added
pool1kck3hegpzrc96s29x8egn6jmrajdrvslqldyl09sntu2sw4urst,ANMNT,3,2021-02-24 05:47:16,cc227172d1ef44fc0bddfbd7b687c45349cc44df134a97f6a4a022179dd69a2e,1,2,1,added
pool10quq4wlghwrvmhdzc7geq22pyhzegccwj56ax2g8hx0cjfahufs,SPS2,4,2021-02-24 03:31:30,bfe09c44ac1f27eb2037b4a7f22f298d52633573d9299f73fd54a914830703a1,2,1,-1,reduced
pool1tez268q6v9afz54csn2lg95kw7yyjykc3px8ry5gwkk656azfnz,,9,2021-02-23 22:44:54,dab7548401edd1f7132d9dabaff8419a46df4aaf431b4d3eb06bf28271e0ddf5,2,3,1,added
pool164g26r07tugjhpvj94n6v29gtrg4pu6pjcyf6lq4j670u990ztk,47c,4,2021-02-23 21:45:36,61d82ec33a8b5da2b0d4027d4554b696faa00e0de4ae243a9d97e5a0ff62443c,2,3,1,added
pool1g2csq8jamtsrl94lqxp88jka56qzvtahpk8p3dcc95c8cfxc2a9,RTR1,7,2021-02-23 20:06:53,3452f9f0c48b7337f6cb751e24bf0e1b8319079b8a0cc70e5e7ae18858ae571c,1,2,1,added
pool1huyzkfxwnttj7r4530hv7gc5v6mzk75vuzysc75aemu85mae9vd,TOSHZ,6,2021-02-23 17:24:51,f73ffadd5ee6f943f0492cf3b4c69ef804512b122fcce95570f3c73651a7263c,2,3,1,added
pool1vev8z03vh7jwx3mfrgzrt9fltt97nupaxv8ffj4r5r8mgwts5ze,ADAOZ,3,2021-02-23 09:58:56,7cefef40de1522af0067efef544ce52a5c64436db1cbdc879364c065ebbf1c5e,1,2,1,added
pool1qqlf3epa7m8780p2jx5689u2ql06tw026l5377tptk2zswrc645,CPS,3,2021-02-23 09:01:25,2fb46a514735977a004bbb7254a88c564d1de35ee8cba6d2218fc913a0e79684,2,1,-1,reduced
pool1axeed9wqmyvm8ttgdkpazx5dr0e6ezhucnzarpua0zpdg8ycqwl,,2,2021-02-23 02:14:25,f526aca4511b81b70258f73c031e1883dab9c5a04ea14f63cc91c00c8b64209f,1,2,1,added
pool1whmm0hkxunyhxsr6dfjpx2tpvd05qhev820lx9vcmvqa5wjc6nh,1COMM,16,2021-02-23 01:34:50,a7b0d3da9bd8b599ef6b890be16d4fa37b4f1838a1b1a40d7595726eb4b8468b,4,3,-1,reduced
pool1p8fmeaurywtxsjpartcqavjdzex6uel0dggss8k9e3ggs8zr8js,,5,2021-02-22 21:12:24,a73f44af1b861d3909c6377140ae377b4e3c4ae78b2f228ea3a69db90b379fed,3,1,-2,reduced
pool1cuqnuz57puz2qd3enr9vtkcp7z92ge4h2ks6j8zzknztx3283q7,BRAVE,4,2021-02-22 21:09:58,3ccf1302388829ce57cdb5c217732bcb2156690e26b0a94175d713a9c603d70a,2,1,-1,reduced
pool1q8qm8a4g2v5w56qqq9q68cgfvk5usw6m59ga86lush0dw77gsvp,,5,2021-02-22 21:08:11,011065660c8df44da05cb48787b2ca8dac01f4f7ea1a0c3fd7871221bcc43771,2,1,-1,reduced
pool1pvsvhzqlrtmseg2mlk600hzs7zqztuqm4ytxyeupa2dyjzs33nr,,6,2021-02-22 21:06:33,8896d99979378a7dc77ce0fce6dd3c10e3e5844ba0aa637be6bfddfae8139d21,2,1,-1,reduced
pool1jf4kt5qvyx4plvv7gna2y2f7xsjh3mt2szk2ff23ryd8qg826hj,NEWM,3,2021-02-22 21:03:32,de148d379c3648dccc3e5fe5b1ba904cc7475ada324111e79c7de38122345ca0,2,1,-1,reduced
pool1edhwgzj677reyzdlm98p3l8pzg80uu5gf7hmfwus38wgs3vjkzj,,2,2021-02-22 20:39:37,ced8555e2421886e410952642f2cfa6b00e69a7f5f2ad760c181e844fa03aa1f,2,1,-1,reduced
pool1dx5t3yqhzh3v5ch7add7836tg0ey255tjz87spjvws4j2gjp9yg,,2,2021-02-22 20:25:52,90de63e69b2dbc9b849bf3da3652c6da52f50d5d01bec7a6c22fbe194daea95d,2,1,-1,reduced
pool1tku2j0ypfu5l5n0unasq8zculw4vx30t2ymx4qrj4837v8tdtak,BBFSH,7,2021-02-22 20:09:51,79788afc8dd3d3d3aa0720bbc2aae0f26a3b52a1d47b82fe57b428155d8f8c3d,1,2,1,added
pool1jezf7dcx26edfpxmpuh05yen64a9cj44xm2ggsapcxrtqewfek2,CURRY,4,2021-02-22 20:09:05,8bc9608fb6612cf31965535134ac57192ef58f9c346961855655b2560664f749,2,1,-1,reduced
pool1gq3500u0hf7zjwfxsr45zqx036sw0faphejv6lasr2wewck7k04,,3,2021-02-22 20:02:22,de5d9949f500df7fbec7acf4849d5cab32526701f2c75e8a436ce6c163e224b4,2,3,1,added
pool1980svf2cxnfy66s5jgjv7y22xud75z9kfe6n0c3y54s62w56435,HYPE,13,2021-02-22 15:18:01,ecc4147dfe024001f38432b6531b737372821223b2f6a079213a80eef67a1a83,3,4,1,added
pool1jf4f4kr5f8hg0q5jdns7uplkuuvv4qkewnvx6sdsm3c3zeye5r8,,10,2021-02-22 09:06:44,463d67857f83015a8f86f8f15afb1b778c857700a8862b439f19140afd9ddf36,2,3,1,added
pool179u2dtcn92xv7n05dldlevt6hcu5v3p7g4aaqva2fm8qjzu7lpc,RISUP,2,2021-02-22 00:45:29,15f006ee5ad5b295465ab4831d5e662f3b42d5ddee6a0e76af7de05c2d58f731,1,2,1,added
pool10ez5uusmzx7ep6pee6hmqr79z5ee0lhgzdelzgptexh9xq3ar4e,SACT,3,2021-02-21 14:57:46,157b8ab21fd18988d5614364eca25e58b076c205c9a36225d91245192e42cc1b,1,2,1,added
pool12h63026uqx73v83zjtw8f07tnq2pmg6jredmqlyjd99tjdlal4w,,3,2021-02-21 11:13:06,8d088ac54ea4480e4901db7096d52f430a452be55ee526dc6e0ed190e93e6ebc,2,1,-1,reduced
pool1d84ma9ssangjw5swgn74j0lmv44ysjftglsjatllv68hytgekht,,2,2021-02-21 11:12:46,fc21577345400872518bbf534849bbffc86b185dfdf81e009a74b761fa42c5ec,1,0,-1,removed_all
pool14as6j8nxp5zwxh599jm4jhvn06p9arexazcjf24vpeajcesxeja,,6,2021-02-20 19:57:25,b02a1abe80fc23b63798ec09a91daed71845eccc4b6590fee045edc61fae3e4b,2,3,1,added
pool10hex9l4wjgqarvhr94xgyh9frv5lhtajhrj4dah0kl65jtws30k,CSN1,5,2021-02-20 17:49:37,15ad0e92e2f7c5895b29fa587dd83a8e3f045dbdd7ceb54502e86e48aa6a5407,1,2,1,added
pool1mfgqn8n658vjdcvg3xgtr3qyet64fht0dzsukqeznxw36z8g2k6,CSN2,5,2021-02-20 17:44:51,03250980c6656ce62a8d6caaeb956c78b4bcbe785d09d81ef1b3ecd362779a3a,1,2,1,added
pool1vkngxunyagwen690yn36pa2v6jecyxgeavl9nva9dwzhu22fzt7,LOVE2,2,2021-02-20 17:43:46,d2ec18650bcb0ac3f2c3e95de3dd4867ae9516214a2e9d3be5a5e1ab0480c739,3,2,-1,reduced
pool1ppa3vmkff3g4nk22hxudv8sw5nmthkpl5rwt5vjxtq5nukj6tts,,2,2021-02-20 15:39:51,aa599c04489a4f2df5a49a8f32e5be83df8de37413c7eeec84ae2521480cc408,4,1,-3,reduced
pool1xyx655q6ch4d99fuewwtkdwjx5tvfr0rzqvmwehm2cpzj7e2wgl,PARIS,15,2021-02-20 14:36:42,c8f59bc46e75603cd98858a1cbd83d6ca50cdc97cf5881cedd969ff4074812d8,4,6,2,added
pool14yct4lltf2md86fm8xns78ttta0ey2a2m8j0vxx69pds2mzmhvq,,19,2021-02-20 14:02:23,fba6468044d4ec1ff32e7ebbc0f1f720db12212d18faf81889cbd3ecba54fb59,4,1,-3,reduced
pool1nc8vcafsgemc2jx7mmze3sppakahrl4z5qqauw6znr93jfyqv6j,,21,2021-02-20 12:55:58,e58ab3fb6986809bcbd594c1466ac6d42ab141c2a1d9d20ccc6665a0d581f7bb,6,7,1,added
pool1wqzdqsm02tust35dds3u7kyn373ms2mpjwf4ugs0qxp77frrxyx,,3,2021-02-20 10:17:17,5a447ba718942d0332740bd1f22e43c278adbb43774d3cd6bfed8a1f749ecc13,1,2,1,added
pool10nug2zc80t6tz64awqr0362kfsh6yvje6xz2a6appzhzwe25nc5,,16,2021-02-20 03:01:41,b9d31a4bc61f240208009ae38d15d86ca1436097fbd32d28a3a2aabef231c812,2,4,2,added
pool10h9j9hazmtszyfyty7e6vj3usr6v0jdzvraqcxxs27rtqp7hsgc,,4,2021-02-20 01:43:01,30e8686f09c7b2cc2aa0c017b682cba23766807d70203d5f2e1a039e5324c06a,1,3,2,added
pool10h9j9hazmtszyfyty7e6vj3usr6v0jdzvraqcxxs27rtqp7hsgc,,3,2021-02-20 01:41:23,ce1092c4d41a87a5758d83ef8496f87b7b915be699d1bc9d6f2a72f315fdabe3,3,1,-2,reduced
pool1ws2zt52xctlyh87vmc2gysngkgeu6ymw4ekjaptnlmq76mzvqay,,5,2021-02-19 23:47:12,49445f10141ef05a0fa8b1396c8d38786d3e554f0c7d1cc19baf53ebbad9f3ea,1,2,1,added
pool14as6j8nxp5zwxh599jm4jhvn06p9arexazcjf24vpeajcesxeja,,5,2021-02-19 22:30:23,52c7bbba331772b2912cb931224a7539cce539830080ff5e43039b8be3a7cabe,1,2,1,added
pool1ujcu3myfg9wwvdyh2ks653954lamtufy3lefjs73jrr327q53j4,PUDIM,2,2021-02-19 00:56:26,26b6e6eb47ba095955fe4724b94de7f68177e71126f605544d1797971b2908dd,1,2,1,added
pool1pfprlfz0ywcnewjegazz05ghgcfkvu40v6edsz6yn8w362sdjr8,ADI,8,2021-02-18 17:21:08,eade95e00bbe8970ad663cd7bfddf99a59b3c0eb38dffb925406ef5291f95f3a,2,3,1,added
pool1yhd6a8vvp0r0ads36j4zjwx7juztf6cgpa2fqm9dm0st790ptf2,,3,2021-02-18 15:33:44,0a7dfc67d24a910c612300cb76d1482be767b2e70029295af9e6347c7f4b536f,2,3,1,added
pool1zmfpd5r5vfwjmwm4cgy53exe58h7plnecny3t4948yw7zumzp4c,ALPS,10,2021-02-18 15:25:36,c102d5bd46538950b2f77597dff0033181cc0cab43fb866f531f8364408172af,2,3,1,added
pool1qetkrhjs9fll3nthuxk6zp0ssanf3rszg5wh8x79mg67gsg7vjv,CARAT,2,2021-02-18 12:41:23,470742e276efa403e07dd7503d0f907ea332805df68150de40e019420d725d03,1,2,1,added
pool15ngqkccnl4pe35xldrmt6m6q6fcqcnyjvhdac20600gwxdqhr4w,,4,2021-02-18 12:12:50,3309f3239d33eae7702722d094d719ef8125f6b890a01b829523c3018efba24c,1,2,1,added
pool17k4x40zw7x8qyjfdw22m4f73222y5ewge5xdekvmf7eh5mql26m,,5,2021-02-18 12:02:05,91a8fd591b66be99b76d1261f628a8b903f5dff8fe63275e77956bc66cf80db9,2,3,1,added
pool167rklq6c7hj8nt3g880x94pn2wc8kgqx5s8ml988y0qcccr6qsl,MADT,2,2021-02-18 05:27:11,0554e2706b2b3c90c98dda4138c631276e86c74babe0b544abee0d128877cb5d,2,4,2,added
pool1jf4f4kr5f8hg0q5jdns7uplkuuvv4qkewnvx6sdsm3c3zeye5r8,,6,2021-02-17 22:10:51,356d6deb2a8bc3662e2f5455d543cc0be7a8dc377a7a9bad35ff911b4cf0f601,3,2,-1,reduced
pool15j6hdfel6c6zcr8gu39qgp5xkrs264yn9hm8ynhaydjtxvmznxq,ASKP,4,2021-02-17 19:26:19,076651b8d1167f59cda6aea4f85d8b2aafce9579be876879bcf67f26589450fc,1,2,1,added
pool13qze0weztaxl9uje7gjryzs85mwlx0cn9pgdnkdxs3xvu78tsr3,,4,2021-02-17 18:05:54,59bbc3d096ccfc9af852e25bd208ec592dac445d99b8f9319440c8baf63ed293,1,2,1,added
pool183usq53j55v86q3eguw37xaqy67au9n5terk474sevuu6jy7266,,5,2021-02-17 15:40:16,be6eb225ca7070c06f9043eef47f211810e5eaf4d5d0138ae62e28472967b111,2,1,-1,reduced
pool12z39rkzfylvn9wfe8j6x9ucq6g2l4mw4azj70y0gd8ejczznyj3,BRAVO,35,2021-02-17 14:31:30,41339227b2169b8f28d34dfd810a8d22f9dd6eaa05cf8f4d64acca32f06029ee,4,3,-1,reduced
pool1jf4f4kr5f8hg0q5jdns7uplkuuvv4qkewnvx6sdsm3c3zeye5r8,,5,2021-02-17 12:17:27,a38e2bdf325ad1068eb7f1c4b212ecf028733928bd4b49baf5d7a3fab00fbf8e,1,3,2,added
pool1d3gckjrphwytzw2uavgkxskwe08msumzsfj4lxnpcnpks3zjml3,CRFA,2,2021-02-16 21:51:53,13f0ce052ecc52b4fd0cdf14ea33e26bfd1f15597d9fdf42106ec52ac62deb47,1,2,1,added
pool1meljzszklf23y97ka5sjqwasnel50xe5ar68gz70slm0jmt2wxs,MRPHM,8,2021-02-16 16:36:05,bb53792cdbf00fcf12747138af090680b63214648f1c2943cbfad2d3eed76feb,2,4,2,added
pool1a3a9tuqtqr4ptr20aap7weurturzwm9wrfdt73sget23u959cyd,,3,2021-02-16 04:15:32,66e3b3df651da2263247067bff0ca485ae36b08cddef03b60015a9a4b14030f1,1,2,1,added
pool1qa6lqyu67ghpa0evxfu9nzqkj3h82qpfku82ec79zdwru4pd25m,CNODE,2,2021-02-16 02:19:03,36fe02e5182a31a9675f0bc4986cdd59acebf2d05577819cff130fa0abb64801,4,5,1,added
pool1kal8xswwnj473gwva4rnfsh75aqlkr3g709xqr8evkqhw8j7msu,OCEA9,2,2021-02-15 21:38:57,244895db18fb5ef0b9090565e67000387b7c9e694ff5a09392b2302049c87eee,5,6,1,added
pool1xaudqyen24fz02vhu9qa2ry44suzfk8z3lh7sc6qx7c3gpweww2,OCEA7,7,2021-02-15 21:38:41,907ffcd180f21e160dcf8ce6f9de423a0bd5b4a6051215023142c3e19f349bf5,5,6,1,added
pool1ffrre548h22n68ln29xph3qezrag3z8ad0kg8yzu6epds3qr58k,OCEA6,6,2021-02-15 21:38:41,dbc5c7229388bcae86601e42a03276610a2b99e26f59b61bd6424d6ca00ad4fd,5,6,1,added
pool1crgwxc57lulfthck4ks2gzzqtjzmwr2gjvl40x6w950z53raagx,OCEA8,6,2021-02-15 21:38:41,4e012a9b0d74b15ec66057c533815047026826e2373e2ac51a1da5aded76fb38,5,6,1,added
pool1s0cfkzheywsftgwp0yz7sq4rt5gyf7t5kfwj5a269kpxvndjn6q,OCEA5,11,2021-02-15 21:38:11,617ccd2eb30dd589fce2beb3fccfa7a52ec8de50699d793cd5c6cbd33a3e0c6f,5,6,1,added
pool1ell3xjtspzzz4vtsatscan6rheltf7j3hh2s8qsam2h3jvcxzm9,OCEA4,8,2021-02-15 21:19:07,7fee862c7c9882e5eb6b35fb739bc557155e6f7993461de692e229ca626790cc,5,6,1,added
pool1vc8jp7uagxgh8trzx7r260ndcydz89ges8sws05cyv7jj8q8gqs,OCEA3,9,2021-02-15 21:19:07,61dc1a0e26367715d449f74766a8c0a44f7c7ee7902e6474c72147340f0ce25d,5,6,1,added
pool1ctzja2cdwyeqnvehmrlclc5wrn9w9acwklk3acn73jrx56d66vs,OCEA2,7,2021-02-15 21:19:07,8cb8c21b7220ebb03fed065c40b24a4e7e61b52042e9be64055cdd8a4278d3f5,5,6,1,added
pool1zk6uxgptztrxxamzd0ugrtu84xg8mjymd2xcdvxqazpruqt9r3x,OCEA1,8,2021-02-15 21:19:07,9a2197e6736dbe78cbdc39cdfef961924fc4d75b1055ba4cb7cfa4d177ba5d68,5,6,1,added
pool1a2nh3ktswllhwf07fjahpdg5mpqyq7j950pyftq9765r6t4cefl,OCEAN,12,2021-02-15 20:12:25,85a41bdf15e2672af163713f16f40c0c266e06322ea5c7127a7129d49ef2969d,5,6,1,added
pool1ymfwzsxt35g3gdgp67yr688456km59twr78j05e87y94w04tj9m,,4,2021-02-15 17:15:04,502136caa7c9a98e5c34353b3a7bb4467eee57376e410620b26ff4713427d60e,3,2,-1,reduced
pool1ct59zfxfvtv74k3mmukq5faq7kc48wuxrstyxtd02pxluwf6mkh,,4,2021-02-15 12:05:57,109441505254089059e6ffcbd5859654fcb5901af1b61d9e54ba803919562089,2,3,1,added
pool1dj4l8qma9zzqqzhsawdkvxrs7qyqyv70kn56ywdqqazscvcqvva,K9K,6,2021-02-15 02:02:03,292525d551386f84723ce7bf785dfffc1fd31454445a1f10532fe61895b75b8e,1,2,1,added
pool1a4qtpgce7cu6wzc79fx7qrc3938hkl2gf8c2h5jugvm2gnu86l7,,3,2021-02-15 00:10:59,e0cb59474034c90346aa32d85eb152e8586b9c68133bca8976a6a0a216914fea,1,3,2,added
pool1nhstzc6dk7d04k83yfccyrylzewhpd422kall4u6a5ck5c0pw3q,K2P,4,2021-02-14 22:32:56,b56dbf6ce92f9cab6950f497ad3de15ddca439160ff4ecb1383f8a3f45e0cb37,2,3,1,added
pool1g4th3pqfzh4zajzrhlh8y6wpuztrkzxwt5wd7q578894j06gwfc,FEEL,9,2021-02-14 19:56:23,46daff0744c4d7b023a4b3ae3fa30eb68b443d81fc23279d688bac3e1bca2375,2,1,-1,reduced
pool188rwerlxm4se6qzlz7g9mh3zrccuh492ma0wemuuvyf3zgstqy4,,10,2021-02-14 18:27:55,75ee3b2939e0ede85a75254644191a02db17e8ec7da61038e1286bd9fd2834f0,2,1,-1,reduced
pool188rwerlxm4se6qzlz7g9mh3zrccuh492ma0wemuuvyf3zgstqy4,,8,2021-02-14 18:02:38,440c7f7eba67d424a0692bbe853b6631ee9dd85b3252a3ef9df2be2619bda346,1,2,1,added
pool16nnl8ymck6c20x86lfd5p9q3yp9w749cam26y985459ww6kjtz8,ska1,5,2021-02-14 17:58:11,81bf69d9c5df8cfda5d5a056451d5e0e7fd3d61da260ca134c1f8ed715855ac7,2,1,-1,reduced
pool1sr953s548fudyhmfm082xp0mensv2gxzt4qpe466ykw0z3jjzvv,AIR,28,2021-02-14 15:23:45,1addc152aa06d309a967372a848d67a5e356c46e98d9f1be478ef6a2e4dd6e20,2,1,-1,reduced
pool1g58rl2yvgf3ewek4psqjlh77q8z2m9f3rjz4mpf0zemmvrmn0et,,14,2021-02-14 13:50:17,d6d16117539de9893063759807f38eca1ad7a112f3b750a0c4cde9033ac0ee88,4,2,-2,reduced
pool1my7sevxtc4dfvj626q0ujqqukntfa2v0uuydq6wd8x8hvml03rn,POWER,7,2021-02-14 13:39:51,92d11b60f659be8fe714624ff98db780015cdac47f8842dcb6ce823dfe7bc8e7,4,2,-2,reduced
pool1uk2f28awascuhrhuwrp7x6y87x8ch33vwx8jtmrysp7l5ngq78j,POWER,42,2021-02-14 13:38:23,6cccfaceb8346503b74a8017bc5f39fd7caeb93e21cba615dd155b27407fd121,4,2,-2,reduced
pool17dag45ldepvckqdxvvppwdy4w8qczsz0awtutqyj2pzashn3ds2,,6,2021-02-13 21:12:33,d8ab8b1b42ab02cf4f78bfc5a79e6c6b507e58389444e114e723163823b28daa,2,3,1,added
pool1gx0p2l057j7pkrcft7sccvqag5ccyjhrjmc4vhn7g2w366u8ye0,,18,2021-02-13 20:32:00,317ef59278820373aa30019cc3a710b59f49ce07880a15d21ab74683fb27cdc1,1,2,1,added
pool1xyx655q6ch4d99fuewwtkdwjx5tvfr0rzqvmwehm2cpzj7e2wgl,PARIS,13,2021-02-13 10:59:55,1a73d3363df70f035cffec93a8b53c4f84605ad8303de023a406ce5860e38777,3,4,1,added
pool1uk2f28awascuhrhuwrp7x6y87x8ch33vwx8jtmrysp7l5ngq78j,POWER,41,2021-02-12 23:53:59,59defb6fafcf229de3d7277be714d077d2b87054e432c222fb40102c2da4c2d2,2,4,2,added
pool1my7sevxtc4dfvj626q0ujqqukntfa2v0uuydq6wd8x8hvml03rn,POWER,6,2021-02-12 23:50:44,73fe12e79cb6627a979cda21021e1ce418b27b51d912076d7226659be14cf04f,2,4,2,added
pool1dny787kkt067gfl0rts25rlq32v8npc2fmxvg70nkgt66vhp8e0,,5,2021-02-12 20:01:31,afa311794f201eb689738ff8a39fa8276a6603d7b57f203224317facacaddddd,1,3,2,added
pool10p6wd9k0fwk2zqkqnqr8efyr7gms627ujk9dxgk6majskhawr6r,BBHMM,12,2021-02-12 17:04:37,cdb4966881549862c80613c73f7462fb4b7be747522215db2c25d55e9623cf6c,1,2,1,added
pool1kv53mzjwqjp4aw48rczj8vm6hejwfnfwa634czyx5tw5qq3tata,GRC1,8,2021-02-12 16:54:37,b8d2aedb9db5a1e555e663a0719c452c5c5ce6e4056159b20439d493b7620f8b,6,9,3,added
pool1xyx655q6ch4d99fuewwtkdwjx5tvfr0rzqvmwehm2cpzj7e2wgl,PARIS,12,2021-02-12 09:28:11,b7f8bcc6e45c7db835c531cf343508f81f1db848304f16fe18da33b3bf67bded,2,3,1,added
pool1zht8n9qyssc4y2vrqap8acn6jf6jpqktq3tnlu0mkhq5vm8sv2x,KNOW,7,2021-02-11 18:20:57,b603569c671f45dfb5c6cb974af2272f17caf772de500b2391e8c126a6d8d03e,1,2,1,added
pool1y44fkeps7ftnnf495a7grfrwtt7hxcntaenyzu4x4vah5cud0mt,,2,2021-02-10 20:23:11,9d3cf18470acff6d99ebb0b0fd2dd6a0ef28fe97ca62547affd23944e2f27887,1,2,1,added
pool1m72aev9redfms3u6x5qu8405kdxfhdd05zj8qcpwqj8p6cytqpg,,6,2021-02-10 16:23:11,e7a187b34f81857784af922aa1d41716485be68af7063ffc1381785ae2eeb8b3,1,2,1,added
pool1ufp38a9zwlvvrzcyxaxdrvav50nd7az5lyuzh4t0h3qp2gqamsx,CAFE2,2,2021-02-10 13:39:51,f98ec5d9c6135695d8eb89551e5ffc870bad7fa479322856093741be6c7b1ff7,2,3,1,added
pool1ee0lf26d6l5k66sx83zxer7frrmkxqm730fjhuzpscujkuaa6vc,,3,2021-02-09 23:00:37,3cb03b139d983e0a8070b56b1936ad114799709da628d4d478c71dd65874cad1,1,2,1,added
pool1h7yfyd5uty3dn40yqj4hx0yaha6md7uy97sup86xccrpv84xydm,DIYA,4,2021-02-09 15:22:05,a6044de77be4e371296f844cc955a3a1231ffeb8f65d2a79b2ea343cea1bf29f,2,3,1,added
pool18gys2arurr8su3qssvh7vjcn42k5clgrvdxah8mxcg5xquvfu8p,,74,2021-02-09 13:39:42,b6ba2b1d3ef9ca3ae62dc28e652ce65a58cb13fb0c22633b695b2e04e29f6c6b,1,4,3,added
pool1ysf2cvvju686v9uu5w5yel9ssznsqln633y43hyu93xhyghspxs,KODL0,2,2021-02-09 11:23:38,abddda29aca4be3fd4092cc8700c2eb87e392d36b43e02d93e3cc996b04f9639,1,2,1,added
pool1850xvydng5mkjzkwqw6566y7e6hsrgakc3y87jrnqrkrwdjua2p,BITA,2,2021-02-08 11:43:54,0369258cf184dd9b5fc7305fca6313840b5dcb4af641428a594b3e2063dccd33,2,3,1,added
pool1yla5xge99yeddrcts0ya9n66k3x2vrcachnnmzu2vqqjzm6fw3k,,8,2021-02-08 01:27:16,fc7bfd028b3d001a39b6d85f3ce5d04ca6473262197ed4636ed4cae569bdab0d,4,5,1,added
pool1mmrdxw97yt9q22yaece43h7em2fhsgumrww7za9jdwt9xraehp4,,6,2021-02-07 17:51:29,40ff914f04ae5d2ea6cf06027561a63e13d8b03f2bb6c2204735488e7a9e7ec9,1,2,1,added
pool12vv4c6z7yf8j4m2amzej4j8tn2d4dxklqk5nqztz7wl02gratjp,RETIR,15,2021-02-07 13:57:42,1686c566dc6a0c58fd0a5f14339986e48039f24a31156c450762dbbc2f992165,3,1,-2,reduced
pool1uautzneywzapn03te7q3sd737xdfejgjlu4mdfjz7mweq92dugg,RETIR,14,2021-02-07 13:53:25,d315ea108dc512ba3794d039128ddea98c3e4130cd17062f527093cb638ae830,3,1,-2,reduced
pool1ekcsyzwexl7p2kwxxh34hy28l6772vrmff7jwmuxsa6u6fzty9z,ADALO,24,2021-02-07 13:50:18,9b42372d1cbeb7684c52e76d7deb166d139ed5cab1df26adc60f84d304ccbfda,3,1,-2,reduced
pool1p7x98437an7p6c7jf9zdkd0ekmw077q4a3c3r3lazxr0ccgf5vp,,5,2021-02-07 11:33:39,334f6524457393ff6142b29f9926d6bf7249c115604e83b34488e3a90e4a7f11,1,2,1,added
pool1kv53mzjwqjp4aw48rczj8vm6hejwfnfwa634czyx5tw5qq3tata,GRC1,7,2021-02-07 09:02:25,ae2180d27ed5e6ab830fc074f64f0a4a8933e11337b24a6a38aac8865c13f838,4,6,2,added
pool1mltwh4elef39dkuuz058lgfuvx79c5wcnz3szau3arhsyq22ace,PARTY,2,2021-02-07 06:55:09,5c4a08f676bb9fe6727d2450f747c755586dec1918eae5ac70107809eaa3111e,1,11,10,added
pool18f5d53qv77aawudfthjp8gk9cvg836aevzjf2ywfrm26wc0vcrs,,3,2021-02-07 01:17:28,4ececefd533d74c9c52cff515eb06ecc2fb3654dddacdd07e1faa694d54e4862,0,1,1,added
pool16mdx8j46kf7cezpmgt6pwhamd49qunfnr20wnj6ukgp2spam082,,6,2021-02-06 21:16:18,9a6082b876c1f75d7601780bc190eb0634cac1afa0c3544e89ce4ba654f3b979,1,2,1,added
pool1grja4t9cne39v5u4g9aw0qujmm5mpnxqpshqy5lnqv0ezdkyglk,,7,2021-02-06 10:41:23,82c4f1618664762e16f3989da6b032e1767f6b0f1d71540ed7d63cecba3a3fbb,4,5,1,added
pool1esalxy6na9c4gz3gfwma5vx04tztp4qn3cpmhhu9qylv56pdsa3,,9,2021-02-05 09:15:03,a75720dec91c2c4a32e0e7d33f27eeb99f0b50eca83b69a3da46b717d0f7884a,1,2,1,added
pool1esalxy6na9c4gz3gfwma5vx04tztp4qn3cpmhhu9qylv56pdsa3,,8,2021-02-05 07:47:52,f710a3403f7951792c9d7bb9d43410b4f549a994da9708d050934e3fc519a0eb,2,1,-1,reduced
pool1ytszp582dm9u5un6mevt9czgcnuqhflwfr9ly4ukpeqcughryqh,LEGA,2,2021-02-04 21:21:37,2a72a43c5897a52374224c74f812de990ae1d5c0bb564f6f0829ed7c996d8a41,2,5,3,added
pool1xdgzul0qespnz56zzrckwf4hcryyql9ypc4tya2dlu9a22h43ag,BIKES,2,2021-02-04 21:11:50,363bba66a3b761fa70485e5dc314be28f51acfa504e533ce04b47e75fcae13a5,3,1,-2,reduced
pool1g637quu9s4v8e30s8y2jg8zfejsne9s8mg985q62y8jfu4khtqg,,3,2021-02-04 19:58:41,21377a658cfbc1325e226f34a5fa54a866eae6298794bb56d9f174f737963af0,4,3,-1,reduced
pool1mmrdxw97yt9q22yaece43h7em2fhsgumrww7za9jdwt9xraehp4,,4,2021-02-04 18:46:36,03f3fee2d83de7c54a484c2474eb975605364316dc4aceba0a287f97d97b8f2b,2,1,-1,reduced
pool1d70vllztcsgx3ku8h5vnukzz2a7lpzjxfjmuqqvxtj9kq27hygs,LIV,3,2021-02-04 17:13:14,7fa89363220bad650e9eb2549172d54320967f241b371d0366f01bfe7d468e07,1,2,1,added
pool1esalxy6na9c4gz3gfwma5vx04tztp4qn3cpmhhu9qylv56pdsa3,,7,2021-02-04 11:01:46,3a83a34d1f6938c7046a4c45664299d68a97df58aa9b45727284a0341b722296,1,2,1,added
pool1h3aejp7fln74mwaraqjn65ve3j5zwqr7wk0pasct87wpkv0aspm,BEAST,3,2021-02-04 00:13:29,3ff786e23845c3cfb0de61b7ff80c3e02f448e622e0802af017a9b265dbed884,0,1,1,added
pool1ct59zfxfvtv74k3mmukq5faq7kc48wuxrstyxtd02pxluwf6mkh,,2,2021-02-03 19:03:04,a5f3698ee6a10a7ecef0e24b46e93e3e819124536e260b76235b127385377ad6,1,2,1,added
pool18f5d53qv77aawudfthjp8gk9cvg836aevzjf2ywfrm26wc0vcrs,,2,2021-02-03 18:03:44,ec90686d7ee864e46bcd6f04d890f4f97ea11a2eb9285fa935ca00746e1ec8fc,1,0,-1,removed_all
pool1fc3m8hdjj76n6llxextpc60tt63w5ygwgvf2ekzr3k222kxxdkg,BUNNY,3,2021-02-03 16:55:09,bd31a5e1e4f0c70750ef7fea2605e2e46f7e680494e2a76634cc6cda940d6b03,2,0,-2,removed_all
pool1g6upyd4arya05v0th9z80ms9k7lvmm53f3nn7qkgph7fwzat896,,2,2021-02-03 10:57:45,1cbf7f8781ac1b38568cc1b7372d9952e261c86e49a3d7ebccddb13905c5131e,4,5,1,added
pool19asxjgd6ah9ddzauwede4wpt9vsp6s4ax5nz297wt47evc9sn7z,,17,2021-02-03 02:34:34,f5330615eff1196b5b4f23c169454f4f14312664e8fa4c655fef8a3948a4bae6,1,3,2,added
pool16pg8zc9zxxfjksquvjs6ljxuy8ng9xf79ekqekap98a8wjzuttg,,5,2021-02-03 01:52:54,b48439025b647e71babfe61e0b369f1444066e2d6245a23198200492b57b107d,1,2,1,added
pool1ews5ryrhl5az8egrvun68x2wdhgvthxjtx7m380ksc6rzxkqz2f,,8,2021-02-03 00:04:02,ae0de026361cd4bcabd9fb9ad68634819c7681acf8aba20eb74639313338f16f,3,1,-2,reduced
pool1x3xwc9azttgda9e9pvd0fn4xlt2eqlsvuctv37gggz4q6e6fjkk,LIFE,13,2021-02-02 22:49:28,aa85959dd463914174769cdf8d44ba85f132bc7a1ebc6869f3afc14a40b343f1,3,4,1,added
pool1s7eglqwzl84xgvpr4pptylcgqhkjr4xk8d6y3k22plu3sagms25,SANP,6,2021-02-02 13:44:37,168931fd9f948652ea93c50067cb7db4a241ac3ea3c4a4a49bc3db59be5864d5,1,2,1,added
pool1j8355yxxpfuhqyda4lrj8c9cdghaang3wvwge8jq8nlxurvfqv7,LvLUp,4,2021-02-01 02:34:23,f6263dc34fe81fd0a7d44b096211f14b0eba7d63624ab8f4e89c5dac6ec41105,1,2,1,added
pool1rqgf6qd0p3wyf9dxf2w7qcddvgg4vu56l35ez2xqemhqun2gn7y,HADA,7,2021-02-01 02:25:29,3a40adbf6e8e6941cdc1fc3369aa7b465a062940e77ec2c6ace59d0fd31070d2,1,3,2,added
pool19f6guwy97mmnxg9dz65rxyj8hq07qxud886hamyu4fgfz7dj9gl,BERRY,6,2021-01-31 22:19:18,b728b407ca6105e32284bd065995f78ba60ff83ba4b36592e9f1d4745f19c7f2,1,4,3,added
pool1k0ucs0fau2vhr3p7qh7mnpfgrllwwda7petxjz2gzzaxkyp8f88,POLY,12,2021-01-31 22:00:24,b4e8af86c4e1dc8ff570db4943d6f5bc1d8cece9ad788574f61ddc25b1b43ae2,6,4,-2,reduced
pool1qzlw76zztkg02rywyypyw6s0gtkg2zpkaxhl6cq7eauqg8h9659,BCSH6,2,2021-01-31 17:19:28,a4f3291a52d9746f4eda63850f414b7812ae903ace938ce4f35aea2c90b73766,0,1,1,added
pool1qzlw756y0z6ehg9jkerrfrydr7qlvzl5pgset33h3h2akst593a,BCSH5,2,2021-01-31 17:13:59,160e57a20ac692882b07fd1864f7f6f0baee0b0821f24db6fe22ea84e8377556,0,1,1,added
pool1qzlw7den2mlj0fmm65g0fnf46vyhzkhmdaf0f8v3s6skuue6rlk,BCSH4,2,2021-01-31 17:13:28,270402a5c64661464c967aab572eeac2df100959e588d56ce1bfaf80ab11c88b,0,1,1,added
pool1qzlw7pfxtp5xjxe9jv9ntmzqhmdav46c7ylf7ycra2qmctqgr2h,BCSH3,2,2021-01-31 17:12:19,4af41b164fb99665cef3580ab245bb61ef01ed5ecdb95fb0de6c24a0977b64b3,0,1,1,added
pool1dhxeyc86s34zly5nsgylra8xc5tajdch59tg2dkzc5782qpmhv3,DSRPT,2,2021-01-31 17:11:31,499fc1a717b6af208dde4fa4da21201fef09e50b10e44b43366af2aa68b40885,0,1,1,added
pool1uy2z02pn4lczk7p2plvnkzrmltxmqs2t04d9ghx5t0vw6e4t0qn,AMSNL,8,2021-01-31 13:49:35,57deb89a564d70a35db4b6fbcfda3e9f6651db827d2cc44387dffa9493e9b2e5,4,5,1,added
pool1qqq6qqa0hpzvumv5p87ynczfmdj557xuwlc3289ke42g72z7f74,AHL,10,2021-01-31 11:17:52,0c0240739347f30839958891b8ce42d17a6ce322d4783526845b92dd91a857bd,2,3,1,added
pool1qqq6qpcq3tvnqzy7r03dush0qk9vrr88v85d6fj3ws9h5zj0h8w,AHL,4,2021-01-31 11:07:14,5711237f12be56030687d21fe86e8c5eebcdafd90c51efd1df3771000a9c4a41,2,3,1,added
pool1kv53mzjwqjp4aw48rczj8vm6hejwfnfwa634czyx5tw5qq3tata,GRC1,6,2021-01-31 10:34:17,83873e9d2f59c2dd2c051023ce5e9ec0ffadbb6b0a257728d379d49ecbd52672,2,4,2,added
pool1h7yfyd5uty3dn40yqj4hx0yaha6md7uy97sup86xccrpv84xydm,DIYA,3,2021-01-31 06:55:56,099afa03c4be120b8a9b29caee5ba6f8ce13bad9d62b30e11b19d313cee2c846,1,2,1,added
pool1wese6np3cptssf8rd8gn49259dj7u225dujj07tqgtnqytgp6xx,,7,2021-01-31 02:46:14,5c35aa1d6d0ba28c105a99cc926b0357431e63e2b143ce1be140750acd120709,1,2,1,added
pool1k6altfangsst2mmxg8a9wvg3dppyszu8ckfzd3uv6azgw3z2txy,ELITE,8,2021-01-31 02:15:29,dfcd59e26db1adf99a356f980ef4a8647fcba04535011b0adf67a47a4cb157ed,2,4,2,added
pool1qwa8x4u4a2pff0xdv0haxpgk3tyrvl5adl2lpf3ztcftqruhea0,ELITE,18,2021-01-31 02:11:23,d726cd9cd9567801062025e227e2c6e7ad30f43a344af0cd7a66f5d66ede4f1c,2,4,2,added
pool1p0xjqgxu29kulxusvhtal2julsr6fyy9p5xj4fjqgtjyxnus9p0,,2,2021-01-31 01:17:21,bc503a3a94da34de48a0728a70257c323cf5fe2ca4fc25e19dfdc693b377a2af,1,2,1,added
pool1jg3fmnmc9n52sgzslhhvhye5e3xeqmrwkekdhh82sma47r47zg0,NUFI3,3,2021-01-27 13:11:02,d0c0cf4c75b0b2ca52278b6664af4ddda8fe8eb6579b399e07189778a17f0d7a,1,4,3,added
pool1ecvcst7k9eul4ggnljh0jw2s5nc2tyfmyzsx3xg3kmmz6ptgfwj,NUFI2,3,2021-01-27 13:05:03,8ca3aea75d76f158af6d5e9aacaae52a44c59174ccc5bf58d9b4bd28785d2534,1,4,3,added
pool1qnrqc7zpwye2r9wtkayh2dryvfqs7unp99f2039duljrsaffq5c,NUFI,2,2021-01-27 12:50:32,74518dbea2017abf0978e9ab9865dd431e2bc0c50111f869cb2d9656f4bfa7ac,1,4,3,added
pool1vc3tk2s8xe5kvtldpmlhkgjnnt6nkllevyyszevapg0qwn0ch29,,8,2021-01-26 12:34:07,1c3192bb9221717e0c79c00fa4ce502ffb71a251c978ec642aec1ce0bfd2cd1f,3,1,-2,reduced
pool1zj4h7kc6v53q9r8x3fwzfuayf2frwme8u5k86gu0uzeeuvqxgul,CHEEK,2,2021-01-26 05:52:01,e16ac28462b12ff1426f7756f96f385c215e6822e3a88da22e34a6326e327a99,1,2,1,added
pool1tc0g4htxvzvg2z5c25ffq5ycukn9hjh3el5dzy767za2gukckee,AMSC1,9,2021-01-25 21:09:08,921a3bf99b9ad1d13a88e473baa37731be33add9b3404661e557204c3a88cbb8,4,3,-1,reduced
pool1whmm0hkxunyhxsr6dfjpx2tpvd05qhev820lx9vcmvqa5wjc6nh,1COMM,11,2021-01-25 20:28:04,713ea295c38023219d285dd4aabbb9aec53655139a3668eb814acf486e628526,2,4,2,added
pool1aasrxs9vpr97rjlqqwpp5gnju9tp9dgtsmqqvmsy8hryuuepvra,NEP,8,2021-01-25 19:21:36,5578bccc57b3f2153bacd960fa521ce7e29226896cf2506a1d574094c9db48a5,1,2,1,added
pool1whmm0hkxunyhxsr6dfjpx2tpvd05qhev820lx9vcmvqa5wjc6nh,1COMM,10,2021-01-25 19:17:58,7fcd8b9a3f9fc6f8e0a559348572aa1b171cde06d18a0a7986c3da3430b3b45d,4,2,-2,reduced
pool1378u3xd5h393n0dwqszfw4dmen5vlmnm2fsdczd3v92n6dlw6qm,FIRE,9,2021-01-25 15:27:28,3d88fb54b7c091c0bba243d97c41280103614c1a16382df8d5e39a57e368b574,3,2,-1,reduced
pool1ul0t4hjnnhz4wgaghaa7hur77l7gp0akagmjx40r0kn8ct00vl5,THNKS,9,2021-01-25 09:56:15,e5284c443fe53a9a38fdfd823bbcf34a4603b0acca39008dd37ba707ef5458a6,3,2,-1,reduced
pool14yct4lltf2md86fm8xns78ttta0ey2a2m8j0vxx69pds2mzmhvq,,16,2021-01-24 04:11:59,be3a89169154dc2b29f804184a6c3950db3af8a2088730d8243e477410fa1aff,5,4,-1,reduced
pool1g637quu9s4v8e30s8y2jg8zfejsne9s8mg985q62y8jfu4khtqg,,2,2021-01-23 20:04:45,c47f2cc0c3bf01686fa92937da0d5d9063b66f182669e789829cb6596f99bcb1,2,4,2,added
pool1whmm0hkxunyhxsr6dfjpx2tpvd05qhev820lx9vcmvqa5wjc6nh,1COMM,9,2021-01-23 02:28:12,60c9ebdb9f15c405b9028a5b29ea22d3bfcbd61d7df4ef042ea6af365276f9e0,2,4,2,added
pool1m4enp55hp80tf6xl7k6f6593wnyu3pr83xfvef9x3ktdw9m0em5,AZUR2,2,2021-01-22 17:01:07,52a4e081c645fdc8754dbe628cf74d2245dd399cd4e467a2ac0996c69fd04e9f,1,2,1,added
pool1lhz4gsk5ezdl5s4mv2kxgrkhzzhad6me2v0xmwuyt845vensdlc,SECUR,6,2021-01-21 08:24:24,b262570995a307ea242b5db918a30b3ed51f930596a57f588bb7f2bf4a291598,1,2,1,added
pool1cpzz6aqljgk97ks728xa76wqg96kj79ndc3gasx7kdnr74wrk70,7CS,11,2021-01-19 19:54:35,ec03b4600f20d9ecf6c3d0c740ada52e40de265ad8ec6283ca97bfae6c07f666,4,1,-3,reduced
pool1vc3tk2s8xe5kvtldpmlhkgjnnt6nkllevyyszevapg0qwn0ch29,,7,2021-01-19 15:13:44,ac26bd5546d5be57ce7697a0dd449e2393ea8fc03117d1580c023684fe32bbd8,1,3,2,added
pool1r55hyfrd3tw6nzpkvf4rfceh2f04yph92fc462phnd0akp2s5r6,COFFE,14,2021-01-19 11:34:51,372a50d5588b06e76a6c8c95fb974b306abf84a8f05be0df0248dd9f0365a8bd,2,4,2,added
pool1c2utlagkpht4zj0jetsf245c258geuxnjqp9kf4f2z9rutx9dz4,QCPOL,2,2021-01-19 01:02:37,d3e6313f5886316806af0ce7bec46869831dc13a2f5e81416812d488ee407955,2,3,1,added
pool1g79uyzvt9mm3z7jdcxnp36n4egm4z6l8c6n9l2mk8ae2yf5zman,ABC,5,2021-01-18 13:51:31,55585053d0bce2f97f56e50b73bda8af6405322c1451c763aac6750ced6b96aa,2,3,1,added
pool10ysem79xjxd223plxqws0fheawd78znr3qs4h2h422gmxa40amu,LUCY,4,2021-01-18 13:12:59,e25fa1e1f84ed6c978f0f53749f6ae7d9161c9e7ee777112e86b994918cbeb80,1,2,1,added
pool1v99msed3jqh4fd2qyzdn0t2qfmh3mv2cnfweatl85mdhz6l0ewc,SUNO,5,2021-01-17 18:25:20,432b56047bcaf8345fcbdfcd991c2caadc615d24ccf275128ed2a55ea58e3027,4,2,-2,reduced
pool1wnshjhwqv9j7fgd4tkynpsqr0xczns4pghljy5j4z4qjj7qy4d4,GXY,6,2021-01-17 18:03:02,c27b0ad808ee8af2565c74aeb34413821ba63aad4f81432f8de59dca740a9204,3,2,-1,reduced
pool1ksh2u6kktx74ugv8jadrdqttwyjz9074ke82xt6j0qgfvdn43a5,MILKY,7,2021-01-17 17:29:17,d74a7a8ce9836563be7f7f5d224eee42e7ab592d4ca812c83a1d93d20a23fb16,3,2,-1,reduced
pool1v4xevkf7fx08pzy7atsk59dds6p0sdyl6xmhwf4mh79x6l5p6kx,DIVY,20,2021-01-17 13:16:05,de399d0a1409ae35cf193d85b77b22e20ad345dbada3613936c2ffbe86a141da,3,2,-1,reduced
pool1a5njhrg4s74vgynnae0hht04wgmcf75kwen3676jhrr5v3s8ecq,MARLN,10,2021-01-16 08:11:13,1b36aeffc5025aa36f44a23ec69b5fff2d77738fd38ab1ed58babc2fb27cbbd0,2,1,-1,reduced
pool1eqc4jwuez8yyerwlyjwenh99dlvmn6t6n3qjym70ulf5u8xr6lq,VOLVO,11,2021-01-15 20:19:26,94408dbd77f61600fa9c608d2d2a5afd51fda342f3e9f66a172505f96613f510,3,2,-1,reduced
pool1x688lcv2xedw5upej6079gs7uk3dcru9cxm29sttlf86q4wkh57,,11,2021-01-15 07:41:01,9a9696bec6748830e8568604b319f98b670cbba8d440195eb519c7b74335bea7,1,2,1,added
pool1x688lcv2xedw5upej6079gs7uk3dcru9cxm29sttlf86q4wkh57,,10,2021-01-15 07:37:40,f59b1f2a370bd3c51792f9b623acc6eb8a29f2d853cc9a1b8e43c8c40e83b2e0,2,1,-1,reduced
pool1rqgf6qd0p3wyf9dxf2w7qcddvgg4vu56l35ez2xqemhqun2gn7y,HADA,6,2021-01-14 02:32:31,5b5975b5efcf050d293d5a97c8bbf6915eb4ea511dbe1cb7047dd6c38a491d69,2,1,-1,reduced
pool1qqq0c53vaf5ju0n3fvujmyxwca0yhp65930evw9lngmr5705csz,ANP,4,2021-01-14 00:14:33,5938759f73e848f31101992bc9db3321c148cd1c72b4b55500b351183667a41c,1,2,1,added
pool1ddg6t2h9kj6lqlec4ncjs945lzj43m3ggrgdhf5sgzhtygpkznz,FAIR,15,2021-01-13 18:30:29,016386c443cb5a0059a240b061c9cc7b3b63a657c3b553f66d74bf24c7ba0f43,2,3,1,added
pool1wsnn5e6wfq28eqg3u74v8tnzzwxw9sfl2upqj83c78eecqtl5d7,,4,2021-01-13 14:43:48,679495662d56b9b21203e7f6d597a5bf3e529c96dc2e5ca47a5caeb1f20a021f,1,2,1,added
pool1rcd7qslz3xnpnk9u6tcwegy5r2574uf8suqu24ptg637jha3sr5,NINI,6,2021-01-13 14:26:53,e1b6149d3e0d1422add669c6a9305b8d29f799ef7ed5887d32bdf2dc69f473cb,1,2,1,added
pool17fge0jukcp0vqwu0chh3jh4g0emt4rat8vxucrx5n8s5qz6fegp,TRADA,5,2021-01-13 07:23:52,f0b4409bbd712c4836c09e32c0a764f27eb5ba13ee7915aac601821f6d95d60a,3,2,-1,reduced
pool15ye3lm5r2wd2taualxz5hxp2gqsdp9aptperx4xzj3tv74n36yj,,4,2021-01-12 11:31:50,bc7496f7866e81b65dfae1203f1980490f55e28c97747857e82581de52e48df6,1,2,1,added
pool1kv53mzjwqjp4aw48rczj8vm6hejwfnfwa634czyx5tw5qq3tata,GRC1,2,2021-01-12 09:49:45,6f78026dba5c3c35dd243bb0f3bed7637f86a024b3e1e803a0e7c30fecd846ca,1,2,1,added
pool17fge0jukcp0vqwu0chh3jh4g0emt4rat8vxucrx5n8s5qz6fegp,TRADA,4,2021-01-12 02:46:03,92e38139b2ea91923f0c08593d1caf96885c3fc19004c56ee6d813f004e5169d,1,3,2,added
pool1x3xwc9azttgda9e9pvd0fn4xlt2eqlsvuctv37gggz4q6e6fjkk,LIFE,10,2021-01-11 19:43:52,3e658cd1156bada2e51986cc2f77f17889a67e14dc5e3f0858b3603869aac7d7,1,3,2,added
pool1vc3tk2s8xe5kvtldpmlhkgjnnt6nkllevyyszevapg0qwn0ch29,,6,2021-01-11 11:42:51,89bf5e962a75e3033a1fa16eacffe770050b86d901a511fe67be5a283ad768cf,3,1,-2,reduced
pool1c89d4drtwn0048mekkdkzllz559ahnntxelyw2mppxnmc36hjlx,CLIO1,4,2021-01-10 20:24:58,1243db764e42a3ec89d815d96bcf7242bfd2837d54f3047f2b5abacd7e52345d,2,4,2,added
pool17rjst78s67lvellg8s586rf076jxa3wnsdz730f4xk2zwuhrtej,NORTH,3,2021-01-10 19:26:41,976d42c955364f990fd4e676a3b2e3bf84cb3b3131a09420cedb82309bae2689,2,3,1,added
pool13wwxqu7sj9cunca3gc8lunqtz8e5un9phrhq52870ful6jw6usm,,3,2021-01-10 16:34:50,816bc6992f9008751a7c0f1566e9f984dc0a0dce207dab291281933911cfb4d5,4,3,-1,reduced
pool1f5ml07llzd2ndk5mrdl0gvtkkaq72v2hxusla795ksnms4tae66,ADABP,4,2021-01-10 14:08:13,d9888c72dc934c6bf6cbaffb42af6a87b44f9eb40205caa86022fb33f97c9974,3,2,-1,reduced
pool1xjhzgchsl2ccvc5pj3aqytv9hh0jnaz63wtfnw4th07tjypm46x,SECUR,3,2021-01-10 09:30:40,dab23adac36062247d1a0f78c6ca7ed7ba86c7089c855e476c425a2e85682295,1,2,1,added
pool1xx3wxlhxu2l8qcvdvealhsry8r0ge966lmpp45ztkte77lx3qq0,,4,2021-01-10 07:11:55,dbc9311feb5d78447f05b80fe3fbbbd0ac5b5d898418e7efa5528e1ed2a9dc8a,2,3,1,added
pool1g79uyzvt9mm3z7jdcxnp36n4egm4z6l8c6n9l2mk8ae2yf5zman,ABC,2,2021-01-09 23:05:49,3951e831377055be037ebcf1e8c17a2130d13adcfc88da7bae2ee0b08e88046b,1,2,1,added
pool14d9malnn8pmyjfr3fagp8k6a04mavehffa9mh5c852ny53krcfl,,5,2021-01-09 20:40:24,4150a2abdf0de5a59d54dbee2b333001632607b5ba4e46ddda15b1d9f598517f,1,2,1,added
pool1a734a2f7kex3t9vh6f7rv7j554w4s0tgw324hkngeufsv92gzct,,9,2021-01-09 16:08:46,ce8b768598bcae36ba3e691ef56eaa942166939ec0151e0d4a160c2fda1537cf,2,1,-1,reduced
pool1heks0vmxkfka2amg9c8yn8qdsxvgmzelfx6jhpfkj8ht5mn0r2m,ADA,34,2021-01-09 03:43:55,6a984bb5645cb6d73da224be4e35ffa56c83434051217ad652bc16f18b8add54,15,14,-1,reduced
pool1hxz3fwmu3l5wl2n8vtt2aqg66tam0qm98aa0r2ap9w3qzla06xk,TREES,2,2021-01-08 13:59:01,8b59db465bbc8579413225ad02effad9151c13e02cb2006692db7f92a55e5adc,1,2,1,added
pool1980svf2cxnfy66s5jgjv7y22xud75z9kfe6n0c3y54s62w56435,HYPE,9,2021-01-08 11:03:38,df5c5310f53b2f61dfddee69e0257608244ed109e1d15c7f49356533fad53956,2,3,1,added
pool1f5ml07llzd2ndk5mrdl0gvtkkaq72v2hxusla795ksnms4tae66,ADABP,2,2021-01-08 01:38:23,d2b0c8bf46c4d6d131263099a53cafb965e5b640cadc2ee0a741502cad647eab,1,3,2,added
pool1h290edu6y50y09ulac7t6krculahk9fjwzvx4hqeqc7l2ruttku,,8,2021-01-07 20:36:32,d06042f1ea88b653f401a654f0169fb9dc4687e2a4186a32ca6cbf7376b02f32,2,4,2,added
pool12rkpcc250wh03m74lvaqhnj8t89umae2v22gqg5rf470yhg6l4v,GOSLO,4,2021-01-07 19:31:25,f19b3e6dd05ce4522a390625b4880ecc1859334409055d00fde04f9af9de9df1,1,2,1,added
pool18n7gadrjk8ul8syhstgpeajd59f4m78e8ktrxh9m0fa5j6x8lty,,2,2021-01-07 15:06:29,28f5f48b9132041a4f123ae0c305bb109b4167b34abaf1ae101e08d3ae85b71f,1,2,1,added
pool1lp9wmr8dkcceta5we999nvlfh9um06cd6sggtt5523eawf7mtg4,YYG,9,2021-01-07 07:37:08,1ae58fe610e447c66ffd1ea0262e19ed29a58169e780611ef4b63cc551412acd,1,2,1,added
pool1ccr56kt2f5tzjvztlkf8zhkpvaawkduwfye8ydsk646lz0m4h5x,APOLO,3,2021-01-06 16:38:11,e2290a0f5c1898617cf7bd33ec27448582d6669e976581035161323a159a1a7f,2,1,-1,reduced
pool1fc3m8hdjj76n6llxextpc60tt63w5ygwgvf2ekzr3k222kxxdkg,BUNNY,2,2021-01-06 16:32:57,8d86b35622478ce9c006c0c2017071a5232b177a38522ddb798766db8a70801b,1,2,1,added
pool1qwa8x4u4a2pff0xdv0haxpgk3tyrvl5adl2lpf3ztcftqruhea0,ELITE,17,2021-01-05 21:03:49,76b3c892de406627b81672cd3242b3f9c1fad7216adeadaa1f1fa08570a71910,1,2,1,added
pool1k6altfangsst2mmxg8a9wvg3dppyszu8ckfzd3uv6azgw3z2txy,ELITE,7,2021-01-05 20:46:31,ad91ca50fcf4779ba35bc051db6eeb72012dfe4ec32526a8c56b8ed15639525b,1,2,1,added
pool1c3ecg6h4m73a2mftmdm9mz3gxklxmnzuwzl9e38lzd4y26qcm8a,COSMC,2,2021-01-05 19:25:48,aa88f520dda7dc051cef06ac17d88b509e4418854e30b0af472193be31e3aada,1,2,1,added
pool13z7wkesw6fm7r2ea7pwuuqc968d0rd620t47sfyqg2c0v0k67ak,,7,2021-01-04 21:26:16,d3699bb759f86a15e52ea6962179cc40f9844981996320a30a1707f1edc35731,2,1,-1,reduced
pool13z7wkesw6fm7r2ea7pwuuqc968d0rd620t47sfyqg2c0v0k67ak,,6,2021-01-04 21:02:33,100aa47717d8a6d93337f64e901b3e9e20cc34bcc8580c14d5a34575a79e59bc,3,2,-1,reduced
pool1g4th3pqfzh4zajzrhlh8y6wpuztrkzxwt5wd7q578894j06gwfc,FEEL,4,2021-01-03 19:02:08,6dc2ea1198346b8048ddd27645fdf07ea33b2855f041a942d15101627c8423c2,1,2,1,added
pool1rvjj8cp3urh7de07pm0ceqha2x4lxws69lhd4429dm6djfjsy4l,DINO,34,2021-01-03 14:34:58,4b19bb97a746943e9460839854a141c4436352aa9fea9d31a9f87b9e1b92c0e8,3,2,-1,reduced
pool1rvjj8cp3urh7de07pm0ceqha2x4lxws69lhd4429dm6djfjsy4l,DINO,33,2021-01-03 01:55:45,eef1bbb4a792e35fcbc368e707f10b1fc07a945cf04c39907b77973dbe8d18d9,2,3,1,added
pool1rvjj8cp3urh7de07pm0ceqha2x4lxws69lhd4429dm6djfjsy4l,DINO,31,2021-01-02 14:37:18,ab289488d62e94a47dc622249d21e54dffdafe92ccb6ccbb539fb7b9dcd6ccc6,3,2,-1,reduced
pool1akt37u42nfegyf3atv6c3c64da7dwa9grt9kjxa8zwj9qr4y8u2,LAMP,5,2021-01-02 14:05:41,ca366cd5f04017753f5cb9e4b293b4fc2b240e421ed22ddbddba8c7de64dc258,1,3,2,added
pool1cn0dqtplwf67fds40hgkf0u5rm4q4azev5qutmgkw5hdyvue2ue,NEDS2,26,2021-01-02 04:20:16,4ef18327401c6672a13fc262c8a45f812ca219700c4967fa5dc42fab78646fec,3,2,-1,reduced
pool1qfxukshs4fkcrflzdnxa2fdza5lfvew3y6echg8ckaa4q8m5hyf,NEDS1,23,2021-01-02 04:19:06,c8b55b68f95e12cb6c1045a893f16ebed3405ddd14ed2347ec19ee24e1b3aeab,3,2,-1,reduced
pool1pnsk7v8a4eyn9qtqev7k3clazzw2s66cpa850zprqlu5x5eqtuw,LKBH,4,2021-01-02 02:45:28,39f4aa6dc5858fd253f7292825baf5b9fdfc017f0223395a2ea72fb1469a73b2,1,2,1,added
pool1rvjj8cp3urh7de07pm0ceqha2x4lxws69lhd4429dm6djfjsy4l,DINO,30,2021-01-02 01:49:06,27df5b41af774b7a6edcc4214219776b5f6068bb0ff6f24d9793be47489ee1bb,2,3,1,added
pool12t3zmafwjqms7cuun86uwc8se4na07r3e5xswe86u37djr5f0lx,NORTH,15,2021-01-01 21:10:29,6655ea460c09f8e088df49cf742ecd711780b1ba5d4e96d56545fd838e3d0644,4,3,-1,reduced
pool1hwlghkwnjsjk8370qt3dvp23d7urwm36f95fmxcz3np2kghknj9,PEGA,7,2021-01-01 20:42:58,f71356ebd2975af864fbd3109819ce0feae9d3731e554b05317ce27ed96f9a69,5,2,-3,reduced
pool1xytvsd9qnvqxpthh9p8k85e823trvn3npxeur8kr9zhkqz5uls9,ADV,21,2021-01-01 20:15:53,c743758da17208247b540477a9f1b85be5d8d1d43636ed16f93862f975a2fe70,2,4,2,added
pool1zug38qs8r3ggmzqnqmyxkz34zy3gc9uw3pn59g5gfjwcxdskxjf,VERSE,11,2021-01-01 16:53:02,b236765fb0b2a72fa1bf97d1052e54db6c87af8ccde953b0b2acb00b9ff4feef,5,4,-1,reduced
pool18vej0s9gska8c847aj95g9v24duuxg2g63d5cuqngnxew643jw9,ADV2,7,2021-01-01 12:18:44,4255da5af60aa7fe94ea000ce82d6020580b101b30055a1c22d043ea791a12dd,2,4,2,added
pool1fjr37r8npjd4gfq8v3rujnly7l763nj8shz5tywjysxpjmhm8c9,,3,2020-12-31 18:10:16,7f226c4cb5d1f35d1ef4a5a5ab1c4cde6b8b208bc14992f5aaef652a155efe92,2,1,-1,reduced
pool13z7wkesw6fm7r2ea7pwuuqc968d0rd620t47sfyqg2c0v0k67ak,,4,2020-12-31 01:23:25,325aa5e997be75d2c0d80fd1912c93e38cf7b6b7bd5f9a4268b81e31b75ae61c,4,3,-1,reduced
pool13z7wkesw6fm7r2ea7pwuuqc968d0rd620t47sfyqg2c0v0k67ak,,3,2020-12-30 23:23:30,7466fb4b4812d9f653574d8ffadb5ff462e11ed35c1f3dadcab2703f89c088b7,2,4,2,added
pool127gdv243hfcrapslaqq0nnh64u2gts72gtrt4888g6g2z0zsu64,TTS17,13,2020-12-30 22:20:41,9d80aa9dec4d53d354729546ac73ee1f0f4f42da9bc993d536761be4affc690c,1,2,1,added
pool1lurfk0k0wwx54hlg8a7zp3jtstu57u59aeq7aketl55hknmmtu0,TNTM,9,2020-12-30 08:09:38,36bf98908543525e405b2e2914d62d5a5bee5d0c310241aa96e2c4acb9f87832,2,3,1,added
pool1tdsrw0n33gmy0mzh7cgtn9p0jy5xwjxaa2s26gn2ewf8kg4nrzx,CAFE,7,2020-12-29 22:53:56,3eeb95f8b48f7f7298c7af08b600a949cbdd03462a3710ea73439c9a8fc2132c,2,3,1,added
pool1c0qt93ydpjdndag5v9fsmzjv0hm87ehstqn6ttvrr60rw9d6uaq,PACT,5,2020-12-28 17:51:43,d93b10cdd7fb228205226aa8b58e4eb08b029291ccb559f17c9d828461e05f58,4,1,-3,reduced
pool1rvjj8cp3urh7de07pm0ceqha2x4lxws69lhd4429dm6djfjsy4l,DINO,29,2020-12-28 17:23:12,dc6b39aedc46ba5befbfb21192c8a3bcca8725b61c662500c4d6e9420faa0495,4,2,-2,reduced
pool1wnshjhwqv9j7fgd4tkynpsqr0xczns4pghljy5j4z4qjj7qy4d4,GXY,5,2020-12-28 15:53:38,85f88c7d3d040a958ec76f5008ed4dd005f4431d4ed78c29c3f9050465d2179e,4,3,-1,reduced
pool1ksh2u6kktx74ugv8jadrdqttwyjz9074ke82xt6j0qgfvdn43a5,MILKY,6,2020-12-28 12:44:37,6b62f9ceffcea2f80e6302179f6c73a4e6a8f8a33c914b4545a84ee535fc2284,4,3,-1,reduced
pool1v4xevkf7fx08pzy7atsk59dds6p0sdyl6xmhwf4mh79x6l5p6kx,DIVY,19,2020-12-28 11:48:10,f642eccaf0802b06503ffd4deca67ecb324f402edb25f1405f88929954db922b,4,3,-1,reduced
pool1tpr44v3pxth9j0ff246dvsryxpanxwx52f024ws3ecvn72sgv55,,9,2020-12-28 11:13:27,08f378522760101cc86ec606b753c01aa45848ffc50ece1b42a3d83551b27e2b,5,4,-1,reduced
pool1rvjj8cp3urh7de07pm0ceqha2x4lxws69lhd4429dm6djfjsy4l,DINO,28,2020-12-28 04:22:38,02dfff2e4a2c46a058ed43e4016c8bbf94ae644d99e11173040d0da75daa55ce,2,4,2,added
pool1fs2m5rmlx66crcwwrrsf2pcxjhvk7kzdurcqusd3v5gm65cufnj,BIRD,22,2020-12-26 21:39:27,616493dcc836f37823278d5f134833d3b09884d92e08d2c53ad5bcf0138b6c24,5,4,-1,reduced
pool1chxjq4stjq2q635q8lv3vpszu0jqntxh3ltl97s5de4rz0rkdn3,CRTX,3,2020-12-26 16:33:44,e087c678791bc523604442f8aac20c1e3259dbd3209cb0bdc49b7f93668665af,4,2,-2,reduced
pool1n2j7zmw69gf3weqp3wae234p3lykjks49c84mleqgmnmg4jht3y,YORK,2,2020-12-26 14:41:35,7f45daa322f16f772ca5cbd3ec0bcf393cf9a32b5aa31746b126359e8a41bbcd,1,2,1,added
pool1l0pmgdsymmdntuyan4snj88q8nm9axemwefu5ymkuq2s6gr90cn,SWIM2,7,2020-12-26 14:20:42,4afb7fde5bf60510c6051a5d88d2ac078847ce6d84aa7ff5acf46a356454a648,3,2,-1,reduced
pool1x9l9avk84wwu062687eel4jcdlt8t3ud27tq6rc0ulp9yq4p2v9,,10,2020-12-26 11:41:43,637ff88dd67f86f828faa78eac51b8f164dc925cf8fe8c7a16d91dfe888ed785,2,3,1,added
pool1q9kwa675j2z53jecrs6pn3fqsc9ypxrsypu5dgu6hammqkagy22,TIGER,2,2020-12-25 21:51:31,0f1a0843c46e9ccb2e015366c9ec97bd8a15d7b1610dc4229c6e355107050ae3,1,3,2,added
pool15zn2lqq4849ujttuthaycpamnyr8ae9k2pn2fkrlfzzsx4ek0tc,LABO,15,2020-12-25 04:23:00,ae75a056e26256c44060d4d0fac1e4bce671777010e3527f2f6cb2e4f8752ee2,2,3,1,added
pool1vayu3mf4qgudxeelywy5jxjxaz56ycyr03trp4m4q7925mwv5ct,,6,2020-12-24 19:26:06,4973a30beadd5f208907fdd085e9c0440ee0b3872e374687c7df35c462bb0352,4,5,1,added
pool1ha4z9zne9z7he43qf0tzv9pdq8cdj63xfrj8s246u89lkcwmq7w,VADA,9,2020-12-24 15:32:18,b8aa04ed1eb48768a1e74e6f0cbd40c2d792bd0b41244b4c9c6cba1badf8a3ff,4,2,-2,reduced
pool1ul0t4hjnnhz4wgaghaa7hur77l7gp0akagmjx40r0kn8ct00vl5,THNKS,5,2020-12-24 11:24:49,5439ae5f02a8cc742f3dfd287587fc98d353914f3056562250d27b60ad33e843,4,3,-1,reduced
pool12z39rkzfylvn9wfe8j6x9ucq6g2l4mw4azj70y0gd8ejczznyj3,BRAVO,34,2020-12-24 11:01:56,56f8211930d7f2e96de66284a117b15ad50d95435704bdd64667948e70d8fb28,3,4,1,added
pool1hx6pg79jq9kxvkzcr2kywdrwsjtys8dyt04ay5j60h0rjtxxkng,,10,2020-12-24 02:20:03,6e404e709a3fedf9a1e8024b0655e590982785b2660aa11c9e38d28dd061e241,3,2,-1,reduced
pool1hx6pg79jq9kxvkzcr2kywdrwsjtys8dyt04ay5j60h0rjtxxkng,,9,2020-12-24 01:45:41,a171587ff5c0709b1a9ee2c41bf67893c022fbf3f1df447260cd5695325dd749,1,3,2,added
pool1gvydgpt2nt6zchvt6fyc5h3w5g24nrrw54tskm0mkc6hqh4ye5n,AP050,5,2020-12-23 12:01:43,128db994a8310dc9ee9e41a7c234aa5bb2d6a6870c60788c3c5eae6e71ce59bb,1,2,1,added
pool1l6hkustv67tynh66w46mys94wsxhwddgp28k3r5twwlsv80uw0k,CASCH,3,2020-12-22 21:55:11,7091e3388b1e9cc0c0d7decbd8e645ee5a19578092cac56ff67f5dba4e946eb2,1,2,1,added
pool1wvyh37mrm2rcx75gvp22cdrsy5w300aj8lglnzyxzf2hjuph0mt,BLUE2,11,2020-12-22 20:39:27,3fbb6b62ad689079d9f697fca8fb412054d5a5dd1546246e7ba7d5cca3c394c9,1,3,2,added
pool1692dxqqcsavymwz28w44t2jhyjnakvj4l3gwz2dqrarmc2k6dkh,BLUE,11,2020-12-22 20:24:13,8b7b058c5936b8f199562f4d3b5d8e51673ca98fa3885b657f43a1bd63f3da3f,1,3,2,added
pool1dts0h87pntgmsffp6mjtnahfht2dz5zjjeeujhzmtn6wgctcuzd,DSIO,2,2020-12-21 23:02:23,51591aec5bbded8125daee092881b25a5a1541f3bf815fc1143851f2e20b21c9,1,2,1,added
pool1a5njhrg4s74vgynnae0hht04wgmcf75kwen3676jhrr5v3s8ecq,MARLN,9,2020-12-21 03:08:44,844209e6bed08b272e1366117588d71363d02ccbcc5edf8f6ae37d6c3a7b13d0,1,2,1,added
pool1j3dx8yfue0756ll4cz2rrd3c9nllz8vh44trflqudq9p6enaj66,,6,2020-12-20 18:41:08,e5c9fa2a92afbe54045af7c52507de08d7dd453e9989d1f4148ec4cc684f3902,2,5,3,added
pool16wfrrl0vhq5ldqa2u3kz8mm9r7l5pmlqqu0667gfjykfkyv98ge,ADAMX,8,2020-12-20 17:27:58,ae6af5460de296e3cd649b1487096138a50055ba87eff46eaf9bb79ed05dd052,3,2,-1,reduced
pool1krznhwu3h5pu2stuslr53z5rme50t6384macsmylcnljwc7yjky,LEAF,18,2020-12-20 15:42:40,aa8e3ad1cca3f6868f6552975fc542c77c4c235d9033e11cfa1a9636ae7fb7ae,5,4,-1,reduced
pool1u9gudcfadehlarkh4xdtgrf3zeze978mrnhtrvjdkjwj7wxvcje,,16,2020-12-20 15:39:38,62d08d34af15067a337158abee30031b9181607d9152c9d6c7ff33284b0cda11,10,4,-6,reduced
pool1mwp8ewtzmun0426v9z0h9um2amswgfzn78rckfl2fc3t5sy0m5g,AACC,8,2020-12-20 14:50:41,721cfedd6abb4aae8513c98020dc7a692ede123f69498cc84c23c2dfca902851,5,3,-2,reduced
pool1lf3kn4ykqqrany9jwhzr28wmsq76xr5xx3gq206lwn7ugln9ul3,,10,2020-12-20 13:00:16,6f7cb6defed2672ead216a73fa304c983e006d9161a56717b0eba10c4a20829e,5,1,-4,reduced
pool1gx0p2l057j7pkrcft7sccvqag5ccyjhrjmc4vhn7g2w366u8ye0,,11,2020-12-20 12:39:39,612562de41eb7c6be2eb21d3fed39e490088e4a821cf41fa195dc0332c9c0cd4,5,1,-4,reduced
pool1m7vr5mjsvs82kh5yp95pr9s5wdldf2v8r6rmpv8z57ypxmrkqsa,,29,2020-12-20 12:32:08,bf16148a32f0678ab91a8ba066d3e92a890f6e217af659c124a3424f3a04e2e4,7,1,-6,reduced
pool1m7vr5mjsvs82kh5yp95pr9s5wdldf2v8r6rmpv8z57ypxmrkqsa,,28,2020-12-20 12:03:13,4c7eb646115a19ae57fa7870f98d9f4056262b5af9197ab9e85c25937c295199,5,7,2,added
pool1eqc4jwuez8yyerwlyjwenh99dlvmn6t6n3qjym70ulf5u8xr6lq,VOLVO,10,2020-12-20 06:53:35,b2fc69f29f13cf6d7c93c9fbabd650941720a21bb92f2b1832edbb7a5162463f,2,3,1,added
pool1z39sker5renxhep9m7z8aae2yh56940gwykptfcf053473mwy8t,KYOTO,3,2020-12-20 05:08:43,f569b917df6d459c0dd0bb3bbac3d32a75debe0fa73330368b4596449581bd86,1,2,1,added
pool1hr4t5a052rh773vml9pra5planumw2tjn9cg6nsrzq64jdz907s,,6,2020-12-19 16:23:48,d4b41b67be57a0863200097714b7baf00087f78045a0a8e6227be29539285311,1,2,1,added
pool1x8npyvl6a8efl62xkngwmqs4xwejv3k9vhnh6702xv4uz06qhal,RWON,2,2020-12-19 09:42:46,0adec7ca9945fe2340cc8fb833a7d6d3bf9a6cc06084750da18bc4c596f4373c,1,2,1,added
pool167n02n48l5hfgfu6e46xq8n3yefccm9dcnmefkmxuymhc8ncrjm,,3,2020-12-19 06:09:13,a30caa89e869999e45406088beb1728223d506de20073c49e0e707d952e9e0dc,1,3,2,added
pool1enc9l2nealzp9sr7n77032rc593879faj6hqeny6f6h052eaaxh,,8,2020-12-19 05:49:26,0b691f60b123aa7f37ae38a7eaeaf85c0bb31d94720e96ce0f05558adba8ae2d,2,1,-1,reduced
pool140xj040w37pcufxdhpjne03sn2rd0fxys4m2c0sgjw5pqjnlx8f,LAKE,5,2020-12-18 23:09:26,69ffe9e2665654db8ecad07d82e37a4b5c0db5d82e080e618cb60d528fea0a99,1,2,1,added
pool1ek2m5zuydqcgqv3s5mlh55tr8gp76yuxe4hj4s7xtxajyc94rx3,,6,2020-12-18 22:24:38,e21ee25773efcebad7b2393a27d829c4b248801e1213b8ffabf3d1777db82ff2,1,3,2,added
pool1zug38qs8r3ggmzqnqmyxkz34zy3gc9uw3pn59g5gfjwcxdskxjf,VERSE,10,2020-12-18 12:26:43,a9e427aa1546776777f736cb41a0a7503a3deb682c5fa8caa49dbfe5a5c12542,4,5,1,added
pool1mwp8ewtzmun0426v9z0h9um2amswgfzn78rckfl2fc3t5sy0m5g,AACC,7,2020-12-17 15:17:58,09ad93f72e1f6ea723a7dbc0b3ba45ee8479a77b2c7d07544d119f249af59d0d,6,5,-1,reduced
pool1mxapcaxj3xnym065w8vqpurgtkk6gssxad5y25rhh6ucc2dw4em,CAST,11,2020-12-17 01:51:43,86cd785ab7e24bd6ee5dd97a44eb91976a861821e1eb1715c374250e7a384df4,4,1,-3,reduced
pool1fs2m5rmlx66crcwwrrsf2pcxjhvk7kzdurcqusd3v5gm65cufnj,BIRD,21,2020-12-16 22:47:06,c776fca11ccecae1331b3772b3317a4eaa01aa06ea2e6f85c60e1917a2723497,4,5,1,added
pool1rdlpngqqd54x2ek7s9m8hl5yrc7dx5mlm9wtdqatldm5jfrcgqt,,6,2020-12-16 19:39:51,557cf516ffed44aacad09dc1e0065a4a28d6210ea4296b46c616b032a2fdffba,1,2,1,added
pool1xyx655q6ch4d99fuewwtkdwjx5tvfr0rzqvmwehm2cpzj7e2wgl,PARIS,9,2020-12-16 18:16:31,8b2a3dc3a7f28ef0a69ecaf29d820a460a4ef8e695750fd574e4b24eae30a694,1,2,1,added
pool1j3dx8yfue0756ll4cz2rrd3c9nllz8vh44trflqudq9p6enaj66,,5,2020-12-16 04:10:15,4b73b52bb53db52f5f368cbd92a240555a67110d9a11c4318e8586137e3d04e9,1,2,1,added
pool1g6rm3p7695z7xfhp629hcsj09njun2fnsz03pjrshw8rgs7pluc,,26,2020-12-15 21:05:04,70961abf206f7cf47fe9d45327aa381bcee3fe7ee721f65ea5abbde9711f7988,6,13,7,added
pool1lgdk6s5d6flv2sj0cgzz5es5vly8lg88k2e7457tc44hjf8pffk,ROCK,17,2020-12-15 19:10:51,c6aa9af33dee359f74d3b388d92f61db8e6a8a8896f58de0873751382d0474a5,1,2,1,added
pool12vv4c6z7yf8j4m2amzej4j8tn2d4dxklqk5nqztz7wl02gratjp,RETIR,6,2020-12-15 16:53:36,2850c65c9cb53c8a499778b1631d588ae8348e407d9e8e67fd863fba368975ae,2,3,1,added
pool1uautzneywzapn03te7q3sd737xdfejgjlu4mdfjz7mweq92dugg,RETIR,8,2020-12-15 16:50:28,2e47f05ca92eed39f6fd6d6b716b1e06e234202b653cccfc3718537cb91c2709,2,3,1,added
pool1ekcsyzwexl7p2kwxxh34hy28l6772vrmff7jwmuxsa6u6fzty9z,ADALO,11,2020-12-15 16:46:18,5303342572274049f71b78ff38e97e04ec27b9b677f57101befbce6401437585,2,3,1,added
pool1tg90tjqwmpzkkxpvs8nrl3383g9numsp380rzsmnp6d2jv525le,TATEK,8,2020-12-15 16:13:38,a365456d33a2cba5ffefbc48c70ee71c21f3b4dd8abc6d67745d22b40d654755,3,2,-1,reduced
pool1heks0vmxkfka2amg9c8yn8qdsxvgmzelfx6jhpfkj8ht5mn0r2m,ADA,33,2020-12-15 15:27:54,65244612b1164d37a899d647169cbce5eef356f9df7bfe00f59e49010e111872,2,15,13,added
pool1y7zvpvxmu7dsdx6ple0kddltagy04rm7xzcpwvwqyfqxwtqkf7s,,11,2020-12-15 03:26:18,2400cab9da3ed1e7583d465ad0985086e9f1bbe67bb987f74c2c5ddf567f1990,2,3,1,added
pool1ddg6t2h9kj6lqlec4ncjs945lzj43m3ggrgdhf5sgzhtygpkznz,FAIR,13,2020-12-14 23:01:36,4572f8a6c61809338fc36d873674c4df075626e5906fc9026a2de62ea0e884bf,4,2,-2,reduced
pool1rjxdqghfjw5rv6lxg8qhedkechvfgnsqhl8rrzwck9g45n43yql,XRAY1,6,2020-12-14 20:51:31,40fe0bff37409ce747e0fe8db62fdc7ad33e66eb4bf4b834bfd6f94d4239cdb2,3,4,1,added
pool1mxapcaxj3xnym065w8vqpurgtkk6gssxad5y25rhh6ucc2dw4em,CAST,10,2020-12-14 15:07:34,c1ae3ebb8f0f1d558d3518927af361b0877d67679907997b80e1d9c4dbcec724,2,4,2,added
pool12z39rkzfylvn9wfe8j6x9ucq6g2l4mw4azj70y0gd8ejczznyj3,BRAVO,33,2020-12-14 12:21:45,9c71a8a3a9d63c7531bccec9f675a50672691dc8ef727867e1045c65bbe284b1,6,3,-3,reduced
pool1692dxqqcsavymwz28w44t2jhyjnakvj4l3gwz2dqrarmc2k6dkh,BLUE,10,2020-12-13 21:29:45,2a7798c074e7f33d9f860ea4863351b956c4f0de3b648136be2e6d5a09a4d355,6,1,-5,reduced
pool1wvyh37mrm2rcx75gvp22cdrsy5w300aj8lglnzyxzf2hjuph0mt,BLUE2,10,2020-12-13 20:52:47,f04fbfd2ac7ebec40e27d447a8352b9a9b0a4879fb252d2d7b59c28c602adbf4,3,1,-2,reduced
pool1nc8vcafsgemc2jx7mmze3sppakahrl4z5qqauw6znr93jfyqv6j,,16,2020-12-13 20:27:58,7488dfac03b05645a6fc45f15f643447355d1c3c99e59bd58d3b41772f9ca61f,5,6,1,added
pool1k0xa8wlsntmjhtw2shj3tspqd4kjyquw9tuyx5s7zz5jsyw4y2p,WMOPS,5,2020-12-13 17:32:58,a330ad331ea391932aac10ec2e7c56772c84d9d5a404256b96d5b0a798697fc0,2,1,-1,reduced
pool1w6l6rvhxtym5psec3mvgrjlg28d6hrv8g9jjexadzmxfgndfg2f,SIPO,7,2020-12-13 13:12:33,71fbd716cb4a543cf700d92963f759e5ce6e9cb9cf2e4235b78e57595deaf70a,4,2,-2,reduced
pool13846y7q7tng3endxhet9qdcz5w0fjs09ytcye4dm5g54wmyqeqr,BSP,14,2020-12-13 12:24:38,27ba446023f52b096592f66b48823a332e8587512eea2270b5fa0b6755c15676,5,4,-1,reduced
pool1yxhf37v04q6cyrf8a4g64xsmvepwg5t2zc0qcquqjlph55ye2ef,AEON,11,2020-12-13 11:21:06,930beabd06a89de388a91f28ce3ee8dc76cc0dd658220951d0254a8d57db6c7d,2,3,1,added
pool1qvhss6kxmtl27nr4ugvypayhvt4a4vzll8p9csdg2v8q7d22llu,ASTRA,8,2020-12-13 09:49:26,ca89235f6b638e666abc55fc13107845597c2d1dce707991e7b82e5f3ac65cac,4,2,-2,reduced
pool1yxhf37v04q6cyrf8a4g64xsmvepwg5t2zc0qcquqjlph55ye2ef,AEON,10,2020-12-13 01:06:31,24152c714083d27e8c5ea895776d11fa2edc0401579629e96306d2d0f4eb043b,3,2,-1,reduced
pool1rvjj8cp3urh7de07pm0ceqha2x4lxws69lhd4429dm6djfjsy4l,DINO,24,2020-12-12 13:12:58,8fbc2f1ef8f6ad7f90897a5b29f19036cd9a21d54af524a51698d6cc43a7458b,1,2,1,added
pool1rvjj8cp3urh7de07pm0ceqha2x4lxws69lhd4429dm6djfjsy4l,DINO,23,2020-12-12 10:40:36,16deda357b449d7f0b5ce24e6f044c5027eaad3c2644551a472ce9344d62d22e,2,1,-1,reduced
pool15jzfzmh3s4vnhm2qm3p5e0632kv8nuw2luxarqrzpa8a6cgnthk,,2,2020-12-11 22:01:31,2d72b6d3d5f43fb65a30293140b96c94e7ebca8fe8d00eebb8c7d55a487621ce,2,3,1,added
pool1wvyh37mrm2rcx75gvp22cdrsy5w300aj8lglnzyxzf2hjuph0mt,BLUE2,9,2020-12-11 20:14:06,420a8591ed37af2c30077c25ca32e09e3f477857dd742cc060d0729bfe5adc78,6,3,-3,reduced
pool14ku0z9rx9yx34zl00jtxtpyv6ehytfl8fewztavx7qvju7nrtr8,BOT,4,2020-12-11 19:54:48,8237ee4dcbf008753ee243678e6a15679065987f207a741602748d4de63fc0fc,1,2,1,added
pool125dv3t0m9rgag9lcfr8xv059vfll059kyarv0ce8kyldsamx47m,STKME,2,2020-12-11 19:01:32,3b2b2fb3fb623f6f89d3a36fe5c1f90c8859090bf590426481e5b05a4ec01a7e,1,2,1,added
pool1q8dkhw2uxtpqq2j26v2ula23yqzu650l3nzt6lzr6tw3kdu63w5,VNADA,3,2020-12-11 03:42:33,24e13c09cc8775134a0753d2ae3d1bda3ac1bc893601a9d27cb0bf2f4f41a378,1,2,1,added
pool16vsl464q00g9c448k8pru9hngywrqrkr5wanemafrnrcv2frl0e,BACON,3,2020-12-11 03:17:33,f10597e38967f7966e0be722ddbcf2ed19b751fe4cf06315cab6ec605064c6b7,1,2,1,added
pool1q8dkhw2uxtpqq2j26v2ula23yqzu650l3nzt6lzr6tw3kdu63w5,VNADA,2,2020-12-10 22:12:21,84e68b4e93e34df97583fda809c7e6f8884cb2906e580d071c5b2532666fd09e,3,1,-2,reduced
pool1mm7avcuw8v6f86esqtt6xx6rkagryrfq22y994snes832rjs2mt,,11,2020-12-10 16:09:51,f79880a00cd3df3aad3d146c8766199d8c7554d5bb5d15df0dcfd5bf5897e819,1,2,1,added
pool16peur3vpmak6c579excrqumfz9486zd56svshdclhre3cv5z848,,12,2020-12-10 16:08:48,720349f02a2bfa69b9cd7463e0879929729de6262b0ff5e57870f001cbb706c5,1,2,1,added
pool1rvjj8cp3urh7de07pm0ceqha2x4lxws69lhd4429dm6djfjsy4l,DINO,21,2020-12-10 14:25:41,5d06c825b62251d75d9807fa803b5a934ff842fe63dc96008812a8bec96a4cfc,1,2,1,added
pool1s04pdfl3sv5gzuc80322rc4ne0xs7gekux7gtckvvwt7qutjy6w,MS9,5,2020-12-10 07:27:56,28a065ea9149cfa22ced6b32c031224f3a7bd8e27641c8cc9ea1fa7faee8858a,1,2,1,added
pool1cn0dqtplwf67fds40hgkf0u5rm4q4azev5qutmgkw5hdyvue2ue,NEDS2,25,2020-12-10 04:21:41,bd45245b3a3b53bcfe935869b2684dfd2aa9d2661b38d93f453f6bdc8924996d,4,3,-1,reduced
pool1qfxukshs4fkcrflzdnxa2fdza5lfvew3y6echg8ckaa4q8m5hyf,NEDS1,22,2020-12-10 04:20:21,68201bd08de6278596f00ef64091af4160d81842decff4b8def99392e25dfac0,4,3,-1,reduced
pool1mm7avcuw8v6f86esqtt6xx6rkagryrfq22y994snes832rjs2mt,,10,2020-12-09 22:37:54,b77c74ae85cce62629e807552423123af03b1d97ae103d05f135510fb5d20a5e,2,1,-1,reduced
pool16peur3vpmak6c579excrqumfz9486zd56svshdclhre3cv5z848,,10,2020-12-09 22:36:43,35059e8a0aec0a46ded8bbef0544e69bfce8ceeca992d9f88345b477771dc1f2,2,1,-1,reduced
pool1a6ccp9fpgn40r2jl7fapjv3224swqf72z5gt4cgwctnk5etfjlr,,3,2020-12-09 09:30:15,4c0db6c25cca2319265c55cb5f420800d80583c609876d4f6dfa598ab7a511a8,3,2,-1,reduced
pool10akpqvczl93ep4rc59c0aqyn3dm0env2ydysuwmdm670wl24pd8,,7,2020-12-09 03:28:53,f1a88ac8b8dc77a535e7da4a08f8b055f52efbeaedc5e3ad08ba3c1f34af2f3d,0,3,3,added
pool18qzks8vdf0yu0u5ccf8aaj35q6zfutdcfgrssuvdjmgtyykr922,one,9,2020-12-08 17:28:34,0ecdb2ecd079f6789e2ec2e2980ef4fb37a9c65a33e817bfb4b7be33bcec164b,4,2,-2,reduced
pool1cpzz6aqljgk97ks728xa76wqg96kj79ndc3gasx7kdnr74wrk70,7CS,4,2020-12-08 16:31:47,9f761f8f80e68045b2320c74234ba3d381b5f16730540c72c2c7d1fa73fc2fdb,1,4,3,added
pool1d76p7zfn2ydq577z4wsvmnl2lx4cxa3s5vplfuhvr8qfw8hd05j,KYSN2,2,2020-12-08 15:24:53,8cae6b2af4d452c443d82cf994fafb45cae582b4016b619f01caa2198b51938a,1,4,3,added
pool1uk2f28awascuhrhuwrp7x6y87x8ch33vwx8jtmrysp7l5ngq78j,POWER,35,2020-12-08 13:33:23,5603e1f14ff3ead0f43320e8423d4fc228b13f4fd277209f651b5e97f3fb8f13,4,2,-2,reduced
pool1ea9mdplehlxeqhv8ax9ldh36gltqqma7c5cm30jw09r2y30646r,LEAVE,9,2020-12-07 16:34:23,180e3b66ba75950836f80172ab8f1edc7697086ad88d4f21da3781c7c658fe06,2,1,-1,reduced
pool1xru6f3fflzwkptgm68pncrsncg9ngllv0jk8jnz40m7wusfhazk,OASIS,18,2020-12-07 16:34:01,0d0219b7034c266fbed65ec84768171f597245c8c07344c6ca5ad9f7f7b94019,2,1,-1,reduced
pool1pk6q8vjxu0404jzq0dpt7fceyz9yu57lmx5csne8tmce5nx523m,,8,2020-12-07 14:53:33,88191c10ab76bce696f0f2fc0283fca09c442de10d3d506470a06270cbc6165c,1,2,1,added
pool1rjxdqghfjw5rv6lxg8qhedkechvfgnsqhl8rrzwck9g45n43yql,XRAY1,5,2020-12-07 11:50:41,bf22e5cb7a0a92d53c31e9fa27612090c8afcbe14c5dc18be45ddca7d5b55a63,1,3,2,added
pool1e556526sqwugxwnmeumt9lhj5jukklg8vv3ynk75xt9vs7adr5y,CHEAP,9,2020-12-07 05:35:04,13da82620f454b71077f6f5e9d2848245b3244fc0a22d37e0090b1a29e3b5a6c,3,2,-1,reduced
pool1xcn2yddehm5ncjx0p24vkguth4rta7zv3getcztflxs3kh9rexd,MONAD,6,2020-12-07 01:55:49,1ce8a9e7ad2acbdfef0ecf35b62a10ffc8f480f8432124d69dc6595f86506250,3,2,-1,reduced
pool1wydmv34dnmz4ek9s3p9jwaslwuutfyt8wlxt0mkunjkcufznl97,JUP,3,2020-12-07 00:58:25,460304f18a8be8864a46678904ca184e9767a11a6d3a19602984fc1cb6856152,1,2,1,added
pool1nc8vcafsgemc2jx7mmze3sppakahrl4z5qqauw6znr93jfyqv6j,,15,2020-12-06 22:37:43,1debf44a4ef6154f1e764f611d1f345988e09ee55521cf7bcdba2fadc460c6e5,4,5,1,added
pool1a9xyvnnfjnujzy0n2mpf4rztdwrssraw5p5f06mqlgn4s06z0nw,LAGO,7,2020-12-06 22:18:24,48cae6bb411560a16f698b446320b3a39a5f6e29685ac77a51b3583a68d1ccd3,4,5,1,added
pool1fv9f8phzn7hp623ypw6ctf73a98hd7nrh8wm7glpcuhf64856g2,GNP1,3,2020-12-06 22:14:21,ab81a1a145e1376189be49a8c3c0d15fae7e70959bef8acc6898acb59a361779,1,2,1,added
pool1n5ytegzw3enscfw4t8wsjytrz228agvm9c3xaarce7pgjzftdtx,_Q_,4,2020-12-06 21:29:07,1c4cbeb22fe87d3fbef4fe229f2c8985e9ab36a81fe57327ef1fa26ef86c1a93,1,2,1,added
pool18qzks8vdf0yu0u5ccf8aaj35q6zfutdcfgrssuvdjmgtyykr922,one,8,2020-12-06 21:16:46,6a3a4e5c40d4e17745f35ed7ef81f28a131724c413f252d439b9580967e21572,2,4,2,added
pool1fs2m5rmlx66crcwwrrsf2pcxjhvk7kzdurcqusd3v5gm65cufnj,BIRD,20,2020-12-06 20:38:07,043db3824ad5c41cd1012e02aef86a069600710db3355b0f9ee318e6f8718e2e,5,4,-1,reduced
pool1q7wrwstqkzhrffdzpw8ftfd4epmxywdjnp8384atjcnezchv242,SPEC,2,2020-12-06 02:01:35,2c083c31e09266e8af96c463436bc330e816124ba3b66bd62450c533020452ab,1,4,3,added
pool1y7zvpvxmu7dsdx6ple0kddltagy04rm7xzcpwvwqyfqxwtqkf7s,,5,2020-12-06 00:27:29,f1a3c9708c46299c192b4388d3a20ca59058ed5bf61e64c4a62253e48ec6e602,1,2,1,added
pool1tg90tjqwmpzkkxpvs8nrl3383g9numsp380rzsmnp6d2jv525le,TATEK,7,2020-12-05 20:30:48,9db43f329fea7428792b02a299839767df476d8889de4e242fc41795f62c61da,4,3,-1,reduced
pool1tg90tjqwmpzkkxpvs8nrl3383g9numsp380rzsmnp6d2jv525le,TATEK,6,2020-12-05 16:15:44,dd49f9035dd734ed40aaf69a37f1d8b52ceccbe64ea6fccdf1de1a86f7b1eb22,3,4,1,added
pool1ucfv0vzhaa32j6ph972fm4qu3se9qmdaycc4wr288lyjurcl9a4,,5,2020-12-05 14:21:03,c6c16eb67e93ae6ce53f99b469ee12698b91997f39577a8e49c9598fde215573,2,1,-1,reduced
pool1ucfv0vzhaa32j6ph972fm4qu3se9qmdaycc4wr288lyjurcl9a4,,3,2020-12-05 12:56:25,68a026900f9e4ff0aa60b03d9616b3574f9896bcefe68cde0e34dd770c6a078b,1,2,1,added
pool1uk2f28awascuhrhuwrp7x6y87x8ch33vwx8jtmrysp7l5ngq78j,POWER,34,2020-12-05 06:23:26,22d3592fd7ad2a3ac875c753d8b90854cdbbdc83be8b044a282cea696e60cbc6,2,4,2,added
pool1qfaq3ay66hkwpr36z46lh8xcartu7wmczkq85g935u2lzxsq47c,,5,2020-12-04 23:43:27,413ba5c5c06aca09160bc1e6c3897267cd060ce9960429ea1251cb2b1d0ce812,2,1,-1,reduced
pool1p8fmeaurywtxsjpartcqavjdzex6uel0dggss8k9e3ggs8zr8js,,3,2020-12-04 23:14:20,332387f78aa6e2754ba00ccd03e464cf8aeb1383869059d678c8ed23383b00f5,2,3,1,added
pool12pvaxxcv3sgad5jqgfnggn337y76kp02uauptkufjjjes7nxwfm,SVRN,5,2020-12-04 14:19:24,e1abc2524e4cd5405f3850e4d213e8d6559d571e75936716e4df052f224c2f71,2,3,1,added
pool1ksh2zpeeqe0rpcug63up5l66g3kr5vf58jraeun82rur6m4g6xz,TRUST,40,2020-12-04 00:50:38,9ac4d1893a0f2e4f3bec75a42a270830f2b2f256054e360495d9212fa98fd7bb,1,2,1,added
pool18heqrjtge2emf2hes4mdxkr76y99zztkqk4qtjr9dul0vuur0yu,RX78,7,2020-12-03 13:47:28,b3f55fe0ad71d0ae879107258d7cb126d1d22c1bc826bca6d1dd1a964e401a9a,2,3,1,added
pool15p326nmjaj47v9u2392tlnngyr5hnj6gru84al3s0akdu9mj004,PLTUS,3,2020-12-03 07:34:25,258d62040308b942bc85e559f148a2d78c60237e258d5bd28d26c1462af82f01,3,1,-2,reduced
pool1fp2ds5467a63k60r4sla6h8pju4q0z92h82hvqqv782vqqe4z38,,5,2020-12-02 21:30:57,c51fe4c069884ee5fd4e0d1314edbf7ab7e726baa5379be04df0fb8e0992fe70,1,2,1,added
pool1ha4z9zne9z7he43qf0tzv9pdq8cdj63xfrj8s246u89lkcwmq7w,VADA,5,2020-12-02 06:54:31,2b4a1aa956f803b2d69114e196e562193b4a608851200b60a8f2e571f1ee15a9,2,4,2,added
pool1zug38qs8r3ggmzqnqmyxkz34zy3gc9uw3pn59g5gfjwcxdskxjf,VERSE,7,2020-12-01 20:59:01,90ead0c047aa7dc134e9ff0a1560c16e7e9279cf0e642057cabe8bd24a5a63c1,3,4,1,added
pool1fs2m5rmlx66crcwwrrsf2pcxjhvk7kzdurcqusd3v5gm65cufnj,BIRD,18,2020-12-01 20:34:37,5b36dc60a8897b79b95f8f14c2b2c0bdba1b01b35bbcc32cf6f312446ed0ae25,4,5,1,added
pool1ksrg8a964464las0ymw88slrwxkychjz9lh09lqltu5m7nw3pq0,QUEEN,11,2020-12-01 19:34:10,47b168415d4c64fb0c8a73b5317367e1cfb77b763f8ba50f8b9fe2504b0fea49,1,2,1,added
pool1tez268q6v9afz54csn2lg95kw7yyjykc3px8ry5gwkk656azfnz,,2,2020-12-01 15:35:29,4f4884ce1d5e5cabebaa5bfbd6c189c3ff0acc2487acf1751e873efeebc2502f,1,2,1,added
pool1c0qt93ydpjdndag5v9fsmzjv0hm87ehstqn6ttvrr60rw9d6uaq,PACT,4,2020-12-01 15:09:51,57533b203043cca10777e941384e6ed808cf3331b651e777e941862900d91ad8,1,4,3,added
pool1qqq6qqa0hpzvumv5p87ynczfmdj557xuwlc3289ke42g72z7f74,AHL,6,2020-12-01 12:50:34,74783f70ba34149bfe94875855bac75e1f688eb398d27361879ef1a5765e3acb,1,2,1,added
pool1ksh2u6kktx74ugv8jadrdqttwyjz9074ke82xt6j0qgfvdn43a5,MILKY,4,2020-12-01 08:01:31,167f28e62a1dcf6506eca41f900655ec0630d83cbff02c5b1cd140992c98baec,2,4,2,added
pool1xcn2yddehm5ncjx0p24vkguth4rta7zv3getcztflxs3kh9rexd,MONAD,2,2020-12-01 05:24:10,b5200b076ed2d7ffe1a47fd7b1fd0a4c5589c81778177eb1c31184042bf9c2c6,2,3,1,added
pool1ddg6t2h9kj6lqlec4ncjs945lzj43m3ggrgdhf5sgzhtygpkznz,FAIR,12,2020-11-30 15:57:21,1ff8c77256a22e357d30b73009c2ef89f019b5d60a926e655991f0b4280b9791,2,4,2,added
pool1aasrxs9vpr97rjlqqwpp5gnju9tp9dgtsmqqvmsy8hryuuepvra,NEP,3,2020-11-30 13:19:51,8b06aff1e2d31a8a390261ae467df1d4e3c3083c48e09d4d3cc560b347edca51,2,1,-1,reduced
pool1a6ysvnx24xsjh2f6ehgmx7yu9q45fd7lsk88v2swxkek7pkxtgp,VIVI,39,2020-11-30 07:43:44,b24b83c933588f676c06de09710789fc67fcbbf5f4e7ac49d419586714b9f262,3,2,-1,reduced
pool1dxwgzj66pual956mnv9delkelg873yvgr2dd8s279m0hxqvr475,APOP,7,2020-11-29 23:32:21,b8b50daa4b2ebfddf8b1a74f4eb85a5472c6b920276abe8548a86740207d8088,2,1,-1,reduced
pool1s6se64qce5rjjjhh6ufcdnc54p8qg78mlhjm38lymx99sqysvzx,PAUL1,5,2020-11-29 20:42:14,f01c400325682e8653d7d4c7f882b5c4c37551ddac1c4e16238ca1f0ebedd99e,3,1,-2,reduced
pool1wnshjhwqv9j7fgd4tkynpsqr0xczns4pghljy5j4z4qjj7qy4d4,GXY,3,2020-11-29 19:08:57,d4ac9feb626d2c9391bcda9041314204873bbacd55595d8732171190daf1e71b,1,4,3,added
pool1v4xevkf7fx08pzy7atsk59dds6p0sdyl6xmhwf4mh79x6l5p6kx,DIVY,15,2020-11-29 19:07:21,1c13fa00e009fa3421979b4d584c259495ce8292d815d3a26322d737c27bf525,2,4,2,added
pool14yct4lltf2md86fm8xns78ttta0ey2a2m8j0vxx69pds2mzmhvq,,15,2020-11-29 17:51:57,8b2306163acbd4b33ef7d388fd184f6e0a613b0d6fbd7e55ec40825215e4eb55,8,5,-3,reduced
pool12crd62rxj8yryvshmgwkxza7um3uhaypwdjeel98lnkf529qdw5,0PCT1,6,2020-11-29 10:05:22,66ebbfcad0065cb21ffbb12e084cc33cf4125b73b2248767444c66fb4893900c,2,1,-1,reduced
pool1ghd48gmcn3ks8fz8wswd2fhma4ug8qq80m7gspfph2wajuvcsk2,,4,2020-11-29 07:49:29,212862a628210cf9884c04449973998a317bbcf78ae4e8b36ce8b98fe2a0eea3,1,2,1,added
pool1yxhf37v04q6cyrf8a4g64xsmvepwg5t2zc0qcquqjlph55ye2ef,AEON,8,2020-11-29 02:20:04,adf4ac3f6bc9888ad6e0e83c5689f2924ee0926e839282dd53c864494e775dc5,2,3,1,added
pool1e8hyjnlqpm5r7we5r9yk6n0kuh0l7f9w2dpylph6u4jtsstntgx,,31,2020-11-29 00:26:31,c50a81105755dfe45e2b288ed112111e9a0b2c960e93f4513a1157269ed18bb9,4,0,-4,removed_all
pool1helzgcd9sjm9xtyh9mw2wy06gekh6r52s6mx987q0p8lvklwura,,4,2020-11-28 21:24:01,28167646771e7ea2b3c04a2b72a1592cefa1685400a9368aea2662536ce34c05,1,2,1,added
pool10yn7pv2l2y0pnfgdmuzxhlepxcl5g0g5ruagzl3jeqx7ytvrlyx,,7,2020-11-28 16:29:27,051fd960c0b2e29e1911f4a0640edc63263c95b1aad0f7d01ef603b2dbc33935,2,3,1,added
pool1aac7ve859x0f7z36pqt659f65t9z4uanclu3j5ghmq232tnap8f,,9,2020-11-28 00:06:31,7bc033da7d328f9117e3c8f21aa930950613a2a03855ed081572b7786ceaa688,1,2,1,added
pool1030as3pp5684ghgf4kzcpv4p2jnmkmme7j363t95690zwxp7wa0,888,3,2020-11-27 22:27:21,51cfd22b71c20e5d574e7a454c1a7a4ee8427e99f9637e9ec833de5f401a05a1,2,3,1,added
pool1eqc4jwuez8yyerwlyjwenh99dlvmn6t6n3qjym70ulf5u8xr6lq,VOLVO,8,2020-11-27 20:27:21,688959d32d5c7d1bd9e3d01aa1576932af2030a70803a1a3bd2d336c22610c9a,1,2,1,added
pool1yxhf37v04q6cyrf8a4g64xsmvepwg5t2zc0qcquqjlph55ye2ef,AEON,7,2020-11-27 09:27:21,1130492704c16a9970d753d13635edc44de20eed4926a0cae435b5d4433bc6db,3,2,-1,reduced
pool1rvjj8cp3urh7de07pm0ceqha2x4lxws69lhd4429dm6djfjsy4l,DINO,19,2020-11-26 19:54:06,a382fca19c94784ee14bd366299f0193434cc573f937955246f48ead650a2725,2,1,-1,reduced
pool1wll3vr4v605eap9hpjfpda5cjegqfkjt8hrz3kkxpnffqejhav3,,7,2020-11-26 15:42:08,4606b0c46b3ea9b688c6e110202a3669cc37737086461be325265ee024487e91,4,2,-2,reduced
pool1k0xa8wlsntmjhtw2shj3tspqd4kjyquw9tuyx5s7zz5jsyw4y2p,WMOPS,4,2020-11-26 11:09:28,0842c4d91585810de6b434cf2a01485b60fd0e5cce6dc7f3524d1d484102022d,1,2,1,added
pool1uq8l234306m76unyz8kuwnkvmtvazaks6vuvyx3a3khngavvcw0,PLTUS,7,2020-11-26 04:05:53,feb505c9474476444b0c15b9e586689eba83893eb92d243b6f4b7f495d959e93,3,1,-2,reduced
pool19frt3kaxxk4vr4x3wnaapntu0ul0dsesu77wfqaawc5h5ffgfgt,,3,2020-11-26 00:06:26,41776d99ca51455141fce649dcf2c0c8b07bb0e3d0aee4bad7cc19024c7651d6,1,2,1,added
pool12t3zmafwjqms7cuun86uwc8se4na07r3e5xswe86u37djr5f0lx,NORTH,14,2020-11-25 18:10:52,3bfa213f65e82838020ea5ac5e538059f4a85e6b5460c4febca00279fdc00c00,3,4,1,added
pool1j6zqawj6f58lp4p00t26eqe58gxx4pa3cudlzpkv23y92nlxjzd,GURU,9,2020-11-25 09:35:48,565a1897200e3a85281b901fcf143e0b409386b5640c09c2affe1b51e6534675,3,1,-2,reduced
pool1sgm50zlvluzvherlmej0wd733fl0ew3y2564twmxnhn5j5q325s,,27,2020-11-24 20:47:29,ae7d3c603ad98dc7fb64eb87fc7ca383d80ea1f538da3012c709867fdfd47867,2,1,-1,reduced
pool1u9vgtxyupd36czsdvh3h9zr8eakdqesug8j6k2nw7nszy97z4m0,,17,2020-11-24 18:22:18,649154f43ec307ecc76886ae41630f533e47de84c0f908743dbc51ad27d2e30f,1,2,1,added
pool1aac7ve859x0f7z36pqt659f65t9z4uanclu3j5ghmq232tnap8f,,6,2020-11-24 03:15:10,7955b019322065efe40914dfd3efd89233d9524f21570caa5bc43a9f768f297d,3,1,-2,reduced
pool1eqc4jwuez8yyerwlyjwenh99dlvmn6t6n3qjym70ulf5u8xr6lq,VOLVO,6,2020-11-23 02:53:52,2e6606ba5e6102cfd35d55ddb5a4cbfeb711e7903c2689272517f592cac57083,2,1,-1,reduced
pool1mmrdxw97yt9q22yaece43h7em2fhsgumrww7za9jdwt9xraehp4,,2,2020-11-22 18:57:04,bde336419baf9f56bc26300f4725eee32e6257568489743b82edb9a0e96d4b37,1,2,1,added
pool1l0pmgdsymmdntuyan4snj88q8nm9axemwefu5ymkuq2s6gr90cn,SWIM2,5,2020-11-22 18:41:59,1b6fd165d566ac3da57c59770cd81c0695c0310189657ea249fca31ed236c319,2,3,1,added
pool1qqq0c53vaf5ju0n3fvujmyxwca0yhp65930evw9lngmr5705csz,ANP,2,2020-11-22 13:39:36,90dfe99c21e8246516ae79130f47aa8d44d741dc4d8ce62605103e01120fd667,5,1,-4,reduced
pool1lgdk6s5d6flv2sj0cgzz5es5vly8lg88k2e7457tc44hjf8pffk,ROCK,15,2020-11-22 13:37:13,5f586eab757f676beba990ffbdd0b270051b2b5beddd2c41ea646e2397768d52,3,1,-2,reduced
pool1tc0g4htxvzvg2z5c25ffq5ycukn9hjh3el5dzy767za2gukckee,AMSC1,5,2020-11-22 07:15:23,fd91c859c0539a73e87b58a0f4c019cfeb92eaee39cf397c47ac132698f3981b,5,4,-1,reduced
pool1xxhs2zw5xa4g54d5p62j46nlqzwp8jklqvuv2agjlapwjx9qkg9,SWIM,16,2020-11-22 02:39:00,fe085bc90d91be94a96ebd097807186a9787f375cd5773c7f4b9d2674091b499,2,3,1,added
pool17ynruzy9lvq0x55ks22vtf4lrrdrw2ucydh4tfzhg9kkyeaw8nf,ASN,12,2020-11-21 13:30:54,0215be082e6a12f195495dd2e21bff43ba47be433be0d326d7cd7141c698d105,1,2,1,added
pool1x4vcdmm394m9d80le2sv6wc66snp9849h2964389u4uz654lzma,SUN,16,2020-11-21 08:59:17,a0d3cfa64bcad6155a2fa52bf1d26ebaf1db1706470eea8b4a499d839add55b9,1,2,1,added
pool1dv7s5fn4m9dee8ncvx5hktfmsnx6agydhn798rfdqjazuwr84gc,BOBA,5,2020-11-21 07:00:45,77655c90527e944bfaa1cd299b264e1a0095507eb56181c71917d1bea830fd14,4,3,-1,reduced
pool1esalxy6na9c4gz3gfwma5vx04tztp4qn3cpmhhu9qylv56pdsa3,,3,2020-11-21 04:04:56,bedaad1e41714cff97a5cc0e0725f72910c7ad943a31f53f8d592241b1e1456a,0,1,1,added
pool19ht066hngsjfnv3mfsc8u9fgzl4w5qcrmh8l6zppwph6s2t7jn4,4GOOD,5,2020-11-20 01:09:25,9fefb251a56ee3ab81bcac7451353359812388a4060cca004b344213f7ed9345,2,4,2,added
pool1gu0jszyrg82ah4qhusx7lm90gsx5n9czsa48ast8tfegg5ztzuc,,3,2020-11-19 21:51:39,df642712d57003b6d5a021f138d5650c62bbf0fedf6bdc993f35996b5359ae44,1,2,1,added
pool1xs34q2z06a46nk7hl48d27dj5gzc6hh9trugw2ehs9ajsevqffx,SNAKE,10,2020-11-19 20:23:29,fae1314e528472c0dfc6d0fec266bf629f17de77bbd73548236834ed55ed71e1,3,2,-1,reduced
pool1ljlmfg7p37ysmea9ra5xqwccue203dpj40w6zlzn5r2cvjrf6tw,AAA,5,2020-11-17 23:22:43,fd099ce92206f0ae762c847689d02c575bb117926fec4c078a73ae58c4d3c1a8,2,4,2,added
pool1heks0vmxkfka2amg9c8yn8qdsxvgmzelfx6jhpfkj8ht5mn0r2m,ADA,28,2020-11-17 04:50:46,63d25efcd4a2e5a1c584e7a8b9e3364df0ea96968036ff7af9388dabc0ce75fd,14,2,-12,reduced
pool1fs2m5rmlx66crcwwrrsf2pcxjhvk7kzdurcqusd3v5gm65cufnj,BIRD,14,2020-11-16 21:25:17,373e799f393c8befc9296b1011586128e338e4f695f698ffb2a21e402a9f3cc6,5,4,-1,reduced
pool1gqf605yxhmyfasdjhf8yxcesztgzuek9gfuvy2dnyj5cyp8zga3,OLEUM,2,2020-11-16 15:01:57,aec845326a15f553e4c0d48c1095576dcd7fc6760282f02a53a9e1b5d43b0298,1,2,1,added
pool1ulsc7gzslgc8lj2qtuw4zamqaz20377lgx5mrv5q2udnshcr8dl,,2,2020-11-16 01:58:36,9b4fe6f5c415bdda480d692df47fc682833e2ec1e1ff00a37220f12d1ddff220,0,1,1,added
pool16kus5xvdysgmtjp0hhlwt72tsm0yn2zcn0a8wg9emc6c75lxvmc,EDEN,6,2020-11-15 09:36:34,4a35086113fa61579fcf8f8b0dcc56d06cb1f83ee65b50a92f96bc8a13f9ded1,1,3,2,added
pool1ycn0kca2jx6tw3dy2u4ya8qjjplnp53jt68upg3c2ls5zqst96x,,9,2020-11-14 21:12:46,423375029f7f92f4ea99d8cf82d01c7ac02440e78105dca3a9c92f4c63bf3780,2,1,-1,reduced
pool1a734a2f7kex3t9vh6f7rv7j554w4s0tgw324hkngeufsv92gzct,,8,2020-11-14 18:23:41,b003d5e69d79d90136ee776769b3da4289926c546c857d895d791207a2d7e264,1,2,1,added
pool1fp2ds5467a63k60r4sla6h8pju4q0z92h82hvqqv782vqqe4z38,,4,2020-11-14 17:21:43,e93bafd564a5b26894f46183572d33da40dd3a7aa45f7bc338d9d5f34edc768d,2,1,-1,reduced
pool16vkczv2z6tmynp7up0hj8pjd3ajzh6h28p5cl4uul4hkskksjke,MOJTO,2,2020-11-14 15:23:58,f33e291dc6b94f55e20e83211f34e0ba0b9cf766a72533cf4aeabaa997b8d2c6,1,2,1,added
pool1429egqgv60r3nxlp6cvs08qcffv7duddjvyjd0pt6wzhj7akda8,NASEC,2,2020-11-14 11:20:57,07e7f2f7eac4e6177a2584a4e1c852bfa89ef18e54d40f778acf3ce03db873d8,1,2,1,added
pool1yp3f9645g70ncfrjfw4gw77gpnf80q7xpzwlce987g48k9lxsh9,IDIV,5,2020-11-14 08:54:51,f4f46c75c1104d5d3d8d6e2d52f92e102223652156ff266543033e09920cb5ae,4,2,-2,reduced
pool1yp3f9645g70ncfrjfw4gw77gpnf80q7xpzwlce987g48k9lxsh9,IDIV,4,2020-11-14 08:13:29,164efb8956cd3d575efec25e81179b7f71aa3bebdc4483468f71e30ee36d3e87,2,4,2,added
pool12crd62rxj8yryvshmgwkxza7um3uhaypwdjeel98lnkf529qdw5,0PCT1,5,2020-11-14 02:37:02,7f7f02114df371da3acc610ecff6774d5b14bac17600179d002a72ec698c7984,3,2,-1,reduced
pool1xsyl4mgg08httw4mw7z2tjnzm839e7rh8es5sngwqmvgq2qk235,1PP01,5,2020-11-13 21:48:54,745febc517651ac11c866efda4c581a821d7f10521d91a531d90832260d30492,2,1,-1,reduced
pool1qqenhz258k5k9nyjull6gkzg7s4f3ae8v7qxwpegeef9v0nsy3e,CHRTY,16,2020-11-13 13:07:10,94ff4d810a2160cb711aa2ca88f93efe85a8a4d4539eb83283151d1529ab5652,2,3,1,added
pool1ztpwatlnzskuruwe7hxwvu6xjsv6l24835pyvpx7lslccy3xx9a,POOL1,9,2020-11-12 20:19:11,df517ed363d808914cbd7c34e88d32024dc8df7b684d7bb0668b30284d302f15,3,2,-1,reduced
pool108zdflss3ayqlm5c7vr6mtqj2uwl99vk28ur8dv4zswdzt6yauc,AZUR,7,2020-11-12 19:36:16,20b40843568bd9ec8ecc448b162ff000c70a9c52c3367fd7cbad3a851d1bdd3c,1,2,1,added
pool1u7mqtde27swkarngjsn5mmw3sy20zavlafgqkmg8qv2n2nwga0l,CFLOW,5,2020-11-12 19:27:44,4edd9ead48499f3659262a6e0614cdaa1bf1d19884ab15ef4ab67471a168893c,1,2,1,added
pool1wrjg8fts9cus0eq8jyf5wqsfe64e8tvrquxgff3tyze4qal4hwq,TPOOL,3,2020-11-12 19:11:04,b66bf7cac2ae21641ba6795822fd011f4a581b7a0b487babd5808d8b3060e9dd,2,1,-1,reduced
pool1u7mqtde27swkarngjsn5mmw3sy20zavlafgqkmg8qv2n2nwga0l,CFLOW,4,2020-11-12 16:57:44,27927a0a635492b6305a93d6d501bdbb2e56c0a588b2e45efd77e7fb91098749,2,1,-1,reduced
pool1tg90tjqwmpzkkxpvs8nrl3383g9numsp380rzsmnp6d2jv525le,TATEK,4,2020-11-11 08:34:34,b5c706317343f1e1f069d7f5bb24fd43d11887749b2707679b7222c6950b2b9f,2,3,1,added
pool1gpz25s2aasmqnh9tg8a2rxmyxuvmj5s779htxk295e9ajnzjflc,MUGGY,9,2020-11-11 08:15:07,dab5ef1383e4f97c95d67355af044c4be9f9fff2dc3bc2cd180efd9ee29f5090,3,2,-1,reduced
pool1egunxfppwtglyu3t864uq76y0zu05s7pjda3e9g95nwlwc5ye2h,AUSST,6,2020-11-11 02:10:32,7a9f7bfe8fa678072c95bd4e75d866d3c115a2d2b50acbabb964f3e5bb51f50a,1,2,1,added
pool1qqenhz258k5k9nyjull6gkzg7s4f3ae8v7qxwpegeef9v0nsy3e,CHRTY,15,2020-11-09 22:30:07,451a71ff64de826e2cce9842a720337446b31ac411b772c6dd1a41836b8f9625,3,2,-1,reduced
pool1nss40t2xhh7ntgp8ca73u2xd8kzyn3dgtf9jfh0y57kxul9zt82,,11,2020-11-09 14:25:54,230f00965a35561b97c4b40771e8e0298b8cd5d9a13933e16614ee545d0d2931,1,2,1,added
pool1s79cqtwk5s24lcske704ckx7k2pagn8hc95rxvy3xfda6r62pg9,UK007,5,2020-11-09 14:15:41,e915c02f50081d0d9b66939f56079e4a122e5b41728905e94609a43de32868d3,1,2,1,added
pool16j6m34wg86tm9nvs5r7crreunk888z9ucacxxfaf95sfys7vdz0,,15,2020-11-09 13:48:36,46832f7e0af5af5f8ba8a76f09a789c4c77934f089189277cfcea188f17b1de4,1,2,1,added
pool1r88vs06qv3vjrndvhewwhz08zc6ka7eqwxvf4stsj53n50nr8n7,LEAVE,4,2020-11-09 09:50:24,900b1362a0bbdc2a7764d705554a36fa8c1933cd93dc394d0f1622ba9a0be7c6,11,4,-7,reduced
pool1qqqqpanw9zc0rzh0yp247nzf2s35uvnsm7aaesfl2nnejaev0uc,TITAN,11,2020-11-09 07:57:54,1038ae7014d0ef50ed5787bcced477ecbae9cca60ce7a88120fc932fe784e74b,11,4,-7,reduced
pool12akphrukmx74qj4f6w38rln95dn8aw6lmdascktv2c09w0srxw0,THC2,7,2020-11-09 03:43:02,43fa3d189fabb24ff76d3e80f62fb2900b597896e2ad4e8865d0ce6e8277c656,1,2,1,added
pool1yechqtexl9r7esg5scwynqalmjrpd5l69wkwrrw54y0x26eljpq,ICRYP,8,2020-11-09 01:58:11,a4d5f0ea0b12d09a773fe54863eaaf943bd4cb5c2f78eff09b63870a1a376120,1,2,1,added
pool1sgm50zlvluzvherlmej0wd733fl0ew3y2564twmxnhn5j5q325s,,19,2020-11-08 20:52:37,89d2e19adbf68390446675b3b0c22a9f6381371ea8cd2eb4239951b8af05d0a3,1,2,1,added
pool1twd9vvegn3fqq0f4n08p3aml2ud8q87njs49900rycj4sr5hhcy,AOAUS,9,2020-11-08 11:14:09,c07566b2c452a04f06720e387837baa641153e7c809dfc20477dea118fcc8849,2,3,1,added
pool1pf6yhzdr9vpct5rc3dtwersl4lyuglp80l4jc67kf2qj29xjg2u,TAVN,5,2020-11-08 08:56:39,d9fb87fc6673e9514876de81fe6d5ab3d62dad3b5e754af5b9ba944432381611,1,2,1,added
pool1t6mnkhwj99hm0ckt8fkf85r84le9p95v2a3l874vfn947g5ajmu,,2,2020-11-07 23:32:04,1adf2da0dc9610d34af84ef68ed8e4638c2dd259c8e02e010b65568c5180013e,1,2,1,added
pool1sffl322qgsrsmkcedzzwk05396dkmj56pcepqvj6px3n2re3qu4,MOON1,7,2020-11-07 20:09:17,85f447c1b3739ed41562eab06e3158753a6c757c2088f33438c23295eb0e43bd,6,4,-2,reduced
pool1uautzneywzapn03te7q3sd737xdfejgjlu4mdfjz7mweq92dugg,RETIR,2,2020-11-07 08:51:31,d01d601eb9313fa1e235f716c857b0d22edc27dfdd0994320655943f44612e67,1,2,1,added
pool12vv4c6z7yf8j4m2amzej4j8tn2d4dxklqk5nqztz7wl02gratjp,RETIR,2,2020-11-07 08:47:21,1f8bd0a3b22df95fa18007119c4a1809587c80a3837153f5887d56c2191f564b,1,2,1,added
pool1lkpj6fa4l0sy39qfvyl4pcsnnd22y8np8j98vzwula2kuxgers4,JOY,3,2020-11-06 21:18:04,d5e54aa76ecffcf10f765e25eb8cf8722fbd573b7068858c2bbb5c16946716f7,3,5,2,added
pool15wj590e6gsmpmttrxjd0emck09a0h9tazd2ww77q6duyvg8lyum,HUSKY,2,2020-11-06 18:41:22,dd5f5f7ddaa17e22a790596cc4db03303369785c91758bb9dcc9fe1f32e91458,1,3,2,added
pool1lzupr43772kfux007sdt02vlx7uzmfcplrwmxntdztxmwv9myrj,CRCI,2,2020-11-06 17:25:31,c72eede8ca12ef240de847a1fce3edee147de877d463480caa6678661da4324d,1,2,1,added
pool12n6lycv28kjtkzecfz2a3uujyxy6ewuwjcmjq84my67psqmgagv,MANT,21,2020-11-06 15:26:11,6f604e5884e840c4180933a33449a0bbd1b17e45b835ae0e7e5535a34675666b,4,3,-1,reduced
pool1lqucyxuvjktfmpf7fd28j54cfgamyrxed344vnwlm9wqkwjeqwk,SPS3,2,2020-11-06 14:43:38,3bb1c6e546a060fda8bdc8e84ef3fa125cfb20602c049acddff284eed9884008,4,1,-3,reduced
pool1ph2devyhpvlppszssfckmrayg63h0gs54ax9gz8h3zvcgtm043e,,2,2020-11-06 06:19:20,bf60878bec6c89f25e29f6f31507244f039b4e31c544291401a3d10990741dd3,0,1,1,added
pool170028ak8q37qf4e5lf7z8eyuscgcrqgzn9lh58a4g9ngzd83a0h,AQUA,107,2020-11-05 04:22:11,607e8d81ed166e527b826176333aa00a2b5665bbc1c36a56727eba0128541ca7,6,1,-5,reduced
pool170028ak8q37qf4e5lf7z8eyuscgcrqgzn9lh58a4g9ngzd83a0h,AQUA,106,2020-11-05 04:20:51,281ef166024423dbc41cea10269b9f68a65f1b439d89201c95264c63b5e41d78,1,6,5,added
pool1zmfpd5r5vfwjmwm4cgy53exe58h7plnecny3t4948yw7zumzp4c,ALPS,3,2020-11-04 18:38:11,cf54d89a7eea510dd441e4613fa42de8164cc214f5e590953dc993f8b59a1ee4,1,2,1,added
pool1pfprlfz0ywcnewjegazz05ghgcfkvu40v6edsz6yn8w362sdjr8,ADI,3,2020-11-04 18:00:48,7dd283598da00dc59855174430b88b2388c6ae56b7083c968a226f2ba7856dc6,1,2,1,added
pool1qy23q2qe64n6awyhrz0a97lk34zzcvgpk2e4vqmhjs86swwp9gn,WATER,10,2020-11-04 02:46:51,8330f514a9ac0c80d6fc70af358216f99006418b1a4ed2bbd0d562e97ad43a6f,1,2,1,added
pool1ek2m5zuydqcgqv3s5mlh55tr8gp76yuxe4hj4s7xtxajyc94rx3,,5,2020-11-02 23:40:51,898eb975dcd3754457ae60f4b7f5d6fc9face1938a6caf1e9b64d635fb0deae7,4,1,-3,reduced
pool1favrzvccjq5ctetwurtrcxe734c7zlh60f4d62av6art527tssd,,3,2020-11-02 23:23:31,f39869f92185c0948d090092bd638be11610ffffaac4ad394a8a84c97ef69e39,5,1,-4,reduced
pool1ek2m5zuydqcgqv3s5mlh55tr8gp76yuxe4hj4s7xtxajyc94rx3,,4,2020-11-02 23:19:10,b7eb8b929ddeb3a2bbc8d76b71ecf08cf0d6036f37fb01660b9fd1bd9c3b02d3,5,4,-1,reduced
pool1s6x6kltycpxq82hyqhlqllqj3q5l2m8w499gvtu4xrfv29c0q2q,LOOT,3,2020-11-02 22:43:18,61d56722e6188262cc4b31aa4990b0e03e24310e8624a52fb1bfe3306c7db1a1,0,2,2,added
pool1sgm50zlvluzvherlmej0wd733fl0ew3y2564twmxnhn5j5q325s,,18,2020-11-02 22:00:51,e50ee83b7d937232008fb43e1e167339a2cd4069aa8db459c695df55c9053003,3,1,-2,reduced
pool1s6x6kltycpxq82hyqhlqllqj3q5l2m8w499gvtu4xrfv29c0q2q,LOOT,2,2020-11-02 17:35:56,ba63e4330b3da9f954ec282c033ba8a93db40bf6097b47fa8656a171781609fc,2,0,-2,removed_all
pool1a6ysvnx24xsjh2f6ehgmx7yu9q45fd7lsk88v2swxkek7pkxtgp,VIVI,34,2020-11-02 17:30:42,473de426d8ae6844cccaa2bd4ea96b5ede95f90b2c7ed96037676899a23d173e,2,3,1,added
pool1wm5quxelvgk8q50jyfznf9asvelp9zf0tk2wu4jazlw9yj4uctw,EU01,7,2020-11-02 13:44:11,a41f21c19c2dfa6207dca5c6568dec6e569bd8be9536a89f6777a434949b35f1,1,3,2,added
pool12akphrukmx74qj4f6w38rln95dn8aw6lmdascktv2c09w0srxw0,THC2,6,2020-11-02 05:35:58,6687396805ca6a48442b295a97438691bf58394ef514eb6acd371177252bbcca,2,1,-1,reduced
pool1829u4wxz0hdatsc0sczd0r3362wxk82qlqncjw5ksx7ngne07w0,LEAVE,6,2020-11-01 20:15:44,942eb07c462083002c68dc5475c6526fe2a9f8cda66705bc20907b859d87667a,2,3,1,added
pool1829u4wxz0hdatsc0sczd0r3362wxk82qlqncjw5ksx7ngne07w0,LEAVE,5,2020-11-01 20:06:07,23a0844bc2d008726a3ebb7781a3927c8595eddaa1e0aac0fb41cd1b807a33b8,1,2,1,added
pool1yc6f3cqsc7jfh07hcns64v5cp8720mve870pgxf2wkr3u8l7tse,HYPER,17,2020-11-01 17:43:49,69aee80b0d0fefc8e117d3a3b0a59b84d2d1dbc00d7b0f91163ebd71a66ac5df,2,3,1,added
pool1fqz8zaqraqe3eyv9lqhldezftljshsnr0g580ykjprjaw0h9lmu,,9,2020-11-01 15:09:42,ef97b65517ee53dc462bcb931c1efb055da81279ba91e84d679a839ce6b02273,1,2,1,added
pool1sgm50zlvluzvherlmej0wd733fl0ew3y2564twmxnhn5j5q325s,,16,2020-11-01 11:36:31,8ad6b6b6d1e87a072507407a49cabf0c01389f2d8c8d0e565bffa1dbdcb87e69,4,3,-1,reduced
pool1sffl322qgsrsmkcedzzwk05396dkmj56pcepqvj6px3n2re3qu4,MOON1,6,2020-10-31 23:59:04,d30926c4354cbccb6c2468739ed79e034f4b3b8aacdf2741c0e54726fbbb36eb,9,6,-3,reduced
pool14nl3h9l6mz3tutjl76849v33x409nl63md3d8ay7wrmnvujzrsk,,3,2020-10-31 15:45:07,b1355a7b71bdf835268575002d05ce7d11a13f999c19050ab465674df9309565,1,2,1,added
pool1sgm50zlvluzvherlmej0wd733fl0ew3y2564twmxnhn5j5q325s,,14,2020-10-31 11:09:12,2d18a554de225bfd0452806b70f67820f254af8514854b8528ce2cef7ebd4289,1,4,3,added
pool1xt0z35f0ms6xt5r8swhtd2xcymqxvk42m8fk5q8fnw8hjhr6yax,,9,2020-10-30 05:30:34,8e94bd539844381399ea391e8e8e03a20c33d7ea6d97c1702dbfb4460132eb23,3,1,-2,reduced
pool1druxd2syfrvqvepxh60fz0qhralcesruphh5atujuh0jktjy0ma,BSSP,6,2020-10-30 04:39:43,390a430f5066ec56de7cc13e04661f9918ead51d8a7967157be83e244d8fe996,4,6,2,added
pool1dgmuwu0txducah4pes4e2avlcv98wedml33kdz7ujtrrxk8xv9y,XORN,7,2020-10-29 17:29:51,8d6686f87bcca09ff301afca824de019b70412a88a1b4f5aedec76e0c0b099c0,4,3,-1,reduced
pool14pxhk34wlpu2azrnwy9ah8hrzxgffhqthcxcp620209eupfjfcn,1337,4,2020-10-29 11:41:05,7dc7469559d56f60e5fc4b8b859fd45b7bdf401664da726972472698647cc628,1,2,1,added
pool1ksazs9mzcuyr3mfrvw48dc5wkgsjceztakymmv7jpxle7l2nfs0,TOAST,8,2020-10-29 11:27:01,95e132bae65be36d6875ea0e19f55480491327f9b748c6d50114b52b21c9faac,2,3,1,added
pool1l4gza884cpv5868j2rjfvxmg795u0p4sgsf5cer4nv88k8gu6wv,HORSE,9,2020-10-28 21:24:59,7fa7349261cf6c2e7931cc5fe70be58bf919ed9296a1293e59f9fd6258964023,7,6,-1,reduced
pool1yc6f3cqsc7jfh07hcns64v5cp8720mve870pgxf2wkr3u8l7tse,HYPER,10,2020-10-28 05:11:00,2c74807d7d8c84a42bcaa4b8d85f3bf56671f0c6a5ff0c87b8fcafb39534f59c,1,2,1,added
pool1pf6yhzdr9vpct5rc3dtwersl4lyuglp80l4jc67kf2qj29xjg2u,TAVN,4,2020-10-28 03:44:53,38fde18b17446cf9449bd57ece0974ab7c8af0ed88eb25b4d46c59555ae739d6,2,1,-1,reduced
pool1h0anq89dytn6vtm0afhreyawcnn0w99w7e4s4q5w0yh3ymzh94s,GIVE,3,2020-10-27 10:38:43,9847f8287083ebe3260ac77c70f62c487f9cb19c1ccc4a7f756bf92fe5010810,1,2,1,added
pool1yc6f3cqsc7jfh07hcns64v5cp8720mve870pgxf2wkr3u8l7tse,HYPER,8,2020-10-27 08:16:49,2acf618549f91118290e80265b6d927a956bb94db8d30593c9a7dde10ea1994c,2,1,-1,reduced
pool10efuydxjnasr0309lqklmj9xahupdnzqd59r5dqjeh4twz06tr0,F4ADA,3,2020-10-26 21:34:51,b53804056fbd086700152c2525cb6ba1b0ac61011016b3ae476b2c4c3f116d80,1,2,1,added
pool122y8c6dqkf864l0uxxnz8uz60dcrxvdm5w6j302z7ft0265f3xu,,2,2020-10-26 17:16:02,9c3c44249122527157a381b271fee13fc53c753a52a4007e57cb152512d7d2b7,1,2,1,added
pool1pzkgztz8y8tgd9tpfu7umep97x7m0c5ck0dpn2vqtf202fyhfv5,,3,2020-10-26 15:26:19,4f91da13f9ccc6c136337f8e31d71f3b6e5b851140d9fa119d1a935c1a805451,0,1,1,added
pool1vayu3mf4qgudxeelywy5jxjxaz56ycyr03trp4m4q7925mwv5ct,,4,2020-10-26 13:57:26,0c5551b67a47fb9aca982f55f64b020907361986c37f78d750cfd677421e4f55,3,4,1,added
pool15txd36fltfgc63qq0yxtpqt88eu76s0yhugn9a6q7f4zspq6k5f,ARM1,2,2020-10-25 20:13:14,39debff5832fbe8174598c7e5d96e58d7d1a78a0afae7186e8078ee5df218607,4,1,-3,reduced
pool1rg2pt0fqslda6cz6kxr0tqrjdj596sk8uu2swm33yvm46awgew7,,6,2020-10-25 12:32:31,71bebaa27cba4419ecf5333c9fb3bf4d5c2bb4f249e9a8dd2381455e7ccb2761,1400,1,-1399,reduced
pool1dqq4ugkrkpwhray2z8jvk8nvnpnq3gm3g2stz4wmusap6tkuclw,,4,2020-10-25 08:18:56,979548b48b30169a643ff2bd04f1598c0dafe7324915a20c3f88f9712eeb5d03,3,1,-2,reduced
pool1w2duw0lk7lxjpfqjguxvtp0znhaqf8l2yvzcfd72l8fuk0h77gy,PSP,11,2020-10-24 19:41:01,a9991f5ba76ce04d0e03cfe9139638b6f874657c7b9200fd1ef7fb357f039cf8,1,2,1,added
pool1dqq4ugkrkpwhray2z8jvk8nvnpnq3gm3g2stz4wmusap6tkuclw,,2,2020-10-24 07:47:23,757bd47b000944cb5bd23a406c5e164237996eddc71f0205f7f3da163a0708c3,1,3,2,added
pool1w2duw0lk7lxjpfqjguxvtp0znhaqf8l2yvzcfd72l8fuk0h77gy,PSP,8,2020-10-23 17:21:23,93747f1ac9998fdaf66a7b7f7ed04b2cb173589d66f6d968ec6b78ee903f545d,2,1,-1,reduced
pool12akphrukmx74qj4f6w38rln95dn8aw6lmdascktv2c09w0srxw0,THC2,5,2020-10-22 02:18:11,a88c4d2eb6f23317fd4ff7b1df7646ed83d6c4f52aadb4e3c93ac151638eb6fc,1,2,1,added
pool1hl9tn0qpujfss69h6jr3wepc0e7tuczchpfu7nu4ma006u5scfw,HISTK,8,2020-10-21 16:28:53,986799c2d385300b2fba3bcbe20df7ba26b557b966c4b360d57f438f8914a443,2,1,-1,reduced
pool1nhqaugunqpzr9zdf4e2vfp9hu6y0gcwuxr0jv5hnfvays26xmr3,MOJO,6,2020-10-21 05:50:45,67e168c3596becc6c849f8614c5438567af5b6787c516be2403e21777b053b9a,1,2,1,added
pool17e4rdh59t4fmn4g3p02xvs853katrjzge830tsmd3sfdc645yvt,GAIA,3,2020-10-21 03:14:15,e77041df2ecbd20247bda3daf2249df8da5628e38426fb5eafd28ccd9c541629,1,2,1,added
pool1rg2pt0fqslda6cz6kxr0tqrjdj596sk8uu2swm33yvm46awgew7,,5,2020-10-20 22:14:32,59040f152a8f224c44ec2dfe3b03c53812f43e82b3cd30ddc68b419acf59d7b4,947,1400,453,added
pool1v4xevkf7fx08pzy7atsk59dds6p0sdyl6xmhwf4mh79x6l5p6kx,DIVY,6,2020-10-20 22:07:06,23080a0735a6908c1047e798efa117fae4e89ef3e8a041b5501043f0fe7edc75,3,2,-1,reduced
pool1hl9tn0qpujfss69h6jr3wepc0e7tuczchpfu7nu4ma006u5scfw,HISTK,7,2020-10-20 16:32:35,0d0e59d5115a74c2d2d3eacddbcfa04af6c38255db91f9d86222574d9bb74579,1,2,1,added
pool1z89dx8u42f4cvujvsjupsg50cfgqhjjuaxegvj59h9q9scra5fy,CO2P,8,2020-10-20 14:44:14,dd848ced42a268f3de24dfc71d3b848a8bddcf793449c2c1e87e8730830036bd,1,2,1,added
pool1pf6yhzdr9vpct5rc3dtwersl4lyuglp80l4jc67kf2qj29xjg2u,TAVN,3,2020-10-19 15:44:29,09d057fd139bfa056461d6e3ce0c998adb9795834ba0d595860066382b8448b0,1,2,1,added
pool1nc8vcafsgemc2jx7mmze3sppakahrl4z5qqauw6znr93jfyqv6j,,11,2020-10-19 11:53:45,5e404b997d4917fbe5d62e5db774b62c9ecea0a19430e20a2dd87157175c025c,2,4,2,added
pool1ahl705cca5twdfmml0ksux606t8vmuemu9vsnf3g94mm7lhnhtv,,12,2020-10-19 10:56:23,84060d5d4ebf8cd0626785eae3f9df8f1ff53ec34853051b036ec90bb0d509f6,6,0,-6,removed_all
pool1j2fvu8gh25ctsx7fkyvkxpjfllzukcvu9nlsc92uj4sjwy4qzdf,,7,2020-10-19 08:51:59,1fb00e7f3dcb470b104f161c7bf8545ce2be40f30122962596f622a030b1a76b,4,0,-4,removed_all
pool12akphrukmx74qj4f6w38rln95dn8aw6lmdascktv2c09w0srxw0,THC2,3,2020-10-19 05:19:29,6e61e3e63fbcf7e6948347bdaa57932d784110205347115db74248a812135f4b,2,1,-1,reduced
pool1l54esv8h5xjry9ms3jq4mnf49vwt3yuxl5fdudp7jpdx2swuaah,,5,2020-10-18 09:56:59,9df5d3a607c3c1e0fd95ca4df1bae69896c70821488c246f37d14928cd6b4116,1,3,2,added
pool1l54esv8h5xjry9ms3jq4mnf49vwt3yuxl5fdudp7jpdx2swuaah,,4,2020-10-18 07:57:56,22ec7502b6498891efa81d137feac405dfe9437d87284ce149aea29025cf4cfe,3,1,-2,reduced
pool1kllc67fn00yqpffw8e9dqnlcaa733h9u5nwx97vhtjlw2t5e56j,KEEN,2,2020-10-17 19:41:42,64508763e9369968cc7bc939084807bd6c5997cd09ce65e7676e318cd142a41c,1,2,1,added
pool1lqpymyzg9glc88r7urptuv0d8t2tu9ty7xtshvxmgpu0j4lp8p3,VINCE,6,2020-10-17 16:43:42,919addc63eb2b12543d0661ea4d88c1f3d3227b2315ded716396e832c5e0352b,7,3,-4,reduced
pool1rg2pt0fqslda6cz6kxr0tqrjdj596sk8uu2swm33yvm46awgew7,,3,2020-10-17 13:04:03,e81ab3705866b9a5d3fdfd6461ccb83b47f17b6e16c7917e99978acf6dda3157,1,947,946,added
pool16j6m34wg86tm9nvs5r7crreunk888z9ucacxxfaf95sfys7vdz0,,14,2020-10-17 06:24:44,b3b2015d003d40fb2ccd77192e126b7da1e7bba76053173add66f02b4ebc32f5,2,1,-1,reduced
pool1tg90tjqwmpzkkxpvs8nrl3383g9numsp380rzsmnp6d2jv525le,TATEK,2,2020-10-17 03:34:37,30871a4fdfce4ea528d2396ee89e1b559dabc4f4eadcb830ea54b9d72ba94392,1,2,1,added
pool1gppqnqfguctp6gu0q8l5wjhye0ny28yzfx93hkr384cfsezru0f,CAPEX,6,2020-10-16 13:55:04,13bdc9440049b196ae295d7c7c3a4fc0c8efd3e142c832011fb912c2aa1ec4c1,2,4,2,added
pool1afv4cmmjdkujtd5r9t63090a3frwwqy8f3e46gz003vyzjcj63r,,3,2020-10-16 02:16:48,aabb6aedddf95b3b3f4abc46da3894b3bcb5d245e49405753a28da762c18adf2,1,2,1,added
pool15ccmgcc4k9t8auxw9v4dfjmrl2kqnuevawn8z6n7xv09utw9hh3,4ADA,3,2020-10-15 15:25:39,afc35db68165494e5cf7db75b87fd4955d2bdc0082f2b75ceac2a3bc88531fd9,1,2,1,added
pool13zh79cqv3y36cgknzagwegp8y0kuzel2j046jmup97hhjwk5myw,,7,2020-10-15 10:27:22,d2416373f0b9c15f2b38d41367b4bcd1af9388422b01c1e2f565ddd790ceed37,1,2,1,added
pool1qqenhz258k5k9nyjull6gkzg7s4f3ae8v7qxwpegeef9v0nsy3e,CHRTY,11,2020-10-14 19:44:37,bbc0c59ff2ccaff788cf224038cff5eb6e767751b5ee05e01a78fa4b6d9bc4ef,2,3,1,added
pool1mxapcaxj3xnym065w8vqpurgtkk6gssxad5y25rhh6ucc2dw4em,CAST,9,2020-10-14 12:23:48,16ff5c3cc915d2e96dbdea0753a76da10514838ca9d39eea22183a79d2813e7f,1,2,1,added
pool13zh79cqv3y36cgknzagwegp8y0kuzel2j046jmup97hhjwk5myw,,6,2020-10-14 09:58:59,6cdc7b3ae678764952e3e7c57b15cbc169cccbf2d08cdae7729a3a8c33887a2b,2,1,-1,reduced
pool1j6dh3ynys827j38976q0q3s3c9hpzgx40kjcq4472h6m7d3t0hm,KIND,4,2020-10-14 09:12:47,133a01cafbc9e525099910e529b6519f4a0a04860eb4c3e2d811383b27614cc7,1,2,1,added
pool1tdsrw0n33gmy0mzh7cgtn9p0jy5xwjxaa2s26gn2ewf8kg4nrzx,CAFE,4,2020-10-13 10:22:44,592d255b9b76f9aa07bab07352054c1df09252ddc0327281d8d3b3b99219e0c3,1,2,1,added
pool1jpz5m45ff4r6tnq7n5tw63fkhpmw3cyv8sn569w24x8lj3kl68c,ADP,6,2020-10-12 22:33:37,f78028e063a1bf47ffecbfa07faee5f7da7883a0a682fc200e2f1351a9ebdbd4,3,4,1,added
pool12rkpcc250wh03m74lvaqhnj8t89umae2v22gqg5rf470yhg6l4v,GOSLO,2,2020-10-12 16:07:04,726ff2f292aced9d0d83d01db561dd0d8bab65841aafa073944d4e63795e3436,2,1,-1,reduced
pool1xt7mjrtnsew3v33lu8sf93upf20sxhmcrfnpm82ra46yxk7uy45,ETO3,2,2020-10-12 14:58:03,d98da5ff72ad3b20525a672685a30c7891c6c117d467f7607e847342a5fa3763,0,3,3,added
pool19066qvd5dv6vq7fh5a5l7muzk6nc5fw8zq3w4tclyrhvjvlyeuc,ETO2,2,2020-10-12 14:52:48,dbb3e4eb0c179b8ae15ba4d4906b8f0e559fb9c5a7d5bbbd0ae23ac4592827dc,0,3,3,added
pool150n38x8gquu4yt5s0s6m3ajjqe89y68x96dh32tq8a4es2l6dvp,ETO1,2,2020-10-12 14:45:57,99bfa55c9a9d5877cfc45963dadb6f21c71547e7ef899a8dce563edb405aa54c,0,3,3,added
pool1jpz5m45ff4r6tnq7n5tw63fkhpmw3cyv8sn569w24x8lj3kl68c,ADP,5,2020-10-11 21:12:37,3739e6fa94f78f1dd548e40a80a6cf262bda77fbff1f6471e69b7a3652a756ee,5,3,-2,reduced
pool1heks0vmxkfka2amg9c8yn8qdsxvgmzelfx6jhpfkj8ht5mn0r2m,ADA,17,2020-10-11 20:35:24,1acae7a0c2b060b9c34f9de7761468a58783d3460ebc14443e7de2201d5bdaa2,4,14,10,added
pool1heks0vmxkfka2amg9c8yn8qdsxvgmzelfx6jhpfkj8ht5mn0r2m,ADA,16,2020-10-11 16:34:51,eb3b2dda1f5f0e9d36ce15b89a81bec0b33bf74f0ea958335cfff4bd53a7b6a4,14,4,-10,reduced
pool1wvyh37mrm2rcx75gvp22cdrsy5w300aj8lglnzyxzf2hjuph0mt,BLUE2,8,2020-10-11 15:23:11,86cf533b80c822cd8d8b26e01d48f682b824a15cf201e9ff074875599fe5c7a6,1,6,5,added
pool1692dxqqcsavymwz28w44t2jhyjnakvj4l3gwz2dqrarmc2k6dkh,BLUE,9,2020-10-11 15:10:57,82ff87ac343900b55210600f5c2a10e1b596ef715cd37d777f183a96d5a2a386,1,6,5,added
pool17ym7vuptkzd6h7yvey7f8hlavsme6h2rhklre6rslaw9gfvekag,VRITS,10,2020-10-11 13:31:31,1e5241200b8a5415e7718bb45fa14db87fd0fe8f38e9d254e637ab310cc81d79,2,3,1,added
pool1c7fwfs90r2v6z5zeyhkwhklfc3dcccfu53d7kstd3x84jurpy55,,2,2020-10-11 12:36:48,7edf1b1b6ac8d8812d84e642d3ea212416ab820f31c4836e9d54c2e85d5beedf,1,2,1,added
pool1yydna77k2j8yq4fw08d202z664g3fvavfvqjg5g4lxmwzsa9k9u,,6,2020-10-11 11:37:04,e1a44c526eab0cbb36db97c241d7d26c81cd693c3635d4a044d249e48edb211d,3,2,-1,reduced
pool1tjr4zpndkvwkw3du3fvt59f5men6jhuevt7rpx6xw0wcct5kl04,SUGAR,5,2020-10-10 13:13:44,6fb9211f75a42187db70446d0549baac66d09e407d3fa0a5767f81b142273c42,1,2,1,added
pool1jpz5m45ff4r6tnq7n5tw63fkhpmw3cyv8sn569w24x8lj3kl68c,ADP,3,2020-10-10 12:38:11,ab5dff9c7abc432aac0bae0b3c211d4e43c6ebad31c70e82fa4d8c958148b322,2,5,3,added
pool10akpqvczl93ep4rc59c0aqyn3dm0env2ydysuwmdm670wl24pd8,,5,2020-10-10 05:02:37,e6873a0084578ea1861fa5d3441364899bffb5f71c06a933a08c7a820c2bedfe,4,0,-4,removed_all
pool1n96ql32ct37n8w0l9ddhnc2t8tv0uyd6kuhzua8uxy63xs35wgl,,4,2020-10-10 04:51:20,a2f1cd10593d70fd252b0d8e7a555a9703169f59f4ea53cfad802d9f204d237c,3,1,-2,reduced
pool1hv3yae6keeeu2y7eusejx4swd2myfkurldt7lasn2qu4xk20j8m,BLESS,2,2020-10-09 18:42:04,126f4895cafaf9da852dbb65ad0bdbf6224780d0baddae4d3195d7a61fefb0a3,1,2,1,added
pool1wc2kuqz7w36j4xc7x8aqekgjhmy4ggknddqqfuw4mr3pu9f8wxn,,5,2020-10-09 10:24:17,f7c26236d8d7336f792425a5d5f596d73d087d2ce4e949b2310b090451a308ce,1,2,1,added
pool1ul0t4hjnnhz4wgaghaa7hur77l7gp0akagmjx40r0kn8ct00vl5,THNKS,3,2020-10-09 09:56:31,b6201ac40a92c42ad5c2656f8433e5ca3e38c9924fcd2b3af7d513cec33b0d63,2,4,2,added
pool1f2pqecfn9x8kzgjeecyjk7cnqj0nyu84uaj2ptr0xdjr5w9qepc,,2,2020-10-09 07:45:24,4ae97a99be04ee5d4dca68ad82f2e96958c91c536cb0c6fec0a7c0a3b312e3f2,0,1,1,added
pool1nhd907krga9dh69kf0jg4tl0764rravepy337gptvsknxyyx94k,TOPO⚡,21,2020-10-09 07:25:28,f3b91ffaa0c3e957d2bfb850126ee38475b865bfd1a7536bba1e95898039c80e,2,3,1,added
pool1qfaq3ay66hkwpr36z46lh8xcartu7wmczkq85g935u2lzxsq47c,,3,2020-10-08 21:08:44,a0bdea3ca61b2679c8cdc2df4bb0d97f3ed5e9410380788ba32f330c7e7170c7,1,2,1,added
pool152ns2rs77pscm3mtmnymhwsvq8uglcdc3cvucvsc4jkds5k4te5,TETON,5,2020-10-08 13:44:17,f44a5672967a41fbd7b5d36acd628b54cf9c4b53e2c14a8184262d449485cf80,5,2,-3,reduced
pool1t50sl2erwfaey5du4e7gnp52fylplh5q4j24zkkxk9t5vsxfcvm,MONEY,22,2020-10-08 12:50:50,f94889d5d1cd13c2289ad071df08ec417a6111a7d9fc75d5b9f50abb6af758fd,2,1,-1,reduced
pool1lp9wmr8dkcceta5we999nvlfh9um06cd6sggtt5523eawf7mtg4,YYG,4,2020-10-08 11:04:17,89cf4f44685cb4d2fdb558bfaeaf1cb87679b6bd6c6e057dbc21478fbcb0e4bb,2,1,-1,reduced
pool1txdcwt6z4dud7ppf6xhtlcks4qt8degt5gcf0ffjjy45v7jzkcx,,14,2020-10-08 10:40:24,2c2f7a5b83b4f2ca2be04e1126dbe586191e202da03ba6fd190d52416f62ff5e,2,1,-1,reduced
pool1nhd907krga9dh69kf0jg4tl0764rravepy337gptvsknxyyx94k,TOPO⚡,20,2020-10-08 04:24:25,be2cb224f7c6f266b2f9f3a9122e7d6234634e064e38d22035f230db19e2efe8,1,2,1,added
pool1t50sl2erwfaey5du4e7gnp52fylplh5q4j24zkkxk9t5vsxfcvm,MONEY,21,2020-10-07 23:15:57,ec28db695b816b0dfc6fcfffe1ffe779845b8308f9dab55e4eb564c2d33632e0,1,2,1,added
pool16kus5xvdysgmtjp0hhlwt72tsm0yn2zcn0a8wg9emc6c75lxvmc,EDEN,5,2020-10-07 20:59:09,f19e79932fc95201456c5c314fc6bf1e18ee75a6f3a6d24cec0ae8f98f69973f,3,1,-2,reduced
pool1lqpymyzg9glc88r7urptuv0d8t2tu9ty7xtshvxmgpu0j4lp8p3,VINCE,5,2020-10-07 19:33:05,729cd2f0a51be1413d79c33c2924b661e85c0c797cfff83b49028e99671c803a,4,7,3,added
pool1a8h59e07dezuget96cqu7ehfqpkcf0ahl29vu6d06zk4uqltt5l,,2,2020-10-07 18:40:51,0c04296e26a6e9ce2b775d635a57794340631b4f70e2ebe52ed233ddf32f0355,1,2,1,added
pool173mzegwuu0pjcrt60ekelzj5haqr8r5e4e0n45qh9jdz7xm5kh8,ROCKY,3,2020-10-07 18:35:36,51bf8b7c11391b0c0f9aa13db28c0bf6250de115705078423514df33338b8fa2,1,2,1,added
pool1kffetqjt06qvk4995tz3e3q9h3c8cdq9eedrz8qr3ynnc63qckz,LUNA,3,2020-10-07 15:24:44,7c7b0b4fcb81a767e79d39876d76c1549cb8780fdec0e5933c82d4273eabd7f4,0,2,2,added
pool162x4qrsr0fkd8nza078vzn97csjzqfl03wcx3c65s2mw7vhr2xj,,5,2020-10-07 10:34:57,39651944d56ff8ec00e75f82f1c3f78f9a4e736fb305adb3a6ffa4d6bc918027,2,1,-1,reduced
pool19kqzpht4lz9q0pc26f3nvw0ggwznv3xfhhvm2wlkxce4srjm5p8,,3,2020-10-07 09:41:02,e8e410699d8afbe016b04d862595b3616a1f92233826b8094021833a394cf396,1,2,1,added
pool1kjd9ff9u5ytq4atavv2dfsg3pvxqw8d50642pzmpn386zel0ka8,HASH,5,2020-10-07 07:20:20,a8a46cb6224bad49dd303ec43551a4eb55a0464c59385f1e19b08e31ed953c8b,1,3,2,added
pool10akpqvczl93ep4rc59c0aqyn3dm0env2ydysuwmdm670wl24pd8,,4,2020-10-07 06:13:55,e28ea735b87acd118cac21d61ba1fff0fc9de00ea7a793f4a3020cb78a756933,0,4,4,added
pool162x4qrsr0fkd8nza078vzn97csjzqfl03wcx3c65s2mw7vhr2xj,,4,2020-10-07 05:30:39,51a55d4d227af70f70d2dff9066442ce99dde9be7b3678d06e97a0974b9a023c,1,2,1,added
pool126mkma8nv5axltmz7mmg8qz9e70nmhnf58hwx5772fhwgkhk6ag,NAP,15,2020-10-06 23:19:41,6e03dcc2c233f26aeafd51953b72fdbe565790114cd1ada5b6a7adb492a7da04,1,2,1,added
pool1heks0vmxkfka2amg9c8yn8qdsxvgmzelfx6jhpfkj8ht5mn0r2m,ADA,15,2020-10-06 09:54:51,6ebbca21cc8c50d2b8ec8f3d5c568254973e2c1903ce7658abb1d7239c75e759,16,14,-2,reduced
pool12jz7ey8jtd9ek3x2ysxaxsgfyu62ppaljrc3rzs4z6ydvx9rcs8,,8,2020-10-06 05:04:31,283c60177d1fdee67b9cae07b986e455057d29095dc660cd6f5a9232931af65c,4,2,-2,reduced
pool1ymfwzsxt35g3gdgp67yr688456km59twr78j05e87y94w04tj9m,,3,2020-10-06 00:23:20,cd409787b7272090173cfae0d915e98fd5f93934923aa275f96322ca40dc3984,2,3,1,added
pool1a9xyvnnfjnujzy0n2mpf4rztdwrssraw5p5f06mqlgn4s06z0nw,LAGO,5,2020-10-05 18:35:29,60c6c105044a5d5334bc50a0e96a6416f816a9cfe53f2a0075b66aa993186d76,1,4,3,added
pool1v3k049f5aypn325f3rvn79765cuvqrvlhmqyzj835frn6ya03qp,ASP1,4,2020-10-05 01:56:34,ba26197bcebbce3d5c35efdfb0f77a52e24b3b39c00b112bd0809da77bc17c4a,3,1,-2,reduced
pool12n6lycv28kjtkzecfz2a3uujyxy6ewuwjcmjq84my67psqmgagv,MANT,19,2020-10-04 01:21:18,23a0121957064cb65417ceb8bcdea90f4cca2582e575fb666c7250ad19a0e11b,3,4,1,added
pool1k0h45kcsfynjfyplgn6qpaw40n3cvlcrdryez04x40ayq6w9dgh,,2,2020-10-03 07:21:07,56d380a6a814e807474682bde0471e599421cc36dd84ca8643a50f84a56a9ca9,3,1,-2,reduced
pool1cn0dqtplwf67fds40hgkf0u5rm4q4azev5qutmgkw5hdyvue2ue,NEDS2,17,2020-10-03 00:19:09,bfab767e8066d0a35c2c7c67ec41b7451d185f302b42c55869a4345620492a53,3,4,1,added
pool1qfxukshs4fkcrflzdnxa2fdza5lfvew3y6echg8ckaa4q8m5hyf,NEDS1,15,2020-10-03 00:17:31,85405fd42921f6f912ac9bbce1b25219baacbf921d26c64c277e7cc44e487d6c,3,4,1,added
pool1lf3kn4ykqqrany9jwhzr28wmsq76xr5xx3gq206lwn7ugln9ul3,,6,2020-10-02 21:16:43,a153a522073ce119e97c2c9bc157df301451de2824bac73472b1daddaec68cbc,4,5,1,added
pool1gx0p2l057j7pkrcft7sccvqag5ccyjhrjmc4vhn7g2w366u8ye0,,8,2020-10-02 21:08:23,dcf22ad48aaff210ad7350b516fb27caa3a6740376fe26140239e9be7f64a1c2,4,5,1,added
pool1el6ze57482qzf830l6h2y9uj0l9fr5g7xzur89d4d806y896vgf,,10,2020-10-02 11:46:30,51641c4dda4f16ed2c273bfa2dfe4506bfa4b07e28934ac3921ea9c9ef5a54b3,1,2,1,added
pool1cyetkjtz5ly62hrukr2acyw0t8x9fczn0lkw0ech5x6wjt6xd9z,LUX,6,2020-10-02 10:31:56,4d4189a6cd10e994a821f12f66a08f7d323a7dc632639d8df66ae97c951643f3,1,2,1,added
pool1y53awxsm6cmksp8qht8qfq5f5c69t6mrgrdcresk5y0ecv2yj93,RAMEN,8,2020-10-02 09:00:35,0d08cfe3f0ba7e5b89bad8a65a8a48b8d4d0858d3d23e13b116aefc4d9523057,2,3,1,added
pool1y53awxsm6cmksp8qht8qfq5f5c69t6mrgrdcresk5y0ecv2yj93,RAMEN,7,2020-10-02 08:50:53,d5a0042b6d6c3636aad0e6908afbbbdeda13ac4e03d05d11790401f5ee7c81fb,3,2,-1,reduced
pool1vayu3mf4qgudxeelywy5jxjxaz56ycyr03trp4m4q7925mwv5ct,,2,2020-10-02 04:56:31,c09329b58967090c2a4af89c18d5ee3638188943cdbd9bca8c8c1a864908c6f2,1,3,2,added
pool1c24g8qlmmhxrutsaus20dzy84vnaws2839ssqltcaqnwsa4ssy5,,8,2020-10-02 02:31:43,7fc868fd4980923307e1d97044ca0b2062663c858c1af7c826b2ff83945b0cc0,2,3,1,added
pool1m7vr5mjsvs82kh5yp95pr9s5wdldf2v8r6rmpv8z57ypxmrkqsa,,18,2020-10-01 19:45:59,d081b798e04f8583199ea19752563b11bc9c8686b00b77d86844e99303b4b3ee,4,5,1,added
pool1a6ysvnx24xsjh2f6ehgmx7yu9q45fd7lsk88v2swxkek7pkxtgp,VIVI,20,2020-10-01 10:26:06,71f78ddda2af3902b55c1b229f0ed062615d783408845b9bcf5f53ddefc221b8,1,2,1,added
pool1lcl9j8zzqtcd4g2gf5zgexcqmnmjtvje707hupngymjhq43yk3s,,8,2020-09-30 19:05:47,4d158027d36fdc8eaae209167ff930312be38291627ee1d91dc6a10f66bfd78d,2,1,-1,reduced
pool1lf3kn4ykqqrany9jwhzr28wmsq76xr5xx3gq206lwn7ugln9ul3,,4,2020-09-30 14:55:16,ab5faadab5b69f5589bcdf677883760c334a9ebd366a281d3b8effa6eac1b93c,2,4,2,added
pool1gx0p2l057j7pkrcft7sccvqag5ccyjhrjmc4vhn7g2w366u8ye0,,5,2020-09-30 14:32:21,8bf8a6e28d71729bf20d77789f8f6a9866d8754e4fd9a7fdc7ddd5d5cd12cdac,2,4,2,added
pool1uk2f28awascuhrhuwrp7x6y87x8ch33vwx8jtmrysp7l5ngq78j,POWER,31,2020-09-30 13:12:39,988104696b3e8f53d7d95499a00ab6fee3fd085568baa178cd6401b20e7d4aad,4,2,-2,reduced
pool1m7vr5mjsvs82kh5yp95pr9s5wdldf2v8r6rmpv8z57ypxmrkqsa,,16,2020-09-30 13:06:24,9138c832cd9c710e081b0f76e22cbaec5c06f6275f14d6ab321acf2d75c4c6d9,2,4,2,added
pool1x688lcv2xedw5upej6079gs7uk3dcru9cxm29sttlf86q4wkh57,,6,2020-09-29 23:42:14,cd0c296462da7c287771cc49a881c7bb3b332d10906101d2e01f4ab73da55fdd,3,2,-1,reduced
pool1a6ysvnx24xsjh2f6ehgmx7yu9q45fd7lsk88v2swxkek7pkxtgp,VIVI,16,2020-09-29 13:52:45,934ae03b9fff265e4893d37b8e4d425b2e8bca14dbe8695345db267ce9a4609b,2,1,-1,reduced
pool1w6l6rvhxtym5psec3mvgrjlg28d6hrv8g9jjexadzmxfgndfg2f,SIPO,3,2020-09-29 06:39:19,e8d72a82b32b3ee1b1b62fceb56246931355b9c1457f4781bd96c74511382aeb,2,4,2,added
pool18heqrjtge2emf2hes4mdxkr76y99zztkqk4qtjr9dul0vuur0yu,RX78,3,2020-09-28 14:01:24,d42c61f2b5f04d04b63ec80f7c813f45fe511255a2cabdaeb6fe30fa2092d8d9,1,2,1,added
pool126mkma8nv5axltmz7mmg8qz9e70nmhnf58hwx5772fhwgkhk6ag,NAP,14,2020-09-28 06:45:07,2a36a1743ac512ccfc411a9cb0df8d685b4214d27127eb528ffa90691764aca6,2,1,-1,reduced
pool1r9qyjstrc050njg8lm7wxy5874mgu322vyljntdsm5qgxvjcewv,SHEIN,14,2020-09-28 04:51:14,2c3e3d7f70c51f05a552c468bc2fa3509ee9d8794770040530111aed6aa97a92,1,2,1,added
pool1jt7d6ak3m8gnjyxtuxfswe258xzwda80ndl0a57vv5m2zv8h6at,CARDs,2,2020-09-28 01:49:07,f1df4086b3fdf438cd4f9955c2ebe0a3f67410ab907271a01526e26a9fabc579,2,3,1,added
pool1u976wy83cyu7f2kdcr07w0pmudsua7tamu74a9c4cep8sw5utyw,,4,2020-09-27 16:18:04,b1e70559e54d7a8b609416b0331814226c8182f892290b3d12c57bceb47ba22b,1,2,1,added
pool1u976wy83cyu7f2kdcr07w0pmudsua7tamu74a9c4cep8sw5utyw,,3,2020-09-27 15:46:46,1017b0ccfa2bc4c6c4f5069e111b796e493da46a472abaa901d64d0addd302d8,2,1,-1,reduced
pool1rcq8vnrl52890nvt0300w7rgqkuk4az98kd9zcvu43agk3u84ms,ALIVE,6,2020-09-26 23:25:57,2c46c67df89024dde6a76b70819b78f71f7ccdf8b650fbd245b07f1f02eb7216,1,2,1,added
pool1wvyh37mrm2rcx75gvp22cdrsy5w300aj8lglnzyxzf2hjuph0mt,BLUE2,7,2020-09-26 23:07:16,5e9d735b08e58790464dfc607008f1e82943cae068db8b5feaf5e68584bfa99c,6,1,-5,reduced
pool1692dxqqcsavymwz28w44t2jhyjnakvj4l3gwz2dqrarmc2k6dkh,BLUE,8,2020-09-26 23:01:43,ff08c1536a83447b8e03aca9186c4b3280f9f35a05494a696a59f1577847c5dc,6,1,-5,reduced
pool1enc9l2nealzp9sr7n77032rc593879faj6hqeny6f6h052eaaxh,,3,2020-09-26 15:49:15,d14f3e3fcccc9c475e45eb5d073044b16088def88d4f5b125585bc46ab2ee1bb,1,2,1,added
pool126mkma8nv5axltmz7mmg8qz9e70nmhnf58hwx5772fhwgkhk6ag,NAP,13,2020-09-26 07:21:18,8513bd38e77f92d78dafeab7f1569683cdcd986a294780cb9842b035f92abade,1,2,1,added
pool12z39rkzfylvn9wfe8j6x9ucq6g2l4mw4azj70y0gd8ejczznyj3,BRAVO,30,2020-09-26 05:54:06,894163203fe639231f7d7cf70bc945fb607e755efd8df8ba0ebc787c7884b800,8,6,-2,reduced
pool1yla5xge99yeddrcts0ya9n66k3x2vrcachnnmzu2vqqjzm6fw3k,,6,2020-09-25 17:13:50,aa40bc5b7ed85838388f73b2fc26918e68ff8c309e0ace7bf8f5c352cf5029f3,2,4,2,added
pool12z39rkzfylvn9wfe8j6x9ucq6g2l4mw4azj70y0gd8ejczznyj3,BRAVO,29,2020-09-25 04:54:57,f64a607061681e4484ba9f34b6aa480180ce5fb81935d0d4be69f515d2cc6c84,5,8,3,added
pool1ksazs9mzcuyr3mfrvw48dc5wkgsjceztakymmv7jpxle7l2nfs0,TOAST,7,2020-09-24 15:15:43,38221d2ea4653c5631c2eaf2d9e85126d0e2dc5de4c135d784c738f46b3f1ecb,3,2,-1,reduced
pool1n96ql32ct37n8w0l9ddhnc2t8tv0uyd6kuhzua8uxy63xs35wgl,,3,2020-09-24 13:14:32,90970cc43dae6ddc3edfa1a1ecfa101e6f44ab98e8b4fc3aa7611ab534e53691,1,3,2,added
pool1fmykj5jqxtpxu0285209ar37taw52p68q87nmg6vpckhwrtje5w,,5,2020-09-24 11:55:15,8a32371797ae656ea2306d0866e0784c98c64258fb6318d12b0d3e6cdb5a8c97,5,7,2,added
pool1qqq6qqa0hpzvumv5p87ynczfmdj557xuwlc3289ke42g72z7f74,AHL,5,2020-09-23 22:14:32,89c1f0cc20db132873fcfd738da881f294b25fce2732d86e76a78984c34fea2a,2,1,-1,reduced
pool1qzlw7z5mutmd39ldyjnp8n650weqe55z5p8dl3fagac3ge0nx8l,BCSH,5,2020-09-23 18:55:52,d3919d8f8551f054107c4622e89a7d0fb8bd3f2e4bfb68322c4d19d3ddec38d4,0,3,3,added
pool18vc3pleuqzejkvlkls7qqw3ps9gyygrenqpypma4yp0gjjrm3uf,,3,2020-09-23 18:43:26,45608c45a05c2b55da0b1538173094d8c387acc0fecfe83c8998823590b4eb8a,2,1,-1,reduced
pool1uk2f28awascuhrhuwrp7x6y87x8ch33vwx8jtmrysp7l5ngq78j,POWER,26,2020-09-23 12:13:01,4ac721025da33748d4081f9284dfc7069318982b2381ee9e10d4c87f5e29339f,2,4,2,added
pool1lnsufrafdkqsa2hnzrh5c2raq2x0z7dn6nc6g3g4ewvnyz50fqy,,5,2020-09-21 18:02:06,057517afa4a31a160677ab9775e150b2fcfde4bc3ffd2ebcec05a13a1e3619a7,1,2,1,added
pool16wfrrl0vhq5ldqa2u3kz8mm9r7l5pmlqqu0667gfjykfkyv98ge,ADAMX,6,2020-09-21 05:32:06,052a185e7c674b4240a35b8fbc15237eb03ebb6c612bbf7a8709740852e7ddf9,2,3,1,added
pool170028ak8q37qf4e5lf7z8eyuscgcrqgzn9lh58a4g9ngzd83a0h,AQUA,74,2020-09-21 02:20:40,ba383fff15c339ed8b311bcb417c02fcf036fb8fe9b281b3090d9ca22917dc8c,3,1,-2,reduced
pool170028ak8q37qf4e5lf7z8eyuscgcrqgzn9lh58a4g9ngzd83a0h,AQUA,72,2020-09-21 02:18:28,d0811e02ed1b4b58970c4eabfb1b20e3b78e053a482483fbba8c42b681a8c7bb,8,3,-5,reduced
pool152ns2rs77pscm3mtmnymhwsvq8uglcdc3cvucvsc4jkds5k4te5,TETON,4,2020-09-20 14:32:35,a661e8ec01dfb7104720f8e78f7ba0debd1d4f35c4a9c33148f5eeddb38e62d5,3,5,2,added
pool1favrzvccjq5ctetwurtrcxe734c7zlh60f4d62av6art527tssd,,2,2020-09-20 07:02:35,9614c09fa9ad6e26e9f9ff5f7dc4c60681aa11429f2898408887c3f36b4960ab,4,5,1,added
pool1ek2m5zuydqcgqv3s5mlh55tr8gp76yuxe4hj4s7xtxajyc94rx3,,2,2020-09-20 06:45:56,0e53e9ed3e590cb570934579a1d8195d499b260714a105f9b05c2e97341f3466,4,5,1,added
pool1wrjg8fts9cus0eq8jyf5wqsfe64e8tvrquxgff3tyze4qal4hwq,TPOOL,2,2020-09-20 04:35:02,4fb82672aa4ad94b5a424be4b57c73b566a1fe16fbaae63f2e6ff22c0ccecff2,1,2,1,added
pool1qzlw7z5mutmd39ldyjnp8n650weqe55z5p8dl3fagac3ge0nx8l,BCSH,4,2020-09-19 20:28:46,f68c2f42790a2066073d3ba433bdd8b6d3a3477041d3895ba99d2868dd80f2cc,3,0,-3,removed_all
pool1u7mqtde27swkarngjsn5mmw3sy20zavlafgqkmg8qv2n2nwga0l,CFLOW,3,2020-09-19 19:47:06,905270fbd66c7e56bb90bdd583a4d4cdbe4aa76db2320064b91c06b60443ad26,1,2,1,added
pool1lzrg40g7vwgrxf52h40mjv77wywajekkfr5p63gcaa6gxrnqy2t,,4,2020-09-19 18:41:25,156ed78382b3e9dbad84145137ff4a0b222f640820a8bb7f2e057a82ce5965c5,1,3,2,added
pool1y0dpast69pf4lzurqkh8tr39fqgkqcypxe3mlsc8my7xydtcr4m,NAUT,3,2020-09-19 17:23:58,b20627c6f52f83e16f352e4c021736a67825778bf5b2ca24e4f7316387a169c1,3,1,-2,reduced
pool1lcl9j8zzqtcd4g2gf5zgexcqmnmjtvje707hupngymjhq43yk3s,,7,2020-09-19 14:07:53,291724193e69c9fa6868891c3702840fad044adb1e22c1709a7ebc172f99306d,3,2,-1,reduced
pool14yct4lltf2md86fm8xns78ttta0ey2a2m8j0vxx69pds2mzmhvq,,11,2020-09-19 09:54:56,5c03986811a54c9659840f0b175141cb0b24351d55a61341fdf7dde6ea4fdff4,5,8,3,added
pool1tre4d457z9wpw2sckg98yrc3ppu3ydd07a6h53yvqd77z4h3yh5,BUDHA,5,2020-09-19 05:03:46,d23751dc79d412cb1d87848f9f469b73253784fb073139b651a7b7d13a63efb7,1,2,1,added
pool12fr472y9lwzjy055gpuvpxdy5slpe0ej20pykdeatl59zg9ren2,CARDX,2,2020-09-18 15:36:54,737514b010dac6a75593f398cf38c99ed8868e5a14799541736512c83b97a21c,1,2,1,added
pool1xs34q2z06a46nk7hl48d27dj5gzc6hh9trugw2ehs9ajsevqffx,SNAKE,6,2020-09-18 08:51:01,f77788ea3e0d9b1e2c5a292e62f597bc8c4f61f1178f17adb1c683d20158276b,2,3,1,added
pool1ksrg8a964464las0ymw88slrwxkychjz9lh09lqltu5m7nw3pq0,QUEEN,8,2020-09-17 21:34:47,c7fb1a97375e7aa9a55efd1b5940af6ec7504931c4ca5df3896767dfd89233d4,6,1,-5,reduced
pool1g6rm3p7695z7xfhp629hcsj09njun2fnsz03pjrshw8rgs7pluc,,23,2020-09-17 19:35:47,cc0cf39ade04bf8de0edf44d14f5487df9a4977b50e26933cc58c4f5b1329056,10,6,-4,reduced
pool17499z7lt392dd3pf3vn30e69cver0gqqaja5rdnyerpv6zdzgkd,,2,2020-09-17 18:31:02,af9e376ace612782244e4368276212a834a6886a0d540b5ad7e9707c194d9f2b,1,2,1,added
pool1znza67r0kmuy6l3gq34h5vqfygpdt82g8uss5td7upneqqyqwnr,OTORO,9,2020-09-17 13:53:25,4b630ab44e87ca54323fd7a0b289c4ee0237e9c3ae16b396438a0dcd4e16e346,2,1,-1,reduced
pool13zh79cqv3y36cgknzagwegp8y0kuzel2j046jmup97hhjwk5myw,,3,2020-09-17 08:37:13,6250757d9ac9211a9ee78dfe946b4e8d185d159f1cd2951d5d19346163aa0624,1,2,1,added
pool1njs6ejpvdkt3cee7u8ekqyunmufm82jjrehtg42xd28m7zhzn5v,SSCC,3,2020-09-16 05:22:50,1a42b5f1dc7e08759f8d31a798fc6b0c7ebedaf7b6090443e844aa4c21e9db6d,1,3,2,added
pool1lv7v8r8ge22agkuv2astu503d42v749p6rp3sg8l6twuwqm525c,,2,2020-09-16 01:51:31,72d15b0f39949daab4f452a7e82bb371f01b8f1dcda124edfc56f86bd80724fb,1,2,1,added
pool1qcfzjvw0em6g02pwjqpnfh6260epge5ll3z37ckhcylsjuktkvp,AXIOS,7,2020-09-15 21:46:04,327b239f6ecd7711a1469a9dac9038c37eeb9c3d66645135c29c24be14f2c759,1,2,1,added
pool1kffetqjt06qvk4995tz3e3q9h3c8cdq9eedrz8qr3ynnc63qckz,LUNA,2,2020-09-15 16:19:36,bfc6aab3271f1739553dd879a3e8178139ae0bf02c61e8b6a9f821618489e3a3,1,0,-1,removed_all
pool1yet04d4ykpp7me8uc2jx2glxrx88kt9uhmv6jeh7xkmtu5zucna,AUTO,3,2020-09-14 23:18:27,6f2b26edae4520ccaff465f663e2f67bad0a0e370d78020ceb85a09a126fed52,1,2,1,added
pool1zz7x8ergn02chznayj9fjds2gk5q6prmpdr49faspd65kzqsrjs,AUTO,3,2020-09-14 21:19:04,bf9a0eb3a6ccd112b88f23aa238254eb18087cf70625397c2ea25b4b55bfd656,1,2,1,added
pool1rs8xygd8rdqjjr5ums0w9upw9uwrrkvuvyjvq8wvr3kekhjkpl3,,3,2020-09-14 21:14:22,bc400353460b97f06c3268650340b98714ff04e2d65a8bd72d16deb572f10e0a,1,2,1,added
pool194usk2h8vcq6yw89xs5asrvw22g08kcfy72xyfrnnkg6qrhtlfw,AUTO,2,2020-09-14 21:01:02,1da35cb5b79a627175ab2626985035b5cff0964ae71b8de9ad1f315ea9b295e4,1,2,1,added
pool1hkpgddlnya3pgktj3sxdraa8x8400vhaphcudvym9ye22esak43,ISP,4,2020-09-14 13:02:27,fd45d3657c0c45b93fc683287aa38fddd64b9b91ba389b773e19076c83a34afe,1,2,1,added
pool14a39gegmmc0xp7u3vr2lxggpphjm97nef6d35ytrukfwqvavj8j,,4,2020-09-14 11:21:02,519e3d504a7f0b12ede328b86c875dd1ba913d3df3d3c1bee8d19d050c255c30,1,2,1,added
pool183tuc6uqs2q8tzekn4559pwmrg8ukss2fdwvtumrcdjh6j8qsu0,,11,2020-09-14 10:07:42,1d2b927aa322b8411431ada021569aec68d3eb42197607047f4fd4f2505d22de,1,2,1,added
pool183tuc6uqs2q8tzekn4559pwmrg8ukss2fdwvtumrcdjh6j8qsu0,,9,2020-09-14 10:01:59,5595f5182c53781e7d7dcf56266848fe163f6b5f0969d3d744d59d25345ec5ec,2,1,-1,reduced
pool14yct4lltf2md86fm8xns78ttta0ey2a2m8j0vxx69pds2mzmhvq,,10,2020-09-13 21:48:11,f2c7edaea3b1fbab3343bf711ec31b3cc63c642a6ddf9147660e96bf22c9e596,4,5,1,added
pool16nnl8ymck6c20x86lfd5p9q3yp9w749cam26y985459ww6kjtz8,ska1,3,2020-09-13 18:07:13,527fed33bd511de184bb2ca7389f9a1016fae94d581177c13f30289f338b07f4,1,2,1,added
pool1jyutduy73e5u9877uns3k9rm0tf4r24j8lrn4xtkjpl3q5sn5mw,KOALA,13,2020-09-13 11:49:08,b204201058af4c2fa4434b34360c268ba6f444635896cc61d9144e1fa7f7ea98,1,2,1,added
pool170028ak8q37qf4e5lf7z8eyuscgcrqgzn9lh58a4g9ngzd83a0h,AQUA,65,2020-09-12 21:15:41,4c311c9e54a11016fb78539be38744f88f019be34d6fbc2ed2238b586ce22330,6,8,2,added
pool1g6rm3p7695z7xfhp629hcsj09njun2fnsz03pjrshw8rgs7pluc,,20,2020-09-12 19:06:58,2912b9557ea73069f506d95f9e017ee808c7408792c39d24f48873899858eac9,8,10,2,added
pool1v3k049f5aypn325f3rvn79765cuvqrvlhmqyzj835frn6ya03qp,ASP1,2,2020-09-12 15:40:57,8c0b9ade2ac41281e994b0aea1b78f26f96f2a4e2e20e7cd7fefeadb133f1f56,2,3,1,added
pool1dmuaa0wmqrwwx467p48fu83y5w7wdkxf8xlgymmfc73kjy3vxg7,,2,2020-09-12 09:26:53,cf57ea2eebc3d49fa46700af3a7db1a0255d442dab40adf3d0315674c59260a4,1,3,2,added
pool1evg78egp8gfqae273kvmmdee2dnt6vty60dpwdespg4hujznh3a,SQUID,2,2020-09-12 06:12:26,b2586464ae5d0482c681851d76e2e3c206701897c58eaf7a164729e9be85ddea,1,4,3,added
pool1mugxe86p0p6fzeesthdzkuk3h9xtndf4my9cznmxtmpvujzlw4f,Kings,2,2020-09-12 01:46:14,a752649608450b6e5197df5bbcfb21a2b25650f46a0c59fe10f732214feafa9b,1,2,1,added
pool1wvyh37mrm2rcx75gvp22cdrsy5w300aj8lglnzyxzf2hjuph0mt,BLUE2,5,2020-09-11 21:20:12,5e49436d4e069b2c1b9653ea9b8ba33032ea33d672572542f8de4e7c8faaedbb,3,6,3,added
pool1692dxqqcsavymwz28w44t2jhyjnakvj4l3gwz2dqrarmc2k6dkh,BLUE,5,2020-09-11 21:09:58,0e4693641a808286cdf10416d4c0a01e626ee4e595ee3058bfce8a70c9c8c42b,3,6,3,added
pool1h290edu6y50y09ulac7t6krculahk9fjwzvx4hqeqc7l2ruttku,,2,2020-09-11 16:48:16,8cbc012593148c1c5e154b87c7f1aa4407807557e68cd2ba52ddb420cf003ae7,1,2,1,added
pool1c25428845rm7sp2cja9jgahpr5kll29srjdzzh84pu84uzanqfc,,4,2020-09-11 10:48:33,18459b225d6905fccfa84b5f75ad7cdebbe4b8751f01afdb876937d5263cd110,1,2,1,added
pool170028ak8q37qf4e5lf7z8eyuscgcrqgzn9lh58a4g9ngzd83a0h,AQUA,62,2020-09-11 10:30:29,b419fd496ce848cd7d131cc4fa4c9f58da6b80109cc1a61bd49b5b98c492649b,4,6,2,added
pool170028ak8q37qf4e5lf7z8eyuscgcrqgzn9lh58a4g9ngzd83a0h,AQUA,61,2020-09-11 10:26:19,80a75a01cdb12bce3986521919ee8f113999955cc8043db9fc194453f56ede35,6,4,-2,reduced
pool1znza67r0kmuy6l3gq34h5vqfygpdt82g8uss5td7upneqqyqwnr,OTORO,8,2020-09-10 23:32:37,090fb79cf29083bc25216434f7e5de41300aeb0caea982e214300321b9c4480d,4,2,-2,reduced
pool12n6lycv28kjtkzecfz2a3uujyxy6ewuwjcmjq84my67psqmgagv,MANT,15,2020-09-10 14:34:39,cdc9386cb0787227a4439935144e55639ee13861003b60589cac1e8431c46126,5,3,-2,reduced
pool170028ak8q37qf4e5lf7z8eyuscgcrqgzn9lh58a4g9ngzd83a0h,AQUA,58,2020-09-10 08:35:05,93b48aff8851ca906c9fdaf023bbf1a467ca4e6af85b195ecf2bfef7128b9aa7,8,6,-2,reduced
pool1d054kj5nmzn0vmcsy3feyn56ehesn0hjaanucaep2n7qzyz0pv3,YOYOG,11,2020-09-08 22:33:03,bec241dc7b277616f56fec06573a11df0d3279a8af68228fafde1f0e2d57b227,1,2,1,added
pool170028ak8q37qf4e5lf7z8eyuscgcrqgzn9lh58a4g9ngzd83a0h,AQUA,53,2020-09-08 22:15:41,c0a4f237a8e6af3e4c75c8a0dfdc9f3b1b19735757697c9612d2338c476acc0b,7,8,1,added
pool1yla5xge99yeddrcts0ya9n66k3x2vrcachnnmzu2vqqjzm6fw3k,,4,2020-09-08 18:32:04,f594aa2b45726194a374ba596d2840f7a2a6112146d7d7418a75ed21cf4e985d,1,2,1,added
pool1x9l9avk84wwu062687eel4jcdlt8t3ud27tq6rc0ulp9yq4p2v9,,2,2020-09-08 17:37:54,838809bf63c45c6f2506e539a7882efcd08e14ae10403f1cfb22a83b87161d50,1,2,1,added
pool129vgxx8nuqcfq955tprdzruffxsa5ge928zda3pxgxc4qyeczzp,,8,2020-09-08 13:05:13,3b9f9b8d9395676de2db83b18cf5e8aefb09eaca0da9e273e209d13269e35853,3,2,-1,reduced
pool12z39rkzfylvn9wfe8j6x9ucq6g2l4mw4azj70y0gd8ejczznyj3,BRAVO,27,2020-09-08 11:35:52,5d97d647150b8e197dc837424b5ad21dc8f0b94217b88db787e77500d09134d0,4,5,1,added
pool1we0xjccr3vc4ypnmhzsgwp7sxpsytu8dtv0syeqmtrllvcex68q,JUNO,9,2020-09-08 08:46:53,f9b625def6649c97d4497f2059af222f335153b51455d6bfc0690a900aeb073f,6,4,-2,reduced
pool1heks0vmxkfka2amg9c8yn8qdsxvgmzelfx6jhpfkj8ht5mn0r2m,ADA,12,2020-09-08 02:37:26,11994644fd15a7227f3b961e0978c67271f2f02fa47e5885911e82697bc42fec,4,16,12,added
pool1apts5675m9f6tkp4ed2jeu35azt7a0hxd3dypzjvwr2hxu6lg9a,ANON,14,2020-09-07 12:53:34,05d8f57754a55e200b41c32c7998f57e50b7b1760a25b2be8ec4e8df81146c26,1,2,1,added
pool1uqgn8wt3qwaextmmurmcjmk3egwsac6sunyqtrssrdeavlgpyr4,ALLI,5,2020-09-07 09:21:09,d835d22fff5d86bf9efaa8780986bf30545931eed7cbbc9585a7df73b98bf48d,1,2,1,added
pool1uqgn8wt3qwaextmmurmcjmk3egwsac6sunyqtrssrdeavlgpyr4,ALLI,4,2020-09-07 09:16:11,86f98926548096920df9ed97dd903e126912129eef706249a5a9c92fa817b325,2,1,-1,reduced
pool19ut4284xy9p82dd0cglzxweddfqw73yennkjk6mmp650chnr6lz,ELEMT,2,2020-09-07 01:54:18,0ec15435522e02798451ce9aa9d88e559a3fc2afba990a19b0d788302bbab1f6,1,2,1,added
pool12n6lycv28kjtkzecfz2a3uujyxy6ewuwjcmjq84my67psqmgagv,MANT,12,2020-09-07 00:28:43,5ce513156dbe5e64a22fcfe78aa4db8dd2d29535f287ecb51bf48b72a31b1479,4,5,1,added
pool1ru2zh42397d6dyxdzslw5p6z4cewj38npl7prpjskv7fyl0gpga,,11,2020-09-06 23:02:14,ec492ab6226fc7ffbd264a8c83389460df1504412bd51ac8b13786be4f5a10a7,3,2,-1,reduced
pool183tuc6uqs2q8tzekn4559pwmrg8ukss2fdwvtumrcdjh6j8qsu0,,8,2020-09-06 21:35:45,b65a84bdbe4b65258cbe0e2b306cb1cff8667c1827ab0d63b0123f4eaef0bbf9,1,2,1,added
pool12z39rkzfylvn9wfe8j6x9ucq6g2l4mw4azj70y0gd8ejczznyj3,BRAVO,26,2020-09-06 20:10:36,164a2810f0f4615b3f04a7b56a0c6fc75c8ed4be97e4469dbab7bd751097d51c,7,4,-3,reduced
pool1dgl9k0eq7hfj67unfj66sgqmg35pzed6fdrk7j9a2y6uuucfp2v,1PP03,3,2020-09-06 19:44:56,31cad0a1b7cac47312389b8ca5483dc0d532b621a39658d87c2da6e1e263fe97,1,2,1,added
pool1jxnv58m436f00fs0k4djc0ap4ehpgnfp6p284j2tqaamwghujek,1PP02,3,2020-09-06 19:42:41,5c545efd5a31be7af650d85c496e9ec433f976816ac168d67127659676459088,1,2,1,added
pool1xsyl4mgg08httw4mw7z2tjnzm839e7rh8es5sngwqmvgq2qk235,1PP01,3,2020-09-06 19:39:24,67ec236bc827727d953b4dbde643bca783a735a6b376e4d827db6e865d336a5b,1,2,1,added
pool1g6rm3p7695z7xfhp629hcsj09njun2fnsz03pjrshw8rgs7pluc,,19,2020-09-06 19:17:27,7b8b7cc7bde7d2ed2cf23c9e05f473d7e37fda873daa4f5825c5897ddcec46ca,6,8,2,added
pool170028ak8q37qf4e5lf7z8eyuscgcrqgzn9lh58a4g9ngzd83a0h,AQUA,50,2020-09-06 15:29:32,aadde04608ea74b10ae8707ffd10805fba3025d9009b91d1d8bbd194d69f6cd0,6,7,1,added
pool1uqgn8wt3qwaextmmurmcjmk3egwsac6sunyqtrssrdeavlgpyr4,ALLI,2,2020-09-06 14:07:06,d920103fa52a9c461448b8384177b888668f5329eec8e24496b04090bc5020ba,1,2,1,added
pool1qw5jc5u4k6ck47kdwtwh8msv6t82x5c6qx38hjaycnha6skrek7,,9,2020-09-06 11:34:50,d3bb4a6f8e8222196d7d2fc8d0e6399d29d1e4fb3e69b75fd4604fb5f9f1bda6,3,2,-1,reduced
pool1d054kj5nmzn0vmcsy3feyn56ehesn0hjaanucaep2n7qzyz0pv3,YOYOG,10,2020-09-06 10:43:02,23bd11a00e28921666da4111781f6ef42a4fc99feeb30836007f3b28593c6ba6,2,1,-1,reduced
pool170028ak8q37qf4e5lf7z8eyuscgcrqgzn9lh58a4g9ngzd83a0h,AQUA,49,2020-09-06 10:15:34,52e26c849a70fcddd068cbbeed1e303a3e8e4a9003cdfd9a598d82fe68203965,5,6,1,added
pool1a2gt2mvuf5zvtqlvw2xgks2efze3p4r985ft62q64lua7gx7lal,SALT,7,2020-09-06 05:45:18,aa2c42a4b6d6780be5e522aaea2bfe98484474f5c6b3b0a9c213c461741836d4,2,1,-1,reduced
pool1d667gxendhtww73876gztgal56zhyt57rtcmev4r5a6sgcrm3v9,,4,2020-09-06 03:10:47,1890487ecd19004f51d9aeeabba0e5c926500c74f30077103bda818c95816019,4,1,-3,reduced
pool170028ak8q37qf4e5lf7z8eyuscgcrqgzn9lh58a4g9ngzd83a0h,AQUA,47,2020-09-05 17:38:43,21d2756c10506732b3ef249e874307f4c90d065ef19883fbcbaeb5cc71fcc06a,4,5,1,added
pool1epss6343pw4x3rceg4rjygwpfg5tvtvuhyjxep907fgx7ynq5et,SVKA,3,2020-09-05 16:45:07,bae4ba93bf49274e5007707c7924df28fe35f93cc6e9ee501e62b740602e1553,1,2,1,added
pool1fs2m5rmlx66crcwwrrsf2pcxjhvk7kzdurcqusd3v5gm65cufnj,BIRD,12,2020-09-05 13:27:22,101046b810959a39f38d201d9a7fdbe96cfab58f4943e6a508950cca92068b36,6,5,-1,reduced
pool168uya457ggjnrmwzwlcz0ukc6eks44x65q6gf94xn39yxchqlhe,STYX,4,2020-09-05 11:51:25,615db8a3f276f3acf4e2a2fd9975e5e3346aef3887719baa78b44ae5e243f463,1,2,1,added
pool154sjkrwdu80wp6mnjvkwk55aj53l4v37z4zwulfak74vcxg60x0,ANZ,4,2020-09-05 04:09:39,7bd932253bf0f310c4ffea7488f458a408548c62002a338efa78a06ecb3831b7,4,2,-2,reduced
pool1e3tsasq5uc66hq99j82s0vz5tcrn7h5v3sqjul0fnszjc642vna,,2,2020-09-05 02:19:48,e0185901dc9fea38ee81205c4df914b07acf6262cef05a4b1690e36a427fc5d9,3,4,1,added
pool170028ak8q37qf4e5lf7z8eyuscgcrqgzn9lh58a4g9ngzd83a0h,AQUA,45,2020-09-04 19:09:10,b97116368503df1b9b142386de7d1c0dbf1fcc2bb6a4d5ace6ed942e17074463,5,4,-1,reduced
pool1h44uqhtu5gxh4kkfw3kddjmg4nug4fwnchalj8j04k7vj5kjrnt,,2,2020-09-04 13:24:43,5f1e149472228afdc4be6a486adb0aa75a5f214c83d126f789768c2bb572436a,1,2,1,added
pool170028ak8q37qf4e5lf7z8eyuscgcrqgzn9lh58a4g9ngzd83a0h,AQUA,43,2020-09-04 04:35:18,7e62128a300871f9ef7f7c03fe252d016495800fcc025830ebbcd0bc051a5fb3,4,5,1,added
pool1g6rm3p7695z7xfhp629hcsj09njun2fnsz03pjrshw8rgs7pluc,,17,2020-09-03 20:10:20,04102c4de4362322d1de9cc1a036d8626fb2a6dee6edd1d55519c4930482c320,4,6,2,added
pool1znza67r0kmuy6l3gq34h5vqfygpdt82g8uss5td7upneqqyqwnr,OTORO,4,2020-09-03 16:16:33,b36a3cd273b255f7f34e1efdd268551f31bc8dc49fbe349cf42fbfe0eb6bd4c5,3,4,1,added
pool10s3paykwusv3zpfn9wkrzfvw6pch5tlcklwftj00a79yc3h0tgx,GOD,6,2020-09-03 14:48:43,afb2df83669f67b3c61ec49798418892b8ac12ca739700aac3a93f0c5ce2155b,1,2,1,added
pool1r88vs06qv3vjrndvhewwhz08zc6ka7eqwxvf4stsj53n50nr8n7,LEAVE,2,2020-09-03 13:54:12,4f92b487e35a12f3365cc5f9b958743265058328d7207b90076d140f43a738a6,0,11,11,added
pool1we0xjccr3vc4ypnmhzsgwp7sxpsytu8dtv0syeqmtrllvcex68q,JUNO,8,2020-09-03 10:31:03,2d8627700a8d0ad722ac0de03184bb74aa00ad2bbb40267f4205721c134f61ba,7,6,-1,reduced
pool12z39rkzfylvn9wfe8j6x9ucq6g2l4mw4azj70y0gd8ejczznyj3,BRAVO,25,2020-09-03 10:13:02,b7981fbcb97c44bbd5bec805c41c593f5dbb9e149bb343b95c06e1d3e73068a2,3,7,4,added
pool1hwlghkwnjsjk8370qt3dvp23d7urwm36f95fmxcz3np2kghknj9,PEGA,6,2020-09-03 10:07:11,e48f7b9ec0ca75755dc7f2c111c13126b1ceb46b7104fd18b090365708ba68fc,4,5,1,added
pool1ld9hkah2dkzh73pvh9tf6xr0x28us34msv3zcv2sase5vhvq962,KOPI,2,2020-09-03 09:18:32,1f385751b3c0febe20e5970b3608a0e3b32b69f4f60b9b6d04d452033cfd79bd,3,2,-1,reduced
pool12crd62rxj8yryvshmgwkxza7um3uhaypwdjeel98lnkf529qdw5,0PCT1,3,2020-09-03 08:56:28,c84c196f3b1d4cb36ce9b7a01fafb7f87f77e1fccb3096848b5be5e9aa5d10be,1,3,2,added
pool10s3paykwusv3zpfn9wkrzfvw6pch5tlcklwftj00a79yc3h0tgx,GOD,5,2020-09-03 08:24:56,0404f572c38578cad8c6a9f68ad56902f226cce2fc7369de38a468f400721932,2,1,-1,reduced
pool1a6ysvnx24xsjh2f6ehgmx7yu9q45fd7lsk88v2swxkek7pkxtgp,VIVI,13,2020-09-03 05:48:38,a5ca7fdace308f6b9153aa5efc7d38f1544d89bf02d3e29276f763dbfd8fb7a7,1,2,1,added
pool1ksazs9mzcuyr3mfrvw48dc5wkgsjceztakymmv7jpxle7l2nfs0,TOAST,5,2020-09-02 22:34:23,662e7696399cf7cf42d9727eb647f74e5ed95a77a71433e17b11a85e52cefbc1,2,3,1,added
pool18vc3pleuqzejkvlkls7qqw3ps9gyygrenqpypma4yp0gjjrm3uf,,2,2020-09-02 18:42:49,16f1c021fa8ef4fb16b68cf6bb7b8da2c5e3a92eecbcbae1be8078d70eef573c,4,2,-2,reduced
pool1a6ysvnx24xsjh2f6ehgmx7yu9q45fd7lsk88v2swxkek7pkxtgp,VIVI,12,2020-09-02 16:58:26,ea6523ba61877831508bfda674aa2964a2d889f59137a0865675d611b29ce374,2,1,-1,reduced
pool1fs2m5rmlx66crcwwrrsf2pcxjhvk7kzdurcqusd3v5gm65cufnj,BIRD,11,2020-09-02 13:42:49,23d976a8e7c2272770904522c97dfef7e396171254941d1991d62d8b3adf7212,7,6,-1,reduced
pool1jyutduy73e5u9877uns3k9rm0tf4r24j8lrn4xtkjpl3q5sn5mw,KOALA,11,2020-09-02 11:20:17,156e3c8a82be5e68b58a4298215fef7242fd3d6e85a1a5ad45e208677b53d13f,2,1,-1,reduced
pool1a6ysvnx24xsjh2f6ehgmx7yu9q45fd7lsk88v2swxkek7pkxtgp,VIVI,8,2020-09-02 10:09:40,8a17c707f5f41016c2df876cefa112219468b941d760133a37bc1da894f9d9c3,3,2,-1,reduced
pool170028ak8q37qf4e5lf7z8eyuscgcrqgzn9lh58a4g9ngzd83a0h,AQUA,39,2020-09-02 08:58:37,923160f727b1362b602e59e33e6b5d4ea3c817ea66ed6c76fa825aa3de5c6054,3,4,1,added
pool1qw5jc5u4k6ck47kdwtwh8msv6t82x5c6qx38hjaycnha6skrek7,,6,2020-09-02 04:41:09,4f44bacbdb82de2b11621cdf7fdc90989ac0d2599a5b1c9c27851d5e2f7bdc4f,2,3,1,added
pool1uhvc06cphtxc0c9f2jjvjd065ws45aaxqtw53ldkzk7avzwtrpc,SHARP,3,2020-09-02 01:15:15,4c7456296dc62b2cffcbd1c98d7677e38f4815e867df48a0d27d00e70ea24db6,2,1,-1,reduced
pool1g58rl2yvgf3ewek4psqjlh77q8z2m9f3rjz4mpf0zemmvrmn0et,,7,2020-09-01 20:58:26,56ba3e051df2d14293f08a19007e45620d81db08f5b8f0da14f7fdaa478cbff7,1,4,3,added
pool1zecj6wqrzkcjmldvrr992pt3c64sgrhkhexxst32sdlsjwkpmfh,,3,2020-09-01 08:10:54,a35c489346ee3f0708b724a336c436bb5c55dd9ead0d3444b310c76569206def,1,2,1,added
pool1dv7s5fn4m9dee8ncvx5hktfmsnx6agydhn798rfdqjazuwr84gc,BOBA,2,2020-09-01 05:02:18,4d14c887a94a36bdd8a66e3c16264037f9097f015840d45b0bc60407150d612a,1,4,3,added
pool1a6ysvnx24xsjh2f6ehgmx7yu9q45fd7lsk88v2swxkek7pkxtgp,VIVI,4,2020-09-01 04:55:17,a042ed64c2e9b48bc2277ef15706a0a957e8743789ea8a70c892dc2c0fbcf7fc,1,3,2,added
pool1wxpzjtfr79pdfs6m6vg6xmcqjh79ff9d6sgzfdpvs2q26swahew,DMOON,7,2020-09-01 04:52:39,3a43c19254b3efc819c01a8e896fc993876bb14578cca3b8cf6ed9ec74631c1d,1,2,1,added
pool1a6ysvnx24xsjh2f6ehgmx7yu9q45fd7lsk88v2swxkek7pkxtgp,VIVI,2,2020-09-01 04:52:12,eb87d570217bd97ee8587ca47537568644adc48195c03e60b965b20caa89e76b,2,1,-1,reduced
pool1d054kj5nmzn0vmcsy3feyn56ehesn0hjaanucaep2n7qzyz0pv3,YOYOG,8,2020-09-01 00:44:24,0760cfb0d9187a1ad5f5c72e3876cb0bf7c07b6a898205a333f3548b46281a36,3,2,-1,reduced
pool1xh0kehvrn64azddplff6gfycc86cjcrjs6zlznfcdk3f6wj86ed,,5,2020-08-31 18:23:16,3a2d1cdfb71b421f6c0abd8df01ec5e1bd63ba2024de886d10fabff99b8dc29e,8,6,-2,reduced
pool1znza67r0kmuy6l3gq34h5vqfygpdt82g8uss5td7upneqqyqwnr,OTORO,3,2020-08-31 18:04:51,efe569a0cd32ecef2f9644df5bff82a81ee4b4664c84bf7d6efe09a93d86067b,2,3,1,added
pool15ju4ktqmtha9vry4mf44hr2psf807n4achj76z8uhawgw9462kx,,3,2020-08-31 16:37:08,9f91ab380fed852089f50f8d7e4d3ad5a16b5a244ae14d1c5e253c2311fc580a,1,2,1,added
pool1nc8vcafsgemc2jx7mmze3sppakahrl4z5qqauw6znr93jfyqv6j,,5,2020-08-31 14:01:43,05a26c5c86c087b6df9e7eab031f6b462ac1cf67e79cdfd2708017cb9c9b3980,1,2,1,added
pool12cc8t9yr58xureweksj73v87xkm6svcs8j3xnt93zd5zw5q6ugr,,3,2020-08-31 00:45:48,28c6ee34d609647bc76d2851a4c8ab6c043f150a313a0012919435a93c5730f5,3,1,-2,reduced
pool1eqc4jwuez8yyerwlyjwenh99dlvmn6t6n3qjym70ulf5u8xr6lq,VOLVO,3,2020-08-31 00:13:19,12266ded7e766f2bbf3180056d802f438afce4e8faa5372141cada7b6764df28,1,2,1,added
pool1wll3vr4v605eap9hpjfpda5cjegqfkjt8hrz3kkxpnffqejhav3,,4,2020-08-30 23:29:56,7bfd3f4ab15a632b2b1ddb756ad4c99b7eb1117f7c9a776fba8ab1fdc2e8e633,2,4,2,added
pool1glw78uuh552fkhu9v236qla6q4xef7qtx3z9h6e2mahhj5c392j,BWS,3,2020-08-30 19:40:59,33015ac0b01ef15bc8d4167dbaa86450127ff5ecea289287060cfb49bfb7e90e,1,2,1,added
pool1fp2ds5467a63k60r4sla6h8pju4q0z92h82hvqqv782vqqe4z38,,2,2020-08-30 18:45:43,6b2780f16d3f2bad714854a38ac6dadc44fa77fd8ee4e4aaad06e329f9d61fa0,1,2,1,added
pool1hjjj584gq0ynqf06g036a4a0stpm90asrdfskpasqjxf5948ygv,,11,2020-08-30 14:05:27,86ed31b47bb85b5a74e790dbc1a2931fc36efcbe71b096a2577716fad5d7f8ec,2,1,-1,reduced
pool1qw5jc5u4k6ck47kdwtwh8msv6t82x5c6qx38hjaycnha6skrek7,,5,2020-08-30 09:00:12,3986d38c55492afe1428131f313ee32f7a0c673aca817166a464a727e6d14a1e,1,2,1,added
pool1uc7slfp47xzu7egusxlkvm63rxw2dhtm58l8e0m46anhvhaecr2,,2,2020-08-30 07:42:07,4dd393b12d6c793505b8390fc321466957ca4417528fc442177dc855eefe9a39,1,2,1,added
pool19a88drt8dx3wu29e85vcl96wjsjt9vlnlj5tr4ydjqq86sfa84w,,5,2020-08-29 22:52:29,6ac04669765faad45b25b273b2baa64cab2f8b7b718ddf5a0b4157b7d3617cca,1,2,1,added
pool1jk25l2pejpdzq8vdjlxrr05th49v9tgd78fqrtxvuw3rumpfc6t,GROW,16,2020-08-29 22:49:40,9563b54b3603642ee9cfd44c5c77cbcfd66b8c00c4d634ac0057fe93607817d5,4,2,-2,reduced
pool1we0xjccr3vc4ypnmhzsgwp7sxpsytu8dtv0syeqmtrllvcex68q,JUNO,7,2020-08-29 13:00:12,69b5dd67003d5f4aff034caf35adf753c99173ad6ea5f10f9eb1924ea31e5b32,6,7,1,added
pool1tpr44v3pxth9j0ff246dvsryxpanxwx52f024ws3ecvn72sgv55,,8,2020-08-29 11:41:41,eec8a1dde6711e7ac5fc70e8acdff03bb5fb56bdf6869ebadee0d848d559b9b4,4,5,1,added
pool129vgxx8nuqcfq955tprdzruffxsa5ge928zda3pxgxc4qyeczzp,,5,2020-08-29 11:05:17,f932042dbec5bf578f8c25a002c67c0d4553b9e72a7ce40d2b9d41c1364b5b9e,4,3,-1,reduced
pool1clruldef450wxs48hqc5jzms224k0dyekeyl8ux4aplm2e4gd9e,❤AUS❤,4,2020-08-29 08:58:32,568231fa9f9d1e1885e9a91360dcb6b06b87c58218a6a7c770059b217ae11ff5,0,2,2,added
pool1xs34q2z06a46nk7hl48d27dj5gzc6hh9trugw2ehs9ajsevqffx,SNAKE,5,2020-08-29 06:12:18,64f1a652dc60907b93dbb7d5f791668e7a23ea45161440b9446f46e4f3b09609,4,2,-2,reduced
pool13hc7e9axpm0c4us03rwcw996t8zyz5452p0hpa6ehpy2z6gnqae,,3,2020-08-29 05:10:27,bdd3d9c22226c419c30a56fb18f2db7a710afc3b4d311d2bd12fd9a699f872fb,1,2,1,added
pool183tuc6uqs2q8tzekn4559pwmrg8ukss2fdwvtumrcdjh6j8qsu0,,7,2020-08-29 03:59:24,d05888c1e89d7d27f1d375fabedc1a9269601b10d220775c0baffd755d8d3434,3,1,-2,reduced
pool160n5l9gss5yl8glnappkelxdnre9t5wuacacspyj4rjtc0ytn7p,,4,2020-08-29 03:41:25,d6180c4da982effc93915f7f4491c3dcdfa7c7e138335269b578abbd58d4e962,3,2,-1,reduced
pool1gykaepts27lu6njsruh8lpjklulczdh3ywdpkp3a2sles6zg9e4,,6,2020-08-29 03:24:45,eee9421d4ee9ee69baf9dbdf7da9d54d885d1d9967e867b6ed690cdf9a3cfa94,3,2,-1,reduced
pool1m3wam7j8xjahp5mq03rfkcfcy45kevzfyekmdy74x8ghgpm5cdz,,6,2020-08-28 20:34:45,94700d18fa6a27a9e840bf2b9248db8bb93daf38bc33ae85c80464ddc91182b1,3,2,-1,reduced
pool1m3wam7j8xjahp5mq03rfkcfcy45kevzfyekmdy74x8ghgpm5cdz,,5,2020-08-28 20:16:23,9d45447fde66a33d3c9980ba1aef8ba59923797d08dc6284f6bd8852282b82cb,2,3,1,added
pool14yct4lltf2md86fm8xns78ttta0ey2a2m8j0vxx69pds2mzmhvq,,5,2020-08-28 18:32:06,e2d92cda52c55a420223a1717d81f95b63795fe89c3cc8eb46ca4f5e457f5f4f,2,4,2,added
pool1u0u2s080a5plun4acn6s70xa3q98ct7skt88l7w6nnwwyl9ecym,VOLCY,6,2020-08-28 10:02:17,63c9eadeb39d32a6b90b2a85dbd9a4a6d799166a97dc1b09658041940d4bbcc3,1,4,3,added
pool1dgmuwu0txducah4pes4e2avlcv98wedml33kdz7ujtrrxk8xv9y,XORN,4,2020-08-28 09:45:11,30fce10c871f45133c8787802aedb55851729f431d58bf2ff2ed6d1ef918e9d9,1,4,3,added
pool1druxd2syfrvqvepxh60fz0qhralcesruphh5atujuh0jktjy0ma,BSSP,5,2020-08-28 09:25:57,abf47aea8be533d564f0334c783a583ff311ebf4748d47c2c2bd20207d908893,3,4,1,added
pool1k0d5szkmzsw6035ytsm8dv75d4ewu5gkm7c7dhsjug9uvkaunz3,,3,2020-08-28 08:44:30,45da8aee2073c29a9e5b8cf07b318a8b4c1054380aba8d0df2821264c0a8b402,1,2,1,added
pool170028ak8q37qf4e5lf7z8eyuscgcrqgzn9lh58a4g9ngzd83a0h,AQUA,36,2020-08-28 02:52:22,a97f1c584b59983e9c1ba6d7759d1f117a960287bcab4859f986e22f4ef5b4a3,4,3,-1,reduced
pool15j9ztj028vzm8x7xzhhktf5xwrldv3j604wqh6ngrsyrw0hal9q,,2,2020-08-27 19:22:47,209f1e8237526de19879e0013d387b13518a9f98231b4314f8513c4c611d06aa,2,3,1,added
pool1gkv6unq28836849kqyv9qg2j09t0qx03hevusuh40nzw6wumhxj,POOL2,2,2020-08-27 19:15:57,e8a770ed22484f3df80bbd6d2005e913ffdd8819a37455b9b4a0cddcab7e0758,2,3,1,added
pool1ztpwatlnzskuruwe7hxwvu6xjsv6l24835pyvpx7lslccy3xx9a,POOL1,3,2020-08-27 18:55:52,04b29a5932b30a3bf0494f5ae13425a066c9f75537e5edaf8c7031969e4f4c4f,2,3,1,added
pool1ljywsch33t7gaf02aeeqkqpuku0ngpwl9fm04t7u5sl5xyunmgp,AUTO,6,2020-08-27 12:43:39,0600a87286dbbc99ce8f1fe65f98b64483ac1bf70db65843dccda7a1d4c4afe5,1,2,1,added
pool170028ak8q37qf4e5lf7z8eyuscgcrqgzn9lh58a4g9ngzd83a0h,AQUA,35,2020-08-27 09:13:49,34d1b9f54e1200a9be0993fb152103a30657fe8117860a7fdad872b748b02070,3,4,1,added
pool1druxd2syfrvqvepxh60fz0qhralcesruphh5atujuh0jktjy0ma,BSSP,4,2020-08-27 04:51:25,43991aa1be636d370fa037926be0f1f71b79f5df76178ac7f1e2a0a30640165a,4,3,-1,reduced
pool16g6ejlm5g0t5zqus7gwz38t4fz0wf3hmac2d32utypc0yj2t228,,9,2020-08-26 22:51:10,c26901b1d1f6ff9d064d130ed68f8c246e03ed2e519db62b05f4ff5dcee65a31,1,2,1,added
pool1uqrecfnsa6pqd2tz60r0lcj4kunhc4rrw8lldrpdvfx9qfjd6n0,AMS,5,2020-08-26 19:15:47,1a578473e9df6b5dcd32a29685a0cfbc7699423f5b62b7c0eb748eb631aa583a,1,2,1,added
pool170028ak8q37qf4e5lf7z8eyuscgcrqgzn9lh58a4g9ngzd83a0h,AQUA,34,2020-08-26 18:54:25,bc70f5342fd0eb80a9e3ac993bb77f60e3693599f0e2929e5ef1d3e5c7592e7d,2,3,1,added
pool1td7uzl5yfd38w682q6asnkdhpynlwj8utkfnk70nusnxck2acmh,,3,2020-08-26 18:26:13,261a32e54ba04afadbe04637e7151c822814bb320c46d58126c886192260e87c,2,0,-2,removed_all
pool12ktymer8mcwuc0r89heh9zd4p9ef3y0glxt6r28s96crccm6xnn,,2,2020-08-26 18:07:24,fe0672c54226420c286781b143824c1ce50a0ef0ffd516f13f0345a28a5989d7,2,0,-2,removed_all
pool1txdcwt6z4dud7ppf6xhtlcks4qt8degt5gcf0ffjjy45v7jzkcx,,6,2020-08-26 11:09:27,032e0704ecda7c9d6ed524da163a8d748f3b1b2027afa5d61372ca4d6dd21e49,1,2,1,added
pool122fqhp7fkuw3f44z7l3zvfwd56myazkf4ysqrr7p3s236ehx59e,,18,2020-08-25 15:58:36,68b487c6178c66ba19de249a42bdffa65fa3b6cb3b57aa665b56691218c79665,1,2,1,added
pool122fqhp7fkuw3f44z7l3zvfwd56myazkf4ysqrr7p3s236ehx59e,,17,2020-08-25 15:54:20,5180069e4a18f42fd4adbcf5102a87bde873a0446113ea2be72e8e3fa5f39a68,4,1,-3,reduced
pool170028ak8q37qf4e5lf7z8eyuscgcrqgzn9lh58a4g9ngzd83a0h,AQUA,32,2020-08-25 15:01:46,70608e0b97da5e0aa2fd5510d3ba1d5522df368b16eb7977c2233f79e3b2a634,5,2,-3,reduced
pool1xfds46yce4s70xyh85xhe3y9prhtgxyajt34dlhpw4akq345ad5,OMNRA,8,2020-08-25 13:23:28,893a6a8ae40b780f150666f6ba3835704b44c571d2ff43b9bfad6b9ed9efb77f,6,8,2,added
pool1ahl705cca5twdfmml0ksux606t8vmuemu9vsnf3g94mm7lhnhtv,,11,2020-08-25 10:45:21,8d706e20f216ca4657a6e2c67189d2530d513c55b52531e7d6194042edb9c899,4,6,2,added
pool1k0ucs0fau2vhr3p7qh7mnpfgrllwwda7petxjz2gzzaxkyp8f88,POLY,8,2020-08-25 10:13:44,7754f9173141fed31869a72561531b32aa7dece8b9b9726a18e9b1c2a5f742e0,4,6,2,added
pool1aqg6fvhcaulvss2ruvpx6ur9vj7pejvdcxv6xp0qlwuwx94evf0,SARGA,4,2020-08-25 08:15:21,61c35c92897d540f194f35bc6cd505a347c2e2efaf1ecd1de7032a91411fdcf5,2,3,1,added
pool1t7zqmrd87cpy332qjrw25vhxmu7lq3v9carjnuacw6upvcv4xc8,,2,2020-08-24 22:34:35,4a8d2df2f7976970c1591315a20b3863b5b8ec4d5b7d9fc4768875fdf383f62d,2,1,-1,reduced
pool1d054kj5nmzn0vmcsy3feyn56ehesn0hjaanucaep2n7qzyz0pv3,YOYOG,5,2020-08-24 21:06:58,52a22be8e285b9356ab2a74af342d19443007c1bff9779a2727f1250abce38ca,2,3,1,added
pool13qhkchlzakkjf4aaxj5ma2d5fcu9yr99ednxg75p45ctzdgrw95,,9,2020-08-24 18:44:15,af3eba355d30b05945302e28cfd0157b9dde34756323333ad7af060f827d9e9c,3,4,1,added
pool1c4y0lwrzus07c34py4x03juzqwa38zmvd0tc7ld5hp77qwpp5qe,,2,2020-08-24 16:10:24,2d94811b7e358f124991009e531a2fd9cec0480791cfb70372a09839175e99a7,2,3,1,added
pool1dxkf7k3qwnpgpxqfye8y9jvk7lver3fk8dq7c4dpzezyyx8cf5c,SPACE,3,2020-08-24 15:48:11,8e5c1b97e205ad3966f6ed97316901d307fec3e94b29a39cfe59babef527e103,2,3,1,added
pool1dq5wfv7sg636rjdmmzh2qgsrz7g2xf6gupll99n4ee5mkzxmae9,,2,2020-08-24 15:29:48,dc8fb1afa1ed5c3c4aa73c14ac7901070e78528856b6581aa01fbcdc91f7974a,1,3,2,added
pool1k9yt0fqk5czmajcjvqnwc6w9k5rcc40xe9kq05asd43c2xsw58f,,3,2020-08-24 15:09:43,77b626aa792e20e9bcfb6ede3e60d8f9059e9a1b8786632f883447983cf7c4d7,0,3,3,added
pool14dmxglxuj8zwxea0uze7nn9cll3xwpnj7352g4jau46hvehqvtv,,2,2020-08-24 14:43:13,a3cd44789670c6a6bb7f9dbb43edeb459e346049a114a6d3501132b4408407e5,0,3,3,added
pool19huja8uuhc98rxajduh7yexg982rt3qv6slwpf3r7ug5ke37g0g,,2,2020-08-24 13:07:55,317ed9681b302c72f955e8c673876e38dd2e4c70ede9a13ad547e9c2cb126949,0,3,3,added
pool1sr953s548fudyhmfm082xp0mensv2gxzt4qpe466ykw0z3jjzvv,AIR,16,2020-08-24 12:03:49,e09bdacac481b52a7d95ce1ec24f80b4a2be4b49e5b0812a4ca9c5e53b9a2178,3,2,-1,reduced
pool1fs2m5rmlx66crcwwrrsf2pcxjhvk7kzdurcqusd3v5gm65cufnj,BIRD,10,2020-08-24 08:27:09,ffe761e167b23989736f552173a631c068deaebecee42b3ab9be65c407be1ebd,8,7,-1,reduced
pool1uk2f28awascuhrhuwrp7x6y87x8ch33vwx8jtmrysp7l5ngq78j,POWER,8,2020-08-24 02:12:22,f410bc3504d002145f6721af9fcb54a02caf4f85142ed6e7d6e34d469802cd52,4,2,-2,reduced
pool1ddghnthymd3duklvx5pfunymqg29xe4vlmy89u2efyjdktn33kz,BOOST,2,2020-08-24 00:01:10,db7de96150f1e9a9acee5603e4347b6d3844469de15e682e0de7df66cc1cbe4d,1,2,1,added
pool1qqq6qqa0hpzvumv5p87ynczfmdj557xuwlc3289ke42g72z7f74,AHL,3,2020-08-23 21:24:01,de21c4a36c563b6d2017109cf563c5656099ab2fea7387c5cec66ce283396011,1,2,1,added
pool12n6lycv28kjtkzecfz2a3uujyxy6ewuwjcmjq84my67psqmgagv,MANT,7,2020-08-23 17:40:41,4fcc915038d09a987a115a6ca14d3c17b2c75c2d3368b5bbacc0481e74b67e79,2,4,2,added
pool1dxwgzj66pual956mnv9delkelg873yvgr2dd8s279m0hxqvr475,APOP,4,2020-08-23 16:16:31,4b36c55195af67728ef84df4ef8523b4761ef12080396abbd50f48ba65f827d0,1,2,1,added
pool1ls5kdncky55up83lyh6430c56w9scdnnq8nu8a8ncmtd6txcz3y,,19,2020-08-23 16:11:56,50ea78e919590cc96709477fd7a9ed0c2ea3599274394e5b227dbbb8b4136f20,3,2,-1,reduced
pool1n92phm2qkyq458vppqccf9emtx3l2z7wgwfyjt5elu9772gda2j,,8,2020-08-23 15:54:51,21ca9221bb8a61bbc4a259af9dafeb4a33d7b64b7c3292401db324b901e3655b,1,2,1,added
pool1ls5kdncky55up83lyh6430c56w9scdnnq8nu8a8ncmtd6txcz3y,,18,2020-08-23 15:33:36,da454143dd04237494e89c1485bbfea97b221fdc39c268027f03f25e6d073077,2,3,1,added
pool1tpr44v3pxth9j0ff246dvsryxpanxwx52f024ws3ecvn72sgv55,,7,2020-08-23 15:01:06,91bb13ad072aedc79ac3ce42fba0c279dde934003e2a75d00893d945b478d711,3,4,1,added
pool1vmj2h5vwgc369g9v4lym57rg84t8sh6twn2sc75cr3pdjcg90gt,SEXY,4,2020-08-23 12:03:11,611b7fc0eee255f0107c5c31c0b6d55ec8ed1139b5108bf509fd1538706a1e2e,2,3,1,added
pool1uk2f28awascuhrhuwrp7x6y87x8ch33vwx8jtmrysp7l5ngq78j,POWER,6,2020-08-23 12:00:41,9f3d9aca89851068635096971973a4949a9716bbaf407d2450be8807cd78cb84,2,4,2,added
pool1fs2m5rmlx66crcwwrrsf2pcxjhvk7kzdurcqusd3v5gm65cufnj,BIRD,9,2020-08-23 11:55:41,b2413b1cda07af569a25ef00722aa93342fa145f956c7910a5a80bd93563237b,4,8,4,added
pool1ls5kdncky55up83lyh6430c56w9scdnnq8nu8a8ncmtd6txcz3y,,17,2020-08-23 10:50:16,a9c6a9c222be2f1c360ee6b6ab6b980b53162c537b35462a5a70727829686fc1,3,2,-1,reduced
pool1hn7hlwrschqykupwwrtdfkvt2u4uaxvsgxyh6z63703p2knj288,,4,2020-08-23 05:48:36,8f2cff7e373cbd6010308371d504ca2eb352d4bb45120931ebac306b53e46ed6,1,2,1,added
pool1qqq9tqyj69j9kygpxza3h82ynh8d0xlueucnu2yqum8nse8hj7y,SION,2,2020-08-23 04:19:01,9ed0ac2a1a32b96479b7d244eaa0c9a23436df42fcbb7088f66111181753238f,0,2,2,added
pool1ndc7kgyvsd3258juepzz6v7fn5ke2pyvn8s2qr9y44agwjhpyht,BB242,2,2020-08-23 00:56:56,e64889c063f7509d406816d08a13cf58b84eb6de9e5687860eb9b8388bd8229e,1,2,1,added
pool1ls5kdncky55up83lyh6430c56w9scdnnq8nu8a8ncmtd6txcz3y,,14,2020-08-22 18:51:56,d0313fab02e0b2f41f962c4a83613eb97e04c0331b3d01280f9359ab2ea438bf,2,3,1,added
pool1t50sl2erwfaey5du4e7gnp52fylplh5q4j24zkkxk9t5vsxfcvm,MONEY,10,2020-08-22 16:50:45,968d06a25dea04778c65ca05a14adda7d2ba62c467725be3c875681dbc5eefbb,4,1,-3,reduced
pool1cxd9pkptpkd6supm4dh0tlu9jfx63l4xjnn2fkvxk50y2j67665,CARL⭐,2,2020-08-22 14:54:26,80dbc527ccf5ccce325ceaafb00cb6e8c858bf11e06573daa5f306d0f2c0714a,1,3,2,added
pool1t50sl2erwfaey5du4e7gnp52fylplh5q4j24zkkxk9t5vsxfcvm,MONEY,9,2020-08-22 12:00:41,f536a0d4e0d71e48b1449ff89e7531314c4f4599c55553fef4c0133512a36f24,1,4,3,added
pool170028ak8q37qf4e5lf7z8eyuscgcrqgzn9lh58a4g9ngzd83a0h,AQUA,23,2020-08-22 09:51:31,996f62ed50958a264d68ca17482075163835f2bbb25e0e3089bdc1b6ca0e28a7,4,5,1,added
pool1f5dhu20yuwwzw5he87euv2gx3zqcrrkppc6c50znfm635j8tsn7,CETI,6,2020-08-22 05:16:56,80f3551573f2f883690074f0413dd77b2325f4e5156de2454613ac5ef8367abd,1,2,1,added
pool1g57ym845sgpj9jv4uepzkmcee69n4778x05fa95d584r2ew9k04,CETI,2,2020-08-22 03:53:11,23dfbac82b0509e209f3c00b73f5d4108fdf62cdd68a656c0c4d95031b98ca2a,4,2,-2,reduced
pool170028ak8q37qf4e5lf7z8eyuscgcrqgzn9lh58a4g9ngzd83a0h,AQUA,21,2020-08-22 02:34:01,257f512455eb0bd32db3298d3d54995d914ca7c347a5c6f4c05f509e64715b98,3,4,1,added
pool1qfxukshs4fkcrflzdnxa2fdza5lfvew3y6echg8ckaa4q8m5hyf,NEDS1,11,2020-08-21 22:35:41,b64d2f7465f449f519f7cab1034c5285e2461912c4dbe9b3f2a74efba419e460,4,3,-1,reduced
pool1cn0dqtplwf67fds40hgkf0u5rm4q4azev5qutmgkw5hdyvue2ue,NEDS2,13,2020-08-21 22:33:36,995a676e3ce6937914828df7d4548e25413b5492ad31972aa78064fb43dc9f42,4,3,-1,reduced
pool1ls5kdncky55up83lyh6430c56w9scdnnq8nu8a8ncmtd6txcz3y,,13,2020-08-21 22:31:31,c553a6c874f7601fc66e51cc086a8f94aa5cd805d03ed6c2479e3df51cf02736,1,2,1,added
pool14yct4lltf2md86fm8xns78ttta0ey2a2m8j0vxx69pds2mzmhvq,,3,2020-08-21 22:28:45,f1507872a066fe265cc59a76b3a8080cf9bfd1102e347e3e35978a4acb6cc2f1,1,2,1,added
pool1ls5kdncky55up83lyh6430c56w9scdnnq8nu8a8ncmtd6txcz3y,,12,2020-08-21 21:08:36,b66e75c9c4beeff43aa0c599e18217320e6d2c5d0c74ff9af61560062b9bb379,2,1,-1,reduced
pool1rx2ce04meyzjfw7qtspzlk8h863kj5nhwkhts7ja4vtpsk934tg,,4,2020-08-21 20:00:16,a84edf6c8df5f2d5667ad9c178f511868c23b0dbcd8289413167434a24626629,1,2,1,added
pool1sk4s9cmjc9s5uw5zju76tnu3hjc7qj4geaeq7psy9yjay4a9nwd,,2,2020-08-21 18:10:16,80f0d33c2591e7cc5dbe016f202f4e4dc61411045089511a9f97f00906b3dbe6,2,1,-1,reduced
pool1num5a9mvz02pncerh6d8xdcvd7474l9p44jkrwk8srzz7563yrj,,4,2020-08-21 17:29:51,24c3a26d155ad492e72ea49dda44de1625aa05eae1c8fecb56ad1410dad5fdec,2,3,1,added
pool16z7x36urmpd2eczdjalrhumsldtztez9ydd7np6znn6ussjdkxq,,16,2020-08-21 17:10:16,d89bfdbe30259d8b470555e6cb9fd0c2b1ad8491f991e88ab8eda60461d6ac27,1,3,2,added
pool1ls5kdncky55up83lyh6430c56w9scdnnq8nu8a8ncmtd6txcz3y,,9,2020-08-21 08:57:46,294c4fb40830f74a2b2bed9eb1ef1fead983c225b47a816e6e6171535d4c6089,3,2,-1,reduced
pool1ls5kdncky55up83lyh6430c56w9scdnnq8nu8a8ncmtd6txcz3y,,7,2020-08-21 08:05:16,43a8e2671a66fbad6eb904751245d667e1027ae0bbda553c9f29bd8d1c249204,1,3,2,added
pool10zyf32q3w3n9x940j6yqgkwuegzn77p94wcmpku6gvmrqw8a97d,XSP,2,2020-08-21 03:45:41,0914e46d395b0ee698b20d7c154b3a89049839984ebf25e2a23ab7e89b9d1144,1,2,1,added
pool1calq8kjzrvp83l80rtvgmulausl99q4tjfkz2lp227vkymd5wgg,ODIN,4,2020-08-20 23:44:01,04bdfa044ab40af3a690d1e0d1bc00ef9925cc556ad8d3d25b330dd166c8bfd2,2,3,1,added
pool1rwqzqvkykz3xqqqv7k3k5vxswjd64ez7jwfxymdw58xs2xtlx7r,,6,2020-08-20 22:31:56,ca2c11226b0932c3f9f7c3b78ab320b22e597723779de1ff2796b6cd5c572edb,2,1,-1,reduced
pool13qhkchlzakkjf4aaxj5ma2d5fcu9yr99ednxg75p45ctzdgrw95,,4,2020-08-20 20:27:21,25a492a745db158c226969162164938283e2b1d3b8682f005a67edaccf5f21da,2,3,1,added
pool1xfds46yce4s70xyh85xhe3y9prhtgxyajt34dlhpw4akq345ad5,OMNRA,7,2020-08-20 19:15:41,53ba761aeab3835f8be2ec867130b42b15186d7b34c3b4d6d6a4814a648d4b83,4,6,2,added
pool1ews5ryrhl5az8egrvun68x2wdhgvthxjtx7m380ksc6rzxkqz2f,,2,2020-08-20 19:02:21,9c07b6b4eb8aeb3e4a60ffc0985b0580f13c5988c297101e0b0fc95a1d6e424d,1,3,2,added
pool12z39rkzfylvn9wfe8j6x9ucq6g2l4mw4azj70y0gd8ejczznyj3,BRAVO,13,2020-08-20 18:50:41,403c5f9022e72b4691a934e219f8d99c943e11a62eafd1c4e65ee5ae1d1143f4,2,3,1,added
pool1rngj9v7vac3qgmgmrh2x5me6r5eemef8v44c3264594wg4ehrwq,,8,2020-08-20 15:36:06,4cc7bef1c31ed8e984faa3bd43c4fbe77eddb792259cf7c99fb21ebaeab2a254,1,2,1,added
pool1lcl9j8zzqtcd4g2gf5zgexcqmnmjtvje707hupngymjhq43yk3s,,6,2020-08-20 15:11:06,9aefb9c82beee4d2739bb0dbdf367e7d90e6b5f3ac383353a5b7c882bf89d65f,1,3,2,added
pool1cuzhrcpp676p4u9yk2vrtj7utmq2dy4ey56uw6znml2f5hrpgpw,MIAMI,2,2020-08-20 12:43:36,0b8d701edbcf6f59593f83d88c03afa1abbb479dc72181432d0336c8fcb93ba7,1,2,1,added
pool1pr9sj3ptzgws7zt8pzrypfdnp9vkkcl62md5y6yk9u5usyyadxa,,6,2020-08-20 09:50:41,4a81c5f6d47d2a3d71d59e2c067277c1d37ab5b2ded8690643980b335d2662dc,1,5,4,added
pool170028ak8q37qf4e5lf7z8eyuscgcrqgzn9lh58a4g9ngzd83a0h,AQUA,16,2020-08-20 09:44:51,b9e2d225a18218232f61a95d1a66adc19b95559b6f22808c5d7620bff4dacbe4,2,3,1,added
pool1fd8qnudvhz2hanlccdsfrwdxmmwwfryalrmy6a6y62cgqfx3ujz,MOST,4,2020-08-20 02:00:16,5791bca04c8e4ac8256a5e426dbc0d2f8ecbe0bcfef97672533da9c7718a813b,1,4,3,added
pool1clqktqscpp3zl5ps8vlatqx0vyn59ls6n9453at955mkcxx9kfv,,4,2020-08-19 22:59:26,a28b2e7deb116f104f29abd792e5b2d3defadd7f910abaf04f9d9501a2e6018b,3,4,1,added
pool1sm2kmdn4f9rat3kl67y9drqcnnqc34zg4f4ufmnrfaj45gcv89d,LTES,6,2020-08-19 22:42:46,1b3a8d7a386b7752d2e6a48a6538f12a63c37006c3879c00f6cbf7ad48f89f45,3,4,1,added
pool1lgdk6s5d6flv2sj0cgzz5es5vly8lg88k2e7457tc44hjf8pffk,ROCK,6,2020-08-19 20:29:26,df51891a5b6dc5afe350993506650e265fad5a60c5b7f81938395ba9a50240ab,2,3,1,added
pool1p2ldp00jsl5l9xpg9m77zavhqmw7amtg5nlf0jwudlu2zaq389s,WOLV,3,2020-08-19 20:07:45,2ec050600b1cf4e3295239a2f06e04a8198240651e88798479d298297c7bc3ff,2,3,1,added
pool1num5a9mvz02pncerh6d8xdcvd7474l9p44jkrwk8srzz7563yrj,,3,2020-08-19 17:35:41,76a888ad93349b67ccdfb7dc98204c26975c95e622561c2385ef787a33e606d7,1,2,1,added
pool122fqhp7fkuw3f44z7l3zvfwd56myazkf4ysqrr7p3s236ehx59e,,13,2020-08-19 15:32:21,a721fb63e1054578d2783699d2411eb848be35621557302c83527942493703b3,1,4,3,added
pool1druxd2syfrvqvepxh60fz0qhralcesruphh5atujuh0jktjy0ma,BSSP,3,2020-08-19 14:57:30,f2e7bf98fd7a8fd37b1f773d120cd3b053b7354ad072180afe31303ee193c229,3,4,1,added
pool1t8gjk7jzvujfv9s8q992e6s7tp8na0q3j62g7s4ppzfmccus4jk,DEAD,7,2020-08-19 13:09:01,b43e461fdbbf8ba800b63d8f383cae179d921c4038cb3d93ffde865579a30811,1,2,1,added
pool13pyn4ph3k98x8gwhvhear62j60yskjnltpxvxpk90gwtjkzj88n,HOWDY,3,2020-08-19 00:31:56,2f821253e8507a545ce885ee8b286baa01c7f6686b63177e7529c16195a7b195,1,2,1,added
pool19wypxkajsrhk9cce8me6yyp3cx2yvq3823nesqgn8d78ju8crwq,,2,2020-08-18 23:23:36,32fa2ac858fe3e67e444265dd90b8c1b09799f0cdc9432af37a86e3da5fc1485,1,2,1,added
pool13ucz6778ywff5pmcag4pcknq9gm6j04qtgh65cu9c5mt73t5ulv,GLOBE,2,2020-08-18 19:11:53,00eeaf2456a653ba56fcb846cef60769673b2e9af0f4fb489a8a4dc0b4d9451e,1,2,1,added
pool1p8gda4td9882kcllejstrzfh84n8cxts0j67dyuuamzdg85cf3a,ALL1,2,2020-08-18 18:33:22,3ae75973180841011c274cce0cd301cd6cce9c72d40a418e0a340ca326bb007e,1,2,1,added
pool122fqhp7fkuw3f44z7l3zvfwd56myazkf4ysqrr7p3s236ehx59e,,9,2020-08-18 18:04:06,fd944662d6bbe1a34f455d8d38d04f5c1b925b4976f760367cc2a2597a6aa8ff,2,1,-1,reduced
pool1xt0z35f0ms6xt5r8swhtd2xcymqxvk42m8fk5q8fnw8hjhr6yax,,8,2020-08-18 17:56:19,c6359b8f43933a859ee670b14fa2d4a9060a988b044d0c5a6fc23e58f79cda8f,4,3,-1,reduced
pool122fqhp7fkuw3f44z7l3zvfwd56myazkf4ysqrr7p3s236ehx59e,,8,2020-08-18 17:45:35,cb6a3f0e362ae83e3ef346d9b6d3ddb31d0bb53a0380fc42dd70bfdca199e5be,1,2,1,added
pool18nx24xhkcewezxvrjgdpt9pgt69pefr85m8qa8fdjd4m6p7egw9,,20,2020-08-18 17:27:04,eee4262ff5e86154a23b2ae2aec2f4762468d5a4a54694e3d370c41a01e76ce3,6,3,-3,reduced
pool10qmnswfc22zm0fscg80gkwqz65ujwjkqmctv8g9l9l58wqtelgg,WAAUS,2,2020-08-18 17:10:24,8c06fcfabb22d1c47aa2661662eecd891d793805316cb15aa9649dfe16333de9,2,3,1,added
pool1h0tfxrhgvx6g730dunefjqn44qxxka3hfavjakuelsa6y7k0e7v,,5,2020-08-18 14:22:59,4df3abd369b2948b426a4b13b78ece4111f3c59ed37733ebfa8014145b3ba1d4,1,2,1,added
pool1e8hyjnlqpm5r7we5r9yk6n0kuh0l7f9w2dpylph6u4jtsstntgx,,9,2020-08-18 12:11:08,6f9e513276a642c709748beb01dcac693532fa4741a2900696b1d0c99ce9e02b,3,4,1,added
pool1xfds46yce4s70xyh85xhe3y9prhtgxyajt34dlhpw4akq345ad5,OMNRA,6,2020-08-18 10:24:06,db5f8df181e56dcca634f12bf4683e485a6094d3f77d9a42a77f3a6b8b91d8cc,2,4,2,added
pool12z39rkzfylvn9wfe8j6x9ucq6g2l4mw4azj70y0gd8ejczznyj3,BRAVO,11,2020-08-18 08:35:13,025a31173765081be375383d10412356b3ab8f45f9a6620b360c39561f76dc2a,1,2,1,added
pool1qvhss6kxmtl27nr4ugvypayhvt4a4vzll8p9csdg2v8q7d22llu,ASTRA,5,2020-08-18 08:27:26,fd8e288279a827b137f76ecb7390ff01be3e18a9fff083c502a22f4b2571c6cb,2,4,2,added
pool136903m0kag2amlga2ypcz8wnf7d552qgy5t6vz2pqlzuq2kyshy,DEEP,9,2020-08-18 06:51:31,eb77fc758f82946648317715fcf98e67359729fcd9de7d6f5b99725b5430f28f,1,2,1,added
pool1fe2jaesv4elw6f9dhu8mlqy5fxpldq873d079ymec4u5yux8p40,,9,2020-08-18 05:05:30,623312673632b5437199314187fc9aaf8b4025f0190fca19915797c5f0e2523d,4,2,-2,reduced
pool190a9js7lk9lvmrngre7w268z9tz9xs9yz77audvw8ag4jerfdhx,307,6,2020-08-18 03:29:17,734d7f54054b99ef939a400fc2c54a7537070d5b38defb18d6d786b0c423b1e8,1,4,3,added
pool136903m0kag2amlga2ypcz8wnf7d552qgy5t6vz2pqlzuq2kyshy,DEEP,8,2020-08-18 01:24:28,0dd5b1d8a006b1b3e8c4c358edf18823e99bfcb2f36419d1f8c96b22d36792a2,2,1,-1,reduced
pool1cc76kmtcpf6vht32ya5ke9er74dnpy4jh5qpy4klqwp87ygdsu6,,3,2020-08-18 00:24:28,8c3515607ddaa128200afd39b8c9e64d4458ed0ec772d90ea4e233cd6350650d,1,2,1,added
pool10ljdn3zwsh7vjkxf6t250423l5qy487x83st7m8a53jxznrkw5g,,2,2020-08-17 23:03:10,17439d23b0bbef3961fbf57892bdae3e0653120c25091a46a569c22c6163e572,1,12,11,added
pool1xgwvxpas3r8nvg9z0f5cdcyr56whynkl9dpa0ukpq4ztjfspk9r,,4,2020-08-17 21:31:08,5596a634b6ad9b03c0a2c159340e42a2f533e7765ee246d6e36a1cc3090516db,1,2,1,added
pool1nhd907krga9dh69kf0jg4tl0764rravepy337gptvsknxyyx94k,TOPO⚡,16,2020-08-17 21:01:31,0cee5008171501b8f899acbb6b98faaf05e9c837532d6dd502e1aa0efa38b9c4,2,1,-1,reduced
pool1m62sl6rauje9cknrkhwl39tc4hujudkd7gp478dpz7tagmjr8wm,,3,2020-08-17 19:23:44,35680c3b78803f2ee50df7f2b59f2210ce5d7477456f44f719678fb4c32e8e05,1,2,1,added
pool1u9gudcfadehlarkh4xdtgrf3zeze978mrnhtrvjdkjwj7wxvcje,,13,2020-08-17 17:40:24,abf17577ef8fd716f7661d66c22b86244f970999ac9b07ff36310ef999bd2177,14,10,-4,reduced
pool15n83v7qy2pzd6fmh84mrewe70cmdr372wey48g8wjndrvxywfaa,,2,2020-08-17 17:35:13,0a09246c1fafa7c410a2a94b61959f32fd1e7e6f93b3d70f9a664eda8601edbd,1,2,1,added
pool17ym7vuptkzd6h7yvey7f8hlavsme6h2rhklre6rslaw9gfvekag,VRITS,6,2020-08-17 15:03:44,f42fcebe96cf7454c53035d7af6d79cee26258727375654ed50a61fc95418e89,1,2,1,added
pool1jgwu8lq3dqddnnx7prymcgcyrqy0fdlghg33he2hmw9t2gma3zd,KIWI,4,2020-08-17 11:52:00,335f1697c863c585e05da6d544e7afce3b0044b24c1bb10f242ab3b4a419f9b8,1,3,2,added
pool1y53awxsm6cmksp8qht8qfq5f5c69t6mrgrdcresk5y0ecv2yj93,RAMEN,4,2020-08-17 11:38:55,58d502c82a8bd30a13134e94c992638a227e93592335034904db791bfbd321a1,1,3,2,added
pool1vquhv3kh6xkklckaenl8alyuhfsld57ef5573aqauueyqacx4ak,KIWI,8,2020-08-17 11:26:19,ded5d6bd801fff2e311de3b6fba79b0cb08525c74ef9e4533e855c0ffb5330d5,1,3,2,added
pool1wwzctexlp70mj00vv65mlhwhwresn58s9x7jl4tswvkg77eu7n7,UKADA,3,2020-08-17 06:55:35,0e62ac936b83b6a9f3b4e43afb7b9e4a762fe88abf48537854df64922d2c096e,1,3,2,added
pool1sks9qwpygf9vmgeuh4n4a3s36k35c3qnz7pd4qqvw5825x62y3y,STEAK,3,2020-08-17 01:16:10,e138998e32be1eecfffbd40164affaaccb10a51ce90436ef2c13be6a96b6b401,1,2,1,added
pool12t3zmafwjqms7cuun86uwc8se4na07r3e5xswe86u37djr5f0lx,NORTH,9,2020-08-16 21:50:46,6271c6f0c26af2b187ce4634457c216bf68768c8e3135b1c09f7eb49e27c73cf,2,3,1,added
pool1ntr0gyvdenpqm9uwwguaw028ayuuck2vx580l2r3radvg6m38pl,FAY,7,2020-08-16 21:22:37,4b2a3e1adeec40144c61c0e0218cef2613baf951b218f8f4a9014834eb85ae27,1,2,1,added
pool16z7x36urmpd2eczdjalrhumsldtztez9ydd7np6znn6ussjdkxq,,13,2020-08-16 19:55:57,85927c05d77ffc20422db7cddb5675b37e0bd277fbdc1e56a0f5048ef2d4997b,6,1,-5,reduced
pool190a9js7lk9lvmrngre7w268z9tz9xs9yz77audvw8ag4jerfdhx,307,4,2020-08-16 13:23:22,6b2e95dd14b00dfabab58777d061df29213141e093a1afdf5315a801c2009012,4,1,-3,reduced
pool1crprz3rdcwvfxmc0s4gxquh3qeqmscww2qfvpl93q52yyn7agsc,WOW,2,2020-08-16 09:48:55,82fd957a412dbd8b691c197fae87b946d04194157032895f8302a76d1c84e645,1,2,1,added
pool1gyvjd6n3t88lyyhzd8juqg0fnzq2kwlmnrggd4wghf8r7wndz4v,,3,2020-08-16 09:43:22,6128fb4ff9bef5a25542966fcd1768dd3ff10da75f0daaccbb12a0fc2933ad71,1,2,1,added
pool14hsxa2zfwzvy9ncdjwnx0xkcltjmdydeayxfju7suuuewv0dnke,KROM,2,2020-08-16 09:37:26,633139333970471e5525e8b1dde5107a3f9f8af7063545b9682190583aea7022,2,3,1,added
pool1krznhwu3h5pu2stuslr53z5rme50t6384macsmylcnljwc7yjky,LEAF,15,2020-08-16 09:10:46,b74d6f55e2c298edfba9f4e9afd46bf4c33644eede89f4830ad5a8054a6ec916,2,5,3,added
pool1jhh5u4q6r6ym8rl7lcf9qc8lgsds8sxh0kl6lajkh5wkgkq6efy,,5,2020-08-16 08:21:53,ba058c923801aa6ba437a106c8bede04babdbc344e3d698baf6a5ad7998cd254,1,2,1,added
pool1shs9tax8wuujh4p63kxyp2kkk0n8k8erlt6vyngj7nzlgnqykrn,,4,2020-08-16 08:04:28,c4d2f093a9a1e62f5e37557abd21279da79a566c9a9022820acf0eae947c31c6,1,2,1,added
pool12qr5swatvpn54yqqmnk58kphzl9dz7ugtdmrw7jtltdpuyy89dq,,3,2020-08-16 04:26:19,2419e1b5234696e8c6b02d4fde0cf3bd20680be96f5a28f8c98a86ba3fcbf8f0,1,2,1,added
pool1ee5wnnx5cknsdhm9dcrrkq0veaadhsvcavvxw3tnnfavz6z60q8,,7,2020-08-16 02:55:35,1fb590a65d5012b6fc768555e3c2c07b5ec96c5fed1745823c69baa92eef0cb7,2,3,1,added
pool1ztjyjfsh432eqetadf82uwuxklh28xc85zcphpwq6mmezavzad2,,7,2020-08-16 01:25:57,b0b6f0fc096ee0df9d6a84ab10a253fed5e8d6c649f33e73346c4c99b031ed08,1,2,1,added
pool1ee5wnnx5cknsdhm9dcrrkq0veaadhsvcavvxw3tnnfavz6z60q8,,6,2020-08-16 01:11:31,d32ad5c57cfa973c4ddb64cd87b74ce2e81e0fd3dce214326dfdb72cc7d8d15a,1,2,1,added
pool1sr953s548fudyhmfm082xp0mensv2gxzt4qpe466ykw0z3jjzvv,AIR,14,2020-08-15 23:33:20,6bdc339792786fed44213d4b0a548d2f5cc3385065481d048d0fc37e15b5f742,2,3,1,added
pool1lcl9j8zzqtcd4g2gf5zgexcqmnmjtvje707hupngymjhq43yk3s,,5,2020-08-15 21:21:53,d93479710900b66a9f3bab6648dd59ff32410ecb2d16ca4bda952290cb38db84,2,1,-1,reduced
pool1gykaepts27lu6njsruh8lpjklulczdh3ywdpkp3a2sles6zg9e4,,5,2020-08-15 21:09:17,31992c3b578a6241bc0cb27b592554c51628bfa409765a1e0281dab0ca6d794a,1,3,2,added
pool183tuc6uqs2q8tzekn4559pwmrg8ukss2fdwvtumrcdjh6j8qsu0,,4,2020-08-15 20:59:39,ee04dbee3b61e6ba6f9339dd5501c08c52a43d76fc5830afc4b33af8cebee75f,1,3,2,added
pool160n5l9gss5yl8glnappkelxdnre9t5wuacacspyj4rjtc0ytn7p,,3,2020-08-15 20:35:57,3764ca10c8844f96ea2be4e528f22daaee8d06cee15c43640c77b9d786ab90ac,1,3,2,added
pool1f4lvg6px40kelh4kala6jxn6fnugtyhrtw6hgzgr7ar7ymtr7jd,,2,2020-08-15 20:11:53,a62893857925dbc7c69da2c98ad515e6fbe182eacc41b43f94fbf325f01ef589,0,1,1,added
pool14y230zspjkhezehue4p2d9q87xh3p8a0vnpugzdty7gwcruepps,FAST,3,2020-08-15 13:42:59,ab9cd3e2b4687967433e7dae86c01d044fa0eb40c91276871321025781b45261,1,2,1,added
pool1e8hyjnlqpm5r7we5r9yk6n0kuh0l7f9w2dpylph6u4jtsstntgx,,6,2020-08-15 09:05:35,691c62a97c2e6cf1d41053111b60be924bbeaddab2c2f6303cb622a66b16f6bf,2,3,1,added
pool1rqmm9gmeldz4y9wh36we8chffma06fp3skd2hkefaxnnkydzwrf,,3,2020-08-15 04:14:28,5afcf6f04cf7008370e74b908944101a71da1e68adebed675434e6248142cba3,2,4,2,added
pool19wr27r3dqt77nd0qv7zcwzajw8fl3y0v69x5pf63sznuugg9p35,,3,2020-08-15 02:40:24,0a1f7c44649720984296f44dc1d064120867db0fa45d17f109bde20ae89a292e,1,2,1,added
pool1c24g8qlmmhxrutsaus20dzy84vnaws2839ssqltcaqnwsa4ssy5,,5,2020-08-15 01:36:19,2461da38f53ad1f5ced6d9f3f871b98accac86ad4fa34f7aea71bb6f434d118a,1,2,1,added
pool13qhkchlzakkjf4aaxj5ma2d5fcu9yr99ednxg75p45ctzdgrw95,,2,2020-08-14 17:53:44,8dfe63b769907605c0ae5426a1dd5b080316b2958a33a91436fff456df48d4f3,1,2,1,added
pool18km87e0gdvzzdfv2kczcgryemjtn0uhmku66qunauczu7uq0h89,,3,2020-08-14 15:02:37,25784a8e89fcfab6a31190a8d6212855ce719fb91cbbb55e01f4238d3aa98200,1,2,1,added
pool1el3v9e8u9zg70p2uva8tuuxzfyh27z242lryjw8qudzqum80p2e,,4,2020-08-14 14:43:44,5fde14c2fa05928fc662af262b91e6f2531cf7eccf65c6638c2cf8fdca35a11f,1,2,1,added
pool1sr953s548fudyhmfm082xp0mensv2gxzt4qpe466ykw0z3jjzvv,AIR,13,2020-08-14 10:05:13,64ead31234f79228d56355ad84a98996a93bce43bc5f34e9981380ccef07d26b,3,2,-1,reduced
pool1f4rs6v0cpsqa09ueddp6hhl8xwdwtdqglvcuce26srxdwmzxl6v,,2,2020-08-14 09:46:42,9538b2ceafffec847dda191de7faccb8666c49a09d8c5f5b72f73194a8d1881f,1,3,2,added
pool1fmykj5jqxtpxu0285209ar37taw52p68q87nmg6vpckhwrtje5w,,4,2020-08-14 09:41:08,0e769a3c16e522924fbdc847e9c4cd64579faca223737296d8bda79c66fc4ee6,1,5,4,added
pool1y046n8u3uz552nmhz9wx7jv2gn9lytyvwlntetkyavvq52nzqzs,PRIME,11,2020-08-14 09:36:19,54b20e52a818882e1a8d3bb1e414a8a1c9235db06516f2b84aaf592d4a0326ba,1,2,1,added
pool1vemm9tq77upd9m6wtu7edw8wtju3ymnuq9wz43cfn35qk26ddqq,CNT,7,2020-08-14 06:48:11,5b981fa0508c8d5e93008e0655285aee5bcad16aa8d25d80c60cd057a3429de4,4,6,2,added
pool1thmyhzux99vty9h4y57dfc6mjwu80na79wyq33trc4z3qem7luu,,8,2020-08-14 03:55:13,05cd19156e5f4d9e0df9f3e3034153b159c53521e5a2989bd40216235f935f35,1,2,1,added
pool1vyn2m2ry62ayem2av9w3d8tvkdhv6zl5v9j6x8mcc9awc96ulrc,,8,2020-08-14 03:53:20,470a18c34328f9310cbab7a6856feeaa80b97cdacd5b836aedaf8acd4ca97d47,1,2,1,added
pool1u9gudcfadehlarkh4xdtgrf3zeze978mrnhtrvjdkjwj7wxvcje,,11,2020-08-14 02:07:48,d533cefc1b506ec3457ffbe4222150fef6cd2005961ed286e185c5210b4d4dfc,13,14,1,added
pool1vmj2h5vwgc369g9v4lym57rg84t8sh6twn2sc75cr3pdjcg90gt,SEXY,3,2020-08-14 01:20:02,2188fa6f9a3df21c91b7b8d760ea8586d15425a9b759f70915697bc6acb6bef1,1,2,1,added
pool1y046n8u3uz552nmhz9wx7jv2gn9lytyvwlntetkyavvq52nzqzs,PRIME,10,2020-08-14 00:31:20,007d7980edde96a0fae6b0e9b20b43b2400dc1959541e79587f39636b55927f0,2,1,-1,reduced
pool1x2a4fa5qty9es79kmrlzj5a99s8kv5ml6fdkxxzm5qwpqrak55h,,4,2020-08-13 21:46:19,19f612efd079d9e0095d2e548f538bc6bef96f7884d6a504529d3f459fbd5c2e,1,2,1,added
pool1sr953s548fudyhmfm082xp0mensv2gxzt4qpe466ykw0z3jjzvv,AIR,12,2020-08-13 18:01:11,7db3ca08808eb40fa1787a7af6df2aa6664e6fd8bdbb6543b5bf79f700cbbbda,2,3,1,added
pool1fh4sh2telea0tfdy39h0drx6uq566yt9gf24edpz7335sclx39z,CANUK,9,2020-08-13 16:44:11,fddfbcd0368d113872038da7b21e759da2b347434e4a8277dec4e6e993f72158,2,4,2,added
pool10h5t9f0s5ynjqfwk2x4qr8wm5wx67ucxr6pyqp4f9x7ucs58rlz,LGBTQ,5,2020-08-13 16:10:51,1cff0ce431b30e7d94ad21cb0447e457ab051a978d3f96f341f309a1a4efce1f,2,3,1,added
pool16agnvfan65ypnswgg6rml52lqtcqe5guxltexkn82sqgj2crqtx,SPIRE,4,2020-08-13 15:26:11,c195b0d0bf8f1cfb9aaf66e7f964aa76d2ba8405d0744baa6e1a601a030b4fa1,1,2,1,added
pool1dnj75akz3rcfldvrjxxmr5fycvnnpjsenmfk8cg7zxlv2ntsm2n,,2,2020-08-13 15:20:51,fb1f97197892eb46448f2486c8cba83038dd8470f98aa7e36e2db045133c8b94,1,2,1,added
pool1yj9xduuwzvdkcwm2mc9x893zq684x7pyah4ja8zmzplgvxz6wgk,SPIR2,2,2020-08-13 15:15:51,9da38316c7ee9a67a978fb22f964572761551659c2355d511113f8ba52d4f337,1,2,1,added
pool1kg7zjwer5uf5n4epd8yqf4d336mk5e3ncv7y0jus6ua8uqkc9y0,,2,2020-08-13 15:11:51,2c92e15c097eb0944c990f764d27d24c0569dd6879a31fc6aba150bc4aa5f4a3,1,2,1,added
pool14h9dm54ajt2nfr2znllm6cqan2q24f3s4t0m6mr8k633gz47mp2,,3,2020-08-13 15:06:51,d1d36e94f574ed612216601f4e2e90822125940e98618388ef446a7540922610,1,2,1,added
pool17kym2l9g5z4xyspp4fjw57vd2k3wrjjax2a4dfsw4acrkwpf6gj,,2,2020-08-13 15:01:51,a4166c0b840575b49646013a7fd40ec34c2630a7966955f8b0c843d3df171a32,1,2,1,added
pool1qusmm0c4qndnn2ute6z97fvnypaa4ke4jhjh6wqm0yvn5r4488r,,2,2020-08-13 14:50:31,12dff77181d74a2171cc0b0a9fee89050625cd75c7152593ee3852b8c2486bbe,1,2,1,added
pool1qwpkut3pgazgjssvuelqrjrrup6qyggdtzqjx2kyrmk87wgcvkf,,7,2020-08-13 14:46:51,bb2c6b8feb081724ad6f8675240ec0287bacabf166ba0acb9727b6b54ddd6528,1,2,1,added
pool16qp00n6jkk6fys3yh90vprvsu8rctkh4hcsz7gyaqmqf58296hl,,2,2020-08-13 14:17:51,cc83af98bb1e81c463eead7c8ccccef203af7644722880d8e1d8e76d8c149a82,1,2,1,added
pool12cc8t9yr58xureweksj73v87xkm6svcs8j3xnt93zd5zw5q6ugr,,2,2020-08-13 12:48:11,8ac03057ba3c58d9f727a9bf8f3a61e0ae8296cddc85c7b5e8852fc39acdddeb,1,3,2,added
pool1w4k38v33hm00f488leycy7x4r77c6zgax2w30whtrkf4uh9agpy,ROOT,3,2020-08-13 12:15:31,35ad1a22f3814a00c8005c4939bf9faa7f4044b29ca0aff2e9719822ead40729,1,2,1,added
pool1ntwurms3f0j4kqe5wfpg9chlasylp0lmuw72m4fn66vnuyrvs8v,MANGO,2,2020-08-13 11:44:31,27b3f60d47f7c8ea0a22bb3a4e7ecc3aa84fd61a2ee337f991aee479e9fc46a0,1,2,1,added
pool1heks0vmxkfka2amg9c8yn8qdsxvgmzelfx6jhpfkj8ht5mn0r2m,ADA,7,2020-08-13 07:59:11,59cd7ba933141acb4ad539a0a4f9d47180601aea2d74258470ac1a9211ed3676,3,4,1,added
pool15m2c9krv4lvxrxzwcvlncjah4v0ps0g8rx4ujg63m5kaw8rfzz9,,3,2020-08-13 03:25:11,526a29b66d99b7d40c7b44685422e653a5d9ce55960b0b37433476a776db186c,2,1,-1,reduced
pool1thmyhzux99vty9h4y57dfc6mjwu80na79wyq33trc4z3qem7luu,,7,2020-08-13 03:21:11,fef489f139d8c2038204c5bfaa4ee4bab74fc6cc1c95e9335a24f694023f9a2b,2,1,-1,reduced
pool1vyn2m2ry62ayem2av9w3d8tvkdhv6zl5v9j6x8mcc9awc96ulrc,,7,2020-08-13 03:19:51,9eaf7a9c70595561cc400c7f2cea4add154ec7335313e4cf213312ff5483b797,2,1,-1,reduced
pool1fe2jaesv4elw6f9dhu8mlqy5fxpldq873d079ymec4u5yux8p40,,7,2020-08-13 01:47:31,c6da31acd6b12a83714e9c3a7ad07d9742461a0756b231bf267760b1e7f8deae,2,4,2,added
pool10akpqvczl93ep4rc59c0aqyn3dm0env2ydysuwmdm670wl24pd8,,3,2020-08-13 01:31:51,d860e40eef120c8f9a5df10dac5db786a0a0aa2b82dfa7a8cb80a99f8131cc91,1,0,-1,removed_all
pool1e8hyjnlqpm5r7we5r9yk6n0kuh0l7f9w2dpylph6u4jtsstntgx,,3,2020-08-12 23:58:11,ad264b361eae15091d08e6d418d48b6c3d638b0e10a26b85632316679e7f9eff,1,2,1,added
pool17ahr5ygy48vpdfnatqn2z4wfu2te4quapk2yx3k50ce6kd7feg0,ST3AK,7,2020-08-12 23:14:31,78b09c0808fc3391fe2c3ebb2302d5ef69bcc792176a877593de09ddefebc0da,1,5,4,added
pool1thmyhzux99vty9h4y57dfc6mjwu80na79wyq33trc4z3qem7luu,,2,2020-08-12 22:54:51,96475956755f362a5f47d64c791bed611d7f353b17c8337c902e39ecf782928e,1,2,1,added
pool1vyn2m2ry62ayem2av9w3d8tvkdhv6zl5v9j6x8mcc9awc96ulrc,,2,2020-08-12 22:53:11,1bb0c0b2167e952dd303b93746b4cd4ff68f76a8d0ad7553115cee60acf17308,1,2,1,added
pool1f07py0a7k4fphkxf3epa45k9us9sqvkejq8ldgpzjm5c7j5wyva,,3,2020-08-12 19:50:11,0f73c1508b488a462c77cd434d3f207da228de576ab816ae0062c3f2b9b4bde1,2,1,-1,reduced
pool1lmefyx5kaah33e8hzpgm78fqthhgjjp6272l40g0dxulwhge326,CPL,6,2020-08-12 19:23:31,36c673994fbfdf144b92acabba89f1c47c49520aff2d1b63d2fa92c4afc74e77,2,1,-1,reduced
pool137t76wkjkytqrxlvc3hd8cv2qtpwc2qd34zcq0qlty4zcf3gtmr,,5,2020-08-12 14:26:31,3377a655aea7775379ea92d0ab869a4d0ed0f27fc393a37d5c5ae530cb373a27,1,2,1,added
pool1wvyh37mrm2rcx75gvp22cdrsy5w300aj8lglnzyxzf2hjuph0mt,BLUE2,3,2020-08-12 13:29:11,9e37fa28382f8b239bf01202a2c1896b549481927b75a373b3e08fcc7327c27d,5,3,-2,reduced
pool1692dxqqcsavymwz28w44t2jhyjnakvj4l3gwz2dqrarmc2k6dkh,BLUE,3,2020-08-12 13:15:51,f1f924d0e653412dc2a3140f7f0e0fdbe30e20d438cdc4e161c723004ab06191,5,3,-2,reduced
pool1lcl9j8zzqtcd4g2gf5zgexcqmnmjtvje707hupngymjhq43yk3s,,4,2020-08-12 10:23:31,a66cd8a2e7523463920b850e6859f58ee062a891a534829601a3aa0a070d2ac1,1,2,1,added
pool1d667gxendhtww73876gztgal56zhyt57rtcmev4r5a6sgcrm3v9,,3,2020-08-12 09:52:51,b89796a416259d615545beb8d87bd8c6b75435334dd29520ffa95a3f313455cc,2,4,2,added
pool13we2699vtullrq9vhcxnp7jtken3v2cjd5se4cena454wn4jn6g,,3,2020-08-12 05:37:31,78e581b04a2bd47c94d17d05c5bfa5da93e94463c2daf4baa7a2c75e87e6b9e0,1,2,1,added
pool1ktgug7wwf9k4hcsuk68ftkh8xs5n0333fzxyw9sagz8njhlskgm,TREE,7,2020-08-12 01:22:51,76a366d8e326e1c2b33bf198eb60cf2a0c6d1dfd3523dcf4928df44a15edee8c,1,2,1,added
pool1k53pf4wzn263c08e3wr3gttndfecm9f4uzekgctcx947vt7fh2p,VAULT,3,2020-08-12 01:14:11,b8c6bfaced47c22b1f36229bca4dab19c77b3795de5ed7792334a0b7b7fe8666,1,2,1,added
pool1calq8kjzrvp83l80rtvgmulausl99q4tjfkz2lp227vkymd5wgg,ODIN,2,2020-08-11 22:29:11,71842018945dd4668345a5f66487f00633ac1f51ee3dd6cb1bc7d07675bde033,1,2,1,added
pool1ty7lh3nvtwxlcpqg2x30fkr3j9ys6nprztr9m4zp3aajxyjk2vz,BEAVR,15,2020-08-11 18:18:31,4042108b24e5c56604a818fecbc8dc9fd18d829eec157b202c659c77f603d09c,1,2,1,added
pool197zgvtkuzhh6gvxa8ak9q4kmdxcuvah4uqz5n8jax9dnkq3uzte,,13,2020-08-11 11:58:31,117fd71d9d06203aa3f0104f65ea7f4e13fba706c29ad7b6d0560ade4eb54e08,2,1,-1,reduced
pool1v4adhelnswa7pwv2njn5h84atw08mlc79ll2ewl2kgxhv3cqwql,12345,4,2020-08-11 07:01:51,2cad2e13be68f82e33dffcb24b79c8504cb61346f3a3717f8b8a92e231071e92,3,1,-2,reduced
pool1xs34q2z06a46nk7hl48d27dj5gzc6hh9trugw2ehs9ajsevqffx,SNAKE,4,2020-08-10 18:34:11,dee950f5eb2f2d5ddfa686b57375eab3874d38db740a119af02b2e97c946680e,2,4,2,added
pool1lvh0pd5n8c3cjzhgef9y6vfh7cver24hdve6ysnwpa42ys5emms,RAOOL,4,2020-08-10 16:52:51,bc356b5c5a07c4d0fc8748ba13e70614fe9e58b3f1f6a98ac4d63d0dab51238a,1,4,3,added
pool1ycn0kca2jx6tw3dy2u4ya8qjjplnp53jt68upg3c2ls5zqst96x,,5,2020-08-10 16:26:51,c93e00617a8bb665b9786d1dbd660434a98b78de2d35073725bf1b2456a3d8f9,1,2,1,added
pool10zfvfwgsmqu8l53y2p48hjrw5etpxzd5c0jrz727g784y89xkpr,ORCA,8,2020-08-10 09:46:31,a376a623f74e76fc5b82a0767f79401606167f173ffbf3ad01662d6e88d0bdfd,1,2,1,added
pool1qwn9l4vzm4rsrd5kexuafqlsgg4ap877vsunqpm4yq89crm4aqr,,4,2020-08-10 08:11:11,c784b3e9e68d644dc63ad422ed43df60ef088ab89fdc10ebf33c10e1ae3df702,4,1,-3,reduced
pool1u9gudcfadehlarkh4xdtgrf3zeze978mrnhtrvjdkjwj7wxvcje,,10,2020-08-10 08:10:51,82c49234e4e9d123dba6dfc98fdd952a0fde74b5ab8f2aa27cd2133c0e7db48f,6,13,7,added
pool1heks0vmxkfka2amg9c8yn8qdsxvgmzelfx6jhpfkj8ht5mn0r2m,ADA,5,2020-08-10 04:29:51,10c56c5b0c81fbaee6b0439fa4df6162b86038141487c171998b0ab0edfea105,1,3,2,added
pool1nhd907krga9dh69kf0jg4tl0764rravepy337gptvsknxyyx94k,TOPO⚡,10,2020-08-10 03:33:31,1e91967936ea55d369ab3d8cb119d7448dec17744107882fc079b28b6b8f484a,1,2,1,added
pool152zrg07tzs7vjcw7q64r85egv6efr59lsyn4v5yqqxy0vspj26f,PTON,4,2020-08-09 23:33:51,5d4d863da6bec499bb1f010bb09cc856d6ab346c1035f5617505a3d09522587e,3,2,-1,reduced
pool1yz3fnqnsqhqpkc2tjqn4dkws8nnr8a5kcs50g780nh0wk8tgnp2,ADAES,2,2020-08-09 19:01:11,566fbd0d66ecf431435553d89ce210289c936917f595629195d80260c33d132e,4,6,2,added
pool1z0s54ay6htstx35zv856h9pccmcvc5f93a0va02j33c6xc4prjg,,3,2020-08-09 17:40:51,50e6b6558a61cf276cfe5073758dbf5323d6981ef1a7f694081bda13ff0cb97c,1,4,3,added
pool1fh4sh2telea0tfdy39h0drx6uq566yt9gf24edpz7335sclx39z,CANUK,4,2020-08-09 14:27:51,f9a738e30943d5b00cf3c28b68aa8cbfad4890cc99646959cda46b70438a9df0,4,2,-2,reduced
pool1y046n8u3uz552nmhz9wx7jv2gn9lytyvwlntetkyavvq52nzqzs,PRIME,4,2020-08-09 14:04:31,246cb9599acef52b74c0045fffce38003a77100ed5f7698d4dc8b8a8132e6862,1,2,1,added
pool1v2q5w37cnu608tu0v8yjan0k3puzwa4mssyxl4wmq9z8ghneqnt,,2,2020-08-09 13:47:11,ec0dd4467472284bb9baf3e2074ad774fc48f4dd23597632c87cb263f08a0690,1,2,1,added
pool1lvmhenv95a22ykn2jzscs36smkpggztk9dhgnll30y0c6sr250l,,3,2020-08-09 10:22:11,6a0dc19cae6c8e452f936cc5c692be480e524ce1d8cda5e77d2b121024142f5f,1,2,1,added
pool1zg0s9m7pzxmxkrgdh9k6cfc8aqqxwp53whs7nnx274m8xhdszkj,,4,2020-08-09 08:01:31,d37e70c255ee33fdb36c1867a5406111be1eaed67a15d3199248751ed996f050,2,3,1,added
pool10mf43thtl3keag50mrlvqa78xkwg7harmu4w5yzr3k7jvw0ap43,JORGE,4,2020-08-09 07:52:51,c4da9eeb07f3825d520b68739ed251e46339749ff1e7b214e682418db89b63b5,2,3,1,added
pool152zrg07tzs7vjcw7q64r85egv6efr59lsyn4v5yqqxy0vspj26f,PTON,3,2020-08-09 04:19:51,6595f3657cb662f060c3004a4021d3972ca0bf48f48448763953403f53ed5024,2,3,1,added
pool1clqktqscpp3zl5ps8vlatqx0vyn59ls6n9453at955mkcxx9kfv,,3,2020-08-09 02:54:11,5a37e09b27e23275455f3143a5d79013408982b0a58c0d8fa61bdc2e1e5b6e3b,2,3,1,added
pool1sm2kmdn4f9rat3kl67y9drqcnnqc34zg4f4ufmnrfaj45gcv89d,LTES,4,2020-08-09 02:46:51,9518463b65d2c4ae11613da28e9f23b1ae482dc61ff7ad1860f217b2584e4d2f,2,3,1,added
pool1hnp560z9e5acwux8tjguxq36j9r255zuf02u7z2d46dvcf5zhns,LCP,3,2020-08-09 00:40:11,736e413e516b47b27b0088c01e59cdcf1769a44cc8fc45bd9124b7f769588df1,4,5,1,added
pool1h85s0f86k4hsceqdpr906d8e99vn4yqu4ewd236ajlxpwxavz6h,,3,2020-08-08 23:09:11,88c264e0598b747712922a852bceb475953b402768bfbb19be47b3a3933af21a,2,1,-1,reduced
pool1fe2jaesv4elw6f9dhu8mlqy5fxpldq873d079ymec4u5yux8p40,,2,2020-08-08 18:33:11,a8bcb1e028285628694a2872ba1535e6b2f58c2e902e61b295e32a2de659d106,1,2,1,added
pool10mrxnxzfz5rwgnv4cza7a6fmz49qrxauzyffw490hr2jghzmtsp,,2,2020-08-08 18:16:11,d98268b8331bc107f877221a62a3a8d3b317ff0caf4011afb820a292b0e0afaf,1,2,1,added
pool1mwp8ewtzmun0426v9z0h9um2amswgfzn78rckfl2fc3t5sy0m5g,AACC,5,2020-08-08 14:52:11,b252886048318d0f25c22752ddcebee520fc1093e2ffad4e789819bcaf4c573a,4,6,2,added
pool154sjkrwdu80wp6mnjvkwk55aj53l4v37z4zwulfak74vcxg60x0,ANZ,2,2020-08-08 13:49:31,750d7e28378fd1ee2e1e1e2d67787dbbfdc7381c6b37fc33d4a072a521e1d4ed,2,4,2,added
pool1u9gudcfadehlarkh4xdtgrf3zeze978mrnhtrvjdkjwj7wxvcje,,9,2020-08-08 05:58:31,8451fda54723c7406d5d3852c3a502e80de2a0a804ea6ac412c08c83dac25ef9,5,6,1,added
pool190a9js7lk9lvmrngre7w268z9tz9xs9yz77audvw8ag4jerfdhx,307,2,2020-08-08 05:44:11,4cf9e4bbf0a3e116c9dba35bfa16b90b7a9816a82282452a5599cf682c56dec4,1,4,3,added
pool1jyutduy73e5u9877uns3k9rm0tf4r24j8lrn4xtkjpl3q5sn5mw,KOALA,5,2020-08-08 01:51:51,a335cb03267cd74a4b20b568f20903ee22655540cded0618293a1a865be3f72a,1,2,1,added
pool1u9gudcfadehlarkh4xdtgrf3zeze978mrnhtrvjdkjwj7wxvcje,,6,2020-08-08 00:54:51,cfbdfb6c466a4e30a99074cf037bdbddb373baab6a84954aa03c38b568cdde85,2,5,3,added
pool197zgvtkuzhh6gvxa8ak9q4kmdxcuvah4uqz5n8jax9dnkq3uzte,,5,2020-08-07 23:14:31,e1e823c1c0f9b3d2abf000ea698a50f9648989ba0e6f645aaa328ac79f84de32,1,2,1,added
pool15szqnwzxu6dgc0emrga2yrjksj76pke4f663ecpyvlhpxq3wpf5,,4,2020-08-07 22:32:11,45a889a2f29306986eb67e615d407c80f6ca8144a3780282065440fdaf5303a2,1,2,1,added
pool196kpy0628pdlm0qpedsnnnctrunyx3cvt0ugalrj4a2mxr72uk6,,6,2020-08-07 20:38:31,cd2de8d59ed5b16d88b0acf079dcc02efba346d4c5252fbdd0139a9da5fa347a,1,2,1,added
pool1rwqzqvkykz3xqqqv7k3k5vxswjd64ez7jwfxymdw58xs2xtlx7r,,3,2020-08-07 20:16:51,c17042ab87561a22e1f8d95e87de4090b6d887dfc637edc4e4b2a4bd97cfe327,1,2,1,added
pool152zrg07tzs7vjcw7q64r85egv6efr59lsyn4v5yqqxy0vspj26f,PTON,2,2020-08-07 19:56:51,3fe2da167417a0fd420a432c73c9613f2d293ab54e21d6bd5c84df08d430e4b6,1,2,1,added
pool1tnfd2sdstmjehxw0fd3x9wc07975x60su4xpv9jnhsam2cf64np,,2,2020-08-07 18:46:11,71debcd43b2052b3e3639783b43a672e94f540372ef32156d09014abd7d6dfd1,1,2,1,added
pool1uthdnav2zc2hxpg2hyeyy545lnxtl8lqdcdqxjm0j8t5srmyvzj,ADAST,4,2020-08-07 17:58:31,f0113cb7828a1e2178f3185142eeeee782dd6b2c918d28d50ba138b8cf86903e,2,3,1,added
pool1h0prd5vcdv6uk7hglztdcqfp5czjqxdydxkxkdhg8rrk22mr4ym,SIGN,2,2020-08-07 15:53:51,f9e757085f6cf8842d076bd75a8fc808af10376e627fcbff2ffdbdae71f20b2d,2,1,-1,reduced
pool1druxd2syfrvqvepxh60fz0qhralcesruphh5atujuh0jktjy0ma,BSSP,2,2020-08-07 14:32:11,520501361c2d7f9641551cce8f391e08711dd683cafb17b8fcd96d2fd0857fa9,2,3,1,added
pool1zg0s9m7pzxmxkrgdh9k6cfc8aqqxwp53whs7nnx274m8xhdszkj,,2,2020-08-07 10:24:11,bea4478ddb14b4387f5a08d8e2aa27514691b33c2c5e6aeee5ce4ec2b8cbb50e,1,2,1,added
pool10mf43thtl3keag50mrlvqa78xkwg7harmu4w5yzr3k7jvw0ap43,JORGE,2,2020-08-07 10:19:11,4c4371a93292a3e5bd94106761223ae8d942ad1bbc67caa3a3b4d9bb64a9c826,1,2,1,added
pool18hkq2t8ss45h4fkr92f52flhc4mpzedx5mcz4xhnpj0dzp76028,XYZ,7,2020-08-07 06:37:31,a14b6c87a748ce44d89ed53f7ccc64a58533125386f9d0737489b3895a43f495,8,10,2,added
pool1clqktqscpp3zl5ps8vlatqx0vyn59ls6n9453at955mkcxx9kfv,,2,2020-08-07 00:04:11,436b9cb7877a1a03384f2ff1b9ac0d936d0818a4203d54646d5805c5cea54633,1,2,1,added
pool1alxcfj0vr4lsxj5dtnhq2lazgm62z6vznrr0cqrpvf5lvsyuesz,,5,2020-08-06 23:57:51,8c45473a1b95856613fcedf3bfe3804ac3d675a5033c9c09e3df61fc8b8fd634,2,1,-1,reduced
pool1mu55cjeex6ft2pvppurt62gf5uxcx767ktkpj66696hpx6zhsed,,4,2020-08-06 19:37:51,1004a705afb44e22d6a5e357308c61b233a0bea9283adab8d2ec225d1a9ac6bc,5,6,1,added
pool1fs2m5rmlx66crcwwrrsf2pcxjhvk7kzdurcqusd3v5gm65cufnj,BIRD,8,2020-08-06 19:33:11,f2832da0c7edbda0a4c67bd7bb79ad08748efede608a2d799c9178d4a6201d8a,2,4,2,added
pool1we0xjccr3vc4ypnmhzsgwp7sxpsytu8dtv0syeqmtrllvcex68q,JUNO,4,2020-08-06 19:32:11,97fe7998beae7f6880885d67bbef666df4a98eda285b7a238d3be9dbe9c586da,5,6,1,added
pool1alxcfj0vr4lsxj5dtnhq2lazgm62z6vznrr0cqrpvf5lvsyuesz,,3,2020-08-06 17:54:51,644dd8112a04a241d926d9bb8d408da744508bbea9f91afa45ebc1a357719acb,4,2,-2,reduced
pool1f07py0a7k4fphkxf3epa45k9us9sqvkejq8ldgpzjm5c7j5wyva,,2,2020-08-06 17:52:11,66742c9366e76e3b5eed36afb3bf3fc556a1c1a5f02f1a8ac28e906ef1c64ab1,1,2,1,added
pool1yydna77k2j8yq4fw08d202z664g3fvavfvqjg5g4lxmwzsa9k9u,,4,2020-08-06 13:53:51,0a2a04215e0aa01683c685ffce04660072351d473fbf3197a18553198aa3cbb9,1,3,2,added
pool1lj9t0saaxejj6drmxefgejwuy47lx4ewwruwvn3uttyuw6f5389,ADBV,3,2020-08-06 13:19:51,e35928a7843d6a38f3f5ca1fd04a7e45d9d32301110d567dbc92a642bdd416f8,3,1,-2,reduced
pool18hkq2t8ss45h4fkr92f52flhc4mpzedx5mcz4xhnpj0dzp76028,XYZ,6,2020-08-06 06:54:11,6dcbb9d942927c4e29c0bc7eb8b7edde2d526a9bb9ef97779b0471b5f574c5e8,6,8,2,added
pool1lurfk0k0wwx54hlg8a7zp3jtstu57u59aeq7aketl55hknmmtu0,TNTM,2,2020-08-06 05:25:31,41e8afaace0ec4ed587887c9f25ec5edaa935380e5e3dd94bb7560545fb4db37,1,2,1,added
pool1hqemm6x7d4w89yjswycn3tckze7a7mcw9g458pmuggy7jm26m38,NIHON,2,2020-08-06 01:20:31,4817fe375d37e7b66f2db3e534a9f9ca1b7253c9c3de9530ebc0cb44c4688496,1,4,3,added
pool1a205rushcdw9qrtduady7l62cv2n4twvfuhfzx2ywrjlvsuuur5,EUROP,3,2020-08-06 00:23:31,d7655cd8af2b53b6a3f044715f7a0c28e71f36a2a49f5334d024e36200bc9e76,2,4,2,added
pool1f43e2a7y72g8k8dszlr7d683u8y55dnrk4vt8k6dfsp32vx0nfu,,4,2020-08-06 00:14:31,562258e3018f17b8f8cb2d47ae2cfa5bc941dc7e4d4360f638e8305c0adde7d1,2,3,1,added
pool1c89d4drtwn0048mekkdkzllz559ahnntxelyw2mppxnmc36hjlx,CLIO1,2,2020-08-05 22:41:11,0e08711da89ebbaefaf897f5633c7b7bc6c1c9037451431745fbaefbf1227ec7,3,2,-1,reduced
pool1a6ccp9fpgn40r2jl7fapjv3224swqf72z5gt4cgwctnk5etfjlr,,2,2020-08-05 17:11:11,490d9d3b28319799d260d93d850ac028c373cadd525964805259f5590d36db8e,1,3,2,added
pool1esgq3g4ll90ylfqg4rvdft06cdppyqc8urancufle6yrgpp5grw,,2,2020-08-05 16:13:11,457580c2c90a92fc1e3d5c756ce5bbe50758c712c4ead6d58ac4926a580d7e3e,4,2,-2,reduced
pool1m7vr5mjsvs82kh5yp95pr9s5wdldf2v8r6rmpv8z57ypxmrkqsa,,8,2020-08-05 11:56:31,3d97f72ac55064e75048b0a21692d3950372e479b0380a228175d78bb318a97f,1,2,1,added
pool1v4xevkf7fx08pzy7atsk59dds6p0sdyl6xmhwf4mh79x6l5p6kx,DIVY,2,2020-08-05 10:35:51,4e893ceaeef7c3a78be0fdd020d8287200996d9a84f9bbc1ac41e65b802e36bc,1,3,2,added
pool1wm89xjqp96t3mlun3pa5suxa3t4s5lluq239en0nxl7pcm5tprc,SHOP,2,2020-08-05 07:47:51,478d0c80e95c2ee626d159f8af1739ef367cd324ee2732535bf94a30f4ed77c5,2,3,1,added
pool19a88drt8dx3wu29e85vcl96wjsjt9vlnlj5tr4ydjqq86sfa84w,,2,2020-08-05 02:55:11,c867059e7ee203e31701cbc2e0ce56523e04ea64c51ba171d6c8a49810078e07,0,1,1,added
pool1lyvtenf7325hsrtdgeqsv7yau6hyq7ztpdwwdeqcueh8s83h34l,,2,2020-08-04 21:29:11,05f3c53143eef413904dbfbfa6c73f2937b08e97cea3764902c78c351b963416,1,2,1,added
pool1r8938r4ts8f4t8nsp9xl9dktzapt7f67jgpsp4wrju39xrdnaye,VENUS,5,2020-08-04 15:47:51,3c2bc89962bf80d18305b1ec4eecbb5048490f04ce51ff23432c6afadb37b75a,1,2,1,added
pool14nlun87fylxm7d7c28ydalp335scey8c588vzf2ums7wj8xt80x,,2,2020-08-04 15:17:31,0cc09f95dc54b2cd64882e3dd63de51cd5a2463e05eacbb54f29762afbd92760,5,4,-1,reduced
pool1alxcfj0vr4lsxj5dtnhq2lazgm62z6vznrr0cqrpvf5lvsyuesz,,2,2020-08-04 14:33:51,f7e4b4c07775cd4f7195712cf20695df6ead2b3499354ca5a0d5f844203ae371,1,4,3,added
pool1xs34q2z06a46nk7hl48d27dj5gzc6hh9trugw2ehs9ajsevqffx,SNAKE,3,2020-08-04 13:46:11,b39940459f99637ed2e43b0577c6b34f0eead2a6dc044dcc443a09f7abef0a58,1,2,1,added
pool1uq8l234306m76unyz8kuwnkvmtvazaks6vuvyx3a3khngavvcw0,PLTUS,2,2020-08-04 07:45:31,c6584134df6a854a6423aac9e58c51935afaa212ca6bdc35b2dd82f25aa3023b,1,3,2,added
pool136903m0kag2amlga2ypcz8wnf7d552qgy5t6vz2pqlzuq2kyshy,DEEP,3,2020-08-04 02:08:51,2d166445234ea20c5fde166a697dbbcbce12ec3fdc03893a0665a24202a218be,1,2,1,added
pool1jk25l2pejpdzq8vdjlxrr05th49v9tgd78fqrtxvuw3rumpfc6t,GROW,10,2020-08-04 01:43:31,898ab3d39ea3579652caf00386632c77e468fa50f9d6b6bfb5c0b00fd3ff31d3,2,4,2,added
pool1ru2zh42397d6dyxdzslw5p6z4cewj38npl7prpjskv7fyl0gpga,,7,2020-08-04 01:23:51,696372a0cfc2e33e3c389020ebe77af1e702cb4a39a17a5ed9700d9c91ecd619,2,3,1,added
pool129vgxx8nuqcfq955tprdzruffxsa5ge928zda3pxgxc4qyeczzp,,2,2020-08-03 20:35:51,59b1be57907003285b12fc631c586cd693740c346c0986748b6679fabb6561a3,2,4,2,added
pool1lmefyx5kaah33e8hzpgm78fqthhgjjp6272l40g0dxulwhge326,CPL,3,2020-08-03 20:16:51,6f94af6bfccfa1661671a9ffd6f4af7568c8a83c9d6da04ed501271d1a85ce5d,1,2,1,added
pool1jm220zs5txnxe6nt89hajtm6hwsf902e2dwjrtfuq33uw835g65,CHAMP,7,2020-08-03 19:13:31,78c4ff85fec32df8b0deec1613d540c4cfb3fac849c62eaf79758516feb6df1a,4,2,-2,reduced
pool1fyp482ntshhm9zfz4nv7pmsaeakscf5mnuzcxuvtqf6t56fc7l0,KYSN,5,2020-08-03 18:51:31,4d8752010a37dbeaeb29ef8ce60c7d5bae3e7d6cbae83ba118aaf3d5a6054638,2,4,2,added
pool1fyp482ntshhm9zfz4nv7pmsaeakscf5mnuzcxuvtqf6t56fc7l0,KYSN,4,2020-08-03 18:35:11,7c5d79387c0e2652df613bf587bb6537df7e814cbf4a52cc042e5be31163afdc,0,2,2,added
pool1j2fvu8gh25ctsx7fkyvkxpjfllzukcvu9nlsc92uj4sjwy4qzdf,,3,2020-08-03 17:28:51,3af096084d50dc8ff1512fa30aa43c0b4d93980d81084264901cd881efa19c6d,2,4,2,added
pool1fs2m5rmlx66crcwwrrsf2pcxjhvk7kzdurcqusd3v5gm65cufnj,BIRD,2,2020-08-03 17:19:11,0bba2a1eeac1c1fa418b8a032a9d22efd41528e026ea1697c961c6d0c584a820,1,2,1,added
pool1k9yt0fqk5czmajcjvqnwc6w9k5rcc40xe9kq05asd43c2xsw58f,,2,2020-08-03 15:41:31,bbd0685f1ba1c0cfff27863c54562d6a1b41364681c5c1707619211feb27c231,2,0,-2,removed_all
pool1hsrf8xr4cysmyt0570yt25vjah86773vc99h8ps8r57yvfrf48m,,3,2020-08-03 10:45:11,72e8f8b60db9cc3ce39b97a3af4d08bc40fc1faafb72b0ac5019d8114a4239cd,2,1,-1,reduced
pool1hnp560z9e5acwux8tjguxq36j9r255zuf02u7z2d46dvcf5zhns,LCP,2,2020-08-03 09:27:31,f68323482988598a6472b03951f966141b357ec3a914ebd2ce54fb3ab0f16dfb,1,4,3,added
pool1vemm9tq77upd9m6wtu7edw8wtju3ymnuq9wz43cfn35qk26ddqq,CNT,3,2020-08-03 06:22:11,957a04fbd1c1d59e64cdf4ba38f64ce10205672226b1f2e7d1d121d4f3280edd,1,4,3,added
pool1j6zqawj6f58lp4p00t26eqe58gxx4pa3cudlzpkv23y92nlxjzd,GURU,2,2020-08-03 05:03:51,fd71f2c0dcc8299401e124dcf4697ecc726652e1b197a07a3d967c51a50125ea,1,3,2,added
pool1e556526sqwugxwnmeumt9lhj5jukklg8vv3ynk75xt9vs7adr5y,CHEAP,5,2020-08-02 23:43:11,a15c9021e44142aa7a8d8aaa019fab4d5f995a75b2e383554ba7cb7d7f0707df,1,3,2,added
pool124lm97s6f4satl7xz0ulzgg6tv30tskry3zcntwrz68n60v5yne,SHARP,2,2020-08-02 23:10:51,f6b9b735e87b9c237c7030c389bb5d105ec5b2415a16b9cda08e3b5ca1867ada,1,2,1,added
pool1v4adhelnswa7pwv2njn5h84atw08mlc79ll2ewl2kgxhv3cqwql,12345,3,2020-08-02 20:48:51,2cb3bc749748412255e1016690c38e885aace130aa8b5cf4cfcdf6f71a2dbb6e,1,3,2,added
pool16z7x36urmpd2eczdjalrhumsldtztez9ydd7np6znn6ussjdkxq,,11,2020-08-02 18:10:51,a39478e9a1f338b0a18d28e081ad33f1ab581ccc52f29400c8255416dbdef5d2,3,6,3,added
pool14qugk4juy7ds52glqhuveyntrmzr6ymaswyjhj9k53k3qdnfwpf,SABAI,4,2020-08-02 16:38:51,4d13aaa254f3a080a1e56abb752448f1f030c476b3aaea2b0ea01cdc70262139,1,2,1,added
pool1yayk5ynr2ly74szrc4n4zprx0wwn2zwhjaa88hsccwku5qa4mzd,,2,2020-08-02 16:14:31,e6afb125e54dca1c5471b9e9edb9e7ca4160c7ea8b17f858f8138c8eb8da5a54,1,2,1,added
pool13846y7q7tng3endxhet9qdcz5w0fjs09ytcye4dm5g54wmyqeqr,BSP,6,2020-08-02 15:26:51,7ff824499865d420c6ea8f7dbd74d8af48cadd33338b16f82d5c0d959e10db92,4,5,1,added
pool1e489239duee8dykj7ejx7dmazstwn6y6wfxc0kjaxw5hke5j4nv,,3,2020-08-02 10:00:51,f40b9e56e898b5fb85be004e8df16399305cfceed11b9acbaa74429edf3ae436,1,2,1,added
pool1hvxm77j5xuuzx4avrn2jk7desqsr3pxqskfytpxz0e24qjtqayd,,5,2020-08-02 05:58:11,66ab1a04745cfd265f3cb8f0a8b60cc6535c0f40f47c1276482a30c3b136f0f7,2,1,-1,reduced
pool1jeu74g86ys4fekhykqcww99kdsq3nlym8a6kfw8s8ff3vskad70,KAIZN,8,2020-08-02 05:09:31,002a621aefdb9de03f3279bc63564e9c7bf10b787cb6ca0ee02a770583c0beeb,2,3,1,added
pool1zc7vxe3ymyej76h8wu8gm79chtt7w9c3adkza4uhrjvagr9w4zp,KRSNA,4,2020-08-02 04:25:31,aad64645f1df9a6e1cacf10b2d917597547e5f089cae3324d38e9c30a9eb6280,2,3,1,added
pool1lj9t0saaxejj6drmxefgejwuy47lx4ewwruwvn3uttyuw6f5389,ADBV,2,2020-08-02 04:03:31,fd778a2a7222415703e6da14118b4d3868ac4a1c43d3a8377751b5c4485dcd12,2,3,1,added
pool1cyha5jsy6g06w699tw4awy2jw7gxj0azm38yzetr7zls7rkl0t0,PLUTS,5,2020-08-02 00:27:51,c69e303c366dcc9fe93e2b2882ad46ae03c324d89be30ad91e93c0302c22357f,2,1,-1,reduced
pool1t74ckqauwmn9ef5ye0h7c5wsgfd36zx24ue9wvj4vj95cl54aff,ORACL,2,2020-08-02 00:24:51,feca70f4bdee63849abfa65805dec958c1743be6e7250383c294612824590c91,2,1,-1,reduced
pool18en4vtxkjt3u5x6ctu9l3nqmr6pm3r7akxgu84450xdvkr4j827,EQITY,2,2020-08-02 00:22:31,456c7d6800cb6452a179ec686ad0904ee23e501c88dad84082c832cd4d269e6d,2,1,-1,reduced
pool1tamft50mh0vjm346d9lusczc8fxxyh5z6fk2eel38srwvz38d78,DGITX,2,2020-08-02 00:20:11,1979c2cb7beff56f581969da7d9a51ea93c269d0d43299d59c87b8a0bbd36cdb,2,1,-1,reduced
pool1js570lkcs6t3pwsj3eda0zz43mc5gm922ae5rdxcfn84gu5uyrg,ASSET,5,2020-08-02 00:15:31,406eaa36c936cd222890afe389b79351aadb1dcebb00413128d3c7f641d2d0b0,2,1,-1,reduced
pool16uf3j299ndwd3xmv6fvh648pc3s4c3y80g2t0y2rwew3xz6c3aa,GLOB,7,2020-08-02 00:13:11,17c6ee8bd6f795f8280f83a25657f399f35edfe01419e26dd657e7d8bab4ea21,2,1,-1,reduced
pool1j8nnq9j3ngh665tyxsfkjfxlqprj0ftq5aj38mlx7svhj0wm5s7,,3,2020-08-01 20:24:31,05b3d4acdb8c25b378726d60da7c057fd939a30bf6192e9b6036f89a393e2aae,4,3,-1,reduced
pool1u899yml96tf2cf4zkw4490mnhf832pk6fefnaluvt7487jmqzhg,,3,2020-08-01 19:46:51,df1ae8351d694b62e158609ca825cb64c640012c0db2668cd140e8577f69ee72,2,3,1,added
pool13n4jzw847sspllczxgnza7vkq80m8px7mpvwnsqthyy2790vmyc,,3,2020-08-01 18:51:51,3e11c3674356b7c0da4474308e5c450624e8c3e35440a6b614ddf163b68270a4,1,3,2,added
pool1k0ucs0fau2vhr3p7qh7mnpfgrllwwda7petxjz2gzzaxkyp8f88,POLY,2,2020-08-01 16:41:51,431b9053d23a0069591ff6495dfaf6d45240407c5da7ddde641a5c1c00c88450,3,4,1,added
pool1ahl705cca5twdfmml0ksux606t8vmuemu9vsnf3g94mm7lhnhtv,,3,2020-08-01 16:38:11,ce9dae57a675215fddc4d2217b321ebf1ed62131756a3e38d36e2775f1174734,2,4,2,added
pool18hkq2t8ss45h4fkr92f52flhc4mpzedx5mcz4xhnpj0dzp76028,XYZ,3,2020-08-01 14:41:51,e899ffa31c83ced43914070a1e3911fce321f005ae1f864faf532e88fba33551,4,6,2,added
pool1hkpgddlnya3pgktj3sxdraa8x8400vhaphcudvym9ye22esak43,ISP,2,2020-08-01 10:55:31,69e6cf7e1c9fec533eb48a67ce08627c79615e38b049ccc800540ae9ef6c008a,2,1,-1,reduced
pool18hkq2t8ss45h4fkr92f52flhc4mpzedx5mcz4xhnpj0dzp76028,XYZ,2,2020-08-01 10:49:31,f401f0028e0f977da3bca754f02a16daba65e7441d0425c8db88010ff270ba84,2,4,2,added
pool1aqg6fvhcaulvss2ruvpx6ur9vj7pejvdcxv6xp0qlwuwx94evf0,SARGA,2,2020-08-01 06:28:11,c5b7d169baa4d5d648ef00771d6d2bd52e6df95fb79c88cb95eb9fbd91cfdeb0,1,2,1,added
pool1spyxtguc023n0u7envdhhr4wxtyq57r27g84h09pxnzl2yx27ye,,4,2020-08-01 05:44:31,e52700f191f3fdb4be010c0a249a57319666757ea4811180fe64ac6a2d2a81a5,2,3,1,added
pool104fdj0xdhr8cqedwn0lf8dk206ryn62kn8mtyym020nuxthjgvj,,2,2020-07-31 15:26:51,947e825d4a8fed78fba0db2de8e4776535e77fadcc6566e4ad3a95d4ecf448e0,1,3,2,added
pool1p9sda64t6l9802tsu2fj6phvt9xfqgcpjucyr3kek8wzurmn8rz,K8S,2,2020-07-31 14:34:51,b0abd353ec2fed680400e1c568debccae966880a3b0b7a20d667ae1211e3ca89,2,1,-1,reduced
pool167v4tdkd4nx3pgrem6elzdqwelha5uq7r7qhv68he53d6zlsl7m,,2,2020-07-31 08:32:31,0cde4ce7ba927f2b3c2b352f6a3d85d0240d092506604d861364777ca2c3dacc,0,1,1,added
pool1ufx9c77avvds5eas2uqc5anxh3wjrr93vhxqeecsm4xuqzf9mtj,,4,2020-07-31 04:12:31,6e21b71b7f67485927282b858d5641e33357c4b8dd97ad8dfa7cfc83024e8d4e,0,2,2,added
pool16z7x36urmpd2eczdjalrhumsldtztez9ydd7np6znn6ussjdkxq,,3,2020-07-30 23:33:31,25d1b7f952a85551dc67d0378a7896b1252a3dfa1adad16ef93e38f970bfad6f,1,3,2,added
pool16z7x36urmpd2eczdjalrhumsldtztez9ydd7np6znn6ussjdkxq,,2,2020-07-30 23:08:31,0c0c3f26c3e702980117f46a9278fe633dc35ee1a30434646257756b76f6ec51,3,1,-2,reduced
pool1xt0z35f0ms6xt5r8swhtd2xcymqxvk42m8fk5q8fnw8hjhr6yax,,2,2020-07-30 20:30:51,5cfe363bd3f67da6dc9fb9168b0dba935a21f8f7242b579bfbacdda248b88518,2,4,2,added
pool1sj0plznq9nnduxp82aa8crchfety7kzcryqdmn6860xvwwzzc4w,,2,2020-07-30 19:47:31,034494cc3c40a0732c8d0d09b0aed4a7fe30772ac437d62dad52c9e4b6736b3a,2,3,1,added
pool1mwp8ewtzmun0426v9z0h9um2amswgfzn78rckfl2fc3t5sy0m5g,AACC,3,2020-07-30 19:00:11,ce66b01b0e0ca06fb2e2d1f78297c47124dc8cab065f9a72759c69549f238ba3,2,4,2,added
pool1qeyjycp9ef0drrzaq3u9ylwclqa56zl5n4yd75txw92csug3mzn,,2,2020-07-30 15:04:51,997fde55fed716811505550c622f1832685c5f9981e17c3ea371b7a6ec4959e1,3,2,-1,reduced
pool1gpz25s2aasmqnh9tg8a2rxmyxuvmj5s779htxk295e9ajnzjflc,MUGGY,2,2020-07-30 14:56:51,f63ebb6b4396da1d5dea65f11344dd37daa5fc39eeef2576fac6d9641f6fd86d,2,3,1,added
pool13846y7q7tng3endxhet9qdcz5w0fjs09ytcye4dm5g54wmyqeqr,BSP,4,2020-07-30 03:45:31,31a6b278c86c692a3b7a1bb8e32ee5a22e5af04a95062c7e662b6c527f5925da,1,4,3,added
pool13846y7q7tng3endxhet9qdcz5w0fjs09ytcye4dm5g54wmyqeqr,BSP,2,2020-07-30 01:51:51,b09449467aefb7cf4c71fca0b45fe7b9d524218c6703909906826cd7004b135d,2,1,-1,reduced
