stake1u80y77jjfcdymt38amg3na9w4p4d89ffw66xqsspdwsa2sqt8epdn	66000000.00	b271d5410dedd616f30f4c668d22fc6e0a10641ef9f4613f6406de2d0ab63b0c	38252868	addr1q80y77jjfcdymt38amg3na9w4p4d89ffw66xqsspdwsa2sx7faa9yns6fkhz0mk3r862a2r26w2jja45vppqz6ap64qqfjdtz8	stake1u80y77jjfcdymt38amg3na9w4p4d89ffw66xqsspdwsa2sqt8epdn	66000006.79
stake1u8kgcfdpefrnf5570v47manyyg85jshlrg4p2hrsx3wdspccdda8v	66000000.00	dac4471d15c74af2cf377426e9824dc7498b43028147c3b9e824144f192aa977	38253455	addr1q8kgcfdpefrnf5570v47manyyg85jshlrg4p2hrsx3wdsplv3sj6rjj8xnffu7etahmxggs0f9p07x32z4w8qdzumqrsquz66j	stake1u8kgcfdpefrnf5570v47manyyg85jshlrg4p2hrsx3wdspccdda8v	66000006.79
stake1uy86sf5xrzcpg2ncddkzz6z2ca2m59qsnu4qxar08g9rvkgwkpjjv	66000000.00	e043b059e5a34b18e490cfbb65b2b9534f89bf5eae81fd0b905e5744da5d1936	38253013	addr1qy86sf5xrzcpg2ncddkzz6z2ca2m59qsnu4qxar08g9rvkg04qngvx9szs48s6mvy95y4364hg2pp8e2qd6x7ws2xevsjx8w05	stake1uy86sf5xrzcpg2ncddkzz6z2ca2m59qsnu4qxar08g9rvkgwkpjjv	66000006.79
stake1uykws5pmwjxktdhlkz0pac3cu2guw6fjys2zaanmdew6xrs5lgv4n	66000000.00	627ed1a72c254e28c960ffc938eaa230d17691e6df92b547e29044e5a4b94350	38252326	addr1qykws5pmwjxktdhlkz0pac3cu2guw6fjys2zaanmdew6xr3vapgrkaydvkm0lvy7rm3r3c53ca5nyfq59mm8kmja5v8qvygvru	stake1uykws5pmwjxktdhlkz0pac3cu2guw6fjys2zaanmdew6xrs5lgv4n	66000006.79
stake1u887jrylddch0vh4d2kx72h2ax8t7aeq49zvmry4g9wcj4g3gty8j	27100490.00	a6487cc41fcdb1251812d785b4c928bd039926c936bbf35d0c56945d0c0fd4b6	38254293	addr1q887jrylddch0vh4d2kx72h2ax8t7aeq49zvmry4g9wcj4w0ayxf76m3w7e0264vdu4w46vwhamjp22yekxf2s2a392sjqwpcp	stake1u887jrylddch0vh4d2kx72h2ax8t7aeq49zvmry4g9wcj4g3gty8j	27100496.79
stake1u9mymn640v59n3mwyfdsg5t6yu34ut9ufvynavsn0ey40ugqdj6lh	27100490.00	9416a2efd674795f03bbee8402ec4f1acf20ceb25e51041f813544d8c379f4eb	38253984	addr1q9mymn640v59n3mwyfdsg5t6yu34ut9ufvynavsn0ey40utkfh8427egt8rkugjmq3gh5fertcktcjcf86epxljf2lcs642j5p	stake1u9mymn640v59n3mwyfdsg5t6yu34ut9ufvynavsn0ey40ugqdj6lh	27100496.58
stake1u80y77jjfcdymt38amg3na9w4p4d89ffw66xqsspdwsa2sqt8epdn	467858.79	5c226bf35bd0101494c4728274e0162d71dbcc3828a68dcbd6768428b0642ddc	195396187	addr1q80y77jjfcdymt38amg3na9w4p4d89ffw66xqsspdwsa2sx7faa9yns6fkhz0mk3r862a2r26w2jja45vppqz6ap64qqfjdtz8	stake1u80y77jjfcdymt38amg3na9w4p4d89ffw66xqsspdwsa2sqt8epdn	467863.62
stake1u8kgcfdpefrnf5570v47manyyg85jshlrg4p2hrsx3wdspccdda8v	457228.94	64a46a6bef92b092b42e0d51353a95c0031a6ea4fc79de97a7c2bc8fac36760d	188568857	addr1q8kgcfdpefrnf5570v47manyyg85jshlrg4p2hrsx3wdsplv3sj6rjj8xnffu7etahmxggs0f9p07x32z4w8qdzumqrsquz66j	stake1u8kgcfdpefrnf5570v47manyyg85jshlrg4p2hrsx3wdspccdda8v	1907386.71
stake1uy86sf5xrzcpg2ncddkzz6z2ca2m59qsnu4qxar08g9rvkgwkpjjv	418085.21	3c5a9ffefd0c039d85ad13859c1262b3cbc4b264f727b6ccaa41dafb4221d71d	188568794	addr1qy86sf5xrzcpg2ncddkzz6z2ca2m59qsnu4qxar08g9rvkg04qngvx9szs48s6mvy95y4364hg2pp8e2qd6x7ws2xevsjx8w05	stake1uy86sf5xrzcpg2ncddkzz6z2ca2m59qsnu4qxar08g9rvkgwkpjjv	2085936.21
stake1u80y77jjfcdymt38amg3na9w4p4d89ffw66xqsspdwsa2sqt8epdn	396458.71	18cbeae7a829fc2fd72120fb1b76bab49104360c06473f32204d735c7ba4b2fc	160008027	addr1q80y77jjfcdymt38amg3na9w4p4d89ffw66xqsspdwsa2sx7faa9yns6fkhz0mk3r862a2r26w2jja45vppqz6ap64qqfjdtz8	stake1u80y77jjfcdymt38amg3na9w4p4d89ffw66xqsspdwsa2sqt8epdn	1664033.07
stake1u8kgcfdpefrnf5570v47manyyg85jshlrg4p2hrsx3wdspccdda8v	393757.62	08f334a243b0ba2279bf4f16d4669b22e35905a1f523367d55a9f2913254a63c	178030556	addr1q8kgcfdpefrnf5570v47manyyg85jshlrg4p2hrsx3wdsplv3sj6rjj8xnffu7etahmxggs0f9p07x32z4w8qdzumqrsquz66j	stake1u8kgcfdpefrnf5570v47manyyg85jshlrg4p2hrsx3wdspccdda8v	1450157.94
stake1u8kgcfdpefrnf5570v47manyyg85jshlrg4p2hrsx3wdspccdda8v	386217.42	8d636b8c1c0d9e8755555d75acb247c5491067cc60939db17f1a9a514d9a117e	232322721	addr1q8kgcfdpefrnf5570v47manyyg85jshlrg4p2hrsx3wdsplv3sj6rjj8xnffu7etahmxggs0f9p07x32z4w8qdzumqrsquz66j	stake1u8kgcfdpefrnf5570v47manyyg85jshlrg4p2hrsx3wdspccdda8v	471593.05
stake1u8kgcfdpefrnf5570v47manyyg85jshlrg4p2hrsx3wdspccdda8v	383446.03	89fb1d6e3e57e1d52ea5d2166c8693098b6a21123ec61b332e5ba854cef4705c	158456366	addr1q8kgcfdpefrnf5570v47manyyg85jshlrg4p2hrsx3wdsplv3sj6rjj8xnffu7etahmxggs0f9p07x32z4w8qdzumqrsquz66j	stake1u8kgcfdpefrnf5570v47manyyg85jshlrg4p2hrsx3wdspccdda8v	1638339.01
stake1uy86sf5xrzcpg2ncddkzz6z2ca2m59qsnu4qxar08g9rvkgwkpjjv	370446.86	03a7d3cf19762b22c720e524c41cfd1ef56a34d0014d13607dfc232df19db5bb	158456206	addr1qy86sf5xrzcpg2ncddkzz6z2ca2m59qsnu4qxar08g9rvkg04qngvx9szs48s6mvy95y4364hg2pp8e2qd6x7ws2xevsjx8w05	stake1uy86sf5xrzcpg2ncddkzz6z2ca2m59qsnu4qxar08g9rvkgwkpjjv	1636449.42
stake1uy86sf5xrzcpg2ncddkzz6z2ca2m59qsnu4qxar08g9rvkgwkpjjv	319375.15	ab2843f973c0f614ce0a21ec24b2b005061d69adf0be4bc98b05e5f9b72aaf54	175662313	addr1qy86sf5xrzcpg2ncddkzz6z2ca2m59qsnu4qxar08g9rvkg04qngvx9szs48s6mvy95y4364hg2pp8e2qd6x7ws2xevsjx8w05	stake1uy86sf5xrzcpg2ncddkzz6z2ca2m59qsnu4qxar08g9rvkgwkpjjv	2416926.01
stake1uykws5pmwjxktdhlkz0pac3cu2guw6fjys2zaanmdew6xrs5lgv4n	292236.51	5dc201d4ab1871b2bb41045a543ab79b4cec4e7a971494ea56350af790146450	158455750	addr1qykws5pmwjxktdhlkz0pac3cu2guw6fjys2zaanmdew6xr3vapgrkaydvkm0lvy7rm3r3c53ca5nyfq59mm8kmja5v8qvygvru	stake1uykws5pmwjxktdhlkz0pac3cu2guw6fjys2zaanmdew6xrs5lgv4n	349523.65
stake1u80y77jjfcdymt38amg3na9w4p4d89ffw66xqsspdwsa2sqt8epdn	282373.86	dc6ef0d152d870d56da24c06084f99878450ebf18509bdead81b55fac2516fb1	175660551	addr1q80y77jjfcdymt38amg3na9w4p4d89ffw66xqsspdwsa2sx7faa9yns6fkhz0mk3r862a2r26w2jja45vppqz6ap64qqfjdtz8	stake1u80y77jjfcdymt38amg3na9w4p4d89ffw66xqsspdwsa2sqt8epdn	2349708.65
stake1u8kgcfdpefrnf5570v47manyyg85jshlrg4p2hrsx3wdspccdda8v	271671.98	a3d8a667a8d3fcad7349fdfbf725ab06ca17a0c3772ebd6bbf0a697fce913322	202908878	addr1q8kgcfdpefrnf5570v47manyyg85jshlrg4p2hrsx3wdsplv3sj6rjj8xnffu7etahmxggs0f9p07x32z4w8qdzumqrsquz66j	stake1u8kgcfdpefrnf5570v47manyyg85jshlrg4p2hrsx3wdspccdda8v	2428171.16
stake1u8kgcfdpefrnf5570v47manyyg85jshlrg4p2hrsx3wdspccdda8v	262494.24	71ccc7354000a657cbcbde36b902ae82bc91becc6dbf3cf21f1798f11a48fcee	208560811	addr1q8kgcfdpefrnf5570v47manyyg85jshlrg4p2hrsx3wdsplv3sj6rjj8xnffu7etahmxggs0f9p07x32z4w8qdzumqrsquz66j	stake1u8kgcfdpefrnf5570v47manyyg85jshlrg4p2hrsx3wdspccdda8v	2690665.23
stake1uy86sf5xrzcpg2ncddkzz6z2ca2m59qsnu4qxar08g9rvkgwkpjjv	251102.29	3b32fdde901e2ad40e6a3ef81d89e9794203e6f86fc810975fb559847e0ef5d8	148386181	addr1qy86sf5xrzcpg2ncddkzz6z2ca2m59qsnu4qxar08g9rvkg04qngvx9szs48s6mvy95y4364hg2pp8e2qd6x7ws2xevsjx8w05	stake1uy86sf5xrzcpg2ncddkzz6z2ca2m59qsnu4qxar08g9rvkgwkpjjv	1225309.61
stake1u8kgcfdpefrnf5570v47manyyg85jshlrg4p2hrsx3wdspccdda8v	249112.82	89f0cf7e1d5aee1f853bec1ec691a89dd8d371433cbd81be289704e881543b16	195399491	addr1q8kgcfdpefrnf5570v47manyyg85jshlrg4p2hrsx3wdsplv3sj6rjj8xnffu7etahmxggs0f9p07x32z4w8qdzumqrsquz66j	stake1u8kgcfdpefrnf5570v47manyyg85jshlrg4p2hrsx3wdspccdda8v	2156499.35
stake1u8kgcfdpefrnf5570v47manyyg85jshlrg4p2hrsx3wdspccdda8v	239312.10	437db26e021a6cd598d6907709f7a399ed84e76a07ae9247655c71058afc1562	219115023	addr1q8kgcfdpefrnf5570v47manyyg85jshlrg4p2hrsx3wdsplv3sj6rjj8xnffu7etahmxggs0f9p07x32z4w8qdzumqrsquz66j	stake1u8kgcfdpefrnf5570v47manyyg85jshlrg4p2hrsx3wdspccdda8v	2662076.10
stake1u80y77jjfcdymt38amg3na9w4p4d89ffw66xqsspdwsa2sqt8epdn	233877.54	ed9a693a90b7deb14132e6c3daad3024adcaceea276670bb2af4924f5332eb05	148387011	addr1q80y77jjfcdymt38amg3na9w4p4d89ffw66xqsspdwsa2sx7faa9yns6fkhz0mk3r862a2r26w2jja45vppqz6ap64qqfjdtz8	stake1u80y77jjfcdymt38amg3na9w4p4d89ffw66xqsspdwsa2sqt8epdn	1223761.75
stake1u8kgcfdpefrnf5570v47manyyg85jshlrg4p2hrsx3wdspccdda8v	231001.49	dcd86a2ffd8cbac5da45309312ad4c3609b704b73d5a70b5524d9dc57ff6b496	213289980	addr1q8kgcfdpefrnf5570v47manyyg85jshlrg4p2hrsx3wdsplv3sj6rjj8xnffu7etahmxggs0f9p07x32z4w8qdzumqrsquz66j	stake1u8kgcfdpefrnf5570v47manyyg85jshlrg4p2hrsx3wdspccdda8v	2921666.55
stake1uykws5pmwjxktdhlkz0pac3cu2guw6fjys2zaanmdew6xrs5lgv4n	225984.41	425d65500bb53b6d9a28602a6bc3d78ac0f8172ed88896dda6234988733324b0	148385991	addr1qykws5pmwjxktdhlkz0pac3cu2guw6fjys2zaanmdew6xr3vapgrkaydvkm0lvy7rm3r3c53ca5nyfq59mm8kmja5v8qvygvru	stake1uykws5pmwjxktdhlkz0pac3cu2guw6fjys2zaanmdew6xrs5lgv4n	1305806.23
stake1uy86sf5xrzcpg2ncddkzz6z2ca2m59qsnu4qxar08g9rvkgwkpjjv	223555.22	b02dd2cca8cecddd992bbf9b744789709050f639870f9e73fdf056931d6ad3db	195396622	addr1qy86sf5xrzcpg2ncddkzz6z2ca2m59qsnu4qxar08g9rvkg04qngvx9szs48s6mvy95y4364hg2pp8e2qd6x7ws2xevsjx8w05	stake1uy86sf5xrzcpg2ncddkzz6z2ca2m59qsnu4qxar08g9rvkgwkpjjv	2309486.09
stake1uy86sf5xrzcpg2ncddkzz6z2ca2m59qsnu4qxar08g9rvkgwkpjjv	223279.47	55c50fe57d821ce8566c7c3cfd49d003da4651b2f8d98cce8d69abeb3acd8f24	169786927	addr1qy86sf5xrzcpg2ncddkzz6z2ca2m59qsnu4qxar08g9rvkg04qngvx9szs48s6mvy95y4364hg2pp8e2qd6x7ws2xevsjx8w05	stake1uy86sf5xrzcpg2ncddkzz6z2ca2m59qsnu4qxar08g9rvkgwkpjjv	2097551.04
stake1u80y77jjfcdymt38amg3na9w4p4d89ffw66xqsspdwsa2sqt8epdn	220114.06	82991f6ee85cf6b52cf7439957636d4df0a7c965937c58c3ed7acbcb18e104e0	169786834	addr1q80y77jjfcdymt38amg3na9w4p4d89ffw66xqsspdwsa2sx7faa9yns6fkhz0mk3r862a2r26w2jja45vppqz6ap64qqfjdtz8	stake1u80y77jjfcdymt38amg3na9w4p4d89ffw66xqsspdwsa2sqt8epdn	2067334.96
stake1uy86sf5xrzcpg2ncddkzz6z2ca2m59qsnu4qxar08g9rvkgwkpjjv	217411.92	a868040026cf7cb327e211bb000851db9e916ad7e4673d8d7b467b0fb7b42147	50663222	addr1qy86sf5xrzcpg2ncddkzz6z2ca2m59qsnu4qxar08g9rvkg04qngvx9szs48s6mvy95y4364hg2pp8e2qd6x7ws2xevsjx8w05	stake1uy86sf5xrzcpg2ncddkzz6z2ca2m59qsnu4qxar08g9rvkgwkpjjv	66217418.54
stake1u8kgcfdpefrnf5570v47manyyg85jshlrg4p2hrsx3wdspccdda8v	215655.53	dadaf04703289295b9c7844251255902432f3a2daa6185cae15e8e917137defb	169787130	addr1q8kgcfdpefrnf5570v47manyyg85jshlrg4p2hrsx3wdsplv3sj6rjj8xnffu7etahmxggs0f9p07x32z4w8qdzumqrsquz66j	stake1u8kgcfdpefrnf5570v47manyyg85jshlrg4p2hrsx3wdspccdda8v	2089491.66
stake1u8kgcfdpefrnf5570v47manyyg85jshlrg4p2hrsx3wdspccdda8v	214757.58	203902311c80d320973424adc8fbe4dfa1a47732967b807a20deb383c1d3ffe4	50663679	addr1q8kgcfdpefrnf5570v47manyyg85jshlrg4p2hrsx3wdsplv3sj6rjj8xnffu7etahmxggs0f9p07x32z4w8qdzumqrsquz66j	stake1u8kgcfdpefrnf5570v47manyyg85jshlrg4p2hrsx3wdspccdda8v	66214764.20
stake1u8kgcfdpefrnf5570v47manyyg85jshlrg4p2hrsx3wdspccdda8v	211249.15	6f5891b0564676b58f662fd8a54be624cc2b82edcbc0ed40637eaaa7f9ed330c	148386508	addr1q8kgcfdpefrnf5570v47manyyg85jshlrg4p2hrsx3wdsplv3sj6rjj8xnffu7etahmxggs0f9p07x32z4w8qdzumqrsquz66j	stake1u8kgcfdpefrnf5570v47manyyg85jshlrg4p2hrsx3wdspccdda8v	1207170.33
stake1u8kgcfdpefrnf5570v47manyyg85jshlrg4p2hrsx3wdspccdda8v	194736.95	6c9cf69fb856bb8c0512b0d7140307ee21957e1b30127567a7c6b68a7d02c988	164198538	addr1q8kgcfdpefrnf5570v47manyyg85jshlrg4p2hrsx3wdsplv3sj6rjj8xnffu7etahmxggs0f9p07x32z4w8qdzumqrsquz66j	stake1u8kgcfdpefrnf5570v47manyyg85jshlrg4p2hrsx3wdspccdda8v	1873836.31
stake1uy86sf5xrzcpg2ncddkzz6z2ca2m59qsnu4qxar08g9rvkgwkpjjv	190131.55	40db3f32a3ccf119b0447151a91775d3fcca7c1366bf1440d39896683b05497a	164198367	addr1qy86sf5xrzcpg2ncddkzz6z2ca2m59qsnu4qxar08g9rvkg04qngvx9szs48s6mvy95y4364hg2pp8e2qd6x7ws2xevsjx8w05	stake1uy86sf5xrzcpg2ncddkzz6z2ca2m59qsnu4qxar08g9rvkgwkpjjv	1874271.74
stake1u80y77jjfcdymt38amg3na9w4p4d89ffw66xqsspdwsa2sqt8epdn	183188.18	353c11566495ee1eb935d6f079475f6682fff1ae406a92ba8e284a728cba5def	164199203	addr1q80y77jjfcdymt38amg3na9w4p4d89ffw66xqsspdwsa2sx7faa9yns6fkhz0mk3r862a2r26w2jja45vppqz6ap64qqfjdtz8	stake1u80y77jjfcdymt38amg3na9w4p4d89ffw66xqsspdwsa2sqt8epdn	1847221.08
stake1u8kgcfdpefrnf5570v47manyyg85jshlrg4p2hrsx3wdspccdda8v	179823.72	2eca05e3539fe3da4727cacfd3bff031b79e5e7580831e4b0aff386f42de0afd	248411230	addr1q8kgcfdpefrnf5570v47manyyg85jshlrg4p2hrsx3wdsplv3sj6rjj8xnffu7etahmxggs0f9p07x32z4w8qdzumqrsquz66j	stake1u8kgcfdpefrnf5570v47manyyg85jshlrg4p2hrsx3wdspccdda8v	333846.93
stake1uykws5pmwjxktdhlkz0pac3cu2guw6fjys2zaanmdew6xrs5lgv4n	178362.36	400219287c18d6458305b2ae452fe2ffcac34f750d319c0c7c1234ff31eb2548	129805382	addr1qykws5pmwjxktdhlkz0pac3cu2guw6fjys2zaanmdew6xr3vapgrkaydvkm0lvy7rm3r3c53ca5nyfq59mm8kmja5v8qvygvru	stake1uykws5pmwjxktdhlkz0pac3cu2guw6fjys2zaanmdew6xrs5lgv4n	1499978.00
stake1u8kgcfdpefrnf5570v47manyyg85jshlrg4p2hrsx3wdspccdda8v	163781.32	198c5e8870accf5260634879a5068c641ed92877959461614788617ac46aebcc	241744763	addr1q8kgcfdpefrnf5570v47manyyg85jshlrg4p2hrsx3wdsplv3sj6rjj8xnffu7etahmxggs0f9p07x32z4w8qdzumqrsquz66j	stake1u8kgcfdpefrnf5570v47manyyg85jshlrg4p2hrsx3wdspccdda8v	181607.02
stake1uy86sf5xrzcpg2ncddkzz6z2ca2m59qsnu4qxar08g9rvkgwkpjjv	159993.68	5fb585350da3b0b60287f39e646331a06281b242e908acd4104073117c6669ee	134615971	addr1qy86sf5xrzcpg2ncddkzz6z2ca2m59qsnu4qxar08g9rvkg04qngvx9szs48s6mvy95y4364hg2pp8e2qd6x7ws2xevsjx8w05	stake1uy86sf5xrzcpg2ncddkzz6z2ca2m59qsnu4qxar08g9rvkgwkpjjv	1642997.31
stake1u80y77jjfcdymt38amg3na9w4p4d89ffw66xqsspdwsa2sqt8epdn	158723.56	d0459bfc0f6d286911ff9e24445c7d71a49e55935ce979612ee735e8a7e30002	46418462	addr1q80y77jjfcdymt38amg3na9w4p4d89ffw66xqsspdwsa2sx7faa9yns6fkhz0mk3r862a2r26w2jja45vppqz6ap64qqfjdtz8	stake1u80y77jjfcdymt38amg3na9w4p4d89ffw66xqsspdwsa2sqt8epdn	158726.22
stake1uy86sf5xrzcpg2ncddkzz6z2ca2m59qsnu4qxar08g9rvkgwkpjjv	158103.01	a8eb4592b316f19639a9cbff1d84d80bd76ca14d0845ecdb6a2476d85da7ddf4	141894830	addr1qy86sf5xrzcpg2ncddkzz6z2ca2m59qsnu4qxar08g9rvkg04qngvx9szs48s6mvy95y4364hg2pp8e2qd6x7ws2xevsjx8w05	stake1uy86sf5xrzcpg2ncddkzz6z2ca2m59qsnu4qxar08g9rvkgwkpjjv	1927378.00
stake1u8kgcfdpefrnf5570v47manyyg85jshlrg4p2hrsx3wdspccdda8v	155768.83	8986e646e1900e00fe901b44151acd7ab592c0d41f32271a94a281acf0ed3bd2	141903460	addr1q8kgcfdpefrnf5570v47manyyg85jshlrg4p2hrsx3wdsplv3sj6rjj8xnffu7etahmxggs0f9p07x32z4w8qdzumqrsquz66j	stake1u8kgcfdpefrnf5570v47manyyg85jshlrg4p2hrsx3wdspccdda8v	1950692.06
stake1uy86sf5xrzcpg2ncddkzz6z2ca2m59qsnu4qxar08g9rvkgwkpjjv	155372.83	50fe601ccf8eb569b89ab65cc0611ce20840c0f2a6fb6437469d16082e519541	202908477	addr1qy86sf5xrzcpg2ncddkzz6z2ca2m59qsnu4qxar08g9rvkg04qngvx9szs48s6mvy95y4364hg2pp8e2qd6x7ws2xevsjx8w05	stake1uy86sf5xrzcpg2ncddkzz6z2ca2m59qsnu4qxar08g9rvkgwkpjjv	535803.04
stake1uykws5pmwjxktdhlkz0pac3cu2guw6fjys2zaanmdew6xrs5lgv4n	153416.63	3812165abde3b00d26f4b0ed5834364331ae4784e3571aa4b3eaec0efb82acf4	141894590	addr1qykws5pmwjxktdhlkz0pac3cu2guw6fjys2zaanmdew6xr3vapgrkaydvkm0lvy7rm3r3c53ca5nyfq59mm8kmja5v8qvygvru	stake1uykws5pmwjxktdhlkz0pac3cu2guw6fjys2zaanmdew6xrs5lgv4n	2024246.94
stake1u8kgcfdpefrnf5570v47manyyg85jshlrg4p2hrsx3wdspccdda8v	150430.84	e58d21718491b4b042a98a83a3260eb0739eee59f278254230b7c3640a53f51a	134617369	addr1q8kgcfdpefrnf5570v47manyyg85jshlrg4p2hrsx3wdsplv3sj6rjj8xnffu7etahmxggs0f9p07x32z4w8qdzumqrsquz66j	stake1u8kgcfdpefrnf5570v47manyyg85jshlrg4p2hrsx3wdspccdda8v	1669445.15
stake1u80y77jjfcdymt38amg3na9w4p4d89ffw66xqsspdwsa2sqt8epdn	147774.23	af10526e82a6a479dbdecbf5c782a55e47d492194953a7cecc189b3667afa50b	141902907	addr1q80y77jjfcdymt38amg3na9w4p4d89ffw66xqsspdwsa2sx7faa9yns6fkhz0mk3r862a2r26w2jja45vppqz6ap64qqfjdtz8	stake1u80y77jjfcdymt38amg3na9w4p4d89ffw66xqsspdwsa2sqt8epdn	1942271.48
stake1uykws5pmwjxktdhlkz0pac3cu2guw6fjys2zaanmdew6xrs5lgv4n	143728.27	dc669ecf4b350edf96bfeb618eb6d1bc74e7fe48dd162b9d43c511ce1033c574	46417984	addr1qykws5pmwjxktdhlkz0pac3cu2guw6fjys2zaanmdew6xr3vapgrkaydvkm0lvy7rm3r3c53ca5nyfq59mm8kmja5v8qvygvru	stake1uykws5pmwjxktdhlkz0pac3cu2guw6fjys2zaanmdew6xrs5lgv4n	143730.94
stake1u80y77jjfcdymt38amg3na9w4p4d89ffw66xqsspdwsa2sqt8epdn	143242.61	f463da579556010a0923adbef92f23075ad864eeef486ca6b0707fe305997cdd	134614090	addr1q80y77jjfcdymt38amg3na9w4p4d89ffw66xqsspdwsa2sx7faa9yns6fkhz0mk3r862a2r26w2jja45vppqz6ap64qqfjdtz8	stake1u80y77jjfcdymt38amg3na9w4p4d89ffw66xqsspdwsa2sqt8epdn	1673891.88
stake1uykws5pmwjxktdhlkz0pac3cu2guw6fjys2zaanmdew6xrs5lgv4n	137669.54	79def0fb280640eeaeff6dd3855ff847788c2d7d73386ddcd1c7df0bebac87ee	134613342	addr1qykws5pmwjxktdhlkz0pac3cu2guw6fjys2zaanmdew6xr3vapgrkaydvkm0lvy7rm3r3c53ca5nyfq59mm8kmja5v8qvygvru	stake1uykws5pmwjxktdhlkz0pac3cu2guw6fjys2zaanmdew6xrs5lgv4n	1733340.90
stake1uykws5pmwjxktdhlkz0pac3cu2guw6fjys2zaanmdew6xrs5lgv4n	137489.75	61f02e52eb5c9e77884dc95e2a8dc87b8884345efd04a52636bf7b57266ede39	137502491	addr1qykws5pmwjxktdhlkz0pac3cu2guw6fjys2zaanmdew6xr3vapgrkaydvkm0lvy7rm3r3c53ca5nyfq59mm8kmja5v8qvygvru	stake1uykws5pmwjxktdhlkz0pac3cu2guw6fjys2zaanmdew6xrs5lgv4n	1870830.48
stake1uy86sf5xrzcpg2ncddkzz6z2ca2m59qsnu4qxar08g9rvkgwkpjjv	136767.51	c72f81c6b9a0f6b07aae2bf2de41b8eeb4af65bea08d6f3205df67982f91c35a	208561103	addr1qy86sf5xrzcpg2ncddkzz6z2ca2m59qsnu4qxar08g9rvkg04qngvx9szs48s6mvy95y4364hg2pp8e2qd6x7ws2xevsjx8w05	stake1uy86sf5xrzcpg2ncddkzz6z2ca2m59qsnu4qxar08g9rvkgwkpjjv	185358.07
stake1u8kgcfdpefrnf5570v47manyyg85jshlrg4p2hrsx3wdspccdda8v	134922.22	6bbb09fdc24b72a40b611f106e3e374fdacc04535ad4c84b1411aa20a7477839	263885969	addr1q8kgcfdpefrnf5570v47manyyg85jshlrg4p2hrsx3wdsplv3sj6rjj8xnffu7etahmxggs0f9p07x32z4w8qdzumqrsquz66j	stake1u8kgcfdpefrnf5570v47manyyg85jshlrg4p2hrsx3wdspccdda8v	390553.06
stake1uy86sf5xrzcpg2ncddkzz6z2ca2m59qsnu4qxar08g9rvkgwkpjjv	126288.20	1c98d3767adfaa3ef8582efbc04bbe983e9173a7e95b61f76de32c5720c9bd63	137502949	addr1qy86sf5xrzcpg2ncddkzz6z2ca2m59qsnu4qxar08g9rvkg04qngvx9szs48s6mvy95y4364hg2pp8e2qd6x7ws2xevsjx8w05	stake1uy86sf5xrzcpg2ncddkzz6z2ca2m59qsnu4qxar08g9rvkgwkpjjv	1769275.17
stake1u8kgcfdpefrnf5570v47manyyg85jshlrg4p2hrsx3wdspccdda8v	125940.94	7f9fb70d49cf824178b8175d826458863146673f87dabbec4b15aab277b2bbee	254813479	addr1q8kgcfdpefrnf5570v47manyyg85jshlrg4p2hrsx3wdsplv3sj6rjj8xnffu7etahmxggs0f9p07x32z4w8qdzumqrsquz66j	stake1u8kgcfdpefrnf5570v47manyyg85jshlrg4p2hrsx3wdspccdda8v	255763.27
stake1u8kgcfdpefrnf5570v47manyyg85jshlrg4p2hrsx3wdspccdda8v	125478.42	4cff060e8bd8a841ce7e82b6550c6e0a3c584047bee3cca2bbc090d38eb33909	137503184	addr1q8kgcfdpefrnf5570v47manyyg85jshlrg4p2hrsx3wdsplv3sj6rjj8xnffu7etahmxggs0f9p07x32z4w8qdzumqrsquz66j	stake1u8kgcfdpefrnf5570v47manyyg85jshlrg4p2hrsx3wdspccdda8v	1794923.40
stake1u80y77jjfcdymt38amg3na9w4p4d89ffw66xqsspdwsa2sqt8epdn	120605.73	12514c754cc2df28f59486cd0d2b2e61d0ec8bd5f7b389619bc21f176f5bf999	137502766	addr1q80y77jjfcdymt38amg3na9w4p4d89ffw66xqsspdwsa2sx7faa9yns6fkhz0mk3r862a2r26w2jja45vppqz6ap64qqfjdtz8	stake1u80y77jjfcdymt38amg3na9w4p4d89ffw66xqsspdwsa2sqt8epdn	1794497.43
stake1u8kgcfdpefrnf5570v47manyyg85jshlrg4p2hrsx3wdspccdda8v	120206.31	810562dd76157710aba18faace01775f736f9e238e1a628cb136824578eac4bc	54415202	addr1q8kgcfdpefrnf5570v47manyyg85jshlrg4p2hrsx3wdsplv3sj6rjj8xnffu7etahmxggs0f9p07x32z4w8qdzumqrsquz66j	stake1u8kgcfdpefrnf5570v47manyyg85jshlrg4p2hrsx3wdspccdda8v	66382453.74
stake1uykws5pmwjxktdhlkz0pac3cu2guw6fjys2zaanmdew6xrs5lgv4n	117588.03	c847cd2cf19e583b5253caf51d18d8adc21e9c1114b0ae51a54e1c7c7e11673c	54413754	addr1qykws5pmwjxktdhlkz0pac3cu2guw6fjys2zaanmdew6xr3vapgrkaydvkm0lvy7rm3r3c53ca5nyfq59mm8kmja5v8qvygvru	stake1uykws5pmwjxktdhlkz0pac3cu2guw6fjys2zaanmdew6xrs5lgv4n	350837.57
stake1u80y77jjfcdymt38amg3na9w4p4d89ffw66xqsspdwsa2sqt8epdn	112134.69	9c06eb775ca851c1c01584902344c723a566a6dad79be3dc1c52f660a947d2f3	60361851	addr1q80y77jjfcdymt38amg3na9w4p4d89ffw66xqsspdwsa2sx7faa9yns6fkhz0mk3r862a2r26w2jja45vppqz6ap64qqfjdtz8	stake1u80y77jjfcdymt38amg3na9w4p4d89ffw66xqsspdwsa2sqt8epdn	635337.91
stake1u80y77jjfcdymt38amg3na9w4p4d89ffw66xqsspdwsa2sqt8epdn	111783.96	0e77981e981e42632de83ff4a0f0b070346640ccf2d8873a609c783e16f4a41e	98134523	addr1q80y77jjfcdymt38amg3na9w4p4d89ffw66xqsspdwsa2sx7faa9yns6fkhz0mk3r862a2r26w2jja45vppqz6ap64qqfjdtz8	stake1u80y77jjfcdymt38amg3na9w4p4d89ffw66xqsspdwsa2sqt8epdn	1679094.20
stake1uy86sf5xrzcpg2ncddkzz6z2ca2m59qsnu4qxar08g9rvkgwkpjjv	110607.87	2cb01bb819303bf0748a96c218fbe829fd029e6c9c3fee5f9d4affabced8b459	54414351	addr1qy86sf5xrzcpg2ncddkzz6z2ca2m59qsnu4qxar08g9rvkg04qngvx9szs48s6mvy95y4364hg2pp8e2qd6x7ws2xevsjx8w05	stake1uy86sf5xrzcpg2ncddkzz6z2ca2m59qsnu4qxar08g9rvkgwkpjjv	66379908.62
stake1uy86sf5xrzcpg2ncddkzz6z2ca2m59qsnu4qxar08g9rvkgwkpjjv	105027.23	27d68ab4faf414aa312193a47e741486d72366d39c7c6252c4dd086062027199	98135337	addr1qy86sf5xrzcpg2ncddkzz6z2ca2m59qsnu4qxar08g9rvkg04qngvx9szs48s6mvy95y4364hg2pp8e2qd6x7ws2xevsjx8w05	stake1uy86sf5xrzcpg2ncddkzz6z2ca2m59qsnu4qxar08g9rvkgwkpjjv	67664258.86
stake1uykws5pmwjxktdhlkz0pac3cu2guw6fjys2zaanmdew6xrs5lgv4n	104463.06	a50bbf3d7c0b4344edb2014f12703e68f48b1effc220c90d7d136ad2cb2c42b7	60361395	addr1qykws5pmwjxktdhlkz0pac3cu2guw6fjys2zaanmdew6xr3vapgrkaydvkm0lvy7rm3r3c53ca5nyfq59mm8kmja5v8qvygvru	stake1uykws5pmwjxktdhlkz0pac3cu2guw6fjys2zaanmdew6xrs5lgv4n	591711.23
stake1u80y77jjfcdymt38amg3na9w4p4d89ffw66xqsspdwsa2sqt8epdn	103806.03	24b484bb67069d60b8806bf6aab0916c6bcd41eed25edfd8a5b29aa4f8c83f39	129805584	addr1q80y77jjfcdymt38amg3na9w4p4d89ffw66xqsspdwsa2sx7faa9yns6fkhz0mk3r862a2r26w2jja45vppqz6ap64qqfjdtz8	stake1u80y77jjfcdymt38amg3na9w4p4d89ffw66xqsspdwsa2sqt8epdn	1436531.66
stake1uy86sf5xrzcpg2ncddkzz6z2ca2m59qsnu4qxar08g9rvkgwkpjjv	103758.31	a46f49f476aba120575c0177135cab72defc79e5f98d7491ceda14cbde9c80a7	125472582	addr1qy86sf5xrzcpg2ncddkzz6z2ca2m59qsnu4qxar08g9rvkg04qngvx9szs48s6mvy95y4364hg2pp8e2qd6x7ws2xevsjx8w05	stake1uy86sf5xrzcpg2ncddkzz6z2ca2m59qsnu4qxar08g9rvkgwkpjjv	1222498.65
stake1u80y77jjfcdymt38amg3na9w4p4d89ffw66xqsspdwsa2sqt8epdn	102959.35	07b98c587a0649b3a15ec13206a3c27313a497adc0902ea24f36b87e596cd52d	125472206	addr1q80y77jjfcdymt38amg3na9w4p4d89ffw66xqsspdwsa2sx7faa9yns6fkhz0mk3r862a2r26w2jja45vppqz6ap64qqfjdtz8	stake1u80y77jjfcdymt38amg3na9w4p4d89ffw66xqsspdwsa2sqt8epdn	1234885.49
stake1uykws5pmwjxktdhlkz0pac3cu2guw6fjys2zaanmdew6xrs5lgv4n	102179.43	01b6dd1a42061b2e2ee969b5e9b675f95eda2546f17135cfe8406f2a58308070	178030178	addr1qykws5pmwjxktdhlkz0pac3cu2guw6fjys2zaanmdew6xr3vapgrkaydvkm0lvy7rm3r3c53ca5nyfq59mm8kmja5v8qvygvru	stake1uykws5pmwjxktdhlkz0pac3cu2guw6fjys2zaanmdew6xrs5lgv4n	243950.12
stake1u80y77jjfcdymt38amg3na9w4p4d89ffw66xqsspdwsa2sqt8epdn	101905.90	60f6f238e9f667accd9561636eb42f3a0cb535989552a035c82c16eb07cf1c55	54414123	addr1q80y77jjfcdymt38amg3na9w4p4d89ffw66xqsspdwsa2sx7faa9yns6fkhz0mk3r862a2r26w2jja45vppqz6ap64qqfjdtz8	stake1u80y77jjfcdymt38amg3na9w4p4d89ffw66xqsspdwsa2sqt8epdn	365929.38
stake1uy86sf5xrzcpg2ncddkzz6z2ca2m59qsnu4qxar08g9rvkgwkpjjv	101408.44	2843be8d4a2621581ae587564ba560d9cdd3f9439e49340e8ca6cfb0162c2d94	129805705	addr1qy86sf5xrzcpg2ncddkzz6z2ca2m59qsnu4qxar08g9rvkg04qngvx9szs48s6mvy95y4364hg2pp8e2qd6x7ws2xevsjx8w05	stake1uy86sf5xrzcpg2ncddkzz6z2ca2m59qsnu4qxar08g9rvkgwkpjjv	1400867.61
stake1u8kgcfdpefrnf5570v47manyyg85jshlrg4p2hrsx3wdspccdda8v	99952.48	61002dda4da00df1b90a3698714dc7cff1350360fcc180634131b815716fea24	98135603	addr1q8kgcfdpefrnf5570v47manyyg85jshlrg4p2hrsx3wdsplv3sj6rjj8xnffu7etahmxggs0f9p07x32z4w8qdzumqrsquz66j	stake1u8kgcfdpefrnf5570v47manyyg85jshlrg4p2hrsx3wdspccdda8v	67630208.67
stake1uy86sf5xrzcpg2ncddkzz6z2ca2m59qsnu4qxar08g9rvkgwkpjjv	99699.78	8559520088f94188292db47bd190fa4c427efa85411af941270c4d9685015964	107695115	addr1qy86sf5xrzcpg2ncddkzz6z2ca2m59qsnu4qxar08g9rvkg04qngvx9szs48s6mvy95y4364hg2pp8e2qd6x7ws2xevsjx8w05	stake1uy86sf5xrzcpg2ncddkzz6z2ca2m59qsnu4qxar08g9rvkgwkpjjv	67962576.05
stake1u8kgcfdpefrnf5570v47manyyg85jshlrg4p2hrsx3wdspccdda8v	99441.81	80fe78a9562cde5fda0893870a82b32e4e8d162f3a01448b8cb263d546b46d72	127765348	addr1q8kgcfdpefrnf5570v47manyyg85jshlrg4p2hrsx3wdsplv3sj6rjj8xnffu7etahmxggs0f9p07x32z4w8qdzumqrsquz66j	stake1u8kgcfdpefrnf5570v47manyyg85jshlrg4p2hrsx3wdspccdda8v	1333894.36
stake1uykws5pmwjxktdhlkz0pac3cu2guw6fjys2zaanmdew6xrs5lgv4n	98142.38	7e544e9be839746a2aa78ec925188c5a09b4dca1c9c54992934950ded9842daa	125472017	addr1qykws5pmwjxktdhlkz0pac3cu2guw6fjys2zaanmdew6xr3vapgrkaydvkm0lvy7rm3r3c53ca5nyfq59mm8kmja5v8qvygvru	stake1uykws5pmwjxktdhlkz0pac3cu2guw6fjys2zaanmdew6xrs5lgv4n	1321615.82
stake1u80y77jjfcdymt38amg3na9w4p4d89ffw66xqsspdwsa2sqt8epdn	97840.49	7cb0bbb72d566a33ee6b39c36d9297950bdf4fcfd2a0693fd7a9728eb3953b2f	127764020	addr1q80y77jjfcdymt38amg3na9w4p4d89ffw66xqsspdwsa2sx7faa9yns6fkhz0mk3r862a2r26w2jja45vppqz6ap64qqfjdtz8	stake1u80y77jjfcdymt38amg3na9w4p4d89ffw66xqsspdwsa2sqt8epdn	1332725.81
stake1uykws5pmwjxktdhlkz0pac3cu2guw6fjys2zaanmdew6xrs5lgv4n	97229.76	a993e03bba31a91aa9d6dc79bdb251a5141b2ec46d33f525f57a18f1400dcdae	169786664	addr1qykws5pmwjxktdhlkz0pac3cu2guw6fjys2zaanmdew6xr3vapgrkaydvkm0lvy7rm3r3c53ca5nyfq59mm8kmja5v8qvygvru	stake1uykws5pmwjxktdhlkz0pac3cu2guw6fjys2zaanmdew6xrs5lgv4n	141903.43
stake1u8kgcfdpefrnf5570v47manyyg85jshlrg4p2hrsx3wdspccdda8v	97196.26	fe563d3b24cf3443ddf02892916ef389a29a1a2b7a3f59c93c33fb28868816ea	107695401	addr1q8kgcfdpefrnf5570v47manyyg85jshlrg4p2hrsx3wdsplv3sj6rjj8xnffu7etahmxggs0f9p07x32z4w8qdzumqrsquz66j	stake1u8kgcfdpefrnf5570v47manyyg85jshlrg4p2hrsx3wdspccdda8v	67920148.58
stake1uy86sf5xrzcpg2ncddkzz6z2ca2m59qsnu4qxar08g9rvkgwkpjjv	96743.35	2f0e53cf35001e8351cd8adbb9691ac9f0994621b3ef7a09988747aff4443faf	60366146	addr1qy86sf5xrzcpg2ncddkzz6z2ca2m59qsnu4qxar08g9rvkg04qngvx9szs48s6mvy95y4364hg2pp8e2qd6x7ws2xevsjx8w05	stake1uy86sf5xrzcpg2ncddkzz6z2ca2m59qsnu4qxar08g9rvkgwkpjjv	66625248.76
stake1uy86sf5xrzcpg2ncddkzz6z2ca2m59qsnu4qxar08g9rvkgwkpjjv	96114.29	3464631f14bcee625fb86aba125c34ca9ea6fbc2ed6bf58e0c71d8fef4abc7a4	56401672	addr1qy86sf5xrzcpg2ncddkzz6z2ca2m59qsnu4qxar08g9rvkg04qngvx9szs48s6mvy95y4364hg2pp8e2qd6x7ws2xevsjx8w05	stake1uy86sf5xrzcpg2ncddkzz6z2ca2m59qsnu4qxar08g9rvkgwkpjjv	66476022.74
stake1u8kgcfdpefrnf5570v47manyyg85jshlrg4p2hrsx3wdspccdda8v	95875.94	8377f26d6e9fd6a922ce937407f986599f25a4220edb4e2404f1d412bdf9076c	60366379	addr1q8kgcfdpefrnf5570v47manyyg85jshlrg4p2hrsx3wdsplv3sj6rjj8xnffu7etahmxggs0f9p07x32z4w8qdzumqrsquz66j	stake1u8kgcfdpefrnf5570v47manyyg85jshlrg4p2hrsx3wdspccdda8v	66589771.53
stake1uykws5pmwjxktdhlkz0pac3cu2guw6fjys2zaanmdew6xrs5lgv4n	95693.70	6ff61ba5ec5d5c9edc9f088793ab298a71c178605affbb28cce54ae31b43736d	131037962	addr1qykws5pmwjxktdhlkz0pac3cu2guw6fjys2zaanmdew6xr3vapgrkaydvkm0lvy7rm3r3c53ca5nyfq59mm8kmja5v8qvygvru	stake1uykws5pmwjxktdhlkz0pac3cu2guw6fjys2zaanmdew6xrs5lgv4n	1595671.53
stake1u80y77jjfcdymt38amg3na9w4p4d89ffw66xqsspdwsa2sqt8epdn	94117.95	0507e6e6ef441aff435f02e102b59b86ae882f6ff54c2a050b003f35e67e230f	131039948	addr1q80y77jjfcdymt38amg3na9w4p4d89ffw66xqsspdwsa2sx7faa9yns6fkhz0mk3r862a2r26w2jja45vppqz6ap64qqfjdtz8	stake1u80y77jjfcdymt38amg3na9w4p4d89ffw66xqsspdwsa2sqt8epdn	1530649.44
stake1u8kgcfdpefrnf5570v47manyyg85jshlrg4p2hrsx3wdspccdda8v	94098.08	6e39e5417c342553a1952ed3bf8f95b11021c43296f8a7335e909b6fb70c2628	131040980	addr1q8kgcfdpefrnf5570v47manyyg85jshlrg4p2hrsx3wdsplv3sj6rjj8xnffu7etahmxggs0f9p07x32z4w8qdzumqrsquz66j	stake1u8kgcfdpefrnf5570v47manyyg85jshlrg4p2hrsx3wdspccdda8v	1519014.49
stake1u80y77jjfcdymt38amg3na9w4p4d89ffw66xqsspdwsa2sqt8epdn	93351.50	747596d94382c75d8a076fad7cbaff89c1686467c58e179a0499ecccc60109d4	178030309	addr1q80y77jjfcdymt38amg3na9w4p4d89ffw66xqsspdwsa2sx7faa9yns6fkhz0mk3r862a2r26w2jja45vppqz6ap64qqfjdtz8	stake1u80y77jjfcdymt38amg3na9w4p4d89ffw66xqsspdwsa2sqt8epdn	2443059.98
stake1u8kgcfdpefrnf5570v47manyyg85jshlrg4p2hrsx3wdspccdda8v	93301.13	ae60a3810cbf80c152cf75407111fd3507d9cb34e1f1803d07b651f1fb7a2356	125473392	addr1q8kgcfdpefrnf5570v47manyyg85jshlrg4p2hrsx3wdsplv3sj6rjj8xnffu7etahmxggs0f9p07x32z4w8qdzumqrsquz66j	stake1u8kgcfdpefrnf5570v47manyyg85jshlrg4p2hrsx3wdspccdda8v	1234452.72
stake1u8kgcfdpefrnf5570v47manyyg85jshlrg4p2hrsx3wdspccdda8v	91022.40	fc2c110993463556116ad69debe1f42198df4b251e45c22ab7e0a060badfbbf1	129805803	addr1q8kgcfdpefrnf5570v47manyyg85jshlrg4p2hrsx3wdsplv3sj6rjj8xnffu7etahmxggs0f9p07x32z4w8qdzumqrsquz66j	stake1u8kgcfdpefrnf5570v47manyyg85jshlrg4p2hrsx3wdspccdda8v	1424916.58
stake1uy86sf5xrzcpg2ncddkzz6z2ca2m59qsnu4qxar08g9rvkgwkpjjv	89811.09	b67e422a87eb3b333bb6a821b1b2449f9ad910b6d3c002f81c324791530b465d	178030429	addr1qy86sf5xrzcpg2ncddkzz6z2ca2m59qsnu4qxar08g9rvkg04qngvx9szs48s6mvy95y4364hg2pp8e2qd6x7ws2xevsjx8w05	stake1uy86sf5xrzcpg2ncddkzz6z2ca2m59qsnu4qxar08g9rvkgwkpjjv	2506736.93
stake1uykws5pmwjxktdhlkz0pac3cu2guw6fjys2zaanmdew6xrs5lgv4n	86214.85	ec1234388f388e2c42fadcae4ae4cbff40426295056f8379c2b1e1824266be1c	164198876	addr1qykws5pmwjxktdhlkz0pac3cu2guw6fjys2zaanmdew6xr3vapgrkaydvkm0lvy7rm3r3c53ca5nyfq59mm8kmja5v8qvygvru	stake1uykws5pmwjxktdhlkz0pac3cu2guw6fjys2zaanmdew6xrs5lgv4n	114482.73
stake1uy86sf5xrzcpg2ncddkzz6z2ca2m59qsnu4qxar08g9rvkgwkpjjv	82136.36	2543864c60ad3874ce6c32dd895a7593963e0f16e84d87517ce899d44632b63b	131040183	addr1qy86sf5xrzcpg2ncddkzz6z2ca2m59qsnu4qxar08g9rvkg04qngvx9szs48s6mvy95y4364hg2pp8e2qd6x7ws2xevsjx8w05	stake1uy86sf5xrzcpg2ncddkzz6z2ca2m59qsnu4qxar08g9rvkgwkpjjv	1483003.79
stake1uykws5pmwjxktdhlkz0pac3cu2guw6fjys2zaanmdew6xrs5lgv4n	80426.36	3938764e2a645400a7132586f0897678f74fdc096f5e8db0526bedd937220ca0	98133963	addr1qykws5pmwjxktdhlkz0pac3cu2guw6fjys2zaanmdew6xr3vapgrkaydvkm0lvy7rm3r3c53ca5nyfq59mm8kmja5v8qvygvru	stake1uykws5pmwjxktdhlkz0pac3cu2guw6fjys2zaanmdew6xrs5lgv4n	1572868.00
stake1uy86sf5xrzcpg2ncddkzz6z2ca2m59qsnu4qxar08g9rvkgwkpjjv	76960.86	60641f43a65d7d6a18831f9bd3d31cea30cc9fbc3da605698646f964dbafd762	127765198	addr1qy86sf5xrzcpg2ncddkzz6z2ca2m59qsnu4qxar08g9rvkg04qngvx9szs48s6mvy95y4364hg2pp8e2qd6x7ws2xevsjx8w05	stake1uy86sf5xrzcpg2ncddkzz6z2ca2m59qsnu4qxar08g9rvkgwkpjjv	1299459.34
stake1uy86sf5xrzcpg2ncddkzz6z2ca2m59qsnu4qxar08g9rvkgwkpjjv	76841.30	afa66f20cce2195ac65922d3d338c9025697a96c9bd2e082db5a2ea13e883d5c	213289780	addr1qy86sf5xrzcpg2ncddkzz6z2ca2m59qsnu4qxar08g9rvkg04qngvx9szs48s6mvy95y4364hg2pp8e2qd6x7ws2xevsjx8w05	stake1uy86sf5xrzcpg2ncddkzz6z2ca2m59qsnu4qxar08g9rvkgwkpjjv	262036.42
stake1u9mymn640v59n3mwyfdsg5t6yu34ut9ufvynavsn0ey40ugqdj6lh	67550.39	54c022aa8d8c46f37622589f2c306338a52e700cb576b00ee75afeecc5582cd9	50663873	addr1q9mymn640v59n3mwyfdsg5t6yu34ut9ufvynavsn0ey40utkfh8427egt8rkugjmq3gh5fertcktcjcf86epxljf2lcs642j5p	stake1u9mymn640v59n3mwyfdsg5t6yu34ut9ufvynavsn0ey40ugqdj6lh	68047.01
stake1u80y77jjfcdymt38amg3na9w4p4d89ffw66xqsspdwsa2sqt8epdn	66160.97	68141e4ff96c988f7cdd4a06b3584a493ea5d3caf4e2dd74fb35fd55a0cd398e	104939280	addr1q80y77jjfcdymt38amg3na9w4p4d89ffw66xqsspdwsa2sx7faa9yns6fkhz0mk3r862a2r26w2jja45vppqz6ap64qqfjdtz8	stake1u80y77jjfcdymt38amg3na9w4p4d89ffw66xqsspdwsa2sqt8epdn	1887692.15
stake1u80y77jjfcdymt38amg3na9w4p4d89ffw66xqsspdwsa2sqt8epdn	62826.68	99275de0d10076852d60e7dc2830dd7ceabc00d2a66ceeb4912314c19870da70	73851953	addr1q80y77jjfcdymt38amg3na9w4p4d89ffw66xqsspdwsa2sx7faa9yns6fkhz0mk3r862a2r26w2jja45vppqz6ap64qqfjdtz8	stake1u80y77jjfcdymt38amg3na9w4p4d89ffw66xqsspdwsa2sqt8epdn	991530.06
stake1uy86sf5xrzcpg2ncddkzz6z2ca2m59qsnu4qxar08g9rvkgwkpjjv	59844.03	f7ed542be3d045f56b8419d779a156b9c1886f56e0599af21252e5f3c1887b4a	123062977	addr1qy86sf5xrzcpg2ncddkzz6z2ca2m59qsnu4qxar08g9rvkg04qngvx9szs48s6mvy95y4364hg2pp8e2qd6x7ws2xevsjx8w05	stake1uy86sf5xrzcpg2ncddkzz6z2ca2m59qsnu4qxar08g9rvkgwkpjjv	1118740.51
stake1u8kgcfdpefrnf5570v47manyyg85jshlrg4p2hrsx3wdspccdda8v	59358.68	0843bd69e8cfdfdd9bb9c2f41aa3015ed190ad7d3f3c473dcdc40171347be82c	268724097	addr1q8kgcfdpefrnf5570v47manyyg85jshlrg4p2hrsx3wdsplv3sj6rjj8xnffu7etahmxggs0f9p07x32z4w8qdzumqrsquz66j	stake1u8kgcfdpefrnf5570v47manyyg85jshlrg4p2hrsx3wdspccdda8v	64328.86
stake1u8kgcfdpefrnf5570v47manyyg85jshlrg4p2hrsx3wdspccdda8v	58492.68	3f4d21a5b0cac90c336415ed1bbece14ca2d615c334d9ce3cee0e09e81034a39	82440121	addr1q8kgcfdpefrnf5570v47manyyg85jshlrg4p2hrsx3wdsplv3sj6rjj8xnffu7etahmxggs0f9p07x32z4w8qdzumqrsquz66j	stake1u8kgcfdpefrnf5570v47manyyg85jshlrg4p2hrsx3wdspccdda8v	67160341.82
stake1u80y77jjfcdymt38amg3na9w4p4d89ffw66xqsspdwsa2sqt8epdn	58035.30	c2fd0769e5b1693990d43fa5a7d08b2800cd8d9a12ae91de91647a5651a7d2c3	70178730	addr1q80y77jjfcdymt38amg3na9w4p4d89ffw66xqsspdwsa2sx7faa9yns6fkhz0mk3r862a2r26w2jja45vppqz6ap64qqfjdtz8	stake1u80y77jjfcdymt38amg3na9w4p4d89ffw66xqsspdwsa2sqt8epdn	885016.13
stake1u80y77jjfcdymt38amg3na9w4p4d89ffw66xqsspdwsa2sqt8epdn	57811.75	cc1f8060488cba0f30af53dd687d32d638d6ed02b2ad4452cadf99ec4d84ad9f	50711363	addr1q80y77jjfcdymt38amg3na9w4p4d89ffw66xqsspdwsa2sx7faa9yns6fkhz0mk3r862a2r26w2jja45vppqz6ap64qqfjdtz8	stake1u80y77jjfcdymt38amg3na9w4p4d89ffw66xqsspdwsa2sqt8epdn	216537.80
stake1u8kgcfdpefrnf5570v47manyyg85jshlrg4p2hrsx3wdspccdda8v	57638.78	af27288280496069a957adb842caad826564b9d4143f3311f596911abdd5c9de	93226668	addr1q8kgcfdpefrnf5570v47manyyg85jshlrg4p2hrsx3wdsplv3sj6rjj8xnffu7etahmxggs0f9p07x32z4w8qdzumqrsquz66j	stake1u8kgcfdpefrnf5570v47manyyg85jshlrg4p2hrsx3wdspccdda8v	67491291.54
stake1u80y77jjfcdymt38amg3na9w4p4d89ffw66xqsspdwsa2sqt8epdn	57275.23	7fbd97901c42d359e821b44100c0e55e58a7b7125c79bf3f07304edfcd17f1ad	55198823	addr1q80y77jjfcdymt38amg3na9w4p4d89ffw66xqsspdwsa2sx7faa9yns6fkhz0mk3r862a2r26w2jja45vppqz6ap64qqfjdtz8	stake1u80y77jjfcdymt38amg3na9w4p4d89ffw66xqsspdwsa2sqt8epdn	423204.43
stake1u80y77jjfcdymt38amg3na9w4p4d89ffw66xqsspdwsa2sqt8epdn	56757.43	352ee6f6f21579b6724381e96ffcbd7641df827800ab64a25e78db68823c65db	118717729	addr1q80y77jjfcdymt38amg3na9w4p4d89ffw66xqsspdwsa2sx7faa9yns6fkhz0mk3r862a2r26w2jja45vppqz6ap64qqfjdtz8	stake1u80y77jjfcdymt38amg3na9w4p4d89ffw66xqsspdwsa2sqt8epdn	2367039.98
stake1u80y77jjfcdymt38amg3na9w4p4d89ffw66xqsspdwsa2sqt8epdn	56322.07	da20df20d74d6193ba1aac123174c737202b8143c30cdb99f341ba688ac9c579	103956242	addr1q80y77jjfcdymt38amg3na9w4p4d89ffw66xqsspdwsa2sx7faa9yns6fkhz0mk3r862a2r26w2jja45vppqz6ap64qqfjdtz8	stake1u80y77jjfcdymt38amg3na9w4p4d89ffw66xqsspdwsa2sqt8epdn	1821531.35
stake1u8kgcfdpefrnf5570v47manyyg85jshlrg4p2hrsx3wdspccdda8v	55988.38	aac72630c7ba2fe7bc29a7f162662de7a03dda53ac8d41ce4ef03d31fdf79266	87072809	addr1q8kgcfdpefrnf5570v47manyyg85jshlrg4p2hrsx3wdsplv3sj6rjj8xnffu7etahmxggs0f9p07x32z4w8qdzumqrsquz66j	stake1u8kgcfdpefrnf5570v47manyyg85jshlrg4p2hrsx3wdspccdda8v	67300464.82
stake1u887jrylddch0vh4d2kx72h2ax8t7aeq49zvmry4g9wcj4g3gty8j	55672.61	0ed4489e59be8c23addf22da9dbe45235c6df2e5d60e467872f79591f1161dc5	50664096	addr1q887jrylddch0vh4d2kx72h2ax8t7aeq49zvmry4g9wcj4w0ayxf76m3w7e0264vdu4w46vwhamjp22yekxf2s2a392sjqwpcp	stake1u887jrylddch0vh4d2kx72h2ax8t7aeq49zvmry4g9wcj4g3gty8j	55674.73
stake1uykws5pmwjxktdhlkz0pac3cu2guw6fjys2zaanmdew6xrs5lgv4n	55575.40	e619383c4972cd3f4743e801a2dd0ba0df62084d0ccc16edd9a51dc2068dbc71	143165723	addr1qykws5pmwjxktdhlkz0pac3cu2guw6fjys2zaanmdew6xr3vapgrkaydvkm0lvy7rm3r3c53ca5nyfq59mm8kmja5v8qvygvru	stake1uykws5pmwjxktdhlkz0pac3cu2guw6fjys2zaanmdew6xrs5lgv4n	2079822.17
stake1uy86sf5xrzcpg2ncddkzz6z2ca2m59qsnu4qxar08g9rvkgwkpjjv	55310.88	45d33dfdda5f409b8f876034325d5accb3dbbde7a8674ea4b26750cd9bb9c207	116208595	addr1qy86sf5xrzcpg2ncddkzz6z2ca2m59qsnu4qxar08g9rvkg04qngvx9szs48s6mvy95y4364hg2pp8e2qd6x7ws2xevsjx8w05	stake1uy86sf5xrzcpg2ncddkzz6z2ca2m59qsnu4qxar08g9rvkgwkpjjv	68297452.55
stake1u8kgcfdpefrnf5570v47manyyg85jshlrg4p2hrsx3wdspccdda8v	55134.36	6a8fbafd11c0db9f7127c5c35256bd0debae6471aaf0f7f9edd497e38186ea69	118718213	addr1q8kgcfdpefrnf5570v47manyyg85jshlrg4p2hrsx3wdsplv3sj6rjj8xnffu7etahmxggs0f9p07x32z4w8qdzumqrsquz66j	stake1u8kgcfdpefrnf5570v47manyyg85jshlrg4p2hrsx3wdspccdda8v	68345042.25
stake1u80y77jjfcdymt38amg3na9w4p4d89ffw66xqsspdwsa2sqt8epdn	55076.13	df187172963a8a687ee33710e6c88073eeafcb51fb822b5139252a69b635a0eb	122089733	addr1q80y77jjfcdymt38amg3na9w4p4d89ffw66xqsspdwsa2sx7faa9yns6fkhz0mk3r862a2r26w2jja45vppqz6ap64qqfjdtz8	stake1u80y77jjfcdymt38amg3na9w4p4d89ffw66xqsspdwsa2sqt8epdn	1086445.25
stake1uykws5pmwjxktdhlkz0pac3cu2guw6fjys2zaanmdew6xrs5lgv4n	55058.70	856dcc065f3cd86266ccc21873e2cc562052f3b9b6eb2029503fa304131883b2	57737487	addr1qykws5pmwjxktdhlkz0pac3cu2guw6fjys2zaanmdew6xr3vapgrkaydvkm0lvy7rm3r3c53ca5nyfq59mm8kmja5v8qvygvru	stake1uykws5pmwjxktdhlkz0pac3cu2guw6fjys2zaanmdew6xrs5lgv4n	487248.34
stake1uy86sf5xrzcpg2ncddkzz6z2ca2m59qsnu4qxar08g9rvkgwkpjjv	54800.62	a17569107cd76875767b89faecab2b137a6af41ffe5d1cfe386474378b66f42d	78847683	addr1qy86sf5xrzcpg2ncddkzz6z2ca2m59qsnu4qxar08g9rvkg04qngvx9szs48s6mvy95y4364hg2pp8e2qd6x7ws2xevsjx8w05	stake1uy86sf5xrzcpg2ncddkzz6z2ca2m59qsnu4qxar08g9rvkgwkpjjv	67091983.39
stake1uykws5pmwjxktdhlkz0pac3cu2guw6fjys2zaanmdew6xrs5lgv4n	54788.47	57589f60b1ce98b9d13ec042a00c915ef1c6c9b628f285bef9e6b74903693b55	78847627	addr1qykws5pmwjxktdhlkz0pac3cu2guw6fjys2zaanmdew6xr3vapgrkaydvkm0lvy7rm3r3c53ca5nyfq59mm8kmja5v8qvygvru	stake1uykws5pmwjxktdhlkz0pac3cu2guw6fjys2zaanmdew6xrs5lgv4n	1038941.55
stake1uy86sf5xrzcpg2ncddkzz6z2ca2m59qsnu4qxar08g9rvkgwkpjjv	54670.18	187748755faefa4205a52c1e90ce2b7b27f0d167f16911b7afa8c61468b4b82d	70179323	addr1qy86sf5xrzcpg2ncddkzz6z2ca2m59qsnu4qxar08g9rvkg04qngvx9szs48s6mvy95y4364hg2pp8e2qd6x7ws2xevsjx8w05	stake1uy86sf5xrzcpg2ncddkzz6z2ca2m59qsnu4qxar08g9rvkgwkpjjv	66859796.44
stake1u80y77jjfcdymt38amg3na9w4p4d89ffw66xqsspdwsa2sqt8epdn	54111.67	ca9fa175811a3379f667103c8409f5853544b8b8916358729488e274a278ef88	66107468	addr1q80y77jjfcdymt38amg3na9w4p4d89ffw66xqsspdwsa2sx7faa9yns6fkhz0mk3r862a2r26w2jja45vppqz6ap64qqfjdtz8	stake1u80y77jjfcdymt38amg3na9w4p4d89ffw66xqsspdwsa2sqt8epdn	777235.98
stake1u8kgcfdpefrnf5570v47manyyg85jshlrg4p2hrsx3wdspccdda8v	54103.36	a0cba2eafd4c9fdfbac2f1e20ab69fcad0fd9e30396e55ec903c90743f3a43d7	66107946	addr1q8kgcfdpefrnf5570v47manyyg85jshlrg4p2hrsx3wdsplv3sj6rjj8xnffu7etahmxggs0f9p07x32z4w8qdzumqrsquz66j	stake1u8kgcfdpefrnf5570v47manyyg85jshlrg4p2hrsx3wdspccdda8v	66731645.11
stake1uy86sf5xrzcpg2ncddkzz6z2ca2m59qsnu4qxar08g9rvkgwkpjjv	53767.09	f6e55b6d698befc7b3e0f3ec8adaf99b3794622d3daa9c8c1b350aed05aa5eca	71714185	addr1qy86sf5xrzcpg2ncddkzz6z2ca2m59qsnu4qxar08g9rvkg04qngvx9szs48s6mvy95y4364hg2pp8e2qd6x7ws2xevsjx8w05	stake1uy86sf5xrzcpg2ncddkzz6z2ca2m59qsnu4qxar08g9rvkgwkpjjv	66913563.35
stake1uy86sf5xrzcpg2ncddkzz6z2ca2m59qsnu4qxar08g9rvkgwkpjjv	53118.78	0eb75b2f5e11cf4f2077fc0a9c1e3b967de07c59a4ae8f5cda253278b82db837	101847718	addr1qy86sf5xrzcpg2ncddkzz6z2ca2m59qsnu4qxar08g9rvkg04qngvx9szs48s6mvy95y4364hg2pp8e2qd6x7ws2xevsjx8w05	stake1uy86sf5xrzcpg2ncddkzz6z2ca2m59qsnu4qxar08g9rvkgwkpjjv	67767241.37
stake1u8kgcfdpefrnf5570v47manyyg85jshlrg4p2hrsx3wdspccdda8v	53091.34	d36a8a791edb424ff3e605f081d85cc16e71cc78b79f6390667497cb14c5c3d8	114125665	addr1q8kgcfdpefrnf5570v47manyyg85jshlrg4p2hrsx3wdsplv3sj6rjj8xnffu7etahmxggs0f9p07x32z4w8qdzumqrsquz66j	stake1u8kgcfdpefrnf5570v47manyyg85jshlrg4p2hrsx3wdspccdda8v	68159607.07
stake1uykws5pmwjxktdhlkz0pac3cu2guw6fjys2zaanmdew6xrs5lgv4n	52811.67	e8855a3b18e11465a702b22a32b99733006744a1cee438cdc713b178be792330	117674096	addr1qykws5pmwjxktdhlkz0pac3cu2guw6fjys2zaanmdew6xr3vapgrkaydvkm0lvy7rm3r3c53ca5nyfq59mm8kmja5v8qvygvru	stake1uykws5pmwjxktdhlkz0pac3cu2guw6fjys2zaanmdew6xrs5lgv4n	2206876.45
stake1u8kgcfdpefrnf5570v47manyyg85jshlrg4p2hrsx3wdspccdda8v	52677.87	102def7da2f9cd560291f44d05a22e1d722ba3aff43bdac74aea27544bf98b99	122090130	addr1q8kgcfdpefrnf5570v47manyyg85jshlrg4p2hrsx3wdsplv3sj6rjj8xnffu7etahmxggs0f9p07x32z4w8qdzumqrsquz66j	stake1u8kgcfdpefrnf5570v47manyyg85jshlrg4p2hrsx3wdspccdda8v	1106841.53
stake1u8kgcfdpefrnf5570v47manyyg85jshlrg4p2hrsx3wdspccdda8v	52519.22	2fada35571b56a26a829a2470b401254cc61711e5fcb09c3ed4c0886f82fd83d	273477999	addr1q8kgcfdpefrnf5570v47manyyg85jshlrg4p2hrsx3wdsplv3sj6rjj8xnffu7etahmxggs0f9p07x32z4w8qdzumqrsquz66j	stake1u8kgcfdpefrnf5570v47manyyg85jshlrg4p2hrsx3wdspccdda8v	116317.03
stake1uy86sf5xrzcpg2ncddkzz6z2ca2m59qsnu4qxar08g9rvkgwkpjjv	52483.01	2e2aff00b93655a94e522f3f48a57091cef34673cb2e1e83da35d7287e08484e	57738680	addr1qy86sf5xrzcpg2ncddkzz6z2ca2m59qsnu4qxar08g9rvkg04qngvx9szs48s6mvy95y4364hg2pp8e2qd6x7ws2xevsjx8w05	stake1uy86sf5xrzcpg2ncddkzz6z2ca2m59qsnu4qxar08g9rvkgwkpjjv	66528505.58
stake1u80y77jjfcdymt38amg3na9w4p4d89ffw66xqsspdwsa2sqt8epdn	52480.52	be8ebbfa82bd46607cd6ddc9173c6725a69f5f4c0b1edea8d44350b272deb027	57737755	addr1q80y77jjfcdymt38amg3na9w4p4d89ffw66xqsspdwsa2sx7faa9yns6fkhz0mk3r862a2r26w2jja45vppqz6ap64qqfjdtz8	stake1u80y77jjfcdymt38amg3na9w4p4d89ffw66xqsspdwsa2sqt8epdn	523203.40
stake1uykws5pmwjxktdhlkz0pac3cu2guw6fjys2zaanmdew6xrs5lgv4n	52455.93	af943835a064a9d8d188f1fea9938302a0fc06b3a4edecbd62e1adf07f76f854	78144811	addr1qykws5pmwjxktdhlkz0pac3cu2guw6fjys2zaanmdew6xr3vapgrkaydvkm0lvy7rm3r3c53ca5nyfq59mm8kmja5v8qvygvru	stake1uykws5pmwjxktdhlkz0pac3cu2guw6fjys2zaanmdew6xrs5lgv4n	984153.26
stake1u8kgcfdpefrnf5570v47manyyg85jshlrg4p2hrsx3wdspccdda8v	52307.84	7ab9f472fc2f82c18549d9b94889b3fec3de868dcf8052c60331c2914b7fa3cf	113147862	addr1q8kgcfdpefrnf5570v47manyyg85jshlrg4p2hrsx3wdsplv3sj6rjj8xnffu7etahmxggs0f9p07x32z4w8qdzumqrsquz66j	stake1u8kgcfdpefrnf5570v47manyyg85jshlrg4p2hrsx3wdspccdda8v	68106516.08
stake1uykws5pmwjxktdhlkz0pac3cu2guw6fjys2zaanmdew6xrs5lgv4n	52294.42	8ba685bf9b9a47f89c4e916afe05fb4ad7c441bbd2bf44963b39e68b62deabb8	90481876	addr1qykws5pmwjxktdhlkz0pac3cu2guw6fjys2zaanmdew6xr3vapgrkaydvkm0lvy7rm3r3c53ca5nyfq59mm8kmja5v8qvygvru	stake1uykws5pmwjxktdhlkz0pac3cu2guw6fjys2zaanmdew6xrs5lgv4n	1364336.92
stake1u8kgcfdpefrnf5570v47manyyg85jshlrg4p2hrsx3wdspccdda8v	52110.70	2bdf4bfe57b459397fa7d2f684596ed9c20a0559527f80d10eacd9c21d5d8ada	103956741	addr1q8kgcfdpefrnf5570v47manyyg85jshlrg4p2hrsx3wdsplv3sj6rjj8xnffu7etahmxggs0f9p07x32z4w8qdzumqrsquz66j	stake1u8kgcfdpefrnf5570v47manyyg85jshlrg4p2hrsx3wdspccdda8v	67781922.14
stake1uykws5pmwjxktdhlkz0pac3cu2guw6fjys2zaanmdew6xrs5lgv4n	52035.75	3bb2ab3c5d1638b7fc45fc55797ce33fdf2b00cbabddabc344b068e17b433e73	116207977	addr1qykws5pmwjxktdhlkz0pac3cu2guw6fjys2zaanmdew6xr3vapgrkaydvkm0lvy7rm3r3c53ca5nyfq59mm8kmja5v8qvygvru	stake1uykws5pmwjxktdhlkz0pac3cu2guw6fjys2zaanmdew6xrs5lgv4n	2154064.95
stake1uy86sf5xrzcpg2ncddkzz6z2ca2m59qsnu4qxar08g9rvkgwkpjjv	51882.56	d96bbcdd9c33903c6097d6a16688d8d724366a2a7982163a0eaefe8ee7fb7599	51872179	addr1qy86sf5xrzcpg2ncddkzz6z2ca2m59qsnu4qxar08g9rvkg04qngvx9szs48s6mvy95y4364hg2pp8e2qd6x7ws2xevsjx8w05	stake1uy86sf5xrzcpg2ncddkzz6z2ca2m59qsnu4qxar08g9rvkgwkpjjv	66269300.93
stake1u80y77jjfcdymt38amg3na9w4p4d89ffw66xqsspdwsa2sqt8epdn	51500.83	8cbb64d110b553c5416ca68b1060ab530cc4da346cf3801efd176994ef891291	90482622	addr1q80y77jjfcdymt38amg3na9w4p4d89ffw66xqsspdwsa2sx7faa9yns6fkhz0mk3r862a2r26w2jja45vppqz6ap64qqfjdtz8	stake1u80y77jjfcdymt38amg3na9w4p4d89ffw66xqsspdwsa2sqt8epdn	1438347.06
stake1uy86sf5xrzcpg2ncddkzz6z2ca2m59qsnu4qxar08g9rvkgwkpjjv	51498.93	45472163c79cdc830dfedba4ad3d704661a3a3b06372282f54fd754a43bade3a	90482238	addr1qy86sf5xrzcpg2ncddkzz6z2ca2m59qsnu4qxar08g9rvkg04qngvx9szs48s6mvy95y4364hg2pp8e2qd6x7ws2xevsjx8w05	stake1uy86sf5xrzcpg2ncddkzz6z2ca2m59qsnu4qxar08g9rvkgwkpjjv	67432834.84
stake1uykws5pmwjxktdhlkz0pac3cu2guw6fjys2zaanmdew6xrs5lgv4n	51476.08	2272f7b5ddf7e184c636aee67024b8c5c908065c4130ecf498063ed33e7a0dcd	113147323	addr1qykws5pmwjxktdhlkz0pac3cu2guw6fjys2zaanmdew6xr3vapgrkaydvkm0lvy7rm3r3c53ca5nyfq59mm8kmja5v8qvygvru	stake1uykws5pmwjxktdhlkz0pac3cu2guw6fjys2zaanmdew6xrs5lgv4n	2020376.06
stake1uykws5pmwjxktdhlkz0pac3cu2guw6fjys2zaanmdew6xrs5lgv4n	51172.34	3f8cd2bb8aabbee2341611409e4493a44affe6c723f520ee1ca8e2cdb00aec22	62466480	addr1qykws5pmwjxktdhlkz0pac3cu2guw6fjys2zaanmdew6xr3vapgrkaydvkm0lvy7rm3r3c53ca5nyfq59mm8kmja5v8qvygvru	stake1uykws5pmwjxktdhlkz0pac3cu2guw6fjys2zaanmdew6xrs5lgv4n	642883.39
stake1u8kgcfdpefrnf5570v47manyyg85jshlrg4p2hrsx3wdspccdda8v	51136.66	548bda6e79d5935b2feecf36d13fbf7ef981d8f028848390dc15c116e7874a19	120987743	addr1q8kgcfdpefrnf5570v47manyyg85jshlrg4p2hrsx3wdsplv3sj6rjj8xnffu7etahmxggs0f9p07x32z4w8qdzumqrsquz66j	stake1u8kgcfdpefrnf5570v47manyyg85jshlrg4p2hrsx3wdspccdda8v	1054163.83
stake1uy86sf5xrzcpg2ncddkzz6z2ca2m59qsnu4qxar08g9rvkgwkpjjv	51084.29	6b2d772580902b45fd32498973cb71a977115a8ed6f2b02031fd053a5f59236a	104941214	addr1qy86sf5xrzcpg2ncddkzz6z2ca2m59qsnu4qxar08g9rvkg04qngvx9szs48s6mvy95y4364hg2pp8e2qd6x7ws2xevsjx8w05	stake1uy86sf5xrzcpg2ncddkzz6z2ca2m59qsnu4qxar08g9rvkgwkpjjv	67862876.45
stake1uykws5pmwjxktdhlkz0pac3cu2guw6fjys2zaanmdew6xrs5lgv4n	50967.63	8b0d5cbd024646fd58605faddade325bb25b954abede23ec6cc61a098bd2b151	111166991	addr1qykws5pmwjxktdhlkz0pac3cu2guw6fjys2zaanmdew6xr3vapgrkaydvkm0lvy7rm3r3c53ca5nyfq59mm8kmja5v8qvygvru	stake1uykws5pmwjxktdhlkz0pac3cu2guw6fjys2zaanmdew6xrs5lgv4n	1923618.66
stake1u80y77jjfcdymt38amg3na9w4p4d89ffw66xqsspdwsa2sqt8epdn	50832.72	7bd85ad8f7d8d07e7c587ccb31190a0d19e61388e341223b7ed2db2b3edfc40d	95785696	addr1q80y77jjfcdymt38amg3na9w4p4d89ffw66xqsspdwsa2sx7faa9yns6fkhz0mk3r862a2r26w2jja45vppqz6ap64qqfjdtz8	stake1u80y77jjfcdymt38amg3na9w4p4d89ffw66xqsspdwsa2sqt8epdn	1567310.41
stake1u8kgcfdpefrnf5570v47manyyg85jshlrg4p2hrsx3wdspccdda8v	50704.46	ba6eeec4b81b38ebdba3743f77f43ad635b45b470556fc2d3fa619358688760a	100849067	addr1q8kgcfdpefrnf5570v47manyyg85jshlrg4p2hrsx3wdsplv3sj6rjj8xnffu7etahmxggs0f9p07x32z4w8qdzumqrsquz66j	stake1u8kgcfdpefrnf5570v47manyyg85jshlrg4p2hrsx3wdspccdda8v	67680912.96
stake1u80y77jjfcdymt38amg3na9w4p4d89ffw66xqsspdwsa2sqt8epdn	50340.88	109e95dfd034ca8c76428329b9038f132dd3386ae2b2f147bcdd3eba584926d9	120987128	addr1q80y77jjfcdymt38amg3na9w4p4d89ffw66xqsspdwsa2sx7faa9yns6fkhz0mk3r862a2r26w2jja45vppqz6ap64qqfjdtz8	stake1u80y77jjfcdymt38amg3na9w4p4d89ffw66xqsspdwsa2sqt8epdn	1031369.28
stake1uy86sf5xrzcpg2ncddkzz6z2ca2m59qsnu4qxar08g9rvkgwkpjjv	50258.51	4cdf9b841ccf7512d1eecb6c960620cab7a114c5fa9bcf6539181ef95c47f924	82439884	addr1qy86sf5xrzcpg2ncddkzz6z2ca2m59qsnu4qxar08g9rvkg04qngvx9szs48s6mvy95y4364hg2pp8e2qd6x7ws2xevsjx8w05	stake1uy86sf5xrzcpg2ncddkzz6z2ca2m59qsnu4qxar08g9rvkgwkpjjv	67191862.39
stake1u8kgcfdpefrnf5570v47manyyg85jshlrg4p2hrsx3wdspccdda8v	50252.29	0ee0cfb0e75a8c07ef5eaa59b4f506b9181f07d61b36d8f4fd226e896be11b8f	73851976	addr1q8kgcfdpefrnf5570v47manyyg85jshlrg4p2hrsx3wdsplv3sj6rjj8xnffu7etahmxggs0f9p07x32z4w8qdzumqrsquz66j	stake1u8kgcfdpefrnf5570v47manyyg85jshlrg4p2hrsx3wdspccdda8v	66913981.27
stake1uykws5pmwjxktdhlkz0pac3cu2guw6fjys2zaanmdew6xrs5lgv4n	50249.75	79bb6e0d1571cacd11af41093979e3c6009a90b95faa9e333d565ddfb76d7e65	82439469	addr1qykws5pmwjxktdhlkz0pac3cu2guw6fjys2zaanmdew6xr3vapgrkaydvkm0lvy7rm3r3c53ca5nyfq59mm8kmja5v8qvygvru	stake1uykws5pmwjxktdhlkz0pac3cu2guw6fjys2zaanmdew6xrs5lgv4n	1138800.53
stake1u8kgcfdpefrnf5570v47manyyg85jshlrg4p2hrsx3wdspccdda8v	50243.52	dc9df7021898f752285c1a794c31c7b372b142bbb8c962b867da85779a505bf2	64696156	addr1q8kgcfdpefrnf5570v47manyyg85jshlrg4p2hrsx3wdsplv3sj6rjj8xnffu7etahmxggs0f9p07x32z4w8qdzumqrsquz66j	stake1u8kgcfdpefrnf5570v47manyyg85jshlrg4p2hrsx3wdspccdda8v	66677541.93
stake1uy86sf5xrzcpg2ncddkzz6z2ca2m59qsnu4qxar08g9rvkgwkpjjv	50243.20	405786863f281307db9f74348c7e2b6da157d41914f070699ced1afa8761eef0	112609544	addr1qy86sf5xrzcpg2ncddkzz6z2ca2m59qsnu4qxar08g9rvkg04qngvx9szs48s6mvy95y4364hg2pp8e2qd6x7ws2xevsjx8w05	stake1uy86sf5xrzcpg2ncddkzz6z2ca2m59qsnu4qxar08g9rvkgwkpjjv	68104058.02
stake1uy86sf5xrzcpg2ncddkzz6z2ca2m59qsnu4qxar08g9rvkgwkpjjv	50109.05	6478bafe86a7067291e08b3796364281ad9bc48ce0e503b6531400eb9dd572c4	89548381	addr1qy86sf5xrzcpg2ncddkzz6z2ca2m59qsnu4qxar08g9rvkg04qngvx9szs48s6mvy95y4364hg2pp8e2qd6x7ws2xevsjx8w05	stake1uy86sf5xrzcpg2ncddkzz6z2ca2m59qsnu4qxar08g9rvkgwkpjjv	67381336.08
stake1u8kgcfdpefrnf5570v47manyyg85jshlrg4p2hrsx3wdspccdda8v	50104.24	6fc509e38651067d0eded97823350e49e011ccbe3f740ee7a45935e024ab578e	75690071	addr1q8kgcfdpefrnf5570v47manyyg85jshlrg4p2hrsx3wdsplv3sj6rjj8xnffu7etahmxggs0f9p07x32z4w8qdzumqrsquz66j	stake1u8kgcfdpefrnf5570v47manyyg85jshlrg4p2hrsx3wdspccdda8v	66964085.34
stake1u8kgcfdpefrnf5570v47manyyg85jshlrg4p2hrsx3wdspccdda8v	50103.89	d5c927eddfd76b9d1c62e111bea0633c5cd94c2e0278bd13fac8bf47ede57563	89548928	addr1q8kgcfdpefrnf5570v47manyyg85jshlrg4p2hrsx3wdsplv3sj6rjj8xnffu7etahmxggs0f9p07x32z4w8qdzumqrsquz66j	stake1u8kgcfdpefrnf5570v47manyyg85jshlrg4p2hrsx3wdspccdda8v	67350568.54
stake1uy86sf5xrzcpg2ncddkzz6z2ca2m59qsnu4qxar08g9rvkgwkpjjv	49864.07	11888149d414854a8829a6338cf407f92771aa076519e4571abdb4a410e4bff6	100848658	addr1qy86sf5xrzcpg2ncddkzz6z2ca2m59qsnu4qxar08g9rvkg04qngvx9szs48s6mvy95y4364hg2pp8e2qd6x7ws2xevsjx8w05	stake1uy86sf5xrzcpg2ncddkzz6z2ca2m59qsnu4qxar08g9rvkgwkpjjv	67714122.76
stake1u80y77jjfcdymt38amg3na9w4p4d89ffw66xqsspdwsa2sqt8epdn	49846.75	ac89ed22a973979b15a96c61e6a68f504a426de9901838a6cee2fd720cfff8e4	107694316	addr1q80y77jjfcdymt38amg3na9w4p4d89ffw66xqsspdwsa2sx7faa9yns6fkhz0mk3r862a2r26w2jja45vppqz6ap64qqfjdtz8	stake1u80y77jjfcdymt38amg3na9w4p4d89ffw66xqsspdwsa2sqt8epdn	1975759.81
stake1u80y77jjfcdymt38amg3na9w4p4d89ffw66xqsspdwsa2sqt8epdn	49745.19	57845788ec5b596a54e3af3704cc05322c0d2da06664751c91bca40db18d6a89	68134091	addr1q80y77jjfcdymt38amg3na9w4p4d89ffw66xqsspdwsa2sx7faa9yns6fkhz0mk3r862a2r26w2jja45vppqz6ap64qqfjdtz8	stake1u80y77jjfcdymt38amg3na9w4p4d89ffw66xqsspdwsa2sqt8epdn	826981.00
stake1uy86sf5xrzcpg2ncddkzz6z2ca2m59qsnu4qxar08g9rvkgwkpjjv	49670.36	e1bd817b6e7f211fabc2cb7bccce83c1cbf78100ee721a94c928451502c45d2e	119382711	addr1qy86sf5xrzcpg2ncddkzz6z2ca2m59qsnu4qxar08g9rvkg04qngvx9szs48s6mvy95y4364hg2pp8e2qd6x7ws2xevsjx8w05	stake1uy86sf5xrzcpg2ncddkzz6z2ca2m59qsnu4qxar08g9rvkgwkpjjv	971044.80
stake1uy86sf5xrzcpg2ncddkzz6z2ca2m59qsnu4qxar08g9rvkgwkpjjv	49620.84	c6efbfa8c0426761228058a43bfae791b8653e887b5a7b1d60cf4f1336ea2854	80747434	addr1qy86sf5xrzcpg2ncddkzz6z2ca2m59qsnu4qxar08g9rvkg04qngvx9szs48s6mvy95y4364hg2pp8e2qd6x7ws2xevsjx8w05	stake1uy86sf5xrzcpg2ncddkzz6z2ca2m59qsnu4qxar08g9rvkgwkpjjv	67141604.06
stake1u8kgcfdpefrnf5570v47manyyg85jshlrg4p2hrsx3wdspccdda8v	49616.80	7fc6d00787027e26fbe2e42025b57709198c4127548872e8d3d9e93a4e8aa235	70178065	addr1q8kgcfdpefrnf5570v47manyyg85jshlrg4p2hrsx3wdsplv3sj6rjj8xnffu7etahmxggs0f9p07x32z4w8qdzumqrsquz66j	stake1u8kgcfdpefrnf5570v47manyyg85jshlrg4p2hrsx3wdspccdda8v	66822568.45
stake1uykws5pmwjxktdhlkz0pac3cu2guw6fjys2zaanmdew6xrs5lgv4n	49609.57	3371ab704e54e4d400d146ef00164bf352cd005c9949943edfe6d5f3d086ede6	80747470	addr1qykws5pmwjxktdhlkz0pac3cu2guw6fjys2zaanmdew6xr3vapgrkaydvkm0lvy7rm3r3c53ca5nyfq59mm8kmja5v8qvygvru	stake1uykws5pmwjxktdhlkz0pac3cu2guw6fjys2zaanmdew6xrs5lgv4n	1088550.95
stake1uykws5pmwjxktdhlkz0pac3cu2guw6fjys2zaanmdew6xrs5lgv4n	49561.11	0cce011c4468e856a83075bf4167915f33128715acec5f0dc49964e20bd3ccaf	71711659	addr1qykws5pmwjxktdhlkz0pac3cu2guw6fjys2zaanmdew6xr3vapgrkaydvkm0lvy7rm3r3c53ca5nyfq59mm8kmja5v8qvygvru	stake1uykws5pmwjxktdhlkz0pac3cu2guw6fjys2zaanmdew6xrs5lgv4n	844731.82
stake1uy86sf5xrzcpg2ncddkzz6z2ca2m59qsnu4qxar08g9rvkgwkpjjv	49502.08	60b0f5684e74879c9ca1608b46f038ccb7d2f2f9455f2ce25b021ad95aedcd59	87072577	addr1qy86sf5xrzcpg2ncddkzz6z2ca2m59qsnu4qxar08g9rvkg04qngvx9szs48s6mvy95y4364hg2pp8e2qd6x7ws2xevsjx8w05	stake1uy86sf5xrzcpg2ncddkzz6z2ca2m59qsnu4qxar08g9rvkgwkpjjv	67331227.21
stake1uy86sf5xrzcpg2ncddkzz6z2ca2m59qsnu4qxar08g9rvkgwkpjjv	49398.00	248dc94da19c0864b1f7163149471bd120125d1fe35f70b26042c7756b3f44f7	64696015	addr1qy86sf5xrzcpg2ncddkzz6z2ca2m59qsnu4qxar08g9rvkg04qngvx9szs48s6mvy95y4364hg2pp8e2qd6x7ws2xevsjx8w05	stake1uy86sf5xrzcpg2ncddkzz6z2ca2m59qsnu4qxar08g9rvkgwkpjjv	66719001.96
stake1uykws5pmwjxktdhlkz0pac3cu2guw6fjys2zaanmdew6xrs5lgv4n	49392.83	268d99161633f247928e794911cd56e31fa928c184219408d6562dc25b8e1e9d	64695643	addr1qykws5pmwjxktdhlkz0pac3cu2guw6fjys2zaanmdew6xr3vapgrkaydvkm0lvy7rm3r3c53ca5nyfq59mm8kmja5v8qvygvru	stake1uykws5pmwjxktdhlkz0pac3cu2guw6fjys2zaanmdew6xrs5lgv4n	692276.05
stake1uy86sf5xrzcpg2ncddkzz6z2ca2m59qsnu4qxar08g9rvkgwkpjjv	49167.40	6fa70bb7d0ee3d5eb8a6b445e4cc89dc959fa1209ac57d2060acbbb71ebef975	93225000	addr1qy86sf5xrzcpg2ncddkzz6z2ca2m59qsnu4qxar08g9rvkg04qngvx9szs48s6mvy95y4364hg2pp8e2qd6x7ws2xevsjx8w05	stake1uy86sf5xrzcpg2ncddkzz6z2ca2m59qsnu4qxar08g9rvkgwkpjjv	67514330.54
stake1u80y77jjfcdymt38amg3na9w4p4d89ffw66xqsspdwsa2sqt8epdn	49008.48	87e7b271c801acff338e0650a80640d32d26d56846974e41c29de04680b87320	86017453	addr1q80y77jjfcdymt38amg3na9w4p4d89ffw66xqsspdwsa2sx7faa9yns6fkhz0mk3r862a2r26w2jja45vppqz6ap64qqfjdtz8	stake1u80y77jjfcdymt38amg3na9w4p4d89ffw66xqsspdwsa2sqt8epdn	1292906.89
stake1uykws5pmwjxktdhlkz0pac3cu2guw6fjys2zaanmdew6xrs5lgv4n	48997.36	9d4bfd95898cc32b115ce20ef9a6288f639c7797b9ea6fb1cae9f852f0b154d6	86017212	addr1qykws5pmwjxktdhlkz0pac3cu2guw6fjys2zaanmdew6xr3vapgrkaydvkm0lvy7rm3r3c53ca5nyfq59mm8kmja5v8qvygvru	stake1uykws5pmwjxktdhlkz0pac3cu2guw6fjys2zaanmdew6xrs5lgv4n	1227829.42
stake1u8kgcfdpefrnf5570v47manyyg85jshlrg4p2hrsx3wdspccdda8v	48898.82	427868d60d97c08659fe76d1f33740f358b9a9398e64187af5b1c3fcdff0d73a	101848118	addr1q8kgcfdpefrnf5570v47manyyg85jshlrg4p2hrsx3wdsplv3sj6rjj8xnffu7etahmxggs0f9p07x32z4w8qdzumqrsquz66j	stake1u8kgcfdpefrnf5570v47manyyg85jshlrg4p2hrsx3wdspccdda8v	67729811.61
stake1u80y77jjfcdymt38amg3na9w4p4d89ffw66xqsspdwsa2sqt8epdn	48801.57	37e51bf6bcfc9c7607abfa1d26649895c5299e83a4091e4d146e426c42732153	116208354	addr1q80y77jjfcdymt38amg3na9w4p4d89ffw66xqsspdwsa2sx7faa9yns6fkhz0mk3r862a2r26w2jja45vppqz6ap64qqfjdtz8	stake1u80y77jjfcdymt38amg3na9w4p4d89ffw66xqsspdwsa2sqt8epdn	2264766.34
stake1u8kgcfdpefrnf5570v47manyyg85jshlrg4p2hrsx3wdspccdda8v	48514.85	3272887abb8ebf6c39cb9ff94ab30de1f9d8cd93e34228ff6e25ebe53196b9af	111168017	addr1q8kgcfdpefrnf5570v47manyyg85jshlrg4p2hrsx3wdsplv3sj6rjj8xnffu7etahmxggs0f9p07x32z4w8qdzumqrsquz66j	stake1u8kgcfdpefrnf5570v47manyyg85jshlrg4p2hrsx3wdspccdda8v	68008913.47
stake1u80y77jjfcdymt38amg3na9w4p4d89ffw66xqsspdwsa2sqt8epdn	48493.90	e89819debc197509155003a0bc5602d13de16c1156c541cf5938a5d420554f60	89549369	addr1q80y77jjfcdymt38amg3na9w4p4d89ffw66xqsspdwsa2sx7faa9yns6fkhz0mk3r862a2r26w2jja45vppqz6ap64qqfjdtz8	stake1u80y77jjfcdymt38amg3na9w4p4d89ffw66xqsspdwsa2sqt8epdn	1386846.41
stake1u8kgcfdpefrnf5570v47manyyg85jshlrg4p2hrsx3wdspccdda8v	48488.12	f3bed981095270d619e1a1de3d72b7aaf8779a00774419fbe72d1b63f2f9f34f	91569828	addr1q8kgcfdpefrnf5570v47manyyg85jshlrg4p2hrsx3wdsplv3sj6rjj8xnffu7etahmxggs0f9p07x32z4w8qdzumqrsquz66j	stake1u8kgcfdpefrnf5570v47manyyg85jshlrg4p2hrsx3wdspccdda8v	67433652.94
stake1uykws5pmwjxktdhlkz0pac3cu2guw6fjys2zaanmdew6xrs5lgv4n	48379.42	cee2dccd3eb108da6cd4b78a0c928c5628f6d8986d6ac4e9c15a2b6fb6228dc4	56401345	addr1qykws5pmwjxktdhlkz0pac3cu2guw6fjys2zaanmdew6xr3vapgrkaydvkm0lvy7rm3r3c53ca5nyfq59mm8kmja5v8qvygvru	stake1uykws5pmwjxktdhlkz0pac3cu2guw6fjys2zaanmdew6xrs5lgv4n	432189.82
stake1uykws5pmwjxktdhlkz0pac3cu2guw6fjys2zaanmdew6xrs5lgv4n	48361.09	18deb34b37de92439f80d5dea898d222f6e57537973669d7b8f20c750b2d8553	188568970	addr1qykws5pmwjxktdhlkz0pac3cu2guw6fjys2zaanmdew6xr3vapgrkaydvkm0lvy7rm3r3c53ca5nyfq59mm8kmja5v8qvygvru	stake1uykws5pmwjxktdhlkz0pac3cu2guw6fjys2zaanmdew6xrs5lgv4n	292168.50
stake1u8kgcfdpefrnf5570v47manyyg85jshlrg4p2hrsx3wdspccdda8v	48186.78	462a0a96e1debf28b6159f1e093a51e276a6a9b66e75df0574e349882e5ae4c2	115744994	addr1q8kgcfdpefrnf5570v47manyyg85jshlrg4p2hrsx3wdsplv3sj6rjj8xnffu7etahmxggs0f9p07x32z4w8qdzumqrsquz66j	stake1u8kgcfdpefrnf5570v47manyyg85jshlrg4p2hrsx3wdspccdda8v	68207793.67
stake1u80y77jjfcdymt38amg3na9w4p4d89ffw66xqsspdwsa2sqt8epdn	48063.14	073a8b2867a354fa8c13cf7466d92168475fe752a281483e2b92b59b7d314b75	119382538	addr1q80y77jjfcdymt38amg3na9w4p4d89ffw66xqsspdwsa2sx7faa9yns6fkhz0mk3r862a2r26w2jja45vppqz6ap64qqfjdtz8	stake1u80y77jjfcdymt38amg3na9w4p4d89ffw66xqsspdwsa2sqt8epdn	981028.57
stake1u8kgcfdpefrnf5570v47manyyg85jshlrg4p2hrsx3wdspccdda8v	48060.91	6ad5e106dab09817ef9cde4e6b146b5a7a7b3be8c1faa1f010db968711d117ee	119382979	addr1q8kgcfdpefrnf5570v47manyyg85jshlrg4p2hrsx3wdsplv3sj6rjj8xnffu7etahmxggs0f9p07x32z4w8qdzumqrsquz66j	stake1u8kgcfdpefrnf5570v47manyyg85jshlrg4p2hrsx3wdspccdda8v	1003027.35
stake1u80y77jjfcdymt38amg3na9w4p4d89ffw66xqsspdwsa2sqt8epdn	47970.83	b4725f976a8c85fa470e5194ef5b4bfca7c321846f9867c1a4f1c5c7f11e8dd6	80747471	addr1q80y77jjfcdymt38amg3na9w4p4d89ffw66xqsspdwsa2sx7faa9yns6fkhz0mk3r862a2r26w2jja45vppqz6ap64qqfjdtz8	stake1u80y77jjfcdymt38amg3na9w4p4d89ffw66xqsspdwsa2sqt8epdn	1157734.85
stake1u8kgcfdpefrnf5570v47manyyg85jshlrg4p2hrsx3wdspccdda8v	47961.04	e226098237062eb20e97a995c6b574d08774132dd8d26a68274e4095c8e07162	80747491	addr1q8kgcfdpefrnf5570v47manyyg85jshlrg4p2hrsx3wdsplv3sj6rjj8xnffu7etahmxggs0f9p07x32z4w8qdzumqrsquz66j	stake1u8kgcfdpefrnf5570v47manyyg85jshlrg4p2hrsx3wdspccdda8v	67101849.31
stake1u8kgcfdpefrnf5570v47manyyg85jshlrg4p2hrsx3wdspccdda8v	47733.16	5454307150b078073f88c603ee736a6582afc75f37ef673c9e1b3112ba42bf5f	150290186	addr1q8kgcfdpefrnf5570v47manyyg85jshlrg4p2hrsx3wdsplv3sj6rjj8xnffu7etahmxggs0f9p07x32z4w8qdzumqrsquz66j	stake1u8kgcfdpefrnf5570v47manyyg85jshlrg4p2hrsx3wdspccdda8v	1254903.32
stake1uy86sf5xrzcpg2ncddkzz6z2ca2m59qsnu4qxar08g9rvkgwkpjjv	47691.12	59b8bf0fdf59f38dcc4093186d0c231f42b5cfd61e4f987539801024be294a6d	160007636	addr1qy86sf5xrzcpg2ncddkzz6z2ca2m59qsnu4qxar08g9rvkg04qngvx9szs48s6mvy95y4364hg2pp8e2qd6x7ws2xevsjx8w05	stake1uy86sf5xrzcpg2ncddkzz6z2ca2m59qsnu4qxar08g9rvkgwkpjjv	1684140.37
stake1u80y77jjfcdymt38amg3na9w4p4d89ffw66xqsspdwsa2sqt8epdn	47613.24	0bbd5a4ad53cee0a4d737e3adb4858b8c1785073bee9d4a5a6105ae7e68e02b6	143165509	addr1q80y77jjfcdymt38amg3na9w4p4d89ffw66xqsspdwsa2sx7faa9yns6fkhz0mk3r862a2r26w2jja45vppqz6ap64qqfjdtz8	stake1u80y77jjfcdymt38amg3na9w4p4d89ffw66xqsspdwsa2sqt8epdn	1989884.55
stake1u80y77jjfcdymt38amg3na9w4p4d89ffw66xqsspdwsa2sqt8epdn	47518.79	fa9d8504e4073a9812b7d4aaf1a01afca9a17723941dd6af422fec39f9824f56	56401497	addr1q80y77jjfcdymt38amg3na9w4p4d89ffw66xqsspdwsa2sx7faa9yns6fkhz0mk3r862a2r26w2jja45vppqz6ap64qqfjdtz8	stake1u80y77jjfcdymt38amg3na9w4p4d89ffw66xqsspdwsa2sqt8epdn	470723.05
stake1u80y77jjfcdymt38amg3na9w4p4d89ffw66xqsspdwsa2sqt8epdn	47486.02	f9bc5b58e2e676a171d9c31918d1388e93240a2772523fb11c5572a763b26adf	51871521	addr1q80y77jjfcdymt38amg3na9w4p4d89ffw66xqsspdwsa2sx7faa9yns6fkhz0mk3r862a2r26w2jja45vppqz6ap64qqfjdtz8	stake1u80y77jjfcdymt38amg3na9w4p4d89ffw66xqsspdwsa2sqt8epdn	264023.64
stake1u8kgcfdpefrnf5570v47manyyg85jshlrg4p2hrsx3wdspccdda8v	47483.58	446f3e5d2d9db13e1a441070b7b1cd15aeb1de31cf3d86853bd5f4597db31f8d	51873055	addr1q8kgcfdpefrnf5570v47manyyg85jshlrg4p2hrsx3wdsplv3sj6rjj8xnffu7etahmxggs0f9p07x32z4w8qdzumqrsquz66j	stake1u8kgcfdpefrnf5570v47manyyg85jshlrg4p2hrsx3wdspccdda8v	66262247.60
stake1u8kgcfdpefrnf5570v47manyyg85jshlrg4p2hrsx3wdspccdda8v	47463.09	bf3ae8b1eb6c8281b0837d667b52a9d45b2d275169f2ad72449c1e8e4f8d7cd6	78144604	addr1q8kgcfdpefrnf5570v47manyyg85jshlrg4p2hrsx3wdsplv3sj6rjj8xnffu7etahmxggs0f9p07x32z4w8qdzumqrsquz66j	stake1u8kgcfdpefrnf5570v47manyyg85jshlrg4p2hrsx3wdspccdda8v	67011548.26
stake1u80y77jjfcdymt38amg3na9w4p4d89ffw66xqsspdwsa2sqt8epdn	47329.86	5dc5421a8e8755f16662976d7c74b0a9f85a3f6f75eed6fd4baf5ac51b039af7	100848375	addr1q80y77jjfcdymt38amg3na9w4p4d89ffw66xqsspdwsa2sx7faa9yns6fkhz0mk3r862a2r26w2jja45vppqz6ap64qqfjdtz8	stake1u80y77jjfcdymt38amg3na9w4p4d89ffw66xqsspdwsa2sqt8epdn	1726423.89
stake1uy86sf5xrzcpg2ncddkzz6z2ca2m59qsnu4qxar08g9rvkgwkpjjv	46829.84	8083dd23adf2d4dc549481dadaadd7c4efb365cbfe67fabc44869d2b242d1e8b	143165306	addr1qy86sf5xrzcpg2ncddkzz6z2ca2m59qsnu4qxar08g9rvkg04qngvx9szs48s6mvy95y4364hg2pp8e2qd6x7ws2xevsjx8w05	stake1uy86sf5xrzcpg2ncddkzz6z2ca2m59qsnu4qxar08g9rvkgwkpjjv	1974207.67
stake1uy86sf5xrzcpg2ncddkzz6z2ca2m59qsnu4qxar08g9rvkgwkpjjv	46769.74	09559060d6b8147b981ec6b8e072c9cd9d0f69637873701f09100afc2d68ab0e	75688194	addr1qy86sf5xrzcpg2ncddkzz6z2ca2m59qsnu4qxar08g9rvkg04qngvx9szs48s6mvy95y4364hg2pp8e2qd6x7ws2xevsjx8w05	stake1uy86sf5xrzcpg2ncddkzz6z2ca2m59qsnu4qxar08g9rvkgwkpjjv	67000538.88
stake1uy86sf5xrzcpg2ncddkzz6z2ca2m59qsnu4qxar08g9rvkgwkpjjv	46593.72	0decfc730c5711c0e9f5145cc7df00164b2f39bf59301a304868d359637427c5	113147769	addr1qy86sf5xrzcpg2ncddkzz6z2ca2m59qsnu4qxar08g9rvkg04qngvx9szs48s6mvy95y4364hg2pp8e2qd6x7ws2xevsjx8w05	stake1uy86sf5xrzcpg2ncddkzz6z2ca2m59qsnu4qxar08g9rvkgwkpjjv	68150651.56
stake1uy86sf5xrzcpg2ncddkzz6z2ca2m59qsnu4qxar08g9rvkgwkpjjv	46297.57	62e5fafc2e3ba11205b25fabc2fb356e00a1834d9b92a7e0cc07a5bcfe95c7a7	122089906	addr1qy86sf5xrzcpg2ncddkzz6z2ca2m59qsnu4qxar08g9rvkg04qngvx9szs48s6mvy95y4364hg2pp8e2qd6x7ws2xevsjx8w05	stake1uy86sf5xrzcpg2ncddkzz6z2ca2m59qsnu4qxar08g9rvkgwkpjjv	1058896.65
stake1uykws5pmwjxktdhlkz0pac3cu2guw6fjys2zaanmdew6xrs5lgv4n	46218.65	01624dac82af414ce02a920e390c41c2613c3d47f9271609dfec7ab040e73b0c	103956131	addr1qykws5pmwjxktdhlkz0pac3cu2guw6fjys2zaanmdew6xr3vapgrkaydvkm0lvy7rm3r3c53ca5nyfq59mm8kmja5v8qvygvru	stake1uykws5pmwjxktdhlkz0pac3cu2guw6fjys2zaanmdew6xrs5lgv4n	1698420.97
stake1uy86sf5xrzcpg2ncddkzz6z2ca2m59qsnu4qxar08g9rvkgwkpjjv	46054.49	f666f28594419d663caf136b2cdf2fb289ce565b04f9c18b70ac3faf687859f0	111167700	addr1qy86sf5xrzcpg2ncddkzz6z2ca2m59qsnu4qxar08g9rvkg04qngvx9szs48s6mvy95y4364hg2pp8e2qd6x7ws2xevsjx8w05	stake1uy86sf5xrzcpg2ncddkzz6z2ca2m59qsnu4qxar08g9rvkgwkpjjv	68053814.99
stake1u80y77jjfcdymt38amg3na9w4p4d89ffw66xqsspdwsa2sqt8epdn	45991.08	82ea1d7c0443d61a0fe2c5ea69478ae6bd3947bc5dcb83e80456cd7acdd815fd	64695656	addr1q80y77jjfcdymt38amg3na9w4p4d89ffw66xqsspdwsa2sx7faa9yns6fkhz0mk3r862a2r26w2jja45vppqz6ap64qqfjdtz8	stake1u80y77jjfcdymt38amg3na9w4p4d89ffw66xqsspdwsa2sqt8epdn	723124.48
stake1u80y77jjfcdymt38amg3na9w4p4d89ffw66xqsspdwsa2sqt8epdn	45747.26	81d60126014f1ab73d063a00e7718f1da61371bdc86f1d8254d5058724cff9ae	114125235	addr1q80y77jjfcdymt38amg3na9w4p4d89ffw66xqsspdwsa2sx7faa9yns6fkhz0mk3r862a2r26w2jja45vppqz6ap64qqfjdtz8	stake1u80y77jjfcdymt38amg3na9w4p4d89ffw66xqsspdwsa2sqt8epdn	2182474.96
stake1uy86sf5xrzcpg2ncddkzz6z2ca2m59qsnu4qxar08g9rvkgwkpjjv	45746.77	636db3ce5b50dca2f1b0fcd45bd180e16d74536c389ae2deca129387ae64bd74	114125469	addr1qy86sf5xrzcpg2ncddkzz6z2ca2m59qsnu4qxar08g9rvkg04qngvx9szs48s6mvy95y4364hg2pp8e2qd6x7ws2xevsjx8w05	stake1uy86sf5xrzcpg2ncddkzz6z2ca2m59qsnu4qxar08g9rvkgwkpjjv	68196398.16
stake1uy86sf5xrzcpg2ncddkzz6z2ca2m59qsnu4qxar08g9rvkgwkpjjv	45743.85	267db76f417faa5eac88e48fc037cc6f55f10c8aa47b2c4f64a5c94e2ad54644	115744826	addr1qy86sf5xrzcpg2ncddkzz6z2ca2m59qsnu4qxar08g9rvkg04qngvx9szs48s6mvy95y4364hg2pp8e2qd6x7ws2xevsjx8w05	stake1uy86sf5xrzcpg2ncddkzz6z2ca2m59qsnu4qxar08g9rvkgwkpjjv	68242141.84
stake1uy86sf5xrzcpg2ncddkzz6z2ca2m59qsnu4qxar08g9rvkgwkpjjv	45738.81	869bba612c403839bf269c1052e28c4072ef8b82e8b5e7f34b559546d5603a8b	86017213	addr1qy86sf5xrzcpg2ncddkzz6z2ca2m59qsnu4qxar08g9rvkg04qngvx9szs48s6mvy95y4364hg2pp8e2qd6x7ws2xevsjx8w05	stake1uy86sf5xrzcpg2ncddkzz6z2ca2m59qsnu4qxar08g9rvkgwkpjjv	67281725.30
stake1uy86sf5xrzcpg2ncddkzz6z2ca2m59qsnu4qxar08g9rvkgwkpjjv	45655.17	8f9325958c0f672d3284303e415da9d49e968d0e6af04c0449651ed2e5c4e05e	66107862	addr1qy86sf5xrzcpg2ncddkzz6z2ca2m59qsnu4qxar08g9rvkg04qngvx9szs48s6mvy95y4364hg2pp8e2qd6x7ws2xevsjx8w05	stake1uy86sf5xrzcpg2ncddkzz6z2ca2m59qsnu4qxar08g9rvkgwkpjjv	66764656.96
stake1uykws5pmwjxktdhlkz0pac3cu2guw6fjys2zaanmdew6xrs5lgv4n	45531.65	786f588f130ed755f6d6b29f7ab3d928b3e6f12e6c890f265d4fe9e578243bf6	120986587	addr1qykws5pmwjxktdhlkz0pac3cu2guw6fjys2zaanmdew6xr3vapgrkaydvkm0lvy7rm3r3c53ca5nyfq59mm8kmja5v8qvygvru	stake1uykws5pmwjxktdhlkz0pac3cu2guw6fjys2zaanmdew6xrs5lgv4n	1133310.51
stake1u80y77jjfcdymt38amg3na9w4p4d89ffw66xqsspdwsa2sqt8epdn	45516.56	428ab08902eeaf2697e226b4f2435ffda08f29696aa72ec4dde94af63e9010c3	117674306	addr1q80y77jjfcdymt38amg3na9w4p4d89ffw66xqsspdwsa2sx7faa9yns6fkhz0mk3r862a2r26w2jja45vppqz6ap64qqfjdtz8	stake1u80y77jjfcdymt38amg3na9w4p4d89ffw66xqsspdwsa2sqt8epdn	2310282.72
stake1u80y77jjfcdymt38amg3na9w4p4d89ffw66xqsspdwsa2sqt8epdn	45481.24	e9da9c3eaed647a4c136074a1e628f74fe0e8df050843ff89ba1e6c39f4459ac	123062831	addr1q80y77jjfcdymt38amg3na9w4p4d89ffw66xqsspdwsa2sx7faa9yns6fkhz0mk3r862a2r26w2jja45vppqz6ap64qqfjdtz8	stake1u80y77jjfcdymt38amg3na9w4p4d89ffw66xqsspdwsa2sqt8epdn	1131926.31
stake1uykws5pmwjxktdhlkz0pac3cu2guw6fjys2zaanmdew6xrs5lgv4n	45480.13	8c058b65df8d19c498d164675fdcf22af1ef2504ac4ea9500a1a9db726653a27	123062495	addr1qykws5pmwjxktdhlkz0pac3cu2guw6fjys2zaanmdew6xr3vapgrkaydvkm0lvy7rm3r3c53ca5nyfq59mm8kmja5v8qvygvru	stake1uykws5pmwjxktdhlkz0pac3cu2guw6fjys2zaanmdew6xrs5lgv4n	1223473.61
stake1u80y77jjfcdymt38amg3na9w4p4d89ffw66xqsspdwsa2sqt8epdn	45445.97	5c2d988abd73c50129040d30023b7bc15be812a626ba98e5de3456eefeea67a8	87072266	addr1q80y77jjfcdymt38amg3na9w4p4d89ffw66xqsspdwsa2sx7faa9yns6fkhz0mk3r862a2r26w2jja45vppqz6ap64qqfjdtz8	stake1u80y77jjfcdymt38amg3na9w4p4d89ffw66xqsspdwsa2sqt8epdn	1338352.68
stake1uykws5pmwjxktdhlkz0pac3cu2guw6fjys2zaanmdew6xrs5lgv4n	45389.56	5075fe957f77efc047abf89c67ea59ab87bd0b3136f6ed5c42d13943a38f2b0a	118717322	addr1qykws5pmwjxktdhlkz0pac3cu2guw6fjys2zaanmdew6xr3vapgrkaydvkm0lvy7rm3r3c53ca5nyfq59mm8kmja5v8qvygvru	stake1uykws5pmwjxktdhlkz0pac3cu2guw6fjys2zaanmdew6xrs5lgv4n	2252265.83
stake1u8kgcfdpefrnf5570v47manyyg85jshlrg4p2hrsx3wdspccdda8v	45295.11	e45fddbb2bba63693a8753bdf411787194225b9a80b1020a541fe4fdfb20cc44	112609803	addr1q8kgcfdpefrnf5570v47manyyg85jshlrg4p2hrsx3wdsplv3sj6rjj8xnffu7etahmxggs0f9p07x32z4w8qdzumqrsquz66j	stake1u8kgcfdpefrnf5570v47manyyg85jshlrg4p2hrsx3wdspccdda8v	68054208.41
stake1uykws5pmwjxktdhlkz0pac3cu2guw6fjys2zaanmdew6xrs5lgv4n	45281.67	691d6bcb0582481e70cbf5623528cf3ddccdd48ea47ed6b04770d25c31d41aa3	112609099	addr1qykws5pmwjxktdhlkz0pac3cu2guw6fjys2zaanmdew6xr3vapgrkaydvkm0lvy7rm3r3c53ca5nyfq59mm8kmja5v8qvygvru	stake1uykws5pmwjxktdhlkz0pac3cu2guw6fjys2zaanmdew6xrs5lgv4n	1968900.15
stake1u8kgcfdpefrnf5570v47manyyg85jshlrg4p2hrsx3wdspccdda8v	45239.81	f7d9e81e78c5417f6752a60987710d39045edbf6ef9a864f4f5b12b16d6e216b	143165088	addr1q8kgcfdpefrnf5570v47manyyg85jshlrg4p2hrsx3wdsplv3sj6rjj8xnffu7etahmxggs0f9p07x32z4w8qdzumqrsquz66j	stake1u8kgcfdpefrnf5570v47manyyg85jshlrg4p2hrsx3wdspccdda8v	1995921.53
stake1uy86sf5xrzcpg2ncddkzz6z2ca2m59qsnu4qxar08g9rvkgwkpjjv	45184.80	34515f6402c8ad1e7e00a0ee3e4c0f1d0d275f28447d735358bf6a413b61eed9	109626538	addr1qy86sf5xrzcpg2ncddkzz6z2ca2m59qsnu4qxar08g9rvkg04qngvx9szs48s6mvy95y4364hg2pp8e2qd6x7ws2xevsjx8w05	stake1uy86sf5xrzcpg2ncddkzz6z2ca2m59qsnu4qxar08g9rvkgwkpjjv	68007760.68
stake1uykws5pmwjxktdhlkz0pac3cu2guw6fjys2zaanmdew6xrs5lgv4n	45167.01	c354a0ef8f0008db9687f9401a8ae06a185fc12a1c29b1a68f1ffe833d2ee95b	109626103	addr1qykws5pmwjxktdhlkz0pac3cu2guw6fjys2zaanmdew6xr3vapgrkaydvkm0lvy7rm3r3c53ca5nyfq59mm8kmja5v8qvygvru	stake1uykws5pmwjxktdhlkz0pac3cu2guw6fjys2zaanmdew6xrs5lgv4n	1872651.20
stake1uykws5pmwjxktdhlkz0pac3cu2guw6fjys2zaanmdew6xrs5lgv4n	45089.73	6b23d70a91e52d5a1e9634a464bf640c61e4564ae1a29d99b723d061a2e27bb2	75688191	addr1qykws5pmwjxktdhlkz0pac3cu2guw6fjys2zaanmdew6xr3vapgrkaydvkm0lvy7rm3r3c53ca5nyfq59mm8kmja5v8qvygvru	stake1uykws5pmwjxktdhlkz0pac3cu2guw6fjys2zaanmdew6xrs5lgv4n	931697.50
stake1uy86sf5xrzcpg2ncddkzz6z2ca2m59qsnu4qxar08g9rvkgwkpjjv	44901.43	58535ed14b2e7615fa00d68fcd2c57a15b9bf5dfd03d551604827766572407d0	95786093	addr1qy86sf5xrzcpg2ncddkzz6z2ca2m59qsnu4qxar08g9rvkg04qngvx9szs48s6mvy95y4364hg2pp8e2qd6x7ws2xevsjx8w05	stake1uy86sf5xrzcpg2ncddkzz6z2ca2m59qsnu4qxar08g9rvkgwkpjjv	67559231.80
stake1uykws5pmwjxktdhlkz0pac3cu2guw6fjys2zaanmdew6xrs5lgv4n	44852.09	4957fc2a143059f705230c3d89eb312df85cfc437107cd4621e0797bdeea4a6e	107048429	addr1qykws5pmwjxktdhlkz0pac3cu2guw6fjys2zaanmdew6xr3vapgrkaydvkm0lvy7rm3r3c53ca5nyfq59mm8kmja5v8qvygvru	stake1uykws5pmwjxktdhlkz0pac3cu2guw6fjys2zaanmdew6xrs5lgv4n	1785131.58
stake1uykws5pmwjxktdhlkz0pac3cu2guw6fjys2zaanmdew6xrs5lgv4n	44847.36	fc4bbe8c7f588bfdff2f799fc0ed1593eaf3009cd6789414a836941daed5d353	51870929	addr1qykws5pmwjxktdhlkz0pac3cu2guw6fjys2zaanmdew6xr3vapgrkaydvkm0lvy7rm3r3c53ca5nyfq59mm8kmja5v8qvygvru	stake1uykws5pmwjxktdhlkz0pac3cu2guw6fjys2zaanmdew6xrs5lgv4n	233249.71
stake1uykws5pmwjxktdhlkz0pac3cu2guw6fjys2zaanmdew6xrs5lgv4n	44683.31	d2b90f1ff33d5a48b73a9c2cf27561d74349a591d637b3c138e030444f9eeb6f	122089614	addr1qykws5pmwjxktdhlkz0pac3cu2guw6fjys2zaanmdew6xr3vapgrkaydvkm0lvy7rm3r3c53ca5nyfq59mm8kmja5v8qvygvru	stake1uykws5pmwjxktdhlkz0pac3cu2guw6fjys2zaanmdew6xrs5lgv4n	1177993.65
stake1uykws5pmwjxktdhlkz0pac3cu2guw6fjys2zaanmdew6xrs5lgv4n	44671.76	1e82d5bb80118c4ca5c7b7bc1e72218c9d2d66b7615848e6c01644ffa58ca599	50711064	addr1qykws5pmwjxktdhlkz0pac3cu2guw6fjys2zaanmdew6xr3vapgrkaydvkm0lvy7rm3r3c53ca5nyfq59mm8kmja5v8qvygvru	stake1uykws5pmwjxktdhlkz0pac3cu2guw6fjys2zaanmdew6xrs5lgv4n	188402.53
stake1uy86sf5xrzcpg2ncddkzz6z2ca2m59qsnu4qxar08g9rvkgwkpjjv	44551.14	ac8980999733e1fc6fa5338056d75942ee59f94cf3e048219ccd1133abff10c6	103956566	addr1qy86sf5xrzcpg2ncddkzz6z2ca2m59qsnu4qxar08g9rvkg04qngvx9szs48s6mvy95y4364hg2pp8e2qd6x7ws2xevsjx8w05	stake1uy86sf5xrzcpg2ncddkzz6z2ca2m59qsnu4qxar08g9rvkgwkpjjv	67811792.33
stake1u8kgcfdpefrnf5570v47manyyg85jshlrg4p2hrsx3wdspccdda8v	44404.31	573b9abc01c78c72349eb6845255fa6cd7d1b1a33ea746c99f0219fc9ce5a355	277433036	addr1q8kgcfdpefrnf5570v47manyyg85jshlrg4p2hrsx3wdsplv3sj6rjj8xnffu7etahmxggs0f9p07x32z4w8qdzumqrsquz66j	stake1u8kgcfdpefrnf5570v47manyyg85jshlrg4p2hrsx3wdspccdda8v	160711.00
stake1uy86sf5xrzcpg2ncddkzz6z2ca2m59qsnu4qxar08g9rvkgwkpjjv	44355.56	e7482aea56aca60704b63ae50c02cc6098d92eda7c136171f26768c8212980d9	62467354	addr1qy86sf5xrzcpg2ncddkzz6z2ca2m59qsnu4qxar08g9rvkg04qngvx9szs48s6mvy95y4364hg2pp8e2qd6x7ws2xevsjx8w05	stake1uy86sf5xrzcpg2ncddkzz6z2ca2m59qsnu4qxar08g9rvkgwkpjjv	66669604.14
stake1uy86sf5xrzcpg2ncddkzz6z2ca2m59qsnu4qxar08g9rvkgwkpjjv	44124.45	0254dd176dc919046f26d970c82f44b1373ee4c286fc4d0a522f7f0737415e2e	83624884	addr1qy86sf5xrzcpg2ncddkzz6z2ca2m59qsnu4qxar08g9rvkg04qngvx9szs48s6mvy95y4364hg2pp8e2qd6x7ws2xevsjx8w05	stake1uy86sf5xrzcpg2ncddkzz6z2ca2m59qsnu4qxar08g9rvkgwkpjjv	67235986.67
stake1u8kgcfdpefrnf5570v47manyyg85jshlrg4p2hrsx3wdspccdda8v	44118.92	6030451f62042e25354dd5d96fff989372e6679661041e66382503088d2985c0	83625842	addr1q8kgcfdpefrnf5570v47manyyg85jshlrg4p2hrsx3wdsplv3sj6rjj8xnffu7etahmxggs0f9p07x32z4w8qdzumqrsquz66j	stake1u8kgcfdpefrnf5570v47manyyg85jshlrg4p2hrsx3wdspccdda8v	67204460.56
stake1uykws5pmwjxktdhlkz0pac3cu2guw6fjys2zaanmdew6xrs5lgv4n	44044.39	ee67feaee7c15f3c07723f904518c98d0b7b44e3898ba875cf4e1f187ccfb007	95783640	addr1qykws5pmwjxktdhlkz0pac3cu2guw6fjys2zaanmdew6xr3vapgrkaydvkm0lvy7rm3r3c53ca5nyfq59mm8kmja5v8qvygvru	stake1uykws5pmwjxktdhlkz0pac3cu2guw6fjys2zaanmdew6xrs5lgv4n	1492441.81
stake1u80y77jjfcdymt38amg3na9w4p4d89ffw66xqsspdwsa2sqt8epdn	44012.09	e7a9e1b6582143325fe10a45adc4ca93c5dbbfab735c8404ad4e19c36562a9d3	78846943	addr1q80y77jjfcdymt38amg3na9w4p4d89ffw66xqsspdwsa2sx7faa9yns6fkhz0mk3r862a2r26w2jja45vppqz6ap64qqfjdtz8	stake1u80y77jjfcdymt38amg3na9w4p4d89ffw66xqsspdwsa2sqt8epdn	1109764.19
stake1u80y77jjfcdymt38amg3na9w4p4d89ffw66xqsspdwsa2sqt8epdn	43823.12	b4c754cf2cb4e9e257dc6d8c8c945f3607ac70b837a29962376a3a6caf8b0ed8	150289644	addr1q80y77jjfcdymt38amg3na9w4p4d89ffw66xqsspdwsa2sx7faa9yns6fkhz0mk3r862a2r26w2jja45vppqz6ap64qqfjdtz8	stake1u80y77jjfcdymt38amg3na9w4p4d89ffw66xqsspdwsa2sqt8epdn	1267584.69
stake1u80y77jjfcdymt38amg3na9w4p4d89ffw66xqsspdwsa2sqt8epdn	43687.60	1dbfb14755ddc70e3b8f42a98b70959c9529ed2b76375166f8f9a8bdfb87ab6b	71712624	addr1q80y77jjfcdymt38amg3na9w4p4d89ffw66xqsspdwsa2sx7faa9yns6fkhz0mk3r862a2r26w2jja45vppqz6ap64qqfjdtz8	stake1u80y77jjfcdymt38amg3na9w4p4d89ffw66xqsspdwsa2sqt8epdn	928703.56
stake1u80y77jjfcdymt38amg3na9w4p4d89ffw66xqsspdwsa2sqt8epdn	43671.37	028e79bc456ec9654dcf73c1bcb4b2db04ba1683716f73d7388fa7edf64fe58b	82439752	addr1q80y77jjfcdymt38amg3na9w4p4d89ffw66xqsspdwsa2sx7faa9yns6fkhz0mk3r862a2r26w2jja45vppqz6ap64qqfjdtz8	stake1u80y77jjfcdymt38amg3na9w4p4d89ffw66xqsspdwsa2sqt8epdn	1201406.04
stake1u80y77jjfcdymt38amg3na9w4p4d89ffw66xqsspdwsa2sqt8epdn	43588.78	0dbfcc54f69804feaf8f85e11c872ca93f0e6f142ba56b935132cdf9fd8b1dbe	111167505	addr1q80y77jjfcdymt38amg3na9w4p4d89ffw66xqsspdwsa2sx7faa9yns6fkhz0mk3r862a2r26w2jja45vppqz6ap64qqfjdtz8	stake1u80y77jjfcdymt38amg3na9w4p4d89ffw66xqsspdwsa2sqt8epdn	2057142.17
stake1uykws5pmwjxktdhlkz0pac3cu2guw6fjys2zaanmdew6xrs5lgv4n	43379.92	a0ecb032478c0a457eb11ebc7558fb96fec90905d578b22013f31e73a5e04c5b	91568600	addr1qykws5pmwjxktdhlkz0pac3cu2guw6fjys2zaanmdew6xr3vapgrkaydvkm0lvy7rm3r3c53ca5nyfq59mm8kmja5v8qvygvru	stake1uykws5pmwjxktdhlkz0pac3cu2guw6fjys2zaanmdew6xrs5lgv4n	1407716.67
stake1uykws5pmwjxktdhlkz0pac3cu2guw6fjys2zaanmdew6xrs5lgv4n	43002.55	5b002cf8d5eb77baadb37a2ce53ff6e79729cf2a881b7e0c00f70c890b4c9ee6	87071936	addr1qykws5pmwjxktdhlkz0pac3cu2guw6fjys2zaanmdew6xr3vapgrkaydvkm0lvy7rm3r3c53ca5nyfq59mm8kmja5v8qvygvru	stake1uykws5pmwjxktdhlkz0pac3cu2guw6fjys2zaanmdew6xrs5lgv4n	1270831.80
stake1u80y77jjfcdymt38amg3na9w4p4d89ffw66xqsspdwsa2sqt8epdn	42492.72	8564aa3aece3cc7831ec8c721a6c9c1160c1be9e7500bdf6f117d3cffb264c60	83624929	addr1q80y77jjfcdymt38amg3na9w4p4d89ffw66xqsspdwsa2sx7faa9yns6fkhz0mk3r862a2r26w2jja45vppqz6ap64qqfjdtz8	stake1u80y77jjfcdymt38amg3na9w4p4d89ffw66xqsspdwsa2sqt8epdn	1243898.58
stake1uykws5pmwjxktdhlkz0pac3cu2guw6fjys2zaanmdew6xrs5lgv4n	42461.51	9f5c8990eee27bd2d744201949a868b18ab0a5256aa36f9f04b6509783b3a473	114124763	addr1qykws5pmwjxktdhlkz0pac3cu2guw6fjys2zaanmdew6xr3vapgrkaydvkm0lvy7rm3r3c53ca5nyfq59mm8kmja5v8qvygvru	stake1uykws5pmwjxktdhlkz0pac3cu2guw6fjys2zaanmdew6xrs5lgv4n	2062837.40
stake1uykws5pmwjxktdhlkz0pac3cu2guw6fjys2zaanmdew6xrs5lgv4n	42352.96	4ce14f124934d2970873637117bff48a58c446c508ecb6c3478744d0c7e278ae	107694084	addr1qykws5pmwjxktdhlkz0pac3cu2guw6fjys2zaanmdew6xr3vapgrkaydvkm0lvy7rm3r3c53ca5nyfq59mm8kmja5v8qvygvru	stake1uykws5pmwjxktdhlkz0pac3cu2guw6fjys2zaanmdew6xrs5lgv4n	1827484.36
stake1u8kgcfdpefrnf5570v47manyyg85jshlrg4p2hrsx3wdspccdda8v	42340.36	9966e30031a2dc324903a1bd83c886d36f688a09beb2819cc46cbba35df2fa3f	78848798	addr1q8kgcfdpefrnf5570v47manyyg85jshlrg4p2hrsx3wdsplv3sj6rjj8xnffu7etahmxggs0f9p07x32z4w8qdzumqrsquz66j	stake1u8kgcfdpefrnf5570v47manyyg85jshlrg4p2hrsx3wdspccdda8v	67053888.45
stake1u8kgcfdpefrnf5570v47manyyg85jshlrg4p2hrsx3wdspccdda8v	42290.63	9033f418e4968dd451dd8a084cd289fa08bc1f4d450adf2020cae4425fde2f45	116208826	addr1q8kgcfdpefrnf5570v47manyyg85jshlrg4p2hrsx3wdsplv3sj6rjj8xnffu7etahmxggs0f9p07x32z4w8qdzumqrsquz66j	stake1u8kgcfdpefrnf5570v47manyyg85jshlrg4p2hrsx3wdspccdda8v	68250084.13
stake1uy86sf5xrzcpg2ncddkzz6z2ca2m59qsnu4qxar08g9rvkgwkpjjv	42166.15	b8d0c45ab8d168f31220a87cff7a09f77ffec9937371c0dd00d87330822bd4b1	118717997	addr1qy86sf5xrzcpg2ncddkzz6z2ca2m59qsnu4qxar08g9rvkg04qngvx9szs48s6mvy95y4364hg2pp8e2qd6x7ws2xevsjx8w05	stake1uy86sf5xrzcpg2ncddkzz6z2ca2m59qsnu4qxar08g9rvkgwkpjjv	68378634.27
stake1u8kgcfdpefrnf5570v47manyyg85jshlrg4p2hrsx3wdspccdda8v	42158.85	3eafafe51582d8f1dcc3931106ec9b4bdc81bef4f2daf692ad680b85b6b8dbcd	57738863	addr1q8kgcfdpefrnf5570v47manyyg85jshlrg4p2hrsx3wdsplv3sj6rjj8xnffu7etahmxggs0f9p07x32z4w8qdzumqrsquz66j	stake1u8kgcfdpefrnf5570v47manyyg85jshlrg4p2hrsx3wdspccdda8v	66493895.76
stake1uykws5pmwjxktdhlkz0pac3cu2guw6fjys2zaanmdew6xrs5lgv4n	41876.29	366f47a7ccb7e0dfa0caa4b8f0c3470a5ff2ef4ee7d2c5a87a1db291e117ef8a	73852450	addr1qykws5pmwjxktdhlkz0pac3cu2guw6fjys2zaanmdew6xr3vapgrkaydvkm0lvy7rm3r3c53ca5nyfq59mm8kmja5v8qvygvru	stake1uykws5pmwjxktdhlkz0pac3cu2guw6fjys2zaanmdew6xrs5lgv4n	886607.94
stake1uykws5pmwjxktdhlkz0pac3cu2guw6fjys2zaanmdew6xrs5lgv4n	41858.87	a92c8e5bd7ab35bf49b33ee5fbc4b97004ec295c7868a5121527e1ca3a7756b3	104938893	addr1qykws5pmwjxktdhlkz0pac3cu2guw6fjys2zaanmdew6xr3vapgrkaydvkm0lvy7rm3r3c53ca5nyfq59mm8kmja5v8qvygvru	stake1uykws5pmwjxktdhlkz0pac3cu2guw6fjys2zaanmdew6xrs5lgv4n	1740279.66
stake1u80y77jjfcdymt38amg3na9w4p4d89ffw66xqsspdwsa2sqt8epdn	41795.83	58f577ca680a57d46554a00189f41f839a391b856226055c61e7b5fd1991716a	62467162	addr1q80y77jjfcdymt38amg3na9w4p4d89ffw66xqsspdwsa2sx7faa9yns6fkhz0mk3r862a2r26w2jja45vppqz6ap64qqfjdtz8	stake1u80y77jjfcdymt38amg3na9w4p4d89ffw66xqsspdwsa2sqt8epdn	677133.57
stake1uy86sf5xrzcpg2ncddkzz6z2ca2m59qsnu4qxar08g9rvkgwkpjjv	41554.63	eb9ab0e613b5008438867b9585510fffce89b70ad880e3bcb09d8590cf48ad3f	120987429	addr1qy86sf5xrzcpg2ncddkzz6z2ca2m59qsnu4qxar08g9rvkg04qngvx9szs48s6mvy95y4364hg2pp8e2qd6x7ws2xevsjx8w05	stake1uy86sf5xrzcpg2ncddkzz6z2ca2m59qsnu4qxar08g9rvkgwkpjjv	1012599.26
stake1uykws5pmwjxktdhlkz0pac3cu2guw6fjys2zaanmdew6xrs5lgv4n	41403.56	b937a2b6afb9afbbe67f06257ad0eda05d4310b958dcbcbd01597fd6f0170a60	100848016	addr1qykws5pmwjxktdhlkz0pac3cu2guw6fjys2zaanmdew6xr3vapgrkaydvkm0lvy7rm3r3c53ca5nyfq59mm8kmja5v8qvygvru	stake1uykws5pmwjxktdhlkz0pac3cu2guw6fjys2zaanmdew6xrs5lgv4n	1614271.39
stake1u8kgcfdpefrnf5570v47manyyg85jshlrg4p2hrsx3wdspccdda8v	41306.88	68ea0122e31557a00809b587833f2d4bc798f0aadbb54529073b7fc15c008fdd	68136294	addr1q8kgcfdpefrnf5570v47manyyg85jshlrg4p2hrsx3wdsplv3sj6rjj8xnffu7etahmxggs0f9p07x32z4w8qdzumqrsquz66j	stake1u8kgcfdpefrnf5570v47manyyg85jshlrg4p2hrsx3wdspccdda8v	66772951.82
stake1uykws5pmwjxktdhlkz0pac3cu2guw6fjys2zaanmdew6xrs5lgv4n	41211.05	9f1c806d7c3a9f48cc6535c57bb1135062ca7cd5ac5ba472b87b8ddcc872f4c6	89545702	addr1qykws5pmwjxktdhlkz0pac3cu2guw6fjys2zaanmdew6xr3vapgrkaydvkm0lvy7rm3r3c53ca5nyfq59mm8kmja5v8qvygvru	stake1uykws5pmwjxktdhlkz0pac3cu2guw6fjys2zaanmdew6xrs5lgv4n	1312042.67
stake1u8kgcfdpefrnf5570v47manyyg85jshlrg4p2hrsx3wdspccdda8v	41160.88	2d4f909c19f20a660308062a7cb4f3378e0f3d2004c9b5bcdfdd8f716da98879	71716615	addr1q8kgcfdpefrnf5570v47manyyg85jshlrg4p2hrsx3wdsplv3sj6rjj8xnffu7etahmxggs0f9p07x32z4w8qdzumqrsquz66j	stake1u8kgcfdpefrnf5570v47manyyg85jshlrg4p2hrsx3wdspccdda8v	66863729.15
stake1u8kgcfdpefrnf5570v47manyyg85jshlrg4p2hrsx3wdspccdda8v	41030.53	737538d94514d54a77b7cc3ee07d1f3a3225eee1e18dde888cab3a1165388ecd	104941296	addr1q8kgcfdpefrnf5570v47manyyg85jshlrg4p2hrsx3wdsplv3sj6rjj8xnffu7etahmxggs0f9p07x32z4w8qdzumqrsquz66j	stake1u8kgcfdpefrnf5570v47manyyg85jshlrg4p2hrsx3wdspccdda8v	67822952.49
stake1u80y77jjfcdymt38amg3na9w4p4d89ffw66xqsspdwsa2sqt8epdn	40872.44	c3b274cb0a9ce8dca55d3d2ff9d04461d39d034feeb96b96623384851673f742	113147587	addr1q80y77jjfcdymt38amg3na9w4p4d89ffw66xqsspdwsa2sx7faa9yns6fkhz0mk3r862a2r26w2jja45vppqz6ap64qqfjdtz8	stake1u80y77jjfcdymt38amg3na9w4p4d89ffw66xqsspdwsa2sqt8epdn	2136727.87
stake1u8kgcfdpefrnf5570v47manyyg85jshlrg4p2hrsx3wdspccdda8v	40760.70	367b8abd5bbaa57915e6d1ae117b2bd33706465e0c9586bc64ed060eeeaf83ab	160007336	addr1q8kgcfdpefrnf5570v47manyyg85jshlrg4p2hrsx3wdsplv3sj6rjj8xnffu7etahmxggs0f9p07x32z4w8qdzumqrsquz66j	stake1u8kgcfdpefrnf5570v47manyyg85jshlrg4p2hrsx3wdspccdda8v	1679099.53
stake1uy86sf5xrzcpg2ncddkzz6z2ca2m59qsnu4qxar08g9rvkgwkpjjv	40693.29	6a546f144843a07c13bc9d2be98c2ac3da543e7edd57b4482673233c75a0d67e	150289972	addr1qy86sf5xrzcpg2ncddkzz6z2ca2m59qsnu4qxar08g9rvkg04qngvx9szs48s6mvy95y4364hg2pp8e2qd6x7ws2xevsjx8w05	stake1uy86sf5xrzcpg2ncddkzz6z2ca2m59qsnu4qxar08g9rvkgwkpjjv	1266002.74
stake1uykws5pmwjxktdhlkz0pac3cu2guw6fjys2zaanmdew6xrs5lgv4n	40681.10	858d7c917b56da86fda06f121f142c2c49327286b8ec6c9ccde5fc9f6ef74518	93224871	addr1qykws5pmwjxktdhlkz0pac3cu2guw6fjys2zaanmdew6xr3vapgrkaydvkm0lvy7rm3r3c53ca5nyfq59mm8kmja5v8qvygvru	stake1uykws5pmwjxktdhlkz0pac3cu2guw6fjys2zaanmdew6xrs5lgv4n	1448397.60
stake1uy86sf5xrzcpg2ncddkzz6z2ca2m59qsnu4qxar08g9rvkgwkpjjv	40469.64	c6b5c68f269e27f06c36c284ce765a404d843e031534edcbd6dd76c5ebf8b6f7	68134092	addr1qy86sf5xrzcpg2ncddkzz6z2ca2m59qsnu4qxar08g9rvkg04qngvx9szs48s6mvy95y4364hg2pp8e2qd6x7ws2xevsjx8w05	stake1uy86sf5xrzcpg2ncddkzz6z2ca2m59qsnu4qxar08g9rvkgwkpjjv	66805126.43
stake1u887jrylddch0vh4d2kx72h2ax8t7aeq49zvmry4g9wcj4g3gty8j	40385.56	50a50ae5cb29c347a1d1cf7d315557cd67b9b0bcc9196712854bb9e1ee4064b7	188569311	addr1q887jrylddch0vh4d2kx72h2ax8t7aeq49zvmry4g9wcj4w0ayxf76m3w7e0264vdu4w46vwhamjp22yekxf2s2a392sjqwpcp	stake1u887jrylddch0vh4d2kx72h2ax8t7aeq49zvmry4g9wcj4g3gty8j	134276.72
stake1u8kgcfdpefrnf5570v47manyyg85jshlrg4p2hrsx3wdspccdda8v	40250.39	46e92e121443791f01eb7ee67aa1c6501d5189145c7a7db94196ec2b9b4f3f6b	109626807	addr1q8kgcfdpefrnf5570v47manyyg85jshlrg4p2hrsx3wdsplv3sj6rjj8xnffu7etahmxggs0f9p07x32z4w8qdzumqrsquz66j	stake1u8kgcfdpefrnf5570v47manyyg85jshlrg4p2hrsx3wdspccdda8v	67960398.80
stake1uy86sf5xrzcpg2ncddkzz6z2ca2m59qsnu4qxar08g9rvkgwkpjjv	40206.13	3cba0ef0d3a4a77a0d36d731414eaaee4fab51d0c3789de23db1ad4011898c89	73852571	addr1qy86sf5xrzcpg2ncddkzz6z2ca2m59qsnu4qxar08g9rvkg04qngvx9szs48s6mvy95y4364hg2pp8e2qd6x7ws2xevsjx8w05	stake1uy86sf5xrzcpg2ncddkzz6z2ca2m59qsnu4qxar08g9rvkgwkpjjv	66953769.32
stake1u9mymn640v59n3mwyfdsg5t6yu34ut9ufvynavsn0ey40ugqdj6lh	40186.33	df0be5041bc582cc36b9e5e9127b475e95ef36866c710a97be07aab1845d4a15	232324401	addr1q9mymn640v59n3mwyfdsg5t6yu34ut9ufvynavsn0ey40utkfh8427egt8rkugjmq3gh5fertcktcjcf86epxljf2lcs642j5p	stake1u9mymn640v59n3mwyfdsg5t6yu34ut9ufvynavsn0ey40ugqdj6lh	178250.72
stake1uykws5pmwjxktdhlkz0pac3cu2guw6fjys2zaanmdew6xrs5lgv4n	40038.59	0bdfe540939d1af0a678654ddd203659d97715472fa7b39c22b1b657ffa4ae0c	119382239	addr1qykws5pmwjxktdhlkz0pac3cu2guw6fjys2zaanmdew6xr3vapgrkaydvkm0lvy7rm3r3c53ca5nyfq59mm8kmja5v8qvygvru	stake1uykws5pmwjxktdhlkz0pac3cu2guw6fjys2zaanmdew6xrs5lgv4n	1087779.03
stake1uykws5pmwjxktdhlkz0pac3cu2guw6fjys2zaanmdew6xrs5lgv4n	40031.89	e07a98ae2a47ff02a6c8299817818e1d4fcc355dc5e9ff5f2ab313409c7170bc	83624441	addr1qykws5pmwjxktdhlkz0pac3cu2guw6fjys2zaanmdew6xr3vapgrkaydvkm0lvy7rm3r3c53ca5nyfq59mm8kmja5v8qvygvru	stake1uykws5pmwjxktdhlkz0pac3cu2guw6fjys2zaanmdew6xrs5lgv4n	1178832.24
stake1u8kgcfdpefrnf5570v47manyyg85jshlrg4p2hrsx3wdspccdda8v	40016.23	6eef6863fcd4d161c1d3f30589584d6a90b7b1252058e1e00561703095e6411f	86017486	addr1q8kgcfdpefrnf5570v47manyyg85jshlrg4p2hrsx3wdsplv3sj6rjj8xnffu7etahmxggs0f9p07x32z4w8qdzumqrsquz66j	stake1u8kgcfdpefrnf5570v47manyyg85jshlrg4p2hrsx3wdspccdda8v	67244476.62
stake1u80y77jjfcdymt38amg3na9w4p4d89ffw66xqsspdwsa2sqt8epdn	39977.54	ca235fb3f8f2e6fa8107d73938b67e0440f12df03249badba449471b98bc4ab6	78144538	addr1q80y77jjfcdymt38amg3na9w4p4d89ffw66xqsspdwsa2sx7faa9yns6fkhz0mk3r862a2r26w2jja45vppqz6ap64qqfjdtz8	stake1u80y77jjfcdymt38amg3na9w4p4d89ffw66xqsspdwsa2sqt8epdn	1065752.27
stake1u8kgcfdpefrnf5570v47manyyg85jshlrg4p2hrsx3wdspccdda8v	39824.11	1bcdad21f3b0f006f261cb62a77c3f594b17ae4aa90cd4f5fbfe5af62fb47d7c	117674942	addr1q8kgcfdpefrnf5570v47manyyg85jshlrg4p2hrsx3wdsplv3sj6rjj8xnffu7etahmxggs0f9p07x32z4w8qdzumqrsquz66j	stake1u8kgcfdpefrnf5570v47manyyg85jshlrg4p2hrsx3wdspccdda8v	68289908.06
stake1u887jrylddch0vh4d2kx72h2ax8t7aeq49zvmry4g9wcj4g3gty8j	39750.74	1f9dc4986c25eff69b613af484971f418dd74d351032a75cf33261a6b2bea008	158456577	addr1q887jrylddch0vh4d2kx72h2ax8t7aeq49zvmry4g9wcj4w0ayxf76m3w7e0264vdu4w46vwhamjp22yekxf2s2a392sjqwpcp	stake1u887jrylddch0vh4d2kx72h2ax8t7aeq49zvmry4g9wcj4g3gty8j	253423.23
stake1uykws5pmwjxktdhlkz0pac3cu2guw6fjys2zaanmdew6xrs5lgv4n	39732.41	522b87fdd44bbd173e32b38ae0aed4090780e1b4484c30949c88c9c56c2bcce2	66107405	addr1qykws5pmwjxktdhlkz0pac3cu2guw6fjys2zaanmdew6xr3vapgrkaydvkm0lvy7rm3r3c53ca5nyfq59mm8kmja5v8qvygvru	stake1uykws5pmwjxktdhlkz0pac3cu2guw6fjys2zaanmdew6xrs5lgv4n	732008.29
stake1uykws5pmwjxktdhlkz0pac3cu2guw6fjys2zaanmdew6xrs5lgv4n	39192.15	7ba9c00e890f125834f86eaa843c03d181aa357aa98dbfd14a8208b6067588be	115744533	addr1qykws5pmwjxktdhlkz0pac3cu2guw6fjys2zaanmdew6xr3vapgrkaydvkm0lvy7rm3r3c53ca5nyfq59mm8kmja5v8qvygvru	stake1uykws5pmwjxktdhlkz0pac3cu2guw6fjys2zaanmdew6xrs5lgv4n	2102029.37
stake1u80y77jjfcdymt38amg3na9w4p4d89ffw66xqsspdwsa2sqt8epdn	39135.60	97968a2e2b4a47454642ded4f0f5329284ad932364e30e85d04265c2f84d9f05	91569185	addr1q80y77jjfcdymt38amg3na9w4p4d89ffw66xqsspdwsa2sx7faa9yns6fkhz0mk3r862a2r26w2jja45vppqz6ap64qqfjdtz8	stake1u80y77jjfcdymt38amg3na9w4p4d89ffw66xqsspdwsa2sqt8epdn	1477482.49
stake1u887jrylddch0vh4d2kx72h2ax8t7aeq49zvmry4g9wcj4g3gty8j	39049.17	8213ced075b4f2bf6c7ff59243281ce9db45f5be7baa20b248b7bb4d7e665e64	232324668	addr1q887jrylddch0vh4d2kx72h2ax8t7aeq49zvmry4g9wcj4w0ayxf76m3w7e0264vdu4w46vwhamjp22yekxf2s2a392sjqwpcp	stake1u887jrylddch0vh4d2kx72h2ax8t7aeq49zvmry4g9wcj4g3gty8j	213014.78
stake1uy86sf5xrzcpg2ncddkzz6z2ca2m59qsnu4qxar08g9rvkgwkpjjv	39015.91	09c2219e30fca8bc9042ac834023efb1e9b65b7691548dea765a38ad53a63653	117674897	addr1qy86sf5xrzcpg2ncddkzz6z2ca2m59qsnu4qxar08g9rvkg04qngvx9szs48s6mvy95y4364hg2pp8e2qd6x7ws2xevsjx8w05	stake1uy86sf5xrzcpg2ncddkzz6z2ca2m59qsnu4qxar08g9rvkgwkpjjv	68336468.29
stake1u80y77jjfcdymt38amg3na9w4p4d89ffw66xqsspdwsa2sqt8epdn	38995.54	63e896115c12185c8a06a21537c3c20ed6ab6a511e7cccbb485d7d32b603abe5	93224890	addr1q80y77jjfcdymt38amg3na9w4p4d89ffw66xqsspdwsa2sx7faa9yns6fkhz0mk3r862a2r26w2jja45vppqz6ap64qqfjdtz8	stake1u80y77jjfcdymt38amg3na9w4p4d89ffw66xqsspdwsa2sqt8epdn	1516477.86
stake1u8kgcfdpefrnf5570v47manyyg85jshlrg4p2hrsx3wdspccdda8v	38964.99	53d19e573a225f7f070e12a82b1b6abffbb8e10781481b8e146a3e9fb0d26ccb	95787158	addr1q8kgcfdpefrnf5570v47manyyg85jshlrg4p2hrsx3wdsplv3sj6rjj8xnffu7etahmxggs0f9p07x32z4w8qdzumqrsquz66j	stake1u8kgcfdpefrnf5570v47manyyg85jshlrg4p2hrsx3wdspccdda8v	67530256.36
stake1u80y77jjfcdymt38amg3na9w4p4d89ffw66xqsspdwsa2sqt8epdn	38785.73	d7234d20add6aaa336da29acf596f5d128598056c84b657b4060051a61f5638f	101847771	addr1q80y77jjfcdymt38amg3na9w4p4d89ffw66xqsspdwsa2sx7faa9yns6fkhz0mk3r862a2r26w2jja45vppqz6ap64qqfjdtz8	stake1u80y77jjfcdymt38amg3na9w4p4d89ffw66xqsspdwsa2sqt8epdn	1765209.45
stake1u80y77jjfcdymt38amg3na9w4p4d89ffw66xqsspdwsa2sqt8epdn	38713.61	80cde33b5278d566babc7164812079e95f052ad32034b80a14f7e6346733fb0d	112609333	addr1q80y77jjfcdymt38amg3na9w4p4d89ffw66xqsspdwsa2sx7faa9yns6fkhz0mk3r862a2r26w2jja45vppqz6ap64qqfjdtz8	stake1u80y77jjfcdymt38amg3na9w4p4d89ffw66xqsspdwsa2sqt8epdn	2095855.61
stake1u9mymn640v59n3mwyfdsg5t6yu34ut9ufvynavsn0ey40ugqdj6lh	38341.66	a7785818f56f8c322ae2b53562e0896fefa16ac4eb8881715dd24c42e26cdd4e	158456498	addr1q9mymn640v59n3mwyfdsg5t6yu34ut9ufvynavsn0ey40utkfh8427egt8rkugjmq3gh5fertcktcjcf86epxljf2lcs642j5p	stake1u9mymn640v59n3mwyfdsg5t6yu34ut9ufvynavsn0ey40ugqdj6lh	69459.87
stake1u80y77jjfcdymt38amg3na9w4p4d89ffw66xqsspdwsa2sqt8epdn	38221.26	23643253cde381d8dcd05429cfffde7ec79db84c3a6ff51d8a8e157bb3897395	107048672	addr1q80y77jjfcdymt38amg3na9w4p4d89ffw66xqsspdwsa2sx7faa9yns6fkhz0mk3r862a2r26w2jja45vppqz6ap64qqfjdtz8	stake1u80y77jjfcdymt38amg3na9w4p4d89ffw66xqsspdwsa2sqt8epdn	1925913.23
stake1u8kgcfdpefrnf5570v47manyyg85jshlrg4p2hrsx3wdspccdda8v	38200.49	ba2c08359de00ab82ef17ad6eb29a0a69c23a0125bb6252df04a537787e65693	281528415	addr1q8kgcfdpefrnf5570v47manyyg85jshlrg4p2hrsx3wdsplv3sj6rjj8xnffu7etahmxggs0f9p07x32z4w8qdzumqrsquz66j	stake1u8kgcfdpefrnf5570v47manyyg85jshlrg4p2hrsx3wdspccdda8v	38700.72
stake1uykws5pmwjxktdhlkz0pac3cu2guw6fjys2zaanmdew6xrs5lgv4n	37931.27	a9dd94697f07164b2a27f2f1ef69f7898d878eafd746ecf425e405ec1dc17e26	101847772	addr1qykws5pmwjxktdhlkz0pac3cu2guw6fjys2zaanmdew6xr3vapgrkaydvkm0lvy7rm3r3c53ca5nyfq59mm8kmja5v8qvygvru	stake1uykws5pmwjxktdhlkz0pac3cu2guw6fjys2zaanmdew6xrs5lgv4n	1652202.49
stake1u80y77jjfcdymt38amg3na9w4p4d89ffw66xqsspdwsa2sqt8epdn	37793.93	7a962bd54b71ce31cebf117b9339fd2062a83d4240b082d0b90902c4f8f47a28	109626245	addr1q80y77jjfcdymt38amg3na9w4p4d89ffw66xqsspdwsa2sx7faa9yns6fkhz0mk3r862a2r26w2jja45vppqz6ap64qqfjdtz8	stake1u80y77jjfcdymt38amg3na9w4p4d89ffw66xqsspdwsa2sqt8epdn	2013553.57
stake1u8kgcfdpefrnf5570v47manyyg85jshlrg4p2hrsx3wdspccdda8v	37527.23	8f937c232cccb4676f23422cdedd5da302f7cddb155efe640895c25b7148d564	62467600	addr1q8kgcfdpefrnf5570v47manyyg85jshlrg4p2hrsx3wdsplv3sj6rjj8xnffu7etahmxggs0f9p07x32z4w8qdzumqrsquz66j	stake1u8kgcfdpefrnf5570v47manyyg85jshlrg4p2hrsx3wdspccdda8v	66627298.58
stake1u8kgcfdpefrnf5570v47manyyg85jshlrg4p2hrsx3wdspccdda8v	37315.45	c5fa34e671eddf712ff29b239ec46c2555671151b9927abb9b8d3e7671422a26	55199524	addr1q8kgcfdpefrnf5570v47manyyg85jshlrg4p2hrsx3wdsplv3sj6rjj8xnffu7etahmxggs0f9p07x32z4w8qdzumqrsquz66j	stake1u8kgcfdpefrnf5570v47manyyg85jshlrg4p2hrsx3wdspccdda8v	66419769.02
stake1u887jrylddch0vh4d2kx72h2ax8t7aeq49zvmry4g9wcj4g3gty8j	37023.61	018fc6faf3388587e04a2c4e0ac18e448cc3a861bf51e53d9de9462e09c7da58	148384636	addr1q887jrylddch0vh4d2kx72h2ax8t7aeq49zvmry4g9wcj4w0ayxf76m3w7e0264vdu4w46vwhamjp22yekxf2s2a392sjqwpcp	stake1u887jrylddch0vh4d2kx72h2ax8t7aeq49zvmry4g9wcj4g3gty8j	209313.77
stake1uykws5pmwjxktdhlkz0pac3cu2guw6fjys2zaanmdew6xrs5lgv4n	36774.84	4656ac5a4dc27d11e2a052beef048d0f25a7741f3ec06e17712edda1d2daa00a	150289542	addr1qykws5pmwjxktdhlkz0pac3cu2guw6fjys2zaanmdew6xr3vapgrkaydvkm0lvy7rm3r3c53ca5nyfq59mm8kmja5v8qvygvru	stake1uykws5pmwjxktdhlkz0pac3cu2guw6fjys2zaanmdew6xrs5lgv4n	1342580.89
stake1uy86sf5xrzcpg2ncddkzz6z2ca2m59qsnu4qxar08g9rvkgwkpjjv	36644.23	a494580dc1eb30e33fa1a187559ee87983678f51f771b867ed6a3ca07544731b	78144812	addr1qy86sf5xrzcpg2ncddkzz6z2ca2m59qsnu4qxar08g9rvkg04qngvx9szs48s6mvy95y4364hg2pp8e2qd6x7ws2xevsjx8w05	stake1uy86sf5xrzcpg2ncddkzz6z2ca2m59qsnu4qxar08g9rvkgwkpjjv	67037182.94
stake1u887jrylddch0vh4d2kx72h2ax8t7aeq49zvmry4g9wcj4g3gty8j	36529.17	0680a99ce74cab147a506b62ec6ef77f3da4606fcd3171b73ff4f19fe52d2e82	54415837	addr1q887jrylddch0vh4d2kx72h2ax8t7aeq49zvmry4g9wcj4w0ayxf76m3w7e0264vdu4w46vwhamjp22yekxf2s2a392sjqwpcp	stake1u887jrylddch0vh4d2kx72h2ax8t7aeq49zvmry4g9wcj4g3gty8j	52537.11
stake1uykws5pmwjxktdhlkz0pac3cu2guw6fjys2zaanmdew6xrs5lgv4n	36250.80	2bef6263074926a76406ce3a2b5c0870f9a918ea96ff31f687939cf35f4486f4	68134031	addr1qykws5pmwjxktdhlkz0pac3cu2guw6fjys2zaanmdew6xr3vapgrkaydvkm0lvy7rm3r3c53ca5nyfq59mm8kmja5v8qvygvru	stake1uykws5pmwjxktdhlkz0pac3cu2guw6fjys2zaanmdew6xrs5lgv4n	768258.92
stake1u887jrylddch0vh4d2kx72h2ax8t7aeq49zvmry4g9wcj4g3gty8j	35589.21	df48c5e184641642c5c3cd41b7815eff10793ad70910171d2df631e61fe1600d	263886781	addr1q887jrylddch0vh4d2kx72h2ax8t7aeq49zvmry4g9wcj4w0ayxf76m3w7e0264vdu4w46vwhamjp22yekxf2s2a392sjqwpcp	stake1u887jrylddch0vh4d2kx72h2ax8t7aeq49zvmry4g9wcj4g3gty8j	254176.11
stake1u9mymn640v59n3mwyfdsg5t6yu34ut9ufvynavsn0ey40ugqdj6lh	35070.22	f94c94d2d77b56ff18b3f3bfffebf33eb784500ef70766873b473ad8bb3d5510	263886435	addr1q9mymn640v59n3mwyfdsg5t6yu34ut9ufvynavsn0ey40utkfh8427egt8rkugjmq3gh5fertcktcjcf86epxljf2lcs642j5p	stake1u9mymn640v59n3mwyfdsg5t6yu34ut9ufvynavsn0ey40ugqdj6lh	210856.05
stake1u9mymn640v59n3mwyfdsg5t6yu34ut9ufvynavsn0ey40ugqdj6lh	34613.33	6a321984d603e7d28f681b2da7099bd0ecd7e20e9e32d36eac4a77be8c8fbc25	148384099	addr1q9mymn640v59n3mwyfdsg5t6yu34ut9ufvynavsn0ey40utkfh8427egt8rkugjmq3gh5fertcktcjcf86epxljf2lcs642j5p	stake1u9mymn640v59n3mwyfdsg5t6yu34ut9ufvynavsn0ey40ugqdj6lh	40572.07
stake1u8kgcfdpefrnf5570v47manyyg85jshlrg4p2hrsx3wdspccdda8v	34596.64	a9bdc078e7bfb75a694ee57d0ceafbb73fdd15f365ac4b693fba8535d4c5fc2d	90482279	addr1q8kgcfdpefrnf5570v47manyyg85jshlrg4p2hrsx3wdsplv3sj6rjj8xnffu7etahmxggs0f9p07x32z4w8qdzumqrsquz66j	stake1u8kgcfdpefrnf5570v47manyyg85jshlrg4p2hrsx3wdspccdda8v	67385165.00
stake1uykws5pmwjxktdhlkz0pac3cu2guw6fjys2zaanmdew6xrs5lgv4n	34423.21	50d0d3eb14e35b453397ee82ec8578334c9eb408d9a7723b46df1b9f97ede88d	232322473	addr1qykws5pmwjxktdhlkz0pac3cu2guw6fjys2zaanmdew6xr3vapgrkaydvkm0lvy7rm3r3c53ca5nyfq59mm8kmja5v8qvygvru	stake1uykws5pmwjxktdhlkz0pac3cu2guw6fjys2zaanmdew6xrs5lgv4n	411134.19
stake1u8kgcfdpefrnf5570v47manyyg85jshlrg4p2hrsx3wdspccdda8v	34310.41	4424f49b9a7c4aeecee432d283ef2bad91bffbb27106ba4cc5b8c13f836cc1d8	123063135	addr1q8kgcfdpefrnf5570v47manyyg85jshlrg4p2hrsx3wdsplv3sj6rjj8xnffu7etahmxggs0f9p07x32z4w8qdzumqrsquz66j	stake1u8kgcfdpefrnf5570v47manyyg85jshlrg4p2hrsx3wdspccdda8v	1141151.77
stake1u80y77jjfcdymt38amg3na9w4p4d89ffw66xqsspdwsa2sqt8epdn	34245.01	2b668b499804ec8dc88bec4bd51ca303825f83be4e36672023469455506baa7a	75689242	addr1q80y77jjfcdymt38amg3na9w4p4d89ffw66xqsspdwsa2sx7faa9yns6fkhz0mk3r862a2r26w2jja45vppqz6ap64qqfjdtz8	stake1u80y77jjfcdymt38amg3na9w4p4d89ffw66xqsspdwsa2sqt8epdn	1025774.90
stake1u887jrylddch0vh4d2kx72h2ax8t7aeq49zvmry4g9wcj4g3gty8j	34103.13	8fea68338d4b0bb79705941413ec778612146441b87829fd523b986a5bad758c	178030856	addr1q887jrylddch0vh4d2kx72h2ax8t7aeq49zvmry4g9wcj4w0ayxf76m3w7e0264vdu4w46vwhamjp22yekxf2s2a392sjqwpcp	stake1u887jrylddch0vh4d2kx72h2ax8t7aeq49zvmry4g9wcj4g3gty8j	93891.52
stake1uykws5pmwjxktdhlkz0pac3cu2guw6fjys2zaanmdew6xrs5lgv4n	33673.04	a4d2f989e1c31dd96d9dfc171e8c7f135f4a4451d3934781ded5bf0c2fe95a77	263885762	addr1qykws5pmwjxktdhlkz0pac3cu2guw6fjys2zaanmdew6xr3vapgrkaydvkm0lvy7rm3r3c53ca5nyfq59mm8kmja5v8qvygvru	stake1uykws5pmwjxktdhlkz0pac3cu2guw6fjys2zaanmdew6xrs5lgv4n	492485.47
stake1u887jrylddch0vh4d2kx72h2ax8t7aeq49zvmry4g9wcj4g3gty8j	33639.17	81ccbee41fc497204a2bfd37df7a1049eebb3d50785db77ee85df0c8e7ae957e	107695852	addr1q887jrylddch0vh4d2kx72h2ax8t7aeq49zvmry4g9wcj4w0ayxf76m3w7e0264vdu4w46vwhamjp22yekxf2s2a392sjqwpcp	stake1u887jrylddch0vh4d2kx72h2ax8t7aeq49zvmry4g9wcj4g3gty8j	328498.01
stake1u80y77jjfcdymt38amg3na9w4p4d89ffw66xqsspdwsa2sqt8epdn	33490.16	4e5516f9e7a2b425bd99d3dcfdd8242a13699b0995b5305abde875eda53b1d3f	115744674	addr1q80y77jjfcdymt38amg3na9w4p4d89ffw66xqsspdwsa2sx7faa9yns6fkhz0mk3r862a2r26w2jja45vppqz6ap64qqfjdtz8	stake1u80y77jjfcdymt38amg3na9w4p4d89ffw66xqsspdwsa2sqt8epdn	2215964.94
stake1u9mymn640v59n3mwyfdsg5t6yu34ut9ufvynavsn0ey40ugqdj6lh	33353.91	c039648b3196b89d165f27d98a0727d13a3b92ceb66f1171067edb43e280dd05	188569098	addr1q9mymn640v59n3mwyfdsg5t6yu34ut9ufvynavsn0ey40utkfh8427egt8rkugjmq3gh5fertcktcjcf86epxljf2lcs642j5p	stake1u9mymn640v59n3mwyfdsg5t6yu34ut9ufvynavsn0ey40ugqdj6lh	115784.42
stake1uykws5pmwjxktdhlkz0pac3cu2guw6fjys2zaanmdew6xrs5lgv4n	32973.18	745e29dcb48905707a3af5b150adde2f54c1b08d1e42c157f859f66d647e6c6a	55198707	addr1qykws5pmwjxktdhlkz0pac3cu2guw6fjys2zaanmdew6xr3vapgrkaydvkm0lvy7rm3r3c53ca5nyfq59mm8kmja5v8qvygvru	stake1uykws5pmwjxktdhlkz0pac3cu2guw6fjys2zaanmdew6xrs5lgv4n	383810.57
stake1uy86sf5xrzcpg2ncddkzz6z2ca2m59qsnu4qxar08g9rvkgwkpjjv	32328.65	61fe2da1a2689d571b3a5560a835a96af4ccb69502350ba9c99da9c4efd1faa2	91569387	addr1qy86sf5xrzcpg2ncddkzz6z2ca2m59qsnu4qxar08g9rvkg04qngvx9szs48s6mvy95y4364hg2pp8e2qd6x7ws2xevsjx8w05	stake1uy86sf5xrzcpg2ncddkzz6z2ca2m59qsnu4qxar08g9rvkgwkpjjv	67465163.31
stake1u9mymn640v59n3mwyfdsg5t6yu34ut9ufvynavsn0ey40ugqdj6lh	32004.47	39ee5fd65926d781f0a5a81ccf24908b4e940b87e2fd6c5351eb1893694dd783	57739050	addr1q9mymn640v59n3mwyfdsg5t6yu34ut9ufvynavsn0ey40utkfh8427egt8rkugjmq3gh5fertcktcjcf86epxljf2lcs642j5p	stake1u9mymn640v59n3mwyfdsg5t6yu34ut9ufvynavsn0ey40ugqdj6lh	155242.83
stake1u8kgcfdpefrnf5570v47manyyg85jshlrg4p2hrsx3wdspccdda8v	31968.23	027b84138db0eea6a87ae3bc3b0eb630732411a400a7bea03a5d42c2ecf9968b	56401822	addr1q8kgcfdpefrnf5570v47manyyg85jshlrg4p2hrsx3wdsplv3sj6rjj8xnffu7etahmxggs0f9p07x32z4w8qdzumqrsquz66j	stake1u8kgcfdpefrnf5570v47manyyg85jshlrg4p2hrsx3wdspccdda8v	66451737.08
stake1u887jrylddch0vh4d2kx72h2ax8t7aeq49zvmry4g9wcj4g3gty8j	31834.73	10247f3c1b1103e0ef45aebdf7a186e0a840f1daf2055b574a0aec77476801b3	60366656	addr1q887jrylddch0vh4d2kx72h2ax8t7aeq49zvmry4g9wcj4w0ayxf76m3w7e0264vdu4w46vwhamjp22yekxf2s2a392sjqwpcp	stake1u887jrylddch0vh4d2kx72h2ax8t7aeq49zvmry4g9wcj4g3gty8j	98792.91
stake1u887jrylddch0vh4d2kx72h2ax8t7aeq49zvmry4g9wcj4g3gty8j	31664.53	882faf6aec7c202c792dbb73218a868ddc90b1320b2bd96b1c05c962233e8ec3	98135572	addr1q887jrylddch0vh4d2kx72h2ax8t7aeq49zvmry4g9wcj4w0ayxf76m3w7e0264vdu4w46vwhamjp22yekxf2s2a392sjqwpcp	stake1u887jrylddch0vh4d2kx72h2ax8t7aeq49zvmry4g9wcj4g3gty8j	278509.29
stake1u887jrylddch0vh4d2kx72h2ax8t7aeq49zvmry4g9wcj4g3gty8j	30987.00	6f80bfc0840b6882aadce6eb2e7170a7b9931c37e9c7f7783b5b9006d8c6f073	125473851	addr1q887jrylddch0vh4d2kx72h2ax8t7aeq49zvmry4g9wcj4w0ayxf76m3w7e0264vdu4w46vwhamjp22yekxf2s2a392sjqwpcp	stake1u887jrylddch0vh4d2kx72h2ax8t7aeq49zvmry4g9wcj4g3gty8j	441764.45
stake1u9mymn640v59n3mwyfdsg5t6yu34ut9ufvynavsn0ey40ugqdj6lh	29312.51	41aa2ab447a18724ee48a086ba49d661080550d6c604c3e69aa6b0d7591a320d	178030696	addr1q9mymn640v59n3mwyfdsg5t6yu34ut9ufvynavsn0ey40utkfh8427egt8rkugjmq3gh5fertcktcjcf86epxljf2lcs642j5p	stake1u9mymn640v59n3mwyfdsg5t6yu34ut9ufvynavsn0ey40ugqdj6lh	98772.21
stake1u887jrylddch0vh4d2kx72h2ax8t7aeq49zvmry4g9wcj4g3gty8j	28027.15	d8baf0cb1cb423147e68c676ee03a26cab2230ac1a885997647a32913d86d70c	129806185	addr1q887jrylddch0vh4d2kx72h2ax8t7aeq49zvmry4g9wcj4w0ayxf76m3w7e0264vdu4w46vwhamjp22yekxf2s2a392sjqwpcp	stake1u887jrylddch0vh4d2kx72h2ax8t7aeq49zvmry4g9wcj4g3gty8j	67445.80
stake1uy86sf5xrzcpg2ncddkzz6z2ca2m59qsnu4qxar08g9rvkgwkpjjv	27843.33	5f395a047388bef18cd0d8600a322c42263b480b7bebc34d8b4181a025e963b6	219114608	addr1qy86sf5xrzcpg2ncddkzz6z2ca2m59qsnu4qxar08g9rvkg04qngvx9szs48s6mvy95y4364hg2pp8e2qd6x7ws2xevsjx8w05	stake1uy86sf5xrzcpg2ncddkzz6z2ca2m59qsnu4qxar08g9rvkgwkpjjv	98569.74
stake1u9mymn640v59n3mwyfdsg5t6yu34ut9ufvynavsn0ey40ugqdj6lh	27825.11	196fb8b55a1b57d0eabd62ba815edbf050b89dfa3eb7c748ba1cc13af0e0ec94	134617683	addr1q9mymn640v59n3mwyfdsg5t6yu34ut9ufvynavsn0ey40utkfh8427egt8rkugjmq3gh5fertcktcjcf86epxljf2lcs642j5p	stake1u9mymn640v59n3mwyfdsg5t6yu34ut9ufvynavsn0ey40ugqdj6lh	865373.35
stake1u9mymn640v59n3mwyfdsg5t6yu34ut9ufvynavsn0ey40ugqdj6lh	27737.42	59273dfbd8e5b6b84400c8546bcc3f939adeb2f7c4dc57c1829c847cb14f789f	60366538	addr1q9mymn640v59n3mwyfdsg5t6yu34ut9ufvynavsn0ey40utkfh8427egt8rkugjmq3gh5fertcktcjcf86epxljf2lcs642j5p	stake1u9mymn640v59n3mwyfdsg5t6yu34ut9ufvynavsn0ey40ugqdj6lh	182980.07
stake1u9mymn640v59n3mwyfdsg5t6yu34ut9ufvynavsn0ey40ugqdj6lh	27576.70	67e1eaf13a76cc60bdc45c70e8da96e35a19e94df95d021f6162822931e7f34f	54415560	addr1q9mymn640v59n3mwyfdsg5t6yu34ut9ufvynavsn0ey40utkfh8427egt8rkugjmq3gh5fertcktcjcf86epxljf2lcs642j5p	stake1u9mymn640v59n3mwyfdsg5t6yu34ut9ufvynavsn0ey40ugqdj6lh	108839.60
stake1u9mymn640v59n3mwyfdsg5t6yu34ut9ufvynavsn0ey40ugqdj6lh	27420.33	bd45923378cc376357f5d36d60531eea573b5d892113cb8d940daedfca7b569d	107695680	addr1q9mymn640v59n3mwyfdsg5t6yu34ut9ufvynavsn0ey40utkfh8427egt8rkugjmq3gh5fertcktcjcf86epxljf2lcs642j5p	stake1u9mymn640v59n3mwyfdsg5t6yu34ut9ufvynavsn0ey40ugqdj6lh	573751.20
stake1u9mymn640v59n3mwyfdsg5t6yu34ut9ufvynavsn0ey40ugqdj6lh	27101.48	85d0f7d9a91a9d32f45ac676eaa78f9c2427642ede28c8498686b67b1b0c464a	98134500	addr1q9mymn640v59n3mwyfdsg5t6yu34ut9ufvynavsn0ey40utkfh8427egt8rkugjmq3gh5fertcktcjcf86epxljf2lcs642j5p	stake1u9mymn640v59n3mwyfdsg5t6yu34ut9ufvynavsn0ey40ugqdj6lh	490062.17
stake1uykws5pmwjxktdhlkz0pac3cu2guw6fjys2zaanmdew6xrs5lgv4n	26912.14	5fe1342d30d47b04915dd9bf83c9d884889f2c1bc17804ec1a51ceb932cda6e6	70177916	addr1qykws5pmwjxktdhlkz0pac3cu2guw6fjys2zaanmdew6xr3vapgrkaydvkm0lvy7rm3r3c53ca5nyfq59mm8kmja5v8qvygvru	stake1uykws5pmwjxktdhlkz0pac3cu2guw6fjys2zaanmdew6xrs5lgv4n	795170.88
stake1u887jrylddch0vh4d2kx72h2ax8t7aeq49zvmry4g9wcj4g3gty8j	26359.69	87daa3505fdba5ca46fc48196597ce69811bc84bfaab0e928dbc3b6af689639f	137503414	addr1q887jrylddch0vh4d2kx72h2ax8t7aeq49zvmry4g9wcj4w0ayxf76m3w7e0264vdu4w46vwhamjp22yekxf2s2a392sjqwpcp	stake1u887jrylddch0vh4d2kx72h2ax8t7aeq49zvmry4g9wcj4g3gty8j	143006.21
stake1u8kgcfdpefrnf5570v47manyyg85jshlrg4p2hrsx3wdspccdda8v	26100.76	691cbaf388a15c1ba07e4d592a17199d3832c7f237c35b850c801cb9e6d734d7	233791666	addr1q8kgcfdpefrnf5570v47manyyg85jshlrg4p2hrsx3wdsplv3sj6rjj8xnffu7etahmxggs0f9p07x32z4w8qdzumqrsquz66j	stake1u8kgcfdpefrnf5570v47manyyg85jshlrg4p2hrsx3wdspccdda8v	154165.82
stake1u887jrylddch0vh4d2kx72h2ax8t7aeq49zvmry4g9wcj4g3gty8j	24798.46	ecca6034fc0c825a02a21e9361950be5fa9adce696047788326c328c19592884	134617853	addr1q887jrylddch0vh4d2kx72h2ax8t7aeq49zvmry4g9wcj4w0ayxf76m3w7e0264vdu4w46vwhamjp22yekxf2s2a392sjqwpcp	stake1u887jrylddch0vh4d2kx72h2ax8t7aeq49zvmry4g9wcj4g3gty8j	116646.69
stake1u9mymn640v59n3mwyfdsg5t6yu34ut9ufvynavsn0ey40ugqdj6lh	24725.79	e6713706b4ba75e4228ca40c182cd0fe7732c3a36ef596c4fcfc2839a2e10a0b	125473590	addr1q9mymn640v59n3mwyfdsg5t6yu34ut9ufvynavsn0ey40utkfh8427egt8rkugjmq3gh5fertcktcjcf86epxljf2lcs642j5p	stake1u9mymn640v59n3mwyfdsg5t6yu34ut9ufvynavsn0ey40ugqdj6lh	766350.41
stake1u9mymn640v59n3mwyfdsg5t6yu34ut9ufvynavsn0ey40ugqdj6lh	24526.39	dd6a3e297c5a6b6d5b0b291f888239b4ab9614978add6d03caf34cdf9a3d3ceb	129805874	addr1q9mymn640v59n3mwyfdsg5t6yu34ut9ufvynavsn0ey40utkfh8427egt8rkugjmq3gh5fertcktcjcf86epxljf2lcs642j5p	stake1u9mymn640v59n3mwyfdsg5t6yu34ut9ufvynavsn0ey40ugqdj6lh	814266.78
stake1u887jrylddch0vh4d2kx72h2ax8t7aeq49zvmry4g9wcj4g3gty8j	24421.80	6843ddeeabab502f10d28666952947c86456e6866d45577be21c2d6b65f06846	127765659	addr1q887jrylddch0vh4d2kx72h2ax8t7aeq49zvmry4g9wcj4w0ayxf76m3w7e0264vdu4w46vwhamjp22yekxf2s2a392sjqwpcp	stake1u887jrylddch0vh4d2kx72h2ax8t7aeq49zvmry4g9wcj4g3gty8j	424920.98
stake1u887jrylddch0vh4d2kx72h2ax8t7aeq49zvmry4g9wcj4g3gty8j	24402.78	ae19dad66879ddf372bfea5f9b827c1d681ea48c0bc636ca85a2215c0e1fac17	131042178	addr1q887jrylddch0vh4d2kx72h2ax8t7aeq49zvmry4g9wcj4w0ayxf76m3w7e0264vdu4w46vwhamjp22yekxf2s2a392sjqwpcp	stake1u887jrylddch0vh4d2kx72h2ax8t7aeq49zvmry4g9wcj4g3gty8j	91848.40
stake1u9mymn640v59n3mwyfdsg5t6yu34ut9ufvynavsn0ey40ugqdj6lh	23857.54	45e0082ff3efe46147d1d134ea12c1bacd469aafb2c7f67c8cb57f6e7c39e24c	131041505	addr1q9mymn640v59n3mwyfdsg5t6yu34ut9ufvynavsn0ey40utkfh8427egt8rkugjmq3gh5fertcktcjcf86epxljf2lcs642j5p	stake1u9mymn640v59n3mwyfdsg5t6yu34ut9ufvynavsn0ey40ugqdj6lh	838124.15
stake1u887jrylddch0vh4d2kx72h2ax8t7aeq49zvmry4g9wcj4g3gty8j	23696.14	8647ea883f31c8eb4f7c39602b6fd92f6ec556eae9949ac273add5ccc732df3b	169787326	addr1q887jrylddch0vh4d2kx72h2ax8t7aeq49zvmry4g9wcj4w0ayxf76m3w7e0264vdu4w46vwhamjp22yekxf2s2a392sjqwpcp	stake1u887jrylddch0vh4d2kx72h2ax8t7aeq49zvmry4g9wcj4g3gty8j	59788.57
stake1u9mymn640v59n3mwyfdsg5t6yu34ut9ufvynavsn0ey40ugqdj6lh	23390.32	8e3707a79bfa9cc3f60229415d11f6c4a696c35a79f3c3aa82a677d8035c773b	127765485	addr1q9mymn640v59n3mwyfdsg5t6yu34ut9ufvynavsn0ey40utkfh8427egt8rkugjmq3gh5fertcktcjcf86epxljf2lcs642j5p	stake1u9mymn640v59n3mwyfdsg5t6yu34ut9ufvynavsn0ey40ugqdj6lh	789740.56
stake1u9mymn640v59n3mwyfdsg5t6yu34ut9ufvynavsn0ey40ugqdj6lh	23031.02	3b7a98ff0a84c0df88ce113c02cc59e1870609975ac54956e167875b91243783	137503325	addr1q9mymn640v59n3mwyfdsg5t6yu34ut9ufvynavsn0ey40utkfh8427egt8rkugjmq3gh5fertcktcjcf86epxljf2lcs642j5p	stake1u9mymn640v59n3mwyfdsg5t6yu34ut9ufvynavsn0ey40ugqdj6lh	49787.69
stake1uykws5pmwjxktdhlkz0pac3cu2guw6fjys2zaanmdew6xrs5lgv4n	23018.46	2b82a0def30e9bb68dc20c3f219a6cd15292789ad219686aceb7adf2d5cf2fc1	160007605	addr1qykws5pmwjxktdhlkz0pac3cu2guw6fjys2zaanmdew6xr3vapgrkaydvkm0lvy7rm3r3c53ca5nyfq59mm8kmja5v8qvygvru	stake1uykws5pmwjxktdhlkz0pac3cu2guw6fjys2zaanmdew6xrs5lgv4n	28319.09
stake1u9mymn640v59n3mwyfdsg5t6yu34ut9ufvynavsn0ey40ugqdj6lh	22898.20	3cddc03a0c29bb0037ff655e3ebc01ca5c0e31d93458edd7e493e27a3a094cfe	71716856	addr1q9mymn640v59n3mwyfdsg5t6yu34ut9ufvynavsn0ey40utkfh8427egt8rkugjmq3gh5fertcktcjcf86epxljf2lcs642j5p	stake1u9mymn640v59n3mwyfdsg5t6yu34ut9ufvynavsn0ey40ugqdj6lh	276939.66
stake1u9mymn640v59n3mwyfdsg5t6yu34ut9ufvynavsn0ey40ugqdj6lh	22109.27	b9d0a13bc137ad421c89f30487d1aba284eff023ac8071fb7401710d9aaf8b6b	141895296	addr1q9mymn640v59n3mwyfdsg5t6yu34ut9ufvynavsn0ey40utkfh8427egt8rkugjmq3gh5fertcktcjcf86epxljf2lcs642j5p	stake1u9mymn640v59n3mwyfdsg5t6yu34ut9ufvynavsn0ey40ugqdj6lh	71896.59
stake1u887jrylddch0vh4d2kx72h2ax8t7aeq49zvmry4g9wcj4g3gty8j	21939.26	b2cb4c8b74e54f108142f50af76ef3d061bb46afbb00d77fe904cfe4fef9ffdd	208561500	addr1q887jrylddch0vh4d2kx72h2ax8t7aeq49zvmry4g9wcj4w0ayxf76m3w7e0264vdu4w46vwhamjp22yekxf2s2a392sjqwpcp	stake1u887jrylddch0vh4d2kx72h2ax8t7aeq49zvmry4g9wcj4g3gty8j	157640.54
stake1u887jrylddch0vh4d2kx72h2ax8t7aeq49zvmry4g9wcj4g3gty8j	21124.70	596c19b943f001c1bb116d60a0d0f5eef5ea5fd50c3ce1c6b45c41614aaa16dd	298232357	addr1q887jrylddch0vh4d2kx72h2ax8t7aeq49zvmry4g9wcj4w0ayxf76m3w7e0264vdu4w46vwhamjp22yekxf2s2a392sjqwpcp	stake1u887jrylddch0vh4d2kx72h2ax8t7aeq49zvmry4g9wcj4g3gty8j	21129.53
stake1u887jrylddch0vh4d2kx72h2ax8t7aeq49zvmry4g9wcj4g3gty8j	20965.45	4542f7e743029e43ea6234f8255b5a73417c42cabdd88a516698262c2c6d2bb8	248412131	addr1q887jrylddch0vh4d2kx72h2ax8t7aeq49zvmry4g9wcj4w0ayxf76m3w7e0264vdu4w46vwhamjp22yekxf2s2a392sjqwpcp	stake1u887jrylddch0vh4d2kx72h2ax8t7aeq49zvmry4g9wcj4g3gty8j	218587.07
stake1u887jrylddch0vh4d2kx72h2ax8t7aeq49zvmry4g9wcj4g3gty8j	20891.43	b76d8ed3b46ecc8ab00581d0c71f8776f6339f309496ba7d979d80b9fd7d49cf	78849848	addr1q887jrylddch0vh4d2kx72h2ax8t7aeq49zvmry4g9wcj4w0ayxf76m3w7e0264vdu4w46vwhamjp22yekxf2s2a392sjqwpcp	stake1u887jrylddch0vh4d2kx72h2ax8t7aeq49zvmry4g9wcj4g3gty8j	184961.72
stake1u9mymn640v59n3mwyfdsg5t6yu34ut9ufvynavsn0ey40ugqdj6lh	20828.13	f9c096532fd422a72e29c352563aca72404a050599adfd0a81ae4d66ab8c1ff5	202909785	addr1q9mymn640v59n3mwyfdsg5t6yu34ut9ufvynavsn0ey40utkfh8427egt8rkugjmq3gh5fertcktcjcf86epxljf2lcs642j5p	stake1u9mymn640v59n3mwyfdsg5t6yu34ut9ufvynavsn0ey40ugqdj6lh	136612.37
stake1u887jrylddch0vh4d2kx72h2ax8t7aeq49zvmry4g9wcj4g3gty8j	20737.19	d25a6119efa432689283e3bcbcc95043c5109f90ed1f1d2183bdff21bf28fa22	141903793	addr1q887jrylddch0vh4d2kx72h2ax8t7aeq49zvmry4g9wcj4w0ayxf76m3w7e0264vdu4w46vwhamjp22yekxf2s2a392sjqwpcp	stake1u887jrylddch0vh4d2kx72h2ax8t7aeq49zvmry4g9wcj4g3gty8j	163682.02
stake1u887jrylddch0vh4d2kx72h2ax8t7aeq49zvmry4g9wcj4g3gty8j	20549.64	5a053df193c63c50d5af61618073470afd56b9bb32ae86d96562ef24b6179e5b	164199014	addr1q887jrylddch0vh4d2kx72h2ax8t7aeq49zvmry4g9wcj4w0ayxf76m3w7e0264vdu4w46vwhamjp22yekxf2s2a392sjqwpcp	stake1u887jrylddch0vh4d2kx72h2ax8t7aeq49zvmry4g9wcj4g3gty8j	278716.28
stake1u9mymn640v59n3mwyfdsg5t6yu34ut9ufvynavsn0ey40ugqdj6lh	20451.67	704518bd4081cac68c6a441552b2d05ad16e8f2b8748396a31c50acd24be193d	169787250	addr1q9mymn640v59n3mwyfdsg5t6yu34ut9ufvynavsn0ey40utkfh8427egt8rkugjmq3gh5fertcktcjcf86epxljf2lcs642j5p	stake1u9mymn640v59n3mwyfdsg5t6yu34ut9ufvynavsn0ey40ugqdj6lh	82430.87
stake1u9mymn640v59n3mwyfdsg5t6yu34ut9ufvynavsn0ey40ugqdj6lh	20326.15	35832bb6bbb1f4e63a2aad57d5548444a4d87fbe19357942efef7d7e77e90fd4	208561148	addr1q9mymn640v59n3mwyfdsg5t6yu34ut9ufvynavsn0ey40utkfh8427egt8rkugjmq3gh5fertcktcjcf86epxljf2lcs642j5p	stake1u9mymn640v59n3mwyfdsg5t6yu34ut9ufvynavsn0ey40ugqdj6lh	138064.56
stake1u9mymn640v59n3mwyfdsg5t6yu34ut9ufvynavsn0ey40ugqdj6lh	20223.35	b359b34a6a3103d5052d988d52299bb779bbaaac9c1627cc6f86ce757b66a4a0	219115407	addr1q9mymn640v59n3mwyfdsg5t6yu34ut9ufvynavsn0ey40utkfh8427egt8rkugjmq3gh5fertcktcjcf86epxljf2lcs642j5p	stake1u9mymn640v59n3mwyfdsg5t6yu34ut9ufvynavsn0ey40ugqdj6lh	156835.55
stake1u887jrylddch0vh4d2kx72h2ax8t7aeq49zvmry4g9wcj4g3gty8j	20069.10	b7e026ce2d1ef8403ae34edfdff17cfa0ebe7db132abd2fa434c68a5f89b5875	66107953	addr1q887jrylddch0vh4d2kx72h2ax8t7aeq49zvmry4g9wcj4w0ayxf76m3w7e0264vdu4w46vwhamjp22yekxf2s2a392sjqwpcp	stake1u887jrylddch0vh4d2kx72h2ax8t7aeq49zvmry4g9wcj4g3gty8j	123972.50
stake1u9mymn640v59n3mwyfdsg5t6yu34ut9ufvynavsn0ey40ugqdj6lh	20048.86	5495c43b698df9ea240aab7b9edd7a80b1fc88e985833500317299cfad02f4db	298232066	addr1q9mymn640v59n3mwyfdsg5t6yu34ut9ufvynavsn0ey40utkfh8427egt8rkugjmq3gh5fertcktcjcf86epxljf2lcs642j5p	stake1u9mymn640v59n3mwyfdsg5t6yu34ut9ufvynavsn0ey40ugqdj6lh	20053.70
stake1u887jrylddch0vh4d2kx72h2ax8t7aeq49zvmry4g9wcj4g3gty8j	20047.78	9865c3affeb09b88faa4e14a2fdd09a40bcfb98c79dddc747543eccd9c828620	202910120	addr1q887jrylddch0vh4d2kx72h2ax8t7aeq49zvmry4g9wcj4w0ayxf76m3w7e0264vdu4w46vwhamjp22yekxf2s2a392sjqwpcp	stake1u887jrylddch0vh4d2kx72h2ax8t7aeq49zvmry4g9wcj4g3gty8j	154324.33
stake1u9mymn640v59n3mwyfdsg5t6yu34ut9ufvynavsn0ey40ugqdj6lh	19896.05	8af570fc1d25a4cc864f814f06937b64e78a16e4405be2546e0ebb701f83ef9a	254813865	addr1q9mymn640v59n3mwyfdsg5t6yu34ut9ufvynavsn0ey40utkfh8427egt8rkugjmq3gh5fertcktcjcf86epxljf2lcs642j5p	stake1u9mymn640v59n3mwyfdsg5t6yu34ut9ufvynavsn0ey40ugqdj6lh	185849.85
stake1u887jrylddch0vh4d2kx72h2ax8t7aeq49zvmry4g9wcj4g3gty8j	19665.14	34dbf398e6bcc70484f1ebed54e5815b517f3d758002568978f769d1a9b63922	119384087	addr1q887jrylddch0vh4d2kx72h2ax8t7aeq49zvmry4g9wcj4w0ayxf76m3w7e0264vdu4w46vwhamjp22yekxf2s2a392sjqwpcp	stake1u887jrylddch0vh4d2kx72h2ax8t7aeq49zvmry4g9wcj4g3gty8j	396811.51
stake1u887jrylddch0vh4d2kx72h2ax8t7aeq49zvmry4g9wcj4g3gty8j	19641.63	9e8e00e8165ed3f16d7a0662f62802de1e49f26dcfab9712ec52e3ec1a13e18e	213290439	addr1q887jrylddch0vh4d2kx72h2ax8t7aeq49zvmry4g9wcj4w0ayxf76m3w7e0264vdu4w46vwhamjp22yekxf2s2a392sjqwpcp	stake1u887jrylddch0vh4d2kx72h2ax8t7aeq49zvmry4g9wcj4g3gty8j	173965.78
stake1uykws5pmwjxktdhlkz0pac3cu2guw6fjys2zaanmdew6xrs5lgv4n	19309.13	53d9a08a3c5fe25058b3b8cb2a98d14949ec59d9f4d2723c3ffe7cc661482903	298232451	addr1qykws5pmwjxktdhlkz0pac3cu2guw6fjys2zaanmdew6xr3vapgrkaydvkm0lvy7rm3r3c53ca5nyfq59mm8kmja5v8qvygvru	stake1uykws5pmwjxktdhlkz0pac3cu2guw6fjys2zaanmdew6xrs5lgv4n	19313.97
stake1u9mymn640v59n3mwyfdsg5t6yu34ut9ufvynavsn0ey40ugqdj6lh	19214.62	75dd6e7b249d33088044eeb57492ef8851ef6c58015d1d9420457ba99c5abbba	241744841	addr1q9mymn640v59n3mwyfdsg5t6yu34ut9ufvynavsn0ey40utkfh8427egt8rkugjmq3gh5fertcktcjcf86epxljf2lcs642j5p	stake1u9mymn640v59n3mwyfdsg5t6yu34ut9ufvynavsn0ey40ugqdj6lh	165953.97
stake1uykws5pmwjxktdhlkz0pac3cu2guw6fjys2zaanmdew6xrs5lgv4n	19108.96	9b850a2fda493ff396be97bfe0933bebee7152fa28a07fd0884415b3ad2e5222	202909081	addr1qykws5pmwjxktdhlkz0pac3cu2guw6fjys2zaanmdew6xr3vapgrkaydvkm0lvy7rm3r3c53ca5nyfq59mm8kmja5v8qvygvru	stake1uykws5pmwjxktdhlkz0pac3cu2guw6fjys2zaanmdew6xrs5lgv4n	328609.08
stake1u887jrylddch0vh4d2kx72h2ax8t7aeq49zvmry4g9wcj4g3gty8j	19065.82	fa049ce4c9b2d5586a167bfc400ece748ce882c8f185117e08baa43adeecaabe	57739251	addr1q887jrylddch0vh4d2kx72h2ax8t7aeq49zvmry4g9wcj4w0ayxf76m3w7e0264vdu4w46vwhamjp22yekxf2s2a392sjqwpcp	stake1u887jrylddch0vh4d2kx72h2ax8t7aeq49zvmry4g9wcj4g3gty8j	85680.48
stake1u9mymn640v59n3mwyfdsg5t6yu34ut9ufvynavsn0ey40ugqdj6lh	18966.56	d5690a3245a054c93b7881dc1617bd486053e4afee82e843970d449a6beda6c0	195400151	addr1q9mymn640v59n3mwyfdsg5t6yu34ut9ufvynavsn0ey40utkfh8427egt8rkugjmq3gh5fertcktcjcf86epxljf2lcs642j5p	stake1u9mymn640v59n3mwyfdsg5t6yu34ut9ufvynavsn0ey40ugqdj6lh	117738.59
stake1u9mymn640v59n3mwyfdsg5t6yu34ut9ufvynavsn0ey40ugqdj6lh	18950.63	221cd55024bee6529a6c6b8435838d46fcacddb98e328681883144adbcc13a57	248411699	addr1q9mymn640v59n3mwyfdsg5t6yu34ut9ufvynavsn0ey40utkfh8427egt8rkugjmq3gh5fertcktcjcf86epxljf2lcs642j5p	stake1u9mymn640v59n3mwyfdsg5t6yu34ut9ufvynavsn0ey40ugqdj6lh	175786.00
stake1u9mymn640v59n3mwyfdsg5t6yu34ut9ufvynavsn0ey40ugqdj6lh	18941.38	7beffde2bdd54484a1132012e93b13d0cd6bbbe17b2c564bf22b9ab4e027de5a	213290233	addr1q9mymn640v59n3mwyfdsg5t6yu34ut9ufvynavsn0ey40utkfh8427egt8rkugjmq3gh5fertcktcjcf86epxljf2lcs642j5p	stake1u9mymn640v59n3mwyfdsg5t6yu34ut9ufvynavsn0ey40ugqdj6lh	143647.37
stake1u887jrylddch0vh4d2kx72h2ax8t7aeq49zvmry4g9wcj4g3gty8j	18875.00	d39e0c243e923b54496ece3fc711bfecfdceaa97d12e8f5cb189dda3b9981bc3	254814137	addr1q887jrylddch0vh4d2kx72h2ax8t7aeq49zvmry4g9wcj4w0ayxf76m3w7e0264vdu4w46vwhamjp22yekxf2s2a392sjqwpcp	stake1u887jrylddch0vh4d2kx72h2ax8t7aeq49zvmry4g9wcj4g3gty8j	231889.61
stake1u887jrylddch0vh4d2kx72h2ax8t7aeq49zvmry4g9wcj4g3gty8j	18417.66	8f6dce15516d6e20c146d48d40362b88cbce604dd140b2da3d20cd4a21e6ffc6	241745168	addr1q887jrylddch0vh4d2kx72h2ax8t7aeq49zvmry4g9wcj4w0ayxf76m3w7e0264vdu4w46vwhamjp22yekxf2s2a392sjqwpcp	stake1u887jrylddch0vh4d2kx72h2ax8t7aeq49zvmry4g9wcj4g3gty8j	197621.80
stake1u887jrylddch0vh4d2kx72h2ax8t7aeq49zvmry4g9wcj4g3gty8j	18395.60	225bfa8d10324bdb6a5751e08a65cc85761f1fd012808c1ed59226b9b5eb69af	219115888	addr1q887jrylddch0vh4d2kx72h2ax8t7aeq49zvmry4g9wcj4w0ayxf76m3w7e0264vdu4w46vwhamjp22yekxf2s2a392sjqwpcp	stake1u887jrylddch0vh4d2kx72h2ax8t7aeq49zvmry4g9wcj4g3gty8j	176035.97
stake1u887jrylddch0vh4d2kx72h2ax8t7aeq49zvmry4g9wcj4g3gty8j	18223.27	4bac464e7269e9507b9a43725be2f7757f7bb034fcede95e8e91f9d707503ac2	62468036	addr1q887jrylddch0vh4d2kx72h2ax8t7aeq49zvmry4g9wcj4w0ayxf76m3w7e0264vdu4w46vwhamjp22yekxf2s2a392sjqwpcp	stake1u887jrylddch0vh4d2kx72h2ax8t7aeq49zvmry4g9wcj4g3gty8j	103903.57
stake1u887jrylddch0vh4d2kx72h2ax8t7aeq49zvmry4g9wcj4g3gty8j	18041.36	efa1829691ffe9851acacde182f0851df9b1b4cc34b7e218beb78db46717267c	71719234	addr1q887jrylddch0vh4d2kx72h2ax8t7aeq49zvmry4g9wcj4w0ayxf76m3w7e0264vdu4w46vwhamjp22yekxf2s2a392sjqwpcp	stake1u887jrylddch0vh4d2kx72h2ax8t7aeq49zvmry4g9wcj4g3gty8j	149031.76
stake1u887jrylddch0vh4d2kx72h2ax8t7aeq49zvmry4g9wcj4g3gty8j	18028.47	90703eb8b311c95544d46b47c864fd8d6a13534caff152a762a6faa16b653850	114126302	addr1q887jrylddch0vh4d2kx72h2ax8t7aeq49zvmry4g9wcj4w0ayxf76m3w7e0264vdu4w46vwhamjp22yekxf2s2a392sjqwpcp	stake1u887jrylddch0vh4d2kx72h2ax8t7aeq49zvmry4g9wcj4g3gty8j	359286.80
stake1u887jrylddch0vh4d2kx72h2ax8t7aeq49zvmry4g9wcj4g3gty8j	17945.98	7022c54682ed318bd9c0fa05004dedd474980045a836953bf7d7f5a270439b4e	195400615	addr1q887jrylddch0vh4d2kx72h2ax8t7aeq49zvmry4g9wcj4w0ayxf76m3w7e0264vdu4w46vwhamjp22yekxf2s2a392sjqwpcp	stake1u887jrylddch0vh4d2kx72h2ax8t7aeq49zvmry4g9wcj4g3gty8j	135701.45
stake1u887jrylddch0vh4d2kx72h2ax8t7aeq49zvmry4g9wcj4g3gty8j	17829.41	19ec041319fa6318405c204a440476d3bbc5a6d93a1eb5272bdacd2396fc12f1	285006964	addr1q887jrylddch0vh4d2kx72h2ax8t7aeq49zvmry4g9wcj4w0ayxf76m3w7e0264vdu4w46vwhamjp22yekxf2s2a392sjqwpcp	stake1u887jrylddch0vh4d2kx72h2ax8t7aeq49zvmry4g9wcj4g3gty8j	5074146.31
stake1u9mymn640v59n3mwyfdsg5t6yu34ut9ufvynavsn0ey40ugqdj6lh	17555.22	f2c66192aafd7b2ed839a368170e6afc1b981ce1af902a94849d23ee911acdb0	285006809	addr1q9mymn640v59n3mwyfdsg5t6yu34ut9ufvynavsn0ey40utkfh8427egt8rkugjmq3gh5fertcktcjcf86epxljf2lcs642j5p	stake1u9mymn640v59n3mwyfdsg5t6yu34ut9ufvynavsn0ey40ugqdj6lh	5389649.87
stake1u887jrylddch0vh4d2kx72h2ax8t7aeq49zvmry4g9wcj4g3gty8j	17520.04	d516d3aaa77de40636ed279aa3a5fb0fb8656a6c62ccf27210e1aed4c4a9b66e	64696367	addr1q887jrylddch0vh4d2kx72h2ax8t7aeq49zvmry4g9wcj4w0ayxf76m3w7e0264vdu4w46vwhamjp22yekxf2s2a392sjqwpcp	stake1u887jrylddch0vh4d2kx72h2ax8t7aeq49zvmry4g9wcj4g3gty8j	116312.78
stake1u9mymn640v59n3mwyfdsg5t6yu34ut9ufvynavsn0ey40ugqdj6lh	17480.60	0e96425b1501d0bfc928faa8691799f09d1abd6a6ac8c636bbc0a6afe8ef6dd9	164198758	addr1q9mymn640v59n3mwyfdsg5t6yu34ut9ufvynavsn0ey40utkfh8427egt8rkugjmq3gh5fertcktcjcf86epxljf2lcs642j5p	stake1u9mymn640v59n3mwyfdsg5t6yu34ut9ufvynavsn0ey40ugqdj6lh	62030.22
stake1uykws5pmwjxktdhlkz0pac3cu2guw6fjys2zaanmdew6xrs5lgv4n	17453.98	715b2bf088e787c09b37b0f69f65923e8359106f473d79846c6014546e64f2ba	195404944	addr1qykws5pmwjxktdhlkz0pac3cu2guw6fjys2zaanmdew6xr3vapgrkaydvkm0lvy7rm3r3c53ca5nyfq59mm8kmja5v8qvygvru	stake1uykws5pmwjxktdhlkz0pac3cu2guw6fjys2zaanmdew6xrs5lgv4n	309520.64
stake1u887jrylddch0vh4d2kx72h2ax8t7aeq49zvmry4g9wcj4g3gty8j	17209.32	797724130e0c411ce4f3e28f86a989449acf86997172644265db237bd98ebc1d	281552288	addr1q887jrylddch0vh4d2kx72h2ax8t7aeq49zvmry4g9wcj4w0ayxf76m3w7e0264vdu4w46vwhamjp22yekxf2s2a392sjqwpcp	stake1u887jrylddch0vh4d2kx72h2ax8t7aeq49zvmry4g9wcj4g3gty8j	283094.01
stake1u887jrylddch0vh4d2kx72h2ax8t7aeq49zvmry4g9wcj4g3gty8j	17198.18	825d126f93860d66da59b6fd72da0ef21d4f6d0d7d67de2fc7e8039cba253c28	268725235	addr1q887jrylddch0vh4d2kx72h2ax8t7aeq49zvmry4g9wcj4w0ayxf76m3w7e0264vdu4w46vwhamjp22yekxf2s2a392sjqwpcp	stake1u887jrylddch0vh4d2kx72h2ax8t7aeq49zvmry4g9wcj4g3gty8j	249087.61
stake1u887jrylddch0vh4d2kx72h2ax8t7aeq49zvmry4g9wcj4g3gty8j	17124.65	2d344ca279a64e083646ed722bbe3df2f83d5b8fea49cc9286bb423b7d65124e	83626388	addr1q887jrylddch0vh4d2kx72h2ax8t7aeq49zvmry4g9wcj4w0ayxf76m3w7e0264vdu4w46vwhamjp22yekxf2s2a392sjqwpcp	stake1u887jrylddch0vh4d2kx72h2ax8t7aeq49zvmry4g9wcj4g3gty8j	202086.20
stake1u887jrylddch0vh4d2kx72h2ax8t7aeq49zvmry4g9wcj4g3gty8j	16969.32	816c526d05c8e5776804e45bc8cd3e490bb450522bed7a90f84e5469f9aa395a	70178873	addr1q887jrylddch0vh4d2kx72h2ax8t7aeq49zvmry4g9wcj4w0ayxf76m3w7e0264vdu4w46vwhamjp22yekxf2s2a392sjqwpcp	stake1u887jrylddch0vh4d2kx72h2ax8t7aeq49zvmry4g9wcj4g3gty8j	140941.65
stake1uykws5pmwjxktdhlkz0pac3cu2guw6fjys2zaanmdew6xrs5lgv4n	16858.83	73b88873b25758f789d6f0c6a49754cf86be86fa7b3b2656abe39f2b91b702b6	285006684	addr1qykws5pmwjxktdhlkz0pac3cu2guw6fjys2zaanmdew6xr3vapgrkaydvkm0lvy7rm3r3c53ca5nyfq59mm8kmja5v8qvygvru	stake1uykws5pmwjxktdhlkz0pac3cu2guw6fjys2zaanmdew6xrs5lgv4n	5211648.80
stake1u887jrylddch0vh4d2kx72h2ax8t7aeq49zvmry4g9wcj4g3gty8j	16797.43	e1b117e31171a38d34ad3ae74be7ceea40be63126265f0dec652dec43e67ff5f	273478525	addr1q887jrylddch0vh4d2kx72h2ax8t7aeq49zvmry4g9wcj4w0ayxf76m3w7e0264vdu4w46vwhamjp22yekxf2s2a392sjqwpcp	stake1u887jrylddch0vh4d2kx72h2ax8t7aeq49zvmry4g9wcj4g3gty8j	265884.87
stake1u9mymn640v59n3mwyfdsg5t6yu34ut9ufvynavsn0ey40ugqdj6lh	16726.91	069aa3686270064459a50dcbb4e4207b1eb5c2d0742904d4dfe70c0803831d89	281552135	addr1q9mymn640v59n3mwyfdsg5t6yu34ut9ufvynavsn0ey40utkfh8427egt8rkugjmq3gh5fertcktcjcf86epxljf2lcs642j5p	stake1u9mymn640v59n3mwyfdsg5t6yu34ut9ufvynavsn0ey40ugqdj6lh	16729.40
stake1uykws5pmwjxktdhlkz0pac3cu2guw6fjys2zaanmdew6xrs5lgv4n	16672.55	c176eb6bdf5c383cbc064f588dde278460b006009395e741048a96ca2c917e4d	208559785	addr1qykws5pmwjxktdhlkz0pac3cu2guw6fjys2zaanmdew6xr3vapgrkaydvkm0lvy7rm3r3c53ca5nyfq59mm8kmja5v8qvygvru	stake1uykws5pmwjxktdhlkz0pac3cu2guw6fjys2zaanmdew6xrs5lgv4n	345281.46
stake1u887jrylddch0vh4d2kx72h2ax8t7aeq49zvmry4g9wcj4g3gty8j	16669.27	7c8f9e781f68e288cc6e1e98aa3892e6815c2e2dfb6695b60a63a65f6938c0ea	113148068	addr1q887jrylddch0vh4d2kx72h2ax8t7aeq49zvmry4g9wcj4w0ayxf76m3w7e0264vdu4w46vwhamjp22yekxf2s2a392sjqwpcp	stake1u887jrylddch0vh4d2kx72h2ax8t7aeq49zvmry4g9wcj4g3gty8j	345167.12
stake1u887jrylddch0vh4d2kx72h2ax8t7aeq49zvmry4g9wcj4g3gty8j	16665.46	f57620cac18d7774891ae1225c5b38eade39848ee6bfa3a830f30bfb4ea7ff8a	90482997	addr1q887jrylddch0vh4d2kx72h2ax8t7aeq49zvmry4g9wcj4w0ayxf76m3w7e0264vdu4w46vwhamjp22yekxf2s2a392sjqwpcp	stake1u887jrylddch0vh4d2kx72h2ax8t7aeq49zvmry4g9wcj4g3gty8j	232694.35
stake1u887jrylddch0vh4d2kx72h2ax8t7aeq49zvmry4g9wcj4g3gty8j	16615.37	2d1b68e69310a7bc9bbfdd470729aabb198a98aabc43eed895576f9842ebd881	117675140	addr1q887jrylddch0vh4d2kx72h2ax8t7aeq49zvmry4g9wcj4w0ayxf76m3w7e0264vdu4w46vwhamjp22yekxf2s2a392sjqwpcp	stake1u887jrylddch0vh4d2kx72h2ax8t7aeq49zvmry4g9wcj4g3gty8j	377146.74
stake1u887jrylddch0vh4d2kx72h2ax8t7aeq49zvmry4g9wcj4g3gty8j	16579.33	030e23188fa089f99cc48f6e4c9e591038a6ef32b31815cf93001a4474338172	116209329	addr1q887jrylddch0vh4d2kx72h2ax8t7aeq49zvmry4g9wcj4w0ayxf76m3w7e0264vdu4w46vwhamjp22yekxf2s2a392sjqwpcp	stake1u887jrylddch0vh4d2kx72h2ax8t7aeq49zvmry4g9wcj4g3gty8j	375865.96
stake1u9mymn640v59n3mwyfdsg5t6yu34ut9ufvynavsn0ey40ugqdj6lh	16578.79	cbc1677f23ed3dee777e56bcd7a5e292a8b7e7a6f4fd81014a645573c12d4e3e	68138014	addr1q9mymn640v59n3mwyfdsg5t6yu34ut9ufvynavsn0ey40utkfh8427egt8rkugjmq3gh5fertcktcjcf86epxljf2lcs642j5p	stake1u9mymn640v59n3mwyfdsg5t6yu34ut9ufvynavsn0ey40ugqdj6lh	244072.30
stake1u887jrylddch0vh4d2kx72h2ax8t7aeq49zvmry4g9wcj4g3gty8j	16465.94	7e85f7ac5b3198e12eb317551f30b052d317fd127e0b5f5363e6e1d5a80a78d4	100849647	addr1q887jrylddch0vh4d2kx72h2ax8t7aeq49zvmry4g9wcj4w0ayxf76m3w7e0264vdu4w46vwhamjp22yekxf2s2a392sjqwpcp	stake1u887jrylddch0vh4d2kx72h2ax8t7aeq49zvmry4g9wcj4g3gty8j	271892.12
stake1u887jrylddch0vh4d2kx72h2ax8t7aeq49zvmry4g9wcj4g3gty8j	16441.92	d3e64e86f693b1b2cdbdfda71af0ec578d0a22c5450282fc4d783e7e6c72fe2b	277433601	addr1q887jrylddch0vh4d2kx72h2ax8t7aeq49zvmry4g9wcj4w0ayxf76m3w7e0264vdu4w46vwhamjp22yekxf2s2a392sjqwpcp	stake1u887jrylddch0vh4d2kx72h2ax8t7aeq49zvmry4g9wcj4g3gty8j	270617.86
stake1u887jrylddch0vh4d2kx72h2ax8t7aeq49zvmry4g9wcj4g3gty8j	16349.90	82abd7f05f16fbef77b5f5076e7f2aca849d4688bc3bbd6bb2b1805d9e540a1a	103959249	addr1q887jrylddch0vh4d2kx72h2ax8t7aeq49zvmry4g9wcj4w0ayxf76m3w7e0264vdu4w46vwhamjp22yekxf2s2a392sjqwpcp	stake1u887jrylddch0vh4d2kx72h2ax8t7aeq49zvmry4g9wcj4g3gty8j	294859.02
stake1u9mymn640v59n3mwyfdsg5t6yu34ut9ufvynavsn0ey40ugqdj6lh	16241.28	47ba422ff680c2e7780b49593f3e52690ad82db5a5d191dcf8dee2283830897c	277433220	addr1q9mymn640v59n3mwyfdsg5t6yu34ut9ufvynavsn0ey40utkfh8427egt8rkugjmq3gh5fertcktcjcf86epxljf2lcs642j5p	stake1u9mymn640v59n3mwyfdsg5t6yu34ut9ufvynavsn0ey40ugqdj6lh	210726.91
stake1u9mymn640v59n3mwyfdsg5t6yu34ut9ufvynavsn0ey40ugqdj6lh	16235.26	deeeef4a8a704214425de64f26795a76639fd971ea2138bad14c988b2840c460	268725012	addr1q9mymn640v59n3mwyfdsg5t6yu34ut9ufvynavsn0ey40utkfh8427egt8rkugjmq3gh5fertcktcjcf86epxljf2lcs642j5p	stake1u9mymn640v59n3mwyfdsg5t6yu34ut9ufvynavsn0ey40ugqdj6lh	194485.80
stake1u9mymn640v59n3mwyfdsg5t6yu34ut9ufvynavsn0ey40ugqdj6lh	16178.56	ff1f82f845d809ed7ec6ca5be770dcfb7f004a0cb0be5d01144c123990438546	83626436	addr1q9mymn640v59n3mwyfdsg5t6yu34ut9ufvynavsn0ey40utkfh8427egt8rkugjmq3gh5fertcktcjcf86epxljf2lcs642j5p	stake1u9mymn640v59n3mwyfdsg5t6yu34ut9ufvynavsn0ey40ugqdj6lh	374121.16
stake1uykws5pmwjxktdhlkz0pac3cu2guw6fjys2zaanmdew6xrs5lgv4n	16171.34	fe64e21eb5659ac9dc62e5d1b748e9bd9dbe932c8a60e71cfd9b3913a3103e47	254812729	addr1qykws5pmwjxktdhlkz0pac3cu2guw6fjys2zaanmdew6xr3vapgrkaydvkm0lvy7rm3r3c53ca5nyfq59mm8kmja5v8qvygvru	stake1uykws5pmwjxktdhlkz0pac3cu2guw6fjys2zaanmdew6xrs5lgv4n	458812.60
stake1u9mymn640v59n3mwyfdsg5t6yu34ut9ufvynavsn0ey40ugqdj6lh	16122.44	d3b98b61041ff30c34478ca6260456a2f32561a7a555db199f9da3e6530fdeff	89549357	addr1q9mymn640v59n3mwyfdsg5t6yu34ut9ufvynavsn0ey40utkfh8427egt8rkugjmq3gh5fertcktcjcf86epxljf2lcs642j5p	stake1u9mymn640v59n3mwyfdsg5t6yu34ut9ufvynavsn0ey40ugqdj6lh	413556.49
stake1uykws5pmwjxktdhlkz0pac3cu2guw6fjys2zaanmdew6xrs5lgv4n	16111.56	2c927b08f7b890cf45917fd957cf6e0a8e40082131615a1f1326775e71faed2c	277432728	addr1qykws5pmwjxktdhlkz0pac3cu2guw6fjys2zaanmdew6xr3vapgrkaydvkm0lvy7rm3r3c53ca5nyfq59mm8kmja5v8qvygvru	stake1uykws5pmwjxktdhlkz0pac3cu2guw6fjys2zaanmdew6xrs5lgv4n	531051.55
stake1u887jrylddch0vh4d2kx72h2ax8t7aeq49zvmry4g9wcj4g3gty8j	16015.83	7b613cf2b5c6c36adf20ee078db92cbfb8d6b954eec34f0e2c5ceae3638fece7	118718440	addr1q887jrylddch0vh4d2kx72h2ax8t7aeq49zvmry4g9wcj4w0ayxf76m3w7e0264vdu4w46vwhamjp22yekxf2s2a392sjqwpcp	stake1u887jrylddch0vh4d2kx72h2ax8t7aeq49zvmry4g9wcj4g3gty8j	391881.61
stake1u887jrylddch0vh4d2kx72h2ax8t7aeq49zvmry4g9wcj4g3gty8j	16001.50	7da95b552f9a5ff8a094b7056af65c5da18ae0f3726e49c3b0c59f5b180d166e	104942058	addr1q887jrylddch0vh4d2kx72h2ax8t7aeq49zvmry4g9wcj4w0ayxf76m3w7e0264vdu4w46vwhamjp22yekxf2s2a392sjqwpcp	stake1u887jrylddch0vh4d2kx72h2ax8t7aeq49zvmry4g9wcj4g3gty8j	302144.19
stake1u887jrylddch0vh4d2kx72h2ax8t7aeq49zvmry4g9wcj4g3gty8j	16001.14	783cf91278ec108dc1b01c7a70100fb7349f454d157d548c6d0d3504b4ab16e6	51874901	addr1q887jrylddch0vh4d2kx72h2ax8t7aeq49zvmry4g9wcj4w0ayxf76m3w7e0264vdu4w46vwhamjp22yekxf2s2a392sjqwpcp	stake1u887jrylddch0vh4d2kx72h2ax8t7aeq49zvmry4g9wcj4g3gty8j	16008.11
stake1uykws5pmwjxktdhlkz0pac3cu2guw6fjys2zaanmdew6xrs5lgv4n	15941.31	75b7b81382c86795392a3ddc2957fdc1158492b1fbd318dd3623ae0536f8145d	213289357	addr1qykws5pmwjxktdhlkz0pac3cu2guw6fjys2zaanmdew6xr3vapgrkaydvkm0lvy7rm3r3c53ca5nyfq59mm8kmja5v8qvygvru	stake1uykws5pmwjxktdhlkz0pac3cu2guw6fjys2zaanmdew6xrs5lgv4n	361222.60
stake1u887jrylddch0vh4d2kx72h2ax8t7aeq49zvmry4g9wcj4g3gty8j	15690.95	e4aac2afb461348d8bff763aafc703ab6773976f7c871a3281c574e34ec430d6	95788932	addr1q887jrylddch0vh4d2kx72h2ax8t7aeq49zvmry4g9wcj4w0ayxf76m3w7e0264vdu4w46vwhamjp22yekxf2s2a392sjqwpcp	stake1u887jrylddch0vh4d2kx72h2ax8t7aeq49zvmry4g9wcj4g3gty8j	255426.35
stake1u9mymn640v59n3mwyfdsg5t6yu34ut9ufvynavsn0ey40ugqdj6lh	15681.40	8282abe4f3e94afeab1816590f03a6a8aba863924dea2068c0ab0d2e18ddba5a	273478248	addr1q9mymn640v59n3mwyfdsg5t6yu34ut9ufvynavsn0ey40utkfh8427egt8rkugjmq3gh5fertcktcjcf86epxljf2lcs642j5p	stake1u9mymn640v59n3mwyfdsg5t6yu34ut9ufvynavsn0ey40ugqdj6lh	201531.07
stake1uykws5pmwjxktdhlkz0pac3cu2guw6fjys2zaanmdew6xrs5lgv4n	15488.73	da68f4fb6d7e53312b03e64a39a0bcf1592d421e0e9222c54b48dd21586b6d17	219114228	addr1qykws5pmwjxktdhlkz0pac3cu2guw6fjys2zaanmdew6xr3vapgrkaydvkm0lvy7rm3r3c53ca5nyfq59mm8kmja5v8qvygvru	stake1uykws5pmwjxktdhlkz0pac3cu2guw6fjys2zaanmdew6xrs5lgv4n	376711.16
stake1u9mymn640v59n3mwyfdsg5t6yu34ut9ufvynavsn0ey40ugqdj6lh	15451.93	7c1f09d661d06d1bdc142a3d6960d99d8ef0a6c6806f25d718ad61464be91c84	66107971	addr1q9mymn640v59n3mwyfdsg5t6yu34ut9ufvynavsn0ey40utkfh8427egt8rkugjmq3gh5fertcktcjcf86epxljf2lcs642j5p	stake1u9mymn640v59n3mwyfdsg5t6yu34ut9ufvynavsn0ey40ugqdj6lh	227493.68
stake1u887jrylddch0vh4d2kx72h2ax8t7aeq49zvmry4g9wcj4g3gty8j	15364.60	df98e83451fc8cca229870a2c03bbc30670dc3fa9eab92e6e10cf60c68190514	115745396	addr1q887jrylddch0vh4d2kx72h2ax8t7aeq49zvmry4g9wcj4w0ayxf76m3w7e0264vdu4w46vwhamjp22yekxf2s2a392sjqwpcp	stake1u887jrylddch0vh4d2kx72h2ax8t7aeq49zvmry4g9wcj4g3gty8j	360531.54
stake1u887jrylddch0vh4d2kx72h2ax8t7aeq49zvmry4g9wcj4g3gty8j	15246.67	286a8730e4c1e6e2526d98deaf47c25f50a35c4707071f7505c0963fa3429eb8	73851979	addr1q887jrylddch0vh4d2kx72h2ax8t7aeq49zvmry4g9wcj4w0ayxf76m3w7e0264vdu4w46vwhamjp22yekxf2s2a392sjqwpcp	stake1u887jrylddch0vh4d2kx72h2ax8t7aeq49zvmry4g9wcj4g3gty8j	156188.14
stake1u887jrylddch0vh4d2kx72h2ax8t7aeq49zvmry4g9wcj4g3gty8j	15038.88	c9afe453c126043e2ef64b039739680e71e8250cffc2ade511208c32ad08d56a	75690177	addr1q887jrylddch0vh4d2kx72h2ax8t7aeq49zvmry4g9wcj4w0ayxf76m3w7e0264vdu4w46vwhamjp22yekxf2s2a392sjqwpcp	stake1u887jrylddch0vh4d2kx72h2ax8t7aeq49zvmry4g9wcj4g3gty8j	164070.47
stake1u9mymn640v59n3mwyfdsg5t6yu34ut9ufvynavsn0ey40ugqdj6lh	15027.38	1c48463b0f5e659b5788ea2d5067bb19b00c3793d4fe9ed21f786493b001aff4	75688862	addr1q9mymn640v59n3mwyfdsg5t6yu34ut9ufvynavsn0ey40utkfh8427egt8rkugjmq3gh5fertcktcjcf86epxljf2lcs642j5p	stake1u9mymn640v59n3mwyfdsg5t6yu34ut9ufvynavsn0ey40ugqdj6lh	305315.13
stake1u9mymn640v59n3mwyfdsg5t6yu34ut9ufvynavsn0ey40ugqdj6lh	14915.96	0b7ee15d859bac1c5b98a3cbb458287e0cb2ccb7965bda9b927dc9637597d862	64696345	addr1q9mymn640v59n3mwyfdsg5t6yu34ut9ufvynavsn0ey40utkfh8427egt8rkugjmq3gh5fertcktcjcf86epxljf2lcs642j5p	stake1u9mymn640v59n3mwyfdsg5t6yu34ut9ufvynavsn0ey40ugqdj6lh	212041.93
stake1u9mymn640v59n3mwyfdsg5t6yu34ut9ufvynavsn0ey40ugqdj6lh	14881.30	0f8abb3c3986c7155df45d82c660a8d2c1a261e09d4da11208a758628c6c074b	120988637	addr1q9mymn640v59n3mwyfdsg5t6yu34ut9ufvynavsn0ey40utkfh8427egt8rkugjmq3gh5fertcktcjcf86epxljf2lcs642j5p	stake1u9mymn640v59n3mwyfdsg5t6yu34ut9ufvynavsn0ey40ugqdj6lh	713695.29
stake1u9mymn640v59n3mwyfdsg5t6yu34ut9ufvynavsn0ey40ugqdj6lh	14819.60	2071c8c594133f529520bf73e275f6b9dc2cd82ef4cd1bf6f4b6b24b310e6e7c	103956926	addr1q9mymn640v59n3mwyfdsg5t6yu34ut9ufvynavsn0ey40utkfh8427egt8rkugjmq3gh5fertcktcjcf86epxljf2lcs642j5p	stake1u9mymn640v59n3mwyfdsg5t6yu34ut9ufvynavsn0ey40ugqdj6lh	531574.60
stake1u9mymn640v59n3mwyfdsg5t6yu34ut9ufvynavsn0ey40ugqdj6lh	14756.61	a97f044d6b37d66cb116fe4701f82289bde80a8f44215c0ff217f3a0c4a08b75	104941689	addr1q9mymn640v59n3mwyfdsg5t6yu34ut9ufvynavsn0ey40utkfh8427egt8rkugjmq3gh5fertcktcjcf86epxljf2lcs642j5p	stake1u9mymn640v59n3mwyfdsg5t6yu34ut9ufvynavsn0ey40ugqdj6lh	546331.04
stake1u887jrylddch0vh4d2kx72h2ax8t7aeq49zvmry4g9wcj4g3gty8j	14721.31	daa90a655ccb66064ae1cdc72b6b4a3c51cb415c34f16e2a13b6631f5c04838d	89549377	addr1q887jrylddch0vh4d2kx72h2ax8t7aeq49zvmry4g9wcj4w0ayxf76m3w7e0264vdu4w46vwhamjp22yekxf2s2a392sjqwpcp	stake1u887jrylddch0vh4d2kx72h2ax8t7aeq49zvmry4g9wcj4g3gty8j	225171.37
stake1u887jrylddch0vh4d2kx72h2ax8t7aeq49zvmry4g9wcj4g3gty8j	14677.97	5e4a86087adcc865dcca49c96b9cfbbcd5fce17827ae5a7a61b43671a5ceee2a	68138015	addr1q887jrylddch0vh4d2kx72h2ax8t7aeq49zvmry4g9wcj4w0ayxf76m3w7e0264vdu4w46vwhamjp22yekxf2s2a392sjqwpcp	stake1u887jrylddch0vh4d2kx72h2ax8t7aeq49zvmry4g9wcj4g3gty8j	130990.57
stake1u9mymn640v59n3mwyfdsg5t6yu34ut9ufvynavsn0ey40ugqdj6lh	14647.64	a1e4a7c06cbec066fc24473df42551a8e4bb7597f7c39ff02ce8bb2d97ad9773	90482569	addr1q9mymn640v59n3mwyfdsg5t6yu34ut9ufvynavsn0ey40utkfh8427egt8rkugjmq3gh5fertcktcjcf86epxljf2lcs642j5p	stake1u9mymn640v59n3mwyfdsg5t6yu34ut9ufvynavsn0ey40ugqdj6lh	428203.95
stake1u9mymn640v59n3mwyfdsg5t6yu34ut9ufvynavsn0ey40ugqdj6lh	14597.79	d266b6d539a4f88b48d113cfb1e914f13e0b4983615c2594357a47d3686dfc41	82440284	addr1q9mymn640v59n3mwyfdsg5t6yu34ut9ufvynavsn0ey40utkfh8427egt8rkugjmq3gh5fertcktcjcf86epxljf2lcs642j5p	stake1u9mymn640v59n3mwyfdsg5t6yu34ut9ufvynavsn0ey40ugqdj6lh	357942.77
stake1u887jrylddch0vh4d2kx72h2ax8t7aeq49zvmry4g9wcj4g3gty8j	14564.38	3577e15a074e388c3f34e7e53cc7768b3bf6276c302ea74abbd431ec2fb0ef26	91573254	addr1q887jrylddch0vh4d2kx72h2ax8t7aeq49zvmry4g9wcj4w0ayxf76m3w7e0264vdu4w46vwhamjp22yekxf2s2a392sjqwpcp	stake1u887jrylddch0vh4d2kx72h2ax8t7aeq49zvmry4g9wcj4g3gty8j	239735.57
stake1u9mymn640v59n3mwyfdsg5t6yu34ut9ufvynavsn0ey40ugqdj6lh	14487.11	6f86a6df7fbe861c5a06f2ef47e319439cb911f36a764c30256586ef4e12f7ce	123063484	addr1q9mymn640v59n3mwyfdsg5t6yu34ut9ufvynavsn0ey40utkfh8427egt8rkugjmq3gh5fertcktcjcf86epxljf2lcs642j5p	stake1u9mymn640v59n3mwyfdsg5t6yu34ut9ufvynavsn0ey40ugqdj6lh	741624.80
stake1u887jrylddch0vh4d2kx72h2ax8t7aeq49zvmry4g9wcj4g3gty8j	14421.41	396bf249b858d1f71c9eecf843e24f8df77d7dc4fc1205cbe2bc51ccf7834b45	55199644	addr1q887jrylddch0vh4d2kx72h2ax8t7aeq49zvmry4g9wcj4w0ayxf76m3w7e0264vdu4w46vwhamjp22yekxf2s2a392sjqwpcp	stake1u887jrylddch0vh4d2kx72h2ax8t7aeq49zvmry4g9wcj4g3gty8j	66958.35
stake1u9mymn640v59n3mwyfdsg5t6yu34ut9ufvynavsn0ey40ugqdj6lh	14419.43	cc88d3cdeb774a81d5a12ec4adefb071ed1018a09b8710693e7790f3a80013c9	55199596	addr1q9mymn640v59n3mwyfdsg5t6yu34ut9ufvynavsn0ey40utkfh8427egt8rkugjmq3gh5fertcktcjcf86epxljf2lcs642j5p	stake1u9mymn640v59n3mwyfdsg5t6yu34ut9ufvynavsn0ey40ugqdj6lh	123248.69
stake1u9mymn640v59n3mwyfdsg5t6yu34ut9ufvynavsn0ey40ugqdj6lh	14366.31	a1566dd546dc1c6a8e804cba5062e0188f214d2e92fbe0965ccd622913d7de86	78145271	addr1q9mymn640v59n3mwyfdsg5t6yu34ut9ufvynavsn0ey40utkfh8427egt8rkugjmq3gh5fertcktcjcf86epxljf2lcs642j5p	stake1u9mymn640v59n3mwyfdsg5t6yu34ut9ufvynavsn0ey40ugqdj6lh	319681.26
stake1u887jrylddch0vh4d2kx72h2ax8t7aeq49zvmry4g9wcj4g3gty8j	14250.92	6dce9b976239837312985417209b5294b4354aa46e5293f01add86e2061cd75c	101849054	addr1q887jrylddch0vh4d2kx72h2ax8t7aeq49zvmry4g9wcj4w0ayxf76m3w7e0264vdu4w46vwhamjp22yekxf2s2a392sjqwpcp	stake1u887jrylddch0vh4d2kx72h2ax8t7aeq49zvmry4g9wcj4g3gty8j	286142.87
stake1u9mymn640v59n3mwyfdsg5t6yu34ut9ufvynavsn0ey40ugqdj6lh	14171.66	75ae28bf61531f6a1bccd460d7f3f84aeef05903f9fbd4ab721fbf3d6cccd7d3	115745150	addr1q9mymn640v59n3mwyfdsg5t6yu34ut9ufvynavsn0ey40utkfh8427egt8rkugjmq3gh5fertcktcjcf86epxljf2lcs642j5p	stake1u9mymn640v59n3mwyfdsg5t6yu34ut9ufvynavsn0ey40ugqdj6lh	649757.17
stake1uykws5pmwjxktdhlkz0pac3cu2guw6fjys2zaanmdew6xrs5lgv4n	14155.39	dc04e6f80418c718168110a118a06b791b0a049caaa6813a6ab0ef99d8e7a9ac	281551662	addr1qykws5pmwjxktdhlkz0pac3cu2guw6fjys2zaanmdew6xr3vapgrkaydvkm0lvy7rm3r3c53ca5nyfq59mm8kmja5v8qvygvru	stake1uykws5pmwjxktdhlkz0pac3cu2guw6fjys2zaanmdew6xrs5lgv4n	545206.76
stake1u887jrylddch0vh4d2kx72h2ax8t7aeq49zvmry4g9wcj4g3gty8j	14150.76	778b3fb10be47ed35e03a7bb59d940dd1d10635f5ec9a06e05f52a24d1eac782	93226908	addr1q887jrylddch0vh4d2kx72h2ax8t7aeq49zvmry4g9wcj4w0ayxf76m3w7e0264vdu4w46vwhamjp22yekxf2s2a392sjqwpcp	stake1u887jrylddch0vh4d2kx72h2ax8t7aeq49zvmry4g9wcj4g3gty8j	246844.93
stake1u887jrylddch0vh4d2kx72h2ax8t7aeq49zvmry4g9wcj4g3gty8j	14146.52	d75897ccb021f804dcb5ef923a79b6f01111a51628451a15f1210566745ce5f0	82440737	addr1q887jrylddch0vh4d2kx72h2ax8t7aeq49zvmry4g9wcj4w0ayxf76m3w7e0264vdu4w46vwhamjp22yekxf2s2a392sjqwpcp	stake1u887jrylddch0vh4d2kx72h2ax8t7aeq49zvmry4g9wcj4g3gty8j	197648.27
stake1u9mymn640v59n3mwyfdsg5t6yu34ut9ufvynavsn0ey40ugqdj6lh	14146.24	a70229c3151b9750a35f9c00a769c0ce8dd6a124e2686b719c5e994461845368	62467803	addr1q9mymn640v59n3mwyfdsg5t6yu34ut9ufvynavsn0ey40utkfh8427egt8rkugjmq3gh5fertcktcjcf86epxljf2lcs642j5p	stake1u9mymn640v59n3mwyfdsg5t6yu34ut9ufvynavsn0ey40ugqdj6lh	197126.14
stake1uykws5pmwjxktdhlkz0pac3cu2guw6fjys2zaanmdew6xrs5lgv4n	14125.43	cf43b8e823b54088cb196f6e32bf0c44dec03791c609e06c5f2d53eb6b9c74da	241744228	addr1qykws5pmwjxktdhlkz0pac3cu2guw6fjys2zaanmdew6xr3vapgrkaydvkm0lvy7rm3r3c53ca5nyfq59mm8kmja5v8qvygvru	stake1uykws5pmwjxktdhlkz0pac3cu2guw6fjys2zaanmdew6xrs5lgv4n	428813.40
stake1u887jrylddch0vh4d2kx72h2ax8t7aeq49zvmry4g9wcj4g3gty8j	14117.34	b7d21a057e4c8a5e303f7b5d097ce3292df9cd7a09d2cc4ef4a035473b893982	80747926	addr1q887jrylddch0vh4d2kx72h2ax8t7aeq49zvmry4g9wcj4w0ayxf76m3w7e0264vdu4w46vwhamjp22yekxf2s2a392sjqwpcp	stake1u887jrylddch0vh4d2kx72h2ax8t7aeq49zvmry4g9wcj4g3gty8j	183505.08
stake1u887jrylddch0vh4d2kx72h2ax8t7aeq49zvmry4g9wcj4g3gty8j	13986.62	bb1a8f9ad9e35c7e12dcdc5452bba8a71cf9dbe6493254f98f33ac10cf54f840	122090643	addr1q887jrylddch0vh4d2kx72h2ax8t7aeq49zvmry4g9wcj4w0ayxf76m3w7e0264vdu4w46vwhamjp22yekxf2s2a392sjqwpcp	stake1u887jrylddch0vh4d2kx72h2ax8t7aeq49zvmry4g9wcj4g3gty8j	410797.96
stake1u887jrylddch0vh4d2kx72h2ax8t7aeq49zvmry4g9wcj4g3gty8j	13943.03	6d23d168046a3f5e1b522a6bc216da48c64b69957ee5e0fdcea1b73c2c90a0fc	87073798	addr1q887jrylddch0vh4d2kx72h2ax8t7aeq49zvmry4g9wcj4w0ayxf76m3w7e0264vdu4w46vwhamjp22yekxf2s2a392sjqwpcp	stake1u887jrylddch0vh4d2kx72h2ax8t7aeq49zvmry4g9wcj4g3gty8j	216029.05
stake1u9mymn640v59n3mwyfdsg5t6yu34ut9ufvynavsn0ey40ugqdj6lh	13898.41	84d42a883c75995e13dbc186e697ada5cba9ceb3c699881fc687d6007a6dc449	109627050	addr1q9mymn640v59n3mwyfdsg5t6yu34ut9ufvynavsn0ey40utkfh8427egt8rkugjmq3gh5fertcktcjcf86epxljf2lcs642j5p	stake1u9mymn640v59n3mwyfdsg5t6yu34ut9ufvynavsn0ey40ugqdj6lh	587649.43
stake1u887jrylddch0vh4d2kx72h2ax8t7aeq49zvmry4g9wcj4g3gty8j	13888.70	bfb1e8db6fda64f55cea175fbc407e5ad70edbcca6a0c4ce116d994452c292f1	111168787	addr1q887jrylddch0vh4d2kx72h2ax8t7aeq49zvmry4g9wcj4w0ayxf76m3w7e0264vdu4w46vwhamjp22yekxf2s2a392sjqwpcp	stake1u887jrylddch0vh4d2kx72h2ax8t7aeq49zvmry4g9wcj4g3gty8j	327531.53
stake1uykws5pmwjxktdhlkz0pac3cu2guw6fjys2zaanmdew6xrs5lgv4n	13828.21	8d805c6d5ebb15f709ef8de908fbe4140632bc530d03a211d435dd536383c321	248410967	addr1qykws5pmwjxktdhlkz0pac3cu2guw6fjys2zaanmdew6xr3vapgrkaydvkm0lvy7rm3r3c53ca5nyfq59mm8kmja5v8qvygvru	stake1uykws5pmwjxktdhlkz0pac3cu2guw6fjys2zaanmdew6xrs5lgv4n	442641.44
stake1u9mymn640v59n3mwyfdsg5t6yu34ut9ufvynavsn0ey40ugqdj6lh	13767.59	fb3c699f556ec0c377ae613f0e0c418d6c8a404f8481954367bf18007e6956dd	112612987	addr1q9mymn640v59n3mwyfdsg5t6yu34ut9ufvynavsn0ey40utkfh8427egt8rkugjmq3gh5fertcktcjcf86epxljf2lcs642j5p	stake1u9mymn640v59n3mwyfdsg5t6yu34ut9ufvynavsn0ey40ugqdj6lh	611487.26
stake1u887jrylddch0vh4d2kx72h2ax8t7aeq49zvmry4g9wcj4g3gty8j	13727.31	80486b5ba54cde888a8636e965014e29dd402001c859737233e77666f04a780d	112612599	addr1q887jrylddch0vh4d2kx72h2ax8t7aeq49zvmry4g9wcj4w0ayxf76m3w7e0264vdu4w46vwhamjp22yekxf2s2a392sjqwpcp	stake1u887jrylddch0vh4d2kx72h2ax8t7aeq49zvmry4g9wcj4g3gty8j	341258.67
stake1u887jrylddch0vh4d2kx72h2ax8t7aeq49zvmry4g9wcj4g3gty8j	13489.73	22afdb187060a5afc011496c7ff7fddb816aeda01f45feed54accc4d9cce0736	120988925	addr1q887jrylddch0vh4d2kx72h2ax8t7aeq49zvmry4g9wcj4w0ayxf76m3w7e0264vdu4w46vwhamjp22yekxf2s2a392sjqwpcp	stake1u887jrylddch0vh4d2kx72h2ax8t7aeq49zvmry4g9wcj4g3gty8j	405350.83
stake1u9mymn640v59n3mwyfdsg5t6yu34ut9ufvynavsn0ey40ugqdj6lh	13442.74	23f10bba5cabd1210b7fab219dc570bc76c9cdc9ba579de6d0c936382feac968	122090453	addr1q9mymn640v59n3mwyfdsg5t6yu34ut9ufvynavsn0ey40utkfh8427egt8rkugjmq3gh5fertcktcjcf86epxljf2lcs642j5p	stake1u9mymn640v59n3mwyfdsg5t6yu34ut9ufvynavsn0ey40ugqdj6lh	727137.86
stake1u9mymn640v59n3mwyfdsg5t6yu34ut9ufvynavsn0ey40ugqdj6lh	13423.01	130985a2409328c259f6bace582541e0782c0ceff1fead5a11fab42b1dc1c5d7	93226684	addr1q9mymn640v59n3mwyfdsg5t6yu34ut9ufvynavsn0ey40utkfh8427egt8rkugjmq3gh5fertcktcjcf86epxljf2lcs642j5p	stake1u9mymn640v59n3mwyfdsg5t6yu34ut9ufvynavsn0ey40ugqdj6lh	451905.86
stake1u9mymn640v59n3mwyfdsg5t6yu34ut9ufvynavsn0ey40ugqdj6lh	13385.10	3351173fb396a1c5518fed1d0f8b0215f115e3e2b8eb8c54873b634e2214ab14	100849309	addr1q9mymn640v59n3mwyfdsg5t6yu34ut9ufvynavsn0ey40utkfh8427egt8rkugjmq3gh5fertcktcjcf86epxljf2lcs642j5p	stake1u9mymn640v59n3mwyfdsg5t6yu34ut9ufvynavsn0ey40ugqdj6lh	503447.10
stake1u9mymn640v59n3mwyfdsg5t6yu34ut9ufvynavsn0ey40ugqdj6lh	13348.43	b7351d64531cb5826004501c1c688a658d23646c805f4b1eddfe10634d85c304	73853546	addr1q9mymn640v59n3mwyfdsg5t6yu34ut9ufvynavsn0ey40utkfh8427egt8rkugjmq3gh5fertcktcjcf86epxljf2lcs642j5p	stake1u9mymn640v59n3mwyfdsg5t6yu34ut9ufvynavsn0ey40ugqdj6lh	290287.92
stake1u9mymn640v59n3mwyfdsg5t6yu34ut9ufvynavsn0ey40ugqdj6lh	13308.24	8a8909d45ead2bad174ec2af99316620efcf35073f59e3f9b236606372fcdbf2	101848542	addr1q9mymn640v59n3mwyfdsg5t6yu34ut9ufvynavsn0ey40utkfh8427egt8rkugjmq3gh5fertcktcjcf86epxljf2lcs642j5p	stake1u9mymn640v59n3mwyfdsg5t6yu34ut9ufvynavsn0ey40ugqdj6lh	516755.17
stake1u9mymn640v59n3mwyfdsg5t6yu34ut9ufvynavsn0ey40ugqdj6lh	13216.44	af7f00bd584ade28701f9d852f8f7da7d6575dd94d9dd9078977023f9db5b02e	51873984	addr1q9mymn640v59n3mwyfdsg5t6yu34ut9ufvynavsn0ey40utkfh8427egt8rkugjmq3gh5fertcktcjcf86epxljf2lcs642j5p	stake1u9mymn640v59n3mwyfdsg5t6yu34ut9ufvynavsn0ey40ugqdj6lh	81263.08
stake1u887jrylddch0vh4d2kx72h2ax8t7aeq49zvmry4g9wcj4g3gty8j	13199.94	ccba9d1bf5a73e52f41690309d2ac803837897a22e3212f45aec93894fb1006c	78145587	addr1q887jrylddch0vh4d2kx72h2ax8t7aeq49zvmry4g9wcj4w0ayxf76m3w7e0264vdu4w46vwhamjp22yekxf2s2a392sjqwpcp	stake1u887jrylddch0vh4d2kx72h2ax8t7aeq49zvmry4g9wcj4g3gty8j	169387.91
stake1u9mymn640v59n3mwyfdsg5t6yu34ut9ufvynavsn0ey40ugqdj6lh	12955.67	d5fa15c3190386db45b169e3402b60b70347dbd4d5243a39ebe317bfeccbfb39	116209106	addr1q9mymn640v59n3mwyfdsg5t6yu34ut9ufvynavsn0ey40utkfh8427egt8rkugjmq3gh5fertcktcjcf86epxljf2lcs642j5p	stake1u9mymn640v59n3mwyfdsg5t6yu34ut9ufvynavsn0ey40ugqdj6lh	662712.67
stake1u887jrylddch0vh4d2kx72h2ax8t7aeq49zvmry4g9wcj4g3gty8j	12802.13	9f565eb740cc031fe2bd728d3a2b8b9ba24fb53fef955ad20b959186a3dcf51b	86017913	addr1q887jrylddch0vh4d2kx72h2ax8t7aeq49zvmry4g9wcj4w0ayxf76m3w7e0264vdu4w46vwhamjp22yekxf2s2a392sjqwpcp	stake1u887jrylddch0vh4d2kx72h2ax8t7aeq49zvmry4g9wcj4g3gty8j	210450.23
stake1u9mymn640v59n3mwyfdsg5t6yu34ut9ufvynavsn0ey40ugqdj6lh	12733.32	55a2050b03e71dd76b9130a1d9a5acb496074d08b1b7f2725edcc5c63ae49060	78849301	addr1q9mymn640v59n3mwyfdsg5t6yu34ut9ufvynavsn0ey40utkfh8427egt8rkugjmq3gh5fertcktcjcf86epxljf2lcs642j5p	stake1u9mymn640v59n3mwyfdsg5t6yu34ut9ufvynavsn0ey40ugqdj6lh	332414.41
stake1u9mymn640v59n3mwyfdsg5t6yu34ut9ufvynavsn0ey40ugqdj6lh	12680.19	71746be8cb12024dd7eb25e55572d9c682628fb3c15a4b517ce52de3dd029374	118718310	addr1q9mymn640v59n3mwyfdsg5t6yu34ut9ufvynavsn0ey40utkfh8427egt8rkugjmq3gh5fertcktcjcf86epxljf2lcs642j5p	stake1u9mymn640v59n3mwyfdsg5t6yu34ut9ufvynavsn0ey40ugqdj6lh	687527.92
stake1u9mymn640v59n3mwyfdsg5t6yu34ut9ufvynavsn0ey40ugqdj6lh	12395.30	7d345266f771ae380480f42b965e12d628876404bae4c5b6aebb7365a3b0679e	113147998	addr1q9mymn640v59n3mwyfdsg5t6yu34ut9ufvynavsn0ey40utkfh8427egt8rkugjmq3gh5fertcktcjcf86epxljf2lcs642j5p	stake1u9mymn640v59n3mwyfdsg5t6yu34ut9ufvynavsn0ey40ugqdj6lh	623882.39
stake1u9mymn640v59n3mwyfdsg5t6yu34ut9ufvynavsn0ey40ugqdj6lh	12328.90	e2dada1fff5eaedd0189f2d89715e85b6e6f7334dbae9b70de36d2f79d063a11	86017583	addr1q9mymn640v59n3mwyfdsg5t6yu34ut9ufvynavsn0ey40utkfh8427egt8rkugjmq3gh5fertcktcjcf86epxljf2lcs642j5p	stake1u9mymn640v59n3mwyfdsg5t6yu34ut9ufvynavsn0ey40ugqdj6lh	386449.88
stake1u9mymn640v59n3mwyfdsg5t6yu34ut9ufvynavsn0ey40ugqdj6lh	12135.41	4b2d1710bec27d60bb2d33ceac58da2aaa90ab4414ccd2c1633e545d7645118b	117675050	addr1q9mymn640v59n3mwyfdsg5t6yu34ut9ufvynavsn0ey40utkfh8427egt8rkugjmq3gh5fertcktcjcf86epxljf2lcs642j5p	stake1u9mymn640v59n3mwyfdsg5t6yu34ut9ufvynavsn0ey40ugqdj6lh	674847.91
stake1u9mymn640v59n3mwyfdsg5t6yu34ut9ufvynavsn0ey40ugqdj6lh	11713.47	79698ce0a358fc1a4830a3bb77e1b6be4ecfcc442565f9a0780aab04da2a532d	114126112	addr1q9mymn640v59n3mwyfdsg5t6yu34ut9ufvynavsn0ey40utkfh8427egt8rkugjmq3gh5fertcktcjcf86epxljf2lcs642j5p	stake1u9mymn640v59n3mwyfdsg5t6yu34ut9ufvynavsn0ey40ugqdj6lh	635595.69
stake1u887jrylddch0vh4d2kx72h2ax8t7aeq49zvmry4g9wcj4g3gty8j	11498.99	777ae86bc53ea3e563a24ae23ff24e36ac97d4d5e922222ff67b02e25a75bb2f	109627825	addr1q887jrylddch0vh4d2kx72h2ax8t7aeq49zvmry4g9wcj4w0ayxf76m3w7e0264vdu4w46vwhamjp22yekxf2s2a392sjqwpcp	stake1u887jrylddch0vh4d2kx72h2ax8t7aeq49zvmry4g9wcj4g3gty8j	313643.01
stake1uykws5pmwjxktdhlkz0pac3cu2guw6fjys2zaanmdew6xrs5lgv4n	11450.49	26ee7bbfe2872814cd125ae57d5a0606da2d7417ee3e147d8ba158798b6485ab	273477863	addr1qykws5pmwjxktdhlkz0pac3cu2guw6fjys2zaanmdew6xr3vapgrkaydvkm0lvy7rm3r3c53ca5nyfq59mm8kmja5v8qvygvru	stake1uykws5pmwjxktdhlkz0pac3cu2guw6fjys2zaanmdew6xrs5lgv4n	514940.36
stake1u9mymn640v59n3mwyfdsg5t6yu34ut9ufvynavsn0ey40ugqdj6lh	11286.60	7ae19c4ba4a4964b5546ab203564f5c084ce7a4d436ab083b077cd1a180b3ae2	119383352	addr1q9mymn640v59n3mwyfdsg5t6yu34ut9ufvynavsn0ey40utkfh8427egt8rkugjmq3gh5fertcktcjcf86epxljf2lcs642j5p	stake1u9mymn640v59n3mwyfdsg5t6yu34ut9ufvynavsn0ey40ugqdj6lh	698814.16
stake1u9mymn640v59n3mwyfdsg5t6yu34ut9ufvynavsn0ey40ugqdj6lh	11055.18	abe7671f8decaf13d32bbb4acacbe61191133eb5f02d3e3dca3d4bd7a1ff6806	95788488	addr1q9mymn640v59n3mwyfdsg5t6yu34ut9ufvynavsn0ey40utkfh8427egt8rkugjmq3gh5fertcktcjcf86epxljf2lcs642j5p	stake1u9mymn640v59n3mwyfdsg5t6yu34ut9ufvynavsn0ey40ugqdj6lh	462960.87
stake1uykws5pmwjxktdhlkz0pac3cu2guw6fjys2zaanmdew6xrs5lgv4n	11004.75	af8c0bac79c46de711ca8c94a4d51ae3025bddd03aea1c2d52185db9db62c124	268723963	addr1qykws5pmwjxktdhlkz0pac3cu2guw6fjys2zaanmdew6xr3vapgrkaydvkm0lvy7rm3r3c53ca5nyfq59mm8kmja5v8qvygvru	stake1uykws5pmwjxktdhlkz0pac3cu2guw6fjys2zaanmdew6xrs5lgv4n	503490.04
stake1u9mymn640v59n3mwyfdsg5t6yu34ut9ufvynavsn0ey40ugqdj6lh	10984.51	8913ad9b9935da3d0a6a4f5a58d0936af6658c79699ea4c2c187cbb46ce59020	87073335	addr1q9mymn640v59n3mwyfdsg5t6yu34ut9ufvynavsn0ey40utkfh8427egt8rkugjmq3gh5fertcktcjcf86epxljf2lcs642j5p	stake1u9mymn640v59n3mwyfdsg5t6yu34ut9ufvynavsn0ey40ugqdj6lh	397434.23
stake1u887jrylddch0vh4d2kx72h2ax8t7aeq49zvmry4g9wcj4g3gty8j	10940.28	e91c263d63b9e422da6196ac812df0de0ea604a4c073a969b948bf8e50d3bc03	56404499	addr1q887jrylddch0vh4d2kx72h2ax8t7aeq49zvmry4g9wcj4w0ayxf76m3w7e0264vdu4w46vwhamjp22yekxf2s2a392sjqwpcp	stake1u887jrylddch0vh4d2kx72h2ax8t7aeq49zvmry4g9wcj4g3gty8j	66614.83
stake1u9mymn640v59n3mwyfdsg5t6yu34ut9ufvynavsn0ey40ugqdj6lh	10934.08	1262a32fc3bfd53984d1dd364d8d839a83df96bb33cc1196b6e1a049304db2fc	80747643	addr1q9mymn640v59n3mwyfdsg5t6yu34ut9ufvynavsn0ey40utkfh8427egt8rkugjmq3gh5fertcktcjcf86epxljf2lcs642j5p	stake1u9mymn640v59n3mwyfdsg5t6yu34ut9ufvynavsn0ey40ugqdj6lh	343348.32
stake1u887jrylddch0vh4d2kx72h2ax8t7aeq49zvmry4g9wcj4g3gty8j	10432.42	58a7acc07e9fbe9ab2757478298d8cdc57b71eb898b1e911ddcc61bac7a16047	123063809	addr1q887jrylddch0vh4d2kx72h2ax8t7aeq49zvmry4g9wcj4w0ayxf76m3w7e0264vdu4w46vwhamjp22yekxf2s2a392sjqwpcp	stake1u887jrylddch0vh4d2kx72h2ax8t7aeq49zvmry4g9wcj4g3gty8j	415783.08
stake1u9mymn640v59n3mwyfdsg5t6yu34ut9ufvynavsn0ey40ugqdj6lh	10279.24	97e0d96ae04cd878f18aa3e143e1a3210fb2cfc017e9e706dc40cbcd517ae1b7	91572857	addr1q9mymn640v59n3mwyfdsg5t6yu34ut9ufvynavsn0ey40utkfh8427egt8rkugjmq3gh5fertcktcjcf86epxljf2lcs642j5p	stake1u9mymn640v59n3mwyfdsg5t6yu34ut9ufvynavsn0ey40ugqdj6lh	438483.02
stake1u9mymn640v59n3mwyfdsg5t6yu34ut9ufvynavsn0ey40ugqdj6lh	10070.59	b2d7272beb9c687c9d44c310932a6f0ecb4674a468b29fb1620b591779daef82	111168508	addr1q9mymn640v59n3mwyfdsg5t6yu34ut9ufvynavsn0ey40utkfh8427egt8rkugjmq3gh5fertcktcjcf86epxljf2lcs642j5p	stake1u9mymn640v59n3mwyfdsg5t6yu34ut9ufvynavsn0ey40ugqdj6lh	597719.85
stake1u9mymn640v59n3mwyfdsg5t6yu34ut9ufvynavsn0ey40ugqdj6lh	9969.51	aa18181ba24d3260485ab9515fb60617e85ef888e41012aced271dca12157f5b	70179337	addr1q9mymn640v59n3mwyfdsg5t6yu34ut9ufvynavsn0ey40utkfh8427egt8rkugjmq3gh5fertcktcjcf86epxljf2lcs642j5p	stake1u9mymn640v59n3mwyfdsg5t6yu34ut9ufvynavsn0ey40ugqdj6lh	254041.64
stake1u887jrylddch0vh4d2kx72h2ax8t7aeq49zvmry4g9wcj4g3gty8j	8690.01	7274d456da5d28cada18bc288abb404b85fae91d86c6a661c60bc2873be70110	143164750	addr1q887jrylddch0vh4d2kx72h2ax8t7aeq49zvmry4g9wcj4w0ayxf76m3w7e0264vdu4w46vwhamjp22yekxf2s2a392sjqwpcp	stake1u887jrylddch0vh4d2kx72h2ax8t7aeq49zvmry4g9wcj4g3gty8j	172300.69
stake1u9mymn640v59n3mwyfdsg5t6yu34ut9ufvynavsn0ey40ugqdj6lh	6863.81	794c774886003dbfd07655815aa4172dd273bc625ea3dd804f5f9d7b5ee89be2	143164935	addr1q9mymn640v59n3mwyfdsg5t6yu34ut9ufvynavsn0ey40utkfh8427egt8rkugjmq3gh5fertcktcjcf86epxljf2lcs642j5p	stake1u9mymn640v59n3mwyfdsg5t6yu34ut9ufvynavsn0ey40ugqdj6lh	78760.23
stake1u9mymn640v59n3mwyfdsg5t6yu34ut9ufvynavsn0ey40ugqdj6lh	5614.57	29c20bab9a5552d3d848fb1eb87e0a2f8c2adb440bf9e483def38e5bbe6aba5b	150290289	addr1q9mymn640v59n3mwyfdsg5t6yu34ut9ufvynavsn0ey40utkfh8427egt8rkugjmq3gh5fertcktcjcf86epxljf2lcs642j5p	stake1u9mymn640v59n3mwyfdsg5t6yu34ut9ufvynavsn0ey40ugqdj6lh	31169.23
stake1u887jrylddch0vh4d2kx72h2ax8t7aeq49zvmry4g9wcj4g3gty8j	4743.75	01dbcc65698de9eda58f233f7a64ed51ddb7bc0c26c75d679b48ee515770172e	160004922	addr1q887jrylddch0vh4d2kx72h2ax8t7aeq49zvmry4g9wcj4w0ayxf76m3w7e0264vdu4w46vwhamjp22yekxf2s2a392sjqwpcp	stake1u887jrylddch0vh4d2kx72h2ax8t7aeq49zvmry4g9wcj4g3gty8j	258166.81
stake1uykws5pmwjxktdhlkz0pac3cu2guw6fjys2zaanmdew6xrs5lgv4n	4718.17	f7e8af349b333c6004c71ce3025b5a25aea4cd0eef51c3853b7b18e14e9a8ea9	300336289	addr1qykws5pmwjxktdhlkz0pac3cu2guw6fjys2zaanmdew6xr3vapgrkaydvkm0lvy7rm3r3c53ca5nyfq59mm8kmja5v8qvygvru	stake1uykws5pmwjxktdhlkz0pac3cu2guw6fjys2zaanmdew6xrs5lgv4n	4723.01
stake1u887jrylddch0vh4d2kx72h2ax8t7aeq49zvmry4g9wcj4g3gty8j	4430.25	2fb3a9833e9fe8c726dee7efdfe604e78d985a2cddd5b199eb95f5d7b3cd1e63	150285791	addr1q887jrylddch0vh4d2kx72h2ax8t7aeq49zvmry4g9wcj4w0ayxf76m3w7e0264vdu4w46vwhamjp22yekxf2s2a392sjqwpcp	stake1u887jrylddch0vh4d2kx72h2ax8t7aeq49zvmry4g9wcj4g3gty8j	213703.17
stake1u9mymn640v59n3mwyfdsg5t6yu34ut9ufvynavsn0ey40ugqdj6lh	3977.89	895edb5adeb0aaffc07a3431949db6278753536572eed72045c1c881ff977a7f	160005072	addr1q9mymn640v59n3mwyfdsg5t6yu34ut9ufvynavsn0ey40utkfh8427egt8rkugjmq3gh5fertcktcjcf86epxljf2lcs642j5p	stake1u9mymn640v59n3mwyfdsg5t6yu34ut9ufvynavsn0ey40ugqdj6lh	44549.79
stake1u9mymn640v59n3mwyfdsg5t6yu34ut9ufvynavsn0ey40ugqdj6lh	3970.32	e0d9b0be42c565d1648f679d61decd1b33097df6bfdfc8dc0309673019761b24	300336467	addr1q9mymn640v59n3mwyfdsg5t6yu34ut9ufvynavsn0ey40utkfh8427egt8rkugjmq3gh5fertcktcjcf86epxljf2lcs642j5p	stake1u9mymn640v59n3mwyfdsg5t6yu34ut9ufvynavsn0ey40ugqdj6lh	3975.15
stake1u887jrylddch0vh4d2kx72h2ax8t7aeq49zvmry4g9wcj4g3gty8j	3638.67	8e7e2169c30e068e3de455d30c39b9b056109b2f027e5084d4f2fbc0f17e9fab	300337264	addr1q887jrylddch0vh4d2kx72h2ax8t7aeq49zvmry4g9wcj4w0ayxf76m3w7e0264vdu4w46vwhamjp22yekxf2s2a392sjqwpcp	stake1u887jrylddch0vh4d2kx72h2ax8t7aeq49zvmry4g9wcj4g3gty8j	3643.51
stake1uykws5pmwjxktdhlkz0pac3cu2guw6fjys2zaanmdew6xrs5lgv4n	3554.12	d68d3a245fdde047f391dba9a2fc3650402df5792bd7b5fec6678ca5b3fcd37d	233791529	addr1qykws5pmwjxktdhlkz0pac3cu2guw6fjys2zaanmdew6xr3vapgrkaydvkm0lvy7rm3r3c53ca5nyfq59mm8kmja5v8qvygvru	stake1uykws5pmwjxktdhlkz0pac3cu2guw6fjys2zaanmdew6xrs5lgv4n	414688.14
stake1u887jrylddch0vh4d2kx72h2ax8t7aeq49zvmry4g9wcj4g3gty8j	3168.52	ce678c3f1878a4157db169476d844a40a3fc5b3c40fbd976eccca48221a8a1cc	233792436	addr1q887jrylddch0vh4d2kx72h2ax8t7aeq49zvmry4g9wcj4w0ayxf76m3w7e0264vdu4w46vwhamjp22yekxf2s2a392sjqwpcp	stake1u887jrylddch0vh4d2kx72h2ax8t7aeq49zvmry4g9wcj4g3gty8j	179204.31
stake1u9mymn640v59n3mwyfdsg5t6yu34ut9ufvynavsn0ey40ugqdj6lh	3092.33	bb382113fb10665663a974cae3c2a76199565f4d6c40f7b4528b6794244996cf	233792110	addr1q9mymn640v59n3mwyfdsg5t6yu34ut9ufvynavsn0ey40utkfh8427egt8rkugjmq3gh5fertcktcjcf86epxljf2lcs642j5p	stake1u9mymn640v59n3mwyfdsg5t6yu34ut9ufvynavsn0ey40ugqdj6lh	146739.53
stake1uykws5pmwjxktdhlkz0pac3cu2guw6fjys2zaanmdew6xrs5lgv4n	2738.58	127c229d5f2ccd34c1fa6cf591efe41ac52319054d634aa0309824ef39002d3b	304331052	addr1qykws5pmwjxktdhlkz0pac3cu2guw6fjys2zaanmdew6xr3vapgrkaydvkm0lvy7rm3r3c53ca5nyfq59mm8kmja5v8qvygvru	stake1uykws5pmwjxktdhlkz0pac3cu2guw6fjys2zaanmdew6xrs5lgv4n	2743.41
stake1u9mymn640v59n3mwyfdsg5t6yu34ut9ufvynavsn0ey40ugqdj6lh	2143.13	f8399c23bb3dc726a15707abaacdfcd4b0419ed5a203db8148f99abed46f7ba4	304440445	addr1q9mymn640v59n3mwyfdsg5t6yu34ut9ufvynavsn0ey40utkfh8427egt8rkugjmq3gh5fertcktcjcf86epxljf2lcs642j5p	stake1u9mymn640v59n3mwyfdsg5t6yu34ut9ufvynavsn0ey40ugqdj6lh	2147.96
stake1u887jrylddch0vh4d2kx72h2ax8t7aeq49zvmry4g9wcj4g3gty8j	2110.48	f76771bba6fa93277b4d5a913e97b7861aa9fc162992a01e42efa043f98f9eff	304440638	addr1q887jrylddch0vh4d2kx72h2ax8t7aeq49zvmry4g9wcj4w0ayxf76m3w7e0264vdu4w46vwhamjp22yekxf2s2a392sjqwpcp	stake1u887jrylddch0vh4d2kx72h2ax8t7aeq49zvmry4g9wcj4g3gty8j	2115.31
stake1u8kgcfdpefrnf5570v47manyyg85jshlrg4p2hrsx3wdspccdda8v	500.00	b984a5fe02952c73e31a328df1a21d699bd9db664176791ed50670347f8a79c4	304444097	addr1q8kgcfdpefrnf5570v47manyyg85jshlrg4p2hrsx3wdsplv3sj6rjj8xnffu7etahmxggs0f9p07x32z4w8qdzumqrsquz66j	stake1u8kgcfdpefrnf5570v47manyyg85jshlrg4p2hrsx3wdspccdda8v	504.83
stake1uy86sf5xrzcpg2ncddkzz6z2ca2m59qsnu4qxar08g9rvkgwkpjjv	500.00	5c3a3893e709bd9fd5d46b5eec9991330658c4046a18d8e0412a8ef8a37c6484	254813369	addr1qy86sf5xrzcpg2ncddkzz6z2ca2m59qsnu4qxar08g9rvkg04qngvx9szs48s6mvy95y4364hg2pp8e2qd6x7ws2xevsjx8w05	stake1uy86sf5xrzcpg2ncddkzz6z2ca2m59qsnu4qxar08g9rvkgwkpjjv	501.01
stake1u80y77jjfcdymt38amg3na9w4p4d89ffw66xqsspdwsa2sqt8epdn	100.00	a70f01f9abe24d19d74d6720255469486d6a8c8c0f1de5f3bf761f8d6d49463c	37211869	addr1q80y77jjfcdymt38amg3na9w4p4d89ffw66xqsspdwsa2sx7faa9yns6fkhz0mk3r862a2r26w2jja45vppqz6ap64qqfjdtz8	stake1u80y77jjfcdymt38amg3na9w4p4d89ffw66xqsspdwsa2sqt8epdn	107.13
stake1u887jrylddch0vh4d2kx72h2ax8t7aeq49zvmry4g9wcj4g3gty8j	100.00	bc60f497c2ec780b7500a1588dd57449e618851b3979437233e40f9b49012e79	37214318	addr1q887jrylddch0vh4d2kx72h2ax8t7aeq49zvmry4g9wcj4w0ayxf76m3w7e0264vdu4w46vwhamjp22yekxf2s2a392sjqwpcp	stake1u887jrylddch0vh4d2kx72h2ax8t7aeq49zvmry4g9wcj4g3gty8j	107.13
stake1u8kgcfdpefrnf5570v47manyyg85jshlrg4p2hrsx3wdspccdda8v	100.00	d9feffd277d9bb8bc352adf7ad7c8633d86820b3b900885cb097224c9322e7ee	37214859	addr1q8kgcfdpefrnf5570v47manyyg85jshlrg4p2hrsx3wdsplv3sj6rjj8xnffu7etahmxggs0f9p07x32z4w8qdzumqrsquz66j	stake1u8kgcfdpefrnf5570v47manyyg85jshlrg4p2hrsx3wdspccdda8v	107.13
stake1u9mymn640v59n3mwyfdsg5t6yu34ut9ufvynavsn0ey40ugqdj6lh	100.00	6509b1bb06a6a510f2b0e1357efdcd4dfb50aa63b25e3bb9bc77b399cb6c62c7	37213497	addr1q9mymn640v59n3mwyfdsg5t6yu34ut9ufvynavsn0ey40utkfh8427egt8rkugjmq3gh5fertcktcjcf86epxljf2lcs642j5p	stake1u9mymn640v59n3mwyfdsg5t6yu34ut9ufvynavsn0ey40ugqdj6lh	107.13
stake1uy86sf5xrzcpg2ncddkzz6z2ca2m59qsnu4qxar08g9rvkgwkpjjv	100.00	744157828d8e87a720b147d64a41784eaf536bee3c2ab6c52fff40b15bcb3d21	37213054	addr1qy86sf5xrzcpg2ncddkzz6z2ca2m59qsnu4qxar08g9rvkg04qngvx9szs48s6mvy95y4364hg2pp8e2qd6x7ws2xevsjx8w05	stake1uy86sf5xrzcpg2ncddkzz6z2ca2m59qsnu4qxar08g9rvkgwkpjjv	107.13
stake1uykws5pmwjxktdhlkz0pac3cu2guw6fjys2zaanmdew6xrs5lgv4n	100.00	4e457d8ff9e59724facf5ab5cd05f6b0acf728c4d4bc9950c9ad33a36ab3119b	37210752	addr1qykws5pmwjxktdhlkz0pac3cu2guw6fjys2zaanmdew6xr3vapgrkaydvkm0lvy7rm3r3c53ca5nyfq59mm8kmja5v8qvygvru	stake1uykws5pmwjxktdhlkz0pac3cu2guw6fjys2zaanmdew6xrs5lgv4n	107.13
stake1u9mymn640v59n3mwyfdsg5t6yu34ut9ufvynavsn0ey40ugqdj6lh	2.33	f8ff1f79b6a626a88694274dbdb42491400e875b8f893e47aa4b633fe9b7f7c1	310828534	addr1q9mymn640v59n3mwyfdsg5t6yu34ut9ufvynavsn0ey40utkfh8427egt8rkugjmq3gh5fertcktcjcf86epxljf2lcs642j5p	stake1u9mymn640v59n3mwyfdsg5t6yu34ut9ufvynavsn0ey40ugqdj6lh	6.82
stake1u887jrylddch0vh4d2kx72h2ax8t7aeq49zvmry4g9wcj4g3gty8j	1.59	78958f3dc66f984beb9b4d19df78f59665f5f5cab741f723c6955728685a3259	310833585	addr1q887jrylddch0vh4d2kx72h2ax8t7aeq49zvmry4g9wcj4w0ayxf76m3w7e0264vdu4w46vwhamjp22yekxf2s2a392sjqwpcp	stake1u887jrylddch0vh4d2kx72h2ax8t7aeq49zvmry4g9wcj4g3gty8j	7.91
stake1u887jrylddch0vh4d2kx72h2ax8t7aeq49zvmry4g9wcj4g3gty8j	0.00	419b0dd14f864ff68f8e4caf548f085d27547970089bd0d4cd1f3f66ff49fa10	113149681	addr1q887jrylddch0vh4d2kx72h2ax8t7aeq49zvmry4g9wcj4w0ayxf76m3w7e0264vdu4w46vwhamjp22yekxf2s2a392sjqwpcp	stake1u887jrylddch0vh4d2kx72h2ax8t7aeq49zvmry4g9wcj4g3gty8j	341258.50
stake1u8kgcfdpefrnf5570v47manyyg85jshlrg4p2hrsx3wdspccdda8v	0.00	78132a51c6cc5b4eb389887d7841e2573ad8fcc69de898575c50d1cbf2f8fedd	113149523	addr1q8kgcfdpefrnf5570v47manyyg85jshlrg4p2hrsx3wdsplv3sj6rjj8xnffu7etahmxggs0f9p07x32z4w8qdzumqrsquz66j	stake1u8kgcfdpefrnf5570v47manyyg85jshlrg4p2hrsx3wdspccdda8v	68106515.90
